date,EE_buy,EE_sell,LT_buy,LT_sell,LV_buy,LV_sell,AT_buy,AT_sell,BE_buy,BE_sell,FR_buy,FR_sell,GER_buy,GER_sell,NL_buy,NL_sell,PL_buy,PL_sell,DK1_buy,DK1_sell,DK2_buy,DK2_sell,FI_buy,FI_sell,NO1_buy,NO1_sell,NO2_buy,NO2_sell,NO3_buy,NO3_sell,NO4_buy,NO4_sell,NO5_buy,NO5_sell,SE1_buy,SE1_sell,SE2_buy,SE2_sell,SE3_buy,SE3_sell,SE4_buy,SE4_sell
2026-07-22 00:00:00,611.7,242.7,840.3,1123.7,622.2,189.9,24.0,42.9,290.0,22.0,113.4,1341.3,830.4,2238.5,862.7,394.2,64.6,150.2,1117.6,2345.0,407.4,1182.2,4793.9,4400.2,2036.7,905.2,4375.7,5779.0,2521.1,1813.8,1486.3,3249.1,950.3,2226.4,891.5,1488.0,1224.5,3621.5,5590.1,5147.8,1314.4,431.5
2026-07-22 00:15:00,618.0,235.2,828.1,1111.9,619.5,183.0,24.0,42.6,285.6,22.0,104.9,1350.8,923.7,2189.4,1043.0,596.3,64.6,152.1,1113.2,2335.3,408.3,1180.0,4789.0,4354.5,2011.4,909.6,4373.3,5655.4,2511.5,1797.3,1481.4,3245.8,944.3,2245.5,887.3,1486.6,1212.4,3628.0,5535.2,5109.3,1296.3,440.1
2026-07-22 00:30:00,611.2,231.1,817.4,1103.0,622.8,182.1,24.0,41.9,285.8,22.0,90.9,1355.2,1072.7,2154.2,1256.7,816.2,64.6,153.8,1109.1,2354.0,408.9,1179.1,4788.2,4312.2,1976.8,914.9,4354.3,5569.6,2504.4,1794.8,1480.8,3256.5,937.3,2259.7,883.6,1484.9,1199.9,3624.2,5482.7,5041.7,1287.2,443.1
2026-07-22 00:45:00,620.4,223.4,806.6,1097.6,620.9,180.8,24.0,42.0,286.6,22.0,84.8,1356.2,1111.4,2108.7,1406.4,983.2,64.6,155.8,1131.0,2370.3,409.4,1171.3,4789.5,4239.9,1947.9,919.1,4342.8,5430.8,2492.8,1818.3,1477.7,3286.8,930.1,2260.5,876.9,1483.8,1193.1,3608.2,5445.1,5017.2,1264.1,443.8
2026-07-22 01:00:00,606.8,229.9,795.6,1103.8,595.7,180.5,16.0,39.9,308.2,18.8,77.9,1374.6,1296.6,2125.9,1341.3,1066.2,59.7,115.1,1137.3,2469.5,407.0,1163.7,4778.6,4283.8,1891.3,937.4,4199.6,5089.8,2469.9,1978.9,1450.8,3379.2,913.9,1949.9,870.2,1433.3,1182.8,3395.0,5344.8,4995.6,1224.8,453.8
2026-07-22 01:15:00,598.2,225.2,788.4,1100.7,607.4,181.1,16.0,39.9,306.2,18.8,77.4,1369.1,1302.0,2116.3,1326.3,1062.0,59.7,114.7,1135.5,2509.9,405.5,1149.5,4750.3,4240.9,1868.2,941.5,4185.5,4980.0,2465.2,1967.2,1444.4,3373.7,913.0,1952.0,867.1,1432.2,1173.8,3397.6,5310.4,4956.6,1216.6,454.4
2026-07-22 01:30:00,608.3,223.5,788.4,1098.7,595.9,181.9,16.0,39.9,310.9,18.8,77.5,1365.8,1776.2,2081.0,1303.6,1052.2,59.7,114.2,1134.3,2525.3,404.0,1136.5,4721.5,4197.8,1843.3,944.7,4175.4,4960.5,2460.2,1954.5,1443.9,3377.1,906.9,1970.0,864.6,1430.9,1167.3,3404.1,5287.6,4941.8,1208.3,453.7
2026-07-22 01:45:00,604.3,217.0,787.4,1097.4,596.2,183.3,16.0,39.9,308.5,18.8,72.8,1364.8,2413.5,2105.0,1286.6,1049.2,59.7,114.0,1132.9,2546.7,402.0,982.9,4693.7,4142.3,1821.2,948.6,4161.7,4984.0,2454.6,1938.9,1448.1,3386.0,900.6,2004.7,861.8,1429.5,1161.1,3410.4,5255.9,4913.7,1196.8,452.7
2026-07-22 02:00:00,657.8,216.0,755.2,1089.4,588.4,184.9,25.0,46.9,310.3,16.0,97.2,1340.7,2380.5,2158.2,1264.0,1205.1,57.3,187.3,1098.7,2649.2,402.6,836.9,4673.6,4222.2,1798.9,964.3,4036.6,4739.5,2452.3,1952.9,1424.3,3397.1,903.1,1891.7,858.3,1345.9,1158.1,3324.7,5212.6,4886.0,1182.8,452.0
2026-07-22 02:15:00,659.3,214.8,753.7,1091.8,588.2,186.5,25.0,46.9,296.9,16.0,91.4,1347.9,2327.1,2176.5,1253.5,1208.8,57.3,187.2,1097.6,2676.2,389.3,812.4,4660.3,4185.4,1791.0,969.8,4027.4,4624.9,2446.2,1947.5,1421.3,3398.4,899.1,1876.2,856.0,1344.1,1157.0,3341.8,5189.8,4865.7,1180.5,447.6
2026-07-22 02:30:00,579.4,227.8,757.5,923.4,572.0,195.3,25.0,46.9,308.5,16.0,85.8,1351.6,2310.9,2202.5,1248.5,1201.8,57.3,186.3,1094.3,2693.4,384.0,831.9,4649.8,4121.5,1781.9,972.2,4020.7,4584.7,2440.9,1954.1,1419.8,3414.4,898.3,1868.5,854.2,1343.0,1156.0,3337.2,5151.3,4880.4,1167.5,443.0
2026-07-22 02:45:00,573.4,229.2,763.2,926.0,571.4,196.0,25.0,46.9,301.6,16.0,81.0,1347.8,2311.0,2252.2,1256.4,1197.0,57.3,185.8,1090.8,2708.6,379.8,808.1,4641.7,4136.0,1768.9,974.4,4015.9,4502.1,2439.4,1948.3,1420.1,3413.8,907.2,1876.6,852.7,1341.7,1158.2,3366.1,5133.5,4858.9,1164.1,438.2
2026-07-22 03:00:00,570.5,224.0,763.3,926.0,559.2,195.1,26.0,16.4,317.2,8.9,77.3,1332.4,2355.6,2259.8,1266.7,1513.9,0.0,167.0,1198.8,2673.4,369.4,791.5,4594.0,4157.1,1734.4,964.1,4012.2,4191.5,2499.0,1993.2,1410.2,3413.0,903.3,1888.0,852.7,1316.4,1160.1,3365.3,5148.2,4809.2,1161.7,433.8
2026-07-22 03:15:00,565.9,219.2,762.4,911.4,554.9,193.0,26.0,16.8,312.2,8.9,74.3,1323.8,2331.5,2294.5,1270.3,1492.5,0.0,147.3,1195.7,2690.7,354.5,788.2,4594.7,4132.1,1725.0,963.3,3963.6,4051.5,2496.5,1994.0,1411.0,3425.3,900.6,1880.4,852.1,1315.4,1159.9,3383.6,5125.6,4794.9,1156.1,434.5
2026-07-22 03:30:00,565.9,217.9,760.4,913.3,557.4,190.7,26.0,17.2,315.6,8.9,70.3,1324.4,2330.4,2322.6,1276.9,1495.8,0.0,147.0,1191.6,2703.1,351.1,786.4,4600.4,4103.2,1715.9,963.2,3959.1,3988.3,2491.7,1994.6,1406.9,3430.9,898.2,1870.9,849.9,1314.9,1155.8,3396.4,5099.7,4778.3,1154.7,429.2
2026-07-22 03:45:00,564.2,219.8,755.5,901.9,560.8,191.7,26.0,17.7,316.4,8.9,68.8,1326.5,2358.4,2370.2,1266.7,1500.5,0.0,167.4,1189.1,2717.4,343.5,774.0,4613.2,4049.4,1707.9,963.9,3958.6,3910.8,2492.8,2000.9,1405.3,3447.8,896.9,1871.7,849.8,1314.3,1146.4,3403.3,5083.6,4763.7,1148.8,428.1
2026-07-22 04:00:00,573.1,220.6,756.4,892.4,556.6,194.4,24.0,8.6,311.6,8.7,58.9,1343.6,2507.0,2436.9,1276.3,1692.1,0.0,142.1,1154.8,2811.7,357.2,732.3,4677.3,4141.2,1681.6,963.8,3936.1,3728.6,2475.3,1659.7,1403.2,3381.4,895.2,1770.2,845.7,1290.8,1133.0,3553.2,5080.2,4813.4,1156.9,411.2
2026-07-22 04:15:00,570.9,216.2,764.5,878.8,561.7,198.9,24.0,9.0,314.9,8.7,58.1,1336.9,2485.7,2467.4,1274.0,1694.7,0.0,142.7,1150.7,2838.7,344.7,754.7,4702.9,4088.7,1686.6,964.5,3936.6,3635.7,2477.0,1670.9,1403.3,3408.0,892.7,1780.4,845.0,1288.4,1122.6,3572.8,5033.6,4812.0,1155.7,410.1
2026-07-22 04:30:00,572.0,221.4,780.6,868.7,556.7,207.8,24.0,9.3,320.4,8.7,59.6,1341.3,2415.7,2503.6,1277.5,1709.0,0.0,142.8,1142.7,2870.0,342.9,740.0,4742.2,4082.4,1681.0,965.2,3932.8,3565.1,2476.1,1675.1,1404.1,3422.9,892.1,1765.1,846.5,1284.1,1117.6,3604.7,5048.9,4829.8,1143.8,403.2
2026-07-22 04:45:00,571.5,220.5,808.4,851.4,563.8,213.7,24.0,9.7,325.7,8.7,59.7,1347.3,2400.6,2619.5,1272.8,1714.9,0.0,143.4,1139.6,2883.5,340.6,720.7,4775.4,4041.9,1681.0,966.3,3977.4,3626.1,2477.7,1678.2,1405.4,3449.5,887.8,1763.1,852.8,1281.7,1117.4,3630.5,5021.1,4840.4,1147.0,395.3
2026-07-22 05:00:00,606.9,212.6,853.7,830.8,591.5,262.5,12.0,56.2,326.3,18.5,70.5,1327.7,2552.7,2804.8,1250.7,1724.4,0.1,149.0,1122.5,2689.6,361.3,601.4,4884.8,4041.0,1685.1,955.7,3919.4,3342.5,2478.2,1492.1,1413.5,3283.1,887.7,1810.0,861.8,1404.4,1117.1,4090.9,5031.0,4820.1,1145.5,378.2
2026-07-22 05:15:00,613.5,214.6,881.3,818.5,593.9,271.7,12.0,56.2,333.2,18.5,71.2,1318.1,2502.5,2817.0,1239.5,1732.4,0.0,153.7,1123.3,2722.9,352.3,615.7,4949.6,4081.4,1694.4,950.3,3924.8,3375.3,2485.4,1504.2,1417.0,3296.7,890.0,1771.4,872.9,1401.5,1124.9,4136.9,5041.6,4835.5,1147.3,356.3
2026-07-22 05:30:00,621.7,219.3,909.8,823.6,609.4,284.1,12.1,56.4,338.7,19.0,76.7,1310.3,2517.0,2846.8,1244.9,1755.3,0.0,181.2,1125.2,2764.1,352.5,619.0,4995.9,4104.3,1706.9,949.3,3926.4,3398.4,2488.9,1506.4,1419.6,3311.9,895.8,1785.6,885.9,1399.5,1128.9,4180.8,5068.1,4881.8,1149.7,340.3
2026-07-22 05:45:00,626.9,221.0,933.2,800.3,626.2,303.0,12.0,57.4,345.2,22.9,79.1,1312.2,2532.9,2959.8,1246.1,1785.8,0.0,196.3,1126.3,2853.2,346.8,689.1,5043.6,4177.7,1730.1,950.6,3928.9,3644.2,2499.9,1500.8,1424.0,3315.1,902.1,1815.3,900.9,1397.8,1142.7,4237.6,5131.5,4903.9,1167.0,323.5
2026-07-22 06:00:00,665.5,254.2,968.3,986.2,651.4,465.3,6.0,19.9,356.8,27.7,60.2,1304.2,2950.6,3469.6,1279.1,1880.3,0.0,129.2,1191.8,2903.2,372.6,673.5,5167.3,4038.5,1791.3,933.1,4112.1,4160.9,2512.3,1162.5,1461.1,3160.6,891.2,1904.2,905.0,1536.9,1172.0,4502.9,5316.1,4807.6,1205.8,303.9
2026-07-22 06:15:00,677.1,268.5,980.4,959.3,672.4,499.0,6.0,20.9,358.1,29.9,63.1,1297.5,2953.9,3527.7,1291.9,1900.9,0.0,168.0,1199.1,2909.0,375.4,702.0,5218.4,4087.7,1827.7,934.5,4114.2,4253.4,2532.2,1162.4,1461.9,3152.4,900.9,1888.7,924.1,1535.6,1182.2,4536.7,5403.8,4971.0,1235.9,287.8
2026-07-22 06:30:00,721.0,226.6,977.4,927.3,689.5,535.2,6.0,20.6,359.0,34.2,67.7,1328.2,2931.4,3601.3,1304.5,1927.6,0.0,170.4,1207.2,2935.8,369.7,805.7,5259.5,4163.9,1856.9,935.7,4130.9,4354.3,2542.0,1162.6,1468.4,3157.3,914.2,1918.9,934.2,1534.0,1196.8,4571.9,5502.5,5013.5,1273.8,266.1
2026-07-22 06:45:00,725.9,230.1,977.0,900.8,707.6,558.1,6.0,20.5,362.8,28.4,70.5,1288.5,2933.2,3727.4,1315.8,1912.8,0.0,153.7,1216.0,3080.5,365.2,814.9,5294.7,4263.5,1895.4,936.7,4141.9,4319.0,2548.5,1162.4,1473.6,3168.0,921.1,1927.4,943.2,1532.8,1206.7,4613.5,5604.5,5107.2,1309.9,249.8
2026-07-22 07:00:00,741.6,236.6,993.1,880.9,731.1,648.2,16.0,31.7,386.2,33.5,95.6,1307.4,3199.2,4014.7,1366.6,1874.6,0.0,214.1,1330.2,2971.1,387.5,891.5,5272.2,4115.1,1998.6,930.5,4260.5,4646.0,2581.6,1158.7,1509.3,3215.5,947.3,1904.1,955.9,1631.4,1171.4,4617.1,5760.5,5003.5,1351.3,250.0
2026-07-22 07:15:00,733.0,347.8,981.1,852.8,753.7,665.6,16.0,30.7,382.5,30.1,100.3,1301.8,3199.5,4050.5,1381.9,1858.3,0.0,196.5,1332.5,2982.6,388.0,897.4,5300.6,4180.6,2035.9,929.1,4270.3,4514.6,2606.6,1161.3,1514.7,3195.5,957.2,1906.7,961.4,1632.5,1172.7,4651.8,5859.6,4986.6,1382.7,240.5
2026-07-22 07:30:00,736.1,352.0,962.4,824.9,770.7,703.5,16.0,31.0,378.4,28.0,112.5,1290.6,3208.1,3992.3,1391.1,1868.5,1.7,198.2,1336.1,2995.1,388.6,878.2,5331.0,4261.1,2058.8,927.3,4282.3,4398.5,2617.2,1162.5,1520.8,3195.1,966.9,1900.0,966.8,1632.5,1178.0,4696.2,5945.6,5043.3,1418.3,234.0
2026-07-22 07:45:00,758.7,253.7,939.2,797.2,786.3,732.2,16.0,30.4,373.3,23.2,120.9,1285.8,3218.3,4100.7,1419.6,1856.1,8.4,191.9,1342.8,3176.7,391.6,833.6,5359.1,4316.9,2092.9,931.5,4283.2,4206.8,2619.5,1167.4,1528.4,3200.3,973.7,1900.8,974.0,1632.5,1183.8,4735.1,6017.7,5029.3,1467.0,234.8
2026-07-22 08:00:00,764.8,253.8,915.5,741.8,793.0,767.0,84.0,56.6,387.3,13.7,125.2,1313.1,3446.4,4420.5,1796.9,1788.2,0.0,278.9,1420.6,2983.1,463.2,1064.7,5422.0,4235.7,2155.0,918.1,4205.0,4744.7,2665.0,1128.4,1518.8,3162.0,984.3,1770.4,977.4,1756.4,1193.3,4774.0,6108.4,5157.4,1487.7,229.0
2026-07-22 08:15:00,773.1,262.1,883.2,735.7,795.1,797.5,84.0,55.9,382.8,16.9,127.3,1309.3,3443.7,4478.2,1789.8,1421.3,0.1,281.5,1392.4,3025.8,453.9,1074.1,5435.5,4293.3,2189.0,926.1,4205.3,4507.7,2669.0,1138.8,1522.2,3157.4,986.7,1758.7,982.5,1756.6,1200.5,4805.8,6162.6,5098.7,1508.4,225.4
2026-07-22 08:30:00,743.9,274.2,855.5,501.7,786.6,818.7,84.0,56.2,390.5,19.9,131.6,1300.4,3444.8,4433.0,1792.0,1143.0,0.0,269.0,1389.8,3187.9,452.8,725.1,5447.6,4290.8,2207.6,926.7,4160.2,3838.5,2661.3,1141.5,1525.2,3149.7,1007.5,1748.0,987.8,1757.4,1213.0,4813.9,6204.9,5072.4,1529.8,229.3
2026-07-22 08:45:00,739.1,279.3,822.4,502.3,777.6,835.7,84.1,71.1,368.0,22.9,137.1,1321.1,3451.1,4491.4,1795.4,1058.1,0.1,295.8,1391.6,2923.8,457.0,628.8,5450.7,4316.3,2219.8,928.5,4484.0,3527.2,2670.8,1150.1,1528.5,3152.6,1015.9,1748.0,995.2,1758.7,1230.3,4834.4,6243.3,5079.4,1554.3,227.4
2026-07-22 09:00:00,779.6,283.7,792.2,506.6,770.0,499.1,86.1,44.9,387.4,28.6,254.4,1371.5,3605.1,4742.1,2114.8,1105.4,0.0,367.7,1381.2,2748.6,467.6,583.6,5512.4,4333.2,2265.2,928.4,4809.7,3264.2,2641.6,1125.0,1560.6,3108.6,1025.9,1650.0,1004.8,1878.7,1250.2,4917.8,6235.4,4913.9,1600.7,216.5
2026-07-22 09:15:00,773.3,295.7,771.2,513.0,768.4,518.2,88.3,45.8,375.6,23.3,259.5,1374.4,3864.0,4870.0,2094.3,1085.8,0.0,386.5,1394.7,2768.8,466.1,574.8,5520.2,4336.2,2280.7,925.1,4828.4,2784.4,2642.4,1136.7,1566.3,3104.3,1028.5,1584.3,1007.8,1881.0,1266.0,4923.8,6255.0,4922.2,1614.7,214.7
2026-07-22 09:30:00,768.9,298.5,754.6,514.8,763.7,538.2,88.2,46.4,366.6,20.3,255.1,1390.1,3870.0,4913.1,2090.1,1101.4,0.0,384.0,1403.0,2780.2,468.2,572.2,5521.8,4354.3,2292.4,926.0,4556.3,2491.3,2647.6,1135.3,1563.4,3091.8,1033.8,1611.9,1009.2,1883.3,1277.7,4934.5,6295.4,4924.2,1628.4,216.6
2026-07-22 09:45:00,759.4,306.5,731.1,521.8,765.6,552.5,91.3,61.3,354.0,23.9,270.3,1410.7,3892.4,4953.1,2089.1,1102.0,0.0,354.4,1433.2,2672.9,480.5,581.4,5525.0,4350.4,2312.1,926.0,4278.9,2144.6,2659.1,1133.1,1565.9,3088.4,1032.5,1671.8,1009.4,1886.0,1284.6,4939.3,6337.5,4912.4,1652.0,215.8
2026-07-22 10:00:00,755.9,312.8,731.8,507.2,766.5,580.2,167.3,11.0,358.2,32.6,332.7,1520.7,4070.0,5453.4,2369.4,1147.0,31.7,317.3,1465.7,2678.9,449.6,638.2,5538.5,4349.7,2345.3,928.8,4310.1,2760.6,2636.1,1219.7,1577.5,3073.8,1076.7,1272.9,1002.0,1926.9,1289.5,4950.2,6453.2,4933.3,1662.0,207.6
2026-07-22 10:15:00,722.1,328.1,699.7,521.0,768.8,589.2,168.0,11.3,337.7,37.7,333.1,1493.2,4126.0,5417.1,2363.9,1142.8,30.8,312.8,1464.5,2651.3,459.3,634.8,5539.2,4406.7,2356.3,929.4,4335.6,2562.9,2637.7,1190.0,1583.6,3066.9,1030.8,1397.5,999.6,1934.4,1284.0,4965.1,6486.5,4917.5,1673.0,208.4
2026-07-22 10:30:00,716.3,341.7,667.7,539.3,767.1,495.6,154.0,11.5,319.0,39.7,346.6,1534.8,4590.2,5580.4,2369.3,1160.2,29.9,308.4,1456.0,2661.5,458.6,647.1,5536.6,4394.3,2370.6,928.9,4336.6,2552.3,2641.8,1187.7,1581.2,3050.9,1029.7,1411.8,998.3,1937.8,1282.3,4957.8,6495.9,4923.8,1684.8,208.5
2026-07-22 10:45:00,735.3,329.0,640.0,561.0,765.9,507.6,150.3,11.6,303.9,47.2,369.0,1559.8,4998.9,5395.0,2454.5,1171.8,74.1,274.6,1490.2,2637.0,473.2,648.1,5537.1,4375.6,2374.0,929.9,4330.3,2550.4,2645.1,1191.6,1582.0,3040.9,1026.5,1408.5,998.4,1941.0,1277.7,4949.8,6496.9,4920.1,1689.3,208.6
2026-07-22 11:00:00,724.3,340.8,846.8,536.2,764.2,597.3,135.3,26.0,299.3,59.6,300.3,1607.2,5379.6,5625.8,2719.1,1193.6,148.1,230.4,1492.8,2490.6,533.3,641.9,5619.5,4499.8,2391.5,1008.7,4372.8,2905.7,2648.1,1242.6,1621.1,3036.7,1079.5,1244.6,995.2,1909.1,1279.6,4936.5,6511.8,4934.2,1710.4,209.4
2026-07-22 11:15:00,720.1,351.0,835.1,557.9,764.2,595.9,108.6,25.9,280.5,49.1,316.3,1620.8,5384.6,5642.4,2688.0,1217.1,149.4,279.0,1489.3,2461.3,550.5,651.8,5623.3,4480.4,2402.7,1008.9,4457.8,3110.9,2650.2,1241.3,1620.8,3026.1,1074.2,1239.6,991.4,1912.5,1277.4,4931.5,6516.2,4936.0,1713.0,209.2
2026-07-22 11:30:00,717.0,351.8,1044.7,590.0,761.7,576.8,124.4,25.8,271.4,62.3,325.9,1634.0,5393.0,5704.9,2669.4,1228.9,150.6,278.5,1588.6,2438.7,558.7,663.9,5643.1,4408.5,2412.3,1007.3,4449.1,3115.5,2647.4,1227.6,1621.8,3031.3,1073.5,1249.1,986.2,1908.4,1277.8,4891.7,6511.4,4930.9,1716.5,205.9
2026-07-22 11:45:00,722.0,350.7,1043.9,607.5,759.3,555.8,111.2,25.7,262.3,60.2,333.0,1618.1,5428.6,5769.2,2644.5,1230.5,196.9,272.9,1606.9,2409.2,565.4,680.3,5659.3,4197.0,2414.2,1007.6,4443.7,2914.9,2660.7,1218.4,1627.4,3041.9,1071.5,1296.5,981.4,1910.4,1282.9,4841.4,6527.4,4924.9,1723.3,202.2
2026-07-22 12:00:00,716.8,353.4,1287.8,641.5,762.1,554.1,121.9,13.4,239.9,69.9,324.0,1788.9,5438.2,6018.5,2634.2,1257.0,148.4,269.5,1425.9,2464.5,554.1,694.5,5698.5,4334.7,2423.3,1008.6,4493.2,2568.0,2667.1,1165.8,1615.9,3045.7,1051.4,1535.2,997.8,1708.4,1282.9,4818.6,6549.4,4936.0,1721.7,202.2
2026-07-22 12:15:00,724.8,356.1,1276.5,667.1,769.8,560.8,119.4,13.4,220.8,86.5,337.0,1791.1,5436.0,5968.6,2601.3,1260.8,161.4,188.0,1512.2,2397.1,569.9,712.0,5675.9,4278.1,2428.4,1008.8,4569.4,2562.5,2677.7,1162.2,1614.4,3051.3,1051.6,1596.2,989.5,1709.8,1284.7,4809.9,6544.4,4941.7,1732.9,203.1
2026-07-22 12:30:00,718.2,358.8,1267.1,693.4,775.1,554.8,119.9,13.4,218.5,45.7,342.7,1786.9,5466.5,5909.2,2581.1,1271.6,161.1,188.0,1515.7,2363.7,570.9,730.6,5643.1,4203.5,2430.1,1009.1,4571.6,2565.9,2677.7,1158.7,1614.5,3052.2,1052.2,1595.5,983.7,1711.9,1282.9,4802.0,6562.1,4940.5,1725.0,203.5
2026-07-22 12:45:00,707.7,359.9,1263.4,712.5,775.2,539.5,119.5,13.4,225.6,36.2,334.7,1807.2,5495.9,5893.8,2578.9,1283.4,175.0,187.2,1558.1,2312.6,577.2,729.7,5602.8,4134.3,2435.3,1009.4,4641.7,2604.4,2658.0,1160.6,1617.6,3066.3,1048.2,1603.1,974.5,1716.5,1283.5,4799.3,6564.0,4931.5,1727.1,202.4
2026-07-22 13:00:00,769.8,361.6,1302.8,755.1,798.2,571.7,72.3,11.7,231.9,33.0,345.0,1706.0,5435.4,6210.7,2540.6,1297.9,241.4,189.1,1577.9,2197.0,578.6,750.3,5563.6,4203.0,2431.0,1022.0,4496.4,2713.1,2647.4,1222.6,1610.3,3018.0,1059.4,1342.5,967.2,1620.0,1321.6,4604.7,6701.0,5077.6,1719.8,205.9
2026-07-22 13:15:00,766.4,370.7,1299.0,777.7,794.6,561.2,71.5,11.5,233.7,34.8,338.3,1694.3,5454.7,6215.7,2528.3,1310.2,246.6,189.1,1591.7,1826.5,580.7,759.7,5561.6,4143.8,2434.3,1022.2,4488.3,2638.6,2643.9,1198.4,1610.1,3023.0,1023.0,1415.8,969.0,1627.6,1318.3,4607.5,6662.1,5071.7,1722.6,205.8
2026-07-22 13:30:00,764.4,361.6,1296.5,791.1,796.4,551.3,66.2,11.3,233.5,35.0,330.8,1692.0,5491.5,6190.7,2505.1,1329.4,223.1,189.1,1593.6,1540.7,586.7,762.1,5556.4,4121.0,2434.2,1022.1,4486.2,2649.7,2640.1,1195.0,1611.3,3029.3,1023.2,1410.0,968.3,1631.8,1316.0,4619.6,6660.7,5070.6,1722.7,206.5
2026-07-22 13:45:00,770.0,358.2,1300.9,801.9,799.3,509.4,67.5,11.2,237.0,35.9,321.7,1703.1,5488.2,6203.4,2492.2,1329.9,249.5,189.1,1582.6,1412.3,587.5,757.6,5554.2,4004.9,2434.2,1022.2,4477.6,2664.2,2641.0,1189.7,1611.2,3025.6,1017.5,1420.3,967.6,1633.1,1320.1,4619.5,6693.3,5053.3,1724.7,206.0
2026-07-22 14:00:00,786.4,375.9,1279.0,857.5,796.2,519.5,75.9,27.1,267.6,33.8,313.2,1829.9,5332.5,6019.8,2489.0,1237.9,197.0,156.8,1598.4,1523.4,576.2,763.4,5588.2,4156.4,2434.5,947.2,4517.1,2746.9,2635.3,1185.9,1612.0,3083.9,1024.9,1491.7,964.6,1656.2,1328.6,4714.2,6642.6,5049.9,1707.9,205.6
2026-07-22 14:15:00,788.4,365.9,1288.4,864.5,804.0,487.1,75.6,27.3,262.8,33.6,315.8,1729.1,5331.5,6047.6,2464.4,1246.9,195.4,157.1,1595.9,1539.2,582.4,763.6,5596.1,4093.4,2437.7,945.9,4370.5,2851.9,2636.9,1203.0,1617.1,3085.5,1071.7,1338.4,963.0,1657.2,1332.5,4727.6,6645.4,5044.7,1714.6,205.6
2026-07-22 14:30:00,789.7,371.2,1293.5,900.4,798.8,504.6,63.5,27.2,263.9,33.7,322.5,1755.0,5315.2,6074.9,2460.6,1260.8,193.8,157.5,1593.8,1593.4,581.0,783.2,5606.4,4169.5,2432.6,946.8,4358.5,2750.5,2633.2,1190.8,1611.1,3085.0,1019.3,1379.2,964.5,1660.5,1331.2,4756.4,6665.4,5064.2,1712.9,206.5
2026-07-22 14:45:00,788.1,367.0,1297.0,884.7,798.5,491.3,62.8,27.1,263.1,33.1,315.9,1727.2,5308.7,6066.7,2463.9,1254.2,192.2,169.9,1581.2,1581.0,569.9,780.5,5607.8,4151.0,2435.1,946.5,4364.5,2763.6,2631.4,1193.6,1612.0,3090.8,1023.6,1381.4,965.4,1663.5,1331.1,4773.8,6646.1,5064.5,1723.7,206.9
2026-07-22 15:00:00,802.8,354.1,1086.8,890.1,775.7,474.8,48.2,18.1,278.1,31.7,295.2,1704.4,5603.8,6378.7,2423.2,1254.0,135.6,115.9,1574.9,1540.3,581.1,779.2,5660.3,4140.5,2442.2,952.3,4333.1,2791.3,2678.6,1219.7,1614.2,3095.2,1010.0,1346.9,965.4,1673.1,1250.0,4740.4,6571.4,4943.1,1737.7,200.1
2026-07-22 15:15:00,808.8,348.4,1096.1,879.8,779.2,457.9,35.0,17.9,277.3,33.0,302.6,1677.0,5577.6,6378.2,2428.1,1259.6,135.6,152.7,1570.1,1546.3,572.5,778.7,5667.0,4214.8,2444.6,952.1,4330.7,2819.2,2675.0,1224.4,1616.9,3095.9,1009.7,1380.1,966.1,1678.5,1248.0,4773.2,6542.5,4948.1,1739.4,198.9
2026-07-22 15:30:00,805.5,337.7,894.9,800.1,780.9,425.3,32.5,17.6,282.3,32.6,301.5,1662.8,5547.0,6401.7,2414.6,1263.0,135.6,149.5,1570.3,1587.8,571.9,762.0,5676.9,4144.3,2451.5,952.8,4334.8,2826.1,2670.8,1220.4,1612.5,3094.7,1011.5,1369.3,967.0,1684.3,1249.1,4780.7,6555.6,4953.6,1744.0,197.6
2026-07-22 15:45:00,811.0,328.8,905.8,790.3,780.3,403.3,30.2,17.4,280.9,35.3,295.0,1660.5,5511.7,6431.7,2430.1,1273.3,135.6,171.0,1566.8,1928.6,581.6,765.9,5666.0,4155.3,2453.7,952.0,4336.0,2823.1,2672.6,1222.4,1611.6,3089.0,1006.4,1354.4,969.8,1691.3,1243.9,4806.0,6544.8,4953.5,1745.9,195.8
2026-07-22 16:00:00,795.6,328.0,649.9,754.7,764.7,344.2,43.5,40.7,244.3,33.7,301.9,1650.6,5539.9,6677.7,2309.2,1264.4,158.8,77.1,1563.8,1705.0,605.1,766.5,5712.7,3960.3,2455.0,1055.9,4412.4,2668.2,2670.4,1254.9,1608.7,3106.0,1068.2,1284.4,977.4,1695.6,1308.8,4813.5,6561.9,4969.2,1747.2,194.3
2026-07-22 16:15:00,795.3,317.7,677.6,695.9,766.5,342.9,41.2,40.4,247.3,34.8,319.6,1649.1,5518.7,6724.9,2330.4,1381.4,160.3,74.8,1525.2,2224.5,593.3,771.1,5711.3,4009.5,2454.3,1056.5,4417.4,2708.0,2672.4,1241.0,1606.1,3093.1,1067.0,1380.7,978.6,1703.4,1310.0,4843.2,6581.6,4976.3,1749.1,193.4
2026-07-22 16:30:00,799.3,310.3,708.2,656.2,778.0,354.3,40.2,39.9,249.0,29.2,324.9,1640.9,5453.9,6743.6,2381.4,1373.3,141.7,71.4,1521.0,2231.0,582.9,770.0,5698.7,4232.8,2462.1,1057.5,4419.7,2691.1,2667.2,1253.9,1604.7,3084.4,1066.3,1302.8,977.9,1709.9,1306.4,4931.5,6604.3,4987.7,1753.9,192.3
2026-07-22 16:45:00,800.9,285.5,734.3,601.3,783.3,296.6,39.6,39.7,209.8,47.7,280.3,1633.1,5387.3,6857.6,2414.8,1362.7,143.2,57.8,1448.2,2314.4,582.2,781.9,5702.6,4352.5,2457.7,1057.9,4414.6,2715.4,2666.6,1304.8,1610.7,3102.7,1067.6,1322.3,977.9,1717.7,1305.4,4983.6,6629.1,4996.3,1783.0,193.6
2026-07-22 17:00:00,727.1,260.4,711.0,562.2,791.4,329.4,8.1,87.5,188.3,48.9,177.2,1607.2,5387.8,6747.6,2238.2,1386.0,0.0,135.3,1656.0,2481.3,491.6,809.7,5682.4,4369.8,2443.7,1040.1,4630.3,2621.3,2683.9,1166.6,1601.5,2978.5,1037.5,1669.3,975.0,1977.2,1305.7,5373.4,6714.2,4976.2,1796.8,191.6
2026-07-22 17:15:00,706.4,270.5,764.9,516.8,789.4,293.7,8.1,85.0,184.6,50.6,158.9,1629.2,5369.7,6728.4,2264.2,1380.5,0.0,136.9,1575.6,2527.2,472.0,808.6,5697.7,4403.2,2441.6,1039.3,4539.6,2994.4,2683.4,1218.8,1598.2,2968.6,1084.2,1453.4,974.9,1979.6,1304.8,5414.8,6728.0,5007.8,1817.9,188.0
2026-07-22 17:30:00,714.3,258.7,837.1,488.7,784.6,260.3,8.1,71.5,189.0,60.2,158.5,1598.9,5273.0,7584.0,2325.0,1368.9,0.1,148.2,1564.9,2510.6,470.2,812.1,5722.0,4412.7,2437.2,1039.6,4537.3,3003.7,2678.2,1204.3,1597.9,2972.1,1081.6,1490.7,971.3,1980.8,1304.7,5451.9,6754.0,5007.3,1814.4,187.9
2026-07-22 17:45:00,719.5,249.7,909.7,454.1,783.9,244.3,8.1,76.6,197.9,59.1,168.9,1588.0,4474.1,6778.4,2350.7,1369.9,0.0,149.4,1516.3,2533.4,465.2,820.3,5734.9,4402.6,2436.0,1039.7,4538.5,3118.7,2679.5,1221.1,1596.6,2971.8,1085.9,1406.0,973.0,1981.8,1307.6,5481.7,6763.9,5006.2,1822.2,190.2
2026-07-22 18:00:00,710.4,215.5,975.5,467.2,784.9,472.4,2.1,99.8,180.0,78.6,168.1,1444.0,4491.9,6421.2,2036.4,1312.8,1.1,69.3,1489.1,3015.7,485.2,806.2,5681.1,4258.1,2415.0,951.4,4489.7,3010.6,2706.2,1200.7,1595.5,3011.3,1008.9,1645.2,973.0,1804.5,1348.4,5540.4,6721.5,4989.7,1796.0,192.6
2026-07-22 18:15:00,715.5,225.5,1032.3,439.2,786.8,454.5,2.0,98.2,183.3,88.0,171.8,1425.0,4442.8,6405.1,2033.0,1304.4,2.5,69.6,1485.8,3013.7,491.0,806.8,5697.2,4255.1,2409.9,951.7,4386.8,3214.3,2707.6,1181.8,1593.4,3009.8,1002.1,1739.9,979.0,1804.6,1351.9,5546.6,6724.9,4996.0,1797.5,186.7
2026-07-22 18:30:00,718.2,219.3,1088.3,410.6,791.1,424.2,2.0,96.3,202.1,87.7,206.2,1397.9,4224.5,6412.4,2066.0,1295.3,0.0,91.2,1495.7,3107.1,494.5,805.8,5707.0,4304.1,2413.0,953.9,4351.3,3902.8,2703.3,1140.4,1591.4,3023.6,1003.4,1833.7,977.5,1805.5,1355.7,5568.0,6720.6,4993.0,1782.3,187.9
2026-07-22 18:45:00,723.9,236.5,1123.6,391.3,791.9,398.0,2.1,95.7,220.8,85.0,208.1,1383.8,3956.3,6361.2,2106.7,1309.9,0.0,90.4,1506.4,3064.5,489.1,1269.1,5707.1,4291.6,2408.6,955.2,4353.3,4521.9,2706.2,1124.5,1590.7,3023.6,1000.3,1903.7,972.2,1805.3,1359.5,5557.3,6722.9,4997.5,1782.9,181.7
2026-07-22 19:00:00,724.1,235.1,1163.4,573.5,800.1,447.0,2.0,54.9,242.0,59.9,226.5,1337.4,3843.8,6028.0,1824.2,1268.9,13.0,76.0,1496.1,3253.0,490.9,964.1,5725.0,4279.9,2405.3,951.7,4431.5,4555.1,2772.5,1212.9,1591.4,3089.0,1002.8,1992.2,972.4,1738.8,1281.2,5333.8,6756.8,5384.0,1782.7,218.4
2026-07-22 19:15:00,734.7,233.8,1196.0,549.6,798.4,421.7,2.0,53.8,264.4,58.5,217.3,1319.9,3505.2,5808.0,1854.6,1347.4,13.0,98.5,1505.0,3180.4,489.3,1238.4,5721.2,4272.4,2405.5,950.4,4441.3,4880.8,2773.4,1200.6,1590.9,3089.2,1001.8,1994.2,966.8,1741.4,1282.2,5317.3,6741.1,5373.4,1776.6,217.2
2026-07-22 19:30:00,739.1,230.7,1224.0,728.0,795.0,402.5,2.0,50.7,285.9,60.7,237.5,1314.1,2787.3,5748.9,1883.2,1597.2,13.0,95.0,1512.4,3127.6,493.5,1232.2,5705.5,4251.4,2392.9,942.8,4449.9,5196.2,2771.1,1225.0,1596.1,3090.4,986.9,1995.5,964.7,1742.0,1273.7,5296.9,6725.4,5365.9,1768.0,216.9
2026-07-22 19:45:00,745.6,230.7,1240.1,717.4,798.7,390.2,2.0,66.7,305.2,95.8,236.8,1280.7,2388.6,5665.9,1913.9,1929.8,13.0,91.9,1519.6,3069.7,492.1,1235.5,5687.5,4238.7,2389.4,940.4,4450.9,5484.0,2774.4,1205.4,1590.8,3089.4,982.7,2097.7,961.6,1743.8,1269.2,5286.8,6709.7,5356.8,1753.9,217.0
2026-07-22 20:00:00,749.5,274.4,1245.8,532.8,799.2,456.6,1.7,82.5,324.0,93.5,183.8,1285.4,2210.3,5710.2,1634.7,2068.0,137.2,22.5,1457.6,2779.4,453.5,1312.8,5558.5,4192.6,2382.5,953.9,4440.0,5502.4,2815.5,1192.8,1586.3,3291.7,989.3,2157.0,957.1,1653.6,1297.6,4971.8,6707.1,5538.6,1727.7,237.8
2026-07-22 20:15:00,752.8,279.6,1250.7,534.3,800.9,459.8,1.7,101.8,331.5,87.5,175.6,1268.8,2201.5,5654.4,1674.4,2051.0,137.2,23.1,1456.5,2714.2,444.1,1304.0,5525.2,4139.7,2377.9,953.4,4439.6,5654.7,2815.1,1194.6,1584.0,3287.7,984.1,2211.8,956.0,1658.0,1295.2,4982.0,6682.4,5530.8,1699.7,239.0
2026-07-22 20:30:00,759.4,285.5,1252.7,527.3,802.2,471.5,2.6,97.2,346.3,83.9,164.3,1253.3,1926.2,5249.2,1698.2,2040.2,137.2,23.1,1468.2,2677.9,450.0,1294.4,5497.9,4053.9,2370.5,953.0,4446.0,5685.7,2810.8,1199.0,1585.9,3293.2,986.9,2265.6,953.8,1658.6,1291.7,4989.5,6649.7,5581.8,1680.4,243.5
2026-07-22 20:45:00,754.7,283.3,1246.0,515.4,798.9,470.9,3.2,106.6,352.8,81.1,163.9,1255.7,1923.3,5274.6,1715.8,2044.6,143.2,8.9,1470.3,2651.2,455.6,1298.0,5471.1,3961.5,2366.2,952.6,4450.9,5698.7,2810.6,1215.6,1583.6,3288.7,987.3,2266.6,956.5,1660.5,1286.8,4994.7,6621.5,5585.3,1654.8,272.9
2026-07-22 21:00:00,757.6,267.6,1239.7,712.0,785.9,473.4,20.8,94.4,371.6,76.4,195.6,1263.6,1826.4,5188.1,1730.1,2019.2,141.0,44.8,1532.8,2724.5,434.2,1323.8,5588.1,4211.2,2348.2,949.3,4479.8,5929.6,2821.8,1179.3,1576.0,3273.5,991.2,2429.5,951.4,1607.9,1281.1,4924.0,6591.9,5661.2,1645.3,281.4
2026-07-22 21:15:00,752.0,262.0,1226.3,708.9,779.4,454.7,21.3,95.2,373.5,74.6,181.8,1248.6,1822.3,5087.2,1755.2,1980.6,140.2,44.4,1532.0,2781.3,435.4,1321.1,5616.0,4140.4,2341.8,949.3,4475.3,5903.1,2819.8,1188.8,1572.6,3275.5,986.9,2408.9,949.1,1615.5,1277.8,4955.2,6565.7,5632.4,1613.7,280.9
2026-07-22 21:30:00,743.3,253.3,1208.3,702.1,773.3,454.2,21.5,95.4,375.0,73.5,189.5,1256.7,1805.5,4988.7,1766.5,1963.7,114.3,44.4,1531.3,2818.7,439.0,1317.8,5603.9,4035.8,2333.2,948.9,4478.0,5870.2,2814.9,1195.0,1570.4,3266.7,989.3,2399.7,945.0,1633.0,1270.7,4973.1,6529.4,5594.3,1595.8,264.7
2026-07-22 21:45:00,732.9,242.9,1186.5,696.8,761.3,453.7,21.5,102.5,379.9,73.3,187.2,1252.6,1818.3,4868.1,1763.3,1920.8,138.4,54.0,1528.7,2794.3,434.9,1315.8,5582.1,3992.1,2326.1,948.8,4474.6,5782.6,2816.2,1210.0,1571.7,3267.3,983.5,2397.5,942.4,1658.1,1310.1,4964.6,6500.5,5600.8,1574.6,265.8
2026-07-22 22:00:00,709.0,178.5,1143.4,696.2,744.3,406.5,22.2,51.5,388.8,69.3,172.5,1232.4,1659.1,4701.6,1718.4,1965.8,0.0,137.6,1516.5,2490.9,425.0,1299.3,5511.3,4061.5,2318.9,1020.6,4494.9,5930.4,2823.1,1187.6,1555.4,3325.2,987.8,2435.4,933.5,1517.2,1263.6,4861.2,6428.9,5626.9,1536.3,312.8
2026-07-22 22:15:00,698.1,186.5,1120.0,692.6,726.8,404.7,22.1,52.6,390.4,69.2,170.4,1238.4,1665.5,4628.5,1718.3,1938.7,2.0,104.8,1512.8,2462.7,421.9,1300.7,5465.8,3913.2,2310.1,1022.1,4489.9,5858.2,2822.4,1200.7,1559.4,3311.7,980.1,2365.4,929.0,1551.9,1264.2,4855.1,6386.9,5615.7,1518.3,297.4
2026-07-22 22:30:00,690.9,185.2,1093.3,677.3,709.8,399.9,22.2,51.5,390.1,69.4,184.2,1230.1,1656.3,4669.9,1702.3,1903.5,0.0,138.2,1510.8,2442.4,418.3,1301.1,5413.8,3777.2,2287.5,1023.4,4491.7,5778.5,2819.0,1206.7,1551.1,3298.7,976.6,2300.7,927.3,1586.1,1314.4,4855.0,6340.7,5632.0,1494.5,300.5
2026-07-22 22:45:00,679.2,188.2,1069.3,651.8,693.7,394.4,22.7,51.6,384.3,69.7,177.4,1231.4,1979.8,4672.1,1700.1,1891.8,0.0,146.9,1507.2,2412.3,419.1,1302.1,5355.3,3710.6,2274.2,1024.9,4480.7,5605.0,2817.1,1214.3,1549.1,3291.8,973.5,2253.1,922.6,1620.5,1303.4,4775.7,6294.6,5633.1,1475.5,309.3
2026-07-22 23:00:00,682.7,164.7,1049.9,413.6,674.3,337.0,22.4,65.2,376.9,66.9,160.6,1229.7,1795.2,4977.1,1600.6,1881.8,26.3,125.3,1411.4,2342.4,415.6,1304.9,5213.2,3704.2,2228.6,1012.7,4372.3,5355.6,2816.8,1209.6,1532.9,3317.0,974.6,2168.3,927.7,1458.0,1310.2,4814.3,6174.0,5574.9,1440.0,327.2
2026-07-22 23:15:00,682.9,164.9,1035.9,409.7,658.2,337.4,22.4,65.2,372.5,67.3,152.7,1240.7,2055.7,4672.2,1574.3,1875.7,50.9,115.3,1408.5,2320.5,401.3,1308.9,5163.8,3609.7,2204.7,1013.0,4364.8,5152.1,2817.7,1218.4,1531.5,3327.7,979.5,2153.1,926.4,1487.9,1305.8,4808.3,6096.5,5590.3,1415.8,336.3
2026-07-22 23:30:00,683.1,165.1,1011.7,207.7,642.9,337.6,22.8,65.2,367.9,31.7,145.7,1249.6,2262.7,4669.9,1553.0,1865.4,30.5,115.6,1405.0,2308.7,397.3,1312.9,5120.3,3619.2,2183.0,1013.4,4367.8,5142.8,2809.7,1209.4,1530.9,3310.7,971.9,2153.0,920.5,1516.9,1296.6,4631.8,6027.1,5612.2,1396.0,341.0
2026-07-22 23:45:00,679.6,161.6,989.4,203.9,635.3,336.6,22.9,65.4,362.1,23.1,132.0,1248.7,3064.3,4651.5,1530.5,1839.2,30.1,115.7,1401.7,2307.5,396.8,1329.5,5075.2,3615.6,2150.6,1013.8,4358.2,5085.8,2803.4,1212.1,1526.7,3297.1,982.2,2113.7,914.2,1543.7,1288.7,4591.2,5954.2,5479.1,1369.7,346.9
2026-07-23 00:00:00,663.2,162.5,969.1,153.3,595.1,382.9,23.8,11.2,287.9,17.2,141.5,1255.6,2532.6,4772.9,1046.3,383.0,8.5,60.8,1321.8,2287.2,412.3,1332.1,5065.7,3844.4,2096.1,884.1,4139.1,4986.2,2788.6,1269.8,1507.5,3422.5,972.7,2281.3,942.3,1476.2,1405.9,4550.8,5863.3,5370.8,1340.8,455.6
2026-07-23 00:15:00,659.7,160.1,958.7,131.6,587.9,380.5,23.9,11.1,281.1,16.6,128.5,1251.4,2794.0,4335.9,1235.2,573.6,7.9,60.7,1327.6,2257.4,411.1,1336.2,5049.3,3851.0,2073.1,888.7,4141.5,4934.1,2780.2,1267.8,1505.9,3411.4,979.5,2291.0,936.9,1498.8,1414.6,4478.2,5777.5,5336.3,1314.2,462.0
2026-07-23 00:30:00,656.0,153.5,950.6,127.7,583.7,378.6,24.0,11.1,277.9,16.6,111.9,1248.9,2791.6,4340.6,1471.0,796.5,7.4,60.5,1327.3,2232.4,409.9,1350.8,5050.3,3853.6,2043.9,892.2,4138.6,4845.8,2746.5,1269.0,1503.0,3360.0,973.0,2360.5,932.4,1508.7,1423.8,4432.6,5702.9,5305.9,1306.1,466.5
2026-07-23 00:45:00,650.3,155.6,941.8,124.5,583.6,372.9,24.1,11.1,282.8,16.6,108.5,1259.7,2810.0,4284.1,1637.7,965.3,31.8,60.3,1326.3,2202.9,409.7,1344.5,5022.9,3862.8,2018.7,894.3,4139.2,4626.7,2718.2,1318.5,1503.0,3259.6,964.0,2314.6,925.1,1500.1,1423.0,4431.8,5680.0,5286.9,1278.8,467.8
2026-07-23 01:00:00,640.5,153.9,952.7,126.1,573.7,377.2,27.5,11.1,323.1,4.9,123.8,1269.0,2700.8,4028.6,1680.2,1050.3,0.0,135.2,1243.3,2154.6,405.9,1365.9,4970.2,3883.2,1958.7,905.0,4126.4,4790.2,2746.9,1340.1,1476.1,3423.5,943.9,2289.0,919.1,1449.0,1417.0,4179.5,5575.3,5455.1,1239.0,486.8
2026-07-23 01:15:00,644.7,150.8,944.8,122.5,572.3,376.7,27.5,11.1,320.2,4.9,109.3,1274.1,2666.8,4072.5,1658.2,908.6,0.0,109.3,1242.3,2121.1,404.3,1336.0,4955.1,3874.6,1937.4,904.9,4122.4,4507.5,2742.8,1339.4,1469.1,3411.4,943.5,2294.8,916.7,1459.9,1409.9,4132.5,5526.2,5435.8,1225.2,490.5
2026-07-23 01:30:00,647.5,147.7,938.6,122.1,584.5,372.0,27.6,11.1,322.4,4.9,111.2,1276.6,2672.1,4047.4,1641.7,699.2,0.0,108.5,1241.6,2097.7,402.5,1325.9,4925.4,3860.8,1912.0,902.7,4124.0,4417.5,2739.5,1337.1,1469.2,3397.4,934.3,2349.0,915.8,1481.4,1402.3,4076.1,5492.1,5413.9,1225.0,496.8
2026-07-23 01:45:00,645.0,137.8,934.2,122.3,589.2,372.1,27.4,18.5,319.7,4.9,97.6,1274.6,2699.3,4015.0,1642.1,614.3,0.0,132.7,1247.3,2066.1,411.7,1325.4,4906.4,3867.4,1889.8,902.2,4119.2,4174.2,2736.6,1353.5,1469.7,3374.3,927.4,2326.3,914.7,1478.4,1389.9,4048.5,5492.1,5417.5,1217.9,500.4
2026-07-23 02:00:00,642.2,142.2,937.2,111.9,579.3,374.6,40.1,11.1,316.5,9.4,105.3,1310.6,2633.3,3887.4,1592.3,624.7,0.1,145.3,1172.9,2119.3,403.8,1315.6,4923.9,3915.7,1852.9,891.7,4120.8,4279.1,2728.8,1320.0,1455.5,3383.2,930.2,2309.9,913.8,1476.8,1376.7,4011.5,5425.6,5487.1,1211.2,505.0
2026-07-23 02:15:00,641.0,141.0,932.1,113.2,582.6,371.5,40.1,18.0,302.0,9.4,82.3,1312.7,2613.1,3858.7,1590.0,623.0,0.0,124.4,1173.9,2050.9,398.8,1308.9,4910.7,3916.1,1840.3,889.6,4116.3,4122.2,2725.4,1318.6,1453.5,3378.7,927.9,2305.9,912.4,1484.6,1367.0,3988.0,5408.1,5469.2,1220.8,511.8
2026-07-23 02:30:00,633.3,124.7,929.2,111.1,583.1,371.2,40.6,11.1,314.9,9.4,82.1,1317.2,2618.9,3818.2,1569.8,622.4,0.0,143.4,1179.6,2064.5,396.9,1297.2,4890.2,3921.1,1835.9,890.8,4112.4,4170.2,2722.1,1311.8,1452.0,3371.9,925.6,2313.9,911.1,1486.5,1364.7,3963.9,5398.3,5457.5,1219.9,508.7
2026-07-23 02:45:00,632.9,135.0,928.3,112.8,585.4,370.9,40.4,18.5,307.1,9.4,71.1,1317.0,2654.1,3792.7,1581.1,623.1,0.0,142.5,1177.7,2041.1,385.0,1275.1,4867.5,3940.7,1825.4,893.3,4110.6,4076.9,2720.6,1318.7,1453.2,3346.7,923.9,2329.2,909.7,1485.0,1366.5,3940.8,5393.1,5451.5,1216.3,510.9
2026-07-23 03:00:00,626.6,128.0,936.3,120.2,587.6,370.7,58.5,11.1,341.1,13.4,80.5,1300.1,2679.5,3615.0,1573.8,630.4,0.0,105.8,1174.1,1848.7,379.6,1299.8,4826.3,3950.7,1804.8,888.0,4083.7,3992.4,2716.1,1326.4,1452.7,3296.2,911.1,2274.7,908.5,1523.9,1371.1,3952.3,5466.2,5588.4,1213.3,517.0
2026-07-23 03:15:00,623.4,131.2,935.8,118.5,586.1,370.4,58.4,11.1,344.2,13.4,62.7,1310.7,2680.5,3598.7,1554.6,630.9,0.0,104.6,1171.6,1833.5,376.2,1291.0,4801.4,3962.6,1794.0,885.9,4083.6,4086.0,2713.7,1341.4,1455.4,3259.0,909.0,2312.7,907.6,1508.2,1376.6,3968.2,5461.8,5583.4,1205.5,521.6
2026-07-23 03:30:00,616.7,139.7,937.5,122.8,588.1,369.8,58.1,11.1,349.0,13.4,61.4,1306.5,2671.8,3549.2,1538.1,637.2,0.0,83.5,1169.6,1803.7,375.2,1285.2,4795.4,3976.6,1784.9,877.3,4088.3,3955.4,2711.8,1353.7,1450.3,3229.0,906.8,2304.5,907.0,1499.8,1380.3,3970.5,5449.2,5579.8,1200.9,524.6
2026-07-23 03:45:00,615.8,140.6,934.3,128.1,591.9,369.5,57.9,11.1,348.6,13.4,56.4,1306.5,2691.2,3511.6,1544.6,638.1,0.0,102.4,1174.9,1780.5,372.0,1270.9,4786.9,3988.3,1778.9,875.0,4099.0,3961.4,2712.1,1386.6,1448.5,3167.6,905.1,2377.8,908.9,1492.3,1381.6,4002.5,5419.7,5549.0,1189.3,531.5
2026-07-23 04:00:00,628.7,141.8,942.2,134.6,598.6,419.3,64.1,11.1,344.3,20.5,55.2,1347.4,2522.2,3478.1,1563.2,642.3,0.0,157.2,1078.5,1551.2,380.4,1273.4,4788.2,3992.0,1764.6,875.5,4115.3,4043.5,2665.6,1500.0,1446.6,3050.0,910.7,2331.2,906.4,1518.0,1383.1,3970.8,5443.9,5569.6,1187.3,540.1
2026-07-23 04:15:00,622.9,142.0,953.1,138.0,598.3,421.6,64.3,11.1,345.3,20.5,54.3,1349.0,2513.6,3436.8,1546.0,643.1,0.0,156.2,1075.7,1529.8,358.2,1256.5,4791.4,4003.2,1760.8,875.1,4127.9,4074.5,2668.0,1505.7,1446.8,3029.0,908.5,2463.6,906.9,1580.5,1383.1,3923.0,5412.1,5560.3,1177.7,538.2
2026-07-23 04:30:00,624.9,142.7,972.9,144.8,597.8,426.9,64.1,11.1,348.6,20.5,55.2,1349.2,2453.5,3388.7,1539.7,648.1,0.1,155.2,1067.0,1646.4,355.4,1245.0,4778.2,4008.2,1748.8,867.8,4133.7,4313.5,2668.0,1537.5,1447.3,2974.6,906.8,2597.9,897.3,1586.1,1378.2,3902.8,5377.1,5577.7,1170.9,535.9
2026-07-23 04:45:00,624.3,143.6,1001.5,149.0,595.7,434.5,64.1,11.2,353.5,20.5,55.1,1356.2,2433.1,3369.7,1539.5,666.0,0.0,154.3,1064.7,1635.8,343.7,1242.4,4796.6,4018.9,1747.7,866.9,4144.5,4584.3,2668.8,1505.0,1448.4,3010.5,903.0,2656.6,898.8,1558.7,1381.2,3954.1,5363.9,5582.1,1175.7,540.1
2026-07-23 05:00:00,643.1,147.6,1049.0,172.9,600.3,438.2,34.0,21.1,327.5,17.1,58.3,1290.1,2559.8,3440.2,1551.4,793.0,61.7,74.5,998.3,1408.8,374.8,1184.1,4919.1,3950.9,1753.5,954.8,4158.7,4229.1,2672.8,1659.6,1448.5,2698.1,907.6,2746.9,901.0,1859.1,1387.7,4032.7,5263.2,5371.9,1167.2,528.0
2026-07-23 05:15:00,644.8,149.3,1074.0,181.8,592.0,446.0,34.0,21.1,328.8,17.1,58.8,1287.7,2581.4,3318.3,1550.8,804.8,61.7,82.9,999.4,1470.4,360.1,1178.3,4954.7,3954.8,1762.8,948.4,4169.4,4697.2,2681.1,1665.8,1452.1,2879.3,895.1,2791.8,904.4,1823.6,1390.2,3965.7,5277.8,5393.7,1177.1,517.9
2026-07-23 05:30:00,652.7,151.3,1093.0,190.3,596.4,460.9,34.0,21.2,335.6,17.2,64.1,1295.8,2592.2,3322.4,1546.3,820.7,61.7,99.3,993.7,1433.3,358.2,1159.9,4990.6,3942.4,1781.4,945.4,4223.6,4946.5,2684.3,1654.2,1451.8,3175.3,901.6,2866.9,908.3,1792.1,1393.4,3885.1,5266.8,5368.5,1180.4,509.1
2026-07-23 05:45:00,652.7,157.0,1101.1,200.2,614.1,476.8,34.0,21.4,340.0,19.3,66.3,1300.4,1837.9,3528.9,1556.3,843.8,61.8,100.6,994.7,1407.3,345.3,1136.3,5042.0,3997.3,1806.4,943.2,4235.8,5080.5,2696.2,1616.7,1454.2,3396.3,896.5,2809.5,914.5,1760.5,1395.7,3816.8,5295.5,5375.0,1200.8,499.2
2026-07-23 06:00:00,674.3,166.3,1117.4,354.4,653.0,539.2,34.2,5.2,347.6,51.6,64.5,1299.0,2328.5,3597.9,1579.3,972.9,50.0,119.0,1188.9,1158.1,380.5,1096.9,5144.0,3903.9,1854.1,922.4,4318.6,5257.5,2710.5,1547.1,1484.8,3209.8,909.0,3140.9,932.0,1927.2,1179.0,3850.1,5407.5,5323.6,1213.3,496.9
2026-07-23 06:15:00,678.9,177.0,1132.2,360.3,671.2,560.8,34.1,5.5,349.1,58.1,68.4,1311.7,2161.6,3791.9,1588.3,1018.5,25.7,130.4,1191.5,1172.6,374.8,1087.6,5173.4,3944.2,1889.2,914.3,4327.6,5548.6,2728.1,1474.3,1485.3,3421.8,917.2,2967.7,944.1,1900.4,1189.3,3785.5,5456.6,5330.4,1225.7,483.0
2026-07-23 06:30:00,651.8,209.8,1134.6,381.6,688.9,578.5,34.0,5.8,350.8,55.4,75.0,1308.0,2176.1,4022.9,1606.0,1028.5,26.4,131.8,1197.3,1153.7,373.0,1061.8,5102.3,4052.6,1920.6,904.1,4346.5,5602.9,2738.1,1472.5,1488.9,3539.7,928.3,2996.3,952.2,1875.9,1205.0,3690.8,5525.3,5302.7,1247.7,463.1
2026-07-23 06:45:00,656.7,252.2,1138.1,377.7,708.7,617.6,34.0,20.1,355.5,57.4,79.7,1311.7,1997.7,3931.8,1621.0,1049.7,47.2,132.9,1199.3,1161.8,369.6,1045.8,5110.8,4270.7,1966.3,905.6,4355.5,5676.0,2757.3,1467.1,1492.9,3526.3,933.7,3000.4,960.2,1854.4,1224.6,3625.7,5603.0,5324.0,1269.6,471.6
2026-07-23 07:00:00,689.3,240.2,1119.0,409.1,736.2,734.7,34.0,12.8,351.6,57.3,141.5,1356.7,2197.1,3854.3,1627.3,1204.8,2.9,149.1,1226.1,1168.6,373.7,1021.1,5197.3,3990.4,2048.5,875.2,4378.5,5669.1,2795.7,1459.9,1546.5,3480.0,961.8,3209.6,956.4,2035.2,1250.2,3756.6,5689.2,5432.6,1287.4,456.6
2026-07-23 07:15:00,730.8,232.3,1120.2,415.3,758.2,774.0,34.0,29.4,340.7,69.7,145.4,1355.3,2289.3,3908.2,1636.3,1226.1,23.1,150.1,1229.5,1164.6,368.9,1008.0,5201.8,4144.7,2083.5,876.9,4391.4,5768.9,2808.9,1472.5,1552.4,3461.9,975.6,3173.4,961.7,2014.8,1262.2,3671.1,5734.4,5570.5,1298.4,463.8
2026-07-23 07:30:00,725.0,245.2,1099.2,420.7,770.6,811.1,34.0,31.8,335.4,122.4,156.8,1350.7,2342.7,3917.6,1639.8,1205.6,23.3,150.9,1226.4,1164.1,373.0,990.1,5215.0,4285.5,2107.8,874.5,4404.4,5829.3,2811.9,1454.8,1558.3,3442.9,984.0,3197.5,966.8,1991.3,1264.7,3628.4,5752.7,5634.2,1314.8,403.1
2026-07-23 07:45:00,688.2,304.4,1099.7,405.7,776.3,816.2,34.0,33.3,328.1,127.0,158.6,1365.0,2348.9,3964.4,1627.1,1229.1,23.6,151.0,1222.1,1177.0,356.2,975.0,5227.2,4418.2,2140.1,861.0,4405.0,5782.4,2827.7,1469.4,1568.6,3441.1,989.4,3276.7,969.8,1964.1,1258.3,3581.3,5791.5,5571.3,1325.6,395.7
2026-07-23 08:00:00,692.5,320.0,1070.2,419.0,775.5,594.6,44.0,29.7,351.8,99.8,242.2,1313.3,2385.5,4339.2,1896.1,1282.3,0.0,166.6,1300.2,1258.0,358.3,962.0,5272.2,4181.2,2215.2,851.7,4548.3,5709.8,2872.3,1333.6,1606.8,3385.4,989.6,3471.8,966.9,2033.1,1245.7,3811.3,5789.1,5700.9,1320.7,465.5
2026-07-23 08:15:00,690.7,335.3,1055.8,419.5,781.8,616.0,44.0,30.4,342.7,101.2,242.1,1323.9,2470.7,4298.0,1874.8,1270.3,0.0,166.8,1292.5,1262.6,360.8,947.8,5270.0,4297.8,2235.9,845.8,4499.3,5571.4,2862.2,1350.7,1610.5,3390.3,986.5,3342.5,968.6,2010.2,1236.4,3808.4,5799.1,5578.1,1318.5,408.4
2026-07-23 08:30:00,710.9,295.2,1032.8,215.7,780.5,647.2,44.0,25.1,334.8,52.2,239.9,1345.5,3333.0,4440.9,1844.8,1147.3,0.0,166.5,1283.6,1293.7,355.6,927.9,5251.1,4308.4,2250.0,840.7,4491.3,5521.1,2868.4,1349.6,1614.6,3349.5,1011.9,3207.5,969.7,1991.0,1236.8,3734.6,5799.7,5587.7,1313.3,412.4
2026-07-23 08:45:00,692.2,308.6,1005.0,202.6,774.2,628.3,44.0,25.3,321.4,36.2,238.2,1355.9,3343.0,3853.6,1819.8,982.9,0.1,186.4,1274.8,1259.9,351.9,904.4,5250.0,4446.6,2262.0,792.8,4487.5,5223.9,2871.2,1364.1,1616.1,3302.1,1021.1,2888.0,978.0,1975.8,1243.6,3708.4,5807.3,5571.4,1311.1,416.8
2026-07-23 09:00:00,680.3,379.7,971.5,279.7,758.3,355.0,45.1,54.9,341.4,36.1,333.8,1433.8,3658.0,3906.2,1926.0,939.4,0.0,256.9,1439.5,1253.3,344.6,848.3,5257.0,4403.6,2298.9,815.4,4477.9,5291.8,2912.6,1630.7,1630.7,3485.1,1012.3,2634.8,989.0,1946.6,1255.0,3590.2,5778.1,5363.2,1285.9,382.9
2026-07-23 09:15:00,673.2,395.8,945.4,270.0,757.4,369.0,45.3,35.5,334.7,34.4,324.5,1462.0,3659.6,3842.2,1895.0,948.4,0.0,274.7,1436.3,1267.0,344.5,842.7,5244.0,4544.4,2314.7,699.4,4468.1,4588.1,2907.7,1653.0,1635.2,3422.8,1014.6,2499.4,992.9,1935.8,1268.1,3636.1,5770.5,5073.4,1280.3,390.9
2026-07-23 09:30:00,670.3,387.3,916.4,245.7,749.3,384.9,45.6,36.0,314.2,26.9,320.8,1470.2,3924.8,4075.7,1859.8,914.9,0.0,263.5,1429.3,1270.7,353.5,494.9,5243.5,4603.3,2329.3,698.5,4466.0,4185.4,2901.2,1681.8,1633.5,3402.1,1021.4,2241.2,994.0,1924.2,1276.6,3616.4,5773.2,5078.9,1272.8,399.3
2026-07-23 09:45:00,662.0,400.8,875.8,249.7,752.5,404.2,45.8,36.5,293.1,30.2,315.8,1491.3,4747.6,3856.5,1832.7,940.3,0.0,260.7,1422.8,1086.8,356.8,334.2,5239.5,4652.1,2343.0,698.4,4461.6,3693.9,2880.8,1682.0,1636.6,3392.8,1021.1,2076.1,993.5,1913.6,1279.9,3574.4,5776.6,5088.5,1273.4,404.2
2026-07-23 10:00:00,655.4,418.3,829.5,232.6,756.8,431.6,68.5,10.8,272.0,37.6,380.2,1537.8,4905.8,4236.1,1774.2,908.6,5.7,171.7,1428.8,952.0,367.9,319.1,5228.6,4936.2,2370.2,730.7,4312.5,3263.4,2872.6,2059.2,1635.7,3484.2,1041.3,1939.0,988.5,1837.1,1282.5,3274.7,5788.4,4945.3,1250.4,458.0
2026-07-23 10:15:00,667.9,382.1,800.3,243.7,753.0,461.4,45.7,11.2,252.0,51.0,375.1,1541.9,4999.4,4273.7,1716.0,929.3,5.7,161.4,1446.0,931.4,363.2,304.2,5215.3,4887.7,2376.6,727.3,4337.4,2815.5,2867.7,2059.9,1646.3,3456.4,1074.7,1797.1,985.9,1820.7,1281.3,3171.6,5789.7,4951.2,1247.8,464.4
2026-07-23 10:30:00,660.1,384.5,778.7,256.1,751.1,477.7,45.7,11.2,234.7,58.0,367.2,1560.6,5028.2,4328.3,1672.2,951.4,5.7,160.8,1435.7,961.0,361.6,300.1,5307.4,4970.5,2384.5,728.3,4351.9,2615.9,2863.0,2060.8,1643.2,3447.3,1072.4,1740.4,985.3,1808.1,1282.1,3134.5,5772.0,4959.5,1245.8,470.9
2026-07-23 10:45:00,651.4,390.1,754.3,270.6,739.0,491.1,46.7,11.4,216.0,52.1,429.9,1576.6,5037.5,4398.5,1633.3,950.9,5.7,140.4,1471.4,980.0,382.3,293.9,5300.3,5003.5,2390.6,727.1,4343.9,2389.9,2868.1,2061.2,1641.9,3445.3,1068.8,1746.1,988.1,1792.7,1284.5,3127.8,5754.8,4958.9,1249.1,472.0
2026-07-23 11:00:00,646.9,395.6,954.9,243.7,730.3,500.3,133.9,8.8,199.7,32.6,286.5,1621.3,5032.4,4381.8,1688.3,1102.8,20.0,246.6,1442.0,996.2,348.8,288.6,5275.1,5087.3,2409.8,692.2,4259.2,2740.1,2880.1,1787.2,1646.9,3183.3,1048.7,1347.5,989.8,1855.5,1291.9,3455.1,5855.3,4928.6,1229.4,425.9
2026-07-23 11:15:00,646.4,397.6,940.5,255.0,730.0,501.5,111.6,9.1,179.7,34.9,315.1,1622.5,5050.0,4395.3,1656.9,1102.6,20.0,248.5,1437.0,1001.2,356.9,274.4,5256.8,5138.6,2415.5,692.9,4257.0,2734.9,2881.4,1772.4,1648.7,3165.1,1045.4,1320.4,991.4,1842.5,1297.0,3464.8,5856.2,4888.9,1216.7,418.6
2026-07-23 11:30:00,647.0,398.2,1138.6,286.0,728.4,506.3,126.4,9.4,167.3,42.3,327.4,1641.7,5082.6,4497.4,1613.0,1113.3,20.0,259.3,1431.2,1012.5,354.0,269.8,5255.6,5171.3,2416.3,693.4,4246.2,2742.3,2877.8,1772.3,1648.2,3158.8,1038.4,1291.4,996.5,1830.1,1301.0,3408.3,5835.1,4937.2,1211.4,408.0
2026-07-23 11:45:00,649.1,405.3,1131.2,269.7,733.2,488.7,113.0,9.7,152.7,66.0,339.1,1641.1,5102.7,4524.4,1588.0,1138.6,20.0,240.6,1450.4,1027.4,361.6,269.4,5235.5,5226.8,2422.1,694.2,4246.9,2743.8,2877.0,1751.3,1651.3,3144.5,1040.9,1308.5,1003.1,1825.1,1304.5,3406.6,5828.5,4906.9,1208.6,399.8
2026-07-23 12:00:00,678.5,411.6,1127.9,234.4,737.8,480.9,163.2,9.7,224.9,68.9,345.8,1707.3,5228.3,4658.0,1662.7,1028.3,23.4,180.3,1560.7,1030.3,399.0,260.9,5196.5,5105.3,2436.1,732.1,4155.0,2716.1,2866.8,1599.3,1644.0,3062.2,1051.6,1399.9,1008.7,1841.5,1308.4,3554.6,5812.3,4865.7,1230.7,381.6
2026-07-23 12:15:00,678.2,395.9,1110.7,267.8,745.5,472.3,163.1,9.8,206.5,62.1,349.3,1710.4,5284.1,4641.7,1655.9,1014.2,23.4,188.1,1607.6,1020.0,423.6,254.8,5188.8,5158.6,2438.1,732.3,4143.6,2717.7,2865.6,1611.5,1643.2,3068.2,1051.2,1378.4,1014.0,1834.2,1311.4,3548.0,5810.4,4838.5,1242.1,368.6
2026-07-23 12:30:00,682.4,392.0,1094.5,262.9,748.7,476.2,163.1,9.9,213.5,71.6,319.1,1721.3,5277.6,4728.4,1651.6,1008.6,23.4,186.3,1622.6,1028.7,432.7,252.8,5181.8,5052.8,2439.7,732.5,4145.1,2718.8,2858.8,1605.0,1642.8,3173.8,1050.8,1377.6,1020.6,1824.1,1313.5,3446.6,5839.0,4822.7,1244.0,354.0
2026-07-23 12:45:00,684.5,391.8,1086.1,257.9,758.0,451.6,175.0,10.1,213.1,88.8,350.2,1733.3,5282.8,4778.7,1647.5,975.5,23.4,165.7,1704.7,989.7,452.3,244.8,5171.3,5000.4,2443.8,732.6,4141.8,2721.7,2863.1,1600.0,1645.6,3227.3,1047.6,1375.1,1024.4,1812.3,1322.5,3360.8,5852.3,4815.0,1259.2,344.1
2026-07-23 13:00:00,754.8,390.4,1120.7,258.1,778.1,471.2,142.1,10.1,211.8,105.4,427.2,1706.3,5200.0,4769.3,1617.7,1032.9,9.9,149.7,1607.7,1030.7,468.5,245.9,5236.2,5268.4,2444.7,779.5,4122.0,2676.6,2849.9,1623.3,1641.2,3254.4,1047.6,1435.7,1017.9,1761.3,1324.4,2942.0,5974.5,4918.9,1276.5,319.6
2026-07-23 13:15:00,750.1,403.5,1120.0,265.8,791.4,461.6,154.1,10.0,215.2,124.6,424.9,1705.8,5203.6,4740.8,1634.8,1046.5,9.9,150.0,1643.8,999.6,484.4,236.6,5241.4,5272.7,2440.7,779.4,4123.5,2679.4,2850.7,1629.6,1639.6,3236.8,1046.4,1438.4,1021.9,1757.3,1325.4,2939.6,6016.4,4917.3,1283.0,307.4
2026-07-23 13:30:00,752.8,399.3,1115.5,271.7,802.9,448.8,154.1,10.0,214.8,142.2,420.7,1694.5,5242.6,4768.5,1622.0,1010.3,9.9,130.8,1644.1,904.4,485.7,235.1,5241.8,5263.9,2445.5,779.5,4118.9,2681.9,2846.6,1630.2,1641.1,3293.8,1050.1,1466.7,1024.3,1752.2,1320.1,2909.4,5996.1,4915.0,1282.3,300.5
2026-07-23 13:45:00,753.9,380.4,1130.0,243.1,800.6,434.8,153.9,9.9,213.7,157.7,413.9,1720.7,5321.3,4617.2,1604.9,1022.3,9.9,131.7,1666.4,811.1,485.0,236.5,5247.7,5252.1,2442.6,779.2,4109.4,2683.6,2849.3,1633.2,1646.2,3282.7,1053.1,1437.9,1024.8,1748.0,1307.6,2895.9,5976.8,4911.9,1280.9,294.6
2026-07-23 14:00:00,748.1,366.6,1131.3,234.3,796.2,380.9,180.4,41.0,205.7,182.2,428.2,1810.5,5205.6,4730.7,1614.1,1016.5,40.7,161.7,1727.0,913.4,479.6,246.8,5247.7,5239.1,2452.9,780.6,4122.2,2679.3,2833.9,1614.1,1643.0,3394.5,1045.6,1566.0,1022.5,1742.1,1304.4,2764.7,6003.5,4906.0,1254.7,286.7
2026-07-23 14:15:00,756.4,358.1,1135.2,217.0,800.1,407.3,173.2,31.5,204.7,196.1,424.0,1807.1,5209.9,4622.3,1594.7,1023.0,40.8,162.7,1729.8,939.2,482.3,245.0,5259.7,5225.0,2458.4,780.0,4116.9,2681.5,2839.0,1619.4,1646.8,3401.8,1042.6,1573.9,1021.6,1738.6,1300.5,2766.6,5992.0,4900.4,1267.5,286.2
2026-07-23 14:30:00,762.9,350.0,1141.5,210.0,786.5,424.0,168.5,22.9,204.2,209.7,411.1,1817.4,5212.9,4503.5,1585.0,1026.2,40.7,143.6,1730.4,946.5,482.3,245.2,5273.8,5256.3,2455.4,779.5,4110.7,2683.6,2833.1,1631.6,1643.0,3401.1,1048.1,1549.4,1024.7,1734.9,1302.7,2801.0,5993.0,4897.9,1263.8,286.9
2026-07-23 14:45:00,755.3,345.0,1156.9,211.8,790.5,423.9,180.0,24.2,203.2,224.3,413.7,1816.2,5193.3,4461.5,1591.0,1026.0,40.7,144.6,1733.2,925.2,481.0,248.1,5284.8,5313.8,2458.4,779.0,4105.7,2685.7,2836.1,1650.8,1640.8,3399.2,1053.8,1533.3,1029.6,1733.2,1310.7,2846.0,6025.5,4898.6,1290.4,283.8
2026-07-23 15:00:00,770.3,334.3,1155.9,210.1,771.0,390.4,146.2,38.7,199.7,250.7,361.7,1804.7,5093.2,4774.4,1537.3,1117.7,26.0,169.2,1550.4,964.8,471.2,243.2,5258.4,5063.3,2469.1,777.2,4138.5,2655.2,2823.2,1623.3,1641.3,3440.6,1053.6,1523.3,1036.2,1763.0,1318.4,3151.6,5923.8,4767.6,1310.6,278.5
2026-07-23 15:15:00,765.2,326.1,1163.7,208.6,767.7,425.5,146.2,40.7,197.7,256.1,360.9,1806.4,5037.2,4774.4,1548.6,1127.6,26.0,190.7,1556.0,1019.7,464.6,256.1,5272.2,5092.2,2471.6,777.3,4125.7,2668.7,2826.4,1636.4,1642.3,3440.8,1054.0,1598.0,1042.7,1760.6,1330.9,3214.8,5947.7,4757.8,1325.6,274.7
2026-07-23 15:30:00,759.9,318.7,956.9,215.5,767.9,407.2,134.1,35.8,197.6,254.9,359.0,1797.9,4985.1,4904.5,1556.9,1120.8,26.0,192.3,1555.9,1024.3,465.3,256.7,5292.5,5096.9,2475.1,776.4,4123.9,2674.4,2824.4,1649.7,1644.9,3452.6,1057.6,1605.9,1040.6,1758.6,1340.4,3233.9,5971.7,4746.9,1349.1,271.6
2026-07-23 15:45:00,762.9,309.3,964.0,215.0,759.9,399.6,131.7,43.1,197.6,248.2,358.8,1788.1,4939.7,4884.5,1580.4,1165.3,26.0,190.4,1559.3,1130.2,471.1,261.4,5298.3,5146.7,2479.0,775.6,4118.4,2667.6,2825.9,1671.8,1640.2,3440.7,1053.6,1606.3,1043.4,1758.0,1345.2,3261.9,5975.2,4735.7,1366.4,269.2
2026-07-23 16:00:00,696.1,289.1,720.9,191.5,758.4,474.2,53.5,53.4,184.6,252.1,330.4,1669.8,4971.6,4847.7,1584.0,1290.4,58.6,162.0,1673.0,1022.3,482.4,274.1,5286.4,4854.7,2473.9,775.0,4195.0,2571.4,2816.2,1589.2,1633.3,3367.7,1056.3,1329.9,1054.1,1842.1,1349.1,3757.5,6057.1,4736.6,1393.3,261.5
2026-07-23 16:15:00,696.0,279.2,745.7,191.1,756.9,495.5,52.0,45.3,181.1,241.1,330.9,1663.0,4889.8,4978.9,1620.0,1328.2,58.6,165.7,1628.4,1147.5,472.1,272.5,5300.5,4923.9,2476.0,775.8,4192.3,2584.1,2804.0,1602.0,1631.7,3358.6,1060.4,1361.0,1058.3,1841.1,1349.6,3857.3,6086.2,4719.6,1415.3,258.6
2026-07-23 16:30:00,693.8,266.8,774.2,164.9,765.3,472.6,51.2,28.9,182.8,223.6,326.7,1644.2,4875.4,5109.9,1682.4,1313.8,61.2,151.1,1565.6,1179.3,455.5,271.8,5288.9,5133.2,2492.3,775.9,4190.5,2589.8,2799.1,1646.3,1626.9,3282.7,1055.9,1358.0,1059.9,1842.9,1345.4,3966.5,6127.0,4710.5,1430.9,252.1
2026-07-23 16:45:00,702.9,258.6,800.1,156.2,764.1,450.1,51.2,39.0,169.6,203.8,319.6,1637.7,4815.7,5096.5,1633.8,1294.2,58.6,159.3,1556.6,1199.7,448.4,274.1,5282.5,5225.0,2490.6,775.8,4180.5,2697.8,2799.9,1618.1,1629.7,3199.5,1108.5,1319.6,1058.4,1844.0,1344.7,4058.8,6161.9,4751.1,1467.4,246.4
2026-07-23 17:00:00,708.0,250.6,831.1,207.1,772.1,417.5,54.0,115.5,138.1,185.4,227.4,1595.9,4901.0,4672.1,1615.2,1534.6,139.3,101.2,1465.6,1362.4,399.2,263.5,5290.0,4989.5,2467.2,762.2,4372.3,2853.3,2758.3,1426.1,1624.9,3184.1,1080.8,1446.9,1067.3,2520.3,1356.7,3922.6,6147.8,4730.3,1481.5,252.6
2026-07-23 17:15:00,712.9,236.3,869.0,201.1,766.5,405.4,43.0,120.8,126.1,199.7,197.3,1590.9,4837.7,4623.6,1656.1,1536.2,139.3,93.3,1449.3,1378.4,386.3,245.5,5297.3,5004.0,2464.6,763.0,4359.5,3012.5,2764.8,1418.4,1621.7,3189.8,1079.7,1525.1,1068.8,2521.5,1355.7,3959.3,6196.5,4737.6,1517.7,247.0
2026-07-23 17:30:00,733.8,222.1,909.7,201.8,766.4,383.3,43.0,121.2,127.3,170.6,199.6,1564.9,4589.9,4586.0,1748.6,1541.9,139.3,130.3,1452.7,1569.3,380.0,231.6,5319.8,4970.6,2464.1,764.2,4319.8,3320.1,2763.4,1426.3,1625.0,3247.6,1077.0,1817.9,1065.0,2522.5,1351.5,3973.4,6259.5,4788.7,1534.3,244.9
2026-07-23 17:45:00,733.3,208.3,954.7,200.8,762.6,363.5,43.0,119.2,128.1,138.2,213.7,1539.3,3863.4,4784.0,1820.3,1571.5,139.3,130.4,1454.5,1575.1,373.7,374.9,5351.2,4973.0,2464.1,768.2,4334.1,3877.2,2764.1,1437.8,1620.1,3268.3,1075.9,1914.3,1064.2,2524.2,1343.2,3994.1,6302.9,4783.2,1573.1,233.6
2026-07-23 18:00:00,719.7,194.7,1009.9,182.5,756.0,441.3,22.0,119.6,113.6,125.6,166.7,1514.5,3536.2,4019.6,1742.9,1702.6,138.4,119.3,1470.3,1490.6,380.4,389.9,5410.7,4893.2,2441.9,695.5,4317.6,4355.2,2740.5,1392.0,1620.7,3326.5,1091.7,2111.0,1057.9,2352.9,1352.9,3976.4,6344.0,5029.6,1574.4,222.3
2026-07-23 18:15:00,717.5,192.5,1066.5,183.5,762.9,416.3,22.0,118.4,135.2,115.6,152.3,1506.0,3547.1,3813.2,1741.0,1867.6,138.6,129.7,1462.2,1553.2,386.2,690.1,5432.3,4832.7,2434.1,698.4,4323.3,4950.0,2729.3,1400.1,1616.4,3354.9,1047.5,2222.0,1058.7,2357.5,1354.1,3983.1,6392.3,5117.3,1605.4,211.0
2026-07-23 18:30:00,715.8,190.8,1115.6,198.3,766.1,396.3,22.0,113.4,158.9,102.8,169.2,1481.0,2873.6,3726.9,1760.6,2101.9,136.0,152.4,1464.2,1550.7,398.5,681.7,5450.6,4712.4,2435.7,703.8,4340.6,5906.3,2727.8,1402.1,1614.6,3440.7,1041.5,2579.9,1061.0,2360.8,1362.9,3957.6,6444.3,5145.7,1627.8,198.0
2026-07-23 18:45:00,719.5,194.5,1157.7,204.9,768.1,378.1,22.1,111.2,181.9,88.2,181.7,1471.0,2340.0,3963.2,1813.3,2171.0,139.0,122.1,1472.7,1520.4,410.7,669.3,5471.1,4657.9,2431.3,859.9,4393.7,6407.4,2723.8,1409.3,1611.9,3472.0,1023.5,3047.3,1065.8,2365.1,1377.8,3956.8,6495.6,5122.4,1655.7,184.9
2026-07-23 19:00:00,732.4,171.8,1204.6,410.0,766.1,422.4,11.0,92.5,196.1,56.5,497.6,1400.7,2621.8,3121.9,1798.8,2053.5,119.0,124.8,1405.6,1521.1,422.2,638.0,5494.5,4629.2,2432.3,932.2,4445.7,6265.4,2670.1,1394.7,1618.6,3480.3,1029.2,3045.6,1097.1,2502.8,1400.3,3857.7,6505.5,5230.4,1686.5,208.6
2026-07-23 19:15:00,740.3,177.1,1231.3,411.7,766.4,417.1,11.0,92.9,226.6,48.4,496.5,1386.3,1963.4,3062.2,1769.1,1925.4,119.0,125.6,1415.3,1482.6,426.8,628.1,5499.8,4499.6,2438.5,974.4,4453.8,6557.8,2671.2,1400.5,1613.8,3497.2,1028.1,3582.5,1092.4,2506.7,1414.7,3866.4,6517.1,5248.3,1712.9,197.7
2026-07-23 19:30:00,744.5,179.8,1257.1,636.1,767.8,422.3,11.0,96.7,260.0,40.1,514.7,1352.8,1916.3,2934.5,1677.6,1724.6,119.0,126.2,1425.5,1458.6,435.4,614.8,5502.0,4491.6,2434.4,983.3,4462.1,6612.8,2688.0,1407.1,1617.9,3502.7,1030.5,3728.6,1082.3,2513.2,1422.2,3879.7,6530.3,5243.7,1732.1,187.2
2026-07-23 19:45:00,753.2,190.6,1274.4,637.2,769.4,421.9,11.0,96.4,291.1,56.0,516.6,1336.0,1921.6,2910.6,1749.8,1736.4,119.1,126.6,1452.5,1447.4,444.3,611.2,5496.1,4424.6,2433.3,991.1,4459.7,6972.9,2693.4,1415.6,1613.6,3502.6,1025.6,3867.4,1063.8,2518.7,1428.4,3829.2,6552.4,5331.0,1747.7,178.1
2026-07-23 20:00:00,762.9,262.9,1282.8,701.7,771.3,494.1,12.1,55.0,306.6,78.4,561.3,1310.6,1776.5,2472.7,1697.4,1896.1,111.4,106.9,1749.5,1405.8,439.8,588.2,5414.4,4567.8,2434.4,1077.9,4414.3,7371.5,2602.6,1333.5,1609.5,3536.2,1029.9,4009.9,1036.4,2632.3,1428.6,3300.4,6592.0,5418.7,1759.0,218.0
2026-07-23 20:15:00,762.8,270.8,1287.6,706.8,767.8,487.2,12.0,70.6,322.5,77.3,560.3,1299.5,1782.3,2382.5,1739.7,1877.1,111.4,86.8,1743.1,1400.2,438.2,587.0,5398.7,4495.2,2430.0,1084.6,4414.5,7527.2,2616.2,1336.3,1607.7,3533.6,1026.1,3938.1,1019.1,2643.9,1428.9,3303.2,6588.1,5428.1,1756.6,237.9
2026-07-23 20:30:00,763.9,270.3,1283.6,714.7,765.9,476.2,12.0,68.5,331.6,72.8,553.1,1284.8,1777.9,2497.1,1792.5,1855.8,111.4,86.7,1746.4,1389.2,439.8,584.7,5376.5,4411.0,2416.4,1093.7,4419.1,7566.9,2612.7,1349.0,1610.4,3528.1,1028.1,3901.9,1015.3,2667.3,1417.8,3311.3,6581.6,5382.3,1756.4,235.2
2026-07-23 20:45:00,760.2,260.2,1277.0,718.2,761.0,472.6,12.0,71.1,341.2,75.5,555.4,1285.0,1782.2,2429.9,1840.3,1865.3,111.5,86.3,1742.2,1397.2,450.0,610.4,5351.5,4312.1,2414.8,1099.8,4419.2,7581.4,2610.0,1361.5,1607.2,3521.6,1027.8,3846.8,1014.4,2691.2,1410.4,3320.6,6560.7,5382.9,1753.1,235.5
2026-07-23 21:00:00,752.8,265.8,1246.6,721.5,742.6,467.9,21.0,74.8,343.3,78.1,551.6,1298.8,1727.5,2509.8,1801.5,1902.0,79.8,70.2,1666.4,1441.4,429.7,625.2,5399.3,4515.3,2392.3,1140.9,4394.0,7318.2,2547.7,1377.0,1597.1,3614.1,1029.4,4090.3,1009.2,2417.1,1312.0,3216.5,6533.8,5409.6,1768.8,177.2
2026-07-23 21:15:00,747.2,274.0,1231.7,732.0,733.8,467.2,21.0,74.8,347.3,76.5,548.7,1291.4,1722.0,2380.6,1826.7,1883.8,99.6,70.1,1669.5,1410.7,441.2,639.2,5432.4,4446.3,2383.7,1143.8,4385.4,7245.6,2552.4,1386.9,1596.7,3609.7,1022.5,4017.3,1007.6,2447.1,1299.1,3258.6,6499.1,5417.7,1745.0,176.4
2026-07-23 21:30:00,738.6,268.3,1208.0,733.7,724.9,466.8,21.0,74.2,348.8,73.6,546.2,1303.0,1691.3,2284.5,1838.4,1863.1,100.6,70.0,1667.5,1405.5,440.5,648.8,5424.9,4326.7,2371.4,1146.8,4382.1,7235.1,2551.9,1397.9,1593.5,3603.2,1026.0,3917.5,1005.9,2477.9,1286.8,3263.0,6476.0,5420.1,1740.7,174.7
2026-07-23 21:45:00,730.5,270.2,1177.8,739.5,710.6,458.5,21.0,80.0,345.6,72.4,549.0,1309.0,1688.8,2180.5,1837.9,1830.2,101.5,69.7,1689.5,1396.0,443.5,666.6,5404.5,4218.2,2360.5,1149.3,4375.2,7199.7,2550.5,1411.1,1594.4,3598.9,1016.8,3817.0,1004.1,2501.0,1278.2,3274.6,6455.0,5427.5,1737.3,172.8
2026-07-23 22:00:00,718.8,223.2,1133.5,752.3,693.9,418.4,12.0,32.0,341.9,66.0,546.2,1270.9,1541.6,2091.5,1798.0,1843.7,52.5,151.7,1621.9,1450.1,415.8,698.4,5356.1,4438.2,2365.7,1258.8,4390.5,6904.0,2488.3,1464.7,1577.5,3604.0,1016.8,3880.4,1000.6,2164.7,1289.8,3316.4,6423.8,5387.8,1732.0,172.5
2026-07-23 22:15:00,709.8,210.8,1105.9,756.3,673.7,417.5,12.0,32.1,338.3,65.6,552.8,1272.3,1540.2,2053.2,1800.7,1811.3,51.9,151.5,1618.6,1427.5,424.0,707.1,5316.3,4263.6,2357.2,1256.4,4382.7,6807.1,2490.0,1470.8,1578.0,3598.3,1009.7,3837.6,995.5,2192.9,1283.1,3348.3,6367.7,5384.3,1712.8,172.3
2026-07-23 22:30:00,698.1,207.1,1073.8,759.4,656.4,417.5,12.0,36.1,336.6,64.8,561.6,1261.0,1528.8,1986.0,1780.5,1810.9,31.4,151.3,1613.5,1429.9,422.6,723.4,5269.1,4096.9,2327.7,1254.9,4381.9,6710.8,2483.3,1478.4,1572.7,3585.4,1004.2,3748.9,990.0,2213.5,1271.9,3362.6,6320.0,5381.9,1684.8,172.9
2026-07-23 22:45:00,687.0,199.0,1044.2,763.9,641.7,415.2,12.0,37.8,330.9,64.7,557.8,1255.5,1549.8,1947.3,1762.9,1805.5,30.8,151.0,1620.3,1436.5,424.9,720.1,5222.6,3930.4,2315.4,1246.5,4367.6,6639.9,2477.0,1484.9,1574.0,3580.0,999.8,3645.6,980.0,2222.8,1257.0,3363.8,6261.8,5394.9,1658.9,172.4
2026-07-23 23:00:00,673.8,172.4,1019.7,527.4,622.0,350.1,24.0,36.9,325.4,16.5,499.4,1302.4,1382.7,1794.8,1710.8,1786.3,0.3,146.4,1569.8,1441.1,413.7,765.0,5095.4,4032.8,2276.6,1230.6,4374.7,6626.8,2427.3,1538.5,1559.3,3542.8,1005.0,3603.0,971.7,2136.5,1240.6,3099.2,6137.7,5459.1,1609.7,152.8
2026-07-23 23:15:00,665.4,162.4,1001.0,526.5,608.8,361.9,24.1,35.3,320.9,11.9,490.3,1307.3,1440.2,1807.7,1682.4,1762.6,0.0,175.5,1572.9,1441.6,411.9,766.6,5055.2,3897.9,2239.8,1166.4,4359.3,6615.4,2424.7,1546.2,1556.7,3522.7,998.2,3460.9,963.7,2136.1,1227.3,3112.2,6069.2,5459.9,1575.3,153.9
2026-07-23 23:30:00,656.9,158.4,977.6,506.7,595.1,351.9,24.0,34.8,315.7,11.7,482.7,1314.5,1455.2,1789.8,1653.5,1753.4,0.0,199.7,1570.5,1453.0,409.5,770.5,5013.5,3829.8,2216.9,1158.7,4356.7,6574.3,2413.6,1550.7,1553.2,3510.2,990.3,3319.9,954.6,2138.2,1212.0,3113.7,5990.3,5474.0,1552.1,155.7
2026-07-23 23:45:00,650.2,158.1,957.8,505.5,590.4,342.8,24.0,31.0,304.0,9.4,470.0,1327.1,1606.0,1851.6,1628.0,1741.2,0.1,199.1,1565.1,1473.6,407.2,786.7,4972.8,3815.4,2181.0,1113.6,4338.3,6499.6,2409.7,1557.9,1552.8,3448.6,987.0,3033.9,946.6,2143.4,1199.5,3122.0,5909.7,5436.4,1525.7,156.8
2026-07-24 00:00:00,627.5,145.5,902.8,501.8,587.3,528.4,38.0,78.4,312.0,8.0,123.5,1300.5,2072.7,2035.0,925.3,1053.4,0.0,107.2,955.3,1451.4,365.6,797.8,4825.2,3928.7,2084.3,1000.6,4568.9,6481.8,2363.9,1647.9,1513.4,3081.8,949.3,3021.8,903.5,2135.8,1271.1,3178.9,5789.2,5422.2,1452.6,128.4
2026-07-24 00:15:00,621.9,145.5,896.8,500.4,579.6,527.5,38.0,75.9,305.4,8.0,114.3,1310.8,2345.6,1961.4,1112.6,1235.7,0.0,106.8,953.7,1458.3,371.8,788.2,4827.1,3911.8,2062.5,993.5,4564.8,6448.9,2360.1,1650.4,1510.6,3064.2,943.2,2903.5,904.1,2131.5,1267.7,3177.0,5728.3,5437.4,1421.2,133.8
2026-07-24 00:30:00,616.1,146.7,894.7,502.1,573.7,526.2,38.0,76.2,303.2,8.0,97.3,1315.0,2348.8,1936.7,1183.3,1306.6,0.0,106.3,956.0,1463.1,371.7,786.9,4814.1,3899.3,2027.1,989.4,4548.4,6396.6,2347.2,1652.1,1509.2,3049.3,940.4,2776.4,903.3,2122.9,1264.2,3171.3,5673.5,5448.9,1401.9,136.0
2026-07-24 00:45:00,610.0,146.1,901.4,499.3,569.8,524.8,38.0,75.9,301.4,8.0,94.3,1335.1,2353.1,1897.7,1179.4,1294.3,0.0,81.1,966.2,1460.0,369.6,782.9,4788.0,3944.3,1999.8,981.5,4537.2,6074.6,2333.9,1652.9,1508.8,2994.0,934.0,2433.8,898.8,2108.6,1257.8,3183.0,5615.0,5457.1,1372.7,133.0
2026-07-24 01:00:00,597.6,147.1,896.2,492.1,563.8,523.2,38.0,62.0,328.0,13.0,85.5,1303.2,2319.7,1805.1,1136.8,1324.0,0.0,103.8,925.6,1467.2,365.8,791.1,4729.8,4086.2,1940.8,887.6,4324.6,6146.7,2303.3,1769.0,1482.0,2926.0,909.4,2519.1,896.6,2004.4,1245.4,3101.7,5511.1,5481.2,1327.6,133.7
2026-07-24 01:15:00,594.6,147.1,893.0,489.8,559.6,522.2,38.0,64.4,324.3,13.0,84.8,1307.5,2316.8,1767.8,1121.3,1309.5,0.0,103.6,926.5,1473.8,365.4,790.2,4710.1,4078.0,1918.6,885.7,4311.6,6127.1,2299.4,1769.0,1478.1,2888.6,907.6,2421.1,893.5,1989.1,1237.5,3080.9,5456.3,5492.2,1308.2,133.2
2026-07-24 01:30:00,594.3,147.2,889.7,491.7,556.5,522.2,38.0,65.4,327.4,13.1,82.4,1310.7,2321.4,1743.1,1106.5,1295.5,0.0,103.3,922.9,1500.8,364.7,789.3,4691.7,4064.3,1893.2,882.6,4303.8,6016.0,2296.2,1767.8,1474.3,2873.4,903.5,2398.0,890.2,1976.7,1229.6,3063.4,5413.7,5505.1,1290.5,135.1
2026-07-24 01:45:00,591.6,147.2,885.2,485.3,555.3,521.7,38.0,58.9,323.4,13.0,79.2,1329.6,2381.2,1705.8,1108.1,1295.7,0.0,103.6,927.2,1517.2,364.8,791.5,4674.2,4076.4,1871.3,881.5,4291.2,5845.6,2287.7,1768.7,1476.7,2843.9,900.0,2304.5,885.2,1966.5,1219.0,3057.9,5375.9,5519.0,1276.5,137.3
2026-07-24 02:00:00,589.4,147.7,884.9,284.0,553.2,520.1,38.0,70.5,327.7,14.1,126.2,1295.6,2289.7,1721.4,1103.5,1304.6,19.8,84.7,937.1,1541.2,362.2,799.4,4638.1,4087.4,1827.0,887.1,4277.3,5855.9,2269.4,1782.4,1453.8,2791.7,918.0,2330.3,881.5,1933.9,1211.9,3024.1,5380.1,5534.6,1262.4,131.8
2026-07-24 02:15:00,585.9,147.3,880.8,280.9,553.7,518.5,38.0,70.2,312.0,14.1,119.9,1297.5,2289.8,1698.9,1090.3,1303.7,19.8,65.3,910.1,1565.0,360.9,799.8,4625.4,4081.6,1814.8,884.9,4269.4,5767.4,2267.9,1785.3,1451.4,2780.4,914.4,2324.0,877.7,1934.7,1207.3,3006.4,5311.3,5537.0,1257.8,133.4
2026-07-24 02:30:00,584.9,146.3,876.4,277.8,554.5,511.7,38.0,68.1,324.3,14.1,148.2,1303.0,2293.2,1676.7,1091.1,1299.0,19.8,85.1,910.4,1583.2,359.6,800.2,4615.3,4088.5,1807.0,882.8,4263.9,5744.6,2263.3,1786.6,1451.1,2779.4,900.5,2317.5,875.1,1934.6,1208.5,2993.8,5290.2,5522.8,1249.6,139.5
2026-07-24 02:45:00,582.2,146.1,875.1,277.0,554.9,510.7,38.0,64.7,316.2,14.1,154.0,1306.4,2317.7,1657.7,1098.9,1298.8,19.8,85.1,909.3,1646.1,360.1,807.0,4600.9,4074.2,1793.7,880.9,4258.7,5731.7,2260.5,1788.2,1449.0,2766.6,897.3,2308.9,873.5,1939.1,1211.3,2968.3,5296.3,5503.1,1236.1,137.5
2026-07-24 03:00:00,572.4,146.1,915.8,239.0,556.1,463.2,39.1,58.1,316.2,17.7,79.7,1316.0,2266.3,1695.9,1041.2,1339.9,27.3,84.8,891.9,1631.5,354.5,790.0,4542.6,4068.7,1759.8,864.7,4250.6,5592.1,2246.6,1823.3,1438.3,2790.0,905.9,2349.0,873.2,1922.4,1216.9,2978.0,5231.5,5436.9,1235.1,144.3
2026-07-24 03:15:00,566.3,144.4,915.4,235.0,555.2,459.7,39.0,62.8,309.4,17.7,77.1,1316.1,2289.9,1677.0,1029.4,1334.2,27.3,64.8,905.7,1651.0,347.9,788.0,4523.8,4072.3,1750.2,862.4,4248.0,5531.9,2247.2,1830.3,1436.7,2778.2,899.9,2346.1,873.6,1924.8,1221.2,2962.4,5200.7,5411.3,1222.9,149.7
2026-07-24 03:30:00,576.9,138.9,919.3,231.0,551.7,459.3,39.0,61.1,321.4,17.7,72.6,1324.9,2320.0,1648.4,1022.6,1334.9,27.3,64.5,902.9,1660.3,346.3,781.9,4511.9,4068.1,1743.3,860.1,4245.1,5465.9,2243.7,1829.3,1431.4,2765.5,898.6,2341.2,872.8,1926.6,1221.3,2941.8,5167.2,5396.2,1219.5,154.7
2026-07-24 03:45:00,576.6,138.6,918.1,214.4,550.9,459.2,39.0,61.2,315.9,18.3,70.4,1333.8,2332.5,1616.6,1017.5,1338.8,27.3,64.6,899.4,1679.5,335.1,777.9,4510.2,4054.7,1738.0,859.1,4244.3,5432.1,2240.1,1830.8,1431.8,2764.0,900.0,2346.9,873.0,1926.8,1219.0,2919.9,5136.8,5398.8,1214.1,159.9
2026-07-24 04:00:00,584.6,142.9,928.3,238.3,548.1,373.7,38.0,72.2,343.5,5.8,125.1,1348.7,2343.8,1598.5,1013.8,1325.8,0.0,93.1,892.2,1702.0,348.5,772.6,4553.1,4154.8,1715.6,856.5,4192.5,5545.5,2237.4,1854.3,1424.8,2774.3,881.8,2319.3,870.1,1869.0,1213.5,2792.9,5098.5,5427.6,1208.8,198.2
2026-07-24 04:15:00,580.1,144.8,936.5,235.4,539.8,377.6,38.0,76.8,345.7,5.8,139.9,1347.6,2273.0,1573.0,1011.7,1332.2,0.0,93.3,888.5,1713.6,336.7,772.9,4560.2,4176.6,1716.8,855.2,4199.6,5496.9,2236.0,1855.6,1425.1,2775.8,883.3,2316.7,868.5,1863.1,1207.4,2791.6,5080.8,5449.8,1206.2,200.7
2026-07-24 04:30:00,575.0,140.0,947.2,234.6,534.0,387.0,38.0,72.9,328.8,5.8,147.2,1344.1,2274.8,1552.6,1016.3,1331.5,0.0,93.0,885.1,1725.0,335.0,771.2,4575.9,4194.3,1709.5,854.1,4197.2,5548.0,2235.4,1857.9,1424.5,2771.6,880.9,2319.7,872.3,1853.6,1203.9,2790.9,5068.8,5454.9,1197.8,202.6
2026-07-24 04:45:00,565.6,152.4,962.7,219.5,533.7,393.0,38.0,70.2,336.9,8.1,124.1,1352.3,2273.7,1532.3,1020.0,1364.7,0.0,93.2,870.2,1724.9,333.5,782.0,4614.6,4225.9,1708.8,851.7,4196.9,5571.9,2232.2,1860.6,1425.9,2770.8,880.3,2322.3,869.8,1838.4,1201.9,2803.9,5060.1,5461.6,1197.0,204.1
2026-07-24 05:00:00,591.0,105.0,960.9,292.4,546.8,377.1,38.0,84.3,317.4,12.3,87.5,1332.6,2335.2,1615.7,1006.4,1322.1,0.0,108.4,858.6,1763.2,344.1,769.7,4828.6,4287.9,1716.3,852.5,4113.1,5622.6,2199.0,1838.9,1431.1,2804.9,875.6,2361.1,870.0,1940.3,1203.1,2914.8,5118.9,5583.1,1176.4,206.3
2026-07-24 05:15:00,590.9,135.4,985.1,290.7,554.6,386.3,38.0,83.1,328.5,12.3,94.4,1329.7,2337.5,1592.0,1024.1,1340.0,0.0,131.1,857.6,1768.6,333.5,777.2,4853.6,4332.4,1731.4,852.1,4121.6,5650.7,2203.9,1843.2,1435.6,2804.8,878.9,2362.6,873.1,1923.3,1205.0,2920.3,5082.7,5558.0,1187.9,202.8
2026-07-24 05:30:00,595.1,150.3,995.6,292.0,563.8,411.1,38.0,75.4,333.2,12.4,93.3,1334.4,2362.0,1560.0,1034.7,1355.8,0.1,133.5,870.3,1772.6,332.9,757.3,4875.0,4388.2,1748.2,849.3,4124.0,5673.3,2215.1,1853.5,1436.5,2800.2,889.0,2375.4,876.3,1906.3,1208.6,2925.2,5106.8,5562.0,1188.2,193.8
2026-07-24 05:45:00,598.8,161.6,1005.8,295.7,572.2,445.5,38.0,77.1,337.4,12.5,105.1,1337.8,2223.6,2069.7,1044.3,1366.8,0.0,137.0,868.8,1779.1,332.4,763.0,4906.0,4438.6,1773.4,847.8,4130.2,5742.7,2223.1,1852.3,1439.4,2805.7,893.7,2366.2,880.8,1895.2,1213.3,2932.5,5140.2,5566.8,1219.5,193.3
2026-07-24 06:00:00,632.5,198.5,1015.9,298.5,591.9,416.8,29.0,60.2,341.0,16.7,102.3,1334.7,2539.3,2372.6,1063.9,1363.5,0.0,101.9,899.6,1808.1,346.3,732.0,4977.7,4406.3,1826.5,839.6,4261.1,6038.3,2271.3,1759.6,1478.0,2871.0,890.1,2448.6,893.3,1893.7,1140.4,2799.4,5243.3,5591.5,1271.6,171.3
2026-07-24 06:15:00,626.3,245.4,1013.6,292.6,599.4,455.9,29.0,63.0,340.4,16.7,113.8,1339.1,2022.4,2166.5,1091.5,1401.3,0.0,102.2,907.0,1812.3,346.6,726.4,5013.0,4452.4,1860.2,837.8,4265.7,6048.6,2247.1,1761.3,1478.4,2885.5,896.3,2469.7,902.8,1883.3,1150.5,2836.6,5307.0,5584.8,1304.7,173.2
2026-07-24 06:30:00,681.4,183.9,988.1,491.2,610.9,507.7,29.0,58.4,342.0,16.7,111.7,1340.0,2031.6,2321.6,1115.7,1396.1,0.0,66.7,910.8,1835.0,351.3,725.6,5038.5,4521.6,1890.2,835.1,4282.0,6005.9,2255.5,1764.7,1484.5,2878.7,901.9,2521.9,909.5,1871.3,1162.7,2871.4,5382.0,5561.2,1337.3,170.7
2026-07-24 06:45:00,653.9,203.5,952.3,490.7,620.1,552.5,29.0,57.6,344.4,17.2,120.4,1336.9,2039.6,2434.4,1135.2,1406.9,0.0,101.9,917.2,1840.3,350.1,718.6,5053.6,4579.2,1933.1,833.3,4287.4,6062.5,2279.3,1768.7,1490.5,2882.4,907.9,2535.5,916.9,1859.4,1173.8,2887.6,5466.1,5553.2,1362.0,175.2
2026-07-24 07:00:00,695.0,214.6,924.6,481.4,645.7,591.1,19.0,52.5,359.1,25.8,112.1,1344.1,2242.8,2374.1,1157.6,1462.3,0.0,102.3,987.4,1855.9,359.1,710.3,5087.7,4699.4,2008.4,817.9,4297.3,6175.8,2315.2,1724.9,1539.5,2868.9,940.8,2705.9,933.6,1914.5,1207.8,2928.5,5591.4,5535.5,1378.4,192.2
2026-07-24 07:15:00,644.9,290.0,894.6,488.4,659.8,643.1,19.0,60.3,356.7,28.6,118.2,1343.7,2262.7,2369.6,1193.5,1452.6,0.0,107.4,991.2,1863.2,367.6,700.4,5111.5,4796.3,2043.0,814.0,4304.3,6115.9,2329.9,1721.4,1545.5,2875.2,945.7,2589.4,940.5,1907.2,1219.5,2967.2,5647.8,5571.6,1393.4,199.4
2026-07-24 07:30:00,640.0,315.0,856.3,507.6,671.4,691.8,19.0,58.4,354.9,31.5,138.6,1340.2,2816.3,2354.0,1204.5,1455.2,42.2,106.9,1000.5,1874.0,365.0,692.4,5122.1,4852.0,2065.7,810.9,4313.9,6087.7,2344.5,1736.3,1550.0,2886.8,951.8,2610.8,946.4,1896.4,1232.5,2977.5,5689.5,5523.9,1417.0,199.3
2026-07-24 07:45:00,655.7,292.6,815.8,533.7,667.0,751.7,19.0,61.6,355.5,27.5,143.0,1331.6,2909.4,2015.5,1194.0,1432.3,22.7,100.9,1019.0,1868.7,371.3,686.0,5114.1,4829.4,2096.4,810.4,4312.8,6111.1,2357.9,1725.1,1560.5,2870.8,961.3,2639.8,950.1,1885.5,1247.0,2958.9,5734.0,5526.0,1435.6,204.3
2026-07-24 08:00:00,650.7,301.6,758.1,543.6,667.2,740.2,24.0,115.8,345.2,21.8,161.6,1324.0,2697.3,2475.3,1443.1,1513.0,23.2,132.8,1073.4,1949.4,351.4,731.5,5131.7,4815.7,2167.2,775.7,4339.1,6281.6,2449.5,1789.9,1588.9,2762.8,983.8,2941.7,948.2,1959.8,1265.8,3095.9,5769.3,5399.2,1431.6,204.1
2026-07-24 08:15:00,644.0,326.8,723.8,567.0,670.2,785.4,24.0,122.2,336.7,25.6,167.4,1327.0,3242.1,2350.2,1451.3,1544.1,43.5,132.6,1073.4,1941.3,356.8,732.7,5132.0,4871.6,2192.3,770.8,4337.0,6137.8,2464.1,1792.3,1593.8,2750.1,984.8,2763.0,951.2,1954.2,1275.7,3081.7,5793.9,5401.4,1426.6,212.2
2026-07-24 08:30:00,614.9,404.5,679.3,364.0,670.3,803.9,24.0,122.3,326.2,29.2,168.1,1345.1,3247.7,2270.1,1549.3,1670.4,43.7,142.3,1076.7,1931.9,357.4,734.1,5107.7,4990.8,2209.3,764.0,4336.6,5834.1,2411.3,1806.6,1611.6,2791.6,987.1,2727.5,954.3,1951.1,1280.9,3069.8,5824.5,5336.0,1428.9,221.6
2026-07-24 08:45:00,603.3,405.3,639.9,377.4,679.5,826.2,24.0,121.6,312.2,32.6,167.8,1352.0,3258.1,2331.9,1614.3,1625.9,0.0,142.7,1101.2,1914.4,371.6,734.7,5095.8,5019.3,2227.3,761.9,4347.0,5360.0,2433.2,1861.4,1614.8,2809.1,998.5,2750.0,959.7,1952.2,1287.6,3036.0,5867.5,5252.8,1430.6,233.5
2026-07-24 09:00:00,615.1,393.1,615.7,428.3,682.6,734.1,33.0,138.5,292.5,40.3,289.8,1400.2,3320.7,2808.4,1630.8,1500.3,24.2,254.4,1209.9,1974.5,359.0,701.7,5090.5,5060.1,2298.3,765.3,4311.8,5629.4,2484.3,1869.0,1624.9,2650.5,1019.3,2285.3,969.6,1943.8,1286.6,2930.2,5870.9,5242.8,1400.3,282.0
2026-07-24 09:15:00,611.0,429.2,603.3,439.5,684.9,753.0,33.0,144.0,259.8,32.9,299.9,1405.8,3322.4,2870.1,1603.9,1229.0,24.7,253.8,1239.3,1944.5,379.5,583.2,5077.7,5055.7,2317.9,765.9,4311.2,4958.3,2486.8,1873.2,1633.2,2642.3,1023.1,2244.0,974.6,1956.1,1294.0,2918.7,5885.6,5219.9,1364.7,295.6
2026-07-24 09:30:00,596.5,438.1,581.2,456.6,689.8,767.3,33.0,144.5,233.8,39.3,303.8,1420.7,3374.2,2885.8,1561.1,1076.7,25.2,287.8,1274.0,1845.3,394.5,213.7,5064.3,5033.5,2333.5,675.6,4268.8,4291.5,2467.9,1913.3,1628.8,2673.2,1023.9,2266.4,976.9,1972.2,1302.5,2890.4,5934.5,5188.8,1344.5,309.8
2026-07-24 09:45:00,590.9,437.8,555.0,478.8,690.6,705.9,33.0,145.2,200.3,56.7,299.1,1443.7,4847.2,2963.3,1512.4,1037.1,25.7,286.4,1276.5,1751.5,390.5,216.6,5048.3,5032.2,2347.8,672.7,4269.5,3827.3,2476.7,1913.6,1630.2,2651.0,1028.3,2104.5,977.7,1993.0,1317.9,2867.0,5963.1,5205.2,1341.4,332.4
2026-07-24 10:00:00,583.7,465.3,541.0,431.8,697.9,808.5,119.7,86.4,172.3,119.7,313.9,1517.4,4854.1,3372.2,1700.0,1046.2,181.5,157.8,1350.6,1622.3,393.6,250.5,5096.9,5130.7,2384.3,702.7,4322.8,3492.3,2497.7,1997.8,1645.7,2725.3,1013.5,1908.6,969.5,1872.8,1333.1,2627.9,6015.3,5285.5,1325.7,326.6
2026-07-24 10:15:00,583.4,471.7,528.0,445.1,695.6,741.3,105.0,86.6,148.5,134.4,297.3,1539.8,4853.7,3376.3,1662.4,1061.1,181.5,156.8,1354.8,1592.8,391.4,247.1,5102.4,5058.8,2390.8,703.6,4329.2,3136.1,2504.9,1953.9,1649.5,2810.3,1017.4,1660.8,969.3,1902.6,1345.3,2567.7,6005.9,5310.5,1325.9,357.5
2026-07-24 10:30:00,581.2,459.1,515.4,453.1,697.2,643.7,105.0,86.7,127.6,148.6,298.4,1570.5,4906.8,3350.6,1619.1,1083.8,181.5,155.7,1346.1,1578.1,390.6,245.5,5112.1,5047.2,2397.4,704.7,4337.9,2741.7,2503.1,1932.2,1646.8,2781.1,1009.4,1658.4,970.9,1921.8,1345.0,2548.2,6024.9,5362.7,1323.0,388.4
2026-07-24 10:45:00,579.1,448.4,499.5,456.3,702.6,599.1,105.0,86.9,108.2,160.3,311.5,1588.1,4910.7,3354.1,1585.4,1119.3,226.6,154.1,1362.8,1553.7,400.3,243.2,5111.4,5025.2,2402.7,705.7,4353.6,2701.5,2520.2,1912.8,1648.7,2763.8,1016.4,1532.7,977.7,1934.9,1337.4,2532.7,6004.0,5389.6,1316.4,418.7
2026-07-24 11:00:00,581.8,466.2,911.3,433.8,686.8,739.7,147.3,32.1,94.8,176.0,298.7,1650.8,5041.9,3623.2,1866.3,1251.2,211.8,137.1,1457.2,1593.9,378.1,269.2,5113.9,5184.5,2421.7,698.8,4389.1,2561.6,2498.9,1830.4,1650.1,2671.0,1029.4,1541.8,977.4,1916.7,1323.0,2490.4,5990.5,5484.3,1344.6,456.0
2026-07-24 11:15:00,587.8,459.0,893.9,433.0,687.2,694.7,138.7,32.3,88.0,197.9,301.7,1662.6,5042.6,3620.9,1836.0,1258.1,212.2,111.9,1453.2,1574.3,375.3,269.1,5105.1,5200.3,2427.8,699.9,4401.0,2519.8,2492.2,1816.2,1651.9,2575.5,1026.5,1449.2,979.0,1911.4,1309.1,2488.4,6007.7,5525.7,1329.0,485.4
2026-07-24 11:30:00,590.1,458.2,1107.9,428.4,691.3,661.2,142.7,32.5,88.0,220.5,302.8,1682.5,5052.2,3579.8,1810.2,1250.1,212.6,109.5,1443.6,1575.2,373.5,274.6,5089.0,5242.0,2432.0,701.8,4401.7,2518.5,2487.1,1811.8,1652.9,2614.8,1026.2,1453.9,978.0,1915.0,1300.1,2496.0,5983.0,5571.3,1324.7,515.0
2026-07-24 11:45:00,595.6,448.1,1113.5,419.4,694.6,602.6,123.2,32.6,85.9,220.9,311.0,1695.4,5050.2,3576.8,1782.2,1243.3,233.0,106.5,1440.6,1575.5,373.6,279.0,5071.3,5267.4,2435.9,703.5,4419.7,2519.3,2488.4,1809.0,1653.8,2596.4,1023.9,1474.3,979.9,1912.7,1294.8,2484.8,5961.5,5610.7,1319.6,541.1
2026-07-24 12:00:00,628.2,459.0,1095.2,415.4,696.6,684.2,151.3,37.0,94.5,203.9,325.9,1810.6,5462.3,3863.1,2014.6,1166.7,97.9,168.2,1537.4,1511.2,380.4,284.2,5076.5,5281.6,2442.7,711.6,4180.5,2359.5,2477.5,1814.4,1647.2,2650.0,1029.8,1333.8,975.7,1856.8,1290.0,2421.2,5948.2,5688.3,1249.8,576.4
2026-07-24 12:15:00,631.0,453.9,1101.5,413.8,703.9,642.5,178.6,37.0,95.3,222.0,331.2,1818.5,5500.3,3834.9,1985.3,1196.4,123.2,163.2,1535.9,1509.0,383.6,293.1,5056.3,5296.6,2445.1,712.5,4179.8,2357.1,2479.8,1814.2,1643.5,2563.7,1033.4,1344.6,973.1,1843.4,1286.9,2423.9,5927.3,5724.8,1241.7,594.8
2026-07-24 12:30:00,628.1,437.2,1102.0,404.8,704.7,574.1,182.7,36.9,95.6,230.8,332.2,1826.9,5517.8,3772.0,1954.0,1192.6,123.4,163.6,1527.5,1505.8,387.9,306.0,5035.4,5312.2,2448.4,720.8,4186.8,2355.3,2476.3,1812.5,1641.4,2570.4,1032.7,1346.3,975.1,1848.1,1283.5,2417.0,5912.5,5767.1,1233.2,614.6
2026-07-24 12:45:00,627.2,433.5,1100.2,391.4,710.7,546.2,173.5,36.8,94.4,228.1,329.8,1836.0,5567.1,3745.3,1939.2,1176.7,143.7,164.3,1572.8,1477.2,390.0,309.6,5012.5,5311.8,2458.0,720.2,4192.3,2354.4,2482.0,1811.0,1650.0,2551.8,1030.8,1365.8,972.7,1860.4,1278.8,2404.8,5895.0,5775.0,1238.5,623.5
2026-07-24 13:00:00,678.1,443.2,1096.0,384.8,708.9,522.2,133.4,53.2,71.6,230.3,410.1,1777.7,5458.2,3988.9,1919.6,1228.9,120.2,205.6,1425.8,1508.0,493.5,327.3,5012.0,5322.9,2455.0,721.8,4051.1,2341.8,2535.6,1598.2,1641.3,2553.5,1024.5,1642.7,969.3,1807.4,1301.6,2307.6,6008.1,6025.3,1221.5,647.2
2026-07-24 13:15:00,682.2,427.8,1108.6,385.2,708.5,512.6,118.1,53.1,70.7,228.7,407.3,1762.8,5498.2,3947.5,1894.4,1214.3,123.7,205.6,1461.9,1491.6,493.9,330.3,5002.6,5333.1,2457.3,723.2,4062.3,2339.7,2536.3,1596.6,1646.0,2565.2,1020.7,1651.2,970.9,1821.4,1299.1,2301.4,5990.3,6047.3,1227.2,661.2
2026-07-24 13:30:00,683.7,411.5,1112.5,390.7,717.2,498.7,118.1,53.1,70.2,224.8,404.0,1743.6,5530.2,3847.1,1893.1,1199.0,143.6,205.6,1475.5,1503.2,510.0,339.7,4993.6,5351.4,2460.6,722.5,4066.6,2339.7,2532.7,1592.6,1652.5,2525.9,1021.0,1656.4,972.5,1848.7,1299.8,2288.7,5997.8,6053.6,1232.5,673.8
2026-07-24 13:45:00,687.5,410.0,1115.4,393.8,713.3,487.0,118.1,53.0,69.2,222.9,401.1,1747.8,5554.9,3785.0,1875.9,1187.3,148.4,180.7,1482.6,1449.7,505.2,329.4,4990.2,5320.8,2459.6,723.2,4060.2,2334.4,2533.2,1591.3,1652.4,2499.4,1019.9,1654.0,970.0,1870.8,1300.3,2272.1,6002.5,6083.8,1232.6,688.3
2026-07-24 14:00:00,692.2,401.1,949.2,389.1,709.8,483.7,126.2,52.8,138.5,216.1,420.1,1924.5,5416.9,3782.0,1930.7,1180.3,168.3,156.1,1562.8,1413.4,557.8,339.2,5003.7,5304.1,2458.4,738.4,3857.9,2509.3,2536.5,1586.7,1656.3,2475.4,1028.9,1306.9,966.2,1771.9,1292.5,2177.6,6010.5,6120.0,1242.3,693.2
2026-07-24 14:15:00,689.0,366.3,971.1,384.0,713.6,481.0,126.2,52.5,137.4,221.9,417.0,1925.6,5422.8,3768.9,1923.7,1187.6,147.7,156.7,1587.6,1431.8,555.5,343.3,5004.6,5318.2,2463.1,739.1,3857.0,2509.3,2536.6,1583.4,1652.6,2468.3,1028.7,1307.7,961.6,1788.0,1293.2,2166.7,6006.0,6115.8,1244.4,700.1
2026-07-24 14:30:00,697.7,365.2,982.1,376.9,715.1,479.0,126.3,52.9,136.4,225.6,416.6,1922.6,5414.2,3742.4,1915.3,1191.1,122.0,166.8,1537.2,1462.4,551.8,357.1,5007.3,5340.3,2454.7,741.8,3855.0,2509.2,2532.3,1580.4,1648.4,2469.0,1026.2,1298.1,962.2,1797.0,1292.6,2163.1,6041.5,6137.9,1243.9,711.8
2026-07-24 14:45:00,696.2,362.1,994.7,368.9,712.5,477.1,126.2,53.3,135.2,226.2,411.3,1916.1,5411.5,3774.8,1911.9,1221.4,96.4,167.3,1528.1,1546.5,541.2,374.9,5011.9,5341.8,2455.1,742.8,3858.0,2509.2,2532.9,1577.0,1644.7,2463.7,1026.3,1298.9,961.4,1799.9,1288.7,2152.2,6060.3,6194.0,1249.4,722.1
2026-07-24 15:00:00,697.5,314.0,994.8,361.8,699.6,478.0,71.0,68.9,137.4,224.8,297.6,1901.7,5289.7,3614.6,1913.4,1178.5,70.7,174.5,1546.8,1479.6,491.9,361.6,5041.0,5278.6,2453.0,760.1,3673.3,2557.0,2537.8,1597.5,1646.8,2451.7,1085.1,1050.0,963.0,1859.0,1300.4,2103.4,5956.2,6087.4,1219.7,768.1
2026-07-24 15:15:00,695.3,331.3,1001.6,366.1,700.8,465.7,71.0,70.1,136.8,226.3,296.4,1894.2,5293.9,3624.8,1915.3,1183.1,69.4,174.5,1518.4,1609.4,485.7,366.2,5049.8,5304.5,2450.2,761.2,3668.9,2600.2,2535.9,1595.6,1642.7,2479.7,1085.5,1078.3,962.8,1861.9,1288.8,2140.0,5986.0,6092.7,1232.5,768.4
2026-07-24 15:30:00,700.5,320.0,1017.3,371.5,701.6,461.3,71.0,70.4,137.2,219.6,290.6,1879.5,5251.4,3739.2,1907.9,1215.3,18.0,187.3,1471.6,1727.8,462.9,381.9,5066.5,5305.1,2454.4,763.2,3637.5,2621.3,2529.2,1590.8,1636.0,2481.2,1081.1,1081.3,963.2,1867.6,1292.4,2131.0,5937.3,6133.2,1244.5,776.9
2026-07-24 15:45:00,704.9,305.5,1034.2,376.6,708.0,453.9,71.0,73.5,137.2,208.8,297.3,1866.0,5193.3,3735.8,1890.6,1238.7,0.0,191.0,1430.1,1810.0,463.4,387.3,5070.6,5341.2,2455.1,765.1,3628.5,2620.3,2529.3,1587.9,1635.6,2584.7,1081.1,1081.3,964.5,1861.3,1302.7,2124.7,6008.6,6139.2,1256.9,779.3
2026-07-24 16:00:00,630.5,279.5,810.2,356.9,710.7,670.8,44.0,134.1,94.4,204.4,274.1,1695.5,5081.8,3439.6,1575.9,1237.8,144.5,88.9,1316.5,1899.1,388.9,405.1,5066.0,5229.4,2445.5,779.9,3534.8,2285.3,2541.8,1600.6,1628.0,2449.9,1072.7,1030.8,974.6,1908.3,1321.3,2184.0,5965.6,6180.4,1280.9,779.4
2026-07-24 16:15:00,643.3,276.2,836.8,337.2,723.1,654.3,44.0,132.6,94.0,193.2,274.4,1674.6,5040.9,3417.4,1600.5,1255.8,143.8,83.4,1264.1,1994.2,380.6,415.7,5060.7,5222.2,2444.6,779.4,3532.6,2342.1,2544.2,1597.4,1619.5,2462.2,1069.8,1076.4,978.5,1929.8,1339.0,2182.4,6009.0,6175.5,1294.0,775.3
2026-07-24 16:30:00,645.5,263.4,652.3,329.8,731.1,633.6,44.0,118.8,94.4,173.9,287.6,1629.5,4869.5,3422.8,1653.0,1251.1,123.0,94.4,1263.3,2057.3,384.8,408.3,5066.7,5212.5,2454.8,778.9,3448.1,2395.7,2533.5,1592.3,1613.0,2470.6,1068.4,1155.7,982.6,1935.6,1362.4,2181.6,6055.9,6157.4,1303.3,766.3
2026-07-24 16:45:00,643.9,248.1,679.5,304.1,739.3,619.0,44.0,120.4,94.8,154.6,310.4,1618.8,4960.5,3388.9,1697.8,1261.4,109.2,98.4,1259.9,2124.5,387.5,408.2,5074.4,5225.9,2449.8,780.2,3439.3,2434.1,2490.4,1599.0,1616.8,2636.4,1013.5,1256.8,989.0,1933.9,1386.1,2208.7,6108.6,6141.6,1332.8,760.3
2026-07-24 17:00:00,674.7,240.1,670.4,274.7,742.1,594.1,77.0,236.6,87.1,154.7,264.6,1531.6,4840.4,2913.0,1472.0,1242.5,142.6,128.5,1290.9,2278.1,410.0,376.3,5064.2,5065.5,2400.4,768.2,3947.7,2732.0,2538.6,1822.3,1605.9,2878.5,1042.6,1496.2,999.6,2063.1,1390.7,2358.7,6133.9,6124.9,1364.6,748.7
2026-07-24 17:15:00,673.5,229.6,699.3,239.9,739.1,573.2,77.0,229.7,88.3,142.3,270.9,1514.9,4795.5,2842.6,1533.1,1280.0,143.2,130.6,1277.8,2318.5,409.6,379.2,5063.4,5062.3,2396.5,769.1,3921.3,3137.0,2497.2,1831.8,1602.4,2979.7,1039.5,1676.8,1002.8,2052.8,1406.2,2359.4,6176.3,6148.1,1394.0,737.6
2026-07-24 17:30:00,687.8,213.1,756.7,228.8,738.6,575.5,77.0,222.7,101.3,123.2,227.3,1484.3,3418.2,2814.3,1599.7,1280.1,143.8,128.0,1266.8,2512.3,408.7,520.2,5074.0,5103.3,2392.4,769.0,3899.8,3528.8,2492.2,1846.7,1600.1,3077.8,1032.0,1891.6,1002.1,2044.8,1409.9,2380.1,6223.4,6137.6,1397.9,724.1
2026-07-24 17:45:00,683.7,201.8,827.0,221.7,741.1,603.2,77.0,227.6,118.3,107.3,196.2,1503.6,3417.4,2766.9,1651.3,1270.9,124.3,128.4,1258.6,2538.3,410.2,836.5,5086.0,5232.1,2387.9,771.0,3905.7,4002.3,2496.6,1897.0,1597.6,3079.0,1029.9,2044.2,996.6,2015.6,1404.2,2399.3,6242.4,6131.8,1420.0,708.4
2026-07-24 18:00:00,688.2,173.5,894.2,241.5,743.0,493.7,42.0,172.3,106.1,85.7,269.7,1426.4,3413.7,2658.1,1380.9,1306.4,19.6,60.1,1114.9,2480.3,407.1,558.5,5099.0,5057.7,2363.7,731.4,4373.1,4468.0,2506.6,1967.8,1595.6,3127.8,1034.4,2413.6,986.4,2151.0,1424.0,2797.8,6265.0,6104.0,1429.9,689.4
2026-07-24 18:15:00,693.3,158.7,964.7,241.1,742.5,501.0,42.0,177.2,132.4,75.1,220.8,1401.8,3024.7,2584.2,1433.7,1575.1,0.0,65.5,1115.6,2484.2,414.3,874.0,5103.9,5165.5,2349.8,806.7,4417.4,4852.6,2504.8,1980.9,1592.2,3128.7,1027.6,2644.2,978.2,2120.2,1388.5,2805.7,6260.3,6111.0,1432.9,669.4
2026-07-24 18:30:00,677.1,182.1,1033.2,251.3,734.4,481.8,42.0,167.8,150.8,60.0,239.7,1376.7,3019.3,2764.2,1506.0,1799.9,0.0,69.6,1118.0,2439.7,414.3,861.4,5106.7,5235.4,2350.9,814.6,4430.6,5499.3,2497.2,1920.6,1590.4,3101.5,1004.2,2603.6,976.8,2085.4,1364.6,2826.1,6277.4,6181.4,1438.8,651.9
2026-07-24 18:45:00,685.8,150.3,1095.8,426.0,738.7,418.0,42.0,173.3,177.4,58.0,244.3,1373.6,2216.5,2503.8,1558.8,1917.6,0.0,67.8,1130.9,2395.2,418.6,854.1,5092.8,5278.8,2344.5,813.9,4433.1,5751.1,2495.7,1896.9,1589.7,3088.7,1001.9,2583.9,970.5,2046.6,1360.5,2818.0,6288.2,6215.4,1447.8,633.9
2026-07-24 19:00:00,701.5,135.5,1157.0,625.8,747.1,488.9,12.0,144.1,210.9,41.4,535.5,1319.6,3013.8,2689.7,1526.7,1749.7,155.9,7.0,1100.3,2290.8,429.7,774.1,5065.6,5265.8,2338.7,888.0,4518.9,5686.2,2522.1,1747.3,1591.0,3090.6,1011.8,3017.7,968.8,2019.9,1363.4,2888.7,6359.1,6303.7,1476.9,642.4
2026-07-24 19:15:00,697.9,131.9,1196.5,619.4,743.8,469.5,12.0,142.7,233.9,55.7,537.1,1299.7,1744.3,1676.6,1408.2,1574.7,156.7,16.3,1088.3,2240.3,414.1,770.1,5049.5,5296.3,2344.2,887.6,4525.8,5854.7,2519.3,1717.4,1592.7,3077.1,1008.4,2987.8,968.0,1983.3,1364.8,2881.6,6355.2,6424.4,1478.2,628.6
2026-07-24 19:30:00,702.2,136.2,1227.1,641.5,746.1,434.3,12.1,144.9,262.5,52.5,545.9,1310.5,1661.4,1622.8,1319.6,1405.1,157.7,15.2,1088.7,2180.5,420.6,775.6,5027.5,5321.8,2334.3,887.2,4532.4,5878.8,2512.0,1702.9,1599.6,3079.4,1005.7,2963.3,967.0,1950.2,1367.6,2874.7,6344.5,6525.8,1482.3,611.0
2026-07-24 19:45:00,703.5,137.5,1247.8,644.0,747.6,417.3,12.2,147.6,289.5,52.8,540.1,1298.7,1663.1,1793.7,1566.7,1603.0,133.5,4.3,1117.2,2149.0,400.7,777.7,5006.3,5375.5,2331.1,887.1,4531.6,6025.0,2511.9,1673.4,1593.2,3034.5,1004.5,2831.9,968.2,1925.4,1370.9,2871.4,6340.1,6557.9,1470.9,594.0
2026-07-24 20:00:00,706.8,254.8,1257.5,672.2,752.7,417.4,12.9,223.9,307.8,51.2,536.1,1397.2,1635.6,1516.3,1353.1,1541.2,166.2,21.6,1061.8,2102.1,397.9,770.8,4911.9,5422.1,2307.1,885.9,4642.4,5987.5,2531.9,1731.6,1583.4,3054.7,1003.6,2927.0,964.4,1857.3,1390.3,2813.3,6355.6,6487.8,1465.5,576.9
2026-07-24 20:15:00,708.2,246.4,1265.5,674.6,756.6,420.3,13.0,252.6,316.8,49.8,535.0,1385.6,1594.8,1676.6,1389.7,1511.4,165.7,11.5,1057.1,2078.4,399.5,771.0,4886.0,5442.1,2298.9,885.5,4640.1,5988.5,2528.8,1723.2,1581.5,3051.8,1001.8,2918.3,965.2,1843.2,1395.8,2803.3,6337.2,6505.2,1456.7,559.9
2026-07-24 20:30:00,716.2,224.2,1266.8,682.1,756.0,419.5,13.0,245.3,324.2,50.7,522.3,1370.5,1595.3,1692.4,1422.4,1509.4,165.3,11.4,1054.6,2005.6,399.3,778.4,4854.7,5464.0,2279.4,886.3,4650.6,6052.7,2522.2,1717.4,1585.2,3039.2,998.8,2842.6,961.2,1833.9,1403.5,2789.5,6315.3,6485.5,1455.8,569.2
2026-07-24 20:45:00,721.3,254.4,1263.6,687.9,759.6,414.9,12.9,248.1,332.8,49.8,520.2,1368.2,1639.7,1625.5,1452.7,1513.9,139.9,11.2,1055.1,1963.6,401.7,786.3,4819.6,5492.3,2275.7,886.3,4653.4,6063.2,2521.4,1704.5,1583.9,3022.9,998.3,2839.2,961.1,1829.0,1420.4,2777.3,6295.6,6450.0,1448.9,549.8
2026-07-24 21:00:00,713.9,226.9,1249.0,697.5,748.2,417.0,12.0,217.6,344.6,66.0,519.1,1360.8,1613.3,1656.7,1578.2,1506.1,139.5,13.9,1032.1,1897.1,388.3,805.0,4864.7,5714.0,2247.4,926.3,4609.4,6100.3,2539.6,1808.5,1572.9,3104.2,990.7,2767.1,955.9,1711.8,1368.2,2567.6,6276.8,6452.0,1460.6,529.5
2026-07-24 21:15:00,720.7,225.7,1239.1,687.0,748.9,416.3,12.0,217.1,345.8,64.5,505.4,1367.7,1522.9,1645.6,1629.5,1488.4,139.8,23.8,1017.5,1845.4,389.2,809.0,4889.9,5750.6,2240.4,927.0,4603.8,6075.2,2541.7,1807.7,1573.0,3102.7,987.9,2767.2,954.1,1708.6,1370.7,2562.7,6263.5,6414.2,1441.1,523.6
2026-07-24 21:30:00,714.2,219.2,1224.1,683.9,746.0,418.0,12.0,220.4,345.5,59.5,500.4,1369.1,1524.4,1594.5,1667.4,1455.1,140.1,24.0,1018.8,1789.1,389.2,799.9,4881.1,5784.3,2228.3,927.8,4608.4,6062.7,2536.9,1800.5,1577.9,3100.4,983.9,2755.0,950.8,1702.9,1387.0,2559.6,6229.9,6380.8,1440.0,515.9
2026-07-24 21:45:00,708.4,213.4,1203.3,679.5,735.0,417.5,12.0,225.9,342.9,56.7,493.7,1372.2,1528.5,1458.7,1669.9,1424.4,140.4,24.0,1019.1,1748.3,389.3,809.2,4855.5,5796.4,2223.9,928.7,4604.7,6009.5,2534.9,1786.8,1581.5,3095.2,982.5,2784.4,946.9,1694.8,1397.3,2548.6,6209.6,6363.6,1435.0,510.1
2026-07-24 22:00:00,694.0,194.8,1175.9,663.6,717.5,389.5,15.0,173.6,341.5,51.1,468.2,1269.7,1374.4,1555.2,1535.0,1494.3,211.0,16.0,993.5,1612.3,384.4,817.0,4813.4,5871.0,2226.4,869.9,4693.1,6054.1,2567.2,1705.5,1556.5,2998.2,972.1,2848.5,939.2,1728.7,1359.0,2527.9,6144.2,6371.9,1436.0,506.5
2026-07-24 22:15:00,685.8,191.0,1146.1,659.0,700.4,380.2,15.0,173.8,336.6,44.7,474.3,1291.7,1365.2,1359.5,1493.8,1459.4,210.3,16.3,989.9,1572.7,383.4,813.9,4768.1,5874.0,2226.4,866.4,4685.0,6022.6,2562.1,1674.4,1566.5,2984.2,972.6,2893.1,935.6,1716.0,1360.4,2527.2,6115.5,6291.3,1421.9,500.9
2026-07-24 22:30:00,673.3,146.8,1117.5,659.8,688.2,378.5,15.0,173.6,334.0,40.6,481.2,1288.0,1353.0,1326.1,1460.9,1448.8,189.7,16.7,988.2,1542.9,382.1,813.1,4737.8,5847.6,2204.3,864.2,4686.7,5839.8,2556.6,1671.6,1551.4,2985.4,968.9,3052.1,934.1,1701.5,1413.2,2510.6,6081.6,6256.1,1415.8,499.2
2026-07-24 22:45:00,666.2,190.8,1084.9,464.5,670.3,382.1,15.0,171.3,326.8,41.2,480.9,1300.5,1341.9,1266.5,1436.8,1445.8,189.2,17.1,984.9,1525.3,380.3,812.7,4690.6,5857.3,2192.0,863.6,4673.1,6062.0,2554.8,1655.7,1549.3,2936.1,966.9,2811.5,929.2,1685.7,1411.1,2477.4,6053.6,6270.6,1383.9,499.6
2026-07-24 23:00:00,658.8,172.8,1034.0,277.0,652.0,392.3,8.0,113.1,319.1,32.1,488.7,1288.9,1171.8,1246.4,1418.3,1452.8,90.6,59.8,958.3,1497.9,381.3,823.1,4548.9,5859.6,2155.3,875.0,4661.8,6092.1,2632.8,1819.1,1535.1,3024.0,950.8,2802.6,927.8,1575.4,1387.5,2300.8,5966.1,6194.7,1345.4,522.0
2026-07-24 23:15:00,652.2,166.2,1013.4,281.3,638.7,390.8,8.0,110.5,314.1,32.3,472.0,1301.7,1189.0,1172.5,1391.4,1451.7,70.0,60.0,951.9,1471.5,368.0,831.7,4500.2,5829.1,2124.0,874.7,4646.8,5944.0,2628.6,1830.0,1528.9,3016.1,948.3,2811.6,925.9,1557.7,1376.6,2289.9,5902.8,6160.6,1320.4,525.6
2026-07-24 23:30:00,643.5,157.5,989.4,243.7,628.1,380.4,8.0,110.7,309.0,33.8,476.3,1304.2,1203.8,1211.8,1356.7,1450.0,64.4,60.6,947.0,1471.1,366.0,836.5,4468.3,5763.1,2108.0,872.2,4638.1,5886.4,2617.9,1808.3,1527.6,3015.0,944.5,2851.8,920.7,1540.8,1357.3,2292.4,5836.8,6074.3,1302.1,529.4
2026-07-24 23:45:00,648.3,154.3,967.0,241.3,620.1,381.4,8.0,111.3,298.4,31.6,458.4,1304.9,1636.4,1625.9,1338.2,1450.1,63.8,60.9,955.6,1437.2,364.2,850.3,4455.4,5750.5,2077.2,870.3,4624.9,5789.7,2618.0,1807.6,1526.1,3017.0,941.1,2904.6,915.0,1525.8,1337.1,2267.6,5773.1,5983.2,1295.7,530.1
2026-07-25 00:00:00,632.6,171.6,942.2,448.0,620.9,271.7,5.0,51.2,311.1,19.3,172.5,1362.6,1060.6,1574.2,745.7,933.9,99.4,55.0,928.1,1411.4,358.6,804.2,4334.7,6038.8,2029.2,879.3,4232.1,5457.4,2521.7,1697.5,1474.2,2939.3,906.4,2757.9,910.4,1190.5,1306.8,2096.2,5756.3,5699.7,1253.8,504.4
2026-07-25 00:15:00,626.8,173.7,928.0,444.1,618.3,271.7,5.0,51.3,306.1,16.3,155.5,1355.3,1577.3,2148.2,932.5,1127.3,99.4,54.9,925.4,1383.5,358.1,779.9,4329.1,6039.9,2009.2,878.9,4225.3,5312.1,2516.4,1726.3,1469.5,2864.3,898.8,2850.5,905.8,1184.7,1302.4,2097.5,5707.0,5655.3,1238.4,496.1
2026-07-25 00:30:00,639.3,139.5,913.8,452.6,622.5,272.2,5.1,50.6,299.9,16.3,128.7,1336.3,2561.8,2237.8,1141.6,1340.5,99.4,54.7,920.1,1364.3,357.5,772.5,4428.5,6108.6,1976.0,878.5,4205.4,5282.4,2505.5,1724.9,1468.6,2840.8,892.4,2816.1,903.3,1178.8,1297.5,2097.2,5660.0,5676.4,1224.9,486.6
2026-07-25 00:45:00,631.5,139.9,902.7,453.1,626.2,273.2,5.0,50.0,296.2,16.3,137.8,1335.1,2552.4,2190.6,1308.4,1489.5,99.4,54.8,925.6,1356.2,357.4,759.7,4407.7,6089.6,1950.0,878.9,4199.1,5137.5,2506.6,1772.4,1469.8,2798.4,887.2,2895.7,897.7,1171.4,1292.3,2094.8,5634.4,5632.8,1211.6,498.6
2026-07-25 01:00:00,630.7,156.7,891.1,464.8,630.1,274.5,5.0,49.1,325.2,34.5,98.0,1369.9,1501.3,2137.3,1358.3,1646.3,93.0,55.1,887.3,1369.1,352.6,755.0,4476.8,6010.6,1902.6,864.8,4225.7,5237.5,2498.4,1900.7,1441.2,2751.2,885.1,2792.2,891.0,1148.0,1292.8,2133.8,5574.3,5643.2,1176.2,516.9
2026-07-25 01:15:00,634.9,140.9,882.5,488.1,616.9,274.7,5.0,48.9,319.2,30.5,95.8,1355.2,1493.4,1563.2,1345.4,1611.3,93.0,54.8,886.9,1347.9,350.5,740.0,4453.9,5984.3,1879.6,864.6,4218.6,5194.9,2491.9,1911.4,1439.0,2708.3,879.7,2790.3,887.9,1138.8,1289.4,2130.6,5538.2,5635.7,1168.5,515.8
2026-07-25 01:30:00,632.0,142.1,865.8,511.1,614.8,275.4,5.0,48.7,323.5,35.7,94.1,1365.1,2452.9,1491.5,1336.5,1637.3,93.0,54.5,880.4,1357.1,348.4,734.5,4435.6,5986.0,1855.7,864.3,4213.0,5162.4,2488.3,1922.7,1436.3,2671.2,876.5,2783.2,883.5,1129.6,1288.3,2131.9,5495.8,5566.2,1155.2,510.5
2026-07-25 01:45:00,628.1,142.4,848.2,533.1,608.6,276.0,5.0,49.8,319.2,36.3,77.0,1360.2,2458.7,1472.8,1332.3,1642.0,93.0,54.4,877.6,1344.6,346.1,728.9,4418.6,5979.3,1831.5,864.2,4205.2,5141.4,2479.1,1920.2,1450.9,2593.1,872.7,2766.7,881.2,1119.3,1285.0,2134.5,5459.3,5562.0,1145.2,507.4
2026-07-25 02:00:00,625.8,143.5,838.7,561.3,608.6,276.7,2.1,76.8,317.0,23.5,90.4,1386.4,2320.5,2066.8,1316.7,1653.6,136.9,33.0,881.6,1332.2,347.4,761.2,4459.6,6012.8,1795.9,783.0,4219.0,5221.0,2465.4,1937.3,1420.1,2619.7,858.9,2757.8,877.9,1116.1,1281.8,2170.4,5460.2,5454.6,1144.7,503.6
2026-07-25 02:15:00,621.3,144.0,832.6,581.9,605.2,277.2,2.0,76.9,310.5,21.9,84.8,1377.4,2316.8,2034.3,1304.9,1651.3,136.9,32.5,855.0,1310.3,334.4,760.4,4380.4,5940.4,1781.9,785.1,4214.0,5204.1,2462.5,1935.8,1417.7,2571.9,856.4,2751.1,876.0,1105.8,1280.4,2176.0,5446.8,5451.6,1142.3,504.0
2026-07-25 02:30:00,621.6,144.2,824.5,605.8,599.6,270.8,2.0,78.0,309.9,22.8,79.6,1366.1,2321.3,1401.7,1296.0,1661.5,137.0,32.1,852.8,1319.9,332.0,763.3,4370.8,5951.2,1768.6,787.0,4204.0,5184.4,2456.5,1928.8,1417.6,2541.2,854.1,2744.1,874.0,1095.5,1280.1,2182.8,5453.9,5445.9,1132.7,505.8
2026-07-25 02:45:00,612.6,145.0,817.1,628.7,595.1,271.5,2.1,79.0,307.9,22.2,79.2,1365.2,2336.6,1409.9,1288.6,1657.7,136.9,31.6,849.6,1324.8,329.3,770.1,4420.6,6022.1,1754.6,789.2,4199.9,5171.3,2451.4,1924.1,1417.4,2483.2,865.5,2748.2,873.6,1084.6,1278.2,2161.3,5416.5,5441.4,1123.6,502.1
2026-07-25 03:00:00,626.3,145.3,817.9,453.8,592.5,278.7,2.0,75.6,304.2,14.0,107.4,1324.3,2295.8,1326.2,1285.5,1655.6,101.8,32.6,832.7,1293.1,320.7,767.7,4333.8,5959.1,1729.7,686.0,4135.1,5173.0,2451.3,1906.3,1402.3,2668.8,840.1,2743.3,872.7,1079.8,1276.8,2212.2,5353.3,5400.0,1122.0,497.0
2026-07-25 03:15:00,595.8,146.5,812.5,465.1,585.9,280.2,2.0,75.2,290.2,17.5,88.6,1322.7,2294.1,1323.0,1279.4,1662.5,101.7,31.8,831.5,1295.7,318.4,773.4,4326.4,5931.9,1717.6,686.1,4118.9,5143.5,2450.5,1903.0,1406.5,2627.6,836.7,2741.7,867.0,1070.3,1274.7,2217.7,5327.7,5391.3,1112.0,492.7
2026-07-25 03:30:00,595.5,148.0,799.2,467.3,579.5,282.6,2.0,74.2,303.0,17.7,88.4,1323.6,2317.8,1306.3,1272.4,1673.1,101.8,31.1,835.8,1294.8,316.1,778.3,4320.0,5991.7,1706.8,686.2,4111.7,5131.5,2445.7,1897.8,1399.8,2547.8,833.3,2731.8,867.5,1062.3,1273.5,2223.3,5298.5,5382.7,1112.4,489.1
2026-07-25 03:45:00,591.7,149.8,789.7,478.2,580.2,279.7,2.0,74.3,300.6,17.2,79.0,1322.8,2315.8,1308.3,1268.3,1671.9,101.7,30.5,845.0,1278.1,314.1,786.0,4316.8,5996.8,1695.7,685.4,4113.2,5131.3,2442.7,1881.5,1394.5,2511.6,831.3,2729.3,865.1,1057.6,1271.4,2212.4,5263.0,5379.5,1104.8,484.6
2026-07-25 04:00:00,594.2,152.3,783.6,522.2,575.8,198.8,2.0,83.5,300.4,5.7,112.9,1345.1,2209.5,1360.7,1253.6,1654.1,99.5,52.6,835.7,1269.8,320.9,808.1,4363.5,5941.4,1661.8,695.4,3933.4,4992.4,2436.0,1820.8,1387.5,2668.4,821.5,2581.7,859.4,1065.1,1271.4,2210.2,5228.9,5307.7,1113.0,475.6
2026-07-25 04:15:00,585.6,154.9,778.3,526.1,573.0,205.3,2.0,83.5,308.6,5.1,100.8,1344.7,2212.1,1362.1,1253.0,1649.1,99.5,52.3,833.7,1267.5,309.7,815.6,4355.7,5924.0,1652.8,696.5,3927.3,4983.6,2434.2,1820.4,1386.1,2625.5,837.9,2591.2,857.5,1051.3,1269.8,2218.1,5196.1,5299.6,1105.8,473.7
2026-07-25 04:30:00,575.5,157.5,765.4,524.0,570.5,215.8,2.1,83.1,306.2,5.5,77.9,1344.4,2225.6,1358.9,1252.7,1645.3,99.5,52.1,832.4,1270.0,308.4,816.2,4270.0,5888.9,1646.7,698.5,3923.2,4969.4,2431.8,1819.1,1385.6,2546.8,835.4,2590.7,859.2,1031.1,1266.6,2229.4,5167.5,5289.6,1091.5,466.9
2026-07-25 04:45:00,568.3,160.8,754.7,527.8,571.3,223.5,2.0,83.9,308.6,5.9,71.3,1344.5,2206.3,1389.5,1252.6,1648.7,99.5,51.9,844.1,1274.4,312.1,840.0,4279.9,5902.8,1640.7,700.2,3919.3,4926.6,2431.6,1818.5,1372.5,2503.9,831.7,2587.0,856.4,1003.0,1261.6,2239.2,5144.9,5279.9,1083.5,459.1
2026-07-25 05:00:00,580.9,169.2,757.2,544.6,562.4,232.4,2.0,79.5,309.2,1.0,96.4,1363.1,2274.8,1474.0,1261.2,1634.7,64.3,30.6,853.2,1224.9,331.7,811.9,4245.1,5989.9,1633.2,713.6,3852.3,4691.1,2431.7,1753.7,1378.2,2460.9,809.2,2563.5,858.0,969.2,1257.9,2288.0,5108.2,5247.2,1066.2,442.1
2026-07-25 05:15:00,561.6,175.8,754.2,548.0,567.9,242.3,2.0,79.4,312.2,1.0,71.5,1363.0,2273.1,1460.9,1261.7,1631.5,64.4,30.6,853.1,1236.4,323.0,827.2,4256.2,5977.3,1630.7,714.4,3850.6,4622.9,2430.1,1758.0,1379.7,2447.0,807.0,2551.7,859.1,944.3,1258.1,2301.1,5093.6,5244.1,1059.1,435.2
2026-07-25 05:30:00,553.1,185.1,751.2,550.3,564.2,254.0,2.0,79.6,313.8,1.0,63.6,1364.0,2274.1,1464.9,1247.0,1626.3,64.4,30.5,851.7,1248.5,324.4,846.9,4313.2,6049.0,1641.0,716.3,3846.6,4594.4,2428.8,1761.5,1379.3,2465.5,804.9,2485.2,860.0,929.1,1263.7,2314.7,5092.5,5229.2,1049.3,428.1
2026-07-25 05:45:00,548.9,232.9,743.7,550.0,544.8,270.4,2.0,80.2,313.5,1.0,67.2,1365.0,2268.7,1541.2,1248.2,1635.4,64.3,30.4,850.3,1263.9,323.6,826.2,4276.3,6050.8,1649.4,718.0,3844.5,4577.9,2433.2,1764.3,1389.3,2397.4,804.1,2435.5,874.1,926.5,1273.9,2324.8,5099.4,5219.9,1051.9,422.6
2026-07-25 06:00:00,550.8,248.9,742.9,557.9,548.4,299.1,1.0,72.3,310.4,16.9,54.6,1354.5,2378.0,1597.0,1259.6,1667.6,100.3,21.3,892.5,1271.0,322.0,692.9,4258.0,5947.1,1664.4,737.4,3753.9,4406.9,2421.0,1697.2,1392.4,2645.5,812.9,2333.9,877.6,968.5,1212.1,2278.4,5141.4,5264.6,1059.9,387.7
2026-07-25 06:15:00,544.2,304.0,714.7,536.4,550.3,322.6,1.0,73.3,303.6,13.5,43.5,1358.1,2385.1,1621.4,1250.9,1642.8,100.9,21.3,889.4,1288.4,316.6,680.4,4247.3,5895.1,1669.1,736.7,3745.4,4216.8,2424.3,1706.7,1390.3,2651.8,812.7,2426.2,895.6,967.1,1219.4,2281.6,5145.8,5232.6,1064.5,385.6
2026-07-25 06:30:00,536.8,339.3,682.8,537.3,556.3,337.6,1.0,72.6,299.0,13.4,50.7,1360.2,2381.5,1685.2,1232.0,1639.9,101.3,21.2,889.3,1310.4,312.5,593.0,4272.0,5901.0,1681.9,734.1,3751.2,3939.1,2427.8,1713.9,1393.8,2619.0,814.9,2193.8,897.5,965.8,1219.7,2284.3,5150.9,5255.1,1076.8,379.5
2026-07-25 06:45:00,532.8,358.1,659.6,541.4,564.5,364.2,1.0,72.6,295.1,13.8,57.4,1362.4,2388.0,1788.6,1216.5,1665.3,146.8,20.9,891.5,1335.0,320.5,454.8,4287.5,5901.6,1698.0,732.9,3752.9,3359.5,2438.5,1705.5,1394.9,2616.2,826.7,2140.9,897.2,964.6,1210.4,2282.8,5165.0,5212.9,1083.5,379.3
2026-07-25 07:00:00,546.1,378.9,617.2,536.3,572.8,283.1,17.0,27.9,265.6,16.7,46.8,1384.2,2461.8,1920.9,1365.8,1668.0,72.9,56.3,865.4,1409.7,302.2,646.9,4314.8,5859.1,1722.6,837.5,3582.3,3726.0,2414.5,1475.3,1406.2,2795.6,839.3,2118.5,901.4,1027.1,1200.9,2179.2,5227.1,5263.5,1072.4,382.9
2026-07-25 07:15:00,544.3,399.2,585.7,543.6,582.6,276.1,17.1,28.1,255.3,20.2,45.4,1388.8,2471.7,1969.8,1343.7,1684.4,74.0,56.0,878.6,1409.4,310.4,500.5,4337.8,5883.8,1742.8,807.7,3578.6,3209.2,2418.6,1460.9,1408.0,2783.3,841.6,2018.5,905.3,1027.4,1192.0,2168.0,5252.4,5275.6,1082.3,392.4
2026-07-25 07:30:00,537.3,422.8,558.4,563.2,585.5,292.4,17.0,28.7,237.0,25.9,66.4,1393.1,2462.3,2047.9,1318.8,1455.9,120.2,55.5,880.9,1252.8,316.2,519.8,4363.5,5886.9,1754.9,806.3,3599.9,2890.0,2430.3,1439.7,1412.1,2768.1,846.3,1721.0,908.2,1027.7,1191.5,2168.4,5292.5,5284.3,1089.9,399.6
2026-07-25 07:45:00,527.2,449.3,542.4,578.0,589.5,312.5,17.0,42.7,205.6,34.1,73.3,1403.6,3258.9,2144.0,1274.8,1126.4,121.2,28.3,904.6,1295.1,328.9,537.2,4382.3,5881.6,1774.5,806.4,3590.6,2862.1,2444.0,1432.8,1420.1,2791.0,851.7,1503.8,913.4,1028.4,1198.9,2174.7,5376.1,5300.4,1115.4,407.8
2026-07-25 08:00:00,514.7,467.4,507.3,563.7,609.6,343.1,53.0,54.7,176.5,46.9,82.9,1430.7,2986.3,2409.5,1452.2,1058.9,131.5,67.9,939.8,1538.9,374.6,533.6,4449.1,5835.5,1828.7,826.4,3397.3,2735.5,2431.4,1386.7,1444.6,2706.9,846.9,1886.9,918.5,1027.7,1219.7,2150.1,5377.8,5380.5,1118.6,473.4
2026-07-25 08:15:00,504.9,496.3,492.0,602.8,616.3,375.1,53.0,58.0,145.3,49.8,88.6,1404.4,3757.5,2440.6,1400.6,1070.7,151.5,67.9,938.2,1377.3,374.2,536.0,4462.8,5820.0,1855.6,802.4,3395.2,2536.8,2486.4,1373.0,1446.5,2727.2,843.7,1503.3,921.7,1030.1,1230.2,2174.4,5438.7,5355.6,1131.7,484.5
2026-07-25 08:30:00,494.6,520.7,469.7,639.0,620.1,397.2,53.1,75.2,127.7,66.3,114.4,1415.4,3753.0,2436.3,1385.0,1103.5,131.6,67.9,951.5,1420.3,387.5,547.5,4478.7,5799.0,1875.8,802.8,3398.4,2202.3,2491.2,1350.8,1449.4,2711.2,854.3,1263.3,926.6,1032.7,1233.3,2183.4,5488.9,5366.0,1139.3,490.3
2026-07-25 08:45:00,490.0,549.6,447.3,670.8,624.2,434.3,53.1,79.8,113.3,83.2,154.8,1427.7,3736.1,2506.1,1462.6,1132.4,136.6,67.9,978.4,1397.8,407.3,551.9,4494.2,5772.4,1904.5,801.5,3474.2,2034.2,2502.3,1336.6,1451.9,2714.8,861.8,1210.7,929.5,1035.6,1232.4,2201.9,5544.6,5319.1,1159.6,513.3
2026-07-25 09:00:00,494.1,592.4,437.5,681.2,630.5,479.8,99.4,102.0,130.9,107.1,266.8,1473.7,3973.1,2801.2,1672.8,1194.8,142.8,197.5,1122.4,1316.1,428.1,548.9,4630.8,5674.0,1965.8,667.5,3438.8,2171.6,2476.8,1316.8,1471.8,2528.9,1114.3,1216.4,937.7,950.5,1237.7,2221.3,5627.7,5345.7,1153.1,480.6
2026-07-25 09:15:00,497.0,493.5,419.1,638.6,638.1,459.8,99.3,98.8,139.0,149.4,281.9,1497.1,3956.6,2879.8,1628.6,1174.1,211.6,165.4,1197.2,1252.3,453.7,529.3,4719.7,5578.2,1996.9,669.9,3543.8,2180.2,2480.5,1304.3,1477.4,2316.4,1118.2,1295.8,943.2,954.1,1238.3,2187.3,5676.2,5302.3,1163.1,485.2
2026-07-25 09:30:00,494.8,512.5,403.7,666.0,635.6,390.8,99.5,99.8,136.5,192.5,289.2,1523.6,4034.2,2937.4,1566.8,1195.7,215.5,140.4,1238.2,807.5,450.8,187.9,4760.8,5460.5,2010.9,672.0,3564.8,2191.2,2483.7,1302.9,1492.9,2342.4,1125.6,1307.0,943.5,958.0,1237.6,2209.7,5723.0,5278.3,1170.3,471.3
2026-07-25 09:45:00,490.8,555.1,382.3,696.6,639.7,411.3,111.3,98.4,129.3,238.0,285.5,1539.5,4191.0,2839.3,1522.1,1167.1,214.3,140.4,1303.6,811.4,496.9,138.3,4770.3,5431.3,2044.3,674.1,3567.0,2202.8,2494.2,1298.7,1495.6,2380.5,1129.3,1315.2,945.7,963.1,1239.7,2230.2,5776.8,5292.7,1177.2,481.5
2026-07-25 10:00:00,551.6,495.8,366.6,711.8,643.8,413.9,159.2,85.9,76.3,273.0,297.5,1508.2,4439.3,3080.3,1500.9,1186.4,167.8,58.9,1279.4,817.0,486.7,116.9,4832.3,5442.3,2091.0,656.3,3471.9,1848.3,2519.8,1289.2,1508.1,2502.7,1151.2,1303.4,940.4,661.0,1261.3,2055.4,5884.2,5324.4,1211.4,487.3
2026-07-25 10:15:00,572.1,503.1,356.6,737.7,644.7,354.2,157.9,76.7,74.0,263.8,310.1,1481.7,4929.3,3056.6,1439.4,1165.6,167.2,58.9,1312.6,715.7,488.4,124.0,4844.1,5449.7,2115.2,659.5,3476.6,1875.2,2526.4,1283.7,1516.0,2535.0,1153.8,1304.0,938.9,665.7,1258.2,2083.3,5919.4,5347.4,1217.7,498.4
2026-07-25 10:30:00,571.7,502.8,572.2,762.3,642.2,427.8,153.3,75.5,73.2,300.6,301.8,1474.7,4942.5,2681.0,1361.2,1205.8,166.7,58.9,1303.5,382.0,489.8,128.9,4843.6,5461.0,2126.4,661.7,3486.9,1888.3,2527.9,1280.8,1511.9,2545.9,1154.9,1304.1,937.2,671.0,1234.6,2115.3,5944.9,5373.0,1222.4,535.8
2026-07-25 10:45:00,568.7,516.1,562.5,787.2,639.5,350.2,144.8,75.1,72.4,332.3,309.7,1327.0,4995.3,2521.9,1309.6,1229.1,186.1,61.5,1360.7,234.9,487.4,129.7,4845.3,5472.6,2145.4,664.6,3490.8,1888.3,2532.8,1276.9,1513.1,2562.1,1155.7,1313.9,940.1,676.0,1242.3,2136.6,5962.2,5384.5,1222.7,529.0
2026-07-25 11:00:00,536.9,557.5,817.9,802.5,636.5,334.6,207.2,38.3,67.3,352.8,285.3,1369.5,4963.8,2151.4,1220.2,1357.4,193.0,55.8,1399.1,235.8,532.4,141.5,4914.8,5420.4,2175.3,674.6,3504.7,1859.6,2571.1,1319.1,1512.5,2403.8,1171.0,1374.0,939.3,618.5,1228.1,2095.4,5962.9,5377.5,1186.9,544.3
2026-07-25 11:15:00,537.9,549.5,817.4,816.7,634.8,336.9,210.5,38.8,66.1,382.4,287.1,1383.8,4994.6,2150.0,1161.8,1385.2,212.8,55.8,1401.0,243.6,530.0,149.0,4972.3,5388.6,2197.8,679.6,3509.8,1884.5,2570.9,1316.5,1514.0,2416.3,1162.7,1362.1,937.8,623.0,1214.9,2119.4,5972.9,5389.4,1158.6,558.6
2026-07-25 11:30:00,544.2,550.8,816.5,831.3,633.7,341.1,208.2,43.1,65.7,399.4,293.7,1400.8,4995.1,2149.1,1123.3,1283.2,212.6,55.8,1400.1,251.0,532.3,148.6,4966.2,5374.5,2206.2,683.8,3514.9,1914.1,2568.6,1314.2,1513.7,2420.0,1163.7,1347.4,936.9,626.3,1205.6,2144.3,5985.9,5402.1,1161.5,572.5
2026-07-25 11:45:00,513.9,546.1,818.1,844.5,635.9,345.0,223.7,48.9,64.9,406.5,296.7,1404.5,5008.3,2183.4,1102.6,1297.4,212.3,55.8,1436.4,256.3,537.3,151.8,4960.9,5352.1,2211.1,689.0,3519.8,1944.8,2570.1,1311.7,1515.9,2429.4,1165.9,1333.9,935.8,629.6,1220.8,2140.4,5993.0,5408.0,1159.0,561.8
2026-07-25 12:00:00,499.7,556.0,1057.6,856.7,639.7,346.9,206.1,54.0,54.8,417.6,477.3,1433.2,5136.0,2307.8,1134.8,1294.8,167.4,41.2,1478.4,262.5,627.7,161.2,4981.9,5348.1,2234.7,837.9,3592.5,2034.5,2576.6,1286.4,1502.4,2447.6,1171.1,1136.7,910.4,610.9,1186.5,1876.2,6000.6,5474.8,1148.4,609.6
2026-07-25 12:15:00,504.5,557.9,1058.5,862.1,643.3,346.8,197.6,49.6,54.4,427.1,480.0,1435.8,5148.1,2323.8,1110.5,1329.4,187.2,41.2,1476.0,267.0,624.3,163.2,5019.6,5337.4,2241.4,842.6,3581.9,2020.3,2577.6,1288.0,1501.1,2440.9,1171.6,1137.5,910.8,618.6,1183.3,1904.6,6006.5,5486.0,1154.3,621.4
2026-07-25 12:30:00,518.7,550.1,1060.3,870.9,642.6,342.7,203.4,50.9,54.0,440.8,491.5,1440.4,5180.7,2323.6,1115.0,1314.5,187.0,41.2,1479.0,271.8,619.1,163.4,5019.2,5319.8,2245.7,847.1,3584.5,2017.8,2572.2,1290.0,1500.9,2433.9,1170.3,1135.4,909.5,622.5,1180.6,1911.3,6020.9,5495.3,1141.5,612.8
2026-07-25 12:45:00,518.1,547.8,1065.0,877.5,642.8,340.3,190.9,51.2,54.0,391.5,490.1,1439.9,5203.7,2232.8,1102.9,1210.2,186.8,41.2,1492.1,296.4,616.2,164.9,5016.5,5313.9,2259.1,850.8,3588.8,2022.6,2576.2,1298.6,1507.4,2415.6,1166.4,1145.8,911.3,632.3,1226.6,1933.0,6033.9,5486.9,1131.9,615.3
2026-07-25 13:00:00,518.6,528.6,1102.5,881.8,653.9,327.5,204.0,50.7,54.2,424.7,409.5,1390.8,5195.4,2274.4,1066.8,1173.0,234.8,42.4,1488.1,317.5,614.8,169.7,5015.1,5309.5,2260.1,890.6,3591.9,2124.1,2596.6,1318.5,1496.1,2394.2,1164.9,1104.0,915.0,602.1,1222.7,1897.3,6147.1,5575.1,1118.7,597.9
2026-07-25 13:15:00,520.2,523.8,1109.8,876.9,655.2,314.6,219.8,48.4,54.2,385.6,407.9,1390.8,5238.5,2291.2,1056.6,1163.5,234.1,42.4,1497.1,321.7,615.4,167.0,5019.3,5315.5,2274.2,892.5,3593.2,2120.0,2597.1,1322.1,1495.3,2378.8,1166.9,1111.2,912.1,611.9,1221.1,1900.4,6161.3,5587.6,1105.8,596.5
2026-07-25 13:30:00,527.1,515.8,1115.4,870.6,654.5,297.5,206.7,48.3,53.8,341.2,401.5,1390.5,5219.1,2296.4,1048.1,1142.3,233.5,42.4,1498.4,325.3,619.5,165.0,5021.4,5295.8,2282.6,895.5,3595.8,2113.2,2592.7,1323.9,1496.9,2366.7,1166.9,1110.5,912.3,621.4,1219.4,1924.9,6167.2,5601.7,1107.2,596.2
2026-07-25 13:45:00,530.5,512.6,1126.9,866.5,654.1,275.9,221.7,48.1,54.2,332.9,396.5,1393.6,5206.5,2302.1,1022.4,1143.7,232.8,42.4,1506.9,322.4,626.0,164.2,5018.2,5269.4,2285.8,898.8,3589.8,1924.0,2594.9,1327.1,1499.8,2365.8,1164.0,1109.8,912.7,630.2,1218.1,1940.4,6176.7,5612.3,1096.5,592.0
2026-07-25 14:00:00,538.8,480.4,1130.9,858.6,648.3,247.5,205.4,48.8,54.4,409.2,387.9,1422.0,5142.2,2298.8,1044.3,1147.7,201.5,39.6,1581.4,328.1,608.4,137.3,5047.9,5364.8,2298.5,883.4,3452.1,2280.3,2572.2,1345.9,1497.7,2416.2,1165.7,1101.4,914.8,631.8,1208.8,1846.2,6180.1,5638.5,1050.6,600.5
2026-07-25 14:15:00,546.3,500.6,1147.5,840.2,653.0,238.8,225.7,48.5,54.0,400.0,379.9,1424.2,5156.0,2272.9,1044.7,1163.9,182.0,39.7,1573.8,303.9,610.2,134.0,5057.4,5369.7,2300.4,883.7,3454.6,2276.9,2574.2,1348.8,1503.9,2422.2,1163.3,1101.8,912.2,646.9,1209.9,1864.9,6193.2,5635.2,1046.7,590.2
2026-07-25 14:30:00,548.9,498.7,1162.5,818.5,652.3,230.1,231.3,48.3,54.4,389.9,379.3,1419.0,5108.1,2310.2,1041.8,1163.8,182.6,39.6,1545.9,315.5,609.7,144.7,5066.1,5370.2,2301.9,885.7,3452.9,2276.0,2571.1,1350.5,1498.0,2412.9,1158.5,1091.5,912.5,656.4,1212.1,1868.8,6167.0,5636.5,1050.5,603.5
2026-07-25 14:45:00,548.0,463.9,1177.7,793.7,655.1,223.4,220.9,47.9,54.8,388.2,377.8,1420.7,5046.0,2349.0,1035.3,1253.6,183.2,39.6,1549.4,320.4,603.7,144.8,5078.2,5382.5,2305.2,887.6,3454.9,2311.3,2574.2,1352.2,1497.4,2416.5,1161.4,1091.9,912.8,676.5,1214.2,1895.4,6170.4,5654.1,1067.7,586.9
2026-07-25 15:00:00,600.6,422.5,1116.5,760.5,636.8,306.0,162.8,23.4,53.2,283.6,286.3,1437.6,5031.4,2423.3,1024.5,1218.1,147.0,39.2,1353.9,376.6,579.5,144.7,5086.5,5467.9,2314.5,835.3,3625.7,2041.4,2537.6,1290.0,1495.2,2563.2,1157.7,1164.9,915.8,715.2,1206.7,1999.6,6079.3,5556.0,1065.1,625.4
2026-07-25 15:15:00,638.2,408.8,1142.6,721.3,642.2,296.0,162.2,22.9,53.6,276.0,284.2,1432.7,5007.0,2463.8,1046.7,1218.3,126.7,39.2,1307.2,382.5,568.6,143.1,5101.9,5474.8,2320.7,836.6,3619.5,2030.3,2539.8,1294.3,1496.3,2584.4,1153.9,1163.0,919.1,721.9,1211.3,2090.9,6056.0,5586.7,1077.8,617.1
2026-07-25 15:30:00,653.1,409.9,1165.7,677.2,647.3,282.6,161.3,22.2,55.2,268.1,278.7,1425.0,4992.1,2551.6,1054.3,1362.7,152.2,39.2,1300.0,378.3,568.7,145.4,5113.5,5482.9,2321.4,836.8,3622.8,2030.3,2537.4,1297.1,1492.7,2593.7,1156.4,1164.4,918.9,724.9,1216.3,2178.1,6080.7,5588.4,1102.7,609.8
2026-07-25 15:45:00,624.3,384.8,1184.5,619.8,652.8,269.6,165.4,21.7,56.0,329.2,276.5,1421.7,5009.1,2500.5,1084.4,1352.6,126.1,39.2,1297.5,380.6,566.6,158.7,5055.2,5417.0,2329.6,837.6,3624.7,2030.7,2541.3,1299.9,1490.2,2606.2,1151.3,1163.5,921.2,724.1,1221.3,2190.6,6072.5,5588.5,1118.0,619.1
2026-07-25 16:00:00,677.3,393.4,1001.5,574.5,658.9,317.5,141.3,60.5,84.8,269.6,318.3,1428.9,5116.7,2894.8,1101.8,1349.1,154.5,26.1,1331.3,451.6,579.4,157.2,5077.3,5474.7,2336.9,805.9,3725.1,2207.9,2488.6,1289.9,1490.2,2445.7,1131.9,1218.6,929.1,742.3,1201.5,2556.9,6139.1,5596.5,1150.7,596.8
2026-07-25 16:15:00,692.7,398.8,1026.2,523.2,669.8,306.2,141.0,64.6,85.2,277.3,319.1,1437.9,5104.3,2932.5,1159.3,1325.5,175.4,26.1,1276.8,440.3,561.2,153.1,5064.5,5479.9,2340.0,805.6,3729.7,2201.3,2493.5,1293.6,1489.3,2457.1,1136.2,1232.1,927.7,741.8,1209.3,2623.2,6162.1,5599.3,1167.9,615.6
2026-07-25 16:30:00,701.4,379.0,833.9,469.0,694.7,292.6,157.1,63.6,86.0,304.8,289.5,1568.3,5080.8,2957.5,1218.1,1287.2,131.3,26.1,1279.4,508.0,564.0,150.9,5070.2,5495.5,2358.3,805.3,3728.3,2189.8,2491.3,1297.7,1488.7,2436.1,1134.6,1246.4,928.8,742.4,1234.3,2646.6,6204.7,5610.0,1186.9,613.5
2026-07-25 16:45:00,711.6,369.2,866.0,414.1,704.0,307.3,167.5,62.5,86.8,288.1,289.2,1572.3,4995.3,3369.4,1285.8,1254.8,127.2,56.1,1260.2,1126.7,541.9,148.5,5074.1,5574.1,2365.7,805.1,3724.2,2178.2,2496.4,1302.5,1477.9,2431.3,1131.6,1253.8,934.6,774.3,1255.0,2748.5,6259.3,5605.5,1219.9,617.4
2026-07-25 17:00:00,677.2,343.2,696.8,373.0,713.7,412.5,74.4,49.8,108.8,249.6,388.0,1595.5,5112.1,3909.9,1405.7,1233.3,62.3,86.1,1394.1,1218.0,514.8,145.2,5051.7,5675.3,2353.6,818.4,3756.0,2187.6,2459.8,1290.3,1494.8,2365.7,1135.9,1440.7,934.2,982.4,1226.8,2920.2,6294.9,5640.9,1254.1,624.4
2026-07-25 17:15:00,657.5,326.4,747.4,347.5,705.8,448.5,73.1,56.2,119.3,287.5,402.7,1616.9,4111.7,3942.7,1511.0,1252.8,62.4,49.0,1378.0,1392.0,534.3,163.0,4968.1,5630.1,2360.0,818.4,3760.2,2182.4,2460.7,1298.6,1495.0,2365.2,1132.9,1443.8,939.6,983.5,1250.3,3027.7,6335.0,5672.6,1283.5,612.3
2026-07-25 17:30:00,674.7,344.2,814.3,383.6,706.9,426.8,83.6,51.6,125.8,249.1,409.5,1638.0,4015.8,4128.4,1598.2,1278.1,62.3,22.6,1337.9,1996.3,548.7,470.1,4980.9,5688.3,2356.2,818.1,3758.1,2241.1,2458.2,1307.1,1486.6,2533.0,1130.1,1412.1,938.0,985.0,1265.8,3184.7,6374.3,5669.2,1298.3,603.5
2026-07-25 17:45:00,671.2,332.2,879.7,353.2,701.8,464.7,88.0,50.6,115.9,209.3,409.2,1618.3,3936.4,4068.0,1649.2,1319.8,72.3,21.2,1232.5,2294.0,518.4,466.8,4997.6,5749.8,2352.6,863.6,3536.7,2318.8,2460.7,1325.5,1484.2,2949.9,1132.6,1246.6,940.0,988.1,1272.6,3235.8,6377.3,5763.8,1316.2,587.7
2026-07-25 18:00:00,673.8,313.7,921.3,337.0,692.8,511.2,35.5,55.7,127.8,193.7,351.7,1574.8,4134.3,3669.5,1376.6,1303.4,96.7,30.0,1204.0,2395.2,489.2,518.8,4943.3,5924.4,2342.3,840.4,3531.5,2252.4,2457.5,1435.7,1486.8,2808.6,915.0,1464.2,936.3,1302.7,1302.4,3432.7,6354.8,5803.4,1352.4,551.6
2026-07-25 18:15:00,679.6,288.1,978.9,311.7,697.8,486.8,31.2,58.3,113.2,159.2,332.3,1559.6,4133.3,3549.9,1405.3,1307.5,142.1,0.0,1188.7,2715.6,461.0,525.1,4950.1,5941.3,2342.7,902.6,3470.1,2571.2,2413.5,1452.8,1481.7,2847.5,907.4,1625.9,934.8,1307.6,1300.2,3454.0,6349.0,5805.8,1355.1,534.5
2026-07-25 18:30:00,681.1,263.2,1030.1,475.1,698.6,437.2,41.0,57.4,121.9,132.5,302.8,1542.0,3371.9,3453.0,1485.8,1479.5,117.5,0.0,1195.1,2703.5,469.9,522.6,4951.0,5940.2,2335.3,925.9,3453.1,2780.4,2408.8,1459.1,1480.8,2871.3,905.7,2024.4,934.5,1309.8,1298.4,3448.3,6378.7,5802.7,1369.3,516.5
2026-07-25 18:45:00,676.5,260.3,1070.8,474.6,691.7,440.4,41.0,55.9,148.1,114.1,300.7,1544.9,2323.5,3393.0,1547.0,1792.6,98.1,0.0,1202.7,2715.3,491.7,520.0,4942.5,5940.7,2335.8,926.5,3459.7,3439.8,2417.8,1458.9,1481.5,2830.4,893.5,2028.5,931.5,1309.9,1291.1,3461.1,6353.1,5827.9,1367.6,498.0
2026-07-25 19:00:00,679.9,276.9,1085.2,508.0,684.6,438.2,41.4,38.2,132.9,137.9,250.6,1568.4,3134.6,2932.6,1368.8,2082.2,177.5,0.0,1065.1,3213.0,487.8,516.9,4912.3,5957.6,2326.6,901.9,3763.9,4319.1,2410.6,1425.3,1482.3,2877.0,876.3,2225.1,928.1,1018.5,1274.0,3469.8,6405.2,5926.1,1380.2,493.2
2026-07-25 19:15:00,667.1,374.2,1106.4,308.0,678.7,455.6,43.2,38.7,163.8,128.5,249.3,1551.4,2042.1,3152.1,1433.7,2009.2,177.0,6.1,1072.2,3182.8,489.9,505.7,4901.2,5958.3,2334.3,902.3,3767.3,4814.5,2453.3,1426.7,1484.0,2841.0,876.2,2201.9,928.5,1024.5,1264.0,3475.1,6390.0,6038.0,1367.4,483.0
2026-07-25 19:30:00,670.8,374.5,1125.9,309.0,681.2,435.2,27.4,40.2,200.5,119.5,246.7,1528.2,1797.9,2806.6,1511.2,1974.2,176.5,24.3,1077.7,3059.2,493.6,500.3,4877.7,5916.5,2327.6,903.1,3817.8,5007.7,2449.5,1427.2,1486.8,2848.6,875.0,2272.6,927.8,1032.3,1254.7,3426.4,6373.2,6095.8,1371.2,479.5
2026-07-25 19:45:00,693.5,291.5,1139.8,509.8,691.1,409.3,12.0,54.6,231.1,159.9,245.6,1504.0,1807.6,2871.8,1564.8,1930.9,196.1,30.0,1108.9,3005.6,503.7,510.2,4855.8,5948.3,2321.9,905.7,3815.3,5165.4,2408.6,1428.6,1482.1,2851.6,869.6,2300.7,924.9,1037.7,1249.0,3312.3,6354.9,6048.3,1375.4,470.5
2026-07-25 20:00:00,715.6,221.6,1139.4,506.2,685.6,434.3,12.0,33.0,264.4,100.8,149.2,1528.1,1947.6,2379.3,1474.6,1965.3,213.7,0.0,1083.6,3053.8,484.1,516.6,4780.1,5938.1,2285.4,913.1,4136.5,5507.9,2461.3,1412.5,1480.8,2894.3,868.7,2581.1,923.1,868.5,1315.1,3437.3,6325.4,6096.3,1370.5,460.1
2026-07-25 20:15:00,715.6,221.6,1139.8,522.2,687.7,425.9,12.0,34.9,284.8,117.7,144.5,1520.0,1941.6,2390.1,1518.1,1933.1,231.9,30.0,1085.4,2966.6,483.9,521.0,4757.7,5969.7,2279.8,912.0,4132.2,5614.3,2461.3,1414.6,1479.7,2884.6,862.9,2683.9,922.7,875.2,1315.2,3354.5,6297.6,6069.4,1375.5,465.9
2026-07-25 20:30:00,697.3,343.2,1143.2,347.1,696.8,419.2,12.1,34.7,303.5,184.1,139.2,1509.1,1943.1,2427.3,1546.9,1886.9,230.1,30.0,1136.6,2837.8,483.6,509.7,4728.4,5927.8,2260.6,912.2,4138.7,5718.4,2456.5,1416.4,1485.4,2901.3,861.4,2790.0,922.3,838.3,1312.2,3300.6,6276.8,6121.8,1374.1,478.4
2026-07-25 20:45:00,697.9,332.8,1137.4,371.5,704.8,414.0,12.0,34.8,312.4,178.2,133.8,1481.5,1943.7,2420.8,1562.6,1874.5,228.3,0.0,1137.4,2896.2,484.1,520.4,4706.9,5947.2,2249.0,911.9,4132.6,5696.6,2425.9,1417.5,1478.4,2794.7,860.6,2826.5,922.9,827.9,1307.5,3294.3,6250.3,6069.2,1365.6,491.1
2026-07-25 21:00:00,716.2,221.2,1128.9,374.3,690.9,420.0,28.0,22.9,313.5,157.4,115.1,1450.5,1790.5,2444.5,1591.2,1971.2,181.5,30.0,1073.8,2529.4,473.9,553.3,4788.1,6028.4,2225.7,941.1,4143.1,5562.7,2438.0,1566.3,1472.9,2488.5,858.5,2828.2,918.0,863.8,1308.2,3297.3,6177.6,6190.6,1366.9,521.2
2026-07-25 21:15:00,701.3,267.6,1119.7,414.9,701.2,385.6,28.0,21.7,316.7,152.1,112.3,1456.1,1783.6,2383.4,1621.3,1948.8,179.4,0.0,1123.2,2493.4,473.1,548.9,4823.1,6025.0,2222.2,940.8,4136.6,5409.8,2385.6,1609.2,1471.8,2301.9,853.6,2912.7,912.3,859.6,1304.1,3430.2,6166.3,6107.9,1349.0,532.9
2026-07-25 21:30:00,702.4,230.9,1099.7,431.6,699.1,391.4,28.1,20.1,317.7,145.1,116.0,1466.8,1775.7,2140.8,1630.0,1921.5,177.3,30.0,1122.3,2448.3,475.8,545.0,4825.9,6021.2,2202.2,939.6,4133.5,5308.3,2379.7,1638.6,1479.9,2216.9,852.2,2974.8,911.5,824.1,1300.0,3452.5,6182.0,6101.8,1348.5,553.6
2026-07-25 21:45:00,705.0,236.1,1075.9,479.0,695.1,387.4,28.1,20.9,320.1,143.5,110.4,1465.9,1780.5,2053.6,1634.3,1900.3,175.2,0.0,1121.7,2411.1,470.5,545.8,4808.3,6037.6,2196.9,939.5,4126.5,5270.3,2378.3,1648.0,1480.6,2215.6,845.0,2990.0,909.4,816.3,1295.1,3435.7,6170.4,6031.7,1354.2,565.0
2026-07-25 22:00:00,701.6,241.1,1059.5,489.0,694.2,309.3,2.0,16.1,314.5,125.3,145.1,1565.7,1710.4,2098.6,1630.5,1940.5,53.4,0.0,1055.0,2399.6,465.5,600.6,4737.7,5950.7,2204.6,927.4,4085.8,5086.5,2347.6,1905.5,1464.3,2183.4,843.5,2947.6,905.7,782.9,1314.1,3394.7,6122.9,6016.0,1338.0,607.5
2026-07-25 22:15:00,693.4,247.5,1027.1,453.8,677.3,314.8,2.0,14.0,309.9,120.5,135.5,1564.5,1705.2,1944.3,1630.5,1918.2,52.3,0.0,1052.4,2339.9,461.0,596.3,4739.2,5963.1,2198.2,926.1,4080.8,5070.4,2344.9,1914.4,1465.6,2184.7,843.5,2947.5,902.6,783.4,1311.7,3387.0,6097.5,6043.5,1331.2,620.8
2026-07-25 22:30:00,692.7,169.9,990.1,622.9,669.1,320.5,2.0,13.1,312.5,122.4,169.5,1568.2,1709.6,1882.1,1635.3,1924.6,51.9,20.7,1048.8,2119.8,460.4,589.5,4771.5,5951.5,2181.4,923.1,4074.2,5044.7,2343.1,1921.4,1461.6,2173.6,839.4,2941.1,901.7,782.7,1306.9,3326.3,6061.2,5915.8,1318.6,551.2
2026-07-25 22:45:00,679.7,172.9,951.5,664.8,654.1,326.0,2.0,13.2,306.9,30.3,151.7,1563.1,1726.3,1918.7,1639.6,1906.8,51.9,21.8,1055.2,2059.1,460.9,583.9,4735.9,5954.9,2161.6,920.9,4072.1,5029.6,2343.8,1931.5,1460.7,2114.8,838.3,2933.0,898.8,767.5,1306.8,3235.6,6071.3,5893.9,1308.9,527.8
2026-07-25 23:00:00,690.2,176.6,922.6,712.0,639.9,151.9,53.0,6.4,295.8,81.8,157.1,1437.7,1561.5,1926.3,1605.1,1866.0,61.5,19.8,1064.7,1884.3,455.5,524.8,4675.1,5942.0,2142.0,928.0,4151.0,5186.2,2316.7,1946.3,1447.0,2041.8,832.0,2910.6,897.2,739.2,1314.1,3141.4,5964.4,5909.1,1272.8,546.4
2026-07-25 23:15:00,689.6,179.4,899.0,745.8,627.5,158.1,53.0,6.8,294.3,29.5,152.3,1439.8,1563.8,1837.7,1591.7,1844.8,61.5,41.5,1071.5,1849.1,440.9,527.4,4632.3,5789.8,2106.9,924.7,4140.1,5157.7,2316.5,1955.5,1442.3,2016.9,840.2,2897.8,893.7,738.2,1307.7,3099.5,5908.0,5868.3,1245.6,562.2
2026-07-25 23:30:00,712.1,182.0,876.0,779.2,614.0,164.6,53.0,8.0,283.3,30.4,159.5,1439.9,1564.9,1773.6,1567.7,1838.1,61.6,43.2,1059.4,1789.5,436.9,533.0,4593.5,5740.7,2091.5,921.7,4138.1,5144.3,2310.7,1960.4,1442.2,2004.2,835.1,2886.7,889.9,736.3,1295.0,3019.7,5853.0,5874.5,1227.0,574.0
2026-07-25 23:45:00,678.6,184.7,854.6,805.2,608.4,170.3,53.1,7.6,275.8,25.3,153.8,1440.3,1597.6,1808.0,1548.4,1819.9,61.5,44.8,1069.6,1724.2,434.5,539.0,4648.2,5808.2,2068.8,918.4,4121.9,5107.8,2313.4,1971.9,1441.8,1989.0,830.0,2876.4,885.2,734.7,1276.8,2951.2,5766.1,5855.6,1210.7,577.7
2026-07-26 00:00:00,628.4,186.8,810.1,659.6,603.7,425.8,8.0,69.5,327.4,9.6,276.5,1409.9,1359.5,2035.5,951.9,1096.9,34.4,133.4,1358.7,1629.3,447.0,394.7,4577.0,5818.0,2040.0,993.9,4147.1,6069.6,2484.9,1466.1,1404.9,1512.4,832.4,2137.1,871.1,825.4,1144.5,2876.1,5650.7,6001.2,1201.2,545.9
2026-07-26 00:15:00,624.3,180.8,798.3,681.3,599.0,426.3,8.0,69.2,326.6,16.3,264.9,1414.6,1360.2,2013.8,1132.1,1115.9,34.4,135.0,1353.3,1595.5,442.4,394.6,4557.2,5810.8,2021.6,990.7,4132.9,6036.3,2481.4,1467.1,1402.5,1501.0,827.6,2137.9,867.8,771.6,1142.8,2828.8,5596.4,5948.3,1186.4,546.2
2026-07-26 00:30:00,622.2,182.8,789.4,706.2,595.0,424.8,8.0,70.1,318.9,21.9,237.4,1415.5,1376.8,1930.4,1207.0,1127.4,34.4,136.0,1350.2,1562.4,441.3,407.8,4535.7,5795.4,2004.8,988.5,4123.1,6009.1,2521.0,1428.1,1400.0,1500.1,823.3,2138.8,862.5,768.0,1134.2,2754.4,5548.4,5952.3,1184.3,551.8
2026-07-26 00:45:00,619.6,166.6,781.6,723.7,592.2,424.3,8.0,68.9,293.4,21.9,231.5,1434.0,1423.8,1913.1,1307.3,1259.2,34.4,137.7,1346.8,1540.0,440.0,416.6,4510.8,5747.6,1974.8,985.2,4112.6,5972.3,2538.9,1403.7,1399.6,1518.0,821.1,2139.4,860.4,763.5,1126.1,2725.1,5499.9,5949.8,1182.3,552.4
2026-07-26 01:00:00,609.7,169.1,776.4,751.1,582.4,374.4,43.0,17.4,296.4,68.0,193.0,1429.8,1268.2,1749.2,1368.8,1262.6,25.5,127.3,1308.5,1506.5,431.3,423.1,4477.2,5636.3,1940.0,941.6,4107.3,5988.3,2503.2,1410.5,1377.0,1509.5,822.1,2111.1,860.3,778.1,1110.8,2681.4,5460.7,5943.2,1135.0,561.4
2026-07-26 01:15:00,606.9,153.1,768.4,765.6,574.5,374.4,43.0,13.1,289.0,68.0,185.8,1438.7,1288.1,1708.4,1354.8,1254.8,25.5,127.9,1305.6,1464.1,428.0,430.4,4480.7,5624.5,1916.3,939.6,4096.9,5957.8,2500.3,1410.9,1375.6,1504.1,820.3,2109.3,856.4,774.5,1103.6,2643.1,5431.9,5925.8,1123.5,561.2
2026-07-26 01:30:00,603.5,154.5,775.3,756.0,571.5,374.5,43.0,14.5,288.4,68.0,181.5,1433.8,1307.0,1668.1,1338.2,1240.9,25.5,128.0,1304.3,1446.3,425.0,436.7,4463.6,5592.3,1897.8,936.2,4093.0,5790.7,2499.3,1398.1,1381.0,1502.0,814.6,2108.3,849.9,772.3,1093.4,2645.0,5400.0,5922.9,1119.3,547.7
2026-07-26 01:45:00,599.4,149.3,768.5,770.7,568.7,374.6,43.0,12.2,288.9,68.0,177.5,1448.4,1544.3,1660.6,1327.5,1243.7,25.5,128.8,1302.6,1424.5,421.9,443.3,4446.3,5509.9,1874.9,933.3,4087.9,5690.3,2496.0,1393.1,1387.0,1498.5,812.9,2106.8,848.2,773.0,1086.3,2644.1,5367.9,5872.6,1092.5,546.7
2026-07-26 02:00:00,603.6,155.3,765.9,783.5,572.0,375.1,8.0,56.9,300.3,35.1,229.5,1372.4,1888.1,1558.4,1299.0,1181.8,0.0,174.3,1159.7,1411.8,422.5,456.6,4448.6,5483.8,1850.5,919.0,4119.0,5850.4,2507.9,1409.5,1372.3,1497.4,805.3,2100.3,845.2,774.2,1079.1,2621.7,5346.9,5860.4,1081.7,541.2
2026-07-26 02:15:00,601.3,150.5,762.7,786.1,573.3,375.0,8.0,56.4,287.9,39.4,229.1,1359.5,1888.8,1544.3,1288.6,1179.8,0.0,174.7,1133.1,1399.3,408.2,465.4,4432.2,5444.5,1840.4,917.9,4114.5,5882.7,2504.5,1407.7,1358.4,1493.1,804.4,2101.8,851.0,777.1,1075.0,2621.6,5326.0,5822.8,1074.7,537.4
2026-07-26 02:30:00,602.0,145.2,757.4,789.5,567.0,375.1,8.0,58.1,299.8,43.8,223.7,1366.6,1891.6,1569.5,1285.7,1181.3,0.0,174.9,1129.8,1391.4,404.0,475.2,4421.8,5405.2,1829.8,916.8,4112.4,5884.2,2503.3,1405.1,1358.4,1488.9,803.2,2101.8,848.3,781.9,1070.2,2621.0,5307.0,5796.3,1065.5,532.0
2026-07-26 02:45:00,594.9,140.9,752.1,791.6,562.7,375.1,8.0,57.4,298.9,45.9,225.2,1347.9,1902.8,1603.8,1283.2,1205.1,0.0,175.5,1128.1,1402.8,400.5,492.0,4394.6,5380.9,1818.8,916.7,4112.9,5872.2,2493.3,1394.9,1357.9,1484.4,798.3,2103.6,846.0,783.7,1067.3,2620.1,5287.4,5759.3,1063.6,525.9
2026-07-26 03:00:00,587.5,151.5,749.1,787.1,568.3,285.5,52.0,62.0,296.9,44.7,234.5,1400.1,1853.5,1572.7,1270.7,1159.8,0.0,202.1,1108.4,1361.3,393.4,488.3,4338.5,5470.0,1799.3,903.7,4120.8,5787.7,2456.0,1400.8,1338.5,1452.5,790.1,2011.2,843.6,788.8,1065.2,2630.2,5285.2,5736.1,1073.9,512.7
2026-07-26 03:15:00,580.6,150.4,744.5,786.0,560.4,285.5,52.0,61.2,285.3,45.8,233.9,1361.2,1853.6,1641.2,1259.4,1172.8,0.0,202.1,1108.3,1350.4,387.0,507.2,4326.6,5459.4,1793.5,904.6,4119.2,5780.8,2457.8,1401.2,1340.0,1445.2,790.2,2012.8,838.0,790.3,1062.4,2631.6,5261.2,5712.7,1078.3,503.4
2026-07-26 03:30:00,583.3,146.9,740.3,799.4,554.7,285.5,52.0,61.0,294.8,43.1,247.4,1358.4,1859.0,1699.1,1257.4,1173.3,0.0,201.9,1108.2,1330.7,388.2,507.7,4318.4,5443.5,1785.7,904.3,4118.7,5773.4,2454.4,1401.1,1334.8,1437.0,787.2,2013.1,836.0,789.7,1055.2,2631.5,5237.2,5678.5,1077.5,491.0
2026-07-26 03:45:00,578.8,143.1,731.6,804.7,549.6,285.5,52.0,58.7,292.0,42.5,239.7,1358.6,1866.3,1769.3,1255.7,1169.8,0.0,201.9,1107.6,1311.1,379.6,511.4,4310.1,5426.6,1777.3,904.0,4122.8,5769.7,2450.7,1400.2,1334.3,1429.8,786.6,2014.5,836.7,788.9,1051.0,2632.2,5203.6,5640.8,1067.9,477.8
2026-07-26 04:00:00,573.0,144.2,721.0,807.0,559.1,285.6,61.0,66.2,269.8,54.8,216.2,1422.3,1673.8,1919.2,1248.7,1188.8,0.1,198.9,797.4,1293.9,380.7,510.1,4233.0,5438.9,1755.0,906.1,3894.6,5613.2,2434.6,1374.4,1320.4,1401.3,784.2,1995.6,833.3,788.3,1044.5,2605.7,5158.8,5655.9,1061.8,462.2
2026-07-26 04:15:00,566.1,145.5,717.5,800.8,559.2,286.5,61.0,63.8,270.8,48.8,215.6,1414.8,1676.6,1945.1,1250.3,1161.5,0.0,197.9,797.4,1265.8,383.3,503.3,4224.4,5447.1,1744.4,904.7,3894.7,5597.5,2434.2,1374.1,1320.9,1393.6,783.2,1996.6,830.9,790.0,1040.6,2596.5,5128.5,5638.0,1053.6,445.5
2026-07-26 04:30:00,564.0,147.3,712.5,799.9,558.9,289.4,61.0,62.4,269.0,46.7,212.9,1404.3,1678.5,2147.1,1248.5,1159.6,0.0,196.6,797.1,1232.2,382.1,500.9,4227.8,5457.5,1740.2,900.3,3895.8,5486.0,2432.6,1374.4,1319.8,1382.4,780.3,1983.4,833.9,792.2,1037.5,2586.3,5102.0,5621.6,1038.8,428.6
2026-07-26 04:45:00,562.5,149.3,708.2,800.0,561.5,292.9,61.0,62.4,275.0,45.9,212.3,1397.8,1683.0,2220.6,1251.4,1153.8,0.0,195.5,797.1,1208.9,378.8,506.5,4229.2,5469.4,1732.1,817.3,3897.4,5299.4,2433.6,1376.8,1319.8,1370.3,777.4,1962.7,831.6,796.2,1033.7,2575.9,5077.5,5606.8,1023.3,416.8
2026-07-26 05:00:00,566.8,149.9,711.2,803.0,565.0,296.3,69.0,29.2,238.7,28.3,198.4,1415.3,1813.3,2541.6,1259.5,1159.7,14.7,212.4,801.7,1156.5,394.1,502.5,4238.7,5472.4,1714.1,813.9,3560.7,5217.9,2446.3,1372.9,1314.6,1367.2,769.8,1934.0,832.2,810.3,1035.8,2562.8,5040.9,5549.4,1002.5,390.2
2026-07-26 05:15:00,564.1,151.4,702.9,803.5,569.2,299.7,69.0,28.0,241.7,27.6,197.3,1416.3,1813.6,2340.5,1258.8,1158.6,14.7,214.4,804.1,1131.0,381.1,494.8,4246.0,5494.3,1709.2,811.7,3559.2,5122.4,2446.4,1374.9,1315.9,1352.2,771.0,1916.2,835.3,817.0,1029.6,2550.1,5031.0,5539.7,1009.6,371.3
2026-07-26 05:30:00,559.6,156.1,694.8,813.8,570.7,303.0,69.0,28.4,242.7,26.0,197.3,1415.7,1856.9,2323.3,1257.6,1015.6,14.7,218.0,807.2,1106.0,380.8,488.2,4258.3,5516.7,1718.0,809.2,3558.5,4981.7,2446.9,1374.2,1313.3,1338.5,769.4,1877.9,833.7,820.5,1031.4,2533.6,5037.8,5527.7,1007.3,352.4
2026-07-26 05:45:00,561.6,161.5,683.1,826.4,565.2,306.7,69.0,27.9,240.3,29.1,198.0,1384.8,2349.9,2407.0,1252.9,842.9,14.7,201.2,807.9,1100.1,381.2,491.5,4270.4,5543.3,1722.7,807.9,3558.7,4798.6,2450.5,1375.1,1313.2,1328.1,770.2,1716.8,836.6,823.9,1033.8,2521.4,5037.4,5517.2,1015.2,336.7
2026-07-26 06:00:00,565.1,179.5,673.7,819.0,562.5,315.7,73.0,26.7,246.9,16.6,286.7,1352.0,2403.6,2616.7,1317.4,768.3,14.7,198.9,807.1,1084.0,383.7,468.5,4319.6,5684.2,1719.8,809.7,3362.4,4405.1,2445.4,1384.4,1323.2,1330.0,767.6,1639.4,840.7,826.4,1048.3,2500.7,5028.7,5533.5,1017.1,316.4
2026-07-26 06:15:00,565.6,191.1,655.4,824.5,555.3,322.2,73.0,20.8,239.8,16.6,286.1,1358.4,2402.4,2623.9,1320.7,770.5,14.7,199.2,814.1,1085.0,382.8,446.8,4342.3,5726.2,1718.0,805.4,3411.5,3968.5,2448.9,1386.5,1320.5,1323.4,765.7,1419.2,843.8,831.4,1046.4,2477.3,5031.8,5550.2,1026.1,301.9
2026-07-26 06:30:00,563.1,202.4,630.3,844.9,547.7,329.4,73.1,18.8,234.9,16.6,278.2,1363.0,2410.8,2559.0,1311.7,776.1,14.7,179.3,817.9,1075.9,383.8,423.3,4366.8,5762.1,1723.1,804.9,3415.7,3554.9,2451.9,1388.1,1331.7,1320.6,771.5,1367.1,845.6,836.4,1047.6,2449.7,5026.5,5547.9,1021.5,286.8
2026-07-26 06:45:00,564.9,218.1,607.3,855.5,539.9,338.3,73.0,19.0,219.9,17.0,274.4,1367.8,2415.5,2546.4,1292.7,776.0,14.7,178.7,812.3,867.7,390.2,397.7,4383.5,5813.4,1735.7,803.1,3425.8,3123.4,2460.6,1390.6,1331.8,1314.4,772.4,1367.7,850.2,839.9,1053.3,2422.5,5030.0,5545.0,1031.9,272.9
2026-07-26 07:00:00,568.6,248.9,571.7,859.0,553.5,350.4,46.0,15.7,225.9,23.0,380.2,1377.3,2571.3,2721.9,1473.9,844.5,18.8,136.6,830.2,1072.6,402.1,358.5,4480.1,5970.0,1740.8,789.7,3427.0,2836.3,2442.6,1392.2,1332.7,1309.8,781.6,1411.2,855.1,837.6,1055.2,2360.5,5038.9,5544.2,1052.7,257.9
2026-07-26 07:15:00,572.8,268.3,542.0,885.2,553.0,353.2,46.0,16.3,213.2,27.0,385.7,1386.2,2578.0,2701.3,1469.7,855.2,18.7,135.3,833.1,856.8,402.5,326.0,4500.4,6009.5,1746.8,787.0,3423.4,2713.8,2447.5,1397.6,1334.2,1309.7,781.6,1409.9,860.0,846.1,1058.9,2328.4,5070.6,5560.6,1062.4,252.2
2026-07-26 07:30:00,571.0,271.8,514.6,882.9,552.8,358.3,46.0,16.8,199.9,32.1,383.8,1390.8,3128.5,3246.5,1464.4,857.6,18.7,114.1,834.0,855.2,407.3,304.8,4522.7,6039.8,1752.7,782.5,3420.3,2521.3,2447.7,1399.9,1336.3,1308.4,785.4,1410.2,863.7,851.3,1066.5,2290.2,5071.7,5577.9,1062.9,246.5
2026-07-26 07:45:00,572.2,294.4,496.9,907.9,560.6,362.6,46.0,17.7,189.8,39.7,381.3,1399.9,3134.5,2715.4,1467.9,872.7,29.2,97.6,858.7,857.1,423.9,274.6,4542.9,6059.8,1765.8,778.7,3419.8,2462.7,2450.3,1407.4,1341.7,1307.5,789.3,1408.7,867.6,858.3,1075.3,2254.6,5058.0,5596.4,1074.5,242.7
2026-07-26 08:00:00,578.3,293.3,461.3,890.5,586.7,374.5,73.0,16.5,184.2,74.1,411.4,1440.1,3362.1,3379.6,1728.5,891.8,40.7,191.9,865.9,752.5,404.0,265.5,4655.8,6057.2,1791.4,828.7,3541.3,2712.3,2483.6,1458.3,1359.9,1418.7,776.6,1346.8,872.4,898.7,1075.9,2113.2,5086.3,5660.0,1071.4,240.2
2026-07-26 08:15:00,579.2,307.6,441.0,929.7,591.7,390.8,73.4,32.0,178.2,90.8,425.1,1460.9,3574.8,3021.9,1736.2,929.6,56.0,182.1,863.0,774.2,415.5,238.3,4677.5,6108.9,1807.1,825.1,3546.6,2751.9,2485.4,1462.3,1362.3,1418.3,774.6,1355.6,877.2,900.0,1085.0,2080.7,5118.0,5641.0,1083.2,244.9
2026-07-26 08:30:00,573.7,302.5,420.4,953.1,598.7,404.3,74.8,35.8,169.4,88.0,447.8,1484.9,3579.2,2786.2,1750.4,931.1,87.1,139.3,862.3,815.1,416.5,210.1,4696.6,6125.3,1828.5,821.1,3558.5,2757.9,2483.8,1465.9,1365.6,1416.8,782.3,1355.8,881.6,901.9,1100.2,2034.1,5141.0,5672.0,1083.2,252.8
2026-07-26 08:45:00,571.8,300.9,407.0,902.8,607.2,392.2,78.6,39.5,158.4,102.3,421.9,1506.4,3582.8,2771.9,1753.4,923.3,68.1,139.3,861.5,819.5,451.2,188.5,4719.8,5986.4,1841.3,817.3,3565.1,2500.3,2478.3,1472.3,1368.7,1415.1,783.8,1317.0,890.4,898.9,1108.5,1995.9,5184.8,5685.0,1097.3,254.0
2026-07-26 09:00:00,587.5,321.1,357.6,917.5,622.7,396.5,129.7,11.2,156.4,76.1,430.0,1554.1,3855.0,2955.4,2079.2,1002.0,83.9,177.4,1037.3,934.3,425.3,166.5,4811.7,6079.5,1880.4,800.2,3616.3,3246.8,2419.6,1465.1,1394.4,1305.9,1030.6,1300.3,903.5,910.9,1152.0,1963.0,5210.0,5729.5,1108.0,264.1
2026-07-26 09:15:00,585.1,313.9,339.3,937.9,635.3,389.3,125.3,12.0,150.1,77.7,424.7,1532.5,3860.4,3201.2,2084.6,978.4,84.3,174.0,1037.3,929.5,435.5,140.3,4827.1,6029.5,1912.4,800.4,3628.5,2721.1,2407.9,1474.5,1400.4,1301.5,1031.7,1201.2,910.5,912.9,1165.8,1943.3,5247.4,5662.2,1120.1,276.1
2026-07-26 09:30:00,581.7,313.6,543.7,972.8,630.9,407.0,126.6,12.7,144.2,72.4,425.2,1534.2,3913.0,3454.9,2066.2,974.4,84.6,174.0,1048.3,908.0,449.8,122.6,4844.1,6103.6,1921.1,798.4,3838.1,2534.2,2404.7,1477.2,1398.5,1297.8,1033.3,1186.0,914.3,916.0,1181.3,1929.9,5293.0,5804.6,1119.4,286.7
2026-07-26 09:45:00,583.4,307.1,524.4,1001.0,644.0,408.4,121.9,13.3,147.8,78.1,423.0,1373.9,3920.8,3632.9,2109.9,972.6,64.9,177.9,1136.2,860.2,482.2,109.3,4856.5,6110.7,1946.1,796.0,3850.7,2527.6,2390.7,1491.5,1400.6,1296.5,1035.3,1023.1,918.3,918.8,1195.4,1919.3,5327.2,5837.0,1126.7,306.1
2026-07-26 10:00:00,580.3,321.5,522.0,1027.2,665.5,255.8,236.1,14.7,166.4,86.1,430.5,1399.7,4177.7,3781.7,2254.3,1029.3,45.9,152.2,1217.0,772.2,568.5,97.9,4953.1,6117.2,1980.5,672.2,3571.3,2002.2,2414.1,1487.0,1413.4,1285.1,1048.2,1460.6,919.9,948.9,1210.4,1834.6,5435.9,5864.6,1127.0,325.5
2026-07-26 10:15:00,577.5,321.3,517.6,1054.0,665.8,261.6,237.0,14.9,156.4,76.1,418.6,1404.8,5018.1,3866.4,2292.0,1008.3,45.8,179.5,1238.5,715.1,593.8,85.3,4962.7,6127.4,2007.8,670.7,3602.7,2000.4,2419.4,1491.3,1418.5,1282.3,1052.7,1494.2,924.0,950.3,1214.9,1834.6,5465.5,5853.5,1125.3,331.2
2026-07-26 10:30:00,574.6,320.1,515.6,1067.2,666.1,254.7,220.2,16.6,151.6,81.6,398.3,1408.9,5041.7,3937.9,2250.4,1030.6,45.6,187.8,1278.3,378.0,634.8,26.4,4961.7,6103.6,2020.0,670.5,3707.5,2001.5,2423.9,1487.4,1425.8,1279.2,1052.3,1574.7,926.3,952.9,1211.4,1829.1,5475.2,5864.4,1124.1,340.1
2026-07-26 10:45:00,576.4,321.5,513.4,1089.3,667.4,240.9,219.6,23.9,149.5,91.2,409.0,1413.8,5068.9,3831.2,2241.4,996.4,65.4,184.8,1302.7,376.6,637.5,30.0,4958.4,6058.7,2039.2,670.8,3708.3,2002.1,2430.0,1488.6,1416.4,1276.4,1056.2,1587.1,927.1,958.2,1198.6,1820.2,5491.3,5860.3,1132.0,351.5
2026-07-26 11:00:00,583.4,325.2,732.2,1113.0,674.8,249.8,276.5,11.0,143.5,107.1,376.0,1579.1,5154.6,4078.6,2279.9,1063.6,50.9,108.8,1435.9,322.9,632.5,35.0,5014.4,6015.8,2064.7,659.0,3909.0,2109.9,2369.0,1538.2,1424.3,1295.1,1060.7,1202.3,930.9,976.0,1180.8,1791.9,5486.9,5777.1,1110.8,369.7
2026-07-26 11:15:00,586.2,318.3,730.5,1124.4,668.6,244.1,278.0,10.9,142.2,105.1,412.4,1558.7,5164.8,3968.3,2225.0,1046.3,71.0,105.6,1455.0,295.9,631.6,37.9,5018.2,6010.8,2077.5,660.7,3910.5,2109.5,2368.5,1535.2,1424.9,1294.5,1058.4,1209.0,929.6,985.9,1164.6,1785.6,5485.0,5791.5,1107.5,379.7
2026-07-26 11:30:00,580.8,322.4,729.6,1120.6,663.0,234.5,279.3,11.1,142.4,110.5,423.5,1499.3,5175.7,3879.7,2206.2,1059.7,71.3,106.5,1445.8,286.4,631.6,38.8,5020.5,5994.2,2081.3,661.6,3917.0,2109.1,2366.2,1529.9,1426.9,1293.6,1060.7,1217.6,930.5,994.2,1154.1,1769.7,5484.1,5796.4,1103.6,388.3
2026-07-26 11:45:00,585.5,323.2,730.8,1138.8,657.6,237.6,279.3,11.3,141.9,146.2,423.6,1455.1,5204.9,3725.3,2203.4,1139.4,71.6,106.7,1452.8,343.7,628.6,38.3,5022.4,6011.9,2091.7,661.2,3918.6,2109.0,2370.5,1530.7,1429.7,1293.4,1064.7,1229.2,929.3,1004.3,1149.1,1760.6,5510.7,5830.6,1091.8,398.7
2026-07-26 12:00:00,589.5,321.1,767.8,1109.5,659.2,217.9,261.3,9.8,158.9,165.1,374.1,1708.4,5223.3,3696.4,2091.6,1113.8,74.6,111.9,1428.7,256.2,627.5,41.5,5012.0,5938.2,2104.4,626.4,3780.9,2378.1,2418.2,1578.8,1434.3,1343.9,1073.6,1037.8,930.4,1000.4,1151.0,1748.8,5499.3,5737.5,1080.1,394.7
2026-07-26 12:15:00,591.6,319.3,765.1,1112.0,660.6,216.0,241.3,9.9,158.5,176.9,377.4,1651.4,5236.8,3601.4,2076.9,1125.6,74.4,112.1,1432.2,255.6,622.1,43.9,5007.1,5935.3,2113.1,627.6,3775.3,2383.0,2419.8,1575.3,1433.5,1345.4,1072.2,1038.4,928.1,1011.3,1150.0,1738.9,5492.0,5736.8,1079.8,395.4
2026-07-26 12:30:00,594.8,317.0,766.7,1110.9,664.9,218.3,253.6,9.9,157.8,120.9,380.7,1647.6,5253.3,3391.7,2046.1,1136.1,74.3,112.4,1407.7,287.6,615.4,47.5,5005.8,5913.4,2109.8,630.0,3782.6,2396.6,2414.5,1561.2,1423.5,1346.8,1072.1,1038.4,928.8,1025.1,1148.6,1732.9,5483.7,5764.5,1076.7,402.5
2026-07-26 12:45:00,595.0,312.3,768.9,1113.5,665.6,217.1,254.6,9.9,192.9,103.1,381.1,1549.6,5282.0,3333.5,2049.0,1146.1,74.2,112.6,1430.8,280.4,612.0,54.5,4996.5,5910.1,2117.4,629.2,3778.6,2398.9,2415.2,1560.6,1427.4,1347.2,1065.1,1039.3,929.2,1040.3,1144.5,1725.6,5508.1,5780.9,1084.0,405.5
2026-07-26 13:00:00,588.0,310.5,766.5,1127.9,667.3,228.1,233.0,12.7,134.7,113.3,360.6,1475.0,5178.1,3498.1,2031.1,1178.1,123.9,48.9,1403.0,283.3,642.3,54.9,4995.5,5968.0,2122.8,612.0,3680.7,2734.5,2387.7,1536.4,1425.3,1353.5,1066.9,1043.3,931.3,1058.0,1145.5,1635.5,5593.6,5901.8,1097.1,403.3
2026-07-26 13:15:00,587.0,310.7,768.4,1115.0,676.1,225.8,249.4,9.6,170.2,106.3,356.6,1481.9,5212.7,3508.1,2039.5,1186.2,98.0,48.9,1380.7,276.2,640.2,52.6,4993.0,5974.6,2129.3,612.8,3679.8,2736.5,2392.7,1541.0,1425.7,1354.5,1073.0,1043.9,932.0,1066.2,1140.3,1624.3,5595.5,5895.2,1103.1,405.9
2026-07-26 13:30:00,586.2,303.6,771.5,1119.8,677.1,220.7,253.9,9.5,172.9,105.7,340.7,1493.4,5223.3,3577.4,2041.8,1178.8,97.1,48.9,1377.4,279.0,638.2,45.8,4998.0,5992.5,2135.0,615.5,3683.0,2736.2,2387.7,1537.5,1432.6,1355.8,1068.1,1043.8,928.5,1066.4,1137.3,1614.3,5595.1,5891.0,1104.0,399.4
2026-07-26 13:45:00,586.3,303.8,773.1,1104.5,677.0,221.1,247.4,9.2,172.9,106.6,307.5,1488.2,5226.9,3554.7,2036.4,1197.9,96.3,48.9,1391.8,293.9,639.7,34.0,4997.8,6011.4,2139.8,617.0,3677.5,2736.9,2387.2,1538.0,1432.0,1355.8,1066.3,1043.9,928.9,1054.8,1135.6,1605.2,5582.4,5906.0,1097.7,397.7
2026-07-26 14:00:00,593.0,308.2,757.6,1081.3,666.0,230.9,215.1,19.3,191.8,111.1,379.0,1498.9,5169.7,3548.2,2005.1,1203.7,123.2,14.9,1396.2,283.4,618.9,33.9,4997.7,6013.1,2144.8,674.1,3707.5,2549.2,2363.3,1503.7,1437.6,1355.2,1073.2,1103.1,923.3,1036.8,1148.0,1628.9,5623.8,6031.7,1101.9,396.1
2026-07-26 14:15:00,596.7,316.3,759.5,1050.0,669.7,242.3,214.2,18.9,191.8,119.8,378.4,1498.6,5170.3,3551.9,2015.1,1208.8,122.1,15.1,1395.3,277.6,616.3,33.9,5007.3,6052.0,2155.2,674.9,3704.6,2549.7,2367.2,1508.0,1436.2,1357.2,1070.8,1103.7,922.9,1020.0,1147.4,1613.6,5600.1,6035.1,1092.5,391.6
2026-07-26 14:30:00,600.5,318.3,542.6,991.2,676.8,236.1,214.3,18.6,191.8,122.2,382.2,1498.0,5164.8,3574.3,2000.9,1205.3,121.1,15.1,1392.5,270.2,614.7,32.9,5021.4,6013.5,2151.6,676.8,3705.2,2549.2,2364.4,1503.3,1430.1,1358.4,1068.8,1103.4,921.9,1004.7,1147.9,1591.1,5602.6,6007.0,1090.6,396.9
2026-07-26 14:45:00,605.6,332.5,557.7,998.0,686.1,235.0,203.8,18.3,189.0,119.8,373.8,1496.1,5154.9,3556.7,1994.7,1209.4,100.0,15.2,1388.7,267.8,614.4,32.9,5028.1,6047.6,2160.1,678.5,3711.5,2549.5,2369.1,1510.3,1434.2,1361.2,1072.6,1103.5,925.0,996.5,1148.0,1571.3,5629.2,6063.1,1089.9,394.3
2026-07-26 15:00:00,612.9,324.1,308.6,1035.9,682.2,231.0,209.9,20.1,136.3,125.5,363.9,1504.5,5078.0,3410.0,1972.9,1231.3,53.7,42.2,1400.1,286.0,624.8,34.9,4996.4,6001.2,2167.0,616.1,3760.6,2557.3,2387.5,1506.2,1441.1,1362.7,1074.3,1031.3,926.8,1004.9,1168.0,1498.8,5510.4,5951.4,1099.3,383.0
2026-07-26 15:15:00,620.8,315.1,336.7,979.8,687.7,221.3,199.2,19.8,134.1,136.2,369.1,1500.8,5052.4,3429.1,1969.9,1229.5,53.7,62.4,1382.6,273.8,614.7,35.8,5005.8,5974.6,2176.5,615.9,3759.6,2556.2,2388.7,1500.1,1445.7,1392.6,1072.6,1030.9,930.3,1000.3,1174.3,1473.2,5525.1,5931.9,1100.7,372.2
2026-07-26 15:30:00,624.5,304.1,368.9,916.2,696.9,205.0,206.4,19.4,96.3,197.7,363.8,1493.4,5042.2,3518.6,1965.4,1228.2,53.7,33.0,1364.1,259.4,617.1,35.2,5019.2,5945.4,2177.6,615.0,3769.5,2554.1,2388.0,1501.6,1448.4,1404.6,1081.2,1034.1,933.3,995.2,1182.5,1446.5,5547.5,5910.6,1112.5,359.1
2026-07-26 15:45:00,631.4,306.7,395.1,850.8,699.4,187.9,202.2,18.5,96.8,203.6,356.3,1485.0,5043.7,3597.8,1956.5,1213.6,53.7,33.2,1374.3,268.1,618.2,43.2,5026.2,6229.8,2193.0,614.2,3790.1,2558.4,2393.4,1503.4,1446.3,1405.6,1073.3,1035.3,936.9,969.5,1204.9,1431.3,5592.8,5898.8,1124.9,343.6
2026-07-26 16:00:00,645.5,287.0,423.8,788.4,705.6,282.6,183.5,16.8,129.9,166.0,324.9,1491.6,5079.7,3693.2,1878.5,1228.8,118.1,141.7,1333.4,282.8,624.1,40.1,5025.6,6293.2,2195.2,596.7,3621.2,2256.2,2439.8,1444.7,1453.9,1781.2,1058.8,1036.9,941.8,965.7,1226.7,1506.6,5627.1,5854.9,1177.2,319.8
2026-07-26 16:15:00,652.6,275.2,457.2,718.4,709.9,267.9,186.9,16.4,129.5,214.5,321.1,1481.5,5083.6,4147.7,1871.4,1219.4,138.6,139.5,1324.1,296.6,612.2,42.3,5033.5,6584.8,2206.0,599.4,3628.3,2255.2,2457.4,1438.1,1452.2,1760.0,1064.0,1036.7,944.5,1003.1,1243.2,1554.5,5680.9,5853.9,1194.7,300.2
2026-07-26 16:30:00,658.7,296.5,492.3,637.4,711.0,307.0,192.7,15.9,129.9,204.4,303.0,1475.0,5064.2,4866.8,1925.5,1206.6,119.1,136.1,1298.4,377.1,613.9,61.8,4888.6,6635.6,2220.0,616.0,3614.8,2250.6,2420.4,1462.8,1443.9,1788.0,1063.6,1036.8,948.0,1069.1,1208.4,1621.4,5729.4,5876.7,1212.8,315.7
2026-07-26 16:45:00,663.3,281.1,533.5,625.2,717.4,344.2,192.0,15.6,129.5,221.8,308.9,1469.1,5051.6,4955.0,1911.2,1279.2,114.5,136.9,1277.5,454.0,610.6,87.0,4899.4,6638.5,2228.9,613.0,3601.0,2245.6,2397.2,1508.5,1451.8,1880.3,1068.7,1060.0,944.6,1178.5,1212.8,1730.0,5796.2,5896.6,1238.7,295.8
2026-07-26 17:00:00,682.2,257.7,598.3,514.8,706.1,390.6,53.0,10.5,149.2,226.7,280.4,1492.0,4811.6,5116.9,1772.9,1234.1,90.0,74.8,1216.7,379.2,556.3,62.2,4928.8,6555.8,2228.3,684.2,3499.6,2132.4,2530.5,1401.7,1464.9,2320.6,1071.0,1031.8,954.3,1495.0,1249.9,1889.6,5880.3,5824.2,1269.2,267.1
2026-07-26 17:15:00,682.9,247.7,636.2,489.6,718.7,377.5,50.8,10.0,149.2,204.0,280.7,1484.8,4764.6,5048.4,1769.5,1363.1,90.0,58.2,1153.9,433.8,538.2,83.7,4840.3,6369.2,2241.1,684.7,3492.5,2129.3,2512.1,1426.6,1465.5,2346.2,1070.5,1155.9,949.1,1606.5,1261.5,2019.2,5951.9,5811.7,1292.6,248.9
2026-07-26 17:30:00,685.5,258.7,673.8,438.5,715.6,387.9,39.1,9.6,149.9,193.5,282.7,1481.1,4144.9,5059.9,1807.9,1359.4,90.0,53.4,1099.1,440.5,538.9,100.4,4817.8,6388.6,2241.6,686.1,3319.5,2150.7,2509.9,1420.4,1469.7,2492.9,1069.3,1316.1,949.4,1604.8,1273.6,2012.8,6027.7,5815.9,1313.9,227.2
2026-07-26 17:45:00,690.8,236.8,734.7,398.7,696.3,409.1,35.1,14.6,149.0,175.4,295.2,1465.5,4052.8,5219.2,1837.9,1365.0,90.0,49.9,1111.5,458.7,526.2,98.5,4745.9,6312.0,2250.1,686.6,3327.8,2368.9,2486.6,1435.3,1458.3,2508.1,1075.1,1342.5,954.2,1603.3,1286.6,2172.2,6060.5,5809.7,1326.6,204.5
2026-07-26 18:00:00,704.2,210.9,781.6,596.7,698.2,457.5,65.9,15.9,148.4,141.3,312.5,1652.1,4041.5,4812.6,1621.4,1381.7,171.8,25.0,1336.6,385.9,545.4,122.8,4863.7,6370.6,2257.7,716.5,3398.5,2223.2,2583.2,1364.5,1460.9,2438.5,867.2,1312.5,953.5,1632.0,1292.5,2410.1,6149.5,5812.1,1354.0,204.8
2026-07-26 18:15:00,706.2,194.5,862.6,589.9,700.7,437.1,53.9,15.5,147.3,120.3,320.7,1616.1,4030.4,4979.8,1649.6,1398.8,171.8,4.1,1321.2,389.6,542.2,119.5,4777.6,6312.3,2263.0,721.0,3387.9,2738.8,2588.9,1365.3,1467.2,2453.1,864.7,1423.2,951.8,1623.6,1303.8,2415.9,6187.7,5832.7,1378.4,197.6
2026-07-26 18:30:00,704.2,210.9,945.7,595.1,704.7,406.4,61.5,15.2,163.3,110.8,333.5,1625.2,3812.3,5313.7,1619.6,1369.4,171.8,3.1,1318.6,371.4,544.8,111.3,4777.5,6326.0,2263.4,722.9,3399.6,3331.8,2586.5,1349.5,1467.3,2493.4,869.8,1852.5,951.8,1609.1,1305.2,2352.4,6230.1,5901.8,1408.4,188.3
2026-07-26 18:45:00,707.8,211.9,1016.6,584.3,705.5,370.0,53.9,15.0,182.1,90.7,354.6,1637.0,2726.9,4715.7,1663.0,1341.9,171.8,22.2,1325.0,352.3,562.8,106.2,4780.8,6359.6,2269.3,734.0,3403.1,3673.7,2589.2,1346.1,1467.8,2513.7,866.8,1989.5,949.5,1590.6,1300.8,2374.8,6268.7,5845.5,1420.3,180.0
2026-07-26 19:00:00,684.3,304.7,1068.7,641.0,706.0,456.3,61.7,59.6,172.7,66.0,372.3,1584.7,2491.9,4632.5,1493.4,1241.8,91.6,39.9,1317.9,368.9,554.1,137.8,4778.0,6269.8,2265.8,722.1,3698.9,4193.0,2636.6,1354.7,1459.6,2502.8,867.7,1983.5,943.3,1615.5,1294.6,2436.3,6323.6,5927.5,1415.2,182.3
2026-07-26 19:15:00,708.1,182.7,1103.3,646.8,705.5,446.2,62.3,59.1,193.1,51.2,359.4,1562.9,1855.8,4747.3,1537.4,1198.1,91.6,39.6,1309.7,342.8,556.3,126.5,4780.8,6269.9,2279.5,723.1,3655.4,4739.8,2642.0,1350.2,1464.4,2531.6,873.0,2212.5,946.7,1590.3,1280.5,2407.9,6342.5,5895.9,1432.0,175.6
2026-07-26 19:30:00,713.2,213.5,1132.7,852.9,706.3,427.3,59.8,53.8,217.7,40.7,345.9,1555.0,1610.9,4495.2,1566.0,1174.6,91.6,39.1,1318.6,335.9,567.0,125.9,4771.9,6239.2,2270.2,799.0,3665.0,5160.9,2641.3,1348.3,1468.4,2541.7,871.4,2253.8,938.0,1562.2,1281.0,2425.2,6348.4,5852.3,1440.2,169.4
2026-07-26 19:45:00,688.5,286.1,1155.2,864.8,709.0,414.7,56.5,56.3,241.0,84.1,345.9,1547.5,1567.9,4415.1,1596.8,1147.3,91.6,18.7,1341.8,342.1,576.9,126.2,4762.2,6282.5,2274.0,804.1,3670.3,5687.6,2647.3,1343.6,1470.5,2547.2,870.2,2310.4,939.9,1530.5,1283.6,2451.2,6349.5,5860.7,1468.9,167.7
2026-07-26 20:00:00,689.9,289.5,1169.0,682.2,707.6,475.5,48.6,31.7,242.4,33.5,374.4,1483.3,1642.3,4196.4,1491.8,1088.2,134.3,13.7,1568.3,420.6,569.9,74.3,4673.0,6118.0,2263.1,797.9,4026.5,6511.8,2638.7,1378.1,1479.3,2649.6,870.7,2430.9,929.0,1517.9,1282.1,2435.9,6345.6,5823.9,1480.4,162.4
2026-07-26 20:15:00,692.9,281.0,1170.9,895.1,710.7,472.8,47.4,31.7,259.7,28.4,364.0,1461.7,1615.6,4154.9,1517.3,1063.3,153.7,13.7,1558.7,416.8,563.7,77.2,4656.7,6125.3,2268.3,795.4,4032.1,6517.2,2642.9,1376.2,1469.0,2650.2,866.6,2484.2,926.9,1494.1,1284.7,2456.1,6334.2,5823.8,1493.8,160.1
2026-07-26 20:30:00,733.8,167.8,1172.2,909.1,713.5,480.0,48.3,31.7,276.1,113.9,340.3,1442.4,1606.5,4153.8,1562.2,1059.0,153.0,13.7,1562.3,432.4,570.2,82.1,4637.3,6104.2,2254.6,795.3,4079.9,6695.4,2642.7,1372.4,1474.3,2671.8,868.6,2534.2,925.7,1475.5,1284.3,2462.9,6329.0,5806.9,1499.8,184.6
2026-07-26 20:45:00,734.9,168.9,1163.4,926.3,709.4,479.0,50.4,32.8,282.6,109.9,319.2,1461.3,1605.0,4121.1,1614.9,1056.5,152.4,13.7,1561.2,439.5,568.2,84.2,4622.5,6094.7,2261.0,792.8,4081.3,6667.1,2646.9,1368.7,1473.5,2670.8,868.1,2523.6,929.5,1462.9,1274.6,2470.4,6323.2,5777.6,1492.1,210.2
2026-07-26 21:00:00,692.1,310.0,1149.5,686.1,704.5,478.0,38.3,6.5,302.3,106.6,337.7,1417.6,1549.5,4349.5,1737.5,1076.6,240.0,14.7,1469.0,468.5,557.1,89.1,4704.0,6194.4,2251.0,791.1,4356.1,7007.8,2615.1,1361.7,1475.0,2757.4,861.1,2616.8,927.3,1361.7,1274.7,2437.1,6349.9,5861.9,1537.3,239.9
2026-07-26 21:15:00,723.3,157.3,1132.3,889.1,696.6,476.3,38.2,6.5,300.2,104.3,306.0,1407.8,1522.2,4290.2,1758.0,1039.6,228.9,14.7,1469.0,465.5,561.2,85.3,4738.6,6215.2,2252.0,792.5,4340.9,6993.1,2611.6,1358.5,1476.1,2760.1,855.7,2536.7,923.0,1360.7,1265.4,2451.0,6332.3,5829.9,1511.5,238.7
2026-07-26 21:30:00,718.0,154.0,1113.6,888.8,689.5,470.8,39.8,6.5,302.0,103.1,295.5,1410.9,1504.3,4297.4,1763.3,1014.5,227.9,14.7,1475.2,477.9,564.1,87.9,4747.8,6214.6,2240.0,792.3,4345.8,6834.4,2608.4,1355.4,1475.6,2761.9,853.7,2453.9,919.0,1361.1,1265.5,2469.5,6313.4,5743.0,1507.7,183.2
2026-07-26 21:45:00,714.7,148.7,1086.0,896.8,674.5,461.7,39.7,6.5,303.2,102.8,299.4,1408.7,1504.1,4366.7,1766.7,1000.9,231.9,14.7,1470.7,492.5,561.0,90.9,4731.8,6173.5,2240.7,791.8,4334.9,6468.6,2605.7,1353.9,1475.2,2767.1,849.0,2406.3,924.3,1363.7,1267.7,2471.3,6288.8,5736.5,1499.9,183.4
2026-07-26 22:00:00,693.7,183.7,1048.4,926.9,658.7,446.4,26.0,19.1,310.9,93.4,278.3,1398.6,1448.3,4216.6,1688.7,1077.1,69.0,26.8,1419.8,495.3,538.0,97.7,4675.8,6325.4,2247.1,796.5,4364.2,7151.6,2589.0,1354.2,1481.0,2710.7,842.6,2476.9,920.9,1329.7,1276.0,2443.5,6274.2,5464.3,1493.5,186.4
2026-07-26 22:15:00,693.1,183.1,1024.5,935.6,638.6,446.7,27.2,17.9,305.1,86.7,274.9,1400.7,1410.6,4255.7,1671.5,1031.7,59.0,27.2,1417.3,503.1,536.8,92.9,4632.1,6250.1,2252.9,793.3,4361.8,6749.7,2586.1,1352.2,1472.5,2692.6,837.1,2386.1,920.0,1332.6,1277.7,2469.7,6233.8,5467.9,1478.5,185.6
2026-07-26 22:30:00,685.2,175.2,1005.6,943.0,623.0,431.3,26.7,17.9,304.7,86.1,305.7,1394.3,1392.2,4304.5,1653.0,1029.4,59.0,47.5,1410.5,523.6,531.1,93.9,4600.1,6171.9,2227.8,787.2,4359.8,6040.2,2579.8,1350.6,1456.4,2656.1,836.7,2326.1,912.4,1331.8,1277.5,2497.3,6190.1,5451.9,1467.3,185.5
2026-07-26 22:45:00,676.7,166.7,991.5,949.7,610.0,430.7,26.3,17.9,302.9,13.1,301.4,1387.2,1390.7,4398.5,1649.3,1027.7,59.0,22.9,1409.0,549.9,527.9,94.5,4651.6,6173.3,2216.9,779.0,4346.4,5314.6,2581.5,1350.2,1454.4,2605.8,842.3,2283.8,910.8,1329.2,1272.2,2528.2,6146.0,5443.9,1447.6,186.2
2026-07-26 23:00:00,673.9,163.9,966.7,943.0,593.1,371.4,23.9,3.9,326.1,43.0,296.7,1426.0,1292.7,4481.1,1674.9,1090.0,146.2,31.3,1355.3,498.5,511.0,85.9,4450.0,5971.9,2178.1,770.1,4341.2,5482.8,2570.8,1364.7,1450.2,2575.0,832.3,2258.3,907.2,1289.8,1267.6,2435.6,6004.1,5385.8,1412.1,193.0
2026-07-26 23:15:00,666.1,156.1,950.0,945.2,578.5,371.9,23.2,3.9,333.9,1.1,288.2,1426.2,1598.4,4528.0,1658.9,1085.4,150.2,26.9,1353.7,521.6,495.7,89.5,4496.9,6004.3,2148.3,761.1,4320.3,4930.3,2570.7,1367.1,1444.3,2578.3,838.2,2202.9,901.5,1281.8,1257.3,2459.5,5950.0,5371.1,1387.4,191.3
2026-07-26 23:30:00,652.9,142.9,928.0,760.5,565.8,373.2,23.3,3.9,330.8,1.1,284.0,1408.0,2106.2,4789.4,1630.4,1095.3,128.8,35.7,1347.9,571.6,488.2,89.9,4504.3,5949.5,2136.4,758.4,4316.9,4841.2,2563.2,1366.2,1446.2,2541.9,832.3,2163.4,898.0,1272.4,1240.9,2469.1,5887.9,5371.2,1375.1,189.7
2026-07-26 23:45:00,648.0,138.0,910.4,756.6,561.6,374.6,25.2,3.9,322.2,1.1,275.9,1409.8,2780.7,4679.6,1623.6,1088.8,152.9,25.5,1346.6,599.9,487.4,104.2,4474.2,5884.7,2115.9,761.3,4296.7,4437.6,2566.4,1368.0,1434.3,2548.0,824.5,1964.8,887.8,1260.6,1222.2,2489.0,5816.2,5356.9,1361.5,188.2
