date,EE_buy,EE_sell,LT_buy,LT_sell,LV_buy,LV_sell,AT_buy,AT_sell,BE_buy,BE_sell,FR_buy,FR_sell,GER_buy,GER_sell,NL_buy,NL_sell,PL_buy,PL_sell,DK1_buy,DK1_sell,DK2_buy,DK2_sell,FI_buy,FI_sell,NO1_buy,NO1_sell,NO2_buy,NO2_sell,NO3_buy,NO3_sell,NO4_buy,NO4_sell,NO5_buy,NO5_sell,SE1_buy,SE1_sell,SE2_buy,SE2_sell,SE3_buy,SE3_sell,SE4_buy,SE4_sell
2026-09-17 00:00:00,716.3,330.0,957.1,541.9,671.7,96.8,27.0,8.7,322.0,18.8,438.1,1196.9,3363.0,2931.4,1263.3,1247.0,93.6,81.6,1005.5,2502.4,437.2,1384.6,4826.0,6334.6,2546.7,1101.0,3588.7,4812.6,2528.7,2007.8,1686.1,1841.3,914.9,3252.8,946.7,1857.4,1374.2,4501.4,6969.4,3831.9,1506.0,637.0
2026-09-17 00:15:00,717.3,319.9,946.3,544.4,673.8,92.8,27.0,8.3,315.0,17.0,432.4,1197.4,3518.0,2946.5,1237.7,1201.7,95.6,62.1,1016.0,2375.9,435.8,1373.4,4822.4,6295.4,2512.6,1019.9,3576.5,4935.0,2514.3,1996.6,1682.5,1828.6,906.4,3274.0,940.1,1854.9,1369.7,4547.5,6915.3,3791.5,1497.3,632.6
2026-09-17 00:30:00,728.6,308.5,938.6,540.5,676.1,88.6,27.0,7.0,309.9,17.0,435.8,1202.3,3672.0,2972.7,1310.9,1291.9,89.8,62.6,1014.7,2369.0,436.2,1360.1,4811.2,6255.9,2479.9,1017.5,3563.5,4904.1,2502.3,1989.8,1679.0,1812.3,899.4,3233.8,936.7,1853.1,1364.2,4549.3,6869.0,3802.2,1502.4,634.6
2026-09-17 00:45:00,785.8,299.8,929.6,545.5,663.4,86.0,27.1,7.6,304.4,17.0,421.7,1209.4,3724.8,2979.9,1411.1,1388.9,87.8,63.0,1013.0,2362.2,436.7,1355.6,4794.2,6216.5,2449.1,1017.5,3554.0,4871.4,2481.2,1975.8,1678.3,1796.2,890.5,3190.3,932.3,1852.5,1357.7,4563.0,6824.6,3782.9,1473.7,635.0
2026-09-17 01:00:00,715.6,296.7,1052.8,551.3,648.8,87.1,26.0,29.9,299.7,15.0,456.3,1251.8,3495.0,2950.1,1467.0,1401.1,122.4,103.8,978.7,2367.6,437.1,1342.5,4752.1,6161.8,2396.8,1035.7,3447.0,4990.1,2514.7,1984.5,1646.4,1852.8,877.4,3031.4,925.9,1894.5,1349.8,4542.7,6819.4,3751.9,1454.7,632.2
2026-09-17 01:15:00,735.7,294.1,1058.6,540.3,644.5,86.4,26.0,30.5,298.4,14.8,442.9,1254.0,3532.8,3006.6,1447.1,1396.4,122.6,84.5,975.4,2438.9,436.8,1337.1,4751.4,6126.3,2376.1,1027.5,3442.2,4905.9,2517.4,1984.1,1644.9,1849.2,873.7,3022.2,926.1,1898.1,1345.4,4549.0,6778.3,3747.3,1449.0,637.8
2026-09-17 01:30:00,700.2,290.5,1085.0,529.6,637.1,84.2,26.0,30.1,300.0,16.0,438.2,1255.0,3566.6,2993.3,1423.4,1414.7,113.7,85.2,973.2,2419.7,436.4,1329.9,4737.9,6115.0,2356.6,1019.0,3439.5,4936.3,2512.7,1978.2,1641.6,1841.2,864.8,3000.1,928.4,1904.2,1340.7,4549.6,6765.5,3741.8,1452.8,637.4
2026-09-17 01:45:00,699.0,292.0,1084.2,504.1,612.6,81.7,26.0,30.7,294.3,16.0,430.7,1257.1,3779.1,3099.2,1429.3,1423.2,113.7,86.0,971.7,2420.7,436.2,1314.3,4731.3,6093.8,2334.8,1020.0,3434.8,4711.1,2506.7,1976.5,1647.1,1836.2,859.5,2984.9,929.8,1910.1,1334.3,4564.4,6746.2,3737.8,1455.9,637.4
2026-09-17 02:00:00,703.7,284.4,1070.2,495.3,603.7,79.9,36.0,7.4,293.3,14.2,310.7,1260.5,3461.6,3047.8,1405.1,1450.1,117.1,87.7,948.5,2466.1,425.4,1294.9,4672.9,5965.2,2299.7,1110.0,3491.0,4264.1,2539.6,1954.7,1624.3,1948.3,855.4,2866.7,928.3,1950.5,1357.9,4583.0,6796.0,3799.9,1475.2,642.1
2026-09-17 02:15:00,708.5,284.2,1069.1,498.9,604.1,80.6,36.0,8.6,285.1,14.4,302.9,1262.2,3402.0,3092.7,1418.2,1448.7,117.2,88.0,946.5,2456.0,423.3,1280.1,4666.7,5940.4,2291.4,1109.9,3487.1,4186.4,2533.9,1953.7,1622.9,1936.3,852.9,2855.6,929.2,1958.1,1353.1,4584.0,6795.6,3795.6,1479.7,646.1
2026-09-17 02:30:00,707.6,280.0,1071.4,502.5,603.7,82.2,36.0,9.3,293.5,16.0,308.4,1266.5,3444.0,3081.4,1411.5,1473.1,115.3,88.2,944.9,2431.0,421.1,1263.3,4658.9,5941.5,2282.2,1109.9,3489.0,4068.7,2527.9,1949.2,1621.9,1925.7,850.8,2848.0,931.0,1966.0,1351.9,4600.2,6779.8,3792.3,1477.6,642.5
2026-09-17 02:45:00,718.9,279.9,1073.4,506.6,597.3,85.1,38.7,11.2,356.6,16.0,303.3,1268.1,3583.6,3186.1,1397.8,1495.0,115.1,108.4,942.7,2404.7,418.8,1245.5,4658.3,5915.7,2277.3,1108.9,3486.4,4059.9,2522.9,1944.3,1622.2,1920.3,848.9,2839.3,933.0,1974.3,1351.3,4605.0,6777.6,3788.7,1476.3,643.8
2026-09-17 03:00:00,742.9,286.1,1069.9,503.4,678.6,191.6,26.3,21.9,374.5,27.5,245.8,1256.0,3332.7,3170.2,1400.4,1544.2,108.6,109.5,956.7,2238.4,427.5,1212.8,4620.5,5843.7,2262.5,1005.5,3255.1,3764.9,2571.4,1932.7,1614.8,2101.9,846.0,2921.4,934.8,1988.5,1425.9,4642.6,6814.1,3802.3,1461.7,642.4
2026-09-17 03:15:00,773.4,291.4,1071.8,507.1,662.8,192.5,28.1,20.8,362.3,32.2,225.7,1256.6,3454.6,3166.3,1383.3,1554.0,108.6,109.7,956.2,2210.1,425.8,1209.1,4574.5,5794.9,2252.5,1005.4,3259.8,3788.1,2570.3,1931.3,1616.7,2095.7,842.5,2901.8,934.3,1999.2,1425.1,4641.4,6787.2,3804.2,1469.9,642.5
2026-09-17 03:30:00,774.3,292.2,1063.2,512.6,677.9,193.6,28.9,21.5,372.1,31.3,222.3,1257.8,3546.2,3178.1,1397.0,1566.7,110.6,109.7,954.7,2179.9,424.1,1204.9,4555.0,5788.7,2250.2,1006.5,3262.8,3873.5,2568.5,1927.3,1614.0,2085.2,844.4,2890.4,934.2,2009.9,1426.3,4644.8,6787.5,3801.3,1466.9,642.8
2026-09-17 03:45:00,784.8,290.9,1068.5,530.1,656.1,194.5,28.9,22.5,372.3,35.1,218.2,1258.5,4113.1,3262.9,1381.3,1584.9,108.4,109.7,954.7,2226.8,422.5,1197.2,4558.6,5770.1,2248.5,1006.5,3267.9,3869.4,2565.3,1924.9,1614.3,2074.6,841.5,2879.9,932.1,2021.3,1426.5,4650.2,6793.8,3803.3,1462.3,643.2
2026-09-17 04:00:00,783.5,295.5,1006.0,518.0,708.3,196.4,39.7,18.3,382.1,34.5,161.2,1265.0,4232.2,3389.6,1447.6,1635.7,101.6,109.7,942.1,2145.4,418.0,1196.6,4680.3,5778.7,2245.1,1043.6,3323.3,3880.9,2573.8,1918.9,1565.0,2255.7,855.0,2672.3,933.9,2088.8,1433.1,4633.8,6706.6,3682.4,1437.7,638.7
2026-09-17 04:15:00,784.8,296.5,1025.5,521.0,718.8,199.2,39.8,18.6,380.8,33.8,177.1,1265.5,4226.3,3409.8,1435.7,1647.6,108.8,109.4,941.2,2117.8,416.7,1181.9,4702.6,5783.0,2255.4,1043.6,3329.6,3968.7,2574.1,1914.0,1567.8,2254.5,855.3,2674.8,930.0,2099.6,1438.0,4641.5,6673.3,3689.9,1441.9,644.8
2026-09-17 04:30:00,769.5,298.5,1041.5,520.2,726.9,202.2,39.8,19.3,368.8,38.6,170.7,1265.4,4204.9,3445.1,1377.0,1663.2,110.7,109.0,940.2,2095.9,415.1,1177.3,4722.9,5763.1,2260.0,1041.5,3342.6,4062.6,2574.5,1910.2,1566.3,2253.5,854.0,2672.6,929.9,2110.0,1441.5,4634.0,6656.4,3685.6,1441.7,643.5
2026-09-17 04:45:00,755.6,303.8,1077.3,520.4,713.6,205.3,37.0,20.0,390.2,39.0,146.1,1265.1,3568.9,3532.5,1375.1,1692.7,110.5,88.7,941.1,2057.6,416.2,1169.4,4765.8,5748.2,2271.4,1041.5,3351.1,4094.0,2584.7,1904.0,1568.5,2271.4,854.9,2691.2,932.7,2124.1,1448.3,4628.1,6677.0,3688.1,1434.4,646.5
2026-09-17 05:00:00,827.4,302.1,1115.7,529.8,715.5,345.4,17.7,24.5,406.9,36.8,126.7,1257.1,3893.2,3841.8,1429.6,1799.7,74.0,108.9,940.4,1987.2,398.6,1150.6,4951.3,5567.8,2321.2,1066.9,3338.7,4293.0,2572.3,1897.3,1577.4,2369.3,851.1,2680.4,938.0,2238.6,1381.7,4626.5,6786.6,3826.4,1476.6,639.2
2026-09-17 05:15:00,809.5,312.7,1166.9,529.9,733.4,350.2,15.0,26.1,412.3,29.8,127.1,1255.7,3851.4,3867.5,1396.4,1797.2,93.9,109.5,946.8,1959.9,399.8,1138.6,5012.1,5542.3,2363.9,1066.0,3365.7,4368.4,2582.3,1894.6,1583.6,2402.5,858.0,2734.6,941.8,2241.8,1395.8,4707.8,6842.7,3819.6,1489.7,645.4
2026-09-17 05:30:00,840.1,314.1,1204.2,523.4,738.8,379.7,15.0,25.8,425.1,31.6,113.8,1252.7,3711.6,3937.2,1196.3,1722.7,69.4,90.0,954.8,1916.6,402.4,1132.2,5073.1,5535.1,2395.0,1121.6,3391.4,4706.9,2592.0,1809.9,1584.2,2518.1,865.4,2746.6,948.9,2256.1,1414.8,4723.8,6920.5,3876.7,1511.0,641.7
2026-09-17 05:45:00,847.0,324.0,1260.1,720.8,763.5,382.6,15.1,29.7,341.2,34.4,107.1,1249.5,3458.3,4048.6,1074.7,1655.7,71.3,90.7,962.8,1888.7,403.4,1124.7,5150.5,5576.6,2447.1,1130.6,3421.9,4867.4,2606.8,1798.3,1585.8,2626.6,874.9,2808.7,957.1,2270.2,1427.8,4670.7,7030.9,3885.6,1542.2,645.6
2026-09-17 06:00:00,880.9,335.4,1307.9,827.9,807.1,541.8,1.0,62.2,361.3,41.5,147.2,1224.2,4215.2,4449.8,1087.6,1610.4,182.5,44.4,1075.3,1818.7,453.7,1086.7,5142.0,5450.2,2600.3,1162.0,3590.4,5440.2,2673.9,1810.6,1635.5,2528.2,910.7,3087.5,982.8,2296.4,1465.6,4866.9,7327.2,3877.2,1637.1,663.1
2026-09-17 06:15:00,875.3,365.9,1331.9,843.2,811.4,594.5,1.0,61.7,375.4,51.7,147.2,1254.1,4062.1,4625.0,1154.9,1712.6,148.0,45.3,1086.4,1756.4,458.6,1076.6,5192.1,5426.5,2679.5,1161.9,3631.7,5644.9,2697.6,1786.3,1640.1,2747.6,928.4,3210.4,997.4,2308.5,1487.4,4867.3,7483.6,3911.4,1675.7,668.3
2026-09-17 06:30:00,871.4,385.7,1347.2,855.1,811.6,606.1,1.0,64.0,391.1,145.7,159.5,1260.5,3894.0,4883.9,1137.5,1725.7,122.1,46.1,1100.7,1758.7,467.1,1071.1,5232.8,5408.9,2747.6,1167.0,3681.2,5792.6,2718.2,1792.4,1648.3,2870.7,948.6,3297.5,1008.8,2319.4,1506.9,4858.0,7635.9,4088.7,1723.7,662.2
2026-09-17 06:45:00,879.7,429.9,1371.0,1075.3,841.7,616.9,1.0,63.7,416.3,145.1,165.2,1252.5,3885.0,5049.0,1165.4,1772.6,101.0,47.0,1116.6,1749.0,473.7,1060.1,5249.1,5466.4,2834.0,1161.8,3716.4,5877.4,2742.9,1840.7,1637.5,2952.3,964.8,3389.5,1023.5,2329.2,1529.3,4861.9,7809.3,3949.7,1768.8,658.7
2026-09-17 07:00:00,892.0,501.7,1389.3,1072.9,835.0,684.0,1.0,52.2,441.4,144.6,115.8,1316.6,3818.4,5191.0,1258.7,1817.6,183.1,28.5,1236.8,1883.4,509.4,1046.9,5374.7,5299.7,3027.0,1251.6,3791.8,5856.3,2846.6,1806.6,1701.6,2995.7,1024.5,3528.3,1040.7,2639.1,1567.7,4852.1,8064.9,4229.0,1842.9,641.8
2026-09-17 07:15:00,891.8,545.2,1398.7,1081.9,857.7,706.8,1.0,51.6,460.4,139.9,115.4,1318.4,3784.3,5805.8,1293.3,1792.7,210.0,28.8,1249.2,1904.8,510.1,1029.0,5394.8,5345.4,3098.7,1251.7,3820.6,5850.3,2870.5,1858.6,1696.9,3009.9,1042.3,3600.3,1049.1,2643.9,1576.8,4862.6,8150.8,4280.9,1874.5,650.8
2026-09-17 07:30:00,893.7,454.7,1384.5,1090.5,861.0,741.8,1.0,51.1,481.1,133.5,131.4,1341.3,4105.9,5878.1,1329.9,1790.1,208.3,28.9,1258.3,1937.6,506.9,1027.9,5401.3,5309.2,3136.2,1252.9,3841.6,5949.9,2887.6,1894.2,1699.6,3032.0,1054.9,3626.4,1056.3,2645.6,1585.7,4818.0,8200.2,4416.6,1881.3,656.4
2026-09-17 07:45:00,904.0,471.2,1350.3,1099.6,865.1,785.1,1.0,48.1,493.3,131.6,136.7,1346.8,4230.5,5673.9,1346.9,1787.8,221.5,29.1,1276.9,1935.6,513.2,1020.7,5430.4,5288.4,3166.6,1259.6,3839.0,6040.1,2906.4,1888.2,1710.1,3020.4,1063.8,3668.0,1062.8,2644.9,1593.8,4862.0,8246.7,4469.6,1893.7,674.4
2026-09-17 08:00:00,887.0,529.0,1329.6,1101.2,863.1,597.2,12.0,18.8,508.8,108.5,191.7,1200.8,4231.1,6228.5,1638.0,1839.5,338.9,24.7,1254.8,1926.6,493.0,1059.2,5469.1,5283.6,3202.4,1243.7,4027.3,6480.8,2994.0,1901.7,1740.6,2914.1,1078.8,3708.0,1053.2,3137.6,1601.3,4932.8,8270.5,4333.5,1879.7,691.9
2026-09-17 08:15:00,872.1,514.1,1310.1,1076.2,866.6,621.1,12.0,17.9,510.7,110.1,194.2,1207.7,4270.1,5869.6,1637.4,1836.0,333.7,24.7,1251.3,1915.4,486.9,1037.3,5426.9,5314.5,3207.8,1244.2,4021.9,6474.6,3002.0,1911.2,1741.7,2903.0,1079.7,3713.6,1053.9,3133.6,1603.4,4882.9,8260.4,4284.8,1878.2,693.2
2026-09-17 08:30:00,873.2,532.2,1268.5,1060.3,866.7,653.2,12.3,15.5,519.3,111.3,196.5,1223.4,4430.4,5577.3,1621.8,1858.7,343.8,24.7,1247.3,1850.5,486.4,1048.5,5409.9,5310.2,3201.2,1247.2,4009.9,6277.3,3002.1,1914.4,1732.7,2925.0,1088.1,3724.4,1055.5,3129.6,1604.4,4960.4,8235.2,4073.5,1858.2,706.0
2026-09-17 08:45:00,864.4,547.5,1210.8,838.0,863.4,699.9,12.3,13.1,521.6,113.8,210.7,1227.8,4445.4,5564.0,1607.0,1869.3,337.5,24.7,1261.3,1818.6,492.4,1025.1,5395.0,5288.8,3195.8,1262.8,3999.9,5548.9,3009.0,1917.9,1739.7,2903.4,1092.0,3737.2,1068.7,3126.4,1606.8,4873.2,8213.1,4305.1,1846.3,717.3
2026-09-17 09:00:00,833.1,573.1,1152.4,752.6,849.1,598.8,32.3,18.9,507.0,74.1,189.3,1261.8,4384.5,5908.3,1582.2,1812.3,174.8,41.1,1277.8,2242.8,487.7,1051.6,5382.1,5254.5,3179.6,1229.2,3883.5,4739.0,3005.4,1853.6,1738.1,2869.3,1087.4,3632.7,1039.8,3311.2,1614.2,4788.4,8106.3,4256.3,1821.0,707.4
2026-09-17 09:15:00,821.3,594.6,1086.8,552.1,845.0,648.3,32.3,21.5,499.4,29.9,193.4,1261.1,4389.7,6020.2,1664.2,1741.5,184.4,49.8,1273.3,2187.0,489.4,1004.8,5364.1,5246.7,3160.6,1216.2,3875.3,4398.0,3009.2,1851.8,1740.2,2864.6,1083.7,3287.2,1042.4,3310.0,1618.5,4793.0,8089.4,4287.9,1802.0,713.3
2026-09-17 09:30:00,809.7,610.4,1042.3,577.1,834.6,656.2,34.7,21.0,487.8,25.8,199.8,1286.1,4600.2,6019.9,1752.6,1727.1,184.8,43.4,1278.3,1995.4,486.9,996.4,5362.9,5253.1,3147.2,1211.7,3873.9,3736.8,3008.0,1850.8,1734.0,2881.3,1089.6,3266.6,1044.4,3309.5,1532.9,4777.9,8073.6,4071.4,1786.6,729.1
2026-09-17 09:45:00,799.4,625.5,955.7,633.9,834.1,676.0,36.5,22.5,467.7,15.3,199.9,1307.6,4829.3,6141.8,1717.7,1676.5,170.0,44.7,1336.7,1816.1,516.2,533.4,5354.3,5239.4,3124.1,1086.7,3898.7,3502.0,3009.2,1877.8,1729.6,2883.7,1083.5,2936.5,1044.5,3307.8,1529.1,4719.9,8091.1,4031.6,1789.1,730.3
2026-09-17 10:00:00,791.3,641.4,936.6,682.6,818.9,608.9,61.5,55.6,443.1,43.7,215.7,1373.8,4588.6,6419.3,1839.1,1873.5,121.7,98.3,1397.6,1989.0,492.8,716.4,5313.7,5217.9,3113.8,1054.5,3898.6,3368.3,3036.3,1891.0,1705.8,2991.6,1076.1,2332.2,1073.2,3218.7,1522.4,4630.3,8106.1,3988.0,1766.7,712.2
2026-09-17 10:15:00,783.4,657.7,901.1,748.4,809.4,639.8,65.5,55.4,429.9,35.3,241.5,1387.8,5672.3,6404.6,1783.7,1856.0,127.3,88.2,1400.0,1794.8,489.3,604.3,5304.8,5181.9,3110.1,1031.9,3890.6,3207.2,3035.9,1908.9,1736.6,2981.5,1142.4,1902.9,1072.2,3216.0,1519.9,4476.6,8082.1,4012.4,1746.6,712.1
2026-09-17 10:30:00,782.0,671.8,866.8,814.8,807.8,667.4,65.6,61.0,410.3,35.0,263.6,1423.0,5669.9,6562.5,1799.0,1857.3,121.7,103.5,1412.8,1688.5,504.9,609.5,5329.7,5172.9,3103.6,1014.4,3880.8,2903.7,3028.0,1920.4,1730.8,2960.0,1163.0,1561.2,1070.0,3211.3,1518.0,4329.2,8044.4,4044.2,1738.0,718.1
2026-09-17 10:45:00,767.2,678.8,831.2,881.3,794.8,664.4,61.0,64.6,400.6,21.8,303.1,1445.1,5868.3,6687.5,1798.1,1812.3,121.7,111.9,1430.8,1657.2,506.6,637.2,5362.1,5147.5,3088.0,1052.1,3864.4,2842.3,3026.6,1936.4,1729.8,2955.6,1157.0,1248.7,1068.9,3205.2,1555.9,4271.9,8053.5,4071.3,1735.0,726.7
2026-09-17 11:00:00,794.0,701.6,803.0,943.3,789.1,627.7,67.7,74.7,378.2,15.1,657.0,1506.5,5824.6,6769.4,2096.5,1888.3,151.1,40.7,1706.3,1596.5,552.9,600.2,5317.3,5086.3,3065.7,1284.5,3768.1,2743.6,3013.3,1935.4,1727.4,2935.9,1176.1,1255.6,1069.7,2874.7,1604.1,4445.9,8002.5,3986.8,1723.3,745.8
2026-09-17 11:15:00,818.7,709.3,786.0,995.2,786.5,633.6,68.2,75.6,372.1,3.9,669.9,1524.2,5945.6,6792.7,2083.5,1888.7,151.5,56.2,1780.1,1442.7,551.2,620.3,5305.5,5105.1,3062.0,1269.6,3763.7,2730.6,3011.9,1953.6,1727.2,2930.7,1174.0,1245.9,1067.2,2869.9,1599.9,4361.5,7995.7,4002.5,1711.7,740.7
2026-09-17 11:30:00,811.5,709.3,772.5,1039.8,788.2,590.2,63.0,76.0,425.5,3.7,658.1,1548.4,5920.9,6911.3,2081.5,1909.8,151.9,63.3,1948.8,1481.4,566.2,642.5,5327.3,5040.0,3049.4,1284.6,3756.0,2639.7,3004.6,1910.3,1724.5,2944.3,1169.4,1243.9,1066.3,2866.7,1592.6,4131.6,7999.7,4019.7,1706.8,743.0
2026-09-17 11:45:00,819.7,687.5,758.8,1080.4,818.6,491.0,63.1,70.5,428.0,3.6,639.1,1561.3,5958.8,7007.4,2126.0,1870.3,152.2,68.8,2014.8,1477.9,594.8,661.4,5315.6,4965.0,3041.6,1294.6,3772.9,2644.3,2999.0,1886.4,1710.7,2944.2,1168.7,1245.2,1067.7,2863.3,1580.4,4051.6,8060.8,4038.0,1719.5,731.9
2026-09-17 12:00:00,863.4,712.3,868.7,1144.9,833.8,601.3,12.2,87.3,376.3,20.8,295.4,1584.3,5991.2,7036.8,2390.2,1918.1,153.6,83.0,2078.6,1501.8,572.3,665.2,5288.8,5062.3,3016.8,1238.2,3809.5,2819.5,2981.8,1864.8,1693.0,2953.2,1108.1,1118.6,1072.8,2662.9,1550.8,3594.0,7959.6,4021.2,1686.4,741.8
2026-09-17 12:15:00,832.1,699.5,863.9,1172.4,850.3,558.7,12.2,85.7,353.4,21.7,269.5,1593.7,6114.5,7079.2,2437.0,1910.4,152.1,88.3,2099.0,1520.4,576.2,689.5,5277.7,4976.3,3012.5,1241.6,3803.1,2823.3,2978.4,1861.3,1692.1,2947.8,1107.6,1113.6,1074.5,2660.6,1538.7,3533.5,7982.4,4027.8,1679.3,729.6
2026-09-17 12:30:00,825.4,702.2,858.3,1194.0,857.3,528.5,19.9,81.5,360.0,24.1,271.2,1601.2,6171.0,7139.1,2432.3,1899.8,150.6,77.8,2108.6,1559.2,577.9,712.5,5270.9,4998.4,3008.4,1242.1,3807.3,2828.7,2971.5,1861.7,1693.1,2936.7,1106.2,1105.6,1072.8,2658.8,1531.5,3484.6,8007.2,4032.0,1687.6,723.6
2026-09-17 12:45:00,824.7,694.0,869.0,1187.3,860.3,527.2,20.3,82.9,361.7,22.0,249.6,1592.6,6212.6,7185.8,2433.0,1905.6,149.1,82.7,2116.9,1589.3,568.4,727.1,5256.5,5014.7,3006.9,1244.5,3804.1,2822.8,2969.9,1862.1,1697.4,2936.3,1101.1,1096.7,1073.5,2658.5,1535.4,3457.5,8040.2,4081.5,1699.2,719.5
2026-09-17 13:00:00,848.9,693.6,863.6,1185.3,871.0,532.6,38.2,61.8,370.7,32.0,535.5,1552.9,6216.2,7233.8,2463.1,1918.1,18.2,132.3,2161.5,1613.8,587.9,730.5,5225.7,5075.4,3002.5,1188.2,3833.6,3060.8,2960.6,1856.3,1693.5,2955.3,1144.5,988.5,1068.4,2537.8,1540.8,3414.7,8143.0,4226.3,1711.3,708.4
2026-09-17 13:15:00,880.7,693.1,867.8,1218.1,875.0,573.3,38.2,57.8,374.4,39.7,527.2,1559.8,6157.2,7208.8,2465.6,1915.8,18.1,138.9,2155.2,1656.4,588.0,749.7,5219.3,5083.1,3011.2,1187.8,3836.6,3072.3,2959.2,1858.2,1692.7,2947.7,1146.8,1033.6,1068.2,2537.4,1546.0,3397.5,8130.4,4229.0,1717.9,701.7
2026-09-17 13:30:00,885.1,684.8,869.3,1198.7,878.6,547.9,44.2,59.3,383.0,41.0,519.7,1559.4,6140.5,7198.5,2446.2,1908.7,18.0,140.9,2155.4,1668.1,594.7,758.3,5196.4,5086.1,3012.3,1204.6,3844.3,3058.0,2962.3,1848.6,1691.5,2962.8,1148.4,981.7,1065.9,2539.1,1549.7,3378.5,8140.0,4222.9,1730.7,695.0
2026-09-17 13:45:00,877.6,671.8,856.9,1189.8,880.6,543.2,43.6,55.7,388.3,42.3,512.9,1561.4,6105.4,7179.4,2461.8,1903.4,48.1,123.8,2173.8,1672.1,602.5,767.1,5193.0,5092.5,3012.4,1203.8,3835.3,3057.0,2962.4,1848.9,1692.3,2958.7,1145.4,996.1,1061.7,2539.5,1550.4,3357.1,8127.4,4181.9,1726.2,683.4
2026-09-17 14:00:00,871.0,644.8,862.8,1144.1,842.5,515.3,11.1,43.8,388.7,57.7,370.4,1565.7,6176.6,7177.1,2472.8,1918.8,17.9,156.2,2131.0,1659.8,592.0,796.1,5246.7,5130.6,3019.9,1284.0,3746.8,2931.3,2984.2,1891.6,1702.7,2940.7,1151.1,991.2,1055.4,2688.9,1560.1,3383.1,8176.5,4150.4,1780.2,674.8
2026-09-17 14:15:00,874.9,633.5,870.2,1128.5,844.3,504.2,8.6,43.7,399.3,57.2,378.8,1570.8,6116.8,7217.0,2489.5,1911.9,18.6,191.1,2129.0,1670.4,589.7,790.5,5232.8,5121.8,3031.9,1287.1,3749.5,2925.7,2982.9,1903.4,1715.9,2941.4,1150.2,1018.6,1052.3,2689.4,1563.1,3367.6,8165.6,4198.9,1793.9,671.6
2026-09-17 14:30:00,875.7,636.2,879.0,1151.5,827.7,557.0,8.0,43.6,399.6,59.3,365.7,1567.8,6077.5,7175.1,2491.0,1893.7,19.4,191.6,2120.4,1704.6,585.6,797.9,5209.2,5153.7,3036.4,1285.2,3747.8,2920.1,2981.2,1885.5,1700.7,2960.1,1145.7,1017.7,1051.7,2686.8,1570.5,3379.5,8093.8,4193.3,1791.5,664.2
2026-09-17 14:45:00,789.5,640.3,889.3,1127.4,810.5,594.2,8.0,43.4,387.4,64.3,375.1,1562.8,5932.1,7132.3,2516.0,1911.7,20.1,174.9,2096.5,1730.2,584.1,799.0,5181.6,5197.0,3046.0,1266.5,3748.7,2933.6,2986.1,1908.4,1701.7,2956.5,1151.0,1078.8,1051.3,2681.7,1580.5,3397.6,8074.4,4186.3,1797.3,666.7
2026-09-17 15:00:00,794.2,601.3,779.4,1092.4,822.6,508.9,55.4,63.6,408.1,75.4,489.6,1589.6,5709.8,7273.2,2156.5,1851.4,142.1,96.1,1859.4,1734.3,572.4,832.4,5186.2,5174.6,3053.5,1238.4,3774.8,2928.3,2994.5,1939.1,1744.8,2913.0,1130.1,1129.9,1053.1,2978.3,1581.3,3610.3,8047.3,3992.4,1779.9,669.9
2026-09-17 15:15:00,806.1,596.7,791.8,1142.6,816.7,563.3,50.4,63.3,383.3,75.4,491.9,1585.3,5574.8,7178.5,2185.8,1845.2,143.5,96.4,1830.5,1774.7,571.6,840.7,5186.1,5214.6,3064.9,1207.3,3773.0,2941.7,2998.5,1935.0,1752.1,2924.0,1131.6,1354.9,1055.4,2970.1,1594.5,3646.4,8023.6,4034.9,1785.3,654.3
2026-09-17 15:30:00,808.0,593.2,861.0,1111.8,806.0,585.1,48.2,63.2,338.4,81.0,485.1,1574.1,5515.6,7069.9,2183.4,1860.7,145.0,86.4,1747.3,1790.2,569.7,840.2,5122.9,5233.4,3086.1,1217.5,3792.7,2947.5,2999.6,1925.3,1748.3,2964.3,1134.5,1445.6,1057.9,2958.2,1606.0,3765.0,8028.6,4024.7,1796.0,642.2
2026-09-17 15:45:00,818.1,571.7,883.7,1102.4,805.2,555.8,44.3,63.4,339.6,79.5,465.5,1564.4,4691.0,6965.3,2190.3,1847.8,146.4,81.1,1637.4,1941.1,574.7,837.4,5135.5,5236.2,3108.7,1224.0,3799.3,2946.7,3004.2,1933.7,1723.4,2991.4,1134.6,1501.5,1062.7,2943.6,1609.2,3783.9,8035.0,4011.5,1804.9,631.2
2026-09-17 16:00:00,848.2,517.1,909.4,1084.3,802.6,540.0,41.1,110.5,357.0,56.9,466.3,1480.5,4847.0,7102.6,1951.5,1686.8,117.4,198.5,1680.8,2134.1,611.2,893.7,5292.9,5225.1,3143.7,1032.7,3847.1,3130.5,2996.9,2112.5,1760.6,2898.3,1163.9,1170.9,1071.2,3764.9,1632.1,4363.2,8073.1,4034.4,1816.6,599.3
2026-09-17 16:15:00,853.4,514.2,948.9,1047.6,803.5,542.5,33.6,110.7,329.6,57.3,475.0,1471.8,4650.5,6921.4,1987.1,1722.9,117.4,163.9,1534.5,2139.4,585.4,893.6,5235.6,5283.2,3172.4,1041.4,3860.3,3176.3,3004.2,2109.1,1759.4,2889.0,1151.2,1578.8,1074.2,3752.3,1644.8,4422.2,8098.2,4001.3,1825.9,578.4
2026-09-17 16:30:00,864.9,512.0,1002.0,1002.3,805.7,503.1,32.8,110.2,326.7,58.9,490.1,1450.3,5362.6,7243.8,2025.6,1740.4,117.4,141.2,1414.4,2397.0,575.2,936.7,5216.9,5346.5,3190.7,1045.7,3867.8,3348.3,2984.7,2111.7,1758.4,2886.2,1149.6,1650.8,1076.5,3740.4,1645.0,4564.8,8148.7,4029.7,1846.3,548.6
2026-09-17 16:45:00,863.7,502.7,1072.1,1176.5,815.3,456.5,31.8,115.2,324.8,61.8,490.6,1434.3,4438.4,7017.9,2122.5,1799.6,117.4,131.6,1416.5,2665.3,549.9,953.4,5216.9,5335.3,3198.0,1048.3,3853.1,3481.4,3000.0,2110.8,1763.1,2887.8,1147.6,1940.7,1080.2,3730.2,1637.6,4622.5,8219.5,4040.8,1868.9,524.5
2026-09-17 17:00:00,873.6,469.7,1146.1,1169.6,826.0,643.5,29.4,32.0,337.0,35.5,261.8,1413.6,4573.4,6465.9,2060.1,1604.2,206.3,25.7,1520.7,2890.0,598.6,881.4,5325.8,5330.1,3206.6,1017.1,3764.7,3677.9,2985.9,2088.8,1758.8,2904.5,1082.9,2342.2,1078.7,3910.4,1680.1,4747.9,8316.6,4049.9,1925.0,537.4
2026-09-17 17:15:00,874.8,454.1,1155.4,1140.0,833.7,620.3,23.3,31.7,345.2,39.2,259.7,1407.1,4395.1,6243.6,2137.6,1673.5,208.9,25.6,1496.3,2945.1,561.6,938.2,5317.3,5288.9,3211.9,1088.7,3694.6,4003.2,2984.6,2058.5,1750.4,2904.4,1042.4,2518.0,1079.6,3902.0,1690.8,4707.9,8372.7,4331.2,1937.0,513.7
2026-09-17 17:30:00,871.8,432.2,1212.4,1326.5,839.9,584.0,22.7,31.4,355.2,39.6,288.9,1366.8,4343.2,6145.9,2149.5,1782.1,235.5,25.5,1485.0,2844.3,568.6,1388.7,5338.7,5287.1,3209.5,1195.1,3692.0,4131.9,2980.4,2028.5,1753.6,2916.9,1040.7,2963.2,1076.1,3894.3,1690.3,4706.1,8404.1,4349.5,1948.3,489.1
2026-09-17 17:45:00,879.6,424.4,1244.3,1132.1,841.1,567.1,22.8,31.1,364.0,48.8,304.7,1346.0,4382.2,6513.9,2207.3,1948.3,194.5,26.3,1481.5,2843.0,569.3,1443.8,5348.7,5311.2,3216.5,1202.5,3694.2,4511.0,2980.2,2036.5,1753.5,2927.8,1043.6,3280.7,1076.4,3886.8,1695.4,4676.2,8435.5,4343.6,1952.1,472.4
2026-09-17 18:00:00,894.3,475.1,1287.0,1369.5,858.5,632.5,32.0,49.9,371.7,49.1,207.3,1300.1,4553.3,5651.3,2133.0,1903.5,277.1,15.5,1481.5,3608.9,590.0,1420.3,5418.4,5275.6,3202.7,1268.0,3949.5,5259.6,2923.7,1995.1,1762.9,2920.0,1043.7,3514.0,1072.7,3977.2,1689.8,4650.5,8437.0,4303.7,1939.4,477.6
2026-09-17 18:15:00,907.2,520.5,1304.9,1356.2,861.8,633.2,32.0,49.8,374.8,61.2,178.0,1277.5,4485.0,5691.2,1976.0,1731.7,256.6,15.4,1473.6,3510.7,587.5,1402.2,5407.3,5286.0,3203.8,1273.7,3952.8,5513.0,2925.9,1998.8,1759.2,2918.5,1036.0,3488.4,1072.9,3969.2,1693.1,4643.6,8442.7,4325.0,1946.0,468.1
2026-09-17 18:30:00,922.7,524.9,1324.3,1362.0,868.3,655.4,32.0,51.4,379.9,85.5,196.8,1268.8,3654.7,5492.8,1793.7,1569.4,226.4,15.2,1470.4,3445.8,593.9,1393.0,5416.2,5302.6,3209.2,1277.3,3964.5,5729.5,2923.8,2001.0,1751.1,2920.6,1039.4,3475.2,1074.8,3960.7,1696.5,4669.1,8451.6,4337.0,1941.7,465.0
2026-09-17 18:45:00,928.2,531.8,1346.3,1390.0,873.8,654.4,32.0,71.4,382.1,115.8,198.8,1237.8,3562.2,5524.0,2004.0,1789.0,210.8,15.1,1514.4,3416.9,602.4,1406.5,5424.9,5315.3,3218.5,1272.2,3961.4,5890.8,2928.7,2004.0,1741.7,2921.7,1038.6,3476.7,1078.5,3950.0,1695.0,4711.3,8477.4,4346.7,1943.8,458.8
2026-09-17 19:00:00,928.6,529.7,1365.9,1229.9,883.0,754.9,52.0,44.3,378.9,107.5,228.2,1227.6,3716.3,5055.8,1999.3,1671.2,259.6,16.2,1587.5,3645.1,607.0,1450.0,5489.3,5289.6,3224.2,1272.1,3891.8,6433.1,2883.7,2056.6,1749.6,3000.7,1063.6,3756.0,1081.2,3957.9,1716.6,4594.4,8506.5,4413.2,1957.9,476.3
2026-09-17 19:15:00,931.3,457.0,1373.9,1246.8,890.5,756.8,52.0,60.3,380.0,105.0,222.2,1214.8,3659.2,4938.9,1983.6,1666.4,221.6,16.0,1583.3,3594.6,594.1,1429.2,5495.3,5300.3,3232.2,1270.6,3897.0,6486.6,2888.2,2059.0,1750.5,2993.8,1064.4,3648.6,1081.9,3949.4,1724.1,4594.2,8514.3,4538.3,1961.9,502.6
2026-09-17 19:30:00,928.1,523.8,1368.3,1280.1,888.8,752.4,52.0,61.5,380.9,113.1,208.8,1225.8,3671.9,5102.7,1910.9,1635.2,184.7,15.8,1581.5,3548.2,600.1,1428.5,5467.2,5315.5,3235.1,1269.4,3908.4,6498.5,2887.0,2060.2,1756.5,3004.5,1068.1,3666.2,1081.1,3942.2,1727.5,4595.5,8513.9,4471.8,1968.7,512.2
2026-09-17 19:45:00,927.1,528.2,1352.4,1285.8,882.6,745.1,52.0,47.2,380.9,126.8,204.0,1229.1,3638.4,5420.6,1912.4,1699.5,188.8,15.6,1610.4,3502.7,619.2,1436.8,5439.1,5297.4,3242.8,1270.7,3905.3,6479.7,2895.4,2062.2,1752.2,2999.1,1067.8,3682.5,1076.9,3935.5,1730.0,4595.7,8506.0,4482.5,1963.4,511.9
2026-09-17 20:00:00,908.8,526.0,1326.9,1285.6,869.9,743.2,44.5,48.1,380.2,126.1,185.1,1324.7,3675.9,5230.6,1703.8,1634.5,185.7,15.1,1536.0,3469.3,556.4,1478.4,5302.7,5223.2,3259.4,1290.3,4088.6,6751.9,2789.4,1996.2,1775.3,2993.4,1059.2,3722.8,1072.4,3964.3,1731.3,4474.4,8464.5,4515.8,1931.1,466.7
2026-09-17 20:15:00,900.3,516.6,1310.5,1282.5,857.9,732.3,44.5,44.5,375.5,126.7,197.6,1323.9,3699.6,5269.3,1697.6,1597.2,208.4,15.1,1537.0,3427.0,555.9,1479.9,5262.4,5215.7,3263.8,1287.2,4086.8,6755.4,2796.4,1999.2,1778.3,2972.8,1060.0,3639.1,1067.3,3958.9,1728.7,4482.4,8428.9,4460.9,1926.6,483.0
2026-09-17 20:30:00,893.0,511.7,1280.8,1245.6,842.4,725.1,44.5,44.5,372.2,135.0,184.2,1323.0,3704.5,5114.0,1696.4,1601.6,206.5,15.1,1539.1,3402.5,558.0,1488.4,5220.4,5203.3,3250.0,1281.6,4081.9,6754.1,2797.2,2001.2,1787.0,2962.7,1062.7,3573.7,1067.9,3951.6,1726.2,4481.4,8379.0,4400.0,1911.5,520.8
2026-09-17 20:45:00,891.5,508.1,1261.5,1242.0,835.6,713.0,44.6,44.5,366.2,139.8,187.7,1326.3,3661.4,4903.0,1698.9,1608.3,284.5,15.1,1533.7,3385.9,554.9,1496.3,5180.2,5173.8,3242.0,1273.3,4077.1,6695.4,2798.1,1999.3,1779.9,2936.9,1061.0,3505.2,1065.5,3946.7,1722.0,4476.5,8339.1,4359.8,1890.4,509.4
2026-09-17 21:00:00,856.6,441.5,1201.2,1146.3,797.8,641.1,12.0,3.8,359.9,141.9,163.6,1327.8,3423.3,5121.6,1634.6,1534.9,84.7,76.5,1386.3,2976.9,524.9,1525.7,5123.2,5175.2,3210.3,1273.9,4190.3,6461.8,2846.2,2013.3,1771.5,2941.4,1053.1,3538.7,1063.6,3880.4,1619.3,4553.5,8142.6,4333.6,1828.3,487.5
2026-09-17 21:15:00,845.2,411.1,1169.0,1123.2,782.2,631.4,12.0,3.8,350.3,140.1,159.3,1325.4,3408.4,5143.4,1622.1,1493.4,93.6,64.6,1381.3,2976.5,522.2,1532.4,5142.0,5191.4,3182.2,1221.4,4170.8,6326.5,2843.6,2030.7,1778.1,2930.2,1046.4,3437.8,1059.0,3875.6,1607.1,4541.5,8055.2,4324.7,1796.3,499.0
2026-09-17 21:30:00,837.6,394.9,1138.6,1117.9,770.4,620.5,12.0,3.8,343.5,138.2,150.6,1301.2,3410.5,4925.2,1648.1,1497.6,64.9,64.6,1376.1,2963.2,516.9,1550.6,5146.4,5176.3,3156.9,1170.4,4161.0,6259.0,2836.4,2013.7,1778.1,2929.9,1043.7,3467.1,1053.7,3870.8,1595.0,4544.2,7979.2,4205.3,1777.9,509.6
2026-09-17 21:45:00,823.3,377.0,1104.1,1114.0,754.0,588.0,14.8,3.8,335.0,93.8,155.1,1314.0,3701.9,4795.1,1637.5,1448.0,62.8,127.5,1379.1,2946.9,508.5,1548.1,5116.5,5150.8,3135.2,1148.1,4140.9,6129.5,2830.2,2015.7,1777.3,2926.5,1034.6,3459.5,1049.1,3866.0,1581.6,4551.7,7909.2,4069.9,1747.1,523.6
2026-09-17 22:00:00,789.8,400.8,1059.0,920.7,723.5,515.6,12.0,30.8,332.9,62.1,466.2,1244.9,3117.4,4659.7,1565.9,1458.6,32.1,117.5,1419.8,2755.7,494.0,1540.8,4932.3,5120.3,3062.1,1261.4,3937.7,5649.1,2737.4,1958.2,1754.9,2878.4,1021.8,3308.6,1040.2,3728.7,1557.0,4496.7,7787.4,4092.7,1697.0,554.7
2026-09-17 22:15:00,794.7,398.7,1030.3,913.1,707.6,496.4,12.0,30.8,329.6,58.7,467.6,1245.8,3410.9,4525.9,1553.2,1433.3,31.0,99.9,1412.1,2765.1,486.6,1548.2,4880.6,5038.8,3028.4,1258.5,3915.3,5544.3,2730.5,1957.2,1755.8,2878.3,1010.4,3268.3,1027.9,3724.5,1544.1,4509.0,7686.6,3940.6,1665.8,563.9
2026-09-17 22:30:00,776.2,376.3,1006.0,900.8,713.0,495.0,14.7,30.8,324.6,66.1,452.7,1244.1,3659.4,4880.1,1580.5,1458.7,9.9,115.1,1399.6,2774.9,478.1,1559.5,4847.7,4981.2,2987.9,1198.6,3894.0,5368.5,2720.3,1913.3,1752.0,2868.3,1002.6,3309.0,1024.5,3720.5,1532.3,4479.4,7590.0,3854.6,1644.7,569.5
2026-09-17 22:45:00,768.3,376.8,984.2,874.4,697.9,494.9,14.7,30.8,320.3,72.9,443.9,1245.1,4209.5,4959.8,1559.6,1448.6,8.9,116.1,1394.5,2773.1,475.9,1557.3,4841.9,4962.5,2949.0,1161.0,3851.4,5293.8,2711.1,1913.5,1749.9,2841.3,992.2,3288.2,1019.3,3715.0,1524.9,4395.2,7539.5,3843.2,1617.3,577.6
2026-09-17 23:00:00,798.1,388.5,961.9,884.3,678.6,354.8,13.2,42.7,315.6,47.0,477.8,1237.7,3939.4,4778.3,1483.9,1433.8,0.1,158.4,1055.3,2300.8,450.0,1558.3,4666.7,5041.1,2852.7,1244.3,3611.1,4961.9,2700.3,1950.9,1707.5,2915.5,972.0,3180.7,1012.0,3278.2,1512.2,4170.0,7390.4,3877.5,1600.1,603.4
2026-09-17 23:15:00,755.9,390.9,947.5,883.8,666.9,354.6,14.7,42.2,314.1,48.5,458.8,1238.2,4041.7,4588.1,1452.2,1432.7,0.0,130.7,1051.7,2319.3,444.1,1559.1,4644.2,4947.1,2810.1,1240.2,3575.1,4869.2,2690.8,1914.5,1697.8,2935.1,960.9,3147.9,1005.9,3273.4,1508.1,4155.8,7322.4,3848.5,1578.7,610.7
2026-09-17 23:30:00,746.9,384.4,931.3,879.4,653.8,354.9,14.7,42.7,308.4,46.3,462.2,1239.5,4064.8,4680.8,1446.7,1430.4,0.0,129.5,1046.0,2335.3,444.1,1567.4,4616.4,4886.0,2770.7,1190.2,3550.3,4737.3,2678.0,1911.8,1700.9,2903.1,950.4,3141.9,999.2,3267.4,1497.5,4100.2,7255.6,3853.3,1563.5,614.0
2026-09-17 23:45:00,740.2,381.4,917.7,875.5,643.8,355.2,14.7,42.3,302.5,39.4,457.1,1241.0,4087.5,4400.7,1408.6,1390.5,0.0,130.0,1043.5,2339.0,443.7,1565.6,4625.0,4832.5,2714.9,1188.0,3519.6,4668.4,2667.1,1911.9,1703.0,2844.5,945.5,3071.7,991.0,3260.1,1475.8,4025.3,7193.9,3895.5,1542.7,619.0
2026-09-18 00:00:00,720.6,352.4,904.7,880.9,628.0,393.8,11.0,73.9,302.1,81.6,162.1,1261.4,3568.5,4977.7,1267.7,1339.0,144.4,25.8,1053.7,2922.9,446.4,1071.3,4673.9,5173.4,2592.7,1120.3,3574.2,4074.0,2639.4,1851.7,1675.7,2813.0,955.2,2532.9,1009.8,2485.4,1381.2,3740.2,7084.6,4160.2,1470.1,798.7
2026-09-18 00:15:00,719.0,398.6,894.7,889.1,621.9,393.1,11.1,73.0,320.4,20.0,144.1,1261.9,3535.6,4892.8,1397.4,1325.3,144.5,16.5,1045.8,2934.3,446.9,1063.6,4667.2,5142.4,2562.1,1115.7,3559.8,3997.1,2630.5,1835.4,1672.6,2752.3,943.9,2518.6,1003.4,2472.4,1386.1,3751.8,7029.5,4157.3,1440.8,799.9
2026-09-18 00:30:00,712.7,353.4,886.5,896.2,615.8,384.2,11.0,73.1,317.1,16.3,137.2,1266.5,3579.2,4815.1,1456.2,1279.7,144.6,17.0,1052.5,2930.3,452.2,1061.5,4681.5,5102.8,2529.1,1112.0,3534.6,3821.7,2616.0,1835.9,1669.3,2743.2,938.8,2213.7,999.6,2460.0,1390.5,3766.0,6964.0,4143.3,1427.8,797.8
2026-09-18 00:45:00,707.1,353.9,877.5,899.6,611.1,383.2,11.0,72.5,316.1,22.1,117.3,1280.3,3629.0,4644.6,1438.0,1293.5,144.7,37.6,1057.8,2755.5,449.9,1055.9,4672.6,5075.6,2497.1,1112.2,3525.5,3548.2,2600.7,1811.6,1664.4,2748.4,930.3,2141.6,995.9,2449.4,1393.9,3777.5,6918.6,4131.4,1412.5,788.5
2026-09-18 01:00:00,712.7,352.7,959.8,920.6,665.4,381.2,11.0,67.6,317.0,16.0,143.5,1269.7,3621.2,4603.6,1408.1,1308.2,140.8,63.9,1082.5,2979.6,453.7,1018.8,4638.2,4933.1,2438.7,1177.2,3486.5,4023.2,2599.5,1827.4,1644.5,2819.0,892.5,1948.3,991.7,2447.8,1457.5,3803.4,6835.8,4101.6,1399.3,761.1
2026-09-18 01:15:00,751.5,353.8,961.1,927.6,659.3,379.2,11.1,67.8,322.1,16.0,128.5,1271.6,3623.0,4632.4,1409.6,1258.4,140.6,33.8,1084.0,2799.9,457.7,1010.0,4660.6,4903.3,2420.3,1173.2,3472.4,4009.1,2592.6,1808.7,1634.5,2847.3,900.2,1913.3,993.2,2440.1,1452.1,3819.5,6809.2,4113.5,1395.2,755.0
2026-09-18 01:30:00,747.0,353.0,965.4,935.5,655.9,377.8,11.0,67.6,320.2,16.0,125.4,1272.1,3634.4,4561.6,1394.5,1268.4,130.8,15.2,1084.3,2801.0,461.7,994.3,4658.1,4883.2,2399.7,1174.0,3457.8,3982.4,2594.1,1792.0,1628.8,2873.7,891.4,1892.9,995.4,2432.5,1446.6,3832.5,6786.6,4113.8,1390.0,750.7
2026-09-18 01:45:00,739.2,353.1,966.2,942.9,653.1,376.7,13.7,67.0,348.5,16.0,105.1,1273.8,3699.5,4421.5,1408.6,1269.2,140.1,34.3,1082.3,2813.7,462.3,987.9,4649.2,4862.3,2379.2,1176.7,3449.6,3985.9,2590.0,1797.4,1634.4,2884.9,888.4,1898.0,997.6,2424.9,1439.4,3847.3,6767.3,4074.8,1394.6,744.7
2026-09-18 02:00:00,771.0,358.0,963.3,945.7,648.5,376.5,11.0,66.9,406.3,6.0,176.4,1287.5,3702.1,4403.6,1411.6,1238.1,24.5,108.2,1170.7,2911.0,459.3,967.7,4608.5,4849.8,2362.1,1182.0,3428.7,4024.6,2610.5,1821.7,1615.4,2910.1,870.1,1833.3,999.2,2464.0,1427.7,3852.3,6840.7,4224.9,1392.3,742.8
2026-09-18 02:15:00,787.2,358.7,960.5,954.2,645.0,384.7,11.0,67.0,416.7,6.0,155.0,1288.6,3720.4,4403.3,1408.1,1233.9,23.7,107.6,1170.7,2900.8,461.9,942.2,4604.3,4822.7,2353.8,1187.4,3421.0,3984.4,2609.2,1814.0,1621.4,2938.8,864.9,1820.1,1003.4,2457.5,1423.1,3868.0,6831.1,4232.1,1397.6,728.6
2026-09-18 02:30:00,785.8,356.3,956.1,958.2,643.8,389.2,13.8,67.4,411.3,6.0,134.6,1292.2,4516.6,4357.3,1420.1,1258.8,22.9,107.1,1165.0,2915.6,450.6,943.2,4586.2,4798.4,2342.0,1190.5,3415.7,4024.1,2608.4,1814.5,1621.0,2942.2,862.4,1835.4,1008.3,2451.2,1420.2,3880.2,6825.3,4249.4,1396.0,710.8
2026-09-18 02:45:00,785.4,347.9,952.7,970.5,643.9,392.6,13.7,67.8,416.4,6.0,132.8,1294.0,4647.0,4376.0,1415.1,1298.3,2.1,106.7,1160.2,2909.3,448.4,931.8,4592.7,4772.2,2335.9,1192.4,3411.3,4013.5,2608.9,1815.6,1622.1,2963.0,858.5,1835.3,1012.3,2443.5,1417.4,3895.7,6817.0,4262.8,1389.2,697.4
2026-09-18 03:00:00,784.5,346.9,951.8,969.7,590.4,391.7,11.0,66.7,427.5,6.0,166.7,1310.6,4607.0,4361.0,1422.9,1219.7,1.3,106.1,1058.1,2997.1,432.1,902.1,4547.3,4681.4,2313.4,1071.1,3320.4,3584.9,2631.6,1868.2,1628.9,2946.4,857.0,1860.6,1019.1,2494.1,1382.1,3909.8,6815.0,4235.8,1381.3,670.0
2026-09-18 03:15:00,779.0,350.2,957.1,961.4,589.6,392.1,13.7,67.0,419.9,6.0,150.6,1310.5,4679.2,4290.1,1440.8,1208.3,1.1,105.6,1056.3,2970.8,429.1,896.1,4545.1,4668.6,2309.4,1078.0,3315.8,3586.1,2630.9,1863.6,1627.6,2968.2,852.2,1864.9,1019.9,2491.3,1381.9,3922.5,6812.3,4222.5,1369.6,653.8
2026-09-18 03:30:00,780.6,344.4,968.7,966.9,590.4,391.7,13.7,67.1,421.1,6.0,145.0,1311.1,4675.2,4295.8,1452.5,1204.9,0.8,105.3,1060.5,2964.3,426.1,875.0,4556.6,4649.7,2304.3,1081.3,3310.6,3582.3,2629.4,1862.1,1628.2,2971.6,854.6,1859.2,1022.4,2488.9,1383.9,3928.9,6788.6,4268.1,1367.9,636.8
2026-09-18 03:45:00,752.6,344.0,978.9,969.0,595.4,391.6,13.7,67.3,419.4,6.0,147.3,1310.9,4725.1,4309.3,1426.4,1245.3,0.6,105.2,1058.9,2911.3,422.7,861.7,4569.3,4633.5,2299.4,1084.6,3310.1,3583.0,2629.5,1867.2,1621.6,2975.3,847.1,1860.4,1022.8,2486.2,1387.7,3935.6,6771.1,4288.7,1364.3,618.8
2026-09-18 04:00:00,773.6,343.0,906.8,982.0,610.9,394.9,12.9,60.8,431.8,6.0,119.0,1298.2,4728.9,4361.1,1428.1,1175.0,62.7,60.0,1040.6,2984.9,417.5,836.0,4684.8,4707.3,2299.2,1088.9,3410.3,3790.4,2639.9,1834.9,1620.0,2972.2,843.3,1883.9,1026.7,2539.2,1405.4,4039.2,6777.9,4195.7,1425.7,589.9
2026-09-18 04:15:00,735.3,351.7,930.8,983.1,623.5,397.1,11.0,60.9,429.5,6.0,140.8,1297.9,4763.4,4310.0,1392.1,1166.7,62.6,59.2,1048.3,2982.0,405.4,828.1,4730.9,4703.4,2303.8,1092.0,3413.3,3826.1,2642.3,1855.0,1619.8,2954.1,843.0,1911.3,1027.7,2537.7,1410.3,4041.9,6721.6,4204.5,1435.8,579.6
2026-09-18 04:30:00,741.0,359.1,966.6,987.9,635.6,398.8,11.0,61.1,434.0,6.0,141.7,1296.7,4361.5,4324.9,1328.4,1162.8,62.4,58.7,1044.5,2966.4,404.4,810.0,4755.0,4705.8,2305.7,1096.1,3416.7,3823.5,2645.2,1842.4,1614.6,2975.9,841.6,1905.6,1031.6,2536.3,1415.2,4045.6,6700.8,4244.1,1445.2,563.6
2026-09-18 04:45:00,728.5,363.2,1003.8,988.1,653.0,399.8,11.0,60.3,440.6,6.0,123.5,1295.8,4297.5,4336.0,1325.5,1198.3,82.3,58.3,1042.4,2980.9,404.5,803.3,4801.4,4691.6,2314.8,1096.5,3420.3,3852.4,2645.6,1847.1,1625.5,2999.9,842.1,2024.7,1035.8,2534.9,1419.0,4117.4,6700.9,4264.4,1461.9,551.9
2026-09-18 05:00:00,769.1,369.1,1075.7,986.9,688.0,399.7,49.5,46.0,353.5,11.0,76.3,1299.5,3778.8,4434.1,1339.6,1222.1,116.6,144.9,1111.2,2949.0,406.5,782.1,5192.4,4659.8,2353.3,1219.2,3418.9,3944.6,2658.7,1845.0,1624.6,2931.8,833.4,2211.4,1043.6,3100.7,1416.7,4485.2,6785.8,4227.4,1464.3,518.7
2026-09-18 05:15:00,776.7,385.5,1125.6,994.8,708.4,400.3,49.5,46.4,350.0,11.0,73.5,1297.5,3771.8,4400.1,1320.1,1211.1,116.9,164.9,1118.6,2945.3,408.4,774.6,5215.3,4660.6,2391.0,1218.3,3439.3,4060.3,2666.0,1819.7,1618.1,3040.6,838.1,2197.2,1049.4,3100.5,1428.9,4501.1,6858.8,4280.7,1501.3,513.6
2026-09-18 05:30:00,792.5,401.3,1163.2,1026.1,726.4,400.4,49.5,46.1,358.8,12.5,73.5,1293.6,3773.2,4398.0,1270.8,1317.0,117.2,164.9,1126.7,2951.9,410.2,829.7,5276.7,4650.5,2421.6,1219.2,3461.9,4120.9,2671.7,1841.9,1610.5,3079.5,843.4,2229.3,1056.8,3100.2,1441.7,4626.3,6952.7,4310.3,1530.4,500.7
2026-09-18 05:45:00,808.7,410.0,1194.5,1037.8,742.4,400.7,49.5,45.8,374.5,13.4,58.7,1289.4,3685.7,4653.3,1264.1,1504.4,137.5,185.0,1136.0,2955.6,412.6,854.4,5337.0,4674.6,2468.3,1223.5,3478.1,4153.2,2681.2,1860.2,1596.9,3206.8,852.1,2337.0,1063.0,3100.1,1455.0,4627.7,7051.6,4373.7,1560.5,490.0
2026-09-18 06:00:00,833.3,408.1,1241.3,1043.4,778.8,493.6,6.0,47.5,375.3,42.4,128.3,1376.2,3954.6,4759.9,1350.8,1675.2,71.1,127.7,1152.8,3172.4,449.2,990.9,5498.3,4585.4,2600.9,1077.2,3561.7,4505.4,2757.8,1927.5,1665.5,3122.4,858.0,2630.2,1086.4,3579.5,1511.6,5018.0,7352.1,4408.9,1663.9,469.3
2026-09-18 06:15:00,847.1,424.8,1257.8,1065.9,793.9,498.3,6.0,51.4,383.2,46.9,137.4,1365.9,3958.6,4857.2,1374.4,1642.9,51.1,116.2,1168.8,3194.2,455.9,980.3,5501.0,4585.5,2672.7,1084.0,3608.5,4806.9,2778.5,1964.0,1660.2,3218.2,871.3,2743.8,1099.1,3579.1,1530.0,5093.5,7490.3,4467.0,1708.0,465.1
2026-09-18 06:30:00,856.0,442.9,1262.7,1096.0,793.3,535.2,6.1,52.9,400.0,81.1,148.6,1349.9,3971.5,5806.2,1361.6,1647.6,51.0,116.8,1180.5,3173.8,460.6,969.7,5499.3,4574.8,2737.3,1083.9,3656.6,4925.9,2798.7,2014.7,1665.1,3225.9,905.1,2800.4,1108.5,3578.9,1548.5,5086.0,7670.7,4585.0,1748.9,455.4
2026-09-18 06:45:00,849.3,547.6,1261.7,1126.9,805.9,544.5,6.0,57.7,426.4,116.1,157.3,1354.9,3976.5,6162.5,1406.2,1706.0,71.0,118.1,1193.6,3130.7,478.9,980.4,5525.7,4569.2,2814.3,1128.8,3682.2,5054.8,2822.1,2012.9,1672.3,3233.9,917.0,2890.0,1121.3,3578.4,1562.9,5102.3,7828.0,4681.4,1794.2,451.5
2026-09-18 07:00:00,868.3,510.5,1261.0,1279.4,825.1,736.7,1.0,38.2,451.6,121.1,133.8,1387.4,4130.8,6059.0,1492.5,1760.8,71.0,197.5,1289.8,3447.2,490.1,971.0,5599.3,4697.7,3006.7,1163.9,4153.9,5669.7,2887.0,2048.2,1740.8,3283.6,931.8,3011.5,1141.5,3589.4,1704.7,5184.0,8082.5,4667.0,1852.0,480.9
2026-09-18 07:15:00,878.9,597.7,1241.5,1253.9,835.8,781.0,1.0,37.2,470.8,125.3,133.8,1385.8,3906.4,5997.9,1544.6,1761.7,51.6,200.4,1301.5,3461.6,494.3,977.1,5624.6,4660.1,3066.9,1164.3,4189.2,5757.7,2914.9,2067.4,1737.5,3283.5,950.6,3087.8,1146.8,3589.0,1709.6,5182.3,8183.7,4763.4,1880.5,483.6
2026-09-18 07:30:00,882.4,612.4,1230.3,1245.5,848.4,814.5,1.0,37.5,488.9,124.4,141.8,1389.0,3917.6,6033.5,1582.2,1784.0,72.2,205.2,1303.8,3474.1,493.4,985.2,5651.1,4652.1,3104.6,1164.2,4219.7,5766.3,2932.9,2066.7,1738.3,3282.7,961.4,3093.8,1151.0,3588.5,1715.7,5182.7,8234.6,4848.9,1890.2,487.0
2026-09-18 07:45:00,884.6,614.0,1191.8,1249.5,855.5,845.1,1.0,34.6,496.9,119.9,147.7,1418.2,3977.4,6068.6,1600.6,1759.6,72.8,228.3,1310.7,3480.7,500.6,1001.1,5682.5,4617.5,3150.0,1162.2,4224.0,5776.9,2952.4,2068.2,1745.5,3288.7,972.2,3080.3,1153.6,3587.8,1720.0,5182.0,8299.5,4946.4,1909.2,490.5
2026-09-18 08:00:00,885.7,597.6,1141.9,1220.3,852.8,778.8,11.0,88.7,493.1,97.8,201.0,1378.9,4011.8,6005.0,1831.6,1834.4,23.4,231.8,1458.2,3404.9,500.1,1066.6,5715.2,4597.1,3209.4,1200.4,4328.1,5847.7,2974.6,2296.9,1771.1,3287.9,1011.1,3436.4,1134.5,3746.1,1713.7,5137.9,8339.2,4871.2,1882.3,450.6
2026-09-18 08:15:00,886.6,607.2,1097.9,1239.5,854.4,807.5,11.0,86.5,478.6,99.9,206.6,1359.6,4308.3,6217.2,1770.4,1795.8,24.7,249.4,1457.9,3426.1,495.4,1029.7,5746.2,4565.3,3226.1,1200.9,4325.8,5821.5,2983.9,2291.1,1770.7,3286.1,1013.5,3425.2,1135.7,3745.8,1703.2,5123.5,8345.1,4853.3,1880.0,469.6
2026-09-18 08:30:00,894.6,615.1,1041.0,1210.5,851.8,837.0,11.0,87.2,463.6,112.0,210.3,1393.8,4355.4,5786.5,1710.5,1864.0,26.0,240.2,1450.8,3490.8,492.6,1051.6,5770.9,4535.5,3224.2,1200.2,4324.3,5824.0,2984.8,2230.8,1776.3,3279.5,1021.9,3384.8,1135.5,3745.4,1708.0,5103.2,8337.2,4854.5,1868.0,491.1
2026-09-18 08:45:00,884.7,606.8,955.7,1187.3,845.9,861.5,17.7,88.0,439.1,114.7,213.0,1391.5,4456.3,4936.5,1647.2,1859.7,7.3,191.5,1445.9,3509.9,503.2,1050.4,5788.3,4506.3,3238.8,1198.6,4323.2,5840.4,2990.3,2194.2,1777.7,3277.9,1026.9,3297.5,1143.7,3745.1,1701.0,5087.3,8327.8,4839.1,1862.0,512.5
2026-09-18 09:00:00,879.4,620.9,898.6,1123.1,838.8,741.6,58.0,36.5,423.5,109.1,222.6,1284.9,4388.2,5408.0,1756.3,1913.5,3.6,251.0,1399.0,3344.9,507.7,1037.5,5773.5,4425.2,3256.7,1179.2,4284.6,5965.1,2983.6,2177.6,1785.5,3240.9,1038.9,2887.4,1145.2,3727.4,1682.8,4946.6,8217.6,5130.7,1843.8,550.1
2026-09-18 09:15:00,876.9,648.3,849.4,1116.9,834.0,772.5,58.2,31.4,389.0,45.9,224.5,1280.7,4454.6,5173.3,1671.7,1886.1,19.4,222.7,1389.7,3692.1,500.2,1039.6,5771.4,4408.0,3255.7,1134.6,4273.9,5579.8,2983.2,2072.6,1786.6,3220.7,1035.6,2801.6,1144.0,3727.1,1675.3,4931.7,8200.8,5054.1,1829.5,577.7
2026-09-18 09:30:00,869.4,659.8,808.8,1129.9,827.6,799.3,59.2,32.2,336.1,20.1,252.1,1285.6,4474.1,4973.7,1628.6,1797.4,6.0,226.0,1378.9,3673.3,499.3,1053.2,5772.6,4392.5,3260.3,1131.7,4339.1,5304.7,2978.6,2069.5,1784.4,3213.1,1038.8,2476.1,1142.9,3727.0,1678.0,4919.8,8185.8,4966.0,1817.6,602.0
2026-09-18 09:45:00,863.4,622.8,739.2,1172.0,823.8,806.0,73.5,32.7,284.0,24.3,288.9,1301.5,4582.7,4938.8,1603.2,1580.2,7.2,231.0,1383.8,3226.9,497.5,813.0,5776.5,4346.3,3261.0,1132.7,4327.3,4717.0,2977.7,2023.9,1783.9,3205.5,1035.3,2401.1,1140.2,3727.1,1675.6,4910.2,8168.0,4925.9,1807.2,623.7
2026-09-18 10:00:00,862.1,595.5,703.4,1114.2,816.3,652.9,48.0,48.4,253.1,57.9,264.2,1357.1,4504.5,5188.2,1800.8,1558.1,8.4,322.5,1705.9,3518.2,500.0,928.2,5750.3,4189.7,3270.7,1062.8,3875.6,3833.6,2974.9,2040.0,1777.5,3132.4,995.3,2062.2,1131.7,3621.3,1644.0,4864.0,8090.2,5129.0,1769.0,697.8
2026-09-18 10:15:00,858.3,592.6,671.0,1156.8,813.5,659.9,49.5,37.7,213.6,43.6,301.8,1362.6,5409.4,5365.6,1747.3,1599.5,8.2,331.4,1695.7,3417.5,491.0,894.4,5748.1,4193.4,3268.3,1051.7,3869.2,3449.7,2976.4,2029.3,1783.5,3133.1,1019.3,1823.1,1126.8,3621.7,1661.2,4867.8,8065.1,5020.3,1757.4,719.1
2026-09-18 10:30:00,855.3,597.3,644.4,1191.1,811.5,672.9,49.4,38.1,183.3,62.7,287.4,1380.9,5466.8,5515.0,1726.0,1638.6,22.5,318.9,1696.2,3185.5,490.6,886.6,5781.1,4179.0,3270.8,1046.5,3863.5,3224.2,2970.4,2049.9,1777.0,3121.4,1171.3,1536.4,1123.2,3622.3,1670.7,4813.4,8028.0,4987.6,1760.6,740.0
2026-09-18 10:45:00,846.4,606.4,621.2,1215.6,808.7,685.0,68.9,41.9,153.8,78.2,294.1,1394.9,5539.2,5536.2,1668.1,1663.1,29.1,248.1,1733.5,3099.4,522.8,878.4,5818.6,4149.0,3267.1,1047.0,3852.9,3148.1,2972.4,1989.4,1776.4,3129.7,1166.9,1280.1,1123.1,3623.1,1667.8,4684.3,8008.1,4961.4,1748.1,750.9
2026-09-18 11:00:00,847.3,624.9,823.7,1216.9,788.9,608.6,54.7,19.8,129.0,99.7,317.8,1401.0,5575.3,5773.8,2013.6,1709.7,37.3,378.6,1531.9,3070.5,489.2,913.8,5772.3,4163.9,3245.3,1026.0,3776.8,3256.2,2983.6,1892.3,1756.4,3182.3,1226.3,1326.6,1115.9,3124.4,1630.6,4493.1,7925.5,5023.9,1716.7,730.2
2026-09-18 11:15:00,843.9,631.4,805.7,1280.2,784.2,611.6,56.8,21.6,117.9,109.8,319.3,1413.6,5627.3,5805.9,1976.0,1717.6,40.2,294.8,1542.8,2931.8,500.3,889.4,5811.4,4158.0,3241.0,1049.8,3772.0,3152.2,2980.6,1884.4,1756.0,3182.9,1220.7,1199.8,1116.0,3126.1,1634.6,4487.0,7916.6,4993.1,1715.3,742.8
2026-09-18 11:30:00,849.5,643.2,802.0,1322.6,783.1,609.2,73.7,23.6,122.9,76.5,324.4,1436.5,5726.3,5946.6,1940.1,1754.3,41.0,283.8,1691.0,2748.5,496.5,901.7,5820.8,4154.0,3227.3,1054.9,3759.5,3158.5,2975.5,1869.4,1757.5,3156.5,1222.7,1157.3,1113.4,3127.6,1626.6,4354.5,7890.5,4980.5,1700.3,757.7
2026-09-18 11:45:00,852.9,636.8,824.8,1324.4,805.3,547.4,74.2,23.4,129.6,93.9,332.4,1448.5,5883.5,6064.7,1931.6,1646.0,48.0,265.1,1761.0,2547.6,524.1,898.4,5851.6,4071.8,3215.6,1038.2,3763.2,3165.2,2972.9,1887.0,1757.2,3152.5,1222.0,1158.4,1109.9,3129.2,1606.5,4311.6,7927.6,4935.8,1694.4,769.4
2026-09-18 12:00:00,850.3,661.3,917.9,1393.7,788.8,594.2,64.0,21.4,128.2,131.6,325.5,1474.3,5901.0,6243.1,1960.8,1752.5,42.0,343.0,2026.8,2473.1,530.8,873.0,5895.8,4145.0,3216.1,1338.3,3725.6,3165.0,2937.3,1667.1,1706.5,3225.1,1202.5,1171.2,1103.3,2222.9,1693.0,3806.7,7823.8,4933.3,1658.9,792.6
2026-09-18 12:15:00,843.9,669.3,919.7,1381.4,794.7,580.7,79.9,21.3,130.1,132.9,325.6,1485.2,5997.4,6241.7,1957.4,1642.2,42.3,318.4,2143.7,2310.5,540.0,837.8,5912.7,4136.5,3208.9,1326.1,3714.4,3116.3,2936.9,1685.1,1705.1,3223.8,1200.5,1171.5,1099.0,2225.6,1674.0,3814.2,7852.9,4935.6,1645.4,786.0
2026-09-18 12:30:00,840.2,669.4,917.3,1316.4,793.0,568.2,79.8,21.3,137.5,137.3,319.9,1499.8,6124.3,6299.4,1947.3,1690.8,41.8,319.6,2102.1,2042.3,536.1,528.6,5916.1,4133.6,3204.7,1324.9,3714.0,3124.8,2931.5,1685.9,1703.9,3206.7,1197.6,1144.5,1095.2,2229.2,1660.3,3819.6,7840.0,4925.0,1634.4,799.9
2026-09-18 12:45:00,841.0,675.4,923.2,1323.9,797.7,524.8,79.7,21.3,137.4,126.1,317.7,1508.0,6242.7,6355.2,1954.3,1677.1,41.2,300.5,2159.7,1471.8,529.1,522.2,5921.0,4132.6,3206.9,1331.8,3710.1,3096.3,2929.0,1685.7,1707.4,3201.8,1193.7,1147.1,1094.5,2233.3,1648.4,3828.7,7814.9,4899.3,1626.6,801.3
2026-09-18 13:00:00,849.8,686.7,930.1,1343.5,863.2,506.7,19.2,21.3,139.7,112.9,393.1,1522.8,6182.2,6541.2,1987.3,1656.8,28.6,259.0,2120.8,1410.5,584.2,505.3,5879.2,4050.8,3188.6,1402.5,3736.2,3223.8,2914.2,1674.1,1691.3,3196.2,1233.1,1122.9,1085.5,1922.0,1635.3,3786.4,7877.8,5004.4,1599.4,825.7
2026-09-18 13:15:00,914.7,687.7,936.8,1346.2,868.4,522.3,12.9,21.3,139.2,115.1,385.3,1534.7,6163.0,6544.3,1986.7,1646.0,40.6,250.5,2158.9,1416.5,587.6,538.1,5874.9,4053.7,3184.8,1403.0,3737.6,3157.2,2913.5,1673.9,1689.3,3192.1,1232.0,1113.2,1083.5,1924.6,1626.3,3795.0,7893.5,5002.4,1583.3,822.9
2026-09-18 13:30:00,925.6,687.0,944.9,1331.8,870.3,515.5,5.4,20.9,139.0,113.7,382.7,1549.5,6144.8,6474.5,2028.6,1624.1,40.5,239.9,2152.7,1423.2,587.8,546.6,5863.5,4053.7,3182.0,1400.8,3732.4,3155.2,2918.7,1684.2,1688.9,3188.5,1233.8,1103.5,1081.6,1927.0,1618.9,3797.0,7884.5,5008.5,1579.0,821.5
2026-09-18 13:45:00,919.3,683.3,957.9,1308.9,868.0,489.3,4.2,20.7,140.0,116.5,377.5,1553.0,6179.4,6323.2,2078.5,1623.2,49.7,215.2,2116.9,1436.9,578.7,506.5,5853.7,4054.2,3180.8,1399.0,3723.7,3157.3,2919.8,1683.6,1687.4,3185.3,1230.3,1102.8,1077.7,1929.2,1613.9,3794.1,7856.1,5020.1,1575.6,820.0
2026-09-18 14:00:00,920.0,677.7,927.7,1292.8,874.3,471.1,21.2,34.9,119.5,137.8,553.8,1593.3,6052.2,6039.7,2083.1,1661.7,48.5,215.4,2102.0,1487.1,582.2,581.4,5875.0,4062.3,3173.1,1309.0,3689.9,3115.0,2915.5,1681.0,1691.7,3475.4,1230.7,1109.7,1071.3,1923.4,1609.0,3789.7,7915.4,5073.8,1573.4,828.3
2026-09-18 14:15:00,919.8,675.2,949.8,1267.1,873.0,453.4,4.7,34.6,121.4,134.0,542.1,1596.2,5988.5,6037.4,2091.1,1661.5,38.9,245.4,2102.0,1490.6,571.1,557.3,5873.6,4065.7,3174.4,1307.7,3691.5,3109.8,2913.3,1680.1,1695.2,3471.3,1228.8,1110.8,1067.2,1924.9,1605.7,3789.2,7914.6,5074.6,1576.7,825.4
2026-09-18 14:30:00,918.8,672.6,976.5,1296.9,872.0,438.8,1.8,34.1,121.8,115.1,562.2,1596.9,5933.2,6007.0,2101.6,1648.7,22.9,260.3,2102.1,1494.3,569.5,540.6,5867.0,4065.5,3176.4,1306.1,3686.0,3065.1,2906.0,1678.0,1690.3,3467.5,1227.8,1111.6,1064.9,1926.8,1602.0,3785.5,7909.5,5084.6,1577.3,823.0
2026-09-18 14:45:00,921.7,665.9,977.1,1293.5,875.1,414.6,1.6,33.6,124.6,122.3,558.5,1598.4,5797.8,6060.1,2088.8,1634.5,22.6,242.9,2098.7,1497.9,569.7,558.0,5881.9,4079.1,3174.6,1303.2,3683.2,3082.1,2906.1,1685.1,1686.8,3467.7,1228.0,1112.8,1065.8,1928.7,1601.1,3775.0,7845.3,5092.9,1582.4,821.0
2026-09-18 15:00:00,908.6,654.0,973.8,1166.0,829.2,472.3,53.5,21.3,144.2,85.0,516.4,1540.5,5749.5,6672.4,2113.9,1685.0,22.3,229.7,1917.5,1432.6,525.8,478.7,5951.2,4152.6,3176.9,1280.9,3680.5,2865.9,2957.6,1760.6,1698.9,3466.4,1221.0,1134.7,1069.6,1948.8,1591.6,3862.9,7696.5,5003.6,1586.4,826.2
2026-09-18 15:15:00,828.9,654.0,1007.6,1198.5,815.3,463.9,35.3,23.0,137.0,73.3,516.4,1530.3,5611.4,6589.0,2139.3,1699.8,24.0,244.1,1902.0,1635.7,511.6,525.3,5957.1,4185.1,3176.3,1281.7,3674.9,2864.6,2954.4,1763.9,1686.7,3472.2,1222.4,1135.7,1070.5,1950.5,1596.9,3868.6,7681.2,5011.0,1590.1,834.9
2026-09-18 15:30:00,824.7,653.0,1055.8,1161.9,816.6,458.0,34.4,21.4,134.0,57.2,510.1,1521.9,5424.6,6517.5,2186.3,1660.5,25.6,248.1,1896.7,2046.6,518.1,609.0,5965.7,4211.9,3183.6,1275.7,3687.5,2876.8,2951.9,1783.9,1681.8,3482.3,1224.2,1151.0,1065.5,1951.6,1605.5,3873.8,7684.7,5101.3,1588.9,844.5
2026-09-18 15:45:00,824.3,645.7,1104.9,1104.0,816.4,444.1,34.3,23.6,138.6,43.0,505.0,1518.0,4453.1,6408.3,2194.3,1623.7,27.3,262.2,1922.3,2295.7,539.5,847.6,5924.0,4239.2,3189.1,1273.4,3686.3,2903.5,2960.9,1806.9,1682.9,3491.1,1225.5,1155.3,1069.4,1955.5,1613.4,3875.0,7658.5,5127.1,1589.1,845.6
2026-09-18 16:00:00,849.1,603.1,909.8,1059.2,839.6,503.3,51.6,64.7,129.8,52.3,355.5,1489.1,4676.5,6483.6,2132.0,1665.0,184.5,208.8,1813.1,2543.2,530.2,868.9,5880.2,4194.7,3216.7,1258.6,3840.8,2926.7,2991.1,2133.2,1705.8,3406.1,1215.0,991.5,1081.9,2551.3,1637.9,3991.1,7774.2,5042.4,1586.2,846.9
2026-09-18 16:15:00,857.2,587.3,984.6,1024.2,840.1,490.7,34.7,66.9,145.6,48.4,361.8,1479.9,4445.2,6419.8,2192.4,1619.3,204.5,174.5,1751.5,2951.4,508.4,883.9,5873.5,4263.0,3228.9,1245.5,3839.6,2921.1,2990.3,2164.7,1703.3,3405.5,1221.4,993.2,1081.9,2552.3,1654.6,4154.3,7799.9,5093.0,1594.0,837.6
2026-09-18 16:30:00,850.1,595.4,1052.9,998.8,816.9,502.5,34.6,66.2,143.4,48.4,369.7,1463.6,5203.8,6386.8,2179.9,1696.0,204.5,199.7,1600.0,3283.9,508.6,880.1,5826.0,4347.2,3241.5,1193.2,3844.6,2964.7,2986.7,2176.9,1702.8,3414.1,1218.5,1198.2,1084.7,2552.7,1661.5,4361.9,7784.3,5266.3,1606.6,824.4
2026-09-18 16:45:00,847.2,591.3,1114.7,991.4,817.5,483.2,34.5,71.4,153.1,32.3,360.1,1452.7,4275.2,6448.7,2261.1,1652.8,204.5,192.3,1617.5,3397.0,504.1,892.0,5764.8,4419.6,3251.5,1221.8,3834.9,3000.3,2988.9,2129.0,1705.3,3420.9,1223.0,1250.7,1084.7,2552.8,1655.1,4389.0,7840.7,5290.1,1619.8,817.1
2026-09-18 17:00:00,872.8,575.5,1172.2,1051.7,831.5,734.2,31.8,72.4,191.7,24.4,247.1,1413.6,4653.6,6011.4,1886.8,1719.4,68.8,114.3,1900.6,3574.3,570.5,880.2,5845.6,4428.9,3227.1,1136.2,3818.2,3088.7,2985.7,2265.1,1745.1,3267.1,1184.3,1435.3,1088.9,3369.4,1692.0,4560.6,7945.3,5339.1,1685.8,811.9
2026-09-18 17:15:00,867.6,565.3,1206.2,1038.2,837.5,716.8,24.5,72.6,205.3,16.2,248.2,1394.9,4534.7,5888.1,1912.7,1647.9,69.0,133.4,1670.0,3579.8,527.8,885.4,5797.7,4519.6,3229.3,1136.6,3823.6,3121.7,2985.8,2403.4,1743.2,3247.0,1181.8,1685.7,1089.9,3369.8,1688.5,4708.2,7988.6,5476.9,1700.4,826.5
2026-09-18 17:30:00,874.5,570.7,1232.9,1030.5,839.4,708.6,24.5,73.6,239.3,8.8,253.6,1364.0,4490.0,5503.5,1935.4,1614.7,89.1,114.7,1660.4,3722.3,516.6,938.3,5714.5,4570.5,3217.8,1133.3,3829.5,3106.3,2957.6,2557.8,1745.2,3230.1,1110.6,1790.3,1086.0,3371.0,1668.2,4791.4,8016.3,5563.5,1717.7,841.1
2026-09-18 17:45:00,879.9,602.5,1254.1,1026.0,851.7,698.8,24.5,89.6,279.6,14.5,232.8,1340.0,4464.1,5392.9,2040.4,1643.6,69.2,99.0,1672.6,3876.8,523.5,1002.0,5680.3,4595.4,3214.9,1140.5,3837.2,3346.2,2974.1,2535.1,1747.6,3230.7,1028.8,2099.8,1085.0,3372.9,1670.7,4817.5,8059.1,5627.4,1733.0,807.1
2026-09-18 18:00:00,885.4,529.9,1262.0,1009.7,863.5,689.5,2.0,54.2,288.8,15.2,534.3,1274.0,4361.2,4954.1,1944.5,1815.7,69.4,63.9,1634.6,3879.7,512.5,1071.1,5713.9,4665.1,3200.8,1148.3,4171.5,4197.8,2973.0,2407.3,1759.9,3291.2,1051.5,2536.1,1079.7,3388.4,1563.7,4841.8,8111.3,5623.2,1758.2,799.8
2026-09-18 18:15:00,900.1,524.4,1277.7,1027.1,871.3,684.2,2.0,56.5,317.7,23.3,519.2,1246.5,3752.0,4840.6,1952.0,1956.3,69.0,62.8,1640.9,3984.5,535.0,1107.1,5776.3,4716.9,3194.5,1151.2,4104.6,4409.2,2974.8,2406.3,1753.2,3282.3,1048.5,2579.2,1084.2,3390.8,1567.9,4873.3,8112.2,5621.8,1763.4,796.2
2026-09-18 18:30:00,902.2,519.8,1303.1,1030.0,876.3,680.7,3.6,59.3,349.1,93.3,493.1,1240.3,3447.7,4766.8,1896.9,2097.7,28.7,70.7,1654.7,3835.5,537.2,1112.7,5823.3,4776.4,3192.4,1152.9,4115.0,4726.6,2969.7,2399.9,1754.4,3281.7,1054.8,2600.0,1084.8,3394.5,1572.7,4886.1,8126.0,5646.0,1770.2,788.8
2026-09-18 18:45:00,911.1,515.9,1323.4,1033.7,881.9,678.6,3.7,74.3,368.7,120.7,502.5,1239.0,3362.6,4912.3,1920.8,2129.8,28.3,71.4,1668.9,3763.5,538.5,1111.0,5823.2,4836.3,3194.7,1154.4,4114.2,4739.7,2971.1,2397.4,1754.5,3278.8,1051.0,2616.7,1081.0,3398.0,1579.8,4874.6,8132.3,5625.8,1780.4,790.0
2026-09-18 19:00:00,917.2,526.7,1330.7,993.1,894.0,626.4,13.6,78.2,373.1,101.8,569.9,1174.8,3502.8,4680.4,1955.7,2053.8,32.9,26.4,1540.5,3737.1,562.8,1104.2,5780.2,4759.3,3188.4,1163.6,4470.1,5062.0,2966.6,2263.9,1771.0,3317.8,1052.3,3143.9,1078.8,3348.8,1572.1,4936.6,8128.8,5670.7,1772.4,753.6
2026-09-18 19:15:00,918.0,519.0,1330.6,987.2,898.3,625.1,13.6,77.6,385.8,106.1,568.5,1159.2,3485.0,4750.6,1873.6,1925.5,27.3,39.5,1539.6,3672.8,569.2,1100.4,5856.2,4807.7,3180.8,1167.5,4476.4,5097.4,2967.7,2272.9,1772.0,3322.6,1053.5,3167.6,1081.2,3351.1,1579.4,4967.9,8113.1,5675.2,1770.9,753.7
2026-09-18 19:30:00,917.2,499.7,1316.9,1000.4,898.7,613.5,13.6,77.7,388.7,112.8,563.5,1169.7,3486.7,4716.2,1701.4,1798.9,28.6,26.3,1567.4,3660.6,567.3,1102.4,5812.2,4840.1,3174.1,1170.6,4486.1,5107.0,2963.9,2251.1,1777.1,3338.8,1053.8,3194.3,1078.0,3351.8,1589.1,4955.0,8108.6,5664.6,1780.7,748.0
2026-09-18 19:45:00,905.6,496.0,1302.0,994.7,895.0,610.8,13.5,77.7,383.1,121.6,553.3,1158.3,3466.7,4658.9,1851.5,2029.6,31.2,26.2,1519.0,3650.5,555.0,1135.7,5769.8,4869.0,3173.8,1174.7,4478.8,5055.3,2966.6,2256.4,1775.9,3336.9,1051.0,3176.7,1079.0,3350.6,1584.9,4874.9,8097.5,5601.7,1770.4,736.5
2026-09-18 20:00:00,893.7,499.7,1278.5,961.2,874.9,461.4,12.6,97.2,378.8,118.9,523.5,1281.0,3394.8,4697.4,1625.0,2026.8,25.0,43.2,1557.3,3514.9,536.1,1116.9,5566.2,4872.6,3163.2,1190.8,4676.1,5253.8,2957.5,2229.2,1736.8,3353.5,1054.0,3255.6,1069.4,3018.7,1552.8,4754.2,7975.8,5513.7,1750.7,712.8
2026-09-18 20:15:00,890.3,489.3,1258.3,964.5,867.5,460.2,12.6,77.3,374.4,123.3,538.7,1280.7,3408.1,4781.6,1618.2,2021.5,82.9,43.9,1554.4,3516.4,534.8,1113.6,5610.3,4877.3,3153.8,1191.4,4667.0,5177.3,2953.6,2215.4,1739.9,3361.7,1033.8,3241.7,1067.2,3014.8,1562.2,4741.8,7940.4,5511.8,1741.0,708.5
2026-09-18 20:30:00,877.5,486.0,1234.7,971.7,853.0,459.4,12.6,76.2,372.3,123.4,536.4,1280.5,3438.4,4761.5,1600.7,2013.7,80.7,40.7,1550.2,3514.4,532.1,1107.3,5572.1,4912.0,3132.9,1192.4,4661.5,5134.7,2949.9,2200.5,1751.2,3339.6,1033.0,3232.0,1065.1,3008.8,1553.6,4658.4,7893.5,5492.2,1722.6,704.2
2026-09-18 20:45:00,886.1,478.0,1207.7,979.9,861.1,458.2,12.6,74.9,370.4,126.5,529.4,1287.0,3415.6,4600.7,1593.9,2002.9,78.6,27.9,1543.8,3536.4,549.7,1103.1,5583.2,4930.6,3117.6,1186.8,4653.5,5066.3,2948.0,2203.0,1744.2,3261.2,1028.8,3228.3,1060.1,3003.4,1546.6,4671.0,7843.5,5420.8,1712.4,703.4
2026-09-18 21:00:00,853.9,479.9,1185.9,987.4,813.2,372.0,12.6,17.0,363.1,125.3,520.3,1270.9,3253.2,4745.4,1543.6,2015.4,167.5,60.9,1498.3,3569.3,510.3,1088.8,5489.5,5002.5,3082.8,1218.7,4467.2,4974.8,2924.5,2211.7,1714.5,3433.7,1020.6,2788.3,1049.7,2335.8,1505.8,4503.1,7763.4,5504.0,1683.6,715.6
2026-09-18 21:15:00,830.0,488.2,1155.0,993.0,796.8,372.8,11.1,17.6,361.2,46.7,509.3,1269.5,3446.1,4805.1,1540.2,2007.5,167.3,59.2,1487.5,3588.2,506.6,1100.0,5503.9,5016.9,3054.3,1211.9,4445.5,4947.7,2921.3,2197.8,1715.2,3388.5,1013.8,2743.0,1041.8,2332.7,1498.8,4391.4,7685.3,5492.1,1658.5,712.9
2026-09-18 21:30:00,812.3,478.4,1124.9,996.6,781.5,374.4,11.0,15.9,354.6,43.3,502.0,1245.5,3522.8,4541.7,1569.3,1992.1,147.2,57.7,1481.6,3607.7,498.3,1103.8,5537.6,5018.4,3031.6,1202.7,4435.1,4883.8,2915.2,2198.5,1709.6,3398.4,1008.7,2615.4,1042.2,2331.0,1489.9,4385.0,7610.6,5445.2,1637.6,714.9
2026-09-18 21:45:00,814.4,474.3,1094.8,1002.5,790.2,375.9,11.0,16.4,358.8,37.3,476.3,1245.3,4014.7,4682.7,1564.8,1979.8,147.1,75.4,1477.0,3628.9,499.1,1116.2,5524.6,4982.4,3011.0,1202.7,4418.8,4671.4,2907.5,2213.9,1716.5,3337.6,1000.0,2595.4,1040.9,2328.5,1482.5,4369.1,7553.7,5400.2,1617.1,717.6
2026-09-18 22:00:00,776.9,478.4,1035.1,1023.2,756.3,377.7,12.0,49.8,344.9,39.2,504.6,1214.5,3834.8,4876.3,1489.7,2015.6,151.6,62.7,1398.9,3687.8,475.2,886.4,5354.2,5058.6,2942.1,1237.9,4339.0,3818.3,2836.1,1986.9,1725.5,3306.4,990.5,2482.5,1033.2,1936.1,1466.4,4128.2,7414.2,5478.2,1606.1,726.1
2026-09-18 22:15:00,769.8,478.4,1005.9,1027.9,754.9,378.7,12.0,49.8,340.2,46.5,490.2,1214.2,3850.6,4825.0,1476.0,2011.7,150.5,60.1,1394.7,3785.3,465.7,909.7,5311.5,5054.5,2919.6,1237.8,4369.2,3686.2,2832.5,2011.1,1732.4,3265.3,982.1,2348.4,1034.1,1933.8,1463.7,4119.2,7343.5,5421.8,1578.7,729.0
2026-09-18 22:30:00,772.5,475.1,974.9,1030.6,752.5,379.6,12.0,51.0,334.3,49.1,489.6,1213.0,3816.8,5057.8,1489.9,2003.3,129.4,59.7,1389.0,3731.7,461.5,917.6,5282.5,4951.4,2885.1,1230.6,4353.7,3675.3,2822.3,1996.9,1727.7,3263.1,974.0,2295.9,1033.6,1931.4,1456.7,4092.5,7274.5,5384.6,1567.6,727.2
2026-09-18 22:45:00,761.8,475.4,944.3,1023.2,737.7,380.9,14.7,50.9,327.3,39.3,510.6,1214.7,3819.6,5101.3,1467.1,1986.4,128.3,58.0,1384.6,3627.9,459.0,931.1,5232.4,4882.9,2859.5,1225.5,4333.9,3664.9,2815.1,1999.9,1720.1,3229.7,966.9,2270.8,1033.0,1928.8,1448.4,4063.4,7249.6,5349.4,1553.2,727.8
2026-09-18 23:00:00,754.6,475.6,918.4,1025.6,716.2,382.5,12.0,87.1,317.1,46.1,229.6,1215.7,3853.5,5230.9,1378.5,1860.2,139.7,53.5,1059.0,3583.4,444.1,917.2,5043.6,5030.4,2777.0,1234.6,3689.1,3447.9,2751.1,1927.4,1690.9,3106.7,954.0,2003.6,1031.1,1866.5,1433.8,3570.2,7112.7,5412.0,1560.3,741.2
2026-09-18 23:15:00,743.3,478.9,911.1,980.9,705.9,384.5,14.7,87.1,313.8,33.2,235.6,1216.2,3845.1,5085.1,1380.3,1822.9,142.9,35.3,1059.6,3581.7,441.2,914.0,5015.5,4986.8,2740.8,1234.6,3660.2,3383.3,2745.6,1931.4,1684.9,3081.9,946.7,2003.6,1024.5,1864.3,1419.5,3550.4,7076.8,5392.7,1545.2,740.9
2026-09-18 23:30:00,742.5,482.0,897.6,970.8,694.4,387.2,14.7,87.5,305.7,32.3,245.4,1217.7,3911.2,5352.8,1408.2,1773.7,173.1,35.3,1067.9,3590.4,436.4,916.0,4973.8,4905.5,2714.9,1236.3,3644.7,3372.6,2737.2,1938.5,1681.8,3063.0,950.5,1916.7,1020.9,1862.1,1404.8,3515.9,7030.0,5371.6,1527.1,742.2
2026-09-18 23:45:00,765.5,485.3,878.9,969.5,686.3,389.6,14.7,87.8,294.6,23.5,230.8,1218.6,4114.4,5444.7,1458.5,1762.5,143.0,35.4,1070.9,3558.9,437.7,917.6,4925.2,4850.9,2683.1,1222.7,3629.7,3259.8,2730.5,1906.7,1682.8,3098.7,946.6,1858.3,1011.0,1858.3,1388.6,3467.3,6975.5,5290.0,1496.0,734.0
2026-09-19 00:00:00,714.9,443.1,914.7,980.1,653.4,202.8,2.0,33.4,287.9,58.4,508.5,1244.9,3675.0,5719.8,1788.5,1458.4,143.7,0.5,1194.3,3121.9,450.1,817.0,4764.2,5145.3,2594.2,1281.4,3463.3,4462.7,2730.5,1907.2,1715.7,3063.5,1055.3,1230.2,989.7,1821.8,1515.9,3166.1,6906.5,5345.4,1405.1,722.3
2026-09-19 00:15:00,709.1,444.4,912.3,974.7,657.9,203.2,2.0,32.8,280.9,58.5,509.7,1246.9,3675.7,5459.7,1890.5,1426.1,169.1,0.6,1200.5,3114.7,463.0,823.0,4742.3,5142.4,2567.7,1281.2,3450.6,4475.8,2720.6,1872.7,1719.1,3142.8,1049.0,1222.6,978.0,1818.8,1552.3,3092.8,6834.2,5344.4,1391.2,726.7
2026-09-19 00:30:00,702.2,445.9,901.6,957.6,651.3,203.9,2.0,31.3,276.8,46.0,514.9,1257.6,3680.0,5307.7,1953.9,1373.1,170.9,0.6,1199.1,3015.5,463.1,826.8,4728.0,5140.1,2537.4,1281.1,3426.7,4486.3,2721.3,1862.0,1712.3,3158.9,1044.0,1224.3,975.1,1816.6,1557.1,3029.8,6794.4,5297.0,1384.9,724.5
2026-09-19 00:45:00,696.3,447.5,891.2,948.4,656.3,199.6,2.0,32.0,272.8,28.4,514.1,1275.4,3681.4,5324.3,1975.7,1298.7,169.5,0.6,1195.2,3038.7,463.3,828.1,4701.9,5147.5,2507.1,1281.2,3416.5,4496.9,2715.6,1850.2,1712.8,3133.7,1036.0,1226.4,969.3,1814.5,1551.7,2987.7,6749.0,5265.4,1370.1,726.4
2026-09-19 01:00:00,694.8,449.0,862.3,927.8,654.6,186.6,12.0,22.2,263.4,51.8,523.7,1280.4,3603.5,5390.1,1928.3,1198.9,135.1,0.0,1365.3,3179.2,466.5,819.5,4642.2,5121.9,2436.0,1275.5,3349.0,4887.3,2682.1,1795.6,1677.3,3009.5,1015.1,1205.2,959.2,1794.6,1536.7,2811.3,6662.9,5292.6,1343.2,706.0
2026-09-19 01:15:00,693.3,449.5,855.8,902.2,652.4,186.1,12.0,22.7,260.3,41.2,510.3,1283.8,3599.5,5438.6,1919.6,1160.3,132.9,0.0,1360.4,3131.0,461.0,824.8,4628.7,5130.8,2414.0,1276.4,3336.0,4900.1,2680.7,1771.8,1672.9,2959.8,1010.3,1204.8,958.7,1792.8,1542.0,2757.2,6631.9,5285.1,1336.6,695.7
2026-09-19 01:30:00,686.1,449.7,846.8,897.6,638.1,186.2,12.0,25.2,261.5,43.0,498.6,1286.5,3598.5,5497.3,1916.6,1187.9,126.8,19.4,1364.9,3143.2,469.2,828.9,4609.9,5140.1,2390.2,1276.3,3335.4,4916.7,2677.3,1715.4,1672.2,2945.2,1005.8,1204.5,957.0,1791.2,1537.6,2684.3,6595.1,5283.5,1329.9,686.3
2026-09-19 01:45:00,683.0,450.2,839.8,941.2,639.6,186.3,12.1,26.4,256.7,34.2,507.8,1309.0,3592.3,5480.2,1913.3,1151.8,106.6,19.5,1504.2,3165.0,466.7,834.7,4593.0,5107.1,2368.3,1277.1,3327.7,4932.3,2669.4,1701.2,1674.1,2937.5,1002.7,1203.8,964.8,1789.6,1532.6,2640.5,6577.1,5279.8,1323.4,680.9
2026-09-19 02:00:00,684.5,450.0,839.5,951.0,631.8,180.2,1.1,54.6,248.2,33.2,432.2,1302.1,3519.3,5495.6,1807.7,977.8,132.7,15.0,1295.9,3089.1,455.0,841.4,4548.1,5095.3,2320.0,1272.5,3402.1,4325.9,2642.6,1709.0,1678.9,2924.1,948.8,1272.1,959.5,1749.0,1524.7,2546.5,6515.0,5281.1,1317.8,682.0
2026-09-19 02:15:00,682.7,447.9,837.7,935.8,629.8,180.2,1.1,56.1,242.3,33.5,434.8,1305.1,3513.6,5573.9,1802.9,961.7,131.9,15.0,1290.6,3100.6,466.0,844.1,4545.2,5101.6,2308.5,1272.5,3392.4,4336.7,2641.8,1710.5,1682.9,2684.6,946.5,1272.1,957.0,1748.3,1519.1,2424.7,6501.6,5229.8,1316.9,668.5
2026-09-19 02:30:00,683.7,443.8,833.8,839.2,630.6,180.4,1.0,56.8,244.3,28.8,443.7,1310.4,3511.0,5570.5,1811.8,945.7,132.1,15.0,1286.3,3113.4,460.0,850.9,4522.9,5115.3,2297.2,1273.5,3383.5,4344.9,2639.9,1710.0,1692.8,2545.1,943.1,1271.8,961.3,1747.8,1515.1,2388.8,6478.3,5181.4,1310.4,666.2
2026-09-19 02:45:00,679.8,423.3,837.2,825.1,629.0,180.5,1.1,57.8,246.0,27.0,427.8,1313.0,3503.7,5662.8,1793.4,939.2,121.6,19.3,1283.3,3101.9,461.2,857.3,4510.5,5125.3,2286.1,1273.4,3377.8,4352.2,2641.2,1698.2,1705.8,2419.9,939.8,1271.5,960.0,1747.0,1510.2,2393.0,6508.8,5117.3,1301.6,605.7
2026-09-19 03:00:00,677.9,437.4,838.4,910.8,624.5,179.7,1.0,40.6,270.0,26.0,199.0,1343.4,3710.4,5618.1,1651.4,725.5,161.3,0.0,1284.4,2885.4,466.5,864.9,4484.3,5130.0,2270.9,1262.1,3363.0,3989.4,2617.0,1702.4,1710.5,2581.5,1023.2,1303.0,963.8,1734.7,1506.4,2355.8,6552.1,5320.2,1296.4,675.5
2026-09-19 03:15:00,675.6,434.4,837.2,811.7,627.9,179.2,1.0,43.2,265.3,26.0,207.9,1344.8,3715.2,5705.7,1662.4,725.2,181.8,0.0,1279.0,2896.7,457.9,870.9,4475.5,5137.0,2262.4,1263.1,3357.9,3997.3,2615.7,1701.4,1710.7,2444.9,1023.4,1303.5,965.9,1734.7,1504.0,2301.8,6533.9,5282.3,1290.3,682.1
2026-09-19 03:30:00,673.7,432.0,840.8,809.9,629.2,178.8,1.0,44.4,270.1,26.1,211.2,1346.6,3725.1,5792.5,1669.2,716.5,182.1,0.0,1275.3,2904.8,456.7,879.6,4471.8,5144.0,2254.1,1264.0,3352.3,4009.7,2616.7,1695.8,1724.5,2395.6,1023.4,1303.9,969.9,1734.8,1501.2,2299.8,6519.7,5258.8,1288.6,622.5
2026-09-19 03:45:00,672.9,429.1,846.1,808.0,632.6,178.2,1.0,47.8,267.1,26.0,197.3,1348.3,3745.4,5866.1,1649.0,717.3,167.3,0.0,1277.6,2892.4,454.2,871.5,4534.6,5211.6,2244.9,1264.0,3350.3,4020.6,2619.0,1695.2,1724.3,2360.0,1020.7,1303.6,970.4,1735.0,1499.8,2305.8,6530.2,5255.3,1278.8,626.1
2026-09-19 04:00:00,676.6,428.1,876.5,816.5,636.9,128.5,1.0,49.9,260.8,26.0,191.3,1358.0,3663.7,5936.8,1691.7,671.0,168.7,0.1,1096.8,2864.0,458.1,879.0,4662.3,5300.7,2229.9,1245.2,3343.7,3773.5,2573.2,1719.4,1692.1,2509.5,1014.6,1188.5,968.4,1738.3,1498.0,2241.4,6404.0,5131.3,1280.3,697.2
2026-09-19 04:15:00,678.4,429.1,880.9,815.8,641.6,128.7,1.1,50.9,253.7,26.0,208.3,1358.6,4197.8,6019.6,1678.4,671.9,184.6,0.0,1082.9,2846.3,453.2,884.5,4572.0,5216.3,2226.6,1245.2,3340.3,3776.1,2569.0,1726.4,1681.5,2485.1,1013.3,1189.5,970.0,1738.4,1497.9,2236.0,6397.0,5135.7,1275.4,699.7
2026-09-19 04:30:00,680.2,429.7,884.6,814.2,647.6,128.6,1.1,49.3,248.8,26.0,203.6,1359.5,4194.6,6088.1,1643.4,681.6,185.2,0.0,1086.4,2740.5,455.7,888.3,4580.1,5223.9,2221.6,1245.1,3338.4,3772.1,2572.2,1731.2,1696.0,2452.6,1012.6,1190.7,977.2,1738.8,1497.4,2243.0,6376.5,5124.6,1271.8,703.2
2026-09-19 04:45:00,686.0,429.7,889.0,812.7,655.2,132.0,1.0,49.0,251.6,28.8,205.4,1359.6,4203.1,6151.5,1648.4,684.3,205.9,0.0,1101.2,2715.2,452.8,892.2,4495.7,5148.0,2218.6,1245.1,3336.7,3767.6,2572.6,1734.2,1696.3,2431.7,1010.6,1191.1,965.2,1738.9,1498.5,2223.6,6373.1,5114.2,1271.8,707.3
2026-09-19 05:00:00,689.9,346.3,881.9,694.5,663.2,112.6,12.0,77.2,261.6,21.0,132.4,1344.3,4130.8,6218.9,1723.3,674.8,180.4,0.9,1077.7,2718.0,438.6,898.8,4576.2,5207.3,2219.3,1255.6,3212.9,4226.6,2505.5,1697.2,1729.1,1992.8,1010.5,1391.0,968.1,1683.7,1503.4,2197.2,6381.4,5050.8,1274.1,642.8
2026-09-19 05:15:00,695.7,395.0,899.3,727.2,669.8,114.4,12.0,75.1,263.8,21.0,115.6,1343.6,4134.8,6259.0,1719.3,678.8,154.1,1.1,1078.3,2704.7,432.2,861.2,4584.5,5221.8,2223.1,1255.4,3216.7,4211.5,2508.4,1706.7,1729.4,2007.3,1009.6,1390.1,968.4,1684.4,1508.9,2190.7,6389.1,5055.7,1283.8,649.6
2026-09-19 05:30:00,699.8,399.7,907.9,738.4,674.7,114.9,12.0,73.3,265.8,21.0,131.9,1342.4,4154.2,6258.1,1677.5,686.7,171.2,1.3,1104.5,2687.1,432.9,899.9,4612.2,5234.0,2227.5,1256.2,3220.3,4194.0,2506.7,1713.8,1730.7,1987.2,1010.0,1389.7,961.5,1685.3,1515.0,2214.0,6393.5,5060.7,1286.4,657.0
2026-09-19 05:45:00,704.5,431.5,917.9,808.3,682.5,115.1,12.0,74.3,268.4,26.8,126.3,1340.6,4161.7,6290.6,1678.3,689.9,172.7,1.4,1112.2,2687.1,437.3,858.6,4626.8,5249.8,2235.3,1257.0,3229.0,4173.9,2511.5,1723.0,1731.3,2040.3,1015.1,1388.8,954.8,1685.6,1524.0,2169.9,6398.0,5088.5,1292.8,666.5
2026-09-19 06:00:00,703.3,433.6,929.9,809.6,689.5,117.6,1.0,87.9,263.3,41.7,172.8,1330.8,4112.4,6659.4,1652.7,737.5,158.2,20.0,1199.6,2808.2,439.2,913.6,4671.3,5321.2,2267.6,1261.2,3318.3,3699.1,2430.6,1707.8,1737.4,2134.8,972.8,1393.8,988.1,1741.5,1586.9,2316.3,6433.6,5121.4,1299.9,717.5
2026-09-19 06:15:00,708.4,435.3,942.9,809.7,701.3,122.5,1.0,87.9,264.7,42.7,168.5,1328.3,4115.2,6698.8,1661.7,749.5,138.4,1.7,1188.5,2884.8,442.3,916.6,4690.8,5345.8,2281.6,1261.1,3325.6,3671.4,2433.2,1719.7,1739.9,2159.1,976.9,1396.0,984.8,1741.9,1596.7,2358.2,6459.1,5158.4,1311.4,758.5
2026-09-19 06:30:00,708.4,440.2,954.9,812.5,709.7,131.7,1.0,87.8,268.9,41.7,201.7,1324.8,4119.6,6717.6,1612.0,723.9,158.4,1.7,1187.8,2821.5,442.1,915.9,4711.3,5359.3,2292.7,1261.1,3338.1,3643.9,2437.3,1736.0,1743.0,2182.4,981.8,1397.9,985.1,1742.6,1602.8,2378.8,6492.7,5176.7,1311.2,774.3
2026-09-19 06:45:00,713.8,473.2,956.1,821.6,716.1,142.9,1.0,87.8,280.2,41.7,211.8,1323.1,4115.1,6841.5,1616.6,737.2,158.4,1.7,1208.4,2878.9,445.2,915.2,4724.6,5369.9,2311.1,1260.0,3343.3,3618.1,2444.7,1745.6,1745.2,2188.0,983.3,1399.0,991.6,1743.0,1606.5,2370.0,6516.3,5186.0,1319.2,787.3
2026-09-19 07:00:00,714.9,473.1,937.8,926.7,727.1,185.1,1.0,83.1,283.9,43.7,137.1,1372.3,4237.7,6957.1,1610.3,794.6,108.4,89.5,1149.3,2921.0,449.0,939.1,4820.7,5342.1,2366.7,1289.7,3378.9,3379.5,2394.5,1792.8,1775.8,2282.3,997.8,1202.8,1004.3,1756.9,1606.6,2668.9,6568.3,5177.1,1314.4,811.6
2026-09-19 07:15:00,722.1,491.0,908.2,945.4,736.9,196.2,1.1,79.7,281.5,48.9,133.4,1378.1,4293.3,7036.0,1648.8,813.6,108.9,89.9,1248.8,2904.1,454.9,943.5,4837.3,5355.6,2396.1,1289.7,3393.4,3362.5,2406.2,1803.1,1778.7,2313.7,1003.3,1201.7,1010.4,1757.3,1609.4,2659.5,6614.4,5192.2,1325.2,831.3
2026-09-19 07:30:00,726.6,518.0,857.7,901.4,745.4,212.6,1.0,84.3,283.9,53.6,131.0,1382.0,4309.4,7115.2,1670.9,806.4,129.4,90.4,1253.5,2843.2,456.5,930.3,4855.8,5365.8,2421.9,1289.7,3414.7,3347.6,2412.9,1819.4,1782.0,2331.6,1010.1,1200.8,1018.7,1757.5,1621.1,2634.3,6636.9,5178.0,1332.8,849.8
2026-09-19 07:45:00,726.8,516.4,805.3,875.5,752.8,230.9,1.0,89.4,282.7,52.0,141.0,1386.1,4386.4,7205.2,1689.8,793.4,129.9,91.6,1272.8,2839.4,469.8,939.2,4870.9,5378.3,2453.0,1289.9,3416.8,3335.4,2427.3,1831.3,1787.8,2329.3,1018.1,1203.2,1022.3,1757.2,1623.6,2611.6,6685.8,5184.0,1340.3,855.6
2026-09-19 08:00:00,711.4,528.8,765.4,940.9,750.1,232.6,13.0,24.4,278.3,40.6,174.3,1355.8,4704.5,7249.4,1797.6,779.2,51.6,194.6,1289.8,2422.6,489.2,939.1,4914.0,5409.7,2526.5,1257.5,3410.9,3605.9,2457.8,1905.1,1802.2,1983.5,1071.9,1294.4,1016.3,1747.9,1627.8,2590.9,6805.8,5240.9,1375.2,884.7
2026-09-19 08:15:00,710.2,549.0,721.2,932.7,757.9,252.2,13.1,21.7,268.2,39.9,184.2,1370.1,4767.7,7276.4,1805.7,786.9,53.3,196.0,1271.3,2403.3,472.2,931.2,4920.7,5398.6,2561.2,1257.9,3427.0,3608.9,2469.1,1907.9,1803.2,1982.5,1079.8,1293.7,1030.2,1747.9,1639.5,2473.1,6865.6,5233.9,1389.3,904.2
2026-09-19 08:30:00,720.6,575.5,684.5,947.3,767.4,274.0,13.0,22.2,261.9,40.8,190.1,1390.4,4794.8,7325.6,1797.0,798.9,55.0,197.2,1263.9,2313.5,476.6,947.4,4923.8,5395.0,2590.7,1258.1,3449.8,3616.2,2481.4,1912.0,1820.9,1978.0,1085.2,1293.5,1031.6,1747.6,1643.7,2449.8,6922.7,5244.6,1391.0,922.5
2026-09-19 08:45:00,716.7,571.4,657.6,942.1,774.2,295.1,22.4,22.9,251.7,40.3,214.6,1409.9,5140.9,7389.5,1812.7,793.7,36.7,204.4,1267.5,2549.7,465.4,974.9,4928.5,5434.5,2623.4,1258.5,3461.4,3628.9,2493.2,1871.6,1825.8,1832.5,1092.8,1292.3,1038.4,1747.5,1648.5,2382.4,6971.7,5250.7,1404.8,927.5
2026-09-19 09:00:00,698.4,615.1,631.8,907.5,762.5,326.2,27.0,22.5,228.6,41.5,166.3,1449.9,5385.2,6928.9,1790.6,795.1,74.3,211.8,1434.9,2498.9,523.1,940.9,4951.2,5377.5,2719.9,1261.2,3562.3,3366.4,2523.5,1942.9,1827.2,2031.1,1128.2,1317.2,1051.4,1702.1,1655.3,2309.4,6993.9,5342.5,1409.9,971.7
2026-09-19 09:15:00,693.6,603.7,596.6,874.7,759.2,349.0,27.8,16.6,214.9,39.7,183.3,1478.7,5475.2,6987.5,1801.3,667.5,99.8,175.1,1471.1,2469.2,549.0,862.1,4948.5,5387.0,2747.5,1261.7,3573.6,3396.0,2527.4,1875.6,1839.8,1866.9,1131.1,1316.4,1049.0,1702.6,1653.3,2199.9,7033.3,5293.9,1474.8,974.4
2026-09-19 09:30:00,683.1,512.0,566.2,869.7,757.4,365.5,27.8,17.0,206.4,47.3,178.6,1541.6,5471.1,7091.2,1792.6,680.9,73.0,204.8,1492.8,2107.1,553.0,350.2,4963.4,5320.5,2768.5,1262.3,3589.2,3429.6,2531.7,1873.4,1846.1,1618.3,1138.0,1315.7,1056.7,1703.2,1648.1,2064.4,7075.6,5211.7,1481.3,883.5
2026-09-19 09:45:00,682.2,443.1,540.6,821.2,757.9,341.4,42.7,17.5,192.5,35.1,171.7,1599.9,5526.4,7071.4,1755.5,688.3,72.4,225.0,1676.1,1670.3,721.7,189.5,5143.9,5295.4,2800.2,1263.0,3589.2,3462.8,2537.4,1870.2,1848.1,1531.8,1139.0,1315.5,1056.2,1704.0,1635.1,2052.6,7107.6,5136.6,1496.4,822.5
2026-09-19 10:00:00,704.0,457.4,537.6,893.9,753.0,345.6,64.1,29.9,177.2,62.0,194.2,1666.4,5408.5,6899.8,1690.4,670.4,99.0,237.8,1833.1,1474.4,729.7,245.9,5184.4,5360.4,2841.1,1265.3,3789.4,3287.0,2550.6,1908.4,1854.9,1427.8,1142.7,1328.8,1039.7,1473.3,1610.9,1758.1,7199.0,5144.2,1497.1,841.9
2026-09-19 10:15:00,701.0,467.7,517.5,884.4,749.5,359.3,65.0,18.3,162.4,79.2,201.0,1706.7,5537.7,6435.0,1661.7,704.2,91.5,252.7,1842.7,1476.9,774.7,141.4,5302.5,5409.1,2848.4,1266.2,3782.3,3300.4,2552.1,1879.3,1856.3,1426.4,1142.9,1329.1,1051.0,1474.2,1594.5,1755.2,7209.4,5166.6,1506.6,852.1
2026-09-19 10:30:00,696.5,479.1,706.8,975.1,745.6,366.3,65.0,18.5,155.5,79.6,203.1,1756.8,5527.6,5922.7,1683.4,727.6,84.0,254.8,1843.4,1489.6,782.0,144.2,5311.7,5470.0,2853.3,1266.9,3783.9,3304.7,2549.4,1874.4,1859.8,1431.3,1144.2,1329.4,1047.6,1477.3,1582.0,1755.3,7230.9,5094.2,1504.9,862.4
2026-09-19 10:45:00,694.8,486.4,705.8,971.6,744.3,369.9,65.1,19.0,142.2,79.0,189.6,1775.4,5624.9,5338.0,1666.9,697.4,71.8,261.8,1876.7,1111.8,800.0,160.3,5324.9,5514.0,2856.2,1267.6,3776.0,3318.9,2553.5,1872.2,1854.5,1434.7,1145.2,1329.3,1037.5,1477.9,1571.1,1755.8,7244.9,5075.6,1516.1,872.2
2026-09-19 11:00:00,740.5,462.1,669.6,1020.4,800.0,373.9,52.6,11.9,143.5,74.8,216.2,1779.0,5506.2,4612.7,1604.9,705.3,93.7,181.3,2016.8,1290.5,830.0,152.0,5359.9,5399.4,2855.4,1268.4,3681.2,3654.7,2547.1,1819.3,1855.0,1401.6,1142.1,1258.0,1024.0,1271.0,1563.4,1779.5,7261.6,5215.6,1486.0,887.1
2026-09-19 11:15:00,740.9,465.7,669.2,1010.5,796.8,376.7,53.3,12.0,140.5,80.9,236.4,1775.8,5999.4,4673.9,1594.1,701.3,91.3,195.6,2010.0,1065.1,828.6,146.3,5361.6,5377.5,2853.4,1268.0,3674.4,3665.7,2544.6,1807.3,1853.1,1402.7,1142.5,1257.6,1026.2,1271.7,1554.7,1794.5,7287.6,5152.9,1490.8,896.3
2026-09-19 11:30:00,739.3,470.3,656.4,1055.6,795.5,378.4,54.5,12.3,182.1,49.7,238.6,1802.9,6856.1,4710.3,1588.4,697.4,88.9,203.3,2005.9,777.5,827.8,149.0,5355.4,5388.1,2844.7,1268.7,3673.1,3673.7,2541.6,1793.9,1851.5,1406.3,1142.3,1257.2,1035.4,1271.9,1547.5,1812.7,7292.7,5014.5,1490.4,903.3
2026-09-19 11:45:00,733.9,475.6,648.2,1043.9,792.1,376.7,54.8,12.6,171.7,48.2,241.7,1773.5,6931.7,4663.0,1579.7,695.2,86.5,219.4,2032.5,574.1,837.3,147.8,5347.4,5461.4,2840.1,1268.5,3668.1,3643.0,2538.4,1782.3,1852.3,1408.5,1144.0,1256.4,1032.0,1274.2,1543.8,1827.5,7303.0,4947.2,1488.3,909.5
2026-09-19 12:00:00,652.7,513.0,767.0,1023.9,785.6,377.1,30.3,20.8,148.9,46.6,148.4,1535.4,6656.6,4829.0,1665.7,604.9,100.9,179.9,2245.4,610.8,887.8,150.8,5308.8,5656.6,2824.2,1272.9,3741.7,3498.1,2582.9,1744.8,1825.5,1448.7,1135.6,1272.3,1018.3,1471.5,1389.1,1665.7,7273.5,4746.0,1487.3,859.7
2026-09-19 12:15:00,653.4,511.8,782.3,996.0,785.2,380.5,30.1,21.0,134.5,58.1,153.4,1465.7,6683.3,4863.5,1602.6,605.2,100.9,196.0,2245.7,601.9,883.5,148.3,5302.2,5655.9,2818.3,1273.0,3731.5,3477.9,2582.1,1735.0,1823.0,1453.1,1133.7,1272.8,1021.2,1475.1,1384.2,1679.7,7274.3,4757.4,1489.4,862.6
2026-09-19 12:30:00,640.5,503.2,786.4,998.4,786.5,375.5,48.1,21.1,116.6,55.1,164.4,1472.5,6649.4,4887.8,1541.2,629.9,100.9,195.8,2245.1,599.4,876.3,135.0,5303.8,5710.0,2810.3,1274.1,3738.1,3494.7,2578.0,1723.2,1821.6,1453.3,1136.0,1272.6,1027.2,1476.8,1379.7,1695.3,7271.5,4767.4,1492.2,864.3
2026-09-19 12:45:00,640.2,499.4,789.1,1007.4,789.4,372.3,47.8,21.2,107.9,50.0,145.3,1483.7,6997.4,4904.2,1502.3,637.1,100.9,195.4,2268.9,641.2,865.4,158.1,5303.1,5681.9,2801.4,1274.3,3729.6,3471.5,2573.9,1712.4,1821.9,1456.7,1133.0,1272.1,1019.9,1478.8,1371.9,1658.0,7268.8,4776.6,1493.2,867.1
2026-09-19 13:00:00,646.4,491.9,781.6,1088.8,733.7,371.1,36.8,12.1,111.1,48.4,201.6,1498.8,6964.2,4132.0,1566.4,554.1,98.3,129.8,2303.7,815.0,862.6,149.7,5270.1,5828.6,2788.8,1267.7,3740.5,3544.0,2601.7,1657.6,1803.8,1675.7,1130.9,1298.3,1008.4,1515.7,1363.1,1685.1,7394.0,4886.3,1479.5,870.7
2026-09-19 13:15:00,649.3,483.2,777.9,1071.8,736.8,375.9,37.9,12.0,104.3,54.3,191.0,1504.4,6921.1,4096.0,1516.4,552.4,98.3,143.8,2297.9,708.6,865.5,155.0,5266.1,5834.5,2784.0,1267.9,3738.3,3486.1,2599.8,1649.8,1802.2,1695.5,1133.5,1294.3,1008.4,1517.6,1357.3,1700.0,7384.5,4855.3,1472.5,874.4
2026-09-19 13:30:00,648.5,511.4,786.8,1070.0,736.4,379.3,36.3,11.8,100.2,61.6,186.0,1508.8,6909.8,4086.7,1508.9,582.0,98.3,142.8,2292.4,648.5,861.9,153.4,5269.5,5688.6,2776.7,1267.8,3739.9,3475.7,2594.5,1641.0,1802.7,1718.8,1134.1,1293.6,1017.9,1511.4,1355.2,1715.0,7382.0,4748.3,1475.9,877.1
2026-09-19 13:45:00,652.6,501.7,792.2,1082.2,736.0,389.8,36.1,11.5,97.3,63.6,177.3,1511.3,6865.8,4065.3,1496.1,589.1,98.3,149.0,2286.2,637.3,856.4,149.8,5273.9,5712.0,2774.0,1266.7,3733.4,3472.4,2593.6,1631.7,1803.7,1731.5,1132.7,1292.5,1015.2,1505.9,1355.3,1732.4,7372.8,4684.2,1463.0,833.4
2026-09-19 14:00:00,664.7,456.3,714.7,1037.9,738.8,393.3,30.0,11.4,75.3,110.7,163.4,1526.0,7125.3,4051.0,1412.3,596.6,74.2,171.0,2249.3,592.7,849.9,151.4,5366.2,5899.6,2773.8,1254.7,3750.7,3529.6,2702.8,1618.9,1801.4,1958.4,1139.2,1320.7,1008.9,1549.7,1355.9,1755.3,7339.6,4836.4,1456.8,880.8
2026-09-19 14:15:00,672.2,445.6,737.8,1065.5,740.0,383.8,21.0,11.2,76.9,110.3,157.3,1530.3,7072.5,4033.7,1411.2,607.6,74.1,151.1,2235.9,598.6,849.0,150.0,5375.5,5943.5,2774.9,1255.5,3746.0,3553.2,2703.3,1613.4,1810.1,1976.1,1139.8,1321.3,1005.2,1556.1,1357.3,1759.6,7332.0,4810.0,1455.7,878.1
2026-09-19 14:30:00,682.6,436.0,755.3,1078.3,743.2,368.7,12.2,10.9,77.1,109.3,161.4,1528.0,6896.4,4037.4,1417.8,616.0,74.1,150.1,2237.4,594.8,856.4,147.9,5395.0,5980.3,2769.8,1255.2,3747.3,3594.0,2702.2,1607.9,1798.8,1969.4,1139.2,1321.4,1002.8,1558.6,1359.2,1762.8,7322.5,4871.9,1459.4,875.3
2026-09-19 14:45:00,692.8,424.9,777.0,1108.9,746.1,349.6,8.6,10.5,67.0,124.1,156.6,1522.0,6789.9,3982.8,1431.5,637.0,74.3,149.4,2237.8,610.2,859.9,143.1,5409.6,6019.4,2775.9,1254.8,3746.8,3632.1,2703.4,1601.9,1799.3,1990.2,1140.5,1320.0,997.0,1555.6,1358.8,1765.6,7318.4,4690.4,1451.0,829.7
2026-09-19 15:00:00,691.8,414.4,753.6,1140.7,748.2,331.0,141.7,10.5,83.7,91.9,196.1,1507.4,6786.2,3952.9,1427.8,730.7,77.9,150.2,1936.2,607.1,789.5,150.0,5500.8,5957.8,2780.3,1247.5,3799.4,3291.6,2759.5,1624.2,1790.5,2021.9,1140.9,1310.8,989.3,1644.7,1362.0,1765.9,7250.0,4583.6,1440.3,830.6
2026-09-19 15:15:00,702.4,402.2,782.6,1111.5,750.9,311.8,134.6,7.9,72.8,130.3,192.4,1510.4,6663.8,3904.0,1470.8,734.7,77.9,149.7,1939.1,610.4,784.8,144.5,5522.0,6118.7,2790.4,1246.9,3782.4,3430.2,2764.3,1622.2,1794.8,2028.4,1138.4,1311.2,996.7,1648.4,1366.5,1763.2,7233.6,4582.7,1441.6,879.9
2026-09-19 15:30:00,713.6,393.8,607.8,960.1,758.1,287.6,136.2,7.4,73.6,115.0,185.8,1506.8,6355.4,3889.1,1463.9,715.4,77.9,141.8,1939.0,602.6,784.0,143.0,5542.1,6090.6,2795.0,1246.3,3797.2,3537.7,2766.0,1623.9,1780.7,2049.3,1143.7,1310.8,998.0,1649.4,1372.1,1759.2,7245.5,4760.5,1459.4,882.9
2026-09-19 15:45:00,714.4,471.6,642.3,1005.7,766.0,263.8,133.8,21.2,74.3,136.2,168.2,1747.1,6298.1,3823.0,1494.5,673.0,77.9,140.1,1901.5,594.6,762.8,159.4,5460.6,6097.0,2807.2,1245.7,3793.6,3536.1,2774.7,1622.1,1785.2,2059.7,1141.4,1310.4,1004.6,1654.1,1378.7,1755.4,7283.2,4820.1,1466.1,881.7
2026-09-19 16:00:00,741.5,482.3,666.1,981.4,773.7,457.4,197.4,21.4,100.0,85.1,277.3,1637.5,5527.1,5770.4,1475.7,702.8,27.5,220.0,1914.1,715.9,638.5,170.8,5652.9,6017.4,2825.1,1255.1,3765.2,3586.4,2798.4,1641.7,1762.5,2167.9,1153.4,1316.9,1016.9,1705.2,1397.4,1798.4,7319.6,4871.9,1489.3,924.0
2026-09-19 16:15:00,750.9,449.1,705.1,960.5,780.2,465.3,174.7,20.8,85.3,93.9,274.6,1687.7,5473.6,6160.1,1526.5,707.1,0.0,239.9,1920.4,1328.4,591.8,281.2,5457.9,5919.4,2841.6,1254.4,3771.9,3587.5,2801.5,1644.8,1753.1,2383.2,1154.0,1318.2,1020.0,1712.8,1408.1,1787.0,7334.0,5152.5,1506.9,922.9
2026-09-19 16:30:00,765.9,437.9,746.5,925.8,790.5,447.7,168.8,20.3,84.6,84.9,273.1,1729.2,5435.2,6621.9,1532.9,693.0,0.0,236.6,1914.3,1660.6,545.8,373.0,5442.3,5975.8,2848.4,1253.7,3781.5,3585.8,2801.8,1646.7,1752.5,2449.2,1152.7,1318.9,1021.2,1715.5,1420.3,1772.4,7353.3,5453.0,1523.7,921.8
2026-09-19 16:45:00,775.3,559.8,804.4,973.6,794.3,429.5,168.8,29.5,103.0,80.8,271.3,1704.1,5395.1,7194.1,1581.3,675.2,0.0,215.6,1917.5,1656.4,547.0,387.5,5329.9,5835.8,2864.2,1253.0,3778.9,3583.7,2816.9,1650.8,1759.8,2569.9,1153.3,1321.8,1027.3,1718.3,1438.0,1770.1,7394.0,5528.6,1539.1,1026.7
2026-09-19 17:00:00,789.8,559.0,927.6,906.2,796.0,458.8,20.2,88.0,109.6,63.2,192.1,1631.5,5627.4,7087.3,1935.1,911.8,59.7,76.5,1832.0,1892.8,572.6,413.4,5415.9,5767.2,2884.3,1261.9,3734.4,2912.0,2824.0,1683.6,1717.6,2893.5,1194.7,1235.6,1037.4,1784.4,1461.1,2001.6,7510.0,5539.7,1525.5,986.8
2026-09-19 17:15:00,796.8,555.6,1001.5,885.9,803.7,440.9,3.1,87.5,135.1,58.1,180.4,1652.7,5488.3,7244.5,2041.5,892.9,62.6,76.5,1736.5,1860.3,562.3,602.5,5440.6,5751.6,2899.2,1261.3,3736.3,2909.7,2813.5,1688.2,1717.7,2940.8,1199.1,1235.6,1058.2,1787.6,1475.4,2069.1,7517.8,5677.9,1533.0,1056.8
2026-09-19 17:30:00,808.3,553.1,1057.0,933.7,811.8,424.6,2.5,86.9,172.6,54.8,186.5,1590.7,5435.2,7225.0,2109.5,891.0,81.3,76.4,1604.2,2664.9,571.1,988.4,5464.3,5767.5,2914.6,1260.7,3683.0,3048.7,2816.4,1702.1,1718.3,2970.6,1202.2,1235.4,1054.7,1790.6,1485.6,2178.5,7545.7,5808.0,1541.7,1139.1
2026-09-19 17:45:00,820.8,554.2,1102.1,971.1,814.3,445.5,3.1,108.4,196.9,51.4,225.9,1558.2,5073.9,7110.3,2176.6,1025.1,84.1,76.3,1591.1,2871.5,552.2,993.0,5469.6,5773.1,2922.3,1260.8,3676.9,3045.8,2819.7,1835.8,1720.2,3004.3,1203.5,1235.2,1066.5,1793.5,1439.8,2495.8,7584.9,5918.2,1542.6,1143.4
2026-09-19 18:00:00,825.1,560.4,1130.5,1003.1,821.6,536.4,3.8,116.7,238.0,45.5,456.0,1438.4,5262.9,6998.5,2253.0,1188.5,132.5,20.0,1668.2,3770.7,562.7,1039.2,5548.1,5840.6,2933.2,1319.0,3753.4,3701.9,2870.5,1866.5,1733.5,3044.1,1104.2,1415.8,1074.0,1857.3,1445.6,2834.7,7678.7,5943.7,1561.6,1155.2
2026-09-19 18:15:00,833.1,565.3,1156.0,1035.0,829.2,541.5,1.0,118.1,238.6,42.7,428.5,1401.6,4552.4,6823.4,2272.1,1175.2,107.3,20.0,1473.9,3836.4,558.6,1041.8,5549.0,5845.7,2942.0,1318.8,3744.3,3696.2,2866.8,2087.3,1730.6,3086.6,1102.7,1431.7,1062.1,1861.4,1449.1,3038.5,7690.4,6075.5,1552.9,1163.4
2026-09-19 18:30:00,841.9,571.2,1179.7,1073.2,831.9,539.7,1.1,138.4,259.2,52.0,439.3,1353.0,4551.9,7699.5,2245.1,1171.2,126.9,20.1,1472.5,3832.5,561.7,1024.2,5548.4,5876.3,2946.2,1318.5,3745.6,3690.1,2865.6,2214.0,1732.0,3093.3,1104.3,1449.3,1063.5,1866.0,1451.0,3179.2,7675.3,6056.6,1555.1,1170.1
2026-09-19 18:45:00,851.2,577.0,1196.8,1110.4,827.1,539.0,1.1,136.1,275.6,106.5,440.6,1323.1,3699.7,7236.4,2240.9,1190.4,146.6,20.0,1479.6,3822.5,565.0,1010.4,5546.9,5904.6,2950.4,1314.6,3741.3,3683.1,2866.5,2257.4,1734.1,3078.9,1100.6,1479.6,1058.3,1870.8,1451.1,3205.0,7680.6,6064.7,1555.8,1174.6
2026-09-19 19:00:00,854.1,582.8,1222.4,1106.6,839.3,506.1,1.0,83.9,309.3,39.4,442.7,1307.9,3764.0,7073.2,2228.9,1430.8,140.9,35.0,1543.9,3951.5,554.3,1033.9,5553.5,5929.8,2947.6,1411.4,3915.2,4307.9,2765.7,2149.6,1739.9,3114.0,1056.7,1474.1,1055.7,1872.6,1451.6,3224.3,7676.4,6096.0,1566.1,1199.7
2026-09-19 19:15:00,860.5,588.2,1225.8,1176.6,843.3,506.4,1.0,105.9,311.6,128.3,438.7,1316.1,3540.1,7398.5,2213.9,1473.3,140.0,35.0,1523.2,4019.6,551.5,1029.6,5548.4,5963.2,2953.6,1411.4,3912.9,4294.5,2766.9,2157.4,1747.6,3075.5,1055.0,1511.6,1055.3,1875.6,1456.3,3171.0,7699.9,6063.4,1567.1,1201.9
2026-09-19 19:30:00,858.5,593.4,1224.8,1186.5,846.1,507.3,1.0,104.3,313.0,125.2,443.2,1299.3,3543.5,7535.7,2172.2,1484.4,139.3,35.0,1501.3,3988.7,567.6,1019.6,5538.7,6057.9,2949.4,1410.3,3913.4,4285.7,2754.6,2147.1,1755.4,3021.8,1055.5,1571.7,1044.1,1877.1,1462.9,3097.1,7712.2,6066.2,1574.1,1205.9
2026-09-19 19:45:00,849.6,598.6,1223.9,1215.3,838.9,508.7,1.0,106.0,307.8,130.5,454.9,1287.3,3505.4,7626.5,2150.6,1528.4,139.3,35.0,1494.6,3977.2,541.4,1021.7,5520.8,6101.1,2948.8,1410.4,3905.9,4269.3,2760.3,2142.9,1747.5,2987.8,1051.6,1551.2,1039.7,1876.7,1470.0,2963.4,7694.0,6057.0,1574.9,1210.5
2026-09-19 20:00:00,847.4,603.3,1189.7,1174.9,827.8,460.3,1.0,117.6,315.8,102.2,534.7,1296.3,3619.4,7852.9,1992.6,1469.7,0.0,139.2,1467.1,4015.7,506.3,1065.6,5319.7,6164.6,2937.3,1408.4,4008.9,4106.6,2704.6,2094.0,1755.3,2841.8,1043.7,1635.0,1032.9,1847.3,1470.6,2834.0,7611.9,5877.8,1559.0,1216.9
2026-09-19 20:15:00,835.7,604.5,1163.3,1099.1,818.3,419.3,1.0,102.7,318.5,100.3,550.4,1296.7,3579.5,7532.8,1963.5,1447.2,0.0,139.4,1462.8,4004.4,500.1,1073.0,5281.3,6229.7,2930.4,1408.4,3998.6,4090.2,2703.0,2093.4,1752.7,2827.2,1040.3,1616.8,1024.7,1843.7,1483.0,2786.3,7575.3,5866.1,1539.1,1218.9
2026-09-19 20:30:00,820.9,609.4,1128.5,1128.5,823.8,419.5,1.0,100.6,325.3,100.3,551.6,1297.8,3574.3,7570.0,1964.9,1398.5,0.0,137.7,1459.4,3993.2,497.8,1076.7,5245.3,6233.3,2916.4,1408.4,3998.6,4085.5,2713.1,2081.2,1754.6,2836.8,1038.2,1615.4,1018.0,1839.7,1518.9,2692.0,7524.8,5856.9,1523.6,1214.2
2026-09-19 20:45:00,819.6,614.6,1095.6,1062.2,812.6,419.9,1.0,98.1,326.1,94.9,551.6,1297.5,3857.7,7448.8,1947.6,1387.4,0.0,147.9,1455.8,3980.9,489.8,1078.6,5186.9,6293.6,2907.4,1408.4,3987.4,4076.8,2708.4,2082.3,1752.8,2818.0,1034.4,1639.9,1010.5,1835.7,1529.2,2615.3,7472.6,5848.7,1510.2,1214.3
2026-09-19 21:00:00,807.9,580.9,1042.5,952.8,797.3,370.5,2.0,43.1,307.5,95.2,520.7,1295.0,3636.3,7672.1,1923.2,1406.3,104.9,47.2,1366.4,3786.2,493.2,1095.8,5178.4,6355.8,2866.9,1407.7,4437.8,4027.2,2631.8,2096.7,1746.3,2666.2,1093.1,1680.3,1005.9,1730.2,1516.7,2628.9,7348.5,5847.9,1473.2,1220.3
2026-09-19 21:15:00,795.0,546.6,1016.2,910.2,779.5,374.6,2.0,39.5,307.8,84.0,517.4,1271.6,4176.3,7266.3,1917.1,1378.9,104.5,46.3,1362.5,3780.5,484.3,1108.6,5198.6,6402.5,2851.4,1408.4,4417.5,4017.1,2626.0,2114.6,1744.9,2607.7,1072.4,1765.9,998.2,1726.4,1508.7,2592.2,7281.6,5811.0,1451.6,1215.3
2026-09-19 21:30:00,780.5,482.5,992.5,901.7,766.2,375.1,2.0,37.6,312.6,14.1,510.1,1275.8,4517.1,7382.4,1940.7,1378.6,84.0,75.7,1357.9,3779.4,483.4,1116.4,5183.7,6455.5,2835.6,1408.4,4404.2,4007.0,2626.3,2124.8,1744.2,2575.9,1069.9,1757.8,993.0,1721.3,1500.5,2461.6,7216.0,5805.6,1434.8,1210.3
2026-09-19 21:45:00,766.1,463.2,965.9,882.5,750.0,375.5,2.0,37.3,324.6,14.1,508.9,1285.7,4603.6,7807.0,1950.0,1338.2,83.6,93.0,1398.9,3720.0,494.6,1079.4,5151.4,6391.2,2816.3,1408.4,4396.3,3988.6,2609.5,2137.1,1740.4,2565.6,1076.4,1524.6,993.5,1717.3,1493.3,2403.9,7151.2,5797.6,1423.2,1206.7
2026-09-19 22:00:00,758.9,464.8,953.2,896.3,733.4,376.1,12.0,50.2,324.6,16.0,532.2,1278.5,4329.5,7242.1,2105.1,1354.7,32.1,124.3,1322.3,3621.7,492.2,1060.8,5003.3,6449.9,2775.3,1387.9,4280.9,4150.7,2470.5,2029.7,1768.1,2500.2,1048.2,1499.0,996.3,1669.4,1480.2,2238.8,7066.4,5780.6,1416.2,1173.2
2026-09-19 22:15:00,746.1,465.8,924.9,904.1,720.2,376.7,12.0,52.7,322.6,16.0,523.0,1284.5,4430.3,6942.1,2073.4,1354.4,32.1,104.0,1318.4,3607.2,485.2,1058.1,5031.4,6435.3,2751.5,1384.4,4249.0,4144.1,2475.2,2065.5,1780.2,2458.7,1043.0,1511.8,993.9,1663.8,1472.8,2212.8,6999.6,5770.3,1401.2,1161.8
2026-09-19 22:30:00,732.8,452.8,905.6,814.4,705.6,377.4,12.0,51.2,314.4,16.0,517.8,1274.7,4519.2,6900.4,2093.6,1352.0,32.1,124.3,1314.4,3623.0,480.0,1064.7,5195.6,6617.1,2730.9,1387.9,4230.2,4139.1,2465.2,2067.1,1776.1,2448.3,1037.6,1511.4,989.8,1658.5,1463.9,2233.8,6942.0,5708.4,1389.5,1063.7
2026-09-19 22:45:00,730.2,345.1,885.8,802.7,692.9,378.0,12.0,49.0,300.9,16.0,517.3,1285.4,4685.1,6922.5,2055.6,1360.1,32.1,124.8,1311.2,3613.3,478.0,1068.7,5158.3,6656.2,2710.2,1388.0,4224.2,4134.9,2462.5,2072.5,1774.1,2435.3,1031.8,1506.2,994.7,1655.7,1454.5,2255.3,6903.4,5640.3,1371.9,1048.0
2026-09-19 23:00:00,724.6,346.3,837.9,799.5,678.9,378.5,12.0,40.7,272.7,26.0,536.4,1274.0,4515.9,6683.9,2183.2,1375.7,25.6,95.3,1240.1,2886.8,489.1,1039.9,5162.8,6648.8,2651.7,1388.1,3904.0,4087.2,2424.8,2101.0,1748.7,2315.0,1000.6,1504.5,996.5,1635.3,1445.2,2190.1,6819.4,5628.4,1393.9,1015.0
2026-09-19 23:15:00,711.2,346.5,825.6,784.1,667.3,378.6,12.0,39.2,270.1,26.0,531.3,1276.0,4541.0,6575.6,2155.9,1361.1,25.6,94.3,1251.8,2887.7,470.8,1036.6,5117.6,6576.7,2626.8,1388.2,3885.1,4087.6,2420.1,2107.8,1743.4,2301.9,993.6,1505.7,987.0,1635.1,1435.1,2214.1,6768.5,5613.9,1377.3,897.7
2026-09-19 23:30:00,699.4,346.8,812.5,783.3,655.7,378.4,12.0,40.5,263.9,26.0,537.6,1275.6,4561.0,6578.6,2173.5,1349.9,25.6,93.6,1250.7,3019.1,471.3,1033.4,5078.1,6487.8,2605.3,1388.2,3878.2,4090.6,2410.5,2107.7,1740.9,2287.7,988.5,1504.9,985.9,1637.2,1422.8,2208.8,6709.6,5531.6,1367.8,880.4
2026-09-19 23:45:00,687.8,305.6,812.9,763.6,647.9,378.2,12.0,41.5,254.9,26.0,527.3,1277.5,4574.6,6531.9,2163.2,1337.4,25.6,93.3,1247.7,2989.2,467.3,1018.6,5041.0,6395.1,2579.0,1388.2,3859.0,4094.9,2411.8,2107.4,1742.2,2296.8,981.6,1504.6,986.6,1638.6,1407.7,2231.2,6651.2,5531.5,1357.5,861.5
2026-09-20 00:00:00,684.1,153.1,807.9,830.5,616.9,354.5,31.1,85.3,282.1,18.0,304.9,1325.1,2953.3,7955.3,1989.3,1009.7,87.0,150.8,1368.3,3002.6,485.6,907.1,4994.3,5910.8,2516.5,1311.5,3580.3,4294.2,2379.5,2181.6,1737.4,1520.5,932.4,1509.7,968.6,1431.8,1431.9,2654.0,6485.3,5341.0,1241.7,891.8
2026-09-20 00:15:00,677.5,149.5,800.7,848.4,610.2,361.9,31.1,83.7,287.2,18.0,297.1,1328.6,2946.5,7999.5,1969.9,1007.5,84.6,172.3,1366.6,2991.5,497.2,902.6,4973.2,5757.0,2493.6,1311.4,3565.4,4306.0,2374.2,2175.4,1732.2,1469.5,931.6,1480.4,960.5,1398.8,1441.6,2798.9,6460.5,5322.4,1237.2,875.5
2026-09-20 00:30:00,672.2,144.2,798.8,783.4,603.3,361.9,31.0,83.8,287.5,18.0,279.3,1334.5,2941.8,7945.1,1941.2,957.9,84.9,151.6,1368.7,2976.8,489.8,896.8,4946.8,5749.8,2475.3,1311.3,3556.0,4320.0,2367.1,2167.7,1728.9,1469.6,928.6,1460.0,957.3,1400.9,1451.4,2822.1,6437.9,5328.9,1234.3,860.1
2026-09-20 00:45:00,668.3,139.3,796.8,849.4,599.1,362.3,31.0,87.0,286.9,18.0,242.7,1337.3,2952.9,7925.1,1925.9,944.1,85.0,161.1,1368.1,2975.0,485.6,891.8,4985.7,5660.6,2446.1,1311.4,3544.0,4335.8,2358.3,2154.8,1728.5,1397.9,926.4,1451.4,948.7,1395.4,1460.1,2842.6,6410.6,5324.5,1225.5,848.1
2026-09-20 01:00:00,669.6,130.6,768.2,854.9,596.1,358.5,46.0,84.4,282.3,23.0,232.6,1327.2,2974.0,8001.5,1858.2,990.7,53.6,148.1,1347.5,2954.2,495.7,863.6,4958.7,5534.8,2400.6,1355.4,3590.4,4571.6,2342.9,2130.5,1708.3,1281.1,927.9,1531.3,936.2,1283.3,1451.3,2888.1,6364.0,5294.6,1222.9,791.2
2026-09-20 01:15:00,666.5,133.5,768.7,839.0,594.7,358.6,46.0,83.1,284.8,23.0,227.8,1322.3,2948.3,7948.1,1872.0,950.6,53.8,167.8,1345.0,2950.7,488.5,862.9,4954.2,5550.2,2381.7,1356.4,3574.0,4588.8,2340.1,2145.0,1705.5,1301.6,926.2,1522.3,930.9,1304.5,1452.8,2891.8,6339.5,5289.1,1219.3,776.2
2026-09-20 01:30:00,662.8,131.8,760.3,821.7,594.9,356.4,46.0,82.2,287.8,23.0,225.8,1324.3,2934.9,7869.9,1844.2,970.7,53.8,167.6,1346.7,2945.3,489.9,842.7,4962.9,5512.9,2363.4,1356.5,3569.8,4607.1,2337.3,2131.4,1704.4,1289.5,925.1,1511.6,934.8,1331.2,1456.6,2910.5,6301.7,5288.9,1217.7,760.7
2026-09-20 01:45:00,661.4,126.4,768.0,737.7,594.8,358.6,46.0,82.5,286.3,23.0,196.8,1327.1,2939.0,7843.2,1853.4,911.3,53.8,167.4,1344.2,2945.8,485.8,831.5,4954.1,5446.2,2344.7,1356.2,3562.9,4622.5,2335.9,2115.1,1709.4,1254.2,921.9,1500.0,937.6,1363.4,1459.5,2923.4,6280.7,5281.7,1212.2,743.4
2026-09-20 02:00:00,667.0,132.0,766.7,745.5,592.4,358.2,45.0,72.7,282.0,21.0,228.2,1341.0,2941.4,7902.2,1916.1,865.6,51.8,141.1,1293.7,2738.7,479.5,815.3,4951.7,5396.1,2320.9,1348.6,3498.2,4400.7,2325.1,2061.3,1691.0,1254.5,894.0,1512.9,930.7,1365.1,1432.6,2882.0,6250.9,5261.5,1207.9,719.4
2026-09-20 02:15:00,666.0,132.0,762.4,744.7,591.1,357.8,45.0,72.6,276.6,21.0,214.3,1344.0,3380.3,7873.7,1916.8,860.0,51.8,140.8,1291.7,2878.9,474.0,804.4,4941.5,5408.0,2309.3,1348.7,3490.9,4413.3,2323.3,2063.3,1689.1,1268.6,890.5,1512.8,936.5,1407.5,1432.2,2885.2,6232.0,5256.5,1204.9,710.3
2026-09-20 02:30:00,664.9,134.9,761.7,746.6,591.0,357.2,45.0,72.7,276.4,21.0,216.4,1348.5,3628.5,7866.3,1908.9,847.5,51.7,140.5,1290.3,2880.3,474.9,795.1,4933.1,5376.1,2297.9,1348.6,3486.2,4423.8,2321.6,2058.8,1690.4,1276.6,890.5,1512.0,929.9,1454.1,1426.2,2884.0,6213.5,5251.9,1204.1,696.6
2026-09-20 02:45:00,662.7,127.7,759.6,745.5,590.0,356.6,45.0,72.6,280.1,21.0,192.8,1350.7,3629.4,7870.3,1889.1,843.8,51.0,140.3,1288.6,2735.6,470.3,784.1,4918.7,5283.7,2289.3,1348.6,3483.2,4435.6,2320.7,2050.1,1689.3,1264.3,888.0,1511.2,931.9,1504.7,1420.4,2884.1,6195.3,5243.3,1203.3,682.1
2026-09-20 03:00:00,661.6,127.6,782.5,735.2,590.9,356.6,45.0,52.3,277.9,18.0,231.6,1360.5,3724.2,7910.9,1726.7,635.1,64.5,138.9,1261.2,2785.0,459.8,772.5,4996.8,5432.1,2265.0,1351.0,3507.0,4344.5,2323.8,2016.7,1683.7,1284.4,961.4,1553.2,931.7,1483.2,1396.8,2855.3,6188.0,5224.0,1209.7,673.0
2026-09-20 03:15:00,657.6,129.6,780.1,727.2,592.6,356.5,45.0,52.3,267.7,18.0,216.3,1361.9,3702.9,7895.8,1726.8,632.9,64.5,119.0,1258.1,2765.2,444.8,773.3,4983.6,5385.1,2258.9,1350.9,3507.7,4351.4,2323.4,2008.2,1685.3,1276.5,960.9,1552.9,927.5,1532.6,1395.7,2844.3,6172.5,5220.9,1211.2,666.1
2026-09-20 03:30:00,657.2,127.2,780.3,711.4,591.3,356.6,45.0,52.3,272.7,18.0,204.1,1363.7,3697.5,7883.2,1742.1,620.5,64.4,139.2,1254.7,2819.9,460.4,755.3,4974.6,5347.2,2254.4,1350.8,3499.0,4353.5,2322.5,2002.3,1683.7,1281.4,961.0,1551.2,937.6,1574.6,1396.6,2831.6,6158.4,5216.6,1210.0,660.9
2026-09-20 03:45:00,656.9,129.9,782.1,708.2,593.0,356.5,45.1,52.3,274.2,18.0,182.7,1364.5,3725.6,7873.8,1750.0,617.7,64.1,119.4,1253.2,2767.9,460.5,746.7,4968.5,5349.7,2249.3,1350.9,3499.2,4355.4,2322.1,1993.8,1683.4,1265.1,959.5,1550.8,937.5,1609.6,1393.8,2818.0,6138.7,5219.7,1216.1,654.2
2026-09-20 04:00:00,658.4,129.4,785.9,718.7,596.7,250.3,45.0,52.3,275.1,11.0,195.1,1374.2,3608.4,7869.9,1741.3,548.4,8.0,148.0,1131.4,2857.1,460.6,737.6,5034.8,5281.6,2242.1,1339.9,3404.3,4178.2,2361.5,1929.3,1689.0,1254.5,956.6,1550.1,932.5,1612.7,1378.2,2766.8,6124.5,5189.8,1217.5,644.5
2026-09-20 04:15:00,659.1,128.1,790.5,694.9,596.7,250.0,45.0,52.3,247.3,11.8,185.0,1374.8,3620.2,7854.6,1735.8,547.4,8.4,148.1,1130.9,2863.3,460.2,729.4,5034.3,5253.0,2239.1,1339.8,3402.4,4179.1,2362.4,1919.4,1689.2,1249.6,958.8,1549.5,931.9,1636.3,1374.9,2740.7,6108.1,5158.3,1217.0,643.9
2026-09-20 04:30:00,655.4,124.4,794.9,694.5,599.8,251.9,45.0,52.3,267.1,11.0,170.4,1375.4,3636.6,7823.3,1712.2,499.2,8.6,148.2,1130.6,2876.5,460.0,721.5,5036.0,5268.6,2236.7,1338.9,3399.4,4182.5,2361.8,1910.8,1690.2,1245.5,957.3,1549.1,936.4,1656.7,1375.0,2728.0,6099.9,5163.0,1215.9,644.0
2026-09-20 04:45:00,660.2,129.2,796.3,707.6,605.7,253.2,45.0,52.3,256.9,11.0,163.3,1375.7,3634.1,7805.8,1711.5,463.8,18.9,148.3,1130.7,2883.7,460.7,713.5,5038.6,5276.7,2231.2,1338.8,3400.8,4184.3,2363.1,1901.9,1692.0,1244.9,957.9,1547.9,935.1,1673.9,1376.5,2706.1,6099.3,5159.1,1215.7,647.4
2026-09-20 05:00:00,680.9,133.9,799.7,703.4,612.6,162.7,42.0,44.0,264.4,11.0,149.0,1368.3,3637.0,7795.9,1701.9,529.9,0.0,149.5,1130.6,2886.1,469.9,639.2,4966.4,5310.0,2232.3,1349.3,3401.3,4419.9,2380.2,1852.4,1689.6,1268.3,960.8,1549.9,944.4,1704.3,1386.2,2624.5,6138.2,5122.1,1226.0,646.1
2026-09-20 05:15:00,676.8,141.8,807.6,703.5,617.9,162.5,42.0,44.0,266.1,11.0,152.4,1367.6,3621.8,7772.6,1702.1,527.2,0.0,149.6,1130.2,2909.0,466.9,637.2,4969.4,5353.2,2235.6,1349.4,3401.9,4423.4,2381.3,1856.4,1691.5,1273.1,961.4,1548.6,937.9,1714.7,1389.7,2603.2,6144.2,5126.8,1228.5,642.1
2026-09-20 05:30:00,684.2,145.2,806.8,700.9,622.1,162.2,42.0,44.0,273.6,11.0,165.3,1366.5,3624.2,7737.9,1666.2,521.4,0.0,149.8,1134.2,2908.0,469.9,616.1,4974.6,5453.5,2240.1,1349.3,3405.9,4427.0,2382.0,1845.2,1691.3,1268.9,960.6,1547.8,935.6,1722.0,1392.7,2580.9,6160.4,5115.3,1234.3,638.9
2026-09-20 05:45:00,690.2,148.2,812.9,703.3,627.3,161.6,42.0,44.0,272.8,11.0,181.6,1364.9,3623.5,7708.8,1661.8,534.8,0.0,129.9,1136.6,2927.8,470.5,658.8,4982.8,5477.9,2244.5,1349.3,3409.7,4430.3,2383.8,1841.6,1690.5,1271.5,961.2,1546.7,941.1,1727.9,1401.2,2565.4,6179.1,5106.6,1238.3,635.9
2026-09-20 06:00:00,695.6,129.6,801.4,704.1,636.0,161.4,40.0,78.0,268.8,16.0,210.7,1354.1,3191.2,7954.8,1680.3,512.3,0.0,183.4,1148.9,2856.8,473.2,537.7,5023.5,5496.5,2257.9,1349.5,3380.3,4563.8,2403.0,1788.6,1703.9,1229.6,949.6,1545.6,948.2,1786.2,1408.6,2468.9,6237.8,5058.6,1248.5,624.0
2026-09-20 06:15:00,690.1,124.1,814.9,692.7,649.8,164.0,40.0,78.0,270.4,16.0,223.4,1352.5,3193.8,7942.8,1682.8,513.9,0.0,182.1,1158.2,2849.7,474.8,602.1,5043.1,5525.4,2276.6,1349.4,3386.1,4524.2,2405.2,1779.8,1704.4,1221.9,949.7,1545.1,953.0,1780.2,1409.4,2444.9,6253.9,5059.4,1251.4,625.6
2026-09-20 06:30:00,695.7,129.7,827.1,698.9,660.7,169.2,40.0,77.9,264.3,16.0,224.3,1349.0,2879.3,7944.1,1641.9,522.5,0.0,182.6,1156.7,2870.9,478.9,583.5,5055.5,5645.1,2284.8,1349.3,3391.0,4562.9,2405.4,1775.4,1704.3,1250.4,950.8,1544.1,950.6,1767.7,1412.7,2414.4,6276.3,5066.4,1254.2,626.1
2026-09-20 06:45:00,704.3,138.3,843.8,722.1,668.5,174.5,40.0,78.1,263.2,16.0,245.7,1348.0,2882.6,7933.5,1638.1,526.7,0.0,163.4,1161.9,2922.0,478.6,550.1,5041.9,5700.5,2302.3,1350.4,3400.2,4559.5,2407.6,1786.4,1705.8,1257.3,953.6,1542.0,956.2,1747.6,1411.5,2383.8,6293.5,5062.2,1260.9,624.9
2026-09-20 07:00:00,703.1,137.1,849.5,844.3,680.3,141.7,23.1,45.6,277.6,16.0,172.9,1401.8,2968.9,7879.6,1648.2,515.5,15.0,205.3,1243.9,3052.4,475.7,705.6,4969.8,5757.3,2315.9,1349.1,3414.3,4506.4,2439.7,1808.3,1724.8,1328.0,959.6,1384.3,961.1,1725.7,1419.6,2277.1,6308.7,5102.9,1256.5,621.2
2026-09-20 07:15:00,717.6,151.6,855.4,847.8,692.5,145.6,24.2,46.2,275.2,16.0,171.8,1407.5,3021.2,7927.4,1680.4,520.9,15.0,202.8,1270.6,3068.8,475.9,721.2,4961.4,5839.2,2337.9,1348.1,3427.6,4504.5,2446.6,1803.5,1726.6,1363.0,961.2,1382.1,969.3,1701.4,1419.3,2238.2,6340.6,5110.5,1265.6,627.2
2026-09-20 07:30:00,724.9,158.9,855.8,851.9,703.3,155.7,22.2,46.7,271.3,16.5,176.9,1407.1,3022.3,7969.3,1674.8,550.2,15.0,204.3,1270.9,3081.6,464.9,718.2,4984.2,5861.1,2359.0,1348.1,3442.5,4501.5,2450.1,1789.7,1730.2,1300.8,967.8,1380.7,979.5,1678.5,1431.2,2194.5,6359.1,5114.6,1268.6,633.1
2026-09-20 07:45:00,730.2,237.1,851.4,859.4,714.4,166.1,28.6,47.3,275.9,16.2,198.7,1408.7,3077.6,8024.1,1700.9,532.5,15.0,190.1,1271.8,3114.9,452.1,732.4,5126.6,6124.0,2386.0,1348.0,3448.8,4500.5,2455.5,1786.2,1738.2,1373.8,970.0,1379.6,975.7,1658.9,1439.7,2150.9,6387.9,5123.0,1280.6,635.3
2026-09-20 08:00:00,726.4,280.1,877.8,864.9,727.8,176.6,50.6,17.6,269.2,16.3,208.2,1370.9,3151.1,8157.7,1849.5,574.4,30.0,254.1,1339.7,2386.3,499.6,747.2,5104.1,6125.0,2430.0,1314.1,3530.7,4099.7,2493.5,1779.8,1749.7,1571.1,1020.0,1345.1,978.1,1842.5,1470.1,2088.0,6468.0,5196.2,1281.7,649.6
2026-09-20 08:15:00,728.2,315.1,870.6,867.9,739.9,191.1,50.0,14.9,266.3,16.4,218.4,1381.8,4057.8,8263.1,1840.8,587.3,30.0,234.9,1351.3,2425.0,461.4,767.5,5110.9,6461.9,2454.3,1314.8,3546.5,4098.0,2505.2,1793.2,1736.7,1740.2,1024.1,1344.3,979.3,1822.9,1474.3,2128.7,6502.1,5205.7,1284.8,751.4
2026-09-20 08:30:00,745.7,327.4,854.3,870.8,749.0,207.5,50.0,16.0,262.7,19.8,211.3,1401.1,4070.3,8384.2,1803.1,603.0,30.1,234.7,1345.9,2446.3,457.4,783.5,5126.4,6415.1,2483.0,1314.8,3565.3,4095.2,2510.8,1783.5,1752.4,1609.1,1029.0,1343.8,982.5,1804.9,1476.9,2097.8,6530.9,5222.2,1288.0,768.3
2026-09-20 08:45:00,745.7,335.7,846.8,891.9,757.4,224.3,71.4,17.0,258.5,23.5,191.5,1418.1,4968.0,8766.0,1780.0,537.4,30.0,265.5,1364.0,2294.1,463.6,786.4,5141.9,6354.2,2504.4,1314.2,3573.4,4092.1,2520.5,1785.0,1754.0,1474.5,1034.0,1341.2,978.0,1787.2,1479.8,2045.9,6568.9,5246.8,1294.2,701.6
2026-09-20 09:00:00,743.5,348.3,838.3,898.1,768.5,234.4,209.5,8.3,251.7,16.4,294.6,1427.2,5079.8,8695.0,1738.2,615.0,30.0,307.8,1638.0,2222.4,474.0,759.6,5188.3,6329.1,2563.0,1237.6,3705.4,3679.2,2547.4,1752.8,1772.1,1521.3,1050.8,1245.5,1002.6,1708.0,1482.8,1900.9,6613.3,5354.1,1286.3,832.2
2026-09-20 09:15:00,752.5,358.7,828.5,858.0,768.9,249.2,217.4,9.2,241.9,19.9,273.8,1455.6,5148.3,8715.3,1715.5,636.7,30.1,267.9,1703.3,2072.4,499.1,408.6,5205.2,6289.6,2587.3,1238.0,3790.4,3535.6,2554.7,1754.2,1774.3,1456.1,1055.0,1244.0,999.7,1683.7,1475.2,1829.7,6633.7,5386.8,1287.6,828.0
2026-09-20 09:30:00,734.1,337.9,1262.2,854.8,775.0,262.7,217.4,9.8,227.4,24.6,270.7,1503.3,5133.8,8630.3,1661.4,681.4,30.1,277.4,1719.0,1563.0,590.5,218.0,5252.3,5948.4,2606.6,1237.6,3795.2,3492.3,2561.8,1764.5,1773.8,1328.6,1058.4,1243.4,999.7,1657.1,1467.4,1730.3,6655.9,5356.0,1277.8,787.0
2026-09-20 09:45:00,726.6,176.8,1269.2,804.5,778.9,273.6,215.4,10.3,204.4,30.2,263.1,1549.7,5183.0,8608.1,1617.4,705.2,30.0,276.2,1836.0,1489.5,630.0,117.4,5262.1,5733.1,2630.6,1238.3,3814.1,3195.8,2568.8,1766.3,1773.3,1310.5,1061.3,1241.9,1005.0,1608.5,1462.4,1667.2,6671.5,5374.2,1279.8,811.2
2026-09-20 10:00:00,723.8,168.6,1276.8,820.6,776.7,283.3,158.5,10.1,171.9,27.1,105.1,1603.0,5230.4,8364.6,1541.2,761.9,20.0,317.1,1975.3,1512.2,663.8,109.9,5395.5,5682.1,2676.1,1219.2,3809.6,3407.1,2573.2,1728.0,1792.4,1242.3,1075.4,1249.8,1005.7,1464.9,1473.4,1540.2,6722.8,5345.6,1273.4,840.5
2026-09-20 10:15:00,722.5,171.9,1262.2,843.0,771.6,296.6,157.4,10.9,148.7,33.8,95.4,1625.3,5420.6,8414.8,1508.3,745.0,20.1,335.8,1953.9,1518.7,654.1,116.8,5404.8,5625.8,2683.8,1215.7,3812.5,3382.7,2581.2,1733.8,1797.9,1242.8,1076.6,1250.0,1001.9,1442.2,1461.6,1518.4,6733.2,5363.8,1272.8,857.8
2026-09-20 10:30:00,713.4,175.6,1255.1,856.1,768.4,312.2,157.1,13.2,152.1,40.1,115.2,1615.6,5422.7,8436.1,1495.9,736.4,20.0,320.6,1942.0,1478.3,650.6,133.4,5407.4,5574.6,2693.8,1212.7,3818.4,3457.4,2584.2,1744.2,1793.7,1240.3,1077.4,1249.6,998.9,1420.7,1457.5,1498.1,6744.4,5384.9,1262.0,874.4
2026-09-20 10:45:00,706.1,182.3,1243.8,869.1,759.0,327.8,158.3,13.7,139.2,45.5,118.7,1596.2,5481.5,8363.8,1442.3,747.4,20.0,300.3,1941.0,1223.4,650.3,130.8,5413.3,5554.5,2708.4,1218.5,3819.9,3498.4,2589.8,1753.6,1792.8,1237.3,1080.1,1249.8,1000.9,1389.9,1441.2,1476.7,6758.7,5403.3,1262.3,889.4
2026-09-20 11:00:00,697.5,375.3,1286.5,874.8,747.1,340.2,88.6,33.5,120.0,52.8,168.1,1650.0,5350.4,8596.7,1450.2,779.5,36.2,169.7,2116.4,1325.7,659.9,124.8,5411.9,5655.6,2720.2,1215.5,3772.3,2985.3,2542.8,1787.8,1786.0,1453.8,1085.8,1240.8,1002.3,1415.9,1439.0,1410.1,6893.9,5575.2,1247.5,910.7
2026-09-20 11:15:00,691.8,389.9,1268.2,867.0,739.6,348.1,90.3,33.8,108.6,69.4,155.7,1608.6,5403.9,8274.0,1406.2,804.6,36.5,182.7,2101.2,911.1,658.6,127.7,5309.9,5555.6,2727.7,1215.1,3773.1,2991.5,2545.0,1802.8,1787.2,1442.0,1085.2,1240.1,1010.4,1391.1,1429.2,1412.3,6900.7,5593.1,1282.0,923.9
2026-09-20 11:30:00,687.8,394.2,1258.8,864.1,739.1,356.7,90.8,33.8,103.0,85.9,161.2,1429.8,5447.8,7878.4,1371.7,834.7,36.7,203.1,2093.2,683.2,656.2,144.5,5334.4,5508.8,2724.1,1214.5,3769.0,2994.5,2543.7,1817.8,1788.0,1421.3,1087.6,1238.9,1004.6,1372.8,1426.0,1400.3,6909.5,5596.5,1280.0,938.5
2026-09-20 11:45:00,687.2,396.7,1259.8,859.6,738.7,363.1,90.5,33.9,102.1,106.5,184.6,1425.1,5511.7,6932.4,1352.9,823.8,37.0,225.9,2092.1,540.0,652.1,157.2,5380.0,5532.2,2720.1,1214.0,3774.5,3022.4,2547.9,1832.1,1790.4,1413.1,1091.5,1238.6,999.3,1358.4,1414.4,1394.8,6916.6,5601.7,1278.0,951.8
2026-09-20 12:00:00,697.1,381.2,1260.9,849.4,785.4,367.7,74.0,39.0,120.6,163.1,167.7,1439.8,5364.9,5879.3,1358.7,592.8,42.3,236.5,2115.7,533.8,667.4,154.1,5353.0,5471.8,2719.4,1196.1,3777.6,3146.4,2486.2,1909.3,1782.2,1421.6,1086.4,1285.3,1009.6,1381.4,1420.7,1435.1,6979.9,5551.2,1277.7,964.5
2026-09-20 12:15:00,699.7,385.3,1258.7,840.4,784.0,370.8,73.8,39.0,114.0,187.6,166.1,1439.1,5405.2,5946.4,1279.9,612.5,41.7,235.4,2105.5,535.0,669.6,160.8,5347.1,5433.7,2718.6,1195.2,3766.2,3150.2,2487.8,1926.9,1782.3,1403.1,1090.5,1286.2,1005.1,1372.0,1424.7,1436.2,6986.9,5538.8,1267.0,979.3
2026-09-20 12:30:00,678.6,388.0,1260.8,858.4,780.5,370.8,82.9,39.1,105.9,182.7,154.2,1430.7,5570.8,5978.4,1269.6,605.8,41.2,208.8,2100.1,539.1,673.4,168.3,5348.2,5400.9,2715.7,1195.2,3769.0,3152.1,2484.6,1943.0,1780.9,1374.6,1088.3,1285.6,1004.6,1363.0,1422.8,1436.1,6981.8,5478.5,1263.0,990.1
2026-09-20 12:45:00,678.8,391.2,1260.0,888.0,778.9,370.6,89.3,39.0,103.3,162.1,146.8,1476.7,5639.1,5999.8,1237.0,627.6,40.7,200.4,2099.9,545.0,662.5,172.8,5350.9,5368.8,2719.2,1195.5,3767.7,3153.0,2488.8,1959.6,1786.2,1367.5,1089.3,1285.1,1009.4,1354.4,1424.1,1433.9,6999.5,5498.4,1272.1,1000.7
2026-09-20 13:00:00,690.8,385.4,1226.4,891.1,781.3,362.4,88.5,38.9,91.2,177.8,195.6,1497.4,5558.6,6103.1,1209.7,642.0,40.2,207.7,2175.9,540.1,662.1,168.4,5358.2,5400.9,2709.8,1209.3,3877.1,3165.3,2486.5,2077.7,1779.6,1296.8,1093.1,1240.7,991.7,1351.5,1421.8,1437.0,6894.6,5333.8,1267.3,1018.8
2026-09-20 13:15:00,681.7,385.9,1231.8,879.7,780.6,354.4,88.2,38.6,87.7,153.9,186.2,1511.7,5588.5,6169.5,1152.0,596.0,40.4,222.7,2174.2,532.0,668.4,164.2,5352.1,5371.9,2708.6,1208.2,3877.8,3167.0,2484.4,2090.0,1778.3,1280.1,1093.7,1239.9,1005.0,1346.4,1421.5,1436.6,6886.1,5386.8,1275.1,1024.2
2026-09-20 13:30:00,666.6,401.0,1233.3,868.9,779.2,337.5,87.4,38.0,83.7,153.3,178.1,1529.1,5579.2,6221.7,1144.6,635.2,40.7,222.8,2179.6,534.8,669.6,161.6,5334.4,5357.8,2700.4,1205.1,3879.2,3170.5,2482.1,2102.2,1778.8,1263.4,1093.9,1238.2,1001.3,1342.6,1417.5,1436.0,6865.8,5372.0,1285.9,1029.7
2026-09-20 13:45:00,665.4,394.2,1241.5,904.1,777.4,319.8,86.7,37.6,78.7,164.9,171.4,1538.3,5632.2,6277.0,1115.2,651.8,40.9,222.8,2180.8,538.4,667.6,159.5,5329.7,5389.0,2698.7,1203.8,3870.2,3173.0,2487.2,2114.2,1782.0,1258.7,1094.1,1237.6,1001.6,1340.6,1419.6,1446.3,6860.9,5375.4,1290.3,1034.1
2026-09-20 14:00:00,668.5,385.4,1190.4,908.0,741.6,304.4,37.5,22.5,72.0,190.7,143.1,1525.5,5561.4,6332.5,1144.1,723.5,41.2,163.7,2165.5,536.4,681.0,157.3,5281.9,5280.0,2685.6,1191.9,3986.1,2912.3,2487.2,2161.6,1786.7,1228.0,1094.7,1242.3,989.3,1376.0,1418.5,1452.1,6869.7,5340.1,1292.9,1022.7
2026-09-20 14:15:00,690.7,374.2,1206.3,888.4,744.3,293.6,37.3,22.1,71.0,203.2,139.2,1535.7,5518.6,6347.0,1140.8,734.0,42.6,180.1,2172.8,537.4,633.6,198.7,5302.1,5251.3,2691.3,1189.5,3982.4,2917.0,2489.4,2168.7,1791.9,1224.5,1096.0,1242.4,985.6,1376.1,1420.4,1456.6,6868.1,5319.1,1245.7,1025.0
2026-09-20 14:30:00,692.7,362.3,1004.4,857.4,744.2,281.9,19.7,21.7,69.3,205.2,142.2,1521.6,5309.6,6354.5,1157.6,735.9,43.9,212.8,2175.9,538.5,662.2,147.9,5309.2,5273.3,2685.5,1185.9,3981.8,2918.5,2485.3,2174.9,1781.9,1205.6,1096.4,1240.5,995.9,1375.1,1428.8,1454.6,6874.4,5294.2,1245.6,1025.1
2026-09-20 14:45:00,690.5,347.0,1018.0,829.2,746.9,267.8,17.8,21.2,68.4,216.6,136.9,1532.8,5249.1,6345.8,1183.2,747.1,45.3,175.7,2187.2,538.6,635.5,266.5,5388.3,5434.0,2689.5,1160.5,3989.5,2920.0,2491.3,2178.3,1784.9,1219.1,1097.2,1239.2,986.0,1374.4,1436.1,1454.1,6890.6,5266.1,1250.3,1022.7
2026-09-20 15:00:00,699.3,354.8,1038.0,804.7,747.7,252.2,15.3,21.4,74.9,199.1,223.1,1504.2,5360.2,6548.2,1181.1,753.5,46.7,100.2,2342.9,590.6,594.4,276.4,5533.4,5515.4,2702.8,1151.7,4086.8,2727.9,2498.6,2189.7,1790.6,1247.9,1105.4,1245.8,988.2,1507.5,1451.6,1513.5,6943.7,5227.6,1264.0,993.1
2026-09-20 15:15:00,703.9,337.2,1056.2,785.7,752.2,235.2,15.5,20.5,73.4,200.8,218.8,1494.2,5279.4,6529.9,1196.0,731.4,45.6,118.5,2352.2,560.3,516.8,286.0,5410.2,5515.5,2710.0,1149.9,4081.3,2691.3,2505.6,2189.8,1797.2,1268.7,1106.6,1244.1,1006.1,1511.9,1467.2,1563.6,6955.3,5220.7,1277.0,993.5
2026-09-20 15:30:00,718.3,317.6,855.4,755.3,755.7,214.5,14.6,19.6,73.0,182.9,219.4,1487.2,5265.0,6590.1,1200.8,720.9,44.5,118.4,2323.2,565.3,514.0,286.8,5322.4,5485.6,2716.8,1149.2,4094.8,2719.3,2506.5,2193.4,1798.0,1268.8,1108.3,1243.1,998.3,1508.3,1477.6,1559.5,6986.7,5172.7,1298.1,1021.2
2026-09-20 15:45:00,723.7,364.7,879.5,718.6,764.2,194.7,14.2,31.5,76.0,210.5,207.8,1494.8,5189.9,6507.2,1230.2,659.4,43.4,133.4,2336.5,944.8,513.4,285.4,5355.9,5421.2,2729.3,1147.3,4081.7,2997.0,2512.7,2196.3,1798.3,1288.8,1110.5,1240.9,998.7,1529.5,1466.1,1589.7,7015.7,5236.6,1319.9,1066.1
2026-09-20 16:00:00,763.1,340.6,901.3,748.1,767.2,177.9,45.8,28.9,114.6,141.9,214.7,1766.6,5268.9,7342.7,1019.5,681.6,30.0,252.3,2164.8,1514.8,546.7,268.3,5395.5,5186.5,2760.1,1192.6,4421.3,3481.3,2516.5,2224.3,1825.7,1263.4,1093.1,1351.5,1003.8,1834.5,1491.3,1873.2,7173.5,5192.9,1367.9,1087.9
2026-09-20 16:15:00,763.1,317.0,925.1,875.0,772.6,189.0,27.8,27.9,126.0,167.7,215.4,1751.6,5221.1,9316.6,1045.5,638.1,30.0,206.3,2176.7,1597.9,522.5,311.2,5211.8,5217.4,2781.9,1194.6,4435.7,3533.0,2517.9,2222.6,1820.0,1310.9,1090.5,1346.0,998.2,1834.3,1494.4,1907.0,7229.1,5176.5,1390.7,1161.0
2026-09-20 16:30:00,768.1,394.7,950.2,957.3,779.2,184.4,27.8,26.9,136.5,199.5,222.0,1731.6,5225.3,9674.1,1143.6,573.1,30.0,215.5,2014.9,1623.5,543.4,479.1,5199.6,5235.0,2800.0,1197.8,4446.9,3534.7,2516.9,2225.2,1817.4,1414.9,1094.3,1345.1,1016.5,1826.9,1508.8,2059.3,7299.5,5138.2,1417.0,1154.7
2026-09-20 16:45:00,779.4,372.8,977.2,1060.9,787.9,192.8,27.8,32.1,135.3,173.3,216.4,1709.2,5180.3,10154.4,1236.6,533.9,30.0,219.9,1882.4,1646.9,567.8,848.8,5213.3,5160.2,2813.5,1200.0,4380.6,3673.7,2523.3,2226.0,1819.2,1398.7,1092.0,1348.7,1016.6,1821.0,1533.0,2139.8,7386.2,5178.2,1442.4,1147.6
2026-09-20 17:00:00,805.1,343.4,1022.9,970.7,793.4,233.2,22.1,38.0,151.9,132.3,184.8,1704.0,5405.8,9996.6,1444.9,881.3,42.0,181.2,1812.5,1828.6,567.3,561.2,5355.3,4884.4,2834.1,1206.4,4510.5,3725.6,2514.2,2211.0,1850.5,1838.4,1102.5,1387.3,1031.7,2173.0,1559.5,2529.8,7497.5,5093.9,1488.7,1127.9
2026-09-20 17:15:00,808.8,326.7,1059.0,1045.5,784.7,253.0,22.0,37.3,151.7,98.1,199.4,1669.6,5301.3,10174.2,1602.7,860.1,42.0,163.3,1816.5,2265.8,577.8,622.0,5358.7,4881.7,2856.8,1207.7,4516.2,3737.7,2516.2,2224.2,1848.8,1903.2,1105.0,1385.6,1040.7,2170.9,1586.3,2686.3,7512.0,5153.7,1509.0,1121.3
2026-09-20 17:30:00,826.3,308.1,1091.1,1045.6,789.3,232.3,22.0,36.7,165.4,66.4,204.8,1610.7,5190.0,10248.0,1709.7,968.7,42.0,162.4,1851.9,2320.8,618.9,935.4,5396.6,4816.7,2865.2,1209.3,4523.2,3816.6,2514.8,2232.3,1837.3,2442.2,1102.1,1414.3,1060.0,2170.3,1609.2,2716.0,7596.0,5136.0,1530.6,1112.9
2026-09-20 17:45:00,825.0,286.5,1118.6,1049.6,798.1,221.7,22.0,41.4,178.4,55.6,177.0,1594.2,4895.4,10123.4,1749.6,961.6,42.1,161.7,1672.9,2505.9,618.0,950.6,5425.1,4735.2,2880.0,1212.1,4529.4,3823.6,2520.1,2241.3,1824.0,2781.1,1106.1,1413.9,1050.3,2171.2,1627.4,2743.4,7678.4,5125.2,1554.5,1109.9
2026-09-20 18:00:00,879.9,276.1,1143.0,1027.7,828.1,349.0,102.4,39.7,205.8,50.7,141.9,1478.7,4538.5,10317.7,1761.4,1189.4,0.0,229.5,1848.4,2522.7,650.5,955.9,5660.5,4799.0,2900.3,1193.6,4236.3,4264.6,2508.9,2212.2,1845.4,2075.5,1101.8,1503.4,1058.4,2293.4,1548.0,3366.7,7847.3,5272.3,1579.1,1102.0
2026-09-20 18:15:00,901.9,269.7,1167.3,970.8,826.0,346.4,101.0,38.8,228.0,39.9,131.4,1449.5,4393.7,10068.3,1740.4,1302.0,0.0,241.5,1632.7,2571.8,687.8,941.0,5664.1,4791.0,2913.0,1193.6,4249.5,4283.1,2513.1,2286.6,1839.7,2499.0,1100.7,1547.4,1051.8,2298.4,1566.6,3423.7,7857.7,5289.7,1590.2,1100.9
2026-09-20 18:30:00,882.7,264.7,1193.4,997.7,828.3,345.0,101.0,42.5,265.4,35.4,152.3,1415.4,4383.8,9859.6,1770.5,1424.3,0.0,246.9,1593.9,2562.9,645.1,938.3,5657.3,4813.0,2925.9,1192.4,4254.0,4301.5,2510.4,2340.7,1808.6,3033.9,1101.2,1608.4,1055.6,2305.3,1572.6,3539.7,7898.6,5307.5,1595.5,1097.7
2026-09-20 18:45:00,887.0,261.8,1206.9,1011.1,829.8,344.1,101.0,43.2,293.6,49.8,135.1,1466.6,4287.8,9794.9,1864.9,1541.7,0.0,222.0,1597.7,2569.3,637.9,938.5,5678.5,4796.2,2940.7,1193.4,4264.4,4299.7,2513.8,2347.8,1805.0,3051.7,1100.8,1608.7,1050.5,2314.0,1571.8,3614.7,7915.8,5357.9,1607.8,1144.5
2026-09-20 19:00:00,885.4,256.9,1241.7,1082.4,834.4,370.3,34.0,67.9,312.3,42.4,497.1,1370.3,4061.0,9563.6,1920.6,1512.8,0.0,201.1,1570.8,3173.1,680.7,940.7,5698.0,4875.7,2970.3,1225.4,4287.3,4223.9,2512.1,2249.3,1813.4,2926.4,1057.0,1605.9,1066.4,2951.1,1586.7,4001.9,7981.2,5286.6,1617.7,1102.1
2026-09-20 19:15:00,879.2,260.1,1252.1,1106.0,839.7,372.0,34.0,67.9,334.7,47.0,455.9,1414.3,4009.8,9443.9,1930.4,1532.5,0.1,201.1,1550.4,3163.3,661.5,942.6,5677.6,4846.7,2984.4,1224.4,4293.4,4224.6,2513.5,2255.3,1808.9,3115.5,1054.6,1606.3,1070.4,2959.0,1588.7,4046.0,8007.2,5290.5,1624.6,1127.8
2026-09-20 19:30:00,868.3,268.7,1236.5,1073.2,838.9,374.0,34.0,72.7,337.2,114.5,494.9,1364.9,4013.4,9303.1,1903.0,1560.2,0.0,200.9,1540.3,3179.6,658.2,944.0,5669.4,4853.1,2993.0,1224.5,4302.9,4221.8,2513.2,2302.8,1798.2,3127.0,1056.4,1612.5,1077.8,2965.0,1573.1,4213.3,8002.7,5329.2,1623.8,1156.2
2026-09-20 19:45:00,869.5,257.6,1227.3,1059.7,835.8,372.5,34.1,67.0,342.4,118.9,478.1,1372.2,3959.3,9240.3,1894.1,1605.4,0.1,180.1,1536.6,3217.6,648.6,944.7,5679.9,4838.9,3009.2,1304.0,4295.1,4228.7,2520.6,2313.0,1805.0,3115.3,1053.6,1633.3,1062.8,2968.7,1567.5,4221.6,7985.9,5312.1,1614.6,1154.4
2026-09-20 20:00:00,851.3,259.5,1210.8,1080.8,822.6,372.3,1.0,47.2,337.1,99.7,488.4,1331.9,3992.2,9108.5,1946.8,1611.5,0.0,191.3,1513.9,3369.5,641.4,951.0,5487.9,4875.5,3039.0,1238.8,4510.9,4359.7,2512.8,2309.6,1820.0,3221.2,1071.7,1609.9,1054.2,2888.5,1558.0,4288.4,7910.2,5120.6,1616.4,1112.1
2026-09-20 20:15:00,846.9,258.9,1187.4,1076.9,817.2,372.2,1.0,50.1,326.5,122.1,489.6,1332.4,3989.2,9044.0,1932.8,1599.5,0.0,192.1,1507.4,3389.1,640.1,954.0,5485.5,4813.3,3047.4,1238.9,4511.6,4359.5,2514.7,2324.2,1819.2,3203.5,1073.3,1607.0,1053.0,2888.5,1554.1,4290.7,7872.6,5115.9,1602.0,1114.2
2026-09-20 20:30:00,837.9,249.4,1172.0,1073.4,816.2,372.8,1.0,52.2,324.7,118.5,466.7,1333.4,4149.0,8973.3,1918.4,1628.8,0.1,192.9,1502.1,3366.1,641.8,952.9,5469.5,4768.7,3035.4,1237.7,4505.2,4355.9,2512.1,2318.7,1832.9,3212.8,1072.5,1605.5,1050.6,2887.6,1546.8,4260.3,7839.1,5106.2,1587.0,1116.8
2026-09-20 20:45:00,818.4,244.8,1140.9,1068.7,803.8,372.9,1.0,52.8,324.2,119.0,450.8,1338.4,4261.2,8917.4,1908.5,1629.8,1.8,170.4,1493.6,3464.2,639.7,954.5,5473.4,4730.1,3030.2,1237.7,4503.0,4353.6,2510.5,2323.9,1832.1,3120.3,1074.1,1605.1,1051.1,2885.9,1544.3,4281.4,7799.9,5097.4,1573.7,1118.6
2026-09-20 21:00:00,809.1,255.4,1078.1,1040.6,780.9,342.7,1.0,32.5,320.4,123.1,471.8,1338.7,4035.2,8933.1,1856.7,1644.3,0.0,175.8,1467.3,3344.2,624.5,961.4,5500.1,4599.3,3008.3,1245.5,4370.5,4204.4,2496.3,2311.4,1803.2,3177.4,1148.0,1602.7,1045.8,2732.8,1520.0,4324.6,7644.9,5196.9,1524.0,1124.3
2026-09-20 21:15:00,793.4,254.2,1053.1,1018.0,763.0,345.7,1.0,34.1,319.3,116.3,471.3,1322.9,4035.0,8874.1,1849.2,1608.7,0.1,175.7,1460.2,3344.4,628.7,963.5,5541.9,4503.0,2983.8,1244.3,4351.4,4203.2,2493.0,2310.0,1800.6,3154.9,1157.1,1601.5,1042.5,2728.6,1507.7,4324.9,7560.1,5194.1,1499.7,1128.7
2026-09-20 21:30:00,784.1,228.4,1015.9,993.9,749.0,337.3,1.0,34.9,317.3,114.0,462.0,1324.1,4030.0,8847.8,1864.1,1583.2,0.0,194.0,1454.0,3267.2,638.2,966.3,5559.1,4405.6,2964.3,1243.2,4344.4,4203.4,2488.9,2263.8,1813.9,3077.7,1163.2,1594.2,1039.2,2724.2,1493.5,4290.5,7472.9,5195.7,1479.6,1133.6
2026-09-20 21:45:00,767.7,229.8,984.8,1014.2,731.8,335.5,3.7,34.0,314.4,46.9,435.1,1340.0,4030.1,8806.6,1849.6,1566.8,0.0,194.5,1489.8,3263.7,662.3,968.7,5562.7,4346.5,2944.5,1242.2,4336.0,4201.0,2485.5,2265.9,1816.2,2832.6,1160.4,1585.9,1036.1,2720.4,1465.3,4336.8,7396.1,5202.9,1458.9,1143.4
2026-09-20 22:00:00,747.1,228.8,945.1,997.1,704.1,334.4,12.0,31.9,309.1,121.7,462.4,1313.2,3857.2,8369.3,1783.2,1526.6,0.0,189.5,1401.5,3233.5,613.3,976.5,5426.1,4248.1,2891.0,1232.8,4151.0,3923.6,2469.8,2304.1,1807.0,3072.9,1056.1,1587.7,1020.7,2389.8,1429.8,4200.3,7309.7,5231.5,1430.0,1143.7
2026-09-20 22:15:00,737.1,220.3,919.2,975.8,690.1,334.2,12.0,33.1,316.9,49.0,454.3,1308.3,3855.4,8326.2,1763.3,1511.9,0.0,191.2,1395.9,3236.3,596.9,978.0,5393.5,4168.4,2867.1,1233.7,4131.8,3922.0,2466.7,2310.9,1813.5,3066.8,1050.7,1586.9,1010.9,2386.7,1416.3,4172.5,7232.5,5239.7,1412.5,1149.3
2026-09-20 22:30:00,729.4,208.9,899.7,1006.3,672.1,334.5,14.7,34.8,316.1,49.8,432.3,1305.8,3863.2,8328.3,1766.8,1528.7,0.0,211.2,1390.5,3231.1,616.8,979.6,5390.1,4088.5,2824.6,1234.6,4124.2,3918.5,2461.8,2260.2,1817.2,2851.5,1074.2,1577.3,1011.1,2384.6,1403.9,4202.5,7149.1,5233.0,1401.5,1147.9
2026-09-20 22:45:00,726.7,203.9,888.9,1014.0,662.9,334.7,14.7,34.3,313.4,53.8,412.0,1307.3,3882.9,8295.3,1733.4,1505.6,0.0,212.1,1386.9,3228.2,613.5,980.6,5360.8,4010.6,2787.0,1235.4,4102.1,3898.7,2458.7,2263.3,1819.1,2614.6,1071.4,1542.1,1009.6,2382.7,1393.3,4254.2,7092.9,5217.9,1382.5,1147.3
2026-09-20 23:00:00,718.4,198.6,878.5,1035.4,655.3,105.1,112.0,42.2,306.5,62.6,153.5,1298.8,3655.1,8323.0,1639.8,1435.1,24.2,157.1,1343.4,3113.6,564.2,985.1,5211.4,3833.7,2719.9,1238.5,4141.8,4111.9,2432.7,2273.0,1825.2,2890.4,1029.3,1678.2,1007.2,2205.4,1385.7,4008.6,7001.7,5236.1,1398.5,1143.2
2026-09-20 23:15:00,717.9,194.6,869.5,1035.7,646.6,105.1,112.0,43.3,305.7,64.2,103.4,1301.6,3662.1,8253.6,1609.9,1416.7,24.2,158.2,1366.6,3046.2,565.4,986.3,5182.1,3764.9,2682.9,1239.3,4124.3,4097.9,2430.3,2271.8,1834.5,2554.0,1027.7,1641.7,1004.3,2205.2,1378.4,4033.2,6981.6,5225.0,1381.9,1146.2
2026-09-20 23:30:00,715.6,190.6,861.7,1040.7,634.8,105.7,114.7,44.4,301.8,64.2,103.8,1301.9,3801.4,8223.6,1613.4,1440.3,6.3,159.4,1368.3,3045.3,554.3,987.0,5166.9,3705.4,2647.6,1242.2,4108.2,4078.2,2425.2,2274.7,1832.4,2326.1,1023.6,1632.8,998.6,2206.5,1353.4,4063.3,6921.2,5222.0,1374.5,1146.2
2026-09-20 23:45:00,713.1,186.6,855.2,1034.7,632.0,93.0,114.7,47.0,292.4,61.0,106.5,1304.5,3810.7,8196.0,1579.8,1441.7,8.3,160.6,1362.8,3016.7,554.3,987.5,5140.7,3598.3,2612.2,1244.1,4093.0,4065.2,2419.3,2285.2,1829.3,2123.6,1017.4,1631.8,983.2,2208.9,1318.5,4013.5,6925.4,5231.3,1368.9,1133.1
2026-09-21 00:00:00,716.0,241.8,824.8,1010.2,596.2,121.1,35.0,39.4,299.2,56.2,248.7,1380.6,3696.3,8008.7,1289.6,1078.8,61.1,93.0,1380.7,2799.2,564.1,994.6,5045.9,3968.7,2537.1,1213.7,4422.7,3270.7,2405.4,2759.1,1777.1,1435.0,1108.9,1496.5,994.3,2136.4,1379.7,3773.3,6832.9,5190.6,1303.9,1154.8
2026-09-21 00:15:00,709.5,235.0,825.9,1008.8,595.9,120.0,35.0,39.2,294.8,53.0,241.5,1372.1,3699.2,8022.4,1471.7,1236.2,60.6,91.4,1431.3,2791.1,556.8,995.2,5075.2,3911.0,2510.4,1213.7,4410.7,3263.5,2403.0,2760.0,1771.9,1243.5,1101.5,1497.0,993.9,2134.3,1380.0,3778.5,6794.8,5185.4,1299.1,1150.3
2026-09-21 00:30:00,739.2,228.0,828.1,986.3,599.2,119.3,35.0,38.7,292.3,51.4,242.6,1374.5,3698.4,7993.6,1517.1,1346.4,60.1,89.7,1521.7,2793.2,564.8,994.9,5066.4,3855.8,2487.2,1214.7,4388.7,3262.4,2394.0,2728.9,1768.7,1169.1,1096.4,1497.2,981.0,2133.1,1378.7,3777.5,6750.0,5185.6,1291.3,1145.8
2026-09-21 00:45:00,736.9,220.9,834.2,931.4,594.0,117.9,37.7,39.9,288.9,52.2,230.2,1362.7,3697.7,7975.0,1487.6,1344.1,59.8,89.5,1511.6,2710.4,565.7,993.9,5057.6,3802.0,2467.9,1214.5,4376.7,3261.0,2388.1,2733.9,1767.8,1161.1,1091.7,1497.3,975.0,2132.9,1375.6,3778.4,6710.9,5132.1,1279.8,1143.7
2026-09-21 01:00:00,737.6,214.6,939.6,943.0,603.5,116.1,42.2,22.0,284.0,53.8,253.1,1330.7,3603.7,7867.6,1401.5,1410.4,13.8,147.1,1494.9,2563.7,571.3,1000.1,5186.9,3755.8,2409.9,1227.6,4383.6,3619.4,2368.8,2788.5,1751.3,1162.7,1057.5,1502.2,980.3,2100.2,1400.4,3637.2,6695.5,5167.9,1272.3,1118.8
2026-09-21 01:15:00,728.5,211.1,933.3,906.4,598.4,110.4,42.2,21.5,284.1,49.8,253.7,1333.8,3607.4,7820.1,1388.5,1368.6,33.5,145.3,1515.1,2477.2,570.8,999.6,5189.7,3704.6,2394.7,1227.6,4377.6,3616.2,2366.3,2787.8,1750.3,1165.3,1053.1,1501.6,971.2,2101.9,1400.0,3627.8,6679.9,5083.5,1272.2,1115.4
2026-09-21 01:30:00,725.2,207.9,928.1,932.5,605.8,112.3,44.9,13.7,287.9,49.0,241.0,1336.2,3612.0,7788.6,1372.3,1384.0,13.4,145.2,1506.0,2478.0,576.9,999.8,5178.8,3666.5,2378.8,1227.6,4368.6,3612.1,2364.1,2791.1,1750.3,1169.8,1047.0,1500.8,973.1,2104.2,1402.1,3619.9,6655.3,5153.7,1266.3,1110.6
2026-09-21 01:45:00,721.7,204.8,920.0,893.3,605.7,109.4,44.9,13.5,285.7,53.0,224.0,1339.3,3638.7,7716.4,1368.5,1379.5,33.1,160.6,1509.0,2481.0,573.8,999.6,5183.9,3614.8,2360.3,1227.6,4358.5,3606.4,2361.1,2784.0,1746.6,1173.3,1044.5,1500.1,979.5,2108.1,1402.8,3611.2,6629.3,5061.8,1265.9,1107.5
2026-09-21 02:00:00,723.0,201.2,910.6,898.2,630.0,108.6,41.2,19.4,287.3,45.4,282.2,1350.7,3775.0,7660.9,1400.4,1395.3,5.0,246.2,1485.6,2382.8,567.7,998.4,5211.3,3619.3,2330.2,1236.4,4388.2,3635.3,2350.3,2798.9,1734.3,1176.8,988.2,1489.0,975.2,2098.7,1427.2,3503.3,6731.7,5160.9,1268.2,1099.1
2026-09-21 02:15:00,696.2,197.1,912.9,886.8,630.1,109.7,43.1,20.4,277.2,49.4,286.7,1353.4,3764.8,7627.5,1400.5,1365.3,5.0,245.5,1488.7,2376.1,569.1,998.2,5212.9,3550.2,2319.7,1235.5,4382.2,3636.3,2350.1,2797.4,1733.0,1181.8,985.8,1489.0,966.8,2103.1,1422.8,3496.5,6719.0,5156.1,1267.1,1092.0
2026-09-21 02:30:00,693.8,192.8,917.8,892.3,627.1,111.5,43.9,19.6,283.0,50.2,286.5,1359.4,4334.4,7615.7,1389.3,1362.1,5.0,246.2,1467.5,2384.3,557.1,998.0,5182.3,3533.9,2310.8,1235.5,4380.0,3641.1,2349.0,2797.1,1730.8,1187.4,983.2,1487.6,964.6,2105.8,1417.7,3513.0,6709.6,5182.5,1265.7,1083.8
2026-09-21 02:45:00,685.0,189.0,925.5,918.7,629.6,116.1,43.9,20.1,286.8,48.6,247.3,1364.2,4335.6,7597.0,1391.7,1367.7,5.0,246.8,1470.0,2384.6,556.1,998.0,5225.8,3503.2,2308.1,1234.5,4377.5,3646.9,2347.3,2796.4,1731.0,1194.8,979.9,1487.3,962.6,2106.8,1409.8,3501.9,6696.6,5200.6,1266.7,1076.2
2026-09-21 03:00:00,692.9,186.3,835.8,898.1,624.8,111.5,41.2,17.9,288.7,38.6,294.3,1381.4,4545.1,7533.9,1356.7,1385.8,11.9,160.7,1513.0,2278.1,551.8,998.0,5149.0,3495.1,2289.6,1236.2,4471.2,3763.0,2341.4,2803.8,1725.0,1197.7,982.6,1479.2,961.6,2117.8,1403.1,3481.7,6729.4,5133.1,1271.0,1056.4
2026-09-21 03:15:00,697.2,186.5,843.7,898.5,629.0,115.9,43.9,17.8,282.7,41.0,291.3,1399.2,4547.8,7582.2,1364.1,1358.1,11.9,161.2,1509.8,2279.1,555.4,995.9,5155.7,3477.3,2286.6,1234.1,4473.0,3763.4,2343.7,2801.3,1725.7,1201.0,979.8,1478.6,961.5,2118.3,1397.8,3471.6,6746.1,5150.7,1276.3,1047.7
2026-09-21 03:30:00,701.0,186.5,855.8,909.4,624.5,119.0,41.2,18.1,285.5,38.6,291.4,1389.8,4546.3,7607.4,1360.3,1362.8,11.9,161.8,1469.2,2278.1,547.8,995.6,5190.3,3451.6,2283.8,1234.0,4470.0,3761.4,2343.2,2805.4,1725.5,1206.8,979.9,1477.4,971.2,2120.6,1397.1,3466.8,6727.5,5221.0,1273.5,1039.0
2026-09-21 03:45:00,697.9,186.5,865.4,927.3,632.0,120.0,41.2,18.1,294.6,40.2,304.9,1382.8,4547.3,7602.1,1357.2,1366.8,11.9,142.9,1351.4,2339.2,544.0,994.7,5204.4,3417.7,2282.0,1231.9,4478.0,3759.2,2344.1,2802.7,1726.0,1215.5,977.3,1476.6,980.6,2123.0,1406.4,3463.1,6713.0,5215.3,1275.7,1029.7
2026-09-21 04:00:00,717.0,187.9,879.3,893.6,627.9,115.6,40.7,22.7,292.8,36.2,314.2,1377.8,3662.2,7693.7,1353.3,1358.6,5.0,204.3,1547.8,2564.1,549.4,992.7,5271.5,3475.0,2285.8,1237.7,4283.7,3605.3,2347.0,2824.5,1728.7,1218.4,978.0,1457.5,978.0,2198.1,1342.5,3631.2,6617.9,5028.2,1299.5,1019.2
2026-09-21 04:15:00,721.9,187.9,895.8,929.9,636.2,121.2,38.0,23.5,292.3,42.6,311.6,1383.2,3650.7,7653.0,1348.9,1339.9,5.0,203.9,1534.3,2570.2,535.5,990.8,5273.1,3461.6,2288.0,1237.4,4287.4,3598.7,2350.1,2819.3,1733.8,1221.6,978.1,1455.8,986.1,2203.5,1353.7,3646.6,6646.8,5074.1,1307.5,1011.7
2026-09-21 04:30:00,738.2,188.0,918.8,968.5,633.9,121.1,38.0,30.4,293.4,42.6,307.7,1387.1,3652.9,7630.8,1333.8,1322.2,5.0,223.2,1404.1,2652.1,532.7,990.2,5319.2,3437.1,2296.0,1236.4,4295.5,3590.1,2353.3,2819.5,1727.1,1248.9,975.5,1455.8,989.8,2210.1,1361.2,3678.9,6657.3,5123.1,1308.5,1005.5
2026-09-21 04:45:00,721.0,187.1,955.4,974.2,642.8,124.1,38.0,30.2,302.4,41.8,320.2,1375.4,3648.9,7607.6,1325.4,1322.2,5.0,203.7,1404.4,2655.7,524.7,986.6,5339.0,3481.6,2306.8,1236.3,4303.6,3580.6,2354.5,2848.3,1727.8,1588.3,979.3,1452.5,986.1,2217.3,1358.0,3741.0,6686.1,5170.6,1320.8,997.0
2026-09-21 05:00:00,761.1,186.7,1017.2,972.6,664.2,215.7,37.0,24.8,320.4,27.9,157.0,1320.8,3851.9,7571.9,1333.6,1274.6,5.0,146.5,1427.6,2886.5,551.0,980.9,5492.2,3564.1,2363.1,1258.5,4180.0,3745.6,2370.5,2837.0,1699.6,1397.4,965.0,1507.5,993.1,2692.8,1370.4,4236.6,6827.7,5104.7,1329.7,981.6
2026-09-21 05:15:00,789.7,189.5,1078.0,957.6,686.9,215.7,37.0,24.8,327.4,37.6,123.9,1318.5,3866.8,7653.1,1332.8,1280.4,5.0,164.7,1354.7,2898.6,541.4,977.0,5549.2,3560.9,2405.7,1258.3,4209.3,3736.8,2377.4,2864.7,1694.1,1946.6,971.9,1506.9,1001.5,2699.2,1375.1,4314.3,6918.1,5153.3,1366.8,971.1
2026-09-21 05:30:00,803.0,193.3,1129.9,967.4,702.0,215.4,37.0,24.1,338.9,28.0,166.4,1315.4,3875.8,8056.4,1233.3,1173.4,5.1,259.2,1364.9,2899.5,541.2,977.9,5590.0,3558.8,2433.6,1258.2,4220.5,3731.0,2383.8,2863.6,1683.9,2127.1,978.3,1511.0,1001.5,2705.1,1386.9,4550.5,7031.6,5160.0,1399.0,959.2
2026-09-21 05:45:00,815.3,201.6,1156.1,998.2,721.7,227.3,37.0,26.6,351.5,37.9,166.6,1311.6,3888.4,8353.6,1068.1,1037.1,5.0,243.1,1376.3,3152.9,545.6,975.5,5615.2,3560.3,2484.6,1258.0,4256.2,3810.5,2395.1,2852.2,1675.1,2323.2,987.8,1540.9,1015.3,2708.6,1393.0,4593.3,7143.8,5208.0,1428.4,947.8
2026-09-21 06:00:00,843.2,196.4,1225.6,1281.2,757.1,395.2,2.0,26.6,390.8,24.1,168.1,1276.3,4049.9,8809.3,1076.9,844.6,0.0,276.4,1379.8,3453.6,558.2,967.1,5752.0,3810.7,2681.0,1396.9,4415.0,3470.4,2445.8,2678.5,1770.8,2377.3,913.3,1923.7,1038.0,3185.8,1395.5,5169.3,7520.6,5259.0,1527.5,914.7
2026-09-21 06:15:00,852.3,207.0,1241.1,1274.2,775.9,424.6,2.0,25.1,405.8,34.5,156.7,1273.6,4078.2,8872.9,1103.8,869.7,0.0,288.8,1377.6,3498.5,547.2,970.6,5800.0,3852.4,2755.1,1410.7,4455.4,3547.7,2461.4,2625.9,1776.4,2554.0,935.1,2173.4,1050.0,3186.3,1419.6,5229.5,7688.8,5268.0,1578.3,906.0
2026-09-21 06:30:00,859.6,221.1,1249.6,1229.8,785.7,446.3,2.0,28.2,422.4,21.7,182.6,1266.6,4094.7,8929.9,1249.7,1038.7,0.1,289.7,1384.8,3525.4,546.1,971.3,5812.2,3899.1,2830.4,1452.0,4509.2,3554.0,2476.1,2576.5,1775.2,2794.1,954.1,2291.7,1062.5,3185.7,1449.7,5279.6,7883.8,5280.8,1625.1,899.4
2026-09-21 06:45:00,863.9,235.3,1254.0,1231.6,798.1,476.9,2.0,29.5,446.8,21.6,189.7,1260.9,3833.6,8768.7,1269.2,1040.1,0.0,285.6,1398.8,3512.0,538.2,966.6,5842.2,3899.9,2908.3,1517.6,4547.4,3714.9,2492.7,2648.5,1781.4,2771.4,970.4,2540.5,1071.9,3184.3,1478.9,5329.5,8026.8,5421.5,1682.6,892.4
2026-09-21 07:00:00,881.5,303.8,1269.7,1227.5,821.3,493.1,2.0,63.0,478.9,42.5,479.4,1322.8,3900.3,8705.1,1374.6,1053.1,0.1,259.5,1697.4,3430.2,536.2,957.9,5944.7,3979.8,3113.3,1513.3,4606.0,4205.3,2565.9,2708.2,1855.3,2971.4,1023.4,2443.6,1089.2,3460.5,1538.9,5178.8,8346.7,5433.5,1761.0,875.9
2026-09-21 07:15:00,883.3,318.9,1273.2,1213.4,836.3,520.6,2.0,64.1,498.5,45.1,458.7,1323.7,3431.3,8372.5,1370.5,1094.6,0.0,268.5,1706.9,3415.5,528.1,970.5,5951.7,3987.9,3174.4,1512.1,4642.9,4397.7,2581.0,2702.6,1862.4,3026.9,1040.2,2490.5,1102.4,3457.6,1556.4,5156.7,8389.4,5494.7,1790.4,869.0
2026-09-21 07:30:00,888.1,327.4,1254.1,1201.8,850.4,532.5,2.0,67.3,518.0,44.0,482.0,1316.8,3446.8,8444.4,1362.4,1132.8,0.0,254.3,1711.6,3420.3,523.8,971.4,5976.9,3992.9,3211.4,1509.9,4669.2,4495.8,2593.8,2702.1,1866.1,3077.5,1052.0,2449.5,1108.1,3453.9,1570.6,5193.7,8425.5,5557.8,1802.9,885.6
2026-09-21 07:45:00,890.1,338.6,1219.7,1190.0,859.6,568.5,2.0,57.4,513.3,100.2,465.9,1312.9,3511.5,8335.5,1361.4,1182.6,0.0,247.5,1710.9,3454.0,521.6,965.6,5989.6,3993.1,3244.9,1508.4,4675.7,4488.3,2607.9,2701.9,1867.4,3091.7,1061.1,2448.0,1113.4,3449.6,1577.6,5198.7,8458.7,5593.4,1814.7,874.7
2026-09-21 08:00:00,879.2,379.3,1170.1,1075.9,858.5,539.5,51.0,42.8,509.6,82.2,471.8,1298.9,3614.0,8502.5,1628.9,1295.0,0.0,230.4,1586.3,3638.1,508.4,980.1,5996.5,4006.5,3305.4,1390.9,4826.5,4640.3,2626.7,2670.0,1860.5,2983.1,1095.9,2455.5,1088.0,3466.0,1580.7,5021.1,8484.6,5708.7,1809.9,853.9
2026-09-21 08:15:00,873.9,404.2,1129.6,1045.6,862.8,561.2,51.0,27.3,504.7,127.0,492.9,1311.2,3933.7,8635.0,1601.0,1253.4,0.0,261.5,1567.8,3722.4,502.8,960.8,6006.9,3966.3,3313.3,1391.1,4817.2,4497.7,2631.7,2656.9,1863.6,2986.7,1101.6,2402.5,1093.7,3456.1,1583.1,5054.2,8453.5,5692.2,1814.6,841.1
2026-09-21 08:30:00,865.7,401.1,1070.6,840.5,861.3,618.0,51.0,28.2,493.9,125.6,499.6,1326.4,4212.4,8575.5,1533.8,1243.9,0.0,231.9,1569.2,3559.1,513.7,966.3,5959.4,3991.0,3311.4,1394.9,4806.9,4335.6,2633.8,2628.4,1863.4,3005.3,1106.6,2359.5,1099.4,3445.2,1584.7,5083.9,8408.2,5651.1,1783.9,811.2
2026-09-21 08:45:00,862.0,414.2,1014.7,825.9,857.2,641.5,51.0,30.1,483.6,69.9,532.1,1345.2,4561.2,8795.0,1482.7,1241.1,0.0,214.8,1566.5,3289.3,541.9,948.6,5980.7,3960.0,3301.7,1387.6,4808.3,4091.8,2637.6,2689.3,1865.8,3012.7,1115.6,2360.8,1113.9,3432.1,1586.7,5138.1,8391.8,5540.6,1779.6,806.2
2026-09-21 09:00:00,832.2,442.6,929.7,765.1,848.8,552.8,71.0,38.7,433.7,120.6,274.2,1268.3,4679.4,8825.1,1449.1,1344.3,117.4,221.1,1726.0,3187.2,580.1,924.0,5934.2,3814.9,3280.8,1365.4,4828.5,4019.9,2628.9,2611.0,1873.2,3113.3,1111.0,2248.2,1108.1,3110.3,1576.6,5411.2,8258.3,5318.6,1725.6,786.5
2026-09-21 09:15:00,822.0,439.1,887.5,752.1,849.7,588.6,71.0,35.4,402.3,51.4,293.9,1290.5,4734.3,8881.8,1411.5,1321.8,117.4,240.1,1727.8,3141.9,572.2,921.3,5921.9,3833.3,3268.7,1367.3,4807.9,3943.6,2632.8,2616.3,1869.3,3119.7,1109.9,2246.5,1105.6,3093.6,1567.0,5424.6,8214.3,5270.0,1708.6,792.1
2026-09-21 09:30:00,808.5,442.3,827.4,740.6,847.9,615.1,71.6,36.3,365.7,64.1,251.9,1317.0,4754.8,8796.9,1409.6,1299.8,117.4,165.0,1734.5,3003.9,589.0,922.7,5924.0,3775.7,3260.1,1366.9,4800.6,3916.9,2523.9,2593.2,1881.3,3049.6,1112.0,2211.2,1116.4,3076.7,1580.7,5320.3,8215.7,5206.5,1684.3,794.3
2026-09-21 09:45:00,792.6,437.7,771.2,737.1,842.7,614.1,80.6,37.6,314.7,43.6,292.2,1340.6,4866.0,8089.8,1489.2,1420.6,117.5,104.4,1769.9,3022.3,570.7,933.8,5919.3,3731.7,3251.3,1368.8,4785.8,3903.2,2528.2,2591.4,1892.4,2497.1,1107.7,2207.3,1115.5,3060.5,1564.2,5322.9,8180.3,5243.5,1665.2,806.8
2026-09-21 10:00:00,775.4,476.5,744.4,772.6,845.8,585.3,71.1,26.3,284.7,49.2,484.7,1394.1,4768.9,8067.1,1464.3,1536.1,121.7,232.9,1666.9,2627.4,575.6,945.1,5963.7,3674.3,3224.1,1389.5,4755.0,4321.7,2529.2,2372.7,1847.4,3127.6,1106.2,1891.6,1095.8,2095.7,1535.9,4874.2,8081.9,5307.2,1646.9,816.6
2026-09-21 10:15:00,833.1,462.4,709.8,806.9,843.9,604.2,71.9,25.7,259.3,56.2,472.7,1417.1,4994.9,8161.2,1401.9,1383.9,142.4,194.8,1812.5,2526.5,571.9,955.7,5942.4,3644.5,3208.1,1391.5,4739.2,4314.7,2529.9,2340.4,1869.7,2977.5,1104.4,1893.0,1101.2,2092.4,1529.7,4710.6,8043.5,5290.5,1624.3,825.8
2026-09-21 10:30:00,814.8,467.8,691.2,843.6,843.0,562.8,74.3,25.8,236.1,74.5,465.1,1452.2,5687.5,8350.9,1391.2,1347.7,121.7,198.1,1855.9,2232.9,574.7,960.2,5927.8,3591.8,3197.7,1392.4,4730.4,4304.4,2636.6,2360.2,1874.9,2978.7,1102.3,1932.6,1102.3,2092.5,1517.1,4669.1,8009.5,5310.6,1613.4,836.4
2026-09-21 10:45:00,755.1,430.2,668.1,871.3,843.7,503.8,91.7,26.2,209.5,90.7,430.6,1470.9,5793.3,8515.1,1385.7,1237.4,121.7,122.0,1930.8,1613.4,594.6,956.3,5904.5,3577.9,3185.7,1394.7,4707.8,4291.5,2637.7,2364.7,1870.3,2930.0,1096.3,1899.7,1097.3,2092.5,1511.0,4427.7,7982.2,5274.4,1592.8,846.7
2026-09-21 11:00:00,732.8,545.2,657.1,898.5,835.2,659.8,35.1,32.5,180.1,118.8,506.4,1500.8,5732.6,8472.7,1542.3,1328.2,139.4,127.6,1959.3,2075.8,595.4,959.1,5981.3,3471.7,3156.6,1472.6,4605.6,3690.2,2618.6,2351.8,1881.2,2748.0,1094.8,2213.3,1099.4,2014.1,1501.6,4171.6,7880.4,5369.7,1562.8,859.4
2026-09-21 11:15:00,737.9,490.0,644.4,935.0,830.5,601.4,36.0,33.9,160.7,135.5,509.2,1518.8,5782.5,8559.8,1560.1,1365.5,139.4,168.4,1966.3,1618.4,591.1,700.5,5964.4,3475.7,3145.6,1467.3,4596.9,3654.4,2617.2,2365.3,1881.4,2745.9,1092.5,2092.0,1102.1,2018.2,1491.8,4139.0,7881.5,5383.8,1544.3,873.3
2026-09-21 11:30:00,738.7,462.2,856.5,972.5,837.2,538.3,38.2,33.9,136.6,148.1,485.9,1544.6,5786.5,8664.0,1499.3,1387.6,139.4,139.6,1964.3,1566.8,591.3,376.0,5952.3,3497.1,3141.4,1387.6,4582.3,3632.6,2614.6,2355.5,1883.0,2786.0,1091.0,1989.9,1106.7,2020.2,1495.0,4154.5,7876.3,5339.6,1535.1,889.2
2026-09-21 11:45:00,742.8,458.1,860.7,924.9,837.5,517.7,54.0,34.6,107.0,99.6,441.0,1555.6,5833.1,8747.8,1483.9,1415.5,139.4,140.0,1957.9,1562.8,664.5,330.5,5917.3,3525.4,3129.0,1388.6,4584.5,3626.5,2613.2,2353.8,1887.0,2780.2,1087.0,1915.4,1102.3,2022.9,1478.7,4043.6,7871.2,5353.6,1526.2,894.9
2026-09-21 12:00:00,742.0,493.0,918.9,978.8,838.2,577.9,23.0,38.3,102.1,186.2,411.5,1589.6,5802.9,8737.8,1703.4,1442.3,134.8,145.9,2022.4,1629.7,609.6,312.2,5912.1,3534.1,3106.5,1340.7,4571.4,3521.2,2615.4,2380.0,1881.2,2552.2,1086.3,1910.2,1097.2,2037.6,1489.0,3800.2,7817.0,5442.6,1488.7,920.0
2026-09-21 12:15:00,747.7,450.1,921.1,985.8,852.6,504.4,23.0,38.6,100.0,150.8,372.9,1600.7,5882.5,8714.4,1695.9,1444.6,134.8,141.7,2012.9,1655.8,604.0,311.5,5893.1,3555.6,3096.3,1340.1,4564.5,3514.2,2613.2,2355.4,1879.3,2607.7,1084.6,1826.7,1092.7,2041.8,1474.7,3813.8,7849.4,5436.9,1481.8,927.8
2026-09-21 12:30:00,734.7,444.8,926.3,996.9,849.7,451.9,23.0,38.8,99.5,150.0,364.3,1646.1,5927.6,8666.2,1635.1,1473.5,134.8,161.5,2014.1,1598.2,597.1,310.9,5895.0,3589.1,3095.1,1338.5,4564.4,3508.5,2609.9,2363.5,1879.9,2590.6,1081.7,1838.2,1085.8,2046.3,1454.1,3812.7,7823.7,5371.6,1486.5,935.9
2026-09-21 12:45:00,738.0,433.5,926.9,969.7,848.3,477.7,23.0,39.5,107.2,143.6,406.7,1663.0,5991.8,8575.5,1608.0,1484.8,134.8,126.4,2012.7,1691.3,594.5,308.9,5882.5,3619.1,3083.5,1333.2,4563.2,3504.3,2608.5,2340.4,1884.2,2618.7,1076.2,1800.9,1080.0,2051.4,1438.4,3696.6,7811.0,5363.1,1480.4,942.8
2026-09-21 13:00:00,770.3,424.8,960.2,995.5,861.0,482.8,14.0,40.9,97.9,131.6,467.3,1671.0,5989.1,8067.2,1958.6,1418.3,135.0,108.1,2006.1,1832.7,627.2,316.0,5911.9,3606.0,3068.3,1331.5,4646.1,3489.4,2604.8,2249.0,1861.2,2711.0,1070.3,1753.5,1067.6,2059.0,1422.2,3850.6,8048.2,5462.3,1497.3,953.3
2026-09-21 13:15:00,769.9,417.9,958.5,973.4,865.3,479.1,14.0,41.1,96.2,129.5,461.9,1678.4,6034.2,8079.0,1945.4,1411.5,134.9,108.1,2012.2,1824.3,625.9,314.0,5924.3,3625.4,3064.8,1331.4,4651.2,3486.2,2604.3,2221.2,1857.6,2747.3,1069.7,1694.8,1057.3,2064.9,1417.8,3792.1,7998.9,5433.1,1495.2,957.7
2026-09-21 13:30:00,772.7,410.9,964.2,963.8,862.3,488.2,25.2,40.6,97.0,112.7,453.9,1685.5,6033.8,8072.1,1923.4,1409.7,134.9,152.2,2010.7,1659.5,629.2,309.8,5899.6,3650.8,3067.6,1330.7,4652.3,3483.0,2602.5,2211.1,1857.8,2762.6,1074.6,1636.9,1044.5,2071.2,1405.0,3748.9,7976.2,5410.5,1500.0,956.7
2026-09-21 13:45:00,780.0,400.4,976.3,974.6,856.9,479.6,20.3,40.8,96.6,104.3,449.2,1693.6,5974.7,8053.3,1922.7,1407.7,134.9,151.8,2003.7,1559.1,619.2,302.6,5880.7,3670.9,3067.2,1330.0,4645.0,3481.6,2602.3,2188.6,1857.0,2852.4,1067.0,1578.3,1048.8,2082.0,1403.9,3887.3,7983.8,5396.8,1496.0,965.4
2026-09-21 14:00:00,820.6,385.0,973.1,968.7,857.6,486.5,28.4,44.7,94.2,106.2,443.5,1690.4,5997.9,8122.7,1901.0,1411.6,15.1,296.8,2002.9,1668.3,583.9,301.6,5854.0,3705.0,3069.1,1328.3,4349.0,3420.3,2616.0,2134.6,1865.6,2943.4,1063.6,1707.9,1052.5,2102.2,1400.0,3997.7,7979.5,5387.1,1485.2,965.2
2026-09-21 14:15:00,846.3,404.1,999.9,963.7,855.3,510.6,18.4,44.1,93.0,98.5,439.9,1692.8,5814.5,8345.7,1901.5,1411.9,15.0,325.7,1986.1,1710.0,584.0,296.3,5797.1,3723.1,3051.2,1326.9,4332.7,3418.7,2607.0,2144.5,1869.4,2908.7,1066.0,1793.5,1055.0,2118.2,1402.4,4038.1,7982.7,5367.0,1483.2,958.4
2026-09-21 14:30:00,803.8,362.3,790.0,939.0,861.8,437.2,17.3,43.7,92.0,92.6,448.0,1686.6,5809.8,8491.2,1918.3,1388.9,15.0,280.4,1983.7,1769.0,584.4,291.6,5819.6,3728.3,3056.7,1329.8,4323.3,3417.7,2615.3,2150.6,1862.4,2899.5,1063.5,1796.7,1057.5,2133.6,1408.3,4047.9,7983.9,5299.3,1490.4,958.1
2026-09-21 14:45:00,822.7,350.5,796.1,933.4,865.8,428.5,16.1,43.1,89.2,90.6,416.0,1686.1,5733.5,8470.9,1923.1,1392.2,15.0,262.0,1984.7,1750.3,586.0,285.3,5763.8,3725.6,3055.7,1328.3,4335.4,3416.3,2616.5,2156.1,1860.8,2871.5,1062.8,1831.5,1058.8,2148.5,1422.6,4085.5,7965.5,5269.5,1485.4,954.2
2026-09-21 15:00:00,801.6,331.2,756.1,866.5,832.9,396.3,22.3,36.8,85.7,95.5,482.1,1710.6,5865.3,8374.8,1609.1,1415.3,15.0,212.0,1953.0,1781.2,560.7,281.8,5707.2,3899.9,3056.5,1353.4,4327.0,3544.0,2627.8,2119.6,1869.1,2965.8,1060.4,1762.8,1058.4,2181.6,1438.3,4231.7,7937.1,5114.1,1548.1,952.9
2026-09-21 15:15:00,792.5,315.8,775.1,872.8,835.3,372.1,20.5,36.4,85.3,80.3,477.6,1716.6,5766.8,8552.7,1642.2,1412.4,15.0,231.9,1878.9,1741.0,565.5,275.7,5718.4,3905.7,3068.0,1361.7,4329.5,3544.6,2626.5,2126.2,1874.0,2965.6,1061.7,1801.9,1061.7,2190.7,1455.7,4250.0,7879.7,5117.1,1557.4,939.8
2026-09-21 15:30:00,800.5,330.2,806.7,841.4,832.4,395.4,18.0,35.8,86.1,63.4,471.6,1670.0,5423.2,8552.9,1689.2,1374.6,15.0,241.1,1960.7,1744.6,574.4,454.8,5707.3,3942.3,3075.1,1360.8,4344.4,3553.5,2624.9,2125.6,1872.2,2961.6,1064.1,1896.5,1061.4,2193.9,1467.4,4287.0,7885.1,5137.2,1565.4,936.3
2026-09-21 15:45:00,786.8,316.1,847.9,816.1,829.3,373.8,18.0,38.2,93.6,110.0,465.3,1638.0,4838.4,8459.9,1688.2,1360.2,15.3,324.1,1932.1,1833.7,602.9,816.4,5718.9,3977.2,3085.0,1360.9,4349.8,3567.5,2629.2,2140.3,1872.9,2918.4,1065.7,2062.5,1068.9,2194.5,1477.7,4339.4,7902.3,5101.6,1572.8,918.4
2026-09-21 16:00:00,818.5,253.0,854.1,760.8,837.2,288.5,7.8,40.1,124.2,71.9,379.0,1660.2,4834.6,8485.5,1585.7,1243.1,10.0,206.8,1927.7,1638.3,579.0,423.7,5680.1,4028.6,3148.3,1460.8,4366.8,3776.2,2733.9,2285.0,1843.9,2881.1,1068.3,2050.5,1077.4,2394.3,1503.8,4741.8,7972.9,4970.6,1549.9,898.3
2026-09-21 16:15:00,829.7,249.3,926.1,780.5,840.5,293.1,3.0,38.9,113.5,106.5,378.2,1646.2,4699.6,8322.8,1594.5,1274.7,10.0,230.3,1932.9,2001.6,590.8,767.7,5674.9,4047.1,3155.2,1538.5,4379.2,3777.8,2730.5,2271.4,1840.7,2895.4,1073.8,2082.0,1072.1,2392.4,1521.8,4865.9,8020.5,4989.1,1574.7,871.2
2026-09-21 16:30:00,818.9,229.1,1005.5,766.1,831.2,267.5,3.0,53.4,142.0,90.7,373.5,1573.7,4679.6,8132.3,1656.1,1270.0,10.0,309.9,1833.5,2256.2,570.4,853.8,5662.0,4135.4,3169.7,1541.4,4393.9,3789.9,2728.0,2228.0,1838.1,2977.2,1071.6,2215.8,1074.3,2392.0,1525.2,4952.0,8050.2,4954.1,1616.3,842.9
2026-09-21 16:45:00,827.2,227.1,1088.7,782.7,830.1,233.9,3.0,53.2,144.9,81.2,370.9,1526.6,4545.0,7937.0,1750.1,1261.6,10.0,356.5,1756.1,2293.8,559.5,845.5,5611.5,4221.9,3184.2,1544.8,4385.8,3889.1,2725.9,2262.4,1809.0,3340.4,1073.7,2360.8,1076.4,2393.0,1529.6,4911.7,8119.1,4957.5,1645.4,815.2
2026-09-21 17:00:00,849.9,197.3,1169.3,773.1,835.7,278.7,12.0,81.2,203.1,69.9,124.0,1471.7,4670.8,7850.2,1676.9,1133.1,0.0,236.4,2003.1,3061.3,617.9,900.4,5664.2,4203.0,3179.6,1444.8,4545.9,4002.1,2754.2,2230.5,1826.7,3055.8,1074.6,2640.6,1080.5,3309.9,1553.1,5624.6,8350.7,4979.7,1730.0,762.7
2026-09-21 17:15:00,848.4,212.0,1215.0,802.4,842.3,259.7,13.7,81.2,225.2,48.6,124.9,1432.5,4514.1,7801.7,1767.8,1300.4,0.1,280.3,1798.7,3091.5,604.3,892.4,5631.3,4425.4,3172.5,1487.5,4542.9,4127.5,2752.3,2222.0,1809.7,3170.1,1047.1,2662.7,1083.7,3322.6,1556.3,5689.0,8369.8,5012.7,1758.4,730.3
2026-09-21 17:30:00,862.7,202.3,1264.9,984.0,849.3,236.2,12.0,79.8,245.6,37.2,127.6,1403.1,4529.5,7540.5,1851.7,1422.0,0.0,294.4,1796.6,3469.9,584.4,892.2,5620.0,4452.5,3172.1,1524.9,4548.4,4237.7,2748.9,2214.9,1809.7,3161.3,1049.5,2743.5,1088.1,3339.1,1556.3,5744.3,8405.3,5159.9,1781.7,699.0
2026-09-21 17:45:00,876.8,219.6,1288.6,968.2,860.8,257.8,12.0,84.5,273.9,38.4,128.8,1408.1,4515.3,7360.0,1954.6,1375.2,0.0,322.5,1802.3,3450.8,549.6,1095.6,5665.8,4434.5,3173.0,1541.8,4560.3,4586.6,2748.9,2193.2,1809.6,3159.4,1055.1,2965.3,1086.9,3359.9,1562.5,5702.3,8462.8,5290.3,1798.7,665.2
2026-09-21 18:00:00,893.5,239.5,1334.7,983.8,874.0,546.5,4.2,52.5,297.6,16.0,438.3,1337.6,4440.6,6971.6,1990.7,1226.2,5.0,163.2,1720.5,3653.2,539.6,1121.3,5766.6,4483.9,3171.5,1498.8,4669.8,4518.7,2808.8,2212.2,1799.2,3235.7,1016.8,3193.5,1086.0,3236.8,1556.5,5479.7,8500.7,5221.3,1813.1,680.6
2026-09-21 18:15:00,909.1,271.4,1369.3,990.7,885.0,599.5,1.0,51.6,329.8,17.7,447.6,1325.6,3856.5,7001.8,1847.6,1047.3,5.0,192.7,1725.0,3618.5,532.5,1119.3,5803.0,4462.4,3183.7,1538.1,4673.6,4737.7,2809.3,2144.4,1802.2,3229.9,1017.5,3409.5,1078.9,3264.3,1557.3,5460.0,8516.1,5241.9,1830.1,662.8
2026-09-21 18:30:00,920.1,273.2,1390.7,1183.3,889.1,599.4,1.0,49.5,361.6,21.6,473.8,1294.7,3869.2,6892.4,1716.9,879.3,5.0,192.3,1727.7,3560.8,530.9,1111.1,5819.3,4469.7,3186.3,1533.8,4701.1,4903.7,2806.6,2130.8,1809.5,3225.9,1023.1,3572.7,1074.1,3292.6,1561.5,5429.1,8549.8,5264.8,1853.0,645.7
2026-09-21 18:45:00,925.2,294.4,1410.7,1217.0,894.5,592.1,1.1,54.3,377.2,97.4,482.6,1332.5,3523.7,6796.7,1762.2,1071.5,5.0,171.3,1732.8,3571.7,535.0,1145.8,5836.2,4497.6,3203.3,1533.1,4652.2,4941.9,2805.0,2119.1,1811.3,3221.3,1020.6,3755.4,1083.0,3321.7,1567.3,5442.1,8587.5,5321.8,1862.6,628.0
2026-09-21 19:00:00,922.3,289.9,1430.0,1283.4,903.8,671.0,1.0,92.1,406.7,9.9,562.7,1274.7,3866.3,6431.5,2023.6,1125.3,109.8,66.0,1532.7,3627.0,558.0,1058.6,5865.2,4500.0,3208.7,1549.4,4555.5,5663.9,2876.1,2131.0,1812.8,3218.4,1026.7,3363.4,1097.2,3144.8,1579.7,5476.8,8647.5,5330.7,1905.7,653.5
2026-09-21 19:15:00,926.5,304.3,1429.6,1278.7,909.2,669.1,1.0,95.4,409.7,70.1,565.7,1262.1,3548.1,6331.8,2037.9,1120.2,109.8,76.3,1505.5,3577.1,555.9,1052.3,5870.4,4509.0,3217.8,1549.6,4571.6,5753.8,2877.9,2121.2,1817.6,3215.3,1032.6,3370.7,1092.6,3179.2,1583.3,5417.4,8663.9,5386.1,1913.4,638.3
2026-09-21 19:30:00,922.1,311.6,1424.3,1280.4,909.2,657.1,1.0,95.6,413.4,77.4,550.7,1253.1,3557.6,6285.4,1974.1,1133.4,109.8,75.9,1494.1,3549.8,534.4,1049.5,5876.0,4476.2,3237.7,1554.4,4597.9,5815.0,2876.5,2103.7,1825.6,3212.5,1022.4,3395.4,1093.3,3216.1,1578.5,5387.1,8668.0,5357.7,1920.8,625.5
2026-09-21 19:45:00,912.9,318.2,1411.2,1273.1,904.3,665.9,1.0,96.2,417.0,83.8,531.5,1250.1,3524.2,6165.8,1961.7,1201.8,109.8,75.5,1483.8,3563.8,530.6,1070.7,5866.9,4482.1,3258.3,1556.5,4607.5,5835.3,2877.5,2097.5,1815.8,3209.6,1028.6,3402.1,1091.9,3255.3,1584.1,5364.8,8657.8,5303.1,1912.5,611.7
2026-09-21 20:00:00,904.0,315.6,1376.1,1274.3,890.8,637.0,1.0,65.0,412.5,94.2,550.1,1332.6,3502.0,6190.2,1739.7,1172.7,130.2,67.3,1573.4,3159.3,519.7,1025.2,5731.5,4415.1,3277.3,1517.7,4716.3,5749.3,2862.7,2125.0,1813.5,3319.4,1042.7,3433.0,1085.3,2917.9,1581.3,5479.7,8606.7,5238.3,1902.3,554.5
2026-09-21 20:15:00,894.1,298.7,1340.1,1272.3,878.4,636.6,1.0,61.1,409.9,94.2,548.7,1334.8,3768.7,6419.5,1731.9,1143.8,130.9,47.2,1568.9,3111.6,515.8,1016.6,5719.6,4365.7,3278.4,1516.0,4723.7,5718.7,2860.8,2122.3,1815.9,3311.6,1047.0,3409.0,1079.1,2953.1,1581.0,5448.4,8580.2,5207.9,1885.4,543.5
2026-09-21 20:30:00,880.9,295.2,1294.9,1261.0,861.6,630.2,1.0,56.5,404.0,88.2,533.6,1340.9,3773.3,6365.6,1713.4,1101.8,131.7,47.1,1564.2,3073.9,514.4,1004.2,5691.9,4356.8,3269.1,1515.3,4739.1,5568.0,2858.5,2137.0,1834.1,3285.9,1047.4,3488.8,1078.1,2983.2,1581.6,5383.1,8540.3,5193.2,1873.0,530.9
2026-09-21 20:45:00,878.7,294.3,1243.4,1244.7,843.0,618.4,1.0,52.2,402.9,73.3,555.6,1321.4,3775.2,5856.1,1710.4,1096.2,132.9,47.0,1559.3,3018.9,535.0,994.7,5680.3,4278.0,3266.3,1513.7,4745.6,5423.1,2856.6,2157.1,1829.3,3268.4,1042.4,3540.6,1082.5,3011.1,1574.7,5379.6,8493.1,5176.3,1854.0,520.8
2026-09-21 21:00:00,846.8,274.4,1190.3,1182.2,818.3,495.6,1.0,72.3,391.8,86.3,481.8,1255.3,3453.3,6117.1,1670.4,1125.5,91.1,140.6,1364.6,2471.5,527.3,988.5,5681.2,4250.4,3228.2,1559.1,4744.3,5410.6,2871.0,2191.5,1798.5,3317.1,1042.2,3535.0,1069.7,2861.1,1562.7,5252.2,8332.1,5169.2,1814.8,531.3
2026-09-21 21:15:00,823.5,263.7,1151.6,1173.5,799.9,471.4,1.0,71.9,385.3,65.7,460.1,1255.5,3451.3,5659.5,1673.9,1020.9,91.2,120.1,1359.3,2435.0,533.5,974.9,5685.4,4247.6,3210.9,1557.3,4724.4,5310.2,2866.4,2206.7,1801.3,3311.0,1034.0,3527.6,1069.8,2875.2,1552.0,5249.9,8243.7,5041.3,1782.8,523.7
2026-09-21 21:30:00,815.6,266.6,1114.1,959.9,777.9,485.0,1.1,72.3,396.7,21.0,444.8,1264.2,3491.3,5711.5,1687.4,1019.4,109.0,81.0,1364.1,2378.6,530.5,963.1,5705.3,4212.2,3192.3,1552.5,4726.6,5361.2,2861.9,2188.8,1806.9,3305.6,1031.1,3495.8,1065.6,2882.4,1538.7,5225.5,8148.5,5057.9,1758.1,516.3
2026-09-21 21:45:00,815.8,249.8,1078.1,950.3,756.1,462.5,1.0,72.3,388.0,19.8,422.2,1274.8,3486.6,5485.4,1669.4,1005.9,109.2,80.3,1360.4,2298.4,532.1,950.6,5689.4,4151.7,3169.7,1550.7,4709.4,5304.7,2857.8,2194.3,1804.6,3301.3,1020.3,3455.8,1061.2,2883.3,1527.0,5206.9,8053.5,5009.3,1735.3,509.1
2026-09-21 22:00:00,795.5,252.7,1045.4,903.0,734.4,368.0,12.0,41.7,376.3,21.0,428.5,1269.5,3052.6,5442.6,1552.8,1015.3,154.3,47.0,1346.6,2233.7,519.0,940.1,5551.9,4134.6,3101.5,1540.5,4663.6,5116.2,2852.2,2211.5,1783.3,3268.0,1003.8,3383.9,1050.6,2848.5,1506.8,5320.6,7947.8,4892.1,1704.4,459.1
2026-09-21 22:15:00,780.1,255.4,1021.8,887.1,713.0,367.5,12.0,43.3,372.2,18.9,424.7,1272.6,3065.4,5284.7,1535.8,988.1,155.2,46.7,1341.9,2187.4,515.6,925.4,5501.0,4112.2,3066.5,1529.8,4640.1,4943.7,2844.2,2251.9,1786.5,3252.1,987.8,3339.5,1039.1,2841.5,1504.4,5249.0,7857.5,4886.9,1681.3,457.6
2026-09-21 22:30:00,765.4,258.1,1005.0,869.8,695.6,361.2,12.0,38.4,367.2,21.0,414.6,1273.4,3089.0,5196.0,1545.4,1008.7,156.1,56.5,1337.5,2126.6,515.0,913.3,5451.8,4067.8,3031.3,1526.7,4623.2,4822.9,2837.1,2260.0,1779.2,3235.3,980.5,3337.8,1031.8,2831.9,1491.2,5205.3,7767.2,4817.5,1653.3,452.1
2026-09-21 22:45:00,761.8,260.9,998.6,862.5,682.8,356.5,12.0,34.4,362.5,19.9,409.6,1269.0,3635.8,5108.0,1524.0,1010.4,137.0,131.0,1334.3,2066.0,517.7,901.2,5402.3,4051.1,2998.8,1524.4,4596.8,4735.8,2830.5,2264.7,1777.1,3222.7,970.5,3311.3,1027.0,2822.0,1483.1,5170.2,7701.6,4760.3,1633.1,450.1
2026-09-21 23:00:00,735.8,246.7,999.0,852.1,658.1,257.5,12.0,73.4,361.3,15.0,166.0,1281.4,3250.4,4921.4,1451.8,1007.5,149.4,97.0,1128.1,1916.8,476.1,857.6,5250.7,4079.6,2888.7,1525.5,4616.7,4771.2,2805.5,2207.1,1750.6,3184.7,951.0,3203.0,1023.4,2789.6,1481.6,4953.2,7552.4,4760.9,1615.7,458.1
2026-09-21 23:15:00,727.6,249.4,990.6,826.6,649.1,256.8,14.7,73.3,357.0,10.0,168.9,1284.2,3464.5,4709.7,1430.2,987.0,149.4,110.2,1140.8,1868.6,479.2,839.8,5210.5,4071.6,2842.9,1522.2,4589.4,4753.3,2801.0,2204.4,1746.2,3183.3,938.4,3130.6,1018.0,2778.9,1471.3,4924.1,7506.7,4730.8,1602.0,448.8
2026-09-21 23:30:00,721.9,252.3,973.6,622.4,624.9,277.4,14.7,66.9,349.3,19.4,143.2,1288.0,3466.7,4719.8,1430.6,1016.0,149.4,110.1,1141.1,1677.2,469.4,825.2,5172.1,4018.0,2801.5,1516.9,4570.2,4928.8,2794.4,2183.9,1741.4,3178.7,928.1,2967.2,1003.1,2770.6,1458.0,4872.7,7441.0,4750.5,1588.1,451.2
2026-09-21 23:45:00,725.1,255.1,975.6,606.2,613.9,270.4,14.7,46.8,344.0,14.3,137.8,1296.8,3480.0,4482.2,1404.4,1003.4,149.5,125.2,1164.5,1609.7,465.1,807.3,5130.0,3982.1,2757.7,1513.6,4554.7,4857.4,2788.6,2194.1,1731.3,3183.8,921.0,2919.9,1001.1,2763.3,1437.7,4888.2,7404.5,4758.6,1575.7,446.5
