date,EE_buy,EE_sell,LT_buy,LT_sell,LV_buy,LV_sell,AT_buy,AT_sell,BE_buy,BE_sell,FR_buy,FR_sell,GER_buy,GER_sell,NL_buy,NL_sell,PL_buy,PL_sell,DK1_buy,DK1_sell,DK2_buy,DK2_sell,FI_buy,FI_sell,NO1_buy,NO1_sell,NO2_buy,NO2_sell,NO3_buy,NO3_sell,NO4_buy,NO4_sell,NO5_buy,NO5_sell,SE1_buy,SE1_sell,SE2_buy,SE2_sell,SE3_buy,SE3_sell,SE4_buy,SE4_sell
2026-09-21 00:00:00,716.0,241.8,824.8,1010.2,596.2,121.1,35.0,39.4,299.2,56.2,248.7,1380.6,3696.3,8008.7,1289.6,1078.8,61.1,93.0,1380.7,2799.2,564.1,994.6,5045.9,3968.7,2537.1,1213.7,4422.7,3270.7,2405.4,2759.1,1777.1,1435.0,1108.9,1496.5,994.3,2136.4,1379.7,3773.3,6832.9,5190.6,1303.9,1154.8
2026-09-21 00:15:00,709.5,235.0,825.9,1008.8,595.9,120.0,35.0,39.2,294.8,53.0,241.5,1372.1,3699.2,8022.4,1471.7,1236.2,60.6,91.4,1431.3,2791.1,556.8,995.2,5075.2,3911.0,2510.4,1213.7,4410.7,3263.5,2403.0,2760.0,1771.9,1243.5,1101.5,1497.0,993.9,2134.3,1380.0,3778.5,6794.8,5185.4,1299.1,1150.3
2026-09-21 00:30:00,739.2,228.0,828.1,986.3,599.2,119.3,35.0,38.7,292.3,51.4,242.6,1374.5,3698.4,7993.6,1517.1,1346.4,60.1,89.7,1521.7,2793.2,564.8,994.9,5066.4,3855.8,2487.2,1214.7,4388.7,3262.4,2394.0,2728.9,1768.7,1169.1,1096.4,1497.2,981.0,2133.1,1378.7,3777.5,6750.0,5185.6,1291.3,1145.8
2026-09-21 00:45:00,736.9,220.9,834.2,931.4,594.0,117.9,37.7,39.9,288.9,52.2,230.2,1362.7,3697.7,7975.0,1487.6,1344.1,59.8,89.5,1511.6,2710.4,565.7,993.9,5057.6,3802.0,2467.9,1214.5,4376.7,3261.0,2388.1,2733.9,1767.8,1161.1,1091.7,1497.3,975.0,2132.9,1375.6,3778.4,6710.9,5132.1,1279.8,1143.7
2026-09-21 01:00:00,737.6,214.6,939.6,943.0,603.5,116.1,42.2,22.0,284.0,53.8,253.1,1330.7,3603.7,7867.6,1401.5,1410.4,13.8,147.1,1494.9,2563.7,571.3,1000.1,5186.9,3755.8,2409.9,1227.6,4383.6,3619.4,2368.8,2788.5,1751.3,1162.7,1057.5,1502.2,980.3,2100.2,1400.4,3637.2,6695.5,5167.9,1272.3,1118.8
2026-09-21 01:15:00,728.5,211.1,933.3,906.4,598.4,110.4,42.2,21.5,284.1,49.8,253.7,1333.8,3607.4,7820.1,1388.5,1368.6,33.5,145.3,1515.1,2477.2,570.8,999.6,5189.7,3704.6,2394.7,1227.6,4377.6,3616.2,2366.3,2787.8,1750.3,1165.3,1053.1,1501.6,971.2,2101.9,1400.0,3627.8,6679.9,5083.5,1272.2,1115.4
2026-09-21 01:30:00,725.2,207.9,928.1,932.5,605.8,112.3,44.9,13.7,287.9,49.0,241.0,1336.2,3612.0,7788.6,1372.3,1384.0,13.4,145.2,1506.0,2478.0,576.9,999.8,5178.8,3666.5,2378.8,1227.6,4368.6,3612.1,2364.1,2791.1,1750.3,1169.8,1047.0,1500.8,973.1,2104.2,1402.1,3619.9,6655.3,5153.7,1266.3,1110.6
2026-09-21 01:45:00,721.7,204.8,920.0,893.3,605.7,109.4,44.9,13.5,285.7,53.0,224.0,1339.3,3638.7,7716.4,1368.5,1379.5,33.1,160.6,1509.0,2481.0,573.8,999.6,5183.9,3614.8,2360.3,1227.6,4358.5,3606.4,2361.1,2784.0,1746.6,1173.3,1044.5,1500.1,979.5,2108.1,1402.8,3611.2,6629.3,5061.8,1265.9,1107.5
2026-09-21 02:00:00,723.0,201.2,910.6,898.2,630.0,108.6,41.2,19.4,287.3,45.4,282.2,1350.7,3775.0,7660.9,1400.4,1395.3,5.0,246.2,1485.6,2382.8,567.7,998.4,5211.3,3619.3,2330.2,1236.4,4388.2,3635.3,2350.3,2798.9,1734.3,1176.8,988.2,1489.0,975.2,2098.7,1427.2,3503.3,6731.7,5160.9,1268.2,1099.1
2026-09-21 02:15:00,696.2,197.1,912.9,886.8,630.1,109.7,43.1,20.4,277.2,49.4,286.7,1353.4,3764.8,7627.5,1400.5,1365.3,5.0,245.5,1488.7,2376.1,569.1,998.2,5212.9,3550.2,2319.7,1235.5,4382.2,3636.3,2350.1,2797.4,1733.0,1181.8,985.8,1489.0,966.8,2103.1,1422.8,3496.5,6719.0,5156.1,1267.1,1092.0
2026-09-21 02:30:00,693.8,192.8,917.8,892.3,627.1,111.5,43.9,19.6,283.0,50.2,286.5,1359.4,4334.4,7615.7,1389.3,1362.1,5.0,246.2,1467.5,2384.3,557.1,998.0,5182.3,3533.9,2310.8,1235.5,4380.0,3641.1,2349.0,2797.1,1730.8,1187.4,983.2,1487.6,964.6,2105.8,1417.7,3513.0,6709.6,5182.5,1265.7,1083.8
2026-09-21 02:45:00,685.0,189.0,925.5,918.7,629.6,116.1,43.9,20.1,286.8,48.6,247.3,1364.2,4335.6,7597.0,1391.7,1367.7,5.0,246.8,1470.0,2384.6,556.1,998.0,5225.8,3503.2,2308.1,1234.5,4377.5,3646.9,2347.3,2796.4,1731.0,1194.8,979.9,1487.3,962.6,2106.8,1409.8,3501.9,6696.6,5200.6,1266.7,1076.2
2026-09-21 03:00:00,692.9,186.3,835.8,898.1,624.8,111.5,41.2,17.9,288.7,38.6,294.3,1381.4,4545.1,7533.9,1356.7,1385.8,11.9,160.7,1513.0,2278.1,551.8,998.0,5149.0,3495.1,2289.6,1236.2,4471.2,3763.0,2341.4,2803.8,1725.0,1197.7,982.6,1479.2,961.6,2117.8,1403.1,3481.7,6729.4,5133.1,1271.0,1056.4
2026-09-21 03:15:00,697.2,186.5,843.7,898.5,629.0,115.9,43.9,17.8,282.7,41.0,291.3,1399.2,4547.8,7582.2,1364.1,1358.1,11.9,161.2,1509.8,2279.1,555.4,995.9,5155.7,3477.3,2286.6,1234.1,4473.0,3763.4,2343.7,2801.3,1725.7,1201.0,979.8,1478.6,961.5,2118.3,1397.8,3471.6,6746.1,5150.7,1276.3,1047.7
2026-09-21 03:30:00,701.0,186.5,855.8,909.4,624.5,119.0,41.2,18.1,285.5,38.6,291.4,1389.8,4546.3,7607.4,1360.3,1362.8,11.9,161.8,1469.2,2278.1,547.8,995.6,5190.3,3451.6,2283.8,1234.0,4470.0,3761.4,2343.2,2805.4,1725.5,1206.8,979.9,1477.4,971.2,2120.6,1397.1,3466.8,6727.5,5221.0,1273.5,1039.0
2026-09-21 03:45:00,697.9,186.5,865.4,927.3,632.0,120.0,41.2,18.1,294.6,40.2,304.9,1382.8,4547.3,7602.1,1357.2,1366.8,11.9,142.9,1351.4,2339.2,544.0,994.7,5204.4,3417.7,2282.0,1231.9,4478.0,3759.2,2344.1,2802.7,1726.0,1215.5,977.3,1476.6,980.6,2123.0,1406.4,3463.1,6713.0,5215.3,1275.7,1029.7
2026-09-21 04:00:00,717.0,187.9,879.3,893.6,627.9,115.6,40.7,22.7,292.8,36.2,314.2,1377.8,3662.2,7693.7,1353.3,1358.6,5.0,204.3,1547.8,2564.1,549.4,992.7,5271.5,3475.0,2285.8,1237.7,4283.7,3605.3,2347.0,2824.5,1728.7,1218.4,978.0,1457.5,978.0,2198.1,1342.5,3631.2,6617.9,5028.2,1299.5,1019.2
2026-09-21 04:15:00,721.9,187.9,895.8,929.9,636.2,121.2,38.0,23.5,292.3,42.6,311.6,1383.2,3650.7,7653.0,1348.9,1339.9,5.0,203.9,1534.3,2570.2,535.5,990.8,5273.1,3461.6,2288.0,1237.4,4287.4,3598.7,2350.1,2819.3,1733.8,1221.6,978.1,1455.8,986.1,2203.5,1353.7,3646.6,6646.8,5074.1,1307.5,1011.7
2026-09-21 04:30:00,738.2,188.0,918.8,968.5,633.9,121.1,38.0,30.4,293.4,42.6,307.7,1387.1,3652.9,7630.8,1333.8,1322.2,5.0,223.2,1404.1,2652.1,532.7,990.2,5319.2,3437.1,2296.0,1236.4,4295.5,3590.1,2353.3,2819.5,1727.1,1248.9,975.5,1455.8,989.8,2210.1,1361.2,3678.9,6657.3,5123.1,1308.5,1005.5
2026-09-21 04:45:00,721.0,187.1,955.4,974.2,642.8,124.1,38.0,30.2,302.4,41.8,320.2,1375.4,3648.9,7607.6,1325.4,1322.2,5.0,203.7,1404.4,2655.7,524.7,986.6,5339.0,3481.6,2306.8,1236.3,4303.6,3580.6,2354.5,2848.3,1727.8,1588.3,979.3,1452.5,986.1,2217.3,1358.0,3741.0,6686.1,5170.6,1320.8,997.0
2026-09-21 05:00:00,761.1,186.7,1017.2,972.6,664.2,215.7,37.0,24.8,320.4,27.9,157.0,1320.8,3851.9,7571.9,1333.6,1274.6,5.0,146.5,1427.6,2886.5,551.0,980.9,5492.2,3564.1,2363.1,1258.5,4180.0,3745.6,2370.5,2837.0,1699.6,1397.4,965.0,1507.5,993.1,2692.8,1370.4,4236.6,6827.7,5104.7,1329.7,981.6
2026-09-21 05:15:00,789.7,189.5,1078.0,957.6,686.9,215.7,37.0,24.8,327.4,37.6,123.9,1318.5,3866.8,7653.1,1332.8,1280.4,5.0,164.7,1354.7,2898.6,541.4,977.0,5549.2,3560.9,2405.7,1258.3,4209.3,3736.8,2377.4,2864.7,1694.1,1946.6,971.9,1506.9,1001.5,2699.2,1375.1,4314.3,6918.1,5153.3,1366.8,971.1
2026-09-21 05:30:00,803.0,193.3,1129.9,967.4,702.0,215.4,37.0,24.1,338.9,28.0,166.4,1315.4,3875.8,8056.4,1233.3,1173.4,5.1,259.2,1364.9,2899.5,541.2,977.9,5590.0,3558.8,2433.6,1258.2,4220.5,3731.0,2383.8,2863.6,1683.9,2127.1,978.3,1511.0,1001.5,2705.1,1386.9,4550.5,7031.6,5160.0,1399.0,959.2
2026-09-21 05:45:00,815.3,201.6,1156.1,998.2,721.7,227.3,37.0,26.6,351.5,37.9,166.6,1311.6,3888.4,8353.6,1068.1,1037.1,5.0,243.1,1376.3,3152.9,545.6,975.5,5615.2,3560.3,2484.6,1258.0,4256.2,3810.5,2395.1,2852.2,1675.1,2323.2,987.8,1540.9,1015.3,2708.6,1393.0,4593.3,7143.8,5208.0,1428.4,947.8
2026-09-21 06:00:00,843.2,196.4,1225.6,1281.2,757.1,395.2,2.0,26.6,390.8,24.1,168.1,1276.3,4049.9,8809.3,1076.9,844.6,0.0,276.4,1379.8,3453.6,558.2,967.1,5752.0,3810.7,2681.0,1396.9,4415.0,3470.4,2445.8,2678.5,1770.8,2377.3,913.3,1923.7,1038.0,3185.8,1395.5,5169.3,7520.6,5259.0,1527.5,914.7
2026-09-21 06:15:00,852.3,207.0,1241.1,1274.2,775.9,424.6,2.0,25.1,405.8,34.5,156.7,1273.6,4078.2,8872.9,1103.8,869.7,0.0,288.8,1377.6,3498.5,547.2,970.6,5800.0,3852.4,2755.1,1410.7,4455.4,3547.7,2461.4,2625.9,1776.4,2554.0,935.1,2173.4,1050.0,3186.3,1419.6,5229.5,7688.8,5268.0,1578.3,906.0
2026-09-21 06:30:00,859.6,221.1,1249.6,1229.8,785.7,446.3,2.0,28.2,422.4,21.7,182.6,1266.6,4094.7,8929.9,1249.7,1038.7,0.1,289.7,1384.8,3525.4,546.1,971.3,5812.2,3899.1,2830.4,1452.0,4509.2,3554.0,2476.1,2576.5,1775.2,2794.1,954.1,2291.7,1062.5,3185.7,1449.7,5279.6,7883.8,5280.8,1625.1,899.4
2026-09-21 06:45:00,863.9,235.3,1254.0,1231.6,798.1,476.9,2.0,29.5,446.8,21.6,189.7,1260.9,3833.6,8768.7,1269.2,1040.1,0.0,285.6,1398.8,3512.0,538.2,966.6,5842.2,3899.9,2908.3,1517.6,4547.4,3714.9,2492.7,2648.5,1781.4,2771.4,970.4,2540.5,1071.9,3184.3,1478.9,5329.5,8026.8,5421.5,1682.6,892.4
2026-09-21 07:00:00,881.5,303.8,1269.7,1227.5,821.3,493.1,2.0,63.0,478.9,42.5,479.4,1322.8,3900.3,8705.1,1374.6,1053.1,0.1,259.5,1697.4,3430.2,536.2,957.9,5944.7,3979.8,3113.3,1513.3,4606.0,4205.3,2565.9,2708.2,1855.3,2971.4,1023.4,2443.6,1089.2,3460.5,1538.9,5178.8,8346.7,5433.5,1761.0,875.9
2026-09-21 07:15:00,883.3,318.9,1273.2,1213.4,836.3,520.6,2.0,64.1,498.5,45.1,458.7,1323.7,3431.3,8372.5,1370.5,1094.6,0.0,268.5,1706.9,3415.5,528.1,970.5,5951.7,3987.9,3174.4,1512.1,4642.9,4397.7,2581.0,2702.6,1862.4,3026.9,1040.2,2490.5,1102.4,3457.6,1556.4,5156.7,8389.4,5494.7,1790.4,869.0
2026-09-21 07:30:00,888.1,327.4,1254.1,1201.8,850.4,532.5,2.0,67.3,518.0,44.0,482.0,1316.8,3446.8,8444.4,1362.4,1132.8,0.0,254.3,1711.6,3420.3,523.8,971.4,5976.9,3992.9,3211.4,1509.9,4669.2,4495.8,2593.8,2702.1,1866.1,3077.5,1052.0,2449.5,1108.1,3453.9,1570.6,5193.7,8425.5,5557.8,1802.9,885.6
2026-09-21 07:45:00,890.1,338.6,1219.7,1190.0,859.6,568.5,2.0,57.4,513.3,100.2,465.9,1312.9,3511.5,8335.5,1361.4,1182.6,0.0,247.5,1710.9,3454.0,521.6,965.6,5989.6,3993.1,3244.9,1508.4,4675.7,4488.3,2607.9,2701.9,1867.4,3091.7,1061.1,2448.0,1113.4,3449.6,1577.6,5198.7,8458.7,5593.4,1814.7,874.7
2026-09-21 08:00:00,879.2,379.3,1170.1,1075.9,858.5,539.5,51.0,42.8,509.6,82.2,471.8,1298.9,3614.0,8502.5,1628.9,1295.0,0.0,230.4,1586.3,3638.1,508.4,980.1,5996.5,4006.5,3305.4,1390.9,4826.5,4640.3,2626.7,2670.0,1860.5,2983.1,1095.9,2455.5,1088.0,3466.0,1580.7,5021.1,8484.6,5708.7,1809.9,853.9
2026-09-21 08:15:00,873.9,404.2,1129.6,1045.6,862.8,561.2,51.0,27.3,504.7,127.0,492.9,1311.2,3933.7,8635.0,1601.0,1253.4,0.0,261.5,1567.8,3722.4,502.8,960.8,6006.9,3966.3,3313.3,1391.1,4817.2,4497.7,2631.7,2656.9,1863.6,2986.7,1101.6,2402.5,1093.7,3456.1,1583.1,5054.2,8453.5,5692.2,1814.6,841.1
2026-09-21 08:30:00,865.7,401.1,1070.6,840.5,861.3,618.0,51.0,28.2,493.9,125.6,499.6,1326.4,4212.4,8575.5,1533.8,1243.9,0.0,231.9,1569.2,3559.1,513.7,966.3,5959.4,3991.0,3311.4,1394.9,4806.9,4335.6,2633.8,2628.4,1863.4,3005.3,1106.6,2359.5,1099.4,3445.2,1584.7,5083.9,8408.2,5651.1,1783.9,811.2
2026-09-21 08:45:00,862.0,414.2,1014.7,825.9,857.2,641.5,51.0,30.1,483.6,69.9,532.1,1345.2,4561.2,8795.0,1482.7,1241.1,0.0,214.8,1566.5,3289.3,541.9,948.6,5980.7,3960.0,3301.7,1387.6,4808.3,4091.8,2637.6,2689.3,1865.8,3012.7,1115.6,2360.8,1113.9,3432.1,1586.7,5138.1,8391.8,5540.6,1779.6,806.2
2026-09-21 09:00:00,832.2,442.6,929.7,765.1,848.8,552.8,71.0,38.7,433.7,120.6,274.2,1268.3,4679.4,8825.1,1449.1,1344.3,117.4,221.1,1726.0,3187.2,580.1,924.0,5934.2,3814.9,3280.8,1365.4,4828.5,4019.9,2628.9,2611.0,1873.2,3113.3,1111.0,2248.2,1108.1,3110.3,1576.6,5411.2,8258.3,5318.6,1725.6,786.5
2026-09-21 09:15:00,822.0,439.1,887.5,752.1,849.7,588.6,71.0,35.4,402.3,51.4,293.9,1290.5,4734.3,8881.8,1411.5,1321.8,117.4,240.1,1727.8,3141.9,572.2,921.3,5921.9,3833.3,3268.7,1367.3,4807.9,3943.6,2632.8,2616.3,1869.3,3119.7,1109.9,2246.5,1105.6,3093.6,1567.0,5424.6,8214.3,5270.0,1708.6,792.1
2026-09-21 09:30:00,808.5,442.3,827.4,740.6,847.9,615.1,71.6,36.3,365.7,64.1,251.9,1317.0,4754.8,8796.9,1409.6,1299.8,117.4,165.0,1734.5,3003.9,589.0,922.7,5924.0,3775.7,3260.1,1366.9,4800.6,3916.9,2523.9,2593.2,1881.3,3049.6,1112.0,2211.2,1116.4,3076.7,1580.7,5320.3,8215.7,5206.5,1684.3,794.3
2026-09-21 09:45:00,792.6,437.7,771.2,737.1,842.7,614.1,80.6,37.6,314.7,43.6,292.2,1340.6,4866.0,8089.8,1489.2,1420.6,117.5,104.4,1769.9,3022.3,570.7,933.8,5919.3,3731.7,3251.3,1368.8,4785.8,3903.2,2528.2,2591.4,1892.4,2497.1,1107.7,2207.3,1115.5,3060.5,1564.2,5322.9,8180.3,5243.5,1665.2,806.8
2026-09-21 10:00:00,775.4,476.5,744.4,772.6,845.8,585.3,71.1,26.3,284.7,49.2,484.7,1394.1,4768.9,8067.1,1464.3,1536.1,121.7,232.9,1666.9,2627.4,575.6,945.1,5963.7,3674.3,3224.1,1389.5,4755.0,4321.7,2529.2,2372.7,1847.4,3127.6,1106.2,1891.6,1095.8,2095.7,1535.9,4874.2,8081.9,5307.2,1646.9,816.6
2026-09-21 10:15:00,833.1,462.4,709.8,806.9,843.9,604.2,71.9,25.7,259.3,56.2,472.7,1417.1,4994.9,8161.2,1401.9,1383.9,142.4,194.8,1812.5,2526.5,571.9,955.7,5942.4,3644.5,3208.1,1391.5,4739.2,4314.7,2529.9,2340.4,1869.7,2977.5,1104.4,1893.0,1101.2,2092.4,1529.7,4710.6,8043.5,5290.5,1624.3,825.8
2026-09-21 10:30:00,814.8,467.8,691.2,843.6,843.0,562.8,74.3,25.8,236.1,74.5,465.1,1452.2,5687.5,8350.9,1391.2,1347.7,121.7,198.1,1855.9,2232.9,574.7,960.2,5927.8,3591.8,3197.7,1392.4,4730.4,4304.4,2636.6,2360.2,1874.9,2978.7,1102.3,1932.6,1102.3,2092.5,1517.1,4669.1,8009.5,5310.6,1613.4,836.4
2026-09-21 10:45:00,755.1,430.2,668.1,871.3,843.7,503.8,91.7,26.2,209.5,90.7,430.6,1470.9,5793.3,8515.1,1385.7,1237.4,121.7,122.0,1930.8,1613.4,594.6,956.3,5904.5,3577.9,3185.7,1394.7,4707.8,4291.5,2637.7,2364.7,1870.3,2930.0,1096.3,1899.7,1097.3,2092.5,1511.0,4427.7,7982.2,5274.4,1592.8,846.7
2026-09-21 11:00:00,732.8,545.2,657.1,898.5,835.2,659.8,35.1,32.5,180.1,118.8,506.4,1500.8,5732.6,8472.7,1542.3,1328.2,139.4,127.6,1959.3,2075.8,595.4,959.1,5981.3,3471.7,3156.6,1472.6,4605.6,3690.2,2618.6,2351.8,1881.2,2748.0,1094.8,2213.3,1099.4,2014.1,1501.6,4171.6,7880.4,5369.7,1562.8,859.4
2026-09-21 11:15:00,737.9,490.0,644.4,935.0,830.5,601.4,36.0,33.9,160.7,135.5,509.2,1518.8,5782.5,8559.8,1560.1,1365.5,139.4,168.4,1966.3,1618.4,591.1,700.5,5964.4,3475.7,3145.6,1467.3,4596.9,3654.4,2617.2,2365.3,1881.4,2745.9,1092.5,2092.0,1102.1,2018.2,1491.8,4139.0,7881.5,5383.8,1544.3,873.3
2026-09-21 11:30:00,738.7,462.2,856.5,972.5,837.2,538.3,38.2,33.9,136.6,148.1,485.9,1544.6,5786.5,8664.0,1499.3,1387.6,139.4,139.6,1964.3,1566.8,591.3,376.0,5952.3,3497.1,3141.4,1387.6,4582.3,3632.6,2614.6,2355.5,1883.0,2786.0,1091.0,1989.9,1106.7,2020.2,1495.0,4154.5,7876.3,5339.6,1535.1,889.2
2026-09-21 11:45:00,742.8,458.1,860.7,924.9,837.5,517.7,54.0,34.6,107.0,99.6,441.0,1555.6,5833.1,8747.8,1483.9,1415.5,139.4,140.0,1957.9,1562.8,664.5,330.5,5917.3,3525.4,3129.0,1388.6,4584.5,3626.5,2613.2,2353.8,1887.0,2780.2,1087.0,1915.4,1102.3,2022.9,1478.7,4043.6,7871.2,5353.6,1526.2,894.9
2026-09-21 12:00:00,742.0,493.0,918.9,978.8,838.2,577.9,23.0,38.3,102.1,186.2,411.5,1589.6,5802.9,8737.8,1703.4,1442.3,134.8,145.9,2022.4,1629.7,609.6,312.2,5912.1,3534.1,3106.5,1340.7,4571.4,3521.2,2615.4,2380.0,1881.2,2552.2,1086.3,1910.2,1097.2,2037.6,1489.0,3800.2,7817.0,5442.6,1488.7,920.0
2026-09-21 12:15:00,747.7,450.1,921.1,985.8,852.6,504.4,23.0,38.6,100.0,150.8,372.9,1600.7,5882.5,8714.4,1695.9,1444.6,134.8,141.7,2012.9,1655.8,604.0,311.5,5893.1,3555.6,3096.3,1340.1,4564.5,3514.2,2613.2,2355.4,1879.3,2607.7,1084.6,1826.7,1092.7,2041.8,1474.7,3813.8,7849.4,5436.9,1481.8,927.8
2026-09-21 12:30:00,734.7,444.8,926.3,996.9,849.7,451.9,23.0,38.8,99.5,150.0,364.3,1646.1,5927.6,8666.2,1635.1,1473.5,134.8,161.5,2014.1,1598.2,597.1,310.9,5895.0,3589.1,3095.1,1338.5,4564.4,3508.5,2609.9,2363.5,1879.9,2590.6,1081.7,1838.2,1085.8,2046.3,1454.1,3812.7,7823.7,5371.6,1486.5,935.9
2026-09-21 12:45:00,738.0,433.5,926.9,969.7,848.3,477.7,23.0,39.5,107.2,143.6,406.7,1663.0,5991.8,8575.5,1608.0,1484.8,134.8,126.4,2012.7,1691.3,594.5,308.9,5882.5,3619.1,3083.5,1333.2,4563.2,3504.3,2608.5,2340.4,1884.2,2618.7,1076.2,1800.9,1080.0,2051.4,1438.4,3696.6,7811.0,5363.1,1480.4,942.8
2026-09-21 13:00:00,770.3,424.8,960.2,995.5,861.0,482.8,14.0,40.9,97.9,131.6,467.3,1671.0,5989.1,8067.2,1958.6,1418.3,135.0,108.1,2006.1,1832.7,627.2,316.0,5911.9,3606.0,3068.3,1331.5,4646.1,3489.4,2604.8,2249.0,1861.2,2711.0,1070.3,1753.5,1067.6,2059.0,1422.2,3850.6,8048.2,5462.3,1497.3,953.3
2026-09-21 13:15:00,769.9,417.9,958.5,973.4,865.3,479.1,14.0,41.1,96.2,129.5,461.9,1678.4,6034.2,8079.0,1945.4,1411.5,134.9,108.1,2012.2,1824.3,625.9,314.0,5924.3,3625.4,3064.8,1331.4,4651.2,3486.2,2604.3,2221.2,1857.6,2747.3,1069.7,1694.8,1057.3,2064.9,1417.8,3792.1,7998.9,5433.1,1495.2,957.7
2026-09-21 13:30:00,772.7,410.9,964.2,963.8,862.3,488.2,25.2,40.6,97.0,112.7,453.9,1685.5,6033.8,8072.1,1923.4,1409.7,134.9,152.2,2010.7,1659.5,629.2,309.8,5899.6,3650.8,3067.6,1330.7,4652.3,3483.0,2602.5,2211.1,1857.8,2762.6,1074.6,1636.9,1044.5,2071.2,1405.0,3748.9,7976.2,5410.5,1500.0,956.7
2026-09-21 13:45:00,780.0,400.4,976.3,974.6,856.9,479.6,20.3,40.8,96.6,104.3,449.2,1693.6,5974.7,8053.3,1922.7,1407.7,134.9,151.8,2003.7,1559.1,619.2,302.6,5880.7,3670.9,3067.2,1330.0,4645.0,3481.6,2602.3,2188.6,1857.0,2852.4,1067.0,1578.3,1048.8,2082.0,1403.9,3887.3,7983.8,5396.8,1496.0,965.4
2026-09-21 14:00:00,820.6,385.0,973.1,968.7,857.6,486.5,28.4,44.7,94.2,106.2,443.5,1690.4,5997.9,8122.7,1901.0,1411.6,15.1,296.8,2002.9,1668.3,583.9,301.6,5854.0,3705.0,3069.1,1328.3,4349.0,3420.3,2616.0,2134.6,1865.6,2943.4,1063.6,1707.9,1052.5,2102.2,1400.0,3997.7,7979.5,5387.1,1485.2,965.2
2026-09-21 14:15:00,846.3,404.1,999.9,963.7,855.3,510.6,18.4,44.1,93.0,98.5,439.9,1692.8,5814.5,8345.7,1901.5,1411.9,15.0,325.7,1986.1,1710.0,584.0,296.3,5797.1,3723.1,3051.2,1326.9,4332.7,3418.7,2607.0,2144.5,1869.4,2908.7,1066.0,1793.5,1055.0,2118.2,1402.4,4038.1,7982.7,5367.0,1483.2,958.4
2026-09-21 14:30:00,803.8,362.3,790.0,939.0,861.8,437.2,17.3,43.7,92.0,92.6,448.0,1686.6,5809.8,8491.2,1918.3,1388.9,15.0,280.4,1983.7,1769.0,584.4,291.6,5819.6,3728.3,3056.7,1329.8,4323.3,3417.7,2615.3,2150.6,1862.4,2899.5,1063.5,1796.7,1057.5,2133.6,1408.3,4047.9,7983.9,5299.3,1490.4,958.1
2026-09-21 14:45:00,822.7,350.5,796.1,933.4,865.8,428.5,16.1,43.1,89.2,90.6,416.0,1686.1,5733.5,8470.9,1923.1,1392.2,15.0,262.0,1984.7,1750.3,586.0,285.3,5763.8,3725.6,3055.7,1328.3,4335.4,3416.3,2616.5,2156.1,1860.8,2871.5,1062.8,1831.5,1058.8,2148.5,1422.6,4085.5,7965.5,5269.5,1485.4,954.2
2026-09-21 15:00:00,801.6,331.2,756.1,866.5,832.9,396.3,22.3,36.8,85.7,95.5,482.1,1710.6,5865.3,8374.8,1609.1,1415.3,15.0,212.0,1953.0,1781.2,560.7,281.8,5707.2,3899.9,3056.5,1353.4,4327.0,3544.0,2627.8,2119.6,1869.1,2965.8,1060.4,1762.8,1058.4,2181.6,1438.3,4231.7,7937.1,5114.1,1548.1,952.9
2026-09-21 15:15:00,792.5,315.8,775.1,872.8,835.3,372.1,20.5,36.4,85.3,80.3,477.6,1716.6,5766.8,8552.7,1642.2,1412.4,15.0,231.9,1878.9,1741.0,565.5,275.7,5718.4,3905.7,3068.0,1361.7,4329.5,3544.6,2626.5,2126.2,1874.0,2965.6,1061.7,1801.9,1061.7,2190.7,1455.7,4250.0,7879.7,5117.1,1557.4,939.8
2026-09-21 15:30:00,800.5,330.2,806.7,841.4,832.4,395.4,18.0,35.8,86.1,63.4,471.6,1670.0,5423.2,8552.9,1689.2,1374.6,15.0,241.1,1960.7,1744.6,574.4,454.8,5707.3,3942.3,3075.1,1360.8,4344.4,3553.5,2624.9,2125.6,1872.2,2961.6,1064.1,1896.5,1061.4,2193.9,1467.4,4287.0,7885.1,5137.2,1565.4,936.3
2026-09-21 15:45:00,786.8,316.1,847.9,816.1,829.3,373.8,18.0,38.2,93.6,110.0,465.3,1638.0,4838.4,8459.9,1688.2,1360.2,15.3,324.1,1932.1,1833.7,602.9,816.4,5718.9,3977.2,3085.0,1360.9,4349.8,3567.5,2629.2,2140.3,1872.9,2918.4,1065.7,2062.5,1068.9,2194.5,1477.7,4339.4,7902.3,5101.6,1572.8,918.4
2026-09-21 16:00:00,818.5,253.0,854.1,760.8,837.2,288.5,7.8,40.1,124.2,71.9,379.0,1660.2,4834.6,8485.5,1585.7,1243.1,10.0,206.8,1927.7,1638.3,579.0,423.7,5680.1,4028.6,3148.3,1460.8,4366.8,3776.2,2733.9,2285.0,1843.9,2881.1,1068.3,2050.5,1077.4,2394.3,1503.8,4741.8,7972.9,4970.6,1549.9,898.3
2026-09-21 16:15:00,829.7,249.3,926.1,780.5,840.5,293.1,3.0,38.9,113.5,106.5,378.2,1646.2,4699.6,8322.8,1594.5,1274.7,10.0,230.3,1932.9,2001.6,590.8,767.7,5674.9,4047.1,3155.2,1538.5,4379.2,3777.8,2730.5,2271.4,1840.7,2895.4,1073.8,2082.0,1072.1,2392.4,1521.8,4865.9,8020.5,4989.1,1574.7,871.2
2026-09-21 16:30:00,818.9,229.1,1005.5,766.1,831.2,267.5,3.0,53.4,142.0,90.7,373.5,1573.7,4679.6,8132.3,1656.1,1270.0,10.0,309.9,1833.5,2256.2,570.4,853.8,5662.0,4135.4,3169.7,1541.4,4393.9,3789.9,2728.0,2228.0,1838.1,2977.2,1071.6,2215.8,1074.3,2392.0,1525.2,4952.0,8050.2,4954.1,1616.3,842.9
2026-09-21 16:45:00,827.2,227.1,1088.7,782.7,830.1,233.9,3.0,53.2,144.9,81.2,370.9,1526.6,4545.0,7937.0,1750.1,1261.6,10.0,356.5,1756.1,2293.8,559.5,845.5,5611.5,4221.9,3184.2,1544.8,4385.8,3889.1,2725.9,2262.4,1809.0,3340.4,1073.7,2360.8,1076.4,2393.0,1529.6,4911.7,8119.1,4957.5,1645.4,815.2
2026-09-21 17:00:00,849.9,197.3,1169.3,773.1,835.7,278.7,12.0,81.2,203.1,69.9,124.0,1471.7,4670.8,7850.2,1676.9,1133.1,0.0,236.4,2003.1,3061.3,617.9,900.4,5664.2,4203.0,3179.6,1444.8,4545.9,4002.1,2754.2,2230.5,1826.7,3055.8,1074.6,2640.6,1080.5,3309.9,1553.1,5624.6,8350.7,4979.7,1730.0,762.7
2026-09-21 17:15:00,848.4,212.0,1215.0,802.4,842.3,259.7,13.7,81.2,225.2,48.6,124.9,1432.5,4514.1,7801.7,1767.8,1300.4,0.1,280.3,1798.7,3091.5,604.3,892.4,5631.3,4425.4,3172.5,1487.5,4542.9,4127.5,2752.3,2222.0,1809.7,3170.1,1047.1,2662.7,1083.7,3322.6,1556.3,5689.0,8369.8,5012.7,1758.4,730.3
2026-09-21 17:30:00,862.7,202.3,1264.9,984.0,849.3,236.2,12.0,79.8,245.6,37.2,127.6,1403.1,4529.5,7540.5,1851.7,1422.0,0.0,294.4,1796.6,3469.9,584.4,892.2,5620.0,4452.5,3172.1,1524.9,4548.4,4237.7,2748.9,2214.9,1809.7,3161.3,1049.5,2743.5,1088.1,3339.1,1556.3,5744.3,8405.3,5159.9,1781.7,699.0
2026-09-21 17:45:00,876.8,219.6,1288.6,968.2,860.8,257.8,12.0,84.5,273.9,38.4,128.8,1408.1,4515.3,7360.0,1954.6,1375.2,0.0,322.5,1802.3,3450.8,549.6,1095.6,5665.8,4434.5,3173.0,1541.8,4560.3,4586.6,2748.9,2193.2,1809.6,3159.4,1055.1,2965.3,1086.9,3359.9,1562.5,5702.3,8462.8,5290.3,1798.7,665.2
2026-09-21 18:00:00,893.5,239.5,1334.7,983.8,874.0,546.5,4.2,52.5,297.6,16.0,438.3,1337.6,4440.6,6971.6,1990.7,1226.2,5.0,163.2,1720.5,3653.2,539.6,1121.3,5766.6,4483.9,3171.5,1498.8,4669.8,4518.7,2808.8,2212.2,1799.2,3235.7,1016.8,3193.5,1086.0,3236.8,1556.5,5479.7,8500.7,5221.3,1813.1,680.6
2026-09-21 18:15:00,909.1,271.4,1369.3,990.7,885.0,599.5,1.0,51.6,329.8,17.7,447.6,1325.6,3856.5,7001.8,1847.6,1047.3,5.0,192.7,1725.0,3618.5,532.5,1119.3,5803.0,4462.4,3183.7,1538.1,4673.6,4737.7,2809.3,2144.4,1802.2,3229.9,1017.5,3409.5,1078.9,3264.3,1557.3,5460.0,8516.1,5241.9,1830.1,662.8
2026-09-21 18:30:00,920.1,273.2,1390.7,1183.3,889.1,599.4,1.0,49.5,361.6,21.6,473.8,1294.7,3869.2,6892.4,1716.9,879.3,5.0,192.3,1727.7,3560.8,530.9,1111.1,5819.3,4469.7,3186.3,1533.8,4701.1,4903.7,2806.6,2130.8,1809.5,3225.9,1023.1,3572.7,1074.1,3292.6,1561.5,5429.1,8549.8,5264.8,1853.0,645.7
2026-09-21 18:45:00,925.2,294.4,1410.7,1217.0,894.5,592.1,1.1,54.3,377.2,97.4,482.6,1332.5,3523.7,6796.7,1762.2,1071.5,5.0,171.3,1732.8,3571.7,535.0,1145.8,5836.2,4497.6,3203.3,1533.1,4652.2,4941.9,2805.0,2119.1,1811.3,3221.3,1020.6,3755.4,1083.0,3321.7,1567.3,5442.1,8587.5,5321.8,1862.6,628.0
2026-09-21 19:00:00,922.3,289.9,1430.0,1283.4,903.8,671.0,1.0,92.1,406.7,9.9,562.7,1274.7,3866.3,6431.5,2023.6,1125.3,109.8,66.0,1532.7,3627.0,558.0,1058.6,5865.2,4500.0,3208.7,1549.4,4555.5,5663.9,2876.1,2131.0,1812.8,3218.4,1026.7,3363.4,1097.2,3144.8,1579.7,5476.8,8647.5,5330.7,1905.7,653.5
2026-09-21 19:15:00,926.5,304.3,1429.6,1278.7,909.2,669.1,1.0,95.4,409.7,70.1,565.7,1262.1,3548.1,6331.8,2037.9,1120.2,109.8,76.3,1505.5,3577.1,555.9,1052.3,5870.4,4509.0,3217.8,1549.6,4571.6,5753.8,2877.9,2121.2,1817.6,3215.3,1032.6,3370.7,1092.6,3179.2,1583.3,5417.4,8663.9,5386.1,1913.4,638.3
2026-09-21 19:30:00,922.1,311.6,1424.3,1280.4,909.2,657.1,1.0,95.6,413.4,77.4,550.7,1253.1,3557.6,6285.4,1974.1,1133.4,109.8,75.9,1494.1,3549.8,534.4,1049.5,5876.0,4476.2,3237.7,1554.4,4597.9,5815.0,2876.5,2103.7,1825.6,3212.5,1022.4,3395.4,1093.3,3216.1,1578.5,5387.1,8668.0,5357.7,1920.8,625.5
2026-09-21 19:45:00,912.9,318.2,1411.2,1273.1,904.3,665.9,1.0,96.2,417.0,83.8,531.5,1250.1,3524.2,6165.8,1961.7,1201.8,109.8,75.5,1483.8,3563.8,530.6,1070.7,5866.9,4482.1,3258.3,1556.5,4607.5,5835.3,2877.5,2097.5,1815.8,3209.6,1028.6,3402.1,1091.9,3255.3,1584.1,5364.8,8657.8,5303.1,1912.5,611.7
2026-09-21 20:00:00,904.0,315.6,1376.1,1274.3,890.8,637.0,1.0,65.0,412.5,94.2,550.1,1332.6,3502.0,6190.2,1739.7,1172.7,130.2,67.3,1573.4,3159.3,519.7,1025.2,5731.5,4415.1,3277.3,1517.7,4716.3,5749.3,2862.7,2125.0,1813.5,3319.4,1042.7,3433.0,1085.3,2917.9,1581.3,5479.7,8606.7,5238.3,1902.3,554.5
2026-09-21 20:15:00,894.1,298.7,1340.1,1272.3,878.4,636.6,1.0,61.1,409.9,94.2,548.7,1334.8,3768.7,6419.5,1731.9,1143.8,130.9,47.2,1568.9,3111.6,515.8,1016.6,5719.6,4365.7,3278.4,1516.0,4723.7,5718.7,2860.8,2122.3,1815.9,3311.6,1047.0,3409.0,1079.1,2953.1,1581.0,5448.4,8580.2,5207.9,1885.4,543.5
2026-09-21 20:30:00,880.9,295.2,1294.9,1261.0,861.6,630.2,1.0,56.5,404.0,88.2,533.6,1340.9,3773.3,6365.6,1713.4,1101.8,131.7,47.1,1564.2,3073.9,514.4,1004.2,5691.9,4356.8,3269.1,1515.3,4739.1,5568.0,2858.5,2137.0,1834.1,3285.9,1047.4,3488.8,1078.1,2983.2,1581.6,5383.1,8540.3,5193.2,1873.0,530.9
2026-09-21 20:45:00,878.7,294.3,1243.4,1244.7,843.0,618.4,1.0,52.2,402.9,73.3,555.6,1321.4,3775.2,5856.1,1710.4,1096.2,132.9,47.0,1559.3,3018.9,535.0,994.7,5680.3,4278.0,3266.3,1513.7,4745.6,5423.1,2856.6,2157.1,1829.3,3268.4,1042.4,3540.6,1082.5,3011.1,1574.7,5379.6,8493.1,5176.3,1854.0,520.8
2026-09-21 21:00:00,846.8,274.4,1190.3,1182.2,818.3,495.6,1.0,72.3,391.8,86.3,481.8,1255.3,3453.3,6117.1,1670.4,1125.5,91.1,140.6,1364.6,2471.5,527.3,988.5,5681.2,4250.4,3228.2,1559.1,4744.3,5410.6,2871.0,2191.5,1798.5,3317.1,1042.2,3535.0,1069.7,2861.1,1562.7,5252.2,8332.1,5169.2,1814.8,531.3
2026-09-21 21:15:00,823.5,263.7,1151.6,1173.5,799.9,471.4,1.0,71.9,385.3,65.7,460.1,1255.5,3451.3,5659.5,1673.9,1020.9,91.2,120.1,1359.3,2435.0,533.5,974.9,5685.4,4247.6,3210.9,1557.3,4724.4,5310.2,2866.4,2206.7,1801.3,3311.0,1034.0,3527.6,1069.8,2875.2,1552.0,5249.9,8243.7,5041.3,1782.8,523.7
2026-09-21 21:30:00,815.6,266.6,1114.1,959.9,777.9,485.0,1.1,72.3,396.7,21.0,444.8,1264.2,3491.3,5711.5,1687.4,1019.4,109.0,81.0,1364.1,2378.6,530.5,963.1,5705.3,4212.2,3192.3,1552.5,4726.6,5361.2,2861.9,2188.8,1806.9,3305.6,1031.1,3495.8,1065.6,2882.4,1538.7,5225.5,8148.5,5057.9,1758.1,516.3
2026-09-21 21:45:00,815.8,249.8,1078.1,950.3,756.1,462.5,1.0,72.3,388.0,19.8,422.2,1274.8,3486.6,5485.4,1669.4,1005.9,109.2,80.3,1360.4,2298.4,532.1,950.6,5689.4,4151.7,3169.7,1550.7,4709.4,5304.7,2857.8,2194.3,1804.6,3301.3,1020.3,3455.8,1061.2,2883.3,1527.0,5206.9,8053.5,5009.3,1735.3,509.1
2026-09-21 22:00:00,795.5,252.7,1045.4,903.0,734.4,368.0,12.0,41.7,376.3,21.0,428.5,1269.5,3052.6,5442.6,1552.8,1015.3,154.3,47.0,1346.6,2233.7,519.0,940.1,5551.9,4134.6,3101.5,1540.5,4663.6,5116.2,2852.2,2211.5,1783.3,3268.0,1003.8,3383.9,1050.6,2848.5,1506.8,5320.6,7947.8,4892.1,1704.4,459.1
2026-09-21 22:15:00,780.1,255.4,1021.8,887.1,713.0,367.5,12.0,43.3,372.2,18.9,424.7,1272.6,3065.4,5284.7,1535.8,988.1,155.2,46.7,1341.9,2187.4,515.6,925.4,5501.0,4112.2,3066.5,1529.8,4640.1,4943.7,2844.2,2251.9,1786.5,3252.1,987.8,3339.5,1039.1,2841.5,1504.4,5249.0,7857.5,4886.9,1681.3,457.6
2026-09-21 22:30:00,765.4,258.1,1005.0,869.8,695.6,361.2,12.0,38.4,367.2,21.0,414.6,1273.4,3089.0,5196.0,1545.4,1008.7,156.1,56.5,1337.5,2126.6,515.0,913.3,5451.8,4067.8,3031.3,1526.7,4623.2,4822.9,2837.1,2260.0,1779.2,3235.3,980.5,3337.8,1031.8,2831.9,1491.2,5205.3,7767.2,4817.5,1653.3,452.1
2026-09-21 22:45:00,761.8,260.9,998.6,862.5,682.8,356.5,12.0,34.4,362.5,19.9,409.6,1269.0,3635.8,5108.0,1524.0,1010.4,137.0,131.0,1334.3,2066.0,517.7,901.2,5402.3,4051.1,2998.8,1524.4,4596.8,4735.8,2830.5,2264.7,1777.1,3222.7,970.5,3311.3,1027.0,2822.0,1483.1,5170.2,7701.6,4760.3,1633.1,450.1
2026-09-21 23:00:00,735.8,246.7,999.0,852.1,658.1,257.5,12.0,73.4,361.3,15.0,166.0,1281.4,3250.4,4921.4,1451.8,1007.5,149.4,97.0,1128.1,1916.8,476.1,857.6,5250.7,4079.6,2888.7,1525.5,4616.7,4771.2,2805.5,2207.1,1750.6,3184.7,951.0,3203.0,1023.4,2789.6,1481.6,4953.2,7552.4,4760.9,1615.7,458.1
2026-09-21 23:15:00,727.6,249.4,990.6,826.6,649.1,256.8,14.7,73.3,357.0,10.0,168.9,1284.2,3464.5,4709.7,1430.2,987.0,149.4,110.2,1140.8,1868.6,479.2,839.8,5210.5,4071.6,2842.9,1522.2,4589.4,4753.3,2801.0,2204.4,1746.2,3183.3,938.4,3130.6,1018.0,2778.9,1471.3,4924.1,7506.7,4730.8,1602.0,448.8
2026-09-21 23:30:00,721.9,252.3,973.6,622.4,624.9,277.4,14.7,66.9,349.3,19.4,143.2,1288.0,3466.7,4719.8,1430.6,1016.0,149.4,110.1,1141.1,1677.2,469.4,825.2,5172.1,4018.0,2801.5,1516.9,4570.2,4928.8,2794.4,2183.9,1741.4,3178.7,928.1,2967.2,1003.1,2770.6,1458.0,4872.7,7441.0,4750.5,1588.1,451.2
2026-09-21 23:45:00,725.1,255.1,975.6,606.2,613.9,270.4,14.7,46.8,344.0,14.3,137.8,1296.8,3480.0,4482.2,1404.4,1003.4,149.5,125.2,1164.5,1609.7,465.1,807.3,5130.0,3982.1,2757.7,1513.6,4554.7,4857.4,2788.6,2194.1,1731.3,3183.8,921.0,2919.9,1001.1,2763.3,1437.7,4888.2,7404.5,4758.6,1575.7,446.5
2026-09-22 00:00:00,758.6,252.0,912.2,557.2,613.1,179.4,65.1,60.4,438.5,15.1,103.3,1335.8,3086.6,3411.9,1256.3,943.8,75.5,112.2,1006.6,1491.9,489.1,664.6,5394.0,3931.8,2716.3,1200.2,4585.8,4339.9,2737.8,2209.5,1664.5,3197.4,918.7,3446.4,1000.4,2646.5,1489.0,5159.9,7289.0,4628.4,1511.7,486.9
2026-09-22 00:15:00,744.5,250.8,1126.0,554.6,608.5,178.1,65.0,55.2,331.9,13.4,95.2,1338.2,3118.6,3169.0,1260.9,924.9,80.1,109.1,1027.5,1448.1,491.1,643.8,5387.3,3937.4,2686.0,1172.2,4571.3,4323.1,2732.4,2216.0,1657.9,3198.1,912.3,3432.9,994.7,2635.0,1478.4,5124.6,7234.0,4613.0,1499.9,485.8
2026-09-22 00:30:00,741.1,249.4,1121.6,550.6,606.0,174.1,65.0,56.3,329.3,16.0,82.2,1344.7,3303.2,3157.8,1261.6,940.4,75.5,112.2,1059.4,1394.9,496.9,625.2,5376.8,3923.4,2656.3,1113.2,4551.9,4313.0,2722.9,2221.3,1654.8,3196.1,906.5,3438.7,990.2,2625.6,1468.3,5081.1,7204.6,4561.4,1497.2,479.8
2026-09-22 00:45:00,730.0,248.1,1113.8,548.5,600.9,173.8,65.0,57.8,324.7,17.8,66.0,1364.4,3383.5,3127.5,1249.4,943.4,75.5,128.2,1054.0,1358.6,494.2,607.1,5344.3,3924.9,2621.6,1107.5,4537.9,4291.8,2714.3,2228.3,1650.2,3204.3,897.5,3397.8,985.2,2612.4,1460.4,5082.0,7189.8,4549.7,1488.9,477.0
2026-09-22 01:00:00,735.5,246.6,1111.6,545.9,604.9,171.0,65.0,45.4,316.5,14.0,114.7,1401.2,3153.1,3007.5,1199.8,930.2,70.8,130.5,1097.8,1317.4,494.7,588.6,5306.6,3915.2,2564.1,1076.2,4553.0,4246.2,2697.5,2228.8,1623.2,3213.5,903.1,3381.2,978.7,2610.1,1444.0,5031.0,7241.1,4625.0,1480.1,485.3
2026-09-22 01:15:00,733.2,246.6,1103.8,542.9,608.2,169.2,65.0,50.0,315.8,15.4,102.1,1403.7,3276.0,2999.7,1206.9,902.7,70.8,130.9,1099.7,1281.7,493.3,572.6,5294.3,3888.4,2544.9,1072.9,4547.0,4236.8,2696.7,2236.4,1622.3,3215.0,897.5,3356.6,976.9,2596.9,1440.0,5015.7,7226.7,4606.3,1477.8,481.0
2026-09-22 01:30:00,725.7,246.7,1089.3,542.2,605.9,167.1,65.0,49.4,400.9,16.0,99.2,1416.0,3299.0,2976.5,1183.9,916.5,70.8,111.3,1095.2,1255.8,499.2,556.7,5240.1,3887.8,2521.2,1068.6,4544.2,4230.6,2694.9,2245.6,1618.5,3217.7,890.9,3327.9,975.9,2586.7,1438.4,4991.0,7228.7,4631.5,1476.7,477.3
2026-09-22 01:45:00,723.7,247.0,1073.1,539.6,607.8,164.2,66.9,49.5,396.1,16.4,94.9,1432.8,3393.2,2937.5,1184.4,916.6,70.8,111.5,1083.1,1225.9,491.6,541.9,5173.6,3864.0,2505.4,1065.4,4538.1,4221.5,2692.1,2252.7,1624.0,3222.7,884.0,3304.8,974.3,2573.0,1438.1,4974.5,7192.0,4610.6,1474.5,471.2
2026-09-22 02:00:00,733.7,246.8,1102.5,531.6,619.5,161.4,14.0,39.1,409.4,15.4,162.9,1444.4,3805.5,2983.7,1211.0,900.4,66.1,136.8,1059.3,1184.7,467.0,520.1,5118.0,3870.8,2481.1,1057.6,4510.7,4208.2,2656.0,2223.8,1602.5,3196.9,878.7,3320.5,971.8,2573.6,1436.7,4939.6,7101.8,4550.1,1459.9,472.3
2026-09-22 02:15:00,730.9,246.3,1122.5,527.4,616.1,158.5,16.7,39.8,399.3,16.0,156.2,1457.7,3926.6,3015.4,1206.0,901.8,66.1,121.6,1077.4,1155.3,466.4,506.9,5049.9,3852.7,2471.6,1053.2,4507.3,4202.6,2651.9,2242.1,1603.4,3188.3,875.8,3300.9,972.0,2562.0,1437.7,4889.6,7094.4,4572.8,1463.2,467.4
2026-09-22 02:30:00,723.3,246.2,1124.7,530.4,616.3,154.8,16.7,40.5,417.4,16.0,153.2,1465.2,3991.1,3007.2,1207.9,919.8,66.1,141.4,1076.0,1119.5,465.8,491.6,5012.1,3849.3,2459.7,1042.1,4501.8,4197.4,2650.1,2253.6,1602.3,3185.0,873.2,3289.7,970.6,2548.7,1440.6,4872.7,7088.2,4554.1,1460.1,461.5
2026-09-22 02:45:00,723.9,245.8,1130.1,534.7,616.5,150.9,16.7,45.2,424.2,16.0,149.4,1466.9,4011.0,2939.7,1207.0,916.4,66.1,141.3,1078.0,1093.1,463.9,476.6,5012.0,3840.4,2452.7,1038.6,4499.1,4194.7,2648.1,2257.6,1598.1,3194.3,871.0,3281.8,971.5,2537.0,1442.2,4939.7,7084.7,4534.3,1460.5,455.3
2026-09-22 03:00:00,725.8,246.5,1233.7,521.9,638.7,147.1,24.0,34.0,430.5,13.8,188.0,1460.1,3878.0,2908.8,1201.6,904.9,67.2,141.7,1137.6,1044.1,455.8,459.1,4983.0,3916.2,2432.8,1030.2,4545.1,4199.6,2629.7,2250.0,1599.4,3167.7,863.4,3295.2,979.3,2588.3,1413.0,4871.7,6962.2,4363.4,1467.8,448.2
2026-09-22 03:15:00,721.0,249.5,1231.6,530.2,645.7,144.5,26.7,34.7,424.4,12.9,185.9,1456.9,3912.0,2883.7,1198.2,900.9,67.3,141.8,1116.1,1016.9,458.4,445.7,4935.4,3914.4,2428.1,1026.6,4546.0,4200.1,2630.0,2262.2,1598.6,3162.8,863.4,3287.1,980.2,2581.5,1414.4,4853.9,6960.8,4341.1,1463.5,443.0
2026-09-22 03:30:00,718.5,252.3,1236.0,561.7,649.3,148.2,24.0,34.8,428.1,14.1,185.1,1464.6,3899.3,2820.2,1177.9,900.1,67.2,156.9,1119.7,985.9,451.1,429.7,4936.4,3903.9,2423.5,1024.4,4542.4,4196.0,2629.4,2265.9,1597.9,3173.3,862.6,3281.9,979.4,2570.1,1416.2,4883.8,6945.6,4358.8,1466.4,436.3
2026-09-22 03:45:00,723.3,255.6,1240.1,572.2,656.6,146.3,24.0,36.0,431.5,15.4,184.0,1472.1,3908.6,2806.2,1194.1,900.0,67.2,157.1,1121.0,963.2,450.9,416.7,4945.4,3925.1,2419.3,1022.5,4541.9,4214.3,2628.8,2279.5,1585.1,3192.3,861.1,3299.8,979.9,2553.3,1420.8,4896.6,6933.9,4338.7,1461.6,430.5
2026-09-22 04:00:00,725.0,260.0,1247.8,561.2,666.5,144.5,13.7,45.3,434.5,15.2,132.9,1481.7,4082.3,2764.0,1203.0,898.1,67.0,148.7,1028.7,951.7,441.9,399.1,5074.4,3909.0,2410.3,1050.5,4511.9,4147.9,2608.2,2275.4,1609.7,3099.6,863.2,3278.0,990.1,3102.6,1387.5,4805.7,6945.9,4262.5,1470.7,414.2
2026-09-22 04:15:00,731.7,263.3,1272.4,554.0,671.9,147.4,13.8,44.9,432.1,13.7,128.1,1478.8,4003.9,2740.5,1201.5,898.2,67.0,150.2,1013.7,927.7,434.6,386.2,5061.7,3918.1,2419.2,1048.1,4517.4,4156.9,2611.2,2280.3,1618.7,3113.4,864.5,3286.2,989.0,3083.5,1395.2,4853.8,6972.5,4287.4,1483.0,409.9
2026-09-22 04:30:00,740.9,266.6,1305.6,551.3,688.5,147.0,11.1,44.8,434.7,13.9,123.8,1475.6,3384.0,2712.3,1155.5,898.2,67.0,148.9,1016.3,903.8,432.8,377.4,5076.2,3906.6,2419.1,1045.4,4526.2,4171.7,2613.0,2283.8,1606.3,3136.0,866.6,3297.2,994.2,3068.9,1401.3,4850.7,6985.8,4276.6,1486.4,406.4
2026-09-22 04:45:00,749.0,268.7,1126.6,585.2,706.8,147.1,11.0,43.8,385.5,16.0,117.9,1487.3,3382.9,2720.5,1151.8,898.8,67.0,126.4,990.9,881.6,424.9,366.9,5089.0,3931.7,2432.0,1085.6,4531.2,4273.2,2612.1,2310.4,1594.4,3179.6,867.0,3413.6,998.9,3053.1,1407.9,4821.5,6993.4,4252.8,1504.0,398.1
2026-09-22 05:00:00,766.7,296.3,1075.7,603.2,686.1,165.9,18.1,50.2,363.4,12.5,83.0,1462.0,3472.6,2735.7,1192.4,893.1,71.3,205.8,1016.1,990.1,419.1,359.6,5460.9,3953.3,2481.4,1106.0,4555.6,4133.6,2578.9,2307.3,1650.4,3010.0,883.5,3354.4,1012.5,3873.9,1408.4,4756.2,7144.3,4282.5,1570.2,401.5
2026-09-22 05:15:00,789.5,299.2,1127.7,624.1,705.5,179.3,18.0,51.0,369.6,16.9,81.8,1462.8,3456.2,2741.7,1155.5,898.2,71.3,180.0,993.3,970.0,403.3,345.4,5514.5,3988.4,2521.7,1104.2,4578.3,4246.9,2586.0,2309.8,1652.7,3047.3,891.4,3407.0,1018.4,3857.8,1424.1,4842.0,7229.1,4319.1,1596.8,395.5
2026-09-22 05:30:00,804.5,303.1,1166.0,831.3,725.9,180.6,18.0,55.2,381.5,16.9,85.7,1465.0,3501.8,2714.1,1103.2,917.4,71.3,68.5,1001.1,960.2,417.9,345.7,5552.9,4001.9,2557.9,1115.7,4604.5,4426.6,2593.1,2312.6,1656.2,3071.3,897.2,3488.0,1026.3,3842.1,1444.8,4820.4,7330.9,4409.7,1633.8,379.7
2026-09-22 05:45:00,814.5,328.3,1197.1,843.2,748.3,208.7,18.0,67.0,393.5,25.1,97.7,1441.8,3418.7,2705.7,1092.5,966.2,71.3,50.6,978.5,976.1,406.1,343.1,5570.9,4038.7,2612.4,1134.4,4633.3,4578.9,2601.5,2293.9,1655.7,3081.4,911.1,3569.3,1033.1,3825.5,1468.5,4826.7,7467.8,4514.0,1657.8,369.2
2026-09-22 06:00:00,844.4,391.6,1242.3,984.5,779.0,533.1,104.5,65.9,433.9,21.0,137.4,1404.2,4020.7,2924.4,1201.0,921.1,92.8,24.1,1113.0,1262.7,492.7,323.3,5705.3,4141.2,2756.9,1219.8,4687.3,4429.3,2679.3,2368.5,1700.7,3028.9,900.4,3517.6,1059.4,3808.1,1518.6,5138.6,7818.0,4580.6,1778.5,288.8
2026-09-22 06:15:00,849.0,410.2,1268.9,1012.3,799.7,565.4,104.5,59.5,431.7,51.0,161.2,1387.4,3497.1,2959.9,1215.3,960.3,92.8,47.8,1121.6,1268.5,488.0,314.0,5746.9,4182.1,2839.7,1267.0,4728.9,4590.1,2699.4,2346.7,1706.2,3042.5,921.2,3631.9,1074.1,3789.4,1548.0,5109.1,7999.0,4613.2,1814.0,277.1
2026-09-22 06:30:00,859.0,421.4,1270.0,1223.4,813.0,603.0,104.5,68.5,450.2,55.1,190.4,1381.9,3433.2,3171.4,1194.9,1014.5,92.8,148.7,1133.4,1262.2,492.5,301.3,5789.1,4179.8,2914.1,1267.0,4779.4,4995.3,2720.2,2290.3,1693.4,3109.6,958.3,3866.7,1083.1,3770.6,1572.6,5018.7,8133.5,4616.7,1852.9,264.3
2026-09-22 06:45:00,861.3,441.9,1275.7,1244.6,819.5,618.9,104.5,84.9,481.2,31.5,198.0,1379.1,3155.3,3081.6,1224.2,1063.0,92.8,141.2,1140.4,1255.0,510.2,281.4,5796.1,4179.2,2999.5,1269.1,4815.5,5747.3,2736.0,2199.4,1688.6,3129.5,974.5,3908.4,1093.9,3752.4,1593.4,4948.5,8319.2,4602.3,1896.6,249.2
2026-09-22 07:00:00,876.6,533.5,1283.1,1303.0,833.8,645.8,24.5,95.7,508.5,18.7,197.5,1462.0,3530.2,3350.2,1310.1,1021.8,109.7,137.5,1283.7,1145.4,559.5,274.6,5882.0,4252.9,3201.9,1241.7,5086.5,6456.4,2716.3,2228.2,1743.5,3163.6,1034.6,4145.2,1111.5,3679.9,1668.7,4696.9,8596.8,4666.8,2006.0,348.3
2026-09-22 07:15:00,879.5,519.0,1272.9,1306.5,847.1,677.1,24.5,97.3,523.5,21.0,204.1,1463.0,3540.1,3036.0,1355.2,1039.7,109.7,142.2,1278.8,1122.7,560.6,254.9,5912.4,4251.6,3263.4,1300.2,5120.1,6519.8,2738.6,2298.1,1750.1,3166.6,1053.5,4213.7,1116.2,3663.2,1687.6,4652.8,8677.8,4725.1,2040.6,318.4
2026-09-22 07:30:00,872.5,551.1,1241.7,1290.1,859.8,710.2,24.5,97.9,542.9,16.1,200.8,1460.7,3543.6,3077.6,1378.3,1043.5,109.7,154.3,1287.5,1120.6,568.3,246.4,5936.7,4237.7,3299.1,1314.6,5147.4,6621.3,2751.7,2338.2,1753.8,3189.9,1066.8,4312.8,1118.1,3644.8,1695.4,4607.0,8726.3,4758.4,2059.4,320.4
2026-09-22 07:45:00,870.0,649.1,1201.0,1284.3,863.4,742.9,24.5,92.0,559.0,16.2,183.5,1459.0,3526.4,3060.6,1407.3,1028.0,109.7,139.1,1283.8,1105.1,574.2,220.7,5952.8,4259.5,3334.4,1347.0,5148.9,6599.5,2768.7,2385.7,1757.8,3192.1,1075.8,4302.1,1118.6,3621.0,1702.4,4556.8,8766.2,4752.3,2073.1,323.3
2026-09-22 08:00:00,847.0,686.4,1159.2,1120.9,865.8,599.3,64.5,138.9,604.4,19.2,197.1,1355.6,3913.2,3199.7,1721.3,1087.2,0.0,195.8,1346.8,926.5,556.6,231.8,5902.0,4402.5,3381.5,1586.4,5181.9,6507.8,2748.1,3010.2,1815.4,2279.3,1101.8,4225.4,1118.9,3776.8,1706.5,4586.8,8724.9,4672.4,2088.8,263.2
2026-09-22 08:15:00,839.1,719.8,1113.0,1137.7,866.3,634.1,64.6,134.3,599.1,19.4,200.8,1361.2,3918.0,3163.6,1741.1,1065.7,0.0,191.1,1323.6,912.3,562.7,200.8,5883.3,4367.7,3383.5,1644.0,5175.5,6570.1,2735.8,3013.0,1816.6,2293.9,1104.4,4227.2,1118.1,3753.3,1720.9,4507.7,8710.7,4628.7,2089.6,254.0
2026-09-22 08:30:00,835.0,754.4,1059.7,1111.5,861.2,664.7,64.5,134.6,592.0,16.9,210.8,1366.8,4073.8,3333.7,1723.6,1014.9,0.0,172.7,1299.3,926.8,554.3,203.1,5887.7,4342.8,3380.6,1644.2,5176.6,6627.2,2737.8,3017.0,1818.1,2303.0,1108.4,4227.0,1119.4,3726.4,1730.5,4420.9,8683.5,4586.3,2075.3,252.8
2026-09-22 08:45:00,815.9,766.7,996.7,1106.7,857.5,699.4,69.9,131.6,578.0,2.0,251.9,1384.6,4871.6,3174.0,1733.6,1025.2,0.0,127.5,1370.6,915.2,582.9,190.6,5946.6,4325.8,3379.2,1643.4,5173.6,6521.5,2763.6,3014.7,1817.4,2311.5,1115.8,4225.4,1125.3,3702.0,1743.5,4340.3,8706.9,4550.7,2064.6,244.8
2026-09-22 09:00:00,787.6,801.6,926.7,866.9,847.6,584.5,69.0,76.7,528.7,80.5,226.5,1325.9,4101.3,3244.6,1671.6,1151.5,153.8,157.6,1305.6,775.0,512.9,216.8,5823.7,4311.2,3361.6,1646.4,5088.8,6581.8,2681.6,3035.2,1810.7,2452.5,1109.5,4199.1,1126.6,3671.8,1719.8,4265.9,8503.1,4485.9,2010.7,237.9
2026-09-22 09:15:00,767.2,828.1,885.8,846.0,844.3,625.3,69.6,65.9,513.3,39.0,218.6,1357.5,4721.6,3171.9,1647.9,1076.1,178.5,36.8,1298.9,779.5,516.1,205.2,5824.4,4266.6,3349.7,1642.7,5072.1,6580.8,2686.0,3034.1,1808.2,2457.7,1108.5,4198.9,1142.2,3665.2,1719.1,4220.9,8443.2,4475.0,1982.8,239.4
2026-09-22 09:30:00,755.0,856.1,858.7,652.6,838.1,649.9,70.8,52.9,492.1,28.3,200.7,1426.8,4859.4,3273.3,1638.4,1042.8,178.8,30.5,1293.5,800.0,509.9,202.5,5822.2,4257.3,3340.3,1641.7,5061.6,6287.1,2701.3,3035.9,1806.6,2460.8,1110.2,4120.6,1148.9,3660.3,1724.9,4174.7,8413.2,4463.3,1969.9,245.8
2026-09-22 09:45:00,736.5,849.0,835.8,686.4,830.4,674.0,69.0,53.9,468.7,24.9,212.7,1463.9,4871.9,3335.0,1600.8,1058.3,151.0,97.4,1321.0,798.8,532.3,203.9,5812.2,4251.3,3331.6,1445.2,5050.2,5771.1,2701.7,3018.3,1805.6,2460.9,1123.8,4097.4,1151.2,3655.6,1723.6,4128.3,8358.6,4466.8,1957.0,247.6
2026-09-22 10:00:00,724.6,940.8,830.6,751.5,818.3,606.7,79.0,71.8,413.3,66.6,362.3,1442.3,4869.7,3302.7,1531.2,1092.9,124.1,173.6,1311.8,888.8,529.1,240.0,5826.4,4148.0,3299.3,1585.6,4943.3,5875.9,2685.3,2970.2,1795.1,2467.9,1108.4,4191.7,1140.1,3651.5,1714.2,4068.6,8264.0,4422.8,1947.6,250.2
2026-09-22 10:15:00,713.2,929.1,803.5,786.6,809.7,632.8,83.8,69.9,386.2,68.9,353.0,1442.5,4961.8,3082.2,1488.6,1123.5,124.1,163.4,1316.3,889.3,536.8,242.9,5806.1,4127.0,3288.8,1581.1,4933.7,5677.6,2687.8,2955.8,1794.2,2463.4,1123.5,4179.1,1137.7,3650.9,1710.0,4055.9,8209.3,4430.1,1922.0,258.2
2026-09-22 10:30:00,702.1,954.4,776.3,844.8,804.8,656.5,79.0,74.0,355.3,86.4,356.0,1480.5,5772.5,2991.9,1489.6,1220.8,124.1,186.5,1306.8,908.0,522.1,254.1,5786.3,4145.5,3271.6,1564.1,4935.9,5375.3,2683.1,2950.9,1793.5,2459.8,1120.8,4140.3,1135.8,3650.7,1703.5,4045.1,8126.5,4433.6,1898.9,266.8
2026-09-22 10:45:00,686.6,992.0,759.8,908.3,795.1,676.4,79.0,72.8,320.9,60.6,393.1,1501.1,5838.8,2847.9,1435.1,1318.1,124.1,199.2,1304.7,924.4,515.6,264.9,5766.7,4152.3,3259.9,1465.0,4917.9,4791.0,2686.8,2948.9,1792.2,2455.9,1113.0,4090.0,1136.3,3650.3,1694.7,4034.4,8073.1,4437.9,1873.0,274.9
2026-09-22 11:00:00,675.5,1013.8,744.3,972.4,781.9,693.6,56.0,33.2,286.0,64.8,408.0,1547.5,5825.8,2969.4,1415.3,1252.9,140.8,97.2,1354.1,986.2,524.7,304.8,5677.8,4171.7,3262.3,1445.6,5053.5,4563.5,2688.0,2936.7,1862.1,2442.2,1096.0,4034.5,1125.6,3658.9,1682.3,3981.3,7989.4,4409.4,1833.8,312.8
2026-09-22 11:15:00,668.2,1024.7,743.3,974.1,776.0,688.4,56.0,31.3,258.8,57.1,394.7,1564.4,5833.0,2961.6,1403.7,1251.6,140.9,79.1,1351.7,1001.5,517.8,305.2,5693.2,4153.9,3251.5,1383.1,5036.4,4084.4,2686.3,2932.5,1847.2,2422.5,1090.2,3921.3,1124.1,3660.3,1670.3,3975.6,7972.4,4381.2,1816.2,318.5
2026-09-22 11:30:00,668.0,1032.4,957.7,1006.2,776.3,699.4,56.0,30.7,236.5,75.6,374.8,1594.6,6000.2,2988.5,1452.3,1291.6,141.0,96.3,1339.5,997.9,510.4,309.1,5674.6,4160.8,3246.9,1269.7,5023.1,4012.0,2680.1,2920.0,1848.0,2419.6,1100.5,3683.0,1123.3,3660.8,1660.5,3971.5,7930.9,4380.1,1783.6,324.2
2026-09-22 11:45:00,670.7,1040.4,1168.2,1036.6,773.9,718.2,56.0,30.8,233.3,63.2,368.8,1621.3,6113.8,2955.9,1432.6,1315.2,141.1,89.0,1334.6,996.4,571.1,210.1,5667.3,4158.7,3241.1,1195.0,5017.7,3940.2,2682.5,2929.7,1845.4,2417.0,1099.5,3606.1,1121.3,3661.8,1652.0,3967.4,7898.7,4345.1,1773.5,329.2
2026-09-22 12:00:00,671.3,1048.9,1206.5,1055.9,789.9,723.3,19.6,34.8,191.3,48.1,423.4,1675.3,6180.9,3376.0,1458.7,1218.9,146.4,104.5,1427.6,761.3,604.1,211.5,5634.5,4139.1,3224.6,1191.0,4962.9,3608.6,2687.4,2920.1,1839.4,2443.3,1098.9,3501.3,1116.4,3546.2,1647.4,3855.7,7824.3,4213.6,1731.2,304.4
2026-09-22 12:15:00,669.7,1055.5,1214.3,1080.2,791.2,727.8,14.4,35.5,166.7,49.9,405.9,1708.2,6050.7,3349.2,1436.9,1214.7,146.7,100.7,1414.3,765.5,583.9,212.9,5626.9,4139.4,3219.5,1187.9,4956.7,3554.5,2684.1,2788.7,1837.0,2438.7,1099.3,3378.2,1114.9,3548.2,1638.9,3856.4,7806.8,4262.9,1716.7,306.3
2026-09-22 12:30:00,661.1,1055.2,1209.2,1101.4,790.4,727.7,14.4,33.1,149.4,50.4,431.7,1727.6,6186.6,3347.8,1442.0,1214.6,147.0,99.4,1426.9,763.9,582.9,213.6,5646.7,4135.1,3210.7,1190.1,4971.3,3282.1,2677.2,2786.1,1837.4,2435.9,1098.6,3253.2,1110.0,3549.8,1629.6,3856.7,7784.9,4218.3,1713.4,309.0
2026-09-22 12:45:00,656.1,1056.3,1214.6,1119.2,798.3,723.9,14.4,32.3,146.9,51.7,442.4,1761.3,6207.4,3308.1,1439.6,1211.0,147.2,90.5,1429.6,749.3,589.6,216.0,5632.5,4132.9,3205.4,1190.5,4978.2,3193.1,2674.0,2864.5,1835.5,2433.3,1094.3,3158.5,1111.7,3550.6,1617.6,3857.4,7833.8,4216.5,1716.3,310.6
2026-09-22 13:00:00,703.2,1055.7,1274.6,1162.7,844.1,724.2,34.1,42.0,151.6,56.6,493.8,1771.9,6177.4,3374.5,1480.2,1180.0,160.9,69.1,1451.5,654.4,575.0,219.6,5679.4,4112.9,3191.7,1225.4,4967.6,3239.1,2692.7,2859.0,1831.8,2470.0,1073.4,2893.0,1104.7,3551.6,1605.3,3833.4,7853.2,4324.2,1710.2,281.7
2026-09-22 13:15:00,700.7,1053.5,1281.9,1204.3,846.9,723.0,34.0,40.8,143.2,58.0,487.2,1786.9,6287.7,3341.6,1485.0,1181.0,161.0,79.2,1456.3,645.9,573.9,219.7,5675.7,4104.4,3182.3,1226.5,4969.4,3207.4,2692.3,2911.2,1829.2,2463.9,1072.3,2809.8,1104.3,3553.4,1599.0,3835.2,7880.0,4311.0,1705.3,281.7
2026-09-22 13:30:00,700.4,1049.2,1288.9,1222.1,848.2,717.7,47.2,37.7,138.2,54.7,486.9,1796.2,6293.0,3358.1,1496.4,1179.0,161.1,80.8,1457.5,640.5,573.1,218.8,5676.8,4100.8,3176.0,1226.7,4971.6,3206.4,2690.1,2927.6,1831.9,2465.3,1074.9,2765.5,1103.1,3555.3,1597.8,3837.3,7900.0,4306.6,1710.2,280.1
2026-09-22 13:45:00,706.3,1035.8,1287.3,1231.4,851.7,712.9,37.9,37.0,133.3,56.0,481.8,1806.2,6280.4,3319.1,1504.6,1178.3,161.2,84.1,1458.5,634.1,570.3,222.9,5676.3,4092.0,3176.2,1227.6,4969.7,3204.5,2694.5,2971.1,1831.7,2463.1,1070.4,2679.6,1101.2,3557.3,1601.1,3837.7,7937.1,4298.1,1706.7,278.0
2026-09-22 14:00:00,703.5,1021.0,1270.5,1231.9,853.6,705.1,56.1,35.3,123.3,53.6,425.5,1779.9,6249.7,3235.5,1477.7,1181.3,151.7,88.4,1411.4,730.1,555.7,214.5,5672.4,4003.7,3170.2,1231.0,4915.1,3186.1,2714.3,2839.2,1821.5,2517.1,1080.6,2761.8,1099.2,3396.8,1620.1,3849.7,7967.8,4356.1,1741.5,298.1
2026-09-22 14:15:00,714.1,1005.6,1282.5,1239.6,856.1,684.5,49.0,41.5,132.3,67.9,422.8,1800.6,6131.9,3310.7,1487.8,1190.7,151.7,95.0,1411.7,728.3,559.4,206.4,5676.7,3988.1,3168.6,1230.6,4910.7,3194.7,2713.2,2835.0,1821.2,2523.2,1080.9,2792.1,1099.0,3399.6,1626.2,3852.8,7987.7,4343.4,1750.8,293.0
2026-09-22 14:30:00,723.4,981.5,1280.3,1250.6,856.2,656.2,41.7,41.6,141.5,61.3,403.1,1794.7,6115.2,3299.4,1507.2,1203.5,151.8,124.2,1422.0,723.6,566.5,203.1,5681.1,4016.8,3169.5,1232.4,4905.0,3240.2,2712.2,2835.3,1821.3,2521.1,1080.0,2903.8,1100.2,3402.0,1628.8,3855.5,7960.1,4333.1,1747.3,289.4
2026-09-22 14:45:00,692.3,965.2,1285.4,1242.2,847.1,624.8,39.0,44.7,152.9,61.7,397.9,1799.5,6076.9,3320.1,1513.3,1185.7,151.8,113.7,1421.8,721.0,567.0,198.9,5670.4,4012.5,3167.7,1228.5,4901.7,3520.3,2713.3,2863.3,1824.0,2518.6,1080.9,3027.1,1100.2,3405.0,1631.4,3858.9,7964.4,4317.2,1757.9,284.5
2026-09-22 15:00:00,702.1,942.2,1166.7,1256.7,792.8,588.0,40.0,58.4,169.6,78.5,343.9,1776.6,6040.3,3177.6,1528.3,1195.5,141.4,89.2,1381.4,750.2,572.8,191.6,5574.6,4017.5,3161.8,1302.6,4827.7,3423.3,2730.2,2746.9,1834.6,2624.6,1091.9,3300.4,1105.6,3673.6,1616.2,3981.6,7901.9,4195.3,1730.8,279.0
2026-09-22 15:15:00,710.7,914.4,960.7,1230.5,799.1,556.3,34.4,59.7,156.4,53.5,335.5,1760.3,5918.6,3158.0,1530.0,1195.7,141.1,98.2,1425.9,741.0,608.7,184.7,5557.0,4010.3,3164.3,1298.3,4823.2,3545.3,2731.4,2742.6,1836.5,2634.1,1094.2,3336.5,1106.9,3675.8,1620.3,3984.5,7940.9,4284.1,1751.4,272.7
2026-09-22 15:30:00,720.2,886.2,771.3,1199.0,808.4,524.0,34.3,60.9,169.2,74.2,330.4,1725.5,5869.8,3190.2,1547.7,1177.6,140.8,92.4,1404.0,914.0,537.6,290.1,5570.0,3990.3,3175.2,1305.0,4836.1,3802.3,2730.9,2834.0,1839.4,2635.2,1082.5,3540.7,1105.9,3678.0,1624.4,3988.3,7999.4,4296.1,1779.3,268.3
2026-09-22 15:45:00,738.7,852.6,827.8,1193.6,810.7,485.7,32.0,62.5,178.8,65.8,321.7,1714.8,4959.3,3162.1,1583.4,1168.4,140.6,128.7,1412.1,893.8,542.5,286.5,5565.9,3991.7,3189.7,1350.0,4841.6,4100.7,2736.5,2956.2,1840.4,2624.7,1084.2,4094.8,1105.8,3679.8,1630.3,3993.9,8035.3,4275.4,1793.1,260.8
2026-09-22 16:00:00,756.6,811.7,897.3,1206.1,817.8,632.0,6.0,99.6,197.5,48.2,285.1,1664.1,5058.2,3021.9,1564.2,1228.6,124.4,177.6,1449.4,871.3,543.2,237.1,5703.1,3920.0,3231.9,1418.1,4860.0,4290.4,2766.0,2950.9,1856.6,2546.9,1119.7,4249.4,1103.0,3687.9,1642.3,4076.0,8130.4,4300.2,1797.1,233.3
2026-09-22 16:15:00,769.6,787.8,953.2,1200.4,821.0,590.2,7.0,106.5,209.8,53.0,283.9,1638.4,4938.8,3064.1,1554.8,1208.7,145.1,84.8,1455.8,848.4,555.1,229.0,5694.0,3919.2,3248.3,1501.1,4865.5,4877.7,2765.3,2962.7,1853.6,2530.3,1125.4,4451.7,1101.2,3693.3,1653.4,4081.2,8195.9,4313.7,1832.1,224.9
2026-09-22 16:30:00,787.5,761.8,1016.6,1398.7,835.0,550.5,6.3,105.9,223.4,56.1,278.6,1588.2,4677.7,3188.2,1564.3,1182.2,153.9,30.2,1473.5,836.2,551.6,216.9,5720.2,3908.7,3258.7,1534.9,4871.1,5667.5,2762.8,2958.4,1852.0,2531.5,1122.2,4593.3,1098.8,3696.1,1665.2,4087.7,8274.4,4311.6,1864.8,210.7
2026-09-22 16:45:00,802.2,731.4,1071.3,1397.4,848.5,525.2,6.0,118.9,229.5,56.1,278.1,1570.3,4551.8,3367.2,1612.3,1178.3,147.8,30.0,1462.5,816.7,550.3,233.0,5743.1,3933.2,3269.8,1616.3,4855.1,6125.4,2760.7,2886.3,1862.6,2519.0,1122.3,4645.4,1096.8,3699.9,1671.1,4097.3,8316.3,4303.6,1890.0,204.9
2026-09-22 17:00:00,820.9,700.7,1144.6,1181.9,854.8,769.6,44.9,135.6,288.1,34.5,181.4,1586.6,4892.3,3355.7,1874.5,1103.9,151.6,78.2,1697.2,831.1,575.0,213.6,5826.5,3929.0,3268.9,1512.5,4968.2,5613.8,2771.5,2939.4,1852.4,2549.0,1124.8,4550.1,1101.5,3720.8,1697.5,4171.7,8525.2,4379.2,1971.4,225.1
2026-09-22 17:15:00,827.6,688.9,1189.0,1179.2,863.6,762.7,40.9,142.0,301.6,27.4,198.5,1560.9,4853.2,3259.5,1846.9,1166.3,136.2,77.3,1662.2,866.6,550.3,212.4,5836.3,3931.3,3270.7,1622.9,4962.6,6125.8,2768.9,2957.6,1853.2,2525.1,1120.4,4614.4,1104.2,3739.4,1705.9,4190.1,8563.3,4392.4,1998.0,222.1
2026-09-22 17:30:00,837.1,670.2,1237.8,1612.1,868.7,736.2,40.8,142.6,326.5,32.6,199.8,1523.8,4161.3,3110.7,1887.7,1256.1,133.3,56.5,1656.4,834.9,567.5,200.0,5869.0,3963.8,3269.0,1623.2,4963.3,6141.2,2759.7,2954.9,1854.6,2504.8,1118.3,4604.3,1105.7,3760.4,1713.7,4202.2,8633.4,4375.1,2026.2,215.9
2026-09-22 17:45:00,848.4,678.2,1267.2,1637.2,877.0,751.2,40.8,137.7,353.4,47.7,198.3,1478.6,4100.8,3024.0,1961.9,1301.1,120.8,154.1,1622.8,840.3,560.6,223.8,5881.4,3965.8,3270.4,1629.4,4966.6,6140.7,2741.4,2955.1,1854.8,2493.8,1121.3,4599.1,1094.5,3784.5,1716.9,4215.7,8698.4,4399.1,2061.6,212.7
2026-09-22 18:00:00,858.5,721.5,1309.6,1703.2,889.3,874.4,3.5,92.2,381.1,9.5,208.2,1464.8,4558.1,2908.1,2021.7,1180.0,117.1,62.9,1395.6,1166.8,629.3,219.5,6030.7,4165.9,3270.5,1565.4,5159.1,6432.6,2744.9,2994.8,1864.4,2525.3,1062.6,4528.5,1098.1,3572.5,1722.3,4236.8,8839.2,4465.1,2113.2,279.8
2026-09-22 18:15:00,868.7,742.8,1320.1,1801.5,887.1,893.5,2.0,96.0,403.4,3.4,223.9,1393.2,4082.8,2914.7,2005.1,1182.8,94.4,62.9,1349.6,1190.2,602.2,218.7,6036.1,4175.5,3276.9,1599.1,5156.1,6391.7,2727.8,2996.4,1858.2,2507.2,1061.4,4500.4,1094.2,3602.9,1727.1,4256.6,8844.4,4484.2,2115.7,278.1
2026-09-22 18:30:00,868.8,754.7,1331.6,1868.2,888.4,889.7,2.0,93.3,427.2,89.7,249.5,1364.3,4121.0,2847.6,1962.4,1366.0,60.4,121.6,1329.1,1226.7,581.5,243.1,6002.1,4184.2,3280.2,1623.4,5169.3,6353.5,2706.1,3011.0,1856.4,2481.9,1062.7,4458.2,1095.2,3633.6,1728.6,4274.1,8872.2,4489.0,2103.6,277.8
2026-09-22 18:45:00,884.4,773.7,1350.9,1900.8,892.5,886.6,2.0,89.9,441.1,107.6,264.4,1344.3,4134.3,2865.1,1977.7,1454.8,80.5,111.3,1335.5,1333.3,585.7,290.8,6033.6,4189.7,3285.3,1624.1,5172.1,6350.9,2709.4,3011.4,1863.8,2460.0,1058.3,4450.6,1106.1,3665.8,1727.7,4293.9,8912.7,4532.0,2131.8,277.5
2026-09-22 19:00:00,889.0,768.3,1360.1,1963.9,898.3,904.0,12.0,79.7,422.8,121.9,254.5,1310.0,4214.7,2689.0,2019.1,1442.5,272.6,25.2,1249.8,1218.1,558.4,290.7,6087.2,4180.9,3302.2,1516.6,5120.5,6656.2,2708.4,3041.9,1870.0,2438.2,1066.9,4382.5,1112.5,3744.2,1726.1,4483.5,8935.4,4602.6,2139.8,263.1
2026-09-22 19:15:00,899.2,767.1,1369.3,1972.8,898.9,904.7,12.0,79.8,430.1,118.6,249.4,1324.6,4215.6,2729.2,2029.0,1436.4,188.2,25.1,1246.7,1261.8,553.1,307.7,6114.0,4190.1,3303.2,1512.9,5128.5,6674.5,2729.7,3024.0,1872.3,2435.0,1070.0,4405.8,1115.5,3774.7,1725.8,4509.3,8978.6,4659.9,2151.5,271.7
2026-09-22 19:30:00,895.8,768.5,1346.4,1984.4,897.8,897.8,12.0,79.8,434.9,120.0,246.2,1327.7,4217.5,2691.7,1985.5,1471.3,188.9,25.1,1239.8,1213.9,551.3,294.6,6125.6,4159.8,3312.0,1510.4,5140.9,6666.5,2728.0,3022.0,1878.6,2437.6,1072.0,4396.7,1117.3,3807.6,1718.1,4535.7,8969.0,4670.0,2164.9,267.9
2026-09-22 19:45:00,891.1,750.1,1326.0,1987.3,890.0,873.1,12.0,79.8,437.5,113.3,247.1,1320.0,4201.8,2765.3,1982.7,1487.7,189.6,25.1,1237.6,1197.1,551.0,277.3,6110.6,4164.1,3326.8,1514.2,5143.9,6667.2,2734.5,3022.3,1875.5,2432.1,1075.4,4399.9,1116.7,3792.0,1705.9,4563.1,8948.4,4587.7,2150.3,267.4
2026-09-22 20:00:00,876.2,764.4,1270.7,1891.1,874.1,772.0,23.6,77.8,449.1,104.5,233.9,1462.0,4014.6,2777.0,1765.0,1460.6,92.4,60.6,1210.8,993.3,545.1,253.4,5946.1,4080.7,3334.6,1496.5,5266.9,6594.3,2726.2,3012.2,1874.7,2084.8,1085.4,4480.7,1098.4,3826.2,1686.5,4620.3,8836.8,4580.7,2149.7,276.4
2026-09-22 20:15:00,866.7,759.4,1248.4,1881.4,862.4,759.1,23.6,79.0,459.6,14.3,226.6,1474.7,4006.8,2943.2,1759.8,1395.8,93.6,60.6,1223.7,976.8,546.6,246.4,5914.7,4007.5,3330.5,1496.4,5262.8,6571.5,2727.4,3008.9,1871.5,2080.0,1084.7,4472.6,1096.4,3846.9,1674.8,4646.9,8804.9,4530.9,2140.1,273.2
2026-09-22 20:30:00,853.7,760.9,1214.2,1867.3,847.6,739.3,23.6,79.0,456.0,11.2,202.1,1480.1,4005.3,2861.3,1750.0,1247.4,95.4,70.6,1238.6,950.0,574.6,241.5,5869.4,4005.3,3323.8,1495.8,5257.9,6504.2,2724.3,3004.0,1877.9,2087.6,1084.8,4440.4,1097.8,3864.3,1663.8,4672.6,8792.2,4516.5,2146.0,272.9
2026-09-22 20:45:00,842.7,759.8,1183.3,1865.8,830.9,734.9,23.6,77.5,450.2,1.4,192.9,1493.2,4218.8,2842.5,1759.8,1219.5,107.5,70.6,1244.3,947.8,580.0,243.1,5821.9,4003.5,3310.5,1482.2,5259.3,6435.6,2722.8,2997.5,1869.4,2079.5,1081.3,4402.6,1100.6,3878.3,1650.7,4697.6,8778.3,4450.5,2142.5,268.2
2026-09-22 21:00:00,828.3,733.8,1127.9,1695.8,803.8,614.7,17.0,128.4,436.5,18.8,225.7,1432.5,4047.0,2796.7,1713.6,1252.1,182.7,1.8,1339.4,864.3,592.3,256.8,5778.8,3934.9,3276.3,1521.7,5185.8,6353.3,2694.7,3035.2,1920.4,2016.3,1074.8,4443.3,1083.7,3799.5,1584.0,4701.5,8571.2,4481.4,2081.4,254.6
2026-09-22 21:15:00,812.9,720.8,1098.2,1665.1,787.4,600.4,17.0,123.4,430.0,9.9,205.0,1409.9,4075.1,2612.6,1690.7,1203.8,198.0,0.1,1378.1,858.3,610.0,255.6,5787.4,3934.5,3259.3,1520.2,5160.7,6315.3,2689.7,3026.8,1923.0,2018.9,1065.0,4430.1,1079.3,3800.5,1572.6,4718.7,8521.6,4398.1,2068.6,249.4
2026-09-22 21:30:00,794.6,729.8,1064.8,1469.4,767.6,597.5,17.1,123.5,421.9,16.0,191.7,1429.4,4110.3,2615.0,1705.3,1180.3,193.4,0.1,1330.6,847.1,585.9,254.6,5759.0,3908.0,3232.9,1518.6,5151.2,6220.7,2682.2,3019.4,1923.2,2019.1,1058.7,4381.6,1072.5,3802.0,1559.4,4734.3,8398.8,4414.5,2046.1,247.6
2026-09-22 21:45:00,772.4,744.4,1038.6,1433.6,747.1,553.5,18.9,123.0,413.3,1.2,172.2,1433.7,4180.5,2577.2,1710.0,1149.3,208.9,0.1,1330.1,835.8,585.4,247.7,5725.3,3906.4,3211.3,1483.4,5131.4,6176.5,2676.1,3012.9,1921.9,2017.8,1049.3,4364.5,1072.2,3804.6,1547.0,4748.1,8340.8,4362.2,2034.3,233.7
2026-09-22 22:00:00,755.4,694.5,983.4,1468.7,723.3,506.0,1.0,107.9,392.0,25.6,140.3,1425.7,3913.0,2601.9,1602.5,1198.5,142.9,0.1,1446.8,783.5,557.4,264.4,5608.5,3937.3,3146.0,1451.5,4832.9,5407.9,2655.1,2348.7,1770.2,2849.6,1010.6,4085.8,1054.8,3916.1,1525.0,4472.0,8179.2,4209.1,1982.8,222.8
2026-09-22 22:15:00,741.1,685.0,968.0,1450.1,703.7,466.3,3.7,106.6,387.3,22.0,134.4,1427.0,4189.0,2592.7,1580.7,1206.8,156.0,0.1,1444.6,781.0,549.2,256.2,5541.9,3932.3,3111.9,1473.7,4812.7,5231.3,2648.9,2370.4,1779.2,2818.4,1000.5,3991.7,1047.0,3918.3,1506.7,4481.3,8130.4,4191.2,1956.2,220.7
2026-09-22 22:30:00,724.2,688.1,955.4,1391.7,684.5,453.1,3.7,106.9,382.3,25.1,131.1,1427.4,4096.7,2583.4,1606.4,1188.1,156.9,0.1,1436.5,779.6,538.4,254.4,5505.3,3921.3,3068.4,1456.6,4795.5,5065.7,2639.5,2406.2,1770.2,2770.6,988.8,3894.7,1042.9,3926.1,1486.4,4479.8,8038.3,4191.6,1939.3,217.8
2026-09-22 22:45:00,722.1,679.2,936.1,1375.3,667.7,432.4,3.7,106.5,377.5,20.8,128.0,1446.2,4362.1,2574.1,1585.7,1159.5,155.7,0.1,1436.7,780.6,538.4,252.7,5471.6,3923.0,3032.4,1470.9,4765.0,5012.6,2633.9,2431.4,1765.9,2777.7,980.1,3868.8,1041.6,3936.5,1465.0,4445.8,7966.9,4108.1,1917.6,215.4
2026-09-22 23:00:00,729.7,640.1,913.5,1372.9,644.6,375.3,15.7,50.8,371.6,19.0,123.6,1434.8,3975.4,2500.4,1476.4,1201.5,80.9,16.2,1155.3,679.1,510.1,239.8,5315.1,3839.0,2919.0,1464.6,4599.8,4744.1,2551.5,2334.2,1717.7,2795.7,958.7,3877.4,1026.4,3846.0,1439.6,4357.6,7804.3,4071.2,1912.3,245.5
2026-09-22 23:15:00,722.4,626.8,905.1,1368.4,631.8,370.0,15.7,54.0,366.7,19.0,115.0,1433.9,4503.3,2485.2,1448.8,1164.7,81.9,16.2,1155.1,676.3,507.6,241.2,5284.8,3838.3,2875.4,1463.5,4571.1,4712.6,2540.6,2332.0,1712.0,2794.6,948.1,3847.7,1020.4,3855.1,1419.2,4328.4,7766.2,3995.8,1895.3,239.6
2026-09-22 23:30:00,722.6,635.1,891.0,1320.1,618.4,349.2,15.7,54.7,358.0,20.6,119.5,1436.3,4513.4,2472.3,1449.7,1189.1,82.6,16.2,1139.9,676.2,495.6,239.9,5251.2,3836.7,2830.7,1461.1,4548.3,4683.9,2527.9,2330.2,1706.2,2795.3,939.3,3809.9,1014.2,3856.5,1401.3,4314.7,7727.6,3958.7,1893.9,237.4
2026-09-22 23:45:00,714.2,630.0,878.2,1318.9,611.9,349.6,15.7,54.0,349.2,20.9,112.4,1428.6,4526.6,2460.9,1427.0,1183.5,79.4,29.2,1143.1,656.2,498.7,237.8,5214.9,3808.9,2778.6,1455.8,4526.3,4629.2,2517.9,2364.1,1703.6,2794.6,932.4,3714.5,1007.3,3859.0,1387.9,4312.9,7657.7,3820.5,1869.0,232.5
2026-09-23 00:00:00,683.0,716.3,858.5,1349.9,603.1,194.7,34.7,35.0,296.0,20.2,113.2,1473.6,3960.3,3041.6,1082.1,949.0,167.6,30.1,1059.8,759.6,496.5,223.6,4967.9,3799.3,2699.7,1372.6,4472.6,4679.2,2537.7,2464.0,1650.0,2984.6,939.3,3792.1,998.8,3602.9,1482.2,4066.2,7482.5,3780.0,1833.8,172.2
2026-09-23 00:15:00,676.0,694.4,850.2,1354.2,597.4,195.1,34.8,35.6,289.3,20.2,105.3,1469.9,3946.6,2740.4,1072.9,957.4,157.6,30.1,1059.6,758.1,498.7,218.1,4945.5,3821.1,2670.9,1372.5,4460.7,4635.6,2524.6,2460.9,1644.6,2977.8,931.3,3726.9,993.6,3600.6,1472.6,4060.7,7440.3,3778.0,1829.8,170.5
2026-09-23 00:30:00,680.7,682.8,839.6,1359.0,590.4,195.4,34.7,34.7,288.3,22.7,86.7,1491.6,4123.0,2407.5,1153.3,1060.7,148.5,30.1,1058.0,765.7,496.3,215.0,4960.3,3823.1,2636.9,1372.5,4436.7,4583.2,2514.2,2408.1,1641.1,2973.8,922.1,3688.7,988.3,3600.5,1463.7,4053.5,7398.2,3777.3,1837.8,169.1
2026-09-23 00:45:00,675.7,636.8,843.0,1362.9,587.9,195.4,34.8,35.2,282.2,20.2,78.0,1483.0,4205.0,2406.6,1229.9,1139.4,149.3,30.1,1061.7,767.4,503.9,212.9,4944.9,3827.7,2602.6,1371.5,4422.3,4539.7,2505.5,2408.3,1635.5,2968.0,912.5,3623.7,983.3,3604.5,1456.2,4044.6,7365.3,3777.2,1828.0,172.2
2026-09-23 01:00:00,671.1,699.2,881.2,1321.7,597.3,195.6,39.5,45.2,319.7,13.5,84.8,1460.0,3890.3,2414.3,1239.2,1179.3,91.2,60.5,1080.4,748.4,508.9,206.5,4926.0,3825.0,2538.5,1374.6,4435.6,4478.0,2493.5,2465.1,1604.4,2926.2,893.1,3602.8,977.7,3571.1,1453.0,3983.7,7331.7,3768.6,1807.0,139.8
2026-09-23 01:15:00,667.0,697.9,875.1,1307.2,596.9,192.2,39.5,44.9,316.0,13.8,83.0,1474.1,3965.8,2387.0,1223.5,1160.8,91.7,60.5,1087.1,737.9,508.5,206.2,4919.2,3843.3,2517.0,1374.6,4425.6,4462.8,2492.8,2413.8,1602.3,2923.4,886.5,3608.3,976.5,3577.9,1448.3,3977.0,7308.0,3765.9,1802.1,137.0
2026-09-23 01:30:00,665.7,663.7,872.0,1299.0,595.4,192.6,39.5,46.4,317.6,15.9,79.1,1481.8,3934.9,2409.8,1208.8,1171.1,91.9,60.5,1087.8,750.6,508.3,203.1,4904.0,3842.5,2495.0,1374.6,4416.6,4443.7,2493.4,2394.8,1598.2,2918.5,879.9,3591.8,974.6,3582.8,1446.4,3969.2,7281.7,3758.6,1799.2,138.9
2026-09-23 01:45:00,663.8,646.4,869.1,1314.5,588.8,189.3,39.5,45.9,314.6,17.1,75.2,1498.8,4142.5,2392.0,1193.7,1184.6,92.2,60.5,1082.1,762.9,505.2,201.9,4888.9,3845.7,2473.9,1374.6,4409.9,4419.2,2487.0,2394.7,1603.7,2925.2,872.0,3549.3,972.5,3588.1,1446.5,3961.2,7257.0,3751.5,1802.7,136.0
2026-09-23 02:00:00,659.6,711.1,895.1,1300.2,599.7,180.3,39.8,48.0,315.1,18.0,106.8,1517.7,4153.3,2454.6,1222.4,1139.7,181.1,45.2,1100.7,762.5,494.4,200.7,4972.5,3883.4,2418.9,1347.2,4367.3,4454.8,2522.7,2447.8,1578.1,2858.6,860.6,3507.3,968.1,3602.9,1472.4,3973.6,7344.2,3876.7,1796.1,131.9
2026-09-23 02:15:00,657.6,712.2,893.2,1291.2,597.7,180.3,39.9,47.7,305.8,17.7,102.7,1511.0,4113.1,2464.0,1223.0,1142.4,179.5,45.2,1099.6,752.4,494.7,200.7,4962.1,3898.6,2413.2,1356.9,4362.0,4446.2,2524.5,2418.9,1576.1,2858.7,859.0,3513.2,967.6,3603.4,1470.5,3966.9,7335.0,3877.9,1799.8,131.0
2026-09-23 02:30:00,656.7,708.3,891.6,1295.2,596.7,180.3,42.5,48.3,306.3,20.3,95.0,1508.7,4196.6,2457.0,1210.9,1157.7,179.7,45.2,1081.9,754.4,489.3,200.2,4953.7,3903.0,2395.3,1356.5,4353.7,4434.3,2519.5,2398.6,1575.1,2863.3,855.0,3508.6,968.1,3602.3,1468.7,3963.4,7332.3,3864.3,1792.3,131.1
2026-09-23 02:45:00,658.8,701.2,892.2,1294.8,598.0,180.4,42.6,48.1,361.4,16.7,91.9,1506.8,4308.6,2459.8,1215.3,1171.7,195.1,45.2,1069.4,772.9,483.5,201.9,4950.8,3896.5,2384.8,1353.4,4349.7,4434.2,2517.4,2396.1,1573.1,2867.7,850.0,3508.2,967.8,3598.6,1464.7,3961.0,7342.5,3863.8,1789.9,131.1
2026-09-23 03:00:00,688.9,688.6,899.6,1287.6,627.0,180.3,41.7,60.6,336.9,16.0,112.2,1483.7,4130.0,2452.9,1199.7,1142.8,171.5,45.2,1057.3,763.6,480.6,201.4,4966.0,3892.2,2350.9,1332.2,4332.5,4453.6,2531.3,2397.2,1571.0,2837.0,844.9,3503.6,969.4,3803.0,1524.7,4012.0,7344.2,3869.8,1781.1,133.6
2026-09-23 03:15:00,687.2,702.8,898.1,1270.0,635.0,180.4,41.7,60.3,384.4,16.0,112.3,1499.3,4223.3,2449.6,1193.6,1153.4,171.7,45.2,1052.2,775.6,479.6,200.7,4965.3,3900.4,2346.5,1332.2,4329.8,4459.2,2527.8,2393.2,1568.9,2852.8,841.8,3512.9,969.0,3796.5,1522.1,4011.3,7338.1,3871.1,1776.5,134.1
2026-09-23 03:30:00,687.9,707.8,903.0,1264.5,648.7,181.9,41.7,60.0,376.6,16.0,111.5,1502.6,4216.0,2447.7,1177.6,1154.3,171.9,45.2,1049.4,772.4,469.9,200.4,4973.7,3902.4,2339.5,1331.0,4326.5,4467.9,2527.0,2388.3,1568.9,2870.5,840.8,3528.4,969.4,3790.1,1521.4,4012.2,7336.5,3870.3,1781.3,133.6
2026-09-23 03:45:00,693.8,715.0,904.4,1281.5,656.8,188.0,39.0,60.1,331.8,16.0,111.4,1514.1,4167.1,2487.1,1171.1,1153.6,191.8,45.2,1054.6,771.0,478.0,201.1,4987.7,3912.7,2334.8,1330.0,4325.3,4457.7,2530.2,2404.2,1568.5,2890.5,837.3,3505.5,968.9,3784.2,1526.3,4014.9,7328.8,3869.0,1779.8,133.0
2026-09-23 04:00:00,706.6,679.4,931.5,1284.8,668.6,321.3,41.4,63.9,386.7,16.0,169.3,1496.9,4217.5,2587.1,1252.6,1160.6,153.6,30.1,1045.7,777.3,463.4,200.2,4959.3,3906.8,2324.1,1328.8,4319.0,4382.6,2556.9,2385.1,1566.0,2814.7,830.0,3448.4,972.5,3849.4,1450.0,3986.1,7192.7,3788.3,1784.6,132.7
2026-09-23 04:15:00,712.1,719.2,953.0,1321.8,682.3,326.3,39.5,63.6,381.9,16.0,166.4,1496.2,4092.3,2608.2,1243.1,1162.4,158.0,30.1,1036.5,787.8,451.5,206.7,4987.6,3913.7,2328.5,1327.8,4324.0,4395.4,2560.9,2378.9,1574.2,2834.7,830.9,3467.4,972.6,3843.9,1459.3,3985.7,7195.4,3790.9,1795.0,132.6
2026-09-23 04:30:00,699.7,721.5,983.1,1304.2,696.4,326.6,39.5,63.2,334.7,16.0,162.2,1490.1,4016.7,2602.6,1185.2,1158.6,175.6,30.1,1026.5,792.5,452.0,203.6,4994.2,3953.7,2329.1,1326.7,4327.0,4440.5,2564.0,2424.3,1566.6,2840.5,833.4,3513.8,971.1,3841.2,1464.4,3979.7,7215.8,3789.7,1798.7,132.7
2026-09-23 04:45:00,702.5,749.4,1019.1,1345.4,713.2,326.9,39.5,62.9,341.3,13.9,156.8,1483.8,3963.8,2605.6,1157.6,1148.5,177.1,30.1,1040.7,778.4,461.4,206.5,5066.9,3959.7,2339.0,1324.7,4331.2,4476.1,2559.3,2429.7,1567.5,2855.9,834.0,3559.1,978.4,3841.0,1470.3,3974.4,7233.8,3804.0,1812.9,132.3
2026-09-23 05:00:00,736.4,741.1,999.5,1350.8,695.4,333.2,12.0,43.7,371.2,33.1,78.0,1452.1,4167.0,2492.3,1178.3,1214.1,131.9,23.6,997.7,1263.6,446.6,205.8,5378.4,3930.3,2362.7,1359.0,4344.9,4452.2,2650.7,2485.7,1581.1,2836.8,856.4,3681.9,984.9,3853.2,1459.7,4214.0,7364.1,3822.8,1863.4,152.3
2026-09-23 05:15:00,755.4,743.4,1055.0,1360.7,720.6,335.0,12.1,42.9,370.9,39.1,76.6,1438.6,4101.7,2504.8,1149.5,1225.8,171.5,23.7,986.1,1289.0,442.2,216.1,5417.9,3946.7,2402.6,1359.0,4366.4,4562.9,2655.8,2567.2,1583.9,2842.0,857.6,3790.4,990.1,3851.4,1474.7,4198.6,7455.7,3853.4,1892.7,155.4
2026-09-23 05:30:00,777.7,740.9,1100.2,1358.0,729.8,344.0,12.1,48.8,326.1,33.1,80.8,1432.3,3584.7,2539.1,1097.7,1213.5,194.1,23.7,991.9,1295.7,445.3,205.7,5449.6,3951.2,2435.4,1452.0,4387.8,4701.4,2661.5,2431.8,1588.9,2845.8,845.1,4003.7,997.4,3855.5,1496.6,4189.6,7588.5,3930.2,1928.7,150.9
2026-09-23 05:45:00,799.1,755.5,1119.8,1395.1,749.0,374.1,12.0,48.1,338.4,44.4,82.8,1384.1,3401.4,2573.7,1094.1,1263.1,190.7,23.9,994.0,1307.2,447.7,207.5,5507.6,3960.5,2482.6,1467.6,4412.4,4732.2,2674.3,2492.0,1595.2,2849.6,850.8,4041.8,1005.5,3860.4,1515.1,4178.6,7730.1,3974.3,1963.7,153.6
2026-09-23 06:00:00,832.2,764.0,1202.1,1630.4,782.8,576.6,12.2,77.8,359.8,154.7,110.7,1317.3,4162.9,2946.0,1260.8,1243.1,234.2,15.3,1102.7,1301.3,506.1,190.3,5639.6,4242.6,2641.5,1482.8,4611.6,4633.8,2758.7,2510.6,1648.2,2914.3,883.0,4013.0,1025.5,3914.8,1579.7,4368.9,8120.5,4285.4,2099.3,265.8
2026-09-23 06:15:00,850.1,774.1,1226.1,1628.6,802.6,595.5,12.0,81.8,373.5,167.1,125.7,1327.7,3793.2,2879.6,1279.8,1253.7,221.8,15.3,1109.6,1293.6,508.9,189.9,5679.4,4273.7,2720.5,1481.8,4649.2,4966.0,2773.4,2441.2,1656.6,2912.0,902.2,4215.6,1040.4,3920.2,1612.4,4360.4,8301.0,4323.2,2161.1,268.9
2026-09-23 06:30:00,860.1,805.9,1221.1,1656.7,818.4,631.9,12.0,85.3,392.9,170.2,162.2,1282.2,3698.3,2957.1,1258.2,1280.0,194.8,15.3,1111.3,1339.4,504.1,224.8,5647.6,4337.6,2785.8,1534.2,4689.8,4929.8,2791.0,2481.2,1667.6,2911.4,922.5,4232.4,1048.5,3925.4,1642.4,4352.9,8450.6,4357.2,2180.2,265.7
2026-09-23 06:45:00,870.5,799.0,1237.7,1658.8,830.0,644.9,12.0,80.9,401.8,179.6,154.3,1287.1,3604.4,3212.9,1280.8,1233.2,188.4,15.4,1126.8,1329.4,514.8,218.5,5671.9,4352.5,2867.0,1620.1,4727.2,5191.5,2805.7,2507.1,1677.0,2915.5,940.4,4305.3,1056.8,3931.1,1664.9,4346.4,8617.0,4353.2,2238.6,266.1
2026-09-23 07:00:00,891.2,805.2,1252.3,1440.5,841.0,737.2,20.5,66.3,432.2,204.6,194.9,1240.2,3533.0,3230.1,1376.1,1261.1,170.0,45.6,1219.3,1286.4,550.9,226.9,5782.0,4401.9,3057.0,1491.9,4821.2,5962.7,2879.8,2237.9,1747.1,3041.7,1017.2,4715.5,1079.2,3978.0,1817.7,4381.6,8876.9,4532.2,2335.5,270.3
2026-09-23 07:15:00,899.8,818.9,1255.7,1433.3,849.0,758.0,20.5,66.9,446.1,252.4,189.3,1239.0,3522.6,3243.6,1416.9,1294.6,166.9,45.7,1227.9,1275.7,556.1,212.8,5798.4,4432.0,3113.8,1501.8,4852.8,6132.1,2900.0,2294.7,1756.7,3040.4,1038.7,4742.7,1081.9,3975.8,1830.7,4375.7,8955.2,4609.0,2343.8,277.9
2026-09-23 07:30:00,908.1,836.4,1247.1,1417.3,859.0,771.3,20.5,67.7,463.4,260.4,203.5,1231.1,3498.1,2900.1,1450.9,1429.3,170.7,65.7,1255.0,1263.6,556.8,173.2,5810.0,4444.6,3144.3,1506.7,4875.8,6184.1,2910.4,2322.9,1762.5,3037.4,1051.8,4765.6,1081.0,3967.5,1838.8,4368.3,9005.8,4634.7,2354.7,277.9
2026-09-23 07:45:00,909.3,823.8,1233.4,1366.7,864.5,787.0,20.5,74.1,473.9,197.4,203.9,1230.8,3453.8,2941.2,1512.9,1376.7,148.3,78.8,1288.4,1213.0,566.1,150.3,5819.4,4433.8,3182.9,1512.9,4884.6,6258.2,2931.1,2379.4,1768.3,3035.5,1061.3,4799.2,1082.4,3952.6,1843.9,4359.3,9048.2,4646.4,2383.7,274.9
2026-09-23 08:00:00,902.2,762.7,1205.8,1537.1,870.2,802.8,2.0,31.2,480.8,221.5,196.5,1369.7,3982.6,3206.3,1721.8,1457.8,156.4,96.8,1341.5,1120.7,586.4,140.7,5773.3,4304.0,3234.4,1693.5,4839.1,6064.2,2985.5,2292.1,1770.1,2933.6,1077.6,4666.0,1072.8,3968.9,1831.3,4425.4,9054.1,4590.9,2354.8,262.8
2026-09-23 08:15:00,903.4,760.7,1187.4,1450.4,881.9,796.3,2.0,30.5,488.7,205.3,194.3,1380.1,3939.2,3219.0,1880.5,1531.2,157.7,91.0,1335.1,1098.0,578.3,131.2,5761.9,4318.2,3235.9,1693.5,4837.2,5847.1,2990.5,2350.5,1770.8,2938.1,1077.6,4664.1,1071.2,3939.2,1835.0,4416.0,9031.0,4510.1,2342.3,264.5
2026-09-23 08:30:00,916.6,746.6,1152.1,1402.5,888.4,801.7,2.0,27.9,473.6,219.4,196.4,1404.4,3936.0,3396.9,1942.9,1558.2,159.0,111.9,1326.6,1094.2,568.3,150.1,5742.9,4302.2,3231.7,1692.6,4839.8,5793.1,2985.0,2462.6,1786.4,2975.3,1083.0,4664.9,1072.0,3905.1,1840.4,4403.8,9000.3,4520.1,2318.9,268.4
2026-09-23 08:45:00,910.8,736.4,1128.4,1372.6,889.5,798.6,9.5,26.6,447.9,203.2,218.5,1411.1,4373.3,3418.4,1949.0,1423.4,140.4,78.2,1353.7,1049.8,581.6,126.6,5723.4,4305.1,3240.8,1619.9,4846.3,5615.8,2996.0,2752.9,1787.4,2987.9,1087.4,4558.9,1078.0,3865.6,1843.7,4395.4,9009.5,4505.3,2305.3,273.4
2026-09-23 09:00:00,902.4,713.0,1083.5,1327.1,882.8,666.2,38.0,55.7,420.2,195.0,195.1,1281.5,4270.2,3269.8,1878.9,1546.9,175.6,30.5,1319.8,818.8,566.6,158.1,5652.9,4208.5,3245.9,1758.2,4740.0,5598.6,3006.7,2559.0,1797.8,3017.7,1084.6,4650.0,1084.9,3842.3,1854.4,4403.0,8857.0,4426.5,2244.9,216.3
2026-09-23 09:15:00,899.2,708.3,1080.5,1311.8,880.3,664.6,39.1,41.3,386.7,198.8,178.7,1305.0,4392.7,3096.8,1820.9,1466.4,175.8,30.6,1317.3,771.7,560.6,148.4,5634.5,4212.5,3231.2,1749.6,4728.8,5556.1,3015.3,2645.3,1795.6,3030.4,1079.8,4604.4,1087.4,3804.5,1851.6,4410.7,8809.2,4444.8,2242.5,219.9
2026-09-23 09:30:00,899.6,695.7,1083.9,1112.5,876.5,664.1,39.0,42.7,356.3,208.4,159.8,1332.1,5122.9,2945.7,1795.8,1525.6,172.7,30.6,1317.1,771.3,554.8,154.1,5620.4,4217.9,3229.3,1659.8,4729.2,5080.3,3009.0,2700.5,1794.8,3044.7,1080.7,4588.5,1088.6,3771.5,1844.6,4393.4,8771.3,4440.2,2227.7,225.0
2026-09-23 09:45:00,890.4,667.8,1079.9,1113.8,874.1,669.8,54.1,44.3,310.1,210.0,155.9,1349.8,5199.9,2905.0,1757.9,1517.5,142.5,116.0,1344.4,762.2,566.5,151.6,5656.8,4158.8,3220.6,1485.4,4717.0,4267.3,3014.1,2751.2,1793.5,3040.7,1074.2,4405.4,1088.1,3758.8,1829.2,4371.5,8732.2,4334.8,2222.9,230.1
2026-09-23 10:00:00,880.8,673.4,1062.3,1086.0,867.6,418.9,57.0,70.2,260.1,222.4,340.7,1410.8,4996.2,3275.7,1671.8,1351.4,0.0,201.7,1595.8,741.1,569.9,157.7,5617.4,4183.9,3183.7,1514.3,4482.4,4576.0,3015.9,2445.3,1564.9,3311.7,917.7,4501.7,1076.8,3735.9,1805.4,4442.8,8635.5,4380.0,2193.5,207.9
2026-09-23 10:15:00,874.2,667.7,1041.5,1059.1,860.0,429.3,58.1,62.3,225.6,227.3,334.8,1408.0,5528.1,3260.2,1620.2,1197.8,0.0,186.0,1614.6,728.3,570.1,135.0,5634.7,4156.8,3178.6,1454.5,4477.3,4066.6,3015.7,2469.7,1562.9,3317.1,918.4,4482.4,1074.9,3720.1,1784.8,4428.6,8575.1,4286.1,2179.4,212.3
2026-09-23 10:30:00,867.6,666.3,1022.5,1043.6,859.5,436.4,60.2,66.0,187.2,234.8,334.4,1477.1,5915.9,3367.3,1624.2,1147.5,0.0,182.1,1614.8,762.1,578.7,100.1,5717.8,4149.6,3169.0,1396.9,4469.2,3987.1,3009.1,2532.9,1562.1,3305.8,1046.6,4001.5,1072.9,3711.7,1771.7,4409.7,8519.3,4184.1,2156.9,217.0
2026-09-23 10:45:00,859.8,648.4,1008.6,1026.5,856.3,439.5,74.2,67.9,173.2,258.9,319.8,1444.5,6186.8,3303.9,1562.5,1197.6,0.0,166.5,1613.3,591.0,581.9,115.5,5719.7,4146.7,3156.3,1385.3,4453.5,3640.7,3015.9,2439.1,1560.0,3314.5,1043.7,3439.9,1073.4,3706.3,1762.6,4389.1,8476.6,4196.6,2138.6,221.5
2026-09-23 11:00:00,857.8,688.7,1001.2,1018.0,850.2,443.6,76.4,48.1,153.1,267.9,364.2,1489.9,6294.0,3674.4,1736.1,1251.5,32.4,176.8,1689.7,813.5,580.4,104.2,5724.7,4197.3,3157.3,1347.7,4798.6,3695.8,3003.1,2579.6,1694.4,3213.4,1051.2,3174.5,1071.2,3662.6,1758.0,4377.6,8403.2,4074.7,2115.7,224.0
2026-09-23 11:15:00,853.4,681.4,998.6,996.5,847.3,440.5,80.7,41.7,127.3,283.3,362.7,1532.9,6356.0,3656.8,1679.6,1301.3,33.2,230.7,1686.5,640.5,579.6,104.6,5707.8,4200.1,3148.4,1336.1,4788.8,3464.2,3004.0,2443.4,1691.7,3219.3,1045.6,2912.5,1072.2,3653.1,1756.7,4372.5,8362.1,4083.3,2102.8,226.8
2026-09-23 11:30:00,857.3,690.2,998.2,970.3,844.7,436.5,80.8,36.0,110.7,288.2,363.2,1553.1,6388.4,3718.8,1631.3,1341.6,34.0,216.2,1671.5,673.2,580.0,115.4,5696.2,4205.1,3139.9,1336.5,4771.8,3334.5,2996.2,2442.6,1694.4,3209.2,1042.9,2812.9,1080.3,3647.5,1759.7,4370.5,8324.1,4086.1,2088.7,229.3
2026-09-23 11:45:00,860.8,696.5,1003.1,936.8,844.0,428.0,96.5,36.7,90.3,270.1,345.8,1547.3,6680.4,3672.7,1567.9,1332.0,34.8,212.4,1668.1,708.6,586.8,138.4,5685.8,4207.5,3132.1,1336.8,4764.7,3314.9,3002.2,2413.5,1686.7,3209.2,1041.4,2781.6,1085.3,3642.8,1763.9,4368.9,8310.8,4094.0,2079.3,231.2
2026-09-23 12:00:00,906.3,725.0,1069.6,908.7,865.8,410.1,241.3,46.4,55.9,311.4,467.9,1613.9,6679.3,4015.4,1901.2,1263.6,35.8,282.6,1531.5,751.3,565.3,166.1,5635.3,4168.7,3121.2,1312.0,4657.7,3463.3,2990.0,2427.1,1756.5,2987.4,1035.5,2683.8,1100.3,3632.7,1773.9,4335.9,8250.7,4108.2,2025.5,233.9
2026-09-23 12:15:00,902.6,726.3,1103.0,893.7,862.5,404.0,251.3,48.9,53.9,277.9,451.1,1631.1,6814.9,3916.5,1839.7,1284.7,35.8,253.7,1523.1,787.1,554.9,168.4,5629.3,4166.4,3114.2,1312.3,4647.4,3443.6,2988.9,2424.1,1751.9,2988.8,1033.0,2683.7,1104.7,3628.7,1775.5,4341.1,8268.3,4112.3,2011.2,235.1
2026-09-23 12:30:00,890.1,722.5,1117.3,861.7,860.8,396.4,254.8,48.4,53.1,292.3,447.3,1641.0,6926.8,3941.5,1815.7,1332.6,36.0,237.1,1525.3,804.0,558.2,171.3,5617.2,4164.0,3107.9,1312.5,4644.8,3412.0,2980.4,2398.2,1752.2,2971.2,1034.9,2663.4,1104.0,3624.5,1774.3,4344.3,8252.2,4105.8,2014.1,236.5
2026-09-23 12:45:00,878.7,723.1,1116.6,833.7,860.9,385.7,254.9,47.2,55.5,295.2,471.6,1642.1,6965.1,3875.0,1808.3,1334.4,36.1,271.4,1527.2,829.6,569.1,172.2,5598.2,4162.4,3104.9,1310.5,4635.3,3394.1,2984.8,2398.4,1750.5,2973.6,1030.7,2631.7,1104.1,3620.6,1764.8,4347.8,8244.0,4103.5,2023.0,236.2
2026-09-23 13:00:00,888.9,713.3,1120.4,822.0,912.6,375.7,279.7,45.9,74.5,271.5,561.7,1643.3,6989.0,3954.0,2033.8,1314.1,36.3,319.4,1593.5,882.1,562.9,175.9,5563.7,4176.6,3094.4,1312.5,4597.6,3334.5,2983.8,2398.2,1735.2,2976.5,1032.4,2558.3,1097.5,3636.7,1750.0,4315.4,8323.5,4218.2,2034.1,235.4
2026-09-23 13:15:00,882.0,711.8,1126.6,815.5,916.3,376.5,279.5,44.8,74.9,251.2,555.6,1629.0,7080.3,3890.2,2043.8,1308.7,37.1,306.4,1593.4,905.0,563.9,177.4,5601.9,4165.5,3092.9,1312.7,4586.4,3340.2,2986.1,2395.5,1732.0,2974.0,1034.8,2558.0,1096.3,3631.7,1739.9,4322.9,8336.0,4214.7,2041.8,234.4
2026-09-23 13:30:00,876.5,708.6,1148.5,797.9,917.3,366.8,279.3,41.7,73.3,238.5,549.5,1628.2,7205.4,3883.5,2044.6,1310.0,37.8,298.4,1589.3,935.9,564.3,176.7,5599.9,4157.5,3088.5,1312.6,4581.9,3324.3,2979.8,2424.6,1734.0,2979.3,1036.0,2490.7,1093.4,3629.7,1732.0,4327.7,8318.3,4210.7,2045.5,233.2
2026-09-23 13:45:00,869.1,701.0,1159.8,794.3,916.5,349.3,263.2,41.9,80.4,229.6,550.2,1627.5,7185.8,4005.4,2051.7,1307.3,38.6,246.4,1587.5,973.9,561.5,178.7,5596.2,4153.6,3088.4,1312.4,4632.1,3385.4,2981.9,2397.8,1733.9,2983.9,1030.2,2472.6,1089.5,3630.0,1730.7,4334.0,8321.6,4202.0,2050.5,230.7
2026-09-23 14:00:00,827.1,698.8,1165.4,763.4,918.4,334.7,142.8,34.2,80.5,73.6,441.5,1633.5,6864.3,4004.4,1827.4,1300.3,39.3,272.5,1478.5,1002.8,545.9,173.1,5636.0,4122.5,3102.4,1304.8,4636.1,3414.2,2985.4,2423.4,1718.8,3087.0,1034.7,2487.9,1089.6,3495.9,1744.3,4325.4,8318.0,4108.4,2052.1,225.8
2026-09-23 14:15:00,827.3,692.1,1180.3,752.4,920.6,316.5,130.6,33.1,86.3,66.1,443.3,1625.7,6615.4,4007.5,1844.6,1322.5,39.2,282.2,1485.8,1028.3,537.3,164.8,5584.9,4120.5,3101.5,1304.6,4628.9,3417.7,2985.8,2396.3,1718.0,3090.9,1035.8,2485.9,1088.6,3494.1,1746.4,4333.8,8319.9,4094.6,2055.5,222.8
2026-09-23 14:30:00,826.2,682.6,1187.0,743.7,916.3,302.0,126.7,32.1,97.9,81.1,454.9,1615.5,6054.7,3961.6,1852.6,1317.0,39.1,283.3,1488.0,1052.8,535.4,158.8,5585.1,4112.6,3108.6,1304.2,4624.0,3434.5,2981.1,2399.3,1717.8,3093.4,1037.8,2533.9,1089.9,3493.0,1747.2,4341.1,8319.1,4079.9,2060.8,219.3
2026-09-23 14:45:00,830.0,670.0,1161.0,744.1,919.0,286.9,124.1,49.6,106.8,111.1,445.3,1606.2,6009.2,3959.5,1902.5,1351.1,39.0,269.4,1480.9,1078.2,534.0,151.0,5592.5,4115.9,3111.0,1304.6,4625.7,3446.6,2986.0,2432.2,1720.0,3102.2,1041.2,2548.2,1090.6,3491.1,1746.6,4348.2,8329.0,4065.3,2068.2,215.7
2026-09-23 15:00:00,818.4,659.6,1131.2,766.9,848.8,377.0,93.1,46.5,174.9,74.5,367.4,1594.4,6136.4,3923.0,1651.5,1319.1,38.9,174.0,1493.5,1066.5,544.5,144.4,5676.2,4172.4,3114.0,1212.0,4642.1,3533.5,2998.9,2411.7,1730.3,3172.4,1028.8,2688.4,1094.1,3597.7,1737.2,4460.2,8299.3,3928.1,2114.3,209.1
2026-09-23 15:15:00,819.2,636.2,1147.2,752.9,850.0,356.7,81.2,46.4,188.3,86.9,363.6,1573.9,5962.0,3850.3,1683.3,1324.2,38.7,240.6,1492.2,1088.9,543.5,136.3,5650.1,4167.5,3124.5,1215.0,4631.5,3601.4,2999.7,2416.7,1730.7,3179.2,1032.8,2835.5,1096.4,3597.3,1738.7,4471.4,8301.7,3992.5,2128.6,204.4
2026-09-23 15:30:00,827.2,630.7,1168.2,745.3,850.1,337.3,79.9,44.2,201.0,76.3,375.5,1546.0,5616.5,3792.7,1725.9,1299.0,38.5,226.6,1472.1,1146.2,546.5,129.9,5661.7,4163.4,3139.2,1215.6,4571.2,3781.9,2994.0,2434.0,1726.2,3186.4,1037.2,3432.4,1096.5,3597.3,1739.7,4483.0,8334.6,3974.0,2133.3,199.9
2026-09-23 15:45:00,828.0,603.2,1191.3,746.8,856.6,318.9,79.0,50.8,215.2,65.4,362.3,1537.3,4843.5,3746.8,1770.4,1260.5,38.4,225.7,1456.9,1370.9,549.2,176.6,5679.2,4162.6,3153.9,1247.8,4572.2,4012.1,2999.8,2581.0,1708.8,3185.7,1038.3,4084.2,1096.6,3597.4,1741.6,4496.6,8361.5,3955.7,2142.6,196.1
2026-09-23 16:00:00,840.7,560.5,1172.4,748.6,852.4,348.6,81.8,96.5,208.9,59.6,375.2,1521.6,4960.1,3700.2,1491.2,1198.8,174.4,92.7,1326.8,1218.1,554.2,107.7,5757.7,4192.8,3215.0,1292.9,4475.8,4143.9,2997.1,2507.4,1756.0,2947.6,1061.6,3687.0,1107.6,3622.3,1751.0,4533.7,8396.5,4221.2,2147.3,188.6
2026-09-23 16:15:00,854.8,541.4,1211.7,743.3,854.9,330.0,71.4,94.7,216.2,62.4,369.6,1508.6,4697.6,3700.8,1546.4,1189.0,196.1,82.7,1309.7,1453.5,541.7,192.8,5759.4,4211.7,3223.7,1394.4,4486.7,4298.7,2993.7,2640.9,1765.9,2955.8,1066.0,4754.6,1109.7,3622.6,1757.8,4554.9,8449.8,4220.3,2159.1,184.9
2026-09-23 16:30:00,860.0,533.7,1246.5,931.2,863.5,309.1,71.3,93.6,233.5,48.5,367.6,1479.6,4636.0,3861.9,1625.4,1263.3,197.7,140.5,1300.9,1488.2,550.7,194.5,5729.7,4269.6,3235.8,1473.4,4494.4,4752.1,2984.1,2633.9,1766.0,2971.0,1049.1,4719.2,1113.1,3623.0,1764.7,4574.1,8519.2,4311.1,2178.3,178.6
2026-09-23 16:45:00,860.4,512.8,1275.6,919.4,868.6,291.9,71.0,107.8,243.8,47.3,341.0,1459.0,4655.8,4075.7,1696.4,1457.5,199.4,175.3,1291.8,1559.8,556.2,242.3,5731.9,4291.2,3248.3,1589.3,4481.9,5205.4,2983.3,2601.2,1772.9,2975.5,1049.6,4722.2,1116.9,3623.4,1777.1,4591.6,8613.4,4333.8,2196.7,173.9
2026-09-23 17:00:00,879.2,485.9,1306.0,679.2,879.8,496.5,26.8,40.3,261.3,48.2,214.0,1400.8,4911.8,4143.5,1831.2,1578.5,181.7,39.0,1387.7,1676.7,608.8,205.2,5751.2,4255.9,3256.2,1482.3,4283.8,4831.2,2951.7,2549.6,1769.2,3002.0,1050.4,4770.9,1120.2,3601.1,1791.5,4651.7,8733.8,4342.5,2241.8,238.1
2026-09-23 17:15:00,884.9,466.6,1335.5,866.7,891.1,493.2,22.0,52.3,276.3,50.8,216.9,1376.4,4273.0,4028.6,1952.4,1542.4,182.7,61.7,1349.0,1739.7,589.8,215.6,5740.7,4336.1,3254.9,1591.4,4276.4,5265.4,2948.0,2527.6,1783.5,3015.9,1053.4,4756.0,1122.5,3602.8,1799.1,4683.0,8803.6,4367.4,2264.6,234.6
2026-09-23 17:30:00,893.3,454.6,1344.8,1050.9,897.8,491.6,22.0,50.2,303.5,48.0,235.2,1334.1,4112.9,4065.3,1913.8,1434.3,217.1,25.1,1347.8,1772.5,602.9,206.5,5735.5,4420.6,3253.1,1602.2,4275.5,5527.4,2940.7,2435.3,1773.7,3013.6,1053.1,4804.4,1124.4,3604.7,1800.1,4703.5,8860.8,4376.0,2266.6,235.8
2026-09-23 17:45:00,900.9,450.9,1370.3,1018.1,900.8,521.5,22.0,49.1,329.4,33.3,277.6,1307.9,4220.3,4242.9,1845.0,1340.7,198.4,25.1,1331.2,1849.7,603.8,247.2,5731.5,4495.1,3250.8,1601.6,4279.9,5535.3,2941.1,2344.2,1775.9,3016.4,1060.7,4839.6,1124.2,3607.3,1800.1,4738.2,8873.0,4401.9,2288.1,234.7
2026-09-23 18:00:00,917.5,491.3,1405.1,1086.6,908.6,704.9,8.2,34.1,356.4,30.5,284.3,1273.6,4133.3,4044.4,1949.3,1247.3,287.5,15.2,1374.2,1997.7,627.2,220.7,5769.7,4585.2,3264.0,1617.0,4605.0,5884.6,2903.9,2472.2,1783.7,3034.4,1030.1,4777.6,1124.5,3615.7,1787.0,4390.8,8943.0,4479.5,2311.0,273.1
2026-09-23 18:15:00,928.6,466.5,1416.5,1094.5,910.2,718.4,7.0,40.7,374.9,25.3,307.5,1248.7,4094.0,3959.4,2025.0,1325.3,226.5,15.2,1340.6,2048.1,613.1,237.6,5749.3,4653.5,3261.8,1608.1,4603.3,5886.7,2906.5,2422.0,1779.2,3030.4,1031.7,4793.5,1125.6,3620.5,1784.7,4433.4,8966.9,4498.5,2321.0,272.9
2026-09-23 18:30:00,940.6,455.6,1433.7,1154.8,906.6,775.9,7.0,48.6,399.7,24.4,349.0,1222.7,3978.8,3943.8,2017.5,1310.3,237.9,15.1,1339.7,2091.3,615.5,272.0,5708.6,4687.8,3268.1,1608.4,4614.8,5907.9,2905.7,2280.1,1779.1,3024.8,1040.1,4846.1,1125.2,3625.6,1782.3,4477.3,8996.3,4525.8,2301.6,272.6
2026-09-23 18:45:00,945.0,444.5,1453.6,1148.6,907.0,774.6,7.0,45.0,407.5,24.1,339.8,1226.3,3866.9,4094.7,2062.7,1314.8,210.4,15.1,1345.9,2072.7,612.0,238.1,5683.5,4769.2,3272.2,1609.8,4609.5,5836.2,2910.5,2195.5,1782.4,3028.6,1038.8,4832.4,1124.0,3629.4,1777.1,4515.2,9024.7,4623.2,2309.5,298.5
2026-09-23 19:00:00,943.3,452.2,1484.7,1134.6,911.5,816.5,62.0,30.3,411.9,80.1,269.1,1274.0,4170.7,3909.1,2076.9,1412.8,199.9,28.7,1280.9,2062.0,628.7,260.1,5711.6,4854.2,3291.6,1473.9,4401.6,5932.3,2807.9,2078.2,1793.7,3060.8,1040.1,4958.2,1121.3,3665.6,1770.7,4382.4,9017.9,4754.6,2317.3,307.4
2026-09-23 19:15:00,938.2,450.5,1485.4,1121.3,906.0,815.5,62.0,29.9,425.7,29.6,268.7,1262.9,4020.3,4011.1,2095.1,1357.0,198.2,28.7,1281.5,2026.1,642.9,239.4,5710.2,4902.7,3297.8,1472.1,4397.7,5819.2,2808.1,2063.2,1797.8,3063.2,1045.1,4905.6,1111.9,3670.8,1766.0,4422.1,9030.2,4687.7,2324.1,284.3
2026-09-23 19:30:00,940.0,442.1,1479.0,1106.6,899.4,805.0,62.0,29.4,414.1,76.1,260.3,1250.7,4079.1,3841.2,2031.6,1378.2,146.1,28.6,1272.3,2048.5,630.6,242.2,5669.7,4980.0,3301.5,1474.1,4406.3,5867.4,2801.5,1990.4,1803.5,3064.9,1044.3,4893.4,1096.9,3675.2,1761.2,4389.0,9019.7,4677.5,2319.5,310.2
2026-09-23 19:45:00,940.0,442.6,1465.8,1093.8,886.0,789.0,62.0,47.9,420.9,72.6,247.6,1241.9,3984.6,3861.7,2031.9,1410.8,159.8,28.6,1264.7,2068.5,619.0,255.0,5615.0,5045.7,3304.7,1473.2,4400.9,5993.8,2809.7,1983.2,1813.8,2977.9,1045.8,4835.8,1077.0,3679.4,1756.6,4336.4,9035.6,4600.9,2305.8,308.9
2026-09-23 20:00:00,920.9,443.1,1427.5,1066.8,868.6,766.3,22.0,23.2,407.8,114.5,258.2,1474.0,3732.0,3887.8,1736.3,1416.5,147.9,28.9,1392.0,2314.6,589.0,282.1,5427.6,5005.6,3306.6,1492.4,4489.7,5791.8,2844.6,1969.1,1798.8,3137.2,1046.4,4908.6,1070.8,3549.8,1743.4,4151.6,8911.6,4554.0,2283.2,265.2
2026-09-23 20:15:00,909.0,406.0,1415.9,1040.9,856.0,762.3,22.0,20.2,406.9,108.0,252.0,1474.8,3642.0,4091.3,1764.5,1380.0,148.1,28.9,1382.9,2324.6,583.8,291.0,5405.8,5005.3,3296.3,1493.4,4485.1,5731.8,2840.4,2001.6,1796.7,3132.7,1048.0,4867.8,1067.2,3569.2,1738.9,4137.4,8862.8,4457.2,2261.5,266.9
2026-09-23 20:30:00,901.8,355.8,1398.2,976.3,843.8,730.2,22.0,21.1,424.3,40.0,217.7,1476.0,3665.3,4180.6,1728.9,1378.0,149.8,28.9,1377.0,2303.7,579.1,286.1,5359.4,4985.3,3284.6,1493.4,4475.7,5650.6,2833.8,2094.7,1800.2,3136.7,1047.8,4797.6,1066.6,3584.7,1736.3,4111.5,8841.8,4384.5,2258.9,268.7
2026-09-23 20:45:00,899.2,353.2,1351.7,750.9,827.5,725.9,22.0,21.2,417.1,31.5,214.0,1452.1,3609.4,4177.7,1713.6,1365.6,163.8,28.9,1370.3,2304.5,572.0,302.9,5324.2,4994.7,3270.4,1494.4,4473.0,5652.9,2837.6,2115.8,1789.8,3142.6,1044.9,4792.3,1062.9,3595.2,1734.3,4046.2,8776.1,4277.4,2231.7,270.0
2026-09-23 21:00:00,865.1,494.2,1308.0,699.8,804.7,514.8,2.0,12.1,422.3,15.3,222.9,1251.3,3415.0,4452.9,1659.7,1426.6,196.0,45.1,1463.4,2368.9,561.4,298.6,5349.3,4794.9,3214.2,1512.8,4345.0,5134.1,2776.7,2118.2,1765.6,3174.7,1033.6,4599.8,1055.9,3517.7,1632.4,4371.9,8593.2,4210.6,2156.8,249.9
2026-09-23 21:15:00,871.6,352.6,1269.0,662.0,785.9,491.3,2.0,11.1,413.3,13.1,196.2,1251.9,3668.5,4512.9,1628.1,1414.0,197.3,25.1,1447.7,2370.1,548.2,308.3,5368.7,4767.1,3190.6,1495.0,4324.1,5089.1,2771.1,2128.5,1761.3,3174.3,1029.0,4579.1,1051.8,3520.1,1619.9,4367.9,8496.9,4156.8,2122.2,251.8
2026-09-23 21:30:00,870.8,341.2,1246.0,468.1,767.3,483.0,2.0,13.3,404.2,12.5,164.3,1252.9,3547.8,4684.4,1642.6,1424.0,222.4,25.1,1458.5,2335.2,542.6,314.0,5426.6,4701.4,3163.6,1468.9,4314.7,5059.9,2771.8,2172.3,1758.6,3173.6,1025.1,4530.0,1045.4,3517.5,1605.6,4361.9,8394.0,4153.8,2106.4,253.2
2026-09-23 21:45:00,845.3,341.7,1216.6,446.5,752.8,471.4,4.7,9.2,394.3,11.6,126.7,1260.8,4130.0,4937.0,1639.2,1387.0,223.5,25.1,1463.8,2301.4,547.8,287.1,5386.3,4683.0,3143.3,1299.6,4287.7,4827.8,2750.5,2200.6,1759.6,3173.5,1016.4,4227.8,1040.5,3511.5,1585.3,4396.2,8329.0,4053.5,2069.5,255.5
2026-09-23 22:00:00,788.6,468.4,1158.2,397.0,727.5,281.4,32.0,5.0,381.4,12.4,148.4,1273.7,3971.2,4991.8,1597.2,1404.9,196.8,35.2,1540.0,2648.6,523.0,299.8,5279.7,4554.5,3093.1,1454.3,4400.2,4758.6,2715.9,2217.4,1712.8,3188.9,1002.6,4200.0,1028.8,3427.0,1555.7,4448.0,8170.6,3939.4,2024.8,228.2
2026-09-23 22:15:00,786.8,406.8,1136.8,380.8,711.7,280.8,33.9,4.0,374.8,12.8,122.3,1284.9,4050.6,4845.3,1596.5,1399.7,205.6,35.2,1538.9,2634.9,521.0,310.0,5221.9,4529.0,3059.5,1429.7,4375.0,4628.4,2709.5,2231.8,1721.6,3182.1,992.3,4020.9,1022.3,3416.6,1533.0,4430.1,8070.5,3935.2,1989.1,230.2
2026-09-23 22:30:00,761.2,425.2,1109.6,359.9,695.8,279.9,34.8,5.5,368.3,16.5,134.6,1299.9,4077.8,4821.4,1595.7,1384.7,218.5,35.3,1542.9,2644.4,513.5,332.9,5183.3,4482.6,3016.0,1428.8,4358.8,4565.3,2695.5,2253.1,1731.7,3175.9,982.5,3938.0,1017.9,3406.2,1516.5,4395.9,7986.6,3923.4,1962.0,231.6
2026-09-23 22:45:00,749.1,442.5,1090.5,355.5,680.8,278.9,34.9,4.5,363.8,16.4,114.9,1303.4,4126.5,4846.9,1564.9,1380.2,212.1,35.3,1542.1,2645.3,499.3,334.3,5151.1,4454.9,2977.2,1360.7,4393.2,4536.5,2689.1,2257.5,1725.8,3177.8,971.4,3833.0,1013.0,3396.5,1505.2,4368.7,7927.0,3929.0,1928.5,232.6
2026-09-23 23:00:00,737.3,412.3,1097.9,306.2,658.1,246.8,61.0,12.3,352.8,19.8,142.7,1247.2,4035.7,4779.7,1507.6,1346.4,171.5,35.4,1597.7,2638.8,488.2,349.3,4950.6,4425.9,2870.0,1335.7,4538.4,4780.3,2655.8,2288.9,1705.7,3188.0,963.3,3769.4,1005.2,3356.5,1501.1,4299.8,7786.2,3908.3,1885.6,191.2
2026-09-23 23:15:00,723.1,442.0,1083.1,302.5,650.3,246.8,61.0,12.4,348.0,13.2,125.1,1234.5,4037.8,4933.9,1501.4,1326.7,189.3,35.4,1611.7,2631.3,490.0,366.2,4916.3,4404.9,2824.5,1275.0,4508.8,4532.0,2656.8,2298.5,1682.5,3214.1,929.3,3440.2,1000.2,3346.4,1495.2,4291.0,7731.3,3909.9,1855.6,187.5
2026-09-23 23:30:00,714.1,437.3,1068.9,312.9,639.3,246.7,61.1,12.4,339.9,21.1,126.8,1257.5,4107.4,5069.7,1579.4,1295.2,194.8,35.4,1611.0,2633.4,498.2,383.0,4854.3,4363.8,2785.3,1275.1,4484.6,4468.7,2643.5,2301.9,1677.3,3214.0,932.0,3373.7,996.4,3335.3,1488.1,4262.6,7660.1,3906.3,1841.0,188.8
2026-09-23 23:45:00,704.5,434.0,1057.2,305.9,631.2,246.7,61.0,11.4,330.9,24.2,120.6,1258.3,4714.2,5191.7,1573.3,1301.0,193.2,35.4,1607.9,2651.3,502.5,263.7,4812.5,4328.4,2736.9,1275.2,4464.0,4378.5,2636.0,2307.4,1669.5,3213.6,922.4,3088.7,999.7,3330.3,1480.5,4234.3,7560.9,3901.5,1816.8,183.1
2026-09-24 00:00:00,717.2,376.2,999.7,443.3,634.9,25.1,160.0,39.7,265.1,76.6,118.3,1242.7,4187.1,6051.9,1400.2,1088.3,83.0,60.3,1645.0,3043.9,526.6,414.1,4658.6,4226.8,2666.2,1199.8,4653.0,4663.7,2639.5,2497.6,1652.0,2909.9,911.7,2846.4,1010.5,3578.5,1634.7,4263.4,7391.5,3868.9,1754.5,227.7
2026-09-24 00:15:00,698.8,387.7,1011.4,462.2,615.7,25.0,160.0,41.6,261.4,73.4,138.3,1242.9,4340.7,6136.1,1539.2,1007.1,82.8,57.8,1632.9,3206.9,519.3,424.4,4637.7,4208.6,2635.9,1198.8,4660.0,4410.4,2633.1,2533.9,1643.1,2907.3,902.9,2788.0,999.9,3571.4,1603.4,4249.9,7309.8,3869.0,1720.8,228.2
2026-09-24 00:30:00,694.1,378.7,1007.4,446.1,609.8,25.0,160.0,32.7,262.5,74.2,110.2,1245.6,4332.9,6222.1,1578.2,1003.6,88.9,50.9,1628.9,3200.2,520.9,435.9,4611.4,4172.6,2598.5,1189.7,4641.5,4190.0,2625.5,2509.5,1639.4,2907.7,895.5,2768.8,993.2,3562.9,1573.1,4218.1,7244.3,3864.0,1717.8,226.2
2026-09-24 00:45:00,681.7,375.2,999.0,446.3,605.2,24.9,160.0,34.1,257.6,75.8,71.3,1264.6,4350.9,6286.6,1550.1,1000.5,89.0,50.9,1621.0,3095.2,526.2,455.6,4589.7,4141.5,2572.9,1196.2,4625.4,3941.9,2618.4,2479.8,1635.1,2909.7,905.7,2767.8,991.6,3552.9,1548.8,4188.0,7235.0,3866.0,1714.7,229.6
2026-09-24 01:00:00,692.9,368.8,1000.0,441.3,663.0,21.8,157.0,41.5,293.5,63.8,102.4,1267.2,4370.8,6308.8,1501.8,959.1,88.0,47.8,1637.3,2809.5,527.6,502.3,4555.0,4180.4,2508.3,1196.9,4622.7,3689.7,2565.0,2434.6,1604.1,2973.4,888.4,2689.3,998.9,3535.8,1516.1,4063.0,7116.1,3866.7,1688.8,253.8
2026-09-24 01:15:00,683.4,370.9,992.0,407.6,661.2,20.9,157.0,36.0,292.2,58.2,104.4,1270.0,4398.7,6306.1,1497.9,958.7,87.4,47.9,1634.9,2804.8,527.7,517.6,4547.2,4155.9,2487.3,1195.4,4617.1,3679.0,2563.4,2374.6,1595.7,2976.6,883.3,2486.7,1008.9,3531.7,1505.7,4030.6,7099.0,3865.9,1689.5,252.0
2026-09-24 01:30:00,680.2,366.8,1000.5,434.7,676.4,21.4,157.0,31.0,295.5,55.0,95.2,1271.4,4426.0,6360.6,1493.3,952.2,88.7,47.8,1627.5,2817.9,527.2,530.8,4541.1,4134.6,2466.8,1182.8,4637.6,3636.2,2560.7,2327.4,1587.4,2975.8,875.9,2344.1,1016.5,3528.9,1502.0,3997.4,7090.8,3873.3,1690.4,251.7
2026-09-24 01:45:00,691.7,367.6,993.8,440.1,676.7,22.4,157.0,31.9,291.9,47.8,108.4,1274.0,4450.4,6417.2,1476.7,955.7,86.3,47.8,1624.8,2843.5,526.5,544.1,4536.2,4123.5,2446.0,1175.4,4667.4,3602.2,2558.7,2302.6,1586.1,2978.8,871.1,2222.2,1022.1,3527.1,1504.1,3964.7,7079.9,3855.5,1694.5,250.9
2026-09-24 02:00:00,699.8,363.2,1067.4,440.6,667.2,22.9,32.0,33.7,306.8,21.7,157.9,1263.7,4504.2,6345.8,1568.9,919.0,89.0,51.1,1557.1,2946.3,525.6,571.9,4609.0,4131.9,2409.3,1179.7,4726.9,3745.0,2486.3,2399.5,1574.7,2975.8,853.5,2127.0,1025.6,3527.5,1504.5,3956.1,7139.5,3974.6,1685.7,243.6
2026-09-24 02:15:00,699.2,360.8,1078.0,447.4,676.2,23.7,32.0,33.6,302.7,16.4,153.0,1261.2,4534.1,6217.9,1556.2,914.3,88.2,51.1,1554.3,2950.8,527.8,586.9,4599.3,4102.4,2395.5,1174.3,4742.9,3732.6,2484.9,2363.4,1570.9,2975.9,851.6,2120.5,1029.2,3526.1,1507.5,3929.1,7131.2,3968.5,1691.7,242.8
2026-09-24 02:30:00,691.6,359.4,1062.5,444.1,678.7,24.7,33.9,39.1,315.4,16.0,150.8,1264.9,4586.4,6415.7,1574.7,911.5,85.2,51.1,1552.1,2968.3,529.8,602.7,4597.5,4081.2,2382.6,1172.5,4736.8,3726.8,2483.5,2360.9,1565.2,2976.7,847.9,2116.9,1033.4,3525.5,1508.6,3899.1,7126.8,3957.4,1691.4,245.2
2026-09-24 02:45:00,690.3,355.2,1043.6,449.0,678.9,25.1,34.7,35.3,326.3,16.0,156.9,1266.8,4683.1,6325.8,1560.9,908.2,64.5,51.1,1550.2,2965.5,529.4,615.9,4595.9,4064.0,2371.8,1172.5,4734.6,3727.6,2482.3,2361.3,1562.1,2979.1,846.9,2095.7,1035.4,3524.7,1505.7,3872.4,7123.7,3947.2,1691.8,243.0
2026-09-24 03:00:00,687.7,359.5,1044.2,454.9,639.9,25.4,14.0,36.8,329.4,6.0,242.6,1287.8,4470.5,6500.1,1449.6,897.6,63.1,53.0,1596.6,3192.5,536.7,597.9,4710.5,4069.6,2354.5,1169.6,4690.5,3328.8,2486.2,2368.8,1557.7,2989.2,837.2,2005.9,1036.6,3526.3,1446.2,3972.2,7164.1,3917.5,1699.9,210.1
2026-09-24 03:15:00,687.9,354.4,1036.7,467.9,647.3,25.6,16.8,39.2,324.6,6.0,256.5,1288.3,4525.8,6526.6,1436.5,896.2,63.6,53.1,1598.1,3179.5,539.5,624.8,4718.2,4044.0,2349.4,1169.6,4689.4,3321.6,2484.8,2368.2,1557.4,2990.6,836.8,1997.1,1036.7,3526.7,1443.1,3958.3,7165.2,3905.2,1701.6,209.0
2026-09-24 03:30:00,690.7,355.1,1046.1,469.3,639.8,28.2,16.7,39.0,345.1,6.0,229.0,1295.3,4509.6,6547.3,1444.5,898.2,64.1,53.2,1598.3,3174.8,532.1,631.7,4732.5,4025.6,2343.8,1153.7,4693.7,3317.9,2487.0,2359.4,1555.1,2992.7,836.8,1959.8,1038.7,3527.2,1442.5,3943.4,7167.3,3891.2,1707.7,207.2
2026-09-24 03:45:00,679.1,354.1,1056.6,467.5,642.0,32.1,16.7,38.7,359.8,6.0,238.3,1290.6,4551.1,6580.2,1449.0,903.5,64.2,53.2,1596.2,3163.4,532.7,636.5,4748.0,4011.0,2339.0,1153.7,4695.2,3316.2,2488.6,2343.0,1555.5,2990.4,830.5,1932.0,1039.1,3528.0,1446.5,3930.6,7161.1,3878.2,1710.0,205.8
2026-09-24 04:00:00,696.8,351.1,1091.2,462.3,640.8,84.7,68.7,41.3,391.7,22.7,210.2,1300.5,4631.1,6519.2,1431.7,887.0,64.1,51.9,1632.7,3175.8,526.3,652.8,4838.0,4008.5,2335.7,1150.2,4691.4,3667.9,2473.0,2352.2,1536.1,2976.5,833.3,1801.7,1040.6,3552.2,1469.3,3967.0,7056.7,3781.5,1723.7,197.4
2026-09-24 04:15:00,706.1,352.9,1101.3,482.7,655.2,84.6,68.7,43.9,387.9,22.5,206.7,1300.1,4602.9,6456.0,1431.0,881.8,56.6,65.2,1631.5,3181.4,516.6,652.6,4878.8,3996.2,2342.4,1150.2,4697.9,3663.6,2476.7,2354.0,1542.4,2981.7,831.5,1811.2,1040.2,3553.4,1479.2,3961.7,7064.3,3778.0,1732.2,197.7
2026-09-24 04:30:00,709.7,356.9,1136.6,479.3,668.3,84.5,66.1,41.4,337.2,22.5,204.3,1299.7,4491.9,6519.3,1379.9,897.2,75.6,65.5,1628.3,3157.9,517.1,649.4,4908.3,3987.6,2345.4,1150.3,4703.8,3658.1,2471.4,2353.5,1540.6,2982.1,832.9,1824.2,1047.0,3556.7,1485.8,3956.5,7080.5,3782.7,1735.8,200.2
2026-09-24 04:45:00,729.5,364.7,1184.2,472.8,686.9,84.8,66.1,41.3,327.9,26.9,188.6,1298.1,4306.4,6542.0,1392.5,900.3,74.6,65.6,1626.9,3143.3,510.7,647.3,4960.0,3982.2,2354.6,1153.0,4703.0,3654.9,2471.1,2371.3,1542.2,2983.1,834.9,2094.8,1051.4,3558.3,1492.4,3955.2,7101.8,3784.2,1748.4,198.6
2026-09-24 05:00:00,763.7,379.3,1163.6,512.6,719.1,109.2,48.8,29.4,347.1,34.3,84.5,1293.3,4450.1,6567.0,1440.4,875.0,122.8,70.4,1562.6,3256.8,504.5,636.3,5134.4,4059.5,2389.8,1067.9,4701.5,3454.5,2495.9,2447.8,1546.4,2988.1,857.9,2181.3,1059.4,3795.5,1492.3,4024.0,7194.0,3885.0,1793.9,224.8
2026-09-24 05:15:00,785.8,383.1,1221.6,499.1,746.4,108.6,46.0,33.4,352.3,23.0,140.0,1273.8,4405.0,6642.8,1440.3,873.8,142.3,52.0,1568.3,3288.0,497.5,637.4,5182.9,4025.6,2428.8,1070.3,4671.9,3479.7,2505.1,2543.4,1549.0,2992.1,866.0,2254.8,1061.4,3797.4,1510.2,4021.1,7283.0,3888.1,1826.4,221.4
2026-09-24 05:30:00,810.4,387.0,1267.4,488.7,767.5,111.1,46.0,36.6,367.5,21.7,142.0,1274.3,4422.5,6645.1,1397.2,882.2,141.6,62.3,1575.4,3281.3,512.2,632.9,5273.9,4005.5,2460.0,1068.5,4674.6,3495.9,2504.4,2628.4,1550.3,2998.6,854.8,2452.8,1067.9,3798.7,1536.6,4016.7,7404.7,3972.7,1872.5,218.0
2026-09-24 05:45:00,826.5,410.6,1314.1,493.3,778.3,131.0,46.0,38.3,376.5,31.1,136.0,1284.9,4179.2,6876.4,1381.7,905.9,141.0,52.9,1585.7,3289.8,511.7,643.4,5318.8,3996.5,2503.9,1149.7,4691.7,3589.4,2514.1,2693.2,1556.1,3005.5,863.0,2774.1,1072.9,3799.8,1568.0,4012.3,7539.4,3982.8,1923.7,221.2
2026-09-24 06:00:00,860.5,414.3,1367.9,552.8,812.8,361.4,27.3,6.5,406.0,51.4,162.3,1238.6,3878.2,7063.0,1395.8,896.6,77.7,40.1,1683.5,3335.8,536.8,598.1,5515.5,4025.4,2644.2,1284.9,4648.0,4183.8,2555.4,2670.7,1609.2,3121.4,875.5,2658.7,1098.3,3802.6,1627.7,4308.2,7931.1,4114.4,2058.6,183.5
2026-09-24 06:15:00,864.4,430.3,1377.1,553.0,832.6,366.9,27.3,9.3,417.9,49.3,163.6,1236.6,3865.6,7165.0,1243.0,896.1,71.9,48.0,1693.7,3699.1,519.4,608.4,5559.5,4011.3,2718.4,1286.6,4693.5,4652.8,2570.9,2590.0,1615.2,3126.7,893.8,3251.1,1111.4,3803.3,1660.4,4305.5,8124.2,4123.0,2114.1,181.8
2026-09-24 06:30:00,872.8,424.8,1399.2,562.9,846.2,375.3,27.4,17.5,436.0,58.8,154.1,1238.3,3886.8,7238.5,1079.2,910.5,72.8,45.4,1706.5,3745.5,533.0,766.4,5567.9,4029.4,2782.8,1293.2,4743.7,4828.6,2584.1,2357.8,1621.4,3136.8,915.9,3906.0,1120.5,3803.7,1692.4,4300.4,8245.1,4230.4,2169.2,177.1
2026-09-24 06:45:00,864.9,473.5,1393.5,569.5,853.8,423.0,27.3,15.0,464.6,54.8,160.3,1238.3,3892.1,7396.1,1256.0,1049.4,73.6,103.7,1718.0,3758.1,535.0,773.7,5594.7,4028.6,2860.2,1343.2,4781.9,5027.6,2598.9,2255.8,1626.4,3145.4,934.8,4260.6,1130.7,3803.8,1711.0,4296.7,8421.6,4283.5,2235.5,180.0
2026-09-24 07:00:00,886.5,493.1,1423.4,606.3,868.2,475.0,0.0,83.3,490.3,52.8,170.4,1306.8,4124.5,7440.1,1318.4,1090.1,39.5,100.6,1801.0,3612.8,572.0,754.6,5697.0,4195.3,3043.7,1333.4,4715.4,4988.8,2717.6,2241.6,1663.9,3235.1,1000.1,4520.2,1164.6,3774.7,1844.6,4298.9,8727.1,4444.0,2341.2,218.5
2026-09-24 07:15:00,895.2,512.6,1433.7,602.0,879.7,492.2,0.0,82.5,510.2,61.2,153.6,1310.3,4183.6,7696.4,1349.0,1179.9,40.1,95.9,1813.1,3593.7,584.6,749.6,5739.2,4223.4,3102.5,1344.3,4749.6,5042.2,2729.2,2207.3,1668.1,3232.6,1018.6,4784.6,1169.5,3774.3,1850.9,4297.2,8818.9,4529.1,2374.9,218.3
2026-09-24 07:30:00,894.1,521.6,1424.3,607.2,888.2,507.7,0.0,81.0,505.3,117.4,171.4,1310.2,4199.1,7698.8,1365.1,1200.9,40.7,107.3,1822.0,3618.7,582.6,753.8,5764.9,4242.7,3137.0,1360.8,4769.2,5103.2,2739.0,2184.3,1670.8,3230.2,1033.2,4934.7,1172.4,3773.7,1856.3,4294.2,8878.1,4602.5,2387.8,241.3
2026-09-24 07:45:00,895.7,560.2,1397.8,604.0,896.5,535.5,0.3,79.0,521.2,77.3,159.5,1312.7,4262.3,8115.2,1347.0,1196.6,41.2,98.0,1831.5,3545.4,596.5,754.7,5782.3,4230.0,3176.5,1361.7,4779.8,5036.2,2752.0,2190.5,1680.5,3227.5,1042.7,4976.2,1176.8,3772.7,1860.4,4290.8,8922.9,4593.7,2407.6,242.1
2026-09-24 08:00:00,875.8,586.8,1362.2,578.9,901.4,512.1,12.0,65.3,525.2,123.7,189.9,1246.4,4285.7,8040.1,1622.5,1210.9,26.8,66.1,1832.0,3465.3,623.1,712.6,5789.6,4209.4,3227.0,1397.7,4683.4,5041.4,2908.7,2346.5,1698.5,3260.1,1066.9,5096.6,1175.1,3728.9,1863.1,4136.7,8904.6,4602.1,2410.5,205.8
2026-09-24 08:15:00,874.6,611.9,1328.4,567.3,903.1,533.6,12.6,63.0,524.8,79.2,196.3,1257.0,4350.0,8117.5,1582.1,1196.7,84.2,57.7,1833.0,3271.5,611.8,711.1,5820.2,4204.3,3240.7,1324.4,4685.5,4959.7,2914.2,2339.8,1697.5,3258.1,1070.1,5090.3,1179.6,3723.7,1864.5,4134.8,8879.3,4537.5,2416.0,206.2
2026-09-24 08:30:00,884.0,638.9,1288.4,549.9,899.8,558.5,13.2,63.7,527.4,79.1,195.5,1271.9,4362.5,7477.0,1537.3,1224.9,88.9,57.7,1829.3,3436.4,589.9,688.0,5847.4,4156.8,3245.8,1321.7,4682.4,4869.6,2917.8,2330.6,1699.5,3256.0,1073.9,5080.8,1185.6,3721.0,1864.2,4132.7,8884.6,4507.7,2409.3,207.3
2026-09-24 08:45:00,875.0,623.2,1244.3,524.8,896.5,574.6,18.7,67.0,507.9,79.5,215.0,1288.0,4422.9,7024.3,1524.0,1214.9,82.4,57.7,1845.6,3398.9,587.9,655.5,5861.8,4125.6,3259.7,1300.7,4676.3,4793.1,2923.2,2366.5,1699.8,3254.0,1077.9,5071.8,1194.9,3718.3,1862.9,4128.5,8866.4,4495.9,2406.1,208.4
2026-09-24 09:00:00,870.0,657.1,1177.6,666.7,886.5,534.4,48.0,21.2,474.3,72.9,183.8,1321.0,4419.4,7554.7,1484.2,1295.7,37.5,100.0,1709.1,2250.7,553.3,593.1,5860.6,3860.4,3280.3,1368.7,4703.3,4923.9,2975.2,2332.4,1700.4,3246.9,1071.2,5067.4,1207.7,3687.7,1856.1,4098.2,8783.0,4450.5,2378.5,240.7
2026-09-24 09:15:00,863.3,653.4,1131.2,620.2,887.7,548.8,49.7,19.6,440.2,68.8,198.0,1327.1,4521.5,7383.8,1435.5,1251.1,38.6,116.4,1702.4,2310.5,539.0,546.7,5862.5,3839.4,3277.4,1326.9,4695.4,4852.6,2978.4,2362.2,1699.1,3241.6,1065.9,4936.0,1209.0,3685.3,1849.6,4101.0,8739.9,4382.2,2370.0,242.0
2026-09-24 09:30:00,861.6,667.8,1082.3,424.3,885.6,557.2,49.7,21.9,412.2,72.0,199.8,1351.2,4579.8,7065.9,1429.4,1195.1,39.7,96.9,1713.4,2216.1,530.3,520.1,5886.6,3793.9,3280.7,1325.6,4753.6,4827.1,2977.9,2438.5,1697.5,3235.9,1064.3,4724.5,1210.5,3683.2,1840.6,4105.0,8696.7,4370.8,2359.8,244.6
2026-09-24 09:45:00,860.3,676.1,1033.9,410.0,881.1,559.9,59.0,23.4,376.8,75.6,156.6,1380.8,4685.7,7099.4,1468.6,1188.8,40.8,112.0,1711.0,2018.9,533.0,509.0,5902.5,3783.9,3277.7,1232.1,4744.4,4725.4,2978.2,2527.1,1695.7,3230.1,1058.1,4577.4,1209.9,3680.8,1823.6,4109.4,8648.2,4344.6,2352.3,246.4
2026-09-24 10:00:00,842.4,692.7,980.9,427.4,869.1,488.8,75.0,21.1,338.0,73.6,416.9,1353.1,4904.8,7342.9,1610.1,1260.6,16.9,148.5,1764.8,2300.9,558.0,479.0,5872.2,3705.4,3250.4,1287.7,4631.4,4551.2,2993.6,2519.1,1688.2,3201.3,1025.4,4167.6,1182.3,3675.0,1793.3,4141.5,8582.4,4185.5,2312.9,230.5
2026-09-24 10:15:00,842.2,677.0,929.9,439.3,859.9,497.8,76.7,14.3,294.9,84.9,412.0,1375.0,5821.7,7291.4,1552.3,1317.6,54.0,93.1,1783.8,2040.9,539.8,439.5,5868.0,3691.1,3248.9,1266.6,4627.2,4317.4,2993.2,2586.8,1685.7,3194.6,1019.4,3945.5,1179.3,3674.1,1772.1,4150.7,8534.6,4061.9,2303.6,231.2
2026-09-24 10:30:00,847.3,682.2,883.8,453.7,862.1,503.0,75.0,19.5,258.2,92.5,441.4,1409.9,5852.2,7332.7,1538.9,1402.6,28.3,93.1,1788.2,2060.3,538.0,296.7,5875.6,3677.9,3246.2,1259.2,4613.7,4156.7,2990.1,2630.1,1684.5,3188.6,1028.3,3774.6,1176.4,3673.3,1757.6,4156.8,8481.8,4053.0,2286.7,232.1
2026-09-24 10:45:00,844.0,666.5,842.1,471.6,856.0,504.5,75.0,23.3,236.3,95.9,436.1,1427.3,5987.8,7243.0,1464.1,1446.4,63.7,93.2,1798.1,1954.4,540.3,274.7,5878.8,3671.0,3242.5,1260.6,4596.3,4034.9,2990.7,2682.2,1683.2,3182.2,1039.2,3489.5,1176.6,3672.1,1746.6,4166.1,8487.1,4066.4,2272.3,235.8
2026-09-24 11:00:00,839.8,711.8,1037.1,500.4,881.7,493.2,149.0,23.1,210.6,104.8,608.2,1490.0,5876.5,7502.2,1555.5,1528.4,228.1,20.8,1869.4,1855.2,544.6,362.4,5797.4,3584.5,3249.9,1338.5,4495.7,3543.8,2982.5,2653.0,1673.6,3163.6,1025.9,3694.1,1177.3,3668.6,1740.1,4164.2,8434.9,4104.7,2252.4,242.5
2026-09-24 11:15:00,851.1,696.2,1016.8,526.5,876.0,493.8,149.0,25.9,193.1,109.4,643.9,1503.5,5943.3,7528.4,1496.7,1560.0,233.6,20.9,1868.4,1820.5,537.4,230.9,5790.6,3579.8,3247.1,1338.0,4482.4,3520.6,2982.1,2676.1,1674.3,3159.3,1018.4,3664.0,1176.7,3668.4,1733.2,4176.1,8404.4,4115.1,2245.4,246.0
2026-09-24 11:30:00,842.5,691.2,1020.6,548.1,881.3,500.1,149.0,25.2,178.0,123.1,651.0,1523.4,5968.7,7253.7,1445.0,1557.1,254.9,20.9,1870.0,1796.5,539.4,180.4,5801.5,3570.4,3243.5,1301.8,4481.4,3434.2,2978.5,2765.2,1675.0,3154.6,1012.2,3566.8,1176.2,3668.5,1725.1,4184.6,8414.9,4118.8,2237.5,247.1
2026-09-24 11:45:00,852.5,689.6,1001.3,559.9,882.7,498.8,149.0,29.6,187.5,114.2,643.0,1526.7,6111.9,7179.3,1395.6,1565.3,229.8,20.9,1890.3,1790.4,538.1,169.4,5804.1,3562.7,3241.7,1300.9,4481.3,3411.1,2976.5,2777.0,1672.7,3150.3,1009.6,3534.2,1176.5,3668.5,1718.2,4196.1,8382.0,4128.0,2239.7,250.0
2026-09-24 12:00:00,873.2,688.4,1000.3,574.5,882.3,402.8,121.1,44.4,130.0,152.4,488.9,1552.0,5971.1,7136.3,1592.5,1511.7,300.5,20.3,2038.3,1673.6,584.7,169.7,5766.4,3563.7,3237.0,1308.5,4499.3,3644.2,2951.8,2643.7,1667.8,3250.9,1002.5,3540.1,1174.0,3669.2,1709.3,4112.0,8348.0,4126.9,2210.5,252.0
2026-09-24 12:15:00,868.3,693.8,989.8,563.5,882.6,397.1,121.0,44.2,106.7,133.9,492.9,1560.8,6124.2,7091.0,1576.0,1516.8,304.1,20.4,2024.8,1659.1,581.9,164.5,5751.4,3567.4,3235.5,1307.6,4503.5,3593.1,2949.3,2704.1,1665.4,3247.6,998.9,3466.1,1175.7,3669.4,1705.2,4127.3,8331.0,4132.8,2205.1,252.9
2026-09-24 12:30:00,872.8,687.2,1010.1,569.8,878.7,400.4,121.0,44.9,99.3,85.5,480.6,1573.2,6191.2,7003.4,1511.4,1518.9,288.6,26.1,2039.8,1640.6,578.8,164.4,5730.7,3572.4,3231.1,1304.6,4513.9,3530.9,2945.7,2740.6,1666.0,3244.4,996.0,3403.8,1173.9,3669.5,1702.9,4142.7,8304.2,4139.2,2205.9,254.3
2026-09-24 12:45:00,869.8,688.5,1010.5,577.9,875.7,400.4,121.0,44.7,98.5,88.9,511.5,1581.6,6325.0,6974.5,1498.2,1537.8,269.4,20.3,2036.3,1625.8,578.7,171.6,5756.3,3576.8,3230.5,1302.9,4515.1,3511.0,2945.1,2729.9,1664.1,3241.2,989.8,3332.5,1173.5,3670.1,1701.0,4159.5,8288.4,4143.3,2202.7,255.5
2026-09-24 13:00:00,863.6,685.2,1102.7,611.3,847.5,393.4,121.0,43.9,122.9,80.9,641.6,1587.1,6170.0,6922.0,1506.8,1521.2,307.9,20.0,2032.1,1618.1,566.3,184.1,5791.2,3549.8,3209.4,1299.5,4323.5,3628.5,2896.4,2619.5,1662.0,3256.5,986.9,3053.1,1165.9,3665.7,1693.4,4180.8,8420.3,4159.9,2177.0,254.3
2026-09-24 13:15:00,866.2,695.5,1107.9,621.1,850.7,388.6,121.0,39.1,121.4,80.1,629.9,1590.1,6235.5,6811.1,1491.8,1531.3,306.4,20.0,2013.0,1605.1,567.2,188.3,5813.9,3564.0,3207.5,1299.7,4336.4,3583.9,2896.3,2568.2,1660.2,3255.4,982.8,3036.8,1166.1,3665.7,1691.4,4200.9,8375.8,4164.1,2167.7,254.5
2026-09-24 13:30:00,863.8,698.6,1120.3,635.2,852.0,372.5,121.0,41.7,130.7,78.7,622.9,1592.7,6250.7,6724.0,1482.9,1534.5,305.2,20.0,2020.0,1591.9,566.7,190.1,5805.4,3571.7,3200.9,1291.0,4341.5,3518.7,2895.7,2541.9,1663.3,3254.2,986.0,3023.4,1163.5,3666.1,1687.8,4222.2,8355.9,4166.2,2161.2,254.6
2026-09-24 13:45:00,867.3,698.6,1134.5,650.6,850.2,364.8,121.0,40.3,128.7,77.8,617.0,1593.3,6322.6,6691.4,1481.7,1551.3,304.5,20.0,2007.7,1580.5,566.7,188.3,5752.1,3582.8,3200.2,1290.3,4347.8,3489.7,2895.0,2540.2,1663.3,3253.4,978.3,3015.7,1159.6,3667.0,1682.9,4252.2,8360.1,4165.8,2155.4,254.3
2026-09-24 14:00:00,895.9,675.6,1152.5,648.7,866.3,351.6,121.0,61.5,102.1,75.5,374.3,1591.1,6203.2,6559.7,1455.4,1548.4,286.7,25.4,2002.4,1663.0,523.7,176.0,5623.9,3599.2,3189.0,1295.8,4271.9,3680.9,2897.5,2566.7,1666.8,3269.5,979.3,2456.0,1155.9,3677.9,1676.0,4292.0,8437.7,4191.7,2185.0,252.5
2026-09-24 14:15:00,876.9,696.6,1156.9,670.2,867.9,350.2,121.0,62.0,95.9,71.4,364.4,1591.7,6142.7,6419.5,1483.5,1564.5,282.2,25.4,2004.8,1648.2,523.7,172.1,5559.6,3622.8,3189.8,1286.8,4277.5,3617.9,2898.1,2537.2,1667.1,3268.5,980.9,2445.4,1153.4,3678.4,1672.3,4326.9,8383.4,4204.2,2189.7,251.5
2026-09-24 14:30:00,877.9,689.7,1172.8,675.8,867.8,349.0,121.0,62.2,92.3,66.7,376.3,1588.5,6141.3,6337.9,1498.5,1558.6,283.1,25.5,1990.2,1685.4,524.4,163.2,5578.6,3658.0,3191.3,1286.1,4276.5,3635.4,2897.1,2537.3,1667.9,3267.8,978.9,2448.9,1152.4,3679.7,1668.5,4361.5,8357.4,4187.7,2185.4,249.3
2026-09-24 14:45:00,873.0,688.4,1169.1,672.8,873.9,339.4,121.0,71.0,84.6,120.6,347.9,1584.9,5999.7,6224.6,1510.0,1574.7,284.0,5.5,1983.8,1704.8,526.0,157.3,5534.4,3675.7,3194.8,1284.9,4285.3,3627.1,2897.5,2534.5,1670.5,3268.4,982.4,2448.7,1151.2,3680.8,1667.3,4391.9,8346.6,4181.3,2179.5,246.8
2026-09-24 15:00:00,879.5,676.5,1189.3,686.4,868.4,434.2,12.1,86.6,91.4,75.8,340.1,1577.4,5927.0,6469.6,1317.4,1550.2,268.5,15.2,1792.1,1628.0,502.1,170.3,5716.0,3812.3,3200.8,1288.7,4156.1,3312.5,2918.3,2442.7,1684.7,3291.8,981.9,2478.8,1156.9,3688.6,1677.5,4447.3,8282.2,4071.8,2165.3,242.8
2026-09-24 15:15:00,884.9,670.5,1232.6,718.5,869.3,418.1,12.0,84.6,93.3,101.2,341.1,1572.3,5671.5,6670.9,1363.0,1562.5,252.0,15.2,1771.2,1637.9,502.4,148.0,5721.2,3840.9,3206.3,1296.3,4165.3,3327.0,2918.2,2445.4,1686.9,3289.7,983.5,2521.6,1158.3,3690.7,1679.1,4480.9,8264.4,4060.6,2164.6,241.9
2026-09-24 15:30:00,872.8,672.7,1287.9,735.6,871.6,400.3,13.0,84.5,100.9,156.9,351.8,1559.0,5566.3,6742.0,1392.1,1550.6,253.5,15.2,1780.0,1666.4,505.1,142.7,5707.3,3857.4,3212.9,1293.9,4181.7,3385.3,2916.7,2486.4,1690.6,3287.7,990.7,2699.5,1160.2,3693.0,1684.5,4519.1,8276.9,4138.9,2161.6,238.7
2026-09-24 15:45:00,876.9,662.2,1334.0,741.5,873.2,377.9,12.0,90.3,114.5,149.3,302.8,1548.3,4722.3,6640.6,1440.2,1513.0,252.5,15.2,1779.2,1624.1,499.8,151.7,5694.8,3898.6,3225.1,1293.4,4192.0,3422.1,2917.1,2485.2,1690.8,3285.7,992.1,2950.5,1162.8,3695.4,1687.8,4550.5,8292.8,4130.9,2164.8,235.7
2026-09-24 16:00:00,889.7,631.2,1057.0,744.4,877.2,396.4,32.0,84.9,156.2,114.9,434.2,1500.3,4890.3,6097.8,1307.2,1403.9,264.6,35.6,1620.4,1651.2,529.9,122.6,5706.7,3944.7,3239.0,1281.7,4311.2,3590.9,2996.1,2616.4,1708.3,3205.8,1010.1,3285.3,1169.6,3697.6,1696.8,4691.7,8314.2,4099.9,2181.8,221.1
2026-09-24 16:15:00,893.1,627.8,1118.5,736.3,883.3,368.7,32.7,84.2,151.3,102.5,425.4,1485.7,4534.3,6177.4,1404.2,1397.6,282.3,42.3,1589.3,1638.8,526.6,109.3,5699.0,3971.2,3258.5,1291.5,4322.2,3748.2,2995.6,2668.8,1705.8,3202.7,1019.4,3634.8,1174.4,3702.4,1704.2,4708.6,8356.5,4083.4,2184.9,216.4
2026-09-24 16:30:00,898.9,646.3,1182.0,730.8,893.4,335.0,32.7,90.3,157.5,88.6,426.3,1458.0,5124.6,5975.5,1482.7,1348.5,279.1,35.4,1571.4,1834.5,542.0,97.7,5657.6,3990.2,3259.0,1290.9,4329.0,3906.1,2992.0,2727.4,1704.8,3208.1,985.8,4116.4,1178.2,3707.5,1716.1,4724.0,8421.1,4070.7,2196.0,211.3
2026-09-24 16:45:00,898.1,651.9,1249.6,717.7,888.2,307.6,32.0,87.5,168.8,85.4,417.0,1441.5,4436.0,5784.6,1591.2,1333.9,273.6,35.3,1567.8,1832.5,528.5,257.9,5659.0,4029.2,3265.3,1297.2,4337.7,4242.0,2990.2,2666.7,1711.5,3213.0,985.7,4478.8,1181.4,3712.5,1732.9,4734.3,8456.5,4166.9,2209.0,210.8
2026-09-24 17:00:00,910.6,649.5,1284.9,867.7,880.9,318.4,35.9,39.8,204.3,70.5,214.6,1371.9,4534.6,5423.5,1607.7,1309.8,338.7,53.0,1382.6,2189.2,509.5,201.8,5697.5,4012.1,3291.1,1369.5,4489.2,4550.2,2971.5,2531.6,1708.3,3175.0,1012.9,4335.8,1184.2,3736.2,1752.8,4896.9,8613.6,4215.9,2243.9,217.4
2026-09-24 17:15:00,909.8,649.6,1336.3,853.6,893.9,289.7,32.7,38.9,228.6,63.6,203.2,1350.0,4260.7,5419.2,1708.7,1425.8,347.6,35.1,1369.5,2175.9,512.5,221.5,5657.3,4084.2,3290.4,1492.8,4423.0,4847.2,2969.2,2559.5,1709.8,3178.1,1008.2,4258.8,1185.2,3742.1,1762.3,4909.5,8678.4,4370.9,2253.4,213.4
2026-09-24 17:30:00,914.7,660.1,1351.9,869.8,898.2,276.3,32.3,33.3,261.7,57.1,270.4,1326.2,4221.5,5160.7,1676.3,1386.4,346.1,35.1,1363.3,2230.5,527.0,214.6,5667.0,4150.8,3285.9,1566.5,4424.2,5385.3,2966.9,2354.9,1713.0,3183.8,1010.4,4434.8,1186.1,3745.3,1766.3,4900.2,8748.6,4463.6,2264.7,210.4
2026-09-24 17:45:00,915.9,661.5,1376.5,889.3,901.8,276.7,32.1,33.0,294.4,59.6,241.9,1304.8,3736.0,5065.7,1645.4,1211.1,351.5,35.1,1363.6,2220.5,529.9,240.1,5667.8,4186.9,3284.0,1586.6,4435.3,5739.3,2967.1,2204.9,1713.9,3184.9,1014.8,4573.8,1185.5,3745.7,1767.0,4895.3,8816.3,4456.3,2271.8,210.3
2026-09-24 18:00:00,922.2,668.2,1402.4,1037.0,908.3,501.6,6.0,20.5,332.7,24.9,300.4,1255.9,3811.2,4681.8,1593.1,947.8,334.2,50.2,1659.5,2013.8,552.4,205.3,5743.9,4464.9,3289.9,1579.2,4778.0,5756.1,2859.4,2446.4,1726.3,3190.5,1020.2,4215.7,1182.8,3745.4,1758.7,4656.9,8889.1,4517.3,2294.0,241.1
2026-09-24 18:15:00,932.9,708.0,1418.6,1258.9,909.9,502.9,6.0,17.6,357.5,35.9,260.8,1232.8,3688.3,4507.3,1828.2,1105.1,311.8,50.2,1640.7,1995.1,541.5,225.4,5742.1,4478.2,3293.0,1590.2,4786.1,6138.2,2861.2,2205.9,1721.9,3188.1,1023.7,4419.4,1184.8,3747.8,1753.2,4667.5,8859.0,4567.5,2282.9,240.6
2026-09-24 18:30:00,938.1,708.8,1429.6,1309.9,911.0,541.7,6.0,15.6,389.5,28.7,317.0,1210.1,3430.7,4318.5,1876.4,1126.2,332.5,50.1,1644.8,1945.9,546.9,232.4,5726.9,4523.5,3296.5,1616.3,4799.5,6192.1,2861.3,2095.7,1721.6,3186.1,1034.2,4486.3,1186.5,3750.9,1750.6,4672.6,8883.3,4592.7,2274.6,242.2
2026-09-24 18:45:00,942.3,714.6,1430.1,1349.7,917.2,608.7,6.0,16.8,407.5,94.6,312.5,1214.9,3474.4,4548.3,1967.4,1200.1,313.5,50.1,1630.0,1918.2,546.5,239.5,5724.6,4599.9,3306.7,1605.9,4800.0,6193.4,2872.1,2049.4,1724.1,3180.8,1034.8,4493.6,1187.8,3753.4,1755.2,4680.3,8921.9,4626.4,2279.4,245.6
2026-09-24 19:00:00,944.8,732.0,1457.4,1359.9,915.2,628.3,1.0,72.6,421.7,82.5,621.5,1247.4,3582.9,4290.0,2069.3,1180.7,308.5,50.5,1579.0,1688.5,535.2,268.4,5750.6,4707.4,3337.2,1521.2,4591.5,6280.7,2817.2,2275.9,1738.6,3231.4,1050.5,4512.4,1189.1,3481.7,1757.5,4560.6,8963.3,4734.5,2308.2,306.4
2026-09-24 19:15:00,940.7,736.8,1440.6,1379.8,908.3,671.3,1.0,75.3,429.5,96.1,616.2,1235.8,3620.1,4507.0,2089.8,1210.7,292.9,50.3,1573.3,1674.4,534.7,262.6,5745.1,4743.5,3345.3,1521.5,4606.3,6301.3,2818.0,2209.0,1742.7,3233.3,1058.1,4540.0,1187.6,3486.1,1755.1,4568.2,8978.0,4724.3,2306.1,307.7
2026-09-24 19:30:00,934.8,742.3,1423.6,1393.2,901.2,667.1,1.0,75.3,433.0,92.6,628.7,1234.3,3686.6,4388.0,2045.6,1208.9,293.2,50.3,1568.0,1638.9,536.6,254.8,5729.4,4790.2,3360.7,1521.0,4614.7,6325.9,2817.0,2133.6,1753.1,3240.1,1066.6,4575.7,1184.1,3490.8,1751.2,4567.2,8971.9,4679.2,2303.4,309.0
2026-09-24 19:45:00,931.6,745.4,1401.7,1393.3,889.0,656.7,1.0,75.4,433.3,106.1,606.1,1230.1,3742.5,4249.7,2035.0,1242.8,275.2,50.2,1549.9,1668.3,534.8,306.6,5685.9,4825.2,3372.3,1473.4,4623.1,6295.6,2824.6,2078.8,1746.3,3222.2,1070.9,4573.4,1179.4,3495.6,1745.7,4565.1,8941.2,4708.1,2288.9,308.1
2026-09-24 20:00:00,913.0,744.4,1360.4,1392.1,871.8,643.3,1.0,69.3,428.2,128.0,633.7,1307.7,3545.6,4084.5,1759.2,1256.6,256.8,35.0,1522.7,1568.6,526.7,302.1,5530.6,4569.1,3376.0,1488.3,4745.7,5984.7,2728.4,2083.5,1746.5,3278.3,1066.4,4732.8,1168.9,3540.5,1738.5,4528.8,8836.1,4573.7,2253.6,269.6
2026-09-24 20:15:00,904.3,704.2,1328.0,1384.2,858.5,638.7,1.0,66.8,418.2,130.6,631.9,1311.0,3586.2,3794.4,1762.9,1174.1,250.7,35.1,1522.0,1595.5,523.5,309.0,5481.2,4602.1,3376.1,1472.0,4751.3,5940.5,2725.3,2054.1,1744.6,3272.0,1066.4,4710.8,1167.9,3548.0,1729.9,4528.9,8790.1,4551.5,2226.1,271.9
2026-09-24 20:30:00,891.8,699.9,1286.7,1375.5,842.3,618.7,1.1,66.6,411.2,141.8,608.8,1313.0,3614.9,3642.4,1757.7,1175.0,253.1,35.0,1508.2,1573.6,520.2,305.2,5450.5,4629.1,3369.0,1472.0,4745.7,5841.3,2722.9,2010.8,1751.3,3267.2,1069.5,4672.1,1166.9,3553.5,1722.6,4507.7,8733.3,4557.4,2213.7,273.2
2026-09-24 20:45:00,877.0,695.0,1250.7,1348.9,822.1,589.7,1.0,67.6,405.0,133.6,587.5,1293.0,3744.3,3521.5,1754.8,1155.5,254.4,35.1,1496.3,1541.0,517.4,307.4,5409.0,4679.9,3358.4,1469.9,4744.2,5668.5,2719.1,2034.7,1742.9,3264.0,1069.1,4569.9,1161.7,3559.6,1711.4,4501.9,8666.5,4563.1,2188.4,273.7
2026-09-24 21:00:00,858.9,693.7,1189.0,1249.9,804.9,541.3,1.0,12.3,403.8,112.5,409.7,1227.5,3393.4,3376.7,1679.9,1164.9,164.2,44.9,1166.6,1488.7,501.5,308.8,5323.9,4606.4,3307.4,1401.6,4833.6,5525.5,2584.2,2076.8,1730.1,3304.3,1085.4,4586.0,1150.4,3450.7,1625.8,4509.0,8558.0,4504.8,2129.1,241.6
2026-09-24 21:15:00,852.4,636.4,1154.5,1249.9,787.3,537.0,1.0,12.3,397.1,36.0,378.7,1228.5,3688.5,3310.6,1668.4,1141.9,165.7,44.9,1162.3,1456.9,497.9,316.6,5344.3,4645.6,3285.8,1367.5,4822.3,5495.2,2584.3,2112.8,1726.5,3335.4,1076.6,4523.9,1139.7,3457.2,1614.8,4504.9,8445.7,4480.4,2091.4,242.5
2026-09-24 21:30:00,840.7,566.9,1121.7,1223.2,766.9,534.0,1.0,12.3,402.2,39.2,344.3,1231.2,4021.9,3216.9,1690.6,1140.5,169.0,44.9,1153.3,1436.2,493.9,321.9,5333.0,4676.7,3265.3,1378.5,4813.8,5475.0,2582.1,2127.0,1728.2,3288.1,1074.0,4482.9,1121.2,3464.3,1606.2,4470.3,8352.9,4393.1,2062.8,246.7
2026-09-24 21:45:00,830.2,560.7,1088.7,1022.7,744.2,526.8,2.2,12.3,394.0,36.6,335.6,1251.7,4104.3,3184.2,1681.5,1107.4,149.7,44.9,1146.6,1397.3,489.4,302.1,5300.7,4706.1,3244.3,1391.0,4799.8,5480.1,2580.9,2141.9,1727.6,3238.5,1063.9,4488.9,1102.4,3470.5,1597.6,4429.1,8260.5,4244.7,2033.7,243.2
2026-09-24 22:00:00,799.6,577.4,1042.4,1012.5,723.9,406.8,12.0,33.4,387.2,20.7,167.3,1227.8,3709.6,3010.6,1590.6,1143.5,166.7,35.8,1095.1,1493.5,472.0,310.8,5122.5,4591.5,3181.2,1415.4,4804.7,5320.5,2530.7,2228.4,1703.4,3246.5,1026.8,4348.3,1077.7,3285.8,1589.6,4410.4,8111.5,4256.7,1984.9,203.3
2026-09-24 22:15:00,799.5,556.7,1013.1,1002.2,704.1,396.9,12.0,33.5,382.9,13.2,156.1,1224.1,3809.3,2990.1,1561.2,1095.0,176.2,42.2,1094.9,1457.0,466.5,298.6,5072.1,4614.1,3146.5,1398.8,4786.3,5300.9,2527.0,2255.2,1704.5,3230.6,1016.1,4313.8,1073.1,3305.6,1579.8,4360.1,8013.8,4078.7,1958.6,204.8
2026-09-24 22:30:00,794.1,555.7,981.5,989.6,688.3,395.4,14.7,33.5,376.3,18.5,147.1,1229.4,3955.0,2974.2,1570.4,1103.4,193.3,35.3,1085.2,1435.0,461.9,306.7,5098.1,4635.9,3109.7,1374.1,4763.2,5265.2,2522.2,2267.4,1697.8,3180.2,1005.9,4272.3,1068.7,3325.4,1566.0,4315.8,7968.6,4069.7,1931.1,201.7
2026-09-24 22:45:00,782.5,555.0,959.0,977.8,671.8,394.8,14.7,34.4,372.1,27.1,134.7,1230.6,4137.0,2951.2,1542.3,1056.8,188.1,35.3,1081.7,1412.7,458.1,303.5,5044.8,4629.7,3075.8,1339.9,4737.9,5227.6,2517.9,2263.1,1719.4,3177.8,998.8,4245.6,1063.6,3339.9,1544.8,4261.2,7911.4,4070.1,1902.3,206.6
2026-09-24 23:00:00,762.5,554.9,941.9,789.7,649.0,279.6,14.8,30.8,366.8,21.8,167.8,1238.2,3928.3,2787.1,1449.1,1112.5,191.2,35.3,1027.9,1187.4,439.0,309.3,4863.7,4650.5,2984.0,1368.1,4517.3,5023.9,2491.2,2386.3,1664.8,3209.8,979.6,4187.6,1056.4,3006.2,1515.8,4050.6,7750.7,4076.1,1870.9,221.7
2026-09-24 23:15:00,758.1,554.0,932.7,775.8,643.2,282.1,14.7,29.0,362.1,22.8,147.9,1238.2,4040.3,2796.7,1425.4,1080.5,202.4,35.3,1027.7,1169.9,437.8,317.3,4822.6,4675.9,2943.0,1367.6,4489.0,4976.0,2487.1,2376.8,1683.1,3163.2,970.1,4139.3,1050.4,3014.8,1498.6,3976.0,7676.9,4063.9,1846.1,216.7
2026-09-24 23:30:00,748.2,553.2,916.7,760.9,626.2,283.7,14.8,26.6,351.2,26.4,144.3,1251.3,4147.1,2770.1,1440.4,1075.4,203.1,35.4,1023.9,1163.4,436.8,315.0,4801.3,4702.3,2905.2,1360.2,4464.3,4931.1,2483.0,2385.4,1691.7,3123.2,957.8,4080.1,1045.1,3021.9,1485.9,3935.0,7621.5,4068.9,1832.0,218.3
2026-09-24 23:45:00,741.7,552.1,901.9,748.8,615.0,285.2,14.7,29.6,344.0,31.8,134.9,1265.7,4754.1,2760.2,1417.1,1074.3,213.2,35.4,1023.1,1151.4,435.7,332.9,4758.0,4726.9,2861.1,1358.4,4440.5,4858.0,2484.4,2369.4,1695.1,3027.3,949.6,3994.1,1035.6,3023.7,1476.4,3889.4,7550.8,4059.3,1813.3,217.8
2026-09-25 00:00:00,755.7,594.2,849.2,865.5,603.0,136.2,24.0,23.2,291.5,25.6,157.6,1254.9,3255.4,2904.9,1322.8,1162.8,204.4,45.1,1039.6,1579.1,449.3,244.9,4639.0,5430.1,2770.2,1311.6,4747.4,4886.0,2447.3,2457.3,1653.5,3200.1,998.8,4055.5,1028.3,2024.3,1483.1,3541.0,7381.3,4082.7,1685.0,208.2
2026-09-25 00:15:00,754.2,603.4,836.3,886.2,591.7,139.1,24.0,25.7,284.0,25.6,155.9,1255.3,3243.3,2756.5,1363.1,1169.2,204.6,45.1,1061.9,1557.0,452.4,239.9,4645.2,5431.4,2737.0,1275.7,4731.8,4806.5,2455.1,2474.3,1650.0,3181.9,986.5,3942.4,1021.5,2030.4,1468.4,3521.8,7335.5,4084.6,1668.8,207.4
2026-09-25 00:30:00,747.6,582.8,821.2,888.2,583.5,140.0,24.0,26.6,283.2,25.6,132.7,1259.4,3283.6,2738.4,1342.5,1146.6,224.5,45.1,1082.5,1539.0,449.3,246.2,4614.3,5490.3,2704.4,1227.2,4707.4,4604.8,2438.1,2471.3,1659.9,3143.1,982.8,3670.3,1015.7,2040.0,1458.2,3512.9,7281.4,4086.3,1663.3,196.3
2026-09-25 00:45:00,740.8,583.1,805.8,868.6,579.5,141.1,24.0,27.3,277.2,28.3,128.5,1262.0,3350.1,2556.2,1319.3,1147.1,222.6,45.1,1086.8,1543.8,454.2,251.1,4603.9,5522.6,2674.4,1197.4,4693.9,4533.4,2428.2,2491.3,1662.4,3134.5,974.1,3560.5,1010.1,2052.2,1446.7,3504.1,7255.9,4089.5,1654.1,182.0
2026-09-25 01:00:00,776.2,572.3,803.1,878.4,585.2,139.8,38.9,26.8,312.9,17.0,139.9,1323.3,3205.5,2682.9,1280.7,1137.6,193.2,45.1,1073.6,1494.3,452.1,264.2,4513.6,5551.7,2615.0,1249.7,4668.6,4587.4,2407.2,2395.8,1665.5,3099.6,959.5,3638.3,1002.9,2053.8,1512.2,3544.7,7149.4,4053.6,1635.9,164.8
2026-09-25 01:15:00,769.2,566.7,798.5,877.9,584.3,140.8,38.9,25.5,364.8,18.7,118.3,1325.6,3263.6,2499.8,1288.8,1143.5,194.3,45.1,1076.1,1499.0,451.7,269.5,4502.3,5570.8,2595.2,1205.3,4657.8,4529.8,2403.1,2402.0,1660.6,3065.7,954.0,3565.0,1001.2,2067.9,1504.2,3536.1,7111.7,4056.3,1630.7,163.8
2026-09-25 01:30:00,764.0,561.7,797.1,861.7,583.1,138.5,38.9,28.1,397.2,21.0,118.2,1326.6,3271.5,2476.5,1294.0,1160.4,193.3,45.1,1074.3,1513.2,452.5,272.4,4498.8,5576.4,2574.3,1205.2,4649.2,4430.6,2398.3,2377.1,1661.1,3009.6,949.6,3432.4,999.7,2082.8,1498.7,3525.1,7082.6,4067.3,1624.9,165.3
2026-09-25 01:45:00,759.7,556.0,799.3,871.4,582.9,138.1,41.6,27.7,408.9,21.0,86.2,1328.4,3316.9,2456.7,1269.1,1114.9,192.1,45.1,1070.4,1510.9,457.8,278.0,4490.6,5588.2,2553.7,1190.6,4642.9,4400.1,2394.7,2370.9,1671.1,3004.5,946.5,3393.4,998.8,2096.2,1493.5,3515.4,7054.1,4069.9,1623.1,160.7
2026-09-25 02:00:00,836.3,557.3,906.1,893.3,642.5,131.0,49.0,25.6,413.7,17.5,98.0,1291.8,3248.7,2606.9,1291.3,986.9,195.4,45.1,1080.8,1319.9,460.8,287.8,4526.5,5608.3,2513.7,1212.8,4653.2,4315.9,2421.5,2298.1,1651.7,2972.0,937.1,3350.5,996.8,2202.7,1491.1,3528.4,7098.5,4099.6,1618.2,158.5
2026-09-25 02:15:00,834.6,549.2,906.0,891.8,643.4,131.0,49.0,27.1,406.7,20.0,82.2,1293.3,3309.9,2593.6,1305.1,974.5,194.4,45.1,1082.4,1323.4,457.3,287.8,4524.1,5613.0,2501.1,1212.9,4650.3,4299.9,2418.7,2290.1,1651.3,2961.7,937.4,3330.2,996.3,2213.2,1489.1,3516.1,7086.3,4099.2,1619.3,159.1
2026-09-25 02:30:00,832.2,538.8,908.3,908.2,645.8,131.0,51.0,30.2,409.5,21.0,75.5,1299.9,3362.4,2573.4,1274.7,1004.5,203.5,45.1,1083.3,1322.2,456.7,294.4,4516.3,5605.5,2487.2,1212.8,4707.4,4335.5,2415.5,2276.1,1649.4,2968.6,933.4,3296.4,996.8,2218.3,1488.6,3499.5,7089.8,4098.1,1612.9,159.4
2026-09-25 02:45:00,826.2,520.0,911.8,936.4,646.9,130.8,51.7,28.3,413.6,21.0,70.3,1299.6,3429.9,2553.7,1259.6,1011.1,188.1,49.7,1090.1,1311.8,464.2,297.8,4511.7,5597.8,2475.6,1212.8,4700.9,4295.7,2412.8,2262.8,1648.9,3012.9,928.1,3245.6,994.5,2216.8,1487.7,3485.0,7098.2,4097.3,1611.3,157.9
2026-09-25 03:00:00,812.2,511.4,918.2,956.3,640.0,221.0,4.0,27.5,417.3,15.2,162.5,1304.8,3412.1,2551.9,1225.1,1002.1,184.5,50.7,1095.2,1293.0,456.2,310.4,4463.8,5636.1,2463.6,1237.3,4700.3,4395.9,2500.5,2199.5,1646.5,2991.4,928.4,3188.8,993.5,2264.5,1499.4,3479.5,7098.9,4123.4,1634.6,164.8
2026-09-25 03:15:00,811.9,512.1,916.7,954.0,642.9,222.5,6.7,28.2,411.5,21.0,156.5,1312.9,3516.5,2536.8,1225.9,1029.1,186.3,51.1,1086.2,1296.0,456.2,314.0,4466.7,5621.4,2455.1,1237.3,4693.9,4404.4,2498.6,2193.4,1646.5,3021.2,923.4,3205.6,990.9,2260.1,1498.5,3471.1,7095.2,4090.0,1628.1,160.8
2026-09-25 03:30:00,814.9,509.4,915.1,979.0,646.8,227.5,6.7,27.8,410.7,21.0,155.3,1314.5,3859.5,2521.2,1216.5,1026.4,184.3,51.5,1068.9,1297.6,438.8,317.1,4460.2,5595.8,2452.4,1238.2,4688.8,4502.4,2498.3,2185.9,1647.0,3003.4,923.8,3357.6,991.6,2254.9,1499.2,3461.1,7085.9,4079.4,1629.3,160.8
2026-09-25 03:45:00,817.1,502.5,914.7,1008.1,656.5,237.8,6.7,27.3,412.5,18.8,154.9,1323.9,3776.9,2518.2,1220.8,997.1,184.1,51.9,1061.3,1298.4,433.5,320.0,4463.8,5584.0,2448.4,1264.8,4685.7,4550.8,2498.2,2186.6,1639.9,3056.4,921.6,3420.2,992.6,2249.9,1501.8,3457.6,7074.7,4078.1,1619.5,160.8
2026-09-25 04:00:00,793.2,490.0,929.1,1010.3,624.1,316.1,138.7,27.0,408.9,15.6,188.8,1295.4,3771.4,2596.7,1214.2,964.7,191.6,52.2,1048.8,1306.2,430.1,331.1,4500.4,5543.4,2444.7,1218.7,4674.0,4500.5,2598.5,2182.1,1648.3,3049.5,921.0,3439.1,1000.3,2298.8,1464.2,3464.3,6973.4,3986.2,1590.7,191.2
2026-09-25 04:15:00,795.3,484.1,948.6,1003.0,638.1,315.9,136.0,27.8,406.0,10.7,187.0,1295.0,3640.6,2585.5,1225.7,963.3,198.9,52.2,1041.2,1312.8,421.4,338.3,4495.3,5505.8,2449.2,1218.7,4675.3,4534.4,2599.9,2183.2,1658.1,3072.9,923.2,3490.5,1004.5,2295.8,1471.9,3465.7,6941.5,3985.9,1591.2,190.4
2026-09-25 04:30:00,807.9,478.3,971.8,1000.0,654.5,315.4,136.0,26.5,409.1,12.7,182.8,1294.0,3180.2,2544.1,1172.3,932.0,189.8,45.1,1031.4,1309.5,422.3,343.8,4522.4,5449.5,2452.6,1224.1,4675.9,4545.4,2601.1,2190.7,1643.9,3161.8,921.3,3511.8,1010.6,2294.6,1481.4,3466.5,6955.6,4011.3,1588.7,190.2
2026-09-25 04:45:00,825.4,471.4,1016.2,1011.4,673.4,315.6,136.0,27.6,367.6,6.0,175.2,1293.0,3180.0,2569.0,1144.5,951.6,189.9,45.1,1038.0,1303.3,435.4,349.3,4556.1,5411.8,2460.3,1218.7,4679.7,4421.8,2601.9,2199.0,1642.9,3253.0,924.8,3518.1,1015.7,2295.9,1495.6,3484.9,6981.4,4018.3,1594.9,193.8
2026-09-25 05:00:00,817.9,466.7,988.0,1029.1,686.7,436.1,26.0,76.8,334.5,9.7,114.6,1298.4,3360.9,2662.9,1199.7,932.7,113.7,49.9,993.9,1405.6,417.4,356.5,4916.5,5434.9,2501.8,1222.3,4664.1,4230.6,2628.0,2184.6,1658.8,3085.3,936.1,3489.2,1023.5,2710.3,1481.0,3643.8,7109.2,4044.9,1617.7,161.5
2026-09-25 05:15:00,840.3,479.1,1041.9,1031.6,713.9,437.2,26.0,75.8,341.8,14.5,112.4,1286.1,3345.7,2631.4,1172.3,950.4,134.5,50.0,995.1,1399.7,413.9,351.0,4973.1,5397.0,2535.8,1247.7,4686.5,4410.1,2636.6,2198.5,1663.6,3130.2,942.1,3769.5,1035.3,2712.1,1502.8,3646.1,7195.5,4136.5,1652.9,165.3
2026-09-25 05:30:00,862.3,461.2,1088.2,1032.7,736.2,436.4,26.0,74.3,352.9,21.0,116.9,1297.0,3352.0,2781.0,1113.6,936.0,163.0,50.0,992.1,1416.7,416.2,344.7,5042.3,5352.5,2572.9,1304.5,4707.5,4372.4,2643.1,2220.4,1657.1,3272.9,948.0,3962.3,1043.7,2712.0,1523.4,3647.1,7298.5,4128.3,1673.5,162.7
2026-09-25 05:45:00,883.7,466.7,1127.9,1037.2,754.0,439.1,26.0,77.5,353.3,40.2,136.9,1276.0,3336.1,2994.0,1104.5,968.6,190.2,50.1,994.6,1441.5,419.0,357.4,5081.6,5324.8,2614.8,1315.9,4658.6,4337.6,2654.3,2298.9,1641.1,3343.0,943.6,4050.9,1051.3,2712.0,1542.9,3679.3,7422.8,4136.6,1706.4,165.8
2026-09-25 06:00:00,906.7,456.7,1173.9,1154.3,780.5,519.2,22.0,31.3,377.6,18.9,147.6,1225.9,3712.8,2980.8,1263.5,948.4,127.5,50.5,1107.8,1689.1,449.8,370.9,5211.7,5286.5,2783.9,1294.1,4595.3,4422.0,2671.0,2169.6,1677.3,3264.8,974.4,4399.6,1079.2,2895.3,1581.8,3945.4,7748.7,4067.5,1825.7,229.4
2026-09-25 06:15:00,895.0,455.0,1199.0,1161.0,801.4,545.6,22.0,31.1,392.3,52.0,163.4,1223.7,3380.8,3449.2,1263.7,975.0,127.9,50.6,1104.2,1698.9,452.4,373.5,5242.6,5255.0,2858.4,1367.3,4632.0,4496.7,2694.8,2202.2,1680.9,3289.8,991.1,4467.8,1093.0,2895.9,1604.1,3979.4,7911.1,4174.0,1875.6,232.4
2026-09-25 06:30:00,912.1,453.1,1208.5,1173.2,822.4,566.5,22.0,36.3,420.9,15.2,195.8,1219.6,3103.2,3570.6,1242.1,963.6,114.5,50.6,1121.3,1685.9,465.1,350.3,5228.0,5316.1,2928.2,1367.3,4680.7,4581.7,2715.8,2238.4,1669.3,3313.6,1011.1,4560.5,1102.6,2892.7,1629.6,3999.9,8084.1,4261.1,1905.7,229.4
2026-09-25 06:45:00,914.9,513.9,1222.6,1188.0,841.0,597.0,22.2,38.8,453.0,23.0,207.0,1218.3,2827.2,3609.0,1268.0,971.9,110.4,50.7,1133.7,1695.5,468.0,357.6,5257.7,5325.3,3000.4,1367.3,4711.0,4691.5,2742.3,2374.4,1675.6,3317.8,1026.0,4613.5,1113.9,2886.6,1648.5,4007.7,8251.8,4364.1,1957.3,229.2
2026-09-25 07:00:00,927.8,553.8,1257.6,1155.2,858.8,713.9,21.0,57.8,466.7,29.5,218.9,1305.6,3075.0,3808.6,1378.4,1011.2,111.8,52.0,1253.9,1625.1,493.4,323.3,5465.2,5193.0,3190.9,1639.4,4788.8,5549.7,2767.9,2274.6,1783.3,3174.4,1099.4,4380.3,1131.6,3487.9,1790.9,4107.6,8532.8,4278.9,2048.5,311.9
2026-09-25 07:15:00,938.3,575.3,1272.0,1149.8,873.5,725.0,21.0,55.5,483.7,33.4,205.9,1305.0,3066.1,3927.4,1414.8,1019.6,136.3,52.1,1251.3,1641.3,499.5,319.8,5482.6,5149.1,3245.8,1640.9,4816.5,5725.7,2791.4,2335.1,1788.8,3169.7,1115.7,4396.2,1135.7,3479.1,1804.8,4132.9,8620.8,4481.4,2080.9,317.6
2026-09-25 07:30:00,944.6,581.6,1269.1,1141.4,886.2,731.5,21.2,50.7,493.1,37.3,213.1,1299.9,3071.6,4036.1,1430.4,1027.6,122.9,52.1,1259.2,1644.3,503.6,336.4,5442.0,5130.7,3287.8,1642.3,4843.1,5817.0,2805.8,2411.0,1794.9,3176.3,1132.3,4399.0,1139.3,3467.1,1813.6,4130.5,8670.5,4625.5,2095.7,292.6
2026-09-25 07:45:00,953.6,565.6,1265.9,1140.3,894.8,741.5,21.1,51.8,512.7,37.1,206.0,1300.9,3077.6,4037.3,1407.2,1057.4,124.2,52.2,1276.4,1640.6,509.5,337.1,5465.7,5117.3,3322.8,1702.7,4852.8,5817.4,2822.3,2613.3,1804.8,3198.7,1141.1,4406.7,1140.3,3452.9,1819.3,4142.3,8712.1,4701.2,2120.6,297.7
2026-09-25 08:00:00,947.6,586.6,1252.4,1116.5,905.7,688.2,1.0,45.2,500.7,112.3,205.5,1243.2,3216.6,3870.1,1683.4,1114.6,107.7,44.9,1287.6,1687.5,511.5,348.3,5552.4,5043.2,3391.7,1778.8,4914.5,5968.4,2796.9,2440.7,1827.5,3038.3,1139.2,4379.3,1128.4,3839.2,1827.3,4307.9,8787.9,4555.6,2139.0,305.5
2026-09-25 08:15:00,952.9,553.9,1231.7,1111.2,912.7,699.9,1.0,43.4,491.4,108.7,206.6,1252.6,3481.0,4114.7,1640.5,1114.6,128.8,44.8,1278.1,1653.6,509.9,347.7,5551.7,5014.4,3401.5,1778.9,4914.2,5914.3,2804.3,2561.1,1829.7,3047.7,1143.7,4377.0,1134.5,3820.8,1829.9,4327.7,8775.9,4628.9,2147.1,309.6
2026-09-25 08:30:00,981.7,451.1,1192.2,1086.4,914.6,705.0,1.0,44.3,476.6,127.7,207.4,1267.1,3530.5,3819.6,1595.6,1183.7,144.9,44.9,1266.4,1676.2,505.7,364.6,5587.1,4984.9,3400.2,1779.0,4906.5,5908.9,2800.9,2676.9,1829.5,3047.9,1148.8,4377.9,1135.5,3803.2,1833.1,4322.5,8774.7,4629.6,2154.6,285.6
2026-09-25 08:45:00,967.4,494.9,1123.8,1077.8,914.8,692.9,8.2,45.1,452.3,73.0,247.7,1283.2,4158.5,3665.1,1554.1,1232.9,160.0,49.0,1276.6,1666.7,506.5,374.1,5601.8,4926.7,3408.6,1779.2,4912.2,5889.6,2804.7,2738.7,1828.0,3045.9,1154.2,4376.7,1140.4,3785.9,1828.3,4313.9,8760.3,4588.4,2169.4,288.0
2026-09-25 09:00:00,959.1,449.3,1076.1,964.6,910.4,594.1,49.0,46.2,436.6,140.9,355.3,1234.4,4135.5,4412.0,1447.4,1537.8,151.1,63.9,1256.1,1305.1,500.4,339.1,5594.2,4940.0,3406.8,1797.3,4907.7,6122.1,2754.9,2615.0,1825.2,2909.2,1171.6,4364.1,1149.6,3837.6,1832.0,4357.5,8617.4,4673.5,2127.8,274.6
2026-09-25 09:15:00,958.0,467.1,1054.6,948.2,909.4,599.9,49.1,44.4,398.5,55.5,315.9,1270.2,4123.2,3747.1,1483.2,1671.0,167.3,52.0,1242.3,1306.3,498.0,337.8,5600.0,4908.7,3393.4,1797.5,4898.1,6041.5,2750.8,2727.6,1823.5,2910.6,1169.2,4364.1,1152.3,3822.5,1825.0,4342.7,8582.5,4616.3,2129.4,278.8
2026-09-25 09:30:00,942.8,552.9,1045.0,929.0,909.6,578.2,49.5,45.0,355.3,65.0,300.7,1304.7,4127.6,3637.0,1513.7,1745.6,163.8,50.6,1228.4,1342.2,496.0,359.6,5612.1,4883.3,3385.0,1797.6,4891.8,5769.3,2745.1,2742.6,1820.7,2908.2,1170.9,4356.6,1151.0,3810.5,1813.3,4318.8,8562.3,4607.2,2123.9,283.3
2026-09-25 09:45:00,942.6,664.9,1027.6,923.4,906.1,577.0,61.6,49.4,300.7,56.1,300.5,1309.1,4323.9,3551.0,1432.0,1762.0,185.8,50.7,1256.8,1332.0,506.4,354.4,5615.9,4829.6,3376.4,1668.3,4878.7,4858.6,2743.4,2844.1,1820.8,2908.5,1167.4,4333.8,1155.9,3806.8,1811.5,4296.2,8557.0,4580.1,2117.6,290.0
2026-09-25 10:00:00,945.2,561.4,1015.6,928.2,897.0,314.1,47.0,47.4,244.5,92.8,504.6,1367.3,4168.8,3751.4,1290.0,1695.9,115.3,62.7,1446.9,1403.5,495.6,342.3,5629.6,4936.7,3343.5,1821.5,4916.9,5159.0,2727.0,2704.8,1769.5,2764.9,1143.0,4237.7,1156.6,3796.0,1733.6,4302.1,8509.2,4651.9,2088.2,274.2
2026-09-25 10:15:00,938.8,565.3,981.6,940.9,895.1,318.3,48.3,38.0,210.7,109.9,481.5,1392.4,4420.9,3507.9,1221.8,1583.7,172.7,63.7,1455.1,1419.2,488.5,355.7,5621.3,4925.0,3330.8,1797.2,4972.6,4623.6,2724.2,2789.3,1770.2,2762.3,1144.0,4208.0,1159.9,3793.6,1727.3,4306.5,8474.5,4609.3,2074.6,279.0
2026-09-25 10:30:00,945.9,594.3,953.6,945.1,894.6,323.5,50.5,38.3,177.6,123.9,479.5,1427.2,5034.4,3633.2,1186.8,1570.1,151.6,55.8,1461.2,1444.0,485.4,360.3,5621.0,4899.7,3315.7,1683.3,4958.5,3961.5,2717.1,2810.2,1767.6,2764.4,1137.9,4168.3,1162.9,3791.0,1722.1,4297.7,8428.2,4548.4,2071.9,281.5
2026-09-25 10:45:00,929.9,594.8,923.0,955.3,899.4,330.5,64.2,38.6,149.7,139.6,489.1,1438.0,5026.9,3473.3,1104.2,1621.7,172.2,69.1,1481.6,1421.6,495.4,324.6,5629.6,4855.7,3303.1,1472.9,4934.4,3712.9,2714.8,2688.2,1765.9,2758.2,1131.3,3936.3,1168.5,3788.3,1712.6,4286.5,8388.2,4441.7,2052.7,285.0
2026-09-25 11:00:00,921.5,599.8,905.7,963.2,891.4,329.2,72.5,27.7,125.5,138.4,438.2,1470.2,5399.1,3663.6,1231.6,1626.4,129.2,73.3,1502.0,1456.3,487.1,363.7,5636.3,4967.7,3291.1,1382.7,4920.8,3366.9,2734.8,2679.8,1817.9,2869.3,1115.3,3855.2,1172.7,3775.3,1744.4,4288.8,8348.7,4393.8,2024.4,261.0
2026-09-25 11:15:00,918.9,573.8,897.6,967.7,885.8,326.6,76.6,19.1,99.0,158.7,416.9,1494.1,5433.2,3616.8,1168.0,1671.7,126.9,73.3,1502.7,1311.0,482.3,368.7,5619.3,4942.0,3282.7,1338.7,4910.3,2920.4,2733.2,2547.9,1816.7,2871.6,1121.1,3176.0,1174.6,3772.3,1769.7,4285.6,8315.6,4392.8,2008.7,263.5
2026-09-25 11:30:00,924.1,569.7,1115.8,948.9,884.1,326.6,76.9,18.0,96.9,151.0,446.7,1515.0,5686.3,3533.4,1117.4,1700.2,128.1,73.3,1523.4,1345.1,483.8,367.6,5611.8,4904.4,3263.4,1339.0,4893.7,2871.3,2726.5,2484.6,1817.1,2875.9,1118.5,3000.0,1175.8,3770.7,1765.2,4284.6,8279.4,4400.3,1996.1,261.5
2026-09-25 11:45:00,921.4,562.2,1121.4,948.1,885.2,310.2,93.1,19.8,118.3,147.1,449.1,1528.7,5796.6,3551.3,1065.6,1681.6,129.3,73.3,1510.3,1375.7,496.1,365.6,5612.3,4954.6,3255.7,1331.0,4890.0,2778.2,2723.0,2417.2,1813.2,2881.2,1115.5,2844.6,1176.6,3768.5,1754.8,4281.3,8246.4,4204.0,1981.2,256.6
2026-09-25 12:00:00,923.1,562.4,1197.3,936.7,940.6,309.2,48.8,20.5,125.4,184.9,408.4,1555.2,5728.2,3758.0,1394.3,1615.3,97.4,77.5,1508.8,1348.2,477.3,396.1,5549.0,4783.7,3242.3,1309.4,4770.0,2899.1,2756.0,2381.2,1853.3,2912.6,1099.9,2564.0,1177.5,3764.1,1738.0,4113.7,8226.0,4219.3,1947.9,242.2
2026-09-25 12:15:00,924.3,556.3,1206.4,927.4,949.0,305.2,48.5,15.6,126.7,214.6,425.6,1565.7,5924.0,3723.9,1379.7,1610.2,100.5,77.5,1518.1,1359.5,477.4,379.0,5536.6,4809.7,3230.1,1313.2,4757.7,2915.9,2756.6,2371.7,1852.8,2919.5,1098.3,2510.7,1177.0,3761.9,1729.4,4114.2,8205.3,4201.7,1946.4,241.8
2026-09-25 12:30:00,911.8,479.1,1268.1,920.5,953.1,301.9,64.7,15.4,125.8,230.6,403.4,1579.4,6150.7,3730.4,1355.1,1663.0,97.2,76.8,1526.3,1374.1,476.3,376.8,5498.9,4831.1,3218.1,1314.8,4760.7,2918.4,2748.2,2356.7,1852.0,2923.7,1096.1,2493.0,1178.2,3760.6,1718.7,4114.7,8174.5,4207.3,1937.8,244.4
2026-09-25 12:45:00,907.4,477.0,1276.2,912.1,971.6,290.1,64.5,15.2,127.3,233.9,403.1,1599.7,6162.6,3720.6,1330.1,1683.7,98.7,76.8,1526.3,1385.7,480.1,363.8,5480.3,4848.2,3208.5,1315.3,4750.2,2929.3,2745.0,2339.4,1851.9,2929.7,1091.7,2460.0,1179.1,3759.1,1709.3,4114.9,8162.4,4189.5,1937.2,247.6
2026-09-25 13:00:00,994.5,476.4,1287.9,899.7,966.8,290.0,69.2,14.9,156.1,240.4,477.2,1657.3,6282.9,3767.7,1558.9,1593.4,130.9,64.7,1688.4,1392.1,486.3,354.2,5400.5,4903.4,3169.1,1306.8,4703.9,2594.3,2800.3,2358.0,1824.6,2909.5,1111.8,2688.5,1172.7,3748.0,1714.9,4091.6,8230.6,4268.4,1958.7,236.7
2026-09-25 13:15:00,992.1,475.8,1301.9,887.0,973.6,285.8,69.1,14.6,154.5,247.6,502.2,1660.0,6290.2,3651.4,1544.1,1612.7,138.1,64.7,1672.9,1390.7,481.6,338.2,5382.0,4937.2,3166.3,1315.1,4706.9,2592.2,2799.0,2351.6,1822.6,2913.6,1108.8,2692.6,1169.2,3746.8,1708.5,4092.0,8226.7,4258.7,1944.9,238.8
2026-09-25 13:30:00,990.7,478.8,1519.7,869.7,962.4,291.5,69.1,14.3,158.7,249.9,524.1,1663.6,6324.7,3613.8,1540.9,1619.1,128.9,78.6,1669.3,1388.4,478.6,340.0,5360.7,4982.2,3156.7,1316.5,4703.2,2585.6,2793.6,2336.9,1821.8,2922.2,1109.9,2685.2,1169.2,3745.5,1703.9,4090.6,8227.7,4250.7,1937.0,239.4
2026-09-25 13:45:00,988.1,467.4,1532.4,867.3,962.0,306.2,53.0,20.6,153.2,255.0,516.1,1665.5,6295.2,3568.1,1563.5,1579.4,111.8,78.7,1671.1,1404.5,477.9,326.2,5345.9,5013.5,3145.8,1339.8,4695.9,2585.3,2794.5,2319.7,1821.0,2931.4,1107.5,2654.9,1166.9,3744.4,1701.2,4087.8,8184.6,4239.2,1927.5,236.7
2026-09-25 14:00:00,1017.7,463.7,1542.4,855.2,946.8,404.5,56.9,19.6,145.9,263.4,547.3,1661.4,6154.9,3597.3,1296.5,1626.0,32.5,77.2,1610.0,1417.5,464.3,308.0,5364.2,5030.1,3129.3,1317.7,4729.8,2529.3,2853.5,2295.6,1790.1,3139.7,1090.6,2728.8,1163.3,3630.7,1694.2,4082.2,8136.5,4203.6,1853.8,235.7
2026-09-25 14:15:00,1009.5,460.9,1567.3,837.1,941.9,397.4,50.0,17.4,137.0,253.0,515.6,1663.7,6134.2,3541.7,1291.4,1630.4,121.8,76.9,1592.7,1441.4,459.1,310.5,5349.7,5083.5,3119.9,1305.8,4734.0,2512.7,2852.2,2308.8,1788.2,3145.7,1084.7,2774.2,1163.1,3630.0,1696.1,4081.3,8099.8,4239.3,1840.3,238.1
2026-09-25 14:30:00,1008.0,455.9,1534.2,840.9,897.8,397.2,40.7,25.7,141.1,234.4,538.8,1664.1,6121.8,3552.1,1303.9,1597.2,128.5,62.8,1594.8,1459.3,457.9,291.8,5347.3,5122.0,3111.5,1307.0,4733.0,2508.6,2847.1,2310.3,1784.0,3150.6,1084.9,2780.3,1164.0,3629.1,1699.6,4080.2,8057.2,4231.6,1828.6,239.9
2026-09-25 14:45:00,1007.4,539.4,1544.9,829.5,895.8,378.6,37.3,35.6,122.3,228.7,522.9,1671.7,5719.2,3533.0,1342.3,1593.3,128.5,62.8,1584.7,1504.8,453.5,291.8,5354.0,5166.7,3112.1,1320.7,4742.8,2516.0,2846.4,2312.9,1784.7,3158.6,1085.4,2801.6,1166.7,3628.6,1702.4,4081.1,8039.8,4257.3,1812.8,239.5
2026-09-25 15:00:00,925.4,440.3,1467.7,810.9,864.6,430.6,88.4,19.0,117.8,214.7,399.0,1614.3,5631.4,3428.8,1163.9,1516.3,82.0,64.8,1467.8,1463.9,499.9,317.0,5394.2,5269.6,3109.9,1330.6,4732.8,2649.9,2865.0,2370.2,1810.6,3155.5,1103.1,2726.9,1171.5,3738.3,1694.1,4128.3,7935.6,4018.3,1805.2,239.1
2026-09-25 15:15:00,918.1,503.9,1497.2,794.3,880.6,407.4,74.3,19.6,114.9,197.6,371.3,1600.7,5345.7,3441.9,1166.7,1541.3,83.3,64.9,1451.5,1442.1,496.8,314.4,5385.7,5304.2,3110.4,1338.7,4731.7,2704.9,2863.7,2396.9,1805.5,3176.6,1080.0,2870.3,1171.6,3737.8,1703.7,4130.8,7919.3,4002.8,1801.0,236.2
2026-09-25 15:30:00,914.4,435.9,1311.9,785.6,874.3,396.0,72.7,15.3,100.0,171.9,395.4,1585.2,5171.9,3473.8,1166.4,1519.6,84.0,69.5,1444.3,1462.3,475.8,323.4,5379.8,5352.7,3112.7,1327.3,4741.5,2699.2,2861.8,2483.8,1806.5,3196.2,1081.7,3086.1,1171.4,3738.7,1707.7,4133.2,7924.2,4189.3,1795.8,240.2
2026-09-25 15:45:00,918.6,488.6,1337.9,791.1,873.1,387.0,72.0,27.8,95.0,211.4,381.5,1573.9,4400.6,3488.1,1209.7,1497.7,74.8,64.8,1439.0,1455.8,476.3,328.4,5407.8,5366.3,3118.1,1347.4,4744.8,2843.8,2864.9,2490.9,1806.9,3247.7,1082.3,3438.2,1172.8,3738.6,1712.6,4136.3,7953.7,4279.6,1794.0,236.7
2026-09-25 16:00:00,906.6,504.6,1370.3,777.9,874.0,458.7,109.4,83.0,98.8,183.5,384.4,1537.9,4585.6,3150.5,1031.8,1537.2,82.0,73.5,1567.6,1511.6,463.3,310.7,5438.7,5268.7,3118.0,1401.9,5010.1,3006.4,2861.2,2568.8,1797.5,3420.2,1076.9,3387.5,1177.6,3604.9,1713.8,4224.9,8015.5,4268.9,1796.3,283.9
2026-09-25 16:15:00,924.1,412.2,1409.8,783.4,864.8,454.7,97.4,79.9,99.6,164.0,402.5,1523.1,4396.8,3315.3,1139.3,1476.6,102.0,66.2,1562.8,1762.8,462.5,411.9,5445.3,5258.2,3127.5,1399.5,5025.9,3332.9,2860.1,2393.0,1792.5,3442.2,1081.6,4005.8,1176.5,3605.3,1718.9,4230.4,8062.7,4272.8,1807.8,288.3
2026-09-25 16:30:00,909.0,494.0,1226.4,767.8,872.6,435.7,97.0,79.0,100.4,118.5,453.2,1496.6,4138.7,3214.4,1247.9,1524.5,115.7,56.8,1564.8,1738.1,467.6,389.3,5458.1,5267.0,3140.0,1625.4,4921.7,3898.0,2859.3,2293.1,1791.9,3453.8,1079.6,4139.2,1178.3,3605.6,1726.3,4238.1,8115.3,4329.9,1823.2,285.2
2026-09-25 16:45:00,915.5,557.3,1262.7,754.3,873.1,424.8,97.0,84.2,113.5,108.4,413.0,1476.5,3716.5,3187.6,1342.8,1696.8,102.6,56.8,1569.1,1748.1,471.3,405.6,5473.1,5281.3,3147.7,1687.7,4916.0,4619.1,2858.4,2183.3,1796.4,3461.2,1081.1,4351.6,1177.6,3606.3,1735.0,4212.4,8194.7,4253.0,1850.5,283.2
2026-09-25 17:00:00,926.7,547.1,1300.5,729.7,878.2,616.5,74.7,39.8,148.5,91.8,172.9,1446.5,4011.2,2983.3,1525.9,1622.4,200.0,63.7,1323.2,1777.6,493.0,360.9,5489.4,5332.4,3173.8,1695.0,4820.7,4728.2,2823.8,2427.0,1795.9,3475.0,1094.6,4279.5,1175.0,3297.5,1745.5,4279.4,8287.7,4383.1,1900.6,266.4
2026-09-25 17:15:00,924.7,556.5,1320.9,726.0,884.5,615.2,70.9,39.2,168.5,64.0,160.2,1421.6,3856.6,2898.3,1625.0,1592.9,152.0,63.8,1296.7,1782.9,502.9,374.4,5487.6,5335.2,3182.6,1739.4,4824.1,5461.8,2821.4,2142.2,1797.0,3482.0,1093.7,4640.6,1175.2,3298.2,1754.6,4299.2,8331.3,4324.1,1921.6,264.6
2026-09-25 17:30:00,925.2,577.6,1333.8,724.3,886.0,634.5,73.6,38.5,222.4,46.3,200.0,1387.6,2863.5,2821.1,1707.9,1503.5,174.5,63.8,1301.6,1743.6,515.9,357.1,5485.4,5362.6,3182.5,1777.6,4828.5,5642.1,2818.8,2093.0,1800.4,3485.2,1095.9,4657.1,1174.5,3298.9,1760.2,4288.5,8384.8,4382.5,1931.6,261.3
2026-09-25 17:45:00,920.7,593.6,1344.0,741.7,884.5,638.2,74.2,39.0,253.5,69.6,231.3,1361.8,2702.1,2895.4,1821.6,1488.4,159.7,63.8,1295.7,1779.8,529.0,388.8,5479.0,5392.9,3190.0,1777.3,4837.7,5679.3,2821.3,2093.5,1801.7,3486.6,1105.4,4668.1,1174.5,3299.4,1767.2,4293.5,8440.8,4418.6,1944.5,258.3
2026-09-25 18:00:00,919.5,560.5,1360.4,1053.7,887.3,668.3,22.7,85.1,319.3,28.8,357.1,1301.2,3295.0,2880.4,1848.9,1215.3,305.0,35.1,1334.8,1897.9,579.0,399.6,5542.3,5392.8,3191.8,1645.3,4892.9,6048.6,2786.8,2232.2,1809.7,3464.5,1108.0,4511.5,1168.3,3210.6,1762.5,4314.9,8461.6,4450.4,1958.8,323.6
2026-09-25 18:15:00,928.2,613.2,1371.2,1117.5,887.4,682.2,22.2,84.9,346.5,19.4,373.0,1277.2,3060.5,2960.0,1776.0,1085.9,268.3,35.1,1309.9,1894.2,564.9,407.6,5554.7,5418.5,3194.9,1645.9,4886.2,6451.8,2790.8,2132.3,1804.1,3469.8,1111.9,4521.1,1173.2,3211.2,1767.6,4323.7,8466.6,4588.3,1939.9,321.4
2026-09-25 18:30:00,933.5,627.5,1393.3,1138.7,887.8,684.9,22.1,84.7,377.6,11.5,430.1,1253.3,2923.3,2772.6,1687.1,888.9,273.9,35.1,1323.4,1856.1,585.9,390.8,5586.6,5464.0,3203.2,1813.8,4897.1,6813.2,2788.4,2085.8,1804.3,3466.8,1119.9,4492.1,1176.7,3211.9,1765.3,4290.1,8472.4,4594.2,1930.8,321.7
2026-09-25 18:45:00,937.1,652.4,1406.7,1131.9,893.5,681.5,22.1,84.6,399.2,28.3,407.5,1259.2,2887.0,2834.4,1908.5,1100.8,258.5,35.0,1313.4,1883.6,585.9,396.1,5587.9,5479.9,3205.4,1821.1,4894.1,6905.3,2791.3,2088.4,1805.3,3461.4,1118.7,4492.4,1173.7,3212.2,1762.1,4272.8,8470.3,4563.3,1933.4,335.3
2026-09-25 19:00:00,936.5,640.5,1421.5,1153.6,892.0,752.0,14.0,63.2,472.6,5.0,359.7,1264.9,2988.8,2703.4,2073.9,1047.9,265.2,35.2,1291.9,1653.2,590.9,389.7,5526.6,5535.1,3202.0,1775.0,4865.8,6837.2,2807.8,2228.8,1815.3,3470.1,1135.3,4405.5,1170.1,2919.4,1754.4,4136.4,8423.3,4796.0,1915.9,402.8
2026-09-25 19:15:00,936.1,640.1,1416.0,1134.7,886.4,741.6,14.0,63.3,468.5,4.8,373.9,1254.9,2985.9,2711.8,2102.2,1053.3,241.0,35.1,1284.1,1669.1,589.5,393.3,5521.2,5554.6,3208.3,1776.3,4875.6,6868.0,2809.5,2114.4,1817.6,3470.6,1137.1,4449.4,1170.7,2920.7,1748.9,4133.9,8429.2,4782.5,1911.7,420.7
2026-09-25 19:30:00,931.9,692.9,1402.8,1157.3,882.1,711.8,14.0,63.4,461.5,4.8,375.5,1247.9,2974.7,2659.8,2057.0,1076.6,246.0,35.1,1274.4,1663.4,590.2,404.1,5488.1,5592.4,3209.8,1778.5,4879.9,6883.6,2808.4,2084.3,1824.4,3473.9,1138.3,4465.1,1166.1,2921.8,1746.8,4108.9,8411.0,4658.8,1912.5,399.9
2026-09-25 19:45:00,920.3,729.0,1374.7,957.0,866.8,726.1,14.0,63.3,452.6,4.7,325.8,1239.8,2959.1,2676.4,2046.6,1087.7,227.3,35.1,1264.3,1662.2,585.0,411.1,5465.9,5601.6,3208.2,1779.3,4873.1,6892.3,2816.4,2036.5,1818.4,3474.8,1139.6,4493.0,1163.6,2922.8,1745.1,4067.6,8354.5,4716.2,1889.1,383.2
2026-09-25 20:00:00,905.0,722.6,1344.3,970.6,853.5,679.2,12.0,52.3,461.1,9.4,312.7,1331.9,2952.6,2673.0,1778.3,1025.7,212.1,35.0,1231.0,1622.3,572.2,402.1,5262.9,5644.5,3179.2,1831.4,4910.4,7007.4,2829.1,2096.2,1802.0,3489.4,1134.4,4424.1,1144.4,2871.3,1749.7,3758.6,8239.1,4616.2,1863.2,347.1
2026-09-25 20:15:00,893.2,700.9,1318.3,932.1,838.8,664.5,12.0,52.3,447.9,9.4,306.8,1333.3,2973.0,2680.5,1774.0,967.9,213.3,35.0,1226.1,1612.0,563.8,405.8,5235.2,5655.1,3170.3,1831.8,4904.3,7020.2,2826.6,2080.4,1799.2,3479.0,1131.3,4433.7,1132.0,2872.7,1746.9,3725.6,8171.6,4454.5,1836.3,357.6
2026-09-25 20:30:00,881.3,689.0,1294.1,911.9,822.0,658.5,12.0,52.3,436.7,9.4,277.1,1337.7,3018.0,2778.7,1763.9,962.9,206.5,35.0,1196.9,1608.0,554.9,411.4,5204.4,5672.2,3154.8,1824.0,4897.0,7011.6,2822.2,2058.0,1807.1,3466.8,1130.6,4437.3,1117.3,2873.8,1740.6,3707.8,8089.2,4351.7,1815.4,362.8
2026-09-25 20:45:00,865.6,662.8,1265.9,859.3,802.5,653.2,12.0,52.5,433.5,9.4,259.9,1312.7,2996.0,2708.0,1744.9,941.6,208.5,35.0,1195.4,1615.2,540.7,418.0,5197.1,5662.1,3138.2,1782.2,4889.1,7001.0,2818.0,2051.2,1798.3,3337.3,1125.3,4429.3,1094.0,2875.3,1728.6,3704.6,8014.1,4320.3,1803.2,366.9
2026-09-25 21:00:00,841.4,622.7,1212.2,692.7,786.4,463.9,12.0,51.1,411.5,25.3,432.2,1297.8,2921.1,2755.6,1641.0,1008.0,132.4,56.0,1135.6,1603.6,500.9,427.5,5119.1,5706.9,3082.4,1749.3,4764.1,6765.3,2798.1,2044.0,1774.5,3472.3,1101.8,4445.5,1074.8,2508.4,1680.1,3635.0,7857.6,4491.2,1783.7,341.4
2026-09-25 21:15:00,826.2,594.0,1193.0,665.4,770.6,438.6,12.0,50.0,389.8,19.0,401.4,1298.1,3156.1,2661.3,1621.5,999.1,144.5,56.0,1127.5,1616.8,483.1,443.7,5146.1,5663.6,3066.5,1745.8,4744.8,6725.6,2793.8,2076.4,1771.3,3454.3,1091.2,4412.9,1063.7,2531.6,1664.7,3636.3,7780.5,4464.5,1769.0,348.1
2026-09-25 21:30:00,811.7,582.7,1157.4,646.2,753.6,434.5,12.0,50.0,382.0,41.4,377.5,1298.6,3140.6,2637.8,1642.1,1010.4,154.8,56.0,1119.1,1611.9,478.6,465.8,5132.6,5651.8,3042.0,1687.6,4738.2,6675.3,2787.1,2081.7,1772.0,3387.7,1085.4,4381.2,1061.0,2557.6,1648.2,3629.6,7688.1,4362.7,1747.4,361.0
2026-09-25 21:45:00,794.2,573.7,1125.8,653.1,735.6,426.4,13.9,50.0,384.8,11.1,368.7,1311.9,3345.1,2675.1,1620.1,1004.1,145.2,55.9,1134.7,1592.5,482.1,458.3,5107.4,5637.8,3020.2,1683.8,4722.4,6532.8,2780.5,2072.0,1770.3,3309.4,1075.0,4310.4,1052.9,2587.7,1632.7,3615.5,7594.7,4361.4,1726.0,366.0
2026-09-25 22:00:00,775.0,573.2,1096.1,624.7,715.8,409.4,12.0,53.1,359.5,78.9,352.5,1249.9,2704.9,2647.8,1539.3,1062.9,110.8,55.4,1062.2,1717.7,464.4,443.6,4935.7,5612.5,2977.8,1721.4,4722.5,6163.3,2766.6,2072.1,1750.9,3346.1,1058.6,4194.0,1042.5,2513.5,1614.0,3572.1,7474.1,4328.5,1658.0,346.2
2026-09-25 22:15:00,765.0,567.2,1071.8,613.8,701.6,409.2,14.7,53.0,356.8,77.4,341.1,1245.9,3185.7,2669.0,1515.5,1051.9,121.7,55.4,1053.3,1711.8,459.9,450.9,4881.9,5585.7,2952.9,1670.4,4707.5,6086.2,2759.7,2062.9,1751.3,3310.6,1048.2,4155.2,1038.7,2539.4,1597.5,3555.6,7393.7,4307.4,1631.4,353.0
2026-09-25 22:30:00,750.2,567.6,1049.2,602.1,684.9,409.2,14.7,53.0,346.9,2.8,331.4,1245.1,3201.2,2728.1,1525.5,1061.9,103.4,55.5,1044.2,1724.1,456.6,457.5,4834.9,5559.9,2919.0,1667.1,4692.5,5953.0,2750.3,2049.2,1748.3,3237.8,1039.4,4090.5,1030.6,2558.1,1580.9,3536.5,7309.5,4306.3,1608.1,353.5
2026-09-25 22:45:00,734.2,561.1,1027.0,595.6,667.1,409.0,14.7,53.0,338.4,4.8,319.8,1251.5,3234.6,2802.8,1500.2,1032.0,96.4,55.6,1045.9,1721.7,459.0,461.9,4818.7,5532.4,2891.8,1664.7,4671.0,5816.7,2746.2,2047.4,1744.8,3237.3,1028.8,4024.0,1026.0,2568.8,1562.9,3518.3,7243.4,4304.4,1582.7,362.5
2026-09-25 23:00:00,723.7,560.9,1003.2,589.7,650.2,259.4,27.2,50.5,324.8,20.7,370.6,1232.4,3150.7,2912.7,1431.0,1025.5,141.3,35.3,1011.6,1479.6,449.6,453.2,4641.3,5493.4,2817.1,1694.1,4725.2,5730.0,2539.6,2042.2,1725.6,3142.2,1011.1,3835.3,1016.4,2531.7,1543.1,3423.4,7130.2,4276.7,1555.3,364.6
2026-09-25 23:15:00,712.8,559.0,985.3,578.0,642.3,258.6,27.2,50.1,327.6,22.5,349.2,1233.0,3168.7,2832.8,1406.3,980.0,142.1,35.3,1010.0,1468.5,449.2,455.8,4594.9,5479.9,2784.0,1692.9,4701.0,5651.8,2712.1,2046.6,1719.2,3186.4,999.6,3855.0,1010.4,2528.9,1533.5,3414.7,7077.4,4272.5,1537.1,369.9
2026-09-25 23:30:00,701.0,556.4,968.9,576.4,628.4,257.4,27.4,50.5,319.8,33.1,350.9,1241.1,3884.0,3501.7,1419.1,934.2,143.7,35.3,1023.2,1451.9,453.8,452.2,4580.6,5459.1,2760.1,1659.8,4689.9,5566.6,2702.7,2047.1,1713.7,3187.6,991.8,3808.5,1007.5,2523.1,1530.4,3407.1,7017.1,4276.5,1525.1,375.6
2026-09-25 23:45:00,691.9,551.3,952.5,566.8,620.1,255.7,27.3,50.8,309.1,37.3,353.9,1252.8,3952.3,2939.4,1448.8,935.7,135.2,35.3,1021.3,1483.3,465.3,452.7,4540.2,5446.5,2725.5,1528.0,4666.4,5204.2,2698.2,2053.5,1718.0,3163.1,982.8,3781.8,1004.4,2512.9,1534.2,3416.9,6951.5,4275.8,1511.8,387.2
