date,EE_buy,EE_sell,LT_buy,LT_sell,LV_buy,LV_sell,AT_buy,AT_sell,BE_buy,BE_sell,FR_buy,FR_sell,GER_buy,GER_sell,NL_buy,NL_sell,PL_buy,PL_sell,DK1_buy,DK1_sell,DK2_buy,DK2_sell,FI_buy,FI_sell,NO1_buy,NO1_sell,NO2_buy,NO2_sell,NO3_buy,NO3_sell,NO4_buy,NO4_sell,NO5_buy,NO5_sell,SE1_buy,SE1_sell,SE2_buy,SE2_sell,SE3_buy,SE3_sell,SE4_buy,SE4_sell
2026-10-06 00:00:00,806.5,185.3,864.0,762.4,751.5,294.4,21.4,31.1,358.7,15.0,98.0,1765.0,4202.1,2592.7,1275.4,1005.1,62.7,107.2,1156.7,2462.8,468.5,1028.6,5380.8,5307.0,2760.6,1812.3,4387.6,5473.4,2401.8,2785.5,1794.4,1529.1,959.8,2697.1,982.3,1983.7,1582.1,3869.0,7038.5,5247.3,1406.0,1133.4
2026-10-06 00:15:00,806.2,135.3,856.8,765.2,741.8,295.3,21.0,31.6,337.3,15.0,95.3,1767.6,4037.2,2589.9,1296.7,1026.9,63.1,106.8,1165.7,2425.5,477.4,1028.0,5347.6,5253.8,2731.1,1816.8,4374.4,5436.5,2392.9,2787.6,1788.8,1525.6,949.9,2678.4,980.0,1984.5,1586.2,3883.5,6979.9,5267.2,1389.7,1128.7
2026-10-06 00:30:00,830.0,135.4,847.8,768.9,731.3,296.7,21.4,30.4,339.2,15.0,83.0,1772.4,4034.4,2549.7,1277.7,1034.5,44.5,106.6,1172.3,2394.6,487.5,978.1,5333.4,5189.5,2713.2,1810.4,4360.1,5577.3,2383.9,2788.2,1787.5,1521.9,944.4,2667.1,978.7,1985.8,1582.2,3895.4,6915.7,5216.0,1384.0,1130.2
2026-10-06 00:45:00,765.4,133.5,842.4,773.6,724.8,298.4,21.4,29.6,334.4,15.0,64.4,1774.8,4045.4,2518.2,1330.7,1033.8,44.6,126.4,1178.0,2360.5,485.9,975.9,5341.2,5110.6,2685.9,1816.8,4350.9,5432.3,2371.7,2793.8,1784.0,1518.3,934.6,2638.8,969.9,1986.7,1572.6,3903.5,6922.9,5223.3,1374.5,1124.8
2026-10-06 01:00:00,796.7,133.5,847.8,770.6,722.5,298.2,22.4,20.6,366.2,5.0,82.2,1769.9,3958.5,2341.8,1253.1,1022.7,12.5,154.6,1068.6,2218.5,474.8,1023.7,5367.1,4866.8,2639.9,1814.3,4242.4,5460.0,2346.2,2800.1,1756.8,1514.1,920.3,2648.9,972.9,1959.6,1554.2,3935.3,6947.2,5642.4,1366.7,1112.5
2026-10-06 01:15:00,792.1,133.6,1065.5,767.1,715.9,298.3,22.0,21.1,392.1,5.0,69.7,1771.9,3992.0,2296.8,1247.0,1024.1,12.5,154.3,1074.0,2182.1,479.8,1022.1,5345.8,4963.8,2623.8,1820.9,4234.1,5431.5,2342.0,2804.8,1752.9,1514.7,914.4,2636.2,966.1,1960.6,1544.7,3937.6,6919.6,5670.7,1359.2,1112.3
2026-10-06 01:30:00,787.0,133.6,1059.2,764.0,710.2,297.5,22.1,21.0,402.5,5.1,68.4,1776.0,4029.4,2231.6,1241.3,1014.7,22.5,154.0,1079.0,2116.9,486.0,971.2,5330.3,4892.7,2602.0,1814.3,4232.8,5418.9,2337.2,2805.0,1751.0,1515.3,909.1,2625.1,969.1,1960.8,1540.4,3935.1,6899.8,5680.8,1351.6,1107.5
2026-10-06 01:45:00,766.4,133.6,1063.8,761.8,705.1,293.7,22.0,21.0,435.5,11.5,60.6,1798.9,5124.2,2018.7,1243.7,1042.7,12.5,153.6,1078.6,2086.5,482.2,1016.9,5314.0,4895.8,2584.4,1820.8,4228.3,5395.5,2332.2,2807.3,1754.9,1515.8,903.3,2610.5,966.0,1959.7,1538.2,3931.8,6897.6,5638.2,1348.0,1108.3
2026-10-06 02:00:00,761.2,175.2,1368.5,773.7,647.5,293.3,21.4,29.6,456.7,16.1,120.6,1810.0,5640.4,2129.6,1286.5,1011.8,88.9,132.7,1153.6,1831.8,480.0,990.4,5242.4,4973.2,2553.9,1826.1,4284.0,5307.2,2317.1,2818.2,1738.3,1543.7,896.8,2636.3,964.9,1967.8,1530.6,3920.8,6878.9,5668.2,1344.4,1096.4
2026-10-06 02:15:00,749.0,161.2,1370.0,774.5,644.2,292.5,21.0,30.0,449.8,15.1,116.0,1816.9,5777.3,2066.4,1283.3,1003.6,88.9,132.4,1155.5,1804.7,487.6,983.9,5286.0,5019.9,2547.0,1833.6,4279.0,5294.7,2314.8,2823.9,1736.5,1545.4,893.5,2621.6,963.2,1968.7,1526.4,3917.2,6903.8,5665.3,1345.2,1093.9
2026-10-06 02:30:00,732.2,145.2,1369.7,770.9,644.2,295.0,21.0,30.2,453.8,17.6,114.0,1824.9,5746.2,2022.7,1293.1,1004.6,89.0,132.0,1155.4,1748.8,482.7,977.8,5270.2,4994.4,2536.5,1827.3,4274.3,5286.3,2311.0,2826.6,1734.4,1547.7,889.4,2612.9,957.2,1969.0,1521.0,3920.2,6841.6,5557.6,1337.4,1089.8
2026-10-06 02:45:00,730.5,142.3,1373.6,775.4,645.1,296.5,23.8,29.7,458.5,18.9,103.8,1830.2,5843.4,2005.1,1300.7,1012.1,88.9,131.6,1158.3,1717.1,478.8,971.9,5291.8,5028.0,2527.2,1833.7,4271.5,5276.3,2309.5,2827.8,1732.6,1549.8,887.1,2601.2,957.9,1969.3,1520.9,3922.6,6831.0,5514.7,1337.8,1088.2
2026-10-06 03:00:00,751.2,134.0,1373.0,740.8,629.8,346.2,21.1,27.4,461.1,16.5,141.3,1841.9,5168.8,1949.8,1296.7,1018.1,90.4,131.3,982.2,1653.8,480.6,994.2,5322.4,5092.2,2511.4,1830.7,4344.9,5249.9,2298.9,2842.6,1730.4,1537.2,880.3,2603.6,957.9,1943.0,1523.3,3924.2,6699.8,5369.2,1340.8,1075.2
2026-10-06 03:15:00,733.6,133.9,1380.4,736.7,635.6,346.4,24.1,26.5,453.0,17.4,138.1,1854.3,5194.5,1884.2,1294.5,1017.7,90.5,130.6,990.5,1611.6,488.0,988.0,5334.3,5145.3,2507.5,1836.7,4342.4,5240.2,2298.0,2846.5,1729.8,1538.0,879.4,2597.6,957.6,1943.6,1523.0,3924.7,6688.6,5333.1,1331.1,1068.5
2026-10-06 03:30:00,733.9,136.9,1377.8,731.8,637.4,345.4,23.9,28.4,456.5,18.1,138.4,1859.2,5146.9,1851.7,1255.9,1014.5,90.7,130.1,989.4,1564.9,489.6,982.4,5347.7,5194.6,2502.1,1831.7,4340.9,5244.6,2294.6,2849.3,1728.6,1538.2,880.8,2589.6,958.6,1944.1,1524.9,3927.0,6680.4,5265.4,1335.4,1064.8
2026-10-06 03:45:00,736.9,150.9,1375.3,731.7,650.3,344.9,21.0,28.8,460.3,21.0,138.5,1860.7,5189.6,1840.6,1246.0,1023.6,90.8,129.4,994.9,1532.1,483.9,976.9,5363.5,5233.9,2495.0,1838.0,4342.8,5239.2,2296.8,2854.1,1728.9,1538.0,877.1,2579.0,959.2,1944.9,1527.9,3915.9,6679.5,5242.8,1328.7,1055.4
2026-10-06 04:00:00,756.9,148.3,1396.4,728.9,657.0,400.1,32.7,9.5,453.4,16.6,114.3,1843.3,4559.7,1712.5,1178.3,1029.2,102.8,78.7,984.6,1496.4,496.4,969.3,5433.0,5281.5,2498.7,1829.3,4191.8,5304.8,2299.0,2844.4,1731.9,1537.2,874.9,2513.8,969.6,1929.4,1540.3,3900.1,6707.9,5361.0,1331.6,1041.0
2026-10-06 04:15:00,762.6,134.3,1198.3,714.6,670.6,398.2,32.7,9.5,450.8,24.2,108.8,1815.6,4459.2,1651.5,1148.2,1041.8,92.9,78.1,983.8,1474.0,482.1,961.1,5468.6,5283.2,2505.4,1835.7,4193.2,5316.0,2299.9,2851.4,1740.1,1534.7,877.0,2503.0,965.5,1930.3,1539.4,3927.7,6717.3,5225.9,1340.0,1031.7
2026-10-06 04:30:00,774.2,134.1,1234.8,706.5,686.5,397.3,30.1,10.7,388.7,15.8,104.9,1834.0,4431.4,1613.9,1108.2,1026.0,92.7,57.5,984.8,1433.5,479.1,950.6,5518.9,5295.0,2511.1,1829.1,4200.3,5333.7,2301.7,2857.6,1734.8,1532.0,874.0,2499.0,969.7,1929.0,1540.6,3950.4,6731.9,5348.3,1338.7,1027.3
2026-10-06 04:45:00,791.3,141.3,1281.3,705.1,703.2,396.4,30.5,10.2,379.1,17.2,97.4,1829.7,4463.7,1606.8,1074.8,1021.0,92.4,56.9,986.5,1413.7,476.7,953.3,5576.3,5303.9,2518.3,1835.5,4203.6,5347.3,2304.2,2857.9,1734.6,1529.0,874.8,2492.0,973.7,1929.2,1541.7,3953.7,6739.6,5460.3,1348.2,1016.0
2026-10-06 05:00:00,827.7,134.1,1045.4,743.7,734.6,483.4,3.3,57.3,388.7,17.0,86.8,1798.7,4549.8,1617.8,1162.8,1008.6,0.0,114.4,893.1,1351.6,479.2,768.2,5922.6,5427.7,2558.0,1816.7,4315.2,5336.5,2308.3,2879.9,1747.8,1538.0,885.3,2573.4,980.4,1950.5,1553.7,3978.1,6851.2,5448.9,1384.1,985.6
2026-10-06 05:15:00,854.7,133.8,1107.3,749.9,762.2,482.6,1.4,57.3,393.2,17.0,88.9,1822.5,4398.8,1559.1,1106.4,1008.6,0.0,84.2,887.5,1342.4,463.0,921.2,5864.7,5550.0,2597.9,1823.1,4329.5,5395.4,2316.4,2881.5,1754.6,1536.6,891.5,2571.8,987.2,1953.7,1572.4,3983.6,6950.8,5443.2,1410.5,976.2
2026-10-06 05:30:00,875.3,178.4,1157.3,775.4,787.3,480.8,1.0,57.4,402.5,21.0,90.1,1831.8,4212.1,1513.8,1067.6,1013.2,0.0,84.2,893.9,1330.1,464.2,906.4,5811.7,5693.6,2637.6,1816.7,4350.5,5481.2,2323.5,2886.6,1756.2,1535.1,902.2,2564.6,997.2,1959.8,1603.9,3981.1,7078.5,5429.4,1449.7,964.0
2026-10-06 05:45:00,894.7,222.1,1203.9,783.5,813.1,482.0,1.4,57.4,415.7,32.0,94.7,1832.6,4110.1,1435.1,1003.1,1048.9,27.6,69.5,887.1,1356.6,434.3,905.0,5875.8,5916.4,2688.0,1822.0,4366.6,5560.0,2336.6,2880.5,1761.0,1534.1,913.6,2569.8,1008.7,1941.7,1643.5,3981.5,7220.0,5425.1,1494.6,954.4
2026-10-06 06:00:00,926.0,247.1,1255.5,898.7,842.2,587.8,5.1,26.3,434.3,25.4,91.0,1810.0,4642.3,1440.3,1052.3,1070.9,154.3,0.3,987.7,1421.4,461.6,902.0,5965.0,6084.8,2881.2,1834.4,4361.8,5865.8,2392.0,2867.9,1746.0,1663.9,935.7,2530.6,1034.1,2039.2,1722.4,4669.5,7627.5,4624.2,1621.9,973.6
2026-10-06 06:15:00,945.0,256.3,1282.5,897.1,869.3,589.5,4.2,26.3,448.2,38.0,99.2,1796.2,4153.1,1448.7,1120.4,1159.7,155.8,0.5,1004.8,1402.6,460.7,857.4,5934.9,6138.6,2961.5,1858.7,4393.4,5942.2,2410.4,2860.7,1752.1,1675.9,956.7,2578.5,1046.5,2040.0,1766.5,4733.5,7839.5,4849.6,1692.4,975.8
2026-10-06 06:30:00,960.5,258.0,1264.6,910.1,890.1,593.2,3.3,26.3,466.7,30.3,109.7,1778.4,4290.1,2183.6,1109.2,1140.0,155.1,0.4,1027.3,1381.8,477.5,837.0,6147.8,6384.0,3040.0,1856.6,4438.0,6048.6,2431.6,2865.4,1759.9,1674.1,981.5,2632.0,1057.5,2039.2,1803.5,4788.5,7966.2,5014.4,1749.7,961.0
2026-10-06 06:45:00,975.5,291.5,1286.6,965.9,911.8,596.4,4.1,31.5,494.9,35.2,122.4,1781.7,3556.0,1778.1,1144.5,1142.6,135.3,25.3,1041.5,1428.5,497.5,816.6,6145.4,6388.7,3117.4,1863.2,4476.8,6141.6,2462.6,2866.6,1765.8,1672.9,997.1,2682.6,1064.5,2026.1,1818.8,4815.3,8127.1,5223.4,1800.1,956.1
2026-10-06 07:00:00,981.4,292.8,1322.2,986.9,925.9,641.9,2.2,30.5,527.0,17.3,149.9,1834.7,3842.4,1850.7,1209.8,1154.7,141.9,15.7,1162.0,1431.7,528.8,800.9,6079.0,6307.2,3321.1,1809.3,4629.0,6107.3,2526.6,2893.8,1766.4,1667.4,1019.9,3006.1,1080.1,2108.9,1729.5,5461.2,8467.2,4854.6,1904.6,960.6
2026-10-06 07:15:00,995.9,309.1,1333.8,1006.6,946.0,643.9,3.1,31.6,549.0,24.9,137.6,1836.2,3817.2,1873.9,1257.1,1208.7,127.8,46.6,1155.6,1433.9,514.4,780.1,6098.6,6349.1,3378.1,1814.4,4658.4,6084.8,2551.3,2891.5,1774.2,1665.3,1038.3,3052.0,1078.8,2110.1,1728.3,5466.7,8534.7,4933.5,1928.4,985.3
2026-10-06 07:30:00,999.1,325.2,1330.5,1071.8,956.7,647.5,2.2,33.1,563.9,24.7,157.2,1838.8,3793.1,1966.4,1310.2,1205.4,169.2,15.0,1176.6,1432.1,511.7,764.1,6107.3,6252.1,3415.3,1812.5,4668.2,6249.9,2564.0,2895.2,1781.2,1663.1,1050.6,3080.0,1081.6,2147.9,1729.5,5454.0,8585.1,5026.8,1942.0,986.9
2026-10-06 07:45:00,993.3,387.5,1318.8,1039.8,962.8,653.5,2.2,32.6,583.4,24.0,156.2,1848.9,3755.1,1963.5,1343.4,1228.7,170.3,15.0,1196.0,1411.2,511.6,740.3,5898.3,6038.3,3453.2,1848.7,4629.0,6258.2,2585.7,2895.9,1794.0,1661.5,1055.4,3094.8,1083.5,2199.3,1739.4,5622.0,8649.2,4630.2,1964.0,976.4
2026-10-06 08:00:00,976.0,477.0,1299.3,1277.4,965.6,565.9,7.0,53.5,584.9,111.8,201.6,1804.6,4174.4,2026.1,1569.0,1417.7,25.5,81.4,1191.2,1484.2,514.2,743.1,5959.7,5825.1,3508.6,1836.9,4628.0,6287.6,2617.2,2860.7,1857.7,1933.3,1070.6,3197.9,1064.6,2239.4,1951.2,4645.7,8547.4,5775.9,1974.3,943.6
2026-10-06 08:15:00,977.3,476.3,1267.7,1471.2,968.1,635.3,4.8,54.4,590.8,87.0,205.1,1777.0,4414.1,2016.8,1590.0,1316.7,26.4,80.3,1189.5,1435.4,512.9,676.3,5923.6,6055.0,3519.2,1843.1,4628.8,6254.6,2627.8,2890.0,1906.2,1728.3,1072.8,3229.8,1073.5,2241.1,1960.0,4639.5,8595.0,5629.2,1990.5,902.7
2026-10-06 08:30:00,1002.5,476.5,1241.9,1434.6,961.4,658.7,4.1,52.4,610.5,37.2,210.7,1794.6,4474.0,2047.5,1585.8,1292.3,35.8,78.1,1185.8,1454.1,510.4,656.6,5915.0,6058.3,3520.0,1836.2,4627.2,6240.2,2629.9,2891.7,1908.5,1733.2,1081.8,3264.1,1074.3,2242.8,1960.5,4549.9,8568.1,5670.3,1988.8,900.8
2026-10-06 08:45:00,1018.5,489.6,1190.0,1430.3,955.0,681.9,4.1,58.5,604.8,29.4,212.5,1785.5,4709.4,1839.7,1559.9,1205.7,57.8,96.9,1225.7,1320.7,520.7,589.1,6110.5,6149.9,3513.9,1842.0,4627.6,6215.5,2637.9,2888.8,1911.7,1738.9,1090.0,3296.4,1081.0,2249.7,1954.0,4534.5,8530.0,5574.6,1974.6,895.3
2026-10-06 09:00:00,1000.6,506.9,1148.2,1320.1,946.3,681.5,13.3,81.8,574.6,116.3,188.1,1822.8,4921.9,2197.6,1502.6,1310.9,119.4,97.6,1419.4,1390.7,525.4,587.9,5993.6,6183.5,3512.7,1883.9,4807.6,6297.6,2619.3,2932.3,1915.1,1699.5,1090.8,3275.8,1082.8,2253.2,1943.6,4463.9,8374.0,5594.0,1913.9,929.1
2026-10-06 09:15:00,948.9,524.3,1107.1,1216.3,940.7,671.4,12.4,82.8,555.2,37.7,194.4,1799.2,5291.5,1649.4,1453.4,1233.8,61.5,129.3,1410.4,1363.7,521.6,526.2,5981.6,6183.9,3491.8,1871.9,4798.1,6282.4,2623.9,2927.8,1916.1,1698.1,1088.4,3281.8,1081.8,2232.3,1935.6,4516.8,8313.1,5555.0,1886.7,933.1
2026-10-06 09:30:00,980.6,555.9,1069.4,1076.1,930.7,690.4,12.5,83.8,539.4,32.3,194.7,1821.0,5560.3,1646.8,1454.4,1278.7,35.0,184.8,1414.9,1290.9,519.2,490.3,5975.8,6187.6,3479.9,1862.1,4788.1,6273.4,2618.7,2928.5,1915.3,1706.1,1088.3,3281.2,1082.7,2217.8,1925.2,4519.7,8271.3,5548.5,1862.6,941.5
2026-10-06 09:45:00,964.9,578.6,1028.9,1036.2,927.9,666.5,12.3,87.5,503.1,17.7,201.3,1819.2,5627.7,1680.9,1404.8,1264.3,36.4,186.6,1422.1,1243.0,559.5,455.7,5960.0,6192.1,3461.3,1831.6,4772.2,6131.9,2621.5,2927.9,1916.0,1714.8,1076.8,3272.7,1088.0,2212.9,1927.8,4525.7,8331.3,5573.5,1842.5,929.7
2026-10-06 10:00:00,922.9,608.7,992.3,1280.8,915.0,690.4,56.3,58.9,468.6,49.8,186.5,1925.8,5451.1,1726.5,1401.7,1335.5,163.4,94.1,1411.6,1299.5,547.8,475.9,5927.1,6223.4,3418.1,1876.3,4817.4,6165.1,2624.5,2941.4,1912.3,1761.8,1083.3,3280.8,1080.9,2204.4,1773.1,4509.8,8138.8,5160.7,1804.9,950.9
2026-10-06 10:15:00,892.2,623.8,974.2,1251.1,902.5,712.0,56.7,53.3,429.7,25.7,184.5,1912.3,5655.4,1668.4,1348.4,1350.7,164.4,30.0,1400.8,1279.1,541.2,434.2,5916.6,6242.0,3406.8,1863.0,4802.5,6155.2,2624.8,2939.9,1918.0,1766.9,1074.6,3272.9,1077.6,2211.1,1771.3,4523.8,8090.7,5033.7,1777.9,955.4
2026-10-06 10:30:00,884.7,644.7,954.2,1126.2,893.9,737.0,57.7,54.0,394.4,34.6,180.6,1977.2,5691.3,1674.0,1371.5,1306.0,150.4,40.2,1391.1,1304.0,533.7,419.7,5906.0,6247.8,3389.5,1850.1,4785.2,6132.5,2620.9,2939.5,1908.8,1770.3,1071.5,3270.5,1071.0,2222.0,1767.5,4538.8,8004.6,5023.3,1752.5,950.0
2026-10-06 10:45:00,871.4,665.2,923.8,1095.1,885.5,695.9,59.2,58.8,352.2,36.8,185.9,2038.7,5804.4,1589.1,1431.9,1282.2,162.5,30.0,1392.0,1278.4,550.0,403.3,5902.7,6254.6,3377.1,1855.1,4823.0,6042.0,2622.6,2939.4,1905.7,1770.1,1067.2,3265.3,1064.6,2239.7,1758.9,4457.9,7951.2,5045.2,1725.1,927.2
2026-10-06 11:00:00,862.3,687.2,1027.9,1181.5,907.3,746.1,5.2,50.4,315.9,33.6,199.8,2033.5,6022.6,1791.1,1438.9,1302.1,20.9,151.6,1404.1,1289.7,529.7,396.2,5941.9,6346.5,3354.1,1789.7,4802.6,5963.5,2618.7,2940.3,1938.2,1760.6,1076.5,3141.3,1060.1,2175.0,1899.0,4446.4,7876.6,5104.5,1722.3,950.9
2026-10-06 11:15:00,857.0,707.2,1014.6,1213.7,918.2,706.1,5.2,50.4,285.8,39.3,198.1,2067.1,6155.9,1859.8,1385.6,1371.2,20.9,156.9,1425.2,1268.2,526.5,362.0,5930.1,6357.2,3336.6,1604.5,4843.5,5447.3,2615.5,2941.1,1893.6,1774.3,1062.9,3138.6,1055.8,2122.9,1891.0,4389.8,7837.9,5040.9,1697.7,928.3
2026-10-06 11:30:00,848.3,762.2,1011.8,1167.7,924.8,717.5,7.6,50.0,269.6,32.1,204.3,2079.4,6729.7,1852.7,1350.9,1415.2,20.9,150.8,1415.4,1255.8,536.8,267.1,5922.3,6370.7,3325.2,1521.2,4826.4,5038.8,2611.4,2941.2,1894.0,1784.4,1086.8,3172.8,1051.9,2145.8,1885.9,4251.2,7806.5,5044.7,1675.2,923.7
2026-10-06 11:45:00,846.1,807.5,1007.9,1169.5,933.4,725.0,23.3,50.8,247.2,47.3,204.3,2092.1,6971.3,1867.7,1376.2,1432.9,11.8,158.1,1413.6,1233.1,548.0,263.3,5916.7,6380.9,3308.0,1519.1,4809.7,4800.5,2612.3,2942.6,1897.9,1789.9,1080.2,3148.0,1049.1,2081.0,1880.6,4197.9,7801.1,4992.4,1660.0,919.6
2026-10-06 12:00:00,851.6,824.9,1008.0,1233.7,983.6,552.3,7.7,61.6,259.6,45.5,187.7,2123.2,6923.8,2001.3,1263.8,1336.5,28.3,154.8,1416.9,1197.6,527.1,306.7,5852.7,6338.3,3288.3,1595.6,4579.8,4314.7,2597.5,2951.9,1891.3,1775.9,1086.8,3188.9,1046.1,2321.4,1880.9,4014.2,7861.4,5099.9,1578.4,907.6
2026-10-06 12:15:00,847.5,827.6,1003.5,1216.4,987.5,554.5,16.6,52.9,227.5,51.7,187.4,2140.4,8183.5,2009.7,1283.5,1344.7,21.3,165.6,1425.7,1188.2,526.9,291.4,5861.6,6348.0,3271.6,1601.0,4568.6,4365.4,2598.8,2953.8,1892.7,1775.5,1072.4,3175.7,1045.8,2321.4,1879.4,4013.6,7868.0,5108.8,1562.9,901.1
2026-10-06 12:30:00,837.3,765.0,1000.4,1232.2,989.0,556.3,23.4,61.6,214.0,65.1,208.1,2159.9,8033.1,2025.8,1285.3,1365.5,20.3,162.9,1429.6,1173.9,529.1,287.0,5845.9,6399.3,3263.9,1593.7,4569.4,4267.5,2595.5,2953.8,1892.5,1784.8,1067.1,3161.7,1046.1,2311.5,1881.4,4025.8,7899.4,5102.2,1558.5,892.6
2026-10-06 12:45:00,833.3,735.3,992.3,1239.4,990.8,557.4,23.4,61.4,208.6,56.2,234.6,2163.8,8064.2,2034.9,1304.2,1353.5,21.3,162.9,1430.9,1180.3,536.3,303.5,5834.9,6401.3,3254.0,1600.0,4560.8,4236.9,2595.1,2954.0,1899.6,1786.8,1063.9,3162.1,1049.3,2319.0,1886.7,4047.4,7914.5,5101.4,1555.9,888.4
2026-10-06 13:00:00,823.6,717.7,984.2,1193.3,953.0,562.8,23.4,54.9,219.4,56.1,212.4,2183.8,7973.9,1926.0,1330.0,1348.3,136.5,66.9,1547.1,1063.9,525.7,292.4,5822.7,6425.3,3213.6,1519.1,4687.1,4222.6,2591.9,2889.4,1894.8,1787.2,1049.4,3123.9,1046.1,2318.9,1743.4,3930.3,7819.6,5020.0,1560.2,874.5
2026-10-06 13:15:00,824.9,719.0,981.7,1166.3,949.2,575.4,23.2,54.1,212.7,56.2,203.7,2183.8,8008.3,1912.3,1345.4,1313.9,136.5,67.4,1541.0,1053.8,515.8,284.0,5829.5,6421.5,3210.4,1506.2,4690.7,4143.1,2593.2,2888.5,1894.8,1799.2,1048.8,3122.3,1050.1,2327.1,1747.7,3932.3,7888.5,5075.4,1564.9,891.5
2026-10-06 13:30:00,828.4,721.3,985.7,1141.8,945.2,573.1,23.2,53.7,213.4,58.9,197.5,2185.0,8191.7,1892.0,1337.5,1324.2,148.7,67.9,1545.1,1047.9,518.4,272.4,5844.4,6432.0,3202.3,1499.9,4693.0,4091.3,2590.7,2886.8,1894.7,1811.2,1052.4,3117.7,1049.5,2330.4,1748.1,3909.1,7802.4,5036.2,1568.9,873.7
2026-10-06 13:45:00,829.1,716.4,998.7,1136.3,940.8,616.7,7.0,53.2,216.1,61.1,193.0,2188.6,8193.8,1862.8,1332.1,1324.6,157.9,43.3,1549.1,1045.3,528.2,268.7,5853.7,6427.2,3201.3,1505.9,4684.0,4112.6,2593.4,2888.9,1895.1,1817.4,1044.8,3127.9,1046.2,2339.5,1745.1,3869.0,7797.7,5036.3,1572.4,875.6
2026-10-06 14:00:00,836.6,702.7,911.1,1148.4,942.3,565.6,23.0,57.9,206.8,69.9,183.2,2178.0,7804.2,1806.6,1286.8,1350.2,133.7,53.7,1517.1,1122.7,535.9,258.2,5860.4,6552.2,3202.2,1587.2,4561.8,4244.9,2586.6,2864.0,1908.2,1818.5,1053.4,3023.5,1040.8,2076.4,1746.8,4119.3,7669.9,4930.0,1591.0,845.2
2026-10-06 14:15:00,838.0,695.7,926.2,1147.6,917.6,557.2,6.9,57.3,213.7,73.5,179.9,2171.5,7598.8,1777.4,1305.8,1361.8,154.5,40.9,1510.0,1124.5,523.6,232.9,5693.8,6381.8,3205.5,1591.8,4565.0,4396.0,2587.8,2864.5,1911.1,1816.7,1050.2,3023.3,1039.2,2078.0,1742.3,4122.6,7639.0,4902.0,1602.6,859.4
2026-10-06 14:30:00,846.9,671.8,922.5,1109.1,895.6,617.8,5.5,58.0,227.0,71.8,161.2,2158.4,7620.5,1750.0,1213.9,1348.6,154.5,46.4,1498.1,1100.7,525.6,219.2,5700.2,6385.1,3207.3,1582.8,4563.6,4627.8,2587.4,2864.6,1909.0,1825.1,1056.3,3044.5,1038.6,2078.2,1737.5,4112.2,7649.1,4911.3,1622.1,863.3
2026-10-06 14:45:00,858.4,656.1,930.2,1202.4,895.9,593.6,3.8,56.3,235.2,72.0,157.6,2137.7,7419.8,1768.7,1201.8,1332.0,133.7,38.9,1503.9,1098.1,532.2,222.9,5704.6,6370.7,3210.9,1612.5,4567.9,5124.1,2591.4,2866.3,1909.7,1823.7,1034.7,3033.7,1038.8,2080.2,1733.2,4173.8,7668.2,4883.4,1635.2,850.7
2026-10-06 15:00:00,862.2,646.0,937.8,1320.1,877.4,588.3,3.9,68.4,257.7,76.4,155.3,2070.7,7566.5,1619.0,1317.0,1316.3,174.7,38.6,1251.9,1120.0,533.9,275.3,5803.9,6391.0,3222.4,1641.8,4403.9,5081.0,2593.5,2867.9,1930.1,1850.3,1059.5,3079.3,1041.7,2190.1,1741.2,4173.6,7802.5,4877.9,1662.7,841.6
2026-10-06 15:15:00,869.2,609.6,975.0,1380.8,881.3,592.1,2.1,69.1,278.3,78.8,151.7,2057.0,7383.5,1650.9,1191.0,1315.4,160.1,37.3,1234.0,1097.0,516.2,261.7,5818.4,6381.2,3224.8,1650.2,4399.5,5670.1,2594.7,2871.0,1932.6,1848.0,1038.3,3068.4,1044.4,2190.6,1742.1,4259.8,7798.3,4847.7,1689.0,828.3
2026-10-06 15:30:00,878.6,591.6,1016.1,1404.3,867.5,594.3,1.3,62.3,281.5,62.4,137.7,2016.2,6448.0,1566.8,1070.7,1263.6,180.3,36.2,1237.5,1063.9,523.9,244.7,5827.1,6535.9,3239.9,1647.5,4416.7,5927.4,2592.9,2868.3,1935.9,1862.3,1053.4,3071.5,1045.1,2190.3,1746.0,4198.7,7836.7,4858.6,1715.1,813.9
2026-10-06 15:45:00,892.2,536.1,1036.5,1408.3,857.9,571.7,1.1,73.3,275.7,82.7,132.0,2008.4,5838.4,1498.9,987.2,1240.4,185.8,35.3,1244.7,1078.2,532.6,274.6,5854.2,6523.6,3257.1,1653.7,4342.4,5891.1,2597.8,2853.2,1925.5,1930.4,1052.0,3059.2,1046.9,2192.1,1751.4,4271.2,7827.0,4845.6,1738.7,802.5
2026-10-06 16:00:00,920.1,506.0,1078.9,1398.5,845.0,717.2,53.2,62.8,282.6,77.6,154.0,1945.9,6254.8,1514.2,1215.2,1478.5,154.3,17.7,1177.9,1075.6,557.9,252.4,5939.1,6638.1,3293.0,1870.9,4681.1,6059.5,2618.9,2810.2,1886.9,2052.9,1061.0,3042.9,1055.5,2147.9,1904.0,4271.8,7930.0,4891.0,1766.0,787.7
2026-10-06 16:15:00,1006.6,470.6,1123.3,1437.5,841.4,697.1,35.9,59.7,294.3,80.8,152.8,1925.3,5779.2,1514.6,1240.3,1440.0,219.6,15.5,1171.1,1061.7,539.8,247.2,5888.4,6155.1,3315.0,1878.4,4706.7,6222.4,2621.0,2782.1,1862.6,2151.4,1071.8,3055.4,1059.4,2057.3,1740.1,4649.3,7952.5,4916.5,1800.9,774.4
2026-10-06 16:30:00,1022.7,486.7,1163.5,1409.2,847.7,661.3,32.9,67.9,307.4,68.8,165.4,1880.0,5469.6,1550.0,1326.1,1411.0,221.1,15.3,1188.6,1045.6,550.3,250.6,5986.6,6212.9,3327.1,1920.0,4728.8,6471.1,2618.2,2779.3,1849.6,2378.2,1086.6,3118.9,1076.6,2033.6,1755.4,4570.3,8051.7,4884.6,1837.1,760.9
2026-10-06 16:45:00,1032.4,493.4,1210.7,1404.8,856.4,612.8,32.9,72.6,319.1,55.9,177.8,1862.3,4956.5,1769.8,1407.0,1403.2,179.4,33.7,1200.1,1138.4,548.8,279.2,6001.9,6208.1,3339.7,1945.1,4738.7,6702.6,2619.7,2777.7,1851.9,2432.8,1075.6,3194.2,1080.9,2032.2,1757.3,4577.9,8154.4,4839.3,1875.8,745.7
2026-10-06 17:00:00,1054.4,508.4,1256.9,1367.8,869.5,675.3,42.5,59.4,330.0,34.8,216.0,1819.5,5985.7,1487.7,1541.2,1380.4,219.8,35.1,1308.2,1093.6,596.4,252.1,6142.1,6239.9,3357.8,1866.9,4803.7,6797.9,2621.0,2720.4,1853.9,2460.5,1095.6,3263.2,1085.7,2068.6,1774.0,4662.7,8354.0,4881.7,1952.9,766.2
2026-10-06 17:15:00,1063.1,517.1,1292.9,1350.2,876.2,662.4,38.0,53.5,355.0,40.4,208.2,1804.3,5133.0,1333.7,1687.5,1370.9,207.6,35.1,1298.9,1200.7,596.6,256.4,6158.9,6236.6,3369.2,1951.4,4820.6,7149.1,2620.8,2723.4,1851.2,2571.0,1094.6,3397.2,1092.9,2067.1,1782.1,4528.4,8432.2,4860.6,1982.6,754.8
2026-10-06 17:30:00,982.3,436.3,1329.3,1328.8,885.4,645.6,39.1,47.9,391.4,31.3,217.4,1784.0,4210.4,1191.0,1767.2,1360.1,225.0,35.1,1297.4,1204.6,608.7,256.7,6185.1,6352.8,3376.4,1941.1,4836.4,7354.8,2615.5,2718.6,1851.5,2580.9,1094.3,3476.8,1081.8,2182.2,1956.7,4304.6,8512.9,4845.1,2017.2,744.8
2026-10-06 17:45:00,1006.5,460.5,1358.5,1365.8,893.0,677.6,39.4,47.5,418.8,39.1,221.0,1828.9,4358.1,1179.3,1850.2,1450.9,154.4,35.1,1305.0,1272.2,613.8,316.7,6224.9,6574.8,3397.3,1949.0,4851.0,7406.1,2616.8,2712.4,1852.2,2575.3,1095.4,3501.8,1081.8,2181.5,1960.8,3935.9,8599.4,4895.6,2045.2,733.3
2026-10-06 18:00:00,1020.0,468.0,1384.4,1468.6,899.3,931.9,21.0,36.4,457.9,40.8,296.1,1839.1,4589.3,1068.1,1936.6,1425.2,214.4,35.1,1308.8,1278.2,648.0,333.5,6535.1,6725.4,3408.3,1941.1,4795.7,7521.9,2618.1,2695.8,1815.4,2513.4,1100.1,3527.8,1081.2,2545.3,1970.4,3510.9,8704.4,5040.7,2076.1,720.7
2026-10-06 18:15:00,1025.9,472.9,1398.4,1441.5,906.9,926.4,19.7,38.7,472.8,56.9,299.8,1814.7,4547.0,1197.0,1956.7,1455.4,212.9,35.1,1287.0,1296.6,627.4,331.2,6560.5,7166.1,3425.4,1948.4,4807.9,7579.9,2622.6,2689.4,1813.0,2330.1,1100.2,3585.5,1082.3,2547.1,1973.7,3203.3,8712.0,5113.3,2081.2,715.5
2026-10-06 18:30:00,1026.4,474.4,1430.3,1616.7,911.9,936.6,19.7,57.8,478.1,132.4,322.1,1823.7,4399.2,1379.2,1941.2,1571.7,186.8,35.1,1290.5,1376.5,619.8,357.0,6583.9,6825.2,3445.8,1942.2,4827.3,7563.9,2619.5,2686.4,1811.9,2546.1,1103.3,3529.0,1083.6,2546.5,1972.1,3505.4,8761.8,5028.3,2102.7,718.0
2026-10-06 18:45:00,1023.3,476.3,1429.1,1575.3,910.9,939.5,19.7,57.8,477.4,129.4,320.7,1855.3,4402.9,1344.4,1953.7,1570.4,156.0,35.0,1279.1,1374.1,622.4,377.3,6591.6,7170.8,3462.6,1948.6,4839.3,7615.3,2624.2,2678.0,1816.1,2446.5,1101.5,3571.0,1082.2,2546.5,1981.6,3253.3,8780.0,5082.2,2107.7,710.1
2026-10-06 19:00:00,1022.9,519.9,1426.7,1677.8,910.3,876.3,18.6,34.0,496.2,129.5,343.4,1871.5,4439.1,1357.4,1993.6,1558.8,224.9,35.2,1254.9,1392.3,605.4,389.3,6532.7,6626.4,3504.5,1920.8,4875.0,7539.3,2622.5,2663.2,1830.0,3002.0,1116.2,3509.0,1085.5,2257.5,1979.2,3725.5,8786.2,5200.0,2139.4,746.5
2026-10-06 19:15:00,1018.4,518.4,1411.3,1670.0,904.3,884.3,18.6,34.0,495.8,131.4,342.6,1880.9,4417.0,1244.3,1977.9,1578.2,224.9,35.2,1256.1,1374.2,602.1,376.3,6514.4,6657.0,3512.8,1927.0,4897.0,7564.1,2626.6,2656.0,1830.5,2996.1,1120.2,3522.2,1088.3,2257.9,1982.7,3627.1,8804.1,5206.9,2148.8,739.1
2026-10-06 19:30:00,1014.6,506.6,1392.8,1652.0,895.5,883.5,18.6,35.6,492.4,132.6,348.6,1910.3,4408.6,1320.7,1935.2,1556.9,215.4,35.2,1254.2,1372.8,598.0,374.1,6486.3,6667.0,3514.9,1920.9,4911.1,7601.7,2624.4,2648.5,1832.1,2972.9,1122.5,3542.9,1086.1,2292.2,1982.7,3468.8,8788.4,5174.8,2155.2,733.6
2026-10-06 19:45:00,1004.4,498.4,1367.3,1636.2,883.7,869.7,18.6,36.7,490.9,130.2,348.1,1894.7,4452.2,1504.5,1927.6,1529.0,255.9,35.1,1252.8,1359.2,603.8,340.5,6449.6,6624.3,3517.4,1926.1,4909.6,7582.2,2628.5,2645.0,1829.9,3004.1,1122.0,3529.3,1084.8,2259.0,1979.3,3761.9,8748.2,5124.2,2143.9,728.2
2026-10-06 20:00:00,990.6,462.6,1328.7,1624.1,864.9,830.0,27.2,90.2,471.2,121.5,239.6,1945.5,4110.1,1436.2,1719.6,1498.7,211.5,45.1,1279.0,1244.8,589.8,335.4,6354.6,6550.7,3506.4,1961.9,5022.7,7562.3,2636.1,2615.8,1826.8,2999.7,1128.1,3584.7,1072.0,2266.7,1961.3,3712.7,8615.8,4978.1,2118.1,679.5
2026-10-06 20:15:00,980.7,451.7,1299.4,1609.9,854.0,819.1,27.7,77.4,481.0,25.9,232.7,1926.1,4213.8,1312.8,1713.2,1379.6,240.4,45.0,1272.8,1206.0,588.5,299.2,6308.4,6532.3,3492.7,1967.8,5017.0,7544.6,2633.4,2612.4,1826.1,2986.7,1125.9,3580.4,1070.0,2267.7,1951.3,3820.8,8550.5,4847.9,2093.5,674.1
2026-10-06 20:30:00,967.1,439.1,1264.3,1398.2,838.0,817.1,27.7,71.9,473.9,26.0,210.9,1912.3,4245.7,1241.0,1694.4,1335.3,221.8,45.0,1282.2,1200.5,584.2,301.2,6260.3,6718.3,3491.4,1959.7,5021.4,7628.0,2627.4,2606.6,1828.4,2883.6,1122.2,3636.0,1067.0,2268.8,1943.3,3287.2,8476.9,4907.4,2073.5,671.1
2026-10-06 20:45:00,953.8,425.8,1226.8,1365.1,826.4,819.1,27.7,70.5,467.6,25.9,205.3,1910.8,4237.4,1149.2,1666.5,1318.4,223.0,45.0,1285.8,1185.1,589.7,289.9,6209.4,6396.3,3474.0,1965.6,5022.8,7554.2,2623.1,2606.5,1823.6,2979.9,1119.2,3581.5,1063.6,2269.8,1932.4,3827.0,8396.2,4872.7,2047.1,667.8
2026-10-06 21:00:00,935.5,404.5,1173.7,1052.5,810.8,724.7,27.5,62.8,460.5,35.1,208.3,1826.2,4034.3,1028.8,1599.4,1327.0,156.7,45.1,1183.9,1122.1,589.5,356.3,6160.3,6541.4,3423.1,1943.8,4979.7,7639.8,2619.6,2572.7,1810.4,2872.2,1109.0,3678.9,1061.4,2245.6,1827.7,3269.9,8278.6,4781.8,1979.6,660.7
2026-10-06 21:15:00,917.8,383.8,1139.8,1046.6,795.2,702.5,27.6,57.2,453.1,29.0,202.7,1832.1,4013.2,1020.0,1580.2,1302.9,206.7,45.0,1177.1,1085.6,580.0,349.7,6181.3,6328.6,3404.9,1948.6,4969.4,7552.7,2612.8,2570.8,1808.3,2967.3,1098.2,3614.8,1054.9,2243.2,1813.1,3855.9,8186.5,4748.1,1955.2,653.8
2026-10-06 21:30:00,898.1,365.1,1100.0,1025.0,777.0,702.9,27.0,56.7,444.7,39.5,189.3,1845.1,4004.4,1036.3,1606.1,1306.4,189.9,45.1,1169.5,1095.9,565.2,342.5,6160.6,6317.3,3386.8,1940.4,4962.6,7535.8,2605.4,2568.0,1807.8,2975.0,1094.5,3601.1,1046.7,2222.4,1800.7,3922.2,8097.0,4588.5,1942.8,649.3
2026-10-06 21:45:00,876.6,347.6,1063.3,1017.5,759.9,702.7,29.4,57.1,436.1,28.5,183.9,1842.7,4170.6,1040.7,1582.4,1275.3,235.0,45.0,1191.8,1074.9,572.8,323.8,6137.7,5967.3,3363.1,1945.3,4949.2,7444.6,2599.8,2571.4,1805.4,2971.6,1083.8,3550.2,1051.6,2107.1,1786.4,4360.3,8016.3,4563.2,1919.4,643.9
2026-10-06 22:00:00,852.3,321.3,1024.8,997.6,740.3,542.9,12.0,47.4,399.1,29.8,111.0,1796.6,3903.3,1073.1,1488.0,1316.7,202.2,0.0,1086.8,1032.9,509.0,394.4,6039.5,5891.3,3312.9,1975.8,4902.7,7263.0,2586.0,2521.4,1770.1,2910.3,1082.4,3555.5,1032.5,2065.4,1772.5,4406.0,7894.3,4493.3,1898.0,625.6
2026-10-06 22:15:00,855.3,312.3,996.4,993.2,723.2,543.2,14.7,46.4,397.3,29.8,105.6,1810.5,4004.8,1075.8,1460.3,1334.1,214.0,0.0,1079.2,1083.3,497.6,398.9,6004.8,5859.6,3279.3,1969.1,4880.6,7155.5,2579.1,2521.5,1763.9,2900.7,1088.8,3525.8,1028.4,2064.7,1758.4,4396.0,7804.9,4454.6,1867.2,617.8
2026-10-06 22:30:00,861.2,317.2,973.3,978.5,704.5,542.5,14.7,48.8,390.7,33.9,95.5,1818.7,4815.0,1108.3,1468.7,1364.7,195.5,0.2,1070.8,1094.9,493.3,420.3,5963.2,5798.4,3252.2,1910.1,4861.9,7090.6,2567.7,2517.3,1761.7,2885.6,1078.9,3489.4,1021.5,2063.9,1746.5,4387.8,7721.0,4445.3,1847.1,613.5
2026-10-06 22:45:00,845.5,301.5,957.2,965.9,687.3,539.8,15.3,48.5,384.9,33.5,94.0,1819.3,4932.1,1137.7,1434.4,1367.7,197.3,0.2,1084.1,1083.5,499.6,421.2,5938.2,5739.0,3226.0,1878.3,4836.4,7065.7,2560.7,2515.0,1758.7,2868.3,1066.6,3472.5,1016.7,2063.7,1735.6,4437.1,7727.8,4402.7,1823.0,606.4
2026-10-06 23:00:00,836.2,286.2,932.4,952.1,669.7,487.7,14.9,36.5,381.4,30.9,115.4,1831.6,4497.4,998.1,1348.3,1300.8,163.1,0.3,1038.2,892.7,472.7,446.0,5826.7,5576.1,3148.9,1954.1,4828.0,7048.6,2532.9,2520.2,1729.4,2870.5,1024.4,3346.6,1021.7,2058.3,1722.2,4385.1,7540.4,4334.2,1784.3,599.2
2026-10-06 23:15:00,829.3,279.3,921.0,911.8,655.5,486.9,14.8,31.3,371.6,32.2,108.9,1838.4,5061.6,1000.0,1306.8,1310.5,173.4,0.3,1032.5,898.4,471.1,449.6,5829.6,5582.1,3107.0,1958.6,4799.0,6986.2,2521.4,2521.1,1723.7,2858.9,1014.2,3321.6,1016.8,2058.6,1710.2,4370.4,7507.9,4290.2,1759.6,594.1
2026-10-06 23:30:00,827.0,279.0,907.4,915.4,641.0,482.4,14.8,28.7,367.7,37.3,111.7,1847.8,5125.5,1008.8,1295.9,1326.7,177.2,0.4,1030.4,887.7,470.1,460.8,5819.0,5581.6,3066.5,1945.4,4782.8,6927.1,2506.9,2518.9,1713.8,2831.5,1003.1,3290.3,1010.1,2058.2,1698.9,4351.5,7461.9,4260.1,1746.0,583.2
2026-10-06 23:45:00,825.4,278.4,896.6,907.3,629.2,483.1,14.7,38.7,423.1,40.3,104.9,1858.9,5340.6,1014.5,1294.7,1350.8,175.8,0.4,1029.3,884.7,478.9,456.5,5797.6,5584.1,3030.9,1877.2,4763.0,6864.2,2497.5,2526.4,1711.7,2800.0,995.3,3255.2,1003.3,2058.0,1687.1,4329.0,7393.6,4279.5,1721.5,572.4
2026-10-07 00:00:00,808.6,248.6,897.2,801.0,605.3,498.7,16.0,29.7,276.3,32.3,105.5,1951.0,4860.2,1405.8,1169.4,1143.1,176.8,61.0,1056.3,792.7,481.2,553.3,5723.8,5770.3,2922.9,1848.9,4695.1,6359.7,2446.0,2565.8,1661.8,3073.4,998.6,3561.0,1040.0,1766.7,1750.6,4088.4,7419.5,4263.9,1703.7,526.5
2026-10-07 00:15:00,791.5,230.5,892.1,791.5,603.2,497.8,16.2,32.0,269.8,23.1,101.7,1953.4,4852.8,861.6,1189.2,1170.4,175.4,61.0,1053.0,771.1,485.8,553.9,5633.7,5699.0,2888.5,1846.6,4688.0,6364.6,2437.7,2563.1,1656.3,3069.3,988.3,3556.0,1033.7,1760.0,1747.6,4081.3,7432.2,4237.9,1701.7,515.3
2026-10-07 00:30:00,786.1,218.0,883.9,784.9,599.1,496.8,16.0,22.3,272.2,9.4,100.2,1930.1,4856.9,865.1,1174.5,1152.9,176.2,61.0,1064.3,759.0,487.1,556.5,5620.5,5692.9,2864.3,1843.8,4678.4,6343.0,2427.8,2563.2,1655.8,3062.7,981.2,3538.9,1028.7,1753.7,1744.0,4075.3,7369.1,4211.4,1689.3,504.5
2026-10-07 00:45:00,779.2,219.0,880.7,777.5,596.1,479.3,16.0,21.9,265.3,12.7,81.7,1933.6,5150.3,867.1,1176.1,1150.2,186.8,61.1,1080.3,753.7,495.9,555.7,5621.6,5703.0,2844.0,1841.5,4671.2,6237.5,2417.1,2567.4,1651.9,3053.2,972.0,3476.4,1018.4,1748.6,1735.6,4066.0,7333.9,4185.5,1690.9,489.5
2026-10-07 01:00:00,785.1,213.8,990.2,766.2,606.0,477.7,16.0,19.4,300.7,8.4,84.3,1942.2,4807.7,840.6,1136.4,1170.9,192.5,60.7,1068.8,754.0,501.9,563.2,5647.9,5784.6,2799.0,1779.4,4679.2,6182.7,2407.0,2560.6,1627.1,3041.4,958.3,3404.7,1020.2,1729.3,1743.9,4063.2,7253.1,4121.4,1673.5,480.1
2026-10-07 01:15:00,863.5,295.2,985.7,751.6,602.9,475.0,16.0,20.7,300.8,8.6,83.8,1938.2,5034.6,857.6,1128.2,1164.2,193.4,60.7,1065.1,751.6,498.3,565.8,5656.1,5875.5,2781.6,1774.6,4674.0,5907.3,2405.0,2563.9,1624.2,3031.5,955.0,3267.7,1012.4,1725.1,1737.1,4057.0,7236.4,4093.3,1670.5,470.4
2026-10-07 01:30:00,858.1,286.8,979.8,739.2,601.6,473.3,16.0,20.8,304.5,8.0,82.4,1947.2,5080.7,878.1,1121.0,1162.9,174.2,60.8,1070.8,746.2,504.0,562.7,5631.3,5918.0,2769.4,1772.4,4674.7,5685.8,2401.4,2558.5,1623.7,3026.2,952.4,3165.3,1016.0,1719.3,1735.9,4046.2,7203.8,4070.8,1659.6,459.9
2026-10-07 01:45:00,831.6,261.3,975.1,727.5,607.4,468.8,18.7,18.7,317.9,9.2,76.6,1948.4,5105.0,864.6,1109.7,1162.6,174.9,60.8,1082.6,734.4,512.7,562.5,5610.8,5938.7,2753.8,1770.8,4671.5,5627.2,2398.4,2557.8,1626.7,3013.6,947.3,3141.6,1013.7,1711.9,1738.3,4032.9,7165.3,4044.6,1658.3,450.9
2026-10-07 02:00:00,773.2,208.7,974.0,741.7,637.4,466.7,1.0,33.4,330.4,14.0,161.9,1862.8,5044.3,844.4,1123.6,1140.9,115.8,63.9,1052.1,727.0,508.3,568.2,5426.2,5859.8,2722.7,1772.6,4658.8,5610.5,2392.6,2513.2,1608.7,3000.6,942.2,3140.4,1014.5,1720.3,1740.1,4005.5,7048.4,3877.5,1656.9,434.5
2026-10-07 02:15:00,773.2,208.3,971.5,726.3,636.5,455.6,2.9,35.2,400.1,14.0,152.1,1864.9,5116.3,848.7,1103.5,1144.6,116.5,64.0,1068.0,721.8,503.2,563.9,5417.1,5899.7,2716.1,1771.2,4656.4,5603.4,2390.6,2510.1,1607.1,2990.5,939.2,3142.6,1011.9,1709.5,1740.0,3994.1,7037.3,3850.7,1660.2,429.4
2026-10-07 02:30:00,769.8,202.7,971.7,712.6,637.7,451.7,3.7,35.7,403.0,14.1,152.7,1857.1,5210.3,854.2,1129.8,1157.6,117.4,64.0,1090.7,721.0,504.7,563.5,5644.6,6156.7,2708.0,1769.7,4653.8,5596.5,2388.2,2504.5,1606.8,2988.0,936.4,3143.6,1005.5,1695.1,1738.4,3982.4,7024.1,3825.8,1654.1,426.7
2026-10-07 02:45:00,772.0,199.7,976.8,698.6,641.2,445.9,3.7,36.4,407.0,15.6,153.5,1859.3,5278.9,862.3,1139.7,1161.3,118.2,64.0,1080.2,719.8,501.6,565.0,5364.9,5911.5,2701.0,1767.5,4652.8,5609.6,2386.4,2495.2,1604.6,2997.3,933.8,3154.2,1007.2,1677.4,1738.8,3970.2,7004.5,3815.1,1657.7,420.4
2026-10-07 03:00:00,846.0,264.7,984.9,678.0,648.0,587.9,14.0,22.0,411.1,1.6,93.5,1889.0,5231.9,967.7,1127.4,1154.6,167.7,61.0,1082.3,763.9,489.9,560.0,5348.8,5908.8,2685.6,1703.8,4657.8,5588.9,2383.4,2452.6,1607.3,3039.4,926.3,3250.0,1008.3,1631.0,1745.6,3966.0,7040.3,3790.5,1668.4,440.5
2026-10-07 03:15:00,847.3,266.1,994.3,669.9,654.2,587.2,16.7,22.4,405.1,6.3,91.4,1870.4,6026.0,972.9,1141.9,1179.1,168.0,61.0,1069.4,765.8,475.4,561.5,5330.1,5886.8,2681.5,1740.4,4659.0,5772.6,2390.5,2427.7,1605.3,3022.3,925.7,3409.2,1010.1,1614.1,1750.7,3937.1,7016.3,3769.2,1660.4,430.9
2026-10-07 03:30:00,850.9,264.9,1004.8,656.7,660.0,587.0,16.7,22.9,409.6,3.8,92.7,1871.8,6059.2,982.4,1129.5,1176.2,168.1,61.0,1070.9,763.9,477.4,563.3,5327.8,5873.5,2680.4,1732.8,4656.8,5757.6,2379.8,2422.7,1606.8,3029.4,924.3,3392.8,1011.3,1601.9,1750.4,3975.5,6977.8,3741.9,1664.7,425.2
2026-10-07 03:45:00,842.4,261.4,1015.1,648.5,660.4,587.9,16.8,22.7,414.0,5.5,91.4,1871.9,5995.8,997.5,1124.4,1176.8,168.7,61.1,1070.3,764.5,471.3,563.6,5333.2,5841.6,2682.9,1737.1,4660.0,5778.4,2388.2,2408.3,1606.2,3020.9,921.9,3411.9,1012.0,1594.9,1742.4,4036.8,6962.9,3715.1,1662.0,425.0
2026-10-07 04:00:00,851.4,273.6,937.9,630.7,615.5,646.6,10.8,19.0,408.3,4.0,193.2,1863.7,5979.6,975.6,1134.5,1158.4,188.2,60.9,1055.0,849.1,465.1,577.5,5481.0,5793.1,2668.7,1724.3,4676.3,5801.0,2396.2,2329.8,1608.4,2971.7,919.3,3316.7,1004.2,1751.5,1748.8,4276.1,6977.6,3670.4,1682.6,421.4
2026-10-07 04:15:00,859.2,281.3,963.3,616.5,628.1,651.0,8.0,19.3,399.4,6.8,207.7,1854.0,5825.9,975.2,1132.0,1157.0,188.2,61.0,1032.5,856.5,451.4,581.0,5494.4,5781.2,2680.8,1723.7,4680.0,5901.3,2399.0,2314.4,1616.4,2986.0,921.6,3372.8,1006.9,1752.0,1752.4,4292.8,6985.8,3638.9,1697.3,413.0
2026-10-07 04:30:00,810.5,232.6,1000.0,607.1,642.7,652.2,8.0,20.6,400.6,4.0,215.2,1853.1,5688.1,979.0,1039.5,1154.8,207.9,61.0,998.0,849.9,450.4,583.5,5534.9,5876.9,2687.1,1722.7,4681.7,6035.6,2397.9,2299.6,1611.4,2988.1,921.2,3443.6,1012.5,1752.9,1756.9,4279.4,7018.2,3606.1,1701.8,410.8
2026-10-07 04:45:00,817.1,231.1,1041.2,597.4,659.1,652.9,8.0,21.2,381.8,4.0,179.6,1862.9,5504.1,983.3,1030.1,1157.0,205.6,60.9,994.0,861.3,452.8,589.1,5581.3,5974.8,2697.5,1721.2,4687.5,6127.5,2399.5,2284.0,1610.1,2992.2,922.4,3495.9,1017.1,1763.3,1760.3,4266.3,7053.3,3571.9,1720.9,407.9
2026-10-07 05:00:00,837.2,272.2,1119.0,600.5,692.3,721.3,1.0,27.8,339.0,10.6,125.0,1823.5,5921.5,937.6,1061.2,1196.5,146.7,61.5,1026.3,1035.6,473.2,598.3,5957.2,5955.5,2753.2,1697.8,4655.2,5845.4,2408.4,2216.5,1627.6,3034.4,934.7,3468.7,1019.4,2014.5,1752.8,4253.2,7169.1,3574.9,1762.8,422.4
2026-10-07 05:15:00,863.9,299.0,1175.2,587.5,712.2,732.2,1.0,29.5,336.4,10.0,100.9,1836.6,4875.6,940.5,1050.2,1192.3,188.4,61.8,1039.2,1033.0,475.3,605.2,6015.8,5892.5,2794.1,1686.4,4671.2,5794.8,2411.4,2222.6,1632.8,3072.1,942.1,3433.2,1026.9,2048.8,1764.7,4373.7,7256.5,3548.1,1798.4,410.2
2026-10-07 05:30:00,894.3,330.5,1227.0,577.5,730.8,749.6,1.0,35.4,348.8,8.0,131.0,1832.4,4877.0,933.6,1009.3,1195.8,185.3,61.9,1051.1,1038.5,483.8,599.3,6082.8,5859.5,2832.4,1699.8,4692.6,6330.9,2414.2,2203.9,1639.5,3096.7,948.3,3687.5,1035.8,2158.5,1781.1,4370.8,7392.6,3537.5,1840.1,405.4
2026-10-07 05:45:00,920.6,354.9,1269.7,568.2,756.2,751.3,1.0,35.3,360.3,15.6,138.2,1828.4,4346.0,934.2,1015.9,1221.4,193.8,62.3,1060.0,1054.7,487.4,604.8,6140.2,5833.1,2881.9,1809.9,4712.4,6852.4,2422.0,2186.3,1641.5,3126.5,960.8,3961.2,1043.7,2156.8,1801.4,4348.9,7540.9,3602.6,1883.4,398.6
2026-10-07 06:00:00,947.7,375.1,1328.1,656.6,795.5,830.5,12.0,26.8,379.7,2.0,179.9,1878.6,4878.2,1139.5,1081.0,1239.8,254.3,61.0,1464.0,1108.8,528.4,557.7,6390.2,6065.3,3042.5,1738.0,4698.8,7135.9,2478.3,2127.7,1692.6,3153.7,960.1,4304.4,1046.6,2398.2,1713.6,4290.5,7909.8,3636.7,2025.4,378.3
2026-10-07 06:15:00,966.6,403.5,1351.9,638.1,818.5,844.5,12.0,28.0,388.8,43.6,171.7,1874.3,4629.5,1229.5,1093.0,1262.3,222.9,61.3,1454.9,1195.9,530.6,567.0,6247.7,6118.7,3118.8,1736.3,4745.8,7280.2,2500.1,2128.3,1700.5,3151.6,965.6,4364.2,1060.1,2403.0,1745.6,4238.4,8092.5,3637.7,2090.3,371.7
2026-10-07 06:30:00,980.3,416.5,1368.7,817.4,829.4,856.4,12.1,28.1,407.0,79.8,193.1,1872.0,4302.5,1920.5,1073.4,1254.9,226.9,61.5,1470.0,1196.0,543.8,569.2,6216.9,6148.2,3191.6,1758.7,4795.8,7375.2,2519.0,2120.5,1709.9,3166.2,989.2,4413.4,1078.9,2401.5,1782.5,4282.9,8288.7,3728.9,2147.4,361.9
2026-10-07 06:45:00,978.7,416.1,1368.4,799.5,846.7,872.7,12.0,33.4,436.2,80.7,214.4,1871.2,4219.4,2191.5,1087.0,1329.3,230.9,61.7,1473.9,1218.7,555.2,566.7,6212.6,6215.2,3272.6,1756.5,4840.9,7488.5,2552.4,2103.9,1717.2,3161.2,974.6,4453.0,1090.5,2417.6,1811.5,4298.9,8458.9,3877.3,2206.0,362.4
2026-10-07 07:00:00,984.4,424.9,1389.9,775.7,867.9,822.1,2.0,35.3,471.1,75.3,513.8,1905.0,4369.3,2092.5,1174.0,1355.8,265.7,62.4,1584.3,1273.7,594.3,568.5,6308.0,6464.0,3487.0,1738.5,4511.1,7810.5,2628.3,2053.0,1722.8,3160.2,1038.1,4354.7,1089.5,2788.8,1845.3,4028.3,8804.1,3675.3,2324.2,407.6
2026-10-07 07:15:00,978.5,432.1,1396.8,759.5,887.3,860.4,2.0,37.4,488.6,79.7,522.8,1903.4,3958.7,1824.9,1219.9,1404.7,261.4,62.9,1590.9,1257.6,599.4,583.0,6304.0,6434.5,3545.7,1742.3,4541.0,7887.4,2652.1,2051.0,1732.7,3155.9,1058.4,4410.6,1089.1,2790.2,1861.0,4049.2,8886.0,3771.5,2362.5,392.1
2026-10-07 07:30:00,970.1,444.4,1370.6,745.2,901.9,932.1,2.1,36.3,500.2,82.1,541.7,1897.1,3959.2,1916.4,1281.4,1393.1,258.4,63.2,1613.5,1260.8,603.9,584.1,6315.5,6382.9,3584.6,1744.0,4555.6,7929.7,2667.2,2039.7,1739.8,3300.2,1074.5,4426.7,1089.1,2790.7,1864.9,4007.3,8943.8,3796.8,2382.1,357.3
2026-10-07 07:45:00,965.7,462.6,1326.2,735.2,924.9,933.7,2.0,37.1,517.0,73.6,522.8,1896.5,4178.4,1988.1,1314.2,1346.0,256.5,63.3,1653.6,1260.6,616.6,566.3,6301.7,6415.4,3629.2,1785.0,4562.1,7937.1,2691.6,2014.9,1752.4,3302.7,1087.0,4473.3,1088.7,2790.8,1865.9,4034.9,8999.9,3747.6,2405.7,347.4
2026-10-07 08:00:00,937.6,538.0,1267.3,516.4,905.0,918.7,2.0,56.5,536.9,96.8,522.6,1960.0,4613.6,2052.6,1548.6,1502.2,203.3,76.0,1686.7,1187.8,619.5,560.0,6208.6,6293.6,3691.8,1793.4,5039.4,7900.1,2807.3,2089.2,1807.1,3204.3,1080.5,4027.5,1075.7,2638.2,1875.0,4415.4,9008.1,3769.4,2406.2,359.2
2026-10-07 08:15:00,950.6,516.5,1209.1,695.9,905.3,963.8,2.0,56.4,543.5,94.0,526.3,1943.2,4590.1,2060.5,1562.8,1451.6,240.4,53.8,1692.6,1186.2,619.2,540.8,6215.3,6263.8,3710.1,1780.6,5039.9,7899.6,2816.0,2085.5,1810.9,3197.7,1088.2,4037.6,1076.3,2631.8,1869.7,4345.6,8993.5,3757.1,2411.6,322.3
2026-10-07 08:30:00,942.4,583.6,1149.7,669.2,903.1,966.6,2.0,52.2,541.6,82.4,552.8,1942.0,5387.4,2612.3,1559.1,1400.4,225.1,53.8,1708.1,1203.7,618.9,540.1,6207.1,6246.8,3702.5,1766.1,5041.3,7895.5,2816.7,2188.0,1812.3,3214.1,1096.0,3970.1,1077.5,2621.3,1866.2,4292.9,8987.2,3684.5,2415.4,308.0
2026-10-07 08:45:00,922.5,625.4,1066.5,650.3,895.9,957.6,9.1,55.5,531.5,51.7,566.9,1949.2,5400.6,1842.6,1529.8,1367.8,218.6,59.2,1722.5,1177.7,637.6,528.9,6193.6,6230.4,3701.8,1687.0,5043.9,7877.0,2826.1,2275.7,1813.7,3213.1,1099.5,3895.3,1085.0,2606.0,1863.2,4263.0,8968.6,3575.3,2405.9,298.1
2026-10-07 09:00:00,890.4,612.9,956.7,516.8,874.6,970.8,44.0,54.7,495.2,117.4,279.4,1878.0,5203.2,1850.0,1472.2,1550.3,152.8,160.2,1343.1,1290.8,583.0,542.3,6122.4,6092.3,3689.9,1763.2,4997.2,7648.1,2867.7,2082.6,1793.7,3287.2,1092.8,4300.3,1083.4,2590.3,1856.2,4228.7,8807.6,3656.1,2340.5,282.1
2026-10-07 09:15:00,871.3,636.8,891.7,494.1,884.5,979.0,44.0,56.8,467.4,26.1,282.3,1876.6,5261.5,1840.2,1440.9,1482.6,152.8,74.0,1341.2,1297.9,580.7,527.2,6102.3,6121.4,3669.1,1704.7,4983.2,7641.0,2870.7,2137.8,1794.9,3293.5,1089.1,4256.3,1080.5,2571.4,1855.0,4164.9,8748.8,3610.9,2325.5,274.0
2026-10-07 09:30:00,855.7,686.9,841.2,302.4,885.4,978.3,44.1,65.5,441.4,32.0,282.4,1880.5,5271.1,1962.4,1416.4,1443.0,152.8,129.7,1343.5,1257.1,579.4,530.8,6087.1,6161.7,3657.3,1674.2,4977.7,7627.1,2868.0,2202.3,1794.9,3299.4,1087.2,4201.0,1082.7,2558.5,1853.4,4104.5,8705.7,3497.8,2310.2,264.8
2026-10-07 09:45:00,829.8,728.9,795.3,311.6,877.7,971.8,44.2,59.5,417.1,10.0,297.4,1865.6,5498.1,2032.7,1432.2,1439.4,152.8,152.8,1397.7,1239.1,600.4,511.3,6066.6,6206.4,3631.8,1600.3,4961.9,7140.7,2869.4,2336.0,1811.2,3243.3,1071.7,3883.5,1087.7,2550.7,1847.8,4166.1,8659.2,3468.2,2312.4,257.9
2026-10-07 10:00:00,814.9,697.4,730.1,520.4,869.6,986.2,54.2,151.8,359.7,44.0,250.9,1838.6,5663.5,2045.0,1349.8,1513.7,7.0,161.5,1528.0,1039.5,593.3,584.1,5980.1,6175.6,3614.1,1598.6,5006.1,7538.3,2897.8,2188.6,1727.5,3188.0,1075.6,4125.1,1071.6,2532.7,1854.4,4169.1,8577.3,3519.4,2288.2,269.1
2026-10-07 10:15:00,803.6,706.1,688.9,541.0,856.4,976.8,54.3,136.1,324.8,33.4,251.5,1836.0,5702.8,1992.0,1271.3,1541.6,7.0,180.7,1526.8,1020.4,593.6,548.5,5932.6,6121.0,3588.5,1599.1,4993.4,7012.1,2896.6,2243.4,1737.2,3111.3,1068.4,3856.5,1069.7,2535.3,1851.2,4214.4,8517.4,3486.6,2283.8,270.6
2026-10-07 10:30:00,792.2,724.5,649.3,363.3,848.6,995.6,55.4,138.2,286.8,36.0,255.7,1841.3,5882.4,1990.9,1228.9,1436.2,0.0,208.8,1536.8,1037.7,589.1,554.2,5918.7,6112.5,3573.4,1602.4,4969.9,6876.5,2891.1,2272.4,1744.8,3108.4,1064.5,3787.6,1068.0,2537.1,1846.5,4210.6,8465.8,3455.2,2269.4,270.9
2026-10-07 10:45:00,786.8,736.5,610.1,382.2,839.0,996.4,55.7,136.6,252.6,41.0,253.7,1850.5,5752.8,1909.0,1304.7,1475.3,0.0,179.4,1556.1,1046.1,596.8,560.3,5903.8,6087.8,3556.5,1596.9,4947.9,6348.0,2893.0,2285.5,1729.7,3094.4,1055.9,3767.6,1063.5,2538.2,1838.4,4243.7,8455.7,3377.1,2253.7,271.9
2026-10-07 11:00:00,777.1,747.1,692.3,399.7,835.8,956.2,72.5,170.2,277.5,13.2,279.0,1838.0,5793.6,2034.0,1322.9,1476.2,43.8,183.5,1548.4,1055.1,569.5,546.0,5825.8,6043.1,3518.9,1497.7,4919.4,6449.1,2899.3,2217.9,1846.5,3207.0,1072.7,3800.1,1057.7,2455.9,1812.9,4189.5,8339.4,3322.1,2229.6,219.1
2026-10-07 11:15:00,784.5,746.3,674.8,401.7,821.0,967.3,73.7,172.5,250.8,24.2,267.7,1844.9,5880.8,2062.3,1273.5,1526.0,36.8,168.7,1568.7,1050.6,557.0,551.2,5808.2,6037.5,3503.9,1486.5,4906.5,5796.0,2895.7,2243.5,1844.8,3206.7,1056.8,3745.7,1059.8,2459.2,1809.8,4173.3,8290.6,3321.2,2214.5,221.3
2026-10-07 11:30:00,784.7,746.8,659.8,398.7,822.7,985.7,75.5,174.3,230.8,5.2,261.3,1849.2,7158.8,2103.6,1219.1,1612.3,36.8,170.3,1579.4,1067.8,552.3,557.0,5795.7,6021.8,3486.1,1449.4,4885.2,5208.7,2892.4,2264.8,1842.8,3206.7,1056.7,3715.6,1059.4,2462.9,1806.8,4141.3,8271.0,3312.7,2194.1,221.4
2026-10-07 11:45:00,827.6,751.0,659.8,403.0,828.4,987.9,76.7,173.6,201.0,16.3,254.8,1873.9,7206.9,2021.0,1177.3,1611.9,36.9,176.7,1580.4,1085.4,556.3,576.8,5759.9,5989.0,3466.0,1405.0,4889.6,4604.5,2881.2,2309.0,1833.9,3208.2,1050.8,3668.8,1060.6,2466.8,1802.9,4121.5,8279.0,3322.0,2182.8,223.0
2026-10-07 12:00:00,860.9,784.0,658.5,406.3,885.3,1022.6,62.6,184.4,202.1,48.9,269.9,2013.9,7423.6,2392.3,1216.9,1558.1,36.8,178.9,1636.0,1105.7,583.3,463.2,5728.2,5976.5,3445.9,1380.1,4991.5,4181.7,2895.8,2145.1,1858.6,3201.0,1061.3,3766.6,1125.2,2457.1,1889.9,4112.8,8227.6,3275.5,2165.9,188.8
2026-10-07 12:15:00,893.1,781.1,658.3,408.8,885.9,1023.1,69.1,186.7,178.7,23.3,265.6,2022.9,7600.7,2399.7,1238.8,1587.8,36.7,173.7,1638.1,1118.5,566.5,428.0,5691.5,5964.8,3430.4,1380.3,5022.0,3974.5,2893.9,2145.9,1858.9,3200.8,1049.3,3747.2,1125.5,2459.3,1887.8,4083.6,8255.9,3273.1,2150.5,189.9
2026-10-07 12:30:00,851.5,778.6,655.5,406.5,881.7,1019.0,73.2,189.5,183.2,27.7,263.5,2029.0,7682.5,2364.1,1227.5,1596.7,71.2,162.1,1649.0,1130.1,562.9,420.3,5681.2,5947.2,3424.3,1379.0,5023.9,3896.5,2886.8,2142.0,1855.8,3199.1,1044.2,3736.3,1122.8,2459.9,1884.6,4055.1,8279.4,3276.9,2145.9,190.2
2026-10-07 12:45:00,811.0,771.7,648.2,397.4,885.0,1009.5,77.7,188.9,201.0,28.0,288.2,2005.4,7675.0,2371.3,1208.4,1598.1,71.3,162.1,1646.5,1106.0,574.6,448.4,5673.3,5933.2,3417.4,1350.8,5018.1,3727.2,2887.3,2138.2,1861.2,3202.9,1036.8,3700.2,1124.1,2460.8,1880.6,4026.2,8287.4,3271.8,2148.4,189.9
2026-10-07 13:00:00,857.7,753.5,648.5,392.1,888.2,999.9,57.9,218.7,190.1,23.0,308.1,1899.8,7876.5,2434.1,1176.2,1667.4,36.6,170.9,1584.1,1154.7,566.7,407.1,5671.3,6004.4,3393.4,1353.7,5050.2,3839.9,2898.3,2132.0,1859.3,3176.6,1050.1,3679.9,1119.0,2478.4,1876.7,4063.7,8341.9,3370.7,2192.2,215.5
2026-10-07 13:15:00,859.5,749.6,657.9,381.6,895.7,985.0,45.4,218.6,206.3,20.5,336.1,1899.9,7932.9,2473.6,1182.1,1641.4,36.5,171.1,1593.7,1094.7,566.5,458.8,5660.2,5991.7,3387.0,1353.4,5050.8,3836.5,2899.2,2129.5,1860.4,3177.1,1047.9,3679.4,1120.2,2474.8,1874.7,4034.0,8350.9,3364.2,2196.0,215.1
2026-10-07 13:30:00,820.2,737.4,675.6,367.5,899.0,965.7,65.6,215.3,219.7,22.1,355.2,1903.1,7699.8,2447.2,1192.6,1625.3,36.4,183.7,1594.8,1028.3,566.6,515.4,5653.3,5990.2,3380.2,1345.3,5049.4,3759.5,2897.1,2121.3,1859.7,3174.3,1051.5,3617.4,1119.3,2471.2,1866.5,4002.0,8294.9,3354.8,2204.7,214.5
2026-10-07 13:45:00,811.8,721.1,702.8,350.8,896.3,949.1,62.6,215.1,223.0,15.3,343.6,1907.2,7839.3,2484.6,1201.3,1649.6,36.4,144.2,1595.7,1138.2,574.1,522.3,5651.9,6028.6,3374.0,1344.9,5051.5,3736.9,2897.8,2118.5,1859.6,3174.0,1044.0,3588.6,1115.7,2466.3,1858.1,3971.7,8276.9,3345.1,2198.1,213.9
2026-10-07 14:00:00,810.3,699.8,665.0,354.2,838.7,926.1,38.5,216.4,214.7,34.4,304.0,1918.2,7571.9,2453.7,1173.2,1677.5,84.1,137.2,1491.0,1167.0,583.4,287.6,5652.4,5916.0,3388.1,1376.4,4969.6,3696.1,2913.7,2201.2,1862.9,3124.9,1052.5,3692.7,1146.6,2606.8,1851.9,4023.7,8273.6,3306.3,2158.9,212.2
2026-10-07 14:15:00,793.6,685.0,709.3,331.3,842.3,851.5,28.5,215.5,191.7,28.5,305.7,1921.9,7282.8,2447.4,1197.2,1683.1,84.2,136.4,1496.9,1136.1,570.5,415.8,5666.5,5984.6,3386.0,1372.3,4979.1,3797.0,2909.8,2200.8,1867.2,3133.5,1052.9,3722.7,1145.3,2593.9,1851.2,3986.9,8293.0,3303.8,2161.6,210.5
2026-10-07 14:30:00,808.6,656.8,761.1,308.3,837.3,813.2,27.5,214.1,223.2,15.0,307.3,1922.8,7045.0,2437.6,1233.4,1614.8,94.5,131.9,1482.6,1203.1,578.2,481.0,5665.2,6003.8,3391.3,1396.0,4974.5,4084.1,2908.1,2251.4,1863.5,3141.9,1054.5,3695.5,1145.6,2575.9,1853.6,3947.9,8298.9,3296.3,2170.8,211.6
2026-10-07 14:45:00,816.0,637.3,812.4,279.1,867.0,756.5,24.7,217.4,245.8,14.7,306.2,1927.8,6916.9,2437.1,1261.2,1568.9,110.9,131.5,1444.1,1209.3,577.7,623.3,5675.3,6044.1,3397.7,1396.0,4932.1,4406.2,2907.3,2317.1,1861.8,3161.1,1057.5,3707.2,1145.7,2552.5,1858.0,3974.9,8313.3,3304.1,2165.4,210.2
2026-10-07 15:00:00,840.8,591.4,866.9,241.9,859.2,707.8,40.1,132.0,302.6,4.0,273.8,1983.8,6916.6,2368.1,1334.3,1499.1,69.8,118.0,1448.7,1237.3,550.0,475.8,5698.9,5948.1,3415.2,1559.6,4482.8,4216.2,2961.5,2174.9,1841.2,3118.4,1063.6,3810.3,1149.2,2641.1,1869.0,4240.6,8233.0,3158.7,2190.0,213.2
2026-10-07 15:15:00,845.6,566.1,930.4,205.3,865.7,665.1,37.8,137.1,311.9,4.0,238.1,1985.7,6237.7,2320.7,1401.0,1461.5,91.9,118.1,1430.0,1255.4,528.7,660.9,5699.7,5955.3,3423.9,1612.3,4491.9,4929.3,2963.8,2262.7,1847.1,3152.9,1066.7,3811.2,1152.3,2606.7,1878.4,4241.6,8260.9,3185.4,2185.7,212.1
2026-10-07 15:30:00,847.8,524.8,990.4,170.9,836.8,618.7,36.8,133.3,347.5,3.4,219.2,1983.1,5300.4,2247.3,1462.2,1389.3,110.1,118.1,1433.0,1257.9,529.0,665.8,5711.6,5983.1,3438.2,1629.4,4508.4,5712.0,2967.5,2329.0,1834.0,3172.8,1078.2,3876.8,1151.0,2570.0,1884.5,4234.5,8262.3,3292.7,2201.3,212.8
2026-10-07 15:45:00,856.2,472.5,1064.7,197.4,837.1,558.4,36.0,141.3,329.0,3.1,198.4,1988.7,5415.2,2216.9,1540.1,1406.5,107.3,118.0,1395.6,1305.6,533.4,699.0,5665.1,5954.9,3454.8,1647.1,4516.0,6263.5,2971.5,2384.6,1832.3,3260.3,1080.3,4045.0,1154.3,2529.0,1895.2,4304.5,8282.5,3285.9,2207.1,212.0
2026-10-07 16:00:00,890.8,573.2,1143.2,181.0,841.3,830.5,20.4,42.0,371.4,2.4,281.9,1955.3,5707.2,1931.9,1595.7,1366.1,275.2,62.3,1375.1,1458.8,575.5,653.6,5797.8,5879.5,3487.7,1657.9,4229.0,6258.9,3026.1,2278.1,1840.8,3233.1,1086.1,4117.0,1165.5,2561.0,1916.6,4529.8,8311.6,3182.1,2210.4,231.1
2026-10-07 16:15:00,901.7,536.8,1217.7,188.5,848.7,758.3,11.1,39.3,382.7,2.0,263.5,1950.9,5497.2,1878.8,1486.3,1300.4,276.3,62.0,1334.2,1467.4,567.7,654.0,5752.7,5877.0,3510.1,1661.5,4254.0,6554.3,3026.3,2351.0,1837.5,3288.0,1093.5,4188.6,1170.3,2529.0,1929.1,4583.4,8350.6,3287.0,2220.8,231.3
2026-10-07 16:30:00,892.0,524.1,1294.3,573.5,856.5,711.5,11.0,53.7,409.3,1.7,280.2,1942.1,5288.9,1919.1,1409.1,1256.8,256.5,61.5,1335.9,1475.7,578.8,677.7,5768.8,5818.3,3523.9,1687.2,4277.8,7229.5,3026.4,2341.4,1837.4,3424.7,1086.8,4396.2,1176.3,2507.3,1940.1,4464.6,8435.4,3392.5,2247.0,238.3
2026-10-07 16:45:00,906.0,498.5,1358.2,562.4,866.2,660.5,11.0,61.5,428.5,1.3,290.8,1934.1,5129.0,2571.5,1537.3,1256.4,265.1,61.0,1324.7,1512.2,581.4,715.2,5782.8,5765.7,3539.3,1682.8,4281.8,7503.2,3026.1,2329.2,1824.9,3525.9,1067.5,4490.8,1180.0,2495.0,1948.9,4472.3,8534.8,3446.9,2255.8,238.2
2026-10-07 17:00:00,931.6,464.9,1414.3,673.1,881.5,903.1,93.9,48.6,441.0,4.1,261.2,1924.8,4933.2,1718.4,1897.8,1465.5,145.7,88.4,1698.4,1811.4,634.6,701.0,5760.2,5803.3,3540.3,1677.3,4539.3,7496.5,3060.5,2208.1,1845.6,3329.2,1083.4,4332.1,1190.9,3279.7,1968.3,4378.0,8726.6,3328.2,2314.5,241.9
2026-10-07 17:15:00,950.2,455.5,1458.4,676.6,899.0,922.8,86.0,45.1,430.4,27.0,288.5,1917.4,4620.2,1711.0,2028.3,1475.6,126.3,88.2,1666.2,1922.0,602.3,719.0,5757.1,5779.6,3551.4,1679.0,4541.7,7644.5,3059.0,2081.9,1846.8,3343.2,1086.3,4486.7,1193.5,3277.9,1968.0,4368.1,8761.8,3450.9,2312.6,246.6
2026-10-07 17:30:00,965.4,540.9,1484.1,675.5,911.5,914.5,86.0,46.2,448.4,80.1,275.8,1907.5,4647.9,1673.3,2086.9,1477.0,127.0,88.3,1637.0,1970.8,610.9,727.9,5769.5,5787.1,3563.7,1680.8,4538.5,7725.7,3059.0,1964.9,1848.6,3340.6,1088.0,4608.7,1192.6,3277.8,1982.2,4421.9,8821.1,3534.1,2322.4,252.4
2026-10-07 17:45:00,974.3,589.1,1493.6,681.7,913.9,910.4,86.1,61.8,461.1,80.5,290.3,1898.9,4403.4,1673.3,2189.2,1512.1,111.8,88.1,1633.4,1999.5,622.1,767.4,5783.3,5765.6,3578.2,1685.4,4538.1,7746.2,3058.8,1996.7,1846.5,3352.1,1093.2,4603.6,1194.4,3280.9,1992.5,4402.7,8897.6,3644.2,2319.5,258.9
2026-10-07 18:00:00,992.2,600.0,1536.4,686.1,924.7,1051.3,56.7,63.3,464.0,76.2,561.2,1963.5,4521.9,1570.7,2254.8,1552.4,133.9,88.9,1660.2,2048.0,630.0,781.9,5870.2,5796.9,3587.0,1754.6,4855.9,7766.1,3069.6,2342.9,1862.2,3322.8,1100.2,4319.8,1198.4,3439.0,1879.0,4474.7,9030.0,3472.2,2318.1,280.2
2026-10-07 18:15:00,996.6,608.5,1554.5,696.6,931.6,1051.9,56.7,80.9,468.3,79.3,550.1,1975.1,4465.3,1658.6,2224.6,1587.8,88.3,88.8,1610.3,2066.6,608.2,803.9,5897.4,5793.1,3597.4,1762.9,4862.7,7768.8,3071.5,2339.7,1857.3,3346.6,1097.9,4353.9,1199.4,3447.8,1890.7,4465.9,9038.2,3499.1,2305.4,292.5
2026-10-07 18:30:00,995.6,604.3,1565.4,699.8,935.9,1051.6,63.5,80.9,469.0,73.4,538.2,1966.9,4323.9,1821.7,2159.3,1615.7,99.8,88.6,1609.7,2094.5,615.8,820.1,5912.6,5802.2,3616.3,1766.0,4866.9,7770.2,3072.4,2344.4,1856.8,3308.1,1103.8,4324.8,1199.9,3457.7,1892.8,4456.4,9056.8,3671.0,2289.2,308.3
2026-10-07 18:45:00,992.8,593.7,1567.3,699.2,937.6,1063.4,63.8,60.5,472.9,63.3,570.8,1966.0,4245.8,1851.4,2170.4,1656.5,102.5,88.5,1601.6,2106.8,617.6,831.6,5918.7,5749.7,3635.7,1766.5,4871.1,7770.6,3079.0,2350.1,1857.7,3330.0,1103.1,4322.3,1201.8,3468.8,1900.4,4453.0,9085.7,3707.4,2285.0,318.6
2026-10-07 19:00:00,991.8,598.3,1551.3,694.0,935.9,1046.6,11.5,79.4,457.6,83.0,533.9,2016.8,4229.4,1986.4,2229.9,1790.4,94.9,95.5,1522.3,2136.2,578.0,932.1,5890.0,5746.4,3651.0,1755.3,4972.5,8127.9,3092.1,2282.9,1875.5,3315.1,1117.6,4385.4,1203.7,3439.0,1879.5,4439.3,9047.2,3773.6,2281.3,362.3
2026-10-07 19:15:00,986.2,592.4,1548.6,694.1,934.7,1043.9,7.7,60.5,469.5,79.4,552.0,2000.1,4163.9,2076.0,2190.3,1759.3,78.4,95.4,1532.0,2087.0,579.6,945.4,5880.1,5760.4,3652.6,1751.8,4976.8,8128.3,3096.9,2346.0,1877.2,3326.7,1121.1,4345.8,1202.8,3452.5,1878.7,4429.0,9066.6,3677.0,2277.4,375.8
2026-10-07 19:30:00,983.3,549.1,1530.0,696.6,926.5,1029.5,7.5,75.2,459.9,79.0,562.4,2005.2,4098.1,2093.4,2081.5,1779.3,78.0,95.3,1520.1,2102.3,582.7,967.6,5861.1,5728.0,3652.1,1747.6,4978.4,8129.1,3096.9,2363.8,1881.3,3346.1,1122.8,4337.3,1200.9,3466.9,1875.5,4407.8,9037.8,3595.7,2269.1,384.9
2026-10-07 19:45:00,981.4,543.1,1511.7,695.3,923.5,1027.2,6.5,62.1,457.2,80.9,554.6,2009.9,4204.2,2121.6,2064.1,1792.6,61.0,95.2,1538.3,2108.5,580.3,988.5,5829.3,5713.5,3648.9,1745.5,4965.9,8119.3,3099.7,2385.2,1885.4,3344.7,1121.7,4326.1,1198.2,3481.9,1868.0,4386.3,9002.3,3534.8,2250.9,391.5
2026-10-07 20:00:00,975.3,541.7,1469.4,591.6,905.5,930.3,1.9,64.7,446.0,86.2,226.1,1874.7,3917.2,2112.8,1912.6,1856.3,203.1,60.2,1219.1,1751.4,576.2,1037.8,5647.2,5668.2,3616.9,1726.5,5029.2,7970.7,3099.0,2327.6,1861.6,3313.0,1133.2,4250.2,1192.0,3239.3,1858.6,4268.7,8818.9,3718.2,2188.7,377.2
2026-10-07 20:15:00,968.1,538.8,1440.9,594.4,891.1,927.8,1.6,64.3,438.3,8.0,214.5,1862.9,3908.4,2042.7,1875.4,1815.3,203.1,60.2,1224.3,1667.7,571.1,1056.7,5618.9,5657.4,3601.4,1723.9,5013.7,7950.3,3097.7,2360.3,1860.0,3316.4,1131.8,4224.7,1190.1,3247.0,1849.8,4248.7,8767.0,3617.8,2164.6,387.2
2026-10-07 20:30:00,962.5,535.5,1406.6,597.1,878.1,909.3,1.6,63.7,433.7,18.5,194.4,1879.4,4533.0,2122.6,1848.4,1859.4,203.9,60.2,1209.8,1656.6,562.1,1079.6,5592.7,5622.7,3586.2,1709.3,5004.5,7914.8,3094.2,2368.5,1864.2,3320.2,1131.7,4206.7,1188.1,3250.2,1842.4,4226.9,8692.3,3604.1,2153.1,395.9
2026-10-07 20:45:00,964.6,520.2,1381.8,597.4,864.6,892.1,2.2,63.2,423.7,9.6,194.9,1878.4,4494.3,2198.7,1826.9,1857.4,194.4,60.1,1222.6,1648.0,572.3,1097.7,5560.1,5625.1,3572.7,1688.0,4997.7,7516.3,3090.2,2444.3,1856.6,3309.3,1128.7,3983.5,1185.9,3248.0,1838.7,4209.1,8606.9,3513.9,2122.0,411.0
2026-10-07 21:00:00,947.0,528.8,1327.8,584.1,847.2,612.6,30.5,5.3,420.1,0.0,156.4,1873.0,4335.0,2346.8,1768.4,1881.0,109.8,67.2,1232.9,1573.3,558.8,1089.8,5626.4,5438.4,3511.8,1707.7,4918.7,7480.7,3073.5,2337.3,1851.7,3280.3,1120.7,4287.2,1189.3,3493.7,1831.2,4317.5,8484.5,3474.1,2070.4,421.9
2026-10-07 21:15:00,935.8,422.7,1293.6,514.3,827.1,592.2,30.5,4.2,419.9,0.0,158.0,1879.2,4723.5,2411.9,1742.9,1837.3,110.3,67.6,1233.4,1572.0,556.0,1106.4,5633.2,5424.2,3487.6,1682.2,4903.8,7001.6,3063.6,2585.8,1849.1,3308.4,1108.2,3846.5,1179.7,3483.9,1824.6,4316.1,8389.2,3481.8,2043.6,432.2
2026-10-07 21:30:00,909.6,423.9,1252.1,113.4,808.1,590.9,30.5,4.2,407.9,0.0,142.8,1888.2,4738.0,2291.7,1748.6,1858.9,109.4,75.4,1217.7,1572.8,551.5,1123.9,5628.7,5376.5,3461.8,1675.8,4890.5,6911.9,3042.5,2591.7,1850.2,3386.8,1104.9,3782.7,1174.0,3473.3,1818.5,4288.2,8291.6,3495.3,2013.6,440.6
2026-10-07 21:45:00,890.9,417.1,1213.9,116.6,781.9,594.8,33.8,3.9,394.1,6.9,139.5,1906.4,4765.8,2148.1,1718.3,1883.5,109.4,111.0,1221.8,1565.4,552.9,1120.7,5610.9,5329.9,3441.6,1670.2,4867.9,6886.5,3038.1,2582.5,1847.5,3362.6,1093.9,3770.6,1169.7,3460.4,1808.7,4256.5,8213.0,3506.2,1980.5,450.5
2026-10-07 22:00:00,870.4,420.6,1175.3,122.2,765.6,445.0,77.0,6.4,363.6,0.0,121.9,2029.8,4494.6,2424.4,1642.4,1801.6,147.1,60.7,1040.4,1558.3,517.2,1154.3,5489.3,5245.9,3366.8,1683.9,4631.4,6905.4,3082.0,2604.2,1809.8,3255.5,1091.4,3870.4,1161.2,3470.3,1795.7,4178.6,8052.2,3478.1,1916.3,449.1
2026-10-07 22:15:00,853.6,412.7,1144.6,131.7,745.1,444.5,77.0,4.3,352.0,1.3,117.7,2045.6,4509.4,2474.3,1643.2,1825.2,148.2,60.7,1029.3,1532.1,509.1,1143.2,5451.8,5198.0,3331.7,1684.7,4609.3,6904.3,3074.8,2588.6,1800.8,3252.8,1081.2,3878.8,1157.1,3458.0,1784.6,4145.7,7948.1,3488.3,1885.4,460.3
2026-10-07 22:30:00,836.5,409.9,1117.9,147.2,723.9,441.8,80.2,2.3,346.2,10.2,113.7,2051.0,4537.3,2540.7,1644.6,1842.8,168.3,60.8,1021.3,1514.0,501.6,1147.1,5405.6,5174.8,3306.6,1687.3,4583.4,6721.1,3065.6,2599.6,1797.2,3251.2,1070.7,3740.2,1149.4,3446.7,1773.4,4117.7,7860.0,3502.9,1855.6,469.9
2026-10-07 22:45:00,822.6,404.7,1103.2,163.2,706.5,440.9,80.2,2.3,341.7,8.5,107.8,2050.3,4664.0,2361.0,1610.9,1828.4,143.9,60.8,1026.8,1490.7,515.0,1148.5,5332.9,5121.0,3271.2,1637.7,4553.8,6449.8,3058.1,2596.7,1793.4,3303.6,1060.9,3548.3,1143.2,3436.6,1761.1,4088.7,7785.6,3405.0,1823.8,480.3
2026-10-07 23:00:00,817.6,405.6,1074.3,182.1,704.0,439.4,91.7,13.5,326.8,16.0,220.2,2065.4,4542.2,2564.1,1506.7,1802.4,166.3,61.5,987.7,1427.3,517.4,1141.0,5180.1,5104.4,3189.4,1616.3,4284.5,5669.9,2963.4,2481.1,1776.3,3209.2,1039.3,3486.4,1136.2,3486.3,1744.7,4024.9,7628.7,3411.8,1764.8,479.0
2026-10-07 23:15:00,805.3,398.2,1059.6,200.9,688.3,440.2,93.7,14.7,324.9,16.0,211.6,2040.4,4668.5,2578.1,1527.8,1796.0,166.3,61.6,999.0,1413.8,517.2,868.0,5169.9,5038.5,3145.6,1611.1,4250.8,5114.3,2953.7,2469.1,1768.3,3273.4,1044.6,3476.9,1130.1,3472.5,1728.3,4000.5,7548.2,3417.8,1741.9,486.8
2026-10-07 23:30:00,797.4,396.5,1042.3,220.2,674.7,442.3,94.2,10.9,307.5,16.0,213.8,2062.9,4677.1,2414.5,1570.3,1812.8,168.3,61.7,1001.0,1399.1,515.2,805.9,5131.0,4989.8,3100.8,1514.6,4222.6,4771.8,2948.1,2462.6,1752.1,3261.4,1034.4,3488.9,1122.8,3456.3,1708.6,3973.4,7475.5,3443.9,1718.6,492.8
2026-10-07 23:45:00,787.7,399.0,1030.7,241.1,663.9,441.5,94.2,0.9,305.9,16.0,202.1,2042.7,4697.2,2237.4,1570.0,1825.7,165.6,61.8,1004.0,1316.5,526.7,657.8,5108.5,4936.9,3064.3,1483.5,4190.8,4126.0,2941.3,2411.9,1749.6,3226.1,1020.9,3460.0,1115.0,3437.6,1687.5,3943.7,7354.5,3439.6,1686.7,493.0
2026-10-08 00:00:00,785.4,477.8,982.4,458.3,649.0,238.5,38.0,25.2,287.5,92.2,385.6,2022.9,4452.3,2277.3,1255.3,1751.0,11.1,149.1,961.4,1331.1,439.8,1130.2,5154.6,4773.6,2996.5,1290.3,4145.2,4944.5,2921.8,2467.5,1747.8,3352.1,1035.2,3820.2,1081.2,2837.2,1681.5,4292.6,7122.3,3490.6,1636.1,522.5
2026-10-08 00:15:00,774.7,394.8,969.9,476.4,644.8,238.6,38.4,23.4,281.7,62.3,414.8,2030.6,4601.9,2266.5,1287.2,1666.8,11.1,124.8,990.2,1284.8,441.0,901.4,5151.2,4725.1,2962.4,1417.2,4126.7,4990.4,2914.6,2487.0,1743.0,3408.6,1025.3,3646.0,1074.8,2826.2,1666.8,4308.5,7052.0,3558.4,1618.6,546.6
2026-10-08 00:30:00,772.9,377.6,957.8,299.3,639.3,238.5,38.4,24.4,291.2,38.1,478.2,2039.3,4576.3,2225.6,1377.2,1637.2,11.1,125.3,998.8,1259.1,440.5,552.4,5118.2,4685.4,2933.7,1201.2,4108.7,4642.7,2908.2,2512.1,1743.6,3415.8,1017.1,3637.9,1069.4,2817.3,1653.7,4283.9,6979.0,3555.2,1609.1,541.0
2026-10-08 00:45:00,777.9,372.8,948.7,332.3,635.7,238.9,38.4,25.7,316.7,38.1,490.9,2045.3,4576.0,2199.4,1463.3,1620.4,11.1,125.5,1002.2,1188.5,448.8,535.7,5106.8,4632.1,2904.9,1194.2,4095.1,4416.2,2900.2,2549.1,1739.3,3421.4,1008.3,3590.0,1059.4,2810.2,1638.9,4260.2,6942.9,3575.8,1599.0,525.1
2026-10-08 01:00:00,792.3,375.4,934.6,361.3,620.7,242.4,45.4,27.3,271.4,39.0,436.2,1990.9,4629.1,2320.6,1496.5,1645.8,0.0,125.0,984.6,1203.1,440.7,543.6,5051.0,4571.3,2907.2,1309.7,3886.0,4815.7,2883.7,2412.0,1712.1,3255.7,993.2,3281.3,1061.5,3107.7,1557.5,4137.6,6857.5,3599.5,1566.6,522.9
2026-10-08 01:15:00,790.6,370.9,927.0,381.5,615.1,247.2,45.4,31.2,264.8,16.4,437.5,1995.3,4633.8,2349.1,1474.7,1643.8,0.1,144.2,986.4,1137.4,440.9,526.5,5057.5,4518.1,2892.8,1275.7,3940.2,4673.3,2879.1,2457.2,1708.9,3329.1,989.8,3230.5,1054.3,3095.7,1547.2,4145.0,6827.0,3611.1,1558.3,519.9
2026-10-08 01:30:00,791.7,354.0,917.9,402.7,610.5,254.3,45.4,30.9,265.1,17.9,446.9,1997.0,4621.4,2407.1,1455.9,1656.1,0.1,143.4,989.7,1030.9,441.2,509.8,5027.8,4479.0,2871.5,1257.2,3930.2,4500.5,2874.8,2473.0,1707.4,3378.3,980.4,3183.5,1059.1,3084.4,1544.1,4135.4,6801.2,3627.1,1560.6,520.8
2026-10-08 01:45:00,787.0,353.9,911.6,413.8,608.7,260.3,46.9,31.4,297.0,13.6,472.6,2001.1,4685.9,2465.9,1434.4,1652.0,0.1,142.7,993.5,1013.9,451.0,500.1,5032.1,4486.8,2855.5,1240.9,3920.8,4340.9,2869.1,2517.0,1710.9,3375.6,976.3,2798.7,1058.3,3071.4,1545.8,4143.2,6841.8,3654.4,1559.2,522.9
2026-10-08 02:00:00,778.3,359.1,1000.3,447.9,642.4,265.8,47.4,34.5,261.2,4.5,503.3,1992.6,4645.4,2526.1,1477.0,1665.4,0.0,153.1,980.6,972.1,433.7,476.1,4921.8,4450.7,2779.8,1224.9,3800.3,4191.3,2858.1,2341.9,1714.6,3296.3,964.9,2617.7,1056.2,3258.2,1539.7,4098.2,6748.6,3713.8,1545.9,525.4
2026-10-08 02:15:00,765.3,356.8,999.4,461.3,651.5,273.4,47.0,35.3,278.7,4.5,511.3,1998.1,5251.5,2554.7,1453.4,1660.9,0.0,150.2,985.6,971.8,432.2,469.5,4908.7,4403.4,2772.0,1229.7,3780.7,4091.1,2854.3,2394.9,1697.6,3330.9,961.9,2570.8,1055.1,3242.9,1540.6,4095.0,6727.9,3724.6,1551.0,523.4
2026-10-08 02:30:00,779.2,356.7,993.3,489.7,659.5,280.7,49.8,36.2,358.2,4.5,515.8,2004.5,6109.8,2593.1,1428.0,1658.6,0.0,150.7,988.2,985.4,430.7,459.1,4903.4,4387.4,2771.2,1232.0,3822.7,4174.1,2850.5,2433.2,1697.9,3349.1,957.6,2640.3,1048.2,3225.5,1546.3,4091.2,6717.2,3745.0,1544.6,524.8
2026-10-08 02:45:00,777.5,356.9,991.3,514.7,659.2,288.1,49.7,36.6,355.7,4.6,536.4,2010.9,6302.9,2662.2,1392.9,1666.2,0.0,149.7,991.3,1007.6,434.2,457.3,4911.1,4348.0,2759.4,1234.8,3816.9,4323.8,2847.8,2460.1,1696.3,3355.7,955.5,2706.8,1049.8,3206.5,1552.1,4089.5,6687.8,3779.1,1546.1,523.3
2026-10-08 03:00:00,777.4,358.3,997.5,553.0,663.3,351.5,41.0,30.6,430.4,4.5,674.4,2024.6,6358.0,2868.9,1383.9,1650.5,0.0,201.3,968.8,1185.4,419.2,450.0,4891.4,4439.6,2785.1,1197.9,3887.6,4225.7,2849.8,2369.8,1720.5,3336.5,947.1,2646.1,1051.0,3357.8,1564.2,4121.8,6796.7,3940.3,1554.9,512.8
2026-10-08 03:15:00,778.5,368.5,1001.1,567.0,669.7,359.5,44.0,30.5,427.1,4.5,677.8,2029.4,6465.4,2886.3,1427.7,1650.8,0.0,201.9,969.9,1241.8,418.0,432.3,4890.1,4443.4,2782.8,1202.1,3883.8,4054.7,2849.2,2458.6,1718.4,3358.8,946.6,2565.1,1053.3,3337.3,1572.3,4127.2,6877.1,3957.3,1545.9,509.7
2026-10-08 03:30:00,774.8,364.6,1005.4,591.5,676.7,366.6,43.7,31.4,423.1,7.5,668.2,2033.1,6441.1,2894.6,1407.6,1653.4,0.0,202.4,970.9,1268.5,416.8,417.9,4919.2,4412.8,2777.4,1208.2,3874.6,4055.0,2846.8,2506.7,1717.2,3370.3,945.3,2629.8,1053.7,3317.7,1573.0,4128.0,6853.9,3972.9,1556.3,509.2
2026-10-08 03:45:00,767.5,368.3,1007.1,620.3,687.9,371.1,43.7,31.6,426.2,8.5,672.2,2036.2,6315.6,2929.2,1453.7,1657.6,0.0,202.6,969.9,1278.3,425.6,410.9,4929.7,4381.2,2780.3,1216.0,3875.9,4140.4,2848.3,2588.6,1703.8,3383.5,943.8,2715.5,1054.9,3297.8,1571.4,4149.2,6850.2,4007.6,1550.5,508.1
2026-10-08 04:00:00,788.8,378.7,1034.1,654.9,703.5,376.3,44.7,21.3,343.5,0.0,719.4,2047.0,6533.3,3267.0,1431.4,1647.0,0.0,188.8,976.0,1314.5,416.1,383.3,5060.2,4311.2,2781.8,1247.3,3923.2,4210.7,2849.1,2499.7,1704.7,3282.3,945.9,2649.8,1061.4,3687.8,1584.7,4225.4,6849.3,4035.7,1535.3,512.6
2026-10-08 04:15:00,797.9,388.4,1055.2,677.8,703.3,379.2,44.7,21.9,375.5,0.0,715.9,2048.7,6458.0,3309.9,1470.0,1650.9,0.0,188.5,973.6,1344.3,404.8,377.1,5083.2,4287.7,2789.4,1252.4,3924.8,4189.4,2852.7,2547.7,1726.8,3322.8,946.9,2653.5,1064.7,3671.5,1587.4,4249.5,6803.4,4043.2,1547.0,508.3
2026-10-08 04:30:00,811.7,383.7,1081.3,701.6,714.0,383.0,42.0,21.4,381.3,0.0,708.4,2049.1,6223.5,3379.5,1407.5,1654.8,0.0,168.4,969.6,1386.8,402.6,358.1,5139.1,4276.7,2793.0,1258.6,3929.7,4076.3,2852.8,2673.5,1722.6,3344.4,948.2,2583.4,1069.0,3651.0,1596.1,4250.6,6780.9,4091.3,1586.2,506.1
2026-10-08 04:45:00,833.0,391.4,1121.2,722.5,730.6,387.5,42.0,19.8,389.0,0.0,681.0,2049.6,6326.7,3475.8,1434.7,1654.8,0.0,168.1,958.4,1416.9,402.1,348.7,5201.7,4293.9,2808.6,1266.3,3940.0,4221.7,2853.5,2697.0,1722.8,3362.6,947.6,2563.6,1074.9,3638.9,1612.1,4254.5,6771.9,4232.0,1597.7,502.2
2026-10-08 05:00:00,858.3,392.2,1107.6,745.7,719.2,392.0,41.4,16.2,366.1,13.8,510.1,2057.1,6602.6,3643.9,1423.8,1666.4,0.0,179.0,964.7,1881.2,420.7,346.2,5544.1,4398.1,2869.6,1275.6,3772.9,4293.2,2851.4,2611.7,1727.2,3259.6,958.7,2757.4,1085.2,4063.4,1646.2,4360.2,6729.3,4154.1,1648.7,502.0
2026-10-08 05:15:00,880.6,396.5,1163.1,760.0,746.3,392.8,41.4,17.5,345.1,3.6,553.7,2054.2,6456.9,3705.1,1419.0,1657.1,16.1,155.3,963.1,1908.0,416.1,337.0,5632.3,4395.6,2909.2,1277.0,3794.2,4408.3,2867.9,2530.9,1744.8,3361.7,966.4,3115.1,1094.9,4052.3,1678.8,4363.2,6833.2,4173.2,1679.8,474.7
2026-10-08 05:30:00,909.7,401.0,1207.6,772.0,765.9,395.4,41.4,17.3,343.0,0.0,550.7,2054.9,4869.9,3800.6,1409.0,1651.7,16.9,139.3,964.9,1930.3,423.3,303.2,5705.2,4375.1,2947.1,1284.0,3816.5,4258.1,2875.0,2467.4,1747.3,3433.5,978.6,3367.3,1105.0,4041.7,1713.9,4362.2,6953.8,4206.8,1690.1,461.3
2026-10-08 05:45:00,930.2,415.7,1249.9,990.8,788.0,398.1,41.4,17.9,315.4,0.0,547.5,2049.4,4788.4,3855.4,1367.9,1671.7,17.7,138.3,965.1,1967.3,441.2,288.7,5773.2,4386.5,2997.2,1288.9,3845.8,4505.2,2888.8,2482.4,1753.0,3449.5,992.1,3380.1,1113.2,4031.3,1745.6,4361.7,7076.2,4223.3,1731.6,460.3
2026-10-08 06:00:00,943.7,514.0,1285.3,1024.8,817.2,494.6,14.8,38.0,365.0,8.5,268.8,1991.5,5174.8,4002.9,1418.3,1670.8,143.3,91.3,1075.5,2413.5,482.6,283.7,5943.4,4511.9,3114.0,1299.6,4005.5,4428.9,2923.0,2538.9,1792.4,3548.7,1037.4,3750.4,1143.6,4110.6,1804.7,4465.0,7474.6,4188.5,1905.7,471.8
2026-10-08 06:15:00,949.7,538.5,1308.4,1039.1,840.2,503.9,12.0,37.7,349.1,11.8,227.5,1990.2,4975.0,4092.6,1444.2,1681.8,143.5,111.4,1065.2,2643.1,460.8,437.3,5964.4,4499.8,3178.3,1300.9,3965.5,4830.3,2943.9,2539.1,1800.2,3572.4,1061.8,4198.0,1157.0,4098.3,1843.9,4467.5,7625.8,4238.3,1964.2,471.4
2026-10-08 06:30:00,944.2,554.8,1315.1,1046.4,853.9,515.2,12.0,40.3,368.8,3.0,291.7,1977.0,5061.6,4227.0,1334.8,1689.8,143.6,112.1,1068.0,2833.9,470.8,751.2,5979.7,4526.4,3257.4,1671.3,4005.9,5416.3,2962.8,2524.1,1790.4,3582.7,1071.6,4207.4,1171.6,4088.9,1883.8,4468.4,7822.1,4285.6,2018.1,477.1
2026-10-08 06:45:00,950.2,566.5,1324.0,1053.7,872.1,523.4,12.1,44.1,381.1,24.6,241.8,1976.3,4984.4,4839.6,1207.6,1683.4,143.8,122.6,1078.5,2785.7,486.8,737.6,6014.6,4571.9,3339.3,1677.9,4043.6,5937.7,2993.1,2543.3,1794.3,3603.7,1086.3,4272.8,1182.2,4081.4,1915.4,4476.3,7979.6,4292.7,2080.5,479.1
2026-10-08 07:00:00,964.6,589.3,1344.2,1332.5,888.7,682.1,2.0,34.3,432.4,93.6,278.2,2032.6,5322.7,6089.6,1195.0,1712.5,161.2,62.4,1170.4,2807.4,536.7,739.3,6144.4,4659.4,3537.0,1601.6,4197.2,7067.7,3136.5,2635.7,1815.3,3670.0,1113.4,4329.4,1201.0,4086.7,2032.9,4527.1,8280.7,4478.7,2186.0,472.9
2026-10-08 07:15:00,972.7,606.9,1351.3,1129.1,890.6,694.1,2.0,32.5,452.2,93.1,288.9,2034.6,5355.6,6228.7,1381.7,1892.3,161.2,71.5,1169.1,2782.3,537.1,697.2,6190.8,4700.3,3598.6,1606.6,4231.2,7172.1,3159.1,2652.6,1821.5,3685.3,1133.5,4379.8,1199.3,4076.4,2047.7,4536.8,8386.3,4490.0,2226.9,486.9
2026-10-08 07:30:00,973.3,654.7,1333.1,1119.0,899.3,732.7,2.2,34.5,445.7,94.9,283.5,2026.5,5382.6,6367.4,1425.8,1950.5,161.1,70.1,1171.5,2833.7,543.8,677.3,6219.5,4724.1,3639.7,1637.2,4255.2,7187.1,3172.6,2662.4,1825.7,3697.5,1145.6,4397.3,1202.4,4063.4,2050.1,4545.5,8460.9,4500.7,2244.3,491.4
2026-10-08 07:45:00,979.7,627.9,1294.3,1126.5,909.9,762.3,2.0,34.7,460.3,108.3,275.4,2023.7,5412.2,6334.9,1469.2,1998.1,168.0,71.4,1188.9,2755.2,569.8,654.7,6243.1,4723.2,3683.1,1621.2,4267.6,7172.3,3196.7,2687.1,1829.2,3723.4,1152.7,4418.7,1202.1,4049.5,2052.8,4551.9,8522.2,4533.9,2270.4,480.4
2026-10-08 08:00:00,971.9,673.5,1235.7,1113.5,907.8,652.0,42.9,23.9,497.0,167.1,266.6,2039.1,5207.1,6281.7,1668.8,2046.9,0.0,162.0,1219.1,3129.7,566.0,681.3,6264.4,4753.8,3757.4,1882.0,4602.5,7546.8,3217.3,2754.8,1862.0,3575.1,1167.8,4296.0,1186.1,4005.5,2046.9,4542.6,8549.6,4716.6,2281.1,510.8
2026-10-08 08:15:00,968.4,675.5,1175.6,1094.2,908.6,702.0,42.8,12.3,503.8,174.2,268.8,2034.6,5480.2,6534.1,1693.1,2039.5,0.0,134.6,1206.9,3134.2,568.2,652.4,6284.0,4747.1,3785.7,1885.9,4602.1,7590.5,3225.3,2790.8,1865.1,3572.4,1171.0,4286.9,1189.1,3985.3,2041.1,4550.2,8568.4,4747.7,2297.3,459.6
2026-10-08 08:30:00,970.5,673.3,1098.4,1075.6,899.4,750.9,42.8,8.8,508.6,169.3,287.7,2032.3,5480.8,6653.6,1696.0,2046.8,53.2,147.1,1194.3,3122.1,570.3,628.5,6301.0,4718.1,3803.9,1970.6,4599.5,7591.1,3227.4,2815.7,1867.4,3570.0,1178.7,4280.6,1194.1,3962.5,2039.0,4559.1,8578.4,4654.0,2299.9,445.3
2026-10-08 08:45:00,954.0,685.6,1011.3,1051.4,893.8,802.0,43.6,7.6,508.2,143.5,302.8,2040.7,5517.0,6495.0,1700.3,1992.0,1.7,148.2,1202.0,3124.7,597.9,610.2,6292.3,4697.3,3823.5,1987.7,4602.8,7623.0,3234.7,2845.9,1869.3,3567.5,1184.9,4281.1,1198.4,3936.6,2037.6,4567.9,8588.9,4574.0,2308.4,436.9
2026-10-08 09:00:00,937.1,728.2,914.2,1026.0,882.8,759.1,99.0,18.3,501.1,123.6,337.6,1952.3,5570.6,6807.1,1660.4,2000.1,169.3,92.3,1342.2,2982.8,570.4,601.0,6236.0,4541.3,3844.3,1915.7,4655.1,7288.3,3246.2,2997.3,1862.2,3596.5,1183.1,4114.0,1194.7,3899.5,2036.4,4574.7,8597.1,4614.1,2299.6,410.1
2026-10-08 09:15:00,928.9,733.3,840.1,978.6,879.7,803.0,99.1,17.2,489.9,110.6,368.7,1961.6,5659.8,6774.2,1600.7,1923.7,172.0,98.2,1328.7,2954.3,568.3,568.7,6235.6,4474.8,3858.6,1916.0,4642.1,7075.2,3247.0,3022.7,1861.5,3594.4,1179.8,4110.5,1194.4,3870.8,2034.1,4579.7,8598.8,4490.6,2298.6,392.8
2026-10-08 09:30:00,918.0,722.3,749.8,774.5,871.9,844.8,100.5,17.9,474.7,53.4,378.7,1975.5,5676.4,6455.7,1555.9,1925.6,147.7,95.8,1320.5,2965.7,566.3,561.3,6244.0,4412.0,3860.9,1830.2,4645.8,6880.6,3247.5,3043.4,1858.9,3592.7,1176.6,4110.8,1198.6,3846.0,2030.0,4588.3,8599.2,4483.7,2293.0,365.4
2026-10-08 09:45:00,908.8,713.8,707.0,764.1,864.6,885.7,100.7,18.7,481.2,8.3,354.4,1994.1,5797.2,5196.8,1479.6,1940.4,150.5,106.5,1386.3,2841.0,591.8,536.1,6264.8,4359.4,3872.2,1740.8,4631.3,6229.4,3247.4,3081.7,1859.7,3591.4,1159.2,4092.0,1217.6,3837.5,2028.7,4596.6,8596.4,4426.2,2293.5,356.8
2026-10-08 10:00:00,897.2,736.1,664.7,645.5,858.2,888.1,186.4,23.6,448.9,40.4,364.6,2006.1,5720.9,5587.0,1352.5,1829.3,152.4,58.9,1231.6,2528.7,608.5,534.4,6264.0,4295.3,3882.0,1837.0,4740.3,6077.9,3251.1,3162.0,1830.2,3586.4,1201.0,3952.6,1197.7,3822.4,2017.0,4604.5,8620.8,4398.6,2320.2,343.0
2026-10-08 10:15:00,886.6,722.2,625.1,677.4,849.1,921.7,186.7,22.8,425.8,1.6,438.4,2018.2,5819.9,5416.1,1490.7,1847.7,147.1,59.2,1229.0,2406.4,609.6,511.8,6272.0,4219.2,3885.6,1824.1,4729.6,5366.0,3248.6,3178.8,1833.7,3585.5,1174.6,3913.3,1202.0,3816.8,2021.1,4621.7,8649.2,4303.7,2319.7,315.3
2026-10-08 10:30:00,875.8,731.6,582.3,695.7,841.5,944.0,187.2,26.1,431.0,1.9,449.1,2046.2,5835.6,5473.8,1561.9,1903.7,128.5,78.5,1202.8,2365.3,688.4,122.2,6201.0,4096.8,3890.5,1655.5,4796.3,4864.6,3245.4,3172.0,1829.7,3585.4,1145.6,3909.8,1208.2,3810.5,2015.8,4638.7,8626.4,4251.0,2321.1,306.8
2026-10-08 10:45:00,863.9,738.6,552.4,721.4,831.8,968.9,198.8,25.4,454.7,5.7,468.0,2065.8,5870.0,5586.3,1550.6,1953.1,149.1,57.6,1190.0,2266.8,721.2,133.6,6204.7,4071.4,3892.2,1444.2,4776.6,4388.3,3248.4,3171.9,1826.7,3584.2,1159.3,3919.7,1204.1,3805.7,2011.7,4655.1,8628.8,4230.8,2341.2,296.2
2026-10-08 11:00:00,852.1,755.1,521.3,729.2,815.0,900.4,193.5,35.6,403.3,45.4,451.5,2092.4,5924.8,5862.7,1650.9,1990.9,24.7,133.3,1344.9,2412.1,660.8,146.5,6272.6,4123.4,4032.5,1555.0,4773.9,4097.2,3233.2,3173.9,1835.7,3602.3,1175.1,3971.2,1201.6,3799.9,2005.3,4649.7,8658.6,4175.4,2357.8,267.1
2026-10-08 11:15:00,848.7,755.4,501.8,754.5,806.3,909.9,193.7,36.3,393.6,53.6,482.3,2103.8,5992.3,5838.7,1622.8,2025.6,23.6,137.6,1332.5,2330.9,644.0,126.6,6174.5,4027.4,4038.6,1560.5,4748.8,3955.7,3230.7,3175.5,1834.9,3601.0,1139.6,3914.0,1204.0,3797.9,2001.8,4669.5,8644.8,4165.7,2369.2,253.8
2026-10-08 11:30:00,851.1,743.2,488.4,776.2,805.9,927.1,205.4,37.1,368.1,58.0,446.3,2122.7,5969.7,6149.4,1595.3,2067.6,22.6,187.5,1321.2,2376.0,635.5,138.6,6156.6,4016.1,4041.0,1480.4,4720.9,3573.0,3223.2,3175.3,1837.7,3599.8,1153.2,3698.2,1204.8,3795.7,1994.3,4687.6,8641.3,4149.2,2366.2,241.8
2026-10-08 11:45:00,861.3,741.8,484.4,789.3,809.0,936.6,205.1,35.8,360.1,19.9,448.5,2133.7,6108.0,6077.9,1580.4,2094.3,21.5,221.0,1320.8,2429.3,632.5,171.9,6157.8,4006.1,4050.6,1480.9,4697.6,3387.6,3219.3,3171.3,1838.7,3598.6,1145.6,3442.9,1205.4,3793.4,1983.5,4705.9,8644.8,4137.7,2372.6,236.5
2026-10-08 12:00:00,868.9,733.7,504.7,798.3,821.5,840.0,130.8,16.3,367.4,25.8,414.6,2143.9,6393.4,6168.1,1808.6,2089.2,20.5,216.1,1417.2,2112.1,606.7,136.5,6180.1,3909.9,4050.0,1472.5,4709.7,3279.1,3177.9,2993.1,1810.9,3609.8,1136.9,3163.8,1203.9,3814.0,1971.7,4656.3,8636.9,4087.1,2370.4,226.4
2026-10-08 12:15:00,864.0,727.2,507.6,810.1,819.7,837.3,143.4,15.7,352.0,29.5,414.2,2151.8,6506.6,6359.5,1720.0,2112.8,20.1,212.6,1415.7,2131.4,580.2,175.0,6174.5,3908.6,4048.4,1472.6,4693.9,3121.4,3175.4,2965.8,1811.0,3609.4,1124.8,3047.2,1203.3,3812.9,1961.2,4680.1,8618.1,4079.8,2369.1,229.6
2026-10-08 12:30:00,861.1,726.1,511.1,813.2,817.8,831.4,143.9,17.9,376.9,30.2,415.0,2161.5,6777.4,6613.5,1697.6,2119.7,19.6,212.2,1414.4,2170.4,572.8,216.2,6158.9,3901.6,4047.4,1474.0,4691.3,3082.8,3169.5,2947.8,1808.7,3609.2,1118.6,2862.5,1202.5,3811.7,1953.8,4704.8,8650.8,4072.3,2382.5,232.1
2026-10-08 12:45:00,852.0,728.7,510.9,814.3,817.0,825.2,144.6,15.7,405.8,31.0,426.8,2160.0,7678.5,6697.1,1681.0,2139.0,19.2,175.8,1409.1,2279.1,575.5,261.7,6142.0,3895.6,4049.7,1474.3,4683.0,3109.3,3171.5,2950.8,1813.6,3609.3,1114.5,2882.4,1203.6,3810.3,1949.8,4728.6,8681.5,4065.8,2387.5,226.4
2026-10-08 13:00:00,838.8,734.1,604.8,811.0,839.3,814.1,114.2,17.6,402.1,20.1,489.1,2170.4,7348.6,6700.2,1968.6,2094.7,54.6,89.1,1263.3,2247.4,556.2,278.7,6100.1,3848.3,4013.0,1501.0,4815.3,3109.3,3104.1,2899.8,1802.2,3616.0,1099.5,2860.7,1196.3,3802.7,1945.2,4727.9,8741.0,4120.3,2405.7,218.0
2026-10-08 13:15:00,841.4,741.1,623.4,798.1,844.1,801.3,111.3,16.4,404.4,20.1,478.0,2170.9,7434.8,6594.6,1944.1,2081.4,56.2,107.7,1257.3,2301.3,547.4,318.3,6095.3,3847.0,4015.8,1501.2,4816.9,3121.3,3101.3,2899.0,1801.9,3614.9,1100.2,2844.9,1198.4,3802.0,1945.5,4753.6,8795.7,4113.8,2410.4,212.4
2026-10-08 13:30:00,843.8,738.9,643.3,783.6,852.7,784.3,105.4,13.6,401.7,20.1,470.1,2179.6,7519.0,6625.6,2011.1,2090.5,75.4,101.5,1250.0,2361.2,540.0,365.3,6137.3,3855.8,4013.3,1497.0,4807.4,3109.4,3096.5,2901.8,1801.1,3613.9,1098.2,2760.8,1201.4,3801.3,1948.4,4780.4,8832.6,4109.2,2422.8,209.4
2026-10-08 13:45:00,866.3,737.3,669.1,759.6,851.7,770.3,105.3,10.9,391.8,20.1,461.2,2180.4,7554.5,6627.8,2040.8,2081.2,77.7,89.1,1266.1,2353.0,528.5,406.5,6134.5,3870.6,4014.4,1497.3,4812.1,3086.2,3097.3,2919.3,1813.3,3612.8,1092.5,2669.8,1199.2,3800.7,1958.7,4808.4,8822.3,4103.8,2417.4,207.6
2026-10-08 14:00:00,868.7,730.1,723.4,755.6,852.2,736.7,88.8,20.2,364.3,36.3,465.3,2174.6,7200.0,6627.4,1976.4,2058.9,61.1,95.8,1439.7,2387.7,539.5,475.5,6088.7,3852.4,4024.8,1510.9,4636.4,2961.3,3088.5,2977.3,1831.5,3812.1,1095.2,2988.0,1196.1,3726.5,1972.1,4845.6,8906.6,4069.2,2417.7,207.0
2026-10-08 14:15:00,874.3,726.9,773.2,721.7,860.8,698.2,74.6,27.1,370.9,36.4,466.5,2171.6,7396.3,6906.1,1998.3,2056.8,60.6,101.5,1435.6,2398.8,528.3,523.6,6082.8,3860.7,4026.6,1512.4,4639.8,2992.5,3091.1,2979.6,1836.1,3819.1,1095.2,3044.8,1194.9,3726.2,1978.6,4881.0,8896.9,4068.5,2416.0,210.0
2026-10-08 14:30:00,865.1,725.0,837.7,707.0,866.4,654.2,74.5,28.5,359.1,23.9,471.9,2165.3,7118.8,6936.8,2007.5,2051.6,60.0,101.5,1425.7,2404.1,527.3,575.2,6074.2,3877.6,4028.5,1512.5,4627.8,2997.1,3090.0,2988.5,1832.5,3811.0,1093.3,3028.2,1195.5,3725.3,1980.2,4915.8,8828.1,4065.7,2413.0,214.3
2026-10-08 14:45:00,873.8,711.7,893.0,688.9,872.2,606.3,74.3,29.1,352.4,24.5,471.5,2161.6,7333.3,7059.8,2022.5,2045.5,71.8,81.8,1415.5,2415.2,543.2,632.7,6072.4,3897.2,4034.1,1513.0,4632.4,2994.4,3092.1,2993.6,1832.7,3810.5,1098.0,2973.0,1194.5,3724.5,1980.9,4956.2,8807.4,4064.2,2408.9,220.3
2026-10-08 15:00:00,876.3,691.1,945.4,677.5,864.4,640.4,94.8,29.3,335.7,46.7,492.2,2151.1,7371.9,7111.3,1762.6,1983.5,185.5,0.4,1298.0,2489.5,539.6,684.6,6156.6,4005.4,4008.4,1507.6,4594.7,2992.0,3083.5,2962.1,1832.5,3788.3,1100.7,3100.4,1198.8,3740.0,1990.2,5028.3,8720.4,3984.3,2410.2,231.8
2026-10-08 15:15:00,879.4,673.6,995.7,668.7,870.4,584.3,94.2,27.9,338.6,36.9,505.6,2143.2,7141.8,7187.0,1762.3,2010.8,191.6,0.4,1285.1,2491.3,514.9,721.6,6119.1,4039.2,4011.7,1508.4,4592.8,3178.4,3080.1,2939.5,1835.0,3804.9,1103.4,3180.2,1199.9,3739.5,1991.5,5063.9,8677.1,3990.6,2443.4,243.1
2026-10-08 15:30:00,887.4,652.0,1061.4,679.6,869.7,528.3,92.9,27.5,324.7,32.1,520.7,2141.3,7111.6,7217.6,1812.5,1984.7,178.0,0.4,1249.8,2521.9,526.5,751.8,6072.8,4072.5,4017.4,1510.4,4605.6,3253.8,3080.9,2936.4,1838.8,3809.1,1115.3,3215.5,1199.9,3738.6,1992.8,5102.2,8667.4,3999.5,2436.5,254.4
2026-10-08 15:45:00,899.2,657.0,1116.9,706.6,874.7,469.1,92.0,31.5,297.7,29.6,512.1,2129.9,6058.1,7222.7,1836.4,1935.8,176.8,0.4,1254.9,2527.4,531.1,786.8,6066.2,4120.1,4029.8,1518.4,4617.9,3302.3,3093.6,2959.2,1837.1,3800.4,1114.3,3277.6,1200.8,3737.5,1990.8,5137.6,8673.5,4005.1,2426.4,265.8
2026-10-08 16:00:00,905.8,601.7,1086.1,732.9,856.5,503.4,75.0,35.4,347.5,2.3,438.0,2103.3,6231.0,7199.6,1635.9,1944.9,0.0,104.3,1195.7,2819.1,543.6,824.7,6119.4,4291.3,4062.0,1505.6,4745.3,3620.5,3087.2,2654.0,1848.8,3772.1,1119.1,3286.0,1207.8,3722.7,1995.5,5225.0,8673.4,4065.2,2335.4,299.6
2026-10-08 16:15:00,922.6,582.1,1155.9,750.9,864.2,456.9,72.0,37.1,330.8,19.6,419.5,2088.8,6011.8,7109.7,1660.4,1927.1,0.7,81.5,1154.0,2816.9,539.4,849.6,6157.7,4440.2,4075.4,1506.4,4764.6,3611.1,3093.3,2671.6,1846.3,3763.8,1125.6,3231.8,1210.4,3722.4,1994.2,5279.4,8672.7,4048.1,2301.3,308.7
2026-10-08 16:30:00,929.9,591.3,1198.5,788.4,872.6,417.8,72.0,43.4,325.7,15.0,365.7,2068.3,6047.5,7046.6,1727.2,1867.2,1.8,82.1,1171.2,2806.8,536.7,869.8,6153.0,4490.9,4074.7,1505.6,4767.1,3784.1,3095.9,2691.1,1846.4,3757.9,1135.3,3343.2,1213.6,3721.2,1987.4,5323.4,8683.2,4089.6,2264.7,323.6
2026-10-08 16:45:00,937.3,596.2,1233.4,823.1,876.5,405.8,72.0,45.1,342.5,12.3,322.4,2052.4,5337.4,6738.3,1880.1,1812.6,0.0,94.6,1195.2,2876.0,557.7,918.8,6146.3,4612.8,4090.5,1503.6,4750.8,3974.2,3098.4,2713.8,1850.3,3754.9,1125.1,3511.6,1216.5,3721.3,1977.7,5367.9,8713.2,4113.3,2252.0,341.7
2026-10-08 17:00:00,951.3,571.8,1268.7,955.5,892.0,575.4,56.0,75.9,396.7,20.5,309.5,2011.3,5568.9,6428.0,1803.2,1786.6,216.1,40.0,1504.0,3493.5,617.9,951.3,6181.9,4664.2,3966.4,1544.1,4674.0,4360.6,3099.5,2686.8,1853.7,3760.9,1144.6,3463.4,1223.3,3646.0,1975.1,5391.9,8764.0,4209.1,2233.2,478.2
2026-10-08 17:15:00,974.3,583.0,1298.9,1011.1,896.5,578.8,56.1,76.3,407.9,15.0,308.3,1985.1,5444.1,6510.5,1909.6,1715.4,188.2,40.2,1514.3,3701.2,570.0,959.0,6204.9,4680.9,3965.5,1561.8,4681.5,4568.2,3098.8,2605.9,1853.6,3751.5,1148.6,3909.3,1225.0,3646.3,1967.2,5428.3,8809.5,4275.6,2221.2,496.8
2026-10-08 17:30:00,979.8,648.8,1306.8,1256.1,909.0,581.2,56.0,77.7,433.0,11.0,302.2,1948.2,5423.6,6398.4,1909.6,1680.1,190.9,40.1,1535.1,3932.1,580.3,1473.0,6198.8,4728.4,3959.3,1666.5,4690.9,4769.7,3097.2,2742.3,1863.2,3737.2,1155.3,3903.6,1226.0,3646.7,1971.5,5490.6,8848.5,4263.9,2211.4,514.7
2026-10-08 17:45:00,993.3,655.0,1326.5,1306.4,901.5,590.8,56.0,92.4,410.8,23.6,279.5,1916.9,5425.1,6456.3,1879.7,1656.5,194.6,40.1,1551.8,3984.5,580.7,1493.0,6221.9,4778.7,3971.7,1924.0,4698.3,5214.6,3097.9,2741.8,1862.0,3720.1,1161.5,3821.6,1227.7,3647.1,1982.0,5516.7,8894.4,4351.8,2203.2,535.1
2026-10-08 18:00:00,1004.5,678.2,1361.8,1395.9,915.0,672.3,73.3,64.1,439.2,10.5,274.6,1886.3,5561.1,7169.0,1855.0,1629.8,235.2,40.0,1740.3,3742.7,647.1,1503.9,6319.8,4835.9,3971.5,1652.0,4777.6,5417.7,3115.1,2772.8,1880.3,3731.2,1161.5,3825.9,1232.7,3635.2,2010.8,5610.0,8935.1,4481.3,2169.5,607.8
2026-10-08 18:15:00,1005.4,646.6,1387.9,1426.3,920.5,666.6,72.1,73.8,427.7,30.6,278.9,1857.9,5181.9,7073.1,2038.9,1755.9,234.2,40.1,1722.3,3742.1,630.9,1506.7,6319.4,4842.4,3971.2,1651.8,4789.7,6102.0,3122.3,2724.3,1877.2,3728.8,1148.0,3868.1,1234.3,3635.9,2016.3,5639.2,8942.4,4520.4,2154.6,632.5
2026-10-08 18:30:00,1008.9,658.0,1398.2,1461.5,922.5,657.4,72.2,84.0,403.4,94.5,309.1,1849.8,4792.3,7095.1,2029.0,1833.7,233.4,40.1,1706.7,3637.6,652.4,1511.7,6243.4,4765.9,3971.8,1651.9,4803.0,5951.2,3126.0,2618.8,1876.9,3712.4,1159.8,3967.6,1238.7,3636.3,2015.3,5670.3,8956.3,4642.0,2140.5,647.5
2026-10-08 18:45:00,1008.8,607.6,1393.4,1495.0,914.3,657.9,72.0,84.6,403.0,141.0,222.4,1827.5,4001.3,6587.8,2053.3,1849.8,222.9,40.0,1702.1,3441.5,640.6,1514.2,6244.8,4800.3,3993.7,1653.0,4810.6,5523.4,3132.8,2572.9,1881.3,3707.0,1163.8,4001.6,1238.7,3636.7,2009.2,5700.1,8969.0,4669.5,2125.1,666.1
2026-10-08 19:00:00,1006.9,628.7,1381.6,1526.1,911.7,658.7,62.3,90.2,402.0,135.5,386.6,2010.8,4025.5,6420.9,2036.1,1876.8,211.2,70.4,1641.5,3614.1,607.7,1531.4,6282.2,4834.6,3993.9,1624.6,4827.3,6346.2,3137.5,2665.6,1891.0,3738.4,1181.5,3881.9,1233.3,3431.9,1985.3,5764.9,8915.7,4863.6,2105.9,663.1
2026-10-08 19:15:00,1004.3,600.4,1366.6,1538.9,904.4,659.6,62.3,90.0,395.0,176.6,333.8,2000.8,3986.3,6460.1,2027.9,1879.3,222.4,70.2,1633.2,3591.7,601.1,1532.6,6168.1,4792.1,3987.9,1625.7,4831.9,6131.4,3143.0,2494.3,1891.8,3706.9,1188.4,3991.5,1233.8,3432.6,1968.0,5791.9,8907.2,4842.1,2091.3,679.7
2026-10-08 19:30:00,992.6,553.0,1348.0,1558.5,894.9,658.6,64.0,70.4,392.5,177.5,285.9,2004.2,3989.2,6498.6,1994.8,1870.8,220.9,70.2,1624.0,3576.8,607.5,1534.2,6137.6,4828.5,3983.5,1626.7,4834.3,5392.5,3142.3,2374.0,1898.1,3696.2,1193.3,4062.6,1230.4,3433.4,1958.8,5816.4,8882.1,4725.5,2081.8,698.8
2026-10-08 19:45:00,980.7,538.5,1326.7,1565.7,885.5,646.1,64.0,71.5,388.9,179.2,291.0,1989.9,3960.7,6450.4,1989.7,1922.0,221.9,70.2,1615.0,3590.9,598.8,1533.9,6119.7,4891.1,3968.1,1624.9,4832.7,5086.2,3134.4,2306.2,1895.8,3685.3,1193.4,4087.7,1227.6,3435.8,1947.6,5806.5,8830.5,4655.6,2058.9,712.8
2026-10-08 20:00:00,963.1,524.2,1288.8,1488.8,869.7,439.6,59.4,53.3,385.6,141.7,352.4,1899.9,3662.6,6384.1,1778.8,1743.4,160.8,95.3,1605.8,3294.5,610.8,1520.2,5950.4,4789.0,3929.5,1583.9,4792.5,4610.1,3131.3,2379.2,1878.8,3712.5,1198.3,4082.7,1211.9,3239.1,1865.4,5719.9,8665.7,4703.7,1982.1,745.4
2026-10-08 20:15:00,954.2,519.4,1261.1,1487.5,856.6,439.3,59.4,36.0,395.6,106.2,386.3,1899.0,3966.5,6534.9,1769.7,1712.0,176.2,95.6,1612.6,3309.7,585.2,1223.2,5917.1,4806.4,3910.2,1583.2,4787.1,4606.0,3133.5,2217.3,1884.2,3687.8,1196.9,4110.3,1209.2,3241.0,1852.6,5732.1,8593.4,4715.3,1947.2,767.9
2026-10-08 20:30:00,946.6,511.9,1230.2,1286.4,840.5,440.2,59.4,36.0,376.2,106.6,349.4,1882.7,4456.7,6879.0,1818.0,1655.2,176.5,95.9,1604.1,3338.1,558.6,1219.4,5868.5,4813.9,3887.4,1584.8,4781.6,4734.8,3129.3,2117.4,1887.7,3681.0,1196.8,4209.2,1206.3,3246.4,1840.5,5762.6,8505.6,4738.2,1923.7,790.9
2026-10-08 20:45:00,932.2,506.3,1197.6,1282.2,829.7,439.1,60.5,35.6,371.0,118.9,325.2,1880.7,5078.1,7374.4,1819.0,1691.2,176.9,96.2,1603.8,3245.4,556.6,1144.8,5854.4,4860.5,3872.3,1583.1,4778.5,4594.1,3127.0,1999.6,1885.4,3662.4,1192.7,4097.8,1203.7,3249.0,1826.6,5705.7,8416.1,4738.4,1897.9,810.8
2026-10-08 21:00:00,916.3,522.4,1152.4,1262.7,812.8,348.9,88.2,18.6,379.8,92.4,343.0,1856.7,4906.6,7125.1,1728.8,1590.7,23.5,151.8,1563.5,3274.6,540.0,1051.8,5807.5,4797.3,3797.2,1561.0,4813.1,4569.7,3109.1,2144.2,1862.4,3660.0,1190.1,4147.7,1206.3,2975.2,1720.8,5675.6,8316.6,4868.4,1849.9,832.7
2026-10-08 21:15:00,899.8,516.5,1114.7,1255.7,794.5,348.8,88.2,18.6,368.8,45.0,321.6,1858.9,4925.6,5891.4,1704.7,1577.1,51.1,151.6,1562.2,3350.1,524.4,1228.8,5818.3,4830.6,3767.0,1559.8,4801.8,4510.9,3104.0,2110.3,1868.9,3638.6,1184.1,3920.7,1198.8,2980.1,1704.7,5645.6,8251.7,4917.3,1811.8,840.3
2026-10-08 21:30:00,882.8,520.4,1073.2,1229.3,780.4,348.3,88.2,18.6,355.9,38.8,283.5,1866.7,4922.1,5853.2,1733.3,1570.1,23.0,151.2,1555.3,3058.4,521.7,1047.6,5824.2,4873.4,3742.8,1557.0,4801.7,4213.8,3109.6,2045.7,1870.9,3629.2,1184.1,3516.3,1191.8,2985.1,1689.2,5644.1,8179.1,4845.5,1788.4,857.8
2026-10-08 21:45:00,867.3,517.1,1041.0,1220.7,772.9,347.7,91.5,18.7,353.4,27.6,269.1,1863.9,4932.4,5913.3,1729.2,1546.7,2.7,169.9,1556.9,2946.3,571.0,1047.6,5894.0,4851.2,3719.5,1557.1,4787.2,3925.3,3106.8,2125.0,1871.9,3569.9,1173.9,2983.4,1184.9,2989.9,1679.0,5705.1,8107.8,4722.5,1795.1,861.9
2026-10-08 22:00:00,850.8,512.8,987.0,1203.9,771.2,338.9,29.0,5.5,391.3,16.0,314.4,1892.8,4807.1,5672.2,1619.2,1480.6,122.2,107.7,1622.0,2895.6,549.3,1042.0,5799.9,4713.4,3650.0,1573.0,5003.5,3811.0,3094.0,2331.7,1833.3,3606.7,1198.8,3499.7,1167.3,2423.5,1679.1,5924.8,7996.5,4773.0,1763.0,828.9
2026-10-08 22:15:00,838.7,502.9,989.8,1197.3,769.2,338.8,30.5,2.1,353.4,16.0,302.9,1896.8,4833.1,5649.6,1602.7,1462.6,94.6,109.0,1609.4,2900.8,518.3,1036.3,5778.0,4712.2,3611.9,1566.4,4993.0,3523.4,3087.7,2288.0,1842.7,3481.3,1189.0,3280.3,1157.5,2433.8,1667.3,5971.0,7921.3,4719.1,1730.1,855.0
2026-10-08 22:30:00,823.6,508.4,1189.3,1193.9,750.8,338.6,32.2,2.1,331.9,55.0,251.0,1891.8,4919.4,5637.0,1613.5,1454.2,94.6,120.2,1614.3,2899.2,530.9,1042.4,5744.3,4742.0,3573.7,1569.3,4985.5,3332.2,3077.3,2198.7,1845.3,3410.0,1197.0,2755.3,1145.9,2441.8,1655.6,6007.6,7857.1,4699.8,1706.2,882.5
2026-10-08 22:45:00,811.8,495.4,1173.2,1185.7,733.1,338.6,32.2,2.1,326.5,57.4,228.3,1896.1,4999.4,5611.4,1597.5,1445.6,94.6,106.6,1608.7,2895.1,532.4,1044.2,5707.2,4769.8,3544.3,1566.8,4967.0,3267.1,3072.0,2148.5,1862.3,3164.9,1187.3,2632.0,1135.4,2450.2,1642.9,6014.1,7792.3,4703.3,1676.4,912.5
2026-10-08 23:00:00,808.4,531.2,1153.8,1171.1,714.5,337.2,17.7,12.4,321.9,81.7,268.2,1889.6,4803.0,5626.3,1487.2,1326.7,2.6,189.9,1565.5,2834.3,501.4,1038.4,5540.2,4614.3,3466.2,1562.8,4841.7,3224.9,3041.8,2169.6,1861.0,3368.1,1172.1,2663.6,1124.9,1710.1,1628.0,5832.8,7665.2,4831.2,1628.5,944.6
2026-10-08 23:15:00,797.5,528.3,1141.1,1167.8,701.5,334.4,18.2,2.2,318.3,81.3,261.9,1893.2,4835.1,5557.9,1451.4,1318.5,7.1,190.0,1562.0,2817.2,513.5,1041.0,5554.0,4656.7,3426.5,1566.2,4863.3,3232.9,3032.6,2145.2,1876.6,3300.5,1162.6,2637.7,1108.2,1719.5,1617.9,5785.5,7623.6,4789.8,1623.2,971.1
2026-10-08 23:30:00,824.0,518.3,1346.4,1165.7,682.9,340.1,18.2,2.2,312.5,87.6,263.0,1892.2,4816.5,5529.5,1505.5,1317.8,0.0,195.9,1558.0,2726.6,529.5,1043.6,5511.6,4702.9,3386.2,1566.2,4851.6,3206.9,3019.9,2133.5,1870.6,3119.5,1153.4,2603.5,1092.3,1729.0,1608.2,5880.5,7558.4,4798.2,1604.4,994.9
2026-10-08 23:45:00,868.1,522.3,1549.9,1163.2,672.7,343.2,18.2,1.4,307.1,78.8,250.2,1893.2,4885.9,5523.1,1492.1,1314.9,0.0,216.4,1546.2,2569.7,525.4,1046.2,5470.3,4754.7,3346.7,1566.2,4829.8,3180.3,3012.0,2136.4,1861.2,2989.8,1144.7,2556.4,1078.8,1744.3,1600.7,5915.3,7528.6,4854.8,1596.8,1023.6
2026-10-09 00:00:00,770.3,523.7,1309.6,1180.1,656.1,351.4,91.0,7.5,262.9,11.3,543.4,1797.4,4214.3,5898.5,1332.5,1252.0,0.0,203.7,1292.1,2683.2,452.2,1136.9,5648.1,4726.4,3377.0,1539.9,4604.5,2937.3,2913.4,1932.2,1836.2,2504.8,1124.0,2576.3,1143.3,1806.0,1652.9,6019.6,7464.6,4904.2,1513.4,1157.4
2026-10-09 00:15:00,777.2,506.0,1299.3,1230.2,653.4,357.7,91.0,2.0,257.4,7.0,535.5,1800.6,4220.3,5716.4,1454.7,1398.6,0.0,181.2,1306.6,2648.8,454.5,1127.2,5642.2,4793.4,3338.9,1539.9,4597.5,2917.2,2909.4,1902.1,1841.6,2344.8,1112.5,2557.0,1138.5,1825.1,1654.7,6060.4,7413.3,4913.3,1507.8,1157.1
2026-10-09 00:30:00,780.6,494.0,1294.1,1221.7,641.8,361.0,91.0,2.0,261.4,7.0,528.5,1815.1,4227.1,5636.2,1537.6,1470.6,0.0,181.5,1310.6,2635.9,465.5,1120.3,5634.2,4862.7,3315.7,1539.9,4598.8,2882.8,2900.8,1822.2,1846.8,2196.6,1102.8,2508.9,1133.3,1843.1,1655.0,6070.5,7375.8,4922.3,1501.5,1161.5
2026-10-09 00:45:00,793.5,471.0,1289.0,1213.4,649.4,363.5,93.7,2.0,253.5,7.0,518.8,1820.7,4316.3,5605.4,1509.1,1480.9,0.0,201.5,1326.4,2623.3,482.9,1120.6,5592.0,4918.5,3280.1,1538.8,4604.9,2828.3,2893.4,1736.9,1853.2,2057.7,1095.4,2398.7,1122.7,1859.5,1649.9,6058.2,7367.6,4937.1,1500.4,1167.3
2026-10-09 01:00:00,782.3,490.0,1284.2,1213.0,656.1,362.9,103.0,0.6,285.8,4.0,261.3,1937.1,4240.8,5535.5,1793.6,1436.6,74.3,98.8,1422.5,2617.4,488.1,1082.7,5546.5,5094.4,3229.3,1551.6,4435.1,2720.8,2895.0,1702.6,1809.1,2128.9,1054.4,1787.6,1122.5,1777.3,1655.1,5712.0,7228.6,4974.2,1478.3,1180.6
2026-10-09 01:15:00,780.5,479.4,1276.3,1224.0,652.1,363.1,103.0,0.5,284.1,4.0,247.8,1940.6,4263.7,5643.5,1757.0,1270.0,74.3,98.7,1449.0,2626.2,486.1,1080.8,5523.7,5158.8,3204.9,1550.1,4431.1,2690.2,2889.2,1685.6,1818.0,2058.9,1049.5,1752.6,1113.9,1794.2,1647.9,5666.6,7262.3,4983.4,1480.4,1182.2
2026-10-09 01:30:00,825.2,457.8,1272.9,1231.0,649.6,363.9,103.0,0.5,284.3,5.4,249.5,1941.3,4874.1,5626.7,1721.1,1212.7,74.3,119.1,1451.5,2627.9,486.3,1087.8,5476.8,5199.5,3179.9,1550.1,4423.2,2572.0,2886.1,1680.0,1813.3,1864.9,1045.1,1722.3,1111.3,1811.4,1645.5,5698.7,7185.3,4999.2,1478.9,1183.0
2026-10-09 01:45:00,824.7,457.5,1270.0,1258.5,660.9,364.4,105.7,0.3,285.8,7.5,258.7,1943.8,4972.0,5547.5,1728.4,1254.8,74.3,119.0,1464.0,2627.4,495.8,1095.7,5471.9,5239.7,3151.8,1546.3,4415.8,2562.9,2879.7,1679.7,1816.6,1779.5,1037.7,1701.3,1110.6,1827.7,1640.8,5693.8,7205.2,5012.2,1484.5,1183.7
2026-10-09 02:00:00,824.7,461.7,1279.3,1219.1,638.9,366.9,103.0,0.5,287.8,14.0,251.6,1826.5,4800.0,5585.9,2018.3,1324.8,71.7,106.7,1289.4,2770.3,479.9,1090.7,5373.7,5260.3,3128.8,1542.9,4412.2,2597.9,2870.7,1636.4,1800.6,1985.5,1053.3,1468.9,1109.0,1683.6,1671.3,5404.3,7097.2,5046.1,1461.2,1180.9
2026-10-09 02:15:00,824.6,456.4,1276.7,1222.0,639.4,368.3,105.0,0.5,288.8,14.0,261.6,1834.3,4855.6,5472.0,1973.4,1329.0,71.7,131.7,1295.4,2748.5,480.2,1093.3,5365.4,5303.7,3115.6,1542.9,4404.6,2592.4,2866.9,1617.5,1799.6,1770.4,1049.4,1466.8,1106.0,1699.6,1669.4,5432.1,7084.4,5074.4,1464.8,1191.8
2026-10-09 02:30:00,833.5,456.6,1277.1,1242.4,655.0,371.0,105.7,0.6,305.0,26.4,245.9,1842.2,5195.4,5475.8,1924.6,1363.3,71.7,131.4,1300.0,2765.7,476.6,1102.8,5339.3,5299.4,3107.8,1542.9,4402.6,2590.3,2865.8,1634.4,1799.3,1742.4,1046.0,1467.8,1100.2,1715.3,1669.6,5404.4,7065.9,5069.0,1457.2,1201.3
2026-10-09 02:45:00,839.1,456.7,1278.5,1270.8,656.7,375.2,103.3,0.3,344.9,22.9,238.9,1845.0,5990.2,5561.5,1945.2,1424.4,71.7,131.3,1303.1,2753.0,484.7,1111.2,5314.3,5317.6,3096.9,1543.0,4398.2,2588.2,2863.7,1642.3,1799.5,1739.5,1041.2,1467.9,1102.6,1730.2,1671.1,5412.3,7102.7,5061.3,1456.3,1203.7
2026-10-09 03:00:00,835.8,457.8,1408.5,1301.2,690.0,324.3,103.3,0.3,342.5,20.7,302.0,1843.9,5948.7,5457.8,2236.9,1506.9,89.0,115.5,971.4,2684.9,463.5,1086.9,5347.3,5420.7,3076.9,1540.1,4238.6,2551.0,2861.0,1639.9,1797.1,1729.2,1107.1,1496.0,1107.5,1678.1,1675.4,5381.0,7064.6,5090.1,1467.7,1218.7
2026-10-09 03:15:00,841.4,461.0,1408.7,1300.8,695.5,326.5,106.0,0.3,338.5,16.0,321.4,1845.1,5947.6,5390.6,2207.3,1518.6,89.0,115.7,1004.5,2631.8,454.9,1087.6,5343.6,5446.5,3067.0,1539.0,4239.0,2476.5,2864.2,1626.3,1795.7,1734.8,1104.2,1493.7,1111.0,1693.2,1676.2,5345.9,7072.6,5089.6,1463.8,1235.8
2026-10-09 03:30:00,844.1,464.2,1627.0,1323.3,706.7,328.1,105.7,0.7,340.3,16.0,319.5,1848.9,5927.8,5382.9,2213.1,1556.8,89.0,130.6,1020.8,2609.7,451.0,1081.9,5341.8,5516.2,3068.1,1539.5,4241.0,2445.5,2864.8,1626.8,1794.3,1738.7,1101.3,1492.9,1111.0,1708.3,1677.9,5366.8,7077.0,5094.8,1465.6,1249.4
2026-10-09 03:45:00,845.4,467.4,1630.0,1320.9,715.9,328.0,103.1,0.7,342.8,16.0,318.3,1852.3,5965.0,5259.4,2227.5,1593.8,89.0,110.5,1024.6,2586.6,462.5,1085.9,5344.9,5539.9,3059.5,1539.6,4244.4,2338.0,2863.9,1628.8,1794.2,1735.7,1102.0,1492.3,1112.2,1724.8,1680.2,5363.4,7126.7,5093.9,1462.7,1262.5
2026-10-09 04:00:00,865.2,470.8,1649.2,1360.9,728.7,328.1,93.7,2.2,342.4,14.0,324.2,1859.4,6061.9,5372.8,2292.8,1625.4,92.8,128.0,968.5,2677.5,442.1,1085.2,5451.7,5596.4,3066.0,1534.4,3941.6,2424.6,2855.3,1629.4,1797.9,1717.1,1101.8,1492.2,1117.1,1752.3,1690.5,5365.8,7172.1,5255.7,1465.5,1277.2
2026-10-09 04:15:00,874.0,472.7,1664.5,1340.5,739.9,327.8,91.1,2.1,347.8,7.7,313.9,1864.3,6064.5,5396.1,2265.8,1626.6,92.8,128.4,973.2,2621.5,437.6,1087.9,5486.1,5631.2,3065.0,1534.3,3946.8,2460.9,2857.6,1632.2,1804.0,1721.8,1102.1,1492.2,1120.4,1768.4,1691.2,5351.4,7151.4,5244.1,1474.4,1280.4
2026-10-09 04:30:00,881.4,474.5,1693.8,1349.1,754.3,327.1,91.0,2.1,348.8,7.7,306.0,1864.4,5971.1,5380.4,2165.7,1645.3,92.8,108.9,979.4,2579.1,436.2,1079.4,5526.8,5666.1,3074.9,1532.2,3958.4,2562.2,2858.2,1638.7,1797.7,1711.7,1103.2,1492.7,1126.4,1785.5,1695.5,5340.1,7165.2,5239.2,1476.9,1286.0
2026-10-09 04:45:00,896.9,476.2,1738.9,1367.6,770.6,327.1,91.0,9.1,354.0,4.4,294.2,1871.1,5823.0,5419.8,2167.8,1659.1,92.8,126.7,985.2,2525.6,431.8,1075.7,5527.2,5711.7,3087.9,1532.2,3964.5,2592.4,2861.9,1640.2,1796.6,1716.6,1102.2,1492.6,1131.8,1804.3,1700.5,5342.1,7191.2,5232.3,1489.9,1290.7
2026-10-09 05:00:00,935.7,477.1,1373.5,1347.7,759.2,326.9,91.0,13.6,362.1,12.5,178.8,1849.7,5998.7,5628.0,2023.2,1691.3,95.0,82.7,893.7,2517.4,436.5,1121.9,5822.3,5810.3,3160.3,1526.5,4057.6,3060.8,2850.9,1654.2,1813.8,1730.7,1107.7,1525.7,1141.0,1880.7,1668.5,5401.3,7403.0,5239.5,1516.5,1295.6
2026-10-09 05:15:00,954.2,476.5,1432.2,1350.3,784.8,325.2,91.0,14.4,363.2,2.5,174.1,1851.6,5195.3,5619.3,1969.1,1693.7,95.0,43.5,890.7,2447.3,418.6,1119.4,5888.0,5862.7,3190.5,1526.5,4083.7,3060.2,2861.2,1662.1,1818.4,1746.7,1115.2,1526.2,1149.8,1901.0,1680.5,5419.8,7413.9,5236.5,1540.6,1299.2
2026-10-09 05:30:00,953.3,476.3,1485.0,1371.5,781.9,325.7,91.0,14.3,374.4,0.0,171.0,1848.8,4332.2,5615.4,1891.3,1691.0,95.0,112.9,906.2,2317.2,413.6,1103.0,5954.3,5960.5,3235.5,1525.5,4106.5,3059.7,2868.1,1661.3,1819.7,1830.3,1121.1,1525.8,1158.9,1922.7,1693.9,5505.1,7532.1,5223.2,1565.5,1287.1
2026-10-09 05:45:00,936.6,476.2,1316.2,1369.5,803.7,325.1,91.0,16.4,330.9,5.5,165.2,1849.2,4333.5,5749.3,1842.5,1714.0,95.0,116.4,919.7,2229.1,415.4,1103.1,6021.4,6001.9,3280.0,1525.5,4130.4,3213.5,2880.6,1668.9,1824.4,1810.9,1100.7,1617.9,1167.1,1944.7,1705.8,5509.5,7652.2,5218.2,1599.9,1285.1
2026-10-09 06:00:00,930.1,479.2,1463.5,1368.1,838.8,503.6,13.5,23.4,388.1,3.7,475.3,1810.7,4659.2,6027.7,1688.6,1678.6,0.0,206.1,1321.5,2221.8,449.6,1142.7,6182.0,6043.5,3424.4,1504.3,4165.5,3854.2,2950.6,1754.6,1881.2,1937.1,1099.8,1922.0,1197.7,2008.4,1730.0,5849.1,7914.0,5111.6,1703.4,1251.8
2026-10-09 06:15:00,947.4,478.8,1486.3,1461.2,849.4,505.6,12.0,26.1,355.1,53.1,482.4,1814.7,4667.1,6294.4,1700.2,1698.6,0.0,207.1,1338.3,2152.0,446.9,1122.8,6219.4,6131.5,3500.0,1511.8,4200.2,3975.8,2976.4,1783.9,1894.1,1943.4,1089.5,2152.5,1208.3,2014.1,1746.7,5920.0,8036.5,5093.5,1744.2,1234.4
2026-10-09 06:30:00,962.5,482.8,1275.9,1481.4,867.6,508.7,12.0,24.9,369.0,44.0,492.9,1811.5,4059.1,6334.1,1679.9,1697.5,0.0,207.4,1362.4,2052.2,459.3,1101.8,6215.5,6174.8,3574.3,1511.8,4181.6,3948.3,2995.2,1793.6,1903.9,2127.8,1110.2,2335.1,1224.7,2025.8,1773.1,5876.2,8225.8,5063.7,1784.2,1220.9
2026-10-09 06:45:00,973.8,491.3,1294.3,1496.9,890.6,513.5,12.0,29.6,380.9,45.4,487.6,1813.5,3537.3,5893.5,1709.4,1726.7,0.0,208.4,1390.3,2001.8,467.9,1106.4,6199.3,6228.7,3645.5,1513.1,4214.0,4199.2,3026.9,1945.6,1901.9,2167.2,1125.6,2858.3,1236.3,2040.3,1792.0,5890.1,8407.2,5119.6,1849.7,1211.5
2026-10-09 07:00:00,999.1,476.2,1336.1,1647.0,910.1,579.4,16.0,32.9,404.9,78.8,486.0,1913.9,3682.8,6263.4,1568.6,1860.5,121.8,106.0,1497.3,1880.0,497.9,1107.9,6306.4,6188.2,3798.7,1571.5,4479.8,4127.4,3106.8,2222.7,1997.6,2396.6,1154.6,3309.5,1255.1,2147.3,1829.4,5997.9,8739.6,5073.3,1950.7,1184.2
2026-10-09 07:15:00,1009.6,483.5,1358.8,1666.5,927.6,583.5,16.0,32.6,418.6,65.4,476.5,1912.2,3525.3,6186.9,1619.7,1869.0,121.7,108.3,1502.4,1982.3,496.5,1091.5,6322.5,6243.7,3868.0,1568.6,4514.6,4263.3,3119.7,2257.9,1993.5,2481.0,1174.0,3315.3,1254.9,2162.4,1843.0,5997.5,8842.3,5100.7,1984.4,1176.9
2026-10-09 07:30:00,1015.2,480.6,1360.0,1676.9,940.3,590.9,16.0,33.5,436.4,96.8,499.5,1910.4,3531.9,6346.3,1675.5,1904.2,146.6,101.3,1525.2,1921.1,502.2,1082.7,6342.1,6292.9,3910.9,1576.3,4531.1,4302.5,3133.5,2288.9,1995.8,2506.3,1184.7,3527.7,1259.5,2175.7,1848.8,6045.8,8929.9,5041.6,2007.2,1172.8
2026-10-09 07:45:00,1024.6,484.0,1350.1,1701.8,948.6,600.0,16.0,15.8,446.9,40.3,488.1,1910.4,3593.5,6462.7,1705.6,1871.5,146.5,103.6,1556.8,1802.3,518.3,1075.2,6361.6,6330.5,3954.2,1604.8,4538.0,4469.9,3168.5,2340.5,2008.5,2512.5,1191.9,3729.5,1262.8,2187.2,1862.1,6053.3,9011.5,5069.9,2032.0,1164.6
2026-10-09 08:00:00,1042.8,469.0,1335.5,1726.6,947.6,640.8,51.0,21.9,468.9,114.5,549.8,1966.1,3899.5,6855.9,1935.1,1927.7,148.0,86.6,1611.3,1560.8,509.6,1103.0,6356.6,6216.3,3965.3,1596.3,4464.7,4816.9,3205.1,2468.0,2034.9,2567.2,1209.5,4195.8,1252.4,2235.3,1865.2,6027.4,9119.7,5172.7,2034.8,1203.7
2026-10-09 08:15:00,1042.0,529.7,1317.0,1738.8,952.4,656.4,51.0,9.4,477.6,69.2,541.0,1970.6,3950.4,6921.0,1960.9,1923.8,148.1,95.6,1621.1,1485.8,506.0,1056.2,6354.9,6250.0,3988.6,1591.6,4525.7,4339.3,3214.2,2443.2,2040.0,2572.6,1214.0,4036.9,1254.4,2235.7,1870.5,5992.2,9148.3,5123.8,2052.6,1191.2
2026-10-09 08:30:00,1053.8,547.4,1283.5,1748.8,951.2,670.5,51.0,4.3,485.2,72.4,553.3,1981.4,3952.9,7030.3,1988.1,1906.1,163.8,118.0,1629.8,1322.1,505.8,1035.2,6308.3,6289.0,3983.9,1560.1,4522.6,4039.2,3216.1,2330.1,2037.5,2581.3,1227.0,3693.3,1252.6,2228.2,1871.8,5955.1,9155.0,5061.3,2043.5,1183.1
2026-10-09 08:45:00,1054.5,554.1,1244.4,1760.8,950.4,685.9,51.0,4.6,516.5,26.1,546.4,1989.2,4211.7,7310.3,2019.9,1842.8,172.5,105.6,1638.4,1080.3,522.8,1011.0,6337.5,6387.3,3987.5,1524.9,4532.9,3786.3,3222.7,2271.1,2044.3,2553.9,1235.6,3306.8,1250.7,2212.9,1869.5,5908.5,9156.9,5020.1,2036.7,1176.3
2026-10-09 09:00:00,1048.7,567.5,1198.4,1686.3,945.7,705.5,79.0,5.7,490.0,95.7,558.0,1923.3,4419.7,7577.5,2012.5,1795.3,177.6,72.7,1739.7,1099.2,497.5,989.8,6334.6,6399.9,4034.6,1595.7,4501.3,4051.5,3199.4,2184.8,2056.1,2508.7,1233.6,3041.7,1250.3,2157.7,1854.7,5781.3,9127.9,4969.0,1980.9,1120.7
2026-10-09 09:15:00,1046.4,575.4,1162.4,1692.4,948.8,718.8,79.0,5.5,516.5,21.8,557.6,1929.4,5363.6,7808.1,2057.9,1763.1,175.6,85.4,1759.3,1034.7,495.8,972.5,6322.3,6431.4,4026.0,1590.2,4525.9,3956.1,3201.1,2050.7,2057.3,2507.6,1234.7,2517.1,1245.7,2144.8,1847.4,5740.3,9115.3,4924.6,1967.5,1121.0
2026-10-09 09:30:00,1035.2,553.8,1126.1,1701.4,948.7,750.3,79.1,5.8,512.5,22.8,555.0,1944.3,5369.0,7638.1,2106.9,1736.8,157.4,116.0,1764.4,917.4,494.0,976.4,6306.8,6472.2,4014.3,1577.4,4610.2,3679.6,3195.7,1853.0,2056.1,2533.0,1238.8,2274.4,1243.6,2142.6,1840.0,5702.2,9095.0,4884.1,1949.8,1120.6
2026-10-09 09:45:00,1027.1,535.9,1093.9,1709.1,945.9,772.4,79.0,6.0,509.8,16.2,561.8,1960.0,5396.2,7406.1,2107.6,1727.5,234.3,74.3,1791.6,900.6,493.1,971.8,6271.4,6513.6,4004.3,1573.6,4601.6,3424.4,3194.8,1742.5,2057.1,2534.8,1268.0,1948.7,1247.6,2140.3,1835.8,5660.1,9099.4,4845.6,1941.4,1120.7
2026-10-09 10:00:00,1023.9,540.4,1037.8,1580.9,935.8,637.0,45.0,6.3,487.1,63.9,470.9,1944.2,5338.3,7558.2,2244.0,1713.9,53.7,169.3,1526.7,735.5,474.7,940.3,6298.6,6524.0,4023.6,1394.7,4352.3,3907.9,3168.9,1719.0,2043.8,2463.2,1286.9,2251.2,1241.5,2072.0,1820.5,5558.6,9010.1,4693.0,1890.7,1111.8
2026-10-09 10:15:00,1024.7,547.1,999.4,1592.8,929.1,628.9,45.9,5.9,484.9,12.2,482.5,1938.4,5392.0,7561.9,2238.5,1702.9,54.2,169.3,1533.2,749.8,474.1,922.4,6285.4,6533.8,4000.4,1386.7,4338.6,3698.3,3167.2,1677.0,2055.5,2425.1,1279.2,1981.8,1238.0,2058.6,1812.0,5540.7,8991.4,4655.7,1874.9,1106.6
2026-10-09 10:30:00,1016.8,537.7,964.1,1610.7,924.5,635.2,46.8,6.1,478.9,12.3,501.7,1965.3,5402.0,7605.8,2294.2,1709.4,54.6,189.3,1532.9,802.3,470.5,930.7,6285.3,6538.4,3988.3,1373.4,4313.7,3487.7,3148.8,1644.7,2058.9,2399.9,1275.6,1911.3,1236.0,2046.6,1806.4,5489.6,8954.8,4632.1,1857.1,1099.7
2026-10-09 10:45:00,1006.5,542.2,927.0,1623.4,918.0,628.4,64.6,6.3,470.6,12.3,506.8,1982.6,6713.0,7623.0,2299.4,1702.5,70.0,169.3,1547.2,823.7,476.0,933.1,6295.6,6569.2,3972.0,1365.8,4287.8,3300.0,3147.4,1649.8,2056.1,2359.6,1271.1,1889.8,1231.6,2040.4,1804.6,5463.7,8972.8,4605.9,1841.7,1100.6
2026-10-09 11:00:00,992.2,525.9,902.5,1645.0,921.3,739.6,44.2,6.2,469.4,16.3,291.8,2003.4,6765.5,7700.6,2570.9,1750.7,38.2,164.7,1487.0,699.2,467.1,894.6,6319.7,6655.0,3978.1,1304.5,4259.4,3646.3,3125.0,1683.0,2022.3,2477.3,1566.3,1652.2,1225.6,1989.7,1800.4,5405.4,8891.5,4477.5,1817.3,1100.8
2026-10-09 11:15:00,994.1,507.9,892.6,1651.7,924.3,714.8,44.2,7.4,461.1,16.4,294.7,2017.6,7101.5,7866.3,2564.0,1755.5,43.5,164.7,1566.4,706.0,467.9,908.8,6328.7,6636.0,3963.7,1299.3,4242.0,3518.2,3120.6,1670.8,2035.7,2273.5,1553.3,1621.6,1225.3,1991.5,1798.6,5266.8,8879.8,4450.9,1804.5,1092.6
2026-10-09 11:30:00,996.6,489.8,1105.7,1665.3,926.3,704.3,45.1,7.2,454.0,16.4,298.2,2037.8,7150.3,8041.8,2562.0,1762.9,39.5,164.7,1558.1,725.0,469.0,897.4,6334.2,6654.8,3944.3,1292.7,4216.2,3449.0,3113.2,1673.1,2035.7,2241.3,1553.4,1605.9,1225.0,1994.5,1797.0,5177.4,8850.6,4425.0,1784.9,1092.8
2026-10-09 11:45:00,997.0,489.5,1113.2,1683.5,924.5,714.4,44.7,9.4,451.3,16.5,278.6,2046.6,7290.4,8201.3,2558.5,1773.8,32.7,164.7,1588.3,741.4,480.6,900.1,6343.9,6683.7,3930.1,1287.2,4209.7,3479.6,3111.3,1677.5,2037.8,2247.4,1548.2,1562.8,1224.6,1998.5,1792.3,5198.8,8871.4,4394.8,1779.4,1069.5
2026-10-09 12:00:00,992.4,511.0,1240.5,1715.5,973.8,813.2,67.1,9.3,419.4,52.5,268.7,2058.6,7251.9,8466.0,2798.0,1731.7,26.1,178.8,1649.2,720.4,479.1,881.4,6336.3,6803.3,3891.5,1255.5,4099.2,3490.4,3063.9,1614.3,2012.1,2256.9,1630.1,1405.8,1223.2,1971.1,1988.2,5136.3,8944.8,4392.6,1744.3,1066.7
2026-10-09 12:15:00,999.8,503.6,1256.0,1717.4,974.0,809.0,70.4,9.1,406.6,12.5,279.7,2066.5,7312.3,8578.6,2787.7,1726.0,26.1,186.4,1701.3,730.7,482.0,854.9,6323.2,6825.9,3881.5,1251.8,4093.5,3425.9,3057.6,1619.8,2010.4,2252.9,1620.0,1405.0,1222.1,1978.8,1983.6,5106.2,8924.5,4361.2,1724.3,1049.1
2026-10-09 12:30:00,979.3,505.3,1266.6,1720.1,968.6,802.6,70.2,4.1,405.9,12.5,263.1,2072.5,7383.5,8675.2,2803.7,1723.8,26.1,247.7,1775.5,787.3,488.6,849.0,6296.4,6863.4,3875.2,1247.6,4102.1,3427.1,3049.7,1622.9,2009.3,2254.0,1623.3,1390.5,1219.8,1988.9,1977.3,5104.9,8934.9,4290.7,1723.7,1041.2
2026-10-09 12:45:00,972.3,509.9,1271.0,1719.5,966.1,805.5,70.7,3.9,439.6,12.5,260.0,2081.0,7518.8,8770.1,2829.7,1729.3,26.1,196.8,1819.2,834.4,503.8,826.6,6278.2,6889.5,3861.9,1243.8,4098.6,3456.4,3049.9,1629.7,2015.2,2281.5,1617.3,1342.8,1215.7,2000.5,1973.8,5087.1,8921.1,4256.9,1727.7,1017.5
2026-10-09 13:00:00,973.3,516.7,1504.5,1752.7,968.1,876.6,52.6,7.0,488.0,6.6,294.5,2079.3,7375.6,8731.1,2840.9,1720.1,25.1,197.0,1850.4,938.7,521.6,775.8,6197.3,6941.5,3802.4,1217.2,4054.9,3310.2,2974.4,1619.7,2001.4,2239.9,1584.8,1287.6,1210.1,1960.0,1966.4,5122.6,8889.1,4209.9,1767.5,981.1
2026-10-09 13:15:00,1039.3,524.5,1530.4,1753.3,962.6,872.0,52.2,3.8,486.8,6.6,295.5,2085.7,7379.1,8801.2,2841.5,1719.3,51.1,197.4,1905.5,985.6,528.5,753.4,6188.9,6953.3,3799.8,1215.9,4064.6,3342.6,2968.9,1628.0,1994.0,2308.1,1586.0,1250.7,1206.7,1965.7,1961.0,5106.6,8886.1,4204.0,1756.6,960.1
2026-10-09 13:30:00,1014.0,527.3,1554.3,1740.9,964.2,865.9,51.4,8.8,485.2,6.7,294.0,2088.6,7386.5,8810.3,2865.7,1720.2,51.1,172.7,1903.8,1011.6,535.5,736.0,6176.3,7009.7,3798.6,1214.4,4061.2,3371.1,2965.6,1636.0,1995.7,2295.0,1588.5,1181.8,1202.8,1968.9,1955.8,5081.4,8858.3,4168.1,1759.4,930.5
2026-10-09 13:45:00,1019.7,522.4,1570.6,1729.2,962.9,857.4,49.7,3.8,459.9,6.7,283.9,2093.0,7336.8,8801.7,2856.8,1753.2,51.1,193.3,1903.0,1074.9,550.0,723.7,6175.7,7033.0,3794.1,1212.0,4049.2,3414.1,2966.2,1645.0,1994.9,2364.3,1581.1,1292.5,1202.3,1975.2,1951.1,5055.2,8821.5,4136.9,1764.3,895.5
2026-10-09 14:00:00,1007.6,487.7,1590.2,1720.0,899.2,751.1,84.4,6.1,409.8,62.3,332.7,2126.3,7341.7,8610.2,2764.7,1760.4,51.1,204.3,1901.5,1108.9,557.0,758.7,6175.2,7165.8,3810.6,1225.7,4243.3,3593.6,2903.0,1690.2,2001.3,2167.4,1568.7,1394.4,1192.6,2016.2,1938.9,5085.2,8609.7,3911.0,1723.1,851.5
2026-10-09 14:15:00,1004.8,487.8,1612.9,1708.3,897.0,734.8,84.3,7.7,403.0,27.1,330.1,2102.8,7287.3,8585.2,2773.3,1741.3,51.1,197.0,1889.5,1120.4,556.0,755.0,6191.7,7183.4,3813.2,1224.5,4244.1,3600.5,2902.1,1682.0,2001.5,2289.1,1566.9,1393.6,1193.5,2018.5,1937.2,5048.3,8596.3,3904.9,1730.8,824.5
2026-10-09 14:30:00,1005.1,475.1,1629.8,1693.0,896.5,718.5,84.9,7.6,398.2,24.3,362.0,2086.5,7285.3,8549.4,2731.8,1725.7,50.4,196.7,1873.7,1144.5,547.7,749.6,6203.0,7207.2,3810.4,1223.8,4240.4,3616.2,2895.7,1694.3,1992.4,2449.9,1567.7,1392.8,1191.8,2019.5,1940.5,5007.0,8574.1,3864.0,1754.6,801.4
2026-10-09 14:45:00,961.2,458.6,1645.7,1681.1,896.5,702.1,84.0,21.2,389.5,23.8,372.5,2092.7,7209.5,8539.5,2671.2,1719.4,25.0,193.4,1852.4,1181.4,555.0,764.8,6216.6,7270.8,3811.1,1222.8,4246.2,3640.7,2896.7,1719.2,1993.8,2694.7,1567.1,1393.4,1197.6,2019.2,1948.6,4964.8,8554.9,3821.5,1758.9,774.0
2026-10-09 15:00:00,957.3,459.1,1310.1,1701.8,882.6,783.4,109.3,6.2,403.0,47.4,317.1,2114.3,7046.3,8701.5,2862.2,1701.3,20.1,201.1,2024.5,1184.3,552.9,786.6,6147.9,7305.0,3824.4,1220.4,4117.4,3548.6,2834.5,1734.3,2006.9,2432.7,1589.1,1175.5,1202.8,2079.8,1962.4,5087.8,8599.7,3763.2,1808.4,699.8
2026-10-09 15:15:00,950.4,448.6,1338.4,1694.3,880.6,785.0,92.3,5.9,398.5,45.8,362.8,2112.4,6883.0,8603.3,2802.6,1707.5,20.0,195.8,1992.7,1191.3,534.2,787.2,6129.4,7372.2,3838.8,1219.9,4121.8,3557.0,2831.1,1742.5,2013.8,2862.1,1586.5,1166.9,1203.7,2078.0,1972.3,5040.0,8606.4,3721.0,1828.5,676.8
2026-10-09 15:30:00,953.4,426.8,1334.2,1693.5,880.9,787.6,92.0,6.4,395.3,40.8,360.5,2100.1,6846.5,8680.2,2780.1,1706.8,20.0,212.0,1957.3,1141.9,531.3,803.3,6112.7,7419.1,3837.8,1218.9,4134.9,3568.9,2827.8,1752.7,1994.3,2984.6,1598.9,1160.5,1205.9,2077.5,1977.1,5048.5,8619.6,3698.3,1854.7,673.8
2026-10-09 15:45:00,951.4,391.9,1357.7,1686.6,885.2,788.6,92.0,18.6,398.4,40.7,373.4,2097.6,5781.4,8593.5,2789.3,1703.3,20.0,232.1,1943.2,1117.0,527.7,831.5,6064.6,7405.7,3851.1,1218.8,4140.3,3576.7,2836.8,1764.0,1991.5,3040.3,1594.7,1167.5,1210.5,2078.5,1978.1,5007.2,8651.9,3654.0,1878.9,627.6
2026-10-09 16:00:00,970.4,380.5,1374.1,1688.8,888.5,787.3,76.4,24.3,417.3,3.9,386.4,2013.4,6024.4,8436.7,2686.0,1691.4,45.1,169.6,1398.3,1282.4,543.6,870.3,6127.3,7456.8,3885.3,1214.3,4073.7,3349.5,2834.2,1889.5,1996.3,3007.7,1602.5,1149.4,1215.3,2132.4,1977.1,5133.3,8717.5,3646.5,1980.0,576.7
2026-10-09 16:15:00,983.4,359.2,1392.3,1696.4,892.1,774.9,62.0,24.1,410.0,47.1,386.6,2006.2,5878.9,8424.0,2717.8,1679.6,20.0,224.3,1356.1,1455.5,522.4,880.2,6143.6,7456.1,3902.8,1213.9,4081.9,3437.1,2835.0,1904.9,1993.1,3060.4,1607.6,1168.7,1216.7,2133.8,1978.4,5086.3,8762.1,3616.7,2000.6,547.8
2026-10-09 16:30:00,983.3,331.6,1189.6,1697.6,899.2,765.2,62.1,23.7,372.3,40.5,360.4,1989.2,5435.7,8505.1,2763.0,1689.2,20.0,290.5,1346.5,1475.3,545.2,897.4,6100.5,7476.9,3922.0,1213.6,4096.3,3512.1,2832.7,1925.0,1993.7,3044.2,1617.3,1206.4,1221.1,2135.6,1983.0,5067.4,8816.9,3603.6,2021.9,517.6
2026-10-09 16:45:00,983.3,310.9,1203.8,1697.5,898.3,755.4,62.1,24.4,380.0,40.4,357.0,1979.3,5329.4,8585.0,2819.4,1686.3,37.8,267.0,1271.3,1506.5,538.9,922.2,6074.3,7484.8,3932.2,1213.2,4094.3,3537.0,2832.9,1937.5,2000.0,3134.2,1623.3,1403.8,1223.7,2150.4,1991.6,4973.5,8895.9,3569.1,2053.3,491.6
2026-10-09 17:00:00,992.9,349.0,1235.4,1851.6,896.7,446.1,52.8,74.1,333.0,46.6,291.3,1964.0,5542.5,8310.9,2689.6,1701.7,27.7,177.1,1337.2,1614.6,597.6,1017.6,6195.8,7504.1,3865.7,1239.4,4428.0,3725.0,2835.0,2103.2,2015.8,2991.4,1548.5,1683.6,1233.1,2199.9,2007.3,5243.8,9023.1,3677.3,2112.4,491.8
2026-10-09 17:15:00,1010.6,292.4,1246.1,2023.5,907.4,429.2,52.6,77.1,324.0,46.8,288.1,1952.7,5376.4,9018.3,2734.7,1670.2,20.0,191.3,1276.3,1688.3,583.5,1024.5,6206.3,7540.3,3877.0,1239.1,4427.7,3811.9,2836.4,2120.7,2017.6,2995.2,1548.6,1697.3,1235.4,2219.4,2015.5,5171.0,9105.4,3656.4,2139.6,470.8
2026-10-09 17:30:00,1012.1,305.7,1256.3,2035.1,908.0,427.7,54.6,78.8,347.7,40.2,297.1,1931.0,4826.6,9141.3,2775.0,1677.1,20.0,192.9,1270.0,1719.3,586.0,1028.6,6210.8,7551.1,3882.3,1240.2,4426.4,3805.7,2834.1,2140.6,2008.1,2992.3,1545.2,1698.1,1237.3,2238.8,2025.2,5161.8,9169.9,3636.5,2158.2,451.4
2026-10-09 17:45:00,1024.8,307.7,1266.6,2042.3,905.3,433.8,54.4,96.7,349.4,40.1,283.8,1917.6,4488.9,8628.9,2788.0,1681.9,20.0,171.5,1259.9,1750.5,580.0,1045.2,6204.5,7545.6,3885.7,1237.7,4425.2,3798.4,2839.6,2159.8,2006.2,3015.1,1520.5,1682.7,1241.1,2258.8,2030.0,5155.9,9234.1,3617.4,2177.6,433.2
2026-10-09 18:00:00,1029.3,310.0,1285.2,2057.4,913.7,431.2,52.4,78.3,331.9,28.2,599.1,1910.8,4238.0,8557.1,2617.0,1683.6,144.0,75.3,1708.9,1809.1,626.9,1043.5,6336.5,7509.6,3842.8,1250.5,4642.9,3912.5,2836.9,2318.0,2039.5,3035.3,1495.5,1926.0,1244.9,2264.0,1960.8,5185.0,9275.2,3750.4,2195.7,467.0
2026-10-09 18:15:00,1027.7,300.5,1299.9,2058.8,915.8,432.8,52.4,97.7,334.2,20.0,594.9,1898.9,4139.2,8861.2,2610.1,1706.4,144.1,74.8,1685.8,1815.5,615.7,1047.4,6358.4,7506.3,3854.0,1244.9,4646.5,3855.2,2843.7,2324.4,2034.6,3036.5,1495.2,1924.2,1246.1,2279.6,1960.0,5188.4,9304.4,3757.9,2204.5,461.3
2026-10-09 18:30:00,1029.3,307.8,1304.5,2063.1,913.5,433.2,52.4,97.7,329.2,57.5,608.2,1910.6,4141.2,8713.8,2547.6,1791.4,144.0,89.4,1663.8,1863.0,608.9,1049.9,6361.1,7454.2,3848.3,1254.1,4640.7,4013.7,2839.4,2373.3,2034.1,3048.9,1499.0,2113.9,1246.0,2292.0,1959.9,5186.4,9317.7,3807.7,2181.1,451.7
2026-10-09 18:45:00,1025.1,293.0,1303.8,2063.7,912.8,432.9,52.4,77.2,322.9,59.8,599.8,1901.4,4087.3,8998.3,2534.1,1757.9,144.0,145.7,1660.7,1856.2,595.6,1054.6,6343.3,7452.3,3867.1,1255.2,4641.1,3994.9,2847.3,2379.7,2035.0,3051.5,1499.0,2166.0,1245.4,2301.4,1959.7,5173.1,9314.5,3818.0,2176.0,441.9
2026-10-09 19:00:00,1015.8,352.5,1292.1,2064.7,910.4,388.7,62.3,36.3,323.2,24.1,658.7,2006.4,4181.2,8863.4,2353.4,1708.6,135.9,104.1,2061.2,1968.7,572.0,1034.1,6288.6,7396.6,3861.6,1342.9,4582.5,3774.9,2847.6,2451.2,2041.0,3036.8,1504.4,2430.5,1237.7,2239.0,1957.8,4915.8,9236.3,3831.6,2186.3,436.7
2026-10-09 19:15:00,1009.2,337.2,1278.4,2066.7,903.6,386.9,62.3,34.9,320.3,16.7,673.0,2004.6,4120.2,8889.3,2319.8,1694.3,137.1,105.9,2052.9,1894.8,583.6,1034.4,6261.1,7398.3,3857.4,1346.1,4616.4,3579.8,2850.4,2427.0,2041.1,3026.2,1507.0,2253.3,1237.0,2242.5,1954.8,4906.5,9209.9,3831.1,2177.9,433.1
2026-10-09 19:30:00,1003.5,295.1,1264.3,2066.8,894.3,385.2,63.3,39.2,316.9,23.2,670.2,2011.8,4115.3,8639.9,2269.5,1749.2,138.3,118.1,2051.3,1915.4,578.0,1036.6,6230.5,7375.1,3849.4,1346.8,4607.8,3523.7,2846.8,2409.9,2044.5,3021.4,1506.3,2058.5,1230.4,2242.3,1952.5,4837.7,9173.9,3827.8,2172.2,423.8
2026-10-09 19:45:00,997.2,260.1,1242.7,2065.9,883.5,374.0,62.7,36.1,318.4,23.9,675.5,2010.6,4059.1,8497.4,2249.0,1719.2,139.5,119.6,2047.3,1817.2,588.5,1034.9,6210.0,7366.2,3835.2,1349.0,4592.0,3426.6,2845.9,2405.2,2039.0,3015.4,1500.2,2046.1,1230.9,2238.4,1948.0,4820.1,9133.8,3785.7,2161.4,416.1
2026-10-09 20:00:00,979.3,351.3,1204.7,1938.4,865.0,361.0,66.0,35.9,321.1,12.0,636.8,1942.9,3799.7,8636.1,2355.8,1750.9,137.9,93.2,1559.6,1708.4,570.2,996.5,6123.1,7329.7,3787.3,1268.4,4566.7,3405.5,2826.7,2385.7,2025.2,2889.3,1493.7,2115.4,1217.2,2185.2,1936.1,4696.8,8871.0,3728.1,2122.0,366.3
2026-10-09 20:15:00,971.1,312.0,1182.3,1928.9,852.4,361.5,66.0,21.8,309.6,12.7,631.3,1950.6,3985.7,8703.1,2339.9,1720.7,137.8,82.7,1562.4,1680.9,565.9,998.0,6109.3,7330.9,3763.8,1271.1,4592.8,3321.7,2822.7,2379.2,2022.2,2883.9,1487.0,2054.0,1218.0,2176.7,1928.3,4667.9,8783.6,3725.7,2098.1,360.9
2026-10-09 20:30:00,956.6,277.0,1154.6,1917.0,839.6,360.0,66.0,21.7,304.0,29.2,605.1,1949.7,4578.4,9464.3,2344.6,1724.1,137.8,81.8,1571.6,1715.8,564.8,999.5,6091.3,7274.0,3738.9,1274.4,4576.6,3261.2,2810.8,2380.9,2027.4,2891.6,1509.9,2010.9,1209.6,2169.6,1917.5,4642.7,8700.9,3712.1,2074.1,362.7
2026-10-09 20:45:00,956.6,283.3,1124.1,1892.3,823.9,360.3,66.0,20.6,296.6,37.5,569.6,1953.2,5242.4,9036.8,2353.4,1756.0,142.9,76.5,1571.5,1811.5,550.8,1005.0,6066.6,7240.9,3731.1,1283.3,4590.1,3136.1,2802.8,2384.4,2017.3,2885.9,1502.1,2002.1,1209.2,2161.8,1908.1,4623.7,8609.8,3718.3,2036.9,359.8
2026-10-09 21:00:00,922.7,291.3,1121.1,1862.5,807.0,358.7,32.0,21.7,299.2,64.2,206.0,2025.1,5002.5,9049.5,2477.1,1597.4,118.5,161.7,1552.5,1731.0,535.0,984.8,6090.1,7246.6,3686.6,1292.6,4440.8,3111.3,2781.1,2369.1,2010.9,2727.0,1509.7,1738.5,1201.9,2165.8,1897.6,4705.1,8479.2,3640.3,2002.7,344.3
2026-10-09 21:15:00,896.1,305.1,1059.2,1704.2,781.5,360.1,32.0,20.6,291.2,35.5,191.9,2028.6,5005.8,8545.7,2444.0,1629.4,118.5,172.9,1556.2,1752.9,520.6,986.1,6107.3,7235.9,3661.4,1293.8,4430.3,3067.8,2772.9,2372.5,2006.8,2724.3,1497.4,1668.3,1192.6,2157.9,1885.8,4744.9,8437.3,3651.5,1977.4,342.4
2026-10-09 21:30:00,897.0,306.5,1031.2,1670.8,770.4,359.2,32.0,20.6,317.2,32.2,194.3,2037.1,5093.8,8532.6,2464.5,1603.4,118.5,153.8,1564.0,1685.7,533.3,985.5,6096.4,7194.2,3641.5,1295.4,4426.9,2975.0,2761.9,2345.9,2003.8,2720.7,1493.2,1656.8,1193.8,2149.5,1875.9,4738.3,8305.4,3654.6,1951.2,340.6
2026-10-09 21:45:00,878.9,314.5,1025.8,1658.4,752.4,356.3,32.0,19.2,320.0,27.2,184.0,2041.6,5743.9,8616.8,2452.2,1580.1,118.5,192.8,1661.5,1670.6,548.6,988.3,6246.0,7301.8,3618.2,1296.8,4425.2,2781.2,2755.7,2348.0,2004.3,2721.7,1480.6,1597.5,1186.4,2141.5,1866.6,4713.0,8215.8,3663.2,1935.0,343.6
2026-10-09 22:00:00,854.5,327.7,1001.5,1637.6,744.3,355.3,22.0,20.7,259.9,49.6,190.6,2064.6,5516.3,8721.6,2275.1,1357.8,28.1,101.8,1638.6,1728.3,504.9,976.2,6088.8,7300.9,3606.8,1313.4,4495.3,3092.5,2762.2,2365.3,1980.4,2653.7,1556.2,1591.4,1177.2,2183.4,1883.6,4716.4,8143.5,3529.8,1880.2,328.4
2026-10-09 22:15:00,867.9,341.1,978.6,1609.1,734.9,355.2,22.0,19.5,259.5,20.6,179.5,2068.3,5624.8,8371.0,2254.1,1344.0,28.1,100.4,1665.5,1700.2,503.2,972.6,6049.8,7279.6,3578.6,1315.8,4485.3,3065.6,2753.4,2366.9,1974.7,2661.6,1542.7,1579.7,1175.5,2175.1,1876.7,4647.4,8043.2,3536.0,1888.2,322.5
2026-10-09 22:30:00,843.3,353.1,952.6,1581.1,709.9,355.1,22.1,19.1,258.2,31.6,151.0,2093.1,5934.1,8554.0,2272.7,1355.8,20.1,142.9,1637.8,1766.0,497.8,986.5,5998.2,7244.4,3546.8,1316.1,4474.2,3041.4,2741.5,2366.1,1967.6,2553.9,1535.7,1591.2,1169.3,2165.4,1873.5,4623.3,7976.1,3553.2,1861.4,322.3
2026-10-09 22:45:00,865.8,365.9,931.3,1553.5,693.7,354.3,22.0,19.2,283.0,30.8,149.2,2095.5,5991.6,8300.7,2254.5,1345.9,20.0,141.8,1748.9,1740.4,509.4,984.7,5814.3,7067.1,3521.6,1317.5,4454.2,3022.1,2720.6,2369.8,1964.5,2543.8,1523.5,1524.1,1169.6,2153.7,1873.7,4593.7,7920.5,3561.3,1846.9,320.1
2026-10-09 23:00:00,878.8,379.5,891.1,1526.1,677.5,353.7,32.1,4.1,253.2,70.5,239.0,2058.5,5799.1,7731.7,2066.2,1106.0,98.9,92.0,1523.3,1685.2,494.8,980.0,5681.8,6974.2,3435.6,1315.8,4127.4,2906.4,2531.1,2368.0,1942.4,2457.3,1487.8,1192.0,1160.9,2067.5,1871.5,4308.7,7778.3,3537.2,1805.8,303.5
2026-10-09 23:15:00,868.1,390.3,878.3,1499.4,666.9,353.5,32.0,4.1,250.3,21.5,231.9,2058.4,5820.1,7686.4,2033.8,1090.8,98.9,90.6,1668.2,1645.2,500.9,977.3,5657.8,6947.1,3396.2,1317.6,4107.3,2848.6,2525.3,2364.2,1939.4,2456.9,1477.3,1169.5,1157.5,2058.2,1866.6,4274.7,7706.2,3549.4,1779.4,309.2
2026-10-09 23:30:00,854.6,401.1,863.3,1467.3,655.9,352.6,32.0,4.1,252.2,17.0,225.3,2062.0,6614.0,8433.9,2024.7,1076.2,99.0,88.6,1651.9,1640.5,498.2,979.7,5631.9,6917.5,3362.5,1319.4,4091.7,2841.5,2677.7,2359.9,1932.9,2421.4,1469.7,1166.2,1154.3,2050.5,1852.1,4245.3,7631.2,3573.1,1758.8,312.8
2026-10-09 23:45:00,898.9,411.8,855.6,1438.6,648.6,349.6,34.7,4.1,246.9,26.5,219.4,2072.1,6609.5,8388.2,1993.7,1083.8,102.2,85.6,1633.3,1634.3,509.1,981.4,5704.0,6984.0,3329.6,1319.9,4077.8,2836.6,2673.3,2360.9,1930.7,2398.4,1461.0,1145.0,1150.3,2045.0,1831.1,4212.9,7533.0,3600.3,1739.6,318.2
2026-10-10 00:00:00,761.8,342.9,967.6,1321.8,676.3,329.8,36.0,38.8,269.4,16.0,305.6,2061.5,4896.1,7019.3,2099.0,904.6,31.9,148.9,1853.4,1366.1,513.5,888.9,5824.7,7359.6,3308.0,1259.9,3987.3,2640.6,2685.6,2315.2,1974.9,1538.4,1521.8,1122.7,1089.5,2114.1,1714.2,4275.6,7738.4,3729.5,1681.8,367.1
2026-10-10 00:15:00,761.3,334.7,961.2,1300.6,666.7,338.2,36.0,38.2,255.4,16.0,251.6,2060.6,5186.8,6904.8,2062.3,914.6,29.6,168.5,1826.4,1397.1,507.9,889.0,5824.6,7355.8,3286.8,1260.3,3989.8,2616.4,2680.6,2262.4,1970.2,1541.8,1518.7,859.7,1086.4,2115.0,1710.2,4240.9,7700.1,3742.6,1657.2,359.8
2026-10-10 00:30:00,746.6,352.4,1399.2,1304.2,641.4,351.6,36.0,39.1,272.3,16.0,212.5,2060.5,6000.3,6839.0,2052.1,930.3,31.2,148.7,1807.2,1430.7,497.9,893.5,5826.5,7362.3,3269.8,1260.6,3984.3,2600.1,2671.8,2224.3,1967.3,1545.5,1512.9,861.5,1079.9,2110.7,1709.1,4225.7,7609.0,3770.9,1647.5,354.5
2026-10-10 00:45:00,762.2,370.0,1392.9,1339.0,658.3,348.3,36.2,40.2,280.8,16.0,190.8,2059.6,6002.0,6773.8,2047.7,909.0,31.2,148.4,1801.7,1423.7,497.1,887.2,5822.2,7352.3,3242.0,1261.0,3975.8,2585.2,2662.9,2226.8,1964.0,1548.5,1503.9,851.4,1074.9,2108.1,1700.2,4173.1,7567.6,3790.0,1629.7,358.9
2026-10-10 01:00:00,759.4,395.8,1381.6,1268.9,654.3,342.6,26.0,23.8,315.8,16.0,274.2,2036.4,5930.2,6878.5,2076.1,902.9,30.9,183.6,1740.8,1377.1,554.5,887.5,5652.3,7286.8,3202.6,1247.4,3958.9,2358.1,2637.5,2277.0,1936.1,1364.5,1493.6,815.1,1080.8,2150.9,1694.1,4236.2,7564.2,3806.2,1613.7,328.0
2026-10-10 01:15:00,758.4,409.0,1381.9,1228.4,650.5,339.9,26.0,22.4,309.4,16.0,258.2,2030.5,5952.2,6827.3,2072.5,899.0,29.5,182.5,1724.7,1398.1,556.1,886.9,5644.0,7263.7,3185.8,1249.6,3952.6,2344.2,2631.9,2278.5,1931.2,1366.1,1489.7,736.9,1072.8,2146.0,1687.2,4186.8,7540.8,3827.9,1607.6,339.0
2026-10-10 01:30:00,761.3,422.2,1381.1,1203.6,628.7,338.3,26.0,22.0,310.0,16.0,217.4,2026.7,6008.1,6777.4,2030.1,913.9,29.3,167.1,1703.2,1419.1,550.6,888.1,5632.6,7259.3,3168.1,1249.0,3940.1,2327.3,2628.0,2278.5,1925.1,1399.6,1481.2,821.7,1074.2,2139.3,1683.9,4187.3,7459.4,3853.2,1586.5,361.5
2026-10-10 01:45:00,766.7,435.0,1379.6,1164.8,626.7,334.0,26.0,20.7,305.1,16.0,193.7,2024.3,6019.9,6532.2,2007.4,924.1,32.7,165.9,1689.7,1446.2,541.6,888.5,5627.2,7236.7,3148.8,1249.3,3932.5,2309.1,2620.4,2278.4,1929.8,1403.8,1473.5,809.4,1073.6,2132.5,1681.7,4148.3,7418.1,3886.1,1575.4,373.2
2026-10-10 02:00:00,750.0,462.1,1379.3,1099.2,645.4,470.6,26.0,23.1,285.0,16.0,181.1,2030.3,6013.6,6459.0,2066.6,917.5,37.8,236.2,1372.4,1433.2,512.3,871.6,5716.5,7185.2,3113.3,1231.5,3957.1,2408.7,2606.9,2274.0,1903.9,1365.6,1460.0,761.4,1080.7,2121.5,1676.9,4076.6,7405.2,3993.7,1540.2,387.9
2026-10-10 02:15:00,807.6,466.3,1379.2,1071.4,642.1,467.8,26.0,22.0,280.8,16.0,167.1,2028.1,6049.7,6317.7,2042.8,917.2,34.9,231.3,1371.7,1439.0,509.7,869.6,5710.8,7154.6,3107.1,1231.9,3949.5,2395.4,2602.8,2272.0,1900.9,1367.9,1453.7,742.4,1079.1,2115.4,1674.1,4054.6,7381.0,4023.0,1547.7,405.6
2026-10-10 02:30:00,801.2,470.8,1377.2,1060.9,639.0,465.2,26.0,24.1,335.8,16.0,131.4,2027.5,6030.8,6248.7,2034.6,906.2,35.5,231.1,1354.2,1446.9,513.0,869.4,5706.3,7132.2,3099.6,1230.9,3940.9,2385.8,2600.5,2269.8,1898.8,1370.5,1450.0,785.7,1073.1,2111.0,1672.7,4048.8,7299.5,4054.9,1522.0,423.0
2026-10-10 02:45:00,804.5,475.1,1379.6,983.5,620.3,463.1,28.8,26.0,294.5,16.0,117.7,2024.5,6048.3,6166.6,2032.6,908.1,37.9,235.3,1341.8,1495.7,505.0,888.1,5700.4,7109.8,3083.1,1231.3,3932.7,2376.7,2596.7,2268.8,1897.2,1560.6,1443.3,799.9,1072.8,2107.1,1671.6,4079.8,7308.8,4088.2,1517.3,437.2
2026-10-10 03:00:00,801.5,496.0,1264.2,999.1,655.9,458.6,26.1,23.4,310.8,16.0,217.3,2034.5,6115.8,6106.9,2068.2,896.9,36.5,220.4,1327.4,1481.2,507.8,861.6,5461.3,7092.9,3067.9,1220.7,3906.8,2506.6,2596.5,2261.6,1889.8,1375.6,1422.0,776.9,1073.3,2089.4,1669.0,3937.1,7440.1,4314.5,1493.0,447.4
2026-10-10 03:15:00,801.2,497.3,1268.0,983.9,658.3,451.8,26.0,27.2,304.9,16.0,195.0,2031.6,6086.8,6050.7,2103.9,894.3,35.9,224.9,1329.9,1441.4,512.5,862.7,5454.0,7066.4,3061.5,1218.9,3901.3,2501.8,2594.7,2259.6,1889.4,1377.9,1422.2,772.6,1071.8,2085.8,1667.9,3931.1,7425.2,4343.5,1474.8,451.8
2026-10-10 03:30:00,799.7,498.6,1275.0,922.4,658.9,448.9,26.0,26.7,336.3,16.0,166.6,2032.3,6086.2,5986.3,2103.0,907.3,36.3,224.8,1337.5,1437.8,513.4,863.5,5452.7,7041.8,3054.9,1217.1,3900.0,2499.0,2591.3,2257.1,1887.6,1381.8,1420.3,775.0,1075.3,2081.1,1665.4,3943.1,7410.0,4372.6,1473.6,469.8
2026-10-10 03:45:00,799.8,500.8,1279.8,963.3,662.1,447.1,26.0,29.7,319.8,16.0,165.6,2046.1,6082.3,5900.6,2092.8,904.7,36.3,224.7,1329.2,1451.7,508.3,863.2,5437.6,7015.0,3050.7,1216.1,3898.9,2496.5,2589.8,2254.8,1887.9,1383.6,1417.4,778.5,1075.2,2075.0,1662.7,3940.4,7425.3,4392.7,1464.8,478.4
2026-10-10 04:00:00,808.3,509.8,1294.3,883.0,715.6,498.5,5.7,34.2,357.3,29.7,248.0,2001.4,6146.5,5984.4,2058.9,904.8,34.8,247.0,1301.6,1545.0,481.7,872.9,5469.2,7020.8,3049.2,1207.6,3855.8,2460.0,2585.7,2247.5,1887.3,1385.5,1411.8,775.9,1079.8,2079.3,1663.8,3979.1,7383.7,4414.5,1460.8,480.1
2026-10-10 04:15:00,811.4,509.6,1307.3,848.6,722.0,494.5,5.7,35.0,350.7,37.5,226.0,1998.2,6177.1,5906.3,2048.3,904.0,31.1,226.9,1297.1,1566.7,476.8,872.1,5477.6,6982.5,3046.7,1207.9,3853.9,2456.0,2585.6,2245.4,1886.7,1388.5,1412.5,776.1,1080.1,2071.8,1659.4,3990.8,7334.4,4432.1,1442.7,484.2
2026-10-10 04:30:00,811.9,509.1,1321.1,828.2,720.5,489.9,4.6,36.8,347.2,39.2,222.7,1999.9,6150.8,5864.2,1996.7,892.0,34.0,222.5,1293.5,1610.1,474.0,870.3,5485.5,6941.1,3049.7,1206.8,3859.1,2453.0,2583.0,2242.5,1884.9,1391.0,1410.5,776.1,1081.7,2064.6,1662.6,4036.6,7308.7,4439.7,1436.3,499.1
2026-10-10 04:45:00,827.9,508.0,1125.0,798.8,739.6,485.3,3.0,40.6,309.8,45.2,186.3,2004.0,6068.4,5842.2,1978.6,891.4,36.5,222.6,1299.8,1603.8,464.0,871.3,5500.3,6897.3,3049.1,1205.9,3862.7,2450.5,2581.0,2237.9,1885.2,1393.0,1411.1,776.1,1082.3,2056.4,1660.8,4002.0,7306.3,4448.6,1434.8,495.5
2026-10-10 05:00:00,853.5,523.0,1150.5,812.8,746.9,481.3,12.0,40.3,294.0,60.4,94.2,1999.1,6063.4,5808.1,1899.5,901.1,35.6,214.8,1189.7,1902.9,448.4,892.6,5642.1,6866.1,3071.0,1200.8,3917.7,2639.2,2576.1,2232.3,1896.5,1470.5,1424.3,762.2,1088.9,2049.1,1669.5,4143.0,7226.9,4413.9,1460.9,514.7
2026-10-10 05:15:00,863.7,520.4,1173.7,793.7,762.3,479.3,12.0,41.6,258.8,57.8,106.7,1985.2,6012.5,5778.0,1905.2,899.1,33.4,219.0,1171.3,1889.5,454.1,900.0,5641.1,6810.5,3075.5,1199.9,3922.5,2636.8,2579.1,2228.7,1900.5,1471.3,1426.7,749.7,1086.0,2041.4,1672.1,4136.5,7227.4,4419.8,1467.8,498.8
2026-10-10 05:30:00,876.4,517.6,1193.5,770.3,773.7,477.0,12.0,38.1,267.4,59.7,120.4,1981.2,5197.5,5701.1,1887.7,912.3,35.4,195.1,1146.3,1876.8,452.2,899.7,5645.1,6758.7,3085.4,1199.0,3930.9,2633.5,2581.5,2226.1,1898.0,1472.3,1428.5,752.0,1087.7,2034.5,1673.7,4127.6,7253.5,4418.3,1473.8,504.0
2026-10-10 05:45:00,878.6,514.5,1215.6,754.4,780.5,474.7,12.0,39.9,269.5,66.8,129.4,1977.2,5179.4,5619.7,1889.5,911.5,38.0,198.9,1125.7,1879.0,443.4,888.6,5652.8,6707.7,3094.4,1199.1,3940.2,2630.1,2583.9,2223.9,1897.9,1731.0,1432.8,793.3,1089.7,2029.5,1670.8,4164.1,7280.6,4417.1,1477.5,503.4
2026-10-10 06:00:00,883.8,517.2,1244.2,732.3,734.4,471.1,12.0,21.4,276.6,56.5,117.7,1936.9,5162.6,5880.7,1876.9,887.2,43.5,182.7,1108.0,2154.8,415.9,885.8,5656.9,6647.2,3121.7,1187.2,3973.0,2840.4,2595.6,2217.8,1861.8,1517.4,1419.5,1146.9,1098.5,2068.8,1629.3,4310.0,7390.6,4478.0,1497.3,506.0
2026-10-10 06:15:00,887.1,511.5,1259.6,722.5,740.4,468.1,12.0,21.6,277.1,71.3,121.0,1936.8,5165.5,5827.8,1893.4,887.9,39.0,203.0,1130.4,2192.2,415.7,883.9,5670.8,6582.3,3145.9,1187.2,3985.2,2838.8,2604.6,2262.7,1864.3,1687.6,1426.9,1147.3,1101.7,2066.8,1634.1,4345.0,7435.3,4473.4,1513.7,508.7
2026-10-10 06:30:00,893.8,507.1,1050.4,714.0,750.0,467.8,12.0,22.0,286.2,71.3,121.6,1930.6,5206.9,6419.8,1875.1,900.2,39.4,183.8,1147.9,2163.2,417.1,870.8,5689.7,6522.5,3169.4,1186.7,3992.3,2837.8,2606.3,2265.7,1871.4,1761.1,1436.0,1147.9,1113.4,2066.1,1651.0,4327.0,7471.1,4465.3,1524.1,506.4
2026-10-10 06:45:00,806.4,504.7,1069.2,703.9,761.4,465.7,12.0,22.8,305.3,71.3,165.2,1927.1,4998.5,6460.6,1865.0,897.9,39.9,188.4,1168.9,2125.7,419.1,863.1,5708.3,6453.2,3199.7,1186.8,4010.3,2836.7,2619.4,2260.5,1872.7,1933.9,1441.1,1148.4,1118.8,2067.4,1667.4,4317.0,7513.5,4481.3,1544.9,504.5
2026-10-10 07:00:00,821.8,497.0,1087.8,698.3,772.6,470.5,12.0,54.6,296.3,78.8,77.0,1976.9,4557.4,6322.6,1898.4,875.9,85.6,134.3,1038.7,2022.9,434.2,890.0,5768.8,6243.4,3194.3,1200.6,4015.7,2702.7,2650.6,2297.9,1893.2,1913.6,1401.3,1256.0,1127.6,2160.9,1642.1,4462.5,7585.5,4442.7,1562.9,509.7
2026-10-10 07:15:00,825.4,502.2,1100.6,703.0,784.4,489.9,12.0,57.3,291.6,132.5,106.9,1954.5,4543.7,6641.5,1959.5,874.7,81.0,133.8,1048.5,1976.2,429.9,866.6,5779.1,6156.7,3229.3,1200.7,4037.2,2703.0,2663.4,2294.6,1896.0,2198.3,1409.3,1255.8,1123.3,2154.7,1654.0,4436.3,7636.6,4433.6,1583.6,516.3
2026-10-10 07:30:00,829.5,519.0,1106.2,709.0,785.1,509.4,12.0,55.1,308.5,163.2,132.7,1946.0,3933.8,5827.7,1986.2,890.3,79.7,133.3,1065.8,1933.8,432.9,863.1,5779.5,6091.8,3258.3,1200.4,4052.7,2704.5,2668.2,2295.4,1889.7,2371.4,1415.2,1255.6,1127.2,2141.2,1655.6,4399.0,7688.3,4431.9,1591.2,521.8
2026-10-10 07:45:00,834.1,524.9,1109.5,702.1,791.2,533.7,12.0,54.6,314.4,160.9,157.2,1947.5,3727.7,5826.7,2001.5,915.0,81.6,132.8,1091.8,1859.6,445.0,856.2,5796.2,6026.0,3286.3,1200.5,4067.7,2706.0,2686.0,2289.6,1898.1,2550.9,1418.3,1255.4,1132.3,2119.5,1652.9,4392.2,7723.8,4432.6,1602.4,527.5
2026-10-10 08:00:00,844.2,530.2,1107.5,716.5,792.8,552.8,26.9,11.5,311.2,106.8,203.0,1902.3,3731.5,6016.8,2012.5,987.8,102.8,118.9,1099.7,1722.5,432.1,861.1,5823.1,5916.9,3365.4,1200.0,4066.0,3022.6,2708.1,2275.3,1901.6,2355.5,1429.6,1350.1,1132.8,2170.4,1606.7,4587.8,7804.7,4421.0,1612.1,570.2
2026-10-10 08:15:00,843.9,543.6,1098.7,699.0,788.6,569.8,26.8,10.1,300.3,111.3,194.3,1894.5,3824.0,5785.5,2036.3,1025.3,179.9,118.9,1111.4,1829.6,430.9,848.3,5857.4,5856.7,3420.0,1200.1,4082.7,3034.3,2723.4,2271.8,1905.6,2615.1,1435.0,1383.0,1136.6,2138.8,1601.5,4538.7,7852.9,4412.1,1612.8,589.3
2026-10-10 08:30:00,856.1,558.1,1076.9,700.5,788.3,587.0,26.8,8.1,281.2,117.6,202.5,1895.1,3851.3,5690.8,2012.4,1018.1,173.7,138.2,1121.3,1824.0,415.2,849.8,5873.7,5782.9,3453.3,1199.7,4097.9,3034.5,2731.6,2271.1,1899.5,2676.4,1444.5,1358.4,1139.7,2111.2,1599.2,4526.6,7891.6,4418.9,1614.2,603.3
2026-10-10 08:45:00,850.4,565.1,1055.3,696.3,788.0,606.4,34.9,8.2,264.4,125.6,202.0,1899.8,3878.9,6224.0,1994.9,1011.3,198.1,132.3,1158.4,1752.4,429.2,850.1,5906.0,5739.7,3490.2,1200.2,4119.8,3037.6,2745.9,2272.8,1905.7,2874.8,1454.9,1395.0,1147.4,2085.0,1601.7,4482.2,7940.4,4398.2,1614.7,617.2
2026-10-10 09:00:00,827.8,604.2,1040.6,686.9,800.6,609.8,59.7,14.7,235.3,136.4,220.4,1869.0,3904.7,6204.9,1965.9,1117.9,179.3,124.2,1218.9,1625.0,416.0,856.0,6002.8,5664.0,3606.6,1197.9,4167.9,2839.4,2775.5,2306.0,1934.3,2693.9,1477.4,1622.1,1159.3,2138.2,1607.9,4557.5,7954.0,4442.8,1576.9,639.6
2026-10-10 09:15:00,821.4,633.2,1016.2,688.5,784.7,616.4,59.7,9.0,218.6,144.9,227.7,1878.0,3947.5,6128.1,1947.4,1136.8,172.5,125.6,1218.4,1430.0,421.0,851.6,6022.4,5632.1,3645.7,1206.4,4185.0,2908.8,2784.5,2349.2,1934.1,2748.9,1455.5,1650.0,1157.1,2116.3,1614.1,4567.1,7981.9,4440.9,1561.3,648.4
2026-10-10 09:30:00,813.2,669.2,998.8,687.6,784.9,626.6,60.8,9.3,188.8,165.3,203.3,1892.3,3977.1,5523.2,1911.5,1106.4,165.3,132.1,1225.5,1396.6,410.6,874.7,6033.0,5606.4,3682.6,1206.0,4196.3,2916.6,2788.0,2349.8,1935.8,2846.7,1465.6,1649.1,1158.1,2096.5,1618.2,4527.7,8012.5,4412.8,1543.1,661.0
2026-10-10 09:45:00,802.9,681.4,979.2,689.9,786.6,631.1,59.7,9.7,173.9,147.1,195.9,1954.8,5008.6,6122.2,1844.8,1145.4,169.9,125.6,1419.9,1362.3,436.0,887.5,6021.2,5568.2,3718.1,1206.6,4202.0,2915.0,2796.9,2355.7,1936.7,2984.8,1460.2,1650.6,1162.3,2078.4,1625.6,4487.8,8051.3,4381.2,1525.0,669.8
2026-10-10 10:00:00,793.3,660.1,956.9,696.0,789.5,638.3,71.0,7.6,149.1,157.2,208.7,2000.9,5063.8,6081.5,1761.0,1194.5,184.4,137.8,1457.2,1357.6,424.7,894.2,5997.4,5557.2,3811.2,1209.5,4131.5,3059.4,2856.3,2431.7,1939.9,3109.3,1482.8,1670.0,1157.4,2066.0,1625.6,4348.0,8080.9,4362.4,1503.7,701.9
2026-10-10 10:15:00,788.4,674.5,941.7,715.1,787.6,640.0,69.6,8.0,124.8,148.5,197.3,2017.2,5732.9,6228.1,1683.6,1212.6,181.1,144.7,1470.0,1350.0,426.4,922.0,6107.3,5483.6,3834.7,1209.5,4141.5,3052.4,2858.1,2425.8,1944.8,2936.2,1480.4,1662.5,1156.6,2046.2,1624.2,4327.2,8096.3,4355.8,1491.0,707.0
2026-10-10 10:30:00,786.8,642.7,928.0,727.6,791.2,630.6,69.6,8.5,97.7,141.8,203.6,2037.6,6039.4,5756.7,1683.7,1223.5,176.7,145.5,1466.5,1349.5,427.7,929.3,6135.0,5362.8,3849.8,1209.9,4141.6,2997.4,2857.6,2364.8,1951.0,2377.5,1484.2,1597.6,1157.2,2023.0,1621.9,4236.6,8104.4,4350.3,1471.5,705.6
2026-10-10 10:45:00,782.7,626.4,923.4,749.1,805.7,629.4,69.6,8.7,80.4,158.4,215.7,2052.6,6899.2,5850.1,1639.7,1261.0,176.8,138.6,1491.6,1287.8,445.1,927.5,6185.4,5289.2,3870.4,1209.9,4141.2,2929.3,2860.3,2352.7,1954.2,2268.4,1484.6,1581.8,1156.0,1996.1,1616.0,4202.9,8119.9,4362.8,1452.1,721.5
2026-10-10 11:00:00,780.3,643.9,919.2,780.3,788.7,304.3,36.6,17.8,78.9,188.8,242.1,2130.4,6932.0,6059.8,1728.6,1292.1,155.7,132.8,1673.7,1042.7,502.1,922.5,6147.0,5233.8,3975.4,1201.7,4177.5,3226.5,2860.0,2335.3,1933.3,2655.3,1331.0,1482.7,1150.0,1975.1,1686.0,4155.7,8111.4,4376.4,1435.7,756.6
2026-10-10 11:15:00,778.6,638.0,918.1,809.8,785.5,303.5,36.6,17.7,76.1,194.0,235.0,2149.3,6972.7,6080.6,1692.2,1205.7,117.8,113.1,1741.4,891.1,494.8,847.8,6160.0,5171.8,3986.1,1201.8,4173.0,3177.4,2859.5,2328.0,1934.7,2686.6,1321.5,1453.1,1151.8,1958.4,1673.8,4197.4,8097.0,4407.1,1426.1,776.5
2026-10-10 11:30:00,777.6,627.5,916.9,837.5,795.8,299.1,36.6,17.7,71.4,191.4,237.8,2174.0,6992.9,6214.7,1686.5,1225.2,93.1,132.1,1897.8,611.3,502.0,460.7,6157.7,5115.9,3991.7,1201.9,4173.9,3133.2,2852.2,2325.8,1931.0,2688.9,1320.7,1450.6,1150.5,1945.6,1663.0,4185.6,8094.1,4434.9,1419.2,791.8
2026-10-10 11:45:00,774.7,614.0,920.0,872.4,804.2,294.1,36.6,18.2,62.0,212.8,225.6,2177.9,7080.0,6099.3,1646.0,1252.8,122.7,131.7,2065.5,602.9,514.5,382.9,6142.3,5050.6,4002.4,1201.5,4170.8,3127.2,2854.4,2326.6,1926.5,2708.6,1321.9,1440.5,1144.1,1935.7,1649.5,4172.4,8070.6,4451.6,1414.3,811.9
2026-10-10 12:00:00,803.2,598.6,923.6,913.4,806.6,295.7,104.6,8.6,122.8,135.2,260.2,2224.7,6901.6,6089.9,1762.4,325.2,105.1,133.0,2091.4,495.6,544.0,687.1,6160.0,4981.0,4034.5,1192.7,4093.4,3161.6,2850.4,2236.6,1909.5,2731.4,1364.9,1343.6,1138.0,1964.5,1631.5,4377.1,8188.1,4467.1,1403.0,815.6
2026-10-10 12:15:00,800.0,587.0,1143.9,937.3,805.0,309.3,106.2,8.6,109.1,129.4,262.2,2225.3,6904.5,6166.3,1749.4,333.8,105.7,133.1,2234.2,453.8,544.5,953.4,6151.3,4928.8,4037.1,1195.0,4089.4,3160.5,2847.6,2237.6,1907.9,2936.1,1360.3,1304.1,1133.5,1949.7,1623.1,4375.1,8160.0,4484.6,1407.6,833.0
2026-10-10 12:30:00,791.7,573.3,1144.2,955.0,804.8,304.0,120.4,8.1,111.3,93.2,263.7,2246.6,6905.5,6181.3,1720.8,303.3,107.1,133.3,2231.1,246.5,550.0,956.7,6164.5,4868.4,4043.2,1195.4,4091.2,3164.1,2843.2,2236.6,1904.3,2950.1,1359.3,1304.2,1134.2,1935.5,1621.8,4368.0,8122.4,4495.0,1404.2,837.4
2026-10-10 12:45:00,805.4,559.4,1141.5,974.4,807.7,307.2,121.2,7.8,122.9,93.6,271.4,2255.1,7109.6,6061.8,1726.5,299.4,110.8,133.5,2241.4,256.4,554.0,860.0,6142.8,4818.1,4051.8,1196.1,4081.4,3160.3,2841.4,2235.8,1910.5,3061.9,1356.5,1303.9,1134.4,1921.9,1626.4,4368.4,8126.8,4502.5,1408.2,835.5
2026-10-10 13:00:00,817.8,544.3,1133.3,995.0,806.9,296.5,85.8,7.6,118.1,141.4,383.1,2189.1,7208.1,6190.1,1685.4,1071.9,122.3,115.8,2303.5,230.8,577.2,505.6,6232.7,4768.3,4043.2,1194.9,4064.7,3165.3,2841.0,2252.1,1891.9,3132.7,1300.2,1344.5,1134.5,1909.0,1573.3,4347.1,8094.6,4521.0,1409.9,821.5
2026-10-10 13:15:00,813.9,527.0,1137.9,1014.7,804.8,293.9,80.6,7.3,115.6,144.6,358.0,2197.6,7241.6,6224.4,1755.8,1060.4,111.9,114.8,2340.9,246.1,569.1,386.0,6232.1,4722.0,4052.5,1194.4,4061.9,3165.5,2840.0,2250.2,1890.4,3151.2,1299.7,1344.2,1137.1,1901.2,1581.8,4349.8,8050.9,4535.1,1417.0,822.8
2026-10-10 13:30:00,829.5,510.0,1138.7,1024.2,795.4,296.3,80.7,7.1,107.8,146.0,331.8,2203.1,7285.1,6159.0,1750.8,1056.9,118.8,120.4,2349.1,245.4,577.4,417.9,6223.0,4671.8,4050.8,1195.3,4057.3,3164.4,2834.2,2245.0,1892.2,3230.6,1322.2,1344.1,1137.5,1895.3,1587.1,4357.2,8045.3,4540.0,1416.1,828.1
2026-10-10 13:45:00,812.5,491.8,1142.6,1033.6,791.3,291.3,80.7,7.0,104.7,91.9,327.4,2190.3,7279.9,6192.3,1727.1,1057.7,101.2,113.0,2346.4,270.5,566.6,611.5,6201.3,4632.3,4048.9,1194.9,4049.8,3163.4,2832.0,2243.6,1888.6,3235.7,1323.6,1343.8,1137.0,1892.2,1589.0,4366.0,8033.2,4545.0,1415.2,830.8
2026-10-10 14:00:00,804.5,467.1,1149.6,1037.6,782.8,287.8,81.2,20.7,110.8,93.8,331.1,2194.2,7175.3,6430.0,1718.5,294.8,103.2,138.8,2179.5,462.1,535.2,940.5,6197.4,4633.0,4045.4,1191.8,4038.0,3097.3,2830.5,2229.7,1890.0,3127.8,1339.0,1361.6,1136.2,1929.7,1565.7,4421.9,8007.1,4562.2,1450.7,817.8
2026-10-10 14:15:00,805.8,447.1,1159.7,1038.2,780.6,288.7,72.1,20.4,111.7,85.2,333.9,2185.5,7102.0,6447.8,1724.8,297.5,83.3,137.2,2180.1,458.7,504.4,917.9,6177.2,4604.4,4049.7,1191.4,4034.7,3096.9,2831.7,2227.1,1893.7,3208.0,1338.7,1366.9,1133.6,1930.1,1564.2,4426.2,8005.7,4555.9,1460.2,810.2
2026-10-10 14:30:00,812.3,430.0,1172.4,1041.2,784.2,292.4,67.6,20.0,121.0,82.8,342.0,2183.4,7116.5,6481.3,1720.4,296.9,20.0,161.1,2289.7,454.6,506.7,904.7,6139.8,4575.7,4048.7,1191.1,4030.1,3096.9,2826.7,2229.3,1890.2,3248.7,1339.1,1359.7,1133.5,1931.4,1561.9,4433.9,7998.5,4561.2,1472.4,788.4
2026-10-10 14:45:00,823.6,407.0,1181.2,1046.8,786.2,302.1,67.6,19.8,122.7,81.6,368.7,2173.8,7060.7,6710.7,1729.3,301.1,20.0,138.8,2254.0,470.5,506.1,813.7,6108.5,4561.2,4052.2,1190.9,4033.6,3096.5,2827.6,2234.9,1893.9,3248.3,1339.1,1366.0,1133.3,1934.5,1561.4,4503.7,8003.2,4550.5,1483.0,769.7
2026-10-10 15:00:00,829.6,376.1,1191.9,1052.1,790.5,393.7,38.4,10.8,103.1,113.5,408.3,2133.9,7071.9,6339.7,1681.4,1154.5,85.7,134.8,2264.1,449.5,555.6,458.7,6204.7,4588.5,4053.6,1196.9,4155.0,3302.0,2836.7,2258.2,1909.2,3170.6,1310.0,1462.5,1141.4,2045.0,1543.0,4538.3,7999.7,4567.8,1497.6,720.2
2026-10-10 15:15:00,833.5,357.4,1210.8,1054.5,797.0,388.7,38.2,10.5,106.3,106.0,411.1,2128.6,6992.8,6434.4,1742.2,1143.4,120.0,134.8,2224.0,443.6,530.1,437.6,6176.9,4567.0,4059.9,1197.1,4153.9,3314.2,2838.9,2276.9,1916.6,3288.7,1305.8,1471.8,1144.0,2049.5,1545.0,4551.1,8005.0,4559.1,1510.8,688.5
2026-10-10 15:30:00,846.3,336.0,1235.8,1057.7,803.0,377.8,38.2,10.2,122.3,87.3,414.8,2119.6,6904.7,6482.7,1801.7,1130.6,138.9,134.8,2162.7,432.1,532.0,427.9,6122.8,4564.3,4062.6,1197.7,4166.7,3376.8,2837.0,2313.8,1923.3,3298.1,1319.4,1475.4,1145.5,2054.1,1549.8,4644.1,8025.3,4542.5,1536.9,663.1
2026-10-10 15:45:00,857.3,324.9,1234.2,1061.1,812.1,367.3,37.7,15.7,109.1,135.1,413.9,2111.9,6762.7,6511.5,1834.5,1103.8,148.3,134.8,2137.6,420.0,535.0,442.5,6144.6,4589.3,4076.1,1197.6,4166.3,3322.0,2811.1,2432.3,1922.9,3313.6,1314.2,1474.1,1151.7,2059.2,1555.8,4670.1,8041.2,4523.7,1560.1,643.2
2026-10-10 16:00:00,873.3,286.7,1291.4,1180.9,817.1,460.4,7.7,27.7,75.9,118.7,277.4,2064.9,7032.1,6626.1,1922.1,1084.0,67.3,140.6,1869.1,680.8,503.7,491.1,6247.7,4714.0,4074.5,1193.4,4239.3,3340.6,2849.4,2337.8,1940.4,3259.9,1242.1,1574.1,1163.1,2387.8,1570.2,4840.1,8062.5,4535.0,1624.7,593.7
2026-10-10 16:15:00,892.7,271.9,1313.0,1170.6,817.6,444.1,2.7,27.6,100.4,101.6,282.2,2063.4,6902.3,6781.8,1961.9,1045.9,170.2,119.7,1876.4,672.7,498.8,470.3,6197.2,4732.9,4080.5,1193.1,4248.8,3336.0,2853.9,2358.7,1943.5,3246.8,1264.7,1573.7,1168.7,2391.8,1585.1,4939.3,8109.8,4525.5,1661.8,570.4
2026-10-10 16:30:00,885.2,272.0,1309.3,1167.8,823.7,430.6,2.0,23.5,124.8,113.2,311.8,2063.5,6850.6,6824.4,2024.4,1151.9,176.4,118.1,1745.4,836.0,499.3,848.8,6218.5,4766.0,4087.3,1194.5,4253.4,3234.9,2810.9,2493.7,1948.1,3273.1,1309.5,1564.1,1174.0,2392.7,1607.5,4977.5,8155.0,4509.5,1699.6,562.1
2026-10-10 16:45:00,887.8,253.0,1107.4,1158.7,825.6,416.8,2.2,20.9,143.0,113.7,285.4,2076.1,5703.7,6600.6,2076.8,1117.3,180.9,116.6,1761.5,819.1,512.2,857.1,6234.8,4784.6,4099.2,1194.6,4255.8,3218.2,2817.5,2595.7,1958.5,3309.9,1309.8,1555.7,1182.5,2392.9,1631.7,5010.5,8225.0,4499.0,1746.1,520.4
2026-10-10 17:00:00,908.3,247.6,1161.4,1150.6,832.5,752.0,12.0,43.3,231.1,60.8,304.3,2043.8,5768.4,6600.7,2071.3,1032.5,190.8,99.7,1404.8,804.9,517.4,912.5,6397.2,4922.4,4082.2,1203.1,4440.2,3032.4,2870.2,2594.5,1947.2,3085.4,1522.2,1710.3,1197.1,3168.0,1660.7,5348.9,8339.6,4633.5,1869.3,493.3
2026-10-10 17:15:00,909.8,250.8,1147.7,1148.1,839.0,749.5,12.1,43.1,194.1,44.1,296.7,2021.8,4983.8,6673.2,2162.1,1005.5,190.4,99.5,1363.5,837.5,513.5,925.9,6385.1,5000.7,4085.2,1203.5,4442.7,3108.1,2832.5,2816.1,1940.8,3099.4,1493.7,1756.0,1198.5,3169.9,1680.2,5435.6,8401.6,4630.7,1877.5,484.7
2026-10-10 17:30:00,918.1,254.3,1171.1,1132.0,844.1,744.7,12.0,43.8,214.0,71.3,278.4,1974.3,4958.7,6468.7,2210.1,1008.9,178.8,99.4,1348.7,883.1,523.1,962.2,6422.1,5032.6,4092.4,1208.1,4442.0,3604.5,2830.3,2853.5,1943.6,3111.1,1496.2,1966.0,1203.2,3173.0,1699.2,5480.3,8470.5,4650.7,1909.4,493.7
2026-10-10 17:45:00,920.5,258.9,1194.3,1105.3,847.3,741.5,12.0,43.7,237.9,67.4,283.0,1950.0,4898.7,6520.8,2277.6,990.2,142.0,99.3,1287.4,871.4,540.6,985.1,6445.1,5045.3,4102.8,1209.7,4450.6,3774.6,2829.7,2930.0,1944.1,3136.2,1499.9,2502.3,1202.2,3178.0,1708.6,5521.7,8535.2,4666.3,1930.7,484.9
2026-10-10 18:00:00,937.7,271.4,1222.7,1087.1,858.5,721.8,12.1,49.6,314.9,40.7,133.7,1927.0,4446.7,6957.5,2421.8,996.9,178.8,96.2,1271.2,1060.2,519.2,996.8,6510.1,5163.4,4012.3,1267.0,4286.4,3367.6,2864.2,2928.6,1970.6,3279.8,1486.1,3206.9,1204.0,2954.9,1707.2,5591.6,8606.5,4786.5,1967.1,497.3
2026-10-10 18:15:00,939.6,281.1,1241.0,1070.8,866.7,719.7,12.1,50.7,321.1,62.1,102.8,1921.3,3581.3,6242.1,2465.0,977.1,190.3,96.2,1275.9,1067.0,514.6,962.2,6519.6,5172.8,4017.0,1268.7,4286.1,3652.1,2860.7,3050.7,1963.3,3274.2,1483.7,3575.3,1209.5,2963.4,1713.9,5611.9,8643.1,4770.0,1961.6,510.9
2026-10-10 18:30:00,937.5,290.5,1251.0,1064.0,867.2,716.5,12.0,52.1,310.2,122.2,130.3,1882.1,3608.1,6528.7,2455.3,1003.9,167.7,96.2,1237.3,1063.9,516.8,953.5,6525.0,5195.6,4015.7,1329.2,4299.4,4101.6,2862.2,3082.8,1969.3,3166.6,1463.9,3787.4,1209.6,2975.2,1709.6,5655.2,8652.1,4844.0,1972.5,508.1
2026-10-10 18:45:00,935.6,299.1,1287.5,1022.9,865.5,709.9,12.0,52.2,292.6,167.0,115.9,1941.3,3564.5,6648.1,2409.3,1047.8,95.1,96.2,1226.8,1150.1,516.9,993.0,6501.6,5160.9,4012.6,1486.0,4215.4,4242.5,2868.0,3017.1,1970.5,3178.6,1448.9,4182.8,1207.5,2989.8,1707.0,5682.7,8637.8,4843.6,1978.3,562.9
2026-10-10 19:00:00,922.7,307.6,1242.0,914.6,855.9,648.7,13.5,26.0,301.8,157.4,139.6,1995.0,3765.2,6696.4,2456.7,1061.2,61.8,102.9,1208.8,1341.1,519.7,1013.7,6327.4,5008.8,3979.8,1464.8,4377.4,5414.2,2868.2,3093.7,1987.1,3334.9,1471.7,4132.7,1204.6,2597.8,1697.3,5805.0,8605.2,4875.1,1985.1,542.2
2026-10-10 19:15:00,921.1,313.9,1225.4,897.1,858.0,642.3,14.3,23.3,316.5,162.9,173.4,1984.3,3718.2,6737.8,2439.3,1064.3,56.8,102.8,1210.6,1300.6,513.5,1008.9,6306.7,5013.2,3970.9,1473.5,4377.3,5933.7,2872.2,3090.0,1987.8,3272.5,1473.2,4146.2,1205.0,2610.8,1693.3,5824.0,8584.1,4900.0,1977.0,538.2
2026-10-10 19:30:00,915.8,316.9,1211.6,877.9,852.4,637.4,14.3,23.4,319.3,124.7,191.5,1977.6,3699.1,6824.0,2378.4,1056.2,52.6,102.8,1206.2,1297.5,508.9,1015.5,6315.5,4954.8,3951.9,1474.1,4367.9,5948.9,2867.7,3073.0,1990.7,3294.5,1478.0,4163.7,1199.8,2620.5,1688.7,5845.3,8549.6,4862.5,1980.1,539.9
2026-10-10 19:45:00,906.8,323.4,1196.3,860.9,841.0,632.9,15.8,23.4,311.1,166.7,163.0,1982.0,3642.3,6786.5,2375.2,1091.5,52.8,102.9,1188.3,1311.7,515.2,1007.5,6312.5,4972.5,3952.3,1471.7,4353.6,5354.8,2866.4,3031.4,1984.4,3271.8,1470.5,4160.4,1199.0,2625.5,1681.8,5846.4,8505.2,4760.7,1972.8,494.8
2026-10-10 20:00:00,891.5,328.2,1172.1,855.2,825.8,673.0,46.7,15.6,321.9,105.5,219.1,1881.6,3428.2,6832.2,2395.8,994.1,36.3,108.3,1331.4,1033.4,476.9,991.1,5999.6,5041.6,3919.7,1541.9,4612.4,4889.0,2851.1,3078.5,1973.0,3286.8,1495.1,4135.6,1185.7,2215.6,1669.3,5705.2,8357.7,4585.9,1939.4,482.4
2026-10-10 20:15:00,886.5,330.2,1154.9,845.1,819.6,670.4,46.7,15.6,316.8,105.6,199.0,1888.2,3410.9,6763.9,2353.0,951.5,34.0,108.4,1329.1,1014.7,473.3,996.7,5976.9,4982.7,3893.2,1477.9,4616.7,4175.6,2847.3,3034.4,1964.6,3280.9,1488.0,4155.2,1183.0,2212.0,1662.1,5788.5,8298.1,4495.5,1924.0,472.3
2026-10-10 20:30:00,877.5,331.6,1167.5,820.9,807.9,667.7,46.7,14.2,297.0,105.7,160.9,1895.6,3393.5,6722.6,2355.0,949.8,34.5,127.6,1341.3,1012.3,472.0,993.2,5958.8,4988.2,3870.0,1433.6,4603.6,4015.5,2839.1,2925.9,1970.8,3258.5,1487.0,3775.2,1179.7,2206.3,1656.4,5816.8,8228.5,4469.4,1913.5,464.6
2026-10-10 20:45:00,872.0,334.7,1147.7,814.5,794.3,664.0,51.3,14.2,286.6,107.7,157.5,1894.5,3403.6,6692.1,2343.7,942.5,32.7,113.4,1349.9,996.9,478.2,1004.0,5968.9,4983.8,3848.3,1423.2,4580.1,3844.8,2845.9,2875.7,1961.8,3232.7,1477.2,3683.8,1177.2,2199.0,1653.9,5792.8,8161.1,4438.3,1899.5,443.4
2026-10-10 21:00:00,848.3,336.2,1080.1,806.8,779.9,565.4,12.0,25.2,301.0,108.3,142.0,1866.9,3300.4,6686.0,2275.3,910.3,63.5,110.5,1327.2,960.8,475.4,988.2,6045.1,4975.9,3831.7,1342.6,4631.5,3689.8,2774.3,2842.9,1937.2,3302.9,1479.3,3634.3,1173.1,2172.5,1649.5,5761.3,8080.6,4423.9,1875.2,399.9
2026-10-10 21:15:00,835.2,338.0,1095.6,783.3,768.2,563.4,12.0,25.2,296.2,60.9,126.6,1864.1,3291.3,6711.8,2245.0,937.4,57.9,110.5,1325.2,909.6,472.3,983.6,6048.6,4994.3,3810.3,1305.2,4613.8,3367.2,2774.1,2836.0,1934.9,3296.5,1471.8,3428.0,1169.8,2162.1,1643.3,5779.8,8014.8,4386.3,1861.6,392.6
2026-10-10 21:30:00,827.0,339.5,1072.1,775.7,756.1,561.8,12.5,25.2,283.1,41.5,120.6,1893.1,3304.2,6725.2,2253.5,916.2,59.3,120.5,1318.9,903.0,470.2,990.5,6093.2,4965.8,3785.0,1305.9,4602.2,3339.6,2766.1,2812.0,1933.3,3307.3,1466.2,3316.3,1165.5,2150.3,1639.1,5834.6,7958.8,4365.5,1851.1,385.3
2026-10-10 21:45:00,820.1,340.9,1052.5,768.0,743.1,560.0,13.9,25.2,273.7,41.5,118.4,1921.7,3369.3,6737.8,2238.0,913.8,81.6,140.5,1323.9,862.8,481.1,1001.1,6092.8,4954.5,3764.4,1305.5,4579.2,3200.1,2771.5,2747.2,1932.3,3289.7,1454.9,3221.0,1162.9,2137.5,1632.2,5824.5,7901.4,4352.4,1834.0,377.1
2026-10-10 22:00:00,803.5,343.1,1010.7,750.9,720.8,457.2,58.0,4.2,284.4,85.0,113.6,1851.2,3155.9,6583.1,2199.1,922.4,12.2,110.4,1157.4,1019.8,456.4,1023.5,5986.2,4954.2,3698.7,1219.4,4517.7,3302.3,2742.2,2835.9,1914.5,3302.5,1433.6,3176.3,1155.2,2080.6,1621.4,5750.9,7844.5,4334.2,1805.5,362.3
2026-10-10 22:15:00,798.9,344.4,1002.6,740.2,708.5,455.2,58.0,4.2,280.1,84.0,109.2,1864.4,3421.0,6751.2,2172.4,921.3,56.6,110.4,1158.3,1003.1,455.6,1004.9,5969.2,4926.8,3671.9,1223.3,4505.9,3220.5,2748.2,2824.1,1912.0,3303.8,1424.2,3140.3,1149.5,2064.7,1610.5,5799.2,7789.8,4310.6,1786.2,354.7
2026-10-10 22:30:00,784.8,344.4,987.8,729.2,696.1,452.8,59.9,4.2,271.7,85.0,111.6,1886.5,3289.7,6718.1,2158.6,939.0,55.5,109.9,1147.9,1020.3,453.0,1006.3,5981.0,4914.0,3646.1,1223.4,4491.0,3359.3,2737.9,2824.7,1908.9,3303.1,1421.4,3327.1,1148.2,2049.1,1598.6,5704.0,7734.5,4299.1,1778.6,349.5
2026-10-10 22:45:00,766.0,344.3,968.0,718.4,683.7,450.9,62.6,4.2,256.8,90.7,108.6,1892.5,3282.5,6718.6,2119.0,978.5,45.3,109.9,1134.7,877.3,458.6,1006.8,5990.3,4905.2,3623.6,1235.8,4479.5,3379.7,2727.0,2770.8,1906.7,3288.5,1413.9,3334.3,1143.5,2033.6,1584.6,5690.1,7689.7,4287.3,1760.9,343.1
2026-10-10 23:00:00,755.0,342.1,949.1,706.3,671.1,358.9,58.1,17.5,265.2,94.2,142.8,1893.1,3111.0,6610.8,2082.7,946.3,19.0,113.3,1107.8,688.3,458.4,986.3,5749.5,4834.2,3590.3,1247.3,4555.9,2968.6,2700.1,2748.0,1888.6,3247.2,1392.7,3004.2,1136.1,1988.6,1564.0,5640.4,7606.5,4216.3,1748.8,298.5
2026-10-10 23:15:00,748.0,337.7,936.6,693.4,662.5,355.4,60.7,14.7,252.9,94.2,139.7,1898.5,3643.3,7127.9,2046.1,949.4,20.2,113.3,1104.3,536.6,452.4,984.1,5721.0,4826.5,3559.3,1247.7,4548.9,2842.8,2699.3,2722.0,1885.4,3224.1,1384.5,2548.0,1134.2,1975.1,1552.7,5649.5,7565.7,4204.6,1737.6,294.0
2026-10-10 23:30:00,753.6,335.3,925.0,685.7,651.7,351.9,61.2,10.6,244.7,99.5,143.0,1901.7,3664.4,6997.4,2034.4,977.7,20.2,111.6,1101.7,548.7,451.8,980.9,5737.5,4820.0,3535.2,1247.8,4537.5,2869.0,2694.6,2724.3,1876.6,3222.0,1377.5,2643.8,1130.7,1963.5,1545.2,5613.7,7503.9,4181.2,1729.5,291.4
2026-10-10 23:45:00,807.1,330.5,910.4,676.1,642.6,348.6,61.9,8.1,236.0,98.9,137.8,1901.2,3660.1,6956.3,1996.0,996.2,59.1,111.6,1127.5,531.4,462.1,992.8,5685.0,4811.1,3504.1,1246.9,4527.8,2793.6,2690.8,2655.4,1870.6,3181.0,1372.3,2124.1,1126.6,1954.2,1541.3,5601.4,7435.8,4196.0,1720.0,286.2
