date,EE_buy,EE_sell,LT_buy,LT_sell,LV_buy,LV_sell,AT_buy,AT_sell,BE_buy,BE_sell,FR_buy,FR_sell,GER_buy,GER_sell,NL_buy,NL_sell,PL_buy,PL_sell,DK1_buy,DK1_sell,DK2_buy,DK2_sell,FI_buy,FI_sell,NO1_buy,NO1_sell,NO2_buy,NO2_sell,NO3_buy,NO3_sell,NO4_buy,NO4_sell,NO5_buy,NO5_sell,SE1_buy,SE1_sell,SE2_buy,SE2_sell,SE3_buy,SE3_sell,SE4_buy,SE4_sell
2026-08-10 00:00:00,645.6,227.6,840.2,546.3,653.0,106.7,34.7,76.1,247.3,9.0,219.9,1508.6,2680.6,2835.0,1248.7,541.1,26.3,130.1,998.6,1175.8,502.6,481.3,4579.2,6652.4,2106.7,1046.8,3852.6,4713.9,2672.0,1787.1,1467.5,1627.2,850.3,3095.2,890.1,846.7,1232.8,3447.6,6278.2,5165.2,1369.5,331.3
2026-08-10 00:15:00,639.9,220.9,816.5,579.4,643.1,110.7,35.4,74.9,239.6,9.0,197.9,1509.5,3156.8,2784.3,1226.0,563.8,26.3,154.8,976.2,1173.1,506.9,461.1,4667.8,6746.5,2089.9,1047.1,3842.6,4596.8,2667.5,1789.8,1464.8,1525.8,845.5,3086.2,884.3,847.9,1224.7,3405.4,6230.3,5146.4,1364.9,335.6
2026-08-10 00:30:00,640.7,202.9,792.7,605.3,637.7,114.6,35.5,75.0,236.7,9.0,189.8,1513.2,3191.7,2771.9,1207.4,568.0,26.3,149.4,992.9,1166.4,517.6,441.7,4664.1,6741.1,2062.9,1045.0,3823.7,4065.3,2661.7,1792.3,1464.8,1447.3,844.9,3074.4,881.9,850.7,1218.6,3308.8,6174.5,5138.0,1364.6,338.5
2026-08-10 00:45:00,636.1,204.6,772.4,629.8,631.7,116.0,37.6,75.0,235.2,9.0,197.4,1533.2,3186.3,2905.7,1208.8,580.0,26.3,149.3,1003.1,1184.5,533.6,429.7,4590.5,6667.3,2040.9,1045.1,3811.5,3627.9,2655.5,1798.3,1466.0,1434.7,840.7,3059.2,878.7,843.4,1214.6,3250.0,6129.3,5128.6,1355.0,301.0
2026-08-10 01:00:00,632.7,193.0,784.1,648.1,636.9,116.0,50.3,65.9,272.0,6.0,145.6,1513.4,3061.1,2854.1,1159.2,631.0,24.8,243.4,993.8,1145.4,525.7,421.0,4589.9,6668.8,1980.3,1028.3,3693.9,3877.5,2633.6,1804.9,1432.7,1423.3,836.9,3033.2,875.0,833.6,1220.8,3227.7,6055.8,5098.7,1330.2,327.4
2026-08-10 01:15:00,633.7,196.3,773.9,658.8,630.1,116.2,49.8,65.9,273.6,6.0,138.5,1514.9,3053.2,2861.5,1146.4,626.8,24.9,243.6,968.3,1143.8,534.1,407.4,4594.1,6667.8,1961.7,1027.4,3679.3,3735.5,2630.8,1808.7,1428.9,1403.4,834.0,3021.6,872.3,831.7,1213.8,3184.2,6014.4,5089.3,1328.0,315.9
2026-08-10 01:30:00,630.8,196.4,767.0,667.0,625.9,116.4,49.0,65.8,277.0,6.0,145.1,1515.2,3055.4,2852.9,1130.5,633.0,24.8,243.9,974.8,1156.6,537.0,394.2,4588.6,6664.9,1941.1,1025.6,3666.5,3693.4,2629.9,1810.0,1428.1,1448.5,832.1,3008.5,870.4,831.5,1209.1,3129.0,5994.7,5076.3,1330.0,305.3
2026-08-10 01:45:00,628.6,202.3,760.7,679.1,623.1,116.6,50.7,65.9,278.6,6.0,131.9,1516.8,3068.7,2817.6,1117.2,639.0,24.9,244.0,981.6,1195.1,542.2,382.3,4579.5,6441.8,1919.8,1024.0,3654.3,3441.3,2626.0,1812.0,1428.2,1659.9,829.6,2987.7,868.1,828.5,1202.7,3091.3,5992.2,5078.3,1317.5,308.6
2026-08-10 02:00:00,614.9,204.0,758.5,690.5,628.8,117.1,46.2,66.4,274.6,6.0,126.5,1530.6,3109.9,2881.5,1104.3,674.9,23.1,235.3,982.3,1183.8,525.0,368.8,4582.3,6656.4,1889.4,1014.1,3647.6,3670.6,2619.5,1793.3,1406.6,1523.4,827.5,2986.9,868.1,822.2,1207.9,3042.7,6123.2,5175.9,1296.2,315.0
2026-08-10 02:15:00,613.6,196.6,756.9,699.0,626.4,117.2,47.3,66.4,251.7,6.0,102.3,1532.2,3118.7,2893.4,1093.0,664.1,23.1,215.8,958.0,1195.6,521.1,360.6,4575.0,6645.2,1880.3,1010.7,3629.4,3535.2,2618.7,1798.1,1406.1,1592.6,826.8,2977.8,865.2,812.5,1205.1,2996.1,6081.1,5134.4,1290.1,308.7
2026-08-10 02:30:00,612.4,190.9,756.4,705.8,623.3,117.3,47.1,66.4,271.4,6.0,104.0,1535.9,3137.0,2888.1,1089.2,667.7,23.1,216.1,961.1,1210.0,517.6,355.0,4571.7,6635.3,1871.1,1006.8,3613.3,3462.5,2617.3,1800.6,1405.6,1707.7,824.0,2966.2,866.9,799.4,1202.5,2938.3,6083.4,5116.8,1285.7,306.5
2026-08-10 02:45:00,609.7,195.7,754.8,714.8,621.9,117.4,46.9,66.4,266.4,6.0,68.0,1541.0,3132.7,2997.4,1092.6,674.5,23.1,236.6,969.8,1248.7,511.4,350.6,4577.5,6630.3,1861.0,1004.3,3602.5,3448.1,2617.5,1801.5,1404.6,1704.7,822.3,2959.3,863.2,785.4,1202.0,2885.7,6041.2,5153.8,1279.4,303.8
2026-08-10 03:00:00,612.6,194.7,755.2,722.0,624.0,117.5,45.9,65.4,296.7,1.0,205.7,1537.6,3103.3,3079.8,1130.2,672.6,22.6,275.2,942.3,1237.4,507.4,351.4,4561.7,6539.9,1839.7,980.9,3720.1,3662.9,2616.9,1804.5,1396.8,1941.1,819.9,2968.6,862.2,777.8,1208.5,2806.7,6088.1,5109.5,1281.1,303.7
2026-08-10 03:15:00,610.0,196.2,757.3,729.0,625.3,117.6,45.3,65.4,290.5,1.0,210.0,1537.7,3102.0,2999.0,1107.6,690.6,22.6,274.6,927.3,1243.7,500.2,351.3,4540.8,6634.8,1834.2,975.9,3708.3,3708.5,2617.0,1804.9,1398.3,1860.6,818.6,2970.7,873.3,775.1,1207.2,2751.7,6044.0,5107.3,1270.3,299.1
2026-08-10 03:30:00,609.6,194.9,759.8,734.2,628.1,117.7,46.0,65.4,294.4,1.0,202.8,1538.8,3102.5,3031.5,1098.7,683.1,22.7,274.1,925.5,1245.2,497.2,354.2,4531.7,6621.5,1830.1,970.8,3695.3,3715.0,2615.9,1802.7,1396.7,1930.2,818.5,2969.2,882.0,773.0,1203.9,2699.6,6029.4,5101.1,1270.2,295.4
2026-08-10 03:45:00,606.8,189.5,763.7,737.2,632.6,118.0,46.2,65.4,292.8,1.0,177.7,1538.6,3105.1,3075.8,1084.6,688.9,22.6,273.5,922.4,1243.7,493.9,357.3,4522.8,6588.7,1829.0,966.9,3685.9,3726.8,2617.1,1803.7,1394.6,2043.6,817.1,2965.1,889.1,771.0,1201.1,2649.3,6017.2,5098.5,1274.0,292.7
2026-08-10 04:00:00,628.4,191.9,757.3,704.1,617.4,118.0,46.2,63.4,289.6,6.0,182.5,1529.1,3153.5,3116.8,1180.4,790.9,22.7,184.6,925.1,1057.3,491.6,358.5,4501.6,6610.9,1827.9,1051.7,3717.0,3870.5,2621.6,1803.7,1387.4,2150.3,815.1,2975.8,897.4,783.7,1204.2,2579.4,5916.2,4978.4,1272.1,276.7
2026-08-10 04:15:00,628.1,196.2,767.7,713.9,618.2,118.7,46.3,63.4,292.8,6.0,179.6,1528.2,3139.2,3150.5,1157.5,798.4,22.7,185.3,916.0,1252.4,489.1,365.0,4496.4,6581.9,1831.4,1046.2,3720.6,3898.8,2623.7,1802.2,1388.2,2237.0,814.9,2978.5,902.0,783.4,1202.7,2539.9,5914.2,4978.7,1270.9,270.8
2026-08-10 04:30:00,631.4,201.2,782.7,714.5,630.7,120.7,46.6,63.4,293.6,6.0,158.7,1527.3,3140.1,3155.5,1099.6,804.8,22.7,185.9,916.7,1253.9,490.7,367.9,4509.1,6565.4,1835.0,1038.8,3724.1,3920.5,2626.8,1802.7,1388.8,2341.5,815.1,2981.0,911.0,783.0,1174.3,2494.6,5913.1,4978.2,1273.9,287.3
2026-08-10 04:45:00,629.1,206.9,805.0,714.8,639.8,125.3,46.9,63.4,298.8,6.0,148.4,1525.8,3135.6,3246.9,1089.3,823.8,22.7,186.5,913.7,1251.3,486.7,371.0,4508.8,6561.1,1837.3,1033.4,3728.5,3989.1,2626.5,1800.7,1390.4,2351.5,815.4,2986.5,914.9,782.3,1176.3,2535.2,5914.5,5003.6,1278.7,299.2
2026-08-10 05:00:00,642.8,218.8,847.0,734.1,654.6,130.6,42.7,66.1,298.4,6.0,97.4,1506.1,3227.2,3328.3,1147.9,943.7,0.0,238.7,900.7,1249.4,485.7,373.0,4546.6,6603.4,1854.9,1011.2,3734.0,3865.8,2629.5,1820.8,1402.3,2433.2,814.8,3013.3,922.6,868.6,1194.2,2704.7,5997.0,5004.0,1321.9,291.3
2026-08-10 05:15:00,645.7,276.8,882.3,797.2,656.9,134.3,42.9,66.1,301.1,6.0,95.9,1504.8,3233.0,3326.8,1136.4,944.6,0.0,239.2,895.5,1255.7,481.2,368.4,4569.7,6592.5,1879.7,1006.6,3746.1,4149.1,2636.1,1863.9,1407.2,2416.7,816.8,3019.4,929.7,872.1,1210.2,2747.3,6042.8,5021.1,1325.0,290.0
2026-08-10 05:30:00,655.9,287.9,895.5,955.6,665.4,141.8,42.8,66.1,307.1,6.0,100.2,1510.3,3243.4,3464.7,1101.5,974.9,0.0,285.0,891.4,1252.5,483.2,368.5,4607.6,6716.4,1907.0,1007.1,3763.2,4282.4,2642.6,1863.8,1407.6,2439.5,819.2,3033.7,935.8,870.5,1217.6,2654.6,6096.2,5018.9,1335.7,282.2
2026-08-10 05:45:00,660.8,300.6,902.1,967.8,682.2,156.2,42.5,66.1,318.9,6.0,98.4,1509.5,2724.7,3703.6,1108.1,980.9,0.1,287.3,899.8,1249.9,490.2,370.6,4629.8,6685.7,1942.2,1001.4,3776.2,4320.9,2648.7,1857.1,1411.8,2523.9,823.1,3057.8,943.6,921.7,1227.6,2788.9,6167.9,5017.9,1359.8,275.6
2026-08-10 06:00:00,681.7,321.0,926.6,1017.7,706.5,271.2,18.9,100.4,328.3,23.8,99.9,1469.3,2913.2,4385.6,1223.7,1006.5,42.4,128.8,960.7,1267.9,538.4,367.7,4730.3,6696.3,2060.8,890.4,3967.5,4765.5,2681.6,1936.2,1461.0,2602.7,840.1,3155.5,969.0,1020.0,1256.5,3159.2,6464.4,5092.2,1424.2,277.0
2026-08-10 06:15:00,688.6,402.2,910.8,1113.7,721.4,302.2,18.7,102.7,335.8,29.3,99.6,1477.4,2733.7,4691.0,1223.2,1013.4,42.4,139.3,972.7,1275.7,547.5,368.0,4753.2,6679.1,2117.9,888.7,3992.7,4832.7,2710.1,1935.3,1466.3,2660.1,848.2,3200.1,981.5,1018.8,1275.6,3137.1,6577.5,5094.6,1473.3,261.8
2026-08-10 06:30:00,691.2,420.6,861.4,1125.8,730.2,349.5,18.4,116.6,345.2,30.0,108.0,1473.8,2021.5,4184.9,1190.0,1006.3,42.4,119.7,984.8,1260.5,556.1,361.0,4771.2,6683.2,2160.3,885.8,4024.4,4853.3,2731.1,1940.1,1464.8,2806.6,856.4,3229.1,993.4,1016.8,1300.7,3130.5,6701.4,5098.4,1501.7,246.2
2026-08-10 06:45:00,684.3,437.4,816.4,1149.7,739.5,392.1,18.5,110.4,353.6,30.0,111.4,1473.6,2067.9,4313.8,1190.7,1028.6,42.4,120.1,998.1,1253.1,564.0,357.6,4802.9,6756.7,2214.8,884.1,4043.5,4962.4,2746.8,1924.4,1468.3,2952.0,864.8,3270.4,1003.3,1013.3,1338.8,3096.7,6814.5,5101.6,1541.0,233.4
2026-08-10 07:00:00,720.4,445.3,776.8,1133.1,739.4,497.2,29.5,121.1,403.5,6.5,453.2,1515.2,2265.6,4146.7,1186.1,946.5,5.0,221.0,1124.9,1256.0,582.7,392.9,4905.9,6805.2,2355.1,826.6,4134.8,5285.9,2790.2,2066.3,1531.8,3004.5,897.2,3301.9,1024.7,1134.3,1383.6,3262.3,7123.2,5148.2,1643.0,216.8
2026-08-10 07:15:00,714.1,472.9,761.3,1172.3,749.9,564.1,29.8,118.2,404.7,6.7,456.6,1522.5,2326.4,4183.8,1179.5,987.1,5.0,201.1,1106.5,1245.2,588.9,382.7,4927.5,6819.7,2401.3,825.1,4145.2,5331.3,2804.3,2049.9,1538.5,3074.5,910.3,3347.7,1035.1,1132.0,1414.0,3240.9,7221.6,5201.5,1677.9,218.0
2026-08-10 07:30:00,701.5,495.6,730.8,1173.1,751.9,606.8,30.2,118.8,403.9,7.0,469.1,1526.9,3021.7,4802.0,1239.4,1039.4,5.0,200.8,1125.2,1247.7,592.0,368.2,4954.7,6814.2,2433.6,728.6,4159.1,5423.1,2815.0,2048.6,1544.7,3115.3,918.3,3414.5,1044.1,1130.1,1436.9,3204.8,7314.5,5241.5,1705.6,219.4
2026-08-10 07:45:00,683.7,520.8,696.3,1172.0,753.8,669.5,25.8,118.9,390.5,8.3,482.6,1536.1,3053.2,3777.8,1335.8,1201.5,5.0,174.8,1141.8,1269.8,594.7,354.5,4979.0,6871.8,2466.8,727.2,4159.1,5452.7,2827.9,2032.8,1552.9,3167.7,927.2,3448.4,1050.8,1127.8,1450.6,3187.2,7390.2,5233.9,1738.6,223.4
2026-08-10 08:00:00,680.9,533.0,668.4,1110.9,757.7,721.6,54.3,26.8,376.5,11.6,206.1,1543.4,3374.6,5008.0,1692.5,1340.5,10.0,177.8,1182.7,1344.9,626.2,375.3,4999.1,6802.8,2527.6,707.0,4332.8,5657.6,2854.3,2074.3,1589.9,3379.0,945.5,3453.2,1044.6,1169.3,1469.8,3315.1,7458.1,5299.7,1784.3,227.6
2026-08-10 08:15:00,666.7,582.9,644.3,1152.4,760.0,757.5,55.6,12.5,356.8,15.9,218.4,1548.1,3390.0,4191.9,1765.3,1477.8,10.0,174.0,1186.2,1344.7,624.8,356.8,5006.7,6773.5,2551.4,708.1,4327.7,5670.7,2863.8,2061.9,1589.7,3355.5,950.3,3478.5,1047.6,1166.0,1481.1,3273.2,7494.3,5318.4,1805.5,242.5
2026-08-10 08:30:00,650.3,606.5,611.5,1184.1,763.0,789.5,57.3,13.5,334.3,22.3,236.0,1564.7,3630.2,4138.6,1784.9,1613.5,10.0,169.7,1186.9,1361.6,626.5,344.0,5006.1,6776.2,2560.4,712.2,4324.4,5638.6,2864.8,2058.1,1593.1,3335.4,950.7,3483.5,1051.7,1162.7,1487.1,3241.9,7546.5,5314.6,1815.2,257.2
2026-08-10 08:45:00,632.6,639.7,580.6,1195.9,763.8,811.7,66.9,14.2,305.5,28.5,242.8,1577.6,4179.5,4035.9,1723.2,1660.0,10.0,140.0,1191.3,1388.8,627.3,333.0,5005.4,6730.2,2577.7,709.2,4331.6,4998.2,2873.7,2051.6,1598.3,3321.3,957.9,3496.3,1067.4,1159.3,1488.9,3197.5,7593.7,5341.1,1837.0,273.2
2026-08-10 09:00:00,621.9,666.7,555.5,1191.6,773.3,852.2,117.0,30.5,317.4,50.8,402.2,1506.4,3633.1,4520.2,1689.4,1683.7,108.7,232.4,1426.3,1490.4,625.9,319.9,5038.9,6572.2,2623.4,843.5,4436.6,5041.2,2702.6,2021.8,1609.4,3382.7,962.6,3437.3,1073.4,1085.9,1485.6,2945.0,7543.4,5306.6,1820.4,293.0
2026-08-10 09:15:00,617.5,687.6,533.6,1217.6,777.8,834.7,117.9,23.6,289.5,66.9,390.8,1524.4,4162.6,4519.3,1613.9,1727.4,108.7,207.9,1419.0,1505.4,627.0,312.3,5032.7,6574.3,2629.3,846.0,4379.3,4323.8,2697.7,2010.8,1615.4,3376.8,959.2,3428.5,1075.9,1082.6,1481.3,2912.0,7534.1,5338.6,1824.9,307.8
2026-08-10 09:30:00,607.5,712.2,521.6,1230.8,778.0,794.8,118.9,24.2,264.1,77.6,384.8,1530.1,4248.3,3822.9,1605.0,1502.3,108.7,196.1,1426.5,1346.1,630.7,288.0,5029.8,6482.6,2636.8,849.3,4418.7,3699.7,2697.7,2015.0,1611.6,3340.5,1198.0,3657.0,1073.6,1078.5,1475.7,2863.2,7528.4,5322.1,1825.2,321.8
2026-08-10 09:45:00,603.1,738.9,504.8,1222.3,776.3,795.2,133.2,24.9,236.1,104.2,383.4,1548.3,4983.1,3648.1,1555.0,1171.6,108.7,165.7,1453.1,1397.4,628.9,286.3,5036.4,6457.6,2641.1,850.9,4607.3,3306.0,2705.9,2008.8,1613.2,3352.9,1213.0,3619.5,1071.5,1077.2,1477.3,2820.9,7518.6,5364.1,1830.8,336.7
2026-08-10 10:00:00,610.5,767.1,495.0,1240.6,789.5,756.5,105.2,26.9,306.3,151.9,463.9,1617.8,5059.6,4682.1,1478.5,1065.2,122.0,172.3,1598.0,1409.2,642.8,284.1,5080.8,6591.0,2662.6,966.1,4643.2,3333.6,2713.6,1850.6,1622.5,3272.9,1216.1,3523.0,1061.7,1031.6,1467.4,2652.3,7493.9,5309.7,1824.5,320.5
2026-08-10 10:15:00,604.0,743.0,484.5,1229.2,789.8,752.4,106.0,15.4,279.1,166.1,447.1,1632.9,5137.1,4300.2,1425.6,1085.5,122.0,171.1,1586.2,1423.7,639.9,279.8,5093.4,6538.5,2662.7,894.4,4657.0,3262.4,2717.5,1844.9,1626.3,3286.2,1215.1,3396.6,1055.7,1031.8,1469.9,2608.4,7461.5,5346.0,1825.4,327.9
2026-08-10 10:30:00,598.5,747.5,472.6,1241.3,790.5,757.2,108.4,15.8,255.2,183.6,452.4,1663.6,5998.3,4106.4,1423.3,1138.2,122.0,169.7,1571.5,1490.9,637.3,280.0,5101.8,6535.8,2657.0,898.5,4658.4,3232.1,2774.2,1842.5,1624.4,3253.6,1213.1,3309.8,1050.7,1032.7,1469.0,2585.2,7428.0,5390.9,1822.7,337.6
2026-08-10 10:45:00,595.9,765.0,464.9,1247.1,789.7,765.6,120.8,16.0,248.1,214.0,448.5,1678.1,6044.1,4208.9,1387.8,1138.4,135.5,136.7,1614.8,1554.3,636.1,279.6,5107.6,6548.3,2657.5,902.0,4755.0,3200.9,2899.6,1840.2,1622.9,3189.1,1208.0,2972.0,1050.8,1032.8,1470.0,2565.6,7402.9,5434.0,1823.0,346.2
2026-08-10 11:00:00,588.0,839.5,522.2,1251.2,783.6,690.9,91.1,12.2,155.4,285.6,400.0,1725.1,6229.4,4557.1,1391.8,1079.4,58.8,174.0,1602.9,1640.5,640.6,301.0,5180.9,6538.6,2681.6,915.8,4819.3,3144.7,2888.1,1707.8,1625.0,3115.2,1192.8,3158.9,1032.4,1026.7,1460.8,2510.8,7354.9,5524.2,1842.4,357.9
2026-08-10 11:15:00,594.8,765.3,523.0,1253.5,785.2,696.2,101.2,12.5,154.7,316.2,405.5,1735.9,6295.2,4561.5,1376.0,1092.5,58.8,172.3,1592.1,1708.0,633.9,309.6,5184.5,6523.4,2685.6,919.6,4827.4,3121.7,2890.9,1659.2,1626.8,3103.8,1190.2,2687.4,1028.8,1025.6,1459.8,2504.4,7328.0,5578.7,1836.5,365.5
2026-08-10 11:30:00,595.8,773.8,527.3,1255.5,788.2,706.5,95.8,12.7,154.3,339.4,419.2,1752.2,6310.9,4632.2,1350.8,1106.7,58.8,145.6,1578.9,1774.5,628.8,321.3,5185.5,6512.4,2684.9,921.7,4821.9,3092.1,2886.9,1621.9,1625.3,3089.4,1193.0,2477.4,1027.4,1024.1,1451.1,2500.1,7282.9,5628.2,1816.3,373.1
2026-08-10 11:45:00,596.2,784.2,528.3,1235.3,798.2,714.5,90.9,12.8,153.4,362.8,424.9,1755.4,6371.0,4473.7,1326.0,1089.4,59.1,141.1,1564.5,1835.3,629.7,328.0,5184.5,6476.0,2689.5,917.2,4843.3,3096.2,2890.6,1582.9,1626.1,3084.2,1191.9,2376.2,1023.1,1022.8,1431.9,2491.9,7260.8,5659.2,1805.4,383.6
2026-08-10 12:00:00,623.2,794.3,517.7,1207.0,801.0,713.0,64.8,68.9,153.9,422.2,388.2,1783.3,6169.9,4823.0,1445.5,1213.0,18.0,133.5,1569.3,1813.2,623.0,328.9,5233.3,6313.9,2692.5,944.3,4894.5,3147.8,2882.6,1481.9,1617.6,3083.8,1191.8,2407.0,1021.0,1019.6,1407.9,2504.9,7236.1,5732.3,1781.0,397.3
2026-08-10 12:15:00,627.8,816.6,530.8,1171.5,806.6,705.0,63.3,69.0,153.5,443.5,367.8,1794.0,6237.9,4736.0,1427.2,1197.9,18.0,131.5,1566.7,1874.8,616.3,331.7,5237.1,6277.7,2693.3,946.2,4884.9,3155.9,2891.6,1458.8,1616.7,3086.4,1195.4,2128.5,1020.5,1018.5,1385.9,2508.7,7210.1,5770.9,1762.1,409.2
2026-08-10 12:30:00,611.6,771.3,536.7,1138.5,808.9,684.8,60.5,69.1,153.9,450.0,398.8,1808.4,6265.3,4719.9,1397.5,1159.2,18.0,164.2,1587.5,1930.1,608.4,339.0,5240.9,6214.7,2696.3,948.7,4886.7,3165.9,2888.2,1455.1,1616.9,3118.8,1195.4,2045.0,1017.7,1017.7,1363.5,2501.7,7182.5,5807.5,1736.9,419.3
2026-08-10 12:45:00,620.2,799.9,547.2,1100.2,813.8,665.1,57.7,69.1,153.4,443.2,388.3,1805.5,6322.4,4731.0,1388.7,1141.5,18.0,129.9,1586.7,1974.8,594.0,335.9,5241.2,6160.2,2695.9,950.7,4885.2,3172.6,2893.2,1458.8,1624.2,3148.9,1191.7,2037.4,1014.3,1016.4,1354.3,2508.9,7154.7,5846.2,1725.0,431.3
2026-08-10 13:00:00,628.2,754.1,539.7,1032.1,810.6,629.4,11.4,108.0,151.1,428.1,363.9,1843.2,6468.5,4891.1,1415.5,1107.7,61.9,154.5,1714.7,2077.1,690.0,320.2,5257.2,6081.5,2689.2,948.0,4829.8,3171.7,2872.8,1475.0,1617.2,3321.5,1189.3,2068.1,1007.8,1002.1,1368.5,2468.7,7217.8,6048.0,1707.5,436.8
2026-08-10 13:15:00,628.6,775.3,561.1,984.5,809.4,606.5,14.8,103.3,150.7,402.6,378.5,1845.9,6437.7,4960.5,1417.4,1114.1,61.9,163.8,1723.9,2103.8,707.8,327.4,5265.4,6030.8,2693.5,949.1,4835.0,3178.1,2874.5,1477.3,1619.6,3324.6,1186.6,2065.7,1003.3,1002.1,1366.8,2475.9,7188.6,6072.7,1684.5,458.3
2026-08-10 13:30:00,641.0,786.5,581.0,922.2,804.0,579.4,12.8,102.8,150.7,397.0,375.7,1842.2,6442.0,5073.2,1410.5,1065.8,61.9,122.9,1722.3,2116.0,707.7,337.3,5272.6,5977.9,2694.1,950.0,4831.8,3186.6,2874.6,1472.8,1618.8,3331.4,1188.6,2055.3,995.0,1004.0,1367.7,2485.0,7181.8,6097.0,1672.8,477.8
2026-08-10 13:45:00,642.6,811.4,603.8,857.1,803.9,558.0,13.8,102.5,150.7,396.7,374.1,1847.2,6388.8,5168.6,1406.4,1073.5,61.9,123.9,1733.8,2111.0,705.1,334.5,5282.2,5921.5,2691.8,952.2,4824.1,3195.0,2879.3,1475.4,1623.6,3340.1,1185.5,2029.6,986.9,1006.2,1367.4,2499.7,7158.4,6121.0,1658.3,500.0
2026-08-10 14:00:00,651.7,713.0,587.0,830.3,794.6,539.5,54.8,72.5,154.3,392.9,416.9,1878.6,6398.9,5187.4,1451.8,1080.4,57.9,125.0,1707.4,2194.7,683.3,351.7,5320.1,5927.0,2697.2,977.9,4878.6,3213.0,2864.0,1483.6,1618.8,3317.8,1187.2,2008.2,971.8,984.8,1346.9,2542.0,7133.1,6173.9,1631.7,549.5
2026-08-10 14:15:00,666.3,708.1,619.3,785.2,800.3,523.4,42.2,72.1,153.9,391.9,412.4,1876.0,6340.3,5228.5,1447.4,1094.2,57.9,160.7,1701.5,2235.6,677.7,351.4,5327.1,5877.9,2695.5,979.0,4875.6,3221.9,2864.6,1487.2,1624.5,3334.6,1183.9,1998.4,971.4,998.4,1351.2,2569.2,7133.8,6185.6,1621.0,571.9
2026-08-10 14:30:00,669.8,718.0,647.7,738.2,813.3,514.2,39.1,71.4,153.7,387.3,412.9,1870.4,6337.8,5260.2,1446.9,1100.0,57.9,161.5,1695.7,2290.9,667.2,353.5,5331.5,5828.1,2690.8,980.1,4872.7,3229.9,2863.0,1491.3,1618.9,3339.2,1184.2,1981.0,972.9,1010.8,1348.8,2603.4,7119.4,6194.8,1603.5,596.8
2026-08-10 14:45:00,679.8,723.4,673.2,701.7,827.7,505.8,36.6,70.9,154.0,404.6,412.9,1868.6,6274.4,5274.5,1433.7,1100.2,57.9,187.2,1690.9,2305.6,661.6,365.6,5341.4,5783.1,2696.3,980.4,4877.9,3239.0,2868.8,1496.5,1621.4,3355.9,1186.7,1992.5,975.7,1020.6,1339.9,2642.4,7102.5,6204.7,1586.0,621.5
2026-08-10 15:00:00,683.5,701.0,688.4,672.2,834.1,495.6,30.7,78.3,150.9,366.1,412.8,1806.6,6383.4,5212.1,1374.5,1085.5,93.5,148.4,1587.4,2373.2,521.2,375.3,5336.7,5788.5,2691.7,1003.7,4921.7,3244.2,2851.8,1494.7,1621.5,3377.1,1184.9,1868.2,978.0,1066.6,1338.1,2713.0,6979.6,6123.3,1579.0,663.5
2026-08-10 15:15:00,694.7,691.0,712.6,645.5,840.0,471.8,27.5,78.0,150.1,376.5,387.7,1814.3,6310.7,5341.9,1374.7,1113.7,93.5,177.5,1568.6,2501.4,508.5,392.6,5347.2,5740.0,2690.3,1005.0,4916.9,3251.2,2850.9,1501.5,1624.8,3385.0,1186.9,1852.0,979.1,1081.1,1332.3,2733.1,6968.8,6122.9,1568.9,693.4
2026-08-10 15:30:00,711.9,672.3,731.1,662.2,840.7,435.1,27.4,77.8,149.9,363.7,389.7,1811.7,6290.9,5532.2,1402.2,1170.7,93.5,161.3,1565.7,2560.2,477.7,400.3,5362.8,5740.4,2696.2,1005.2,4924.5,3257.2,2849.2,1507.9,1624.9,3416.9,1189.4,1875.7,979.9,1097.5,1333.8,2747.5,6967.1,6124.5,1558.3,714.7
2026-08-10 15:45:00,720.3,654.3,761.9,639.4,836.4,441.6,21.9,89.1,149.7,350.3,395.3,1817.9,6233.3,5569.8,1426.0,1153.4,93.5,170.5,1552.5,2588.6,481.1,400.5,5379.1,5730.5,2701.1,1005.7,4925.3,3263.2,2853.7,1514.3,1623.1,3434.4,1189.9,1850.0,981.7,1118.5,1340.9,2761.8,6975.3,6162.3,1562.4,737.6
2026-08-10 16:00:00,727.2,619.5,783.7,562.9,844.1,341.5,67.2,67.8,116.5,314.2,423.2,1721.2,6218.5,5492.5,1434.6,1123.3,224.5,62.9,1488.8,2713.5,456.8,422.5,5314.7,5689.1,2710.3,988.8,4933.1,3153.9,2822.3,1526.2,1590.5,3297.4,1187.3,1858.5,978.2,1173.8,1352.2,2978.5,6968.4,6146.7,1559.1,782.6
2026-08-10 16:15:00,748.2,617.8,824.8,564.7,847.1,306.1,52.7,67.3,116.5,318.6,413.0,1729.2,6162.1,5510.5,1463.1,1148.5,224.5,58.0,1444.4,2746.0,433.7,460.8,5314.9,5736.1,2717.1,986.7,4941.6,3163.2,2823.7,1532.4,1588.7,3282.2,1191.0,1918.1,979.1,1201.9,1360.9,3021.9,6991.4,6125.3,1560.3,795.6
2026-08-10 16:30:00,765.4,606.3,868.6,515.8,852.8,307.8,53.2,66.7,116.5,299.3,408.5,1726.7,6151.8,5739.4,1484.8,1136.5,224.5,106.3,1450.0,2769.9,436.3,479.5,5310.1,5750.1,2721.5,984.7,4943.4,3173.6,2811.4,1573.0,1589.6,3264.8,1185.9,2168.3,979.6,1237.7,1367.6,3038.6,7045.5,6156.4,1576.4,810.9
2026-08-10 16:45:00,773.4,593.9,912.6,479.3,856.2,290.8,52.8,76.7,117.0,280.0,407.3,1722.8,6095.3,5902.1,1556.9,1128.3,224.5,105.0,1459.9,2813.1,436.5,492.4,5323.0,5835.4,2718.3,982.8,4918.1,3189.3,2809.5,1657.8,1596.5,3255.0,1187.2,2445.2,982.3,1278.0,1371.1,3070.4,7067.6,6129.1,1593.9,817.3
2026-08-10 17:00:00,781.8,574.7,952.8,483.0,836.5,317.0,69.1,56.4,149.1,244.7,381.6,1682.4,6181.0,5736.6,1551.5,1022.8,235.8,96.1,1563.1,2966.6,451.3,516.3,5301.2,5647.6,2693.9,890.6,4548.8,3295.8,2770.4,1690.1,1581.7,3321.5,1199.5,2351.9,985.0,1388.5,1377.8,3413.1,7170.3,6086.1,1653.8,843.1
2026-08-10 17:15:00,806.7,560.5,1002.2,566.6,824.4,301.8,51.9,55.7,149.3,219.3,383.4,1687.0,6129.8,5697.3,1615.8,1059.7,235.8,66.5,1497.8,2982.3,448.5,527.3,5318.6,5729.3,2690.9,906.3,4526.7,3308.2,2771.2,1760.7,1579.9,3342.3,1198.7,2484.5,985.9,1424.4,1373.5,3433.9,7229.5,6097.9,1656.1,847.6
2026-08-10 17:30:00,810.4,542.4,1059.4,684.8,831.3,256.6,55.7,55.0,150.9,180.9,393.3,1645.1,5670.7,5757.9,1665.4,979.6,235.8,83.7,1521.4,2958.0,455.1,541.8,5337.2,5771.4,2683.4,904.3,4525.3,3304.8,2763.6,1769.1,1578.5,3324.0,1192.5,2611.2,984.9,1451.7,1381.2,3451.6,7237.3,6047.1,1677.5,849.8
2026-08-10 17:45:00,799.5,541.0,1110.3,730.7,812.7,242.8,57.0,55.4,153.0,139.6,406.9,1634.4,5141.1,6344.8,1734.1,950.7,235.8,106.9,1528.4,3033.4,461.1,548.2,5346.3,5832.0,2686.4,902.1,4534.0,3305.2,2765.3,1774.2,1579.1,3306.8,1196.0,2650.0,986.2,1467.4,1386.7,3483.2,7299.8,6001.4,1683.9,849.8
2026-08-10 18:00:00,799.6,492.2,1153.1,537.7,810.8,481.3,75.8,113.0,142.8,108.4,369.4,1559.5,5351.3,5697.9,1769.9,1062.4,91.5,106.2,1602.0,3065.0,443.2,618.1,5355.9,5789.5,2653.8,819.5,4534.6,2978.0,2806.1,1961.3,1581.8,3303.7,920.4,3035.6,979.4,1585.5,1392.1,3777.3,7366.8,5935.0,1683.3,880.3
2026-08-10 18:15:00,810.4,490.6,1196.8,434.2,853.3,435.9,77.4,112.4,171.2,82.4,382.6,1523.7,5049.0,5946.9,1837.8,1343.7,91.5,132.5,1579.1,3107.4,443.8,641.8,5368.1,5923.3,2646.8,815.0,4521.3,3050.5,2815.8,1976.6,1576.4,3273.9,899.4,3188.7,978.7,1589.1,1396.6,3825.8,7366.9,5947.3,1692.8,870.3
2026-08-10 18:30:00,813.0,487.9,1239.6,468.8,838.5,430.4,78.7,113.0,201.1,62.1,413.9,1506.0,4488.6,5383.4,1885.3,1520.2,91.5,116.9,1592.3,3112.1,447.8,640.3,5385.3,5990.2,2649.0,811.0,4527.9,3418.6,2810.0,1985.9,1573.4,3270.8,905.3,3205.9,979.5,1585.5,1393.3,3852.5,7406.6,5891.8,1703.6,859.9
2026-08-10 18:45:00,816.9,456.2,1280.7,731.1,826.3,437.9,79.8,127.8,230.6,46.4,418.2,1491.6,3253.1,5916.2,1930.9,1454.8,91.5,110.1,1634.2,3171.2,459.7,683.2,5397.5,5937.0,2650.0,810.7,4475.0,3512.4,2810.1,1991.3,1573.5,3274.4,906.1,3214.0,980.3,1572.5,1389.8,3859.3,7440.2,5831.4,1708.8,852.0
2026-08-10 19:00:00,828.1,435.7,1305.9,685.9,848.2,483.2,74.9,152.3,229.3,49.6,630.9,1453.6,4177.3,5640.7,2014.0,1508.8,96.0,90.5,1674.9,3002.4,486.0,704.2,5376.9,5719.7,2642.0,796.9,4427.8,3597.1,2779.2,2161.7,1576.9,3472.2,914.1,3130.3,981.0,1688.7,1327.8,3870.4,7513.9,5775.3,1708.4,843.0
2026-08-10 19:15:00,828.7,429.5,1314.5,629.7,874.5,476.4,76.3,153.0,264.2,42.5,617.6,1438.4,3324.0,5821.9,2076.7,1426.6,131.8,65.8,1643.2,3043.1,472.7,741.4,5375.0,5804.0,2644.7,800.0,4336.7,3652.4,2779.1,2167.4,1577.1,3464.0,919.4,3135.1,981.6,1678.8,1317.3,3929.4,7522.7,5738.5,1712.0,829.8
2026-08-10 19:30:00,810.4,412.1,1321.1,718.3,839.1,499.9,77.4,152.8,296.3,49.3,628.1,1428.4,3079.7,5727.0,1911.5,1197.6,138.6,66.5,1643.4,3146.3,498.1,764.0,5373.0,5704.3,2640.4,799.4,4342.9,3796.2,2777.7,2166.5,1584.5,3467.9,919.6,3135.7,981.0,1678.5,1315.8,3962.0,7531.7,5702.9,1708.7,818.2
2026-08-10 19:45:00,810.7,404.2,1323.4,723.8,841.1,498.7,78.3,163.9,317.7,49.2,621.2,1447.8,3028.2,5755.8,1591.6,844.9,140.4,66.8,1649.7,3134.2,507.1,786.9,5351.7,5715.3,2640.8,800.7,4340.3,3917.4,2776.7,2169.8,1582.9,3461.1,921.4,3147.3,978.6,1682.8,1315.8,4019.1,7537.6,5651.4,1709.9,806.3
2026-08-10 20:00:00,817.8,390.4,1323.7,741.6,852.6,490.7,21.2,84.6,392.1,18.2,592.1,1451.9,2937.4,5508.1,1254.5,550.6,143.0,67.7,1576.6,3120.9,540.9,796.7,5259.3,5603.4,2644.8,796.6,4360.1,3882.9,2721.5,2167.5,1578.0,3580.7,927.0,3267.9,972.0,1592.0,1314.7,3933.2,7517.5,5642.2,1717.0,838.0
2026-08-10 20:15:00,800.0,406.9,1320.8,575.5,858.8,487.2,24.9,84.4,395.3,42.6,584.1,1439.1,2890.6,5475.1,1307.8,524.1,142.1,68.0,1575.6,3105.7,546.9,816.3,5238.6,5551.9,2642.6,797.6,4359.7,3961.0,2719.7,2170.6,1579.3,3572.6,928.6,3278.7,968.7,1599.2,1307.5,3990.7,7507.8,5657.9,1716.2,860.7
2026-08-10 20:30:00,807.0,437.4,1309.2,545.7,859.3,482.4,28.6,71.3,402.5,40.4,571.9,1454.4,2892.6,5569.9,1590.2,788.0,136.2,73.0,1576.8,3038.7,543.0,832.6,5229.0,5480.0,2632.1,799.4,4368.9,3996.2,2717.9,2171.1,1581.3,3574.0,930.3,3286.0,966.7,1607.2,1306.4,4045.1,7499.0,5638.4,1714.8,857.6
2026-08-10 20:45:00,798.0,381.4,1289.9,554.2,837.8,480.1,32.2,69.1,404.0,38.2,554.0,1457.3,2858.0,5638.6,1610.4,814.0,155.4,73.9,1578.0,2998.7,547.5,844.6,5212.6,5404.4,2636.9,801.4,4376.0,4047.2,2714.1,2170.2,1577.3,3566.7,929.4,3296.1,966.7,1612.8,1298.1,4095.2,7520.5,5624.6,1708.3,859.4
2026-08-10 21:00:00,800.5,412.5,1228.9,537.3,850.0,419.6,35.9,76.8,390.1,40.3,566.7,1428.1,2827.9,5818.7,1615.6,834.9,188.1,71.9,1550.9,2996.4,523.9,855.2,5258.6,5470.3,2625.2,810.7,4349.1,3877.3,2663.5,2141.8,1571.4,3594.7,924.3,3361.6,965.4,1601.4,1341.9,4220.5,7432.6,5473.4,1689.4,788.1
2026-08-10 21:15:00,791.6,409.0,1215.0,527.8,837.9,397.7,35.4,75.6,389.5,39.6,568.2,1432.3,2785.5,5732.6,1640.9,791.2,169.2,65.5,1547.7,2963.1,520.7,865.0,5310.0,5437.4,2625.5,813.7,4345.5,3888.4,2661.6,2145.2,1571.5,3574.6,921.7,3361.3,964.5,1606.7,1333.6,4289.5,7396.2,5473.3,1676.6,790.9
2026-08-10 21:30:00,808.6,340.1,1186.6,609.0,794.7,428.3,35.0,75.6,395.8,39.3,580.1,1444.5,2763.1,5747.3,1689.1,761.8,170.2,64.7,1542.5,2975.7,522.1,872.2,5317.2,5314.8,2617.8,816.9,4353.6,3907.7,2668.4,2149.8,1575.2,3528.0,921.9,3363.5,961.3,1613.0,1328.3,4345.9,7405.4,5463.6,1669.4,793.4
2026-08-10 21:45:00,789.2,337.8,1164.3,514.6,800.3,391.4,34.4,75.6,393.9,39.2,581.8,1433.3,2723.7,5437.7,1706.3,732.7,196.3,54.0,1562.6,2966.3,515.6,878.5,5300.3,5292.3,2617.5,818.8,4345.8,3964.8,2666.8,2153.8,1575.9,3492.3,912.7,3357.6,957.3,1621.9,1318.6,4426.8,7367.9,5407.1,1658.6,797.9
2026-08-10 22:00:00,732.4,364.2,1122.2,590.3,760.1,149.2,41.6,99.7,383.0,37.8,556.8,1459.5,2579.0,5480.2,1567.3,784.8,101.8,90.7,1492.7,2892.0,472.7,883.2,5186.0,5123.2,2595.6,810.9,4325.2,4047.5,2600.2,2127.8,1555.8,3571.7,909.8,3350.4,947.8,1468.4,1348.8,4223.5,7222.0,5265.5,1622.6,779.7
2026-08-10 22:15:00,733.4,346.2,1095.2,579.8,752.1,143.7,41.0,99.6,382.0,37.7,537.6,1463.6,2567.8,5445.1,1571.7,741.5,100.9,80.0,1487.3,2901.9,468.0,886.8,5140.3,5039.5,2575.2,811.7,4310.3,3977.9,2593.9,2135.8,1569.2,3514.5,908.3,3337.1,942.0,1481.2,1337.5,4277.5,7177.8,5244.2,1595.1,780.5
2026-08-10 22:30:00,736.8,328.2,1072.1,579.6,754.1,144.2,38.3,99.7,390.7,22.0,547.1,1466.1,2544.0,5455.9,1572.6,742.6,105.1,79.4,1480.9,2863.2,460.0,891.8,5083.6,4954.9,2544.2,813.7,4303.0,3888.9,2588.0,2143.9,1564.9,3320.9,903.0,3318.2,938.7,1493.6,1326.9,4340.1,7096.6,5183.7,1570.2,786.3
2026-08-10 22:45:00,744.8,267.5,1047.3,652.7,701.2,150.8,39.1,99.6,381.2,22.0,538.6,1468.2,2564.9,5125.7,1561.5,719.5,104.3,79.0,1474.8,2857.9,454.9,893.2,5025.8,4921.0,2519.9,814.7,4284.9,3754.4,2585.3,2152.6,1562.5,3115.1,897.7,3300.7,935.1,1508.9,1319.4,4325.8,7019.9,5179.5,1545.5,789.6
2026-08-10 23:00:00,713.1,313.9,1039.3,531.3,690.7,85.9,27.2,99.2,437.2,16.5,294.0,1467.4,2364.0,5382.6,1480.4,760.4,23.4,78.9,1309.8,2968.7,436.1,930.2,4883.9,4770.1,2427.2,831.2,4517.9,3751.5,2490.9,2102.9,1546.7,3267.4,889.7,3166.6,930.6,1448.2,1331.1,4092.6,6894.0,5149.9,1509.6,790.5
2026-08-10 23:15:00,722.9,299.9,1011.9,534.9,698.7,86.7,29.0,99.2,435.1,16.5,281.7,1469.9,2598.5,5397.2,1447.4,766.7,21.7,78.6,1305.6,2962.2,432.8,930.0,4849.0,4770.8,2386.1,831.2,4500.5,3717.9,2488.0,2112.5,1539.2,3108.5,876.4,3140.3,927.4,1471.2,1323.2,4114.8,6815.7,5144.8,1480.6,790.8
2026-08-10 23:30:00,720.9,288.0,980.1,515.0,691.7,77.7,28.8,99.2,427.5,16.5,272.4,1471.5,2596.0,4971.3,1449.4,771.5,0.0,78.4,1303.2,2960.1,428.6,930.3,4814.5,4764.3,2352.6,832.2,4507.5,3637.2,2477.9,2122.8,1536.1,3067.3,868.8,3109.7,928.2,1399.4,1310.7,4027.5,6733.7,5141.7,1453.4,789.9
2026-08-10 23:45:00,711.1,282.1,948.2,467.9,682.0,79.3,28.8,99.2,423.1,16.5,262.1,1473.9,3729.4,4932.7,1447.8,737.2,0.0,80.0,1299.3,2959.2,426.2,934.8,4771.8,4666.1,2308.8,832.0,4547.9,3630.3,2472.2,2135.3,1535.2,2979.1,863.2,3082.6,919.8,1401.6,1301.2,4026.4,6647.3,5126.8,1421.4,766.2
2026-08-11 00:00:00,674.3,224.3,951.9,492.2,671.1,68.8,74.8,46.9,319.7,27.5,234.9,1505.2,3347.0,4168.1,1243.6,698.1,73.9,77.6,1373.4,2736.9,428.1,923.4,4829.4,4370.3,2231.3,893.2,4112.3,3237.0,2409.3,2175.2,1513.1,2913.5,918.1,2950.5,913.6,1611.5,1303.0,3841.2,6522.0,5424.1,1374.9,760.3
2026-08-11 00:15:00,663.7,212.9,933.1,473.0,662.6,64.7,73.3,47.0,312.4,27.3,221.0,1509.5,3337.6,4283.6,1449.6,920.6,93.8,78.4,1347.9,2745.1,422.8,924.8,4806.4,4346.9,2206.2,893.2,4096.3,3089.3,2420.9,2169.1,1508.5,2867.1,910.2,2931.1,910.3,1621.0,1282.2,3753.5,6462.1,5415.9,1358.0,762.1
2026-08-11 00:30:00,656.0,219.0,912.2,428.7,657.0,65.5,74.6,47.0,307.3,22.9,204.9,1506.6,3334.8,4007.4,1523.0,986.8,48.7,78.8,1344.6,2754.7,415.9,926.0,4780.6,4335.9,2177.3,893.1,4073.5,3017.8,2412.2,2163.9,1503.0,2820.4,903.5,2912.9,907.5,1638.4,1265.5,3717.7,6414.5,5381.7,1350.0,749.8
2026-08-11 00:45:00,654.2,200.2,891.0,417.9,651.5,66.6,74.6,47.0,306.0,18.5,195.6,1508.6,3332.9,3948.7,1532.0,984.6,73.6,79.1,1341.5,2784.2,417.1,927.8,4761.4,4313.7,2151.1,891.1,4057.2,2888.6,2405.2,2160.9,1503.2,2715.3,895.3,2892.7,903.2,1659.2,1253.5,3755.6,6361.6,5383.2,1332.5,696.4
2026-08-11 01:00:00,655.2,202.2,872.8,394.6,647.3,66.5,60.3,66.2,344.7,22.3,149.0,1520.3,3277.9,4277.3,1513.1,1003.7,48.6,90.8,1260.2,2741.4,417.3,933.8,4787.9,4245.9,2095.4,881.1,4051.7,2888.5,2396.9,2122.3,1473.5,2802.3,879.0,2878.1,897.9,1571.3,1244.3,3792.0,6307.0,5393.2,1305.4,763.3
2026-08-11 01:15:00,648.5,195.5,858.4,387.4,642.8,67.9,59.5,66.3,342.6,20.5,132.3,1521.5,3271.7,4229.8,1496.3,983.7,47.5,91.1,1258.0,2737.6,421.3,934.8,4772.6,4239.6,2074.2,880.2,4037.9,2783.7,2394.3,2119.2,1470.9,2775.0,874.9,2861.9,897.3,1593.5,1241.2,3803.8,6274.7,5389.9,1296.9,693.8
2026-08-11 01:30:00,647.6,177.4,844.2,400.1,639.2,69.6,59.0,66.1,345.4,25.8,136.6,1533.2,3267.6,4030.5,1483.4,1005.1,46.4,91.7,1256.0,2738.3,424.2,935.1,4791.8,4225.1,2054.1,880.2,4027.6,2686.8,2393.4,2112.7,1467.1,2715.9,868.1,2846.7,894.5,1614.2,1242.4,3833.1,6238.2,5383.4,1287.2,667.7
2026-08-11 01:45:00,648.6,175.4,832.5,412.0,636.6,71.1,60.1,66.2,341.9,22.2,113.1,1524.4,3266.2,3956.9,1477.1,985.6,45.5,91.7,1253.9,2732.0,429.8,935.2,4783.5,4215.1,2031.4,879.4,4027.4,2647.5,2389.9,2107.6,1470.3,2649.9,862.6,2834.7,893.9,1633.9,1247.6,3838.7,6213.6,5377.3,1277.6,651.1
2026-08-11 02:00:00,653.1,170.1,820.4,422.6,631.6,71.7,41.8,37.0,330.0,24.3,106.4,1558.1,3356.2,4000.0,1450.1,994.4,44.3,151.3,1280.5,2703.9,452.0,928.1,4824.1,4147.6,2008.3,862.4,4018.0,2790.5,2388.8,2095.1,1451.6,2740.7,855.2,2843.5,893.5,1594.4,1254.0,3864.5,6209.4,5372.6,1271.0,688.6
2026-08-11 02:15:00,649.2,173.0,822.9,426.7,628.6,72.3,42.4,37.0,305.4,20.3,101.0,1550.9,3354.5,3924.6,1474.3,978.0,44.6,151.3,1262.9,2697.6,454.6,927.8,4821.5,4126.0,1996.4,863.3,4022.9,2779.1,2387.1,2094.1,1449.5,2716.1,853.3,2836.6,893.1,1613.1,1256.3,3897.4,6194.8,5360.7,1268.7,652.2
2026-08-11 02:30:00,647.3,175.6,826.0,429.7,627.7,72.8,43.0,37.0,326.2,19.5,93.7,1558.4,3363.5,3920.7,1471.8,973.8,64.8,151.8,1261.5,2697.1,450.5,927.7,4816.5,4106.0,1986.7,862.5,4018.7,2781.5,2385.3,2089.7,1447.6,2655.9,848.9,2832.4,892.4,1629.1,1252.3,3920.1,6177.0,5352.9,1258.3,651.2
2026-08-11 02:45:00,639.0,173.2,829.9,432.5,628.7,72.8,41.7,37.0,320.4,19.5,77.6,1554.1,3384.4,3859.4,1480.7,962.1,45.0,152.0,1259.5,2709.3,450.2,927.5,4810.1,4083.0,1975.7,862.5,4015.8,2784.4,2382.7,2087.6,1446.7,2660.5,844.0,2822.2,891.2,1644.2,1240.8,3892.9,6163.4,5348.0,1251.7,650.1
2026-08-11 03:00:00,636.9,186.0,831.9,433.4,626.9,73.8,98.0,62.9,335.4,16.1,82.4,1580.2,3311.7,3542.1,1460.5,941.1,45.3,152.7,1310.7,2686.6,417.6,925.8,4792.3,4075.6,1961.2,871.0,3935.7,2755.7,2371.0,2088.2,1436.3,2585.2,840.1,2803.1,891.7,1602.8,1217.4,3987.3,6259.3,5447.4,1251.1,647.7
2026-08-11 03:15:00,635.6,179.1,829.6,435.0,630.0,75.2,97.6,63.0,329.2,16.1,78.2,1578.5,3272.7,3735.0,1442.8,933.0,45.1,152.9,1315.9,2688.9,423.8,926.3,4788.6,4054.9,1955.1,871.0,3933.8,2751.7,2371.0,2082.1,1437.8,2645.6,835.2,2793.5,890.9,1604.1,1207.1,3915.9,6243.0,5440.0,1244.6,646.0
2026-08-11 03:30:00,639.4,171.3,829.9,437.6,631.0,77.0,97.6,63.0,331.4,16.0,73.0,1579.9,3274.3,3507.6,1455.0,927.7,45.0,152.8,1312.5,2668.4,418.7,929.6,4764.0,4028.5,1951.0,872.5,3930.9,2751.0,2368.5,2084.5,1435.1,2632.6,838.4,2791.3,890.1,1614.5,1205.6,3921.1,6233.2,5425.6,1246.5,640.3
2026-08-11 03:45:00,636.7,170.8,829.7,439.0,630.5,79.2,98.1,62.9,332.1,16.0,69.6,1579.6,3311.5,3475.1,1435.0,922.6,44.7,153.1,1310.6,2658.0,416.4,929.8,4764.7,4006.7,1945.2,871.5,3931.3,2736.4,2369.4,2087.5,1432.9,2627.9,835.0,2782.9,890.6,1624.8,1213.4,3914.8,6217.1,5416.1,1244.3,638.6
2026-08-11 04:00:00,647.4,171.9,838.8,432.4,635.7,80.6,37.1,27.4,295.7,16.0,84.2,1566.2,3608.2,3426.8,1453.2,883.2,44.5,153.7,1229.0,2654.4,412.8,944.3,4821.5,4013.4,1938.8,875.6,3890.9,2851.6,2353.5,2109.5,1427.4,2642.2,833.0,2900.3,891.2,1657.0,1230.8,3961.5,6128.3,5278.4,1259.0,620.1
2026-08-11 04:15:00,646.0,171.9,844.8,432.1,641.4,83.1,36.3,27.6,300.1,16.0,81.4,1565.2,3558.5,3372.6,1452.0,882.9,42.0,153.9,1230.5,2651.8,412.4,943.0,4847.4,4008.7,1938.8,875.5,3895.6,2851.1,2354.1,2111.7,1426.2,2641.6,835.4,2901.2,890.6,1667.8,1238.8,3990.3,6124.0,5279.2,1262.4,616.9
2026-08-11 04:30:00,649.3,183.4,863.9,432.9,653.1,85.5,35.9,27.4,300.9,16.0,83.6,1564.2,3554.5,3417.0,1402.9,886.1,39.5,154.0,1229.7,2653.5,410.8,942.2,4876.1,3981.3,1940.2,875.4,3897.3,2849.5,2355.1,2115.6,1426.9,2649.2,835.0,2898.8,892.2,1677.8,1239.1,4054.5,6119.6,5271.8,1263.2,608.9
2026-08-11 04:45:00,646.0,175.5,880.6,436.4,663.3,90.1,37.2,27.4,307.5,18.4,74.5,1565.4,3568.5,3581.2,1401.2,895.9,37.0,154.4,1228.9,2643.5,406.0,941.7,4902.8,3970.9,1939.5,875.1,3897.9,2849.0,2355.7,2119.5,1427.2,2633.3,834.7,2897.5,893.5,1688.2,1232.8,4127.2,6110.3,5256.6,1269.2,598.8
2026-08-11 05:00:00,679.3,177.8,916.7,408.4,670.2,183.7,59.6,19.9,324.5,16.5,87.5,1531.0,3614.2,3274.9,1403.5,888.9,54.5,162.9,1259.5,2629.1,399.2,950.3,5066.9,3989.3,1965.8,874.5,3975.7,3107.0,2340.2,2189.4,1435.7,2502.9,838.1,2943.4,896.4,1737.4,1225.6,4248.2,6168.1,5256.1,1268.8,581.8
2026-08-11 05:15:00,682.8,191.6,938.7,416.5,684.2,190.6,59.4,19.9,331.5,17.0,88.0,1528.6,3283.9,3225.1,1410.3,888.8,53.4,165.3,1262.1,2615.3,400.7,954.9,5117.1,3988.9,1984.6,874.2,3991.6,3187.9,2345.5,2193.4,1439.4,2536.4,840.4,2957.0,901.8,1743.8,1228.3,4324.8,6202.8,5256.9,1283.0,571.1
2026-08-11 05:30:00,686.0,188.0,951.9,464.1,697.2,190.9,60.4,19.9,340.1,19.5,91.5,1530.5,3281.3,3485.7,1374.9,916.3,32.3,167.0,1266.4,2603.3,401.8,947.7,5159.6,4002.2,1998.4,874.4,4013.3,3238.2,2344.2,2197.1,1438.8,2609.1,846.9,2966.0,906.9,1740.2,1244.8,4383.5,6265.8,5240.9,1296.2,553.2
2026-08-11 05:45:00,694.0,194.4,956.9,475.6,713.9,195.4,60.2,20.1,350.9,22.9,81.6,1538.9,3306.6,3982.9,1378.5,941.5,31.2,170.3,1275.2,2595.4,402.2,952.5,5183.4,4012.7,2021.5,877.1,4029.6,3345.5,2335.4,2213.8,1443.2,2672.2,852.6,2973.3,912.8,1731.3,1275.5,4411.0,6337.1,5230.5,1324.5,569.9
2026-08-11 06:00:00,735.4,234.6,970.9,518.9,725.5,212.4,31.3,70.2,354.2,18.0,100.0,1516.1,3410.2,3809.4,1447.7,1017.9,30.1,140.1,1329.7,2924.8,394.2,947.2,5296.3,4063.8,2141.6,869.8,4149.1,3406.8,2343.8,2309.5,1482.5,2508.4,879.3,3123.5,911.4,1697.0,1355.4,4969.0,6617.4,5211.4,1396.4,633.6
2026-08-11 06:15:00,741.2,272.2,961.3,530.6,740.7,234.4,30.1,70.6,362.9,18.0,98.6,1509.9,3471.7,4250.7,1459.7,1020.2,31.3,144.2,1338.2,2935.2,396.0,949.4,5335.3,4115.3,2196.8,871.0,4090.7,3468.4,2360.9,2312.3,1484.2,2514.9,892.3,3168.9,921.4,1759.9,1390.7,5026.8,6715.9,5209.2,1438.1,634.9
2026-08-11 06:30:00,742.6,281.5,931.4,534.3,750.5,259.9,26.5,71.0,375.7,18.0,102.1,1524.3,3492.8,4373.2,1418.2,1046.5,52.6,147.3,1345.3,2929.6,395.1,944.4,5355.7,4153.8,2239.4,871.2,4107.4,3470.9,2375.1,2321.3,1492.5,2518.0,908.6,3203.0,930.8,1739.2,1416.8,5232.9,6819.9,5207.6,1473.5,616.7
2026-08-11 06:45:00,734.1,299.4,886.2,539.6,756.6,285.0,28.2,71.6,390.4,18.3,104.8,1522.9,3563.5,4438.2,1395.7,1058.4,53.9,151.3,1351.5,2947.8,392.3,947.8,5373.8,4208.2,2291.6,871.8,4113.1,3552.6,2391.0,2317.6,1498.4,2528.3,917.6,3245.0,938.6,1737.4,1435.6,5276.1,6920.4,5197.5,1506.4,603.2
2026-08-11 07:00:00,769.5,321.7,871.8,639.3,761.0,311.7,33.0,67.0,396.7,20.7,81.2,1551.3,3131.2,4534.7,1422.4,1109.4,35.2,184.3,1377.6,2893.1,405.3,963.3,5528.2,4415.6,2421.6,870.5,4153.7,4164.9,2416.5,2350.6,1537.1,2580.3,942.1,3331.6,939.1,1653.8,1409.8,5250.0,7165.6,5212.2,1571.2,574.7
2026-08-11 07:15:00,767.1,333.0,833.9,660.5,761.2,339.3,33.9,67.5,399.4,20.9,83.2,1534.3,3196.6,4499.6,1404.5,1135.0,54.5,193.0,1354.9,2856.0,402.5,955.9,5528.8,4471.0,2465.2,868.0,4162.1,4236.9,2430.0,2351.2,1543.1,2591.6,957.3,3382.7,944.1,1633.8,1409.1,5255.8,7212.4,5197.9,1586.5,569.5
2026-08-11 07:30:00,765.7,334.2,796.5,694.1,764.4,366.2,35.1,70.6,397.4,21.1,95.6,1538.1,3619.0,4279.9,1372.8,1187.9,78.7,198.0,1350.9,2866.6,398.3,956.7,5530.2,4508.7,2493.5,866.6,4170.1,4210.9,2441.2,2362.3,1549.9,2595.9,964.2,3400.4,949.2,1616.8,1410.5,5242.1,7243.6,5201.5,1591.8,574.5
2026-08-11 07:45:00,756.2,335.6,759.3,674.8,764.2,388.7,34.4,71.4,383.0,21.7,104.7,1546.3,3710.8,3336.5,1340.9,1215.6,78.0,204.0,1399.2,2989.2,392.7,959.0,5519.4,4573.6,2521.1,864.4,4166.0,4014.7,2455.4,2360.9,1559.7,2604.2,972.3,3418.2,955.6,1605.3,1411.2,5219.7,7277.4,5205.2,1601.7,574.0
2026-08-11 08:00:00,740.0,394.8,722.4,844.7,765.4,408.3,84.1,73.6,389.4,17.2,145.7,1481.9,3517.5,3709.6,1582.8,1301.7,0.0,309.7,1328.1,3055.6,412.0,928.8,5560.8,4520.4,2585.8,805.3,4193.3,3847.7,2528.5,2276.6,1580.3,2419.3,1009.2,3434.9,967.5,1569.0,1476.2,5281.2,7259.7,5144.2,1607.7,571.1
2026-08-11 08:15:00,733.9,373.7,697.8,860.3,769.8,436.6,87.7,74.4,369.0,24.5,149.2,1473.7,3985.3,3453.5,1530.8,1326.5,0.0,336.5,1319.5,3072.5,411.8,935.3,5543.2,4577.8,2604.5,801.8,4194.8,3646.5,2537.4,2276.1,1582.6,2420.0,1011.6,3440.8,972.1,1564.5,1478.7,5249.1,7262.7,5190.0,1599.3,577.9
2026-08-11 08:30:00,724.8,358.7,669.0,857.5,770.6,464.2,89.1,75.3,343.7,30.8,170.6,1490.8,4019.2,3410.7,1464.4,1098.3,0.0,302.2,1306.3,3126.6,417.0,941.6,5519.9,4627.8,2611.9,801.1,4271.0,3386.9,2538.1,2282.5,1586.0,2425.1,1014.9,3435.7,973.8,1561.7,1480.5,5084.7,7256.2,5223.7,1586.8,589.8
2026-08-11 08:45:00,713.1,356.5,639.9,903.2,771.9,491.6,87.9,76.0,315.4,37.6,194.2,1510.1,4047.5,3323.2,1516.8,893.8,0.0,300.4,1297.4,2899.3,419.3,936.9,5631.0,4821.3,2621.0,798.3,4390.0,3284.3,2549.2,2287.2,1589.6,2428.6,1018.2,3439.2,984.2,1478.9,1477.3,4933.0,7247.8,5264.1,1586.7,597.4
2026-08-11 09:00:00,711.2,370.8,601.6,1033.6,774.3,441.0,134.0,63.1,283.2,54.4,212.9,1540.7,4411.0,4548.0,1567.8,942.7,10.0,423.1,1318.0,2997.9,425.5,928.7,5490.0,4597.0,2664.3,835.0,4313.7,3336.5,2539.4,2236.0,1602.6,2426.6,1009.2,3302.5,987.8,1454.5,1474.6,4723.5,7192.6,5301.5,1560.8,608.4
2026-08-11 09:15:00,711.9,377.9,582.9,1082.9,773.9,370.3,140.3,63.8,258.0,66.6,188.6,1536.7,4620.8,3975.6,1492.1,983.6,10.0,418.4,1313.2,2930.2,425.2,915.9,5585.4,4708.9,2673.9,837.1,4311.9,3039.2,2541.6,2239.4,1610.5,2433.7,1004.5,3289.1,989.2,1440.9,1472.8,4628.3,7176.0,5312.6,1551.0,622.1
2026-08-11 09:30:00,706.9,364.7,564.0,1150.6,773.2,321.5,144.1,64.5,230.8,92.0,203.1,1561.6,4698.9,3858.5,1466.6,1020.7,10.0,397.4,1314.1,2916.1,425.6,910.2,5581.4,4790.5,2681.4,832.2,4352.9,2703.4,2542.9,2243.6,1606.9,2429.6,1006.5,3187.9,988.3,1437.8,1473.2,4504.6,7165.8,5342.2,1533.6,572.7
2026-08-11 09:45:00,692.3,370.4,544.0,1188.5,773.1,324.7,143.5,62.5,200.8,117.1,226.5,1585.5,5412.2,3748.2,1453.1,1056.5,10.0,394.3,1374.2,2871.0,427.3,874.0,5606.5,4877.6,2686.2,822.7,4357.9,2544.6,2567.4,2205.7,1609.0,2420.4,1002.6,2749.1,988.3,1432.5,1476.6,4414.8,7156.7,5373.4,1525.1,566.2
2026-08-11 10:00:00,682.8,380.3,515.4,1224.8,776.5,331.1,160.5,12.4,200.4,159.3,270.2,1638.2,5500.3,4455.5,1287.6,1107.7,35.4,379.2,1355.7,2848.1,434.4,861.9,5685.0,5009.2,2703.5,1013.8,4793.2,2811.4,2548.5,2050.7,1623.5,2367.5,1119.7,2920.8,984.8,1404.3,1394.6,4291.9,7155.1,5382.3,1504.7,557.4
2026-08-11 10:15:00,690.6,377.9,501.2,1264.9,777.3,337.6,163.6,11.9,172.3,168.1,274.3,1648.2,5738.7,4395.0,1235.6,1108.7,59.8,367.6,1356.9,2714.0,431.5,838.0,5685.9,5047.8,2709.7,1011.3,4789.4,2740.1,2564.6,2015.9,1625.8,2367.7,1120.4,2559.3,983.0,1398.5,1392.3,4187.6,7156.8,5400.3,1489.5,568.0
2026-08-11 10:30:00,687.2,381.9,712.4,1309.3,779.6,347.3,163.6,12.2,159.4,190.7,296.0,1658.5,5747.7,3979.9,1263.4,1160.0,84.2,340.2,1378.6,2638.1,443.5,794.7,5671.9,5090.0,2707.4,1007.9,4789.8,2723.3,2561.7,1963.7,1622.6,2357.4,1113.0,2221.1,980.9,1395.3,1390.1,4206.9,7123.4,5412.1,1465.7,577.6
2026-08-11 10:45:00,677.3,385.6,700.5,1349.8,777.0,359.7,163.5,12.3,167.0,230.2,325.5,1676.6,5756.3,3800.8,1231.6,1161.0,103.5,340.2,1436.5,2465.7,451.3,770.2,5672.7,5115.2,2705.7,1005.5,4783.3,2711.6,2565.9,1963.0,1622.0,2271.0,1109.4,2082.3,978.4,1307.1,1387.0,4011.5,7095.0,5409.2,1464.5,573.1
2026-08-11 11:00:00,679.9,391.4,918.3,1382.6,769.9,382.3,139.6,10.8,154.9,283.0,309.5,1707.4,5815.3,3980.9,1413.2,1228.3,35.0,311.0,1432.7,2314.8,492.5,762.3,5675.3,5222.7,2707.8,974.3,4743.9,2603.2,2555.5,1919.8,1842.6,2355.6,1114.5,1898.4,979.4,1317.3,1466.9,3993.7,7055.3,5433.3,1442.4,583.8
2026-08-11 11:15:00,676.2,393.1,917.2,1404.4,767.8,380.9,139.6,11.0,153.8,315.0,316.3,1722.6,5892.2,3899.6,1371.3,1237.9,60.0,311.3,1444.5,2176.8,516.2,704.7,5671.6,5095.1,2709.7,971.8,4748.4,2593.7,2560.0,1900.2,1844.4,2249.0,1111.4,1865.6,977.6,1268.1,1462.4,3886.3,7015.0,5445.5,1429.7,588.9
2026-08-11 11:30:00,677.7,392.2,911.6,1416.0,772.5,374.0,143.9,11.1,150.5,274.8,326.3,1739.1,5932.6,3859.9,1334.3,1241.4,60.0,311.6,1444.7,1867.7,524.0,251.6,5656.3,5149.5,2710.4,941.3,4736.1,2585.3,2555.5,1921.1,1844.9,2255.5,1109.9,1890.4,974.2,1270.5,1458.9,3862.5,6995.8,5451.1,1414.1,593.8
2026-08-11 11:45:00,680.8,389.7,914.5,1424.8,772.6,367.8,148.9,11.2,153.2,306.6,346.5,1750.2,6017.7,3881.7,1305.3,1248.0,60.0,291.7,1468.2,1383.5,597.8,247.1,5648.2,5203.4,2714.9,942.1,4736.2,2578.7,2559.0,1922.5,1846.9,2261.2,1110.2,1941.1,973.9,1277.0,1449.5,3765.2,6982.9,5453.8,1402.5,596.6
2026-08-11 12:00:00,689.1,380.1,949.3,1496.2,787.2,357.3,139.3,11.3,126.9,381.4,308.4,1860.7,6156.7,4051.1,1182.9,1313.9,63.0,304.2,1667.8,1138.7,656.4,211.9,5541.1,5322.2,2719.5,911.9,4581.4,2497.6,2552.0,1954.5,1837.4,2240.8,1105.3,1952.4,975.0,1279.9,1420.7,3643.2,6998.1,5448.6,1400.7,599.2
2026-08-11 12:15:00,695.0,380.9,953.6,1509.6,786.6,354.8,145.3,11.5,128.6,378.8,314.6,1873.7,6184.6,3820.4,1220.7,1304.6,63.0,304.4,1662.6,1125.3,704.9,152.1,5522.5,5344.1,2718.6,912.2,4574.9,2490.6,2551.9,1956.5,1838.0,2244.3,1107.4,1958.8,975.9,1230.7,1418.8,3520.6,6972.9,5447.1,1393.4,601.7
2026-08-11 12:30:00,692.8,380.3,953.8,1527.8,785.4,358.7,152.9,11.5,126.7,389.7,340.1,1892.8,6264.2,3774.3,1188.1,1287.6,63.0,304.6,1662.2,1113.3,702.5,148.4,5517.1,5320.1,2718.7,911.0,4580.3,2487.4,2548.4,1956.1,1836.9,2250.1,1106.5,1967.5,976.8,1231.3,1413.6,3500.8,6970.4,5432.0,1385.8,599.3
2026-08-11 12:45:00,686.1,378.8,957.9,1542.8,788.4,370.2,153.5,11.5,124.7,396.4,335.5,1902.9,6332.3,3736.1,1142.3,1280.9,63.0,304.8,1661.8,1101.1,646.6,207.6,5505.6,5408.1,2725.4,910.6,4583.9,2484.6,2554.4,1957.1,1841.1,2259.6,1101.5,1981.0,975.8,1310.7,1415.2,3518.6,6974.4,5450.9,1390.5,592.6
2026-08-11 13:00:00,680.4,375.9,974.1,1549.0,793.9,365.0,147.5,40.9,104.1,391.8,369.3,1935.4,6189.7,3621.4,1125.4,1269.6,173.1,185.9,1669.5,1086.6,640.4,194.4,5555.9,5471.4,2718.9,908.0,4589.3,2508.7,2537.6,2034.4,1836.7,2274.7,1096.4,2029.8,972.1,1250.5,1416.4,3480.7,7148.8,5557.4,1398.0,588.9
2026-08-11 13:15:00,680.5,375.3,979.0,1562.6,791.2,356.9,147.0,40.6,102.1,392.6,367.0,1923.3,6257.9,3374.3,1102.8,1278.0,173.1,185.9,1673.1,1079.6,639.7,189.2,5555.7,5498.8,2722.5,906.7,4597.5,2504.6,2541.6,2034.4,1835.6,2281.2,1093.9,2056.1,971.3,1262.8,1419.2,3479.3,7141.5,5512.7,1392.2,585.0
2026-08-11 13:30:00,680.7,373.8,985.0,1573.1,788.2,342.0,150.8,40.2,101.8,393.0,373.1,1921.3,6597.7,3319.9,1082.7,1295.4,173.1,185.9,1668.7,1072.9,640.8,185.4,5574.7,5564.0,2721.0,904.3,4600.9,2499.3,2537.4,2034.4,1836.1,2290.4,1098.7,2070.7,968.6,1338.5,1420.6,3565.6,7149.9,5522.7,1392.1,580.6
2026-08-11 13:45:00,687.1,373.3,1002.4,1576.7,788.3,330.2,161.3,39.9,101.4,395.6,372.1,1926.4,6782.3,3288.2,1071.3,1303.9,173.1,185.9,1657.8,1067.1,632.2,181.2,5572.5,5576.5,2718.5,901.8,4603.8,2492.7,2541.7,2036.0,1838.7,2298.9,1096.6,2055.3,966.2,1347.4,1423.1,3521.2,7150.8,5513.6,1393.2,574.2
2026-08-11 14:00:00,687.4,362.1,999.3,1573.6,778.5,314.1,160.6,10.2,95.4,399.9,388.2,1879.1,6709.9,3260.1,1022.0,1180.9,35.0,359.6,1771.2,1069.2,681.4,137.4,5566.2,5640.3,2722.5,878.3,4615.6,2499.6,2526.7,2017.4,1828.8,2551.9,1097.9,2005.1,959.8,1291.6,1424.0,3344.3,7147.3,5492.8,1390.0,557.2
2026-08-11 14:15:00,697.5,359.8,1016.6,1568.3,783.9,304.4,109.8,10.0,94.6,398.2,374.9,1881.2,6334.6,3247.5,1014.3,1189.7,35.1,353.5,1654.2,1070.1,680.5,137.1,5566.2,5629.7,2726.6,875.1,4619.3,2494.3,2529.9,2060.7,1830.8,2557.6,1095.0,2071.4,957.8,1289.1,1428.5,3408.1,7165.1,5512.6,1393.1,553.2
2026-08-11 14:30:00,710.2,354.7,1026.7,1555.1,789.4,298.8,97.4,9.5,95.4,393.1,387.7,1876.6,5988.6,3611.0,1013.2,934.5,35.0,353.0,1653.3,1070.7,623.7,160.6,5566.3,5660.8,2723.0,872.5,4619.4,2495.6,2527.1,2061.2,1824.9,2564.1,1092.9,2116.4,958.1,1294.7,1425.4,3481.2,7168.0,5507.8,1399.6,543.4
2026-08-11 14:45:00,705.2,349.8,1040.5,1537.3,786.1,293.8,95.5,9.5,95.0,392.9,386.6,1864.8,5905.7,3588.8,1020.3,940.2,35.0,356.2,1647.8,1088.5,618.4,155.5,5583.3,5649.2,2728.9,870.8,4620.3,2493.8,2531.8,2064.5,1827.6,2569.6,1098.1,2190.9,959.1,1340.0,1419.4,3548.4,7175.7,5490.6,1399.8,534.2
2026-08-11 15:00:00,705.3,347.6,808.3,1523.4,786.4,286.0,85.5,35.4,108.1,369.1,324.0,1783.0,5771.8,3769.6,1154.0,1315.8,38.0,276.9,1604.9,984.6,749.5,155.0,5578.7,5591.0,2733.6,858.5,4782.2,2473.7,2524.6,2032.4,1830.1,2539.8,1094.0,1888.3,960.6,1269.9,1421.2,3386.8,7001.2,5334.6,1412.1,520.1
2026-08-11 15:15:00,702.2,347.8,825.0,1500.6,795.6,279.8,82.5,36.5,107.5,361.5,344.9,1776.6,5677.3,3967.6,1162.4,1295.9,38.0,296.9,1609.3,1000.6,655.8,191.7,5581.7,5586.7,2737.0,856.7,4775.4,2471.3,2524.2,2035.3,1835.0,2547.8,1094.9,1929.4,962.0,1276.8,1420.6,3576.4,7022.2,5316.7,1423.1,504.9
2026-08-11 15:30:00,710.3,350.5,616.5,1477.3,801.6,274.6,72.9,36.0,107.5,401.8,345.8,1761.4,5671.4,4051.6,1194.4,1352.4,38.0,294.8,1532.4,1144.8,634.5,187.9,5590.6,5529.2,2750.2,855.0,4786.9,2471.9,2519.6,2034.9,1835.4,2547.3,1100.7,1970.0,962.2,1277.4,1420.8,3607.8,7045.0,5286.1,1427.5,488.2
2026-08-11 15:45:00,720.4,342.8,633.1,1446.8,808.5,270.0,71.7,35.2,107.1,411.6,345.3,1753.7,5670.3,4047.8,1156.8,1380.2,38.0,295.7,1488.9,1357.8,636.3,422.1,5603.6,5478.8,2763.8,853.2,4788.8,2467.5,2524.7,2076.8,1833.2,2546.0,1097.3,2046.0,964.1,1308.6,1429.5,3745.0,7063.6,5266.2,1439.2,471.4
2026-08-11 16:00:00,731.9,325.3,646.8,1414.5,805.0,269.1,79.8,73.3,104.7,401.0,276.3,1742.7,5720.2,3895.2,1098.3,1379.7,86.8,281.0,1580.3,1517.6,495.3,453.8,5771.8,5575.7,2777.1,877.9,4749.7,2448.7,2520.4,2062.6,1827.5,2489.6,1103.3,2200.5,978.2,1444.2,1458.8,3918.7,7085.0,5238.1,1509.1,451.8
2026-08-11 16:15:00,738.0,323.5,667.9,1319.3,810.1,256.2,76.4,67.7,103.9,387.0,265.6,1731.1,5667.8,3870.2,1139.8,1387.8,87.5,279.6,1526.0,1605.0,490.0,482.1,5687.8,5578.8,2787.1,875.1,4755.7,2472.3,2518.3,2102.7,1824.3,2484.0,1108.1,2235.1,979.6,1527.6,1460.9,4244.9,7118.1,5213.7,1523.5,444.2
2026-08-11 16:30:00,748.4,383.6,698.0,1267.9,815.0,281.2,72.7,69.7,90.1,360.3,246.7,1730.1,5612.2,4013.4,1188.8,1422.0,68.3,277.5,1520.4,1628.4,477.0,477.6,5578.9,5490.5,2794.3,873.3,4757.4,2519.8,2515.4,2114.0,1821.1,2481.9,1106.1,2434.7,981.1,1518.3,1461.3,4430.3,7167.1,5171.6,1548.1,456.2
2026-08-11 16:45:00,758.9,371.8,723.9,1218.4,819.2,323.3,72.2,69.1,90.9,337.5,240.5,1736.1,5546.5,4203.0,1294.3,1432.3,44.1,289.0,1502.2,1684.7,477.4,494.6,5503.3,5492.1,2798.0,880.4,4749.8,2522.5,2515.3,2124.9,1826.5,2488.6,1107.7,2739.1,979.6,1538.3,1457.1,4580.2,7227.3,5137.1,1577.2,438.3
2026-08-11 17:00:00,772.4,372.4,774.9,1156.4,823.3,334.4,80.4,134.3,69.3,309.8,203.5,1681.8,4583.0,3444.4,1364.3,1407.7,0.0,293.3,1572.9,1792.5,493.5,576.7,5523.7,5323.1,2787.1,738.3,4213.2,2591.3,2502.5,2389.0,1813.6,2423.1,1105.8,2615.5,986.4,1620.6,1453.4,4989.7,7317.1,5065.2,1633.8,404.2
2026-08-11 17:15:00,783.8,444.8,805.4,1253.7,833.6,313.4,76.6,133.7,69.3,278.2,205.1,1668.6,4564.1,3552.8,1450.8,1384.8,1.3,289.1,1484.7,1802.7,482.0,557.7,5556.4,5279.1,2788.6,736.4,4200.1,2657.1,2505.3,2397.5,1816.0,2427.7,1103.6,3034.5,988.3,1608.6,1447.8,5169.2,7371.9,5006.0,1661.0,378.5
2026-08-11 17:30:00,793.7,457.0,839.9,1343.4,831.9,287.8,80.9,133.1,70.9,228.1,199.7,1653.7,4317.6,3761.3,1505.7,1365.7,0.0,299.8,1491.4,1755.5,489.8,547.1,5579.5,5323.7,2780.5,741.8,4200.1,2909.7,2495.4,2397.7,1816.8,2437.1,1102.3,3414.4,989.0,1594.8,1448.3,5191.3,7423.3,4956.9,1688.8,348.6
2026-08-11 17:45:00,787.3,473.7,895.6,1331.8,837.0,321.4,76.6,132.7,72.1,187.8,217.5,1647.5,3776.5,3727.5,1598.0,1436.0,0.0,336.2,1489.7,2018.7,490.9,551.4,5599.4,5438.3,2778.6,751.2,3909.4,3266.6,2498.3,2398.7,1814.7,2434.0,1103.5,3420.7,990.4,1586.6,1451.4,5268.9,7462.8,4919.5,1708.3,316.1
2026-08-11 18:00:00,790.1,439.4,901.9,1222.2,833.5,312.5,78.8,115.3,91.2,152.2,227.9,1573.4,4369.5,3575.5,1724.3,1587.6,55.3,178.8,1326.8,1748.0,518.3,711.8,5528.5,5478.3,2757.2,681.2,3921.9,3267.8,2494.4,2530.8,1812.7,2427.5,957.4,3336.7,984.9,1628.0,1429.0,5637.2,7517.9,4847.9,1684.9,295.4
2026-08-11 18:15:00,814.8,436.1,961.0,1285.7,795.5,325.0,79.1,114.9,114.9,128.7,225.7,1554.0,3810.0,3867.7,1678.1,1696.9,57.3,182.5,1261.2,1887.4,515.6,692.9,5550.9,5531.6,2750.9,678.2,3924.0,3939.3,2495.6,2529.3,1808.2,2400.3,955.9,3337.1,983.5,1604.4,1438.3,5644.7,7526.8,4887.7,1702.9,265.0
2026-08-11 18:30:00,826.6,440.0,1012.9,1581.4,794.6,290.1,79.6,112.1,143.5,104.3,246.2,1536.7,3806.4,3988.0,1565.6,1665.2,59.4,182.7,1260.5,1835.2,524.8,685.4,5554.6,5662.3,2754.1,679.9,3928.5,4602.9,2489.2,2529.1,1806.1,2418.4,959.7,3355.2,982.4,1583.1,1443.9,5596.6,7585.3,4797.8,1721.7,228.8
2026-08-11 18:45:00,799.4,477.1,1062.9,1378.6,792.0,266.9,80.2,109.4,172.7,79.2,239.2,1512.2,2364.2,4140.4,1481.1,1573.8,61.4,182.6,1294.2,1850.1,523.3,670.3,5579.4,5734.6,2750.9,698.1,3929.7,4870.7,2482.5,2526.5,1805.9,2407.3,960.5,3349.7,979.3,1564.3,1444.1,5652.2,7597.2,5020.3,1756.2,211.5
2026-08-11 19:00:00,795.0,488.5,1059.9,1433.2,791.3,498.3,74.8,107.9,226.1,57.9,324.3,1551.0,3782.3,3590.9,1650.8,1612.0,88.4,97.0,1287.7,1782.2,582.3,665.8,5486.6,5566.8,2739.3,726.6,4214.1,5117.2,2422.2,2626.2,1803.2,2475.4,974.1,3273.3,978.0,1580.2,1362.3,5384.8,7685.4,5023.9,1773.8,224.4
2026-08-11 19:15:00,844.7,425.2,1096.0,1645.3,793.3,495.5,75.4,107.7,267.0,92.3,328.1,1531.5,2334.8,3585.9,1687.0,1483.1,90.2,98.1,1239.6,1715.8,591.2,654.0,5490.2,5513.5,2739.7,725.2,4217.8,5350.5,2423.4,2623.7,1802.9,2474.8,978.1,3290.8,974.9,1570.7,1365.2,5320.5,7686.8,5139.1,1790.5,212.1
2026-08-11 19:30:00,803.1,537.6,1120.5,1406.9,799.0,486.1,75.9,107.6,304.7,90.5,312.0,1530.0,2339.3,3654.2,1815.9,1596.2,87.1,108.7,1217.2,1696.0,594.9,633.8,5482.1,5619.3,2734.4,766.2,4222.5,5612.0,2420.7,2622.1,1809.3,2494.8,978.9,3333.6,973.0,1567.9,1364.8,5277.8,7727.7,5143.7,1819.2,202.0
2026-08-11 19:45:00,802.8,536.0,1144.7,1368.0,802.1,490.4,72.8,108.5,324.8,103.3,300.9,1552.3,2349.2,4016.8,1851.4,1577.3,68.9,109.3,1205.8,1706.9,590.7,634.3,5480.6,5687.8,2728.7,765.6,4226.1,5758.0,2447.9,2648.9,1806.0,2500.3,981.3,3376.3,970.5,1570.9,1365.2,5199.5,7741.6,5168.4,1832.1,193.1
2026-08-11 20:00:00,803.4,534.6,1149.5,1373.2,808.4,632.3,21.5,62.1,371.2,83.2,281.9,1500.0,2252.6,3641.5,1601.6,1552.2,70.7,80.2,1172.0,1557.7,580.7,625.4,5347.5,5518.6,2722.5,743.4,4140.6,5822.9,2391.5,2601.4,1625.5,2405.9,990.4,3419.6,967.9,1496.0,1360.6,5034.2,7758.2,5201.1,1862.2,257.8
2026-08-11 20:15:00,835.4,427.9,1160.6,1550.9,803.2,635.0,25.4,62.0,372.7,112.0,259.7,1490.2,2243.7,3822.4,1582.2,1463.3,71.3,81.5,1169.5,1521.6,578.5,618.0,5327.8,5398.1,2717.2,770.1,4149.7,5842.8,2392.3,2600.8,1621.7,2405.0,988.0,3422.8,967.9,1508.8,1357.6,4976.9,7754.7,5186.8,1864.9,311.5
2026-08-11 20:30:00,838.9,426.3,1169.7,1525.2,804.0,633.7,26.6,63.7,374.7,110.3,242.3,1504.4,2247.2,3888.1,1623.6,1441.2,76.8,81.5,1167.2,1469.0,582.6,613.1,5295.2,5387.0,2705.0,775.8,4169.3,5865.9,2415.8,2633.2,1625.6,2411.9,991.0,3422.1,967.2,1520.1,1359.9,4898.3,7745.7,5237.4,1872.2,311.3
2026-08-11 20:45:00,834.7,428.6,1171.7,1503.1,799.2,633.3,22.6,65.4,370.9,108.3,225.6,1509.6,2244.2,3995.0,1648.9,1436.5,77.3,80.2,1161.2,1439.2,585.4,614.0,5263.7,5356.0,2708.1,775.8,4182.7,5922.1,2387.4,2596.2,1621.5,2413.5,990.5,3452.7,967.3,1530.6,1363.1,4847.7,7750.5,5207.2,1879.1,310.6
2026-08-11 21:00:00,837.6,429.6,1155.1,1492.4,789.8,633.3,60.4,67.0,355.4,106.0,231.9,1543.7,2154.5,4122.7,1700.6,1516.0,142.7,53.8,1135.0,1343.5,565.0,605.0,5298.0,5462.6,2695.7,778.2,4209.5,5870.5,2386.9,2546.4,1621.7,2462.1,970.7,3480.1,968.3,1532.5,1376.2,4890.0,7695.9,5194.0,1887.2,268.7
2026-08-11 21:15:00,835.2,430.7,1143.8,1474.6,781.4,632.3,60.9,67.0,357.6,105.5,234.7,1513.7,2157.7,3929.2,1739.9,1490.2,142.8,52.4,1134.2,1303.6,570.8,601.2,5325.6,5485.6,2693.7,780.9,4208.6,5892.8,2384.9,2544.0,1619.0,2459.8,966.9,3491.5,968.4,1543.6,1371.4,4845.6,7677.7,5132.8,1877.1,239.5
2026-08-11 21:30:00,790.3,536.6,1122.6,1250.0,769.9,634.0,64.7,66.4,357.3,105.3,229.9,1514.8,2145.6,4053.8,1791.0,1466.3,142.9,51.4,1126.3,1276.8,573.4,599.0,5313.8,5534.9,2685.3,750.3,4213.3,5854.3,2381.7,2538.9,1621.1,2450.5,969.2,3462.5,968.3,1553.1,1368.5,4857.7,7644.5,5114.7,1880.8,237.9
2026-08-11 21:45:00,818.0,432.8,1095.3,1448.5,751.4,628.2,69.1,65.9,359.0,29.7,251.9,1512.7,2150.8,4037.4,1803.5,1450.9,168.0,50.7,1151.5,1253.4,569.3,601.3,5280.6,5434.2,2680.7,751.3,4204.7,5852.5,2381.5,2536.1,1620.9,2450.2,964.3,3460.9,966.2,1560.2,1361.0,4802.8,7619.0,5115.9,1870.0,234.2
2026-08-11 22:00:00,788.5,433.9,1055.9,1392.8,732.6,456.3,37.1,65.9,338.7,103.1,244.8,1583.8,1903.9,4260.4,1690.6,1367.1,172.4,112.2,1123.9,1252.1,562.1,595.8,5213.8,5430.1,2646.3,704.1,4396.4,5741.0,2380.3,2477.7,1609.8,2551.4,979.3,3505.8,957.8,1568.1,1429.0,4680.1,7525.9,5026.1,1870.3,200.8
2026-08-11 22:15:00,778.7,430.4,1026.3,1410.4,714.8,456.2,39.2,65.9,334.7,60.6,246.8,1585.5,1909.8,4018.9,1678.8,1355.6,172.3,111.5,1116.3,1227.8,558.0,596.5,5156.0,5386.1,2624.9,701.7,4387.9,5612.0,2375.7,2475.2,1607.9,2536.2,980.7,3431.5,953.8,1558.3,1416.9,4679.1,7457.0,5020.6,1841.2,198.1
2026-08-11 22:30:00,764.6,374.6,1001.7,1390.5,696.9,456.4,39.6,65.9,322.8,63.1,229.1,1588.1,1911.7,3965.3,1682.1,1358.3,152.2,110.9,1107.2,1167.4,552.2,600.0,5098.2,5388.2,2595.8,702.9,4384.5,5484.9,2369.2,2473.5,1602.8,2520.2,974.1,3355.5,950.6,1558.6,1406.3,4651.1,7378.9,5024.9,1817.6,197.8
2026-08-11 22:45:00,712.6,497.5,982.0,1149.3,679.1,436.6,40.9,65.9,327.5,27.0,212.0,1591.4,2116.1,3958.6,1659.6,1358.3,152.1,110.6,1097.4,1152.8,551.4,599.7,5031.7,5415.7,2568.4,702.9,4373.1,5490.6,2368.0,2473.0,1600.4,2504.6,971.4,3271.3,944.6,1558.3,1398.6,4582.9,7301.9,5001.7,1790.4,196.6
2026-08-11 23:00:00,734.9,313.2,941.7,1295.8,653.1,224.7,44.7,61.9,314.2,33.5,203.1,1526.9,2593.4,3942.1,1585.5,1252.8,166.8,103.3,1085.4,1046.5,527.9,600.6,4903.5,5477.7,2473.2,701.9,4187.5,5597.2,2346.9,2444.6,1577.5,2517.2,950.8,3333.6,935.7,1540.5,1396.0,4269.0,7115.8,4950.8,1701.1,146.6
2026-08-11 23:15:00,725.5,309.4,928.2,1284.0,638.6,218.8,53.3,61.8,310.5,33.5,200.9,1529.7,3243.4,3952.1,1559.6,1250.0,191.5,113.6,1091.9,1028.7,532.8,599.7,4859.4,5430.9,2430.9,702.7,4174.2,5372.6,2342.8,2446.8,1572.4,2503.4,945.0,3234.3,937.1,1490.9,1388.5,4273.3,7037.6,4951.5,1668.7,142.9
2026-08-11 23:30:00,713.7,306.4,907.8,1271.9,624.6,199.5,53.3,61.9,300.8,33.5,180.7,1531.5,3269.6,3989.6,1557.3,1247.3,171.3,104.0,1083.8,1014.9,529.6,602.7,4803.9,5392.3,2395.3,704.7,4170.5,5327.5,2333.8,2447.7,1571.7,2499.5,937.6,3206.7,932.7,1474.6,1376.9,4200.5,6951.2,4910.7,1647.3,139.5
2026-08-11 23:45:00,706.5,300.4,889.2,1221.0,619.3,199.5,53.6,62.5,289.5,34.0,165.4,1544.7,3266.5,4011.1,1552.6,1269.0,171.0,104.9,1079.1,998.7,526.3,601.1,4749.7,5425.0,2349.9,704.5,4154.9,5287.6,2329.2,2452.0,1570.3,2496.7,933.1,3179.1,928.9,1470.0,1364.9,4138.4,6891.6,4765.1,1617.4,138.0
2026-08-12 00:00:00,772.1,343.1,843.5,1024.5,598.0,127.2,46.4,34.5,245.6,31.0,152.1,1557.0,2568.4,4087.7,1361.2,1257.6,139.4,62.7,1023.6,839.8,427.9,469.4,4880.9,5982.2,2263.1,698.6,4294.7,5187.9,2327.0,2520.5,1548.6,2353.7,931.2,3141.1,894.9,1295.2,1358.9,3947.7,6755.8,4859.5,1628.4,121.2
2026-08-12 00:15:00,671.8,222.4,837.3,1008.5,589.5,127.6,47.9,34.4,242.4,31.0,140.2,1562.7,3108.8,3671.8,1370.7,1299.0,139.3,62.5,1002.5,826.2,419.3,462.2,4869.9,5980.9,2240.7,698.4,4288.5,5131.9,2324.0,2516.9,1543.6,2348.3,924.3,3124.3,905.7,1288.4,1354.1,3940.4,6705.4,4837.6,1616.7,120.8
2026-08-12 00:30:00,665.5,237.6,830.7,990.4,582.5,109.9,48.9,34.4,236.2,31.0,124.6,1561.4,3371.3,3337.8,1341.8,1290.8,119.2,62.2,998.8,808.8,420.1,454.4,4861.9,5973.6,2207.4,699.1,4274.3,4649.8,2313.3,2512.8,1538.1,2341.0,920.0,3100.9,900.5,1278.6,1349.6,3851.6,6656.3,4833.9,1612.0,118.2
2026-08-12 00:45:00,674.4,238.1,826.3,973.6,578.5,110.4,48.9,34.4,232.5,31.0,106.9,1568.4,3272.9,3321.4,1336.2,1278.1,144.1,62.0,1007.4,804.7,422.7,444.7,4850.5,5965.2,2178.3,664.5,4262.6,4121.9,2305.7,2513.4,1538.6,2343.2,912.1,3085.2,888.1,1275.4,1343.8,3796.6,6602.6,4818.2,1597.4,115.9
2026-08-12 01:00:00,663.0,233.8,815.3,954.5,570.4,110.8,58.5,59.4,268.0,28.6,99.3,1578.2,3045.4,3321.2,1293.7,1286.7,116.3,49.7,993.4,813.1,413.3,451.0,4818.9,5961.3,2139.1,692.0,4119.2,4529.3,2285.0,2479.3,1511.3,2338.0,899.4,3022.5,888.5,1295.1,1338.9,3860.9,6541.3,4730.1,1582.4,110.9
2026-08-12 01:15:00,655.4,232.9,816.2,940.9,567.2,111.0,58.6,59.4,265.4,28.6,92.1,1579.0,3310.6,3296.0,1281.2,1281.2,116.4,49.6,994.2,790.1,416.1,438.7,4805.8,5930.8,2111.5,691.7,4109.9,4401.7,2281.6,2479.6,1509.2,2336.8,893.6,3002.4,880.7,1295.6,1334.1,3856.8,6510.1,4712.7,1577.1,109.3
2026-08-12 01:30:00,654.5,232.0,814.2,731.2,561.3,111.5,58.4,59.4,262.1,28.6,93.4,1578.0,3323.6,3270.4,1263.9,1273.9,116.6,49.6,994.3,774.0,415.9,432.6,4812.4,5904.6,2090.6,642.8,4106.3,4276.8,2280.0,2475.4,1504.9,2331.3,888.4,3009.3,876.1,1294.6,1330.0,3823.4,6473.0,4713.2,1568.8,108.0
2026-08-12 01:45:00,661.3,231.2,810.8,719.4,558.6,111.8,58.4,59.4,258.4,28.6,84.5,1583.2,3384.8,3232.7,1258.7,1272.7,116.8,49.5,993.0,759.6,415.6,425.3,4799.4,5874.9,2068.7,642.6,4096.4,4106.2,2275.0,2474.0,1508.3,2335.2,885.9,2995.7,879.1,1293.6,1324.5,3841.2,6444.3,4711.3,1561.8,107.2
2026-08-12 02:00:00,657.7,230.4,859.5,691.4,567.4,111.8,69.6,54.4,256.9,26.8,79.0,1569.6,3290.2,3248.6,1236.0,1237.3,58.0,56.9,990.0,743.1,413.7,412.5,4716.1,5854.8,2034.2,645.4,3877.8,4250.3,2265.0,2444.4,1487.2,2310.0,875.5,2974.7,880.1,1303.8,1320.0,3780.7,6406.2,4679.6,1546.5,100.8
2026-08-12 02:15:00,666.6,234.7,860.7,684.1,565.1,112.1,69.6,54.4,255.9,26.8,75.9,1572.9,3302.2,3220.8,1218.3,1229.5,83.0,56.9,969.2,734.6,412.6,405.9,4712.1,5817.8,2020.5,645.0,3873.1,4111.1,2263.9,2442.0,1485.8,2309.5,874.7,2968.8,885.9,1300.4,1316.4,3854.3,6396.3,4676.9,1546.6,99.2
2026-08-12 02:30:00,655.1,233.8,865.2,674.3,562.0,112.2,69.3,54.4,255.1,26.8,70.8,1578.7,3464.6,3202.4,1214.5,1229.9,83.0,57.2,966.9,725.2,409.3,400.8,4697.1,5783.5,2008.5,644.8,3873.8,4121.5,2262.4,2437.0,1485.1,2309.7,869.7,2961.4,884.0,1295.4,1312.3,3852.8,6371.1,4672.8,1542.2,97.8
2026-08-12 02:45:00,652.4,227.1,876.1,663.4,560.9,111.8,69.2,54.4,252.0,27.7,66.5,1589.5,3480.6,3177.4,1219.6,1233.3,57.9,57.3,965.2,741.9,407.0,398.6,4695.9,5740.3,1996.9,644.3,3873.8,4121.3,2260.7,2433.3,1483.5,2308.6,865.7,2954.5,878.7,1291.3,1307.6,3915.5,6351.2,4670.0,1544.2,96.0
2026-08-12 03:00:00,679.4,225.8,882.9,647.2,561.9,111.6,68.2,56.4,258.0,21.9,79.9,1572.8,3242.3,3193.1,1209.8,1220.6,0.0,129.1,947.4,705.3,397.3,254.1,4632.8,5727.3,1981.1,627.1,3714.2,4123.0,2199.0,2394.7,1476.8,2342.0,859.4,2916.1,880.5,1317.7,1301.9,3926.4,6469.6,4777.1,1543.1,94.9
2026-08-12 03:15:00,696.9,229.1,888.6,636.7,564.4,111.2,67.0,56.4,257.8,21.9,81.2,1572.3,3264.2,3184.5,1203.8,1215.2,0.1,134.3,946.5,697.4,395.1,382.8,4640.3,5690.1,1977.1,626.8,3712.4,4122.4,2199.2,2386.8,1478.2,2344.7,858.2,2917.6,873.6,1309.8,1299.6,4003.4,6432.5,4775.0,1543.1,93.1
2026-08-12 03:30:00,673.8,226.6,894.9,633.2,566.9,110.8,68.1,56.4,258.8,21.9,77.5,1575.6,3466.2,3157.0,1202.5,1211.5,0.0,134.4,942.8,686.3,392.9,386.0,4619.4,5658.0,1972.4,627.2,3708.0,4200.3,2197.0,2379.4,1475.6,2341.2,859.6,2920.9,872.4,1300.2,1300.1,4004.5,6422.0,4773.5,1548.0,92.4
2026-08-12 03:45:00,665.7,251.1,897.9,624.6,568.4,110.5,68.0,56.4,259.6,22.1,77.3,1576.7,3461.4,3152.6,1207.0,1214.1,0.0,129.6,930.6,677.4,391.8,383.4,4623.9,5610.1,1967.7,627.2,3705.4,4270.6,2197.6,2374.2,1474.0,2339.5,858.8,2921.9,879.3,1289.4,1302.9,4055.8,6414.6,4770.8,1548.8,90.9
2026-08-12 04:00:00,670.8,227.9,910.0,610.6,577.5,109.9,66.9,66.4,261.6,25.4,58.1,1584.6,3601.4,3096.6,1219.9,1162.0,0.0,108.6,940.3,651.3,430.2,118.5,4678.3,5537.5,1964.6,646.8,3735.9,4170.3,2207.5,2327.0,1469.3,2373.8,858.7,2975.4,881.0,1319.4,1288.6,4175.0,6320.2,4856.6,1560.7,86.7
2026-08-12 04:15:00,663.7,273.8,924.5,599.8,582.4,117.6,66.6,66.4,264.1,25.5,58.3,1584.6,3569.4,3071.2,1208.5,1155.4,0.0,109.0,941.0,642.7,395.1,124.3,4705.4,5485.0,1966.9,647.2,3739.9,4181.4,2207.4,2317.8,1468.4,2372.5,860.1,2982.3,876.8,1312.1,1293.6,4249.3,6319.2,4857.0,1569.9,85.1
2026-08-12 04:30:00,663.5,271.8,944.7,592.1,593.2,118.5,65.4,66.4,271.2,25.4,56.3,1569.0,3567.5,3044.8,1175.0,1145.5,0.0,109.4,939.0,635.3,395.3,255.1,4720.0,5470.7,1966.3,647.1,3741.2,4177.2,2207.7,2309.8,1468.8,2372.1,855.8,2982.2,877.6,1319.9,1296.7,4316.0,6314.8,4854.7,1577.1,84.0
2026-08-12 04:45:00,639.1,273.8,976.9,588.4,605.2,122.5,66.5,66.4,275.4,27.1,57.0,1573.8,3559.6,3028.6,1186.1,1160.5,0.0,109.9,935.3,627.1,395.9,368.9,4715.8,5463.0,1970.5,648.1,3742.8,4367.6,2207.3,2299.7,1469.6,2370.5,860.0,2993.5,875.7,1358.9,1300.1,4297.4,6317.1,4856.9,1588.5,82.5
2026-08-12 05:00:00,660.9,276.7,971.5,800.8,601.5,224.7,38.4,40.9,287.5,28.3,75.7,1579.9,3538.6,3037.4,1208.5,1219.7,56.1,92.8,942.5,717.2,404.5,368.4,4980.8,5423.2,1987.1,648.1,3687.9,3954.2,2237.4,2360.3,1493.5,2426.5,864.8,2998.9,879.4,1516.5,1278.4,4466.7,6380.2,4907.5,1613.5,78.1
2026-08-12 05:15:00,665.7,374.1,998.7,794.9,608.0,234.6,39.7,41.0,296.4,28.6,76.7,1578.0,3554.0,3038.4,1218.6,1212.6,56.4,94.0,938.1,711.2,405.3,366.2,5022.7,5367.4,2009.6,665.9,3699.3,4338.1,2242.7,2348.8,1497.9,2429.0,868.0,3014.7,887.6,1506.2,1279.3,4513.9,6408.1,4923.7,1638.5,77.3
2026-08-12 05:30:00,672.0,386.0,1010.4,793.1,616.2,269.8,39.8,38.4,305.3,29.7,80.2,1572.5,3419.8,3026.4,1189.3,1224.4,11.7,105.3,934.0,709.9,406.2,356.0,5068.7,5479.1,2030.3,681.4,3719.5,4686.7,2247.6,2381.5,1498.1,2430.3,874.2,3013.9,891.2,1489.9,1285.9,4520.4,6458.7,4925.5,1657.3,75.5
2026-08-12 05:45:00,675.9,411.6,1012.2,791.0,633.5,297.3,39.0,38.5,316.7,30.3,83.1,1561.1,3035.4,3678.2,1195.5,1228.9,11.9,108.4,938.8,680.8,408.8,351.6,5116.5,5559.7,2067.7,681.3,3734.2,4887.4,2257.9,2368.9,1500.9,2449.7,881.0,3159.1,897.9,1466.8,1293.4,4505.9,6515.3,4926.3,1688.0,74.0
2026-08-12 06:00:00,700.3,424.1,1016.5,1044.5,659.6,451.9,42.1,31.7,342.9,17.9,112.5,1485.0,2117.8,3245.7,1248.7,1196.7,96.9,78.8,1007.7,773.0,425.2,344.1,5281.2,5107.0,2164.3,715.5,4275.6,5322.2,2367.8,2289.6,1566.6,2502.8,895.9,3269.2,899.2,1670.6,1335.7,5220.4,6795.7,4988.2,1750.0,121.3
2026-08-12 06:15:00,696.8,486.6,999.8,1042.7,679.9,500.7,38.9,32.2,349.0,17.9,112.6,1485.6,1963.0,3384.3,1267.6,1213.9,97.7,82.2,1017.0,765.5,429.0,347.7,5333.2,5256.8,2218.4,715.6,4299.6,5381.1,2389.6,2302.8,1567.2,2510.9,906.7,3307.9,912.8,1642.0,1347.5,5190.4,6865.4,4991.8,1795.2,118.5
2026-08-12 06:30:00,687.3,511.3,949.3,1042.5,698.6,551.3,40.2,32.5,359.3,17.9,118.6,1510.0,2213.7,3542.2,1239.6,1202.0,118.6,85.0,1021.1,748.8,428.9,333.2,5280.6,5277.0,2261.1,715.7,4331.9,5437.3,2402.4,2317.5,1578.6,2524.7,923.0,3341.0,920.2,1615.0,1360.8,5206.0,6955.4,5017.9,1827.4,120.2
2026-08-12 06:45:00,679.4,598.3,893.3,1051.3,716.7,604.0,40.7,33.1,369.7,18.2,124.0,1481.8,2210.2,3499.5,1243.9,1219.0,119.5,87.9,1018.2,727.0,430.2,325.6,5296.5,5287.5,2313.5,716.1,4352.6,5489.3,2397.2,2299.1,1584.0,2530.0,925.8,3371.3,929.4,1589.3,1378.3,5265.9,7054.8,5029.6,1872.4,122.1
2026-08-12 07:00:00,700.2,561.4,836.7,1034.3,741.9,679.1,21.0,61.8,382.0,8.0,101.4,1522.9,2198.3,3639.7,1208.3,1153.4,5.0,266.5,1134.4,663.8,469.5,340.1,5357.1,5317.3,2451.1,718.0,4505.6,5828.2,2538.7,2236.5,1670.0,2646.7,957.1,3540.1,927.5,1637.2,1346.7,5354.4,7317.8,5183.6,1933.4,172.4
2026-08-12 07:15:00,692.6,598.5,790.0,1055.0,756.4,731.1,21.4,63.8,391.7,8.2,109.2,1518.4,2192.6,3626.1,1207.8,1165.0,5.0,247.4,1112.8,585.8,467.1,315.8,5387.2,5375.1,2492.1,717.7,4517.5,5842.9,2555.8,2261.4,1676.0,2651.2,973.5,3556.1,927.8,1621.4,1355.6,5391.0,7372.9,5164.6,1952.6,134.0
2026-08-12 07:30:00,693.3,619.0,730.9,870.6,759.2,763.1,21.6,65.5,401.4,8.4,118.4,1510.4,2698.1,3761.8,1175.0,1167.4,5.0,247.9,1112.3,588.6,463.8,313.4,5418.1,5374.9,2522.1,718.2,4529.2,5774.4,2564.7,2256.1,1681.5,2651.7,980.4,3558.6,936.3,1611.5,1363.3,5471.6,7401.6,5125.8,1964.8,140.7
2026-08-12 07:45:00,679.7,646.0,675.7,885.3,762.3,782.5,22.1,68.7,392.7,9.0,127.6,1493.9,4028.0,3708.0,1153.1,1201.1,16.6,234.4,1177.3,613.1,469.4,315.0,5439.1,5368.6,2552.5,718.8,4530.3,5121.2,2561.0,2262.9,1691.9,2658.3,989.9,3544.6,934.8,1607.5,1370.1,5488.4,7439.8,5131.8,1977.9,143.7
2026-08-12 08:00:00,651.7,715.7,594.4,687.0,754.3,680.1,22.2,81.2,415.7,8.5,184.2,1466.3,3785.1,3859.7,1354.1,1254.1,0.1,267.8,1140.7,684.8,435.6,352.6,5452.3,5312.9,2615.1,831.2,4404.2,5607.8,2723.7,2165.9,1729.9,2716.1,1007.4,3677.5,987.3,1595.8,1376.2,5529.9,7416.4,5076.9,1982.9,148.4
2026-08-12 08:15:00,645.1,743.3,556.3,732.6,738.3,702.0,23.9,82.2,393.2,14.6,196.6,1441.5,4181.6,3657.9,1297.7,1270.4,0.0,265.8,1132.0,678.1,435.1,345.7,5461.0,5310.9,2634.7,814.5,4400.7,4836.2,2695.7,2232.0,1731.8,2704.3,1013.7,3547.9,993.5,1596.2,1382.9,5543.3,7419.9,5034.2,1976.8,155.4
2026-08-12 08:30:00,632.0,782.1,525.8,781.8,732.7,710.3,24.7,83.0,376.8,20.8,195.0,1457.9,4268.2,3200.4,1317.3,1402.8,16.5,239.2,1132.6,696.6,441.3,358.1,5456.0,5281.1,2639.5,814.2,4396.9,4166.7,2700.0,2198.0,1734.7,2695.1,1019.6,3536.1,1000.2,1595.5,1388.3,5529.1,7427.2,5054.9,1952.5,163.6
2026-08-12 08:45:00,612.8,803.5,490.7,823.2,731.1,724.1,25.6,84.0,345.5,27.8,215.9,1477.8,4436.1,2709.1,1476.6,1703.1,0.0,244.3,1123.1,715.2,445.8,278.0,5471.5,5275.3,2646.8,814.9,4401.1,3529.3,2737.0,2184.2,1736.9,2687.7,1022.7,3542.2,998.2,1593.3,1389.0,5526.8,7417.8,5042.5,1941.0,171.8
2026-08-12 09:00:00,625.7,774.1,465.1,740.1,739.9,766.9,19.5,118.5,307.9,46.1,439.1,1510.6,4302.8,2905.5,1542.4,1837.7,0.0,478.7,1277.1,871.6,452.6,412.5,5462.4,5364.0,2687.6,822.6,4632.8,3881.6,2704.8,2107.0,1749.9,2699.6,1043.1,3437.5,993.3,1601.6,1389.9,5539.0,7330.9,4711.0,1898.4,150.8
2026-08-12 09:15:00,615.1,773.5,448.8,739.5,751.9,782.2,20.4,124.4,277.1,54.4,429.9,1516.3,4357.8,2938.7,1472.9,1500.5,0.0,445.4,1273.1,789.1,522.7,176.4,5449.9,5378.0,2691.5,786.3,4649.2,3261.0,2712.7,2074.8,1756.6,2710.4,1041.4,3453.5,998.2,1592.5,1389.9,5529.2,7345.4,4690.5,1876.4,156.1
2026-08-12 09:30:00,609.4,793.6,427.6,771.5,758.1,795.9,24.8,125.1,243.7,80.4,448.2,1523.6,5329.6,2977.3,1438.4,1274.2,0.1,414.6,1278.1,620.7,522.3,185.1,5462.2,5363.1,2697.7,781.1,4880.1,2901.8,2731.2,2059.9,1752.8,2704.2,1046.8,3424.7,1000.6,1580.5,1385.8,5416.7,7329.6,4709.8,1856.3,165.6
2026-08-12 09:45:00,601.7,800.3,410.4,808.5,759.5,771.3,25.4,118.2,206.3,104.2,454.7,1543.7,6026.7,2965.9,1378.5,1264.0,0.0,405.3,1371.3,636.0,531.3,178.1,5462.1,5270.5,2705.9,785.7,4876.6,2460.6,2730.7,2035.3,1754.5,2701.0,1048.5,3226.2,988.8,1566.1,1377.6,5336.5,7316.1,4720.5,1838.2,175.6
2026-08-12 10:00:00,596.7,926.2,424.5,833.2,763.4,839.5,90.7,61.8,226.3,140.8,480.5,1629.6,5812.0,3436.8,1251.3,1285.0,110.9,302.3,1508.9,570.1,529.7,187.3,5439.6,5301.5,2740.9,883.0,5000.1,2561.1,2747.6,1803.8,1753.2,2702.6,1044.8,3179.5,982.8,1527.9,1313.0,5128.2,7389.7,4761.5,1852.4,170.2
2026-08-12 10:15:00,595.3,929.6,409.3,861.8,762.0,857.2,91.5,59.7,195.1,152.8,478.5,1647.4,5862.4,3411.9,1170.4,1314.7,110.9,298.3,1505.3,524.8,525.9,174.8,5447.5,5284.8,2742.3,885.2,4998.7,2201.5,2748.3,1787.4,1756.0,2704.0,1046.9,2891.3,982.5,1515.6,1302.9,5006.9,7355.1,4783.1,1831.2,179.2
2026-08-12 10:30:00,595.7,947.7,622.7,890.8,763.8,869.0,95.6,59.4,166.6,168.1,514.9,1677.8,6024.5,3374.3,1154.0,1350.3,110.9,264.4,1509.7,541.5,528.6,186.8,5514.8,5337.2,2749.0,882.3,4992.7,2163.6,2742.7,1780.2,1753.3,2695.0,1040.0,2506.7,983.5,1507.6,1296.8,5070.4,7334.4,4805.9,1805.6,188.4
2026-08-12 10:45:00,593.3,960.8,611.4,914.8,761.8,880.2,95.0,61.6,169.7,208.7,520.6,1666.1,6338.1,3312.5,1126.3,1355.5,153.7,248.2,1583.0,541.3,537.7,186.8,5531.7,5328.9,2753.4,882.8,4987.1,2164.3,2746.3,1772.9,1752.4,2695.0,1033.8,2430.2,979.5,1502.4,1291.0,4956.1,7331.0,4822.4,1792.6,197.6
2026-08-12 11:00:00,636.1,870.0,571.9,937.4,767.2,899.7,83.4,60.8,134.6,260.4,494.1,1752.2,6247.1,3346.0,1247.9,1413.1,134.5,120.8,1577.3,554.4,529.3,173.6,5529.0,5312.4,2765.7,862.5,4969.3,2504.1,2751.4,1755.1,1760.6,2696.8,1031.0,2085.2,989.1,1511.3,1441.6,4993.5,7375.4,4969.6,1753.9,206.9
2026-08-12 11:15:00,680.6,879.0,787.0,951.9,764.6,920.6,80.9,59.9,136.1,251.5,506.9,1756.7,6408.2,3318.4,1196.7,1410.1,163.5,107.4,1600.6,550.7,543.0,180.4,5499.8,5424.3,2767.1,862.9,4973.3,2506.1,2751.1,1750.7,1763.2,2698.1,1022.0,2077.9,996.4,1512.8,1437.9,5017.7,7348.1,4980.9,1749.6,213.4
2026-08-12 11:30:00,688.7,874.7,787.0,964.5,767.7,932.0,80.5,60.0,135.0,255.0,525.5,1772.0,6409.2,3262.4,1163.5,1407.0,161.0,106.4,1595.7,563.0,540.8,179.9,5490.2,5362.6,2764.9,864.5,4969.1,2508.4,2745.2,1743.1,1763.9,2701.1,1018.6,2061.8,1000.0,1514.8,1433.9,4955.8,7299.8,4992.3,1726.5,218.8
2026-08-12 11:45:00,701.3,845.0,796.7,982.9,771.2,882.7,83.2,59.9,141.3,288.8,566.7,1781.8,6480.8,3201.7,1151.4,1386.1,166.2,101.2,1607.5,572.8,544.2,152.9,5505.7,5264.7,2770.7,865.0,4966.1,2511.5,2747.0,1733.1,1765.6,2709.6,1020.2,2067.4,1001.1,1517.4,1429.5,4778.6,7290.1,4984.9,1715.4,224.5
2026-08-12 12:00:00,665.5,856.5,854.1,1002.3,780.7,924.5,169.3,39.9,102.2,362.4,525.0,1837.4,6483.9,3553.1,1182.4,1219.1,187.9,167.7,1674.0,563.7,563.2,172.4,5484.3,5389.1,2779.9,870.0,4953.7,2062.1,2759.6,1799.5,1755.7,2715.4,1010.5,2700.9,1049.0,1439.0,1425.5,4189.4,7292.6,5006.1,1692.6,230.2
2026-08-12 12:15:00,658.1,839.8,1068.1,1014.9,782.5,866.9,177.1,39.1,101.8,385.2,558.0,1839.0,6509.1,3479.5,1151.3,1227.3,190.4,161.3,1685.9,562.7,561.7,153.4,5497.9,5302.2,2784.2,870.6,4947.5,2068.6,2757.0,1789.4,1757.2,2722.0,1011.4,2696.2,1050.5,1437.8,1425.9,4109.6,7272.0,5003.6,1683.4,233.9
2026-08-12 12:30:00,653.0,842.2,1075.7,1025.0,781.1,868.0,177.5,39.2,106.5,391.3,600.4,1839.5,6568.5,3390.5,1114.9,1262.3,190.4,159.9,1685.8,563.7,571.8,151.5,5490.8,5322.1,2788.8,871.0,4948.5,2071.2,2750.8,1784.7,1754.4,2720.7,1013.2,2696.7,1035.7,1432.6,1427.0,4049.2,7264.2,5007.5,1672.3,236.0
2026-08-12 12:45:00,653.5,838.5,1080.1,1031.3,780.3,875.1,177.3,39.3,110.8,394.3,581.8,1843.9,6634.9,3326.9,1095.5,1281.0,168.3,159.8,1684.7,498.1,554.5,156.5,5480.8,5340.0,2787.7,871.1,4949.7,2071.0,2753.6,1778.9,1759.2,2727.6,1009.6,2694.9,1034.4,1423.5,1430.9,3987.2,7301.5,5006.7,1678.2,237.5
2026-08-12 13:00:00,664.1,830.7,1091.9,1029.7,792.4,838.4,138.8,75.6,115.5,403.5,400.2,1860.8,6833.1,3432.2,1041.4,1152.8,188.8,175.1,1765.6,486.9,607.6,154.2,5471.4,5346.3,2784.8,874.2,4875.1,1861.9,2789.4,1707.1,1751.3,2717.3,766.6,2505.8,1039.7,1332.7,1456.0,3907.0,7192.8,4862.3,1708.3,244.0
2026-08-12 13:15:00,701.1,828.8,1104.4,1042.7,793.4,847.2,138.2,72.7,117.9,408.5,397.2,1864.4,6821.7,3418.6,1036.5,1147.1,189.0,170.0,1767.2,491.4,589.8,155.9,5466.0,5390.7,2785.8,874.9,4878.2,1864.4,2789.4,1703.5,1749.6,2717.4,764.5,2505.5,1040.5,1320.0,1460.6,3849.4,7207.7,4875.8,1703.8,244.8
2026-08-12 13:30:00,673.9,825.9,1121.4,1043.2,791.5,833.9,138.0,72.6,120.8,407.1,394.5,1852.8,6888.4,3389.5,1031.4,1158.1,189.2,175.0,1763.8,489.8,588.7,156.5,5456.5,5447.9,2784.5,891.0,4874.8,1929.2,2786.6,1701.9,1750.5,2719.1,995.8,2648.2,1034.4,1309.5,1459.4,3792.1,7210.6,4869.1,1701.1,246.3
2026-08-12 13:45:00,675.7,821.4,929.1,1045.4,788.9,802.5,137.6,72.4,120.4,405.1,395.7,1857.9,6887.9,3184.4,1022.6,1091.9,189.3,170.0,1755.0,488.9,596.3,158.9,5449.4,5435.7,2781.6,891.0,4869.4,1931.8,2786.8,1699.5,1752.3,2724.9,990.6,2631.8,1035.2,1300.8,1453.9,3730.6,7222.0,4853.9,1700.4,246.9
2026-08-12 14:00:00,766.3,816.3,968.2,1062.6,762.9,814.8,150.8,42.4,81.0,415.6,395.1,1878.5,6514.8,3260.6,1052.1,820.9,184.7,86.8,1771.2,477.7,582.0,147.7,5444.3,5510.9,2804.6,890.8,4922.2,2278.4,2801.3,1745.3,1759.0,2724.6,997.8,2305.6,1012.7,1420.2,1428.3,3816.7,7254.6,4848.6,1660.2,249.5
2026-08-12 14:15:00,766.3,823.7,981.1,1068.3,761.9,820.5,161.3,43.8,79.0,403.7,369.3,1886.6,6510.3,3302.9,1066.2,848.3,184.4,81.7,1766.5,485.9,573.5,148.2,5438.8,5551.9,2806.8,890.7,4920.6,2282.7,2801.6,1746.3,1760.9,2727.2,994.3,2295.1,1000.9,1413.3,1421.9,3767.6,7269.3,4850.0,1659.4,248.7
2026-08-12 14:30:00,765.3,818.5,993.6,1076.3,759.4,844.0,146.9,43.5,79.6,397.5,376.0,1863.2,6507.3,3379.7,1080.5,908.6,184.2,81.7,1772.4,472.7,579.1,145.0,5403.4,5572.2,2805.0,890.9,4917.5,2286.9,2796.9,1747.0,1753.7,2721.3,995.6,2283.4,1004.4,1406.8,1418.0,3744.3,7268.0,4841.3,1676.8,243.7
2026-08-12 14:45:00,776.6,805.0,798.8,1085.5,756.0,815.7,143.3,43.3,78.6,393.3,371.2,1874.5,6478.7,3414.5,1100.3,1110.2,184.2,84.2,1768.4,477.9,569.8,160.7,5402.0,5561.1,2809.7,892.6,4920.5,2291.3,2799.4,1747.2,1757.0,2730.2,998.9,2287.0,999.1,1402.2,1413.9,3667.1,7281.5,4829.1,1682.5,240.2
2026-08-12 15:00:00,782.8,785.9,756.2,1091.8,720.4,722.3,23.3,48.9,74.6,395.9,255.4,1843.7,6336.9,3215.9,1128.8,1199.1,178.0,76.7,1525.1,476.1,519.4,151.4,5379.7,5602.9,2804.9,872.7,4906.3,2241.7,2912.0,1933.6,1761.0,2725.8,998.6,2284.8,1002.7,1691.8,1376.0,4162.7,7341.1,4800.1,1709.4,230.2
2026-08-12 15:15:00,780.3,795.7,775.4,1086.5,720.8,761.6,20.9,48.7,70.7,433.9,250.4,1835.4,6268.5,3256.6,1139.2,1286.3,150.1,78.3,1527.8,474.3,516.4,167.6,5357.9,5669.5,2808.9,872.2,4902.9,2246.0,2913.0,1947.8,1767.4,2731.1,1000.7,2354.4,1003.5,1688.4,1367.7,4226.0,7365.3,4792.5,1717.7,222.9
2026-08-12 15:30:00,705.1,786.9,565.7,1080.1,712.8,747.8,16.6,50.7,71.5,432.3,212.2,1820.9,6225.2,3304.4,1108.8,1283.5,126.8,120.2,1525.4,457.5,515.2,163.2,5348.2,5689.2,2819.0,871.8,4910.6,2251.0,2908.2,1960.9,1767.1,2729.1,1003.2,2408.1,1011.6,1685.3,1372.9,4264.5,7385.0,4773.6,1725.1,217.2
2026-08-12 15:45:00,685.8,784.6,588.7,1082.2,718.8,721.9,13.8,50.1,71.9,418.8,211.1,1844.1,5729.7,3319.4,1116.3,1303.4,126.7,125.6,1494.9,512.2,501.6,160.3,5345.5,5770.0,2821.3,871.3,4911.3,2255.4,2889.6,2028.7,1764.3,2730.3,1001.9,2325.5,1017.2,1682.5,1378.1,4240.6,7390.9,4760.2,1728.8,206.5
2026-08-12 16:00:00,704.0,757.4,583.5,1071.2,724.8,663.2,58.4,61.2,61.5,402.7,311.6,1793.1,6026.3,2941.7,885.4,1289.5,201.4,129.3,1596.0,684.1,511.6,180.4,5400.5,5573.8,2804.1,818.0,4594.3,2300.7,2919.4,2053.9,1762.3,2671.2,1007.7,2172.9,1009.6,2528.1,1384.7,4271.5,7379.5,4704.1,1753.2,196.2
2026-08-12 16:15:00,707.0,744.0,609.1,1033.7,739.8,657.5,59.3,70.7,61.5,392.7,309.9,1814.0,5660.6,2947.0,942.3,1256.4,201.5,128.5,1510.0,672.4,505.2,179.1,5349.5,5602.0,2818.9,826.6,4597.8,2305.8,2917.7,2069.7,1758.3,2674.3,1014.3,2497.1,1010.4,2522.7,1392.3,4292.7,7390.7,4689.4,1766.3,188.0
2026-08-12 16:30:00,716.6,733.9,640.9,1012.9,743.6,627.9,58.9,69.5,61.9,356.6,309.2,1797.7,5598.2,2967.2,972.8,1233.8,201.3,127.5,1520.0,666.3,502.0,176.5,5325.8,5688.5,2822.6,825.5,4595.0,2444.9,2892.5,2152.7,1756.1,2674.9,998.7,2932.9,1012.9,2515.5,1405.1,4325.8,7402.8,4668.3,1769.0,178.5
2026-08-12 16:45:00,721.4,728.4,668.8,1013.6,738.9,600.3,55.0,68.7,62.7,334.2,308.9,1789.6,4912.5,2964.6,1096.5,1117.8,156.3,133.9,1534.6,731.4,493.7,202.6,5333.7,5688.9,2823.8,828.6,4590.6,2885.3,2883.1,2234.9,1760.4,2680.5,998.0,3107.1,1013.9,2507.4,1423.2,4401.3,7451.7,4696.7,1794.9,169.8
2026-08-12 17:00:00,747.3,660.5,676.8,960.8,749.5,696.5,77.8,118.0,115.1,253.9,255.3,1660.9,4963.8,2805.5,1218.8,1167.7,120.2,50.0,1395.3,654.3,548.9,161.9,5360.9,5492.4,2796.6,864.7,4677.1,3112.3,2934.6,2168.6,1745.8,2662.6,992.5,3182.7,1022.1,2568.8,1449.3,4932.9,7541.4,4725.4,1844.1,204.0
2026-08-12 17:15:00,754.9,639.0,705.3,961.9,749.8,659.8,77.9,117.1,116.0,217.7,258.6,1652.4,4417.3,2943.8,1333.7,1216.0,135.6,45.2,1310.8,834.4,546.0,159.6,5384.1,5504.2,2796.5,867.0,4384.8,3409.6,2922.4,2180.1,1748.0,2668.7,991.4,3228.9,1033.0,2564.1,1461.7,4928.5,7557.1,4822.3,1851.7,198.9
2026-08-12 17:30:00,758.0,651.9,766.6,915.8,762.8,601.5,78.0,110.9,117.9,166.4,275.1,1632.3,4479.0,3030.3,1399.2,1440.9,120.1,57.2,1319.5,804.2,522.3,394.4,5397.9,5525.4,2792.0,910.1,4435.7,4171.9,2928.9,2176.8,1749.1,2672.9,1018.9,3313.6,1056.8,2559.0,1467.4,4908.7,7616.8,4963.8,1871.2,187.9
2026-08-12 17:45:00,769.9,628.8,817.0,861.3,771.6,544.9,77.8,110.2,124.0,133.4,283.6,1626.7,3971.3,3244.8,1482.6,1651.3,120.1,96.1,1326.4,891.1,511.4,430.2,5431.4,5522.4,2793.2,909.0,4441.3,5088.0,2931.9,2187.4,1747.9,2644.2,1020.3,3516.5,1070.6,2554.6,1473.3,4983.0,7681.2,4943.3,1895.4,177.0
2026-08-12 18:00:00,794.2,555.0,891.1,1091.3,776.5,543.9,85.4,99.4,126.9,104.5,340.9,1569.8,4442.0,3233.2,1604.4,1733.1,119.1,37.3,1332.7,642.9,592.0,387.5,5533.2,5438.9,2772.8,849.2,4388.2,5005.9,2927.3,2215.7,1747.6,2683.3,1005.4,3486.3,1076.7,2941.3,1471.6,4755.2,7718.8,4999.5,1883.7,199.0
2026-08-12 18:15:00,810.6,560.6,975.7,1062.0,782.6,484.5,85.6,98.6,155.2,83.9,353.0,1552.7,3468.7,3510.2,1673.1,1671.9,120.0,44.8,1289.0,636.6,594.8,369.7,5542.5,5424.1,2772.4,849.2,4389.6,5642.0,2928.4,2236.7,1742.7,2632.7,1018.4,3722.3,1084.5,2938.6,1465.9,4854.0,7746.8,5022.5,1913.1,189.7
2026-08-12 18:30:00,801.9,537.1,1042.4,1235.5,785.3,424.9,86.0,97.9,188.2,57.7,374.6,1531.7,2997.6,3508.0,1545.4,1392.9,120.7,40.9,1310.3,596.9,605.6,351.4,5564.8,5384.8,2771.8,859.0,4397.9,5866.1,2906.0,2321.0,1740.7,2606.1,1023.5,3692.7,1085.4,2937.1,1463.2,4888.8,7773.2,5048.9,1927.1,180.8
2026-08-12 18:45:00,814.9,542.2,1098.0,1414.4,789.0,396.0,86.7,97.8,227.0,72.9,380.6,1525.6,2779.6,3514.2,1276.2,989.9,96.5,58.1,1318.0,640.5,606.1,363.4,5605.5,5335.3,2772.0,1030.2,4408.9,6203.3,2908.7,2358.5,1740.0,2592.2,1035.4,3697.9,1088.0,2933.7,1458.3,4840.1,7787.0,5034.5,1939.8,171.9
2026-08-12 19:00:00,842.4,548.1,1143.5,1414.4,791.4,763.4,38.4,48.4,240.2,53.9,318.2,1542.0,3101.4,3405.2,1173.6,733.5,212.9,50.6,1359.5,677.4,591.1,308.8,5623.9,5357.6,2760.4,989.1,4647.7,6573.6,2899.4,2408.2,1714.0,2599.4,1042.1,3592.8,1071.7,2963.9,1450.6,4718.2,7747.1,5176.9,1963.3,154.8
2026-08-12 19:15:00,826.2,608.7,1177.8,1024.3,799.9,750.1,38.6,51.6,280.9,121.4,305.5,1542.5,2858.0,3419.8,1668.2,1057.9,194.6,59.9,1283.1,666.6,597.5,302.1,5606.2,5347.8,2759.8,1059.0,4663.2,6584.8,2900.9,2506.7,1713.7,2553.7,1027.7,3537.6,1065.6,2962.5,1446.9,4857.2,7749.6,5217.7,1954.6,175.7
2026-08-12 19:30:00,863.5,509.5,1201.4,1230.9,802.8,792.4,36.9,47.3,324.4,122.9,319.6,1554.6,2853.2,3523.5,1750.5,1090.0,194.6,61.3,1268.6,671.6,582.7,348.0,5616.7,5338.3,2743.9,1068.4,4673.0,6590.3,2896.5,2509.1,1719.6,2573.5,1027.5,3552.9,1065.9,2961.7,1452.7,4703.5,7749.4,5243.7,1951.2,200.5
2026-08-12 19:45:00,860.9,493.3,1199.3,1244.7,797.1,789.3,34.7,50.2,356.0,114.8,320.5,1545.1,2817.6,3692.9,1838.9,1104.4,194.6,61.7,1273.8,744.1,589.2,391.8,5603.1,5336.0,2722.3,1120.0,4675.4,6639.9,2898.9,2558.7,1716.1,2565.0,1018.5,3472.4,1063.1,2961.4,1457.8,4686.0,7730.2,5242.9,1938.6,198.0
2026-08-12 20:00:00,856.3,463.0,1208.0,1233.4,795.8,796.6,58.2,59.6,383.7,114.5,277.7,1552.3,2539.3,3694.9,1688.3,1127.4,86.1,86.9,1407.7,501.1,595.2,369.2,5493.6,5372.0,2722.6,1108.0,4939.4,6782.8,2880.3,2484.4,1681.0,2571.2,1027.9,3487.5,1064.7,2953.8,1462.7,4612.2,7732.7,5219.3,1924.6,205.2
2026-08-12 20:15:00,820.0,610.9,1217.6,1033.9,802.5,814.0,58.9,60.7,381.4,112.6,280.6,1519.4,2475.2,3830.3,1713.1,1073.7,86.1,86.6,1440.2,507.0,598.9,378.6,5463.7,5385.4,2719.8,1063.6,4936.9,6757.0,2879.6,2488.0,1676.6,2560.6,1024.4,3442.1,1053.5,2956.3,1460.3,4726.2,7724.9,5174.0,1905.6,152.1
2026-08-12 20:30:00,820.8,578.0,1226.9,1032.7,808.6,767.8,59.3,60.8,373.4,17.3,260.4,1494.1,2507.7,3976.0,1762.6,1015.1,86.1,85.1,1458.1,489.2,595.9,313.1,5441.9,5365.4,2723.4,1063.9,4943.1,6757.8,2873.8,2413.7,1693.1,2593.9,1043.5,3520.1,1052.1,2958.9,1455.1,4674.9,7679.4,5154.7,1885.2,157.2
2026-08-12 20:45:00,813.1,571.5,1225.0,1033.5,807.1,761.9,60.0,60.8,374.7,80.8,253.6,1499.3,2435.3,4142.8,1771.1,1040.0,86.1,82.2,1453.2,480.0,610.6,316.4,5411.6,5374.9,2723.5,1068.0,4945.8,6760.0,2872.7,2407.9,1689.7,2601.1,1041.9,3493.5,1056.0,2961.8,1443.4,4634.5,7645.3,5160.2,1868.3,159.9
2026-08-12 21:00:00,805.4,568.0,1205.1,988.1,793.0,533.0,76.3,51.8,387.2,105.7,361.9,1583.6,2238.7,4026.1,1657.2,1071.7,139.7,63.2,1196.1,507.3,532.9,308.8,5458.0,5331.3,2702.2,1044.8,4834.9,6614.5,2852.8,2461.9,1658.3,2591.2,1017.5,3537.5,1050.4,2889.0,1356.5,4681.8,7571.0,5166.2,1834.6,148.4
2026-08-12 21:15:00,799.3,564.7,1181.4,982.1,789.8,533.9,76.7,51.7,386.0,103.0,344.8,1586.7,2243.1,4148.6,1641.5,1024.1,140.3,75.6,1190.9,479.1,534.3,307.9,5500.4,5340.0,2694.6,1043.3,4829.4,6619.0,2851.9,2441.2,1655.6,2594.7,1024.8,3511.4,1049.3,2893.0,1348.8,4705.7,7543.7,5161.2,1805.6,149.8
2026-08-12 21:30:00,822.9,450.3,1152.8,970.1,778.1,537.7,77.0,50.7,380.6,54.7,340.3,1568.2,2083.1,4238.7,1674.4,1032.8,140.9,73.6,1193.1,453.2,545.5,308.0,5514.2,5277.6,2682.6,1046.0,4829.9,6618.7,2856.2,2356.3,1669.2,2623.0,1041.1,3648.2,1049.6,2897.4,1347.2,4619.8,7506.6,5168.5,1790.0,151.6
2026-08-12 21:45:00,774.2,434.8,1119.3,960.2,766.3,528.5,77.7,50.7,393.7,18.7,330.4,1558.4,2189.1,4301.4,1666.9,1056.8,141.4,49.3,1233.7,440.9,549.8,299.1,5488.6,5296.9,2678.8,943.6,4818.9,6565.9,2845.6,2397.3,1669.0,2620.0,1035.3,3549.5,1048.1,2902.3,1337.2,4648.3,7470.8,5177.2,1776.7,152.1
2026-08-12 22:00:00,751.1,431.6,1077.8,938.4,748.1,370.8,70.4,56.4,374.4,21.8,374.6,1551.7,1896.6,4600.2,1618.0,1054.1,120.8,36.4,1115.4,543.0,498.4,352.2,5367.6,5198.2,2631.4,988.8,4764.4,6463.2,2820.8,2503.4,1650.2,2631.6,1017.2,3381.6,1029.9,2857.7,1343.1,4771.2,7358.3,5126.2,1723.7,134.6
2026-08-12 22:15:00,736.8,427.0,1051.0,927.6,731.8,372.5,73.1,58.9,374.3,21.8,351.7,1551.6,2055.8,4601.5,1615.2,1051.0,120.8,35.2,1117.1,533.4,494.7,342.7,5317.8,5180.8,2608.9,888.9,4749.7,6450.5,2813.3,2471.6,1648.2,2638.8,1012.2,3360.6,1029.7,2862.3,1344.4,4717.9,7292.1,5130.8,1696.6,132.1
2026-08-12 22:30:00,723.1,417.4,1030.9,875.8,715.2,369.7,73.5,58.9,367.1,21.8,365.2,1547.7,2033.8,4737.2,1621.7,1061.4,100.9,34.3,1112.1,534.7,490.0,343.6,5265.2,5130.2,2575.6,854.0,4742.6,6418.5,2802.6,2444.1,1642.7,2643.4,1005.9,3340.9,1021.2,2867.0,1344.6,4610.3,7212.6,5095.6,1677.6,128.7
2026-08-12 22:45:00,747.3,355.7,1011.1,890.5,697.3,373.0,73.9,58.9,361.7,21.8,345.2,1540.1,2250.3,4823.9,1616.4,1077.1,125.9,33.5,1106.2,519.2,486.6,324.8,5228.8,5041.7,2546.4,855.0,4720.9,6415.3,2799.4,2437.3,1639.2,2641.4,995.7,3343.5,1022.3,2871.1,1348.3,4580.0,7136.3,5109.0,1656.1,127.2
2026-08-12 23:00:00,696.1,413.4,986.8,863.4,663.1,281.1,53.1,87.4,330.0,8.8,384.9,1497.3,1824.2,4880.8,1492.5,977.3,188.7,57.1,1080.9,469.2,456.2,360.2,5046.7,5158.3,2474.5,765.1,4275.1,6098.3,2738.6,2477.7,1617.5,2610.0,974.3,3244.9,1014.7,2630.0,1408.7,4725.8,7007.4,4954.4,1623.1,103.8
2026-08-12 23:15:00,686.1,406.1,969.9,841.2,644.5,282.3,52.9,87.4,322.2,8.8,358.6,1505.6,2056.6,4923.7,1445.8,959.7,189.0,56.9,1054.0,466.6,451.6,352.8,5007.9,5121.0,2425.4,765.1,4255.0,5982.7,2732.8,2516.1,1611.1,2600.7,968.0,3154.6,1006.8,2632.3,1401.9,4623.8,6930.1,4951.6,1603.9,97.8
2026-08-12 23:30:00,675.9,402.7,949.1,838.1,628.8,285.2,53.2,87.4,313.8,8.9,353.3,1513.5,2475.8,4970.4,1433.6,991.0,169.2,57.0,1045.5,471.7,447.8,356.1,4976.9,5036.8,2389.1,764.9,4246.0,5873.6,2717.7,2519.4,1609.2,2594.6,958.6,3067.8,988.3,2634.8,1394.9,4601.1,6855.1,4965.3,1592.9,95.2
2026-08-12 23:45:00,667.7,399.3,928.2,825.2,617.6,288.0,53.4,87.4,307.5,8.8,344.1,1510.5,3500.6,4962.0,1420.3,987.3,194.5,47.3,1044.3,479.5,444.5,344.4,4938.4,4959.1,2343.6,765.0,4224.9,5759.2,2712.5,2519.3,1606.2,2588.7,954.6,2995.4,976.4,2639.5,1380.0,4592.0,6777.5,4961.6,1573.4,94.5
2026-08-13 00:00:00,649.6,394.7,923.7,767.1,617.7,87.7,56.0,55.0,301.2,31.3,226.4,1495.2,2663.1,5668.7,1268.0,918.5,120.6,46.6,1203.4,378.8,567.0,47.5,4893.7,4966.9,2279.8,1035.4,4425.0,5316.3,2579.7,2676.7,1587.7,2611.1,960.4,2903.6,967.4,2494.9,1289.6,4270.9,6628.0,4910.9,1580.4,88.0
2026-08-13 00:15:00,640.2,389.9,914.3,742.2,611.7,89.4,56.1,53.9,294.5,31.3,213.2,1493.6,3032.3,5383.0,1316.3,975.8,120.6,43.7,1186.7,382.9,564.9,44.7,4896.6,4943.7,2256.6,1030.8,4415.9,4835.4,2583.7,2669.9,1583.6,2603.8,951.5,2869.0,981.6,2497.6,1284.6,4277.6,6578.7,4915.4,1581.2,86.6
2026-08-13 00:30:00,633.3,386.7,895.3,538.9,602.5,90.6,56.1,53.9,290.2,31.3,200.2,1492.2,3034.7,5301.4,1270.5,953.1,120.6,63.3,1187.0,377.1,566.7,44.8,4933.0,4916.1,2221.5,1023.2,4399.6,4582.4,2559.7,2678.3,1574.7,2597.8,947.6,2895.8,975.0,2498.6,1278.8,4248.6,6527.1,4917.2,1579.5,85.1
2026-08-13 00:45:00,630.6,381.9,880.3,525.4,594.5,91.9,56.3,53.9,289.3,31.3,169.7,1491.0,3041.4,5421.9,1263.8,948.3,122.2,39.4,1202.9,404.2,573.6,42.6,4882.1,4882.2,2194.3,978.7,4389.1,4095.5,2555.1,2674.7,1576.2,2596.6,936.5,2862.3,976.2,2497.1,1273.8,4245.2,6490.7,4879.2,1569.3,84.3
2026-08-13 01:00:00,625.3,379.4,863.4,514.9,589.3,92.9,67.8,47.8,335.8,27.0,179.9,1509.1,2871.5,5282.7,1235.3,971.8,109.6,39.0,1170.1,394.9,559.6,43.7,4875.4,4890.6,2145.6,1020.0,4199.6,4517.9,2514.4,2613.2,1544.6,2550.5,933.0,2811.8,972.0,2491.7,1297.3,4296.2,6386.0,4900.3,1548.8,73.7
2026-08-13 01:15:00,618.5,374.2,856.7,499.2,583.1,93.3,67.7,47.9,336.2,27.0,167.3,1507.9,2870.1,5227.9,1223.7,959.9,109.9,38.8,1170.2,400.5,560.0,41.7,4872.6,4869.5,2121.0,964.7,4192.2,4092.2,2510.1,2616.3,1543.7,2549.2,927.2,2794.0,963.0,2486.6,1293.7,4304.7,6353.8,4901.8,1544.6,72.8
2026-08-13 01:30:00,617.1,369.5,853.5,492.3,576.4,93.8,67.5,47.8,330.7,27.0,171.6,1506.2,2869.4,5173.5,1187.6,936.2,109.9,38.6,1166.0,401.6,557.4,41.7,4870.0,4854.9,2094.8,963.3,4184.1,4088.5,2506.9,2600.1,1537.9,2542.5,921.6,2766.0,960.3,2480.0,1291.6,4329.3,6321.0,4903.5,1539.7,71.9
2026-08-13 01:45:00,618.7,365.2,845.1,488.2,574.0,94.1,66.6,47.7,331.4,27.0,159.1,1505.0,2879.8,5079.9,1198.7,927.4,110.1,38.3,1170.6,400.4,562.3,41.8,4820.9,4829.1,2069.4,958.1,4171.7,3887.0,2503.5,2598.9,1542.0,2548.0,916.7,2749.3,962.2,2472.5,1291.0,4322.3,6291.7,4866.9,1537.6,69.9
2026-08-13 02:00:00,619.9,362.1,840.4,513.5,566.9,94.4,71.5,22.3,330.3,26.5,146.8,1514.7,2844.9,5046.9,1186.9,926.2,113.3,43.2,1132.0,414.9,556.0,42.3,4738.4,4812.2,2039.3,940.0,3799.8,4103.4,2488.9,2574.7,1524.6,2538.3,910.7,2756.2,962.0,2466.2,1272.6,4316.4,6230.5,4793.2,1532.1,68.9
2026-08-13 02:15:00,619.8,355.2,838.3,514.7,563.0,94.6,71.4,22.3,327.7,26.5,133.0,1513.5,2849.2,4827.9,1163.7,918.2,110.6,47.1,1130.2,426.4,553.2,42.4,4777.7,4803.8,2029.9,937.9,3790.9,4103.0,2487.8,2568.2,1521.0,2534.8,908.2,2748.6,962.8,2457.0,1273.2,4372.4,6215.0,4794.1,1532.6,68.2
2026-08-13 02:30:00,618.3,348.8,841.1,517.2,560.1,94.8,71.3,22.4,328.4,26.5,122.5,1515.6,2872.7,4772.2,1164.7,914.9,110.6,46.8,1124.8,433.1,549.5,42.4,4737.0,4787.2,2019.5,936.1,3782.5,4144.8,2486.6,2564.7,1520.3,2534.4,903.8,2738.0,963.5,2448.5,1272.5,4356.8,6194.7,4794.9,1530.6,67.5
2026-08-13 02:45:00,614.0,341.7,845.4,517.5,558.5,94.8,71.1,22.3,326.2,26.5,111.1,1514.8,2895.7,4709.0,1169.3,908.1,110.6,64.7,1122.0,438.4,549.2,42.8,4734.6,4773.6,2007.2,933.2,3777.4,4102.5,2484.4,2558.4,1518.4,2530.7,900.8,2727.7,961.2,2439.6,1270.4,4380.5,6175.1,4795.3,1531.8,66.3
2026-08-13 03:00:00,601.8,336.2,847.1,516.8,560.2,270.1,40.4,98.4,333.0,26.5,123.9,1525.1,2895.5,4570.9,1089.9,878.8,98.3,37.2,1106.8,434.8,544.2,43.7,4692.6,4778.0,1987.9,928.6,4222.5,3907.0,2499.9,2513.3,1508.1,2517.4,898.4,2681.9,959.5,2471.0,1284.6,4444.4,6289.4,4908.4,1541.6,64.8
2026-08-13 03:15:00,599.0,331.5,846.7,514.7,562.5,269.4,40.5,98.2,330.4,26.5,116.8,1524.6,2854.5,4517.4,1080.6,862.7,98.3,57.0,1102.8,439.4,540.5,44.3,4701.0,4760.2,1980.3,926.9,4217.4,3946.2,2500.1,2514.7,1510.5,2517.6,893.2,2677.1,960.2,2467.8,1278.7,4474.7,6287.8,4910.9,1542.7,63.7
2026-08-13 03:30:00,601.9,326.8,851.4,519.4,564.8,268.7,40.1,95.8,334.2,26.5,111.5,1524.5,2844.7,4440.9,1082.8,860.1,98.3,56.8,1093.8,452.6,534.4,45.3,4703.2,4735.7,1975.5,924.8,4210.9,3964.6,2497.6,2519.3,1506.9,2512.1,891.6,2683.3,964.8,2464.9,1269.5,4475.2,6303.0,4912.1,1550.7,63.2
2026-08-13 03:45:00,599.3,321.6,850.3,517.3,568.6,268.0,40.1,98.2,387.0,26.5,106.6,1523.6,2844.8,4399.3,1089.6,855.4,98.3,56.6,1090.9,457.8,531.5,46.2,4757.9,4721.2,1967.2,922.9,4207.7,4035.3,2497.9,2514.4,1505.0,2508.1,892.0,2679.7,973.2,2462.2,1256.8,4518.9,6277.0,4913.6,1551.4,63.1
2026-08-13 04:00:00,607.5,316.8,859.3,527.5,574.8,267.5,56.7,65.3,393.7,26.5,101.8,1521.0,2949.8,4334.8,1123.3,770.7,102.8,61.4,1079.0,450.0,531.2,65.0,4672.9,4657.6,1959.6,892.3,3941.0,4072.6,2492.6,2510.7,1508.0,2515.0,887.9,2725.0,974.0,2525.0,1224.2,4486.0,6342.5,4919.9,1564.8,66.1
2026-08-13 04:15:00,605.2,312.7,867.9,523.0,577.1,267.2,56.5,65.4,395.4,26.5,97.9,1520.0,2959.3,4278.6,1122.3,756.4,105.7,61.3,1077.2,454.8,528.6,67.9,4680.8,4640.6,1962.0,891.3,3940.8,4124.6,2492.5,2498.8,1507.7,2513.1,886.9,2716.9,978.1,2522.1,1222.2,4503.2,6332.4,4960.4,1571.8,66.2
2026-08-13 04:30:00,609.4,307.5,879.0,517.1,585.1,267.2,56.3,67.8,341.4,26.5,97.7,1518.8,2949.2,4270.0,1070.3,748.4,99.6,63.3,1074.6,460.3,526.0,71.2,4697.9,4642.5,1961.4,906.6,3939.9,4236.8,2492.9,2502.2,1507.5,2505.8,883.5,2730.9,988.9,2519.4,1233.8,4560.2,6312.2,4962.8,1573.5,66.2
2026-08-13 04:45:00,614.0,303.5,901.9,513.0,597.7,269.3,55.9,65.4,346.0,26.5,94.0,1517.6,2940.0,4215.2,1077.5,743.3,99.6,83.4,1072.9,473.5,525.8,72.7,4742.0,4632.9,1963.9,919.4,3942.3,4441.1,2493.1,2504.7,1508.1,2496.5,885.0,2759.7,994.0,2516.9,1255.4,4647.3,6314.8,4965.0,1584.0,65.6
2026-08-13 05:00:00,642.2,296.8,945.6,514.3,608.0,276.7,59.8,46.9,338.6,26.5,85.1,1522.5,3037.9,4306.2,1159.6,718.1,111.1,128.6,1101.8,478.1,540.0,61.6,4954.4,4537.0,1973.8,910.2,4119.0,4209.7,2496.3,2470.1,1516.6,2491.0,888.5,2724.9,1000.0,2825.9,1297.7,4786.2,6225.8,5068.7,1608.1,59.4
2026-08-13 05:15:00,644.5,310.4,964.3,508.2,614.3,286.1,59.6,46.8,347.4,26.5,83.5,1521.1,3040.6,4302.5,1168.5,708.1,87.9,141.1,1098.9,490.3,540.9,63.5,5013.8,4529.0,1996.1,965.9,4130.7,4641.7,2502.2,2496.6,1520.7,2487.8,892.7,2775.5,1012.2,2823.9,1324.9,4811.3,6262.4,5072.0,1632.1,59.6
2026-08-13 05:30:00,652.4,303.6,974.8,702.3,626.1,302.7,59.5,46.8,356.7,26.5,93.9,1518.8,3054.7,4550.9,1146.5,714.7,87.9,163.8,1096.3,493.8,544.2,57.8,5029.1,4527.3,2014.2,970.1,4153.7,4919.8,2507.5,2501.9,1522.9,2484.1,898.3,2725.1,1018.6,2821.8,1347.2,4925.8,6319.2,5074.6,1647.9,59.2
2026-08-13 05:45:00,660.2,304.6,969.9,708.7,644.1,332.5,59.0,47.0,368.8,26.5,103.6,1518.0,2537.8,4507.0,1163.8,710.2,87.9,174.4,1093.9,498.4,542.1,58.6,5076.9,4536.9,2045.8,979.2,4167.7,5141.7,2513.9,2556.0,1532.6,2474.3,904.3,2744.3,1030.7,2820.8,1354.8,5036.2,6385.2,5107.7,1680.1,59.6
2026-08-13 06:00:00,684.0,325.3,976.7,676.4,667.8,372.0,32.6,29.2,373.4,33.6,134.2,1505.0,2754.9,4937.4,1159.7,698.4,188.8,153.4,1048.3,569.9,553.1,71.7,5258.5,4682.7,2157.1,997.8,4364.8,5704.8,2507.6,2528.2,1575.6,2467.5,902.0,2965.4,1048.4,2988.4,1370.4,5161.7,6718.5,5164.2,1770.6,63.9
2026-08-13 06:15:00,686.8,340.5,965.9,660.6,688.5,421.8,32.2,30.3,378.9,33.6,141.4,1505.7,2158.4,5110.4,1179.3,726.3,208.9,154.7,1056.4,577.6,557.3,75.3,5299.3,4700.9,2211.7,1042.2,4385.6,5782.4,2522.6,2531.9,1580.0,2469.8,913.0,3021.1,1061.3,2987.6,1379.6,5248.6,6821.6,5168.2,1811.1,66.1
2026-08-13 06:30:00,687.9,368.8,922.4,660.1,703.9,476.3,31.7,29.7,389.4,33.7,137.5,1509.2,2170.8,5047.4,1154.5,733.1,208.9,155.4,1060.6,581.8,559.8,76.0,5332.8,4715.2,2260.2,1087.1,4415.6,5780.6,2535.5,2575.9,1587.4,2465.4,929.3,3006.1,1072.6,2987.1,1390.4,5298.8,6938.4,5224.3,1845.7,68.5
2026-08-13 06:45:00,680.6,377.7,867.1,657.8,721.6,531.5,31.6,30.1,401.1,34.0,148.9,1507.9,2216.6,5113.2,1154.3,732.3,208.9,159.1,1057.5,582.1,558.5,74.6,5337.1,4772.5,2316.9,1088.6,4434.5,5819.8,2532.3,2635.8,1594.1,2462.0,936.1,3009.6,1082.8,2987.6,1400.8,5306.9,7049.8,5219.7,1882.3,70.7
2026-08-13 07:00:00,723.3,414.1,846.7,653.0,746.9,591.7,31.9,68.1,461.4,27.0,121.6,1522.3,2327.5,5114.1,1193.4,754.4,135.2,180.3,1267.7,631.5,613.4,101.4,5448.0,4879.4,2466.0,1092.0,4465.5,5944.7,2585.2,2764.8,1592.9,2510.4,974.1,3029.3,1070.3,3036.3,1500.4,5313.3,7326.6,5302.7,1979.2,69.6
2026-08-13 07:15:00,714.0,417.6,798.0,664.8,766.1,648.9,33.2,68.6,459.3,32.3,129.6,1529.2,2355.9,5109.8,1194.3,749.7,135.2,159.5,1244.6,597.9,612.2,92.5,5457.8,4892.6,2506.3,1093.2,4477.6,5904.3,2593.5,2761.0,1599.1,2517.0,992.1,3026.0,1078.5,3036.8,1508.3,5312.7,7391.9,5401.5,1999.9,74.8
2026-08-13 07:30:00,722.7,446.9,744.5,689.6,779.2,708.5,32.9,70.6,465.8,89.7,136.7,1523.5,3006.6,4954.0,1245.6,854.5,135.2,163.8,1250.2,608.9,610.9,92.7,5464.3,4941.8,2538.2,1082.7,4491.3,5602.6,2611.4,2761.9,1605.2,2523.9,1001.0,3035.0,1081.3,3037.1,1519.8,5310.3,7445.2,5347.6,2006.3,97.7
2026-08-13 07:45:00,692.7,470.4,692.7,693.5,780.8,767.0,33.0,73.9,464.1,27.8,158.2,1530.7,3441.5,4469.2,1320.4,1015.0,158.7,160.9,1280.1,663.2,618.0,93.4,5469.0,4960.7,2566.8,987.0,4490.5,5015.6,2615.6,2764.0,1613.7,2536.8,1008.6,3085.4,1085.5,3037.6,1529.1,5305.2,7492.8,5294.3,2015.8,87.3
2026-08-13 08:00:00,685.6,492.5,659.4,747.0,768.5,643.9,71.7,54.1,449.0,100.6,204.2,1493.1,3271.8,5314.6,1638.6,1216.1,51.4,198.5,1356.5,694.2,593.5,108.8,5444.0,4958.2,2634.4,1003.2,4575.3,5617.3,2660.6,2775.9,1638.9,2550.7,1028.7,3068.4,1084.1,3038.7,1544.0,5275.2,7542.1,5322.6,2027.0,127.3
2026-08-13 08:15:00,676.0,522.5,622.8,775.3,758.1,692.2,72.2,55.4,427.3,37.5,217.6,1502.3,3297.8,4669.6,1708.4,1371.0,51.4,191.2,1326.8,707.0,592.5,102.4,5447.9,4963.6,2651.9,909.8,4572.0,5172.3,2670.2,2766.6,1641.4,2554.9,1037.6,3129.4,1082.7,3039.4,1546.5,5252.7,7576.5,5238.4,2020.9,110.9
2026-08-13 08:30:00,659.8,553.7,589.2,616.0,746.7,729.3,71.0,56.3,406.0,43.6,222.9,1522.5,4065.5,4049.1,1714.1,1523.5,51.4,191.3,1316.4,739.3,593.2,112.1,5448.2,4962.7,2655.6,899.9,4564.6,4575.5,2670.7,2767.6,1644.3,2560.2,1043.0,3123.6,1082.7,3040.2,1544.4,5230.9,7565.5,5269.7,2000.8,118.0
2026-08-13 08:45:00,638.6,572.1,554.6,623.4,746.1,761.4,69.7,57.5,380.5,50.4,234.5,1534.3,4082.2,3660.2,1630.8,1577.3,54.9,189.5,1323.7,774.2,601.2,131.9,5467.4,4963.2,2669.7,873.9,4563.9,3915.3,2681.0,2752.8,1646.4,2557.0,1040.7,3109.7,1080.6,3040.2,1530.9,5208.6,7548.7,5225.6,1990.1,126.0
2026-08-13 09:00:00,639.5,613.5,537.8,713.2,745.6,809.1,173.2,87.7,316.7,63.5,427.4,1565.0,3797.1,3731.9,1516.9,1703.0,15.0,367.7,1457.9,859.3,583.5,154.6,5501.8,4794.3,2712.6,975.4,4702.0,4149.0,2688.9,2739.3,1653.3,2535.7,1060.1,2955.0,1079.9,2899.4,1525.4,5059.2,7444.1,5100.2,1936.9,131.6
2026-08-13 09:15:00,634.7,633.5,511.4,708.4,749.5,845.1,173.9,93.6,283.0,76.6,427.6,1587.3,3839.5,3330.1,1442.3,1648.8,15.0,349.5,1424.5,837.0,580.1,148.6,5507.5,4759.9,2713.4,927.4,4741.0,3527.7,2691.9,2707.1,1660.9,2532.2,1057.9,2936.3,1085.6,2898.7,1513.4,5034.6,7418.0,5113.9,1912.7,141.0
2026-08-13 09:30:00,640.1,648.8,488.3,745.9,748.7,876.9,174.1,94.6,248.9,97.3,417.6,1592.0,4665.3,3459.5,1417.5,1323.6,15.0,324.3,1425.6,667.5,577.8,154.8,5501.4,4765.3,2718.4,827.9,4831.4,3089.7,2692.1,2705.3,1656.4,2526.5,1050.6,2944.4,1088.5,2899.7,1508.0,4945.8,7405.7,5092.8,1883.5,150.1
2026-08-13 09:45:00,630.2,663.9,461.6,783.3,750.6,901.1,178.3,87.8,213.7,125.7,418.5,1614.8,5507.6,2825.4,1338.4,1128.1,15.0,322.1,1465.6,731.8,585.1,159.0,5493.9,4771.6,2724.2,815.4,5032.2,3040.3,2700.4,2702.6,1657.0,2530.2,1062.2,2916.5,1085.0,2900.6,1508.7,4891.6,7396.7,5026.0,1870.0,159.4
2026-08-13 10:00:00,613.9,678.5,431.2,830.1,752.8,918.5,100.4,59.7,191.3,160.8,454.4,1694.6,5411.8,3203.4,1255.7,1139.9,113.6,295.5,1471.6,680.7,582.7,199.4,5533.3,4728.6,2754.6,802.6,4976.1,3450.2,2702.3,2628.9,1693.2,2529.5,1042.9,2848.4,1082.5,2544.2,1438.7,4789.7,7358.2,5006.6,1874.8,169.5
2026-08-13 10:15:00,611.7,684.1,412.8,860.5,749.7,925.9,101.4,60.3,161.0,179.6,445.1,1710.6,5467.9,3184.0,1181.9,1194.0,113.6,294.1,1464.2,647.5,578.0,194.3,5525.3,4730.9,2762.0,801.7,5017.7,2898.8,2705.5,2625.9,1696.1,2532.3,1046.5,2802.5,1071.3,2546.3,1445.1,4710.2,7330.6,4942.7,1860.6,172.9
2026-08-13 10:30:00,603.7,690.6,623.1,891.5,745.4,927.2,99.2,61.1,133.5,190.9,462.3,1735.1,5469.9,3187.6,1150.1,1224.9,113.6,290.5,1460.2,657.9,573.5,173.2,5514.3,4737.1,2764.9,802.9,5014.1,2742.4,2718.9,2616.5,1692.2,2524.7,1060.1,2327.6,1075.7,2548.9,1446.2,4720.3,7295.5,4967.2,1841.1,183.8
2026-08-13 10:45:00,598.5,700.3,828.2,922.4,740.8,930.1,96.2,60.9,127.9,222.3,471.6,1732.8,5557.4,3206.0,1076.7,1236.6,137.4,270.2,1550.2,664.3,585.3,174.1,5507.2,4746.7,2768.1,804.9,5015.6,2650.6,2729.2,2485.6,1692.4,2512.1,1052.8,1844.9,1076.1,2550.3,1440.8,4731.7,7273.9,4992.3,1824.1,195.5
2026-08-13 11:00:00,591.0,702.9,1057.7,964.2,749.3,934.2,103.7,61.4,122.7,340.6,414.2,1843.6,5566.7,3710.4,1181.7,1316.9,123.1,304.8,1517.6,691.0,580.0,179.7,5494.8,4674.2,2783.4,787.8,4866.6,2750.0,2701.4,2303.8,1675.6,2495.7,1057.3,1870.7,1050.0,2352.5,1508.0,4446.7,7235.5,4934.0,1805.7,207.5
2026-08-13 11:15:00,583.4,699.2,1058.2,944.7,754.0,933.0,108.9,61.4,124.1,357.0,426.2,1836.6,5617.3,3649.6,1143.5,1316.3,123.1,274.1,1522.0,677.9,574.3,162.5,5487.1,4662.9,2785.7,788.8,4878.6,2739.8,2726.3,2113.3,1676.9,2483.9,1051.3,1695.1,1048.8,2354.7,1505.7,4342.6,7223.7,4936.7,1799.3,212.6
2026-08-13 11:30:00,583.1,690.7,1060.7,938.1,761.7,932.7,112.1,61.7,127.9,380.3,437.2,1842.7,5976.8,3467.6,1093.4,1263.7,156.9,243.5,1533.2,679.9,570.9,161.4,5476.1,4653.5,2784.6,789.1,4868.5,2739.0,2720.3,2086.3,1676.9,2480.8,1051.0,1633.0,1052.1,2357.1,1502.1,4260.2,7198.6,4949.9,1783.6,218.5
2026-08-13 11:45:00,592.1,666.1,1065.6,941.0,772.5,933.8,119.2,62.0,123.4,373.9,441.4,1854.2,6161.2,3504.8,1108.1,1244.1,156.9,228.0,1547.8,692.1,573.9,160.4,5465.7,4650.5,2786.7,787.3,4870.2,2736.5,2724.3,2085.2,1676.9,2485.4,1050.4,1633.3,1055.4,2359.4,1495.8,4255.3,7184.9,4965.1,1774.7,224.0
2026-08-13 12:00:00,598.5,683.8,1091.9,957.5,775.6,933.2,101.5,57.2,110.0,453.6,600.4,1847.3,6146.7,3769.4,1130.8,1281.5,20.9,318.1,1521.7,688.0,577.5,192.2,5528.7,4490.9,2796.2,836.2,4866.9,2692.1,2720.7,1946.9,1673.2,2486.3,1048.6,1693.9,1046.0,2191.6,1492.8,3911.5,7167.6,4982.1,1730.6,232.1
2026-08-13 12:15:00,684.1,662.3,1107.8,944.9,779.5,934.7,114.1,57.5,108.8,476.5,615.4,1856.0,6275.3,3726.6,1113.6,1308.9,20.8,316.2,1521.8,694.1,575.5,190.9,5585.0,4484.2,2796.6,838.5,4858.0,2693.3,2718.9,1945.8,1672.5,2487.5,1047.7,1694.4,1053.9,2194.7,1484.8,3914.4,7162.5,5002.7,1716.9,234.3
2026-08-13 12:30:00,690.4,681.7,1120.2,959.8,778.0,929.0,101.5,57.7,108.0,462.0,609.8,1865.4,6200.5,3450.1,1099.6,1295.6,20.8,317.6,1542.8,698.6,573.6,201.9,5590.4,4506.9,2798.0,842.0,4864.5,2692.4,2714.4,1925.6,1669.0,2482.9,1045.6,1679.5,1043.4,2197.4,1477.6,3917.8,7150.2,5024.5,1697.4,235.9
2026-08-13 12:45:00,690.8,673.4,1137.7,961.3,779.3,922.3,98.3,57.8,107.6,462.2,616.1,1869.3,6267.3,3363.4,1130.0,1250.5,20.8,317.6,1540.3,707.5,572.6,202.5,5574.4,4509.7,2801.6,843.2,4863.2,2694.0,2717.9,1942.4,1672.9,2486.8,1042.4,1693.9,1034.7,2200.6,1470.6,3918.7,7128.9,5034.8,1695.3,240.6
2026-08-13 13:00:00,691.1,666.9,1179.2,929.7,788.8,907.8,64.5,99.2,148.3,443.2,372.7,1879.0,6211.4,3418.6,1134.8,1291.4,12.0,351.6,1569.5,770.8,575.9,203.5,5566.7,4454.7,2789.1,816.1,4863.2,2703.4,2714.6,1995.3,1708.6,2524.0,1030.2,1675.7,1043.9,2165.6,1464.0,3803.7,7281.4,5146.3,1689.6,244.4
2026-08-13 13:15:00,708.8,659.7,1196.5,935.8,788.0,895.8,60.1,97.3,149.9,439.8,383.5,1878.1,6262.2,3464.9,1131.1,1309.6,20.8,344.4,1573.7,775.5,573.9,198.4,5607.7,4451.6,2791.1,818.5,4866.6,2704.7,2717.2,2018.5,1707.2,2525.5,1027.6,1675.4,1038.4,2169.1,1464.1,3787.6,7319.9,5152.5,1699.4,246.1
2026-08-13 13:30:00,713.6,633.4,1213.6,897.0,785.4,880.1,73.9,97.1,153.0,440.4,392.1,1881.3,6269.2,3397.8,1148.3,1302.4,20.7,344.5,1564.3,774.3,572.8,197.8,5608.3,4451.9,2797.6,820.4,4864.0,2707.0,2715.2,2039.9,1707.9,2527.8,1034.3,1675.3,1025.6,2172.1,1458.9,3785.7,7300.8,5161.0,1692.1,248.4
2026-08-13 13:45:00,713.5,623.7,1237.4,855.8,782.5,866.2,76.9,97.0,154.9,441.3,399.0,1883.3,6314.9,3370.6,1151.9,1302.8,45.7,344.7,1560.8,763.7,570.2,196.9,5600.8,4452.9,2795.8,820.0,4861.9,2707.2,2717.0,2024.0,1708.4,2525.4,1027.4,1675.4,1024.9,2175.3,1455.3,3780.2,7278.1,5165.4,1693.9,245.5
2026-08-13 14:00:00,702.0,620.8,1249.2,877.4,772.3,843.6,67.7,108.8,111.8,444.3,311.9,1987.0,6240.4,3268.9,1201.7,1243.9,140.4,193.9,1591.8,729.4,569.3,202.7,5600.5,4653.8,2796.4,839.0,4920.8,2757.3,2744.9,2105.1,1712.2,2539.9,1034.4,1677.1,1019.7,2181.9,1455.0,3797.0,7313.3,5185.6,1646.6,253.7
2026-08-13 14:15:00,702.1,601.4,1268.0,878.5,770.1,820.2,76.9,106.0,111.4,444.1,301.7,1985.6,6160.9,3329.5,1123.4,1260.2,140.4,198.7,1604.0,730.4,569.0,198.5,5602.4,4650.6,2797.2,840.2,4925.1,2757.7,2746.0,2106.0,1712.5,2540.4,1033.6,1677.8,1015.1,2186.6,1461.8,3795.2,7296.1,5176.5,1644.5,249.3
2026-08-13 14:30:00,712.3,586.8,1278.3,872.6,764.7,801.1,70.3,105.6,111.4,439.2,316.2,1984.3,6290.4,3496.5,1136.3,1282.3,140.4,172.5,1607.1,724.6,566.5,201.6,5533.8,4649.1,2799.8,842.8,4922.3,2758.0,2741.3,2087.9,1707.8,2532.5,1031.2,1678.4,1004.9,2190.7,1464.5,3794.4,7297.6,5182.0,1639.5,245.8
2026-08-13 14:45:00,709.3,593.3,1293.8,894.5,761.3,787.6,64.2,106.2,111.4,449.0,287.5,1982.1,6129.5,3578.5,1135.8,1320.8,140.4,172.7,1583.7,722.2,565.8,204.7,5538.3,4660.1,2804.2,844.2,4923.8,2758.3,2745.0,2155.1,1709.7,2537.1,1035.7,1679.3,1003.8,2196.6,1461.6,3811.5,7321.0,5194.2,1634.4,245.6
2026-08-13 15:00:00,720.2,558.5,1051.3,885.4,738.7,747.5,52.9,130.7,95.6,402.7,238.9,1838.9,5994.5,3382.6,1046.1,1279.1,269.7,184.3,1484.6,729.4,542.1,169.5,5493.6,4685.3,2801.4,845.0,4911.6,2634.4,2788.1,2243.2,1708.9,2554.9,1031.0,1674.8,1002.4,2333.6,1463.8,4047.0,7181.1,5067.4,1638.2,234.0
2026-08-13 15:15:00,704.9,558.6,857.3,864.7,747.4,717.1,51.9,130.2,96.4,392.9,241.5,1834.3,5772.1,3439.2,1042.0,1312.5,224.7,187.9,1459.3,726.0,552.8,167.8,5549.1,4674.2,2804.3,851.3,4899.5,2638.9,2788.1,2342.4,1713.5,2566.4,1035.1,1700.3,1001.9,2342.6,1469.9,4044.7,7173.4,5043.2,1656.0,228.3
2026-08-13 15:30:00,631.9,543.1,648.8,864.5,757.8,686.1,51.8,130.2,96.8,413.2,250.9,1806.6,5525.3,3506.7,1072.0,1362.2,224.7,187.6,1460.0,732.4,547.8,163.0,5542.9,4673.7,2811.2,852.7,4891.4,2639.1,2784.7,2412.7,1709.4,2566.3,1038.1,1836.5,1006.6,2349.2,1470.0,4058.3,7198.1,5025.3,1660.7,220.5
2026-08-13 15:45:00,643.5,529.8,670.5,889.1,760.8,646.7,51.8,130.7,96.8,432.1,222.5,1810.9,5461.1,3735.5,1112.3,1340.0,199.7,187.2,1466.1,729.0,543.8,158.9,5551.0,4674.7,2817.9,853.4,4894.2,2656.5,2781.9,2447.8,1709.6,2567.7,1034.5,1906.5,1008.8,2354.1,1470.8,4156.5,7206.2,5012.5,1678.5,217.1
2026-08-13 16:00:00,665.3,492.9,635.1,803.5,752.7,605.9,168.0,115.5,93.8,375.1,253.1,1769.0,5851.1,3146.8,1056.3,1338.8,217.2,190.1,1430.1,875.5,543.1,167.7,5477.0,4689.5,2817.0,841.9,4805.8,2355.4,2831.5,2568.6,1703.0,2548.6,1039.6,2107.1,1013.6,2956.6,1466.4,4637.5,7260.2,5072.1,1696.4,219.9
2026-08-13 16:15:00,676.8,474.4,658.4,787.6,758.2,565.8,167.1,124.6,85.2,356.2,239.5,1804.4,5729.0,3451.6,1113.1,1346.5,192.1,216.2,1349.7,904.5,534.1,181.8,5465.8,4686.6,2823.6,846.8,4805.2,2458.3,2831.1,2706.6,1699.7,2557.1,1027.7,2565.8,1016.5,2957.7,1471.3,4707.4,7298.1,5051.4,1729.4,211.1
2026-08-13 16:30:00,695.1,445.4,688.6,783.6,765.7,524.9,172.5,123.6,86.0,324.0,244.6,1790.7,5726.2,3449.3,1147.2,1268.3,192.0,213.1,1363.7,869.2,540.2,183.3,5466.7,4676.8,2831.5,847.2,4801.6,2807.5,2802.4,2715.8,1696.4,2557.3,1020.9,2846.8,1022.2,2957.1,1482.2,4831.0,7351.6,5105.4,1751.8,206.6
2026-08-13 16:45:00,707.8,418.2,715.9,851.3,769.1,474.0,162.0,117.8,86.8,300.3,243.1,1787.0,5472.3,3410.7,1259.9,1245.4,172.0,209.9,1374.5,916.4,545.6,206.6,5466.5,4697.6,2823.5,845.3,4752.8,3410.1,2803.9,2734.0,1700.1,2572.8,1017.0,2933.2,1023.4,2956.1,1494.3,4833.5,7415.4,5136.0,1781.2,197.8
2026-08-13 17:00:00,728.2,384.6,738.9,846.3,779.1,424.6,51.9,173.1,113.4,257.1,183.6,1669.6,5623.8,2991.5,1422.4,1288.4,196.7,89.0,1523.6,807.4,549.4,137.6,5542.4,4841.3,2805.0,829.3,4770.9,3368.9,2816.6,2806.8,1693.2,2572.5,1016.6,2850.3,1040.4,3153.4,1509.5,5095.4,7485.9,5367.8,1820.9,179.2
2026-08-13 17:15:00,735.3,368.2,795.5,814.4,787.6,371.4,51.5,166.9,114.6,216.1,190.6,1639.3,4119.6,3108.2,1529.7,1444.0,196.7,70.4,1461.9,980.7,555.5,137.3,5537.7,4835.3,2802.3,937.3,4596.9,3971.3,2815.0,2813.2,1693.6,2580.3,1019.9,2952.4,1041.8,3151.8,1517.8,5097.7,7538.9,5337.9,1849.0,170.2
2026-08-13 17:30:00,745.9,339.7,845.9,840.0,798.8,313.1,52.9,165.9,115.4,169.4,204.4,1634.9,4085.0,3586.3,1580.2,1721.7,173.0,83.3,1469.0,958.5,560.7,127.9,5550.8,4852.7,2795.5,961.6,4600.1,4792.2,2806.7,2805.0,1696.1,2590.7,1018.8,3069.3,1041.6,3149.9,1530.3,5100.4,7613.7,5339.2,1883.4,159.9
2026-08-13 17:45:00,757.4,309.9,911.2,1037.2,802.4,256.2,52.0,164.8,136.3,141.9,214.9,1630.3,3499.3,3844.0,1672.8,1738.8,173.0,115.1,1481.1,1036.1,566.7,161.8,5568.0,4874.1,2793.8,974.2,4598.3,5450.6,2811.0,2803.8,1694.6,2587.9,1019.3,3086.8,1040.5,3148.7,1533.0,5102.7,7677.0,5317.3,1914.0,149.2
2026-08-13 18:00:00,772.1,289.6,969.0,1081.8,804.2,386.9,106.5,100.9,132.5,120.2,261.6,1599.6,3719.7,3570.8,1683.5,1555.0,278.3,78.2,1406.5,902.1,577.5,135.1,5609.3,4917.1,2778.3,1003.8,4681.4,5731.4,2848.8,2737.2,1695.0,2586.8,1012.9,3225.4,1038.5,3178.8,1535.1,5159.5,7659.2,5335.7,1922.1,138.7
2026-08-13 18:15:00,785.1,364.8,1040.6,1060.6,807.5,342.4,106.6,99.9,157.7,98.1,261.4,1581.5,2733.6,3906.3,1593.1,1352.0,253.2,82.6,1337.0,879.5,581.3,143.5,5621.8,4916.0,2779.3,1132.8,4679.3,6353.4,2824.7,2746.8,1689.7,2565.7,1010.8,3214.5,1036.7,3178.3,1532.0,5164.7,7695.8,5316.9,1945.8,131.5
2026-08-13 18:30:00,788.3,354.7,1086.6,1068.1,809.5,306.2,108.2,98.7,190.1,72.3,288.7,1569.8,2652.1,3607.4,1420.1,1057.4,257.2,81.4,1334.1,838.3,585.5,147.9,5631.7,4938.5,2779.2,1163.0,4686.3,6470.7,2817.1,2737.8,1689.2,2555.5,1017.1,3288.0,1040.0,3177.2,1536.2,5169.4,7723.1,5296.6,1960.9,122.4
2026-08-13 18:45:00,793.3,364.1,1136.0,1075.8,811.8,328.0,101.6,96.5,237.4,95.0,287.5,1575.6,2601.8,3594.1,1491.4,1094.1,253.1,88.4,1360.1,917.4,594.4,179.2,5645.0,4926.1,2776.5,1298.8,4698.1,6702.1,2842.9,2738.2,1687.7,2557.3,1017.5,3258.5,1040.3,3174.1,1529.9,5171.4,7725.1,5332.2,1969.6,114.8
2026-08-13 19:00:00,801.5,321.5,1173.8,1065.9,807.2,459.8,60.8,62.2,276.1,89.4,262.0,1490.7,2849.6,3359.5,1487.1,854.6,249.6,66.0,1237.4,810.3,612.4,127.1,5624.2,4865.2,2766.9,1321.6,4761.9,6714.0,2857.6,2738.7,1697.0,2555.7,1026.5,3327.6,1043.1,3154.8,1522.0,5157.8,7778.7,5434.0,1982.9,136.2
2026-08-13 19:15:00,828.9,220.2,1198.9,1461.7,809.3,404.4,61.6,61.8,312.7,97.8,264.2,1503.3,2657.0,3503.3,1723.8,1019.1,268.8,70.9,1240.3,805.7,601.3,127.9,5624.3,4867.3,2764.8,1324.5,4776.4,6716.4,2831.5,2752.9,1697.1,2557.1,1032.4,3245.1,1033.5,3154.4,1522.0,5171.2,7791.9,5470.1,1988.9,132.3
2026-08-13 19:30:00,798.4,337.4,1208.8,1119.3,801.3,442.9,56.9,61.4,345.1,144.9,273.5,1528.3,2629.6,3647.7,1716.1,1038.3,208.1,83.0,1224.9,793.6,603.4,166.6,5623.9,4828.8,2757.4,1397.6,4773.8,6738.1,2825.1,2751.1,1704.0,2552.9,1033.3,3267.7,1034.1,3154.9,1515.9,5187.0,7783.1,5496.1,1972.6,129.7
2026-08-13 19:45:00,799.9,333.4,1219.6,1114.2,802.5,429.9,45.7,64.6,373.9,138.3,275.1,1510.2,2588.3,3752.6,1802.2,1060.2,207.4,83.3,1233.8,819.9,608.0,225.3,5615.0,4800.6,2752.5,1400.4,4771.5,6741.3,2826.1,2750.9,1702.8,2548.3,1030.4,3270.0,1033.6,3157.0,1514.7,5202.4,7776.2,5516.7,1967.1,130.5
2026-08-13 20:00:00,796.9,325.2,1220.5,1108.4,797.6,432.6,102.0,61.7,397.7,125.9,283.1,1565.5,2623.4,3782.4,1602.3,968.3,269.1,53.5,1216.3,773.0,580.5,171.6,5515.8,4713.6,2737.2,1463.4,4755.9,6725.4,2823.8,2717.7,1702.3,2566.2,1038.2,3297.4,1027.0,3125.7,1503.1,5192.9,7750.6,5371.1,1976.3,203.2
2026-08-13 20:15:00,831.9,265.9,1238.2,1446.4,817.4,383.5,110.3,61.7,400.5,123.6,282.9,1553.8,2546.6,3962.6,1653.6,931.5,268.5,53.2,1213.9,749.1,580.6,184.8,5500.7,4697.7,2738.2,1399.8,4777.5,6709.6,2821.8,2716.8,1698.6,2568.3,1030.3,3257.8,1024.8,3131.2,1492.5,5215.8,7767.2,5376.2,1986.4,173.9
2026-08-13 20:30:00,831.9,265.9,1239.9,1447.8,813.6,376.4,111.5,62.8,407.2,121.3,271.2,1525.4,2536.1,4197.7,1697.1,893.2,268.0,69.3,1213.5,749.4,578.7,187.7,5491.0,4707.8,2726.2,1347.5,4780.6,6713.4,2840.4,2691.7,1702.3,2585.1,1033.2,3274.3,1021.9,3136.2,1490.9,5206.8,7741.6,5387.5,1976.5,175.0
2026-08-13 20:45:00,823.8,257.8,1232.4,1447.4,811.3,370.7,114.9,62.2,408.4,118.4,266.7,1496.2,2493.3,4345.7,1750.9,863.9,353.7,40.8,1242.5,736.0,574.4,175.8,5462.4,4727.2,2725.9,1321.8,4777.3,6716.1,2837.5,2620.0,1698.8,2606.8,1026.7,3291.0,1021.3,3142.1,1485.6,5125.4,7732.6,5391.4,1975.3,175.4
2026-08-13 21:00:00,811.2,186.3,1198.4,1275.1,797.0,357.1,72.6,64.4,418.2,116.4,349.2,1518.4,2504.0,4691.3,1857.8,936.5,294.0,74.2,1191.6,882.4,592.7,204.8,5512.2,4672.7,2697.9,1422.8,4803.9,6816.7,2810.5,2621.2,1698.9,2597.6,1015.7,3225.3,1021.3,3049.2,1412.7,5106.1,7667.4,5395.8,1938.8,205.2
2026-08-13 21:15:00,803.0,179.8,1171.9,1257.2,790.1,347.9,73.3,63.4,415.7,114.9,341.2,1495.2,2423.1,4859.5,1890.8,834.2,273.2,55.8,1199.8,885.8,588.8,197.5,5548.2,4693.6,2692.6,1360.5,4797.4,6817.9,2829.2,2603.2,1697.8,2606.1,1012.4,3239.1,1020.2,3055.6,1416.2,5132.8,7641.0,5410.8,1927.9,197.9
2026-08-13 21:30:00,785.0,285.3,1139.1,1052.3,777.0,334.1,74.5,62.3,412.1,112.6,337.1,1460.6,2419.5,5197.5,1944.5,782.2,272.3,52.1,1193.7,891.9,590.1,190.7,5540.4,4712.5,2680.7,1337.3,4799.1,6821.9,2823.3,2563.3,1697.6,2620.0,1019.3,3256.9,1019.2,3061.4,1408.6,5054.7,7614.4,5423.5,1914.7,214.7
2026-08-13 21:45:00,780.8,177.2,1104.0,1227.0,759.5,349.9,73.3,62.3,406.5,49.1,329.2,1442.5,2389.0,5162.6,1963.1,783.8,271.4,47.3,1193.1,885.3,595.2,178.5,5514.3,4731.6,2676.1,1267.5,4786.3,6739.7,2822.9,2499.3,1692.5,2640.7,1017.7,3224.2,1015.5,3065.9,1395.3,5034.2,7568.9,5403.3,1909.1,208.3
2026-08-13 22:00:00,762.7,172.3,1069.2,1214.6,746.5,174.6,80.1,110.3,407.9,50.2,326.1,1499.8,2300.1,5807.6,1792.2,835.0,142.1,56.2,1170.8,991.4,522.9,229.6,5348.1,4717.7,2633.4,1155.3,4829.9,6531.3,2809.2,2591.0,1679.3,2664.5,1031.8,3139.3,1008.9,2905.1,1384.7,5023.7,7449.7,5438.8,1847.8,165.1
2026-08-13 22:15:00,748.5,177.0,1034.9,1203.9,723.9,176.8,79.9,110.3,407.1,44.1,294.5,1498.1,2290.6,5961.8,1782.7,829.2,165.8,64.5,1163.0,1006.3,514.7,235.0,5314.2,4732.8,2609.9,1155.3,4813.6,6413.5,2801.6,2529.9,1677.4,2677.9,1027.2,3078.3,1007.7,2908.2,1378.2,4974.5,7370.5,5415.8,1816.8,157.2
2026-08-13 22:30:00,735.1,167.1,1006.8,1180.2,702.5,178.5,78.5,110.9,412.7,36.5,303.9,1498.5,2286.3,6139.6,1797.8,843.6,144.6,49.7,1156.6,1036.1,508.2,245.5,5257.2,4735.5,2580.2,1090.9,4808.0,6340.4,2790.0,2473.2,1670.9,2693.2,1018.1,3035.3,1001.2,2914.8,1365.4,4840.8,7278.8,5429.8,1800.1,159.4
2026-08-13 22:45:00,711.1,169.7,979.8,990.2,690.7,180.4,78.8,112.8,410.6,36.5,294.4,1474.4,2362.7,6232.2,1783.6,840.5,143.3,66.8,1148.9,1040.8,501.5,248.6,5208.0,4697.0,2557.2,1131.8,4791.3,6330.7,2788.9,2400.4,1669.5,2705.1,1010.8,3052.4,993.4,2922.3,1354.0,4806.7,7190.7,5426.6,1778.7,160.5
2026-08-13 23:00:00,713.1,169.9,958.3,952.5,666.0,185.8,86.5,49.9,383.1,43.6,302.2,1509.4,2257.2,6577.4,1675.6,821.6,120.4,64.6,1129.3,989.3,492.1,243.7,5064.5,4688.5,2476.1,1088.5,4547.3,6002.3,2748.9,2602.9,1644.7,2706.8,986.6,2769.6,983.7,2447.4,1380.6,4910.5,7070.7,5431.0,1747.9,144.5
2026-08-13 23:15:00,702.0,152.4,943.3,927.8,654.4,179.1,86.9,49.9,384.3,34.7,277.8,1509.5,2294.4,6571.5,1670.2,817.1,119.1,68.5,1103.6,992.4,485.5,246.1,5019.5,4721.2,2436.1,1088.3,4529.7,5932.5,2742.2,2608.3,1637.7,2702.9,974.6,2715.0,980.2,2454.6,1367.2,4775.1,6984.1,5383.0,1726.3,145.8
2026-08-13 23:30:00,692.0,150.5,926.3,820.9,637.9,179.6,87.2,49.9,370.1,34.7,280.7,1513.5,2999.8,6831.7,1692.6,818.7,110.5,116.1,1103.8,1018.0,484.9,249.6,5000.5,4672.3,2403.4,1087.5,4520.0,5905.6,2726.9,2583.0,1636.6,2702.6,963.6,2694.7,973.4,2462.5,1347.5,4751.8,6900.5,5387.0,1712.3,143.3
2026-08-13 23:45:00,681.4,150.5,918.1,705.8,626.0,179.9,87.8,49.9,365.7,34.7,257.2,1509.6,3193.7,6381.9,1665.4,819.2,116.5,66.7,1104.7,1069.8,484.9,259.3,4955.8,4614.4,2359.5,1081.7,4498.6,5588.5,2718.5,2523.5,1633.0,2694.0,959.3,2694.2,966.4,2469.3,1323.1,4749.6,6818.0,5394.5,1692.5,149.6
2026-08-14 00:00:00,640.8,135.7,921.6,881.1,619.5,117.5,69.5,89.8,325.6,85.5,661.1,1443.1,2789.1,5596.5,1155.4,547.1,67.4,38.0,1238.4,1026.8,412.4,487.7,4869.6,4519.5,2268.1,1006.6,4188.2,4946.4,2633.9,2211.5,1601.1,2629.3,938.9,2877.5,972.9,2540.0,1292.5,5035.5,6718.2,5087.7,1598.1,109.4
2026-08-14 00:15:00,636.8,131.8,910.5,879.3,606.2,118.6,67.3,89.8,329.6,85.5,670.6,1442.9,2909.8,5150.7,1218.3,648.9,62.4,52.0,1217.2,1052.8,412.4,491.8,4842.9,4518.8,2240.4,996.8,4181.2,4645.1,2630.1,2189.3,1595.1,2631.4,931.5,2850.7,968.3,2538.1,1279.3,4995.2,6659.9,5087.8,1584.0,111.5
2026-08-14 00:30:00,638.7,130.7,897.5,878.0,601.3,120.5,66.6,89.7,320.4,85.5,648.4,1442.1,3493.4,5159.0,1241.0,700.4,62.5,75.5,1213.3,1082.3,412.1,499.0,4828.0,4487.3,2206.1,983.2,4165.0,4585.9,2619.0,2176.5,1591.9,2627.4,923.0,2826.2,966.1,2537.7,1268.7,5015.7,6609.7,5091.7,1581.4,112.7
2026-08-14 00:45:00,637.4,129.7,888.6,866.9,594.2,121.3,68.6,89.8,319.3,85.5,629.6,1441.5,3499.2,5187.2,1223.7,706.1,70.8,40.0,1212.5,1134.8,412.1,505.3,4802.6,4471.5,2177.6,976.9,4155.1,4306.1,2606.2,2182.7,1592.8,2621.3,911.6,2794.6,964.2,2536.9,1258.4,5035.8,6565.5,5031.9,1572.1,114.7
2026-08-14 01:00:00,625.3,129.4,875.7,669.5,589.1,121.7,86.5,13.3,337.4,44.7,578.5,1453.9,3357.2,5141.9,1222.8,706.1,57.2,66.8,1267.7,1142.0,414.8,525.3,4754.2,4437.1,2114.7,987.9,4085.8,4682.6,2613.0,2179.1,1564.2,2593.1,909.5,2750.6,957.1,2311.7,1249.4,5077.2,6456.4,5071.5,1517.9,113.3
2026-08-14 01:15:00,630.5,128.6,871.0,668.9,580.7,120.2,86.7,13.3,337.6,41.5,582.0,1450.2,3500.9,5046.4,1182.0,709.7,57.2,68.1,1264.7,1154.4,414.1,526.7,4751.7,4434.2,2089.7,986.1,4076.3,4452.1,2609.5,2182.2,1560.7,2587.2,901.8,2702.8,956.3,2311.3,1241.9,5083.2,6421.8,5036.2,1506.4,115.2
2026-08-14 01:30:00,630.0,128.1,866.2,668.7,577.7,117.3,86.4,13.3,339.6,41.5,595.3,1449.8,3546.5,5041.4,1174.4,700.7,57.2,69.3,1262.2,1177.3,413.7,533.6,4736.5,4439.7,2063.3,984.1,4067.3,4275.1,2608.0,2170.3,1558.6,2581.8,891.8,2685.8,955.2,2310.6,1236.6,5115.5,6379.6,5014.5,1499.6,116.6
2026-08-14 01:45:00,632.1,127.5,860.2,646.0,574.3,114.8,87.1,13.3,335.3,41.5,571.7,1450.0,3581.4,5020.9,1159.1,613.6,57.2,45.8,1258.1,1196.7,413.1,422.6,4738.0,4435.8,2038.5,980.4,4056.0,4217.0,2603.0,2162.2,1560.6,2582.6,869.6,2655.7,955.3,2310.3,1231.3,5125.1,6352.4,5011.3,1498.5,118.5
2026-08-14 02:00:00,615.1,127.3,858.0,630.0,566.7,111.0,71.1,15.3,332.8,2.0,490.4,1430.9,3468.7,5057.2,1127.1,528.1,78.3,70.5,1240.7,1212.3,402.9,547.2,4763.8,4435.1,1993.7,978.1,4111.4,4045.2,2614.3,2144.4,1541.0,2562.9,863.5,2672.2,954.0,2224.3,1290.9,5226.9,6406.9,5099.5,1480.0,117.4
2026-08-14 02:15:00,624.0,126.5,855.7,629.3,564.0,110.2,70.6,15.3,323.8,2.0,469.0,1431.0,3492.9,4984.6,1118.1,477.0,76.5,51.0,1213.9,1225.2,402.6,382.7,4766.5,4439.8,1979.3,977.5,4102.6,4023.8,2608.3,2140.3,1536.5,2557.6,841.7,2643.7,954.2,2223.8,1286.4,5230.4,6415.2,5103.8,1479.1,119.2
2026-08-14 02:30:00,625.8,125.7,855.8,604.4,560.3,109.7,69.7,15.3,326.0,2.0,457.6,1434.2,3532.5,4955.8,1098.4,474.2,76.7,51.3,1212.5,1227.1,398.9,304.3,4761.8,4447.0,1966.2,976.9,4092.3,4026.1,2605.6,2129.3,1535.5,2554.0,839.0,2639.4,954.3,2223.5,1282.8,5264.4,6391.5,5107.0,1472.9,120.5
2026-08-14 02:45:00,623.4,124.9,856.1,599.6,572.3,109.2,69.7,15.3,356.6,2.0,460.8,1434.7,3580.1,4912.6,1106.0,471.4,78.7,71.8,1210.1,1259.3,413.6,275.8,4769.2,4422.2,1952.5,974.1,4086.3,3911.3,2604.8,2122.1,1534.0,2550.0,836.5,2631.4,954.5,2222.9,1277.5,5269.3,6344.7,5102.5,1469.3,114.5
2026-08-14 03:00:00,649.2,133.2,866.1,595.8,561.5,109.0,70.0,16.3,375.2,1.5,451.0,1440.3,3397.2,4728.9,1088.2,466.2,54.1,76.5,1216.4,1238.2,413.2,277.9,4686.8,4328.6,1933.6,959.2,4057.2,3865.6,2615.3,2120.1,1523.7,2539.2,836.8,2648.8,956.2,2224.2,1276.1,5233.5,6307.4,5070.9,1472.9,117.5
2026-08-14 03:15:00,649.1,133.1,868.9,588.5,565.1,110.4,69.2,16.3,371.0,1.5,457.8,1439.0,3413.3,4659.8,1073.6,465.8,54.1,96.7,1214.8,1239.5,411.0,278.0,4688.2,4325.0,1924.5,957.4,4052.2,3768.0,2614.0,2102.6,1526.2,2546.0,836.1,2646.4,956.8,2223.2,1271.8,5232.5,6292.6,5066.0,1467.9,117.2
2026-08-14 03:30:00,648.7,132.7,875.6,611.6,569.3,113.1,68.2,16.4,371.8,1.5,447.6,1439.4,3477.4,4622.7,1060.9,462.5,54.1,97.2,1209.5,1239.2,407.6,277.6,4680.7,4331.1,1918.7,957.7,4047.8,3768.0,2611.1,2094.3,1521.8,2538.8,832.2,2642.6,957.2,2223.0,1269.4,5253.6,6288.8,5044.1,1470.3,116.6
2026-08-14 03:45:00,648.6,132.6,879.4,602.7,574.4,115.7,67.6,16.3,373.4,1.5,454.4,1439.4,3503.9,4583.6,1051.9,460.6,54.1,77.6,1214.5,1233.3,406.1,277.1,4686.6,4332.4,1910.7,957.7,4046.7,3770.9,2613.7,2097.6,1521.3,2536.9,830.6,2637.5,959.3,2222.8,1266.8,5253.7,6276.2,5041.0,1467.4,116.3
2026-08-14 04:00:00,620.4,124.6,892.7,457.5,584.1,208.7,66.5,45.4,376.0,1.0,490.2,1434.7,3495.0,4510.9,1018.8,458.7,58.5,37.3,1056.8,1180.7,398.9,279.7,4781.7,4343.1,1900.3,912.8,3798.0,3646.2,2619.0,2064.9,1511.8,2521.9,814.7,2738.4,960.6,2197.7,1271.9,5223.7,6199.9,5007.6,1467.9,119.4
2026-08-14 04:15:00,624.9,124.4,903.1,457.3,583.1,215.8,65.9,45.3,376.3,1.0,473.5,1433.6,3523.6,4481.5,1016.7,457.7,79.0,37.5,1055.2,1171.7,395.9,279.0,4799.1,4348.3,1900.6,943.5,3797.5,3751.3,2620.1,2063.0,1511.9,2520.3,817.0,2730.9,961.4,2197.8,1271.5,5230.4,6192.2,5010.6,1470.6,118.5
2026-08-14 04:30:00,631.4,125.0,913.6,465.7,593.4,216.4,65.5,45.4,375.1,1.0,479.4,1433.3,3492.4,4435.8,968.9,456.4,79.5,37.6,1050.7,1161.7,392.3,277.9,4826.8,4354.2,1899.0,946.6,3797.8,3909.9,2619.4,2055.7,1510.8,2517.4,813.2,2730.3,962.0,2199.6,1273.7,5240.2,6185.0,5016.0,1473.6,117.9
2026-08-14 04:45:00,637.0,126.5,932.7,465.6,601.8,219.8,65.9,45.3,338.1,1.0,474.3,1432.3,3530.6,4383.7,962.0,456.4,80.0,37.8,1047.9,1152.8,370.4,547.1,4851.7,4369.4,1901.7,948.3,3795.4,4024.0,2619.0,2057.4,1511.9,2517.2,812.9,2730.8,960.4,2200.7,1275.9,5252.5,6179.7,5022.4,1478.7,117.3
2026-08-14 05:00:00,664.7,133.1,979.2,579.3,631.1,286.4,45.7,28.8,339.3,9.0,480.0,1441.5,3580.7,4510.3,1009.4,467.1,99.8,88.4,1025.5,1143.8,370.0,298.2,5077.5,4535.1,1915.9,957.7,3975.3,3922.2,2618.1,2113.1,1516.9,2492.3,817.2,2682.3,962.3,2269.7,1285.2,5434.6,6236.2,4926.8,1496.2,107.2
2026-08-14 05:15:00,665.6,148.6,1002.8,592.2,632.7,300.8,46.0,28.8,345.4,9.0,475.4,1440.3,3594.3,4431.6,1012.2,470.0,75.1,107.2,1017.2,1142.4,367.6,539.6,5119.6,4554.1,1933.9,964.8,3987.6,4132.8,2624.9,2117.6,1521.4,2495.9,818.9,2691.4,965.8,2270.4,1295.0,5442.6,6284.6,4960.6,1509.3,106.7
2026-08-14 05:30:00,673.6,164.6,1016.3,642.6,642.7,318.6,45.2,28.8,355.1,9.0,476.8,1438.7,3378.2,4391.4,990.1,479.1,55.4,108.3,1018.1,1132.6,368.9,528.3,5158.4,4588.6,1951.0,967.3,3996.8,4403.4,2628.0,2149.0,1523.2,2491.3,836.2,2705.0,968.3,2269.3,1305.2,5460.5,6332.4,4975.8,1519.3,104.6
2026-08-14 05:45:00,677.5,161.5,1025.8,646.8,656.0,337.7,43.4,28.9,366.4,9.0,480.1,1438.1,2904.6,4376.2,994.1,481.7,55.7,111.7,1017.9,1124.1,370.5,523.8,5169.3,4601.4,1979.9,969.4,4007.1,4572.1,2635.0,2140.1,1527.0,2496.6,842.6,2731.6,973.3,2267.5,1317.6,5458.6,6333.8,5035.8,1548.6,103.3
2026-08-14 06:00:00,704.4,198.4,1037.5,898.1,682.3,298.8,42.7,48.1,375.3,11.7,466.2,1437.3,2990.2,4467.6,992.5,499.5,56.1,161.2,985.6,1064.4,399.6,539.0,5334.0,4593.9,2095.2,958.3,4190.8,5074.6,2674.8,2147.0,1559.4,2526.9,841.1,2860.6,1002.5,2283.3,1331.2,5641.4,6632.5,5180.5,1659.0,138.8
2026-08-14 06:15:00,710.9,204.9,1012.1,922.7,698.1,344.3,42.7,48.3,382.1,11.7,464.9,1436.9,2953.4,5205.1,996.0,503.9,56.4,183.8,996.0,1063.2,400.4,538.2,5360.9,4673.8,2148.4,973.2,4210.2,5427.0,2690.5,2140.0,1561.4,2534.2,851.4,2900.1,1012.3,2281.6,1349.8,5666.7,6727.1,5216.0,1705.5,138.7
2026-08-14 06:30:00,714.7,207.7,972.6,933.6,713.1,389.0,41.5,48.6,378.9,43.8,471.4,1443.4,2120.5,4642.8,964.8,518.2,76.6,184.1,1003.1,1065.9,400.6,531.1,5365.6,4711.9,2193.5,972.4,4242.8,5495.9,2710.8,2177.8,1572.0,2539.7,868.5,2938.7,1022.7,2279.6,1373.8,5701.3,6845.3,5235.4,1735.3,139.2
2026-08-14 06:45:00,711.3,212.2,923.0,932.9,730.1,418.6,42.0,49.0,396.8,44.9,480.0,1450.0,2365.0,4674.0,964.3,539.5,76.9,191.8,1009.8,1061.9,400.2,527.6,5378.0,4741.4,2247.8,971.5,4262.2,5535.7,2727.2,2186.4,1578.4,2545.2,882.0,2970.6,1028.0,2277.0,1390.5,5695.6,6953.3,5297.0,1777.4,164.0
2026-08-14 07:00:00,743.0,236.0,890.4,940.0,748.3,485.8,25.3,77.6,407.6,42.8,313.5,1440.3,2259.6,4539.2,1069.3,589.6,57.1,221.0,1116.3,1096.6,416.2,511.3,5448.2,4726.1,2384.8,1029.2,4229.7,5640.9,2779.7,2253.5,1628.5,2606.3,919.8,2994.2,1028.7,2377.5,1462.0,5765.4,7252.1,5413.9,1863.5,195.9
2026-08-14 07:15:00,749.3,247.5,842.5,934.8,764.4,539.4,26.5,78.8,412.6,43.8,321.8,1444.9,2287.3,4533.7,1061.4,594.5,78.3,224.0,1101.1,1083.7,413.3,496.9,5457.3,4742.8,2430.5,1027.1,4246.4,5554.5,2800.4,2281.2,1635.2,2607.7,935.9,3021.9,1037.0,2376.0,1474.0,5797.5,7334.7,5412.2,1889.9,200.0
2026-08-14 07:30:00,745.4,271.1,819.0,742.4,775.5,598.6,27.1,80.7,412.4,46.3,335.6,1453.2,2944.6,4388.4,1157.2,708.7,79.3,229.6,1105.2,1102.0,411.6,494.8,5481.0,4768.4,2465.8,1023.2,4262.9,5146.9,2809.9,2281.0,1641.8,2612.7,943.1,3135.5,1048.0,2375.3,1492.1,5781.6,7402.9,5369.1,1922.2,149.0
2026-08-14 07:45:00,738.6,302.5,802.9,761.2,781.2,650.6,26.8,84.2,402.8,50.8,348.9,1463.6,4172.6,4343.4,1262.7,886.3,105.4,231.3,1136.9,1135.1,414.6,495.9,5493.7,4789.2,2499.6,1012.6,4262.2,4710.8,2832.9,2288.3,1652.2,2622.7,951.0,3169.9,1055.7,2373.8,1486.4,5763.7,7470.0,5372.4,1941.0,153.2
2026-08-14 08:00:00,730.1,298.4,747.3,743.4,776.9,719.9,44.6,51.4,377.7,40.5,217.3,1420.7,3666.1,4581.9,1640.0,1060.6,0.0,297.3,1303.0,1125.9,430.4,503.4,5545.4,4626.9,2571.9,882.8,4382.4,5085.0,2867.2,2340.0,1692.4,2637.5,968.7,3151.0,1086.0,2686.3,1513.5,5676.7,7569.5,5362.2,1952.2,208.0
2026-08-14 08:15:00,724.0,335.1,703.1,755.1,765.3,765.2,41.7,52.6,355.1,12.0,228.6,1412.4,3868.0,4397.4,1688.7,1228.3,0.0,276.8,1290.4,1134.8,432.9,501.2,5537.4,4597.4,2599.7,872.7,4376.7,4721.0,2874.8,2367.4,1694.8,2634.4,975.9,3129.8,1093.2,2684.3,1519.1,5701.5,7599.3,5384.6,1961.9,159.0
2026-08-14 08:30:00,714.4,373.8,670.4,786.6,754.2,759.3,41.7,53.5,335.8,18.1,248.5,1429.9,4689.7,3926.5,1692.0,1280.1,0.0,256.8,1290.1,1152.0,483.6,267.9,5540.0,4616.4,2614.4,863.3,4381.8,4035.5,2876.4,2407.8,1697.2,2631.8,978.9,3083.3,1093.2,2682.2,1502.4,5650.3,7602.8,5375.5,1953.9,164.3
2026-08-14 08:45:00,710.6,395.2,634.8,819.4,744.1,814.3,41.8,54.6,315.0,24.7,271.4,1448.1,4848.1,3456.5,1664.1,1142.3,0.0,239.5,1307.7,991.1,501.6,278.5,5565.0,4615.6,2631.4,855.7,4567.9,3535.6,2884.5,2445.4,1700.8,2629.7,986.4,3046.8,1091.9,2680.2,1483.5,5627.3,7621.8,5257.9,1962.0,169.7
2026-08-14 09:00:00,715.0,401.9,593.6,681.7,753.2,761.3,138.0,58.2,260.6,42.0,404.1,1485.6,4581.0,3414.7,1508.1,1171.7,0.0,456.3,1382.6,1279.5,440.4,544.8,5517.4,4598.1,2672.0,999.2,4565.7,4109.1,2867.6,2481.7,1717.2,2635.4,983.4,2999.0,1087.2,2676.2,1493.5,5547.0,7543.9,5069.9,1921.3,168.6
2026-08-14 09:15:00,702.4,428.5,564.3,736.0,755.9,804.7,137.6,64.2,229.3,57.2,391.4,1504.7,4707.1,3305.3,1431.6,1262.7,0.0,457.3,1350.7,1244.1,490.1,294.9,5520.9,4629.5,2678.7,994.0,4604.6,3353.9,2872.9,2536.3,1725.7,2634.7,980.0,2872.8,1083.4,2674.7,1473.1,5504.5,7505.7,4990.5,1908.1,174.8
2026-08-14 09:30:00,703.9,443.7,542.6,777.9,761.5,851.2,137.8,65.1,200.7,76.3,397.4,1521.9,5719.4,3413.2,1412.2,1174.6,0.0,381.9,1349.0,1080.6,488.9,297.8,5530.2,4705.5,2687.7,908.0,4774.9,2949.9,2872.9,2530.7,1719.1,2625.5,982.5,2848.8,1081.1,2673.3,1472.5,5457.0,7495.9,5006.5,1886.6,182.7
2026-08-14 09:45:00,695.7,459.7,514.2,801.2,774.9,882.7,143.4,65.8,172.0,96.1,396.3,1542.8,6796.5,2961.1,1337.4,1080.9,0.0,374.7,1391.7,1135.2,484.9,291.5,5534.0,4709.0,2700.8,909.0,4767.6,2842.9,2880.7,2502.3,1721.4,2629.8,979.3,2856.8,1080.0,2673.0,1466.2,5409.8,7496.4,5017.5,1876.3,191.9
2026-08-14 10:00:00,680.3,490.2,483.7,769.8,774.8,928.5,198.4,77.7,142.2,146.0,386.4,1619.0,5785.4,3184.2,1198.7,1046.9,69.4,350.0,1478.0,1080.4,489.2,309.0,5504.2,4762.9,2726.1,921.2,4908.5,2858.7,2833.0,2431.8,1727.6,2618.5,972.5,2656.2,1076.9,2394.4,1435.6,5353.5,7454.9,4973.6,1880.8,170.5
2026-08-14 10:15:00,675.7,476.5,460.7,805.8,777.0,963.5,201.2,78.4,114.0,164.6,396.2,1642.3,6562.2,3235.2,1134.4,1117.8,80.3,374.9,1475.3,1022.5,485.4,297.6,5507.4,4746.1,2733.6,925.5,4916.9,2625.3,2861.6,2390.3,1730.7,2618.3,985.4,2653.5,1079.5,2394.3,1447.5,5324.2,7437.8,4991.3,1859.7,181.0
2026-08-14 10:30:00,674.7,483.1,442.0,842.7,776.2,982.9,203.6,79.0,90.0,172.2,401.8,1670.2,6823.7,3210.2,1108.9,1172.1,80.4,371.6,1475.0,1049.0,485.2,299.6,5504.6,4737.8,2740.7,932.0,4954.0,2420.8,2858.0,2319.9,1726.5,2608.3,983.2,2279.1,1083.8,2394.6,1447.5,5290.0,7410.0,5005.0,1839.8,191.8
2026-08-14 10:45:00,664.3,488.3,420.0,876.2,772.9,1001.1,208.8,72.3,89.5,189.9,402.7,1660.0,6934.5,3191.3,1057.3,1125.4,100.5,368.6,1551.5,1066.5,492.8,297.3,5513.7,4715.5,2745.5,924.9,4955.6,2348.9,2853.8,2253.6,1727.5,2602.6,977.9,1963.5,1090.5,2395.0,1448.9,5253.5,7406.6,4997.8,1815.6,200.7
2026-08-14 11:00:00,657.0,518.3,419.2,931.7,782.8,1027.4,143.1,60.7,99.9,218.7,387.8,1785.2,6559.3,3336.1,1130.5,1267.9,0.0,408.7,1596.8,1083.8,510.6,287.2,5527.4,4713.2,2760.1,857.8,4859.8,2397.9,2763.9,1964.6,1722.2,2576.8,971.1,1921.7,1083.9,2044.8,1446.2,5245.9,7336.1,5035.4,1795.9,218.2
2026-08-14 11:15:00,655.0,514.8,405.0,951.6,782.6,1031.5,144.3,56.0,98.6,238.5,388.9,1796.7,6713.1,3389.0,1100.3,1257.8,0.0,369.9,1603.0,1079.3,518.4,270.2,5521.5,4686.8,2763.5,849.4,4855.0,2389.5,2764.1,1895.2,1722.0,2573.1,964.3,1880.9,1090.3,2046.1,1449.5,5237.9,7312.6,5045.5,1775.8,227.9
2026-08-14 11:30:00,647.8,508.8,622.4,975.3,785.5,1034.0,144.7,56.5,98.4,243.8,408.5,1798.0,7243.5,3338.4,1056.8,1300.0,40.2,349.8,1594.7,1094.9,521.3,267.6,5491.1,4698.0,2764.1,853.5,4840.6,2388.8,2762.0,1892.1,1725.0,2579.1,964.7,1845.4,1093.3,2047.7,1444.2,5220.2,7280.2,5063.0,1753.8,235.6
2026-08-14 11:45:00,651.7,512.2,834.4,992.5,789.9,1028.1,145.8,55.6,97.9,280.4,420.8,1804.9,7306.6,3292.0,1061.3,1308.0,50.7,328.1,1614.8,1118.4,527.8,264.7,5525.5,4649.0,2763.9,856.2,4838.9,2387.8,2765.3,1892.9,1730.4,2590.7,965.3,1844.0,1094.2,2049.5,1433.2,5170.6,7250.3,5037.2,1731.0,238.2
2026-08-14 12:00:00,651.5,526.0,1091.5,990.6,796.4,1034.1,138.0,56.0,93.7,324.0,420.0,1815.2,7160.4,3516.0,977.9,1376.0,41.8,394.8,1479.4,1158.5,523.5,261.3,5602.4,4726.9,2767.4,898.4,4843.3,2465.7,2736.8,1692.4,1711.5,2586.6,959.8,1882.6,1094.3,1607.9,1418.6,4479.6,7187.2,5082.6,1686.6,255.0
2026-08-14 12:15:00,659.5,522.2,1092.2,999.9,801.1,1022.3,143.3,53.9,92.6,347.6,429.4,1784.9,7234.7,3462.6,959.9,1309.1,55.9,318.4,1509.5,1163.4,532.4,258.4,5605.2,4696.1,2764.6,899.9,4837.6,2464.9,2737.6,1688.2,1711.6,2588.8,958.8,1878.8,1093.6,1607.7,1406.7,4467.4,7166.6,5079.1,1666.3,259.6
2026-08-14 12:30:00,651.6,521.7,1094.0,1013.9,799.4,1017.2,148.9,54.0,91.9,333.9,492.5,1795.4,7308.9,3341.6,942.3,1330.7,53.1,287.8,1519.5,1181.8,534.9,257.8,5613.2,4706.4,2770.6,902.8,4835.2,2468.8,2742.0,1688.3,1709.3,2590.8,954.7,1868.7,1094.0,1609.9,1399.0,4444.3,7188.9,5090.8,1649.9,265.9
2026-08-14 12:45:00,653.2,516.4,1097.8,1024.7,797.9,1010.8,148.6,54.0,89.9,342.7,492.9,1799.3,7394.4,3279.7,937.8,1304.9,33.5,281.4,1517.0,1197.3,534.2,259.7,5601.4,4701.5,2772.2,904.1,4834.1,2472.0,2746.8,1687.7,1710.4,2592.1,951.7,1868.9,1093.4,1613.9,1394.0,4433.8,7164.7,5108.7,1639.9,269.5
2026-08-14 13:00:00,727.0,513.5,1102.2,1029.2,798.3,1005.3,133.9,103.1,96.6,352.1,558.7,1822.7,7355.1,3432.4,946.5,1336.6,54.5,307.3,1558.2,1219.3,532.9,260.2,5604.8,4721.2,2755.5,871.6,4765.7,2399.1,2738.9,1656.5,1703.9,2614.6,944.8,1863.1,1092.7,1571.1,1392.0,3872.2,7202.5,5298.8,1613.0,282.6
2026-08-14 13:15:00,724.4,516.3,1109.7,1031.0,797.7,981.2,133.8,100.7,97.2,348.7,541.6,1823.8,7359.1,3409.9,949.4,1325.2,52.8,365.3,1557.8,1231.2,533.7,262.9,5599.8,4721.0,2757.1,871.9,4771.9,2395.6,2740.1,1655.9,1702.0,2613.7,943.5,1873.0,1090.9,1573.7,1389.4,3861.9,7194.5,5295.7,1604.1,286.6
2026-08-14 13:30:00,722.7,510.0,1113.3,1031.3,797.4,960.0,133.5,100.5,96.6,344.9,558.6,1824.1,7364.0,3391.5,950.4,1332.4,51.8,370.2,1550.9,1234.5,536.2,265.7,5589.4,4729.7,2756.1,871.9,4769.4,2392.0,2736.5,1655.7,1702.3,2616.9,949.0,1876.1,1089.7,1575.8,1387.0,3850.9,7179.1,5312.6,1592.5,289.8
2026-08-14 13:45:00,727.6,499.0,1123.3,1027.4,792.9,942.9,133.4,100.3,95.8,346.4,535.7,1823.2,7382.6,3363.8,954.6,1314.0,54.9,365.2,1543.8,1207.0,524.0,270.0,5579.2,4739.0,2753.8,872.6,4763.2,2392.7,2738.3,1655.9,1700.6,2616.5,941.4,1858.3,1090.7,1577.4,1383.4,3839.4,7200.1,5326.9,1575.9,292.0
2026-08-14 14:00:00,755.1,495.9,1120.1,1033.8,780.2,901.1,137.8,161.2,83.1,360.0,299.8,1828.4,7404.1,3166.3,995.4,1299.2,79.3,324.0,1533.8,1137.8,526.7,280.0,5560.0,4770.7,2752.3,910.8,4817.6,2389.7,2745.3,1661.0,1698.6,2601.0,948.0,1865.4,1075.2,1663.1,1375.1,4248.7,7163.5,5372.2,1517.2,294.2
2026-08-14 14:15:00,759.0,484.0,1139.5,1016.4,778.8,871.2,139.7,158.0,81.1,357.6,282.9,1834.4,7339.0,3249.7,995.5,1300.6,87.6,325.9,1529.1,1232.9,523.5,287.7,5560.7,4781.0,2752.1,910.6,4820.3,2386.4,2745.4,1661.1,1704.6,2608.6,947.8,1869.6,1071.5,1664.6,1373.9,4239.3,7140.1,5378.3,1507.0,293.4
2026-08-14 14:30:00,768.4,489.3,1156.5,995.9,776.7,855.1,127.6,157.6,81.5,344.9,266.7,1812.6,7335.4,3296.2,1009.5,1288.9,87.7,330.8,1524.3,1224.4,527.8,280.5,5531.9,4843.1,2748.7,911.0,4819.5,2383.0,2740.2,1660.9,1699.8,2600.7,940.8,1860.4,1071.3,1664.3,1375.7,4253.6,7092.1,5398.2,1500.0,295.4
2026-08-14 14:45:00,769.1,476.7,1168.1,970.2,767.4,836.8,124.1,160.2,81.9,358.8,262.4,1813.9,7018.7,3299.4,992.9,1341.1,79.5,331.9,1466.7,1223.2,497.0,305.9,5504.2,4877.2,2751.7,910.9,4824.9,2380.2,2743.0,1662.3,1699.1,2598.5,942.9,1873.5,1069.8,1664.4,1380.4,4271.3,7065.0,5431.1,1494.3,302.5
2026-08-14 15:00:00,766.6,445.5,1146.7,958.5,735.3,735.4,84.4,144.4,88.2,352.2,450.5,1786.1,7261.0,3028.9,992.7,1280.0,164.8,241.2,1482.9,1246.7,462.4,336.1,5489.9,4911.5,2754.9,887.0,4774.3,2355.1,2772.5,1851.2,1708.4,2613.3,972.4,1900.9,1070.4,2106.2,1384.1,4939.5,6962.9,5291.0,1471.1,301.7
2026-08-14 15:15:00,771.9,437.6,1176.0,923.1,728.8,753.4,83.4,146.1,88.2,337.6,450.8,1780.7,6930.6,3042.6,994.0,1372.9,92.1,249.2,1450.8,1244.9,445.3,348.3,5460.3,5007.7,2753.4,886.8,4768.8,2350.1,2771.3,1851.4,1712.7,2611.9,974.9,1901.7,1070.7,2106.3,1393.7,4992.0,6963.4,5332.4,1470.5,300.2
2026-08-14 15:30:00,774.1,424.5,1199.4,888.3,733.8,723.2,84.2,145.6,88.6,323.3,450.3,1772.6,6702.0,3140.9,1013.3,1358.3,89.7,246.8,1444.3,1247.9,431.1,359.9,5454.7,5060.6,2757.3,889.2,4771.4,2344.1,2763.4,1854.5,1711.4,2610.7,978.8,1909.7,1070.0,2107.1,1401.3,5004.8,6966.3,5330.1,1473.6,306.1
2026-08-14 15:45:00,783.8,410.7,1227.3,834.5,737.2,679.4,84.9,149.8,88.2,310.9,432.6,1777.0,6507.3,3110.0,1042.4,1342.8,89.7,274.0,1443.4,1231.5,427.3,385.2,5432.1,5110.2,2758.1,889.2,4762.6,2390.4,2765.7,1962.7,1711.7,2621.5,971.3,2134.6,1070.6,2108.4,1398.1,4997.2,6968.6,5319.7,1469.8,305.5
2026-08-14 16:00:00,746.8,370.1,1060.6,718.8,746.0,618.9,48.7,96.2,95.9,286.4,221.6,1734.1,6305.1,2798.5,905.6,1276.1,84.7,230.9,1487.9,1206.0,444.3,386.4,5430.2,5155.9,2762.2,893.9,4831.9,2123.0,2815.1,2202.2,1678.7,2601.9,972.0,2138.3,1073.3,2095.2,1411.0,5028.7,6999.4,5283.1,1494.3,297.1
2026-08-14 16:15:00,763.1,352.4,886.6,665.7,758.0,573.0,49.1,105.0,95.9,282.4,214.2,1757.3,6268.4,2763.1,951.0,1259.3,84.7,220.6,1417.1,1198.1,435.8,389.0,5426.2,5177.4,2760.2,894.9,4838.4,2483.6,2815.3,2229.0,1674.5,2601.4,977.1,2423.9,1075.3,2095.5,1418.7,5032.8,7028.9,5268.8,1500.5,293.5
2026-08-14 16:30:00,765.3,333.3,703.7,595.7,767.0,532.9,45.8,104.2,96.7,276.3,220.1,1722.7,6279.7,2792.6,1040.5,1234.6,84.5,222.2,1426.9,1164.2,428.9,393.3,5421.9,5194.9,2755.2,895.8,4690.6,2783.0,2816.1,2245.2,1672.7,2602.8,971.6,2609.2,1078.5,2095.5,1427.0,5034.3,7073.8,5262.0,1520.3,289.2
2026-08-14 16:45:00,775.1,335.0,744.6,548.6,770.7,484.6,42.5,98.3,97.9,256.4,215.1,1728.6,5242.7,3283.9,1144.7,1201.1,64.6,219.8,1429.8,1224.9,433.6,436.8,5412.0,5316.1,2746.8,974.0,4596.8,3201.7,2816.3,2312.5,1679.5,2607.8,963.4,2619.7,1079.2,2096.2,1423.7,5048.3,7157.7,5252.7,1551.6,281.1
2026-08-14 17:00:00,753.6,286.4,721.9,471.5,775.8,434.3,90.3,130.4,116.4,196.5,253.3,1684.3,6532.9,2562.0,1362.2,1211.1,112.4,82.9,1438.6,1213.0,455.8,401.7,5440.1,5167.1,2714.4,803.4,4569.6,3236.7,2826.5,2359.9,1663.5,3476.5,976.7,2673.2,1082.3,2096.5,1443.7,4714.4,7196.0,5193.5,1556.2,285.2
2026-08-14 17:15:00,765.2,267.4,784.0,434.7,776.6,388.9,90.6,124.4,117.2,157.9,254.7,1663.1,5022.7,2603.8,1449.4,1362.5,131.3,84.5,1398.3,1385.1,464.2,411.2,5432.2,5261.2,2710.5,886.8,4494.1,3588.8,2826.8,2454.3,1662.7,3492.2,968.7,2592.8,1081.8,2097.6,1448.2,4759.3,7243.6,5210.9,1580.5,281.5
2026-08-14 17:30:00,766.5,249.5,865.2,608.4,778.7,350.8,90.3,123.2,128.6,125.3,275.4,1641.5,5026.4,2898.9,1497.6,1642.9,110.3,82.9,1407.8,1344.3,463.5,694.0,5428.5,5296.9,2704.2,898.0,4450.7,3812.0,2821.1,2445.8,1663.2,3501.0,972.0,2601.0,1081.0,2098.2,1450.6,4786.5,7268.8,5191.2,1616.6,275.3
2026-08-14 17:45:00,765.7,248.7,969.8,783.2,785.7,297.0,90.1,122.2,156.7,105.1,265.4,1623.3,4252.4,3096.8,1578.3,1844.8,147.0,83.6,1404.2,1398.3,464.5,713.9,5424.9,5333.2,2705.6,907.1,4458.6,4540.4,2821.0,2417.4,1663.1,3495.6,974.7,2659.4,1078.8,2097.7,1447.9,4761.1,7306.6,5167.5,1641.9,263.2
2026-08-14 18:00:00,772.5,208.2,1082.8,925.5,789.3,463.7,90.1,128.5,159.2,95.2,339.9,1542.1,5178.1,3167.3,1594.3,1706.0,198.3,28.3,1293.9,1319.4,484.0,669.6,5496.0,5221.1,2684.5,922.2,4413.4,4783.5,2823.2,2526.3,1635.6,3475.4,974.6,2649.1,1070.6,2196.3,1445.8,4598.7,7345.1,5241.9,1668.5,265.5
2026-08-14 18:15:00,771.8,205.8,1157.5,921.7,787.9,434.2,88.0,127.4,171.6,79.6,348.5,1523.2,3477.9,3184.6,1497.9,1559.9,175.0,29.2,1246.1,1285.3,484.6,669.8,5494.3,5223.7,2683.2,927.6,4418.1,5452.5,2821.7,2504.0,1630.1,3474.4,974.3,2667.6,1066.9,2195.2,1441.7,4570.6,7344.4,5424.9,1675.1,256.2
2026-08-14 18:30:00,773.8,207.8,1211.7,905.2,792.5,412.8,91.1,123.8,199.1,93.1,354.1,1502.2,3396.9,2992.8,1343.0,1273.7,204.7,28.9,1254.5,1230.8,495.0,662.6,5481.2,5259.5,2677.9,1007.6,4434.5,6155.5,2814.6,2469.2,1628.7,3471.9,982.5,2707.3,1062.1,2193.9,1445.8,4551.0,7365.4,5490.7,1691.7,252.9
2026-08-14 18:45:00,779.0,213.0,1253.8,891.2,795.9,380.6,92.3,142.1,236.2,85.9,349.6,1482.5,3399.6,2835.1,1419.1,1215.6,142.3,28.6,1268.6,1239.4,488.6,680.2,5462.0,5260.8,2671.9,1068.6,4443.2,6412.9,2817.8,2490.8,1638.1,3469.8,982.8,2732.0,1070.1,2192.2,1444.8,4516.9,7370.6,5468.5,1686.2,250.8
2026-08-14 19:00:00,779.0,213.0,1282.0,914.2,798.2,398.3,30.2,110.1,270.5,83.2,352.4,1496.2,3892.1,2864.2,1472.2,1106.2,86.7,27.9,1266.0,1207.9,521.8,642.9,5445.8,5395.7,2653.0,943.5,4719.1,6941.6,2819.6,2472.4,1626.8,3488.6,1026.7,2910.5,1065.2,2032.1,1450.0,4306.9,7402.7,5669.7,1681.3,255.1
2026-08-14 19:15:00,785.2,219.2,1304.1,912.8,805.4,395.9,28.1,110.8,300.7,83.3,345.6,1487.4,3610.3,2893.2,1685.8,1207.5,83.9,27.8,1233.4,1180.8,518.5,638.7,5432.7,5402.7,2643.0,944.9,4734.3,6935.2,2817.8,2414.2,1626.2,3495.7,1029.1,2918.8,1058.0,2029.8,1453.4,4290.5,7372.1,5693.6,1679.0,285.6
2026-08-14 19:30:00,799.2,233.2,1321.1,910.6,812.0,389.9,23.0,110.3,332.1,91.7,349.7,1489.7,3621.8,2999.8,1708.9,1203.8,72.6,27.7,1207.5,1149.4,512.6,695.0,5424.2,5447.8,2629.0,947.2,4747.3,6942.1,2810.3,2363.7,1643.3,3494.8,1028.9,2929.5,1051.7,2026.0,1451.2,4266.6,7360.1,5686.9,1666.7,306.3
2026-08-14 19:45:00,794.0,228.0,1328.5,908.0,819.1,384.4,17.4,125.9,349.9,95.7,323.3,1488.7,3574.6,2973.3,1780.5,1193.5,71.5,27.6,1187.4,1187.6,497.2,714.9,5400.2,5450.3,2618.1,949.6,4750.2,6965.1,2809.5,2347.6,1645.2,3483.5,1027.3,2946.4,1045.2,2023.4,1445.3,4229.2,7350.6,5663.7,1669.2,299.3
2026-08-14 20:00:00,786.3,220.3,1307.7,956.0,817.8,380.8,19.2,57.8,382.2,88.2,317.8,1546.7,3374.6,2975.7,1538.0,1092.3,133.3,47.8,1193.7,1129.2,522.3,696.5,5360.4,5630.4,2587.4,1039.4,4740.4,6776.0,2801.7,2470.0,1616.2,3495.3,1026.9,2859.3,1024.5,1730.7,1437.8,4133.0,7307.9,5544.0,1673.9,276.1
2026-08-14 20:15:00,784.8,392.4,1312.2,577.0,808.7,405.3,19.4,57.7,382.5,85.7,304.9,1535.2,3286.5,3039.8,1573.7,1062.9,120.0,47.7,1244.4,1081.0,514.4,695.8,5367.0,5642.2,2581.5,1051.4,4741.6,6857.0,2795.1,2406.4,1625.3,3495.7,1020.2,2927.5,1014.0,1729.3,1425.4,4109.8,7285.3,5558.9,1654.1,294.2
2026-08-14 20:30:00,783.1,287.4,1305.4,594.5,801.5,413.9,31.0,57.8,392.7,83.5,283.5,1531.8,3244.5,3137.0,1595.4,1056.0,128.7,47.7,1250.0,1065.9,523.2,695.8,5336.9,5642.2,2568.5,1054.5,4747.5,6829.5,2788.1,2348.4,1639.6,3480.4,1023.3,2924.9,1010.6,1728.5,1418.8,4077.3,7259.3,5541.6,1652.1,314.2
2026-08-14 20:45:00,782.3,371.0,1308.9,586.2,806.1,409.1,36.3,57.7,396.6,81.2,286.3,1531.9,3147.3,3102.9,1641.8,1043.5,127.2,47.7,1273.3,1051.5,518.4,638.2,5302.6,5643.8,2563.3,1043.6,4754.5,6796.9,2787.3,2345.7,1635.7,3437.8,1017.2,2892.2,1011.3,1727.5,1413.6,4070.2,7241.6,5560.3,1651.9,332.5
2026-08-14 21:00:00,785.7,295.7,1284.5,711.0,793.2,325.7,49.6,94.4,406.8,80.7,289.4,1469.0,3146.2,2895.9,1586.2,1065.4,124.9,66.3,1248.8,1041.6,479.8,664.3,5312.9,5800.6,2532.4,1077.4,4517.2,6373.6,2771.1,2406.6,1605.2,3512.2,1019.3,2853.1,1008.3,1644.7,1378.5,3870.6,7165.5,5514.0,1669.0,415.3
2026-08-14 21:15:00,775.1,285.1,1260.9,701.3,790.1,308.7,68.5,78.5,412.6,80.5,294.9,1468.2,2970.2,2943.3,1616.7,1041.2,157.9,64.4,1256.1,1026.9,480.4,668.6,5348.9,5846.6,2521.4,1077.5,4510.8,6363.6,2768.7,2389.0,1613.4,3512.8,1015.7,2852.2,1006.8,1643.9,1380.3,3880.2,7150.3,5442.4,1657.4,427.6
2026-08-14 21:30:00,762.3,272.3,1241.7,701.3,780.5,279.9,66.0,78.4,409.5,80.1,284.7,1456.6,2786.1,3010.9,1632.5,1038.6,123.6,64.4,1232.4,1032.0,478.3,696.1,5337.7,5888.5,2509.9,1077.5,4515.8,6360.9,2764.3,2399.2,1613.9,3513.1,1012.1,2838.8,1009.7,1642.8,1378.8,3887.8,7116.8,5395.4,1647.9,438.2
2026-08-14 21:45:00,756.2,223.9,1209.7,693.8,763.5,280.7,64.5,77.3,402.2,53.6,296.2,1457.3,2934.9,3062.5,1646.2,1031.5,131.6,64.5,1242.3,1026.6,474.0,702.3,5307.7,5866.0,2500.4,1078.4,4506.5,6352.2,2759.3,2346.6,1624.7,3500.9,1007.4,2853.2,1005.6,1641.8,1369.4,3864.7,7090.0,5302.3,1637.3,449.1
2026-08-14 22:00:00,731.9,239.9,1163.8,674.0,740.5,193.3,41.0,126.4,398.8,43.0,281.0,1475.2,2562.9,3095.1,1549.2,1045.6,148.8,80.5,1108.6,1030.7,450.7,761.5,5119.4,5936.3,2455.5,1067.3,4575.7,6179.9,2752.6,2474.0,1587.7,3507.1,988.1,2892.7,1000.0,1549.2,1365.5,3522.3,6934.3,5239.4,1599.2,399.0
2026-08-14 22:15:00,720.3,223.8,1137.3,650.3,728.5,183.0,39.7,113.4,399.4,42.8,256.6,1474.9,2789.7,3036.6,1546.0,1040.9,160.1,86.8,1081.1,1025.2,448.9,782.8,5114.1,5909.4,2435.8,1067.4,4563.9,6167.2,2748.1,2391.3,1597.4,3507.2,985.1,2918.8,994.1,1548.5,1355.3,3493.0,6875.6,5227.2,1576.6,408.1
2026-08-14 22:30:00,720.5,198.4,1111.0,643.5,720.3,180.9,36.5,115.9,395.0,42.8,267.1,1474.5,2859.4,3028.9,1546.8,1043.4,125.0,96.8,1077.5,1031.5,446.3,813.1,5060.7,5801.0,2412.2,1057.0,4555.8,6155.3,2741.8,2353.4,1598.0,3507.2,992.7,2938.2,994.7,1549.0,1344.1,3457.3,6831.0,5216.8,1555.5,415.0
2026-08-14 22:45:00,729.8,199.1,1085.8,635.0,724.3,176.8,34.8,115.9,388.3,42.9,258.2,1474.1,3080.4,3004.5,1515.9,1044.8,123.1,96.9,1071.7,1058.5,444.1,553.5,5009.7,5705.5,2390.3,1056.0,4539.4,6124.5,2743.5,2352.9,1596.9,3478.0,970.4,2913.3,990.9,1548.2,1332.3,3426.6,6774.6,5207.9,1538.3,422.3
2026-08-14 23:00:00,697.1,204.1,1053.5,379.8,665.3,204.2,42.2,80.1,357.5,39.5,255.4,1481.1,2626.7,3103.6,1407.6,978.5,64.8,116.3,1198.5,968.9,472.6,598.9,4842.2,6016.4,2321.4,1030.9,4348.2,5885.0,2718.7,2353.8,1559.7,3523.0,954.7,2929.9,984.6,1178.2,1319.1,3074.3,6709.6,5242.0,1528.4,445.9
2026-08-14 23:15:00,694.6,201.6,1039.6,386.1,653.6,203.9,41.7,80.0,351.1,23.8,241.0,1487.9,2576.1,3111.2,1381.1,979.5,63.6,135.9,1172.0,973.8,469.2,626.2,4819.1,5970.8,2291.7,1024.9,4331.7,5852.4,2715.8,2356.1,1559.1,3523.3,945.0,2911.9,984.1,1178.6,1308.4,3054.2,6648.0,5234.4,1507.8,448.3
2026-08-14 23:30:00,695.8,202.8,1022.1,389.8,640.1,204.2,39.7,82.5,341.8,5.2,239.5,1485.8,3089.9,3398.9,1387.4,977.7,42.4,135.7,1166.2,972.2,465.7,639.7,4778.1,5856.2,2268.2,1021.9,4323.2,5829.3,2712.5,2355.4,1567.2,3522.6,937.9,2897.7,981.5,1177.1,1298.4,3017.9,6568.6,5201.7,1483.3,457.2
2026-08-14 23:45:00,691.9,204.5,1005.9,392.9,630.4,190.9,42.3,82.5,333.0,5.5,234.7,1493.7,3100.5,3245.1,1361.6,966.6,61.2,123.7,1162.5,1003.0,462.3,653.9,4748.1,5751.4,2231.6,1018.5,4303.8,5741.6,2708.7,2358.4,1565.2,3484.3,936.8,2883.7,980.9,1175.6,1290.5,2994.2,6481.2,5194.3,1455.3,466.1
