date,EE_buy,EE_sell,LT_buy,LT_sell,LV_buy,LV_sell,AT_buy,AT_sell,BE_buy,BE_sell,FR_buy,FR_sell,GER_buy,GER_sell,NL_buy,NL_sell,PL_buy,PL_sell,DK1_buy,DK1_sell,DK2_buy,DK2_sell,FI_buy,FI_sell,NO1_buy,NO1_sell,NO2_buy,NO2_sell,NO3_buy,NO3_sell,NO4_buy,NO4_sell,NO5_buy,NO5_sell,SE1_buy,SE1_sell,SE2_buy,SE2_sell,SE3_buy,SE3_sell,SE4_buy,SE4_sell
2026-09-28 00:00:00,729.4,262.9,966.1,313.8,662.2,262.0,64.0,56.5,279.3,28.5,97.8,1291.9,3498.6,4474.4,1206.2,1128.4,46.1,45.2,1518.6,2296.4,447.1,1175.7,4912.1,4585.8,2602.8,1674.6,4292.5,4256.7,2443.8,2432.4,1748.2,1872.6,996.9,2993.0,975.3,2306.4,1326.4,4952.8,7061.7,4995.0,1428.6,758.0
2026-09-28 00:15:00,733.3,261.1,956.4,336.3,665.6,261.4,64.0,55.0,274.3,32.8,89.4,1292.4,3747.3,4190.5,1263.8,1174.2,45.6,45.2,1530.2,2223.6,447.7,1166.7,4909.0,4597.3,2573.2,1674.6,4278.7,4314.3,2437.4,2436.7,1745.6,1712.8,990.0,2979.9,970.7,2314.1,1329.4,5008.5,7029.9,4992.6,1422.0,760.9
2026-09-28 00:30:00,754.6,259.0,948.0,350.5,661.2,260.6,64.1,54.5,308.1,34.7,94.0,1313.1,4050.1,4089.1,1255.8,1178.3,45.2,45.2,1538.4,2158.4,454.1,1168.6,4927.9,4597.4,2538.0,1669.3,4263.5,4307.6,2426.4,2464.7,1743.3,1664.2,985.3,2949.6,973.1,2327.0,1330.5,5015.2,7018.7,4998.6,1417.1,749.8
2026-09-28 00:45:00,749.1,257.1,942.4,344.7,649.5,260.7,64.0,53.8,338.8,39.2,77.3,1311.8,4076.9,3938.8,1256.8,1187.3,44.9,45.2,1544.7,2080.1,475.9,1138.1,4913.7,4601.8,2516.1,1670.6,4246.2,4341.2,2418.1,2461.7,1740.4,1631.6,975.6,2932.6,967.6,2342.4,1328.4,4940.3,6971.2,4979.4,1404.4,730.7
2026-09-28 01:00:00,755.0,255.2,965.4,352.1,667.7,261.8,64.0,47.5,377.3,11.8,63.7,1322.3,3279.4,3826.9,1230.5,1142.9,29.4,106.8,1520.2,1976.6,438.4,1147.7,4892.6,4587.6,2462.6,1688.6,4136.8,4278.2,2396.1,2460.3,1717.7,1616.7,962.3,2852.8,965.8,2252.2,1365.7,5044.0,6954.5,5012.8,1395.4,716.8
2026-09-28 01:15:00,750.6,253.9,963.0,341.6,659.9,259.0,64.0,46.6,377.4,9.4,59.7,1336.3,3285.7,3706.9,1202.8,1121.5,28.8,106.8,1523.5,1900.9,439.8,1145.2,4876.4,4592.0,2440.4,1686.1,4122.5,4266.9,2391.5,2448.9,1716.6,1615.0,951.7,2827.5,960.0,2272.3,1365.7,4962.2,6940.1,5026.2,1390.6,714.2
2026-09-28 01:30:00,748.6,252.5,958.8,339.3,662.8,259.4,64.0,46.6,381.3,8.6,60.4,1340.7,3302.7,3637.6,1214.1,1107.9,8.4,106.8,1528.4,1855.5,442.6,1142.7,4834.9,4545.8,2420.4,1688.2,4115.3,4294.0,2387.6,2446.8,1720.9,1617.1,948.2,2800.6,957.0,2290.5,1364.8,4980.8,6910.0,5040.2,1387.3,702.2
2026-09-28 01:45:00,748.5,251.4,955.4,364.1,688.6,258.0,64.2,46.7,381.7,9.0,57.9,1341.1,3307.9,3523.9,1203.2,1102.9,7.9,106.9,1522.4,1817.6,441.8,1143.5,4819.2,4563.4,2405.2,1693.3,4101.2,4265.2,2383.5,2444.7,1728.7,1618.8,938.4,2772.2,955.5,2306.0,1362.4,4975.2,6918.1,5053.2,1386.7,693.9
2026-09-28 02:00:00,750.6,250.4,1013.3,349.0,666.8,313.3,37.2,36.4,384.9,8.3,149.7,1352.5,3398.2,3433.8,1174.5,1083.5,4.5,106.5,1272.0,1579.0,432.4,1202.3,4823.4,4568.0,2372.9,1709.1,4181.4,4320.3,2367.0,2423.5,1707.9,1636.9,933.6,2752.2,952.1,2300.3,1360.1,4898.7,7103.8,5162.7,1441.6,687.1
2026-09-28 02:15:00,745.5,249.2,1010.8,342.4,666.0,312.7,37.0,36.4,382.8,6.8,144.1,1350.5,3420.4,3367.8,1184.9,1077.0,5.0,106.5,1269.6,1540.2,432.8,1198.2,4823.5,4575.3,2359.5,1709.0,4172.5,4309.1,2364.7,2433.8,1706.5,1637.5,931.0,2728.8,946.4,2319.7,1358.7,4913.3,7050.3,5161.8,1442.3,674.7
2026-09-28 02:30:00,742.2,248.5,1006.6,337.1,666.9,312.1,37.0,36.4,388.7,9.3,143.1,1358.0,3387.3,3252.2,1186.8,1068.0,3.5,106.5,1269.4,1506.0,430.8,1187.0,4864.6,4582.6,2350.5,1711.6,4165.4,4292.2,2360.5,2439.6,1705.5,1637.0,927.6,2710.1,945.3,2339.0,1356.3,4903.2,7031.9,5180.5,1435.2,675.6
2026-09-28 02:45:00,740.8,247.4,1007.1,337.9,666.9,311.5,37.0,36.6,390.3,9.7,134.6,1362.3,3625.6,3169.0,1209.3,1069.7,0.6,123.2,1269.3,1493.5,428.5,1190.9,4875.6,4605.0,2342.1,1710.6,4161.1,4288.7,2358.7,2446.4,1705.4,1638.1,925.6,2696.3,945.9,2364.5,1356.1,4824.1,7009.5,5183.0,1439.8,672.0
2026-09-28 03:00:00,828.6,246.6,1003.9,359.4,655.8,364.3,61.0,45.7,389.6,10.6,140.3,1367.9,3226.4,3083.6,1208.5,1054.1,0.1,133.5,1143.6,1537.3,423.5,1308.5,4874.1,4596.1,2323.9,1709.2,4110.3,4323.4,2350.0,2476.9,1701.1,1633.6,917.4,2683.3,945.1,2360.1,1355.0,4773.1,6976.4,5134.0,1396.4,663.2
2026-09-28 03:15:00,828.2,247.0,1007.4,340.4,635.5,365.7,61.1,45.9,384.0,13.6,122.6,1369.0,3232.6,3027.6,1177.7,1045.3,0.0,133.5,1142.4,1516.5,419.9,1295.4,4868.1,4580.6,2319.0,1707.0,4108.2,4333.3,2350.4,2481.8,1698.9,1626.3,915.8,2675.2,958.7,2367.2,1355.0,4720.7,6947.7,5122.4,1401.8,660.1
2026-09-28 03:30:00,830.5,247.2,1013.6,350.0,638.1,367.0,61.0,45.9,387.9,13.8,122.8,1371.8,3235.9,2931.9,1203.7,1040.6,0.0,133.3,1140.8,1497.4,416.3,1292.6,4887.1,4587.7,2315.0,1706.9,4103.8,4388.9,2350.0,2485.1,1698.8,1625.7,915.6,2664.7,958.7,2339.1,1353.7,4728.3,6931.7,5104.5,1401.8,659.5
2026-09-28 03:45:00,830.7,248.6,1021.8,359.0,643.6,370.5,61.0,46.7,391.8,16.4,118.1,1372.6,3236.2,2893.8,1194.2,1039.7,0.0,140.5,1136.6,1477.7,412.7,1287.9,4970.5,4608.1,2314.1,1704.7,4104.6,4632.6,2349.9,2488.3,1699.8,1626.5,911.6,2642.9,960.4,2348.4,1352.7,4724.2,6925.4,5103.0,1408.8,655.6
2026-09-28 04:00:00,849.3,249.8,966.1,318.0,727.2,457.8,56.3,1.7,410.8,10.3,163.0,1365.8,3223.4,2965.3,1172.2,992.7,0.0,157.9,1038.0,1492.6,411.4,1424.8,5031.3,4599.0,2312.7,1680.2,4151.4,4547.4,2350.9,2508.1,1702.2,1639.1,904.7,2662.5,964.5,2361.9,1353.9,4746.0,6816.8,5028.7,1403.5,657.0
2026-09-28 04:15:00,857.4,250.9,984.1,348.7,734.1,459.0,56.3,1.5,346.6,5.5,142.4,1367.4,3223.7,2874.5,1187.9,985.9,0.0,157.2,1033.3,1490.2,401.8,1411.4,5106.3,4591.0,2315.1,1691.1,4154.9,4733.8,2354.2,2505.1,1708.9,1641.6,902.9,2644.4,964.1,2386.7,1356.6,4756.0,6819.0,5022.9,1411.2,658.3
2026-09-28 04:30:00,848.2,251.8,1010.7,359.6,730.5,461.0,56.2,1.6,350.4,8.5,150.1,1371.3,3229.5,3014.0,1148.1,982.5,0.0,136.9,1025.3,1481.5,398.1,1399.9,5170.1,4613.5,2322.1,1680.8,4160.1,4745.3,2355.8,2502.7,1702.6,1644.7,899.5,2659.5,968.2,2410.0,1359.7,4755.1,6830.3,5020.5,1422.4,658.1
2026-09-28 04:45:00,796.9,252.5,1055.2,364.6,742.9,460.9,56.2,2.8,361.3,13.3,140.5,1371.9,3238.0,3259.5,1128.6,981.6,0.0,136.1,1024.1,1630.5,398.8,1404.3,5187.0,4637.3,2327.8,1691.8,4167.8,4758.1,2356.4,2499.2,1703.1,1648.2,898.5,2658.1,969.5,2431.1,1366.0,4812.2,6853.3,5021.2,1433.0,664.4
2026-09-28 05:00:00,817.6,253.7,1144.7,409.1,729.4,547.8,22.1,6.3,364.8,15.4,117.3,1344.3,3352.4,3228.6,1138.8,968.7,0.1,131.9,978.1,1638.6,414.1,1377.8,5522.5,4668.1,2366.4,1666.1,4237.7,4713.4,2371.7,2510.8,1714.4,1651.7,909.1,2766.0,981.7,2473.9,1378.0,4924.1,6924.4,5048.2,1462.6,653.5
2026-09-28 05:15:00,823.6,254.9,1200.6,443.5,740.2,551.0,22.0,6.9,346.7,16.0,102.3,1343.2,3361.6,3188.5,1126.0,964.9,0.0,132.2,983.3,1635.1,412.3,1358.1,5590.8,4684.5,2404.1,1681.1,4273.4,4756.7,2380.9,2505.3,1720.4,1654.5,911.9,2806.8,987.4,2490.1,1391.0,4942.4,6991.9,5081.3,1487.0,665.1
2026-09-28 05:30:00,854.5,256.3,1243.5,648.5,771.2,550.7,22.0,7.9,361.0,14.0,106.5,1337.8,3367.4,3200.7,1087.6,967.4,5.6,120.2,985.8,1617.0,415.5,1331.5,5650.9,4767.9,2443.2,1672.0,4316.2,4810.3,2388.0,2503.6,1722.5,1655.0,920.2,2872.1,984.4,2584.2,1402.8,4964.2,7105.1,5076.3,1522.8,668.3
2026-09-28 05:45:00,855.5,317.8,1273.2,670.5,773.0,551.1,22.0,10.2,373.9,15.6,105.5,1345.0,3367.7,3653.5,1098.4,974.9,5.2,130.6,982.0,1608.4,420.0,1318.6,5694.0,4803.7,2489.1,1682.0,4362.5,4865.9,2404.1,2491.7,1720.1,1663.6,929.1,2936.1,998.0,2605.4,1412.3,4917.7,7196.9,5132.8,1561.1,673.5
2026-09-28 06:00:00,895.8,258.6,1317.1,641.1,819.4,618.6,44.1,5.4,390.1,32.0,96.6,1339.2,3638.7,3368.2,1189.1,1045.7,9.4,79.4,1093.3,1872.5,450.8,1323.8,5799.9,4877.9,2635.3,1735.2,4506.8,4992.4,2448.1,2519.9,1766.3,1669.1,932.6,3084.6,1025.3,2594.8,1512.2,5424.8,7693.2,4767.8,1658.4,680.7
2026-09-28 06:15:00,892.6,259.4,1338.5,670.5,835.2,622.4,44.0,11.7,390.1,38.7,103.2,1345.3,2148.3,3523.4,1207.0,1062.3,5.0,85.5,1094.1,1864.8,453.3,1300.2,5841.2,4908.8,2715.0,1790.9,4475.6,4968.5,2473.6,2535.3,1776.7,1671.1,969.7,3151.3,1043.5,2610.7,1526.8,5482.2,7802.6,4918.5,1710.3,671.6
2026-09-28 06:30:00,900.1,261.7,1345.1,686.3,848.0,631.2,44.0,13.8,408.8,116.6,118.9,1329.6,2169.2,3484.8,1193.9,1051.5,5.1,101.4,1109.7,1844.0,461.3,1282.5,5874.0,4918.1,2793.0,1789.7,4535.7,5000.7,2490.9,2543.6,1787.7,1675.8,970.5,3231.1,1054.6,2631.5,1544.8,5518.7,7964.9,4983.0,1760.9,661.5
2026-09-28 06:45:00,905.8,267.5,1346.5,682.3,855.7,644.2,44.0,23.2,433.7,123.0,125.7,1362.1,2191.4,3624.2,1220.7,1102.4,5.2,96.4,1126.2,1829.7,465.3,1263.8,5897.6,5033.2,2873.1,1808.1,4579.9,4812.2,2516.5,2518.1,1795.9,1680.6,983.9,3347.4,1065.4,2651.2,1564.2,5374.5,8082.9,5074.8,1814.3,653.0
2026-09-28 07:00:00,879.4,367.2,1357.8,619.4,871.3,629.0,12.0,48.4,459.8,115.5,131.4,1363.3,2362.9,3423.7,1319.3,1098.8,109.8,72.8,1243.5,1838.1,525.7,1185.1,5985.2,5014.4,3072.1,1833.7,4584.3,4569.8,2572.8,2488.4,1852.7,2118.2,1028.8,3619.9,1079.3,2701.3,1587.4,5212.8,8377.0,5216.5,1889.9,679.9
2026-09-28 07:15:00,889.0,324.0,1348.4,634.0,884.8,662.7,12.0,50.5,476.5,117.3,125.5,1383.7,2389.6,3458.9,1358.2,1104.3,109.6,87.9,1244.1,1838.8,524.5,1179.1,6011.8,5037.1,3135.0,1843.5,4625.8,4616.6,2594.7,2486.2,1862.5,2265.3,1045.7,3685.7,1084.7,2716.3,1602.0,5106.4,8461.9,5318.5,1916.5,700.1
2026-09-28 07:30:00,899.6,351.7,1308.8,635.3,900.4,702.3,12.0,51.1,493.8,117.2,143.8,1373.4,2404.4,3576.5,1399.2,1121.1,109.6,107.0,1249.7,1814.5,528.9,1155.1,6034.4,5041.1,3180.8,1833.5,4650.7,4416.5,2608.1,2488.4,1873.0,1994.5,1060.2,3760.6,1086.2,2726.8,1614.1,5413.1,8529.6,5214.9,1942.3,693.2
2026-09-28 07:45:00,893.4,374.6,1256.6,660.5,906.4,732.2,12.1,51.5,510.2,116.8,144.8,1375.3,2435.5,3654.1,1437.6,1144.5,109.3,101.0,1266.3,1786.2,545.3,1124.7,6045.0,5052.7,3217.9,1843.3,4666.8,4223.8,2624.9,2487.7,1880.1,2124.2,1072.1,3792.2,1091.7,2733.5,1625.1,5236.0,8587.0,5199.6,1942.9,648.3
2026-09-28 08:00:00,878.2,420.6,1171.7,673.6,907.4,659.7,8.1,30.6,543.5,112.3,184.8,1310.1,2622.8,3574.7,1761.1,1272.4,4.6,190.3,1294.7,1574.8,534.2,1105.0,6054.4,5014.5,3289.8,1846.0,4622.5,4055.0,2653.6,2320.7,1909.1,2520.6,1096.7,3833.5,1087.4,2795.6,1631.2,5280.1,8633.8,5018.7,1944.1,678.5
2026-09-28 08:15:00,868.2,431.0,1104.8,697.5,911.6,673.1,8.0,30.7,549.4,111.3,191.2,1313.2,2644.0,3565.0,1776.2,1149.3,5.6,276.4,1312.6,1496.2,537.0,1043.3,6056.4,5020.0,3304.2,1886.7,4630.8,4062.6,2671.8,2326.2,1912.2,2540.3,1109.2,3828.7,1080.3,2797.4,1634.3,5167.7,8631.0,4993.7,1943.3,666.5
2026-09-28 08:30:00,864.2,459.3,1011.6,506.0,900.4,724.1,8.0,26.2,554.5,111.4,198.0,1320.1,2653.8,3458.5,1755.9,1172.0,6.5,272.1,1313.2,1443.6,541.2,1013.5,6044.4,5010.6,3311.9,1897.4,4705.6,4142.4,2673.8,2316.2,1914.8,2634.9,1111.8,3831.8,1091.3,2799.7,1633.3,5122.2,8624.9,4942.4,1942.5,628.6
2026-09-28 08:45:00,846.0,492.1,882.1,542.4,890.4,756.8,8.0,26.1,549.8,106.7,201.8,1310.6,2729.0,3476.8,1731.8,1129.1,33.6,264.2,1346.7,1363.9,566.0,989.0,6038.1,5004.7,3314.2,1907.4,4705.1,4146.8,2680.5,2308.3,1916.4,2667.3,1118.5,3836.5,1097.9,2798.7,1628.6,4872.5,8620.3,4921.4,1936.7,610.5
2026-09-28 09:00:00,871.5,528.8,818.1,575.9,878.9,681.9,26.0,37.1,528.7,115.4,201.1,1340.3,2848.4,3901.3,1753.1,1321.5,122.0,308.5,1491.6,1338.2,551.9,956.1,5870.3,4971.0,3320.6,1886.7,4765.5,4071.2,2686.1,2251.2,1919.8,2347.8,1118.3,3887.1,1104.0,2706.2,1517.7,5045.2,8535.8,4780.2,1917.7,587.1
2026-09-28 09:15:00,857.4,561.8,760.1,571.3,873.9,709.9,26.0,36.2,516.1,121.3,200.4,1346.6,2904.1,3720.6,1838.0,1407.2,142.3,313.2,1493.9,1296.3,555.9,919.5,5854.8,4944.6,3315.3,1886.3,4838.7,4145.5,2690.6,2238.8,1918.6,2338.7,1115.2,3889.4,1104.2,2704.4,1511.8,4963.4,8513.1,4758.0,1904.5,575.4
2026-09-28 09:30:00,844.1,591.4,718.9,581.2,868.7,705.7,26.2,37.1,499.5,120.2,195.7,1347.7,3534.2,3569.0,1928.3,1467.0,127.8,317.9,1506.7,1271.8,544.4,892.0,5835.8,4893.6,3311.2,1884.4,4834.5,4141.5,2680.9,2225.7,1933.3,2355.3,1119.4,3893.4,1104.4,2703.3,1510.3,4921.9,8498.7,4746.2,1890.4,561.1
2026-09-28 09:45:00,827.4,618.7,674.7,584.4,861.2,687.2,26.3,37.3,485.0,59.2,192.8,1359.9,4347.7,3406.0,1902.5,1487.1,130.7,338.2,1515.6,1211.5,574.2,872.5,5829.1,4890.5,3308.2,1884.2,4818.9,4127.2,2676.8,2200.3,1934.6,2385.3,1117.8,3900.1,1103.8,2702.7,1513.7,4915.0,8554.6,4733.9,1883.2,546.2
2026-09-28 10:00:00,822.6,652.8,811.6,571.3,860.7,645.6,70.1,15.9,458.5,58.8,220.0,1344.2,3877.7,3703.2,1822.5,1498.1,142.2,313.2,1478.3,1262.2,541.1,866.2,5711.0,4698.9,3306.8,1881.7,4945.7,4049.7,2678.2,2030.5,1784.1,2679.9,1118.8,3943.3,1094.5,2699.9,1517.6,5004.7,8452.9,4724.4,1867.9,486.4
2026-09-28 10:15:00,816.1,599.6,761.4,582.6,851.6,660.5,70.0,16.8,443.3,57.4,204.1,1360.6,4446.9,3310.5,1802.7,1491.7,142.2,315.5,1504.9,1205.3,543.4,835.3,5685.9,4717.1,3302.1,1881.6,4943.3,4041.7,2676.2,2025.5,1800.5,2595.1,1120.2,3946.1,1107.1,2698.8,1519.4,5070.6,8431.5,4676.5,1858.4,484.2
2026-09-28 10:30:00,800.0,627.7,957.7,583.0,841.9,660.8,71.5,18.1,426.7,64.1,182.2,1355.2,4458.8,3371.7,1809.3,1516.7,143.2,294.2,1516.3,1150.7,540.5,821.5,5661.7,4752.5,3296.0,1879.3,4931.2,3847.5,2672.3,2019.5,1791.9,2513.7,1115.5,3943.0,1088.7,2705.0,1519.2,5155.2,8403.3,4660.0,1854.8,483.2
2026-09-28 10:45:00,785.8,611.6,943.7,611.3,852.9,671.0,71.5,19.8,417.4,50.1,190.9,1363.4,4666.9,3086.1,1762.0,1398.4,143.2,244.7,1527.1,1120.2,541.8,806.9,5634.2,4759.7,3291.1,1835.0,5005.2,3476.7,2674.1,2027.0,1789.7,2503.3,1109.5,3966.7,1107.6,2648.0,1515.7,5164.9,8405.4,4644.7,1845.4,471.4
2026-09-28 11:00:00,746.0,627.9,1009.1,625.7,811.7,678.3,64.6,30.5,419.0,24.3,210.3,1340.5,6085.1,4594.0,1826.4,1234.1,182.5,163.6,1638.3,1131.8,548.2,776.6,5549.3,4857.2,3292.1,1725.8,4961.3,3225.8,2662.7,1914.5,1838.4,2766.9,1096.0,3848.9,1109.3,2669.9,1508.6,4772.4,8422.4,4551.1,1872.0,474.5
2026-09-28 11:15:00,740.2,621.1,996.2,600.9,851.4,683.4,65.6,31.6,460.2,22.4,190.8,1351.2,6152.2,3263.3,1793.6,1182.9,181.6,144.2,1615.2,1124.9,540.5,776.5,5548.2,4884.3,3283.4,1724.6,4910.0,3104.1,2661.8,1923.2,1838.8,2787.5,1102.8,3681.2,1107.9,2643.5,1504.5,4761.9,8442.0,4538.8,1865.4,482.0
2026-09-28 11:30:00,741.9,621.9,978.3,600.2,850.6,686.8,67.2,33.0,367.2,38.5,201.9,1370.2,6220.9,3266.9,1775.7,1207.8,180.7,210.1,1617.6,1107.7,578.7,712.4,5537.9,4927.6,3278.0,1716.2,4945.0,3021.5,2658.9,1922.3,1841.3,2789.3,1101.0,3665.8,1107.3,2649.6,1503.7,4774.5,8434.6,4493.1,1858.9,476.5
2026-09-28 11:45:00,757.7,620.8,977.0,616.8,847.9,670.0,77.6,29.1,365.6,41.3,210.4,1375.8,6320.1,3307.0,1731.6,1219.5,179.8,238.0,1610.1,1123.9,581.9,713.7,5532.5,4933.0,3277.3,1716.0,4933.5,2944.8,2659.8,1931.3,1838.5,2790.2,1118.1,3613.0,1106.6,2651.0,1505.4,4804.1,8467.0,4479.4,1852.8,483.1
2026-09-28 12:00:00,833.7,620.0,981.9,630.6,922.4,602.5,51.3,24.5,330.9,57.3,258.9,1408.6,6177.9,3388.2,1687.1,1252.7,56.0,367.0,1614.2,1044.1,563.7,706.8,5558.1,4923.6,3275.2,1704.0,4867.4,2951.4,2654.0,1973.1,1896.1,2865.7,1108.4,3289.5,1106.2,2446.9,1538.9,4798.9,8379.5,4428.8,1805.3,490.7
2026-09-28 12:15:00,848.1,615.6,984.0,623.7,927.7,609.3,52.5,24.5,366.7,39.4,275.5,1414.5,6261.9,3319.2,1692.1,1264.6,55.3,362.0,1605.6,1018.9,568.4,700.2,5579.9,4948.0,3272.6,1687.8,4857.4,2857.9,2654.0,1988.3,1895.3,2868.0,1108.4,3190.0,1107.4,2432.4,1539.6,4827.5,8392.1,4414.3,1792.6,485.8
2026-09-28 12:30:00,840.8,604.2,986.4,619.8,931.7,614.9,68.6,24.6,363.2,40.0,266.3,1423.9,6280.3,3317.6,1668.5,1258.3,54.6,375.0,1610.3,1021.2,572.7,689.5,5575.6,4994.6,3269.5,1683.0,4853.7,2864.3,2650.4,1979.0,1889.3,2868.5,1105.4,3184.2,1104.8,2390.1,1537.1,4811.3,8400.6,4401.5,1798.2,484.2
2026-09-28 12:45:00,839.7,600.2,993.8,610.4,935.0,613.3,68.5,25.0,369.8,30.8,251.5,1429.6,6279.4,3303.7,1673.9,1270.5,53.7,361.9,1611.8,1011.1,573.3,680.0,5513.2,5037.4,3266.9,1637.4,4843.9,2853.0,2649.1,1987.9,1895.1,2874.0,1098.7,3114.9,1105.3,2343.9,1530.7,4767.9,8393.4,4356.1,1798.4,478.2
2026-09-28 13:00:00,784.8,603.1,994.8,591.6,914.3,609.7,69.5,15.3,391.9,9.3,300.3,1429.0,6278.4,3283.7,1637.5,1265.5,178.4,295.4,1591.9,959.2,574.0,664.6,5421.8,5170.9,3257.9,1618.9,4800.7,2848.0,2651.6,1982.8,1837.0,2831.4,1092.3,3128.7,1098.3,2422.4,1598.1,4836.5,8531.0,4453.8,1815.2,398.7
2026-09-28 13:15:00,788.6,598.0,990.2,569.6,919.5,602.3,69.5,15.2,402.2,5.4,297.5,1432.7,6259.4,3245.1,1644.3,1257.9,178.4,300.8,1586.5,955.3,573.7,647.7,5373.3,5219.6,3256.5,1614.4,4800.0,2849.8,2650.8,1979.3,1835.5,2822.5,1084.8,3126.2,1097.9,2393.2,1591.5,4784.1,8508.5,4413.6,1818.1,391.2
2026-09-28 13:30:00,789.5,584.9,1003.6,532.9,918.8,596.9,69.4,14.7,411.0,5.3,285.8,1438.2,6269.4,3221.9,1659.8,1275.9,178.5,272.3,1593.8,963.6,563.8,630.9,5330.4,5270.8,3256.2,1629.6,4795.9,2858.8,2648.6,1965.6,1835.5,2816.8,1084.9,3191.6,1095.4,2374.2,1588.3,4757.3,8502.4,4424.5,1819.7,378.6
2026-09-28 13:45:00,795.9,572.8,1020.8,502.6,918.3,589.4,57.0,14.3,415.6,5.1,278.1,1440.7,6227.7,3168.9,1665.5,1263.1,178.5,329.5,1593.2,965.6,560.9,615.9,5298.0,5408.9,3256.9,1638.8,4784.3,2866.0,2651.1,1965.0,1832.0,2813.3,1078.8,3185.1,1093.0,2383.7,1592.6,4691.5,8505.1,4408.3,1819.8,370.7
2026-09-28 14:00:00,743.5,552.4,951.4,471.8,845.3,576.3,84.1,15.4,406.1,28.7,243.4,1437.5,6148.6,3054.6,1641.6,1273.2,173.4,308.2,1649.3,944.7,539.9,592.3,5328.3,5428.6,3253.5,1668.7,4847.3,3034.2,2671.4,1910.5,1831.8,2788.9,1084.9,3305.3,1090.9,2414.8,1633.3,4678.3,8558.7,4431.2,1815.7,359.0
2026-09-28 14:15:00,748.9,527.6,977.3,467.7,852.7,579.5,80.2,14.7,411.4,26.8,240.4,1437.7,6009.7,3084.7,1658.8,1256.8,174.4,238.1,1652.7,939.2,540.7,576.0,5312.1,5464.5,3253.4,1665.2,4846.7,3098.4,2672.1,1906.7,1830.5,2787.2,1059.5,3310.3,1089.4,2434.1,1640.8,4662.5,8516.2,4404.8,1816.3,341.3
2026-09-28 14:30:00,752.8,507.3,1006.8,474.8,838.0,600.7,66.1,17.9,421.0,22.2,272.3,1433.5,5988.3,3042.5,1678.2,1249.7,175.3,307.6,1648.3,977.5,541.9,554.8,5312.6,5490.5,3252.8,1695.5,4842.3,3143.6,2670.3,1870.2,1828.8,2783.7,1059.8,3556.8,1089.2,2450.1,1645.9,4647.4,8514.9,4403.8,1823.3,326.5
2026-09-28 14:45:00,752.2,486.5,1047.4,473.4,835.6,631.0,65.3,15.8,425.9,28.0,259.5,1431.6,5899.0,3016.8,1701.6,1245.8,149.7,308.5,1644.2,962.7,548.4,609.6,5304.9,5535.5,3254.5,1693.4,4845.0,3149.5,2671.6,1866.8,1832.4,2784.3,1060.7,3591.4,1086.3,2461.1,1649.4,4626.8,8522.1,4383.9,1827.7,311.1
2026-09-28 15:00:00,761.3,466.8,866.2,440.9,849.9,644.8,41.9,14.5,434.9,13.6,274.5,1418.8,5747.5,2810.6,1731.2,1222.7,152.4,243.8,1571.1,988.4,552.8,626.1,5380.9,5513.5,3256.1,1768.9,4991.5,3228.5,2692.1,1871.2,1910.4,2871.3,1072.4,3531.3,1085.4,2577.2,1552.2,4332.1,8413.7,4373.8,1846.2,288.4
2026-09-28 15:15:00,769.6,443.7,931.6,438.7,840.1,664.5,24.9,12.4,448.9,12.9,263.4,1414.1,4983.5,2722.0,1671.0,1234.8,152.9,221.0,1570.8,974.8,544.4,596.4,5365.5,5677.2,3261.7,1767.1,4951.0,3262.3,2693.1,1838.8,1913.8,2874.4,1063.0,3780.1,1085.9,2570.8,1555.8,4304.6,8431.8,4359.9,1851.2,273.8
2026-09-28 15:30:00,784.4,416.9,790.2,413.9,843.8,625.3,24.1,11.4,403.4,7.3,269.0,1401.1,4304.6,2707.1,1581.6,1170.6,153.6,222.1,1576.4,939.6,557.2,580.7,5366.1,5759.7,3265.8,1764.1,4966.6,3439.8,2690.4,1793.9,1919.3,2883.5,1068.1,4104.7,1085.0,2562.6,1559.6,4260.7,8459.5,4350.1,1870.1,256.1
2026-09-28 15:45:00,799.9,414.9,850.6,395.3,842.3,706.5,24.0,10.5,387.8,15.1,242.9,1393.4,4209.3,2619.5,1456.4,1152.4,154.3,154.9,1574.4,962.7,549.9,578.0,5371.6,5825.7,3278.5,1761.8,4826.5,3752.8,2693.0,1794.4,1916.2,2877.0,1073.8,4122.0,1083.7,2520.4,1564.4,4241.6,8467.2,4333.9,1877.1,238.1
2026-09-28 16:00:00,823.0,424.0,952.9,424.5,829.4,675.2,12.1,11.2,396.8,9.7,264.4,1377.1,4416.2,2565.0,1716.1,1282.0,177.6,175.1,1356.4,1028.7,554.8,582.5,5461.0,5828.0,3297.0,1948.4,4999.6,4279.5,2708.2,1688.7,1844.3,2921.7,1076.9,4036.1,1082.1,2422.9,1558.6,4153.0,8471.1,4362.6,1875.0,223.6
2026-09-28 16:15:00,833.3,416.6,1040.3,425.6,840.3,639.3,12.0,10.1,392.8,7.0,248.9,1367.5,4148.5,2544.5,1737.3,1265.2,190.0,176.0,1340.5,1037.5,562.3,589.3,5589.2,5903.9,3310.9,1961.5,4899.1,4349.0,2705.8,1749.6,1829.6,2978.9,1082.4,4539.2,1082.9,2370.6,1560.9,4287.6,8494.6,4366.4,1895.4,209.9
2026-09-28 16:30:00,838.6,474.6,1126.3,416.2,846.0,583.1,12.2,9.0,394.8,6.5,247.5,1354.7,3480.4,2650.0,1776.3,1252.2,190.1,157.1,1329.4,1041.8,565.3,586.9,5623.4,5932.6,3319.2,1959.0,4907.2,4382.6,2703.1,1757.0,1828.0,2987.1,1081.9,4579.0,1083.4,2336.4,1558.7,4350.6,8543.9,4593.2,1919.4,203.4
2026-09-28 16:45:00,852.0,477.0,1203.9,437.5,853.4,564.1,12.0,8.0,401.9,18.9,229.4,1342.9,2606.7,2790.7,1840.0,1332.2,199.1,122.0,1301.1,1055.4,569.4,605.1,5621.6,5902.7,3324.3,2033.2,4898.8,4540.7,2711.0,1727.2,1826.5,3039.0,1085.3,4682.7,1085.6,2307.2,1557.7,4303.4,8606.3,4628.0,1950.7,199.9
2026-09-28 17:00:00,869.7,477.7,1285.5,555.8,853.8,713.1,12.0,19.4,404.3,18.3,486.6,1325.6,3505.1,2802.5,1999.7,1389.0,186.3,43.8,1388.5,1200.6,592.6,597.3,5602.2,6209.2,3310.4,1937.6,4745.2,4444.8,2718.2,1631.4,1880.5,2969.3,1084.2,4274.0,1078.5,2494.4,1624.7,4033.6,8651.5,4733.2,2005.5,270.8
2026-09-28 17:15:00,868.2,479.2,1339.3,563.4,864.3,675.5,12.1,18.6,410.4,70.3,466.9,1312.1,2725.6,2677.2,2035.6,1419.2,167.4,55.1,1379.3,1202.8,597.0,594.1,5595.1,6251.1,3310.0,1948.0,4748.0,4637.1,2721.1,1594.9,1894.8,2869.9,1083.1,4692.3,1076.7,2468.4,1620.1,3890.0,8669.3,4831.2,2025.9,267.5
2026-09-28 17:30:00,884.8,511.1,1381.6,588.2,881.5,662.2,12.0,18.9,419.4,85.9,506.2,1299.8,2839.5,2548.0,2096.3,1419.7,186.5,72.9,1393.5,1169.5,620.4,575.6,5619.0,6340.6,3307.0,2012.6,4755.8,4840.7,2715.5,1586.5,1895.3,2796.5,1083.8,4764.3,1075.6,2439.9,1618.5,3819.1,8705.9,4822.3,2045.3,265.0
2026-09-28 17:45:00,895.7,517.4,1410.3,604.0,895.5,653.6,12.0,19.1,428.6,42.9,482.9,1290.6,2849.2,2434.4,2119.1,1438.5,165.4,77.0,1391.9,1190.6,628.1,587.8,5639.8,6392.9,3304.8,2069.3,4762.8,5012.2,2715.9,1585.2,1895.9,2829.5,1081.5,4828.1,1073.7,2411.7,1621.1,3717.1,8745.1,4847.6,2063.9,262.7
2026-09-28 18:00:00,915.2,606.2,1414.1,649.7,907.3,687.3,12.0,78.6,446.9,8.6,560.7,1274.6,2976.8,2520.2,2263.8,1438.5,28.9,90.1,1429.6,1416.3,662.2,611.0,5797.2,6454.9,3295.4,1896.3,4719.7,4784.6,2763.1,1628.1,1896.7,2730.5,1092.1,4667.0,1069.0,2419.0,1613.0,3883.6,8761.6,4921.3,2071.2,260.6
2026-09-28 18:15:00,926.7,615.2,1438.7,709.1,909.0,667.9,12.0,81.6,456.8,10.8,567.5,1263.5,2957.5,2521.5,2230.2,1479.9,44.5,83.4,1417.1,1455.9,652.7,617.8,5817.7,6475.0,3297.7,1894.3,4732.0,4801.1,2765.2,1628.1,1898.2,2843.3,1093.8,4663.5,1070.2,2392.2,1616.6,3836.4,8770.1,4902.8,2079.6,276.5
2026-09-28 18:30:00,942.6,572.1,1453.7,766.8,911.7,663.9,12.0,82.5,445.9,45.9,541.3,1279.7,2920.5,2633.5,2177.6,1487.0,24.2,80.5,1401.4,1454.6,650.9,615.4,5846.6,6512.5,3300.9,1893.4,4750.7,4814.0,2764.7,1632.6,1886.2,2911.1,1101.5,4660.0,1071.3,2370.7,1617.4,3825.3,8806.1,4991.4,2084.4,301.9
2026-09-28 18:45:00,946.6,573.8,1460.1,781.6,919.2,657.3,12.0,85.5,449.4,95.2,513.5,1298.8,2881.0,2769.6,2105.7,1534.2,21.9,88.8,1392.8,1455.1,647.8,627.0,5855.3,6555.8,3302.7,1893.0,4760.1,4827.5,2766.5,1658.0,1887.1,2936.2,1090.0,4641.0,1072.4,2351.6,1619.1,3793.3,8811.3,4991.8,2077.4,313.6
2026-09-28 19:00:00,943.9,604.6,1456.0,810.5,918.5,628.2,22.0,52.0,436.9,81.8,542.7,1269.9,3099.8,2717.2,2165.2,1513.1,25.7,45.4,1352.3,1519.0,638.6,619.5,5912.1,6608.7,3326.5,1759.6,4809.2,5161.0,2782.4,1601.0,1910.4,2844.1,1071.2,4605.7,1072.0,2362.6,1616.9,3915.0,8778.4,5024.1,2101.5,311.2
2026-09-28 19:15:00,945.9,609.3,1448.4,868.2,916.4,632.8,22.0,52.9,434.8,80.9,542.5,1264.8,3030.1,2583.7,2124.0,1511.7,23.8,45.3,1335.2,1527.3,638.2,628.5,5907.6,6631.8,3333.2,1759.9,4823.1,5183.6,2786.8,1603.2,1904.5,2910.2,1075.3,4646.9,1071.5,2346.9,1615.9,3860.1,8790.4,4857.6,2111.3,309.5
2026-09-28 19:30:00,939.8,604.6,1435.5,898.5,908.6,624.8,22.0,53.7,435.1,78.2,553.3,1258.3,3004.2,2649.0,2065.0,1519.2,22.1,45.3,1321.7,1527.6,635.0,628.2,5899.7,6646.3,3340.1,1758.0,4832.8,5196.8,2789.5,1605.6,1911.6,2927.5,1081.4,4680.9,1069.4,2331.0,1615.5,3864.4,8793.0,4763.1,2110.5,283.6
2026-09-28 19:45:00,936.4,565.2,1415.3,947.5,902.5,606.3,22.0,75.3,430.2,39.1,607.9,1257.5,2961.3,2682.8,2123.8,1533.4,21.7,45.2,1327.7,1535.6,631.5,637.1,5872.1,6660.1,3340.6,1757.3,4834.7,5155.4,2795.5,1639.2,1906.6,2979.9,1082.5,4725.6,1065.0,2313.6,1613.9,3806.3,8758.7,4684.8,2101.6,266.4
2026-09-28 20:00:00,912.9,558.2,1386.1,933.0,885.6,604.6,12.0,101.2,425.4,77.6,530.1,1351.1,2848.1,2890.6,1878.3,1619.3,11.3,52.1,1265.3,1206.2,619.0,629.6,5623.4,6486.0,3328.4,1749.0,4819.8,5112.5,2816.0,1608.2,1838.6,2889.7,1091.2,4745.0,1054.4,2244.0,1604.1,3749.4,8627.5,4675.2,2074.2,262.2
2026-09-28 20:15:00,907.6,494.5,1368.8,967.7,877.2,595.7,12.0,103.5,430.6,17.5,570.6,1352.0,2837.8,2939.0,1883.5,1567.2,22.1,51.9,1261.0,1197.4,608.3,629.6,5580.1,6479.6,3317.0,1747.2,4812.9,5042.5,2814.3,1650.3,1838.5,2929.0,1088.8,4779.5,1054.5,2196.6,1600.0,3729.0,8567.7,4622.4,2047.9,264.9
2026-09-28 20:30:00,897.0,456.7,1341.5,994.7,861.2,576.2,12.0,98.3,435.4,25.0,534.2,1327.9,2838.0,3008.4,1841.7,1560.0,50.5,52.0,1262.4,1183.1,604.7,629.5,5538.7,6431.6,3305.3,1743.7,4813.2,4854.6,2810.7,1664.3,1830.7,3006.2,1088.5,4755.6,1051.0,2163.2,1594.0,3730.0,8495.5,4600.2,2034.5,263.5
2026-09-28 20:45:00,889.6,410.3,1304.7,1029.0,855.2,567.8,12.0,83.7,431.1,23.4,528.9,1328.0,2838.1,3072.7,1807.6,1578.4,43.1,57.6,1262.4,1188.2,600.0,630.0,5502.7,6326.8,3289.7,1741.5,4808.5,4696.4,2807.3,1679.9,1834.4,3207.9,1086.1,4648.3,1045.9,2132.8,1587.3,3702.1,8427.2,4567.5,2015.1,262.1
2026-09-28 21:00:00,867.6,416.5,1280.6,1029.4,836.6,482.5,12.0,70.8,407.0,95.2,514.0,1310.3,2587.3,2935.2,1712.3,1545.2,158.4,35.0,1190.2,1188.2,563.7,603.1,5544.0,6619.2,3232.2,1719.0,4862.0,4672.7,2769.3,1669.4,1811.0,3132.7,1082.1,4784.4,1039.7,2106.2,1584.0,3690.6,8279.4,4358.0,1963.5,250.7
2026-09-28 21:15:00,850.6,405.5,1238.8,1043.2,818.8,479.9,12.0,66.3,399.7,98.2,490.0,1311.3,2582.8,3009.9,1702.8,1525.0,159.5,35.0,1188.5,1187.1,551.3,603.2,5561.7,6596.5,3205.6,1714.2,4851.1,4433.3,2767.9,1684.1,1813.9,3162.0,1074.4,4685.4,1030.4,2120.6,1573.1,3717.6,8183.1,4262.7,1941.7,244.2
2026-09-28 21:30:00,836.8,406.4,1181.5,1061.7,801.5,476.9,12.1,62.6,392.5,31.0,445.9,1312.4,2610.6,2988.0,1700.4,1541.9,133.8,35.0,1179.9,1200.0,538.3,613.2,5544.8,6654.2,3178.0,1709.7,4842.0,4260.6,2762.0,1743.1,1810.9,3072.4,1069.3,4296.1,1022.8,2094.8,1562.4,3820.8,8096.9,4253.1,1938.5,244.1
2026-09-28 21:45:00,849.1,415.2,1131.3,1033.8,821.8,470.7,14.7,64.4,389.7,20.3,431.3,1322.9,3078.2,3102.3,1684.1,1530.4,128.4,37.1,1193.4,1183.8,538.2,598.0,5518.1,6630.4,3150.9,1706.5,4823.9,4235.4,2758.6,1747.9,1808.8,3066.1,1070.3,4264.4,1016.7,2065.4,1550.6,3758.6,8022.1,4205.5,1915.9,241.5
2026-09-28 22:00:00,821.4,423.1,1134.0,1063.2,799.6,413.7,47.0,24.7,391.5,15.8,431.1,1275.0,2877.7,3145.5,1597.5,1563.6,114.1,42.4,1111.3,1054.3,521.0,615.5,5284.4,6406.7,3096.3,1611.3,4766.4,4106.9,2696.2,1740.3,1786.5,3055.7,1059.4,4250.0,1002.3,2052.2,1455.5,3700.8,7876.7,4153.3,1881.9,210.7
2026-09-28 22:15:00,821.8,428.9,1108.4,1012.8,787.7,406.1,48.9,27.4,387.1,14.7,412.8,1282.4,3039.6,3284.6,1577.6,1562.5,111.6,62.5,1102.5,1052.2,512.5,611.3,5231.8,6364.2,3059.5,1609.0,4742.3,4065.4,2689.8,1741.3,1780.1,3043.7,1050.1,4182.9,995.6,2020.9,1450.0,3696.8,7778.2,4128.4,1851.3,208.8
2026-09-28 22:30:00,807.7,434.8,1084.2,995.7,769.2,405.9,49.7,24.8,383.3,14.8,407.4,1290.5,3047.7,3334.6,1582.3,1564.5,84.7,62.3,1098.2,1047.8,507.0,618.9,5184.5,6278.7,3019.5,1605.5,4715.9,4034.1,2679.2,1741.9,1774.9,3043.5,1043.4,4139.5,990.3,1993.4,1444.9,3697.1,7696.7,4078.7,1829.3,206.9
2026-09-28 22:45:00,790.6,441.3,1060.7,918.9,750.9,405.0,49.7,24.9,378.1,9.8,399.3,1285.5,3033.7,3408.4,1570.5,1544.3,84.7,62.0,1108.7,1040.6,510.2,605.5,5155.1,6252.7,2976.3,1602.3,4692.8,4005.5,2670.8,1744.3,1771.8,3043.6,1035.5,4092.9,984.9,1967.6,1441.4,3646.4,7619.6,4060.4,1801.9,204.6
2026-09-28 23:00:00,786.3,445.8,1242.2,1086.6,721.0,269.8,24.7,53.4,367.6,16.0,144.6,1283.9,3020.8,3453.1,1526.9,1545.8,96.6,59.8,1062.2,992.1,486.0,606.9,4995.6,6228.6,2869.7,1526.8,4579.6,3932.2,2609.4,1761.4,1729.1,3006.6,1031.0,4005.7,978.4,1900.7,1428.7,3612.9,7510.9,4054.3,1762.1,186.0
2026-09-28 23:15:00,773.9,447.5,1228.0,1045.0,707.9,269.7,24.7,52.6,361.2,15.9,135.4,1287.6,3739.6,3468.4,1512.0,1545.0,97.3,59.8,1065.3,969.5,484.4,604.2,4965.5,6202.9,2819.5,1524.6,4548.7,3883.5,2599.5,1762.0,1731.2,3006.1,1021.5,3930.4,972.2,1886.6,1423.5,3599.3,7447.9,4036.9,1739.0,182.8
2026-09-28 23:30:00,762.0,447.8,1208.2,1012.7,690.9,262.2,24.8,50.3,351.9,15.7,138.2,1290.7,3734.6,3506.8,1497.0,1548.1,98.1,52.3,1064.7,958.6,483.7,606.9,4938.8,6175.4,2775.8,1523.3,4525.0,3851.8,2585.7,1764.6,1721.0,3005.2,1010.5,3876.0,967.7,1878.8,1414.3,3515.7,7368.9,4014.6,1720.2,179.4
2026-09-28 23:45:00,750.5,449.4,1197.2,931.9,684.2,261.4,24.8,50.6,346.0,16.0,116.2,1302.7,3731.6,3541.0,1505.7,1543.9,98.8,52.6,1069.7,943.6,492.6,603.3,4920.1,6134.3,2734.2,1521.0,4507.5,3827.3,2583.8,1764.7,1715.2,2997.4,1002.9,3835.0,962.6,1856.8,1403.3,3509.9,7330.9,4075.0,1701.0,176.3
2026-09-29 00:00:00,796.8,397.1,982.5,1029.7,698.1,336.3,11.0,10.3,284.8,18.0,418.5,1323.7,3924.0,3011.8,1023.1,1224.4,67.8,89.9,1085.0,953.6,500.0,563.5,4927.9,6152.2,2656.8,1410.0,4507.1,4055.3,2534.0,1899.7,1708.0,2917.9,974.7,3417.3,933.2,1615.8,1345.9,3672.2,7162.9,3905.1,1643.7,185.5
2026-09-29 00:15:00,751.6,394.2,976.4,1042.3,693.4,336.3,11.0,10.3,278.2,17.3,405.1,1319.4,4224.4,3028.5,1049.3,1260.2,115.4,79.7,1084.7,941.6,494.2,568.9,4918.8,6090.6,2626.9,1409.9,4486.5,4030.1,2525.7,1908.1,1704.2,2921.6,964.7,3372.6,931.2,1598.3,1340.9,3657.9,7115.1,3892.8,1637.7,183.2
2026-09-29 00:30:00,746.5,392.1,967.2,1023.6,686.8,336.2,11.0,10.3,278.8,11.6,412.6,1328.8,4214.1,3053.9,1139.9,1359.9,107.8,79.1,1094.0,893.8,502.6,565.6,4916.7,6077.6,2596.1,1409.9,4469.7,4009.1,2526.0,1904.1,1702.6,2918.8,959.1,3345.0,928.4,1581.0,1335.8,3639.9,7083.6,3880.7,1642.7,189.5
2026-09-29 00:45:00,736.3,390.2,961.3,1012.0,701.9,334.6,11.0,10.3,273.7,8.0,401.5,1334.8,4231.9,3082.9,1226.8,1439.8,107.6,78.5,1123.2,874.6,499.5,563.8,4905.8,6061.6,2565.2,1410.8,4456.4,3991.0,2513.9,1927.3,1699.0,2924.4,952.2,3291.4,925.0,1563.0,1328.4,3633.4,7044.9,3874.2,1638.1,188.2
2026-09-29 01:00:00,744.8,388.0,961.0,1077.0,752.9,334.8,47.5,10.3,313.2,13.2,412.4,1340.6,3927.6,3121.8,1223.2,1504.2,82.4,77.8,1120.8,893.5,500.6,560.4,4789.4,5958.3,2511.5,1405.2,4395.2,3956.8,2451.3,1972.7,1699.2,2906.9,935.8,3149.1,920.5,1534.9,1325.0,3797.8,7119.3,3921.8,1635.0,168.6
2026-09-29 01:15:00,740.0,385.7,956.8,1045.2,747.6,334.7,44.9,10.3,310.4,10.7,408.8,1345.2,4092.5,3144.1,1202.2,1497.4,89.4,77.2,1119.3,878.5,501.8,562.3,4762.8,5935.2,2493.1,1406.1,4385.3,3944.2,2448.1,1965.6,1697.7,2900.1,932.8,3133.2,919.1,1524.8,1316.9,3787.3,7072.0,3912.5,1631.7,168.0
2026-09-29 01:30:00,785.6,383.3,952.9,1033.8,745.9,334.7,44.7,10.3,311.8,8.9,405.5,1348.0,4083.4,3155.6,1169.2,1497.9,82.1,86.5,1126.4,863.4,501.5,554.4,4756.9,5963.3,2470.6,1408.1,4379.1,3935.3,2444.5,1898.7,1694.6,2873.7,925.9,3145.3,914.9,1516.5,1309.9,3783.5,7054.2,3903.8,1630.4,166.4
2026-09-29 01:45:00,787.1,380.9,960.2,1017.4,742.4,342.0,44.7,10.3,307.7,4.4,402.4,1352.3,4081.0,3210.5,1153.5,1499.5,82.1,95.9,1133.7,862.4,498.8,554.6,4742.9,5975.9,2455.1,1410.0,4372.1,3927.5,2441.0,1862.6,1700.9,2866.3,920.6,3146.0,912.1,1509.7,1301.4,3793.8,7031.1,3894.7,1621.0,165.8
2026-09-29 02:00:00,789.7,413.0,962.1,968.7,705.9,428.4,47.4,10.3,311.2,1.1,163.2,1354.2,4182.5,3180.6,1166.9,1488.2,21.8,126.8,1094.0,852.5,494.5,552.4,4685.5,5984.9,2424.1,1414.2,4489.2,3943.9,2402.2,2028.7,1713.0,2879.7,917.2,2971.4,911.2,1487.4,1297.9,3752.2,6987.1,3796.1,1638.2,158.9
2026-09-29 02:15:00,798.1,414.1,961.4,940.7,703.4,432.1,46.3,10.4,375.3,1.0,153.7,1357.8,4226.8,3173.8,1160.9,1484.8,22.0,126.8,1091.9,846.0,492.2,548.9,4669.7,5953.6,2411.6,1416.0,4445.9,3901.0,2400.5,2032.5,1712.7,2876.3,916.7,2955.3,908.8,1486.8,1294.4,3784.0,6970.9,3788.6,1641.2,158.3
2026-09-29 02:30:00,790.1,409.2,962.5,935.8,710.4,432.4,46.3,10.3,399.0,2.9,144.0,1370.2,4393.1,3157.5,1159.2,1487.9,22.1,126.9,1090.1,838.2,488.7,547.3,4662.6,5922.3,2400.6,1418.8,4436.5,3891.6,2398.1,2009.3,1711.9,2864.1,913.6,2953.9,908.4,1487.3,1290.6,3805.3,6961.5,3780.8,1643.6,157.6
2026-09-29 02:45:00,790.8,437.7,963.3,939.2,709.5,433.9,49.0,9.3,400.6,2.3,133.4,1366.3,4474.3,3161.7,1147.6,1494.6,22.1,147.0,1088.2,833.5,484.9,548.4,4663.6,5892.1,2390.8,1420.7,4434.9,3888.8,2404.3,1926.9,1717.6,2846.4,913.1,2997.4,908.1,1489.3,1287.8,3830.9,6957.1,3773.8,1642.9,156.9
2026-09-29 03:00:00,837.8,444.3,886.5,906.7,649.2,434.2,71.1,10.2,416.4,1.0,145.4,1390.8,4345.5,3126.4,1162.3,1500.3,41.6,144.6,1090.9,821.7,477.6,550.8,4597.5,5874.7,2370.8,1430.4,4428.5,3909.7,2376.9,2076.4,1712.0,2837.7,927.7,2891.8,909.9,1485.7,1350.5,3751.5,6850.2,3654.0,1652.4,155.5
2026-09-29 03:15:00,837.9,443.7,888.9,866.4,653.3,434.6,72.9,9.3,408.0,1.0,146.4,1397.6,4489.9,3104.1,1164.2,1487.7,41.4,144.1,1088.2,827.3,478.4,552.7,4602.0,5837.8,2369.7,1432.3,4428.3,3910.8,2376.6,2081.5,1710.2,2832.3,925.6,2882.3,910.8,1495.2,1347.7,3827.2,6821.5,3646.2,1655.9,154.6
2026-09-29 03:30:00,835.4,443.0,893.7,867.6,654.3,439.7,73.7,9.3,413.9,1.0,144.9,1397.8,4513.2,3115.7,1160.2,1491.9,40.9,143.6,1085.4,828.7,466.3,554.0,4608.4,5839.2,2364.1,1434.3,4427.2,3908.6,2376.2,1937.5,1709.4,2789.6,926.9,2963.1,912.1,1506.5,1349.4,3874.6,6819.5,3640.0,1666.0,153.9
2026-09-29 03:45:00,845.6,442.3,900.8,868.2,661.3,441.4,73.7,9.4,410.9,1.0,151.5,1398.0,4517.9,3219.4,1149.7,1493.2,40.5,142.9,1083.9,829.4,468.1,555.7,4616.3,5829.0,2364.0,1435.2,4427.9,3909.8,2385.6,1925.2,1710.9,2782.2,924.7,2972.5,913.3,1518.9,1355.1,3933.4,6823.1,3630.6,1666.7,152.2
2026-09-29 04:00:00,858.1,442.4,892.5,808.5,669.5,435.0,48.7,9.3,421.7,1.0,236.0,1402.5,4476.2,3233.8,1130.2,1466.5,39.6,115.8,1045.9,828.5,466.4,557.5,4669.8,5759.8,2358.0,1441.2,4386.0,3882.9,2385.4,2031.4,1713.2,2777.0,921.5,2908.8,912.4,1562.0,1419.4,4053.7,6841.1,3647.1,1681.1,149.5
2026-09-29 04:15:00,865.8,441.7,919.4,832.0,682.4,440.6,48.7,9.3,429.1,1.0,243.2,1402.7,4471.2,3255.2,1125.0,1463.2,39.9,115.2,1040.1,830.4,466.5,560.5,4683.0,5725.7,2365.2,1443.1,4394.7,3892.1,2389.0,1978.9,1721.0,2768.7,923.4,2948.7,914.6,1582.7,1428.6,4079.4,6847.0,3640.7,1693.2,149.0
2026-09-29 04:30:00,881.1,441.0,959.9,893.0,686.0,443.3,48.7,10.2,432.8,1.0,240.8,1401.7,4425.6,3262.6,1112.1,1465.9,42.8,97.7,1044.2,832.9,467.6,563.4,4699.3,5682.1,2371.3,1444.2,4400.9,3899.2,2399.0,1984.9,1716.5,2761.7,924.8,2957.7,920.7,1606.7,1437.6,4059.9,6866.5,3642.1,1701.2,148.0
2026-09-29 04:45:00,785.5,440.6,1010.4,930.2,689.1,444.6,46.0,10.2,443.2,1.0,252.5,1400.2,4242.2,3311.6,1103.9,1468.0,43.6,97.7,1032.9,846.2,466.4,566.8,4735.9,5629.2,2385.7,1445.3,4410.1,3916.7,2401.9,1941.3,1715.1,2749.0,907.9,2994.1,925.4,1635.6,1442.0,4078.8,6906.5,3662.9,1722.4,147.1
2026-09-29 05:00:00,804.1,439.0,1083.2,987.6,691.3,452.9,55.0,3.6,352.3,1.0,113.2,1380.2,4455.4,3468.6,1150.8,1470.1,0.0,116.8,1027.7,908.4,455.5,567.2,4994.1,5620.6,2444.2,1461.7,4439.6,3588.9,2419.4,1917.0,1728.9,2739.0,919.7,3275.8,933.3,1926.5,1344.6,3943.7,7061.5,3742.6,1767.1,144.7
2026-09-29 05:15:00,829.0,437.4,1138.9,938.9,720.2,457.8,55.0,4.0,352.1,1.0,108.7,1377.4,4308.7,3491.4,1128.2,1470.2,0.0,124.3,1032.8,902.8,462.5,570.2,5022.9,5577.3,2485.0,1461.8,4465.6,3780.7,2429.7,1950.8,1732.9,2744.8,927.9,3306.1,941.7,1957.5,1354.0,4023.9,7133.1,3756.0,1800.9,144.2
2026-09-29 05:30:00,856.8,436.1,1193.4,925.7,744.9,464.0,55.0,3.7,358.0,1.0,113.4,1374.5,4305.2,3531.4,1046.4,1488.6,5.1,116.3,1029.0,926.7,455.8,565.2,5082.8,5547.8,2529.5,1463.2,4496.6,3822.8,2439.8,1962.0,1738.0,2791.6,940.4,3367.7,951.8,1985.6,1368.0,4146.3,7243.2,3836.2,1851.3,148.0
2026-09-29 05:45:00,875.7,434.4,1236.6,927.1,765.0,485.6,55.0,3.5,363.6,1.0,118.8,1370.5,4130.7,3635.9,1034.4,1488.9,5.5,119.4,1032.1,932.7,463.5,569.5,5151.3,5497.2,2579.5,1463.2,4526.1,3995.0,2457.3,1970.0,1739.1,2970.3,956.1,3720.6,961.3,2008.5,1387.6,4095.4,7380.6,3956.5,1903.1,143.7
2026-09-29 06:00:00,907.7,433.8,1290.3,1214.0,799.0,508.4,47.1,105.4,378.4,7.4,484.4,1341.4,4605.0,3774.1,1128.7,1498.0,6.0,125.4,1114.8,1229.9,462.9,581.8,5324.6,5433.3,2778.0,1758.5,4555.9,3959.7,2505.3,1904.0,1724.7,3080.4,992.4,4341.6,988.9,2186.8,1453.0,4093.7,7766.3,3867.0,2003.0,140.1
2026-09-29 06:15:00,920.8,431.0,1299.1,1246.8,819.7,543.0,47.0,105.4,378.8,11.1,497.0,1338.6,4179.7,4304.2,1141.6,1496.8,6.5,107.2,1116.1,1281.9,468.6,596.8,5374.1,5389.7,2858.0,1805.1,4607.2,4197.7,2533.0,1854.2,1734.0,3187.2,1016.5,4556.9,1005.2,2203.6,1481.9,4109.1,7946.9,4006.2,2055.3,140.1
2026-09-29 06:30:00,930.1,429.9,1311.4,1414.1,837.0,518.8,47.0,107.2,389.7,63.9,497.0,1335.3,3839.6,3956.3,1117.6,1476.5,7.0,124.8,1129.4,1300.6,475.0,598.9,5399.0,5402.1,2937.7,1822.4,4656.1,4242.5,2554.1,1891.9,1743.2,3205.5,1042.2,4575.9,1016.5,2217.7,1512.9,4262.3,8145.6,3996.6,2110.0,139.8
2026-09-29 06:45:00,933.9,433.9,1309.8,1398.6,845.4,553.6,47.0,109.2,415.0,81.1,514.4,1332.1,3722.0,4454.0,1147.2,1557.0,7.5,135.4,1141.5,1302.9,480.8,585.3,5435.3,5374.6,3019.3,1826.5,4700.6,4464.0,2584.6,1909.2,1749.3,3282.4,1060.9,4692.5,1029.3,2235.3,1538.9,4293.2,8327.9,4033.1,2168.6,135.8
2026-09-29 07:00:00,939.6,553.6,1321.0,1362.4,862.9,657.9,33.9,36.0,434.6,90.5,167.4,1392.8,3977.8,4887.9,1225.1,1548.6,8.0,117.9,1257.6,1281.2,537.7,570.2,5548.3,5216.6,3217.0,1792.7,4842.4,4626.0,2656.6,1850.9,1819.0,3277.3,1102.7,4609.5,1047.6,2883.4,1567.2,4317.6,8632.4,4000.3,2253.5,137.5
2026-09-29 07:15:00,957.6,538.5,1329.7,1370.9,869.7,715.0,33.9,36.5,449.7,89.8,149.0,1388.5,4118.9,5059.8,1262.3,1533.8,8.3,201.2,1266.7,1311.2,541.3,558.7,5572.5,5177.8,3278.7,1792.4,4876.6,4682.9,2679.2,1840.2,1826.1,3252.2,1124.8,4657.1,1052.4,2900.8,1576.8,4343.9,8740.2,4219.9,2290.5,172.9
2026-09-29 07:30:00,953.6,601.7,1313.7,1359.3,880.2,717.3,33.9,37.1,461.4,86.5,161.0,1385.3,4036.0,5178.3,1300.5,1544.9,8.3,201.6,1273.6,1294.1,550.2,559.2,5559.1,5098.1,3317.5,1791.9,4893.9,4634.7,2694.5,1890.2,1833.2,3256.3,1133.9,4659.7,1056.2,2917.2,1580.7,4417.0,8815.8,4197.1,2309.3,149.7
2026-09-29 07:45:00,946.7,601.7,1277.5,1350.3,888.3,743.0,33.9,31.7,470.4,83.1,152.2,1384.7,3983.1,5267.6,1341.7,1513.1,21.6,193.7,1288.1,1306.1,559.8,559.4,5586.9,5024.1,3355.3,1790.5,4900.9,4711.4,2712.8,1937.5,1840.7,3280.2,1142.1,4706.3,1056.2,2933.4,1585.1,4454.7,8878.8,4215.6,2340.2,139.7
2026-09-29 08:00:00,936.6,641.6,1216.7,1342.2,890.1,774.9,1.0,32.4,501.1,58.4,207.7,1270.6,4030.0,5509.2,1664.7,1571.2,8.7,163.0,1306.9,1263.2,605.9,579.2,5591.6,4877.8,3406.8,1803.0,4932.0,4663.5,2748.9,1812.2,1772.3,3030.4,1167.0,4646.3,1040.6,3194.8,1586.2,4829.9,8929.5,3975.6,2339.6,172.8
2026-09-29 08:15:00,938.6,641.6,1172.2,1317.6,894.3,790.8,1.0,31.7,504.0,66.6,210.9,1275.7,4201.2,5114.1,1675.6,1527.4,8.7,108.9,1302.6,1250.0,606.2,578.7,5567.5,4802.4,3409.9,1801.4,4928.8,4645.8,2754.7,1863.0,1776.2,3027.5,1167.6,4627.5,1048.6,3211.3,1584.0,4865.9,8932.8,3997.2,2341.0,143.4
2026-09-29 08:30:00,944.3,651.3,1113.6,1291.2,891.9,808.1,1.0,30.6,506.3,68.5,208.1,1284.4,4421.7,5190.0,1665.9,1512.4,8.8,207.2,1302.3,1226.6,603.2,575.8,5559.4,4708.6,3407.9,1800.0,4921.7,4597.4,2753.4,1971.7,1779.0,3050.9,1170.4,4575.7,1056.8,3233.0,1584.1,4846.4,8933.8,3981.1,2335.6,149.2
2026-09-29 08:45:00,936.2,641.2,1051.6,1253.9,891.6,816.2,1.0,31.6,509.8,69.2,210.0,1294.5,4850.0,4680.7,1882.7,1668.2,10.3,225.0,1343.2,1211.6,618.1,567.0,5578.8,4652.9,3399.8,1797.3,4916.8,4541.2,2757.2,2065.0,1780.5,3064.7,1174.7,4535.0,1060.9,3251.8,1582.7,4901.1,8931.2,3861.1,2344.3,151.7
2026-09-29 09:00:00,931.9,628.9,966.9,736.3,884.2,861.3,2.1,47.6,502.0,24.5,495.9,1274.2,4749.6,4941.9,1818.8,1838.6,8.9,206.8,1408.4,1225.7,570.1,595.7,5591.9,4591.0,3398.0,1783.9,4852.3,4301.1,2757.5,1828.4,1853.4,2908.4,1169.1,4475.7,1065.0,3682.5,1579.3,5093.1,8842.6,3886.8,2296.8,130.1
2026-09-29 09:15:00,928.0,567.0,915.3,658.3,885.5,837.1,2.4,43.6,502.5,6.0,531.6,1283.8,4767.4,4530.2,1776.6,1774.3,15.4,207.3,1425.9,1220.3,570.8,578.5,5614.4,4532.1,3380.7,1772.1,4831.8,4164.2,2756.9,2023.6,1847.4,2923.4,1162.9,4346.3,1064.7,3695.5,1579.6,5100.0,8816.6,3800.7,2295.9,126.9
2026-09-29 09:30:00,926.3,619.8,869.4,618.2,883.8,822.8,2.3,30.9,477.0,6.8,512.7,1298.5,4972.1,4334.3,1766.2,1808.3,15.7,207.8,1428.2,1236.6,567.4,589.9,5680.4,4483.7,3362.5,1769.1,4815.1,4117.7,2753.3,2121.8,1839.1,2943.8,1158.2,4295.0,1064.9,3699.6,1583.2,5099.7,8789.1,3749.1,2284.9,129.8
2026-09-29 09:45:00,916.4,609.4,839.7,596.7,878.8,823.3,2.0,31.6,447.7,4.5,510.9,1311.4,5190.2,4248.0,1718.6,1849.7,19.2,207.7,1428.0,1249.1,578.8,598.8,5694.9,4432.3,3348.0,1769.8,4798.7,4118.8,2752.2,2145.9,1839.0,2976.3,1153.8,4320.9,1061.9,3694.4,1586.0,5036.4,8781.2,3783.2,2282.9,129.8
2026-09-29 10:00:00,913.7,633.7,801.6,544.0,872.9,685.8,26.0,75.5,402.7,41.4,186.0,1358.7,5075.2,4419.6,1586.4,1946.4,6.0,339.6,1430.8,1284.9,567.8,577.7,5677.5,4390.7,3304.5,1546.3,4538.7,4001.6,2757.8,2222.6,1820.7,2993.4,1133.1,4228.8,1050.0,3701.1,1573.5,5225.7,8760.6,3618.9,2264.3,153.5
2026-09-29 10:15:00,912.1,615.1,762.6,518.8,863.8,696.1,26.6,64.6,379.6,46.8,184.9,1371.5,5637.7,4425.0,1523.4,1956.9,9.7,317.5,1450.3,1291.1,571.1,573.4,5669.9,4325.9,3288.7,1497.0,4607.6,3630.3,2758.3,2320.6,1823.5,3015.4,1127.5,4198.6,1045.7,3682.2,1568.6,5183.6,8718.4,3605.5,2253.0,153.7
2026-09-29 10:30:00,908.1,628.1,730.2,509.3,855.2,710.7,27.7,51.0,355.0,60.6,169.1,1386.8,5633.5,4405.7,1491.9,1897.7,9.2,344.1,1449.2,1326.8,569.2,582.5,5665.8,4279.2,3267.0,1462.0,4639.9,3215.9,2750.4,2359.9,1819.2,3026.3,1117.3,4176.7,1043.1,3662.4,1566.7,5141.8,8677.1,3576.1,2249.3,156.4
2026-09-29 10:45:00,901.7,593.7,690.2,474.2,850.0,716.6,26.0,51.3,320.6,66.5,150.8,1401.1,5710.7,4466.4,1426.4,1827.8,3.0,325.4,1461.1,1324.5,567.2,283.5,5673.1,4245.8,3245.9,1363.0,4654.5,3153.9,2746.2,2343.0,1818.2,3056.4,1103.8,4092.2,1044.8,3639.8,1562.4,5101.3,8639.8,3562.0,2237.8,158.1
2026-09-29 11:00:00,899.8,591.5,672.9,469.5,841.2,722.3,15.0,52.2,303.3,62.2,174.8,1421.5,5789.8,4656.0,1385.4,1580.4,177.8,307.5,1441.4,1388.0,552.7,270.1,5597.0,4253.3,3221.1,1369.4,4156.3,3020.4,2759.4,2288.3,1847.8,3003.7,1113.5,3506.8,1042.4,3675.1,1552.0,5118.5,8599.1,3516.9,2220.2,143.3
2026-09-29 11:15:00,898.3,582.1,652.0,480.9,833.0,718.4,15.0,39.4,283.4,68.0,182.9,1434.1,6824.2,4637.6,1325.1,1470.1,177.9,316.3,1437.3,1173.6,548.9,164.7,5580.1,4220.6,3201.1,1370.7,4139.7,2977.7,2755.0,2294.8,1848.3,2966.0,1098.3,3267.5,1041.7,3669.2,1547.5,5158.8,8565.5,3516.1,2202.8,133.3
2026-09-29 11:30:00,901.4,580.7,636.9,485.9,835.1,718.6,15.0,39.8,271.3,76.6,201.6,1449.0,7130.3,4645.6,1254.9,1416.8,178.0,314.9,1429.5,1226.2,556.6,175.7,5561.6,4212.0,3181.9,1364.7,4109.9,2966.7,2750.3,2219.6,1848.6,2972.8,1090.2,3032.9,1040.5,3671.7,1549.2,5161.3,8547.8,3517.3,2205.6,135.4
2026-09-29 11:45:00,905.5,575.3,635.8,476.1,839.7,708.5,15.0,39.9,258.2,25.4,207.7,1459.9,7366.7,4652.0,1202.1,1437.4,185.5,314.7,1431.8,1231.3,554.3,191.7,5547.9,4190.3,3171.3,1364.2,4091.2,2929.2,2748.7,2246.1,1849.3,2974.7,1083.6,2609.5,1040.3,3674.4,1552.2,5164.1,8545.9,3512.6,2192.6,137.0
2026-09-29 12:00:00,908.0,557.5,720.9,478.4,880.1,706.5,5.2,47.1,223.0,53.1,203.1,1492.7,7235.3,4740.4,1552.5,1492.7,187.2,339.1,1381.3,1180.9,594.6,171.3,5453.2,4211.8,3150.7,1289.7,3932.2,2587.6,2760.9,2260.3,1803.5,2975.7,1078.3,2221.9,1040.1,3677.6,1561.2,5108.2,8510.3,3472.3,2170.7,135.7
2026-09-29 12:15:00,959.4,555.3,716.7,479.2,884.2,703.7,22.4,46.1,195.6,59.3,198.1,1504.1,7382.2,4690.9,1509.5,1498.4,186.5,338.3,1377.4,1202.2,583.8,184.9,5442.4,4188.7,3141.2,1290.1,3917.3,2517.4,2760.6,2199.7,1801.8,2963.0,1074.1,2186.0,1042.3,3688.0,1567.4,5106.2,8506.9,3468.6,2162.0,136.8
2026-09-29 12:30:00,1001.0,463.8,747.8,479.1,884.9,696.5,2.3,46.2,186.5,81.2,180.6,1521.8,7271.9,4753.6,1465.2,1547.4,185.9,338.7,1376.2,1218.1,581.6,197.7,5427.6,4172.4,3132.9,1290.2,3909.5,2518.5,2757.9,2185.2,1801.2,2972.3,1070.7,2171.6,1041.3,3687.5,1565.4,5101.2,8510.3,3470.0,2167.0,137.9
2026-09-29 12:45:00,1015.9,552.2,749.8,466.6,885.9,691.9,22.5,46.1,181.8,80.6,228.9,1531.5,7457.4,4723.8,1432.4,1519.0,185.2,338.1,1387.3,1235.3,581.9,217.5,5426.1,4163.8,3126.3,1289.3,3900.3,2519.8,2756.8,2179.0,1802.8,2974.6,1064.2,2150.6,1043.0,3696.3,1568.3,5094.1,8532.9,3471.1,2165.8,139.1
2026-09-29 13:00:00,938.8,485.1,758.4,446.5,939.0,689.6,2.3,46.0,162.3,97.0,290.7,1568.1,7336.7,4740.7,1616.3,1528.6,56.0,446.5,1515.6,1234.3,588.8,220.6,5398.8,4207.7,3097.0,1275.5,3791.6,2922.1,2790.7,2068.5,1823.3,2972.3,1057.5,1856.3,1036.0,3686.5,1566.8,5082.4,8617.6,3585.5,2212.4,140.2
2026-09-29 13:15:00,894.5,472.2,765.9,434.1,943.3,673.7,22.5,45.7,153.8,96.9,295.9,1576.8,7524.5,4730.8,1603.3,1514.4,51.5,446.5,1518.6,1211.1,577.8,228.9,5397.9,4187.2,3093.3,1275.4,3792.6,2925.7,2789.5,2059.3,1823.7,2976.1,1056.0,1842.3,1038.8,3683.7,1561.4,5075.4,8615.4,3578.9,2210.5,141.2
2026-09-29 13:30:00,893.3,471.8,781.4,425.6,947.4,654.6,15.6,45.3,149.3,93.2,301.7,1552.9,7651.3,4723.4,1599.7,1508.9,41.0,458.0,1526.9,1222.4,576.1,238.4,5389.1,4171.8,3090.2,1275.3,3781.0,2930.0,2785.8,2046.0,1824.8,2972.0,1059.4,1829.6,1038.0,3694.4,1555.4,5062.3,8570.8,3572.5,2213.9,141.7
2026-09-29 13:45:00,894.9,470.6,794.5,415.6,944.3,631.9,5.2,44.8,143.4,90.7,296.0,1559.3,7454.3,4707.9,1608.3,1516.0,40.2,457.9,1526.6,1238.1,576.9,245.1,5379.5,4151.5,3091.1,1274.0,3768.2,2933.8,2785.5,2018.1,1824.8,2960.9,1052.8,1799.8,1035.0,3700.7,1545.9,5045.5,8552.8,3567.1,2205.1,141.3
2026-09-29 14:00:00,898.6,466.9,819.6,424.4,942.5,604.4,22.4,44.5,134.9,101.3,248.5,1567.3,7307.5,4681.0,1588.4,1588.8,157.1,305.4,1522.6,1257.0,555.4,260.9,5425.4,4177.7,3085.8,1267.2,3704.6,2879.6,2850.5,2027.6,1839.7,2998.0,1056.7,1757.3,1029.5,3730.3,1536.2,4999.3,8534.4,3578.7,2155.0,143.0
2026-09-29 14:15:00,897.5,509.1,853.7,403.6,945.3,574.8,5.0,43.9,134.7,106.4,232.5,1600.9,7220.9,4695.4,1598.4,1622.1,157.6,305.2,1507.6,1297.9,553.6,267.2,5421.3,4168.5,3082.0,1266.7,3704.1,2884.3,2851.1,2020.5,1840.5,2996.1,1055.8,1774.0,1027.1,3736.5,1530.4,4984.0,8526.8,3577.5,2157.4,142.9
2026-09-29 14:30:00,899.0,467.1,862.9,386.4,907.0,542.4,3.6,43.2,140.5,113.3,231.4,1601.5,7024.1,4677.8,1610.7,1605.7,158.1,305.3,1501.4,1322.1,553.9,274.1,5410.8,4166.7,3085.4,1266.1,3697.2,2889.5,2848.0,2014.1,1839.7,2991.2,1054.4,1773.7,1026.2,3739.9,1526.1,4973.0,8504.6,3571.4,2157.4,142.4
2026-09-29 14:45:00,899.8,533.3,898.3,364.0,905.7,512.8,2.3,55.5,142.6,122.9,193.8,1601.3,7048.0,4690.5,1610.0,1625.2,158.6,292.4,1499.3,1348.2,558.8,277.6,5417.9,4159.7,3086.7,1265.6,3699.5,2904.9,2846.6,2008.6,1842.4,3000.9,1058.6,1813.5,1024.5,3740.5,1523.7,4955.8,8507.9,3563.3,2155.4,141.5
2026-09-29 15:00:00,902.5,523.7,839.5,354.5,867.7,470.1,26.6,39.2,136.5,83.9,267.0,1593.6,7036.9,4633.3,1256.6,1567.3,41.2,333.6,1322.6,1440.1,553.6,307.6,5414.3,4197.2,3083.7,1256.4,3943.3,2663.8,2928.8,2161.7,1802.2,3004.0,1064.2,2117.7,1026.8,3746.7,1527.6,4840.9,8406.9,3543.4,2170.3,136.7
2026-09-29 15:15:00,907.3,510.9,899.7,345.6,871.5,444.9,12.7,31.7,150.8,79.7,244.2,1589.8,6680.8,4650.6,1284.1,1580.9,42.0,333.2,1296.6,1516.6,547.4,312.4,5423.9,4197.3,3093.1,1255.8,3950.8,2684.4,2929.7,2213.1,1805.9,3041.3,1065.1,2209.4,1026.6,3745.2,1528.2,4815.8,8414.5,3537.9,2171.3,135.7
2026-09-29 15:30:00,897.9,499.5,971.2,334.6,873.0,426.1,12.0,34.7,162.9,66.6,269.6,1579.6,6563.5,4613.4,1322.8,1526.3,42.7,332.7,1296.6,1429.4,540.2,321.5,5432.6,4207.5,3114.8,1275.8,3956.7,2797.7,2926.8,2241.4,1805.6,3138.7,1070.5,2822.3,1025.4,3746.1,1527.7,4790.4,8437.0,3550.6,2179.9,135.4
2026-09-29 15:45:00,901.8,491.8,1038.4,334.4,866.8,409.4,12.0,55.5,172.6,95.7,261.1,1570.4,4821.1,4573.3,1377.2,1510.8,43.3,327.9,1292.3,1459.2,525.2,326.7,5441.4,4219.0,3123.4,1273.8,3956.2,3074.0,2934.7,2199.5,1808.3,3142.8,1074.3,3102.3,1027.3,3746.9,1526.2,4729.9,8454.8,3546.9,2182.8,134.7
2026-09-29 16:00:00,908.5,497.3,1106.4,328.9,866.7,400.6,36.3,11.1,193.8,113.2,290.6,1505.8,5094.8,4428.3,1300.5,1522.5,34.0,215.5,1306.2,1698.7,547.5,316.3,5510.8,4190.2,3151.4,1292.7,4345.1,3889.9,2985.7,2076.3,1809.8,3154.0,1087.4,3560.8,1033.4,3830.3,1534.8,4724.3,8441.1,3575.4,2182.2,132.7
2026-09-29 16:15:00,914.6,484.2,1175.3,318.5,870.7,385.1,20.0,10.8,209.5,110.4,262.1,1495.8,4502.4,4447.8,1363.3,1481.6,54.4,177.5,1286.4,2011.8,546.9,592.6,5498.2,4223.3,3166.5,1314.8,4361.9,4019.4,2987.3,2049.0,1805.4,3158.6,1096.3,3944.3,1037.0,3832.1,1539.4,4668.1,8473.1,3589.8,2196.3,132.8
2026-09-29 16:30:00,919.7,483.7,1254.6,502.9,872.5,370.0,20.0,9.5,219.4,92.6,261.6,1481.8,4355.4,4630.8,1443.7,1535.5,54.8,174.6,1282.8,2058.8,553.0,811.7,5486.3,4281.7,3181.4,1313.9,4370.5,4085.8,2983.5,2050.0,1802.2,3150.4,1087.6,4250.9,1040.8,3834.0,1549.7,4641.1,8529.6,3580.2,2204.7,135.9
2026-09-29 16:45:00,924.0,488.9,1320.6,492.6,883.2,396.1,20.0,15.2,235.6,93.7,221.7,1466.2,4295.2,4883.1,1520.7,1703.4,55.2,203.7,1277.4,2127.2,554.1,869.7,5481.2,4347.1,3191.7,1418.0,4367.0,4636.3,2982.6,1762.1,1807.4,3182.3,1091.7,4726.9,1046.6,3835.7,1567.8,4546.2,8592.7,3678.7,2208.5,138.1
2026-09-29 17:00:00,936.8,487.6,1385.9,757.0,897.1,676.5,52.4,125.9,266.2,55.2,497.7,1441.8,4614.5,4657.3,1691.9,1814.9,35.7,94.6,1357.3,2632.4,580.2,862.7,5503.2,4515.9,3194.5,1518.6,4317.8,4681.7,2977.5,1981.0,1801.1,3203.3,1107.9,4472.6,1060.4,3946.3,1591.9,4518.1,8724.4,3753.4,2283.7,185.1
2026-09-29 17:15:00,936.7,536.0,1429.5,760.1,902.8,708.9,44.2,125.3,291.3,43.5,522.3,1421.6,3877.0,4687.5,1796.8,1773.3,35.1,119.9,1341.1,2720.1,575.2,883.1,5498.8,4624.8,3199.2,1516.0,4322.1,4870.9,2976.6,1820.0,1800.8,3182.2,1087.6,4580.4,1062.5,3955.5,1608.1,4501.2,8777.9,3761.0,2276.6,187.2
2026-09-29 17:30:00,942.2,473.2,1457.5,766.7,903.3,728.6,46.8,125.5,330.5,28.8,573.1,1398.1,3828.7,4846.2,1844.0,1707.5,34.7,111.3,1345.4,2748.8,585.8,896.8,5496.0,4722.1,3208.4,1518.8,4326.8,4965.3,2973.0,1634.8,1802.2,3162.1,1092.0,4728.8,1064.2,3965.2,1621.0,4488.4,8825.9,3767.4,2283.2,192.0
2026-09-29 17:45:00,949.0,561.8,1481.5,782.8,910.0,748.5,50.4,125.4,354.6,94.6,536.7,1374.9,3586.4,5143.7,1968.8,1697.5,34.1,106.6,1344.7,2821.0,591.4,928.2,5492.0,4846.5,3212.8,1517.2,4330.3,4991.4,2973.1,1507.3,1801.1,3115.3,1095.9,4793.4,1064.1,3976.6,1631.4,4480.0,8876.3,3786.6,2286.3,197.4
2026-09-29 18:00:00,952.8,660.8,1503.5,796.4,917.5,852.4,57.2,46.5,356.6,86.5,528.7,1326.4,3755.6,4700.5,2058.2,1719.8,111.0,44.5,1348.3,3395.2,592.1,937.5,5585.9,4967.3,3231.9,1580.7,4655.6,5529.4,2941.1,1759.1,1804.8,3319.7,1083.8,4692.1,1060.4,3447.0,1634.7,4436.8,8957.8,3888.2,2271.3,227.1
2026-09-29 18:15:00,960.0,658.0,1516.9,820.9,918.7,848.4,59.1,46.3,372.0,85.1,492.7,1306.4,3551.5,4947.6,2137.1,1724.9,133.2,44.5,1329.7,3454.4,584.2,958.1,5594.9,5051.8,3249.3,1596.3,4655.8,5601.8,2945.2,1621.3,1795.6,3271.3,1079.7,4771.1,1061.7,3477.0,1640.9,4414.9,8965.2,3968.5,2271.0,231.4
2026-09-29 18:30:00,966.4,668.4,1533.8,828.4,926.0,858.7,60.7,48.8,385.7,87.7,501.4,1312.1,3557.7,5250.2,2154.8,1739.6,131.8,44.5,1326.3,3467.6,592.0,970.3,5588.3,5095.0,3264.1,1583.7,4667.4,5618.4,2948.6,1581.3,1797.8,3246.9,1086.9,4795.3,1064.5,3494.3,1644.4,4398.7,8978.6,4015.0,2263.0,273.3
2026-09-29 18:45:00,970.6,692.7,1543.2,837.9,932.4,842.7,62.0,51.1,393.9,98.4,497.9,1302.8,3535.1,5291.8,2205.6,1769.2,123.5,44.4,1324.4,3478.4,587.2,990.4,5600.6,5124.6,3280.5,1640.1,4674.3,5675.4,2951.7,1573.8,1795.7,3256.2,1088.8,4828.9,1071.3,3519.2,1651.4,4329.6,8986.0,4015.5,2258.7,289.9
2026-09-29 19:00:00,967.8,649.0,1541.4,837.7,932.3,852.2,58.4,62.0,404.7,104.8,191.0,1281.3,3570.0,5505.0,2256.8,1814.5,192.8,46.6,1595.5,3914.5,587.8,1014.0,5564.9,5062.6,3313.7,1559.1,4709.4,5734.3,2863.1,1595.9,1819.2,3312.3,1102.9,4983.1,1072.9,3541.3,1662.2,4032.2,8970.7,4145.7,2266.0,284.5
2026-09-29 19:15:00,966.0,646.3,1527.1,850.4,928.7,854.3,57.8,62.2,407.2,104.2,202.3,1269.6,3536.4,5620.7,2263.4,1811.7,190.8,44.6,1575.3,3818.6,581.9,1017.2,5558.4,5093.0,3328.4,1560.4,4723.1,5709.3,2871.9,1624.5,1818.6,3299.3,1109.4,4962.9,1074.8,3552.2,1668.3,4043.1,8974.7,4092.5,2269.8,289.1
2026-09-29 19:30:00,962.3,612.5,1507.9,873.1,923.9,836.2,58.9,62.1,406.4,106.5,210.2,1264.3,3528.8,5603.0,2230.5,1773.2,188.9,64.1,1569.9,3828.7,579.1,1031.9,5563.2,5075.7,3340.0,1563.6,4732.4,5662.6,2876.3,1674.7,1817.1,3298.1,1115.8,4925.1,1072.7,3570.8,1670.6,4044.4,8948.5,4105.3,2266.3,269.3
2026-09-29 19:45:00,957.6,557.1,1478.9,888.1,910.6,823.8,61.2,59.4,404.3,114.2,222.6,1264.2,3825.4,6032.3,2247.9,1800.2,187.0,53.4,1574.9,3715.7,576.8,1051.1,5570.1,5086.0,3349.7,1566.6,4734.0,5480.3,2883.3,1770.2,1826.4,3268.5,1118.6,4804.6,1067.4,3578.2,1670.5,4082.5,8906.3,4057.1,2242.2,275.0
2026-09-29 20:00:00,941.5,552.7,1441.1,775.4,900.2,584.1,59.2,28.6,403.3,114.1,186.5,1362.3,3936.6,6851.1,2055.4,1767.6,180.6,111.8,1647.4,3791.8,550.4,1076.5,5373.1,5018.5,3345.4,1583.3,4824.9,5477.4,2766.9,1679.3,1810.6,3355.7,1124.8,4958.2,1059.5,3260.5,1666.3,3933.4,8759.8,4101.7,2196.2,274.5
2026-09-29 20:15:00,931.6,513.1,1421.3,781.7,888.3,583.3,60.9,24.8,389.9,116.1,182.8,1353.1,3421.8,6255.6,2035.4,1735.4,179.0,112.8,1645.4,3782.4,545.6,1087.4,5378.2,5008.5,3339.5,1583.8,4816.8,5219.1,2768.2,1892.0,1807.0,3338.3,1120.5,4727.1,1055.5,3269.2,1661.9,3977.4,8690.1,4023.6,2162.9,282.2
2026-09-29 20:30:00,922.5,453.2,1392.8,801.7,874.2,560.5,55.3,24.8,385.2,127.7,154.4,1335.2,3948.4,6348.0,1975.1,1756.4,177.5,109.4,1639.2,3787.6,542.2,1104.3,5367.4,4984.9,3334.2,1585.6,4813.0,5188.3,2765.6,1910.5,1811.2,3343.9,1120.9,4712.7,1052.6,3279.9,1656.2,3925.6,8612.7,3994.7,2154.5,285.7
2026-09-29 20:45:00,912.1,435.8,1361.7,820.2,858.9,531.3,52.8,24.8,376.1,125.4,152.0,1338.4,3939.7,6410.7,1965.4,1812.1,175.9,110.7,1640.2,3788.7,543.2,1108.6,5399.8,4971.0,3323.8,1579.4,4807.5,5028.8,2762.7,1931.0,1801.2,3344.6,1117.4,4694.3,1048.6,3285.3,1646.4,3897.3,8545.0,3994.6,2125.1,287.7
2026-09-29 21:00:00,891.5,442.1,1317.3,631.0,842.0,455.3,46.0,24.1,367.9,45.8,217.1,1324.8,3865.7,6371.5,1948.7,1794.7,172.9,75.9,1708.5,3644.0,535.3,1118.7,5360.6,4900.1,3284.6,1611.6,4818.5,4554.5,2697.3,1939.2,1791.6,3275.0,1125.7,5031.0,1043.9,3293.4,1644.4,3942.6,8372.4,3952.2,2069.5,247.6
2026-09-29 21:15:00,872.0,439.7,1277.6,633.3,825.2,433.5,44.3,24.1,360.2,20.0,189.8,1332.8,4499.1,6880.1,1930.7,1793.4,172.0,70.3,1704.1,3652.8,531.2,1122.8,5382.3,4875.8,3259.9,1556.2,4804.5,4358.5,2694.1,2058.9,1790.0,3244.1,1113.2,4770.3,1038.8,3296.7,1627.7,3985.0,8265.9,3964.5,2035.5,248.5
2026-09-29 21:30:00,850.0,433.4,1240.8,622.8,803.8,422.9,43.2,24.1,364.3,17.0,162.8,1340.3,4538.4,6033.5,1917.3,1660.9,157.0,74.6,1699.7,3642.6,526.9,1125.6,5388.3,4884.7,3236.3,1473.8,4794.7,4331.0,2688.0,2097.8,1802.4,3206.4,1109.7,4271.0,1031.5,3296.6,1613.6,4026.4,8156.4,3977.5,2007.8,250.2
2026-09-29 21:45:00,829.1,416.6,1203.9,650.6,785.5,413.2,46.2,24.2,355.7,17.0,143.1,1348.0,5209.8,5933.1,1892.3,1512.0,136.2,74.6,1701.4,3618.8,530.2,1077.8,5369.9,4862.0,3208.3,1462.9,4838.1,4255.0,2683.7,2110.9,1798.6,3193.2,1099.8,4063.9,1025.4,3296.1,1598.0,4015.1,8068.2,3875.1,1971.8,251.0
2026-09-29 22:00:00,811.7,406.6,1156.7,661.6,763.1,398.5,1.1,23.2,335.4,7.1,193.3,1389.1,4913.0,5812.7,1801.9,1450.6,7.0,116.1,1622.1,3633.8,500.1,1142.0,5270.0,4841.9,3148.6,1440.4,4829.1,4230.6,2668.2,2191.8,1816.2,3142.4,1079.0,3913.1,1020.6,3273.1,1521.0,3794.9,7914.1,3959.0,1915.9,257.0
2026-09-29 22:15:00,793.9,400.7,1128.5,663.9,744.7,397.5,1.2,23.1,331.3,3.3,177.3,1395.6,5027.6,5754.0,1754.4,1425.6,5.8,113.8,1621.7,3649.0,500.1,1146.8,5220.3,4770.1,3116.2,1441.7,4806.3,4119.5,2665.3,2195.5,1814.5,3143.0,1069.8,3805.5,1013.9,3267.7,1506.7,3784.0,7811.0,3894.3,1875.2,257.7
2026-09-29 22:30:00,777.9,409.2,1100.5,468.1,732.6,391.7,3.7,23.0,325.6,21.2,139.4,1400.3,5067.5,5866.9,1740.0,1469.7,5.6,113.5,1617.1,3661.3,496.7,909.3,5186.6,4728.0,3077.2,1439.0,4781.4,4062.1,2655.0,2158.5,1804.8,3119.5,1080.5,3613.6,1008.5,3261.3,1494.5,3760.7,7715.3,3907.5,1847.8,257.8
2026-09-29 22:45:00,762.7,395.6,1073.4,469.3,718.5,387.2,3.7,23.0,320.3,6.5,156.3,1404.5,5119.6,5692.2,1728.7,1445.9,5.4,113.2,1618.1,3668.0,498.1,693.1,5150.2,4693.7,3036.2,1439.3,4755.2,4013.4,2648.0,2157.3,1800.8,3098.6,1072.7,3426.7,1004.2,3252.6,1485.2,3747.8,7629.8,3903.2,1813.4,258.5
2026-09-29 23:00:00,768.1,375.2,1059.3,470.2,697.9,381.9,13.1,15.0,320.5,30.5,239.3,1414.8,4884.8,5600.4,1706.1,1459.8,5.2,122.2,1408.2,3494.3,466.0,728.4,4939.7,4609.4,2928.8,1418.5,4512.4,3969.6,2611.9,2279.5,1792.7,2979.2,1055.5,2601.7,999.6,3241.4,1482.0,3763.4,7522.0,3916.1,1766.9,270.8
2026-09-29 23:15:00,757.0,372.9,1048.3,443.5,686.7,381.2,14.7,15.3,314.6,27.2,235.3,1420.3,5191.2,5561.3,1680.8,1459.9,5.6,122.4,1407.9,3300.8,468.6,732.8,4911.2,4586.2,2885.5,1417.6,4482.4,3811.8,2601.2,2232.8,1785.5,2947.9,1043.5,2444.0,994.6,3232.3,1471.4,3750.4,7446.7,3903.2,1733.5,267.0
2026-09-29 23:30:00,754.2,370.9,1034.7,435.8,667.1,380.9,14.8,15.0,306.8,31.3,239.1,1425.9,5240.9,5500.0,1687.2,1447.7,5.9,121.8,1407.5,3296.0,467.5,729.1,4868.7,4564.6,2839.2,1418.4,4462.8,3665.2,2587.8,2190.7,1777.6,2918.1,1029.4,2297.8,987.8,3225.8,1459.4,3739.5,7385.9,3904.8,1713.6,268.8
2026-09-29 23:45:00,806.3,363.4,1022.2,424.9,657.8,380.6,14.7,15.0,301.2,20.9,238.9,1431.3,5258.7,5466.1,1672.2,1448.9,6.3,120.1,1407.3,3291.0,467.0,723.4,4829.6,4526.1,2796.0,1418.6,4433.9,3606.6,2577.1,2120.0,1774.0,2872.9,1014.9,1867.4,979.1,3222.0,1444.2,3723.2,7323.0,3942.9,1686.6,262.7
2026-09-30 00:00:00,771.5,283.1,1096.0,353.2,692.7,456.0,27.0,41.7,283.8,10.5,213.1,1465.9,4520.0,5757.3,1539.1,1466.7,29.8,219.2,1071.7,3438.6,482.7,876.1,4870.4,4267.7,2670.5,1481.2,4170.5,2940.9,2527.0,2344.6,1669.8,2841.6,1114.9,1478.9,979.5,3654.1,1434.6,3824.7,7183.7,3910.9,1589.9,273.1
2026-09-30 00:15:00,796.1,263.9,1091.2,367.5,680.0,455.5,27.0,36.0,284.0,6.0,200.1,1470.3,4493.8,5696.6,1556.8,1470.6,30.3,218.8,1083.9,3357.1,481.3,866.7,4854.8,4258.0,2639.8,1477.9,4156.0,2931.5,2523.1,2331.5,1664.9,2841.1,1158.5,1459.0,976.5,3635.9,1422.8,3850.9,7136.7,3895.5,1571.8,263.9
2026-09-30 00:30:00,747.9,361.2,1303.8,363.8,666.8,454.7,27.0,35.2,281.5,14.8,205.1,1478.0,5310.4,5502.6,1504.8,1464.7,30.8,219.3,1078.6,3615.7,468.8,866.9,4841.5,4218.5,2609.3,1478.2,4136.3,2934.8,2509.1,2364.9,1663.3,2876.1,1110.7,1459.2,972.7,3616.7,1413.4,3835.2,7085.4,3900.7,1582.5,270.0
2026-09-30 00:45:00,742.2,360.6,1300.0,364.0,661.3,453.9,27.0,35.1,274.3,32.0,227.4,1484.1,5391.3,5453.2,1529.7,1473.8,11.3,220.7,1080.5,3454.1,474.4,883.9,4795.2,4171.3,2581.5,1479.8,4117.8,2947.7,2496.2,2370.5,1657.2,2894.7,1090.7,1498.6,968.9,3599.0,1403.8,3816.7,7050.0,3899.7,1577.3,266.4
2026-09-30 01:00:00,819.6,370.0,1292.4,341.9,666.7,449.6,100.0,32.9,269.7,6.0,144.5,1503.6,5289.1,5570.9,1459.4,1512.5,31.8,217.0,1075.0,3384.0,472.1,882.6,4719.5,4154.6,2531.1,1453.8,3665.4,2902.2,2465.9,2352.5,1657.4,2802.8,1126.7,1427.0,963.5,3578.6,1385.7,3950.1,7095.0,4002.1,1551.5,243.8
2026-09-30 01:15:00,814.2,369.7,1285.5,326.9,662.1,446.6,100.0,32.8,272.5,6.0,179.2,1507.6,5402.0,5373.6,1438.7,1505.2,32.5,217.4,1074.1,3400.3,472.1,886.0,4719.9,4123.3,2510.1,1450.7,3651.1,2904.8,2462.2,2398.0,1653.6,2837.4,1143.2,1427.0,962.3,3559.8,1385.2,3966.9,7056.8,3999.4,1541.4,244.8
2026-09-30 01:30:00,813.0,369.6,1279.0,313.4,663.1,445.9,100.0,32.6,330.3,10.4,176.7,1509.9,5399.5,5310.6,1417.0,1499.4,13.2,217.7,1071.1,3398.2,471.6,884.0,4686.9,4080.7,2490.0,1452.8,3639.7,2905.9,2456.4,2461.0,1652.4,2868.3,1132.9,1426.9,957.8,3539.5,1386.5,3984.7,7023.6,3981.0,1534.7,244.7
2026-09-30 01:45:00,797.3,376.7,1275.0,295.1,665.7,444.6,102.7,33.3,366.7,10.8,190.9,1513.7,5511.9,5270.4,1379.8,1503.3,13.8,221.4,1066.4,3398.2,476.0,891.9,4702.0,4037.6,2470.2,1450.8,3627.1,2909.3,2450.8,2483.9,1657.0,2881.9,1056.2,1443.6,955.9,3518.1,1389.9,3997.6,7001.9,3976.2,1530.0,244.9
2026-09-30 02:00:00,825.5,384.5,1274.6,284.1,625.8,533.3,100.0,10.5,358.6,10.6,167.1,1518.5,5431.1,5141.4,1645.7,1503.9,34.5,233.8,1035.5,3433.5,448.6,841.7,4574.5,3992.2,2434.4,1317.4,3568.3,2928.7,2433.7,2386.9,1673.6,2808.8,1115.6,1372.3,959.7,3485.8,1388.5,4152.1,7096.9,4005.4,1529.9,238.1
2026-09-30 02:15:00,800.3,383.8,1275.5,262.5,625.8,531.3,100.0,11.3,354.9,13.8,125.8,1521.3,5542.5,5068.2,1642.1,1504.8,35.0,234.0,1032.5,3471.5,446.6,844.9,4568.1,3928.1,2423.0,1316.1,3557.9,2951.5,2431.2,2453.7,1671.9,2841.8,1088.8,1418.9,958.2,3464.5,1399.8,4172.4,7049.5,4008.0,1529.3,239.9
2026-09-30 02:30:00,813.2,382.7,1272.5,252.7,625.8,529.7,102.0,11.1,354.8,14.0,196.0,1525.2,5597.6,5015.9,1632.4,1508.2,15.4,230.9,1025.7,3493.0,445.6,838.4,4588.3,3864.3,2412.4,1313.8,3548.9,2944.4,2428.4,2488.2,1672.3,2844.2,1106.2,1418.7,955.1,3443.3,1411.4,4204.4,7074.9,4017.1,1521.0,239.7
2026-09-30 02:45:00,777.8,382.0,1274.4,243.3,627.1,528.5,102.7,11.3,355.9,14.0,248.2,1526.5,5641.6,4980.3,1612.5,1510.8,15.9,234.5,1028.2,3492.1,447.5,845.9,4586.8,3814.6,2401.9,1313.5,3542.5,2947.5,2427.7,2523.9,1670.7,2865.9,1099.7,1418.7,955.6,3420.7,1424.9,4234.2,7041.5,4032.2,1516.2,246.7
2026-09-30 03:00:00,770.5,298.5,1194.4,240.0,629.6,528.0,99.0,45.7,357.8,16.0,218.2,1534.7,5585.3,4986.3,1655.3,1524.8,0.1,202.6,1023.9,3348.6,437.1,822.1,4541.3,3734.8,2382.2,1305.1,3633.0,3069.4,2420.8,2446.1,1668.8,2834.8,1102.2,1431.8,958.3,3389.9,1438.4,4334.7,6835.7,3908.0,1509.6,234.2
2026-09-30 03:15:00,765.5,306.8,1200.9,233.3,629.9,528.2,101.7,45.7,355.9,14.3,272.6,1534.8,5566.5,4932.1,1643.7,1523.0,0.0,202.8,1025.0,3363.1,434.5,818.9,4545.2,3682.3,2373.2,1305.3,3628.9,3080.4,2419.5,2474.7,1667.6,2856.4,1098.8,1432.4,959.7,3365.5,1449.1,4354.9,6808.9,3922.7,1502.1,244.9
2026-09-30 03:30:00,755.9,305.7,1209.5,223.2,621.8,530.3,99.0,43.8,360.8,13.5,278.8,1535.0,5562.0,4880.3,1617.6,1522.9,0.0,203.4,1025.8,3346.1,428.1,823.6,4554.5,3629.6,2365.9,1305.6,3624.4,3086.3,2416.9,2481.8,1666.4,2858.8,1082.6,1447.9,961.8,3340.7,1458.7,4375.4,6798.8,3934.5,1504.3,245.7
2026-09-30 03:45:00,766.9,341.2,1221.8,213.5,630.1,536.1,99.0,44.9,364.5,16.4,262.0,1534.8,5528.9,4751.0,1589.6,1526.4,0.1,203.8,1028.7,3336.3,428.0,822.0,4582.6,3605.6,2363.2,1305.8,3624.5,3080.2,2416.8,2503.8,1667.3,2917.3,1088.0,1431.9,964.6,3313.2,1466.6,4403.8,6777.8,3962.6,1499.9,246.6
2026-09-30 04:00:00,829.7,402.2,1240.8,214.5,627.1,538.9,29.7,33.7,361.5,11.4,364.7,1523.2,5578.1,4804.5,1631.0,1530.3,0.0,174.4,991.6,3453.0,434.4,836.4,4766.7,3661.5,2356.8,1300.7,3650.9,3525.4,2415.3,2515.9,1665.8,2856.2,1100.0,1382.3,971.7,3307.6,1481.2,4519.4,6807.3,3977.2,1505.6,246.7
2026-09-30 04:15:00,835.5,401.7,1272.1,207.9,638.2,538.1,29.8,34.6,375.3,11.4,352.8,1521.4,5462.0,4698.1,1645.3,1528.6,0.0,174.0,985.4,3456.1,432.6,836.1,4816.1,3607.4,2362.3,1301.0,3655.9,3512.5,2417.1,2504.6,1672.9,2908.4,1098.3,1381.9,975.2,3276.7,1493.8,4538.4,6815.4,3979.2,1515.4,243.3
2026-09-30 04:30:00,860.5,333.3,1091.9,203.8,653.4,536.7,27.0,35.9,373.9,11.4,357.5,1519.7,5358.9,4666.3,1589.5,1530.0,13.1,167.0,986.9,3474.8,427.7,838.3,4842.2,3552.0,2367.8,1301.3,3661.9,3521.8,2416.8,2556.7,1669.3,2946.2,1098.8,1381.8,981.3,3247.3,1506.6,4557.8,6839.6,3986.0,1518.7,242.4
2026-09-30 04:45:00,864.3,400.5,1143.8,210.4,670.7,535.9,27.0,33.5,379.9,11.4,325.0,1517.8,5343.0,4658.4,1574.5,1531.6,13.6,167.1,990.6,3474.0,426.8,851.3,4914.8,3513.3,2376.4,1301.6,3667.4,3558.3,2417.4,2586.3,1668.6,3025.5,1099.1,1431.0,985.7,3216.2,1521.8,4580.2,6872.3,3995.2,1531.4,256.5
2026-09-30 05:00:00,799.9,415.6,1222.8,191.9,702.3,587.0,41.7,44.4,399.5,6.0,292.2,1478.3,5483.0,4621.3,1380.7,1526.3,88.7,166.3,996.4,3586.4,432.8,821.1,5198.6,3614.0,2417.0,1426.5,3705.4,3452.7,2435.7,2600.2,1634.8,2958.7,1069.0,1509.4,996.8,3206.2,1543.8,4638.8,6983.6,4094.5,1556.5,287.6
2026-09-30 05:15:00,811.1,431.5,1279.8,190.3,725.5,588.4,39.0,45.6,309.9,6.0,290.2,1474.4,5448.0,4580.2,1348.9,1534.0,108.4,167.4,1004.8,3576.4,433.8,821.1,5216.3,3563.6,2452.7,1426.5,3728.0,3459.8,2446.2,2597.4,1638.7,2991.7,1039.6,1518.9,1003.1,3176.9,1563.6,4666.5,7087.5,4101.9,1589.2,291.8
2026-09-30 05:30:00,830.9,430.9,1340.6,178.2,744.0,591.9,39.0,47.2,320.8,6.0,321.3,1468.8,4688.0,4561.9,1303.4,1538.1,108.1,168.0,1011.4,3589.8,435.5,810.8,5246.6,3530.8,2489.1,1426.4,3756.6,3469.6,2455.3,2608.3,1645.1,3029.2,1048.2,1673.1,1010.0,3148.4,1580.5,4693.4,7199.4,4108.3,1621.5,297.7
2026-09-30 05:45:00,846.3,487.4,1375.6,192.7,753.2,622.1,39.0,47.4,322.3,6.0,222.9,1461.4,4645.8,4734.0,1273.7,1547.3,107.7,193.1,1023.9,3587.6,446.8,812.0,5263.6,3525.5,2534.0,1429.4,3779.2,3509.0,2469.2,2644.9,1650.1,3088.6,1060.0,1934.6,1016.4,3121.9,1589.9,4722.7,7313.5,4228.5,1665.9,304.5
2026-09-30 06:00:00,874.1,438.3,1434.8,380.2,797.6,787.0,12.0,90.7,340.9,27.7,177.2,1490.6,4572.0,4817.3,1363.7,1704.5,159.1,163.7,1112.0,3820.7,478.6,793.3,5593.9,3833.1,2716.8,1376.7,3825.8,3747.6,2557.3,2748.6,1686.1,3091.6,958.2,2688.0,1024.6,3111.5,1644.1,4777.2,7663.6,4292.9,1743.6,284.4
2026-09-30 06:15:00,887.0,508.6,1446.7,380.9,816.0,800.0,12.0,89.4,336.9,34.7,175.4,1475.9,4597.7,5666.7,1386.0,1872.5,158.7,207.0,1129.1,3779.3,492.0,790.2,5650.8,3809.4,2789.3,1379.9,3866.4,3948.3,2581.6,2754.2,1693.9,3151.3,978.4,2960.6,1042.5,3094.0,1660.7,4809.3,7838.0,4300.2,1804.4,286.3
2026-09-30 06:30:00,908.5,547.8,1452.3,606.5,829.0,837.0,12.0,93.1,353.9,86.9,190.6,1456.0,3373.3,5014.0,1365.5,2008.4,158.2,213.2,1148.4,3752.5,510.5,792.9,5662.7,3910.5,2865.2,1386.1,3916.2,4070.9,2592.6,2751.7,1702.4,3257.9,1000.2,3442.3,1062.9,3082.1,1678.8,4838.2,8017.1,4302.3,1856.9,284.4
2026-09-30 06:45:00,905.1,607.2,1449.4,606.6,845.8,847.5,12.0,92.8,382.8,101.8,200.9,1447.8,3399.0,5296.3,1417.5,1978.0,157.7,216.1,1162.0,3739.6,528.3,797.8,5721.0,3899.4,2943.1,1466.1,3955.7,4144.7,2618.6,2747.9,1710.7,3311.7,1004.0,3624.1,1083.3,3071.0,1696.6,4868.0,8184.9,4308.3,1910.7,289.2
2026-09-30 07:00:00,919.9,556.4,1472.2,719.9,873.0,911.9,1.0,59.9,407.2,117.1,427.9,1513.3,3423.9,5164.6,1500.6,2014.4,123.7,184.3,1236.6,3745.9,515.3,1307.7,5803.6,3854.6,3126.3,1669.7,4121.5,4346.7,2682.5,2641.7,1762.4,3435.5,1051.2,4627.6,1109.2,2987.3,1809.9,4807.3,8398.4,4418.2,2000.2,293.0
2026-09-30 07:15:00,927.1,539.6,1480.3,725.8,891.5,909.1,1.0,59.1,423.2,120.0,425.7,1497.5,3467.6,5213.6,1531.1,2048.5,123.8,189.2,1245.1,3825.8,525.1,1312.4,5839.2,3880.7,3184.8,1670.2,4148.4,4393.3,2703.3,2635.5,1769.6,3442.9,1068.3,4679.2,1120.5,2978.3,1819.5,4829.4,8492.1,4486.4,2035.4,322.2
2026-09-30 07:30:00,932.4,551.8,1470.0,729.6,904.1,918.8,1.1,60.8,435.4,117.4,437.1,1478.3,3470.3,5334.0,1551.3,2058.9,123.9,192.0,1251.1,3818.6,528.7,1316.8,5876.5,3867.0,3225.0,1672.1,4174.0,4397.0,2714.9,2639.6,1776.3,3452.7,1078.9,4763.8,1130.9,2969.8,1825.4,4854.6,8558.6,4543.4,2052.0,324.9
2026-09-30 07:45:00,935.5,561.6,1447.2,736.2,907.4,926.0,1.0,57.7,449.5,115.4,439.8,1471.4,3521.2,5381.6,1565.7,2064.8,124.0,201.4,1265.6,3810.3,541.3,1330.6,5892.2,3853.7,3260.8,1670.7,4185.2,4388.7,2739.1,2645.3,1784.6,3468.4,1084.8,4724.3,1131.4,2961.3,1828.9,4873.9,8618.4,4567.5,2075.9,323.0
2026-09-30 08:00:00,929.9,661.7,1395.4,780.8,906.2,740.5,22.0,43.3,467.6,93.7,472.4,1336.1,3570.2,5198.5,1846.4,2113.3,131.1,206.9,1388.8,3710.7,524.8,1347.7,5956.4,3838.6,3329.0,1759.7,4307.4,4883.1,2788.4,2738.5,1780.2,3295.0,1097.9,4783.1,1124.9,3053.2,1815.0,4877.4,8630.0,4690.9,2078.2,332.6
2026-09-30 08:15:00,927.0,666.7,1358.5,788.5,914.8,746.4,22.0,42.5,466.7,98.8,496.4,1322.7,3616.0,5199.7,1827.3,2043.9,132.1,186.8,1386.6,3658.8,515.1,1318.4,5958.4,3799.3,3339.0,1759.4,4308.4,4895.0,2794.3,2725.3,1778.0,3290.1,1100.2,4797.1,1130.7,3049.2,1812.4,4888.8,8632.6,4678.3,2079.2,306.9
2026-09-30 08:30:00,932.9,667.9,1308.8,588.4,915.4,764.1,22.0,43.1,467.7,98.9,502.3,1325.4,3628.5,5395.1,1800.8,2015.1,133.0,127.0,1376.6,3620.5,508.1,1305.7,5943.7,3824.5,3348.4,1807.5,4307.1,4727.3,2791.2,2736.9,1782.9,3308.1,1105.7,4789.7,1141.5,3047.3,1810.5,4897.3,8635.7,4598.2,2077.7,305.8
2026-09-30 08:45:00,922.3,662.7,1254.5,585.0,911.2,764.9,27.8,48.7,478.6,77.8,527.1,1328.9,3743.6,4867.5,1767.4,2013.1,133.9,204.4,1384.5,3621.3,517.7,1320.2,5927.1,3778.6,3350.8,1759.1,4384.0,4479.9,2793.5,2736.8,1784.3,3329.1,1114.0,4828.1,1147.4,3044.8,1808.4,4904.5,8626.6,4524.7,2072.8,309.4
2026-09-30 09:00:00,915.1,764.4,1180.5,371.3,904.9,688.2,12.0,42.5,451.6,95.0,233.4,1324.4,4428.5,5979.8,1640.8,2068.3,0.0,213.6,1615.7,3533.5,489.9,1300.7,5792.6,3708.5,3351.6,1772.3,4590.1,4566.3,2790.4,2725.3,1763.9,3012.3,1108.0,4767.3,1135.8,3428.9,1809.1,4941.7,8511.6,4451.4,2036.9,306.5
2026-09-30 09:15:00,914.0,755.4,1130.5,336.2,895.2,704.4,12.2,37.4,441.4,99.6,241.2,1327.7,4540.7,5756.5,1582.2,2020.0,0.0,207.4,1605.2,3521.3,482.3,1280.6,5794.4,3670.0,3346.8,1770.3,4624.3,4229.9,2788.3,2736.1,1763.6,3014.6,1105.1,4757.4,1134.0,3429.2,1805.5,4934.0,8498.5,4444.6,2020.3,305.1
2026-09-30 09:30:00,905.9,750.2,1079.1,318.5,893.3,689.0,12.3,45.2,410.9,104.9,244.0,1333.3,4572.6,4997.1,1581.2,1931.7,0.0,189.6,1593.4,3518.1,474.6,1175.3,5788.1,3663.0,3346.5,1744.2,4679.3,4005.1,2781.3,2736.0,1760.8,3016.3,1125.7,4790.5,1134.5,3428.8,1800.8,4921.7,8492.2,4396.9,2003.6,305.7
2026-09-30 09:45:00,895.8,718.4,1027.7,325.4,888.8,695.8,24.4,47.6,386.1,44.5,257.1,1337.9,4655.5,4853.0,1540.7,1778.8,0.0,154.0,1584.6,3373.5,464.3,794.2,5810.6,3630.9,3344.5,1618.9,4667.0,3931.2,2776.5,2738.3,1761.8,2996.2,1121.4,4506.7,1131.8,3428.8,1793.1,4917.0,8470.8,4383.6,1987.7,305.4
2026-09-30 10:00:00,890.4,709.7,990.5,240.2,885.6,617.8,109.0,111.3,359.7,32.2,195.0,1348.9,4730.4,4931.5,1706.5,1672.7,7.6,289.6,1548.7,3241.3,484.7,782.6,5730.6,3608.7,3322.6,1557.3,4684.2,3966.3,2762.9,2719.1,1640.5,2822.7,977.3,3806.8,1110.1,3383.0,1686.6,4886.3,8456.0,4318.7,1987.1,337.0
2026-09-30 10:15:00,888.3,702.9,940.1,246.3,883.8,629.5,109.0,88.4,347.8,34.5,190.1,1354.4,5333.3,4871.0,1688.0,1709.9,27.8,288.6,1557.6,3204.4,483.1,802.9,5695.6,3544.3,3313.0,1552.0,4679.5,3703.3,2760.9,2717.9,1676.0,2778.2,987.8,3151.9,1105.7,3383.9,1673.7,4842.8,8439.2,4314.4,1971.4,341.3
2026-09-30 10:30:00,883.0,711.9,897.4,239.8,882.6,651.7,109.0,91.4,332.1,29.1,252.2,1360.2,6189.1,4866.9,1672.4,1756.3,16.4,247.6,1551.1,3057.9,481.4,811.9,5714.8,3542.2,3307.6,1544.5,4706.8,3506.9,2743.3,2700.6,1667.7,2680.2,1108.0,2877.6,1101.7,3384.1,1659.7,4798.6,8392.2,4313.3,1956.0,346.0
2026-09-30 10:45:00,872.6,724.3,856.5,252.5,876.4,661.8,122.4,92.2,372.4,24.7,254.8,1363.5,6576.7,4848.0,1628.9,1768.6,36.7,215.6,1551.0,3026.1,479.8,816.7,5703.4,3542.0,3305.4,1548.2,4729.8,3424.8,2739.0,2694.8,1663.7,2641.6,1097.0,2720.1,1101.6,3384.6,1646.4,4759.1,8355.5,4316.0,1934.6,350.1
2026-09-30 11:00:00,907.8,704.8,827.4,264.8,905.3,674.5,17.0,59.8,399.0,22.6,332.4,1354.6,6369.3,4860.7,1709.0,1765.9,43.5,332.0,1413.5,2562.2,481.4,816.3,5621.8,3484.6,3298.4,1528.9,4428.0,2956.4,2722.3,2723.2,1711.9,2630.4,1091.0,2655.6,1098.0,3377.2,1676.2,4723.8,8283.5,4241.8,1895.0,357.8
2026-09-30 11:15:00,902.5,722.1,1020.9,276.3,899.9,682.3,18.5,52.2,341.3,25.5,272.7,1357.8,6676.9,4835.6,1703.1,1781.5,49.6,316.0,1406.1,2560.8,480.5,805.0,5611.3,3456.6,3283.2,1529.3,4415.0,2965.5,2719.4,2729.2,1710.3,2642.6,1081.6,2722.1,1095.0,3378.6,1700.2,4712.8,8252.1,4254.2,1865.2,362.4
2026-09-30 11:30:00,895.5,729.2,1002.7,296.2,901.2,691.0,20.1,46.4,297.1,42.1,297.4,1363.2,6753.7,4831.8,1656.5,1791.7,50.4,325.5,1406.3,2359.4,479.3,815.6,5598.6,3466.7,3276.2,1526.5,4415.0,2847.8,2711.9,2727.7,1708.7,2615.8,1079.4,2592.4,1092.5,3379.9,1686.3,4708.8,8232.9,4261.4,1849.1,373.3
2026-09-30 11:45:00,904.0,742.6,994.2,291.7,903.2,704.3,36.2,48.2,296.4,42.7,295.5,1365.8,7059.1,4799.1,1645.1,1792.6,49.6,296.8,1437.0,2304.5,484.7,797.1,5613.2,3472.8,3271.9,1530.1,4416.0,2806.0,2709.9,2729.8,1710.3,2608.5,1075.2,2570.1,1089.6,3381.5,1669.0,4706.4,8215.4,4269.9,1820.9,369.5
2026-09-30 12:00:00,906.1,743.8,1076.6,296.0,898.9,611.7,20.1,52.8,321.1,40.4,313.2,1369.7,6814.3,4775.1,1932.0,1691.9,46.1,339.8,1390.3,2332.4,484.3,820.3,5523.2,3487.3,3256.5,1458.9,4316.2,2656.8,2619.9,2596.4,1759.0,2664.0,1071.1,2420.7,1099.4,3371.4,1664.4,4723.0,8187.9,4229.9,1771.5,386.4
2026-09-30 12:15:00,906.6,749.5,1086.9,299.4,909.5,609.4,20.1,53.4,280.1,71.3,308.5,1374.9,7215.8,4760.8,1950.2,1668.8,44.6,314.6,1416.0,2323.6,500.7,811.1,5532.7,3484.1,3250.6,1459.0,4334.3,2562.8,2623.4,2595.4,1755.9,2644.0,1070.7,2241.6,1098.9,3374.5,1649.6,4738.9,8165.8,4232.6,1751.8,392.9
2026-09-30 12:30:00,884.8,751.4,1073.2,301.6,945.2,609.0,36.2,56.5,292.7,70.6,307.0,1380.0,7252.7,4803.7,1951.3,1659.5,43.6,317.9,1512.6,2314.0,488.4,816.9,5512.3,3485.7,3245.1,1459.0,4337.3,2545.9,2619.3,2579.3,1754.5,2618.7,1069.0,2023.6,1096.0,3377.1,1637.9,4754.2,8144.1,4235.7,1739.7,398.4
2026-09-30 12:45:00,829.9,751.1,1073.6,308.7,947.1,601.8,36.2,58.2,298.9,69.4,349.3,1383.4,7346.2,4821.0,1947.0,1649.4,42.8,290.3,1583.2,2303.0,495.7,814.9,5497.1,3488.0,3238.2,1454.6,4328.6,2542.9,2618.5,2578.5,1760.0,2600.4,1064.2,1907.9,1096.1,3379.8,1622.8,4772.3,8145.0,4237.7,1733.3,401.9
2026-09-30 13:00:00,826.0,772.4,1076.3,311.3,959.0,596.0,52.9,55.2,321.2,37.0,304.0,1390.6,7222.4,4784.3,1636.2,1638.0,43.7,353.3,1605.2,2271.3,533.5,811.1,5572.4,3494.5,3219.5,1446.5,4214.4,2388.4,2608.2,2542.5,1749.8,2573.5,1066.8,1806.8,1088.6,3376.6,1599.1,4818.4,8232.8,4338.1,1739.9,410.6
2026-09-30 13:15:00,825.8,771.0,1077.5,295.1,960.2,584.9,52.8,55.6,330.2,50.5,294.9,1392.4,7279.6,4741.3,1627.4,1621.8,42.8,347.1,1615.1,2268.5,533.5,819.9,5573.8,3487.3,3217.6,1446.4,4218.5,2389.3,2609.2,2543.4,1750.5,2566.9,1065.4,1804.7,1089.6,3379.6,1588.8,4845.4,8241.7,4340.1,1739.5,412.7
2026-09-30 13:30:00,830.1,767.2,1093.7,280.4,958.3,572.8,52.8,53.9,341.2,48.3,308.1,1390.7,7274.3,4710.3,1653.6,1617.2,41.9,333.3,1625.5,2434.9,540.7,825.4,5550.7,3479.2,3215.6,1446.2,4218.8,2389.5,2606.1,2523.9,1750.6,2557.8,1068.3,1806.1,1088.1,3383.3,1586.9,4871.3,8230.9,4340.5,1734.6,413.4
2026-09-30 13:45:00,820.6,758.4,1110.9,271.2,955.0,562.7,52.0,51.7,358.8,29.0,327.0,1390.3,7309.4,4667.7,1670.3,1615.2,41.0,333.4,1612.5,2510.4,529.5,831.9,5620.5,3567.3,3218.2,1444.9,4216.8,2390.9,2607.2,2520.8,1750.0,2553.3,1064.0,1805.1,1084.8,3385.9,1594.7,4897.2,8216.7,4298.5,1725.0,413.8
2026-09-30 14:00:00,863.7,722.2,1122.3,279.5,922.7,557.9,26.7,33.6,367.0,53.9,319.9,1387.3,7158.7,4564.6,1556.5,1602.7,38.9,270.9,1698.6,2456.3,513.2,844.3,5528.2,3536.9,3219.1,1433.7,4120.4,2388.8,2606.5,2521.7,1819.0,2648.8,1070.3,1725.6,1079.5,3360.6,1599.1,4968.0,8249.2,4357.6,1721.1,390.7
2026-09-30 14:15:00,869.8,731.0,1159.2,285.6,912.6,540.0,15.8,33.9,389.1,38.7,316.5,1384.8,7076.1,4554.2,1599.7,1631.6,38.2,268.1,1681.3,2501.8,499.6,851.0,5517.3,3558.8,3220.6,1433.3,4120.6,2389.6,2608.1,2523.2,1822.4,2647.9,1069.7,1726.9,1077.6,3362.3,1609.2,4993.2,8213.4,4283.2,1721.3,396.2
2026-09-30 14:30:00,823.7,727.9,1206.4,267.6,883.8,519.8,9.7,32.8,421.9,38.2,330.6,1380.6,7015.3,4485.4,1661.3,1605.9,37.9,268.3,1527.1,2500.3,493.1,855.3,5507.9,3567.0,3224.8,1433.2,4115.5,2385.5,2606.9,2515.1,1816.6,2634.2,1070.8,1721.1,1078.5,3363.8,1615.9,5019.1,8192.2,4259.4,1721.7,400.2
2026-09-30 14:45:00,842.8,728.8,1234.6,291.4,877.1,499.9,9.2,31.6,449.0,38.3,301.9,1378.1,6662.1,4456.0,1709.9,1588.7,37.7,274.8,1490.3,2555.4,498.7,871.0,5489.2,3588.4,3228.9,1433.0,4116.7,2390.7,2600.8,2511.0,1819.2,2633.1,1074.5,1723.5,1079.0,3365.2,1613.1,5043.0,8189.7,4245.4,1724.7,397.2
2026-09-30 15:00:00,842.2,600.6,1182.5,287.8,865.5,480.7,60.6,39.8,416.2,15.8,352.1,1365.7,6780.5,4391.7,1501.1,1455.4,35.5,197.6,1299.6,2747.9,477.3,917.7,5481.8,3681.7,3237.3,1265.9,4104.1,2604.7,2668.8,2654.3,1839.5,2738.6,1080.8,1609.7,1084.9,3364.3,1610.4,5075.8,8099.8,4197.0,1731.9,393.6
2026-09-30 15:15:00,886.8,679.4,1239.6,298.9,863.4,463.1,52.3,42.2,441.3,15.2,347.3,1359.5,6462.8,4335.8,1521.0,1463.3,35.6,292.7,1286.6,2818.2,463.0,936.0,5570.3,3793.9,3241.8,1262.3,4108.3,2605.0,2666.7,2679.5,1846.4,2745.7,1086.4,1609.9,1085.8,3367.0,1606.5,5097.4,8112.6,4195.2,1739.4,385.7
2026-09-30 15:30:00,839.6,708.5,1298.6,296.4,861.5,471.0,52.0,42.2,488.5,15.0,344.3,1351.4,6397.1,4283.6,1608.2,1430.8,35.7,295.7,1291.2,2959.7,462.7,949.0,5571.6,3798.6,3248.9,1266.0,4123.8,2751.0,2668.5,2712.5,1843.4,2770.4,1092.5,1837.0,1083.2,3369.3,1603.9,5119.3,8137.9,4227.7,1749.7,375.7
2026-09-30 15:45:00,876.1,674.9,1133.8,289.6,858.0,440.5,52.0,43.6,455.0,14.9,346.0,1345.9,4885.8,4183.3,1701.9,1374.7,37.2,294.2,1294.2,2956.0,472.2,937.2,5610.9,3814.8,3262.8,1266.4,4132.9,2888.9,2672.2,2765.7,1843.5,2792.2,1096.9,2130.9,1081.7,3372.0,1604.9,5140.3,8158.6,4336.7,1763.3,373.2
2026-09-30 16:00:00,853.8,668.6,1195.4,500.4,854.5,417.7,102.6,58.6,431.4,8.4,386.1,1327.8,4952.9,4047.9,1802.2,1471.4,45.8,227.7,1303.4,2956.8,459.1,920.7,5761.6,3770.5,3310.7,1293.5,4413.2,2821.2,2637.0,2809.9,1856.6,2731.3,1101.0,2597.2,1082.4,3530.9,1611.0,5203.8,8174.8,4391.3,1771.1,397.4
2026-09-30 16:15:00,860.7,718.1,1248.8,493.8,858.7,418.0,88.0,52.4,436.5,8.3,376.2,1321.0,4671.5,4019.5,1862.0,1576.4,65.8,216.8,1298.2,3323.8,465.7,915.6,5752.3,3789.7,3318.2,1296.6,4429.5,3409.8,2628.2,2792.3,1837.4,2795.7,1111.2,3374.3,1079.6,3536.7,1613.1,5216.1,8199.8,4399.5,1798.0,390.6
2026-09-30 16:30:00,869.9,682.5,1309.7,694.4,863.8,380.5,88.0,41.2,436.7,8.2,324.9,1314.0,4695.7,3964.2,1918.5,1687.0,65.7,203.5,1311.6,3429.6,469.2,1423.6,5780.2,3779.1,3323.6,1293.9,4441.9,3875.2,2624.2,2722.9,1849.0,2833.3,1090.2,3810.7,1077.3,3542.7,1613.1,5247.2,8244.0,4404.3,1822.5,383.6
2026-09-30 16:45:00,878.6,706.7,1341.2,692.6,873.2,397.6,88.0,52.9,428.9,8.1,306.6,1307.3,4358.0,4066.7,1946.0,1673.9,45.7,209.0,1326.4,3402.0,473.6,1445.4,5770.7,3781.1,3329.0,1521.3,4428.6,4241.6,2626.5,2721.9,1843.0,2792.1,1094.7,3736.4,1074.8,3549.9,1609.9,5282.2,8279.7,4445.4,1845.9,381.6
2026-09-30 17:00:00,900.7,674.8,1404.0,556.8,882.7,705.4,30.2,124.5,439.3,16.7,554.9,1305.4,4637.4,4054.6,2121.5,1651.6,45.6,144.5,1429.7,3267.2,504.1,1423.3,5827.6,3807.8,3303.2,1547.9,4349.2,4957.4,2627.4,2790.4,1831.5,2923.4,1104.8,3816.6,1075.7,3484.4,1608.2,5190.4,8368.0,4555.1,1896.3,398.2
2026-09-30 17:15:00,912.1,605.9,1445.8,776.9,899.1,713.2,22.0,124.9,436.1,16.6,539.3,1297.6,4382.1,4099.6,2159.5,1591.9,44.3,160.2,1441.9,3267.1,508.7,1426.8,5878.9,3791.3,3305.4,1548.7,4348.3,5231.2,2625.4,2786.8,1832.3,2864.8,1107.1,3731.1,1077.6,3497.2,1602.5,5254.4,8424.2,4622.5,1916.6,404.2
2026-09-30 17:30:00,921.2,617.3,1471.3,824.7,907.1,708.3,22.1,125.6,448.6,16.6,550.8,1289.2,3837.3,3990.8,2196.2,1529.9,43.1,160.5,1449.1,3356.1,522.1,1430.8,5908.6,3821.5,3309.5,1550.0,4346.0,5396.6,2617.8,2641.0,1824.5,2859.0,1107.2,3857.7,1080.6,3510.2,1599.3,5267.7,8480.3,4641.4,1935.0,417.8
2026-09-30 17:45:00,933.7,649.8,1486.5,864.1,906.4,725.4,22.0,127.0,443.7,27.1,563.3,1280.5,3175.5,4146.5,2254.8,1498.4,41.8,155.3,1457.3,3344.9,536.6,1445.6,5913.8,3835.6,3314.1,1549.3,4348.5,5455.7,2623.9,2495.6,1850.5,2834.6,1111.6,3937.3,1072.1,3532.4,1600.3,5289.6,8535.4,4657.2,1956.5,428.2
2026-09-30 18:00:00,940.0,609.2,1507.7,902.4,921.9,861.5,11.0,84.8,449.9,88.8,560.4,1268.4,3575.7,4045.8,2285.0,1473.5,154.3,100.8,1394.3,3591.7,565.1,1437.7,6077.4,3969.1,3325.1,1636.7,4342.9,5591.3,2633.1,2616.0,1843.8,3094.0,1115.2,4107.9,1072.0,3516.0,1785.2,5352.7,8605.9,4910.1,1962.9,487.0
2026-09-30 18:15:00,952.6,665.6,1528.2,939.9,921.0,893.3,11.0,87.7,449.9,92.6,574.8,1260.9,3070.5,4124.5,2205.2,1380.2,133.6,75.4,1395.7,3602.8,579.3,1441.7,6069.3,4015.2,3326.2,1637.8,4343.6,5624.2,2641.4,2487.8,1834.4,3042.2,1114.9,4165.7,1073.4,3553.0,1780.7,5393.5,8622.6,4955.4,1973.6,500.2
2026-09-30 18:30:00,958.7,694.9,1547.2,961.3,930.4,889.0,11.0,87.4,453.6,91.6,613.7,1277.6,3065.1,4066.7,2167.2,1379.5,153.0,94.9,1392.3,3607.2,584.7,1433.8,6071.1,4033.3,3336.8,1638.6,4354.6,5627.0,2648.9,2348.1,1835.2,2970.1,1120.3,4211.6,1075.3,3590.9,1771.5,5435.7,8634.1,5054.5,1979.2,542.6
2026-09-30 18:45:00,957.1,715.8,1556.1,998.7,940.4,892.7,11.0,90.2,443.9,90.9,627.1,1274.4,3009.2,4334.7,2200.4,1417.5,152.2,94.6,1395.5,3566.5,583.2,1439.1,6065.7,4060.6,3343.5,1637.9,4361.6,5468.2,2655.7,2335.8,1853.3,2915.5,1118.5,4133.1,1077.6,3631.0,1759.3,5484.8,8647.6,5101.6,1982.1,568.3
2026-09-30 19:00:00,957.3,669.7,1548.5,1017.0,935.2,898.0,40.0,34.2,437.7,90.9,617.9,1273.1,3256.5,4241.9,2228.0,1413.9,7.7,127.6,1701.1,4034.4,575.2,1477.3,6075.5,4061.0,3365.0,1648.1,4524.1,5890.2,2671.0,2296.9,1861.3,3097.6,1137.3,4430.3,1081.7,3456.4,1765.8,4903.2,8635.1,5215.6,1991.5,578.2
2026-09-30 19:15:00,954.5,665.8,1527.7,1030.5,929.9,872.6,40.0,34.4,433.7,90.8,621.3,1267.9,3203.3,4593.4,2216.1,1420.4,7.0,127.4,1699.7,4025.4,573.2,1476.9,6071.8,4094.9,3371.3,1639.5,4533.0,5681.9,2676.7,2308.8,1861.4,3019.8,1141.6,4324.1,1079.4,3493.6,1765.4,4979.6,8640.7,5262.8,1996.7,608.0
2026-09-30 19:30:00,950.1,668.0,1508.2,1046.2,921.4,864.8,40.0,35.5,429.9,90.8,626.8,1263.2,3199.3,4659.5,2152.6,1420.7,6.2,126.6,1695.3,4018.7,570.7,1482.6,6054.3,4124.3,3373.4,1638.6,4532.3,5514.0,2675.3,2312.4,1867.3,2962.2,1158.2,4254.6,1076.3,3528.6,1766.9,5044.3,8615.2,5274.5,1997.9,611.9
2026-09-30 19:45:00,945.3,670.9,1481.1,1061.4,912.4,858.4,40.0,38.0,429.1,91.3,621.4,1262.7,3140.9,4749.3,2148.5,1434.2,5.5,124.8,1695.0,4000.0,567.8,1484.7,6013.1,4120.1,3373.2,1638.5,4529.6,5249.0,2679.4,2337.6,1881.2,2893.1,1143.9,4101.2,1071.5,3561.4,1766.0,5142.1,8578.3,5278.4,1978.7,619.9
2026-09-30 20:00:00,931.8,692.9,1430.4,933.8,891.4,561.9,22.1,66.9,428.6,102.9,583.4,1330.1,3342.3,4946.6,1867.9,1356.7,4.8,143.6,1669.9,4331.6,532.5,1458.7,5842.8,3942.5,3363.6,1630.7,4798.6,5028.2,2680.1,2341.9,1881.1,2865.7,1133.3,4045.8,1064.2,3452.8,1770.4,5269.8,8439.0,5245.3,1943.1,608.6
2026-09-30 20:15:00,919.5,646.8,1400.5,922.1,878.1,534.0,22.0,67.5,421.3,103.0,558.4,1330.7,3334.4,4868.3,1827.9,1326.8,4.4,138.3,1667.4,4318.0,529.0,1466.0,5799.5,3925.6,3350.9,1630.7,4791.4,4904.0,2679.3,2352.8,1878.5,2827.6,1129.3,3979.9,1061.2,3480.7,1768.4,5303.7,8387.1,5195.5,1918.5,612.7
2026-09-30 20:30:00,913.8,643.7,1366.9,713.5,857.0,538.5,22.1,68.3,410.7,103.1,529.2,1305.1,3342.7,5156.2,1825.1,1303.2,4.0,144.0,1664.3,4165.0,525.8,1468.1,5735.3,3955.6,3334.5,1630.5,4785.6,4887.5,2675.0,2346.6,1882.9,2825.9,1141.9,3987.4,1062.1,3507.1,1765.5,5280.0,8312.2,5183.8,1899.9,619.4
2026-09-30 20:45:00,917.4,635.0,1337.0,726.3,841.5,523.4,22.0,70.3,401.8,103.7,506.6,1303.5,3469.2,4936.0,1798.6,1307.8,3.5,143.9,1668.3,4061.6,523.0,1462.0,5622.6,3888.9,3318.4,1621.9,4781.1,4880.3,2669.3,2329.7,1876.0,2798.2,1138.7,3985.4,1058.6,3531.7,1760.1,5264.9,8285.6,5129.9,1876.7,625.2
2026-09-30 21:00:00,904.4,639.0,1295.4,767.9,823.8,417.9,12.1,58.1,403.5,106.5,494.1,1262.6,3553.8,5355.8,1727.7,1308.0,103.3,131.5,1562.4,3990.4,519.5,1477.5,5739.1,3956.4,3278.0,1634.0,4629.5,4597.7,2642.5,2353.7,1867.5,2891.4,1131.0,3972.8,1054.5,3194.7,1720.8,5356.6,8096.0,5024.6,1838.0,579.9
2026-09-30 21:15:00,885.5,631.2,1245.1,570.4,804.4,436.5,12.0,61.6,393.2,48.4,489.1,1262.8,3206.5,5010.8,1723.0,1245.3,103.4,129.5,1566.9,4055.9,515.9,1480.3,5647.1,3878.4,3252.8,1584.2,4612.9,4502.7,2639.9,2356.5,1865.7,2891.5,1122.7,3971.1,1050.5,3212.2,1710.9,5350.8,8055.7,4993.0,1809.4,586.7
2026-09-30 21:30:00,874.1,608.1,1214.4,573.8,790.6,422.0,12.0,61.8,385.6,30.3,475.1,1263.7,4064.8,5054.8,1734.7,1242.1,103.5,130.7,1561.5,3989.6,511.6,1496.0,5656.2,3884.4,3227.6,1583.4,4600.2,4429.3,2631.9,2335.6,1864.9,2877.8,1119.0,3964.5,1043.9,3228.4,1701.0,5327.0,7959.3,5003.0,1788.5,589.3
2026-09-30 21:45:00,864.3,514.9,1178.2,577.2,770.6,421.8,14.4,56.2,405.1,15.5,493.5,1274.3,4309.7,5079.3,1766.1,1233.5,100.2,151.2,1556.2,3964.8,511.9,1476.2,5605.7,3905.0,3201.4,1498.8,4579.5,4254.1,2649.3,2323.2,1862.5,2852.9,1112.0,3988.8,1038.9,3245.2,1691.9,5287.7,7876.6,4983.3,1758.3,594.8
2026-09-30 22:00:00,833.6,552.6,1138.8,552.5,749.1,415.8,12.0,59.6,379.1,17.2,454.5,1282.8,4119.5,4991.4,1678.2,1215.8,88.3,89.0,1475.3,3790.4,501.9,1474.3,5498.4,3762.8,3139.0,1429.2,4602.9,4102.4,2605.1,2441.0,1834.7,2795.5,1095.2,3724.9,1026.6,3103.1,1688.3,5407.6,7733.3,4890.7,1708.3,606.3
2026-09-30 22:15:00,811.7,468.4,1109.9,541.5,736.3,387.6,12.0,56.9,387.8,16.1,453.1,1282.6,4186.6,4844.1,1651.9,1192.3,88.4,96.9,1469.7,3770.7,495.6,1477.1,5439.1,3810.2,3098.8,1429.1,4579.1,3985.1,2598.0,2467.7,1831.7,2783.2,1087.9,3526.0,1020.7,3117.7,1673.4,5379.2,7655.5,4860.1,1681.8,610.4
2026-09-30 22:30:00,796.5,449.3,1089.3,538.6,726.0,388.6,14.7,55.2,383.1,16.1,434.2,1281.0,4330.9,4630.6,1647.1,1207.7,88.7,98.9,1464.6,3740.9,493.8,1477.0,5490.3,3846.8,3056.9,1429.1,4556.8,3944.3,2587.8,2514.1,1825.6,2793.0,1076.9,3384.2,1014.8,3131.2,1659.6,5356.8,7573.4,4716.5,1658.7,609.5
2026-09-30 22:45:00,776.3,447.9,1072.7,533.8,724.4,385.9,14.7,52.4,385.2,16.1,425.6,1280.6,4386.0,4515.0,1636.0,1187.6,88.8,86.9,1461.3,3725.4,487.2,1318.0,5443.7,3741.5,3015.5,1428.1,4534.0,3935.8,2579.8,2508.7,1820.4,2776.8,1071.7,3338.7,1010.2,3143.5,1642.2,5322.8,7544.6,4659.1,1625.9,610.4
2026-09-30 23:00:00,789.5,432.2,1077.4,539.6,700.5,387.3,14.7,59.9,362.7,16.0,553.1,1263.3,4102.7,4155.7,1569.2,1126.5,78.2,186.4,1407.6,3080.4,457.9,1408.7,5262.1,3830.6,2921.2,1489.7,4325.6,3974.9,2536.1,2501.8,1779.8,2881.4,1069.5,3353.2,1006.3,2598.1,1617.6,5156.6,7357.0,4678.1,1589.6,624.8
2026-09-30 23:15:00,772.5,430.7,1067.8,539.4,702.5,386.3,14.7,59.1,367.3,16.0,566.8,1264.3,4114.8,3942.2,1561.9,1123.1,78.2,184.9,1401.7,3067.3,457.5,1285.6,5300.0,3810.7,2875.6,1489.6,4295.3,3964.0,2526.7,2511.0,1774.2,2874.1,1055.4,3304.0,1000.6,2606.4,1599.1,5135.4,7321.7,4631.6,1563.8,629.3
2026-09-30 23:30:00,764.2,428.9,1051.2,524.4,699.6,386.1,14.7,59.4,338.7,16.0,536.5,1265.6,4149.2,3801.1,1543.9,1122.7,78.2,186.6,1392.8,3062.7,457.3,1272.4,5225.0,3844.7,2831.0,1489.6,4274.3,3963.4,2522.4,2449.0,1775.9,2832.9,1045.3,3226.6,993.3,2613.8,1585.9,5091.1,7224.0,4611.0,1539.6,629.3
2026-09-30 23:45:00,758.7,426.9,1037.0,524.2,691.7,385.5,14.8,62.2,350.2,16.0,546.2,1266.3,4191.8,3789.5,1621.8,1122.0,78.2,187.0,1399.3,3085.4,457.5,1231.3,5177.5,3896.6,2788.4,1489.5,4246.1,3884.7,2512.2,2398.8,1772.9,2634.4,1031.5,3155.9,985.1,2621.3,1575.6,5097.6,7233.2,4625.9,1508.8,630.7
2026-10-01 00:00:00,762.4,287.6,1288.6,534.8,647.1,395.1,49.0,23.9,284.2,21.3,148.8,1780.2,4303.8,3004.0,1453.1,1101.8,23.9,85.7,1116.9,2873.7,434.9,1324.8,5129.9,3787.6,2658.7,1353.1,4503.7,3936.7,2446.9,2400.0,1761.4,2781.6,1025.6,3145.1,973.3,2799.2,1416.6,4562.3,7035.8,4569.5,1467.2,649.1
2026-10-01 00:15:00,759.5,286.1,1278.6,529.4,654.7,392.1,49.0,22.5,284.2,11.5,148.2,1781.7,4341.6,2781.4,1433.0,1101.4,14.9,86.0,1115.9,2851.2,435.8,1131.2,5115.1,3817.1,2623.3,1352.9,4486.9,3943.5,2437.8,2398.1,1757.3,2788.1,1015.6,3313.4,965.7,2811.8,1420.7,4497.1,6998.3,4530.1,1463.7,643.6
2026-10-01 00:30:00,756.9,284.7,1272.2,520.5,652.2,390.8,49.1,13.8,295.4,11.5,164.2,1785.5,4696.7,2823.9,1395.3,1098.9,14.9,85.8,1116.6,2857.6,436.7,1130.6,5119.0,3865.9,2594.6,1351.7,4469.1,3936.5,2428.6,2395.8,1756.4,2787.3,1009.0,3339.1,957.8,2825.5,1420.0,4438.3,6993.3,4490.5,1458.7,636.8
2026-10-01 00:45:00,761.2,283.6,1267.1,515.0,645.8,390.3,49.0,14.7,280.9,11.5,122.1,1787.0,5207.9,2652.7,1381.1,1096.8,14.9,105.0,1117.2,2822.2,433.5,1129.1,5096.3,3909.4,2566.7,1351.1,4451.7,3967.7,2419.1,2398.0,1763.8,2738.4,1003.3,3417.5,951.6,2838.9,1416.8,4408.5,6982.3,4481.1,1455.6,633.6
2026-10-01 01:00:00,794.3,282.6,1292.8,487.8,650.0,479.1,64.0,8.2,325.6,11.1,146.4,1791.5,5103.6,2631.8,1322.1,1058.5,10.2,112.0,1101.1,2807.0,438.4,1129.3,5049.8,3895.6,2516.5,1331.2,4296.5,3779.7,2391.3,2373.5,1727.5,2784.0,993.1,3443.1,943.7,2831.4,1436.1,4343.6,7007.8,4496.1,1468.5,665.4
2026-10-01 01:15:00,788.9,281.8,1287.0,478.1,651.0,481.4,64.0,4.1,413.1,11.1,134.9,1792.7,5727.5,2410.9,1305.2,1057.2,10.2,112.1,1098.9,2801.3,434.8,1146.9,5054.8,3939.9,2492.3,1331.1,4283.3,3799.2,2386.5,2374.1,1724.4,2760.0,989.3,3416.0,941.6,2841.2,1430.3,4283.3,6991.1,4492.6,1463.0,663.5
2026-10-01 01:30:00,794.3,281.2,1287.7,476.3,654.1,480.7,64.0,3.9,416.9,11.1,128.1,1793.1,5847.9,2363.3,1299.5,1058.0,10.2,132.3,1096.6,2790.8,434.7,1116.6,5036.8,3979.8,2469.7,1331.0,4275.5,3796.5,2380.9,2371.6,1724.0,2712.6,981.9,3390.3,939.7,2846.0,1423.4,4252.5,6983.2,4488.8,1455.6,663.0
2026-10-01 01:45:00,795.4,280.5,1283.4,477.7,657.4,477.1,64.0,7.8,416.1,11.1,112.6,1794.7,6020.5,2254.0,1305.1,1057.3,10.2,132.5,1094.2,2783.1,432.2,1128.5,5017.1,4035.3,2449.6,1331.0,4265.9,3818.0,2376.1,2371.9,1742.1,2635.7,976.2,3367.6,938.6,2846.5,1415.0,4243.1,6964.5,4485.0,1449.6,658.1
2026-10-01 02:00:00,822.3,279.7,1282.5,487.3,642.7,478.8,52.0,18.5,420.3,5.0,145.8,1800.2,5760.1,2150.9,1286.4,998.2,6.9,137.9,1123.0,2779.9,436.1,1108.4,5141.8,4091.5,2409.4,1329.0,4304.5,3759.4,2361.3,2359.4,1734.4,2714.6,966.3,3288.2,940.4,2834.7,1476.9,4298.3,6922.8,4478.2,1445.5,651.8
2026-10-01 02:15:00,821.8,278.9,1299.4,487.9,626.3,479.0,52.0,17.0,420.6,5.0,148.2,1802.3,5852.5,2097.3,1286.1,998.8,6.9,137.2,1119.9,2781.7,429.9,1103.6,5144.1,4114.1,2396.7,1329.1,4297.3,3747.7,2357.2,2359.1,1732.8,2695.8,965.2,3274.0,939.5,2829.9,1468.5,4231.2,6888.7,4475.9,1446.7,636.4
2026-10-01 02:30:00,813.9,277.7,1298.0,480.4,624.7,476.8,54.9,17.0,426.6,5.0,131.1,1804.9,5959.9,2053.5,1256.7,998.6,6.9,136.8,1117.6,2780.7,427.9,1134.2,5149.2,4163.2,2383.9,1330.2,4288.8,3777.9,2354.8,2356.3,1732.1,2635.5,959.7,3259.1,940.0,2827.8,1462.4,4234.4,6875.4,4472.2,1442.1,634.1
2026-10-01 02:45:00,807.7,276.7,1300.0,471.1,618.2,476.4,54.7,15.9,436.5,5.0,109.5,1806.7,6107.3,1994.5,1249.7,998.6,6.9,136.2,1108.3,2781.3,417.3,1138.5,5144.2,4203.0,2371.0,1331.3,4282.5,3793.7,2351.3,2354.5,1731.4,2598.0,957.4,3245.7,940.7,2829.4,1459.2,4237.3,6871.6,4470.7,1439.8,618.4
2026-10-01 03:00:00,820.3,275.7,1195.5,443.0,681.5,474.3,52.1,17.3,431.2,5.0,138.4,1818.1,5980.6,1923.1,1251.3,981.6,8.4,144.6,1057.2,2672.9,435.1,1216.4,5195.4,4267.5,2344.8,1332.3,4300.7,3908.4,2349.4,2336.5,1730.7,2614.2,950.4,3237.7,942.5,2778.8,1469.3,4198.0,6741.6,4333.1,1445.9,609.6
2026-10-01 03:15:00,820.0,275.6,1206.9,452.0,679.2,474.2,54.7,16.7,429.7,5.0,124.2,1819.1,6112.6,1912.1,1231.1,981.6,8.4,144.4,1054.8,2659.8,429.2,1185.9,5201.3,4279.9,2336.8,1332.4,4299.0,3913.5,2347.4,2334.5,1729.5,2535.2,947.1,3230.9,943.3,2787.9,1467.1,4211.7,6740.7,4331.3,1442.5,608.1
2026-10-01 03:30:00,826.6,275.8,1217.2,471.0,690.4,483.1,54.8,13.4,436.6,5.0,138.2,1821.1,6091.7,1900.6,1229.0,981.1,8.5,144.1,1054.1,2637.6,427.2,1188.1,5209.6,4298.4,2326.9,1333.4,4296.4,3890.7,2343.9,2332.5,1728.5,2458.7,945.7,3222.9,944.7,2801.7,1470.5,4228.1,6745.6,4330.6,1443.2,606.9
2026-10-01 03:45:00,826.5,275.7,1218.4,469.7,690.6,485.7,54.7,16.9,438.5,5.0,132.4,1821.4,6079.9,1853.0,1224.1,980.2,8.4,145.9,1050.5,2621.3,421.6,1160.8,5211.4,4311.2,2323.1,1334.5,4294.8,3950.3,2344.3,2328.0,1729.1,2425.1,941.9,3218.6,944.6,2818.8,1478.4,4244.4,6740.8,4330.7,1437.0,603.8
2026-10-01 04:00:00,789.3,276.7,1029.4,486.2,712.5,542.1,16.7,3.6,443.3,5.0,258.8,1820.7,6115.2,1815.1,1224.4,977.8,9.2,160.7,987.4,2655.0,409.8,1284.8,5226.3,4281.8,2306.7,1357.8,4162.5,4126.9,2345.9,2334.8,1730.7,2146.1,938.1,3029.2,947.1,2830.8,1383.5,4154.0,6772.9,4315.6,1455.5,601.2
2026-10-01 04:15:00,797.9,276.4,1041.9,499.7,724.1,542.0,16.7,6.7,452.5,5.0,266.2,1820.5,5584.3,1816.4,1199.8,972.1,9.2,146.1,988.3,2645.6,404.4,1233.8,5255.8,4291.9,2311.4,1358.9,4164.5,4127.0,2346.2,2331.2,1735.5,2206.9,935.8,3029.6,948.3,2837.0,1395.6,4155.4,6766.1,4318.9,1455.1,601.0
2026-10-01 04:30:00,807.9,275.6,1075.8,496.2,739.8,554.9,14.1,6.7,457.2,5.0,278.9,1820.4,4702.0,1836.0,1163.7,969.8,9.2,126.9,985.4,2633.5,403.4,1131.0,5285.0,4299.0,2315.9,1359.9,4169.5,4124.5,2346.3,2327.8,1731.1,2303.6,935.4,3031.0,954.5,2837.0,1405.8,4155.7,6776.5,4322.0,1456.1,611.8
2026-10-01 04:45:00,845.9,274.9,1120.9,493.4,759.0,554.7,14.0,4.7,457.2,5.0,275.7,1819.4,4615.3,1812.6,1164.7,972.0,9.2,127.5,988.9,2625.8,405.7,1149.2,5290.5,4315.9,2320.8,1361.0,4174.9,4122.0,2348.2,2323.1,1731.0,2457.7,936.2,3033.7,960.0,2839.4,1408.1,4153.2,6796.7,4320.9,1469.8,603.6
2026-10-01 05:00:00,835.7,273.3,1190.9,489.5,734.7,650.2,36.6,2.2,428.4,5.0,129.0,1789.3,4602.9,1827.7,1179.0,1039.6,14.6,178.3,978.6,2590.9,404.0,1351.7,5590.0,4394.0,2364.5,1360.4,4364.3,4160.4,2360.9,2311.8,1740.2,2540.7,944.1,3071.5,970.3,2917.7,1419.2,4338.9,6927.4,4309.1,1496.5,648.4
2026-10-01 05:15:00,863.5,272.6,1250.0,481.4,763.4,650.1,35.4,2.2,376.4,5.0,147.5,1786.9,4448.3,1826.0,1173.1,1040.6,14.6,158.7,988.0,2574.5,404.9,1419.8,5627.8,4414.6,2398.6,1362.2,4385.3,4176.5,2367.9,2308.5,1744.9,2610.3,949.6,3109.8,977.9,2917.0,1433.3,4373.7,6989.0,4304.8,1530.4,643.2
2026-10-01 05:30:00,874.8,271.7,1291.9,523.5,764.5,649.4,35.4,2.3,383.7,5.0,140.9,1783.8,4296.5,1967.2,1134.9,1040.9,14.6,169.3,989.7,2631.7,413.6,1409.2,5602.1,4435.2,2437.4,1365.7,4406.7,4280.6,2376.8,2308.9,1745.0,2666.0,959.0,3153.9,986.3,2911.2,1444.7,4439.7,7095.5,4308.2,1552.1,647.9
2026-10-01 05:45:00,892.3,309.0,1326.3,550.7,776.2,648.5,35.4,5.5,385.0,5.0,151.3,1779.3,4289.4,2105.8,1133.2,1042.4,14.6,169.5,993.6,2652.2,409.5,1412.2,5642.2,4483.7,2479.8,1380.1,4428.3,4402.0,2385.8,2307.2,1734.3,2694.1,969.6,3195.0,993.0,2915.1,1449.4,4461.2,7219.5,4319.2,1597.7,666.4
2026-10-01 06:00:00,924.8,273.6,1374.8,645.9,812.9,693.3,34.9,38.5,385.3,16.7,195.5,1774.2,4704.5,2233.6,1198.5,1119.1,44.8,107.1,1040.3,2526.3,447.6,1405.3,5743.8,4626.6,2667.0,1368.0,4557.6,4542.6,2439.0,2287.9,1772.5,2804.7,1003.3,3560.1,1017.8,2922.0,1545.1,4234.8,7527.9,4494.5,1734.4,674.2
2026-10-01 06:15:00,937.4,289.0,1392.0,646.8,829.8,723.8,33.0,38.5,400.5,20.9,171.7,1768.2,4576.0,2242.7,1216.1,1139.3,44.9,125.7,1046.8,2686.1,450.8,1413.1,5739.6,4651.1,2738.2,1388.8,4603.9,4596.5,2463.8,2279.2,1777.3,2811.0,1020.8,3642.4,1029.6,2912.4,1555.8,4257.9,7684.9,4639.3,1796.1,675.0
2026-10-01 06:30:00,943.2,301.4,1394.6,662.5,851.5,739.5,32.7,40.4,398.8,98.5,187.6,1764.6,4621.4,2343.6,1192.6,1149.3,45.0,141.3,1061.0,2545.5,458.7,1408.0,5685.7,4742.4,2810.2,1388.8,4652.4,4668.6,2483.7,2257.6,1783.9,2822.9,1044.3,3780.1,1039.6,2903.1,1575.9,4290.5,7850.1,4710.8,1833.9,671.7
2026-10-01 06:45:00,930.3,298.4,1393.9,681.2,866.3,755.7,32.1,44.8,427.0,110.7,188.7,1762.5,4570.9,3246.8,1220.6,1165.3,45.1,127.3,1074.4,2516.4,471.3,1406.2,5800.7,4860.5,2885.1,1390.7,4686.8,4731.4,2511.8,2260.4,1790.2,2843.3,1063.1,3912.9,1045.6,2892.1,1600.8,4325.6,7996.6,4807.7,1867.1,669.5
2026-10-01 07:00:00,943.0,396.0,1407.0,730.1,893.1,781.9,25.0,15.5,459.9,102.0,218.1,1845.1,4811.8,3597.3,1302.0,1179.1,62.1,124.1,1078.0,2465.8,482.3,1383.4,5749.9,4741.0,3072.6,1518.7,4607.1,4492.4,2576.4,2340.0,1834.1,2871.8,1089.7,4188.1,1067.6,3031.5,1637.1,4209.8,8221.2,4888.2,1922.6,616.1
2026-10-01 07:15:00,952.4,386.2,1398.6,751.0,910.5,800.6,25.0,19.7,478.1,109.4,190.4,1845.0,4796.4,3501.1,1335.6,1200.3,62.2,158.2,1074.6,2451.1,492.4,1397.7,5859.1,4846.8,3124.3,1520.5,4640.3,4575.6,2600.2,2338.8,1839.7,2861.4,1109.2,4241.7,1070.7,3029.0,1652.2,4223.2,8322.0,4946.2,1934.1,633.7
2026-10-01 07:30:00,949.8,342.8,1356.2,762.2,919.9,826.8,25.1,22.8,487.9,111.8,208.8,1838.9,4858.6,3947.2,1376.4,1225.9,62.1,180.5,1091.9,2431.9,497.1,1392.7,5872.2,4835.4,3165.1,1520.5,4661.9,4624.0,2614.7,2344.5,1843.2,2862.7,1124.6,4273.7,1068.6,3036.4,1655.0,4227.5,8381.5,4940.2,1945.9,663.3
2026-10-01 07:45:00,954.2,346.3,1290.2,747.8,931.1,846.0,25.0,21.5,501.4,105.9,235.5,1838.0,4970.8,4001.8,1406.7,1192.9,62.1,200.2,1114.6,2395.4,511.0,1373.2,5882.2,4832.5,3200.2,1521.0,4674.4,4705.6,2631.5,2341.2,1851.3,2876.0,1132.8,4323.1,1068.5,3052.5,1652.5,4229.9,8449.7,4895.0,1960.9,666.3
2026-10-01 08:00:00,944.0,394.0,1217.7,742.8,927.5,593.4,23.0,34.7,520.5,96.6,576.8,1734.0,5043.5,3888.9,1643.2,1328.4,59.3,233.5,1200.6,2536.0,498.4,1370.5,5837.6,4861.3,3257.9,1674.0,4529.7,5953.7,2661.6,2336.5,1924.5,1421.9,1145.0,4877.1,1055.2,2983.8,1641.5,4255.9,8408.7,5032.3,1940.9,659.7
2026-10-01 08:15:00,939.6,385.5,1142.2,737.8,933.3,603.1,23.0,31.7,522.9,93.2,615.3,1733.7,5311.3,4054.7,1686.2,1261.9,59.3,234.8,1206.5,2465.8,493.4,1354.1,5843.6,4830.8,3263.8,1675.1,4530.2,5994.5,2662.9,2331.2,1926.3,1566.3,1150.3,4877.3,1061.9,2978.6,1634.6,4268.8,8413.4,4934.1,1929.9,658.3
2026-10-01 08:30:00,946.7,390.9,1062.6,743.6,932.0,623.4,23.1,29.9,530.3,92.3,608.4,1736.7,5291.4,3641.1,1696.8,1268.1,59.3,235.1,1248.8,2441.7,487.0,1344.0,5903.8,4767.0,3273.0,1671.1,4529.8,5773.5,2663.5,2386.9,1923.9,1673.2,1156.1,4872.7,1073.7,2971.2,1636.2,4280.4,8417.5,4913.8,1908.5,636.4
2026-10-01 08:45:00,929.8,411.2,972.8,691.9,925.2,668.1,23.0,31.1,535.3,49.6,607.9,1739.7,5719.8,3224.2,1693.5,1238.3,59.3,255.3,1254.0,2410.2,484.2,1330.2,5903.3,4747.7,3274.2,1667.4,4531.4,5446.3,2669.2,2383.1,1923.2,1708.2,1165.5,4865.0,1076.8,2963.8,1646.7,4334.7,8401.0,4815.3,1894.7,634.0
2026-10-01 09:00:00,905.2,427.8,889.9,580.9,919.3,700.3,21.0,27.5,522.7,95.8,303.4,1714.0,5554.6,3392.8,1648.5,1354.2,46.0,303.3,1221.5,2360.0,475.4,1307.9,5828.0,4543.2,3275.6,1662.7,4476.2,5875.4,2665.6,2408.4,1918.1,1690.8,1165.0,4791.3,1072.7,2994.4,1655.7,4434.6,8324.8,4813.1,1817.5,669.3
2026-10-01 09:15:00,898.8,449.1,830.3,574.7,910.6,747.1,23.9,30.8,511.0,93.7,293.7,1728.7,5688.2,3191.0,1631.0,1296.4,46.0,246.1,1239.9,2299.9,467.5,1282.2,5745.2,4355.9,3271.0,1655.8,4475.7,5361.6,2666.9,2405.5,1913.5,1964.7,1160.7,4775.9,1071.7,2973.0,1668.9,4417.5,8279.8,4724.2,1798.1,667.0
2026-10-01 09:30:00,889.2,470.2,773.7,552.4,905.3,793.6,25.2,34.7,497.2,100.5,296.7,1746.7,5891.9,2722.3,1625.1,1272.1,46.1,221.5,1252.6,2257.0,459.8,1278.8,5779.1,4226.3,3269.1,1653.2,4473.3,5110.5,2662.0,2405.3,1910.7,2242.0,1166.8,4766.2,1070.7,2949.3,1677.8,4364.7,8241.9,4731.4,1769.4,672.0
2026-10-01 09:45:00,876.4,488.0,718.5,537.1,899.7,837.3,25.3,40.7,493.9,15.4,298.1,1756.5,6201.4,2679.9,1597.1,1268.6,46.0,214.7,1269.3,2231.1,460.3,1264.7,5785.9,4114.8,3261.8,1652.0,4468.1,5040.2,2650.0,2406.9,1908.8,2365.3,1164.0,4763.9,1072.1,2933.7,1681.3,4320.2,8231.7,4736.4,1741.6,678.0
2026-10-01 10:00:00,863.6,507.0,662.0,535.5,886.2,782.4,48.0,29.3,456.2,29.6,291.7,1749.1,5946.3,2864.7,1502.4,1301.6,51.8,249.2,1280.5,2113.3,482.6,1235.6,5730.4,3982.3,3254.3,1752.7,4725.8,5132.1,2640.1,2443.3,1892.1,2478.2,1166.9,4633.1,1058.9,2935.4,1674.5,4421.1,8094.3,4577.0,1758.5,678.9
2026-10-01 10:15:00,854.6,524.7,613.0,539.5,877.2,822.5,48.1,29.1,440.0,7.8,297.6,1756.5,6006.4,2799.2,1486.7,1287.3,37.2,248.4,1285.3,2077.7,483.3,1228.6,5753.2,3861.5,3250.8,1751.7,4721.1,5118.6,2637.8,2446.0,1895.0,2542.3,1168.1,4629.5,1056.5,2931.8,1668.0,4396.0,8041.7,4579.1,1731.0,694.3
2026-10-01 10:30:00,852.6,543.3,794.7,562.4,871.8,850.3,49.1,31.1,419.7,7.9,302.6,1767.8,6260.2,2793.4,1509.1,1313.8,36.0,261.8,1293.0,2034.1,487.2,1222.2,5772.0,3778.1,3247.0,1717.2,4718.7,5042.2,2631.0,2465.9,1886.5,2656.7,1165.1,4618.6,1054.4,2939.7,1653.5,4384.7,7968.7,4598.9,1700.7,710.8
2026-10-01 10:45:00,839.5,542.3,766.9,591.1,861.2,882.3,50.3,30.3,412.2,9.4,285.9,1776.4,6442.7,2813.4,1484.2,1342.2,36.0,245.7,1328.8,2000.4,513.5,1069.6,5812.9,3681.6,3242.8,1549.1,4704.7,4505.2,2628.7,2441.3,1884.4,2635.6,1155.5,4563.1,1058.3,2956.1,1650.7,4352.1,7903.2,4632.1,1665.7,730.9
2026-10-01 11:00:00,835.0,569.3,988.9,649.0,847.5,901.2,52.2,22.9,431.2,12.3,373.4,1762.0,6471.3,2822.4,1525.9,1351.5,34.9,205.0,1252.1,1887.8,501.8,1244.6,5708.9,3530.5,3254.2,1537.9,4655.7,4321.2,2620.6,2403.5,1865.1,2527.6,1156.2,4707.4,1058.7,2980.9,1647.2,4369.7,7819.1,4667.0,1620.3,750.0
2026-10-01 11:15:00,834.2,566.0,987.5,674.2,840.6,924.8,52.8,22.1,411.3,14.8,354.3,1775.4,6518.1,2792.6,1482.4,1369.9,34.2,197.3,1264.4,1846.9,497.0,1016.1,5702.4,3477.1,3246.0,1535.5,4652.7,4174.7,2617.2,2423.0,1864.0,2542.2,1144.6,4685.0,1058.7,2993.1,1642.8,4346.1,7783.2,4660.2,1591.8,762.5
2026-10-01 11:30:00,830.2,572.4,983.4,691.3,856.0,929.8,53.9,26.9,390.3,16.2,326.4,1784.7,6542.8,2788.8,1436.4,1322.8,33.6,202.8,1266.0,1828.6,497.6,907.4,5708.5,3444.6,3239.0,1538.2,4636.6,4111.4,2609.7,2432.7,1863.1,2541.1,1141.8,4668.5,1063.4,2989.4,1647.3,4317.8,7721.5,4680.8,1582.8,773.8
2026-10-01 11:45:00,833.7,579.8,980.7,713.5,855.4,936.8,70.0,29.9,418.9,6.6,293.3,1790.1,6815.1,2738.9,1427.9,1347.4,33.1,220.2,1299.9,1813.8,514.8,802.2,5708.1,3428.0,3226.4,1537.0,4712.5,4125.1,2606.6,2429.6,1864.6,2532.0,1137.6,4659.9,1062.2,2968.9,1642.4,4307.1,7710.7,4713.1,1558.2,788.1
2026-10-01 12:00:00,864.9,587.4,1282.3,732.0,901.8,947.2,2.4,39.8,393.4,12.2,293.0,1806.0,6798.5,2842.6,1489.7,1296.5,57.5,141.3,1277.0,1854.5,513.6,821.9,5682.4,3416.2,3215.0,1456.7,4675.6,4029.7,2595.0,2423.7,1848.7,2535.9,1137.5,4648.1,1025.9,2905.6,1603.6,4295.3,7691.5,4708.6,1570.1,795.4
2026-10-01 12:15:00,862.4,596.7,1285.3,742.4,903.1,946.5,2.4,40.7,388.4,12.2,290.1,1814.2,7705.8,2850.7,1454.6,1327.6,57.4,122.4,1284.4,1829.3,501.5,883.9,5661.5,3416.6,3204.4,1458.4,4671.4,4182.3,2593.4,2427.9,1847.1,2540.7,1136.3,4627.7,1024.6,2871.0,1598.3,4293.7,7711.5,4724.7,1560.8,800.1
2026-10-01 12:30:00,856.9,608.4,1293.4,745.5,902.2,942.8,7.4,42.5,382.5,17.5,277.5,1824.2,7823.4,2835.0,1437.5,1344.3,57.4,96.0,1294.5,1794.5,496.7,875.3,5673.8,3415.8,3194.6,1462.2,4676.6,4083.7,2590.1,2411.0,1845.6,2503.1,1135.2,4621.0,1022.3,2841.1,1593.1,4274.1,7655.4,4744.8,1559.6,805.0
2026-10-01 12:45:00,855.7,619.2,1294.8,739.5,903.5,935.5,22.0,40.4,395.8,12.3,318.0,1837.7,8434.6,2818.9,1437.0,1366.2,57.4,96.3,1291.1,1785.1,496.2,1190.8,5657.4,3414.9,3185.0,1463.2,4667.5,4322.1,2592.2,2414.8,1851.2,2503.5,1131.0,4598.6,1023.3,2813.9,1588.1,4274.5,7656.9,4753.8,1560.1,813.5
2026-10-01 13:00:00,850.3,636.0,1325.8,740.5,913.8,927.6,23.0,35.8,430.6,6.6,411.2,1829.3,8459.8,2690.8,1415.1,1384.2,26.1,245.3,1328.9,1707.5,489.4,1160.9,5598.1,3494.9,3149.5,1464.5,4670.6,3942.2,2586.5,2401.8,1831.6,2517.3,1116.1,4572.7,1015.3,2798.4,1581.8,4299.4,7690.0,4927.5,1534.9,814.1
2026-10-01 13:15:00,851.2,639.3,1340.4,736.0,914.1,920.1,23.0,35.5,433.6,6.7,395.3,1839.4,8684.2,2664.7,1423.1,1365.8,26.1,265.4,1338.2,1678.2,491.2,1143.0,5586.5,3497.7,3147.4,1455.9,4671.9,3929.4,2585.9,2400.6,1831.8,2513.7,1118.8,4581.7,1015.8,2774.7,1576.5,4296.5,7661.5,4912.2,1535.7,809.3
2026-10-01 13:30:00,852.3,647.9,1353.9,720.9,912.4,907.2,22.5,36.0,429.5,6.6,388.1,1850.3,8729.9,2623.1,1429.4,1423.5,26.1,256.0,1346.1,1651.9,500.4,921.7,5581.7,3506.9,3137.2,1456.4,4665.8,3916.4,2584.0,2406.7,1831.5,2528.1,1121.5,4573.9,1013.8,2750.9,1570.2,4300.7,7647.3,4915.2,1540.6,807.4
2026-10-01 13:45:00,856.4,643.4,1361.7,703.1,919.9,893.7,6.4,35.8,431.1,6.7,381.6,1860.2,8590.5,2591.9,1434.0,1427.7,26.1,230.1,1351.3,1643.6,498.6,878.5,5602.3,3511.9,3136.0,1456.7,4661.0,3907.9,2585.1,2404.7,1831.9,2527.2,1116.8,4571.2,1010.6,2743.3,1562.7,4301.8,7660.0,4954.6,1541.4,798.4
2026-10-01 14:00:00,810.0,631.8,1181.1,725.9,937.7,870.9,25.6,34.3,423.9,20.2,304.4,1884.1,8515.4,2501.9,1466.2,1403.4,24.2,241.4,1367.1,1620.1,516.4,722.7,5634.3,3595.2,3113.0,1460.2,4561.1,3786.4,2596.2,2386.3,1835.4,2538.8,1124.6,4684.9,1005.9,2708.8,1554.4,4171.9,7677.7,4921.7,1553.0,783.7
2026-10-01 14:15:00,823.3,624.4,1209.5,695.0,927.8,845.0,16.2,34.4,424.9,15.1,320.8,1892.5,6963.6,2457.3,1485.7,1376.5,24.2,224.0,1356.2,1585.0,510.6,709.7,5638.2,3608.8,3110.8,1460.4,4570.9,3728.3,2597.7,2381.6,1834.2,2614.0,1125.5,4446.1,1005.4,2707.7,1549.8,4182.5,7665.1,4908.5,1560.6,768.4
2026-10-01 14:30:00,830.4,619.6,1228.9,656.0,928.4,817.2,14.9,32.5,420.3,13.9,332.6,1891.7,6824.7,2412.9,1489.7,1383.6,24.2,214.9,1361.8,1551.2,515.5,703.3,5631.5,3614.2,3110.7,1462.0,4566.5,3760.7,2596.8,2384.1,1829.3,2604.8,1123.2,4629.7,1006.8,2706.4,1547.6,4247.8,7673.2,4932.2,1571.4,755.7
2026-10-01 14:45:00,836.4,611.6,1265.7,630.7,914.0,785.8,14.9,32.1,422.9,16.0,330.4,1897.7,6615.1,2381.4,1482.8,1417.5,24.5,194.7,1368.7,1544.2,518.4,713.0,5624.9,3626.1,3114.9,1462.1,4576.8,3754.5,2592.1,2387.1,1832.7,2592.1,1128.5,4697.6,1005.8,2710.6,1548.0,4274.5,7695.0,4927.5,1585.6,745.1
2026-10-01 15:00:00,844.5,591.3,982.7,604.2,876.0,801.2,4.7,42.1,428.8,12.9,336.0,1889.8,6633.5,2298.4,1518.7,1399.2,34.9,260.8,1271.2,1527.4,522.8,810.3,5743.6,3662.0,3102.1,1422.3,4248.8,3968.1,2601.5,2434.8,1847.2,2420.0,1133.9,4624.6,1009.0,2708.2,1551.7,4242.5,7591.6,4802.2,1627.4,710.5
2026-10-01 15:15:00,833.6,563.6,1041.1,564.1,879.8,792.7,4.0,41.7,407.5,8.6,345.8,1891.6,6452.2,2273.2,1553.3,1390.6,35.5,259.5,1263.0,1504.5,507.1,1114.9,5740.5,3668.8,3106.4,1438.3,4255.4,3975.4,2596.4,2449.0,1854.4,2538.2,1138.0,4749.0,1010.8,2712.3,1556.5,4246.6,7622.8,4774.7,1648.6,691.4
2026-10-01 15:30:00,840.3,532.3,880.9,524.0,881.6,750.9,2.7,38.3,375.9,6.2,345.3,1889.6,6443.7,2207.7,1547.2,1377.0,36.0,275.5,1280.1,1502.7,511.4,1114.0,5727.0,3713.2,3109.6,1472.2,4211.6,4169.0,2594.4,2477.1,1850.4,2518.7,1148.7,4809.8,1010.5,2712.8,1559.4,4254.7,7677.3,4753.7,1687.0,681.1
2026-10-01 15:45:00,851.3,490.5,941.8,508.9,876.6,701.0,2.0,35.8,337.1,9.9,314.4,1887.6,6240.0,2150.7,1569.1,1365.3,36.5,292.2,1269.6,1485.5,517.3,1112.7,5665.6,3716.8,3125.0,1551.4,4220.3,4623.2,2600.7,2476.9,1853.5,2510.6,1155.4,4796.9,1008.3,2720.5,1559.8,4339.0,7701.3,4734.3,1711.3,663.0
2026-10-01 16:00:00,878.7,446.4,1010.8,516.3,866.6,789.7,17.1,26.7,350.3,18.2,311.2,1870.8,6341.2,2117.3,1481.9,1324.9,52.5,238.0,1247.8,1630.0,538.3,1139.8,5789.7,3893.1,3162.1,1617.8,4745.6,4526.7,2605.0,2483.1,1858.8,2428.8,1169.9,4886.4,1019.4,2827.6,1585.2,4379.2,7838.1,4773.3,1736.2,672.9
2026-10-01 16:15:00,878.3,400.5,1078.4,494.3,874.8,724.7,15.0,26.2,339.2,15.3,312.4,1864.0,6157.8,2048.8,1508.8,1377.0,52.5,224.9,1249.7,1601.5,536.6,1139.3,5769.6,3992.2,3175.8,1687.8,4761.1,5283.0,2608.2,2479.4,1855.2,2440.1,1182.4,4907.7,1022.5,2837.9,1588.0,4441.1,7888.6,4769.4,1770.5,663.9
2026-10-01 16:30:00,885.6,361.9,1164.3,516.9,878.9,670.2,13.3,27.2,331.0,12.3,260.8,1849.8,6083.6,1957.1,1547.5,1426.3,52.5,202.7,1243.4,1634.2,537.8,1138.9,5721.6,4046.7,3187.6,1689.2,4763.3,5318.4,2613.4,2437.6,1853.6,2224.9,1182.4,4934.7,1020.3,2862.9,1586.2,4485.4,7956.0,4986.0,1820.2,649.2
2026-10-01 16:45:00,896.8,330.8,1246.1,540.1,883.2,615.4,12.1,26.0,329.2,19.6,220.0,1856.6,6013.9,2436.6,1615.8,1472.5,52.5,205.0,1236.0,1616.9,542.5,1171.8,5740.8,4087.7,3196.1,1809.8,4761.0,5756.4,2606.4,2442.6,1861.0,2181.9,1185.2,5073.7,1025.0,2862.0,1597.6,4473.2,8041.9,4968.3,1861.0,639.9
2026-10-01 17:00:00,913.6,300.6,1308.0,620.9,895.8,728.8,18.8,63.0,352.6,20.4,252.2,1840.8,6172.4,2369.8,1871.2,1488.7,69.6,226.1,1641.6,1646.8,586.4,1152.1,5796.4,4236.9,3213.8,1709.5,4644.2,5592.1,2596.6,2415.4,1861.8,2341.1,1182.8,5054.6,1031.2,3126.9,1612.8,4564.6,8196.9,4870.1,1873.1,607.4
2026-10-01 17:15:00,926.0,319.3,1357.9,640.2,906.9,688.9,15.0,62.0,346.0,26.9,224.6,1823.2,6288.8,2296.7,1952.7,1520.4,69.6,150.6,1635.8,1693.7,572.6,1152.3,5788.9,4361.5,3217.1,1750.4,4642.8,5608.8,2615.8,2404.3,1863.5,2100.0,1176.9,5059.4,1034.1,3158.4,1621.0,4599.9,8270.1,4933.7,1905.6,612.9
2026-10-01 17:30:00,942.2,365.2,1389.7,662.1,919.7,681.8,13.3,61.1,360.9,56.6,210.3,1809.3,5716.1,2608.7,1998.9,1504.3,83.2,114.8,1632.7,1664.5,581.7,1142.6,5799.9,4445.6,3225.8,1754.2,4643.0,5622.1,2602.1,2413.4,1866.0,2135.3,1174.9,5052.3,1034.8,3165.4,1639.9,4548.4,8336.5,4947.8,1918.3,616.4
2026-10-01 17:45:00,953.7,377.7,1412.4,678.0,929.7,697.5,13.3,61.9,377.8,130.5,214.2,1797.0,4417.6,1647.8,2036.4,1507.6,82.7,170.2,1625.5,1639.6,590.2,1149.3,5866.4,4485.9,3233.7,1754.5,4648.3,5631.2,2602.7,2443.0,1866.6,2062.7,1175.4,5042.3,1039.6,3189.4,1648.0,4554.9,8410.4,5016.3,1942.4,615.6
2026-10-01 18:00:00,963.9,377.7,1440.7,709.9,934.9,723.9,18.8,45.0,396.3,18.9,546.5,1803.0,4795.0,1716.0,2014.3,1418.4,82.7,84.4,1355.9,1464.4,627.7,1152.0,6076.7,4593.7,3254.2,1702.8,4523.4,5566.3,2602.0,2563.3,1872.6,2588.5,1172.8,5016.7,1031.2,2931.9,1927.3,4721.3,8490.2,5070.1,1961.4,643.4
2026-10-01 18:15:00,970.9,373.5,1468.5,760.7,942.5,719.7,18.8,47.0,408.6,28.6,551.6,1774.9,4670.4,1880.5,1995.7,1448.8,70.1,83.9,1314.6,1444.0,609.2,1149.2,6004.6,4551.9,3262.2,1704.3,4529.0,5587.3,2603.7,2568.4,1880.2,2523.6,1168.6,5015.2,1035.6,2942.5,1925.1,4746.7,8515.9,5028.8,1953.1,658.2
2026-10-01 18:30:00,973.2,360.7,1486.9,796.2,952.7,727.9,18.8,47.4,413.4,20.1,577.6,1772.4,4670.1,1800.3,2003.7,1464.4,79.8,90.2,1307.7,1424.0,605.0,1151.1,6033.6,4617.4,3273.1,1707.0,4544.6,5612.3,2601.5,2569.7,1879.9,2438.6,1171.7,5018.8,1036.9,2944.9,1921.8,4751.2,8543.8,5051.6,1963.1,674.1
2026-10-01 18:45:00,969.5,321.6,1486.7,823.5,952.1,735.2,13.3,50.0,397.6,32.2,585.6,1756.0,4577.1,1782.5,1987.5,1461.1,78.4,95.5,1281.0,1414.8,602.8,1220.1,6020.7,4697.7,3281.5,1709.4,4546.3,5624.3,2604.2,2560.0,1882.8,2100.4,1170.6,5024.4,1036.4,2938.9,1914.7,4853.1,8573.1,5092.7,1964.7,710.8
2026-10-01 19:00:00,968.6,375.1,1477.3,861.1,942.9,680.6,18.8,8.8,433.4,2.8,657.1,1754.5,4592.5,1808.5,2061.9,1437.9,65.0,134.7,1249.9,1417.1,585.0,1163.2,6127.9,4900.9,3301.1,1825.4,4665.4,5441.8,2614.2,2518.2,1902.7,2207.0,1182.6,5111.2,1030.6,2897.1,1906.7,4781.8,8594.3,5140.0,1975.7,720.9
2026-10-01 19:15:00,967.1,325.2,1466.3,889.5,936.3,683.0,17.3,8.2,431.3,6.8,656.5,1747.9,4556.0,1723.6,2019.0,1446.2,65.0,126.1,1230.8,1407.4,583.3,1232.9,6039.6,4842.8,3306.4,1826.0,4671.3,5461.8,2618.3,2525.8,1904.7,2192.8,1185.1,5112.2,1029.3,2881.7,1898.1,4826.3,8602.7,5112.1,1973.4,741.1
2026-10-01 19:30:00,976.1,285.6,1445.8,917.0,926.5,673.8,15.0,11.9,413.7,26.5,642.2,1743.4,4517.8,2210.0,1951.4,1477.9,65.0,122.0,1241.1,1390.4,576.1,1233.6,6001.2,4905.3,3307.4,1826.1,4669.5,5475.9,2619.0,2504.8,1910.8,1993.2,1188.4,5114.1,1026.1,2887.3,1891.7,4879.0,8594.6,5117.4,1971.0,752.3
2026-10-01 19:45:00,973.5,263.8,1422.5,927.8,926.6,659.0,15.0,12.3,426.3,11.8,669.9,1734.3,4478.6,2189.9,1928.7,1468.4,74.9,57.4,1228.7,1374.6,577.7,1233.0,5996.0,4970.8,3305.2,1828.5,4669.9,5474.1,2624.2,2497.6,1908.3,1810.8,1187.3,5115.1,1022.5,2874.1,1888.1,4926.9,8557.0,5119.6,1955.5,713.9
2026-10-01 20:00:00,952.7,308.9,1392.5,863.1,890.4,596.2,14.0,23.2,441.6,6.4,658.3,1828.5,4674.3,2038.0,1793.9,1455.4,59.3,98.6,1523.6,1372.0,563.3,1177.6,5961.6,5045.4,3285.8,1812.4,4704.8,5244.6,2623.8,2467.0,1895.3,1868.9,1192.6,5065.7,1011.5,2817.8,1872.8,4849.3,8421.3,5120.4,1916.8,703.1
2026-10-01 20:15:00,950.9,271.3,1363.7,886.8,887.6,594.9,14.0,22.3,431.0,9.1,652.0,1832.0,4706.4,1899.2,1765.4,1454.6,62.4,59.6,1520.9,1364.0,565.1,1177.7,5927.0,5053.2,3272.3,1812.9,4703.4,5235.1,2625.5,2459.0,1899.5,1710.9,1189.2,5059.9,1007.5,2813.9,1869.3,4870.4,8364.2,5109.3,1890.4,705.2
2026-10-01 20:30:00,951.3,274.2,1331.9,852.5,886.9,595.0,13.9,18.6,425.2,30.1,630.6,1825.7,4746.6,1872.3,1759.3,1450.8,87.7,140.5,1516.7,1356.9,554.3,1178.0,5872.8,5103.1,3259.0,1813.9,4706.4,5230.7,2622.0,2443.8,1905.6,1566.4,1186.4,5055.7,1005.2,2802.5,1863.8,4891.5,8293.0,5081.2,1881.7,708.1
2026-10-01 20:45:00,945.9,276.3,1297.7,846.5,886.2,594.9,13.9,18.2,418.0,20.0,634.1,1823.5,4934.0,1867.4,1744.1,1449.6,59.2,157.8,1525.9,1373.4,556.2,1178.1,5839.2,5117.3,3243.1,1807.9,4712.1,5231.5,2618.2,2436.9,1901.8,1467.5,1182.8,5049.4,1001.6,2793.7,1858.0,4907.3,8222.2,5026.8,1867.1,710.0
2026-10-01 21:00:00,926.9,277.9,1246.6,875.9,861.2,413.1,13.5,13.5,396.1,39.2,169.8,1726.4,4766.0,2060.1,1642.7,1453.1,71.2,69.1,1157.0,1360.3,501.9,1176.9,5842.3,5029.3,3191.8,1733.2,4680.6,5038.1,2597.6,2401.4,1883.7,1649.2,1167.9,4945.5,997.8,2773.6,1838.1,5044.5,8111.0,5013.4,1838.0,679.8
2026-10-01 21:15:00,908.0,278.5,1210.3,887.8,847.9,413.0,13.5,13.2,388.0,21.4,175.6,1727.5,5245.2,2384.0,1618.5,1428.4,71.1,146.2,1159.3,1333.6,499.2,1183.0,5863.1,5033.8,3164.4,1733.9,4672.3,4992.8,2591.0,2399.8,1883.1,1618.7,1159.2,4918.4,992.8,2767.7,1828.7,5032.3,8022.1,5010.9,1819.6,678.3
2026-10-01 21:30:00,888.1,280.2,1170.1,899.3,828.8,412.8,13.5,13.2,394.1,23.6,148.4,1738.0,5580.8,2120.0,1630.0,1446.3,42.7,156.9,1153.3,1325.1,496.6,1192.4,5848.9,5034.3,3139.7,1696.9,4665.0,4983.3,2583.2,2394.9,1884.5,1581.8,1155.8,4914.2,983.5,2763.1,1821.5,4937.9,7934.3,4978.1,1803.0,675.4
2026-10-01 21:45:00,876.6,279.5,1127.9,882.8,812.6,412.6,16.8,13.2,386.3,19.8,153.5,1745.2,5606.4,2103.0,1615.8,1420.5,42.7,176.5,1157.5,1308.8,499.3,1192.6,5859.9,5021.2,3113.9,1645.9,4651.4,4973.7,2578.4,2367.6,1885.6,1520.1,1146.8,4916.2,975.4,2757.0,1814.2,4945.6,7880.5,4962.3,1775.1,673.4
2026-10-01 22:00:00,857.2,278.2,1084.1,917.7,788.7,412.6,3.5,13.0,370.7,19.2,160.2,1721.8,5239.1,2063.6,1533.1,1432.6,29.0,146.5,1082.3,1304.1,478.4,1185.8,5697.9,4960.7,3048.1,1727.0,4596.1,4729.9,2558.1,2326.9,1856.9,1549.6,1142.7,4905.5,960.0,2630.1,1814.4,4794.3,7757.5,4806.4,1754.3,687.6
2026-10-01 22:15:00,841.2,279.8,1059.1,886.4,771.7,413.2,5.4,12.8,366.7,10.3,163.7,1728.1,5493.3,2062.7,1512.3,1395.0,29.1,133.3,1093.5,1280.1,475.8,1178.3,5635.8,4935.4,3010.2,1696.8,4578.1,4681.6,2558.6,2306.2,1857.3,1476.6,1134.3,4892.4,951.7,2621.9,1806.2,4767.7,7672.1,4791.9,1725.1,680.3
2026-10-01 22:30:00,844.2,281.5,1253.6,916.7,755.1,414.0,6.2,12.9,361.1,13.2,146.2,1712.5,5526.1,1725.1,1510.9,1398.0,29.0,134.4,1092.2,1267.4,472.9,1183.6,5611.1,4929.5,2969.2,1695.2,4561.0,4609.4,2537.0,2311.4,1849.5,1545.0,1125.3,4850.1,943.9,2610.6,1797.6,4738.4,7585.0,4778.0,1706.1,673.8
2026-10-01 22:45:00,834.6,282.8,1234.7,914.7,741.7,412.0,7.6,12.0,354.8,7.5,160.4,1719.6,5594.3,1745.7,1504.5,1387.3,29.0,131.7,1088.4,1251.1,475.1,1179.3,5552.1,4908.0,2931.4,1692.6,4538.1,4566.4,2539.7,2303.1,1847.2,1514.3,1118.4,4835.9,937.6,2597.0,1787.0,4704.1,7567.2,4764.4,1680.3,667.0
2026-10-01 23:00:00,832.2,282.7,1214.6,914.2,728.9,410.2,16.2,57.8,348.0,15.1,227.0,1723.5,5284.3,1683.5,1424.0,1314.5,24.5,218.1,1055.6,1098.9,456.2,1167.2,5298.9,4886.1,2832.0,1605.2,4560.8,4471.8,2490.9,2161.3,1821.5,1532.6,1094.4,4733.7,931.4,2491.1,1858.9,4734.3,7374.7,4690.1,1640.0,651.0
2026-10-01 23:15:00,818.0,283.9,1198.7,905.2,716.8,410.8,16.3,57.3,344.8,14.1,223.2,1726.1,5525.1,1661.4,1401.1,1311.4,24.5,205.5,1054.2,1071.1,455.1,1158.5,5303.5,4881.7,2787.0,1594.0,4541.8,4435.7,2482.2,2141.0,1811.1,1519.5,1085.0,4685.7,926.6,2471.8,1846.3,4704.9,7307.7,4675.7,1617.4,645.6
2026-10-01 23:30:00,814.0,284.9,1181.0,898.3,703.9,411.9,16.8,56.3,336.5,14.6,220.6,1726.7,5548.8,1682.2,1391.1,1301.3,24.5,204.8,1062.5,1058.0,454.7,1157.9,5298.1,4850.3,2743.8,1592.8,4530.7,4404.9,2466.7,2127.2,1805.6,1526.7,1075.7,4622.4,921.6,2449.6,1833.8,4677.4,7230.9,4663.4,1601.4,626.6
2026-10-01 23:45:00,805.5,286.0,1164.0,894.2,694.8,413.0,17.6,54.7,329.6,7.4,218.5,1735.9,5540.0,1686.0,1366.6,1307.0,24.5,204.6,1072.0,1031.0,459.2,1148.0,5275.0,4824.3,2703.2,1592.6,4515.5,4374.4,2456.1,2120.1,1803.6,1525.9,1066.6,4564.9,914.9,2426.0,1820.9,4626.3,7223.9,4697.0,1586.3,617.1
2026-10-02 00:00:00,834.5,316.4,1021.1,952.9,648.1,304.2,31.0,27.2,298.6,15.7,146.8,1741.2,4129.6,1582.2,1127.3,1017.0,0.0,226.1,1114.5,1103.5,482.5,957.4,5070.3,4765.7,2610.2,1584.9,4552.8,4237.2,2410.2,2188.4,1726.7,1486.3,1001.2,3673.3,899.0,2611.9,1494.7,4608.9,7046.6,4752.5,1543.9,611.5
2026-10-02 00:15:00,887.8,305.2,1011.2,907.8,640.3,304.1,31.0,31.4,290.7,14.5,135.7,1743.5,4142.1,1564.0,1168.5,1073.8,0.0,210.1,1120.1,1087.3,489.6,928.4,5058.0,4731.8,2571.3,1582.7,4547.0,4227.6,2398.1,2184.9,1719.5,1719.1,1007.1,3643.5,905.0,2588.7,1501.8,4567.3,7027.0,4733.7,1543.5,603.0
2026-10-02 00:30:00,877.5,304.0,1001.0,886.3,629.2,303.8,31.0,25.2,295.1,12.6,130.2,1747.3,4139.0,1527.2,1150.0,1048.0,0.0,224.3,1127.3,1067.9,486.6,909.1,5076.1,4708.8,2544.1,1581.2,4536.0,4208.8,2385.2,2178.9,1717.8,1791.6,1001.5,3619.1,900.9,2567.6,1506.1,4529.9,6958.9,4717.3,1538.6,594.7
2026-10-02 00:45:00,870.6,303.2,994.9,872.2,623.8,303.9,31.0,23.8,289.4,16.2,109.3,1749.4,4143.1,1356.3,1127.1,1053.5,0.0,244.0,1121.7,1054.6,486.7,897.7,5055.6,4660.9,2518.3,1579.7,4525.2,4210.4,2372.7,2174.1,1714.0,1938.8,991.6,3570.4,888.3,2546.9,1509.8,4495.6,6952.9,4697.7,1545.2,586.0
2026-10-02 01:00:00,847.4,301.5,989.1,884.9,679.7,302.9,28.0,20.2,326.9,5.1,161.1,1755.5,4002.3,1374.1,1108.3,1037.1,0.0,245.8,1206.5,1037.7,479.1,872.3,5104.9,4584.4,2454.6,1579.1,4474.0,4199.4,2360.5,2039.3,1683.7,2396.3,976.4,3460.6,882.6,2481.4,1501.8,4480.4,6958.9,4774.3,1508.3,618.4
2026-10-02 01:15:00,816.4,299.5,984.7,885.7,676.5,294.6,28.1,19.4,342.9,6.3,151.1,1757.0,4048.3,1316.6,1089.5,1037.2,0.0,230.6,1211.2,1019.6,478.7,853.7,5113.0,4551.7,2432.2,1579.0,4465.3,4193.3,2354.3,2044.2,1680.1,2541.5,971.2,3425.7,883.2,2461.5,1495.8,4440.9,6945.9,4747.9,1508.4,607.6
2026-10-02 01:30:00,834.6,297.7,981.9,888.2,678.4,294.6,28.0,20.6,353.3,7.1,138.1,1757.9,4099.0,1279.5,1081.9,1037.6,0.0,220.8,1212.5,1002.6,489.8,836.8,5110.1,4495.5,2412.2,1577.8,4458.9,4189.6,2348.4,2036.4,1662.9,2680.0,962.5,3398.7,882.1,2443.9,1494.4,4397.0,6903.7,4724.5,1506.4,596.2
2026-10-02 01:45:00,831.0,294.8,979.4,897.7,675.2,296.6,28.0,20.4,381.4,6.1,120.2,1760.6,4255.7,1189.0,1120.3,1037.0,0.0,220.5,1208.2,987.7,492.4,821.8,5108.6,4439.6,2391.7,1577.2,4453.5,4082.8,2342.5,2044.6,1668.0,2785.7,957.9,3368.6,875.3,2428.5,1495.2,4358.3,6863.4,4709.6,1499.7,585.4
2026-10-02 02:00:00,838.5,292.3,978.4,879.4,667.4,300.5,27.0,17.8,408.6,6.9,159.0,1761.8,4187.5,1106.6,1082.6,1009.9,0.0,207.7,1141.9,970.3,487.8,814.0,5043.1,4417.2,2359.8,1600.3,4634.8,4240.9,2352.3,2004.2,1655.0,2709.4,945.8,3330.8,881.8,2464.1,1437.8,4330.2,6815.6,4689.1,1507.4,551.6
2026-10-02 02:15:00,829.8,289.8,984.5,872.3,665.9,299.9,27.0,16.7,404.2,7.1,135.6,1763.8,4228.4,1118.8,1120.4,1010.2,0.0,204.8,1148.8,958.5,485.6,796.4,5016.4,4374.5,2345.4,1600.9,4628.0,4226.8,2349.6,2010.7,1652.7,2807.5,941.4,3306.3,881.1,2452.3,1437.2,4298.2,6790.2,4668.2,1508.1,541.4
2026-10-02 02:30:00,798.1,287.4,990.5,876.6,665.5,301.4,27.0,15.6,406.6,9.4,122.9,1766.6,4290.1,1075.1,1086.4,1010.3,0.0,204.3,1142.9,936.5,478.1,782.0,5000.8,4370.4,2331.0,1596.4,4621.4,4210.4,2346.9,2015.7,1643.2,2843.4,938.9,3291.5,875.3,2441.3,1432.9,4264.9,6780.3,4638.0,1506.7,538.1
2026-10-02 02:45:00,791.3,285.2,994.4,867.6,663.0,302.6,29.7,14.7,410.6,8.7,111.5,1770.1,4406.8,1070.3,1034.2,1015.1,0.0,218.6,1136.5,927.8,477.0,769.7,4996.5,4342.1,2318.0,1592.3,4620.1,4184.7,2338.8,2028.0,1637.3,2850.7,934.8,3267.7,877.5,2431.5,1438.0,4328.1,6770.0,4624.3,1509.5,522.0
2026-10-02 03:00:00,781.9,282.7,897.6,867.5,613.1,301.7,33.0,13.1,417.7,2.4,199.0,1773.3,4316.9,1145.7,1098.6,1016.4,0.1,213.7,1102.2,923.8,464.9,764.1,4791.7,4266.6,2294.2,1560.6,4528.7,4023.7,2330.6,1933.0,1645.2,2812.4,927.7,3270.1,881.2,2453.6,1404.7,4155.6,6620.6,4487.6,1522.9,511.0
2026-10-02 03:15:00,760.1,280.4,903.4,867.4,616.2,301.2,35.7,11.7,410.4,2.4,177.7,1775.1,4327.2,1134.6,1096.3,1016.8,0.1,222.8,1094.9,916.7,468.2,756.0,4774.9,4259.3,2285.3,1559.3,4528.3,4020.0,2328.7,1934.1,1639.1,2851.1,924.0,3257.3,881.7,2447.2,1405.0,4125.6,6603.5,4462.4,1524.4,512.1
2026-10-02 03:30:00,760.9,277.9,909.7,832.2,616.3,308.5,34.9,11.9,411.9,3.4,153.9,1777.0,4751.7,1128.4,1096.9,1011.0,0.0,237.1,1082.3,903.2,457.4,747.7,4769.2,4227.6,2276.5,1556.1,4526.1,4046.9,2326.6,1964.5,1639.2,2906.8,922.2,3223.4,882.5,2439.9,1404.8,4161.2,6598.0,4446.2,1531.6,510.3
2026-10-02 03:45:00,729.8,276.6,923.7,812.2,618.9,308.5,35.7,11.5,414.8,4.1,153.2,1778.0,4956.5,1117.8,1091.4,1011.7,0.0,236.4,1078.0,899.1,448.3,739.0,4764.3,4215.8,2270.7,1553.8,4524.2,4088.8,2320.9,1985.7,1639.3,2918.7,920.6,3191.1,882.3,2432.2,1411.2,4179.0,6577.4,4432.3,1531.8,500.7
2026-10-02 04:00:00,757.8,275.6,948.0,797.4,625.2,308.1,24.7,1.1,417.7,7.2,115.4,1790.2,5386.9,1226.4,1030.1,1045.2,0.0,203.6,1033.6,903.7,442.6,735.6,4841.2,4162.7,2270.9,1512.5,4525.6,4165.1,2370.5,1972.2,1660.3,2751.0,917.5,3353.6,891.6,2579.1,1427.1,4382.9,6606.7,4398.2,1565.0,489.6
2026-10-02 04:15:00,765.8,272.9,1003.3,798.0,635.8,307.6,24.7,1.0,417.4,3.4,107.9,1788.3,5288.6,1204.0,1040.4,1032.8,0.0,180.9,1027.8,896.6,435.6,721.9,4858.1,4159.2,2271.6,1509.4,4528.6,4174.8,2366.6,1997.8,1650.4,2885.0,915.5,3329.9,887.2,2571.1,1428.8,4401.0,6612.7,4382.6,1578.4,483.8
2026-10-02 04:30:00,770.9,270.0,1032.1,810.3,649.6,307.1,22.0,1.9,357.5,0.0,101.7,1788.2,4292.8,1181.6,1001.6,1029.9,0.0,160.6,1019.6,891.5,437.4,704.3,4894.6,4152.6,2275.8,1504.9,4533.2,4180.8,2366.9,2062.0,1645.2,2901.9,915.1,3297.1,894.6,2567.2,1427.5,4487.8,6609.2,4369.6,1580.1,471.5
2026-10-02 04:45:00,783.4,266.8,1072.5,844.4,666.2,306.6,22.0,1.9,337.4,1.2,95.9,1793.4,4198.6,1186.7,993.0,1030.3,0.0,160.1,1016.5,893.3,435.7,694.9,4922.3,4137.6,2282.2,1503.1,4537.8,4185.9,2370.4,2211.4,1647.8,2959.2,912.7,3210.5,901.1,2565.9,1420.5,4512.8,6624.5,4356.5,1598.8,459.1
2026-10-02 05:00:00,844.8,264.0,1161.0,809.2,706.3,545.9,34.7,46.5,341.9,7.4,63.8,1764.8,4274.3,1274.7,1025.5,1064.9,0.0,198.3,995.9,1016.8,436.3,701.0,5380.8,4234.3,2316.0,1478.2,4492.0,4144.9,2428.0,1956.6,1687.5,2812.5,921.2,3457.4,914.9,3318.1,1422.0,4508.3,6778.4,4402.0,1638.6,467.8
2026-10-02 05:15:00,853.0,262.5,1220.4,816.5,730.1,545.3,32.0,47.7,353.5,1.8,67.7,1764.9,4096.5,1247.4,1018.4,1074.7,0.0,206.2,994.3,1026.8,432.2,701.9,5423.2,4247.1,2347.8,1483.5,4506.4,4167.9,2433.9,1986.1,1675.9,2956.9,929.7,3469.8,919.9,3317.7,1430.2,4563.6,6827.3,4394.5,1677.8,458.7
2026-10-02 05:30:00,876.4,260.5,1269.2,835.2,749.5,544.5,32.0,47.8,354.4,13.0,78.2,1760.9,4099.4,1256.0,973.9,1086.8,0.0,206.6,977.0,1032.5,429.8,685.3,5428.0,4239.0,2380.4,1480.5,4523.5,4189.4,2444.1,2105.9,1675.4,3044.3,936.3,3440.1,930.0,3315.3,1452.2,4638.8,6939.2,4383.8,1714.5,449.1
2026-10-02 05:45:00,896.8,259.0,1296.7,825.0,772.0,543.6,32.0,47.8,367.0,18.0,84.7,1759.0,4098.9,1278.5,979.0,1093.9,0.0,207.6,986.2,1035.2,432.6,678.5,5437.5,4273.7,2419.2,1479.3,4536.4,4207.4,2449.7,2210.2,1679.1,3165.7,947.2,3426.0,939.2,3312.2,1485.7,4680.2,7078.4,4391.8,1760.2,440.8
2026-10-02 06:00:00,920.5,258.7,1342.2,835.2,807.6,734.3,16.1,45.7,387.4,22.7,132.8,1729.7,4525.4,1327.7,1030.8,1182.7,0.0,224.6,1080.1,1390.8,449.9,714.8,5627.4,4415.6,2567.3,1451.5,4663.5,4669.0,2529.7,1981.6,1722.4,3127.0,963.2,4027.3,963.8,3745.4,1563.2,4559.3,7429.2,4440.3,1829.8,431.6
2026-10-02 06:15:00,932.4,258.2,1337.7,825.6,825.4,738.5,16.0,45.7,398.6,29.6,124.6,1729.1,4262.7,1991.5,1049.2,1226.8,0.0,245.7,1073.8,1410.1,453.5,713.7,5556.0,4422.5,2638.2,1450.7,4693.5,4713.5,2549.2,1992.4,1727.7,3139.0,988.8,4129.4,972.2,3745.1,1609.6,4597.0,7615.9,4628.3,1898.0,426.9
2026-10-02 06:30:00,932.4,259.2,1317.7,1034.8,844.5,741.7,16.0,46.8,416.4,26.6,126.0,1725.3,4244.5,2083.2,1047.7,1201.8,0.1,229.2,1086.8,1398.8,458.9,710.4,5588.8,4437.9,2708.2,1524.9,4731.8,4773.8,2570.0,1996.1,1735.5,3205.0,1010.7,4205.6,983.1,3749.2,1652.8,4610.6,7794.0,4621.8,1935.7,422.3
2026-10-02 06:45:00,934.6,272.7,1317.2,1046.3,851.3,764.9,16.0,49.3,427.0,50.0,129.2,1722.6,3403.5,1433.7,1086.9,1219.8,0.0,194.5,1107.3,1396.0,468.8,709.7,5616.4,4499.0,2785.7,1527.1,4757.2,4820.5,2598.2,2063.3,1741.1,3236.7,1027.5,4285.5,995.5,3757.1,1683.2,4636.6,7972.6,4625.5,1995.5,413.9
2026-10-02 07:00:00,932.0,268.7,1311.0,1170.9,869.8,851.8,6.0,50.3,481.1,49.2,224.7,1824.2,3320.4,1583.1,1222.8,1228.0,0.0,284.8,1260.2,1373.1,531.6,690.3,5732.3,4485.8,2977.7,1491.5,4946.8,5414.1,2679.4,1970.7,1807.9,3267.4,1056.5,4610.5,1015.0,3879.8,1807.1,4664.3,8285.2,4662.6,2131.8,419.2
2026-10-02 07:15:00,936.5,297.7,1292.3,1213.4,882.9,888.3,6.0,56.6,501.5,50.1,201.0,1825.0,3307.6,1651.7,1255.8,1263.0,0.1,295.1,1255.6,1379.3,532.1,694.7,5760.2,4480.8,3033.9,1511.5,4977.5,5483.2,2699.7,2001.9,1813.8,3281.7,1074.5,4644.0,1021.0,3887.1,1817.4,4668.9,8389.6,4663.6,2162.2,417.3
2026-10-02 07:30:00,941.2,323.9,1244.8,1222.1,887.7,930.2,6.0,74.8,512.2,50.1,205.6,1821.3,3319.9,1712.2,1280.4,1265.9,27.5,277.2,1258.5,1376.1,539.1,699.0,5785.4,4472.3,3072.1,1547.3,4997.6,5528.5,2714.2,2002.4,1819.9,3290.5,1088.9,4674.5,1027.7,3892.9,1823.0,4666.9,8461.8,4659.4,2184.0,442.1
2026-10-02 07:45:00,933.4,356.5,1174.9,1240.3,887.7,981.9,6.1,73.3,523.5,50.2,203.9,1860.0,3326.8,1730.5,1279.6,1275.9,27.6,166.5,1267.4,1377.1,553.4,703.3,5805.1,4454.9,3111.2,1585.9,5011.3,5582.4,2740.2,1970.9,1831.7,3293.7,1097.4,4720.3,1031.2,3892.7,1825.7,4652.1,8523.9,4650.2,2214.5,463.4
2026-10-02 08:00:00,925.7,398.2,1090.9,1250.9,883.9,962.7,1.0,68.8,516.5,120.9,239.1,1760.8,4352.4,1622.9,1432.6,1358.5,0.0,121.4,1302.0,1328.6,564.0,706.5,5846.6,4300.2,3187.7,1511.4,4951.2,5465.4,2860.3,2208.4,1850.9,3389.4,1109.6,4756.8,1025.3,3685.5,1823.3,4744.4,8559.6,4674.2,2228.6,425.7
2026-10-02 08:15:00,912.6,426.1,1006.4,1237.2,884.9,1018.5,1.0,66.9,541.9,51.0,241.7,1749.1,4362.2,1615.7,1400.0,1288.1,0.0,129.4,1308.5,1314.5,573.0,701.1,5860.4,4243.0,3204.8,1511.2,4957.7,5481.8,2870.4,2215.3,1855.7,3390.0,1111.6,4762.7,1018.9,3675.3,1822.6,4732.1,8565.5,4654.6,2242.9,419.1
2026-10-02 08:30:00,917.4,454.9,907.2,1218.6,881.1,1066.5,1.0,52.6,530.8,51.3,246.5,1774.9,4362.1,1600.5,1373.2,1280.8,0.0,160.1,1302.2,1317.4,576.1,704.0,5866.0,4198.8,3218.8,1510.4,4954.3,5483.7,2872.8,2313.4,1849.0,3414.5,1119.6,4741.0,1021.0,3661.7,1824.5,4697.3,8568.4,4587.6,2239.5,388.0
2026-10-02 08:45:00,902.3,486.9,818.3,1211.6,873.7,1127.3,1.0,50.8,520.3,51.9,245.2,1790.0,4628.3,1509.9,1322.5,1270.0,0.0,310.0,1321.2,1317.0,581.4,703.2,5866.6,4147.0,3227.3,1526.3,4956.7,5493.5,2878.6,2257.8,1847.2,3398.0,1127.1,4771.0,1032.2,3642.5,1828.0,4661.7,8560.7,4571.1,2240.2,383.7
2026-10-02 09:00:00,871.6,524.4,740.1,909.2,857.0,1153.1,53.0,30.3,495.0,119.4,284.8,1789.9,4391.0,1826.6,1161.2,1394.6,40.5,305.5,1460.7,1277.3,610.0,719.4,5764.1,4106.6,3257.3,1611.2,4893.7,5340.6,2960.6,2208.8,1844.0,3387.1,1121.6,4827.2,1042.9,3652.7,1837.1,4743.0,8493.6,4609.8,2245.7,336.7
2026-10-02 09:15:00,863.7,545.9,675.5,877.7,852.6,1201.4,53.0,23.4,459.8,30.8,282.4,1765.3,4751.6,1504.6,1092.5,1392.0,44.3,301.6,1457.3,1270.1,616.8,711.7,5751.1,4052.3,3257.2,1610.5,4893.5,5345.2,2959.8,2260.5,1834.6,3398.2,1122.2,4812.0,1041.9,3633.8,1841.0,4693.9,8471.3,4557.4,2249.9,316.9
2026-10-02 09:30:00,846.5,574.4,625.9,842.6,845.5,1250.0,53.1,28.1,428.7,50.8,285.7,1793.9,4996.0,1436.5,1060.6,1445.0,21.8,215.0,1436.4,1287.0,618.0,714.2,5745.7,4019.8,3269.6,1609.3,4891.2,5356.5,2958.1,2309.0,1820.5,3408.2,1125.6,4804.7,1041.8,3628.8,1836.3,4664.5,8455.6,4493.8,2241.0,299.1
2026-10-02 09:45:00,831.9,609.1,577.0,796.4,838.5,1296.1,64.1,27.2,397.8,48.9,289.8,1811.4,5324.4,1485.2,988.4,1459.2,25.7,302.2,1457.2,1263.7,626.8,692.9,5754.0,3965.6,3265.2,1608.0,4882.0,5345.3,2959.1,2351.7,1819.9,3417.1,1113.8,4777.4,1045.1,3620.6,1829.5,4650.5,8448.7,4444.1,2235.1,278.1
2026-10-02 10:00:00,820.5,638.1,566.8,680.3,823.0,1266.3,103.0,27.6,350.6,48.3,353.9,1853.8,5101.2,1391.5,843.8,1508.9,160.7,191.2,1268.4,1134.9,631.4,690.1,5716.3,3932.0,3265.2,1512.2,4903.9,5139.3,3008.4,2411.6,1841.9,3336.2,1127.8,4687.3,1036.1,3767.8,1820.9,4795.6,8417.7,4522.1,2259.7,252.3
2026-10-02 10:15:00,807.5,653.2,535.4,703.4,816.0,1296.2,104.1,15.8,304.2,49.7,334.5,1872.9,5211.6,1443.9,781.6,1541.5,160.7,196.5,1274.1,1136.1,641.8,684.9,5694.3,3895.0,3265.8,1511.0,4898.2,5151.3,3006.5,2379.2,1847.6,3340.8,1122.1,4698.7,1035.3,3760.8,1810.4,4775.9,8394.8,4454.8,2257.2,240.2
2026-10-02 10:30:00,794.6,666.4,505.4,752.3,811.5,1313.0,103.0,20.0,273.7,73.4,326.5,1907.5,5215.7,1507.7,761.8,1613.2,154.4,207.7,1262.0,1157.3,635.3,676.8,5686.1,3877.6,3263.2,1509.4,4887.3,5177.5,3002.9,2302.2,1838.0,3334.0,1116.2,4734.1,1037.7,3754.9,1798.7,4748.5,8353.6,4299.6,2256.0,228.4
2026-10-02 10:45:00,781.2,677.9,482.6,765.9,800.8,1329.3,105.3,20.1,244.0,97.3,305.5,1938.9,5363.2,1595.1,698.4,1684.4,135.2,206.1,1253.6,1178.1,635.6,681.7,5689.3,3867.6,3261.6,1506.4,4869.0,5111.2,3006.3,2271.4,1834.7,3331.6,1108.0,4713.8,1031.8,3749.9,1785.8,4698.5,8316.4,4228.9,2247.1,216.8
2026-10-02 11:00:00,766.7,707.3,540.5,772.5,786.0,1293.7,97.0,30.5,222.4,115.2,269.8,1983.8,5144.7,1522.4,643.8,1689.3,25.3,326.9,1231.2,1092.8,605.1,684.2,5636.8,3906.7,3266.7,1472.7,4733.9,4805.1,3018.2,2484.0,1818.4,3294.4,1105.5,4327.4,1022.2,3664.1,1792.2,4667.5,8261.2,4369.7,2232.5,202.7
2026-10-02 11:15:00,758.2,714.8,523.3,785.6,775.8,1273.7,97.0,30.0,200.2,128.2,267.4,1969.3,5249.3,1342.6,595.2,1730.3,36.6,325.7,1210.8,1116.6,592.4,677.8,5625.5,3895.5,3266.1,1471.9,4726.2,4803.0,3016.3,2457.7,1817.1,3295.2,1087.7,4332.1,1025.5,3660.4,1778.0,4658.6,8235.1,4280.0,2216.0,196.3
2026-10-02 11:30:00,757.7,719.0,512.5,784.1,774.3,1271.9,97.0,28.1,186.9,138.5,263.9,2015.8,5791.8,1248.3,596.3,1813.4,26.0,334.4,1204.6,1148.1,584.8,678.5,5609.9,3898.8,3263.5,1472.0,4704.2,4782.3,3012.1,2404.7,1819.5,3285.2,1080.4,4353.8,1024.6,3657.3,1766.2,4625.1,8215.5,4232.1,2224.5,193.4
2026-10-02 11:45:00,756.5,722.9,506.7,800.1,776.0,1273.1,109.0,28.5,166.9,143.0,264.9,2028.9,6061.0,1258.7,658.0,1800.2,35.3,336.3,1205.4,1179.9,587.1,668.6,5594.4,3903.4,3262.0,1470.4,4691.8,4320.7,3013.3,2329.0,1818.1,3254.5,1077.1,4353.2,1021.5,3654.5,1753.8,4609.8,8212.5,4224.9,2214.8,194.3
2026-10-02 12:00:00,768.7,727.1,509.7,804.4,806.1,1183.3,89.7,49.7,128.6,84.0,233.0,2035.8,6182.9,1438.7,634.5,1709.7,165.1,235.4,1193.3,1218.8,575.8,667.8,5503.5,3947.6,3256.8,1351.2,4415.2,3880.5,2948.6,2382.0,1800.0,3283.9,1079.7,4320.1,1022.2,3536.2,1740.9,4543.6,8189.4,4133.8,2202.7,187.8
2026-10-02 12:15:00,801.0,726.8,513.7,815.4,810.3,1155.2,105.7,49.8,115.6,94.7,235.4,2083.9,6737.7,1426.2,668.9,1738.7,167.0,179.1,1185.2,1236.0,576.4,678.4,5484.0,3936.9,3249.9,1349.3,4402.6,3796.8,2947.5,2313.3,1799.6,3271.2,1068.4,4333.4,1021.1,3532.4,1733.4,4514.8,8180.7,4117.5,2193.6,190.4
2026-10-02 12:30:00,793.7,709.1,515.5,822.2,810.1,1121.5,105.7,50.0,112.4,100.6,228.3,2100.3,6828.3,1302.3,599.8,1769.7,167.5,187.5,1153.6,1248.5,578.6,697.6,5478.6,3941.4,3249.6,1350.1,4438.6,3900.6,2948.6,2256.0,1809.3,3267.6,1063.4,4335.4,1019.3,3527.9,1726.9,4502.0,8180.7,4105.6,2187.7,193.2
2026-10-02 12:45:00,824.5,720.7,511.7,829.1,810.6,1045.2,105.7,51.9,112.7,110.2,250.0,2153.2,7126.2,1346.2,656.2,1786.0,166.4,199.3,1156.0,1270.5,583.7,665.0,5427.5,3946.3,3245.7,1348.1,4429.0,3712.7,2951.2,2270.6,1805.2,3267.7,1058.5,4297.2,1018.7,3523.3,1724.2,4498.7,8188.5,4099.9,2179.9,195.7
2026-10-02 13:00:00,771.0,700.2,526.1,841.7,822.2,1063.4,70.7,24.2,112.3,109.1,308.0,2163.9,6727.4,1397.7,653.3,1637.6,27.3,256.5,1134.1,1230.1,554.1,292.0,5385.0,3970.5,3229.1,1326.8,4403.8,3719.6,2956.1,2283.5,1802.2,3249.3,1080.7,3769.3,1013.5,3513.1,1720.3,4514.9,8229.7,4204.7,2175.7,203.0
2026-10-02 13:15:00,855.3,709.4,536.0,828.8,829.4,1062.8,70.7,25.9,109.1,112.5,319.7,2175.5,7001.0,1370.5,643.8,1617.3,50.2,229.7,1130.8,1241.9,553.9,270.4,5322.9,3985.6,3223.0,1313.5,4406.9,3514.6,2956.7,2294.9,1803.6,3248.0,1083.3,3590.6,1013.6,3507.0,1717.2,4521.5,8215.2,4202.6,2157.2,205.1
2026-10-02 13:30:00,865.9,700.4,549.1,812.4,831.6,1061.7,70.6,25.7,110.9,117.3,312.3,2179.0,7020.7,1403.3,652.5,1621.6,51.0,300.4,1127.9,1248.6,553.9,269.0,5297.8,4006.3,3219.0,1306.1,4396.2,3467.6,2953.2,2294.0,1804.3,3250.3,1082.4,3526.5,1012.6,3500.9,1713.8,4520.5,8207.5,4193.9,2149.3,207.8
2026-10-02 13:45:00,884.4,687.8,567.6,792.0,829.0,1050.1,70.6,25.4,108.0,117.9,309.8,2186.0,7030.8,1450.6,679.3,1613.6,42.3,299.3,1151.0,1201.1,562.2,258.0,5287.6,4022.7,3214.4,1299.6,4386.5,3261.0,2952.8,2343.5,1790.8,3254.4,1074.6,3487.3,1009.9,3493.5,1710.1,4522.6,8187.8,4162.2,2134.3,209.8
2026-10-02 14:00:00,901.7,644.1,507.2,806.4,831.5,1116.5,54.3,14.8,118.6,134.1,251.0,2172.4,6827.4,1459.8,704.7,1681.6,55.2,347.2,1120.3,1273.6,552.4,272.7,5385.8,4078.9,3203.8,1340.4,4367.8,3357.5,2955.6,2181.3,1791.2,3299.4,1077.0,3343.2,1003.0,3515.1,1702.3,4458.7,8159.4,4155.1,2115.7,216.0
2026-10-02 14:15:00,910.3,622.7,537.9,769.0,836.8,1091.8,54.4,15.6,121.4,136.9,248.0,2171.3,6671.4,1376.2,717.9,1657.2,52.2,317.2,1124.4,1240.3,545.2,265.3,5339.0,4087.8,3199.0,1340.6,4368.1,3358.3,2955.1,2188.6,1790.9,3285.8,1075.2,3335.0,1000.0,3509.9,1699.5,4473.4,8139.6,4154.6,2087.5,218.6
2026-10-02 14:30:00,923.3,604.1,567.9,725.0,840.6,1141.1,54.3,15.1,130.3,127.1,251.9,2157.3,6821.3,1365.8,695.4,1613.5,49.1,299.6,1123.6,1256.8,545.6,259.5,5303.5,4101.6,3195.8,1335.8,4356.7,3574.6,2949.2,2192.8,1790.0,3294.5,1048.7,3460.4,996.9,3506.3,1699.4,4469.3,8126.2,4147.9,2079.2,220.5
2026-10-02 14:45:00,893.8,575.1,601.0,663.5,842.1,1098.9,53.5,14.3,133.5,121.8,248.6,2148.9,6664.9,1380.1,718.9,1598.0,29.2,299.6,1112.6,1249.0,545.6,250.3,5321.9,4140.0,3198.8,1345.8,4358.9,3728.4,2950.6,2337.9,1792.4,3347.3,1054.3,3640.0,999.8,3504.3,1700.2,4475.4,8104.1,4151.6,2070.3,221.8
2026-10-02 15:00:00,838.4,530.8,616.9,628.4,806.1,1099.2,68.7,20.7,137.8,122.9,217.7,2126.3,6748.9,1403.6,740.0,1691.6,29.4,226.9,1096.4,1254.0,549.4,273.7,5387.9,4094.5,3198.6,1302.5,3941.6,3623.7,2974.7,2165.7,1804.7,3303.7,1058.1,3630.3,1004.8,3734.0,1703.9,4504.2,7964.8,4044.2,2044.4,220.4
2026-10-02 15:15:00,846.5,505.7,694.8,590.5,812.0,1045.4,67.4,17.9,154.4,116.5,193.8,2114.5,6567.5,1438.2,775.3,1677.6,29.5,225.7,1102.3,1238.8,540.6,389.6,5319.6,4114.7,3200.6,1301.9,3938.3,3843.0,2974.9,2206.5,1801.4,3321.6,1064.9,3915.9,1004.2,3735.4,1709.4,4530.6,7942.9,4041.8,2042.2,217.6
2026-10-02 15:30:00,851.4,468.7,771.2,541.9,817.6,988.9,67.3,15.5,171.7,101.0,188.9,2074.7,6508.5,1330.3,774.1,1641.4,29.7,222.8,1108.6,1210.8,536.8,693.9,5304.8,4127.8,3204.9,1306.3,3943.6,4354.2,2973.6,2402.1,1807.8,3325.0,1078.2,3852.5,1004.8,3737.7,1717.3,4558.9,7939.1,4177.2,2040.1,214.6
2026-10-02 15:45:00,828.8,437.6,848.2,490.6,821.4,921.8,67.2,12.8,177.3,91.0,184.8,2048.2,5772.9,1295.3,789.7,1592.8,29.7,133.6,1102.5,1185.2,528.9,684.2,5304.8,4141.9,3210.9,1321.6,3862.3,4547.4,2973.9,2509.7,1803.9,3337.7,1083.3,3786.0,1001.5,3743.1,1726.6,4553.1,7954.8,4261.9,2041.2,211.6
2026-10-02 16:00:00,842.9,389.2,950.2,710.4,832.8,933.4,39.9,12.5,193.8,77.3,191.1,1978.1,5899.8,1316.2,902.7,1553.1,0.0,127.8,1145.7,1477.4,557.4,690.7,5428.3,4253.9,3214.0,1463.7,4241.4,5259.1,2980.5,2358.1,1814.5,3302.9,1088.9,3851.8,1009.0,3934.1,1743.1,4670.5,8031.1,4053.2,2043.4,210.1
2026-10-02 16:15:00,854.5,354.4,1022.8,666.2,841.7,854.0,39.8,11.4,196.8,105.5,193.5,1981.5,5614.1,1400.0,923.0,1509.0,14.8,87.1,1145.7,1446.5,549.5,672.3,5413.6,4279.5,3220.5,1468.6,4246.6,5634.3,2982.0,2463.4,1803.6,3309.8,1100.7,3807.3,1008.2,3945.5,1750.3,4686.6,8031.5,4164.3,2048.4,216.2
2026-10-02 16:30:00,868.4,320.5,1115.6,861.2,857.8,780.7,39.5,8.5,214.6,104.1,192.5,1957.8,5017.9,1474.8,949.8,1462.8,14.8,189.7,1164.5,1423.3,549.9,660.7,5420.9,4316.6,3227.3,1468.7,4251.7,5639.9,2979.2,2482.9,1803.4,3308.9,1112.5,3812.6,1014.3,3961.0,1755.9,4678.3,8063.7,4181.0,2062.6,219.4
2026-10-02 16:45:00,873.9,320.3,1192.6,839.8,861.0,730.0,39.5,12.8,229.9,87.4,202.3,1898.5,4810.2,1600.9,1029.5,1440.1,14.8,224.0,1163.0,1424.4,550.2,676.7,5436.4,4368.4,3237.5,1469.4,4248.7,5682.1,2974.5,2421.7,1809.1,3303.8,1115.7,3875.6,1012.3,3978.6,1760.7,4669.9,8118.6,4315.5,2084.1,220.8
2026-10-02 17:00:00,897.1,355.1,1258.7,963.7,871.8,858.5,12.0,57.5,252.9,67.0,217.9,1878.7,5228.7,1548.3,1302.7,1361.9,124.4,56.6,1283.2,1514.4,571.7,655.8,5463.3,4708.6,3222.8,1393.0,4461.2,5679.3,3045.8,2259.4,1809.0,3313.2,1119.8,4018.5,1019.4,3882.2,1765.1,4427.6,8215.0,4390.3,2080.2,254.9
2026-10-02 17:15:00,904.4,374.4,1313.9,943.3,884.0,825.8,12.0,54.7,274.3,65.8,220.7,1881.4,5064.2,1514.4,1361.8,1341.5,124.4,78.9,1284.0,1531.7,571.0,677.7,5464.1,4809.0,3221.3,1392.8,4458.8,5719.7,3053.6,2098.7,1819.1,3273.5,1121.6,4119.2,1022.1,3907.5,1765.7,4408.9,8262.3,4511.8,2098.3,255.4
2026-10-02 17:30:00,920.8,419.8,1362.3,945.5,892.6,802.5,12.0,55.7,302.4,42.2,242.3,1806.0,4093.0,1427.0,1427.9,1279.8,124.4,96.6,1301.4,1499.1,586.1,664.1,5468.9,4867.3,3222.1,1394.0,4460.1,5736.1,3049.3,2043.8,1820.4,3268.7,1117.3,4148.1,1022.2,3933.1,1765.5,4395.4,8293.5,4582.4,2116.2,258.7
2026-10-02 17:45:00,939.5,395.3,1391.5,965.3,905.4,784.3,12.1,58.1,336.8,47.1,230.4,1811.5,4070.5,1485.6,1554.7,1272.2,137.3,77.5,1307.4,1511.1,587.7,667.3,5470.6,4946.6,3224.3,1397.6,4466.3,5934.9,3048.6,1874.0,1820.5,3270.0,1122.8,4378.2,1022.7,3958.9,1779.9,4243.1,8324.3,4573.2,2129.0,290.4
2026-10-02 18:00:00,943.9,400.4,1414.7,1016.0,910.4,822.0,2.0,48.0,356.3,52.7,224.7,1853.1,3925.3,1400.2,1711.0,1345.1,194.2,0.1,1328.0,1531.0,612.0,696.7,5631.1,4965.3,3220.3,1399.8,4809.5,6142.2,3053.1,2018.6,1826.4,3339.4,1124.1,4287.9,1018.4,3734.2,1762.3,4337.8,8315.6,4645.1,2137.7,283.8
2026-10-02 18:15:00,954.1,404.4,1430.8,1075.4,916.9,808.9,2.0,48.8,380.8,50.9,231.3,1813.4,3914.3,1355.9,1782.9,1347.9,171.2,0.1,1322.6,1530.8,608.3,677.1,5642.9,5013.9,3229.7,1401.9,4808.9,6164.7,3052.7,1958.1,1818.0,3308.4,1122.7,4328.5,1015.5,3759.8,1760.8,4328.2,8345.8,4596.0,2145.2,287.8
2026-10-02 18:30:00,958.9,386.3,1442.0,1125.9,924.7,807.1,2.0,62.0,386.0,56.3,246.7,1820.1,3812.3,1377.6,1796.7,1302.6,157.9,0.1,1328.7,1539.3,612.6,675.1,5629.9,5054.3,3223.2,1403.0,4817.3,6168.9,3051.0,1998.0,1818.8,3327.6,1127.2,4313.4,1016.8,3783.6,1758.8,4250.0,8341.8,4537.2,2141.0,298.4
2026-10-02 18:45:00,955.9,310.5,1440.0,1170.4,924.2,813.4,2.0,69.4,390.3,131.0,249.9,1805.5,3698.2,1400.2,1843.1,1331.1,148.0,23.4,1319.1,1565.3,610.6,676.3,5614.1,5022.6,3230.3,1405.2,4817.1,6166.4,3050.9,2037.9,1818.0,3328.1,1125.2,4296.0,1016.1,3805.2,1766.7,4228.3,8342.8,4554.5,2129.4,328.4
2026-10-02 19:00:00,959.7,299.8,1424.8,1217.0,926.3,766.0,26.0,62.4,407.8,133.8,282.8,1812.2,3742.8,1841.6,1898.8,1459.5,146.8,14.3,1258.8,1560.6,606.5,801.9,5522.0,5080.5,3227.6,1407.9,4731.6,6345.5,3042.0,2119.7,1800.9,3423.6,1136.6,4366.6,1012.7,3541.3,1757.8,4009.3,8298.0,4564.1,2124.1,305.0
2026-10-02 19:15:00,958.8,226.6,1410.3,1261.3,920.0,765.9,26.0,63.6,409.8,51.3,258.5,1812.8,3732.8,1738.7,1906.9,1433.1,145.8,15.1,1245.3,1576.6,593.4,799.0,5505.3,5084.8,3223.2,1410.0,4729.7,6343.8,3042.4,2117.9,1802.1,3429.4,1138.0,4369.8,1014.1,3546.2,1754.5,4004.5,8280.4,4526.8,2125.9,355.9
2026-10-02 19:30:00,981.7,220.3,1377.9,1323.8,928.9,734.6,26.0,66.1,416.4,51.3,262.4,1830.2,3725.7,1807.9,1870.4,1381.4,144.9,25.8,1233.0,1593.5,591.7,788.5,5479.6,5097.2,3216.7,1412.9,4722.5,6336.7,3038.8,2105.8,1800.0,3425.3,1138.9,4374.1,1014.0,3562.6,1752.8,3959.8,8257.4,4423.1,2116.9,349.4
2026-10-02 19:45:00,969.8,224.2,1360.8,1348.1,919.5,737.8,26.0,66.1,418.8,51.3,267.6,1817.6,3710.1,1371.2,1854.0,1386.8,143.8,24.8,1223.4,1609.0,584.7,784.9,5441.2,5158.7,3203.7,1414.0,4711.0,6321.9,3051.4,2077.0,1809.1,3371.2,1137.7,4385.9,1012.5,3577.5,1756.1,3873.6,8207.5,4314.2,2108.7,322.6
2026-10-02 20:00:00,947.0,227.9,1336.4,1097.4,895.9,727.6,1.0,88.0,420.5,25.9,248.4,1862.8,3384.5,1480.7,1661.4,1337.2,137.0,30.1,1179.9,1384.0,555.5,657.7,5296.4,5171.9,3167.0,1423.8,4769.5,6113.0,3021.3,2130.8,1790.4,3398.3,1141.5,4458.7,995.2,3214.5,1754.6,3901.5,8056.0,4455.3,2073.6,326.3
2026-10-02 20:15:00,940.0,231.8,1308.8,1087.8,888.3,729.3,1.1,71.3,413.3,32.0,234.7,1888.7,3418.6,1636.6,1653.4,1345.4,171.9,29.7,1169.2,1413.0,551.0,666.4,5344.5,5213.6,3146.6,1425.8,4743.8,6051.8,3018.1,2134.2,1793.0,3389.9,1136.6,4422.7,991.5,3223.3,1753.9,3894.9,7981.2,4336.2,2052.8,330.1
2026-10-02 20:30:00,921.9,235.7,1273.9,938.4,860.2,731.1,1.0,68.2,407.0,40.8,214.4,1878.8,3451.5,1516.2,1636.5,1288.7,171.8,26.4,1161.2,1445.7,547.9,674.7,5330.1,5241.9,3125.7,1426.0,4722.0,5937.4,3012.6,2128.3,1802.6,3305.0,1134.6,4346.8,984.7,3226.7,1750.7,3849.8,7904.4,4476.5,2029.3,335.1
2026-10-02 20:45:00,912.4,239.8,1243.8,962.9,849.0,731.9,1.0,66.3,397.6,35.7,207.9,1884.2,3506.4,1483.0,1609.9,1292.9,171.8,25.2,1167.6,1453.5,548.4,670.7,5326.9,5281.8,3100.2,1424.3,4708.3,5758.9,3008.7,2195.6,1801.0,3242.3,1127.2,4177.6,983.5,3228.6,1750.2,3888.3,7828.1,4363.3,2004.8,340.3
2026-10-02 21:00:00,876.7,248.6,1191.6,992.0,822.0,543.2,1.0,60.6,391.9,30.7,210.0,1800.8,3456.2,1463.6,1540.1,1248.1,54.2,78.7,1083.2,1459.5,517.2,649.1,5296.8,5187.5,3037.1,1423.2,4730.8,5553.2,2897.0,2126.5,1772.5,3242.5,1114.4,4150.7,976.5,2926.2,1643.7,3998.0,7696.8,4444.2,1982.1,347.3
2026-10-02 21:15:00,872.9,248.5,1161.0,997.6,810.0,543.8,1.1,60.2,371.5,45.3,203.4,1830.1,3279.4,1386.7,1518.3,1259.2,54.6,96.8,1073.7,1483.5,512.4,664.3,5310.4,5197.8,3007.9,1423.1,4711.3,5427.0,2892.3,2156.3,1769.6,3193.2,1102.9,4039.4,966.9,2918.4,1634.8,4016.9,7611.6,4319.0,1956.6,347.1
2026-10-02 21:30:00,868.0,253.0,1128.1,981.3,802.0,544.4,1.0,58.9,370.6,37.7,192.1,1840.0,3909.3,1869.4,1535.2,1267.7,55.1,95.4,1065.9,1505.3,509.0,666.8,5294.6,5214.9,2982.7,1421.9,4697.8,5320.3,2885.1,2160.6,1769.9,3172.4,1099.5,3959.3,962.6,2908.6,1621.0,4011.8,7534.5,4305.1,1942.4,350.1
2026-10-02 21:45:00,852.1,257.5,1094.7,991.7,787.0,544.9,1.0,58.8,369.3,35.8,173.5,1845.8,4135.2,2124.4,1514.2,1261.3,49.8,83.6,1072.0,1514.8,509.7,669.1,5288.1,5211.8,2959.9,1421.1,4682.2,5263.7,2880.1,2103.0,1769.7,3149.7,1089.0,3937.8,952.9,2894.5,1604.2,3943.5,7453.3,4315.4,1918.5,352.7
2026-10-02 22:00:00,824.2,261.8,1056.2,1008.4,762.3,306.6,1.0,28.6,359.1,27.0,108.2,1817.0,3918.1,2103.1,1433.8,1241.1,6.1,90.0,999.4,1547.3,489.2,651.8,5088.7,5189.3,2900.8,1418.8,4532.9,5105.2,2852.4,2249.5,1709.5,3119.5,1089.3,3731.5,943.0,2705.5,1579.0,3887.9,7333.9,4329.2,1879.9,337.5
2026-10-02 22:15:00,808.0,264.3,1034.2,983.5,748.3,306.4,1.0,28.7,357.3,29.8,101.8,1827.8,4521.8,1833.9,1417.9,1250.3,35.0,69.1,995.7,1574.5,485.6,645.6,5041.4,5180.8,2873.3,1416.1,4513.3,5056.3,2848.2,2180.8,1702.7,3088.5,1079.2,3723.4,934.1,2688.2,1561.6,3849.9,7252.5,4330.6,1856.3,338.7
2026-10-02 22:30:00,793.7,267.3,1009.7,985.1,731.1,305.8,1.0,28.6,353.0,33.8,92.9,1813.3,4591.1,1836.5,1439.2,1255.3,7.4,68.6,986.0,1598.5,481.8,657.1,5037.2,5180.6,2841.1,1415.7,4496.5,5003.1,2838.8,2124.5,1697.8,3064.8,1075.9,3709.2,924.6,2673.3,1550.3,3804.6,7173.4,4334.8,1842.5,340.7
2026-10-02 22:45:00,787.1,269.5,985.2,972.3,714.9,298.8,3.7,28.6,347.1,36.2,91.0,1820.4,4822.6,1317.7,1411.1,1257.8,7.9,57.8,986.9,1617.1,482.8,654.6,5041.9,5181.9,2814.8,1367.2,4481.8,4977.0,2834.6,2099.4,1694.7,3052.7,1067.9,3703.9,918.3,2656.9,1550.6,3732.5,7121.1,4351.8,1819.8,341.7
2026-10-02 23:00:00,771.1,285.4,963.4,970.5,702.6,296.4,9.1,28.6,344.2,24.4,82.8,1775.3,4492.4,1788.1,1329.0,1169.9,8.5,49.4,946.0,1565.8,463.8,643.7,4898.0,5301.8,2735.1,1306.8,4321.4,4836.5,2780.8,2175.9,1669.0,2947.9,1032.1,3466.1,912.0,2589.4,1539.1,3600.6,7044.8,4359.9,1789.4,331.7
2026-10-02 23:15:00,760.8,318.1,947.3,956.8,690.1,297.4,11.7,27.9,338.4,29.3,76.1,1784.8,4445.5,1265.6,1300.8,1171.6,9.6,82.8,946.1,1585.5,465.9,638.5,4884.9,5304.7,2702.6,1307.3,4305.5,4785.8,2775.1,2125.2,1667.0,2929.9,1023.0,3447.7,908.3,2573.6,1543.2,3553.6,6990.9,4355.4,1769.5,334.3
2026-10-02 23:30:00,756.4,274.6,927.1,950.6,675.2,297.8,11.7,27.8,331.8,38.7,76.0,1793.9,4454.5,1277.2,1313.7,1167.4,10.6,111.4,942.2,1609.1,464.7,650.1,4897.1,5323.2,2669.0,1306.9,4296.0,4736.8,2764.0,2133.4,1657.3,2923.5,1019.5,3408.0,904.0,2556.4,1541.1,3530.2,6933.6,4357.7,1759.6,336.4
2026-10-02 23:45:00,754.9,276.0,910.7,940.2,664.4,297.6,11.7,27.9,322.8,33.5,71.5,1797.8,4624.8,1295.7,1321.8,1192.7,11.7,121.6,945.8,1625.5,467.8,642.2,4886.5,5300.3,2639.3,1301.4,4281.1,4698.3,2759.2,2111.7,1655.4,2914.3,1012.8,3389.8,899.5,2535.9,1537.8,3496.7,6881.5,4379.8,1740.4,333.6
