date,EE_buy,EE_sell,LT_buy,LT_sell,LV_buy,LV_sell,AT_buy,AT_sell,BE_buy,BE_sell,FR_buy,FR_sell,GER_buy,GER_sell,NL_buy,NL_sell,PL_buy,PL_sell,DK1_buy,DK1_sell,DK2_buy,DK2_sell,FI_buy,FI_sell,NO1_buy,NO1_sell,NO2_buy,NO2_sell,NO3_buy,NO3_sell,NO4_buy,NO4_sell,NO5_buy,NO5_sell,SE1_buy,SE1_sell,SE2_buy,SE2_sell,SE3_buy,SE3_sell,SE4_buy,SE4_sell
2026-08-02 00:00:00,622.2,188.8,914.9,239.3,595.3,172.3,118.0,41.2,230.6,28.8,248.1,1499.9,2229.9,1612.7,848.5,1259.6,48.6,92.8,1219.6,1052.7,355.3,554.5,4354.4,5008.4,2014.9,890.8,4268.7,5235.1,2591.5,2148.3,1467.4,3514.1,843.2,2952.4,983.4,1534.6,1209.8,3642.1,5945.5,5315.8,1372.2,304.0
2026-08-02 00:15:00,616.6,170.6,903.3,236.8,591.2,171.7,118.0,46.9,230.6,24.4,242.7,1486.0,2265.1,1484.1,876.0,1283.1,48.6,92.7,1215.9,1059.3,351.8,539.1,4335.9,4928.2,1990.6,887.6,4257.0,5229.4,2586.2,2141.0,1462.7,3509.7,841.2,2923.5,978.8,1535.4,1196.5,3611.5,5892.1,5318.4,1350.7,312.9
2026-08-02 00:30:00,610.5,156.4,890.1,234.6,586.0,163.6,118.0,43.3,225.7,24.4,213.3,1481.4,2298.8,1469.3,854.0,1274.8,48.6,67.4,1212.8,1059.0,349.7,534.8,4319.5,4830.6,1976.8,883.2,4244.3,5173.9,2585.0,2149.1,1478.1,3524.5,839.1,2912.4,970.0,1534.5,1182.8,3588.4,5842.8,5319.6,1339.4,318.1
2026-08-02 00:45:00,620.2,158.8,872.6,239.9,601.6,163.7,118.0,48.6,204.4,24.4,236.5,1478.2,2573.6,1472.9,849.5,1267.4,48.6,67.8,1212.2,1059.3,349.6,533.4,4302.0,4752.0,1952.8,882.2,4233.0,4745.5,2583.3,2153.8,1477.1,3523.2,836.3,2969.1,965.4,1533.6,1173.2,3568.8,5797.3,5316.6,1319.3,321.8
2026-08-02 01:00:00,605.6,157.3,903.3,228.3,578.2,165.5,138.0,22.8,257.1,15.0,186.3,1495.4,2143.2,1525.7,811.4,1163.3,48.4,81.6,1167.3,1074.1,344.5,525.8,4258.6,4816.4,1904.8,887.1,4195.5,5142.8,2570.1,2115.8,1448.8,3377.8,830.2,3000.2,959.0,1433.8,1166.0,3470.8,5744.6,5321.6,1299.0,325.2
2026-08-02 01:15:00,614.0,157.8,892.2,241.3,593.0,164.1,138.0,23.4,248.7,15.0,183.9,1497.1,2492.2,1517.3,815.6,1191.0,48.4,81.1,1164.1,1076.5,343.8,521.0,4250.8,4785.6,1888.5,883.7,4185.1,4697.8,2568.0,2119.5,1449.5,3372.0,827.1,3072.1,954.6,1432.9,1164.5,3453.2,5715.7,5316.9,1286.3,324.3
2026-08-02 01:30:00,630.2,159.5,880.2,265.8,608.8,163.9,138.0,23.4,250.6,15.0,180.9,1513.1,2921.5,1535.4,774.0,1166.7,48.4,80.6,1159.7,1115.1,341.9,526.9,4245.8,4757.5,1870.5,879.4,4179.9,5154.2,2564.7,2116.2,1448.5,3371.5,824.0,2952.9,951.6,1432.0,1165.0,3430.2,5679.8,5311.8,1276.0,322.3
2026-08-02 01:45:00,626.8,161.5,863.7,286.5,605.3,163.9,138.0,23.4,250.6,15.0,180.3,1525.7,2920.1,1501.1,776.3,1203.0,48.4,80.1,1157.1,1125.9,340.6,521.6,4238.7,4690.5,1846.0,876.9,4169.6,5018.0,2562.1,2117.3,1452.4,3374.4,820.8,2947.6,947.6,1431.0,1171.6,3401.6,5651.9,5306.7,1268.8,322.1
2026-08-02 02:00:00,620.0,162.9,850.2,271.7,610.6,113.6,116.4,19.6,253.6,29.8,231.6,1532.5,2873.9,1632.0,779.2,1189.7,50.9,77.4,1138.1,1121.7,334.9,523.1,4202.6,4672.9,1808.0,853.4,4163.7,4867.8,2550.0,2115.1,1432.8,3412.2,816.1,3067.3,939.8,1406.8,1179.3,3320.7,5651.4,5326.1,1264.2,320.2
2026-08-02 02:15:00,617.3,162.9,841.8,284.2,607.7,113.4,115.8,19.7,237.4,31.3,229.3,1542.3,2871.9,1625.6,771.9,1207.0,50.9,77.2,1134.6,1130.0,333.3,521.8,4194.6,4652.8,1795.5,850.1,4159.6,4612.5,2546.7,2117.6,1429.2,3408.1,813.9,3108.0,938.7,1406.1,1186.1,3310.0,5637.2,5323.2,1263.7,317.7
2026-08-02 02:30:00,613.6,163.3,836.3,295.3,605.6,112.9,115.2,19.5,252.6,35.2,221.1,1555.8,2871.4,1614.7,732.5,1195.6,51.0,76.9,1131.7,1142.9,331.3,523.5,4192.9,4630.7,1788.6,846.2,4152.9,4721.4,2544.1,2117.0,1428.6,3408.0,811.8,3074.4,936.9,1405.6,1185.5,3298.0,5621.0,5318.3,1256.1,314.7
2026-08-02 02:45:00,608.4,163.4,829.7,313.4,603.6,112.4,114.6,19.6,251.8,35.5,218.1,1572.7,2871.4,1600.2,708.0,1203.6,50.9,77.1,1128.4,1151.0,328.9,518.6,4186.1,4596.9,1775.5,845.1,4148.9,4447.2,2543.6,2118.1,1427.5,3406.3,809.9,3120.7,935.2,1404.7,1183.2,3283.7,5596.5,5311.8,1247.9,311.7
2026-08-02 03:00:00,593.9,163.4,825.6,327.4,598.4,21.7,61.2,20.1,265.2,35.9,240.2,1532.5,2822.8,1539.1,705.5,1256.9,68.6,79.3,802.5,1175.2,334.1,517.5,4156.3,4630.5,1756.2,827.5,4220.1,4413.9,2543.8,2182.6,1415.9,3224.1,805.8,2988.8,932.3,1405.1,1178.7,3456.0,5559.2,5294.5,1238.2,306.4
2026-08-02 03:15:00,591.3,163.0,826.7,331.7,595.6,21.4,60.8,20.1,253.2,39.6,229.5,1559.3,2822.1,1520.4,695.9,1258.5,68.5,79.9,801.1,1185.1,332.8,514.7,4152.2,4620.2,1751.6,825.7,4221.0,4368.3,2551.7,2190.7,1417.4,3227.8,804.6,2995.7,932.8,1403.7,1171.6,3446.9,5534.5,5289.7,1228.5,305.6
2026-08-02 03:30:00,590.5,162.7,828.9,332.4,588.0,21.0,60.0,20.1,263.1,40.3,231.9,1555.5,2821.6,1527.2,688.0,1258.6,68.5,80.0,799.8,1197.5,330.9,512.2,4148.8,4612.0,1745.0,823.5,4217.4,4367.0,2550.9,2188.7,1412.7,3222.4,803.7,2990.8,930.5,1402.5,1165.5,3438.4,5511.8,5280.5,1229.0,302.8
2026-08-02 03:45:00,585.9,162.7,828.7,336.3,581.8,20.8,59.3,20.1,260.6,44.2,221.9,1568.4,2822.5,1502.0,685.5,1264.5,68.5,80.6,799.6,1209.6,329.7,510.6,4148.9,4575.2,1738.6,823.6,4214.9,4416.2,2550.2,2188.3,1411.1,3222.1,802.9,2970.0,932.2,1401.1,1159.4,3420.2,5483.7,5274.2,1219.5,300.6
2026-08-02 04:00:00,576.1,163.0,819.8,325.5,579.8,20.6,110.8,19.6,260.3,47.1,210.5,1575.3,2863.0,1582.7,753.4,1283.1,69.6,77.5,792.7,1231.5,327.4,498.2,4136.1,4541.4,1723.7,813.0,4220.0,4406.5,2545.2,2182.4,1402.9,3227.8,797.8,2970.6,929.7,1406.9,1153.9,3423.0,5453.5,5254.7,1221.1,294.4
2026-08-02 04:15:00,572.5,162.9,812.9,323.0,570.8,21.7,107.7,19.6,262.7,50.5,210.5,1601.5,2862.6,1545.2,925.9,1452.3,69.5,77.3,791.6,1239.9,327.0,491.5,4138.8,4500.2,1717.3,812.8,4220.0,4307.5,2544.8,2181.4,1402.8,3228.8,797.6,2987.6,926.0,1405.2,1149.8,3406.0,5421.7,5248.3,1214.5,289.5
2026-08-02 04:30:00,570.2,163.4,801.9,313.2,566.1,27.1,110.4,19.6,261.1,50.7,208.0,1595.9,2863.8,1529.5,943.8,1512.1,69.5,77.0,790.7,1248.3,325.4,484.3,4149.1,4504.7,1712.2,814.0,4219.4,4246.7,2543.5,2180.9,1402.8,3228.0,797.0,2993.1,927.0,1403.7,1146.1,3397.6,5391.3,5242.8,1203.4,286.0
2026-08-02 04:45:00,569.5,165.8,790.9,310.5,565.9,34.5,110.7,19.6,267.9,49.1,208.9,1616.9,2859.5,1524.6,1151.0,1721.3,69.5,76.9,789.2,1258.4,324.7,479.3,4159.0,4491.0,1705.7,813.7,4219.1,4355.6,2543.1,2182.2,1403.7,3229.4,796.7,2955.1,924.0,1403.0,1144.1,3382.9,5367.2,5237.1,1198.1,282.2
2026-08-02 05:00:00,572.9,168.2,789.0,309.6,561.6,36.5,45.6,20.1,245.9,59.8,368.7,1532.3,2899.0,1511.0,1307.3,1818.7,46.2,78.5,811.9,1291.7,336.3,507.7,4179.8,4461.3,1687.4,811.6,4190.2,4768.2,2533.6,2120.4,1397.3,3188.3,793.6,2880.5,920.1,1397.9,1141.4,3379.1,5309.8,5242.7,1175.5,275.6
2026-08-02 05:15:00,564.5,171.4,786.5,302.4,558.3,44.1,40.1,20.1,250.3,58.4,368.3,1518.3,2897.2,1538.0,1306.9,1818.1,46.2,80.2,787.0,1309.6,327.0,507.9,4192.6,4474.6,1682.6,811.1,4189.2,4902.8,2532.4,2120.2,1401.1,3189.7,793.7,2840.9,921.8,1396.8,1140.0,3364.3,5292.4,5241.0,1172.9,269.5
2026-08-02 05:30:00,556.0,175.1,785.1,285.7,557.9,58.6,43.0,20.1,252.2,57.7,369.9,1528.7,2897.3,1538.8,1265.7,1815.6,46.2,82.0,787.6,1296.4,328.2,508.2,4202.6,4492.9,1681.5,815.5,4189.8,4818.2,2531.3,2120.6,1398.3,3191.7,793.8,2854.0,919.7,1395.5,1140.2,3348.2,5269.5,5239.8,1163.9,260.1
2026-08-02 05:45:00,553.8,182.7,776.3,276.6,555.0,80.7,41.5,20.3,252.4,54.4,369.7,1535.8,2901.2,1551.6,1262.3,1816.6,46.2,85.1,789.1,1333.1,326.3,518.3,4225.1,4499.8,1681.3,818.9,4191.3,4612.2,2532.2,2121.3,1398.0,3196.1,794.0,2900.8,924.1,1394.4,1128.9,3329.9,5240.9,5238.7,1169.8,253.5
2026-08-02 06:00:00,555.0,196.2,753.0,280.9,560.4,106.4,114.0,20.6,350.8,35.8,404.8,1527.0,2958.2,1763.7,1364.2,1779.5,44.5,100.9,876.4,1308.2,335.1,508.7,4247.5,4572.3,1690.2,820.9,4206.5,5023.4,2538.3,2195.3,1408.1,3108.6,792.8,2744.6,931.1,1699.2,1140.0,3241.7,5237.3,5231.3,1164.1,244.8
2026-08-02 06:15:00,551.2,215.7,735.6,269.9,555.7,137.4,115.1,20.8,343.3,31.5,399.4,1526.9,2958.4,1802.9,1361.0,1796.5,44.5,102.1,848.0,1299.4,320.3,501.7,4272.0,4553.8,1690.9,822.8,4207.9,4443.8,2540.2,2198.4,1406.7,3109.0,793.1,2888.2,934.8,1699.0,1141.6,3210.4,5211.7,5238.1,1161.9,239.5
2026-08-02 06:30:00,540.6,235.8,718.0,265.7,548.2,170.0,120.6,21.1,335.3,29.8,397.6,1528.5,2962.4,1830.7,1306.8,1805.6,44.5,83.2,845.6,1318.5,315.2,489.8,4301.6,4559.7,1689.4,822.1,4201.5,4301.9,2539.7,2199.0,1409.3,3113.3,793.1,2920.9,937.3,1698.9,1147.8,3184.9,5201.3,5248.8,1164.8,232.8
2026-08-02 06:45:00,534.7,257.7,698.3,271.3,545.0,211.3,122.2,19.6,319.7,25.3,397.5,1526.5,2967.2,1912.4,1285.4,1791.7,44.5,82.4,846.1,1336.8,316.7,487.7,4327.1,4541.1,1687.5,818.1,4199.7,3880.0,2544.8,2200.2,1408.9,3113.1,793.3,3025.0,940.6,1697.4,1151.5,3150.7,5188.9,5261.5,1171.4,226.2
2026-08-02 07:00:00,529.1,298.4,661.1,252.1,542.9,269.4,130.0,8.2,254.7,22.3,283.4,1557.9,2951.7,1994.9,1264.3,1702.8,26.8,101.8,1057.0,1350.2,303.5,491.6,4398.7,4547.5,1720.1,735.8,4160.8,4380.6,2541.7,2398.4,1423.2,3126.6,767.9,3202.2,946.5,1867.1,1152.8,2888.3,5193.0,5275.3,1172.3,223.2
2026-08-02 07:15:00,534.3,328.3,633.0,264.9,550.4,327.6,132.6,7.2,232.8,24.2,275.2,1563.3,2953.9,2031.7,1241.2,1503.6,26.8,102.3,1055.6,1351.6,310.3,468.8,4423.1,4485.1,1721.8,727.1,4148.0,3745.9,2547.3,2369.9,1424.7,3129.9,768.6,3209.1,950.7,1866.4,1167.1,2861.4,5184.5,5313.1,1172.3,231.6
2026-08-02 07:30:00,526.9,356.0,602.5,281.1,555.1,400.1,136.9,7.9,208.7,27.1,280.2,1569.9,2956.7,2055.2,1224.6,1299.6,26.8,82.5,1051.9,1191.8,310.6,473.3,4448.1,4385.3,1732.2,725.3,4143.4,3375.8,2552.5,2322.3,1427.9,3136.5,772.4,3131.9,953.4,1866.0,1170.3,2822.4,5190.6,5350.7,1163.3,240.6
2026-08-02 07:45:00,523.8,386.7,570.5,307.6,562.8,468.3,138.2,8.9,178.7,29.7,281.3,1575.8,3510.6,2095.7,1160.9,1149.1,26.8,82.6,1063.7,1214.2,334.0,208.6,4471.9,4261.2,1747.4,720.9,4141.8,3230.4,2549.2,2301.4,1432.6,3143.4,751.2,2608.9,956.9,1865.9,1168.3,2776.0,5188.4,5390.0,1164.1,251.4
2026-08-02 08:00:00,493.9,411.7,528.2,324.2,583.8,528.3,116.4,15.0,256.8,60.6,212.9,1689.8,3458.8,2463.2,1390.3,1153.8,36.2,66.2,1096.1,1111.8,324.3,551.2,4568.3,4379.0,1792.8,731.9,4450.6,3419.9,2554.1,2006.4,1450.2,3305.3,772.2,3083.8,961.0,1735.8,1159.7,2630.8,5219.8,5463.8,1153.7,244.4
2026-08-02 08:15:00,485.0,440.9,504.5,365.6,591.4,583.9,120.9,7.6,231.1,68.4,213.2,1697.2,4577.1,3062.8,1325.9,1164.4,36.9,67.3,1066.4,1127.6,327.9,323.9,4587.8,4239.7,1812.8,735.6,4401.5,3093.9,2561.0,1995.1,1452.1,3306.3,751.7,2691.6,952.2,1736.2,1168.1,2593.2,5242.2,5515.2,1157.6,268.3
2026-08-02 08:30:00,481.8,474.6,482.1,400.5,600.5,644.5,121.1,8.7,217.6,90.3,221.2,1722.6,4617.5,2458.1,1249.6,1192.2,37.7,66.9,1059.9,1151.6,362.3,252.9,4601.1,4105.4,1834.9,734.6,4486.7,2999.6,2562.5,1990.4,1452.9,3308.3,892.7,2372.8,956.7,1736.7,1170.7,2533.7,5273.7,5569.0,1154.2,293.0
2026-08-02 08:45:00,472.1,507.8,453.7,454.1,611.0,666.7,130.7,9.6,215.9,129.3,223.2,1736.6,4628.9,2436.0,1196.5,1229.6,23.4,66.7,1069.4,1213.4,382.8,268.9,4621.4,4040.1,1847.6,732.2,4572.4,2822.0,2568.7,1977.0,1455.7,3312.3,890.7,2008.3,971.1,1737.2,1175.6,2484.3,5294.4,5622.4,1158.7,317.8
2026-08-02 09:00:00,486.4,554.7,450.7,528.4,626.9,754.1,259.6,20.5,291.8,164.5,282.4,1736.2,4948.9,2761.0,1266.1,1236.5,0.0,138.0,1217.0,1285.7,392.5,229.5,4722.6,4215.7,1915.7,700.5,4497.5,2858.0,2590.2,1670.6,1480.3,3486.5,1004.1,1912.6,979.2,1297.4,1176.3,2380.6,5302.0,5702.7,1143.0,350.5
2026-08-02 09:15:00,479.7,574.6,422.3,577.6,632.0,786.1,260.7,13.0,290.8,202.6,283.1,1754.8,4951.6,2829.6,1235.9,1279.5,0.1,136.9,1219.5,1271.1,402.4,216.3,4741.0,4124.3,1939.4,691.3,4519.0,2758.3,2594.9,1647.1,1484.4,3490.9,1004.6,1573.9,984.4,1298.3,1194.3,2345.6,5341.3,5752.1,1150.1,374.7
2026-08-02 09:30:00,467.3,599.8,398.6,622.7,635.2,818.1,260.5,11.5,301.0,238.3,351.6,1754.3,4958.9,2817.0,1275.1,1337.2,21.7,102.4,1242.5,1278.0,407.0,211.3,4755.6,4001.6,1954.0,685.9,4544.9,2641.5,2598.5,1646.0,1484.4,3478.3,1008.1,1529.8,987.1,1299.1,1200.0,2257.4,5371.0,5798.2,1148.8,399.4
2026-08-02 09:45:00,460.0,593.2,374.5,661.9,638.2,668.3,262.9,12.1,303.5,281.4,362.6,1775.2,5012.8,2804.9,1266.2,1335.9,25.0,68.0,1374.9,1253.2,449.3,186.8,4776.4,3762.9,1978.1,683.1,4558.4,2643.7,2605.2,1642.1,1487.0,3478.3,1008.7,1357.6,989.5,1300.2,1204.1,2212.7,5431.8,5839.5,1153.6,421.6
2026-08-02 10:00:00,496.6,616.9,787.5,686.9,651.6,675.9,144.8,21.7,72.9,332.4,315.0,1818.1,5301.5,3072.7,1545.1,1424.2,68.7,49.1,1508.2,1228.2,440.5,203.7,4948.6,3659.3,2024.5,667.7,4713.6,2655.8,2633.0,1596.2,1504.4,3470.8,1027.0,1372.7,1012.8,845.8,1223.8,1668.6,5437.3,5911.8,1114.2,456.1
2026-08-02 10:15:00,492.6,617.7,768.8,734.1,655.9,691.5,147.0,22.1,71.3,345.6,304.0,1839.3,5317.4,3114.5,1460.3,1476.4,62.1,49.1,1621.2,882.5,441.1,111.7,4954.7,3646.4,2049.6,670.1,4719.6,2658.0,2639.6,1596.3,1512.2,3383.1,1033.2,1365.2,1015.8,847.0,1226.0,1678.3,5458.6,5917.4,1110.9,478.7
2026-08-02 10:30:00,488.8,631.7,984.2,785.0,655.5,704.7,154.8,22.3,70.8,388.1,299.7,1870.3,5387.6,2806.3,1422.5,1503.5,61.7,49.3,1597.5,720.5,457.8,112.8,4957.3,3693.1,2059.7,671.0,4725.4,2662.1,2640.9,1599.9,1509.6,3363.8,1037.6,1365.3,1016.5,848.6,1224.3,1689.1,5467.2,5960.7,1116.4,504.9
2026-08-02 10:45:00,483.9,645.3,976.2,832.7,656.7,694.7,143.6,22.4,70.1,360.4,313.1,1893.3,5420.1,2673.1,1369.8,1368.8,77.6,49.1,1625.6,591.7,463.5,119.2,4953.9,3730.0,2075.0,672.3,4717.6,2666.0,2647.0,1603.0,1510.5,3194.8,1038.1,1363.9,1015.7,850.4,1231.6,1701.1,5486.5,5990.4,1112.2,531.0
2026-08-02 11:00:00,447.4,619.7,972.1,908.3,653.4,698.9,182.0,31.0,142.2,414.3,287.9,1902.3,5575.8,2776.9,1281.2,1421.7,43.5,128.0,1705.7,662.8,476.4,121.8,5051.6,3642.1,2090.9,696.4,4755.6,2696.6,2653.4,1555.7,1517.9,3018.5,1039.8,1394.6,1022.7,688.2,1237.1,1710.7,5594.2,6054.7,1099.2,577.7
2026-08-02 11:15:00,445.6,604.0,963.9,939.8,652.1,707.9,186.0,24.5,141.8,443.9,292.2,1891.1,5578.4,2770.9,1231.4,1450.7,43.2,128.1,1705.8,688.4,476.4,124.9,5053.4,3669.9,2105.2,698.6,4747.0,2701.8,2660.9,1562.0,1519.5,2923.7,1040.5,1389.7,1019.2,690.5,1238.8,1724.3,5601.2,6084.7,1096.4,597.3
2026-08-02 11:30:00,441.8,615.6,957.8,974.1,653.0,711.8,198.1,24.8,141.0,475.5,321.5,1911.4,5577.7,2849.5,1198.1,1477.6,42.9,128.4,1679.5,693.8,474.5,126.1,5044.3,3704.2,2115.4,700.6,4729.5,2704.2,2660.8,1565.9,1520.4,2820.5,1041.7,1377.2,1017.0,692.4,1234.5,1739.6,5610.6,6115.4,1099.1,616.9
2026-08-02 11:45:00,443.4,593.9,953.1,991.0,650.4,716.0,196.2,25.0,140.6,500.0,341.5,1877.0,5612.1,2892.6,1152.5,1495.7,42.6,129.1,1675.3,685.6,472.6,125.3,5023.9,3725.7,2129.1,702.0,4725.2,2706.9,2663.9,1570.1,1520.9,2726.8,1045.1,1375.8,1015.7,695.2,1231.4,1754.1,5619.6,6141.0,1095.7,632.0
2026-08-02 12:00:00,446.1,588.3,944.2,1022.2,653.2,706.3,116.3,87.3,131.4,532.3,309.0,1784.3,5511.7,2940.6,1119.2,1496.8,166.4,145.0,1819.0,685.5,459.7,133.1,5027.5,3706.7,2138.8,731.7,4700.5,2643.4,2649.8,1594.8,1521.4,2506.0,1047.5,1368.0,1013.9,597.7,1227.0,1342.8,5633.5,6189.9,1090.5,628.1
2026-08-02 12:15:00,445.8,592.0,939.7,1042.3,653.0,624.2,120.5,82.7,130.6,551.6,313.1,1609.8,5512.5,2920.7,1113.9,1515.1,165.8,145.7,1790.2,671.4,462.0,143.3,5024.4,3736.2,2146.8,733.6,4704.3,2641.4,2652.4,1600.6,1520.8,2443.9,1049.4,1374.6,1017.0,600.6,1227.0,1358.1,5635.9,6189.3,1093.6,639.5
2026-08-02 12:30:00,446.7,595.4,937.1,1068.2,651.0,598.1,132.7,82.8,130.2,562.4,346.0,1616.5,5530.9,2922.3,1111.3,1517.3,165.5,145.7,1823.4,656.7,462.2,143.3,5020.1,3747.9,2150.9,736.0,4706.7,2643.7,2647.0,1604.9,1520.7,2386.6,1049.4,1374.4,1017.2,602.9,1223.6,1377.6,5631.0,6208.7,1094.4,641.9
2026-08-02 12:45:00,451.2,594.9,934.3,1096.1,650.8,600.9,126.9,82.9,129.4,576.3,335.3,1618.7,5592.0,2896.1,1111.8,1483.5,165.1,145.5,1842.1,642.3,462.4,132.0,5007.2,3777.9,2162.6,736.2,4701.8,2646.9,2654.1,1609.8,1531.7,2379.8,1046.9,1380.3,1020.4,604.3,1223.3,1388.6,5659.5,6193.6,1097.4,644.4
2026-08-02 13:00:00,535.5,563.2,1023.3,1119.9,654.0,495.4,50.6,75.9,116.7,580.6,421.8,1627.3,5461.7,2818.5,1116.7,1419.0,165.1,131.9,1848.3,629.5,463.7,147.8,5181.0,3809.7,2164.8,727.3,4673.5,2623.5,2630.6,1590.1,1526.9,2434.3,1050.0,1397.5,1023.3,497.4,1232.9,1419.9,5743.0,6336.4,1104.9,632.0
2026-08-02 13:15:00,531.8,556.2,1022.6,1119.5,654.6,505.5,50.5,76.1,116.3,582.4,413.0,1630.4,5431.3,2774.3,1115.3,1509.6,165.1,131.8,1845.8,611.1,466.6,149.9,5203.9,3838.7,2174.0,729.0,4669.8,2624.6,2636.3,1594.9,1526.2,2425.0,1048.7,1400.6,1024.9,498.4,1234.3,1434.9,5746.3,6349.0,1108.4,612.3
2026-08-02 13:30:00,543.9,552.1,1020.7,1126.0,655.3,503.7,48.4,76.3,115.9,584.4,403.7,1634.8,5445.4,2721.3,1117.1,1388.8,165.2,131.8,1822.8,596.5,467.6,150.1,5197.9,3875.2,2177.6,730.6,4668.3,2621.3,2633.4,1599.7,1531.6,2423.8,1050.7,1401.3,1018.1,499.6,1234.1,1435.4,5744.9,6335.1,1106.0,618.9
2026-08-02 13:45:00,546.7,542.8,1024.9,1128.7,653.0,500.8,34.4,80.0,115.1,578.1,401.4,1638.0,5478.4,2701.3,1118.2,1382.3,165.3,131.8,1799.9,586.7,469.6,145.7,5189.7,3901.1,2180.5,732.4,4662.8,2614.5,2638.8,1604.8,1532.9,2420.8,1048.1,1399.4,1013.5,501.2,1241.0,1447.6,5783.7,6315.1,1096.8,623.0
2026-08-02 14:00:00,515.5,545.9,1022.6,1099.9,642.8,532.6,111.0,52.0,118.6,554.9,307.0,1631.4,5467.6,2729.3,1110.5,1358.6,115.3,121.3,1776.2,584.1,494.2,137.8,5164.1,3934.4,2183.6,728.3,4642.5,2700.1,2629.0,1631.0,1537.7,2403.6,1053.3,1377.6,994.8,509.2,1236.8,1527.2,5790.3,6350.9,1077.6,653.9
2026-08-02 14:15:00,520.1,540.6,1028.2,1090.8,642.8,481.0,111.0,51.8,118.6,568.4,304.3,1633.7,5467.0,2741.1,1112.3,1335.1,115.2,121.3,1795.2,572.0,493.2,134.5,5178.1,3975.6,2189.1,730.3,4638.1,2701.9,2633.2,1635.0,1537.1,2402.6,1051.8,1377.5,981.3,510.9,1235.5,1549.9,5791.7,6345.6,1080.6,660.7
2026-08-02 14:30:00,525.0,532.7,1032.2,1077.9,640.5,464.3,94.7,54.1,119.0,566.8,303.9,1619.3,5434.1,2708.2,1129.4,1480.7,115.1,121.3,1765.8,563.5,494.1,130.7,5205.8,3987.0,2187.5,733.6,4638.9,2704.1,2640.5,1639.7,1529.7,2397.7,1053.0,1378.0,963.9,511.8,1238.9,1573.5,5786.0,6343.8,1079.0,663.8
2026-08-02 14:45:00,529.2,525.7,1039.3,1064.4,641.0,438.3,94.8,58.8,119.4,556.9,294.7,1620.6,5401.9,2672.7,1152.8,1489.3,115.0,121.3,1741.9,550.3,493.4,142.8,5210.2,3997.0,2190.9,734.5,4641.1,2706.6,2646.4,1643.8,1532.9,2395.4,1053.1,1377.9,951.5,512.7,1236.3,1596.9,5776.8,6379.4,1084.6,665.1
2026-08-02 15:00:00,495.4,521.0,1002.0,1033.8,649.0,464.3,287.9,30.3,81.1,532.1,402.9,1928.1,5370.0,2674.3,1149.8,1682.7,64.9,142.1,1627.5,580.8,470.1,123.1,5069.6,4113.3,2204.5,763.9,4638.3,2635.8,2632.8,1607.7,1537.1,2566.8,1052.6,1366.6,950.9,619.5,1236.1,1640.7,5676.1,6248.2,1098.8,686.2
2026-08-02 15:15:00,504.7,514.7,1013.1,998.2,652.3,497.0,287.8,29.9,81.1,518.2,398.3,1919.7,5341.0,2629.8,1188.9,1683.5,65.0,143.6,1615.6,607.8,467.9,146.8,5050.3,4114.9,2213.8,764.0,4631.1,2638.3,2635.7,1614.9,1539.2,2571.0,1053.2,1378.3,954.0,630.5,1226.0,1663.3,5681.0,6231.9,1103.9,687.6
2026-08-02 15:30:00,508.6,532.1,1038.4,972.4,666.6,479.6,272.2,29.6,81.9,497.8,396.1,1929.7,5337.7,2582.7,1222.9,1676.3,65.0,145.6,1615.0,578.9,470.7,152.5,5037.5,4125.6,2215.1,766.2,4650.6,2640.6,2635.9,1623.1,1531.5,2579.1,1058.1,1386.8,956.1,631.9,1229.0,1666.3,5697.9,6250.7,1117.5,688.0
2026-08-02 15:45:00,515.0,519.2,1070.7,956.4,678.4,564.4,271.5,29.2,82.3,473.2,371.9,1972.7,5336.4,2543.8,1266.5,1659.5,65.1,146.3,1616.5,581.1,484.3,151.4,5028.4,4157.4,2227.0,765.9,4653.2,2642.6,2640.2,1630.0,1531.1,2589.1,1054.1,1386.2,954.2,623.6,1229.3,1665.9,5720.9,6260.4,1127.9,678.1
2026-08-02 16:00:00,534.8,542.9,840.8,953.4,674.9,536.1,246.9,14.8,83.9,432.9,358.2,1924.2,5303.9,2397.3,1233.4,1694.3,113.6,89.0,1379.6,639.9,488.2,239.8,5011.8,4233.8,2235.0,773.1,4691.2,2739.9,2593.4,1629.9,1553.1,2759.3,1052.4,1414.7,968.5,884.5,1220.1,1805.7,5726.4,6236.4,1174.9,659.4
2026-08-02 16:15:00,556.0,574.9,874.4,977.1,680.7,503.4,243.6,14.1,84.3,479.4,352.4,1934.4,5292.0,2615.4,1311.7,1669.2,134.2,87.8,1330.1,648.0,493.0,241.6,5022.3,4237.5,2243.5,773.4,4698.9,2740.2,2597.9,1637.6,1549.2,3080.7,1057.6,1438.2,984.8,882.5,1229.2,1809.7,5787.7,6214.8,1195.5,641.3
2026-08-02 16:30:00,567.7,553.4,473.3,922.7,683.7,504.9,263.9,13.4,86.2,470.8,344.9,1911.4,5249.4,2805.2,1402.0,1723.4,134.9,85.9,1321.1,751.1,508.1,228.6,5031.5,4240.6,2252.6,779.9,4687.3,2802.1,2597.7,1655.0,1548.3,3410.9,1059.6,1551.3,998.6,881.5,1238.9,1813.3,5842.4,6193.0,1220.8,622.3
2026-08-02 16:45:00,572.2,552.7,518.2,869.0,696.2,586.2,262.0,12.6,96.5,442.3,361.1,1896.3,5181.7,2972.6,1463.3,1823.3,110.5,83.9,1314.4,751.5,517.0,224.5,5042.8,4395.3,2263.9,788.6,4678.8,2868.2,2603.6,1710.7,1551.3,3419.1,1058.3,1655.1,1005.1,880.8,1252.5,1851.5,5875.4,6238.7,1245.9,598.6
2026-08-02 17:00:00,706.8,521.4,544.5,781.8,695.5,461.9,228.6,64.2,162.0,413.0,453.5,1844.1,5083.5,2652.8,1407.3,1911.8,72.0,75.6,1401.0,924.0,453.4,252.6,5021.2,4364.0,2263.0,762.7,4575.5,2598.3,2565.0,1828.0,1551.9,3234.5,946.4,1570.2,1005.4,1860.5,1273.8,2802.6,6062.8,6142.4,1341.7,571.7
2026-08-02 17:15:00,705.0,516.6,590.2,719.1,698.7,518.1,229.4,63.4,155.4,390.7,462.8,1825.9,5071.7,2588.7,1451.5,1842.9,72.0,74.4,1349.9,962.2,426.1,237.7,5038.7,4534.6,2274.1,778.1,4551.0,2743.2,2572.7,1862.9,1550.6,3234.6,944.6,1834.9,1002.4,1861.1,1277.5,2814.8,6103.0,6150.0,1353.3,545.7
2026-08-02 17:30:00,719.1,494.9,633.2,651.9,707.3,495.8,225.6,62.5,150.0,344.9,448.7,1794.1,5084.4,3265.9,1464.5,1814.6,72.0,53.0,1349.1,939.3,423.7,220.6,5039.1,4829.1,2272.1,775.4,4303.9,2818.2,2574.5,1889.0,1552.5,3229.3,829.6,2036.3,1004.0,1861.9,1280.0,2888.5,6209.9,6110.9,1385.6,517.0
2026-08-02 17:45:00,708.9,470.1,674.3,570.1,702.4,457.9,226.2,71.3,151.1,301.8,405.1,1801.9,4301.0,3309.2,1546.5,1798.1,72.0,51.4,1359.6,935.4,421.4,244.1,5054.9,5019.7,2277.7,769.0,4308.9,3254.5,2583.2,1933.3,1552.2,3226.5,808.7,2226.6,1001.1,1861.9,1276.5,2986.9,6278.9,6119.6,1408.3,488.0
2026-08-02 18:00:00,710.7,428.3,747.7,490.7,730.5,347.9,41.1,89.1,142.4,267.7,382.9,1802.8,4360.7,2543.5,1270.7,2079.9,45.8,27.8,1286.7,1036.0,474.9,217.5,5077.4,4572.7,2276.6,795.4,4248.4,3043.4,2537.5,2490.8,1571.8,3261.8,846.1,2607.6,1011.3,2092.5,1289.3,3781.2,6372.7,6043.2,1466.5,464.3
2026-08-02 18:15:00,727.0,410.7,840.0,495.6,718.3,315.7,35.4,88.0,142.2,219.0,359.4,1775.1,3595.9,2264.6,1331.1,2401.2,68.9,22.3,1270.4,1006.9,445.8,459.3,5072.6,4736.3,2280.0,815.5,4259.5,3209.3,2543.8,2513.0,1568.9,3255.3,842.6,3096.6,1007.6,2093.6,1283.2,3852.9,6410.8,6011.5,1486.1,432.3
2026-08-02 18:30:00,735.1,392.3,937.0,473.1,718.5,264.3,37.7,87.3,143.8,169.4,383.6,1760.9,3124.4,2341.1,1314.8,2559.3,62.4,23.0,1282.0,967.7,439.8,436.9,5084.9,4997.9,2281.5,839.6,4280.3,3834.2,2541.5,2610.8,1569.8,3252.2,849.5,3093.4,1013.2,2094.2,1295.1,3918.9,6464.0,5964.6,1507.3,392.1
2026-08-02 18:45:00,729.6,374.3,1016.4,472.3,716.1,255.2,38.2,96.7,150.1,128.8,383.7,1741.1,2590.2,2554.5,1339.0,2465.6,62.7,22.7,1292.9,987.7,449.1,448.2,5087.8,5102.8,2286.6,839.0,4295.7,4264.7,2554.2,2643.9,1569.8,3250.1,847.4,3093.6,1013.4,2094.0,1304.6,3997.1,6504.2,6001.1,1529.6,361.7
2026-08-02 19:00:00,692.9,416.1,1076.5,448.3,733.2,264.7,64.9,168.1,178.7,127.5,328.8,1637.1,2610.1,2011.9,1183.8,2374.9,22.8,13.8,1372.3,1015.3,455.5,402.8,5066.3,5019.2,2290.4,795.6,4124.9,4528.8,2510.8,2409.5,1572.7,3437.3,853.1,3319.0,1025.1,2259.3,1338.1,4150.7,6551.8,5831.5,1537.5,310.5
2026-08-02 19:15:00,693.7,333.8,1111.5,631.8,733.0,232.9,65.0,183.3,217.9,115.9,334.2,1610.3,2529.5,2247.2,1106.2,2161.8,22.8,14.3,1351.4,1010.5,454.3,396.5,5066.7,5092.6,2294.9,794.3,4138.7,4772.0,2513.3,2416.3,1575.1,3441.2,859.6,3326.7,1031.1,2257.5,1352.3,4179.4,6585.7,5800.1,1553.0,283.3
2026-08-02 19:30:00,697.7,338.0,1146.4,635.3,730.1,225.2,64.0,167.4,260.6,172.3,358.1,1568.5,2309.1,2095.2,990.0,1980.9,12.8,19.7,1356.9,1006.1,459.0,399.5,5053.2,5161.5,2292.0,793.6,4154.9,5016.4,2511.8,2415.2,1577.0,3443.9,862.2,3325.9,1023.9,2256.2,1354.2,4220.6,6607.8,5786.0,1560.3,256.8
2026-08-02 19:45:00,704.2,301.5,1170.3,632.8,729.1,250.6,62.3,168.3,296.9,163.7,355.6,1542.6,2307.0,2250.9,1138.0,2046.4,22.8,20.2,1363.5,1021.7,453.8,396.1,5041.6,5202.5,2292.5,792.6,4162.2,5177.5,2516.5,2419.3,1580.8,3441.2,861.0,3324.9,1018.3,2255.3,1345.5,4297.3,6631.2,5738.6,1565.8,230.7
2026-08-02 20:00:00,715.2,290.3,1181.2,639.1,734.2,267.3,51.0,201.1,316.4,160.3,242.9,1538.6,2396.1,2119.8,1134.6,1877.2,129.8,8.0,1340.9,924.5,464.2,376.7,4939.4,5151.7,2294.3,786.1,4208.1,5242.7,2497.8,2489.5,1578.8,3489.8,866.5,3140.7,1017.4,2216.9,1325.5,4274.3,6681.4,5721.7,1586.1,201.9
2026-08-02 20:15:00,720.4,286.6,1184.3,644.3,741.7,272.7,51.0,200.1,331.7,155.1,235.1,1542.2,2392.0,2350.3,1180.0,1842.9,129.8,8.0,1342.3,904.5,466.1,370.3,4910.7,5147.6,2297.1,787.3,4212.4,5246.9,2501.1,2490.3,1577.2,3488.5,861.9,3141.0,1016.6,2216.8,1311.3,4299.2,6686.8,5673.4,1589.3,192.9
2026-08-02 20:30:00,733.2,286.2,1185.2,648.8,742.0,269.4,51.0,201.0,348.9,153.9,223.9,1534.9,2395.7,2451.8,1225.2,1861.1,129.8,7.9,1341.4,874.9,469.2,370.9,4881.1,5133.4,2287.6,787.5,4219.0,5258.1,2496.6,2491.8,1580.5,3490.8,862.5,3126.0,1014.6,2218.1,1306.8,4317.1,6683.5,5625.9,1595.1,187.4
2026-08-02 20:45:00,735.8,283.9,1180.0,652.7,747.2,265.5,51.0,200.0,357.4,156.8,228.9,1537.7,2371.7,2664.2,1281.1,1891.4,129.9,7.8,1343.5,864.9,472.5,371.7,4860.7,5126.1,2292.2,788.2,4226.5,5264.4,2500.8,2492.9,1577.3,3488.2,861.7,3132.1,1014.2,2218.6,1308.1,4319.5,6679.1,5603.9,1596.2,175.6
2026-08-02 21:00:00,738.3,285.9,1169.8,585.9,735.3,274.2,51.0,154.1,365.1,139.9,215.2,1540.3,2423.2,2881.0,1412.2,1929.2,186.3,13.5,1373.5,825.8,481.9,348.2,4948.9,5155.6,2283.0,803.2,4230.8,5327.0,2483.8,2474.5,1578.2,3495.6,862.2,3018.2,1011.5,2218.3,1313.6,4322.7,6684.5,5655.7,1615.9,225.5
2026-08-02 21:15:00,738.4,289.8,1154.4,589.1,751.7,272.0,51.0,154.1,362.4,137.8,191.1,1523.7,2425.6,2917.0,1427.5,1908.8,221.4,13.6,1372.6,811.6,465.7,340.2,4984.8,5175.2,2289.1,803.9,4226.7,5321.0,2483.8,2476.7,1580.3,3496.5,858.9,3021.7,1010.8,2222.6,1312.7,4351.6,6665.6,5614.4,1611.3,202.3
2026-08-02 21:30:00,730.9,293.7,1130.9,583.9,751.3,253.3,51.0,154.1,361.2,135.5,195.2,1513.1,2443.7,2980.8,1445.1,1892.2,201.5,13.6,1372.3,804.4,463.8,330.8,4988.5,5117.0,2280.3,805.3,4234.0,5332.0,2480.8,2474.4,1581.1,3495.0,859.2,3009.1,1004.1,2226.4,1309.9,4345.8,6650.4,5606.4,1611.4,205.0
2026-08-02 21:45:00,723.8,297.1,1105.2,588.2,758.6,248.1,51.0,173.4,358.2,126.5,196.6,1502.5,2444.6,3258.8,1429.0,1876.5,201.6,13.6,1374.7,785.7,459.4,339.4,4990.1,5000.6,2283.2,805.3,4224.2,5322.4,2480.0,2474.8,1581.1,3492.8,853.6,3007.7,1000.0,2230.7,1302.7,4352.2,6622.3,5599.1,1604.8,208.7
2026-08-02 22:00:00,695.4,305.7,1065.7,539.1,709.0,184.6,102.0,67.7,343.1,92.4,222.9,1474.5,2296.6,3341.2,1317.6,1941.4,89.7,18.8,1324.8,791.9,459.7,346.0,4884.0,5198.3,2281.6,790.8,4288.7,5356.3,2479.1,2408.4,1566.0,3492.8,851.3,3051.7,995.6,2141.4,1301.4,4086.2,6537.2,5545.5,1572.0,198.2
2026-08-02 22:15:00,694.5,309.7,1040.8,537.4,715.2,167.6,102.0,67.7,339.9,92.3,203.6,1474.9,2289.0,3332.7,1296.9,1909.2,74.4,23.6,1324.7,763.5,456.7,336.4,4835.2,5095.0,2281.4,791.7,4281.7,5350.5,2480.2,2411.4,1567.9,3492.4,850.6,3047.2,989.1,2145.1,1289.0,4036.1,6495.2,5530.5,1553.0,199.7
2026-08-02 22:30:00,687.9,313.3,1011.6,540.0,718.6,169.3,102.0,67.7,339.5,45.5,225.0,1475.9,2521.5,3433.7,1311.2,1891.2,74.4,23.9,1324.5,758.8,453.7,344.5,4802.7,4950.7,2262.0,791.1,4282.1,5358.7,2475.7,2411.6,1564.8,3489.6,847.3,3014.9,982.9,2149.1,1285.6,4032.9,6458.4,5524.3,1538.7,203.2
2026-08-02 22:45:00,684.0,313.1,985.8,511.4,706.6,171.4,102.0,67.7,335.8,27.6,223.6,1475.7,3058.9,3612.2,1281.5,1890.8,74.4,24.2,1326.0,727.6,450.2,333.6,4751.5,4812.6,2251.6,792.0,4273.8,4912.0,2475.7,2414.2,1563.3,3488.2,843.9,3088.9,978.0,2153.7,1282.9,4016.6,6453.8,5522.4,1518.1,204.0
2026-08-02 23:00:00,686.6,317.4,954.9,378.7,644.6,185.8,66.0,10.6,321.1,24.8,187.8,1492.4,2412.8,3724.8,1212.6,1893.0,21.2,24.8,1046.6,601.3,412.9,347.6,4641.1,4976.9,2207.4,769.7,4264.0,5049.2,2455.4,2466.2,1552.8,3483.0,843.8,3033.7,954.7,1888.2,1279.0,3676.8,6310.1,5542.8,1503.1,202.4
2026-08-02 23:15:00,684.5,316.3,936.6,364.7,637.3,177.2,66.0,10.6,319.6,24.8,177.5,1494.3,2986.7,3743.2,1191.4,1870.7,21.4,23.8,1044.1,546.1,409.7,346.5,4619.0,4900.7,2183.4,768.6,4254.0,4483.1,2454.7,2471.3,1546.6,3473.6,837.8,3113.7,947.1,1893.8,1276.1,3654.1,6245.7,5475.1,1473.8,204.9
2026-08-02 23:30:00,679.8,319.0,923.1,357.0,648.4,180.5,66.0,10.6,314.6,24.9,165.6,1493.3,3483.4,3771.0,1181.1,1714.3,6.5,30.3,1041.9,537.0,406.0,345.9,4572.9,4752.1,2161.1,766.4,4256.2,4396.3,2445.1,2470.4,1546.7,3471.9,832.1,3096.4,942.2,1899.1,1271.0,3638.6,6194.8,5465.8,1458.0,206.1
2026-08-02 23:45:00,675.2,321.3,907.6,343.5,648.2,183.3,66.0,10.6,306.6,24.9,168.7,1493.4,3485.1,3823.7,1357.7,1701.4,6.5,28.9,1077.1,523.7,420.6,346.7,4534.2,4625.6,2131.5,766.4,4240.2,3922.8,2442.2,2476.1,1544.0,3472.4,826.9,3053.0,932.9,1904.4,1257.1,3620.2,6116.0,5456.2,1442.5,206.2
2026-08-03 00:00:00,625.0,316.4,889.7,292.1,592.9,166.5,162.0,16.7,220.2,12.5,155.8,1455.6,3105.9,3692.6,1241.9,1812.7,89.6,27.0,984.0,427.5,415.7,349.6,4538.6,4919.3,2065.0,775.2,4222.9,3988.4,2365.6,2689.6,1536.9,3542.5,836.4,2987.4,955.6,1470.1,1332.9,3332.5,6032.2,5406.8,1373.2,184.6
2026-08-03 00:15:00,635.6,314.5,878.3,283.4,589.0,163.9,162.0,16.7,216.2,12.5,149.0,1456.1,3077.6,3674.0,1276.0,1851.4,89.6,27.3,994.3,413.4,416.0,348.8,4523.4,4853.3,2046.6,765.4,4221.0,3814.9,2357.9,2678.5,1535.1,3542.0,830.6,2977.9,950.9,1476.8,1322.5,3316.1,6009.5,5396.9,1357.7,194.1
2026-08-03 00:30:00,636.3,320.8,870.5,274.1,587.2,164.6,162.0,16.7,219.9,12.5,133.0,1457.8,3065.3,3668.2,1236.2,1819.6,89.6,27.2,998.6,406.0,415.6,353.0,4530.5,4855.9,2021.4,755.3,4205.0,3654.2,2349.5,2637.0,1536.1,3540.6,829.2,2976.4,945.5,1483.7,1312.3,3335.5,6002.2,5383.9,1351.3,184.0
2026-08-03 00:45:00,630.6,318.4,863.8,265.7,585.1,165.2,162.0,16.7,212.7,12.5,125.9,1473.1,3384.8,3705.4,1241.5,1829.4,89.6,27.2,1000.4,399.2,416.7,351.0,4510.6,4833.2,1999.6,753.8,4198.6,3473.3,2343.2,2637.9,1535.7,3458.0,826.7,2963.4,943.3,1488.7,1303.0,3353.7,6005.0,5374.5,1335.6,181.3
2026-08-03 01:00:00,619.1,323.7,948.2,257.3,585.1,256.0,116.1,25.7,354.8,4.0,143.0,1470.6,3329.5,3683.9,1252.8,1783.4,90.0,30.3,967.7,394.6,414.1,349.8,4485.3,4924.3,1945.1,723.0,4219.6,3577.4,2328.4,2673.6,1512.3,3513.7,821.0,3016.4,928.3,1311.3,1294.6,3155.4,5907.1,5332.0,1318.6,185.7
2026-08-03 01:15:00,616.5,320.9,945.8,249.1,578.7,256.4,116.1,25.7,353.7,4.0,139.1,1472.0,3308.0,3668.4,1233.1,1762.7,90.0,30.4,970.5,389.3,413.7,343.2,4464.9,4918.1,1927.7,719.6,4213.7,3356.1,2324.1,2673.3,1505.9,3506.8,819.5,2999.3,921.6,1318.9,1286.9,3157.8,5898.5,5304.6,1312.4,176.3
2026-08-03 01:30:00,615.1,322.3,942.5,242.2,573.6,256.9,116.1,25.7,382.1,4.0,132.1,1472.8,3278.3,3594.8,1197.4,1752.6,90.0,30.5,965.1,383.9,412.4,343.2,4450.4,4917.1,1909.6,718.6,4209.2,3503.0,2322.2,2673.8,1502.2,3503.3,818.5,2997.9,915.4,1328.3,1282.2,3165.3,5875.1,5266.8,1308.9,170.1
2026-08-03 01:45:00,610.1,322.9,938.3,236.0,570.9,257.2,116.1,25.7,387.2,4.0,132.8,1480.4,3274.1,3583.1,1183.2,1747.7,90.0,30.5,964.7,379.8,413.2,265.1,4433.7,4904.8,1890.9,718.2,4201.4,3283.9,2317.5,2636.5,1502.0,3501.8,816.8,2991.9,906.3,1335.3,1276.8,3171.5,5880.7,5259.1,1305.5,165.0
2026-08-03 02:00:00,611.8,323.8,927.3,240.2,580.4,257.5,115.3,12.2,388.7,4.8,113.4,1489.0,3256.6,3604.0,1155.4,1702.6,65.5,34.3,1049.8,377.0,409.5,337.8,4392.9,4935.8,1859.3,728.0,4233.4,3318.2,2309.7,2610.2,1480.1,3492.8,815.0,2902.3,885.7,1352.5,1274.0,3147.5,5876.8,5238.2,1303.6,151.5
2026-08-03 02:15:00,608.5,324.2,922.9,233.5,578.4,257.8,115.3,12.2,393.4,4.8,108.6,1490.7,3252.1,3540.4,1143.1,1680.7,65.5,34.6,1019.8,374.4,435.7,90.7,4388.7,4912.6,1849.2,727.8,4228.7,3252.3,2309.3,2612.8,1478.5,3491.2,815.6,2895.1,875.1,1361.9,1273.3,3139.7,5826.2,5221.2,1308.5,140.8
2026-08-03 02:30:00,608.6,324.5,919.2,227.4,576.2,258.0,115.3,12.2,401.9,4.8,102.2,1493.4,3238.7,3506.2,1135.7,1665.6,65.5,34.9,1016.5,372.9,434.0,88.7,4386.6,4892.8,1841.7,726.6,4226.2,3246.8,2307.6,2613.6,1476.7,3489.1,814.2,2890.8,879.0,1374.3,1273.6,3133.1,5821.0,5238.1,1296.4,132.1
2026-08-03 02:45:00,608.4,324.4,918.7,221.7,571.1,258.1,115.3,12.2,407.5,4.8,100.7,1494.6,3240.0,3467.0,1145.7,1662.7,65.6,35.3,1011.5,395.2,431.0,93.3,4381.0,4845.5,1832.7,726.5,4225.2,3218.4,2307.1,2613.9,1475.9,3489.0,813.8,2885.8,876.6,1382.1,1276.0,3124.7,5775.8,5223.8,1292.6,120.1
2026-08-03 03:00:00,605.9,325.3,898.3,235.4,573.1,224.0,102.0,12.8,415.2,6.3,79.9,1490.4,3169.7,3531.0,1124.8,1587.3,29.7,63.8,927.9,367.5,423.7,70.6,4255.2,4772.8,1818.0,746.2,4265.3,3099.4,2299.8,2524.7,1465.9,3486.8,810.4,2838.8,876.4,1610.1,1278.0,3186.2,5923.5,5275.3,1293.0,109.1
2026-08-03 03:15:00,600.0,323.9,898.5,227.9,565.7,224.3,102.1,12.7,422.3,6.3,77.8,1491.4,3158.8,3519.2,1127.7,1560.4,29.7,58.9,922.9,365.5,421.8,70.6,4257.9,4773.0,1815.3,745.0,4266.1,3095.9,2299.8,2523.8,1466.6,3486.2,809.6,2838.1,877.9,1613.8,1279.4,3179.0,5874.8,5259.2,1287.5,103.6
2026-08-03 03:30:00,601.5,322.3,898.5,222.0,560.5,225.0,102.1,12.7,417.9,6.3,67.2,1493.1,3170.9,3492.8,1111.1,1549.6,29.7,58.8,918.0,362.2,416.9,72.1,4258.9,4753.0,1814.2,744.7,4264.1,3160.2,2298.6,2524.8,1464.3,3485.6,808.9,2820.9,879.9,1617.4,1279.2,3181.2,5858.5,5235.7,1297.6,101.1
2026-08-03 03:45:00,598.8,321.2,901.1,215.5,552.0,225.6,102.0,12.7,420.2,6.3,62.3,1493.3,3182.2,3452.5,1115.7,1542.1,29.7,58.9,912.7,360.2,378.8,133.0,4266.8,4732.2,1811.4,741.2,4264.9,3253.8,2298.9,2523.4,1464.1,3485.6,806.5,2801.7,879.4,1622.9,1274.9,3181.9,5849.4,5265.4,1303.5,99.0
2026-08-03 04:00:00,652.9,318.9,888.0,192.5,593.8,276.3,152.0,12.2,321.7,9.0,79.7,1505.6,3193.4,3477.8,1084.2,1476.5,28.8,36.9,882.0,368.8,429.0,69.4,4280.4,4651.6,1803.3,716.6,4275.2,3124.0,2300.0,2553.2,1458.7,3502.6,801.4,2872.1,883.3,1780.7,1269.7,3384.9,5740.6,5041.0,1328.9,91.2
2026-08-03 04:15:00,648.8,315.7,904.4,192.4,578.5,277.5,152.0,12.2,324.0,9.0,79.3,1505.4,3209.5,3418.1,1093.3,1475.4,28.8,36.9,879.2,368.8,428.7,71.3,4310.6,4690.3,1808.9,717.3,4278.6,3272.7,2300.8,2554.9,1459.0,3504.3,799.9,2887.1,881.9,1785.4,1266.5,3367.3,5708.7,5021.6,1340.5,88.9
2026-08-03 04:30:00,649.5,314.3,927.7,189.5,557.9,283.1,152.0,12.2,270.9,9.0,81.0,1506.0,3181.5,3316.3,1050.3,1464.3,28.7,36.9,877.6,368.3,389.2,312.9,4351.7,4718.4,1806.7,717.1,4281.1,3328.9,2301.2,2559.0,1459.6,3504.8,798.8,2871.3,885.7,1789.2,1269.6,3384.3,5713.9,5003.3,1355.0,87.7
2026-08-03 04:45:00,638.6,320.6,957.6,187.2,545.5,302.9,152.0,12.2,280.3,9.0,80.6,1505.6,3175.0,3280.3,1057.4,1464.4,27.7,41.2,873.8,369.1,389.1,313.7,4391.1,4785.8,1806.1,716.8,4282.0,3519.3,2283.0,2531.7,1460.7,3505.0,798.3,2838.1,883.3,1790.5,1274.0,3395.1,5709.6,4988.1,1378.1,84.7
2026-08-03 05:00:00,636.1,317.5,992.2,227.7,573.6,330.1,161.0,55.2,367.8,9.5,134.5,1485.3,3300.5,3356.2,1108.5,1388.7,0.0,98.9,901.6,384.9,405.9,311.8,4540.0,4665.0,1827.5,690.9,4264.6,3575.6,2278.1,2491.9,1466.8,3516.7,799.6,2798.8,891.2,1902.1,1286.8,3715.4,5779.8,4944.8,1401.1,81.5
2026-08-03 05:15:00,631.2,330.2,1015.5,231.0,584.5,361.0,161.0,55.2,365.7,9.5,131.0,1484.9,3278.7,3320.3,1128.0,1390.1,0.0,100.8,877.7,384.1,396.4,315.4,4589.9,4749.1,1846.1,690.8,4271.6,3678.3,2282.6,2507.9,1471.4,3523.6,801.1,2798.3,892.9,1899.6,1299.8,3758.3,5763.6,4924.3,1424.5,80.3
2026-08-03 05:30:00,625.6,333.1,1023.8,228.8,606.5,393.5,161.0,55.2,373.8,9.5,136.1,1483.8,2768.3,3347.7,1097.6,1380.8,0.0,103.2,879.7,382.7,398.2,312.1,4633.2,4855.1,1861.2,691.6,4285.8,3748.7,2285.2,2530.3,1472.6,3524.6,803.2,2793.2,895.1,1898.7,1312.0,3792.1,5821.4,4906.4,1451.5,77.9
2026-08-03 05:45:00,625.8,336.6,1019.2,240.9,617.9,437.6,161.2,55.2,377.9,9.5,132.7,1483.2,2694.2,3393.8,1098.7,1388.4,0.0,106.3,876.1,411.3,399.3,325.4,4673.1,4872.9,1887.6,691.5,4294.5,4103.3,2288.7,2530.4,1475.4,3524.4,806.5,2749.9,900.4,1897.5,1331.4,3929.0,5876.8,4907.2,1479.5,78.1
2026-08-03 06:00:00,646.9,372.8,1010.3,245.9,645.7,404.1,54.0,47.6,317.6,23.4,147.4,1457.5,2642.5,3279.7,1108.9,1403.6,52.6,81.1,934.3,436.9,410.4,339.3,4791.0,4707.8,1989.0,687.6,4212.4,4921.9,2330.1,2377.4,1515.2,3247.4,823.9,2928.2,921.5,1942.2,1241.3,4225.8,6112.4,5026.9,1557.5,104.6
2026-08-03 06:15:00,632.7,398.4,983.7,245.5,669.5,446.1,54.0,47.9,318.7,27.4,122.8,1461.0,2589.2,3362.0,1106.7,1409.4,52.6,73.8,939.4,440.5,400.9,341.2,4847.8,4824.7,2032.1,687.9,4231.5,5180.2,2341.7,2366.9,1516.7,3292.4,830.3,2959.2,931.7,1936.6,1267.5,4287.9,6204.5,5004.0,1601.0,105.0
2026-08-03 06:30:00,628.0,414.2,927.6,263.2,671.9,507.1,54.0,48.0,317.5,26.2,148.8,1464.3,2597.6,3486.0,1082.9,1411.4,52.6,76.5,945.0,447.5,399.1,342.6,4870.3,4820.3,2062.0,687.3,4257.7,5271.2,2347.6,2386.6,1523.6,3299.4,836.2,2983.8,939.5,1930.9,1293.6,4395.8,6303.5,4980.7,1633.6,105.6
2026-08-03 06:45:00,619.9,430.0,880.3,320.5,669.8,567.6,54.0,49.4,310.6,35.0,153.6,1467.0,2613.1,3620.8,1103.1,1422.9,52.6,79.1,952.9,447.8,401.6,347.0,4907.4,4861.8,2105.8,686.6,4269.7,5271.8,2363.1,2364.6,1528.9,3312.1,842.3,3077.3,945.9,1924.4,1307.3,4380.8,6355.0,4968.7,1676.0,113.2
2026-08-03 07:00:00,648.1,414.4,819.6,311.5,678.9,576.7,62.0,19.5,326.7,93.0,106.7,1460.0,2770.1,3634.9,1098.8,1397.6,47.4,115.6,1024.6,479.5,414.5,314.7,5021.5,4695.4,2190.9,690.2,4360.9,5705.3,2408.5,2432.6,1580.0,3127.1,841.8,2945.5,960.0,2555.0,1353.6,4609.5,6573.4,5025.6,1753.6,78.5
2026-08-03 07:15:00,641.6,446.1,783.4,352.3,687.1,636.0,62.0,18.0,322.6,95.1,105.1,1466.7,2744.2,3599.1,1105.3,1409.5,47.4,83.5,1026.8,480.9,414.5,300.6,5021.8,4752.1,2224.4,686.7,4371.8,5698.0,2421.3,2417.3,1585.1,3141.4,852.7,3030.8,965.7,2546.9,1360.4,4642.9,6630.8,4951.2,1788.0,82.7
2026-08-03 07:30:00,634.1,484.0,737.9,372.8,690.6,692.0,62.0,18.6,319.0,97.9,117.0,1475.0,2749.4,3538.0,1115.7,1419.0,62.2,80.1,1031.3,499.1,411.8,296.6,5010.6,4791.9,2248.6,683.2,4384.4,5239.6,2430.7,2419.9,1589.7,3146.2,861.4,3194.7,971.1,2537.0,1367.1,4665.1,6682.1,4859.3,1809.3,82.7
2026-08-03 07:45:00,619.4,515.6,685.3,415.0,700.1,751.9,62.0,19.4,304.8,102.6,121.2,1484.4,3185.8,3427.2,1102.1,1430.8,63.0,81.7,1040.6,497.9,409.5,277.8,5040.3,4795.7,2278.0,682.3,4385.6,4813.3,2448.4,2441.7,1595.1,3156.3,866.5,3331.6,975.6,2525.6,1375.4,4623.4,6731.9,4852.9,1830.0,88.3
2026-08-03 08:00:00,616.5,560.1,610.6,406.4,717.8,761.8,91.5,37.5,317.9,99.8,163.6,1425.1,3118.3,3767.2,1331.7,1404.0,89.4,94.8,1140.8,550.2,429.9,292.9,5176.7,4968.9,2338.4,644.8,4320.2,5250.9,2485.4,2580.1,1629.1,3143.9,886.7,3331.5,976.0,2552.3,1385.4,4560.7,6723.7,4700.8,1850.8,102.7
2026-08-03 08:15:00,604.0,591.2,568.5,440.7,730.4,815.4,93.5,23.6,302.5,94.5,166.7,1438.0,3152.9,3402.0,1480.2,1553.6,90.0,94.3,1115.9,538.7,421.9,286.3,5183.6,4916.5,2357.9,666.5,4314.7,4847.7,2494.3,2650.9,1631.4,3138.6,890.9,3375.2,971.3,2543.0,1393.9,4517.3,6753.6,4670.9,1850.3,109.6
2026-08-03 08:30:00,591.0,615.1,533.1,493.3,736.0,826.8,93.5,24.6,283.6,26.5,181.5,1451.9,4064.3,3266.1,1505.2,1668.8,90.6,91.3,1112.4,561.5,424.8,295.1,5181.5,4901.0,2365.3,685.8,4307.3,4170.1,2495.4,2650.8,1634.5,3149.2,894.6,3365.2,976.1,2536.2,1403.1,4386.9,6786.8,4722.3,1840.7,117.8
2026-08-03 08:45:00,577.5,621.7,495.8,533.8,735.7,865.8,104.3,25.5,272.2,32.7,218.7,1465.4,4056.1,3206.3,1465.1,1682.7,71.2,115.4,1158.3,596.0,528.2,117.6,5173.3,4873.5,2381.9,650.5,4309.8,3558.4,2504.8,2580.5,1638.7,3171.9,900.4,3412.6,994.2,2535.1,1411.2,4317.0,6813.3,4706.4,1826.1,126.3
2026-08-03 09:00:00,575.2,666.1,460.0,594.1,738.7,965.0,113.7,33.1,216.7,47.0,304.9,1522.5,4043.0,3482.8,1323.2,1621.7,0.0,346.5,1224.1,669.6,437.4,399.9,5207.9,5149.0,2414.2,663.6,4592.8,3673.9,2332.8,2585.0,1657.7,3173.7,899.3,3530.0,1001.6,1839.1,1418.0,4173.9,6842.9,4775.5,1791.6,141.3
2026-08-03 09:15:00,579.5,681.0,441.6,627.8,750.6,921.0,112.5,24.4,180.1,50.7,317.3,1518.1,4028.6,3500.0,1262.9,1432.3,0.0,344.9,1229.1,650.0,436.6,377.7,5197.6,5099.5,2425.4,642.1,4581.9,3106.6,2337.5,2539.9,1664.5,3195.6,895.5,3472.3,1010.3,1841.0,1418.7,4133.4,6845.1,4792.5,1765.5,151.4
2026-08-03 09:30:00,573.1,697.8,420.2,664.8,750.5,949.6,113.9,25.2,147.2,74.0,313.9,1530.1,4591.8,3724.5,1231.2,1384.7,0.0,338.0,1227.2,668.3,523.8,191.6,5195.2,5029.6,2435.2,632.0,4588.8,2688.9,2340.3,2514.1,1661.1,3198.3,900.7,3270.5,1000.9,1853.6,1410.2,4000.9,6854.5,4802.9,1742.4,161.6
2026-08-03 09:45:00,564.3,703.2,395.0,697.4,748.5,906.9,126.0,26.1,113.9,78.9,294.2,1551.1,5549.7,3403.4,1166.3,1407.7,0.0,315.5,1258.5,682.2,533.6,187.4,5184.2,4903.1,2445.4,601.3,4597.5,2605.8,2345.6,2477.9,1661.4,3204.8,900.6,2773.6,1002.3,1862.0,1394.9,3914.2,6862.2,4839.8,1712.1,171.3
2026-08-03 10:00:00,566.3,721.9,360.7,660.0,756.5,997.0,152.2,24.6,82.1,119.1,281.8,1563.1,5620.8,5056.4,1257.4,1508.4,152.2,232.3,1309.9,758.9,517.1,190.4,5229.0,5083.7,2478.3,597.8,4586.0,2924.2,2354.0,2177.7,1699.2,3421.8,884.4,2882.0,995.2,1760.3,1375.1,3283.2,6826.2,4885.9,1678.4,187.3
2026-08-03 10:15:00,567.6,732.1,343.1,682.1,754.6,1007.7,142.0,15.1,80.8,138.6,276.4,1572.7,5676.7,3899.0,1183.4,1520.3,157.2,243.3,1318.2,760.5,512.7,175.0,5224.5,4997.5,2488.6,597.1,4748.6,2782.1,2354.4,2129.7,1699.7,3424.2,904.5,2637.7,994.4,1766.4,1367.1,3233.2,6817.1,4904.0,1655.1,196.2
2026-08-03 10:30:00,563.5,741.6,538.0,701.2,753.4,1015.1,127.5,15.7,80.0,186.0,277.1,1592.4,5680.6,3883.8,1154.3,1562.3,154.8,238.8,1325.0,600.4,507.3,184.6,5215.2,5050.4,2493.6,601.1,4760.0,2658.6,2529.3,2103.1,1699.2,3425.1,902.6,2241.1,997.7,1770.7,1358.4,3233.5,6796.3,4930.0,1639.1,205.4
2026-08-03 10:45:00,565.6,744.4,532.5,728.7,747.4,962.0,129.1,16.2,79.2,217.9,268.4,1577.0,5690.4,3924.1,1093.1,1520.9,177.1,224.9,1356.9,607.8,518.8,179.3,5210.8,5010.9,2499.0,604.2,4801.4,2566.3,2533.9,2078.2,1697.9,3422.6,908.3,1770.0,997.5,1777.9,1355.0,3215.2,6782.3,4952.5,1621.1,212.7
2026-08-03 11:00:00,569.0,763.4,360.2,757.3,733.5,1035.8,322.4,14.3,84.2,304.4,264.0,1655.9,5904.7,4389.2,1452.7,1442.7,137.7,219.5,1473.3,600.5,501.5,180.9,5247.5,4984.7,2515.6,591.0,4764.7,2704.0,2527.2,1948.9,1705.1,3446.3,909.3,1539.1,992.2,1771.4,1352.7,3100.8,6772.8,4972.7,1634.8,225.9
2026-08-03 11:15:00,567.4,780.5,355.1,777.0,728.5,993.6,323.6,14.7,83.4,335.0,271.0,1675.9,5904.9,4371.6,1455.4,1482.3,137.7,217.6,1472.1,601.8,502.4,173.0,5242.2,4958.6,2516.3,592.6,4774.6,2683.6,2534.5,1809.3,1707.5,3402.8,905.2,1527.3,991.6,1779.9,1350.6,3099.6,6753.4,4994.9,1630.0,232.6
2026-08-03 11:30:00,570.9,785.9,574.2,790.0,731.1,989.6,326.0,15.1,82.6,361.7,281.1,1696.3,5888.5,4354.5,1460.2,1491.4,162.7,212.8,1475.5,620.4,499.4,169.8,5239.9,5006.1,2513.5,594.8,4777.0,2683.4,2533.7,1802.7,1705.8,3422.0,904.2,1522.7,990.6,1789.2,1348.8,3119.9,6727.6,5011.3,1616.1,237.6
2026-08-03 11:45:00,571.4,791.2,573.8,798.0,738.1,933.4,328.3,15.3,81.8,388.1,286.1,1701.0,5894.9,4345.6,1515.4,1343.7,195.3,200.4,1479.5,622.6,508.6,172.9,5234.1,4951.1,2517.6,595.3,4774.4,2683.6,2538.8,1802.0,1707.8,3432.4,903.6,1524.1,991.4,1797.6,1341.9,3108.5,6709.3,5026.4,1593.6,242.9
2026-08-03 12:00:00,576.7,801.9,790.1,803.5,744.8,1036.8,298.6,115.5,66.9,426.0,290.1,1727.7,6030.4,4586.8,1633.8,1597.9,53.6,150.1,1436.6,614.2,539.4,180.0,5294.4,5072.5,2541.0,627.3,4747.3,2605.1,2537.2,1819.4,1701.7,3368.4,893.2,1590.8,992.1,1796.0,1310.1,2918.7,6673.1,5050.5,1506.2,255.8
2026-08-03 12:15:00,578.0,792.8,792.1,804.8,749.8,1031.7,311.6,115.8,66.1,447.6,291.8,1727.3,6035.4,4530.4,1648.9,1534.4,55.1,146.8,1458.6,627.2,547.0,175.5,5281.8,4995.6,2543.4,628.5,4740.2,2605.3,2537.9,1818.8,1701.9,3374.0,898.8,1589.3,993.5,1806.6,1301.3,2884.9,6669.4,5056.1,1496.7,258.8
2026-08-03 12:30:00,578.7,793.0,794.8,805.0,751.5,980.6,311.6,115.9,65.3,460.5,309.4,1706.5,6052.7,4416.0,1706.3,1486.1,54.3,145.0,1460.0,637.1,544.7,156.7,5265.9,4956.4,2551.0,629.7,4739.1,2605.3,2535.2,1818.2,1701.0,3369.5,896.2,1588.2,993.8,1816.4,1294.4,2890.2,6659.0,5063.4,1493.3,261.0
2026-08-03 12:45:00,584.5,792.7,798.9,798.7,751.4,910.3,311.6,116.0,65.3,451.5,364.1,1699.4,6065.0,4365.9,1682.6,1498.1,73.6,145.0,1455.8,640.8,540.6,152.0,5247.2,4844.6,2554.3,630.3,4738.0,2605.6,2538.1,1817.6,1706.0,3393.8,894.2,1589.0,993.9,1826.6,1294.8,2884.8,6650.3,5063.9,1492.7,260.7
2026-08-03 13:00:00,576.2,780.1,797.0,791.4,771.2,950.1,87.9,131.3,231.0,420.0,381.1,1776.8,6141.2,4748.4,1683.4,1416.1,104.7,137.5,1465.1,643.8,529.3,158.9,5268.0,4957.4,2546.9,630.1,4597.6,2339.3,2519.3,2077.4,1706.2,3486.5,892.3,1706.8,992.1,1561.2,1288.8,2684.9,6801.3,5188.9,1505.7,263.9
2026-08-03 13:15:00,574.0,774.2,800.8,777.9,771.8,924.8,87.9,131.2,230.6,422.3,378.9,1747.0,6110.8,4647.7,1670.6,1414.7,103.6,136.9,1463.7,649.3,524.3,140.4,5259.8,4920.9,2546.9,627.0,4603.5,2342.5,2522.3,2073.8,1706.4,3480.0,893.1,1716.7,990.3,1574.0,1289.9,2696.1,6766.0,5184.7,1505.9,262.9
2026-08-03 13:30:00,575.7,744.7,807.7,758.8,772.8,850.8,105.0,131.1,234.3,404.7,411.5,1738.0,6087.4,4523.2,1654.8,1413.1,103.6,136.3,1459.4,651.1,525.7,132.4,5252.4,4871.7,2557.9,630.5,4602.1,2346.7,2519.8,2051.4,1706.5,3476.0,893.4,1729.9,990.5,1589.6,1295.6,2707.8,6759.0,5177.5,1513.3,261.2
2026-08-03 13:45:00,576.9,732.7,812.3,740.0,768.7,843.9,93.0,130.9,232.2,402.0,403.5,1738.9,6091.3,4450.2,1647.7,1421.5,103.7,135.7,1456.6,656.6,522.5,132.9,5240.5,4896.4,2555.9,627.8,4594.1,2346.5,2522.0,2056.9,1708.6,3473.1,889.9,1730.5,987.7,1604.6,1300.5,2732.0,6790.2,5177.3,1512.1,260.7
2026-08-03 14:00:00,576.4,730.0,810.0,787.8,753.0,750.3,89.4,55.2,228.9,456.2,275.8,1748.9,6192.0,4474.6,1657.4,1488.0,100.5,95.7,1440.5,654.3,512.4,138.6,5225.7,4986.5,2561.0,637.7,4526.5,2552.8,2506.7,2062.6,1707.8,3322.9,897.3,1585.4,982.2,1733.1,1308.4,2893.9,6824.9,5153.1,1507.4,274.4
2026-08-03 14:15:00,582.0,729.8,826.3,772.8,759.7,825.0,89.5,53.9,228.9,451.2,295.4,1735.5,6140.1,4486.7,1580.2,1489.9,45.7,107.6,1430.4,716.2,507.7,139.4,5221.3,5034.5,2563.7,635.6,4522.0,2552.4,2516.5,2088.6,1711.1,3288.6,894.6,1576.3,976.3,1749.2,1311.6,2928.8,6800.6,5139.2,1511.0,271.9
2026-08-03 14:30:00,581.6,717.8,842.2,756.3,765.0,847.7,89.4,31.0,229.4,440.9,267.0,1731.8,6095.5,4591.6,1588.5,1523.1,29.1,100.6,1416.1,723.8,498.5,154.6,5219.8,5080.0,2560.7,635.8,4515.8,2552.3,2514.3,2067.6,1707.8,3262.1,892.4,1572.1,977.6,1766.4,1325.7,2963.4,6836.1,5127.0,1517.7,269.2
2026-08-03 14:45:00,581.8,704.2,861.6,737.3,761.6,848.2,89.4,36.5,228.9,425.8,266.3,1741.7,6069.5,4648.4,1579.5,1585.2,28.3,100.5,1398.1,742.4,480.1,157.9,5225.1,5093.6,2569.4,639.5,4518.3,2552.4,2511.3,2078.7,1707.9,3258.5,895.2,1572.6,979.3,1783.5,1336.6,2993.4,6826.6,5105.5,1525.5,266.6
2026-08-03 15:00:00,653.6,679.5,833.7,713.1,748.0,802.4,119.6,30.3,192.1,357.2,280.3,1713.3,5982.5,4517.5,1382.3,1540.1,305.2,2.1,1350.8,806.6,456.4,171.7,5094.0,4939.1,2574.7,641.1,4777.7,2713.1,2497.5,1989.0,1708.4,3175.6,892.2,1553.4,980.1,1992.1,1349.8,3315.9,6741.9,4951.0,1579.1,237.2
2026-08-03 15:15:00,662.7,651.8,856.5,684.7,759.0,797.5,109.2,30.8,193.1,335.0,281.7,1704.2,5951.6,4515.2,1341.1,1628.0,259.7,12.4,1335.6,796.1,434.3,168.3,5097.6,5015.3,2575.9,640.7,4772.0,2717.0,2499.8,1995.4,1709.7,3161.8,896.4,1548.1,980.8,2008.5,1357.1,3373.9,6759.6,4934.6,1588.8,234.0
2026-08-03 15:30:00,675.9,623.3,871.6,649.7,775.0,772.1,108.1,13.2,194.6,308.9,276.5,1687.2,5929.5,4568.3,1371.0,1652.6,259.6,12.6,1326.4,796.8,413.3,171.6,5086.3,5069.6,2584.9,646.4,4763.3,2752.1,2496.9,2129.8,1712.2,3191.2,897.1,1671.5,981.2,2023.6,1358.7,3416.7,6774.7,4906.3,1593.2,227.9
2026-08-03 15:45:00,682.1,594.0,895.0,613.7,776.8,735.8,107.5,40.1,195.6,278.3,277.1,1677.1,5910.9,4582.7,1401.5,1639.7,259.6,3.7,1349.3,803.6,416.1,173.4,5079.0,5124.5,2587.2,645.8,4765.4,2766.0,2502.1,2154.8,1708.0,3177.8,897.4,1815.8,983.4,2040.5,1349.0,3494.8,6783.0,4882.8,1600.6,220.4
2026-08-03 16:00:00,689.6,565.7,704.7,572.7,770.7,791.2,143.5,17.5,123.9,240.6,271.3,1638.0,5958.2,4281.7,1084.9,1758.8,254.8,3.4,1291.7,844.8,390.3,187.5,5042.8,4969.5,2569.7,636.4,4757.1,2608.6,2501.5,2319.1,1700.7,3094.9,912.1,1605.3,990.9,2057.9,1349.5,3723.6,6810.8,4828.6,1595.2,214.7
2026-08-03 16:15:00,704.5,539.0,739.2,524.7,772.9,776.8,134.0,16.8,125.1,215.3,270.7,1628.5,5889.6,4274.5,1155.0,1719.6,253.7,3.1,1297.2,854.4,384.5,192.4,5049.8,5066.3,2571.9,636.2,4764.6,2641.0,2502.2,2335.6,1697.4,3068.6,921.1,1802.9,992.3,2068.0,1350.1,3786.4,6840.5,4808.2,1604.3,206.3
2026-08-03 16:30:00,707.6,491.3,561.1,469.9,780.9,725.7,147.5,16.1,126.5,208.4,268.3,1623.4,5871.0,4319.0,1238.1,1685.7,232.5,2.4,1299.2,845.6,382.8,203.0,5053.7,5139.2,2571.0,635.5,4721.1,2687.3,2497.4,2396.3,1696.0,3096.2,918.6,2167.8,995.7,2077.0,1357.6,3848.6,6906.2,4772.4,1626.7,199.5
2026-08-03 16:45:00,720.8,461.3,596.4,410.8,779.6,712.3,132.7,15.4,127.4,186.3,271.0,1621.1,5864.2,4572.1,1338.1,1696.8,231.3,1.8,1310.3,1028.2,386.6,212.5,5070.6,5294.0,2568.1,636.7,4643.9,2775.3,2496.6,2421.6,1697.9,3093.1,905.4,2626.5,1001.7,2090.1,1378.0,3992.9,6944.2,4734.7,1660.4,191.0
2026-08-03 17:00:00,684.2,427.0,643.5,412.6,787.3,692.9,127.4,144.7,120.4,162.3,202.9,1556.3,5657.6,4007.0,1354.3,1695.9,314.8,0.0,1354.8,815.5,435.5,234.4,5037.0,5250.0,2546.9,736.1,4496.0,3070.8,2493.6,2707.5,1688.5,3103.0,922.8,2782.3,1010.1,2171.0,1422.2,4205.7,7065.2,4651.7,1702.9,174.7
2026-08-03 17:15:00,693.4,398.5,707.2,371.4,781.8,688.8,127.4,143.9,124.2,133.2,213.4,1545.1,4814.8,4520.2,1467.9,1667.2,310.8,0.0,1334.7,1000.9,430.4,243.0,5059.8,5364.9,2544.0,741.0,4327.1,3214.7,2491.6,2713.6,1686.0,3092.4,922.7,3119.8,1014.9,2177.9,1437.4,4258.6,7106.0,4754.7,1723.2,167.2
2026-08-03 17:30:00,708.3,366.7,777.3,346.3,783.1,654.9,127.4,143.1,135.3,124.3,216.3,1530.4,4171.1,3975.8,1514.7,1740.1,309.4,3.9,1323.5,1053.6,429.7,519.4,5085.9,5340.2,2539.3,774.2,4313.5,3645.2,2486.9,2738.5,1685.1,3083.5,924.4,3297.9,1012.5,2181.4,1447.0,4289.6,7157.1,5066.5,1761.1,158.9
2026-08-03 17:45:00,723.2,336.2,840.8,297.7,784.7,601.9,127.4,152.2,157.8,111.4,203.7,1518.4,3479.2,3918.1,1572.4,1884.3,308.3,5.4,1323.7,1117.1,421.3,539.8,5108.1,5361.6,2536.7,775.1,4334.5,4322.7,2490.9,2761.2,1685.4,3080.8,928.6,3306.4,1010.5,2178.0,1438.6,4356.8,7217.3,5072.2,1787.7,151.8
2026-08-03 18:00:00,740.2,305.3,948.2,494.1,785.6,602.7,80.7,138.7,168.3,94.8,307.7,1484.2,4301.7,3672.1,1558.6,1927.0,218.4,17.7,1168.2,1186.3,447.5,564.2,5189.1,5144.9,2514.0,880.5,4335.1,4543.4,2486.5,2762.4,1690.5,3040.9,935.5,3303.5,1000.3,2386.8,1455.9,4329.6,7272.9,5085.5,1812.9,162.0
2026-08-03 18:15:00,750.0,281.2,1035.1,476.0,783.3,544.3,69.0,138.2,189.6,77.0,294.8,1470.6,3744.4,3681.4,1539.1,1882.5,217.5,28.3,1150.1,1173.5,449.8,554.3,5209.1,5220.0,2512.5,880.3,4350.0,5058.8,2487.4,2769.8,1688.2,3032.6,932.5,3307.3,996.0,2385.1,1447.4,4372.2,7301.7,5064.2,1844.9,153.3
2026-08-03 18:30:00,725.2,268.2,1112.1,462.4,785.0,488.2,69.0,122.2,219.0,62.7,323.8,1456.1,3102.1,3963.6,1453.2,1734.8,236.7,19.7,1161.8,1169.7,452.2,546.1,5226.7,5251.9,2516.8,879.0,4370.4,5289.8,2488.2,2808.9,1685.8,3024.5,935.6,3307.8,993.8,2382.6,1444.4,4474.1,7316.4,5040.5,1869.1,144.5
2026-08-03 18:45:00,720.3,314.6,1176.1,445.3,784.0,448.2,69.0,123.9,243.9,56.3,305.5,1440.7,2816.8,3659.2,1283.5,1533.9,236.0,20.1,1199.2,1178.2,463.2,554.7,5233.8,5308.2,2514.2,881.3,4381.8,5890.5,2493.4,2767.1,1683.0,3000.6,933.2,3540.1,992.4,2378.9,1448.3,4448.7,7349.2,5031.2,1886.7,135.6
2026-08-03 19:00:00,755.9,230.4,1224.9,702.3,786.3,575.0,76.0,198.7,294.3,53.6,648.0,1410.5,2905.7,3524.4,1159.8,1480.3,81.3,48.2,1194.3,1232.6,464.0,558.6,5231.1,5288.1,2515.3,888.7,4455.5,6106.3,2493.0,2707.1,1683.2,2977.9,936.8,3659.4,993.8,2544.3,1431.7,4278.3,7395.6,5016.8,1905.9,187.5
2026-08-03 19:15:00,752.5,223.5,1259.0,693.6,788.1,541.8,96.0,199.2,323.1,112.3,629.8,1399.8,2812.9,3479.5,1343.9,1567.9,80.4,48.5,1170.1,1225.6,464.1,566.1,5231.1,5330.5,2510.6,891.3,4465.4,6346.8,2492.5,2680.5,1682.8,2963.6,936.3,3797.1,993.3,2540.4,1436.1,4235.1,7415.5,5038.9,1911.4,181.6
2026-08-03 19:30:00,737.2,367.6,1288.7,484.7,790.2,515.2,96.0,201.0,351.4,106.1,641.4,1387.3,2808.1,3441.1,1360.7,1550.1,79.6,48.5,1165.4,1225.0,455.7,579.0,5216.6,5373.0,2508.2,891.3,4473.8,6466.9,2490.6,2622.9,1687.3,2965.9,932.7,3872.2,995.0,2541.5,1436.5,4171.5,7420.6,5023.9,1912.4,175.8
2026-08-03 19:45:00,740.0,376.6,1306.1,478.6,792.5,497.8,96.0,220.0,375.5,104.2,618.6,1375.6,2810.8,3545.6,1382.2,1532.3,78.7,57.2,1159.8,1341.5,465.2,591.6,5196.4,5395.7,2503.1,892.5,4470.4,6502.9,2493.1,2611.6,1682.8,2960.9,933.9,3899.4,994.9,2543.1,1434.3,4132.3,7417.3,5008.7,1911.5,170.8
2026-08-03 20:00:00,751.8,298.8,1297.3,678.4,787.5,494.0,114.0,181.6,406.6,94.9,629.4,1414.6,3009.3,3298.4,1219.9,1524.4,94.5,48.4,1437.8,1385.2,461.8,606.6,5108.9,5304.6,2498.2,901.4,4561.3,6282.5,2495.1,2711.3,1682.5,2992.9,938.9,3837.3,989.8,2258.1,1447.9,4213.3,7427.2,5155.8,1904.8,251.4
2026-08-03 20:15:00,762.5,254.5,1299.8,677.6,794.3,488.6,114.0,180.5,413.0,91.1,613.6,1414.7,2995.7,3415.4,1238.8,1500.0,93.3,58.2,1444.1,1366.0,468.6,604.3,5045.9,5283.1,2495.2,903.1,4556.2,6342.0,2492.0,2688.5,1681.0,2988.6,935.3,3876.4,987.9,2263.8,1440.7,4116.4,7413.0,5117.4,1896.4,246.2
2026-08-03 20:30:00,770.9,262.9,1297.6,677.9,792.4,480.7,114.0,180.5,422.6,88.1,598.8,1405.7,2995.8,3502.1,1270.8,1478.7,92.0,54.4,1446.5,1374.0,482.9,604.2,5045.2,5260.5,2485.3,904.6,4558.8,6328.2,2488.2,2695.4,1681.7,2988.5,936.3,3864.8,984.7,2268.8,1434.5,4069.6,7393.0,5139.3,1900.9,241.7
2026-08-03 20:45:00,768.7,260.7,1286.6,679.9,789.2,478.3,114.0,180.4,420.3,85.7,574.5,1398.1,2991.1,3609.9,1317.7,1479.1,90.8,47.4,1446.8,1397.5,478.5,618.1,5011.8,5232.1,2484.8,906.3,4557.1,6316.3,2490.1,2719.7,1677.8,2986.6,935.5,3852.3,982.3,2275.4,1432.0,4040.4,7366.4,5081.0,1894.8,245.0
2026-08-03 21:00:00,760.7,250.7,1267.3,660.4,777.6,479.1,64.0,150.1,425.7,86.6,563.9,1407.1,2844.6,3849.6,1459.0,1416.7,169.7,51.5,1427.4,1627.1,472.8,611.7,5059.5,5370.7,2465.2,923.0,4422.0,6337.4,2451.2,2618.7,1674.1,3025.4,931.9,3869.1,977.3,2100.8,1432.3,4003.2,7340.6,5101.5,1898.5,173.2
2026-08-03 21:15:00,752.1,242.1,1252.7,661.8,774.8,470.3,64.0,152.2,426.1,83.8,564.5,1401.5,2820.3,3629.0,1504.0,1404.4,169.5,50.9,1403.3,1654.4,465.2,607.5,5103.2,5382.8,2461.5,923.9,4414.3,6318.7,2449.3,2616.0,1674.1,3022.3,930.0,3860.8,972.8,2111.2,1428.3,3984.3,7307.9,5086.3,1900.6,163.8
2026-08-03 21:30:00,740.0,267.0,1219.9,660.4,762.9,460.9,64.0,151.6,428.8,80.7,571.6,1401.8,2801.8,3653.9,1580.6,1398.4,169.3,50.4,1402.3,1686.9,464.6,608.9,5101.4,5342.0,2449.9,924.2,4417.4,6238.6,2446.7,2661.4,1674.4,3022.6,930.0,3799.1,969.4,2119.3,1424.0,3974.9,7278.4,5070.0,1896.4,164.7
2026-08-03 21:45:00,735.9,225.9,1183.8,662.9,747.8,455.5,64.0,156.9,428.1,79.9,581.5,1393.5,2794.6,3744.4,1556.4,1381.8,174.1,40.0,1398.0,1504.6,472.6,621.7,5068.7,5266.9,2448.0,924.7,4409.6,6051.2,2444.9,2670.4,1671.9,3030.5,924.6,3687.8,964.8,2128.4,1417.2,3975.2,7244.9,5021.2,1880.6,165.4
2026-08-03 22:00:00,706.0,268.0,1146.4,618.3,731.4,374.1,82.0,150.0,414.4,128.0,564.6,1407.9,2612.9,3708.4,1406.7,1392.5,216.0,8.4,1069.5,1705.5,436.0,636.6,4973.7,5323.5,2432.5,931.1,4443.5,5938.4,2450.8,2666.0,1662.3,3042.6,924.3,3646.0,961.8,2126.5,1410.1,3903.7,7129.2,4922.8,1841.9,148.1
2026-08-03 22:15:00,708.7,205.7,1114.1,622.1,707.0,378.7,82.0,150.0,414.5,80.5,560.0,1409.1,2609.7,3710.7,1365.5,1389.4,214.1,7.9,1068.5,1719.4,445.6,637.8,4941.7,5276.8,2421.9,892.5,4429.1,5651.6,2449.5,2675.9,1663.6,3065.2,924.7,3488.0,958.8,2135.5,1409.0,3868.7,7069.5,4922.1,1805.8,150.0
2026-08-03 22:30:00,708.9,205.9,1083.3,627.2,687.5,379.1,82.0,150.0,414.1,62.5,570.2,1410.0,2598.8,3724.6,1356.5,1391.8,196.4,17.7,1061.5,1767.3,437.4,636.6,4880.9,5211.2,2398.7,890.3,4425.8,5513.3,2442.8,2649.3,1658.2,3070.6,922.9,3413.7,959.7,2143.4,1421.7,3812.3,7015.0,4920.4,1780.9,153.4
2026-08-03 22:45:00,710.6,207.6,1054.9,631.0,668.1,377.2,82.0,150.0,408.5,62.7,573.8,1411.1,3282.0,3804.8,1262.8,1393.1,196.5,17.6,1055.5,1801.7,436.4,635.7,4823.4,5112.6,2381.7,890.2,4409.0,5465.0,2441.8,2620.2,1655.6,3071.3,916.8,3396.4,960.6,2152.5,1436.3,3789.8,6960.7,4916.1,1760.8,155.7
2026-08-03 23:00:00,699.1,209.8,1013.5,445.7,650.2,226.8,67.2,151.6,389.5,10.6,584.2,1413.3,2321.6,3757.7,1124.6,1302.2,183.9,10.6,1105.1,1621.5,438.2,642.6,4731.8,5180.9,2311.3,875.2,4353.8,5141.9,2431.5,2666.0,1639.2,3219.9,902.3,3359.8,963.5,2148.4,1444.7,3376.5,6852.5,4906.2,1733.5,136.0
2026-08-03 23:15:00,706.2,210.7,994.5,443.5,637.2,216.4,67.3,151.6,376.9,10.8,576.0,1418.4,3207.7,3818.0,1091.0,1307.5,184.8,10.8,1102.2,1596.2,432.6,641.0,4691.0,5122.0,2279.0,871.7,4339.5,5118.7,2428.7,2662.0,1637.3,3219.0,893.2,3339.6,962.8,2155.9,1449.6,3343.0,6798.2,4903.6,1710.7,136.7
2026-08-03 23:30:00,699.2,212.1,976.9,443.1,622.0,208.9,67.2,151.7,372.3,11.4,565.8,1413.8,3584.4,3798.5,1091.5,1310.2,165.7,10.9,1096.8,1616.9,432.2,635.2,4651.5,5055.0,2252.0,870.3,4335.2,4926.5,2418.7,2623.1,1636.6,3211.0,888.8,3336.5,957.3,2165.3,1427.9,3302.6,6697.3,4899.2,1689.7,138.2
2026-08-03 23:45:00,692.4,213.3,960.7,443.0,612.2,212.0,67.3,151.6,367.2,11.8,563.0,1429.8,3596.6,3779.0,1058.8,1310.5,166.6,10.7,1116.0,1557.0,428.7,633.4,4621.1,5023.5,2215.0,866.4,4317.5,4237.2,2411.0,2580.4,1634.4,3127.4,884.2,3319.1,949.8,2170.3,1386.6,3300.0,6642.1,4892.0,1647.6,139.3
2026-08-04 00:00:00,623.6,269.3,961.1,396.4,605.5,227.6,90.9,95.6,301.9,10.7,184.3,1431.0,3317.3,3986.7,1141.8,314.3,192.9,8.5,1090.9,1498.0,410.1,623.3,4761.7,4987.1,2122.7,802.9,4362.2,4796.9,2407.0,2322.5,1591.2,3080.4,915.8,3341.6,932.8,2017.1,1355.8,3642.1,6407.6,4538.3,1504.4,104.2
2026-08-04 00:15:00,619.7,262.9,954.6,396.4,592.2,221.8,90.9,95.6,302.7,10.7,197.3,1430.9,3310.6,3874.5,1123.8,288.4,212.5,8.8,1089.4,1480.7,428.6,618.8,4755.4,4974.6,2096.1,801.8,4354.9,4790.1,2399.5,2316.8,1589.4,3081.2,906.9,3301.6,932.5,2011.5,1358.1,3643.6,6358.8,4533.3,1483.8,104.2
2026-08-04 00:30:00,615.4,244.1,942.5,396.2,583.2,216.8,90.9,95.6,297.1,10.7,184.2,1430.9,3307.2,3297.5,1107.1,287.9,192.2,8.8,1087.1,1483.8,421.6,614.6,4746.1,4918.6,2063.9,799.9,4337.5,4186.9,2388.8,2313.3,1585.3,3103.0,904.0,3402.4,932.0,2005.7,1359.0,3636.6,6312.3,4525.0,1467.7,96.9
2026-08-04 00:45:00,608.6,218.7,929.9,382.1,579.8,206.9,90.9,95.6,297.6,10.7,174.7,1430.9,3325.7,3283.0,1104.4,288.5,191.8,8.8,1088.6,1487.9,421.7,610.1,4734.2,4839.4,2034.7,800.0,4323.4,3620.4,2377.5,2314.8,1585.3,3128.3,894.6,3424.1,928.1,1997.5,1361.7,3624.3,6273.7,4506.9,1447.6,97.2
2026-08-04 01:00:00,605.8,218.4,926.2,365.3,573.3,209.9,157.3,64.4,333.2,3.9,186.0,1431.8,3177.0,3194.8,1072.9,286.2,198.0,5.8,1068.4,1621.7,408.3,611.7,4709.6,4978.5,1977.8,796.8,4300.2,4008.8,2364.1,2399.1,1563.4,3198.3,877.7,3190.8,922.5,1961.4,1354.1,3601.8,6204.9,4447.5,1429.8,85.5
2026-08-04 01:15:00,602.7,214.5,918.8,368.2,569.2,206.8,157.4,64.4,333.5,3.9,173.4,1431.6,3170.0,3190.0,1056.4,281.2,198.7,5.8,1069.1,1610.2,409.4,603.4,4698.3,4949.2,1954.5,795.6,4290.4,3576.1,2358.7,2398.7,1559.2,3210.2,873.2,3261.3,918.6,1957.6,1348.5,3595.9,6171.5,4408.9,1426.3,82.7
2026-08-04 01:30:00,601.2,209.8,914.8,372.0,577.1,206.8,157.3,64.5,334.3,3.9,172.7,1431.8,3178.2,3149.3,1033.9,282.7,199.4,5.9,1066.8,1612.4,408.4,600.1,4678.7,4922.8,1935.2,794.6,4285.0,3548.5,2354.3,2393.9,1558.7,3212.9,865.7,3238.0,914.3,1954.9,1341.6,3589.7,6142.0,4389.0,1425.4,81.8
2026-08-04 01:45:00,603.8,204.3,914.5,374.1,575.6,206.8,157.3,64.4,328.3,3.9,154.4,1431.8,3190.6,3107.1,1028.2,284.8,200.1,6.0,1066.4,1547.0,407.8,598.6,4668.6,4898.2,1909.2,794.4,4276.5,3383.4,2349.9,2393.4,1556.5,3215.8,859.7,3233.0,908.1,1953.6,1331.4,3583.1,6121.8,4384.0,1424.2,79.5
2026-08-04 02:00:00,629.9,202.9,908.1,376.9,562.5,162.6,99.0,55.0,351.8,1.0,157.9,1423.7,3358.9,3067.3,1040.1,288.7,158.0,10.4,1069.9,1433.5,411.4,601.5,4603.5,4918.0,1874.2,821.4,4412.4,3437.7,2345.0,2373.2,1541.2,3107.9,853.5,3151.2,901.2,2006.5,1324.0,3552.6,6202.1,4518.1,1448.6,79.8
2026-08-04 02:15:00,628.1,200.9,902.1,380.7,559.3,161.9,99.0,55.0,328.6,1.0,138.9,1425.2,3354.9,3001.8,1018.2,288.4,158.6,10.5,1068.5,1521.5,409.1,598.5,4598.2,4924.0,1861.9,821.2,4407.2,3433.6,2343.1,2370.3,1539.7,3106.2,847.9,3132.3,896.2,2006.8,1318.1,3556.1,6216.7,4525.3,1454.2,79.3
2026-08-04 02:30:00,622.7,198.8,898.5,382.4,558.2,156.8,99.0,55.0,348.7,1.0,128.5,1428.9,3380.2,2917.7,1017.8,290.1,159.1,10.8,1068.0,1452.1,407.4,596.6,4598.5,4914.6,1852.9,821.3,4405.1,3423.3,2341.6,2366.5,1538.6,3105.8,846.7,3124.1,893.8,2007.7,1315.2,3554.6,6172.8,4484.2,1448.8,77.8
2026-08-04 02:45:00,619.2,196.6,894.0,385.6,561.7,156.8,99.0,55.0,340.2,1.0,131.0,1430.7,3402.5,2890.3,1029.9,289.9,159.7,11.1,1065.2,1462.3,407.5,593.4,4596.1,4898.7,1843.5,821.1,4402.8,3288.4,2340.6,2363.0,1538.0,3105.5,840.1,3138.2,892.7,2008.7,1317.1,3548.9,6158.5,4471.1,1452.9,76.8
2026-08-04 03:00:00,590.8,203.3,885.5,234.7,549.9,157.6,91.5,48.0,345.3,1.0,124.5,1452.0,3365.4,2786.4,1081.9,309.7,195.7,11.0,957.3,1433.6,400.2,599.7,4550.9,4818.8,1820.0,727.4,4159.2,3175.5,2340.1,2344.1,1526.1,3095.6,839.4,3029.2,896.1,2081.2,1294.6,3522.3,6036.8,4396.7,1452.4,76.6
2026-08-04 03:15:00,588.5,202.6,886.7,241.7,550.3,159.6,91.5,48.0,339.0,1.0,130.4,1452.9,3371.9,2723.0,1155.1,310.2,196.2,11.3,970.7,1454.0,396.5,598.2,4546.3,4877.1,1814.0,727.3,4159.2,3365.7,2341.9,2342.4,1528.4,3098.6,837.0,3075.1,896.2,2077.1,1291.3,3540.3,6028.5,4375.4,1448.5,76.7
2026-08-04 03:30:00,587.5,196.2,892.4,244.2,551.0,159.8,91.5,48.0,338.7,1.0,106.9,1454.7,3422.9,2661.7,1137.8,310.3,196.8,11.2,967.2,1482.4,392.8,597.2,4547.4,4888.8,1810.0,727.5,4154.7,3470.0,2337.3,2337.1,1525.6,3098.3,835.8,3137.2,897.9,2069.1,1291.8,3541.6,6015.0,4402.6,1457.6,77.0
2026-08-04 03:45:00,586.2,194.0,893.5,245.3,545.3,160.2,91.5,48.0,338.0,1.0,106.3,1455.4,3430.1,2623.5,1151.7,312.7,197.4,11.4,967.8,1489.0,387.4,597.1,4556.6,4897.4,1807.0,727.4,4153.6,3505.9,2335.6,2330.8,1523.0,3094.5,835.0,3128.8,899.9,2057.3,1290.2,3543.0,6004.2,4379.0,1454.5,77.3
2026-08-04 04:00:00,616.7,184.1,914.8,236.4,546.6,229.5,83.0,55.1,328.9,1.0,109.8,1457.6,3339.1,2496.6,1155.3,328.4,187.3,10.3,941.5,1584.9,379.5,595.2,4550.7,4743.7,1792.4,750.0,4027.7,3715.2,2343.8,2275.3,1515.6,3077.5,837.5,3119.6,900.4,2135.0,1291.6,3668.6,6041.3,4396.4,1462.4,79.1
2026-08-04 04:15:00,615.4,181.9,916.6,237.9,547.1,225.7,83.0,55.1,330.8,1.0,118.3,1458.3,3351.4,2412.7,1158.0,326.0,188.5,10.4,941.2,1610.4,378.0,596.6,4583.1,4755.7,1795.9,749.8,4026.4,3716.9,2344.0,2271.8,1515.3,3120.5,836.7,3126.1,900.5,2124.5,1282.9,3674.7,6002.5,4382.4,1465.1,81.6
2026-08-04 04:30:00,600.7,187.2,928.6,419.9,576.6,219.6,83.1,55.1,329.7,1.0,116.3,1458.1,3377.0,2340.7,1048.6,325.3,189.4,10.4,936.7,1625.9,373.1,597.9,4608.2,4854.2,1792.3,749.9,4024.4,3738.5,2341.8,2277.7,1514.9,3143.5,837.0,3110.9,902.5,2120.1,1279.7,3714.7,6049.4,4220.1,1485.2,77.2
2026-08-04 04:45:00,606.1,181.9,942.9,427.1,577.0,227.0,83.0,55.1,334.7,1.0,126.6,1457.7,3425.6,2290.2,1029.0,330.8,190.5,10.7,927.4,1657.0,364.4,599.9,4614.0,4922.1,1791.9,747.1,4022.0,3981.9,2341.3,2269.0,1516.4,3144.3,837.1,3068.0,903.9,2120.0,1277.8,3692.2,6031.9,4220.5,1493.6,75.9
2026-08-04 05:00:00,630.9,187.0,974.3,456.9,582.1,189.3,84.2,98.6,307.9,4.4,99.2,1460.2,3285.2,2223.6,1047.1,371.9,157.9,24.0,898.6,1551.4,349.2,636.7,4846.2,4602.9,1808.0,754.0,4156.0,4190.7,2349.5,2268.6,1520.9,3030.1,839.4,3153.7,905.4,2405.6,1277.9,4217.7,6065.2,4256.7,1468.7,111.9
2026-08-04 05:15:00,625.2,191.3,999.5,459.7,590.5,210.9,84.1,98.7,317.2,4.4,115.9,1458.5,3267.2,2183.6,1057.9,373.1,158.7,15.8,902.9,1563.3,352.2,641.8,4883.2,4686.8,1826.8,754.0,4162.4,4514.6,2354.6,2262.6,1525.5,3040.0,843.2,3120.6,908.6,2399.6,1280.9,4232.0,6072.8,4283.5,1486.6,114.3
2026-08-04 05:30:00,641.9,192.9,1012.8,464.3,597.2,240.2,84.1,98.7,327.0,4.4,124.2,1456.9,3167.8,2134.7,1130.7,527.6,159.5,17.1,906.3,1579.3,351.4,642.2,4896.8,4802.9,1842.0,753.8,4177.6,5083.2,2359.6,2254.9,1526.6,3046.4,847.8,3032.3,911.5,2382.9,1288.9,4221.2,6097.0,4309.8,1490.2,115.1
2026-08-04 05:45:00,642.9,203.0,1016.7,471.3,612.8,284.3,84.1,98.8,330.2,4.4,125.9,1455.7,2955.8,2120.5,1123.7,559.6,160.4,30.8,910.5,1634.5,351.9,652.2,4910.8,4889.2,1868.0,754.1,4188.6,5096.6,2370.5,2252.0,1531.7,3062.6,854.9,3081.9,916.6,2356.0,1300.9,4232.3,6145.4,4367.1,1522.9,115.5
2026-08-04 06:00:00,652.8,238.0,1031.1,489.3,644.3,415.8,50.5,53.9,332.0,19.4,136.4,1447.2,3116.3,2236.3,1224.3,585.1,182.5,40.1,947.8,1650.6,376.0,671.2,4906.4,4534.1,1965.1,756.9,4354.9,5158.3,2414.1,2392.5,1567.7,3074.3,864.8,3385.2,921.3,2750.2,1323.5,4437.4,6371.0,4335.3,1595.5,153.1
2026-08-04 06:15:00,667.3,239.7,1025.7,532.5,655.8,492.1,49.1,54.2,331.7,19.4,137.7,1447.7,3050.6,2599.6,1238.6,599.6,183.2,43.1,954.9,1676.9,373.6,675.3,4932.2,4599.3,2008.3,752.3,4372.8,5210.8,2431.6,2376.2,1571.1,3090.6,875.6,3428.6,930.1,2704.9,1336.4,4444.6,6420.2,4416.1,1626.7,162.1
2026-08-04 06:30:00,658.3,262.0,1001.0,536.2,666.1,562.2,48.9,54.6,337.2,19.4,151.9,1452.1,3075.5,2917.7,1216.5,603.6,204.1,45.7,960.9,1705.4,373.3,681.5,4913.5,4732.7,2041.0,753.1,4393.5,5250.0,2441.6,2385.6,1577.5,3113.0,885.7,3453.4,935.5,2656.4,1347.8,4439.6,6501.4,4420.2,1654.4,165.7
2026-08-04 06:45:00,647.0,331.0,959.8,499.9,667.3,610.6,49.6,55.2,341.4,19.8,152.3,1450.9,2639.4,2517.4,1213.5,613.2,205.0,48.8,968.4,1715.2,373.8,685.2,4941.4,4768.7,2088.3,753.2,4402.5,5278.8,2459.6,2429.0,1583.6,3129.4,893.6,3470.4,938.2,2602.5,1348.9,4452.6,6567.3,4457.9,1691.3,169.7
2026-08-04 07:00:00,680.2,326.2,946.3,305.7,677.9,674.5,49.7,68.8,346.7,22.0,175.6,1426.9,2794.8,2202.8,1224.1,664.7,118.6,68.3,1043.2,1833.3,389.1,691.4,4996.1,5013.3,2181.0,752.1,4490.8,5405.5,2527.8,2495.5,1628.1,3060.7,907.8,3516.7,932.1,2974.5,1352.3,4381.2,6764.2,4425.1,1741.8,155.0
2026-08-04 07:15:00,678.1,344.2,915.3,301.1,696.4,739.3,51.5,74.9,338.1,22.3,186.6,1422.5,2808.1,2179.2,1218.3,678.3,144.2,73.4,1046.8,1832.3,388.7,681.6,5019.8,5067.6,2214.1,738.6,4495.1,5432.8,2544.5,2525.6,1634.9,3072.2,915.8,3539.2,934.1,2934.0,1350.7,4440.6,6817.0,4378.9,1764.3,162.1
2026-08-04 07:30:00,671.4,372.1,874.7,328.7,688.5,837.8,51.5,74.4,326.7,22.5,196.1,1430.5,2907.2,2096.3,1261.4,742.4,164.8,70.0,1049.8,1860.2,387.0,686.9,5042.8,4964.7,2243.3,753.7,4502.0,5461.7,2554.7,2466.3,1641.6,3096.3,926.7,3583.7,937.0,2905.5,1354.3,4300.0,6822.7,4529.8,1768.3,170.1
2026-08-04 07:45:00,662.2,403.5,840.5,334.4,690.0,891.2,51.5,73.5,316.6,22.8,209.0,1430.3,3401.5,2158.9,1393.0,904.0,170.4,39.8,1087.2,1870.4,392.5,681.6,5050.7,5060.0,2273.3,754.4,4496.2,5474.5,2570.7,2467.3,1656.2,3118.7,930.6,3605.2,941.7,2889.0,1372.3,4283.0,6886.7,4462.3,1787.5,177.2
2026-08-04 08:00:00,654.6,422.4,788.5,381.6,704.8,818.1,52.1,29.8,310.7,19.1,242.2,1380.0,3726.7,2925.1,1739.1,1057.0,234.8,19.6,1104.9,1890.6,406.9,688.2,5016.3,5083.3,2329.4,584.2,4534.3,5725.0,2622.3,2388.2,1674.2,3099.4,949.2,3716.8,938.6,2802.9,1395.8,4183.4,6860.4,4591.8,1777.5,182.2
2026-08-04 08:15:00,673.3,450.5,750.8,359.5,714.3,868.2,52.0,30.7,298.4,24.7,245.7,1378.6,3733.3,2265.2,1810.9,1184.2,235.7,19.3,1108.7,1882.2,406.3,677.0,5019.2,5143.9,2347.1,585.3,4528.4,5728.1,2630.3,2387.1,1677.7,3106.0,950.2,3728.7,940.5,2799.0,1411.2,4167.4,6882.4,4580.2,1785.3,160.4
2026-08-04 08:30:00,660.8,478.8,707.6,344.5,727.2,900.4,52.0,31.5,286.6,29.7,252.2,1387.3,4273.6,2100.6,1840.7,1296.5,236.6,19.0,1107.4,1902.7,403.6,678.5,5015.9,5181.9,2354.3,586.6,4520.0,5610.3,2632.1,2387.5,1680.9,3109.3,951.3,3727.0,944.5,2791.8,1417.5,4149.2,6902.7,4469.8,1779.8,178.9
2026-08-04 08:45:00,652.3,503.0,661.2,351.3,729.5,899.6,52.1,32.4,271.3,35.2,255.1,1401.0,4290.4,2091.1,1795.2,1320.6,217.5,18.7,1142.3,1915.9,413.8,688.1,5027.3,5151.3,2370.0,587.4,4518.0,4941.4,2640.6,2419.1,1683.6,3115.2,954.0,3718.7,950.5,2781.3,1415.2,4123.7,6908.5,4442.9,1777.4,177.7
2026-08-04 09:00:00,715.1,535.9,656.3,363.1,746.9,956.1,88.4,10.0,283.1,41.2,222.8,1420.1,4444.6,2436.5,1656.4,1367.8,47.8,140.9,1211.7,2133.9,409.7,720.1,5045.7,5139.4,2416.2,569.2,4465.1,5336.8,2667.7,2427.2,1661.9,3057.5,952.5,3391.5,960.3,2514.8,1401.9,4191.3,6854.9,4479.1,1743.8,169.2
2026-08-04 09:15:00,698.8,552.4,634.0,389.4,757.4,1000.0,82.6,10.7,255.6,45.5,233.6,1432.4,4451.3,2370.6,1598.9,1282.5,42.7,140.9,1217.7,2053.5,412.2,710.5,5061.7,5082.7,2430.3,570.3,4454.0,4687.7,2671.6,2380.7,1664.9,3066.4,948.9,3394.8,962.6,2516.1,1388.4,4133.2,6833.0,4469.1,1758.0,170.9
2026-08-04 09:30:00,689.2,563.8,613.4,410.4,757.5,964.6,78.5,11.5,232.7,44.2,250.7,1448.5,4459.6,2315.7,1595.2,957.5,42.7,178.9,1231.3,2166.4,418.6,705.1,5063.5,5001.2,2443.4,571.6,4447.7,4034.2,2672.8,2366.8,1664.4,3070.4,950.6,3389.1,963.2,2520.1,1372.4,4090.8,6821.8,4479.0,1749.3,177.2
2026-08-04 09:45:00,684.1,580.7,589.7,439.6,756.3,996.7,62.4,12.2,203.8,50.8,238.3,1462.7,5022.0,2269.7,1557.5,733.5,42.7,173.8,1306.4,2143.6,484.6,463.9,5068.3,4839.6,2450.2,572.5,4441.2,3373.6,2678.7,2360.6,1667.3,3095.0,944.7,3373.4,963.2,2516.0,1359.1,4018.9,6803.5,4493.0,1741.3,188.1
2026-08-04 10:00:00,672.0,616.3,599.1,507.4,759.7,1078.7,111.6,12.2,200.4,71.8,222.1,1540.0,4384.2,2617.4,1534.5,736.0,24.7,192.7,1376.3,2358.8,432.2,688.3,5109.0,5036.7,2478.4,634.1,4625.6,3315.2,2706.4,2127.3,1652.9,2977.6,938.2,3237.6,960.7,2273.8,1344.6,3991.8,6804.8,4523.7,1732.6,204.8
2026-08-04 10:15:00,663.3,620.4,578.3,529.4,760.0,1041.8,113.8,12.6,182.2,77.5,218.1,1543.1,4444.5,2584.2,1483.0,716.2,24.6,190.1,1400.3,2257.9,513.0,437.7,5117.3,5008.9,2491.0,636.3,4720.1,2918.1,2709.1,2090.3,1658.2,2991.3,959.3,3129.2,959.6,2274.3,1336.7,3976.2,6787.5,4536.9,1724.6,215.8
2026-08-04 10:30:00,597.5,629.1,781.0,553.7,757.3,1052.5,119.0,12.8,168.3,72.2,218.4,1570.9,5266.4,2558.3,1457.1,766.5,4.4,200.6,1400.3,2293.8,502.0,447.0,5117.8,5032.4,2506.5,644.6,4742.1,2842.4,2704.8,2035.9,1654.8,2958.5,964.8,2613.7,960.5,2275.5,1335.0,3974.9,6777.7,4552.3,1714.1,223.7
2026-08-04 10:45:00,589.1,637.8,761.9,576.9,752.0,1055.0,119.0,13.1,158.0,75.7,218.2,1591.8,6095.8,2540.5,1410.4,773.5,24.2,197.8,1466.5,2130.1,501.7,456.0,5109.3,4975.1,2506.2,638.6,4743.0,2774.2,2711.2,2003.1,1654.0,2968.4,958.6,2230.9,962.9,2277.4,1343.8,3950.4,6778.2,4563.1,1699.6,233.6
2026-08-04 11:00:00,590.6,650.1,938.1,595.3,727.1,1080.2,171.4,11.7,164.1,119.1,209.1,1624.8,6385.1,2773.0,1356.8,860.1,26.3,205.9,1310.3,2121.9,500.6,461.3,5136.7,5169.1,2524.1,637.5,4882.3,3083.9,2710.4,1995.9,1692.5,2823.3,938.3,2091.7,965.9,2066.5,1351.2,3963.3,6747.1,4591.1,1679.5,257.6
2026-08-04 11:15:00,590.5,650.7,919.9,615.8,721.6,1070.4,171.3,11.8,153.4,101.5,210.7,1636.0,6394.2,2763.7,1319.3,856.9,26.3,214.6,1308.4,2004.6,502.4,465.9,5132.0,5128.3,2528.6,637.9,4885.9,2834.8,2722.5,2004.0,1691.5,2842.2,931.8,1943.6,967.7,2071.5,1356.9,3965.6,6742.9,4600.2,1661.5,265.4
2026-08-04 11:30:00,573.0,654.0,1126.7,635.3,722.7,1118.7,171.6,11.8,149.9,104.8,218.5,1656.1,6431.1,2713.3,1285.0,883.6,26.3,187.7,1298.3,2022.5,507.2,468.8,5122.2,5139.2,2528.6,636.8,4881.4,2735.9,2717.8,2032.5,1692.3,2828.5,931.7,1848.0,967.9,2078.7,1359.3,3982.6,6729.3,4609.9,1642.5,272.9
2026-08-04 11:45:00,575.5,655.6,1123.7,648.6,729.1,1059.0,170.9,11.8,151.9,107.0,214.6,1680.4,6450.4,2700.0,1253.7,904.7,26.3,165.6,1287.6,2035.1,506.0,480.8,5107.4,5116.7,2529.8,636.2,4890.1,2742.8,2718.6,2040.3,1694.3,2826.0,935.0,1845.1,967.0,2086.1,1356.9,3982.6,6727.1,4613.2,1629.6,279.2
2026-08-04 12:00:00,584.9,657.1,1102.1,654.8,735.3,980.3,160.4,11.9,176.1,108.5,227.8,1700.9,6278.6,2963.1,1302.4,971.1,184.9,28.3,1494.7,1975.5,506.9,493.6,5170.5,5196.2,2554.6,631.0,4838.7,2691.0,2751.3,2059.1,1688.6,2790.7,937.2,1831.1,973.4,1997.0,1371.0,4010.6,6727.8,4646.9,1619.0,283.1
2026-08-04 12:15:00,577.8,656.6,1106.2,653.0,739.9,997.7,160.4,12.0,177.2,123.2,224.8,1709.5,6307.6,2927.8,1282.1,937.4,204.9,25.1,1490.7,1973.4,499.4,493.4,5161.6,5227.2,2556.6,625.0,4835.8,2696.7,2749.4,1983.5,1688.1,2692.0,942.0,1692.7,974.6,2004.1,1366.1,4022.1,6720.1,4647.8,1616.1,287.0
2026-08-04 12:30:00,578.7,656.5,1107.7,646.4,739.3,1068.4,173.0,12.2,176.8,146.7,228.9,1732.1,6371.4,2845.6,1258.9,969.1,184.8,22.6,1490.4,1977.5,492.2,501.2,5206.7,5169.4,2562.4,625.0,4832.0,2703.2,2743.5,1965.7,1687.8,2712.8,942.3,1660.7,974.2,2010.2,1362.5,4020.4,6717.1,4637.0,1606.8,288.0
2026-08-04 12:45:00,582.6,653.5,1111.8,634.7,738.0,1092.0,173.6,12.3,177.6,173.7,235.9,1762.9,6381.4,2806.5,1248.4,955.8,184.8,22.5,1492.2,1986.2,483.7,514.8,5189.8,5147.3,2561.0,624.6,4830.4,2710.3,2746.1,1956.0,1693.3,2706.1,938.0,1653.6,973.8,2014.6,1360.0,4020.3,6733.3,4633.9,1604.0,292.2
2026-08-04 13:00:00,569.9,650.3,1091.2,625.0,734.9,1086.4,201.3,19.3,168.3,139.1,309.7,1815.0,6448.0,2976.3,1259.3,1017.9,201.9,13.5,1421.3,1949.4,475.5,526.4,5224.5,5268.4,2546.2,662.0,4836.1,2805.4,2783.9,1815.1,1689.5,2674.0,938.7,1683.7,970.9,1940.6,1357.5,4056.1,6906.0,4742.7,1610.7,298.1
2026-08-04 13:15:00,574.8,646.7,1101.9,608.8,736.6,1091.1,200.2,19.3,168.7,151.4,307.5,1815.3,6460.5,3008.1,1261.0,1019.9,181.8,14.6,1425.6,1925.7,474.2,536.8,5219.1,5284.9,2550.4,661.6,4837.4,2812.1,2785.3,1809.4,1688.1,2654.9,939.2,1682.9,970.4,1944.3,1354.3,4061.9,6911.3,4739.9,1605.8,300.9
2026-08-04 13:30:00,574.0,641.5,1107.4,583.9,736.2,1081.5,200.8,19.2,169.9,131.4,302.7,1816.6,6460.0,3018.2,1266.7,1016.6,181.7,10.0,1419.8,1890.4,482.2,546.5,5214.1,5315.7,2553.4,661.5,4830.6,2813.2,2785.2,1803.1,1692.0,2631.1,942.1,1681.9,967.4,1949.3,1348.1,4066.2,6923.7,4737.3,1591.2,302.8
2026-08-04 13:45:00,599.7,637.3,1128.6,561.1,733.6,1072.4,201.1,19.2,171.5,119.1,302.7,1822.7,6458.6,3035.7,1272.3,1005.3,184.0,10.0,1417.7,1865.9,475.5,555.0,5209.0,5370.0,2553.5,664.8,4820.9,2794.8,2786.8,1803.4,1694.8,2611.6,939.1,1681.8,964.8,1956.1,1342.6,4075.7,6925.9,4736.5,1583.1,300.8
2026-08-04 14:00:00,640.8,630.7,1125.0,541.1,728.0,1040.8,145.9,19.6,153.1,175.7,312.7,1831.4,6380.7,2923.3,1284.4,1030.9,73.3,120.7,1365.8,1854.5,439.6,574.4,5224.1,5431.3,2562.9,638.9,4774.5,2838.4,2820.7,1936.2,1685.3,2569.3,945.8,1679.0,959.2,2025.7,1334.1,4077.5,6988.2,4744.7,1548.1,310.4
2026-08-04 14:15:00,681.3,622.5,1147.1,525.5,733.4,1025.4,142.0,19.5,153.5,165.0,312.0,1831.8,6362.9,2926.5,1308.9,1034.4,72.9,118.4,1363.7,1839.3,437.2,579.5,5223.5,5491.2,2566.5,637.7,4775.4,2855.0,2821.6,1949.6,1687.2,2567.5,942.7,1679.4,954.5,2032.3,1333.1,4082.7,7002.7,4737.1,1521.1,317.5
2026-08-04 14:30:00,674.8,611.7,949.3,513.1,734.2,999.3,133.1,19.4,154.9,122.6,301.0,1827.7,6327.3,2911.5,1325.1,1038.4,100.2,111.5,1360.0,1807.8,433.9,579.5,5235.6,5338.7,2569.4,638.6,4772.4,2858.2,2819.2,1928.0,1680.7,2614.4,941.2,1683.2,954.0,2037.8,1337.7,4057.1,6995.3,4715.7,1516.5,314.9
2026-08-04 14:45:00,626.0,602.0,962.7,495.5,727.4,957.1,138.8,19.3,156.6,99.4,296.0,1849.2,6323.4,2894.0,1358.0,1003.8,99.9,111.4,1357.5,1785.7,432.2,577.9,5236.2,5382.5,2579.0,637.9,4779.6,2860.7,2821.3,1930.7,1683.6,2586.1,945.1,1693.2,956.0,2042.2,1350.0,4064.5,6992.1,4706.7,1505.1,314.8
2026-08-04 15:00:00,680.9,586.2,754.0,492.0,721.5,889.2,145.6,20.1,130.3,146.7,203.8,1896.6,6009.3,2936.3,1401.1,1068.0,246.3,13.2,1228.5,1742.5,410.7,577.1,5198.5,5323.0,2573.0,642.5,4797.3,2261.7,2842.8,2112.1,1690.6,2917.5,941.9,1991.9,959.1,1846.3,1366.6,3963.1,6893.5,4578.2,1492.0,320.6
2026-08-04 15:15:00,682.8,570.1,771.6,465.2,734.2,899.1,144.0,19.8,132.1,136.1,207.2,1887.3,5952.7,2981.9,1423.5,1075.9,225.7,13.4,1215.2,1713.5,405.3,580.5,5199.7,5346.9,2584.3,641.8,4782.8,2373.3,2844.0,2121.0,1691.9,2914.2,947.0,1977.3,962.0,1856.3,1371.9,3970.5,6904.8,4596.2,1486.6,318.5
2026-08-04 15:30:00,684.8,542.8,570.3,435.9,749.7,846.4,142.0,19.6,137.6,121.8,201.9,1882.7,5818.3,3066.6,1468.1,1066.3,245.0,13.4,1215.6,1691.6,405.9,589.2,5193.7,5345.2,2598.3,641.5,4782.8,2519.0,2838.4,2081.6,1692.4,2921.7,948.7,2121.2,963.4,1869.8,1378.0,3955.0,6919.8,4559.4,1489.6,316.3
2026-08-04 15:45:00,660.3,525.1,589.4,403.8,751.6,824.5,142.0,19.2,142.8,107.6,205.5,1866.5,5812.0,3401.0,1518.7,1050.5,224.5,12.6,1224.1,1848.4,406.8,596.0,5179.8,5359.2,2615.6,647.0,4597.1,2635.9,2844.5,2050.5,1689.4,2915.4,949.0,2378.4,966.6,1888.5,1369.5,3956.8,6932.2,4636.5,1476.3,319.4
2026-08-04 16:00:00,686.4,505.6,610.8,370.2,756.0,840.8,149.3,30.9,175.2,108.0,221.5,1762.9,5981.0,3012.8,1510.1,1076.8,292.9,23.3,1266.0,1888.8,413.4,615.8,5095.1,5277.2,2608.5,584.8,4230.1,2567.3,2858.8,2192.0,1686.6,2834.5,975.1,2469.6,968.0,2088.9,1319.9,4010.9,6985.7,4491.9,1499.6,315.7
2026-08-04 16:15:00,698.9,485.8,636.9,326.7,757.4,794.3,149.1,30.4,178.2,78.3,218.2,1758.4,5792.8,3550.4,1531.4,1046.7,294.2,16.5,1239.6,1852.6,410.6,620.0,5105.9,5362.1,2624.5,585.0,4105.5,2711.1,2857.4,2184.8,1682.3,2808.2,983.4,2712.6,969.4,2094.0,1315.2,4065.0,6979.2,4492.2,1502.2,312.0
2026-08-04 16:30:00,689.9,471.0,689.1,299.6,754.2,775.8,149.0,29.8,184.2,66.4,223.9,1745.6,4307.1,3031.0,1596.8,1010.2,290.3,14.4,1256.1,1813.3,413.8,623.8,5122.8,5453.3,2618.5,577.0,4005.5,3128.9,2851.8,2156.5,1679.5,2798.8,971.1,2863.3,970.5,2098.9,1329.2,4096.9,7014.0,4566.0,1511.7,311.2
2026-08-04 16:45:00,701.8,445.9,745.2,276.4,768.6,721.2,149.0,29.2,185.6,114.0,226.0,1734.9,4252.7,3022.1,1658.5,1022.5,246.7,23.2,1254.6,1861.1,408.9,976.3,5121.5,5650.5,2623.2,575.0,4003.1,3586.3,2851.1,2149.0,1681.6,2761.4,954.6,3166.5,974.1,2098.7,1352.7,4120.7,7081.1,4551.1,1535.0,304.4
2026-08-04 17:00:00,698.3,427.2,798.3,248.2,790.8,686.0,134.0,81.2,208.9,107.9,229.0,1693.1,4262.8,2556.9,1768.8,1186.8,309.9,10.3,1256.2,1776.7,420.3,979.8,5085.7,5236.0,2601.7,548.0,3952.5,3468.5,2860.8,2129.2,1672.9,2915.5,970.7,3403.3,990.9,2874.8,1392.1,4042.8,7180.7,4440.2,1591.9,343.4
2026-08-04 17:15:00,696.1,398.4,847.0,226.1,790.1,657.1,134.0,80.1,211.7,98.8,226.3,1678.8,4231.0,2514.3,1811.8,1418.8,308.9,11.3,1165.7,1731.7,423.0,989.9,5100.5,5393.7,2608.7,622.8,3958.1,4073.1,2860.4,2197.2,1673.6,2939.9,968.0,3366.4,991.9,2873.8,1419.2,4132.4,7239.3,4481.4,1614.4,331.9
2026-08-04 17:30:00,692.8,374.0,927.6,222.7,792.3,600.0,134.0,79.3,218.6,82.4,238.1,1656.0,3615.9,2532.3,1800.0,1720.0,288.0,16.5,1159.0,1677.0,427.8,1010.8,5122.6,5573.7,2606.9,622.5,4017.5,4828.0,2854.8,2181.4,1674.2,2921.9,971.4,3402.1,990.6,2859.2,1430.6,4183.6,7279.2,4534.9,1640.2,331.9
2026-08-04 17:45:00,701.4,359.1,998.2,214.7,791.6,528.2,134.0,78.3,226.8,63.3,235.6,1638.2,2728.2,2477.0,1845.4,1800.8,287.1,17.8,1169.3,1709.2,429.7,1013.7,5122.8,5668.4,2607.4,622.0,4032.5,5133.2,2855.3,2259.0,1672.9,2900.8,976.4,3413.5,991.3,2833.5,1421.0,4278.9,7325.8,4544.1,1657.2,321.8
2026-08-04 18:00:00,701.6,293.8,1056.8,417.0,792.5,586.1,91.9,114.4,236.7,56.6,293.3,1613.8,3450.7,2321.9,1922.1,1837.4,137.6,54.1,1289.0,1606.6,459.6,1011.0,5209.3,5592.6,2595.4,686.8,4285.0,5493.3,2858.1,2243.6,1674.5,2982.5,973.4,3689.2,985.9,3031.1,1453.2,4254.4,7354.2,4605.1,1651.7,331.6
2026-08-04 18:15:00,708.0,308.2,1126.7,430.3,789.9,549.2,91.9,113.5,237.8,42.6,298.1,1593.5,2852.3,2219.4,1780.1,1613.3,121.6,65.0,1226.5,1558.2,466.4,1006.7,5222.3,5613.5,2592.7,686.4,4284.3,5677.2,2857.6,2247.9,1668.6,2971.7,967.7,3690.0,984.0,2995.6,1444.8,4235.8,7376.7,4773.4,1664.4,326.3
2026-08-04 18:30:00,718.1,310.0,1188.2,435.0,792.4,512.6,91.9,112.8,255.2,32.9,315.8,1565.5,2715.4,2046.5,1688.1,1384.0,121.7,74.5,1219.9,1515.0,458.1,1003.6,5241.1,5584.0,2598.0,687.1,4289.5,5681.5,2849.7,2248.7,1665.5,2972.3,972.4,3694.1,981.3,2969.9,1439.5,4285.6,7401.6,4904.2,1668.4,376.2
2026-08-04 18:45:00,744.4,228.1,1220.2,630.5,791.5,448.1,91.9,112.2,279.1,27.2,323.3,1538.8,2712.9,1930.4,1583.2,1236.8,171.2,58.9,1232.0,1580.1,447.4,1040.1,5246.7,5547.2,2598.9,686.6,4286.5,5747.9,2850.0,2259.2,1665.7,2981.6,965.5,3726.4,976.5,2952.5,1426.1,4315.2,7412.5,4882.7,1685.8,327.4
2026-08-04 19:00:00,725.3,326.7,1265.3,427.8,796.9,502.0,126.6,88.5,296.2,26.2,377.9,1475.8,2656.8,1960.2,1688.5,1328.6,160.2,54.7,1269.0,1598.5,479.2,951.9,5241.7,5465.7,2585.7,698.3,4611.1,6284.3,2846.1,2245.5,1671.3,3096.5,967.4,4125.9,973.6,2897.6,1436.2,4167.7,7445.8,4924.3,1720.3,308.7
2026-08-04 19:15:00,724.3,343.6,1285.1,432.2,796.6,499.2,119.8,88.6,321.2,20.8,371.0,1449.0,2625.3,1978.0,1870.9,1421.3,159.1,56.7,1224.8,1573.2,471.7,949.7,5251.2,5441.7,2582.0,699.2,4612.0,6280.4,2845.5,2250.9,1662.9,3088.1,967.6,4121.1,969.9,2894.4,1435.2,4200.8,7442.1,4950.1,1726.3,306.0
2026-08-04 19:30:00,747.8,222.8,1312.0,636.8,802.6,471.8,119.0,103.2,342.6,15.3,377.2,1424.5,2597.9,2057.1,1831.2,1424.2,158.1,57.6,1220.3,1575.1,455.4,949.2,5245.8,5420.2,2573.3,699.5,4608.6,6269.1,2841.7,2253.1,1666.3,3092.5,966.6,4113.1,968.5,2895.6,1433.2,4217.3,7423.8,4945.3,1735.8,306.5
2026-08-04 19:45:00,752.1,227.1,1319.5,643.1,809.7,480.1,113.5,102.8,362.3,9.8,375.1,1403.6,2586.2,2181.7,1853.8,1406.7,157.0,60.5,1202.8,1590.2,456.9,1035.6,5236.7,5394.8,2568.5,700.1,4599.6,6259.4,2843.0,2255.4,1663.4,3088.9,966.1,4110.5,966.8,2902.9,1431.3,4211.2,7414.3,4916.8,1736.9,311.4
2026-08-04 20:00:00,738.4,341.0,1317.3,443.5,805.1,569.5,56.8,109.3,378.4,5.1,365.6,1524.9,2555.6,2149.6,1647.9,1476.8,184.9,60.6,1191.7,1540.2,469.2,945.6,5181.7,5274.2,2556.0,694.9,4559.8,6059.2,2836.7,2210.6,1664.3,3130.1,964.5,3989.4,961.8,2879.2,1428.8,4210.8,7360.1,5120.3,1693.5,374.7
2026-08-04 20:15:00,751.5,336.7,1320.7,453.7,805.2,562.8,56.7,102.6,386.4,4.7,354.2,1525.0,2539.9,2140.6,1632.2,1449.8,183.5,61.4,1193.2,1537.2,472.2,975.6,5161.4,5259.8,2552.8,694.0,4551.9,6039.1,2834.8,2209.8,1664.7,3133.6,961.1,3977.8,961.8,2888.9,1427.2,4172.8,7343.2,5135.1,1683.3,377.9
2026-08-04 20:30:00,751.4,329.6,1309.0,465.0,803.3,563.1,62.9,109.2,393.8,4.4,345.0,1510.2,2530.5,2191.5,1638.8,1435.4,182.0,50.4,1191.8,1529.3,474.9,970.4,5141.8,5247.1,2540.0,694.4,4549.2,6039.5,2832.5,2169.6,1668.9,3137.7,965.1,3990.9,960.8,2897.7,1426.9,4126.0,7315.4,5140.2,1685.2,330.7
2026-08-04 20:45:00,747.3,308.5,1304.5,474.6,803.3,541.0,62.6,109.1,396.3,5.1,347.9,1501.1,2538.6,2204.7,1605.1,1441.6,181.5,48.6,1192.2,1515.4,478.4,901.4,5132.8,5195.6,2536.6,693.3,4547.5,6022.3,2831.2,2158.6,1667.1,3134.8,962.0,3980.2,961.4,2907.5,1429.4,4106.9,7283.1,5179.0,1689.5,335.7
2026-08-04 21:00:00,754.8,346.4,1283.2,481.3,793.5,568.9,77.0,123.8,404.6,24.0,350.9,1415.5,2420.4,2269.2,1698.4,1434.9,190.7,66.4,1184.4,1387.7,481.9,867.4,5159.5,5152.0,2505.7,695.8,4490.1,5698.4,2828.8,2195.1,1661.7,3161.8,956.5,3871.5,961.6,2925.7,1358.1,4162.7,7243.6,5105.5,1689.7,377.0
2026-08-04 21:15:00,747.5,337.0,1264.8,494.4,791.8,565.9,77.0,123.5,398.1,23.9,346.2,1409.1,2440.3,2090.2,1672.1,1408.1,191.7,64.9,1158.2,1377.0,503.6,851.7,5191.5,5172.6,2495.9,696.1,4479.2,5644.2,2828.4,2196.5,1659.8,3157.6,951.6,3839.8,962.3,2935.4,1359.8,4147.2,7205.0,5118.5,1679.2,347.9
2026-08-04 21:30:00,753.5,337.5,1233.0,503.7,780.6,561.5,77.0,111.6,382.7,52.4,348.1,1408.9,2435.5,2041.8,1699.0,1398.7,247.7,63.4,1153.4,1368.2,510.6,830.6,5181.9,5188.5,2478.7,695.5,4479.0,5564.0,2822.9,2190.1,1660.2,3156.0,947.6,3787.1,962.1,2946.8,1361.0,4099.9,7165.5,5133.9,1676.6,354.7
2026-08-04 21:45:00,748.8,300.0,1196.3,512.8,765.1,539.9,77.1,111.5,381.6,60.9,349.0,1394.3,2433.0,2002.6,1711.9,1395.5,258.7,51.9,1146.5,1387.6,509.0,819.7,5163.3,5158.3,2473.4,695.5,4467.2,5530.8,2820.8,2196.8,1659.2,3151.7,942.6,3766.3,962.1,2958.0,1358.9,4093.5,7166.7,5130.0,1666.1,360.9
2026-08-04 22:00:00,725.6,181.8,1148.3,711.7,739.0,268.1,78.7,107.0,377.9,7.8,309.1,1405.6,2357.1,1983.5,1618.6,1380.4,212.5,27.0,1076.7,1239.9,438.8,866.1,5040.2,5126.8,2455.7,690.8,4429.4,5567.2,2803.5,2333.4,1639.8,3135.2,943.1,3734.9,958.3,2996.7,1438.2,4152.9,6994.6,4870.7,1645.2,355.0
2026-08-04 22:15:00,711.4,187.8,1111.4,557.6,719.9,276.8,78.7,107.0,355.8,37.2,302.4,1405.2,2420.7,1885.3,1608.4,1367.6,211.5,25.6,1073.0,1220.2,444.7,834.4,4994.7,5096.5,2439.5,691.2,4417.8,5548.3,2800.4,2315.2,1636.6,3126.3,937.5,3728.0,957.4,3009.9,1436.2,4080.6,6930.2,4853.1,1619.9,359.4
2026-08-04 22:30:00,701.9,223.3,1066.8,374.3,697.1,296.8,78.8,107.0,365.4,7.8,307.1,1406.1,2483.4,1933.6,1628.5,1386.6,215.5,24.6,1061.3,1216.6,437.0,838.1,4960.4,5039.4,2415.0,691.9,4409.3,5518.2,2795.3,2331.0,1632.3,3119.4,929.7,3701.2,957.0,3021.1,1429.2,4066.9,6865.4,4755.6,1599.7,367.0
2026-08-04 22:45:00,688.1,212.9,1039.8,378.6,681.5,290.9,78.8,107.0,359.1,7.8,305.3,1404.7,2488.1,2030.6,1607.9,1375.7,214.5,24.1,1051.6,1219.0,433.9,829.2,4909.0,4898.9,2390.2,692.1,4386.3,5475.5,2794.7,2334.7,1629.2,3119.4,925.5,3688.0,953.9,3031.4,1423.6,4028.7,6789.3,4698.3,1580.0,362.6
2026-08-04 23:00:00,681.1,211.6,1003.9,355.9,659.3,229.8,35.4,131.0,353.8,3.0,303.0,1446.8,2416.6,1997.4,1522.2,1268.1,187.0,15.5,1075.7,1192.9,446.4,893.8,4759.6,5287.0,2317.7,688.3,4299.5,5330.1,2738.5,2387.2,1613.5,3169.4,910.9,3534.7,967.0,2429.5,1415.8,3937.2,6638.2,4726.2,1538.2,325.0
2026-08-04 23:15:00,673.6,188.2,983.8,358.8,644.4,228.8,35.4,131.0,349.6,3.0,298.1,1447.2,2437.4,2036.6,1494.3,1255.3,186.7,15.2,1068.6,1193.8,437.4,876.4,4743.6,5169.0,2279.8,688.8,4279.8,5288.9,2732.1,2371.1,1609.6,3188.1,902.2,3515.9,961.2,2432.1,1402.2,3865.5,6566.7,4732.7,1508.6,331.2
2026-08-04 23:30:00,663.9,170.6,959.4,342.5,632.8,217.0,35.5,131.0,341.8,3.0,286.3,1447.4,2504.4,2074.9,1503.3,1257.1,166.4,25.1,1069.1,1208.4,439.4,872.9,4704.6,4969.2,2249.8,690.6,4270.4,5260.4,2720.3,2362.2,1608.0,3203.4,898.9,3499.7,954.0,2435.1,1381.5,3830.9,6512.8,4728.4,1490.3,333.1
2026-08-04 23:45:00,664.1,162.7,942.9,340.4,627.2,205.1,15.4,131.1,333.0,3.0,288.0,1447.8,3978.1,2091.4,1494.5,1260.4,166.0,24.9,1066.4,1220.8,444.4,884.0,4667.8,4812.1,2208.5,691.0,4250.6,5219.6,2712.4,2338.4,1603.9,3212.3,894.0,3485.7,944.0,2435.8,1352.2,3781.2,6434.6,4782.3,1470.9,340.5
2026-08-05 00:00:00,655.3,150.1,942.3,423.6,614.8,134.5,28.0,106.2,314.3,4.0,202.2,1445.4,3278.4,3301.4,1323.9,1130.6,230.4,13.8,960.7,1636.8,403.0,892.6,4609.2,5067.8,2143.6,586.1,4364.6,5194.3,2617.8,2407.5,1555.4,3103.8,887.0,3445.9,943.5,2251.3,1339.8,3826.1,6266.8,4662.9,1438.1,180.0
2026-08-05 00:15:00,646.0,148.8,930.9,404.7,606.2,133.4,33.1,110.9,311.3,4.0,184.1,1446.5,3240.6,2918.5,1352.2,1176.2,275.5,14.5,960.7,1628.2,402.7,868.1,4593.3,4968.9,2119.8,586.9,4357.5,5172.9,2605.5,2407.4,1552.8,3109.0,876.4,3421.0,936.6,2246.7,1338.7,3766.0,6199.3,4682.4,1410.9,184.7
2026-08-05 00:30:00,641.4,147.9,917.5,401.5,614.9,131.9,31.9,107.0,308.0,4.0,169.0,1448.1,3214.8,2946.3,1407.3,1230.3,255.7,14.7,962.0,1616.4,402.6,866.1,4577.5,4854.2,2087.1,589.5,4346.3,5039.7,2594.9,2405.9,1546.6,3102.1,872.3,3400.0,930.8,2240.8,1336.2,3750.9,6145.9,4708.1,1395.0,187.0
2026-08-05 00:45:00,641.5,147.7,909.5,401.3,620.8,130.0,33.9,112.7,305.6,4.0,158.1,1468.4,3214.2,3037.8,1510.4,1352.1,255.8,14.6,958.8,1612.0,402.2,862.2,4573.4,4770.9,2058.9,591.1,4339.3,5026.1,2588.2,2385.0,1546.4,3101.7,861.5,3383.1,923.1,2230.7,1330.6,3729.2,6090.3,4723.7,1373.4,189.6
2026-08-05 01:00:00,632.2,147.6,898.6,364.8,600.3,128.1,51.4,43.1,337.1,7.0,176.0,1438.0,3229.9,3273.8,1565.7,1415.2,200.7,13.7,955.2,1563.8,398.0,875.5,4569.0,4830.5,2013.7,554.1,4262.2,5126.9,2522.0,2400.2,1516.9,3119.9,842.9,3261.8,914.0,2065.9,1372.2,3686.5,6036.8,4772.2,1348.5,188.6
2026-08-05 01:15:00,633.8,147.3,892.4,363.3,602.8,125.9,51.6,43.1,334.4,7.0,176.3,1437.5,3179.9,2981.5,1545.7,1416.4,201.9,13.6,931.7,1549.5,397.9,860.3,4557.7,4772.4,1991.9,556.2,4256.6,5106.9,2515.1,2399.2,1514.8,3120.0,840.3,3247.9,909.0,2053.5,1364.7,3678.3,5994.1,4770.3,1332.7,188.9
2026-08-05 01:30:00,629.4,147.1,887.9,364.3,605.3,122.9,51.7,43.1,333.5,7.0,167.6,1437.6,3158.8,2771.3,1525.4,1422.3,203.2,13.5,928.9,1537.3,396.0,845.3,4552.1,4706.9,1970.5,557.2,4253.7,5028.2,2511.1,2378.7,1513.7,3122.2,833.8,3239.6,905.1,2039.7,1354.9,3667.6,5950.2,4788.7,1318.9,197.5
2026-08-05 01:45:00,633.7,146.8,884.3,365.3,607.4,120.4,51.8,43.1,326.1,7.0,162.4,1449.5,3162.3,2436.6,1510.3,1428.1,204.6,13.5,926.8,1550.6,395.0,827.0,4549.9,4675.3,1948.1,559.0,4246.3,4802.7,2506.7,2380.0,1516.3,3129.0,828.3,3222.5,900.8,2023.7,1341.9,3658.6,5909.9,4789.1,1305.6,199.6
2026-08-05 02:00:00,608.6,146.5,880.9,346.5,595.2,62.7,51.7,41.0,316.1,2.3,180.5,1437.8,3217.0,2507.8,1489.6,1414.1,175.4,13.9,905.4,1548.3,383.1,771.7,4605.6,4719.2,1909.2,567.1,4246.1,4961.0,2435.8,2412.2,1496.5,3119.0,817.9,3146.0,896.5,2033.8,1329.9,3663.4,5929.3,4791.3,1305.3,213.0
2026-08-05 02:15:00,607.5,146.6,879.4,341.5,591.9,61.7,51.8,41.0,297.6,2.3,179.2,1436.1,3179.3,2472.8,1451.2,1386.4,174.6,13.9,898.4,1527.0,384.8,751.4,4609.0,4722.7,1897.2,569.4,4243.4,4601.3,2433.9,2417.5,1496.0,3123.5,814.2,3133.0,894.2,2015.5,1321.7,3700.5,5950.4,4788.8,1302.9,220.3
2026-08-05 02:30:00,604.5,146.5,880.9,337.5,588.4,60.8,51.9,41.0,316.9,2.3,175.1,1439.2,3142.0,2665.9,1470.6,1416.3,173.8,13.8,901.7,1509.1,386.0,731.0,4606.0,4650.1,1887.5,569.9,4242.9,4208.2,2430.2,2409.2,1495.6,3127.4,812.5,3128.2,894.4,1997.7,1315.3,3710.4,5889.4,4792.7,1295.1,233.1
2026-08-05 02:45:00,600.5,146.7,881.2,333.5,587.4,59.9,51.5,41.0,311.1,2.3,200.6,1460.1,3142.9,2732.4,1461.1,1397.6,173.1,13.9,896.3,1500.1,384.5,707.5,4606.2,4664.1,1875.6,572.2,4241.9,4233.2,2428.8,2412.1,1494.9,3132.7,807.2,3115.4,896.0,1981.9,1312.7,3721.3,5879.6,4803.3,1292.1,238.2
2026-08-05 03:00:00,623.2,146.6,886.5,333.1,598.8,149.2,76.3,26.6,293.6,5.2,165.7,1457.8,3157.3,2842.1,1458.5,1436.5,180.0,13.9,878.6,1496.8,360.9,694.1,4570.6,4447.3,1850.2,566.8,3728.8,4367.7,2409.1,2416.9,1481.8,3239.1,804.1,3108.5,901.6,1950.4,1279.2,3696.5,5930.8,4919.5,1285.8,241.4
2026-08-05 03:15:00,622.1,146.3,884.5,328.2,595.6,148.9,76.0,26.7,287.4,5.2,168.6,1453.2,3126.5,2887.9,1450.9,1435.9,180.7,13.9,877.4,1474.3,360.6,668.2,4564.8,4497.6,1843.1,568.6,3728.8,4411.3,2408.3,2422.2,1481.7,3244.2,801.0,3099.6,902.3,1936.5,1280.0,3719.5,5967.0,4906.9,1281.0,244.8
2026-08-05 03:30:00,620.1,146.1,887.6,322.9,586.9,148.6,76.1,26.6,294.3,5.2,173.0,1455.2,3107.5,2826.3,1450.0,1436.4,181.5,13.8,875.9,1461.8,364.4,640.9,4560.7,4465.5,1836.7,567.2,3722.7,4031.4,2403.9,2407.0,1479.3,3248.1,799.3,3098.3,903.6,1921.8,1282.4,3735.3,5913.5,4911.1,1282.2,251.3
2026-08-05 03:45:00,618.4,146.1,888.2,323.5,586.8,148.5,74.7,26.6,297.0,5.2,187.6,1467.6,3099.8,2913.5,1470.1,1430.8,207.3,13.9,876.5,1429.8,367.5,615.9,4566.2,4438.1,1832.0,568.8,3718.6,3989.1,2405.0,2403.9,1477.8,3252.3,798.7,3091.5,901.7,1907.4,1287.3,3753.3,5883.1,4919.2,1275.1,249.7
2026-08-05 04:00:00,620.5,145.9,898.8,304.2,607.6,180.3,74.2,90.6,294.6,8.3,169.4,1460.9,3248.2,2980.3,1455.5,1394.3,249.7,8.2,870.7,1579.1,370.1,574.5,4577.4,4106.6,1817.9,615.9,3457.5,4077.2,2396.7,2400.2,1475.1,3204.5,790.8,2951.3,897.7,2203.5,1294.8,4003.9,5766.4,4842.2,1276.4,259.1
2026-08-05 04:15:00,615.5,146.1,908.4,297.4,606.7,180.2,73.6,90.6,298.0,8.3,179.3,1462.2,3214.7,2876.6,1447.4,1395.8,246.5,8.5,869.7,1555.6,373.5,548.2,4590.2,4173.2,1821.2,613.9,3455.4,4076.5,2395.1,2407.7,1474.2,3208.9,787.9,2947.8,894.6,2155.5,1297.7,4026.2,5741.2,4833.7,1276.1,253.4
2026-08-05 04:30:00,619.0,147.1,922.3,315.8,579.3,182.8,74.8,90.6,297.1,8.3,164.5,1472.7,3192.4,2915.8,1395.9,1407.8,243.3,8.6,869.5,1559.1,370.3,523.4,4615.2,4192.6,1816.8,612.8,3453.0,4116.1,2391.8,2412.8,1474.5,3203.3,785.2,2940.2,896.2,2136.3,1294.0,4043.2,5737.3,4833.8,1273.4,249.8
2026-08-05 04:45:00,623.6,149.8,946.8,330.2,582.8,190.4,74.4,90.7,306.6,8.3,185.6,1472.0,3180.3,3148.6,1394.1,1401.0,240.1,8.8,869.2,1546.4,372.4,501.0,4643.0,4233.8,1813.8,611.5,3453.2,4092.4,2386.3,2413.0,1475.8,3209.7,785.5,2937.5,899.1,2114.4,1285.7,4085.7,5732.0,4834.8,1278.3,246.4
2026-08-05 05:00:00,648.3,154.3,993.8,348.9,592.9,204.7,28.2,58.9,313.0,10.5,183.2,1459.4,3367.9,3354.7,1447.7,1464.6,266.9,17.8,875.0,1646.4,383.1,479.8,4746.0,3951.7,1827.5,577.0,3406.3,3825.8,2397.0,2357.9,1478.9,3267.7,790.8,3070.9,904.3,2374.6,1249.3,4207.9,5774.8,4833.4,1292.2,229.1
2026-08-05 05:15:00,653.3,161.1,1020.3,338.3,606.6,222.6,33.1,58.9,318.7,10.5,179.0,1458.4,3342.0,3286.8,1449.4,1468.7,248.3,19.8,878.4,1683.7,376.2,454.9,4802.1,4044.1,1844.2,574.2,3411.1,3832.3,2397.2,2363.7,1483.4,3278.4,789.5,3075.5,909.8,2347.4,1246.6,4266.0,5797.3,4837.4,1307.1,217.5
2026-08-05 05:30:00,652.5,171.8,1027.8,489.9,647.6,228.9,33.8,58.9,323.9,10.5,168.0,1456.2,3341.1,3622.7,1402.4,1483.0,224.7,31.1,882.3,1697.9,375.6,442.6,4858.3,4152.0,1858.9,573.3,3423.7,3887.6,2395.5,2374.2,1484.7,3287.0,795.1,3084.8,914.1,2319.8,1254.6,4302.6,5826.2,4829.3,1317.7,205.0
2026-08-05 05:45:00,648.9,183.6,1023.1,498.7,653.8,261.0,33.3,59.0,326.8,10.5,154.8,1454.3,3367.5,3839.6,1408.5,1492.9,226.2,34.8,886.6,1736.0,377.0,437.1,4905.6,4203.5,1883.3,570.3,3434.6,4028.8,2410.0,2420.1,1488.0,3296.7,800.3,3090.0,918.5,2291.3,1268.4,4355.8,5878.8,4850.0,1333.2,190.8
2026-08-05 06:00:00,671.5,201.6,1042.5,493.3,675.4,309.0,29.0,77.2,340.3,23.0,147.2,1449.0,3465.0,4061.8,1516.9,1630.2,186.3,28.5,1019.9,1853.2,403.4,416.5,5005.5,4225.7,1969.5,588.0,3591.5,4091.8,2440.9,2426.3,1526.5,2985.0,804.4,3163.1,918.9,2625.4,1301.9,4558.7,6117.2,4938.9,1402.0,171.4
2026-08-05 06:15:00,656.6,243.7,1019.4,484.3,691.6,351.9,30.7,77.0,343.6,23.7,147.2,1458.4,3476.3,4804.3,1518.6,1638.3,187.4,31.5,1022.0,1869.4,407.5,402.2,5071.5,4416.3,2015.9,587.4,3622.4,4100.0,2460.6,2429.5,1527.0,2978.4,811.7,3194.4,942.1,2613.2,1326.2,4703.8,6231.6,4875.5,1455.1,161.5
2026-08-05 06:30:00,658.6,252.5,965.2,494.1,696.8,404.1,30.9,77.4,347.6,28.3,155.6,1471.1,3499.0,4778.0,1476.6,1660.4,208.5,34.0,1029.6,1890.2,408.1,394.3,5109.3,4491.6,2048.4,585.0,3649.9,4080.8,2470.7,2450.6,1534.4,2987.8,822.2,3211.9,956.2,2599.1,1336.2,4762.8,6334.9,4883.5,1503.8,151.4
2026-08-05 06:45:00,645.4,297.9,913.8,502.8,705.0,461.4,31.3,77.9,351.1,26.5,159.7,1466.6,3517.4,4928.3,1469.3,1673.9,209.7,36.9,1034.5,1917.6,412.3,397.6,5149.4,4469.2,2093.7,583.2,3674.2,4061.4,2492.6,2484.4,1541.5,3032.8,827.2,3230.0,968.2,2588.7,1334.9,4775.4,6429.6,4911.5,1558.0,144.7
2026-08-05 07:00:00,671.1,312.5,863.6,496.0,705.3,443.6,57.3,50.7,358.6,19.1,259.4,1455.1,3774.1,4637.5,1531.9,1681.9,150.9,77.5,1117.6,2084.6,422.0,449.2,5133.2,4543.4,2204.6,584.0,3925.5,4717.6,2483.5,2398.9,1540.3,3034.7,856.7,3415.9,994.8,2779.4,1423.6,4694.9,6718.9,5075.5,1666.7,148.0
2026-08-05 07:15:00,668.0,340.3,822.3,521.7,714.3,519.4,57.8,52.2,350.1,19.2,263.5,1461.5,3783.9,4347.4,1632.8,1794.8,150.9,45.3,1117.9,2093.1,422.2,421.0,5170.7,4620.4,2246.7,584.1,3949.4,4877.4,2502.6,2429.5,1546.8,3040.7,869.1,3440.5,1007.5,2775.1,1420.9,4760.8,6808.0,4974.6,1708.4,148.1
2026-08-05 07:30:00,661.2,366.9,764.4,543.5,715.8,577.0,58.2,52.7,343.9,19.5,275.2,1468.1,3793.5,4336.0,1690.3,1899.6,161.7,45.9,1121.9,2138.4,422.0,421.3,5209.8,4663.7,2277.9,579.3,3963.9,4729.1,2509.4,2496.1,1551.3,3043.4,879.6,3432.9,1006.4,2771.2,1419.6,4795.4,6886.8,4865.1,1744.2,145.0
2026-08-05 07:45:00,649.2,391.8,708.8,573.8,715.0,644.2,58.7,55.9,338.8,19.7,303.4,1465.0,3809.3,3983.7,1668.9,1905.6,162.2,46.4,1158.2,2142.5,434.3,415.7,5225.2,4668.6,2315.2,579.3,3975.0,4101.7,2529.3,2494.7,1560.5,3057.3,883.1,3451.0,1013.0,2767.5,1434.6,4807.6,6960.8,4856.8,1790.8,137.1
2026-08-05 08:00:00,638.1,409.8,662.9,586.5,733.4,617.7,113.6,94.5,323.3,50.4,242.8,1440.8,4002.5,4458.8,1953.9,1941.5,140.5,64.6,1171.0,2336.0,443.1,422.6,5352.1,4700.1,2389.8,544.4,3808.6,4359.7,2555.0,2421.6,1586.7,2959.9,890.4,3557.9,1008.2,3109.8,1465.0,4819.4,7076.8,4896.6,1825.8,182.2
2026-08-05 08:15:00,627.2,441.2,633.9,642.1,742.4,711.5,114.7,95.3,311.3,51.1,246.1,1441.7,4010.1,4416.2,1918.4,1722.9,140.5,63.5,1162.0,2345.1,443.2,415.7,5369.8,4704.2,2415.5,543.6,3815.5,3903.7,2596.8,2361.0,1589.1,2966.5,895.2,3600.2,1008.5,3108.6,1492.0,4833.1,7133.3,4847.5,1842.3,179.6
2026-08-05 08:30:00,612.0,460.6,601.9,498.7,744.4,766.8,115.4,96.3,303.8,54.2,264.5,1451.1,4015.6,4059.5,1878.2,1369.9,140.5,59.8,1152.1,2349.6,447.0,424.2,5367.3,4736.9,2430.1,544.2,3816.8,3543.7,2593.3,2357.8,1591.7,2969.9,901.5,3308.6,1011.5,3107.6,1503.1,4848.2,7159.5,4835.9,1849.7,179.1
2026-08-05 08:45:00,600.8,471.5,570.8,550.0,743.0,825.0,113.9,94.6,292.2,57.1,270.9,1456.9,4705.3,3966.8,1838.8,1234.7,153.6,46.5,1167.7,2370.5,556.5,232.8,5369.7,4647.1,2454.4,547.0,3825.1,3517.8,2602.0,2284.3,1594.4,2974.8,907.4,2750.0,1016.9,3106.5,1516.8,4802.6,7189.5,4902.0,1865.3,178.8
2026-08-05 09:00:00,603.2,520.1,541.8,599.8,754.6,884.4,197.1,74.7,279.4,81.5,228.8,1506.6,4243.8,4862.4,1738.9,1361.2,141.0,163.4,1215.2,2411.6,433.2,443.2,5345.6,4676.7,2521.1,545.9,3667.7,3160.7,2648.6,2109.7,1606.3,2996.0,901.5,2606.8,1027.3,2721.9,1495.7,4906.0,7145.0,4766.6,1859.9,148.5
2026-08-05 09:15:00,598.6,517.8,515.6,637.9,756.0,928.4,180.2,75.5,264.1,82.4,226.8,1494.5,4849.6,4990.2,1676.8,1370.2,141.0,161.5,1214.4,2341.2,524.4,234.9,5338.4,4694.5,2542.7,545.6,3719.1,2845.2,2650.5,2059.6,1612.0,3005.5,910.8,2383.7,1030.0,2722.0,1499.8,4908.1,7159.7,4692.1,1864.2,150.7
2026-08-05 09:30:00,588.5,543.3,494.6,669.2,754.0,954.8,183.9,73.7,239.9,85.7,220.1,1506.2,4861.8,4639.8,1673.5,1386.4,141.0,158.2,1216.7,2191.3,525.9,258.9,5331.8,4672.0,2558.8,546.0,3760.5,2605.9,2646.4,2030.7,1608.3,3007.7,914.5,2047.8,1030.0,2721.8,1506.4,4899.8,7197.7,4671.6,1864.1,157.6
2026-08-05 09:45:00,576.4,562.1,471.4,702.6,750.4,980.0,183.9,74.4,220.4,89.2,244.1,1521.3,4918.1,4686.4,1654.2,1411.1,141.0,118.9,1267.8,2219.0,546.4,293.0,5332.0,4617.8,2572.4,547.7,3761.7,2318.4,2651.8,1967.4,1609.0,3011.7,929.5,1754.3,1030.0,2721.7,1508.8,4861.0,7225.3,4681.8,1868.2,164.4
2026-08-05 10:00:00,575.2,653.3,440.7,732.9,756.0,1027.1,140.2,61.2,239.2,48.9,211.2,1598.8,5177.2,5331.6,1611.1,1597.2,34.0,217.2,1260.3,1893.8,522.5,346.4,5366.9,4667.7,2607.4,504.2,3870.7,2025.9,2691.9,1772.7,1615.8,3015.9,907.7,1768.4,1027.5,2436.1,1507.6,4836.2,7266.8,4684.8,1887.6,164.6
2026-08-05 10:15:00,569.4,661.6,424.1,759.4,756.6,1048.7,136.4,61.7,220.6,54.7,208.1,1606.0,5618.5,5519.3,1579.2,1645.3,34.0,215.5,1254.3,1869.7,517.7,373.3,5367.3,4662.0,2619.9,504.9,3937.5,1967.6,2689.0,1778.0,1619.7,3032.0,910.5,1540.4,1025.4,2437.0,1517.8,4835.7,7281.8,4690.2,1877.8,170.2
2026-08-05 10:30:00,563.5,628.5,632.8,781.7,761.6,1067.2,100.3,61.9,207.0,54.4,240.3,1639.2,6034.0,5216.9,1583.1,1683.4,34.0,176.7,1246.2,1892.3,512.5,385.2,5342.4,4707.8,2631.5,505.9,3939.9,1802.9,2687.4,1780.4,1619.8,3025.0,910.0,1515.1,1026.0,2437.6,1515.3,4846.6,7281.7,4706.9,1865.8,176.8
2026-08-05 10:45:00,557.4,616.7,610.3,804.4,762.3,986.0,102.3,62.0,211.3,63.3,255.0,1640.7,6046.2,5332.3,1587.8,1649.0,34.0,118.7,1332.6,1880.5,523.4,411.3,5360.9,4415.1,2636.9,506.2,3933.9,1921.0,2695.0,1692.3,1618.0,3041.7,902.1,1515.6,1026.3,2438.1,1515.2,4703.5,7296.0,4692.9,1860.2,183.7
2026-08-05 11:00:00,554.1,676.2,592.9,824.5,760.0,1066.5,218.5,38.1,190.2,79.5,207.8,1805.8,6099.5,5650.2,1744.7,1644.0,67.0,194.9,1474.5,1849.4,585.0,423.7,5483.5,4633.6,2656.1,478.0,3643.1,2180.0,2702.3,1514.9,1610.3,3091.5,909.1,1546.2,1027.5,1880.0,1515.9,4497.3,7300.1,4720.4,1847.6,202.5
2026-08-05 11:15:00,556.5,690.0,581.2,839.9,758.8,1072.6,210.0,36.9,174.0,83.4,225.0,1797.5,6181.8,5729.5,1788.4,1572.0,68.9,157.5,1509.3,1810.7,576.8,455.2,5482.3,4544.0,2663.8,478.2,3653.0,2189.0,2703.2,1495.2,1609.5,3100.6,904.1,1550.8,1027.5,1880.9,1511.0,4435.8,7305.0,4716.8,1833.8,213.0
2026-08-05 11:30:00,600.2,630.6,795.6,859.4,759.0,1083.4,210.6,36.9,162.8,75.6,226.5,1813.9,6133.8,5779.4,1752.8,1516.9,68.6,157.5,1524.6,1495.9,569.9,492.6,5471.7,4543.3,2669.7,478.6,3651.4,2204.9,2692.0,1516.7,1609.2,3097.1,904.9,1588.0,1025.2,1881.6,1503.0,4427.5,7299.3,4719.0,1807.1,224.7
2026-08-05 11:45:00,634.3,634.9,796.6,865.8,761.7,1091.0,188.1,36.9,171.0,55.6,243.5,1831.8,6321.5,5610.7,1737.3,1523.9,88.1,157.5,1513.7,1378.3,563.1,518.3,5465.1,4507.0,2672.5,478.6,3657.5,2203.0,2695.7,1502.1,1612.6,3110.9,904.3,1583.4,1022.8,1882.6,1490.3,4413.1,7300.8,4721.9,1767.5,232.8
2026-08-05 12:00:00,589.5,643.1,799.6,871.3,761.3,1093.4,157.7,37.1,121.1,142.1,215.1,2008.7,6332.4,5188.2,1621.2,1558.1,50.8,159.0,1514.1,1492.7,521.1,537.5,5517.9,4475.3,2695.8,556.9,3602.5,2315.7,2718.0,1389.7,1600.9,3115.2,903.2,1513.0,1049.3,1691.2,1531.9,4096.0,7281.2,4730.8,1662.7,255.0
2026-08-05 12:15:00,568.0,642.7,801.7,868.6,764.4,1084.4,157.7,37.3,134.8,119.1,219.4,2014.8,6455.4,5172.1,1595.9,1549.1,50.3,157.7,1514.6,1344.1,528.3,553.8,5513.4,4404.5,2700.2,556.9,3600.6,2297.1,2716.7,1381.3,1597.6,3112.4,899.9,1512.1,1048.2,1692.3,1520.4,4091.3,7312.4,4729.6,1625.6,265.2
2026-08-05 12:30:00,591.0,649.1,804.4,871.6,764.2,1018.8,157.7,37.3,130.0,131.9,222.1,2027.5,6382.3,5042.2,1578.0,1549.4,50.3,156.4,1517.4,1257.7,538.5,556.6,5501.8,4382.7,2702.7,557.2,3598.2,2259.2,2706.3,1379.0,1597.8,3114.6,900.1,1511.9,1047.3,1693.4,1514.5,4089.3,7295.7,4733.1,1596.5,272.4
2026-08-05 12:45:00,669.7,636.5,805.6,872.5,765.4,1036.0,156.3,37.6,126.1,145.0,205.4,2031.9,6374.8,4692.3,1565.7,1573.7,48.8,155.2,1520.0,1392.0,530.8,564.7,5486.8,4406.0,2703.4,557.2,3597.0,2314.4,2710.9,1377.4,1600.1,3123.2,896.6,1512.3,1046.0,1694.7,1515.9,4088.1,7267.7,4738.6,1570.0,284.9
2026-08-05 13:00:00,610.2,633.8,859.9,870.3,789.1,1068.6,113.9,62.1,113.3,154.6,264.5,1841.9,6822.7,4473.8,1535.1,1505.6,50.9,150.9,1533.6,1523.3,529.7,556.7,5472.6,4366.3,2699.8,525.2,3601.4,2348.8,2720.2,1370.7,1593.6,3103.8,893.0,1509.7,1042.4,1576.3,1510.3,3885.5,7420.8,4864.0,1553.2,307.5
2026-08-05 13:15:00,611.1,637.8,858.7,868.4,789.4,1003.8,111.4,68.1,109.4,161.7,263.1,1862.5,7135.8,4479.3,1518.8,1522.7,50.9,150.7,1534.0,1472.4,523.4,561.0,5461.4,4337.7,2701.6,525.3,3603.9,2355.3,2723.5,1368.8,1592.3,3102.3,894.0,1509.9,1042.7,1578.0,1510.3,3876.9,7378.2,4865.8,1531.4,319.0
2026-08-05 13:30:00,610.1,622.8,859.4,863.3,799.0,976.0,111.4,65.4,109.0,160.2,255.9,1856.5,7071.3,4454.3,1506.5,1530.6,50.9,150.6,1533.6,1450.3,527.8,562.1,5448.3,4353.1,2706.0,525.6,3599.7,2358.1,2718.1,1366.1,1595.3,3107.8,898.8,1510.1,1039.7,1579.7,1502.1,3866.8,7363.9,4846.8,1504.2,330.4
2026-08-05 13:45:00,612.5,623.5,872.7,857.6,805.3,1003.0,111.4,73.6,109.8,165.7,255.4,1856.9,7149.7,4466.4,1488.2,1547.7,50.3,150.4,1532.2,1414.3,530.4,560.5,5437.0,4391.8,2706.1,525.1,3594.6,2338.6,2720.2,1363.1,1597.2,3109.0,891.7,1510.0,1038.4,1581.5,1485.7,3855.8,7380.6,4845.4,1489.2,347.0
2026-08-05 14:00:00,627.5,606.0,897.5,853.3,808.0,991.0,291.4,69.5,98.1,207.6,248.7,1833.4,6943.9,4278.0,1450.6,1341.6,18.0,151.4,1399.6,1289.2,522.4,554.7,5456.6,4527.9,2715.1,554.1,3602.7,2250.3,2739.6,1340.8,1638.9,3151.3,896.9,1600.8,1034.1,1559.5,1466.0,3701.9,7322.8,4837.8,1465.3,389.2
2026-08-05 14:15:00,635.7,592.3,917.0,846.0,810.4,963.7,291.4,68.7,97.3,210.9,253.7,1818.3,6415.6,4348.3,1448.8,1345.0,18.0,153.3,1395.7,1374.7,519.0,547.1,5451.4,4549.3,2716.7,553.9,3595.8,2285.1,2739.6,1338.0,1642.9,3155.7,896.3,1601.3,1031.7,1561.5,1457.1,3677.8,7315.1,4834.2,1458.8,415.3
2026-08-05 14:30:00,633.9,578.6,720.8,828.7,822.5,901.3,291.4,55.3,97.0,217.9,264.7,1823.7,6406.9,4484.8,1429.9,1336.8,18.0,180.0,1393.5,1396.6,515.4,535.9,5445.1,4430.6,2718.4,553.6,3593.2,2278.1,2734.6,1336.1,1633.2,3148.9,892.5,1601.4,1031.7,1563.7,1460.2,3649.2,7295.7,4828.9,1456.5,438.1
2026-08-05 14:45:00,636.4,563.8,735.1,812.2,818.1,872.7,291.4,38.0,97.3,221.2,265.5,1822.4,6338.0,4916.1,1426.0,1331.7,18.0,219.2,1393.5,1455.5,514.5,519.7,5444.8,4488.0,2719.7,552.7,3591.9,2295.5,2742.6,1334.2,1635.0,3153.4,897.9,1601.7,1033.1,1565.7,1477.2,3624.8,7288.7,4859.6,1454.1,461.5
2026-08-05 15:00:00,654.1,539.8,743.9,741.9,797.6,847.0,132.2,65.6,97.1,217.0,209.5,1803.1,6184.8,4933.7,1493.4,1560.1,18.9,127.2,1352.7,1280.6,476.5,474.4,5467.2,4589.0,2712.8,540.8,3549.5,2082.4,2767.6,1324.3,1652.8,3158.8,901.7,1600.1,1033.9,1598.7,1503.2,3749.7,7128.2,4742.0,1445.1,502.0
2026-08-05 15:15:00,663.2,520.6,772.6,715.7,795.1,841.4,130.2,68.6,96.1,214.4,206.4,1792.2,6165.7,5288.7,1510.6,1560.0,18.9,150.4,1371.1,1277.6,483.0,481.1,5463.1,4678.0,2714.9,540.7,3545.2,2123.8,2765.1,1323.4,1653.5,3160.7,903.5,1600.6,1036.1,1601.7,1522.6,3753.8,7124.8,4741.5,1448.2,515.2
2026-08-05 15:30:00,676.8,499.5,571.8,678.1,801.4,763.8,128.5,46.8,96.5,232.4,202.4,1791.0,6161.4,5611.0,1521.4,1552.2,18.9,130.6,1355.7,1260.9,488.4,476.7,5472.8,4650.1,2722.0,540.5,3545.9,2238.1,2759.9,1322.8,1653.0,3165.8,908.3,1600.8,1036.8,1603.4,1530.5,3732.1,7119.2,4741.7,1446.8,537.9
2026-08-05 15:45:00,628.0,476.3,595.2,637.6,798.5,738.0,127.5,60.3,96.9,269.3,202.4,1802.1,6123.2,5656.7,1549.1,1572.3,18.9,148.9,1359.9,1271.9,478.3,475.5,5464.9,4697.8,2729.4,540.3,3542.1,2272.6,2766.5,1322.1,1651.2,3164.0,904.2,1601.0,1038.6,1604.4,1528.0,3727.9,7119.9,4739.6,1447.8,555.3
2026-08-05 16:00:00,638.6,423.1,562.1,615.7,811.5,713.0,79.8,121.9,97.4,161.4,159.3,1736.2,6176.8,5615.6,1580.9,1558.4,301.4,22.5,1321.4,1344.9,506.6,341.9,5430.8,4602.3,2719.8,506.3,3548.3,1991.6,2757.3,1289.0,1645.4,3163.0,906.3,1567.2,1037.6,1738.8,1516.2,4037.0,7062.3,4745.3,1430.1,558.4
2026-08-05 16:15:00,645.2,432.7,599.5,569.3,812.8,678.2,80.5,121.3,101.7,237.7,165.5,1749.2,6088.2,5870.3,1648.5,1548.5,301.4,20.6,1274.9,1321.9,519.0,425.2,5431.8,4669.3,2719.7,505.9,3551.0,2144.1,2756.3,1290.3,1640.6,3157.0,911.2,1567.8,1038.4,1739.8,1514.0,4052.6,7065.2,4740.0,1437.5,568.6
2026-08-05 16:30:00,650.6,412.2,637.4,517.9,813.0,680.6,86.9,123.2,107.9,220.8,183.5,1739.6,6044.6,5894.7,1718.5,1547.3,301.4,19.3,1274.9,2112.5,524.0,435.1,5423.2,4797.1,2718.8,505.6,3549.4,2159.0,2753.0,1289.7,1638.3,3153.6,904.5,1568.6,1038.4,1740.5,1519.7,4088.3,7092.8,4733.9,1455.3,574.9
2026-08-05 16:45:00,659.9,392.7,676.2,463.8,813.2,639.3,86.7,122.4,109.5,212.1,189.4,1739.8,5996.7,5760.9,1740.3,1559.8,281.4,17.2,1236.4,2220.2,530.0,418.1,5408.6,5104.3,2717.7,505.4,3541.6,2095.2,2755.3,1315.2,1643.9,3150.5,902.6,1569.6,1040.1,1740.8,1530.9,4231.9,7121.2,4753.0,1474.8,580.5
2026-08-05 17:00:00,695.8,352.8,684.8,402.4,815.2,519.5,36.8,182.8,107.2,189.2,207.8,1697.6,6026.8,5336.0,1781.8,1570.4,110.2,58.7,1263.6,2357.0,546.2,414.3,5329.9,4843.3,2679.7,493.2,3669.4,2346.2,2749.1,1469.5,1629.7,2953.0,906.0,1543.1,1041.0,2661.9,1553.4,4465.5,7183.5,4705.2,1505.2,583.1
2026-08-05 17:15:00,708.7,339.4,743.8,351.5,810.5,513.2,36.8,184.5,108.0,167.5,200.9,1684.1,5944.6,5263.1,1835.1,1674.8,109.8,59.4,1211.1,2344.6,541.8,412.5,5343.3,5195.8,2677.3,492.9,3661.7,2436.6,2739.2,1554.2,1629.8,2951.1,898.7,1547.8,1040.7,2662.6,1565.2,4654.9,7229.9,4701.8,1529.8,577.1
2026-08-05 17:30:00,722.7,314.7,823.0,316.9,808.2,464.0,35.4,183.5,94.6,136.9,171.1,1668.8,5101.9,5244.8,1831.8,1632.0,89.3,63.0,1192.4,2515.7,535.6,388.0,5327.5,5298.1,2671.1,492.8,3636.1,2548.5,2727.7,1619.7,1630.9,2948.3,900.2,1651.4,1038.5,2662.2,1564.4,4677.7,7265.8,4744.4,1557.8,570.7
2026-08-05 17:45:00,737.3,299.0,903.9,336.9,798.9,421.1,32.3,180.1,97.4,107.1,191.3,1641.8,5030.6,5645.1,1898.2,1569.1,88.9,64.6,1188.6,2529.9,528.9,400.2,5336.7,5365.8,2667.7,490.8,3535.3,2808.5,2703.5,1709.2,1630.2,2944.3,903.3,1874.3,1039.0,2663.0,1546.3,4669.8,7298.9,4784.2,1580.5,562.9
2026-08-05 18:00:00,752.5,268.0,977.5,519.8,799.1,557.2,32.7,95.0,85.7,101.4,248.5,1601.6,4916.1,4896.6,1836.5,1534.7,341.3,20.9,1155.3,2773.8,556.5,386.7,5401.1,5307.8,2657.2,567.7,3497.6,2918.3,2720.5,2063.2,1630.4,2996.9,911.8,2406.5,1032.7,2767.4,1496.6,4627.5,7305.6,4841.4,1614.6,600.1
2026-08-05 18:15:00,757.2,249.4,1066.5,527.6,794.6,518.8,29.4,91.5,108.8,82.7,232.5,1582.9,4934.7,5358.6,1902.1,1465.4,340.7,24.4,1124.0,2832.3,471.3,390.6,5423.9,5289.4,2648.5,566.1,3506.4,3549.2,2721.3,2035.3,1627.0,2994.0,898.5,2448.3,1025.1,2767.7,1490.4,4593.8,7314.8,5104.8,1631.3,582.9
2026-08-05 18:30:00,763.7,233.0,1152.1,717.3,797.7,470.3,31.3,74.2,120.8,63.5,279.7,1559.4,3587.5,4925.3,1895.5,1548.7,360.1,30.8,1136.3,3045.4,483.9,524.7,5437.4,5281.8,2649.1,576.4,3515.3,3936.2,2712.0,2052.6,1625.3,2990.8,907.2,2721.2,1012.1,2767.3,1483.2,4582.8,7323.1,5123.8,1648.0,561.7
2026-08-05 18:45:00,752.7,343.4,1205.6,526.2,798.3,463.6,19.8,70.3,140.1,43.3,271.1,1538.5,3008.7,5005.5,1959.9,1641.8,294.5,30.0,1147.9,3068.6,482.8,587.3,5444.7,5257.1,2644.0,578.0,3518.3,4341.3,2719.8,2044.5,1624.3,2987.6,906.7,2995.1,1002.2,2774.6,1478.4,4571.1,7329.4,5202.3,1654.0,544.3
2026-08-05 19:00:00,770.8,204.8,1264.6,925.9,800.0,576.3,38.7,224.3,178.8,29.3,267.4,1502.0,3169.3,4801.9,2087.4,1846.8,303.1,33.8,1134.6,2644.2,500.8,535.6,5414.8,5232.0,2627.4,592.6,3596.7,4151.5,2701.2,2127.9,1626.2,3040.5,933.4,3547.0,996.4,2692.3,1468.1,4441.7,7354.7,5313.7,1675.0,537.5
2026-08-05 19:15:00,767.5,201.5,1293.9,955.7,796.7,571.4,40.2,223.9,209.2,22.4,242.1,1480.2,2864.2,4961.2,2101.6,1897.3,304.6,36.0,1131.6,2561.3,502.6,532.8,5413.2,5226.8,2623.5,598.1,3598.7,4253.1,2703.8,2127.3,1626.3,3038.4,935.4,3665.0,993.1,2705.2,1468.0,4424.0,7338.3,5315.4,1673.2,528.5
2026-08-05 19:30:00,748.9,316.5,1316.7,560.5,802.6,562.9,42.6,235.5,240.6,16.9,245.8,1473.9,2880.9,4789.2,2084.5,1898.9,306.1,37.2,1138.6,2499.5,507.5,526.4,5400.7,5163.6,2617.8,601.1,3601.1,4670.6,2696.5,2109.8,1632.5,3048.0,935.7,3798.1,993.0,2711.5,1472.8,4398.9,7312.2,5320.1,1677.7,516.5
2026-08-05 19:45:00,756.8,320.5,1337.0,565.0,809.1,577.3,50.0,235.2,285.6,8.5,252.0,1465.0,2815.3,4831.6,2129.9,1778.1,307.6,37.6,1136.4,2307.0,512.8,506.9,5381.4,5141.1,2611.6,601.9,3598.4,4907.2,2699.4,2106.4,1628.2,3053.0,934.6,3827.0,995.6,2715.5,1472.2,4391.2,7300.4,5347.9,1676.1,505.8
2026-08-05 20:00:00,771.1,296.1,1330.4,766.0,810.1,572.4,10.3,219.4,316.9,3.3,228.0,1462.1,2500.0,4485.9,1759.3,1723.5,315.1,32.4,1450.6,2194.8,524.6,445.4,5245.1,5266.5,2595.1,611.3,3936.8,5142.2,2677.4,2151.5,1626.1,3058.8,937.4,3827.5,997.5,2677.3,1467.0,4367.9,7282.8,5502.7,1685.6,513.6
2026-08-05 20:15:00,783.7,308.7,1331.6,777.8,808.9,571.6,25.7,219.4,331.9,3.0,217.5,1449.6,2342.7,4572.0,1696.8,1577.8,315.5,36.0,1453.8,2137.6,528.5,443.6,5218.5,5257.5,2586.9,614.8,3938.4,5266.7,2669.8,2140.3,1626.3,3063.7,931.3,3821.0,1000.1,2674.4,1472.0,4356.6,7266.9,5534.9,1675.7,502.8
2026-08-05 20:30:00,778.5,303.5,1323.9,796.2,809.8,561.2,25.5,219.1,340.4,2.8,230.6,1437.4,2270.9,4445.7,1642.2,1496.1,315.8,35.9,1448.3,2098.2,520.5,440.4,5195.5,5258.1,2577.6,618.6,3941.1,5257.9,2664.1,2139.2,1629.1,3071.0,932.8,3815.1,1000.7,2668.4,1468.4,4341.5,7244.9,5523.4,1680.1,486.5
2026-08-05 20:45:00,781.3,306.3,1317.2,810.3,814.4,550.7,27.0,219.0,333.2,78.4,212.8,1429.8,2285.8,4562.8,1709.6,1525.9,316.2,29.9,1414.7,2065.0,518.0,462.3,5181.1,5259.6,2572.4,619.9,3945.3,5257.3,2668.0,2143.3,1629.5,3071.3,927.8,3806.7,999.0,2661.0,1464.1,4305.8,7221.0,5515.2,1674.3,468.2
2026-08-05 21:00:00,780.5,286.5,1303.6,763.2,791.6,466.3,26.4,186.7,361.5,10.7,300.5,1396.0,2198.2,4313.1,1722.6,1695.0,285.7,34.4,1451.6,2141.4,512.0,436.5,5202.3,5293.4,2547.3,645.1,4154.4,5345.2,2628.0,2176.2,1630.7,3126.4,925.2,3820.4,992.4,2602.3,1378.5,4330.2,7197.1,5494.5,1676.9,465.6
2026-08-05 21:15:00,770.8,275.8,1282.8,757.7,799.0,460.0,27.1,180.1,336.9,20.6,285.0,1388.5,2261.9,4158.9,1735.3,1677.9,286.2,36.4,1391.3,2113.9,495.0,438.7,5235.7,5301.8,2537.9,648.9,4147.9,5319.1,2629.3,2217.1,1629.7,3130.4,919.7,3793.2,987.3,2594.1,1368.8,4337.0,7172.3,5473.7,1677.1,467.5
2026-08-05 21:30:00,761.5,247.6,1255.8,770.7,792.1,450.7,27.6,174.7,340.2,22.4,296.7,1386.5,2257.0,4173.0,1762.8,1680.3,286.5,27.3,1382.7,2108.8,491.0,441.3,5230.4,5294.8,2522.0,652.9,4146.0,5302.6,2632.6,2226.9,1630.5,3132.5,913.6,3775.9,981.7,2587.3,1363.8,4339.8,7134.4,5401.7,1680.6,470.9
2026-08-05 21:45:00,754.2,253.8,1223.5,793.9,790.2,439.0,25.6,174.4,340.1,75.0,300.0,1385.2,2490.3,4290.8,1766.3,1693.4,286.9,15.9,1377.5,2101.5,485.3,438.9,5211.4,5322.2,2517.3,657.6,4138.8,5286.2,2623.5,2227.7,1630.8,3136.6,909.7,3764.2,979.3,2584.7,1358.5,4329.5,7102.5,5223.9,1674.1,474.4
2026-08-05 22:00:00,746.5,261.7,1175.5,694.6,737.2,193.1,17.8,306.1,351.6,14.0,255.8,1438.9,2293.2,4291.2,1708.0,1500.2,232.1,18.1,1048.0,2056.6,462.6,506.9,5190.4,5302.1,2495.7,643.2,4494.6,5592.7,2600.9,2323.5,1622.7,3287.6,904.2,3743.5,975.6,2418.4,1359.3,4205.5,7006.5,5403.0,1661.2,477.8
2026-08-05 22:15:00,739.6,267.3,1152.3,696.6,728.4,159.1,15.3,305.0,328.8,77.4,251.0,1437.7,2293.0,4043.6,1681.2,1463.5,233.5,14.3,1042.0,2044.3,456.2,496.4,5151.7,5291.5,2474.5,647.0,4484.0,5560.4,2601.4,2330.7,1622.9,3288.2,902.2,3728.1,974.4,2419.6,1347.6,4156.0,6947.7,5285.7,1634.9,481.0
2026-08-05 22:30:00,736.0,271.6,1131.3,669.0,722.9,158.2,10.9,305.0,317.8,48.8,254.0,1459.5,2302.4,3816.9,1697.5,1461.9,233.7,15.2,1029.7,2043.5,445.7,510.4,5096.4,5221.0,2447.8,653.1,4471.0,5524.7,2585.7,2309.9,1615.8,3280.4,895.4,3708.4,974.3,2420.4,1330.0,4129.8,6883.3,5186.7,1618.9,488.4
2026-08-05 22:45:00,724.3,270.9,1115.3,666.9,738.1,160.5,10.5,305.0,313.3,49.0,251.3,1456.9,2277.8,3527.5,1679.6,1461.7,269.5,24.6,1024.7,2009.4,441.7,513.0,5040.6,5063.2,2429.8,656.9,4452.3,5496.6,2582.8,2271.2,1612.7,3280.7,891.7,3712.0,973.8,2421.3,1306.0,4080.3,6824.9,5185.5,1590.6,492.2
2026-08-05 23:00:00,706.6,280.2,1078.2,541.6,669.8,175.4,13.5,321.2,312.2,54.3,238.8,1555.5,2062.0,3395.8,1576.1,1294.6,235.3,24.0,995.2,2082.1,444.8,500.7,4917.1,5181.2,2348.6,652.3,4412.6,5347.6,2529.3,2395.9,1598.0,3274.7,881.1,3570.5,973.3,1980.0,1307.0,4040.8,6698.3,5305.4,1552.0,442.9
2026-08-05 23:15:00,701.1,284.3,1061.6,525.8,655.4,167.2,21.9,321.2,300.4,50.1,233.7,1555.1,2070.6,3416.3,1535.8,1296.8,235.6,23.5,986.9,2086.6,433.6,505.2,4883.5,5055.2,2315.6,656.3,4395.5,5316.3,2545.6,2369.3,1595.5,3298.4,872.1,3564.1,972.2,1981.5,1281.4,4012.1,6621.6,5262.4,1525.3,445.3
2026-08-05 23:30:00,736.5,288.8,1035.6,495.8,656.5,171.3,21.1,321.2,304.7,18.9,223.4,1578.0,2081.5,3524.2,1531.4,1296.7,215.9,23.1,981.5,2106.2,433.7,513.1,4840.4,4936.1,2285.5,661.4,4383.0,5301.4,2525.1,2270.4,1596.4,3318.1,867.1,3576.9,970.9,1983.2,1258.7,3989.6,6548.4,5253.1,1507.4,448.4
2026-08-05 23:45:00,734.8,287.6,1016.0,497.4,680.6,175.2,15.5,321.3,293.6,18.9,219.5,1554.3,2277.5,3253.5,1511.6,1278.5,221.2,12.8,979.6,2128.2,424.4,523.6,4801.0,4776.9,2248.2,665.2,4366.4,5257.8,2517.0,2266.3,1593.2,3314.6,865.7,3560.8,969.9,1985.0,1240.3,3961.6,6463.6,5282.7,1486.3,457.0
2026-08-06 00:00:00,642.0,235.4,977.4,362.7,654.4,159.7,36.9,115.4,291.0,49.0,129.6,1455.2,3883.5,4198.1,1191.3,1178.8,168.5,32.0,993.4,1989.4,392.6,507.4,4698.1,4775.9,2157.1,838.2,4127.6,4974.3,2495.5,2148.3,1489.0,3189.4,870.4,3550.3,1001.4,2050.0,1351.6,3343.0,6242.7,5563.5,1399.3,523.8
2026-08-06 00:15:00,643.7,236.5,969.5,367.8,668.1,161.0,38.6,115.4,284.6,51.4,125.9,1455.3,3964.6,4217.1,1398.2,1404.3,168.5,31.4,989.1,1933.4,384.7,508.4,4684.3,4681.5,2127.7,841.3,4108.7,4908.1,2491.1,2147.1,1486.6,3186.0,859.2,3525.2,999.0,2053.5,1349.8,3285.3,6183.9,5582.3,1377.7,521.0
2026-08-06 00:30:00,639.7,237.3,962.8,347.9,660.4,161.7,39.8,115.4,281.4,51.7,108.1,1425.2,3942.5,3566.2,1467.6,1489.7,168.5,50.6,980.6,1992.5,377.9,531.0,4676.0,4612.5,2098.5,845.6,4089.3,4939.7,2481.0,2149.2,1480.9,3170.1,855.0,3508.1,996.6,2056.8,1346.7,3284.2,6143.6,5604.4,1374.6,516.5
2026-08-06 00:45:00,647.7,238.0,954.8,361.2,657.7,156.0,39.2,115.4,281.2,53.7,104.6,1439.7,3816.8,2931.6,1466.7,1510.4,168.5,50.1,977.0,2007.6,376.0,520.4,4665.7,4571.2,2066.4,848.5,4071.8,4893.9,2470.6,2151.5,1481.9,3167.9,845.3,3480.1,991.6,2060.6,1340.4,3260.5,6132.7,5574.6,1356.0,508.4
2026-08-06 01:00:00,637.5,238.7,921.9,363.5,650.8,164.7,38.3,113.4,276.7,49.1,148.2,1436.8,3868.7,2994.3,1420.3,1474.8,161.8,38.8,978.7,1987.2,371.4,536.0,4610.6,4617.2,2008.1,889.1,3503.0,4357.0,2440.5,2088.3,1453.6,3114.4,830.8,3424.4,985.0,1777.8,1338.3,3219.5,5987.5,5620.9,1335.7,469.7
2026-08-06 01:15:00,637.7,240.1,916.5,373.6,645.5,165.3,40.1,113.4,272.1,49.4,115.1,1436.9,3832.5,2997.6,1401.4,1460.9,161.8,38.7,960.1,1997.6,368.9,519.9,4593.5,4501.5,1986.0,888.5,3490.2,4325.0,2433.3,2087.1,1450.6,3109.2,827.7,3411.5,980.7,1783.3,1331.5,3224.0,5955.7,5630.3,1333.7,461.9
2026-08-06 01:30:00,638.6,241.0,911.0,378.1,641.4,157.8,40.5,113.4,274.5,49.5,117.4,1462.0,3956.8,3097.6,1387.7,1448.2,161.8,38.7,956.7,2034.2,367.4,517.1,4581.4,4444.6,1967.8,891.6,3479.5,4255.2,2429.8,2088.4,1449.7,3105.1,824.5,3396.5,976.8,1788.8,1323.9,3211.4,5909.2,5602.5,1325.5,459.4
2026-08-06 01:45:00,636.9,242.4,901.7,365.0,638.6,157.9,40.5,113.4,270.5,44.2,114.0,1436.8,3887.4,3084.9,1379.0,1424.6,161.8,36.1,953.8,2092.9,364.4,518.1,4572.2,4386.4,1946.2,889.9,3465.5,4108.8,2424.8,2092.8,1449.1,3069.7,822.2,3385.3,971.6,1794.4,1313.9,3225.7,5867.2,5613.1,1315.8,452.3
2026-08-06 02:00:00,634.8,244.0,912.4,411.8,635.6,165.7,31.0,111.1,271.9,39.2,114.6,1446.8,3814.1,3171.7,1381.3,1394.1,92.9,53.1,934.7,2161.0,355.6,541.7,4548.0,4442.2,1907.0,911.2,3221.1,3697.3,2400.6,1974.0,1437.7,3085.7,816.0,3443.3,965.5,1540.4,1313.4,3270.5,5833.4,5669.4,1314.0,450.3
2026-08-06 02:15:00,636.0,245.6,908.7,396.5,632.0,165.5,31.2,110.9,250.5,36.8,108.0,1447.8,3683.4,3149.6,1481.1,1491.5,92.9,52.7,932.1,2178.3,352.3,537.0,4549.1,4420.5,1892.4,911.2,3211.5,3679.9,2396.9,1977.5,1436.6,3081.9,812.7,3324.7,960.0,1547.5,1311.1,3270.2,5811.4,5643.6,1311.8,443.2
2026-08-06 02:30:00,630.8,247.6,901.3,367.4,630.5,157.9,31.4,110.9,270.0,32.8,117.8,1451.1,3668.3,3173.5,1563.9,1542.3,93.0,52.4,928.2,2199.7,353.9,510.1,4534.0,4364.5,1886.0,911.5,3204.1,3670.1,2401.3,1977.1,1436.9,3076.6,809.7,3216.8,954.3,1555.5,1316.6,3312.0,5800.4,5650.9,1302.3,431.6
2026-08-06 02:45:00,621.7,249.7,896.8,355.8,630.5,157.5,31.5,110.8,264.6,32.7,128.7,1452.0,3738.2,3223.2,1576.5,1528.6,92.9,52.2,924.1,2219.9,348.3,470.0,4531.1,4366.7,1871.2,912.3,3199.0,3659.1,2397.6,1978.2,1436.4,3070.3,803.2,3102.4,946.8,1563.1,1328.7,3347.7,5823.6,5667.3,1296.9,427.4
2026-08-06 03:00:00,696.7,251.9,884.5,341.9,631.4,130.8,44.3,76.3,272.5,7.4,145.5,1458.6,3762.4,3460.8,1558.4,1500.1,100.7,52.2,892.5,2295.0,341.2,525.7,4484.5,4551.9,1855.9,922.3,3391.6,3580.6,2384.1,1821.6,1435.9,2928.4,803.3,2778.3,942.3,1477.9,1354.6,3431.9,5769.5,5741.5,1289.2,428.9
2026-08-06 03:15:00,694.8,252.5,881.3,322.5,630.7,131.5,44.3,76.3,309.7,4.1,153.3,1458.5,3730.3,3497.1,1553.9,1462.1,100.7,28.3,889.7,2312.7,336.0,520.2,4475.7,4525.5,1847.4,923.4,3389.8,3550.5,2384.7,1820.1,1438.8,2924.9,798.9,2715.8,933.6,1485.5,1363.7,3426.8,5756.2,5724.9,1282.2,425.7
2026-08-06 03:30:00,693.3,253.1,884.4,314.4,630.7,126.3,44.3,76.3,323.5,4.1,159.1,1459.0,3844.2,3529.0,1554.4,1446.1,100.7,29.1,887.0,2328.3,331.4,520.2,4469.5,4490.4,1843.9,920.1,3385.3,3427.6,2380.1,1816.2,1434.4,2911.2,797.6,2669.5,923.4,1492.4,1364.5,3461.3,5737.4,5710.7,1283.0,420.8
2026-08-06 03:45:00,692.4,253.4,888.6,308.1,632.7,131.2,44.2,76.3,323.0,4.1,145.3,1458.7,3982.8,3597.3,1560.7,1439.9,100.7,30.2,884.8,2344.7,326.9,520.3,4470.9,4481.0,1839.5,921.0,3384.7,3345.6,2377.7,1813.6,1432.9,2899.9,797.8,2649.0,910.0,1499.5,1353.5,3487.4,5712.4,5722.7,1277.9,416.0
2026-08-06 04:00:00,723.2,254.1,919.1,366.5,603.8,152.4,42.0,88.8,327.4,4.5,116.9,1446.6,4055.3,3692.9,1585.1,1402.4,160.3,26.1,875.3,2252.1,333.7,514.6,4528.4,4512.9,1825.4,896.5,3175.6,3256.5,2370.7,1708.3,1429.5,2925.4,799.6,2355.4,895.1,1371.5,1359.0,3376.2,5699.6,5730.0,1300.3,402.7
2026-08-06 04:15:00,721.6,256.1,931.8,365.9,591.9,153.8,41.8,88.8,329.0,4.5,124.4,1446.5,3884.3,3708.3,1582.0,1391.5,160.2,50.6,873.0,2248.8,334.0,474.1,4554.1,4451.6,1827.8,896.6,3175.1,3239.5,2372.2,1708.4,1430.2,2914.0,797.4,2352.3,891.5,1388.5,1344.9,3420.1,5675.2,5736.9,1305.5,396.3
2026-08-06 04:30:00,691.9,260.8,953.9,333.2,627.9,154.7,41.3,88.8,330.8,4.5,120.3,1446.4,3933.7,3745.0,1531.2,1394.1,160.2,50.0,871.2,2294.0,330.5,486.2,4583.9,4457.4,1823.7,896.7,3174.2,3173.9,2369.2,1709.2,1430.7,2901.9,795.0,2349.6,891.0,1403.6,1337.9,3465.4,5694.9,5741.2,1302.9,387.8
2026-08-06 04:45:00,669.8,265.9,982.9,334.3,631.7,159.2,39.3,88.9,313.5,4.5,112.5,1445.5,3821.8,3796.5,1536.3,1390.0,160.2,49.4,870.0,2318.3,329.3,411.9,4622.4,4458.3,1824.4,896.5,3174.7,3159.9,2366.8,1708.4,1432.2,2896.1,795.1,2324.0,891.7,1418.2,1336.7,3504.4,5710.7,5747.9,1308.0,380.9
2026-08-06 05:00:00,655.1,266.4,1012.1,472.9,657.0,101.4,43.7,116.4,305.1,2.8,90.1,1456.2,3831.3,4019.6,1586.3,1371.5,71.7,46.1,873.9,2364.4,337.8,532.7,4819.5,4425.0,1847.6,901.7,3354.5,3278.9,2297.5,1749.2,1429.6,3019.7,794.3,2391.1,895.2,1476.0,1379.2,3549.8,5737.1,5752.0,1325.0,368.6
2026-08-06 05:15:00,656.5,267.1,1033.7,473.5,665.7,106.7,42.4,116.4,320.8,2.8,109.3,1454.9,4153.2,4024.7,1595.7,1362.3,71.7,67.2,876.1,2454.7,338.0,526.7,4859.2,4444.9,1862.7,901.3,3369.4,3450.5,2304.0,1751.2,1434.3,3018.7,794.4,2428.4,900.2,1488.1,1390.5,3573.3,5750.7,5764.9,1336.2,355.8
2026-08-06 05:30:00,664.7,268.3,1043.0,551.9,652.4,139.5,43.0,116.4,328.9,2.8,109.4,1452.6,4123.8,4038.9,1557.4,1365.1,71.7,68.0,878.6,2465.4,339.2,487.4,4880.0,4436.6,1875.3,901.5,3436.3,3505.7,2305.8,1751.8,1434.2,3016.9,798.1,2427.5,904.7,1499.5,1407.8,3585.2,5798.6,5759.0,1346.1,340.1
2026-08-06 05:45:00,673.6,271.4,1045.2,541.6,667.3,166.9,43.7,116.4,332.9,2.8,97.3,1455.1,3728.2,4109.6,1548.3,1381.7,71.7,71.2,885.0,2476.7,341.8,504.3,4910.9,4494.6,1897.8,897.9,3447.0,3539.8,2323.4,1758.7,1436.8,3018.1,804.4,2460.7,911.8,1510.2,1425.7,3620.9,5859.0,5771.1,1365.0,330.2
2026-08-06 06:00:00,676.4,325.3,1047.4,502.3,710.3,152.5,42.4,94.5,320.0,34.6,103.9,1566.6,3975.8,4170.4,1633.4,1451.2,70.2,67.9,1062.8,2483.7,394.4,407.7,5005.8,4490.0,1993.5,899.3,3310.8,3571.8,2399.2,2004.3,1466.5,2911.8,798.9,3014.8,931.3,1962.4,1285.6,3588.9,6115.1,5817.2,1404.9,326.8
2026-08-06 06:15:00,691.2,320.9,1031.9,508.1,701.4,220.2,42.1,94.7,323.8,39.6,102.2,1558.6,3834.3,4240.7,1630.4,1472.6,70.2,72.0,1068.3,2496.2,399.9,316.3,5040.7,4493.4,2039.6,898.8,3338.7,3583.4,2413.4,2000.7,1473.8,2921.8,805.9,3151.2,941.7,1973.0,1307.1,3608.8,6199.5,5868.4,1435.5,331.6
2026-08-06 06:30:00,692.9,344.2,988.6,497.1,728.6,218.4,44.8,94.9,312.2,68.7,109.1,1554.9,3802.5,4208.9,1590.0,1484.3,70.2,55.3,1078.1,2522.2,406.1,354.6,5072.4,4599.5,2069.5,899.2,3373.9,3585.4,2425.1,2003.9,1477.5,2931.0,811.5,3178.0,951.5,1986.6,1325.4,3684.8,6292.7,5835.3,1460.0,325.8
2026-08-06 06:45:00,678.1,355.5,942.7,502.8,733.2,286.8,45.6,95.4,318.9,78.3,113.6,1574.9,3817.8,4711.1,1582.1,1505.1,70.2,58.8,1082.6,2551.2,409.2,332.7,5105.7,4597.6,2115.7,899.3,3409.4,3567.4,2438.4,1995.5,1481.7,2936.1,817.1,3156.7,959.3,2001.2,1339.4,3708.9,6366.2,5853.5,1493.9,324.9
2026-08-06 07:00:00,714.3,370.5,910.2,488.5,736.8,325.9,20.5,117.4,352.8,57.2,126.5,1483.9,4103.9,5772.7,1598.6,1490.8,64.4,97.6,1248.7,2773.2,417.9,576.6,5249.7,4806.1,2226.3,864.9,3642.7,3303.3,2516.2,2084.0,1515.0,3039.5,842.2,3364.3,976.5,2342.2,1423.3,3694.3,6573.1,5870.1,1547.6,329.1
2026-08-06 07:15:00,714.3,391.9,870.6,504.9,742.4,376.1,26.0,118.1,347.9,58.2,130.8,1479.2,4324.8,5766.8,1590.2,1513.7,64.3,79.2,1247.9,2759.0,411.8,576.5,5281.2,4764.7,2263.1,865.8,3679.4,3287.2,2528.5,2072.8,1520.3,3040.2,857.8,3346.4,983.2,2363.9,1429.3,3701.2,6624.4,5876.1,1569.6,341.9
2026-08-06 07:30:00,705.4,390.9,819.0,515.6,744.8,359.5,26.1,120.2,341.7,61.0,142.5,1488.5,4311.9,4488.5,1552.2,1549.7,64.3,80.4,1244.6,2817.8,411.5,628.8,5304.0,4721.8,2291.5,865.5,3649.1,3283.5,2539.3,2074.9,1525.3,3040.7,866.4,3420.1,987.5,2383.5,1428.6,3712.2,6665.9,5897.0,1580.1,355.7
2026-08-06 07:45:00,686.8,407.1,768.5,540.7,751.9,386.8,25.7,122.3,336.1,60.7,162.6,1492.8,4455.7,4518.5,1533.7,1581.4,80.3,61.9,1304.4,2864.3,417.1,567.3,5317.6,4595.0,2326.3,866.1,3732.6,3254.8,2552.4,2065.1,1534.2,3041.6,873.0,3386.0,991.9,2409.2,1434.4,3680.2,6713.3,5969.9,1589.1,373.7
2026-08-06 08:00:00,684.3,410.8,753.8,334.6,755.8,537.0,63.1,10.1,328.3,24.7,166.9,1469.4,4532.8,4810.1,1736.0,1678.5,47.4,97.9,1466.1,2749.2,394.7,722.7,5387.4,4880.2,2398.5,828.6,3741.7,3520.9,2636.0,1948.6,1558.8,3036.5,891.4,3401.6,985.6,2251.9,1447.6,3676.4,6736.3,5932.4,1583.6,411.4
2026-08-06 08:15:00,674.5,411.6,708.9,358.7,760.8,506.4,63.6,11.0,311.1,23.0,168.8,1441.5,4520.8,4651.4,1692.2,1706.8,64.1,78.7,1460.5,2757.9,397.1,719.8,5399.9,4780.8,2425.4,825.4,3753.5,3206.9,2645.1,1940.7,1559.3,3036.7,896.8,3412.2,984.4,2270.9,1451.0,3652.8,6749.5,5985.1,1571.8,434.3
2026-08-06 08:30:00,664.7,427.6,673.8,391.6,765.8,505.5,64.4,12.0,294.9,28.2,170.1,1454.3,4747.3,4243.2,1629.7,1489.0,64.1,85.5,1449.3,2835.1,398.9,549.0,5405.6,4635.4,2438.6,825.3,3895.0,3083.8,2646.3,1938.9,1560.7,3036.2,901.2,3033.7,986.8,2285.6,1455.0,3617.5,6764.9,6032.7,1558.7,459.3
2026-08-06 08:45:00,660.1,448.0,645.9,424.3,770.6,478.1,65.0,12.9,279.1,33.5,194.5,1468.5,5281.9,3888.2,1576.9,1135.5,47.3,77.4,1465.9,2865.3,464.7,494.0,5414.2,4594.9,2462.4,825.2,3968.5,2794.8,2655.9,1930.4,1561.6,3035.4,906.2,2771.4,992.4,2299.7,1461.1,3630.6,6799.0,6066.3,1560.0,483.2
2026-08-06 09:00:00,674.6,486.5,621.9,471.2,773.5,617.4,97.4,13.7,283.0,43.6,187.2,1478.2,4320.9,4218.5,1513.0,1101.8,42.4,181.1,1436.4,3401.6,396.6,633.9,5479.9,4718.6,2522.8,792.7,4235.9,2603.0,2507.7,1699.5,1573.5,3033.8,900.0,2360.5,999.6,1704.5,1468.2,3519.1,6755.5,6215.3,1519.5,501.1
2026-08-06 09:15:00,667.3,506.9,598.6,495.5,785.5,592.6,98.1,14.6,263.7,41.8,167.2,1461.6,5131.4,4434.4,1447.9,1118.2,42.4,141.5,1448.2,3157.7,457.1,394.9,5477.9,4664.9,2541.1,793.6,4244.8,2209.2,2510.9,1688.2,1576.2,3039.9,918.4,2148.0,1003.1,1717.3,1468.2,3480.1,6738.5,6228.3,1514.8,532.0
2026-08-06 09:30:00,666.9,522.8,579.4,513.1,791.3,563.9,101.5,15.4,243.1,59.3,166.5,1480.5,5262.3,4521.1,1439.0,1107.3,58.9,129.4,1456.0,3049.5,453.4,402.8,5471.8,4652.4,2560.5,797.3,4270.4,1880.9,2511.4,1668.5,1574.5,3030.9,933.5,1890.4,1004.6,1730.4,1471.0,3490.3,6732.8,6285.8,1505.7,565.7
2026-08-06 09:45:00,654.2,465.4,555.2,523.5,795.8,562.1,102.4,16.2,235.0,75.6,204.8,1497.0,5215.9,4611.4,1414.8,1148.9,42.4,139.0,1528.8,3020.0,460.9,387.7,5468.0,4698.5,2571.5,798.3,4273.9,1861.7,2518.3,1657.7,1577.4,2986.4,934.0,1818.9,1007.7,1744.8,1476.1,3388.5,6716.5,6339.8,1499.4,601.2
2026-08-06 10:00:00,718.1,590.9,536.6,564.9,800.8,551.6,112.7,43.4,255.9,92.3,435.3,1562.1,5208.6,5120.5,1527.1,1168.1,241.6,104.4,1463.7,2822.5,551.4,419.4,5548.6,4641.3,2608.2,779.5,4039.6,1922.1,2506.6,1626.7,1575.5,3007.9,910.7,1643.9,1007.9,1456.3,1468.4,3289.9,6764.3,6431.7,1490.0,620.8
2026-08-06 10:15:00,705.8,598.2,517.8,587.5,801.1,562.9,110.4,44.1,247.4,107.4,457.9,1570.5,5754.0,5245.6,1464.6,1195.6,241.6,113.5,1462.4,2737.8,563.4,418.1,5547.0,4609.3,2619.1,780.3,4041.2,1941.1,2513.0,1598.8,1580.8,2941.8,916.7,1655.2,1009.3,1473.8,1463.4,3299.0,6748.1,6468.9,1483.6,667.1
2026-08-06 10:30:00,699.0,564.4,507.7,608.2,798.0,558.9,115.2,44.6,232.9,123.1,471.7,1600.2,6101.0,5311.1,1442.3,1164.5,241.6,109.4,1524.9,2642.3,577.8,392.8,5553.2,4654.5,2624.2,780.3,4041.3,1963.2,2690.0,1619.2,1578.8,2908.2,915.8,1720.1,1010.8,1493.1,1453.7,3251.9,6731.7,6490.3,1472.1,714.5
2026-08-06 10:45:00,696.9,543.5,494.1,629.7,795.6,391.3,117.1,45.1,219.0,123.8,459.7,1617.5,6041.3,5385.9,1462.3,1107.0,241.6,88.1,1567.0,1795.8,574.8,299.6,5546.2,4651.5,2626.2,780.6,4044.0,1966.0,2707.1,1584.7,1576.6,2878.7,913.5,1794.7,1015.2,1472.6,1433.7,2970.2,6715.5,6503.8,1468.1,750.0
2026-08-06 11:00:00,653.5,558.3,720.4,648.3,790.9,360.1,162.1,33.2,230.4,139.2,401.3,1738.9,6094.2,5660.5,1543.1,1146.8,215.4,86.2,1720.4,1732.0,582.9,213.3,5572.5,4682.1,2637.3,852.7,3964.2,1942.1,2670.7,1684.9,1591.3,2809.7,923.7,2040.2,1019.4,1308.4,1464.9,2764.6,6666.9,6535.4,1463.3,807.2
2026-08-06 11:15:00,654.8,558.2,933.8,657.6,794.2,491.2,160.4,33.6,228.8,162.2,411.4,1753.7,6139.5,5391.7,1490.2,1169.6,215.4,63.8,1705.2,1738.1,568.5,208.1,5555.9,4708.1,2648.3,853.0,3963.8,1942.9,2674.5,1691.8,1589.9,2774.1,919.6,2038.9,1019.1,1316.0,1448.5,2770.0,6660.4,6512.2,1458.9,810.6
2026-08-06 11:30:00,650.4,566.9,1144.4,659.9,800.6,466.7,152.8,34.0,226.4,145.6,414.0,1773.1,6110.3,5179.5,1441.1,1199.0,215.4,80.9,1702.2,1745.9,564.7,218.3,5549.2,4769.4,2649.5,853.2,3958.7,1929.7,2671.3,1698.4,1589.0,2765.1,920.1,2029.9,1018.4,1330.7,1441.3,2791.7,6649.9,6532.1,1445.7,835.8
2026-08-06 11:45:00,648.2,528.8,1142.1,665.9,807.9,439.7,160.0,34.2,224.5,161.5,402.8,1785.1,6416.2,4829.4,1400.8,1201.4,215.4,57.5,1701.0,1752.2,553.8,131.2,5532.3,4823.4,2654.7,853.6,3958.7,1921.2,2675.9,1705.0,1591.5,2747.9,923.7,2041.7,1018.4,1341.2,1439.5,2757.7,6651.5,6545.2,1432.5,868.9
2026-08-06 12:00:00,604.4,550.3,1147.2,650.6,813.9,367.3,182.4,60.9,187.9,182.1,353.5,1883.7,6449.9,5143.4,1313.9,1065.1,313.9,62.3,1803.3,1752.3,567.3,189.1,5524.0,4829.8,2672.9,833.8,4102.3,2238.3,2636.3,1700.4,1757.6,2696.6,920.9,2146.9,1023.7,1278.7,1407.6,2578.0,6691.9,6586.5,1398.9,922.1
2026-08-06 12:15:00,605.2,569.2,1153.1,659.1,817.5,321.1,184.8,61.0,183.5,195.9,345.9,1897.1,6453.4,4768.8,1280.5,1080.9,313.9,62.1,1808.7,1744.3,562.9,129.9,5500.0,4885.6,2677.6,834.2,4088.5,2215.7,2635.7,1708.9,1757.3,2676.1,920.0,2140.9,1025.4,1278.0,1411.7,2579.4,6687.8,6557.4,1385.4,925.2
2026-08-06 12:30:00,601.0,578.1,1158.5,665.6,818.1,297.8,183.8,61.1,180.4,198.4,345.8,1909.2,6461.0,4677.5,1263.2,980.2,313.9,62.7,1820.9,1677.1,559.3,137.5,5571.4,4980.5,2683.1,834.9,4081.7,2204.1,2632.3,1718.6,1757.1,2647.3,921.1,2137.0,1026.2,1272.9,1413.6,2587.6,6690.0,6561.4,1386.6,921.8
2026-08-06 12:45:00,597.0,587.3,1164.7,665.1,815.4,261.1,176.1,61.2,177.3,203.6,343.0,1918.3,7334.3,4633.4,1235.0,1120.0,313.9,63.4,1814.0,1691.3,555.4,144.4,5575.9,5024.7,2686.3,834.9,4070.1,2202.8,2636.5,1727.9,1761.2,2549.1,915.7,2115.4,1025.2,1262.8,1415.6,2597.7,6690.0,6567.9,1378.4,944.4
2026-08-06 13:00:00,593.3,552.2,1113.3,615.5,815.7,241.0,216.3,59.4,205.7,202.7,430.9,1939.0,7958.8,4225.3,1198.5,1180.0,291.9,59.6,1880.9,1765.3,561.5,150.5,5521.9,5106.5,2678.1,865.4,4530.9,2431.5,2604.1,1751.5,1739.4,2398.7,916.9,2223.5,1023.2,1225.6,1446.0,2496.9,6857.3,6730.9,1341.2,971.1
2026-08-06 13:15:00,595.8,557.0,1125.5,610.2,804.1,336.7,212.7,59.1,205.3,211.3,426.5,1944.3,8012.9,4183.4,1195.0,1171.8,291.9,60.6,1895.9,1766.6,556.7,157.2,5526.9,5153.9,2680.0,864.5,4517.6,2421.7,2608.8,1758.6,1737.2,2389.4,918.9,2220.7,1023.7,1210.6,1476.3,2508.8,6884.3,6647.8,1334.8,948.1
2026-08-06 13:30:00,593.9,565.7,1136.7,598.2,795.3,328.9,211.1,58.7,205.3,216.8,422.5,1951.7,8009.2,4203.5,1188.2,1181.0,291.9,39.5,1914.7,1768.5,551.2,164.6,5506.0,5212.8,2685.5,861.2,4501.8,2399.7,2607.6,1766.6,1740.4,2329.8,922.7,2221.4,1021.9,1104.5,1471.6,2506.5,6884.7,6687.8,1330.8,960.5
2026-08-06 13:45:00,594.4,580.0,1161.3,584.5,808.2,321.2,210.7,58.2,205.3,203.0,420.7,1955.5,8000.9,4228.6,1184.0,1182.9,291.9,40.6,1880.3,1765.5,552.8,169.8,5481.2,5264.9,2686.3,859.2,4482.8,2388.7,2608.1,1776.0,1741.0,2323.2,916.5,2218.2,1021.3,1103.5,1462.4,2407.8,6872.2,6687.5,1330.8,971.3
2026-08-06 14:00:00,603.2,527.6,1153.8,572.1,802.2,313.2,175.7,50.8,208.2,216.1,391.1,1966.2,8024.9,4475.0,1087.1,1204.6,145.7,128.3,1875.9,1766.7,581.4,175.9,5500.0,5395.4,2691.3,829.0,4435.8,2490.3,2582.8,1724.1,1740.6,2316.1,924.6,2104.3,1017.2,1095.1,1451.7,2379.5,6917.1,6700.7,1332.3,997.6
2026-08-06 14:15:00,606.7,513.7,1175.9,556.7,806.4,338.3,167.8,50.7,209.8,219.2,393.2,1968.6,7949.1,4512.8,1081.4,1103.5,145.7,138.5,1801.6,1763.7,579.0,179.6,5501.0,5430.3,2691.7,828.2,4418.7,2508.1,2583.7,1732.4,1739.3,2306.2,923.1,2100.2,1015.0,1091.8,1444.9,2394.5,6923.6,6694.7,1340.0,1005.2
2026-08-06 14:30:00,605.4,514.9,1199.8,542.0,815.5,390.7,161.5,50.6,212.8,219.8,399.2,1970.2,7908.5,4525.6,1083.5,1190.9,145.7,132.3,1798.2,1759.6,586.3,181.7,5500.9,5459.5,2687.6,828.0,4412.9,2504.4,2581.0,1724.4,1734.7,2297.1,921.4,2065.8,1015.1,1086.5,1442.4,2407.0,6895.8,6685.6,1355.0,1009.5
2026-08-06 14:45:00,606.6,504.5,1216.7,521.0,815.6,414.2,174.4,50.5,213.3,224.1,408.8,1970.9,7837.9,4588.4,1086.6,1189.8,145.7,133.6,1793.1,1759.5,585.4,186.3,5501.0,5486.8,2691.6,827.9,4416.5,2541.5,2584.8,1714.8,1734.8,2287.6,927.2,2049.0,1015.2,1085.1,1444.6,2425.9,6901.5,6671.2,1354.8,1015.8
2026-08-06 15:00:00,643.8,493.3,1007.8,486.3,823.2,217.1,135.5,25.5,214.6,218.0,419.0,1979.9,7764.7,4877.1,1121.5,1295.0,213.6,86.7,1771.1,1693.1,506.1,190.5,5501.5,5576.2,2681.0,822.4,4344.9,2561.5,2540.9,1654.6,1732.7,2300.7,927.1,1942.4,1013.7,1024.7,1452.4,2455.9,6802.8,6550.7,1358.9,1038.3
2026-08-06 15:15:00,649.7,481.0,1038.8,455.5,830.1,310.0,126.2,24.3,216.0,213.3,419.1,1978.4,7583.9,4926.6,1140.3,1295.0,188.5,95.0,1767.8,1721.2,499.7,190.3,5505.1,5589.5,2681.0,822.9,4338.8,2599.6,2542.3,1663.9,1734.0,2294.9,931.1,1927.0,1015.1,1018.4,1458.4,2528.6,6821.8,6528.0,1380.5,1036.1
2026-08-06 15:30:00,660.8,468.4,1059.9,426.4,834.1,391.3,127.0,23.0,213.1,212.7,418.1,1972.6,6440.3,4877.4,1165.9,1284.1,208.5,92.3,1764.8,1747.2,499.8,192.2,5475.1,5600.6,2683.1,822.8,4348.7,2639.4,2538.6,1673.1,1733.5,2288.4,933.4,1938.0,1015.4,1018.8,1462.4,2503.6,6826.1,6512.0,1388.2,1034.8
2026-08-06 15:45:00,672.4,460.6,873.3,366.0,831.6,273.2,127.8,21.9,210.2,205.1,421.4,1969.1,5951.9,5228.3,1206.1,1249.7,188.4,89.6,1800.9,1729.0,499.3,196.4,5483.4,5590.3,2685.7,821.8,4350.9,2672.0,2545.2,1678.9,1730.7,2282.7,930.0,1842.9,1018.2,1015.8,1463.2,2562.3,6879.7,6489.2,1393.4,1035.7
2026-08-06 16:00:00,710.8,447.6,897.0,344.7,835.3,309.6,116.7,26.3,210.4,237.0,330.2,1945.4,5983.6,5107.7,1245.3,1155.6,46.0,74.6,1638.7,1585.9,513.4,202.4,5472.0,5417.2,2681.8,783.1,4387.1,2833.2,2500.9,1782.4,1545.2,2285.7,930.5,1603.7,1019.3,1029.2,1461.4,2679.4,6856.4,6443.5,1385.6,1092.9
2026-08-06 16:15:00,736.8,458.6,922.7,317.5,840.5,356.4,110.3,25.7,202.1,223.8,335.1,1939.7,5969.6,5420.2,1326.4,1171.8,45.8,76.5,1599.2,1619.8,518.4,202.6,5474.0,5416.3,2685.8,779.0,4403.1,2864.9,2500.9,1791.8,1539.9,2308.9,938.8,1673.8,1021.8,1147.3,1465.7,2683.0,6892.2,6450.2,1394.3,1090.9
2026-08-06 16:30:00,737.3,429.0,742.8,293.1,836.8,298.3,109.2,25.0,211.3,203.2,327.9,1926.4,5938.9,5609.7,1413.8,1161.7,45.6,63.2,1616.3,1750.1,529.4,203.3,5452.8,5462.6,2689.6,774.9,4419.6,2904.8,2500.1,1800.2,1537.4,2533.2,934.4,1694.5,1022.7,1147.5,1452.6,2698.0,6942.0,6417.7,1409.0,1122.0
2026-08-06 16:45:00,745.5,470.3,782.5,274.4,853.5,330.9,107.8,26.8,211.2,197.9,333.9,1916.7,5829.0,5845.2,1412.4,1138.4,25.4,80.6,1630.7,1822.0,536.0,389.7,5381.3,5467.4,2691.0,745.6,4413.3,2924.5,2501.2,1794.6,1539.5,2584.2,934.9,1578.6,1024.6,1142.6,1411.0,2743.6,6997.0,6374.2,1435.8,1132.4
2026-08-06 17:00:00,732.2,452.7,825.4,268.8,851.3,314.1,104.0,181.0,217.4,181.2,396.7,1744.2,5929.9,5932.6,1614.4,995.2,72.1,93.4,1622.3,2219.8,554.6,655.9,5367.4,5589.5,2669.2,644.4,4509.4,3071.1,2483.0,1719.1,1531.9,2719.3,936.5,1592.8,1025.4,1218.9,1421.8,3138.0,7049.7,6377.1,1474.2,1138.9
2026-08-06 17:15:00,723.0,429.7,890.3,263.9,838.8,358.3,103.9,180.3,215.5,161.0,392.6,1729.5,5866.5,5826.5,1706.5,1049.5,72.1,93.2,1563.8,2682.8,565.0,868.1,5379.8,5651.9,2666.8,639.9,4513.8,3091.5,2482.2,1653.9,1532.4,2728.6,932.1,1483.1,1015.7,1231.3,1437.7,3331.3,7104.5,6330.5,1498.4,1150.0
2026-08-06 17:30:00,737.1,453.6,963.4,291.8,840.1,323.3,105.3,178.2,208.8,128.0,392.4,1702.2,5016.7,5751.6,1755.6,991.6,72.1,111.5,1537.0,2666.7,548.8,924.1,5388.6,5694.6,2661.7,631.9,4515.9,3061.3,2473.5,1617.5,1534.0,2788.1,976.6,1416.7,1014.3,1207.6,1447.6,3414.3,7141.0,6246.7,1518.2,1136.9
2026-08-06 17:45:00,752.2,427.4,1037.1,496.7,846.3,296.6,105.3,176.4,204.7,94.4,385.7,1684.1,5002.5,5759.8,1840.1,917.9,72.1,121.9,1520.7,2902.8,538.0,933.2,5410.9,5772.2,2661.2,627.2,4520.4,3081.7,2476.7,1654.3,1532.2,2871.6,982.0,1420.5,1015.4,1197.9,1466.9,3412.2,7180.1,6188.3,1529.5,1121.3
2026-08-06 18:00:00,752.1,434.8,1125.6,447.4,849.2,513.6,81.6,158.3,181.1,79.6,240.5,1606.7,4933.4,5553.7,1789.8,845.6,92.0,65.8,1596.3,2643.8,580.2,950.4,5421.0,5898.2,2663.2,641.4,4518.2,2897.8,2466.0,1880.1,1534.6,2768.5,973.0,1612.5,1011.0,1340.0,1471.7,3476.4,7194.4,6153.5,1572.0,1129.2
2026-08-06 18:15:00,757.3,416.4,1178.8,471.1,847.7,486.7,82.9,157.5,200.9,62.7,242.2,1585.4,4901.2,5444.4,1837.9,798.3,92.9,67.6,1574.5,2625.4,583.9,946.2,5435.2,5907.1,2661.6,636.0,4510.7,2923.2,2466.2,2022.1,1528.9,2787.5,953.6,1990.6,1008.8,1331.1,1476.2,3520.5,7229.7,6108.8,1585.4,1115.9
2026-08-06 18:30:00,775.5,391.5,1230.0,491.2,852.8,467.6,84.0,144.1,221.1,56.5,223.2,1559.7,4573.2,5549.9,1859.7,873.0,58.9,69.7,1569.8,2650.1,579.0,941.1,5446.5,5974.7,2658.4,642.0,4508.6,3147.8,2454.1,2049.5,1527.4,2832.5,945.4,2246.0,1007.3,1326.3,1480.8,3584.6,7248.3,6059.6,1597.3,1099.7
2026-08-06 18:45:00,766.2,341.7,1272.9,570.5,828.0,494.4,85.4,144.8,254.5,66.4,230.2,1540.3,4239.5,5512.9,1923.9,1196.4,59.8,64.0,1595.9,2673.5,569.2,956.4,5457.4,5970.1,2652.5,638.7,4512.8,3448.7,2444.1,2087.8,1526.1,2829.9,941.2,2505.2,1004.2,1324.6,1479.6,3607.8,7272.0,6048.7,1600.0,1082.5
2026-08-06 19:00:00,762.7,378.2,1301.4,543.6,860.8,485.1,47.6,109.0,294.9,48.2,273.4,1500.0,4531.5,5054.6,2143.6,1381.5,90.6,46.2,1468.3,2745.4,581.0,945.0,5382.8,6115.6,2629.7,690.4,4320.2,3524.9,2435.4,2380.5,1525.8,2779.5,946.1,2675.2,1000.6,1228.5,1466.8,3717.6,7342.7,5933.7,1614.7,1055.5
2026-08-06 19:15:00,770.8,416.0,1329.8,545.6,853.3,474.3,49.7,108.5,329.4,41.0,266.7,1479.3,4606.6,5313.6,2220.0,1294.9,91.5,48.2,1467.4,2717.4,594.3,940.8,5382.1,6126.7,2627.7,694.3,4241.8,3629.1,2434.7,2382.4,1525.5,2781.2,947.4,3029.0,997.6,1220.3,1464.9,3756.9,7306.3,5884.4,1613.4,1038.9
2026-08-06 19:30:00,789.2,303.6,1347.2,737.1,839.9,468.0,50.4,109.6,359.0,68.7,267.2,1472.8,4238.2,5295.6,2230.9,1226.1,92.5,59.4,1473.1,2693.9,591.8,937.4,5365.2,6109.1,2621.6,692.4,4245.5,3680.2,2429.5,2382.3,1529.3,2786.5,945.8,3192.5,995.2,1214.6,1461.1,3767.2,7311.2,5834.9,1615.1,1017.0
2026-08-06 19:45:00,781.2,298.2,1351.6,752.0,842.6,460.2,49.5,111.5,390.7,61.7,267.6,1474.9,3379.2,5342.3,2263.5,1142.1,93.5,59.7,1472.6,2740.4,578.9,957.0,5348.1,6151.2,2617.7,690.3,4215.3,3699.4,2429.8,2383.0,1527.2,2763.3,943.3,3250.9,992.5,1199.9,1458.5,3796.7,7297.8,5787.0,1615.1,998.7
2026-08-06 20:00:00,784.2,401.6,1324.5,601.5,868.6,455.2,42.8,102.2,383.5,59.6,546.1,1464.3,3286.2,5038.8,1993.6,1081.9,121.5,61.6,1445.2,2909.3,479.7,919.6,5195.0,6117.2,2597.4,733.4,4471.9,4328.7,2409.3,2470.5,1524.8,2741.3,947.3,3043.6,988.1,1133.7,1450.1,3709.3,7309.0,5857.9,1614.8,981.6
2026-08-06 20:15:00,792.4,403.1,1332.9,613.4,865.9,455.7,42.8,100.9,396.1,56.6,531.2,1454.4,2937.4,5084.1,2043.1,1035.2,121.0,71.2,1441.8,2972.6,476.8,918.0,5151.1,6073.2,2591.3,730.4,4468.5,4268.7,2407.2,2466.9,1524.4,2719.5,942.3,3048.1,985.2,1120.3,1446.3,3731.8,7291.4,5856.0,1611.8,969.4
2026-08-06 20:30:00,797.2,378.6,1332.1,641.8,866.8,456.7,42.8,102.8,404.1,54.4,515.6,1472.7,2936.3,5064.2,2027.1,948.4,120.6,64.8,1435.6,2948.7,475.8,936.2,5115.6,6124.0,2580.3,725.9,4467.7,4223.1,2403.1,2463.3,1529.1,2707.1,943.3,3052.4,983.3,1117.2,1440.9,3757.9,7270.9,5799.1,1604.0,956.8
2026-08-06 20:45:00,802.8,384.3,1326.4,650.9,875.7,450.7,42.8,102.8,408.8,54.7,508.6,1477.7,2936.5,5129.2,2013.3,928.2,120.1,71.8,1435.6,2946.6,474.1,933.2,5085.4,6152.6,2576.0,723.1,4469.9,4224.7,2402.5,2459.7,1526.3,2713.5,936.7,3050.5,981.0,1103.4,1439.2,3798.6,7253.1,5789.1,1595.0,941.1
2026-08-06 21:00:00,794.3,320.5,1304.5,635.1,828.9,453.1,46.0,85.0,426.5,57.1,508.8,1468.9,3047.6,4848.6,1872.5,827.7,47.9,82.1,1396.0,2857.7,473.1,927.1,5150.4,5991.6,2559.9,731.4,4466.8,4082.6,2403.5,2463.9,1525.6,2731.6,936.5,3120.4,979.4,1081.7,1345.0,3824.0,7236.8,5621.6,1607.5,933.3
2026-08-06 21:15:00,801.9,324.9,1281.5,627.2,844.6,456.9,46.0,72.3,426.6,55.9,507.3,1476.3,2878.0,4689.4,1929.8,834.0,48.0,88.6,1360.9,2861.0,468.3,927.0,5173.5,6052.3,2549.8,731.9,4465.4,4075.0,2408.2,2464.1,1524.9,2730.2,931.6,3113.6,976.9,1068.2,1330.3,3891.4,7196.3,5593.6,1594.7,931.9
2026-08-06 21:30:00,807.8,307.8,1246.1,624.6,845.2,447.7,46.0,71.2,426.8,53.6,509.2,1468.4,2853.7,4619.4,1966.1,837.1,82.9,86.7,1354.1,2846.3,461.8,928.3,5158.6,6068.1,2535.1,736.8,4467.1,4237.6,2398.8,2456.4,1526.5,2700.9,930.4,3111.7,973.2,1052.3,1326.5,3933.2,7163.8,5544.0,1592.7,930.9
2026-08-06 21:45:00,798.3,300.3,1201.0,555.6,827.7,452.1,46.0,77.4,423.0,50.3,507.3,1464.7,3030.2,4597.5,1981.9,833.5,82.8,76.5,1357.0,2862.7,456.9,917.4,5136.3,6129.2,2528.0,741.6,4462.2,4468.9,2397.2,2452.6,1526.8,2695.3,926.0,3116.7,969.7,1039.7,1318.0,3812.5,7125.2,5530.3,1584.0,927.6
2026-08-06 22:00:00,766.4,335.0,1163.9,609.4,812.7,279.6,41.0,117.9,389.6,46.7,229.7,1472.2,2658.0,4727.2,1835.3,845.6,139.0,75.9,1306.1,2896.2,409.4,943.7,5024.4,6208.1,2502.7,741.0,4470.7,4267.7,2412.1,2408.8,1515.6,2594.5,929.3,3208.7,964.8,929.5,1366.9,3866.4,6987.1,5411.7,1548.4,931.6
2026-08-06 22:15:00,753.0,341.6,1131.5,535.7,790.1,278.3,41.0,118.0,389.8,46.6,209.2,1472.3,2660.1,4414.5,1807.6,839.0,124.4,73.4,1299.2,2892.9,406.0,923.4,4967.8,6182.8,2487.6,743.8,4466.4,4245.9,2407.1,2405.0,1512.2,2579.0,925.7,3210.3,966.5,913.9,1359.8,3757.0,6925.1,5392.9,1519.1,909.5
2026-08-06 22:30:00,737.2,348.0,1100.9,451.1,773.0,293.0,41.0,118.0,384.6,46.7,222.6,1473.9,2669.1,4360.4,1818.8,852.3,142.0,61.3,1299.6,2882.6,396.7,922.7,4910.6,6108.7,2458.0,750.8,4456.0,4260.1,2403.1,2403.9,1508.5,2511.9,917.9,3195.7,963.0,907.7,1353.0,3695.4,6857.3,5347.6,1496.8,905.0
2026-08-06 22:45:00,726.6,314.6,1071.2,446.6,758.0,275.6,41.0,118.0,381.7,46.9,204.2,1471.4,2825.7,4233.4,1814.1,812.3,140.9,59.5,1293.9,2875.4,402.1,922.2,4888.2,6136.2,2438.0,752.3,4443.3,4178.2,2400.3,2400.5,1506.6,2449.2,913.7,3179.6,958.2,903.8,1360.1,3643.4,6789.8,5328.8,1474.9,820.1
2026-08-06 23:00:00,708.5,386.6,1035.0,402.1,738.6,175.4,16.4,98.3,382.0,47.8,180.5,1452.9,2452.7,4174.3,1690.9,816.9,53.3,43.4,1298.7,2734.4,365.5,949.9,4820.6,6148.8,2363.2,752.7,4306.0,4200.6,2393.3,2400.4,1499.5,2359.3,901.0,3194.4,954.1,899.3,1346.9,3540.6,6678.3,5283.0,1404.2,783.1
2026-08-06 23:15:00,703.6,369.3,1012.4,374.8,723.2,177.1,24.6,98.3,378.5,48.2,171.8,1452.9,2479.0,4119.5,1669.3,797.2,53.0,42.6,1293.9,2716.8,362.6,939.0,4799.8,6140.7,2330.6,754.2,4289.7,4168.4,2389.2,2400.5,1496.7,2264.0,893.2,3182.4,949.4,900.1,1334.2,3497.2,6603.9,5269.4,1375.1,763.5
2026-08-06 23:30:00,700.0,322.9,986.1,374.4,709.2,180.0,23.2,98.3,366.5,23.7,161.8,1453.5,2512.1,4087.7,1679.6,804.2,32.7,42.1,1289.8,2718.1,366.2,938.8,4786.8,6146.7,2302.7,757.0,4277.2,4152.2,2379.4,2400.0,1496.3,2256.1,887.4,3161.7,945.0,860.4,1349.9,3484.2,6532.3,5215.6,1358.2,717.8
2026-08-06 23:45:00,696.3,295.6,963.4,368.3,705.6,183.4,23.8,98.3,357.8,14.0,152.8,1460.8,3136.4,4043.2,1656.7,792.6,32.4,51.8,1286.2,2720.0,359.3,937.1,4767.7,6102.5,2265.2,760.0,4256.9,4111.7,2373.6,2401.4,1493.4,2257.7,884.3,3140.5,940.0,855.7,1333.1,3391.7,6447.2,5213.5,1334.6,722.9
