date,EE_buy,EE_sell,LT_buy,LT_sell,LV_buy,LV_sell,AT_buy,AT_sell,BE_buy,BE_sell,FR_buy,FR_sell,GER_buy,GER_sell,NL_buy,NL_sell,PL_buy,PL_sell,DK1_buy,DK1_sell,DK2_buy,DK2_sell,FI_buy,FI_sell,NO1_buy,NO1_sell,NO2_buy,NO2_sell,NO3_buy,NO3_sell,NO4_buy,NO4_sell,NO5_buy,NO5_sell,SE1_buy,SE1_sell,SE2_buy,SE2_sell,SE3_buy,SE3_sell,SE4_buy,SE4_sell
2026-09-08 00:00:00,753.5,397.0,944.5,360.1,678.9,99.8,46.6,27.1,289.5,31.8,177.3,1386.6,3576.5,2692.9,1400.3,1756.2,73.7,88.7,1022.2,1339.0,441.8,1136.4,4896.7,6864.7,2405.5,1282.1,4021.6,4215.4,2536.9,1766.4,1672.5,2102.8,829.9,2622.2,937.7,1281.5,1392.4,3316.0,6873.1,4480.9,1436.7,648.2
2026-09-08 00:15:00,745.8,394.8,929.4,327.7,668.8,102.4,47.7,27.1,287.0,12.1,160.6,1361.6,3610.5,2658.3,1422.8,1744.5,73.7,83.8,1037.2,1282.7,444.9,1106.7,4896.9,6844.1,2378.3,1281.3,3997.5,4417.1,2528.8,1772.4,1668.6,2086.0,824.9,2571.4,943.3,1268.0,1386.1,3306.6,6833.8,4467.1,1431.7,643.4
2026-09-08 00:30:00,742.0,396.9,914.5,343.7,662.2,104.6,48.3,17.1,281.2,9.8,155.8,1351.8,3653.7,2682.8,1414.1,1736.6,73.7,83.3,1044.3,1250.7,449.4,1076.7,4871.5,6720.1,2336.6,1279.8,3967.1,4433.2,2519.5,1770.1,1663.3,2076.3,821.5,2524.8,932.5,1260.8,1384.2,3325.5,6786.0,4453.8,1431.3,637.7
2026-09-08 00:45:00,736.2,398.9,901.0,362.4,655.4,107.5,48.2,17.1,280.9,10.0,142.3,1353.4,3727.4,2698.1,1400.0,1750.0,73.7,93.0,1048.9,1226.8,455.6,1050.7,4945.2,6713.1,2293.4,1278.0,3945.7,4358.7,2512.1,1780.2,1665.2,2064.2,816.8,2473.1,924.2,1258.1,1384.1,3331.7,6761.6,4441.4,1421.7,631.6
2026-09-08 01:00:00,731.8,357.7,901.2,384.1,668.5,112.5,54.9,29.1,286.0,44.8,174.6,1369.8,3715.4,2727.7,1336.6,1727.2,69.8,128.6,1029.1,1212.5,464.4,1034.9,4907.7,6738.8,2247.6,1260.9,3697.8,4248.4,2459.3,1762.3,1629.3,2026.8,807.1,2437.1,919.8,1246.2,1370.0,3246.2,6613.6,4427.5,1411.3,623.6
2026-09-08 01:15:00,736.9,360.3,910.8,409.5,663.2,112.4,54.4,29.1,281.6,41.9,166.5,1364.2,3768.7,2741.5,1315.3,1697.8,69.8,118.5,1032.1,1193.9,463.9,1015.8,4897.7,6732.7,2218.6,1258.9,3678.6,4154.4,2457.0,1764.1,1626.7,2023.3,806.2,2413.9,917.9,1245.8,1374.1,3242.5,6587.0,4379.1,1405.2,610.5
2026-09-08 01:30:00,737.4,363.0,899.0,434.2,660.2,113.0,54.3,19.1,284.4,41.7,168.0,1365.5,3799.2,2764.7,1309.1,1698.1,69.8,138.5,1033.0,1181.4,466.0,999.5,4888.2,6700.2,2191.1,1256.0,3662.3,4168.3,2455.2,1761.4,1623.3,2025.8,801.3,2388.9,918.6,1255.8,1370.1,3239.1,6573.2,4348.2,1394.4,542.4
2026-09-08 01:45:00,737.7,365.5,889.2,458.6,658.2,114.0,55.4,19.1,277.9,39.1,157.1,1365.7,3896.1,2791.1,1327.0,1705.7,69.8,138.5,1036.1,1156.3,472.5,975.7,4876.9,6687.9,2167.2,1252.9,3647.8,4134.6,2452.3,1762.3,1630.3,2031.4,798.6,2367.0,917.5,1256.6,1376.3,3235.0,6582.5,4310.1,1385.3,535.3
2026-09-08 02:00:00,737.8,367.6,934.0,497.1,668.2,112.9,28.6,43.1,283.5,6.0,176.1,1339.6,3830.9,2852.7,1302.4,1610.8,64.9,125.5,1030.9,1203.7,482.5,954.7,4839.5,6592.6,2135.2,1233.0,3256.3,3646.7,2434.7,1762.4,1607.8,2093.6,790.9,2312.4,921.4,1254.6,1363.7,3221.2,6638.3,4433.6,1372.7,525.3
2026-09-08 02:15:00,738.1,369.2,916.8,507.2,666.9,110.5,28.3,43.1,275.3,6.1,164.6,1342.6,3874.5,2856.4,1303.0,1581.3,64.9,110.9,1032.9,1194.5,484.4,934.6,4833.7,6606.3,2118.4,1231.2,3254.6,3636.6,2432.6,1760.7,1606.4,2093.2,789.3,2297.8,913.8,1252.3,1365.6,3200.9,6643.7,4416.0,1368.6,518.2
2026-09-08 02:30:00,723.4,375.0,1130.0,519.9,664.8,112.3,30.6,33.1,278.8,9.2,166.3,1354.5,4033.0,2861.9,1305.4,1582.2,64.9,111.5,1030.2,1187.1,477.8,912.9,4834.0,6665.2,2103.2,1229.7,3246.2,3620.9,2429.8,1756.0,1606.2,2097.4,788.7,2289.0,911.6,1270.7,1365.0,3199.6,6581.9,4407.8,1362.5,533.7
2026-09-08 02:45:00,726.9,372.6,1119.4,538.2,663.8,115.8,29.7,33.1,283.3,5.7,158.7,1378.6,4596.1,2856.5,1305.3,1591.8,64.9,117.0,1025.8,1180.1,471.7,888.9,4840.9,6749.6,2095.7,1227.6,3246.3,3614.0,2428.8,1754.9,1605.1,2099.8,788.4,2287.6,907.0,1272.1,1366.2,3184.4,6590.4,4363.8,1360.5,504.5
2026-09-08 03:00:00,732.5,374.0,1134.2,552.1,661.5,116.1,30.9,50.2,318.0,1.0,271.2,1362.1,4353.2,2797.1,1293.7,1521.8,64.8,130.4,1030.5,1132.3,464.5,864.4,4840.5,6869.0,2070.2,1274.7,3241.1,3590.8,2427.7,1758.4,1599.0,2090.2,779.0,2254.5,907.9,1267.8,1368.4,3152.4,6563.9,4322.2,1376.1,488.1
2026-09-08 03:15:00,725.2,375.1,1138.5,527.1,664.4,116.9,30.5,50.1,359.3,1.3,266.3,1363.5,4496.1,2816.7,1273.7,1521.7,83.0,88.7,1026.2,1119.1,451.6,834.7,4846.5,6912.9,2061.1,1269.3,3237.9,3579.1,2426.8,1754.6,1602.9,2098.5,777.7,2254.0,908.6,1275.5,1368.7,3136.1,6524.6,4322.4,1373.4,482.6
2026-09-08 03:30:00,734.7,376.2,923.0,536.0,669.1,118.6,30.0,50.1,364.6,2.1,269.4,1367.2,4551.3,2830.7,1267.7,1516.0,83.0,88.8,1022.9,1115.9,447.0,802.8,4826.9,6917.5,2059.2,1268.3,3237.6,3570.5,2425.3,1750.2,1598.2,2096.9,778.7,2257.1,910.8,1270.7,1373.3,3069.0,6551.0,4266.1,1378.8,465.4
2026-09-08 03:45:00,735.5,377.5,934.5,544.3,675.5,119.9,29.7,50.1,366.6,3.8,268.3,1376.2,4583.7,2855.4,1298.5,1517.3,83.0,89.1,1021.4,1121.2,443.4,764.0,4829.2,6941.0,2050.8,1263.8,3235.8,3561.4,2425.2,1748.7,1597.4,2100.3,776.5,2254.5,915.2,1276.2,1372.5,3059.3,6541.4,4250.9,1374.8,456.6
2026-09-08 04:00:00,737.1,403.7,910.0,567.3,655.1,174.2,21.4,53.1,399.3,152.9,211.6,1370.8,3878.7,2921.3,1248.5,1485.5,104.0,87.7,998.0,1145.0,425.6,738.5,4857.1,6846.7,2050.0,1263.2,3274.6,3380.1,2417.2,1738.7,1593.9,2074.9,776.5,2231.1,908.8,1308.0,1376.1,3118.7,6506.4,4135.7,1371.2,452.8
2026-09-08 04:15:00,775.2,445.7,913.3,580.2,668.6,178.2,19.6,59.8,401.6,150.5,210.2,1373.2,3788.4,2923.5,1239.7,1469.0,104.1,88.6,995.3,1138.1,423.9,715.3,4849.5,6902.9,2060.5,1263.0,3276.9,3388.6,2419.5,1731.8,1594.1,2085.3,776.9,2241.1,913.6,1316.1,1378.5,3080.8,6500.0,4126.8,1372.7,447.1
2026-09-08 04:30:00,755.7,438.3,931.1,625.9,684.8,179.7,19.5,63.1,403.9,149.2,211.7,1372.6,3714.1,2939.2,1208.2,1454.4,112.9,89.4,991.9,1132.2,423.1,692.8,4847.3,6956.9,2059.4,1260.8,3282.5,3387.0,2422.3,1723.1,1595.4,2103.7,776.0,2198.6,910.5,1322.8,1382.6,3032.7,6500.6,4099.9,1375.2,438.2
2026-09-08 04:45:00,769.0,438.8,973.1,637.2,702.1,179.9,19.2,63.1,412.5,149.3,211.0,1362.8,3798.5,2976.5,1202.4,1434.6,103.6,90.2,990.5,1129.5,429.2,673.4,4889.2,7226.0,2072.3,1260.6,3283.6,3382.1,2421.0,1710.6,1596.1,2108.6,776.5,2162.6,911.8,1327.1,1391.7,2991.5,6536.0,4082.0,1386.8,429.3
2026-09-08 05:00:00,794.2,449.9,1039.5,662.7,708.9,423.3,12.2,26.1,387.0,158.1,106.5,1368.2,3918.2,3120.9,1212.6,1449.0,23.9,126.3,966.7,1148.2,411.5,636.2,5140.3,7368.0,2110.4,1274.1,3325.3,3403.8,2466.0,1705.9,1604.4,2186.7,790.4,2190.8,916.6,1419.4,1388.5,3009.2,6654.2,4036.8,1407.4,402.0
2026-09-08 05:15:00,807.7,450.4,1082.0,735.1,728.1,424.2,12.0,36.1,332.2,155.8,109.2,1358.1,3902.9,3165.4,1195.1,1441.5,0.0,133.6,972.6,1152.7,413.7,627.1,5198.5,7446.3,2146.1,1274.5,3337.4,3378.7,2473.4,1702.7,1610.3,2209.2,795.1,2257.8,928.8,1457.3,1399.6,3017.8,6706.8,4015.9,1435.4,387.2
2026-09-08 05:30:00,824.7,451.1,1112.1,737.4,743.8,427.1,12.0,31.1,334.3,156.3,112.5,1359.5,3725.7,3352.0,1139.3,1441.0,0.0,133.3,980.5,1173.1,417.0,614.6,5232.8,7531.6,2176.4,1274.4,3347.4,3350.6,2476.8,1696.5,1610.8,2223.7,800.1,2264.0,932.6,1521.8,1413.1,3130.2,6790.4,4004.7,1459.1,380.5
2026-09-08 05:45:00,835.7,501.2,1137.2,763.0,766.5,432.3,12.0,31.1,340.1,168.7,114.8,1379.3,3720.5,3505.6,1142.3,1459.8,13.9,106.8,988.1,1191.4,418.6,617.9,5096.6,7550.9,2228.6,1274.5,3364.9,3341.5,2483.9,1693.0,1615.3,2234.2,806.3,2486.7,935.8,1533.8,1424.5,3133.8,6888.8,3979.1,1495.6,362.8
2026-09-08 06:00:00,878.8,521.8,1171.4,817.9,800.4,461.6,62.0,20.6,357.5,196.0,117.2,1357.0,4046.4,3323.3,1234.1,1533.1,145.3,36.5,1090.7,1192.7,443.8,594.7,5309.2,7606.6,2364.2,1271.5,3472.2,3754.4,2512.0,1811.3,1664.2,2355.6,816.7,2664.6,957.4,1634.8,1449.9,3641.6,7190.4,3923.9,1568.6,336.4
2026-09-08 06:15:00,887.2,537.0,1177.4,908.6,820.4,468.5,62.0,20.6,374.1,197.9,127.2,1353.5,4027.7,3948.2,1248.2,1551.1,144.8,47.4,1099.7,1207.6,449.6,595.8,5347.7,7618.9,2436.2,1273.5,3504.3,3802.6,2526.3,1795.8,1665.9,2401.6,827.2,2764.3,974.9,1694.1,1462.3,3766.0,7332.2,3911.5,1626.7,322.8
2026-09-08 06:30:00,886.0,541.6,1166.9,1016.7,829.0,476.3,62.0,21.8,384.5,197.9,141.9,1339.0,4040.7,4213.0,1222.1,1545.8,144.3,50.7,1110.6,1227.8,456.6,598.7,5379.6,7635.3,2502.8,1275.6,3545.5,3870.0,2539.2,1786.6,1674.9,2446.4,836.5,2851.6,998.9,1744.4,1494.2,3900.5,7519.6,3885.1,1676.7,307.2
2026-09-08 06:45:00,883.0,545.7,1146.5,1058.8,828.8,498.8,62.0,21.9,410.7,194.7,147.8,1334.6,3638.3,4038.3,1245.8,1552.7,163.8,64.3,1119.8,1235.4,462.5,602.4,5460.5,7649.5,2583.8,1276.7,3581.5,3942.5,2554.6,1764.2,1682.7,2507.8,845.8,2960.9,1016.9,1794.9,1528.3,3959.4,7642.8,3967.5,1723.9,294.8
2026-09-08 07:00:00,918.9,552.5,1133.0,1111.2,850.0,530.2,51.5,20.5,434.3,204.5,186.7,1382.4,3571.5,4334.7,1306.5,1638.6,112.8,180.2,1212.4,1398.5,502.1,644.2,5374.5,7512.3,2766.6,1283.1,3944.1,4681.5,2627.3,1634.6,1724.1,2654.4,896.0,3220.7,1042.5,1835.9,1506.9,3929.7,7912.7,4010.0,1802.8,323.7
2026-09-08 07:15:00,918.8,560.6,1084.1,1069.9,863.8,530.2,51.5,20.8,450.4,262.1,189.3,1389.2,3585.0,4288.5,1326.2,1601.0,112.8,175.7,1228.4,1422.5,505.3,637.3,5471.7,7511.7,2833.6,1354.3,3974.7,4715.7,2682.1,1578.3,1731.3,2788.7,914.2,3312.2,1045.8,1866.7,1524.8,3998.9,8008.7,4037.4,1828.1,316.2
2026-09-08 07:30:00,915.1,571.7,1016.7,972.3,873.8,553.7,51.5,20.7,467.1,256.2,205.8,1396.3,3678.7,4233.5,1334.3,1567.5,112.8,179.0,1233.0,1426.8,506.3,646.3,5485.5,7456.5,2863.1,1354.2,3991.5,4738.7,2695.9,1588.6,1737.7,2894.1,926.6,3359.1,1053.5,1889.1,1542.6,4006.2,8081.1,4085.9,1849.7,306.0
2026-09-08 07:45:00,907.9,560.5,943.7,880.1,880.1,584.9,51.5,24.0,479.3,257.9,212.7,1406.4,3681.1,4037.2,1359.8,1569.0,112.8,164.8,1237.8,1451.8,518.6,646.1,5543.3,7469.6,2900.8,1355.2,4003.1,4733.4,2707.7,1584.0,1745.1,2915.3,931.5,3409.9,1056.1,1902.9,1546.2,4031.9,8157.9,4173.9,1876.9,351.5
2026-09-08 08:00:00,916.1,523.8,858.3,823.2,879.2,514.4,51.0,26.6,507.9,80.1,254.1,1303.7,3948.0,4254.6,1733.0,1527.3,172.7,169.3,1304.6,1586.5,537.6,705.2,5391.7,7205.4,2952.8,1502.9,4194.9,4630.8,2757.9,1544.3,1788.6,3076.3,953.5,3647.1,1048.2,1970.1,1558.6,4038.1,8238.6,4324.5,1888.9,299.4
2026-09-08 08:15:00,903.9,515.2,801.7,782.5,880.9,541.9,50.9,30.5,507.1,76.9,259.0,1302.7,4065.7,4088.4,1740.1,1509.4,195.6,115.3,1315.1,1725.8,538.3,691.9,5404.5,7172.5,2963.6,1513.0,4201.8,4639.3,2765.4,1548.3,1789.1,3075.0,953.9,3649.6,1045.9,1972.7,1556.9,4054.8,8252.9,4295.0,1895.9,298.5
2026-09-08 08:30:00,897.8,531.0,753.5,791.4,878.4,517.0,54.5,31.4,505.5,76.9,253.2,1313.7,4205.3,3866.4,1739.8,1483.7,198.4,139.3,1314.5,1713.7,537.0,702.8,5402.7,7120.5,2975.9,1527.9,4420.1,4765.6,2755.0,1560.9,1790.5,3077.1,959.0,3639.7,1040.7,1961.2,1567.0,4129.5,8254.8,4178.1,1895.4,280.4
2026-09-08 08:45:00,883.8,546.2,711.8,817.2,871.0,538.9,65.3,27.3,523.4,2.0,291.2,1324.0,4796.6,3749.2,1972.7,1635.4,201.2,148.2,1340.5,1581.7,569.2,712.6,5438.3,7116.8,2978.6,1544.0,4747.0,4634.7,2721.6,1574.6,1791.0,3072.9,966.7,3615.2,1047.3,1961.4,1560.6,4215.2,8252.7,3942.9,1902.4,240.2
2026-09-08 09:00:00,944.3,555.7,709.2,831.2,878.1,525.3,49.0,40.0,520.2,32.1,248.9,1313.0,4707.1,4085.8,2013.1,1686.5,132.7,207.9,1498.0,1607.4,619.3,782.2,5391.7,7181.3,3011.7,1551.9,4601.5,4732.3,2779.4,1633.1,1810.9,2950.5,966.9,2983.3,1062.7,2013.0,1620.4,4240.7,8222.7,3837.9,1875.9,221.3
2026-09-08 09:15:00,926.5,566.7,670.9,877.0,874.3,543.5,49.1,35.7,506.6,9.3,265.5,1321.0,4696.8,3996.1,2014.2,1671.9,135.4,212.9,1512.8,1620.6,631.3,768.6,5395.7,7077.1,3004.0,1551.2,4598.1,4274.4,2782.2,1634.2,1816.5,2945.6,963.0,2977.2,1067.2,2004.9,1611.0,4223.8,8210.9,3836.9,1874.9,221.5
2026-09-08 09:30:00,913.3,579.5,636.5,920.8,864.2,515.2,50.2,32.1,504.4,2.6,264.5,1346.5,4871.6,3938.5,2043.4,1533.2,138.0,223.7,1527.6,1355.3,669.2,502.6,5395.1,7046.5,3010.8,1546.6,4603.5,3856.9,2780.1,1636.1,1810.2,2885.2,965.6,2973.5,1075.2,1998.2,1610.1,4249.3,8190.8,3816.4,1868.1,222.8
2026-09-08 09:45:00,820.5,603.3,607.3,966.7,856.0,541.2,62.9,42.7,494.1,2.7,271.5,1355.5,5055.7,3878.8,2071.7,1363.2,125.2,187.8,1542.1,1366.4,704.2,518.2,5482.2,7030.3,3011.4,1390.7,4598.0,3612.3,2749.3,1645.3,1810.6,2866.4,958.8,2894.8,1065.6,1989.1,1607.8,4283.4,8221.3,3807.5,1876.9,224.6
2026-09-08 10:00:00,805.5,608.3,804.5,1015.1,852.1,547.7,61.0,36.5,442.6,12.1,221.7,1385.3,5100.3,4282.3,1953.1,1322.5,128.1,228.9,1698.2,1830.4,688.3,538.4,5592.8,7093.1,3014.3,1413.9,4304.9,3189.7,2780.8,1688.1,1808.9,2889.9,926.4,2671.2,1059.8,1935.6,1623.6,4342.3,8208.1,3813.9,1885.2,199.6
2026-09-08 10:15:00,799.1,620.8,776.5,1020.4,850.2,561.0,61.0,31.0,432.8,12.8,226.6,1410.8,5919.8,4354.2,1919.8,1328.0,128.1,245.4,1697.6,1581.4,692.3,540.3,5610.4,7086.8,3009.8,1366.6,4308.7,2894.6,2743.2,1692.7,1814.0,2860.7,926.7,2635.8,1072.4,1922.3,1622.3,4339.9,8182.8,3810.1,1894.0,207.5
2026-09-08 10:30:00,792.8,638.7,1045.7,1109.9,843.8,580.6,62.4,35.8,422.0,10.7,226.5,1441.8,6250.0,4415.0,1933.3,1318.1,146.4,249.6,1705.3,1544.3,697.1,552.1,5515.3,7133.9,3011.6,1369.1,4306.5,2886.7,2737.8,1700.4,1809.3,2848.8,942.5,2647.0,1066.3,1911.6,1626.2,4349.8,8175.7,3807.8,1897.2,214.8
2026-09-08 10:45:00,780.9,640.1,1242.1,1220.5,838.5,691.0,79.5,34.3,414.2,16.3,231.5,1466.2,6297.3,4518.6,1923.7,1337.8,146.6,196.7,1858.2,1562.5,726.7,563.0,5449.2,7124.5,3012.3,1369.5,4295.9,2853.3,2746.8,1707.8,1808.8,2839.3,938.1,2657.4,1067.0,1901.6,1620.8,4081.3,8222.9,3815.4,1905.6,220.6
2026-09-08 11:00:00,776.3,693.9,1226.6,1219.2,821.9,601.4,77.5,32.9,409.0,20.6,277.6,1495.6,6071.1,5020.0,1917.9,1292.5,33.7,349.2,1775.1,1666.9,711.9,585.6,5501.4,7184.1,3016.8,1210.3,4292.3,3437.1,2767.4,1686.6,1804.1,2916.3,951.5,2470.4,1075.3,1904.6,1591.0,3686.8,8209.3,3837.9,1892.8,224.6
2026-09-08 11:15:00,773.9,727.9,1215.1,1247.8,817.6,604.5,77.8,24.9,416.7,3.1,309.0,1521.0,6253.7,5063.7,1881.7,1328.5,34.3,342.8,1782.4,1596.3,719.6,587.7,5451.1,7153.1,3022.3,1207.7,4285.5,3413.8,2765.9,1691.0,1803.4,2861.4,946.1,2475.3,1068.2,1892.9,1599.5,3497.9,8204.1,3809.4,1898.5,220.4
2026-09-08 11:30:00,773.1,717.0,1202.3,1281.5,817.3,602.5,94.3,26.8,409.0,3.1,314.8,1551.8,6207.2,5090.3,1868.5,1349.0,34.9,309.1,1821.1,1603.9,721.4,600.8,5426.3,7161.6,3014.4,1209.2,4276.2,3363.8,2726.4,1707.8,1804.2,2805.4,945.8,2462.3,1074.1,1879.2,1593.6,3357.9,8205.9,3783.5,1905.1,214.0
2026-09-08 11:45:00,772.8,705.6,1197.7,1366.1,819.5,602.5,95.7,25.4,378.1,18.1,318.8,1569.7,6272.7,5159.3,1852.4,1335.6,35.6,254.6,1887.2,1334.3,731.9,612.4,5412.1,7129.4,3013.1,1208.3,4271.7,3354.1,2725.1,1712.3,1806.3,2801.4,942.7,2459.7,1076.4,1864.3,1590.0,3317.8,8234.7,3764.1,1902.3,213.3
2026-09-08 12:00:00,779.5,715.8,1127.7,1400.8,797.4,599.3,72.2,15.6,342.4,27.1,252.8,1645.7,6308.1,5580.2,1785.4,1382.8,175.3,270.7,1776.7,1592.0,749.2,631.6,5411.0,7097.0,3027.2,1149.7,3930.7,2908.2,2714.1,1619.2,1793.8,2880.4,937.3,2335.9,1071.0,1939.0,1697.0,2784.7,8227.3,3787.8,1924.5,212.7
2026-09-08 12:15:00,784.7,710.0,1126.3,1408.6,799.4,598.8,81.7,15.9,356.9,26.8,255.1,1646.0,6397.0,5603.3,1763.9,1424.7,175.3,252.5,1818.3,1312.4,763.9,626.1,5413.1,7122.1,3025.3,1149.1,3607.8,2888.7,2712.1,1620.2,1792.5,2905.6,936.8,2033.3,1065.0,1930.5,1693.7,2784.9,8239.5,3793.2,1919.8,209.2
2026-09-08 12:30:00,773.6,713.1,1125.1,1426.5,802.4,592.6,73.2,15.9,393.4,25.3,291.9,1665.7,6461.9,5567.7,1768.3,1361.9,175.1,198.3,1826.6,1164.3,763.2,628.8,5416.2,7109.5,3022.8,1148.3,3613.7,2891.1,2704.5,1620.0,1792.0,2904.8,936.7,2032.0,1067.6,1917.5,1690.1,2806.7,8199.6,3802.2,1924.0,204.4
2026-09-08 12:45:00,786.3,741.7,1127.0,1436.8,806.1,584.9,74.7,16.0,395.1,22.8,276.0,1673.3,6521.7,5511.6,1762.0,1363.6,175.0,123.6,1842.8,1157.9,775.8,628.7,5431.6,7140.3,3018.1,1148.0,3604.3,2897.7,2707.3,1623.6,1796.1,2914.9,932.4,2006.4,1060.1,1906.0,1685.6,2814.6,8195.6,3802.6,1925.1,199.3
2026-09-08 13:00:00,798.3,684.1,1088.1,1440.0,819.3,571.6,51.8,15.9,417.5,17.2,294.7,1693.9,6304.0,5817.9,1794.6,1271.6,172.2,203.7,1782.3,1226.7,771.0,636.6,5419.0,7150.2,3010.9,1153.8,3525.4,3168.6,2689.4,1550.4,1779.5,2934.7,932.4,1747.3,1052.4,1882.9,1685.6,2746.1,8266.0,3883.7,1940.8,190.3
2026-09-08 13:15:00,807.5,740.0,1101.6,1436.5,824.7,552.3,57.4,16.9,419.6,20.4,283.2,1701.7,6405.9,5724.0,1796.9,1327.3,172.2,161.5,1786.6,1237.7,769.3,619.9,5352.1,7137.8,3009.0,1152.7,3523.2,3186.7,2694.3,1545.9,1777.1,2947.8,928.8,1730.4,1063.6,1870.5,1692.8,2756.3,8260.1,3902.0,1937.9,190.3
2026-09-08 13:30:00,859.1,745.9,1086.4,1496.0,829.3,534.6,43.1,15.6,386.0,22.5,285.7,1712.9,6399.2,5586.7,1795.2,1368.7,172.4,124.0,1769.1,1232.5,773.3,610.7,5298.7,7096.4,3009.6,1149.1,3576.8,3267.8,2731.1,1528.8,1770.6,2999.8,930.5,1759.0,1060.6,1861.6,1690.0,2763.9,8248.9,3879.7,1940.3,187.9
2026-09-08 13:45:00,923.8,737.3,1103.8,1478.4,833.1,519.1,41.8,15.3,362.7,22.4,278.4,1719.0,6400.2,5567.4,1792.0,1416.5,172.3,111.0,1763.5,1220.0,780.5,597.7,5296.3,7030.6,3006.9,1149.2,3588.3,3278.2,2732.1,1531.2,1771.6,3002.8,928.9,1756.2,1051.8,1838.0,1693.9,2779.2,8244.2,3893.1,1934.3,184.9
2026-09-08 14:00:00,937.9,716.5,1131.4,1473.1,828.8,493.7,54.3,15.5,360.2,44.1,275.9,1724.8,6290.2,5506.0,1802.3,1374.3,168.2,113.7,1736.4,1409.0,747.5,578.7,5277.1,7077.9,2996.6,1144.3,3639.3,3342.5,2713.7,1569.0,1765.8,2970.0,945.0,1732.8,1045.4,2073.2,1693.3,2810.6,8249.3,3881.9,1916.8,185.4
2026-09-08 14:15:00,952.3,748.1,1156.5,1501.1,833.1,500.2,37.4,15.9,371.6,44.1,273.1,1718.9,6234.0,5516.9,1803.9,1379.6,168.7,134.2,1728.5,1409.4,751.6,549.9,5252.6,7044.6,2992.4,1144.8,3642.0,3345.0,2714.6,1574.2,1772.7,2975.5,947.2,1732.1,1033.2,2060.2,1701.0,2840.6,8228.9,3898.2,1915.1,179.7
2026-09-08 14:30:00,962.0,726.2,1178.1,1460.6,834.2,555.8,35.0,16.3,381.0,46.4,256.0,1716.7,6232.2,5598.7,1807.0,1343.4,169.2,165.4,1732.4,1400.5,756.3,526.2,5261.0,7119.8,2982.5,1145.4,3637.8,3347.0,2713.3,1573.6,1767.6,2970.9,943.7,1724.9,1040.4,2033.0,1699.6,2846.3,8228.5,3929.9,1916.5,173.4
2026-09-08 14:45:00,968.9,717.3,1201.6,1454.8,833.5,625.4,34.5,14.6,393.3,46.6,257.1,1707.7,6070.4,5626.6,1815.8,1368.0,169.7,126.4,1728.3,1384.5,766.7,500.2,5269.9,7089.6,2987.3,1145.2,3649.1,3350.4,2716.6,1576.9,1763.5,2970.4,948.7,1732.7,1035.1,2006.2,1701.4,2884.3,8199.6,3926.4,1914.9,170.3
2026-09-08 15:00:00,883.4,698.2,1225.5,1411.9,836.1,518.3,30.3,29.2,399.9,192.2,337.3,1696.2,6035.4,5492.3,1814.3,1381.0,172.0,53.6,1632.6,1162.6,709.0,494.6,5289.4,6860.4,2977.2,1173.2,3651.4,3058.7,2719.9,1656.6,1772.7,3029.7,944.0,1555.8,1032.1,2142.6,1704.9,3453.1,8124.7,3793.8,1908.4,169.1
2026-09-08 15:15:00,886.6,692.9,1048.4,1359.1,838.6,530.1,12.7,31.1,395.8,192.1,334.9,1687.8,5909.5,5476.6,1824.3,1382.2,171.7,85.7,1611.2,1384.4,703.4,458.2,5291.7,6841.8,2989.7,1174.1,3602.6,3279.4,2724.7,1666.3,1776.8,3033.3,947.0,1559.0,1037.3,2117.9,1710.4,3475.6,8126.7,3785.6,1906.3,168.0
2026-09-08 15:30:00,878.3,699.6,863.6,1284.0,839.4,498.8,12.6,30.5,400.7,194.6,318.0,1685.1,5773.9,5520.6,1852.9,1401.8,171.6,121.3,1566.5,1382.9,704.4,429.3,5320.0,6770.6,2993.2,1173.9,3602.5,3302.0,2709.9,1674.7,1778.8,3030.7,948.3,1550.6,1036.0,2092.6,1715.8,3764.6,8123.3,3827.3,1902.5,173.4
2026-09-08 15:45:00,850.6,700.3,692.5,1191.1,825.1,489.6,12.0,39.4,401.8,194.6,312.7,1674.4,4826.3,5507.4,1874.3,1391.1,171.4,158.6,1548.2,1491.2,704.1,409.0,5340.3,6736.6,3010.4,1173.4,3608.0,3309.1,2706.0,1676.3,1777.4,3023.9,949.3,1556.6,1031.7,2068.1,1722.5,3777.5,8117.3,3843.1,1907.9,172.9
2026-09-08 16:00:00,862.5,669.8,730.9,1047.9,850.2,476.5,86.7,43.6,388.8,196.2,373.2,1618.3,5177.5,5053.8,1877.9,1327.2,229.1,122.9,1799.0,1294.3,755.0,368.5,5323.8,6571.1,3021.4,1170.1,3600.7,3204.4,2717.2,1776.6,1786.1,2938.3,956.7,1621.1,1034.7,2543.9,1738.7,4036.3,8181.5,3776.6,1902.1,168.4
2026-09-08 16:15:00,871.5,694.7,779.8,1019.8,854.4,511.6,88.8,42.8,382.2,196.2,365.3,1603.8,5158.2,4993.9,1911.9,1327.2,229.7,115.9,1723.7,1305.0,732.4,343.7,5304.1,6562.3,3042.5,1169.0,3611.4,3397.6,2718.8,1778.3,1780.1,2952.3,962.5,1650.7,1030.3,2521.4,1751.3,4160.2,8175.3,3803.0,1900.6,169.8
2026-09-08 16:30:00,867.8,696.3,821.3,932.8,842.6,501.3,88.0,45.1,373.5,198.9,356.2,1580.0,5622.9,4986.7,1964.4,1439.4,230.4,112.9,1616.9,1345.1,715.8,321.0,5290.5,6581.7,3049.8,1165.6,3612.8,3411.8,2748.3,1750.8,1775.7,2993.9,960.6,1890.9,1033.4,2499.6,1757.0,4309.6,8186.6,3826.2,1915.8,182.5
2026-09-08 16:45:00,869.6,686.6,903.4,927.7,848.9,457.0,86.8,55.1,367.0,198.8,300.4,1574.3,4670.7,4927.9,2030.3,1584.5,211.2,111.6,1609.6,1551.8,703.6,319.1,5298.7,6613.6,3060.8,1163.1,3612.2,3759.1,2717.7,1789.9,1780.2,3019.1,946.6,2152.9,1041.9,2480.2,1769.7,4380.6,8223.4,3863.7,1918.3,184.6
2026-09-08 17:00:00,882.9,667.9,1006.8,871.3,852.9,525.0,87.2,59.2,359.0,32.3,275.8,1553.3,5009.0,4681.3,2161.8,1624.0,151.1,36.6,1456.6,1455.9,680.5,307.7,5296.8,6568.5,3040.4,1230.8,3808.5,3611.3,2750.7,1731.7,1762.2,2996.6,942.6,2327.0,1031.4,2959.9,1782.6,3898.0,8269.5,3907.8,1938.5,208.3
2026-09-08 17:15:00,881.7,661.6,1083.0,845.3,858.7,489.3,74.3,56.3,365.6,32.2,256.5,1531.8,4731.3,4603.5,2227.8,1635.7,145.9,36.6,1435.9,1647.9,628.2,481.7,5308.0,6616.6,3035.4,1413.0,3809.7,4202.8,2725.4,1773.4,1749.7,2999.1,938.7,2331.0,1038.4,2945.7,1785.3,3916.6,8328.1,4023.1,1956.5,210.3
2026-09-08 17:30:00,886.1,652.3,1150.8,1099.1,858.0,456.4,74.1,64.3,380.3,32.2,263.4,1509.0,4749.0,4707.0,2248.0,1624.7,144.5,38.2,1415.8,1638.9,628.4,533.5,5321.2,6575.9,3033.8,1536.4,3749.2,4687.9,2724.5,1776.5,1751.8,3020.3,935.5,2359.2,1043.8,2933.0,1786.5,3903.5,8345.2,4145.5,1964.3,212.6
2026-09-08 17:45:00,887.2,657.8,1203.2,1081.0,854.3,432.1,74.5,69.2,390.2,32.1,225.7,1522.7,4793.8,4758.0,2275.2,1640.1,119.4,37.8,1409.0,1702.8,623.3,559.7,5333.6,6508.6,3036.6,1587.9,3760.6,5192.0,2725.0,1805.0,1750.7,3015.4,942.0,2367.8,1046.6,2925.2,1782.8,4056.0,8381.8,4144.0,1978.9,209.7
2026-09-08 18:00:00,897.3,630.5,1222.7,1219.8,855.8,595.8,39.0,45.5,410.4,49.2,408.8,1449.8,4967.1,4369.7,2211.8,1489.3,353.2,2.1,1628.5,1789.3,677.1,502.7,5379.8,6395.9,3014.1,1479.8,3804.2,4942.5,2717.7,1801.0,1752.2,2991.4,944.3,3111.7,1051.2,3135.3,1663.1,3984.2,8383.9,4285.4,1973.3,213.9
2026-09-08 18:15:00,901.3,631.6,1245.1,1260.8,863.6,602.4,35.1,45.5,411.6,46.6,364.5,1430.8,4579.8,4270.4,2068.8,1354.9,339.0,1.7,1589.1,1790.6,653.3,492.1,5399.5,6329.2,3018.8,1482.1,3805.8,5446.4,2719.0,1803.0,1744.5,2987.1,944.2,3099.8,1059.6,3133.1,1663.9,4076.1,8374.3,4395.5,1972.3,209.0
2026-09-08 18:30:00,899.3,631.7,1274.1,1303.5,871.8,595.0,35.9,42.7,409.2,39.3,367.0,1408.6,4359.4,4269.7,1999.5,1304.9,301.3,1.1,1587.6,1771.3,654.3,490.7,5407.6,6334.4,3022.2,1484.5,3821.2,5509.6,2717.0,1808.7,1742.5,3009.5,948.6,3098.6,1055.5,3131.9,1662.6,4072.6,8374.3,4416.5,1969.6,206.9
2026-09-08 18:45:00,893.2,682.8,1296.1,1350.3,879.9,583.1,30.1,58.6,411.0,49.1,371.2,1427.4,4027.2,4354.1,2045.0,1427.6,298.6,0.6,1577.6,1809.3,649.9,498.1,5408.1,6303.4,3029.9,1485.8,3836.3,5448.5,2717.8,1841.2,1743.3,3005.1,948.8,3076.2,1061.1,3131.1,1657.4,4068.8,8368.7,4390.7,1967.1,202.3
2026-09-08 19:00:00,909.7,641.7,1296.9,1440.8,880.1,621.4,48.2,56.2,394.0,68.0,302.0,1428.3,4035.2,4087.7,2091.0,1453.4,166.3,31.3,1577.2,1766.8,674.0,449.0,5468.2,6186.1,3029.8,1560.1,4206.2,5870.5,2695.1,1794.0,1758.6,2951.5,956.3,3187.2,1067.5,3128.5,1661.9,4247.8,8341.9,4464.3,1962.5,203.5
2026-09-08 19:15:00,914.8,638.3,1310.9,1454.3,885.7,614.7,54.8,70.9,393.0,130.7,250.0,1475.8,3998.3,3988.3,2077.9,1489.2,139.5,30.9,1551.8,1755.3,658.0,440.6,5474.7,6190.2,3037.5,1562.1,4223.9,5904.6,2698.1,1799.1,1760.0,2959.4,960.9,3188.8,1070.7,3128.8,1662.6,4250.8,8326.0,4427.8,1963.9,232.8
2026-09-08 19:30:00,915.9,634.0,1324.0,1484.3,891.4,599.7,50.8,70.7,391.5,129.5,252.1,1458.4,3877.7,4054.2,2025.9,1501.0,133.2,29.9,1529.4,1779.6,635.4,433.5,5461.2,6187.0,3041.4,1563.9,4228.9,5915.4,2696.0,1799.7,1767.0,2968.3,963.7,3190.4,1063.3,3128.9,1662.7,4235.9,8312.8,4408.9,1964.2,239.1
2026-09-08 19:45:00,914.3,634.5,1317.0,1518.4,889.7,591.9,45.2,51.5,392.7,128.9,250.8,1422.4,3913.8,4252.6,2018.7,1534.7,193.9,29.5,1521.5,1793.4,628.6,455.9,5469.0,6184.2,3049.2,1566.9,4231.3,5927.1,2699.4,1797.8,1761.1,2961.3,966.5,3197.0,1053.0,3129.2,1656.0,4217.7,8300.0,4355.0,1955.0,218.6
2026-09-08 20:00:00,912.5,631.0,1294.7,1573.3,871.0,587.0,50.7,89.3,389.9,137.7,252.4,1462.4,4010.3,4026.0,1811.7,1572.0,309.1,20.3,1465.5,1790.0,583.4,452.5,5324.4,6005.2,3067.5,1631.5,4652.8,5966.5,2699.7,1767.7,1770.9,2908.4,977.9,3433.5,1051.9,2820.3,1665.4,4640.3,8225.7,4445.9,1932.0,290.7
2026-09-08 20:15:00,906.1,622.5,1267.9,1565.9,860.7,581.5,50.3,87.9,380.9,142.9,230.6,1461.2,4013.7,3940.2,1812.8,1559.1,308.8,20.2,1448.1,1737.1,578.2,432.8,5292.4,5975.8,3075.3,1638.7,4663.0,5994.0,2703.9,1766.7,1770.8,2904.1,978.2,3437.4,1034.2,2821.7,1670.5,4658.8,8219.9,4364.3,1902.3,262.1
2026-09-08 20:30:00,896.9,618.0,1231.0,1539.3,844.4,581.8,49.9,71.6,381.6,142.9,230.0,1478.1,4119.4,3927.4,1804.1,1546.1,300.8,20.2,1442.8,1752.9,574.0,446.3,5268.5,5891.0,3075.3,1640.8,4677.6,5985.4,2727.4,1742.9,1776.7,2899.2,983.1,3475.0,1036.5,2832.1,1680.3,4658.6,8190.9,4317.5,1902.3,290.8
2026-09-08 20:45:00,996.7,609.0,1194.8,1546.3,825.5,577.9,39.3,70.5,378.2,141.3,229.1,1488.7,4149.5,3823.3,1792.0,1498.4,301.4,20.3,1456.6,1701.2,584.0,446.9,5243.5,5878.9,3075.0,1636.8,4688.2,5983.6,2729.2,1729.6,1772.3,2893.8,984.0,3486.6,1035.5,2843.0,1678.4,4596.6,8138.6,4309.9,1886.1,274.0
2026-09-08 21:00:00,870.1,607.9,1164.7,1432.8,822.2,501.5,15.0,53.3,378.8,74.2,245.4,1464.8,3874.4,3585.5,1675.0,1596.5,100.9,58.4,1403.8,1594.9,566.2,455.4,5196.9,5907.2,3043.1,1429.2,4651.6,5853.6,2686.2,1808.8,1760.7,2891.8,981.3,3513.3,1029.8,2753.6,1551.0,4687.0,8006.9,4181.2,1838.0,263.7
2026-09-08 21:15:00,850.7,606.1,1127.2,1440.3,808.3,501.2,17.4,52.1,374.7,70.8,239.4,1449.3,3953.7,3450.7,1685.3,1534.5,102.7,58.5,1396.4,1575.2,562.0,447.2,5230.6,5840.5,3028.8,1424.7,4636.7,5843.0,2685.7,1800.5,1760.2,2887.8,974.5,3365.8,1030.0,2759.5,1543.0,4695.8,7915.6,4178.5,1809.4,278.7
2026-09-08 21:30:00,833.8,603.9,1088.4,1438.5,795.5,500.0,18.6,52.1,370.6,74.4,224.2,1448.2,4094.2,3418.3,1704.0,1550.4,104.0,58.6,1390.9,1554.7,557.5,447.5,5210.8,5808.9,3009.6,1422.9,4634.7,5840.7,2704.5,1775.4,1762.8,2883.0,971.0,3356.7,1029.0,2763.4,1534.8,4637.7,7843.9,4052.1,1786.8,288.1
2026-09-08 21:45:00,866.5,603.3,1049.9,1456.9,772.1,498.7,16.6,52.1,364.7,67.6,207.2,1444.1,4713.6,3367.5,1709.1,1530.5,85.0,59.0,1387.8,1529.3,555.9,447.3,5183.0,5801.7,2991.1,1407.6,4614.5,5820.5,2699.1,1763.7,1762.6,2877.0,960.4,3346.7,1025.1,2760.0,1527.3,4597.0,7763.8,3905.4,1755.2,300.3
2026-09-08 22:00:00,781.6,627.0,1018.4,1254.5,746.6,449.6,23.7,45.1,348.8,46.4,191.3,1451.5,4006.5,3411.4,1690.3,1509.9,141.9,44.9,1383.4,1397.7,526.0,469.1,4976.8,5850.0,2924.0,1288.9,4593.9,5661.8,2678.9,1706.3,1753.6,2887.3,942.0,3387.4,1009.5,2495.5,1507.1,4406.1,7592.8,4040.0,1713.5,284.4
2026-09-08 22:15:00,777.8,605.7,992.8,1250.9,732.9,437.6,25.1,45.1,342.8,44.5,184.1,1455.6,4095.4,3364.7,1674.3,1531.6,96.8,43.7,1380.5,1367.8,524.3,474.2,4923.6,5824.8,2888.3,1286.4,4569.4,5636.6,2672.9,1707.2,1754.0,2887.1,937.2,3347.7,1005.2,2484.7,1499.3,4412.4,7494.7,3862.2,1677.1,277.1
2026-09-08 22:30:00,765.8,597.8,973.9,1259.2,712.7,436.8,26.2,45.1,338.1,47.3,184.4,1457.8,4537.7,3358.9,1667.9,1536.2,91.0,71.3,1373.5,1372.6,517.8,482.9,4878.4,5791.8,2846.3,1279.0,4552.2,5619.7,2662.6,1712.7,1757.1,2858.3,925.1,3290.5,999.4,2471.8,1484.3,4341.1,7396.7,3797.9,1659.7,271.6
2026-09-08 22:45:00,752.9,597.3,975.7,1173.5,697.0,435.4,26.2,45.1,332.2,52.6,177.8,1460.8,4623.8,3416.5,1645.0,1536.3,91.0,69.9,1369.2,1372.2,516.0,492.5,4826.4,5772.2,2809.0,1277.0,4517.2,5586.7,2633.4,1742.4,1754.5,2841.5,912.3,3197.3,988.7,2454.3,1475.4,4312.5,7308.8,3757.9,1632.4,266.7
2026-09-08 23:00:00,726.9,592.7,989.2,1203.9,680.3,275.2,29.3,46.1,319.9,39.6,163.0,1429.4,4533.3,3393.0,1584.0,1553.1,44.2,68.3,1314.1,1339.3,511.7,506.1,4609.6,5928.7,2704.8,1200.2,4014.0,5033.2,2561.2,1798.9,1718.5,2852.0,873.9,3057.0,981.9,2363.1,1495.1,4110.3,7217.5,3735.7,1633.8,279.2
2026-09-08 23:15:00,725.8,580.6,977.7,1142.9,665.8,272.4,29.2,46.1,316.3,36.5,151.6,1444.3,4585.0,3275.0,1537.7,1516.0,34.2,68.4,1311.6,1325.8,508.1,510.8,4572.4,5904.9,2659.1,1198.2,3985.2,5002.7,2572.3,1784.1,1712.5,2840.4,857.5,3015.5,978.9,2344.0,1487.6,4062.1,7128.0,3721.3,1610.1,275.6
2026-09-08 23:30:00,716.7,574.8,975.3,1127.8,653.0,267.8,26.4,46.1,306.8,40.2,160.9,1446.6,4606.7,3107.9,1541.1,1534.3,55.7,68.7,1310.9,1321.7,506.4,523.2,4537.8,5875.5,2625.5,1195.3,3967.7,4985.5,2564.2,1784.6,1712.2,2829.3,849.6,2971.6,971.7,2325.4,1468.1,3969.4,7047.5,3707.1,1590.9,269.7
2026-09-08 23:45:00,732.9,568.8,955.1,1114.7,643.5,262.1,24.6,46.1,297.6,35.2,149.2,1447.4,4800.9,3036.7,1512.4,1533.9,55.9,69.0,1315.2,1304.5,504.2,520.0,4514.4,5864.4,2571.1,1194.4,3934.6,4412.4,2557.2,1797.8,1726.4,2764.3,836.9,2923.7,974.4,2318.8,1444.7,3953.7,6964.1,3723.2,1566.0,272.4
2026-09-09 00:00:00,686.9,624.3,862.0,1151.1,614.5,226.5,35.5,100.4,300.9,28.9,231.8,1303.7,3741.5,3672.2,1425.5,1704.6,137.4,40.8,1120.5,875.4,516.6,335.0,4497.5,5936.1,2465.1,1136.5,3594.4,4225.3,2603.6,1719.9,1648.5,2836.0,839.7,3107.2,998.4,2238.2,1396.2,3593.0,6912.1,3882.4,1493.7,128.9
2026-09-09 00:15:00,688.1,619.2,856.5,1143.5,609.1,220.6,35.4,100.1,301.6,28.9,197.1,1302.3,4142.8,3601.5,1419.6,1748.6,155.9,40.9,1112.7,874.3,499.8,325.6,4443.3,5914.5,2438.9,1130.3,3583.5,4263.9,2580.5,1715.0,1627.1,2769.9,834.4,3065.9,995.1,2236.2,1398.9,3586.5,6855.1,3852.7,1478.1,125.2
2026-09-09 00:30:00,677.9,614.2,852.0,1128.0,601.8,220.3,35.4,100.1,303.8,29.0,183.7,1303.4,4218.4,3561.7,1353.7,1613.4,158.7,40.9,1103.5,876.4,493.3,328.1,4464.5,5885.1,2402.3,1129.1,3560.4,4257.5,2570.8,1718.0,1620.8,2783.7,833.6,3024.0,1000.1,2234.5,1401.5,3587.5,6821.7,3836.5,1468.2,126.0
2026-09-09 00:45:00,683.3,609.5,847.0,1108.4,599.9,220.3,39.3,100.1,302.5,33.3,174.1,1328.2,4263.8,3569.2,1500.8,1613.2,159.6,40.9,1101.1,877.5,498.9,329.5,4449.6,5856.2,2365.3,1124.2,3545.9,3993.7,2562.4,1727.4,1623.3,2769.8,827.6,2981.5,1000.5,2232.0,1398.0,3594.9,6765.2,3815.7,1465.2,125.8
2026-09-09 01:00:00,747.1,573.4,879.7,1093.2,590.7,221.2,21.6,90.1,294.3,31.6,185.2,1306.3,4180.8,3578.8,1548.4,1617.8,122.7,40.5,1027.0,815.9,500.8,334.2,4423.1,5885.0,2309.5,1113.8,3471.3,4101.6,2561.6,1756.6,1588.1,2808.2,809.3,2928.3,999.6,2293.4,1334.4,3567.9,6673.9,3810.4,1446.8,122.9
2026-09-09 01:15:00,749.5,570.4,876.4,1076.0,585.6,219.4,21.5,90.1,290.3,31.6,180.3,1305.8,4151.6,3601.1,1526.9,1602.3,142.0,40.6,1036.6,822.4,498.8,88.7,4426.1,5859.1,2292.3,1112.8,3461.0,3858.7,2547.9,1754.5,1586.4,2806.1,806.9,2911.0,994.5,2292.2,1330.9,3569.9,6653.0,3785.1,1437.8,118.9
2026-09-09 01:30:00,748.0,567.8,870.3,1058.7,587.5,216.9,22.0,90.1,292.0,31.6,181.4,1304.9,4131.3,3643.2,1508.6,1611.7,128.4,40.6,1045.7,828.2,500.9,90.3,4420.7,5852.1,2267.4,1105.7,3455.6,3700.0,2530.7,1740.6,1582.9,2801.1,802.4,2891.1,996.4,2291.0,1331.4,3577.5,6619.5,3771.2,1431.2,116.4
2026-09-09 01:45:00,759.8,565.2,867.7,1035.4,586.3,219.4,23.4,90.1,287.9,31.6,174.1,1312.7,4214.7,3661.9,1500.9,1621.1,147.7,40.7,1043.9,825.1,500.4,92.3,4416.0,5842.7,2243.6,1097.5,3452.3,3646.3,2539.5,1761.0,1588.8,2809.4,786.1,2604.1,995.8,2289.9,1325.4,3594.9,6587.8,3755.6,1425.3,115.4
2026-09-09 02:00:00,766.9,564.2,867.7,1014.8,603.6,220.6,5.0,67.1,289.3,35.9,172.7,1312.4,4330.5,3800.4,1486.0,1635.3,110.1,48.0,1006.4,934.8,492.6,94.1,4352.8,5820.6,2205.6,1227.9,3426.3,3647.5,2539.6,1763.1,1572.5,2787.6,806.3,2726.4,986.7,2265.9,1322.1,3475.4,6679.8,4018.1,1434.8,114.3
2026-09-09 02:15:00,766.5,562.7,866.5,1006.7,600.8,224.4,4.1,67.2,280.6,38.3,166.0,1327.3,4397.0,3778.5,1483.9,1639.7,99.1,40.5,1009.9,944.0,488.7,97.7,4349.5,5803.8,2191.7,1228.7,3487.8,3557.1,2535.7,1770.8,1569.7,2796.7,785.2,2680.6,984.9,2265.4,1320.4,3461.1,6657.3,3973.6,1432.1,111.9
2026-09-09 02:30:00,763.9,561.4,866.2,994.7,597.8,224.5,4.5,67.1,337.0,39.5,165.5,1336.7,4488.9,3771.5,1478.5,1648.3,90.9,55.6,1008.4,949.4,486.0,98.7,4335.2,5788.6,2184.1,1222.9,3477.2,3484.9,2518.5,1761.0,1569.2,2808.3,784.4,2673.8,984.4,2264.9,1314.8,3494.8,6640.9,3917.2,1426.0,111.7
2026-09-09 02:45:00,763.0,560.4,867.7,1001.8,596.8,223.1,4.5,67.2,339.8,39.6,161.3,1349.0,4499.3,3786.3,1472.5,1657.3,91.1,59.6,1013.9,954.4,482.5,102.1,4302.0,5768.8,2178.5,1221.0,3473.2,3260.3,2516.5,1763.9,1568.4,2816.4,783.5,2660.9,985.5,2264.3,1318.2,3480.7,6627.8,3917.6,1421.9,110.3
2026-09-09 03:00:00,750.0,560.1,873.1,998.5,597.9,242.0,13.3,49.2,362.8,38.7,155.3,1361.6,4435.2,3855.0,1493.0,1655.5,97.7,63.8,1025.4,988.3,473.2,101.2,4283.9,5764.2,2160.2,1062.6,3435.5,3253.8,2502.2,1787.5,1564.9,2819.7,778.1,2671.2,988.6,2274.1,1318.7,3378.0,6647.4,4040.9,1414.4,107.2
2026-09-09 03:15:00,756.0,562.7,875.4,998.8,600.4,240.9,14.7,49.1,355.1,33.9,152.0,1358.9,4443.7,3862.5,1507.4,1660.6,97.8,64.5,1023.7,981.6,471.3,103.6,4258.6,5746.7,2152.9,1060.7,3430.6,2972.7,2501.8,1793.3,1570.7,2827.8,775.7,2671.6,988.6,2274.0,1315.8,3369.0,6641.1,4036.9,1417.4,103.3
2026-09-09 03:30:00,751.1,565.0,881.1,1007.1,603.6,240.2,14.7,49.1,360.4,35.4,153.3,1361.2,4467.6,3881.8,1502.0,1668.9,97.9,65.3,1020.4,991.3,466.5,106.9,4266.8,5716.3,2154.5,1059.8,3428.4,2932.9,2500.0,1790.5,1564.6,2854.1,776.9,2636.7,990.7,2273.7,1317.3,3372.2,6643.5,4040.7,1410.9,104.5
2026-09-09 03:45:00,743.3,567.5,889.3,1027.9,610.8,239.5,13.3,49.2,362.1,35.5,152.1,1360.8,4526.1,3938.5,1500.0,1673.6,97.8,66.1,1017.1,993.4,463.7,110.9,4283.1,5685.9,2146.4,1057.7,3424.8,2877.9,2499.5,1797.8,1564.9,2858.9,774.4,2616.2,996.1,2273.4,1320.4,3385.8,6622.5,4033.6,1417.9,104.7
2026-09-09 04:00:00,695.7,570.6,869.4,1045.5,619.2,275.3,13.4,63.1,362.1,33.2,149.1,1354.0,4550.4,4068.4,1526.1,1673.5,39.0,72.6,1093.2,997.2,448.0,120.0,4411.0,5716.2,2148.8,1044.6,3484.3,2939.0,2506.3,1795.9,1564.9,2835.2,778.2,2671.2,985.3,2348.4,1335.6,3393.5,6549.3,3932.5,1437.9,100.7
2026-09-09 04:15:00,696.1,574.5,882.4,1038.5,628.5,275.6,12.0,63.1,364.0,31.6,148.4,1353.6,4533.9,4107.6,1514.0,1664.9,39.0,72.0,1093.2,987.8,446.7,127.0,4441.1,5693.9,2159.7,1046.7,3486.5,2922.2,2508.8,1799.8,1566.1,2879.6,777.7,2662.7,981.9,2348.0,1336.4,3399.7,6563.3,3964.3,1444.6,104.3
2026-09-09 04:30:00,702.9,586.3,912.3,1034.6,643.4,289.4,12.0,63.1,364.3,30.9,148.9,1342.6,4423.2,4146.2,1452.8,1664.3,41.3,71.9,1089.9,984.5,449.6,136.5,4457.3,5676.0,2157.9,1046.6,3490.0,2900.6,2510.6,1802.9,1566.8,2894.3,777.8,2643.2,985.0,2347.6,1342.2,3422.5,6585.6,3962.4,1452.8,107.7
2026-09-09 04:45:00,713.9,589.3,953.7,1028.2,661.0,288.6,12.0,63.3,363.5,30.9,149.3,1333.9,4264.7,4259.4,1443.0,1649.3,39.8,71.9,1088.4,969.1,452.5,145.3,4500.6,5657.8,2172.7,1045.4,3492.2,2916.9,2510.4,1807.7,1565.2,2925.8,778.9,2647.4,988.9,2347.3,1347.1,3467.6,6612.4,3969.9,1467.2,114.7
2026-09-09 05:00:00,749.2,569.9,1029.8,1058.3,675.7,292.6,38.5,76.1,345.1,26.7,181.1,1329.9,4514.8,4474.8,1503.0,1739.7,101.6,26.4,1173.1,972.1,453.8,152.2,4762.0,5582.4,2210.4,1038.5,3574.9,3144.6,2494.8,1792.8,1595.7,2873.5,789.4,2562.7,996.2,2509.7,1349.0,3808.3,6748.6,3963.9,1492.9,108.3
2026-09-09 05:15:00,763.7,587.0,1082.5,1063.8,690.8,300.2,38.5,76.1,315.8,26.7,183.1,1311.2,4437.2,4508.2,1486.7,1891.5,81.3,26.8,1176.0,975.5,461.8,165.9,4831.5,5577.7,2250.0,1037.4,3593.7,3229.9,2503.4,1806.0,1599.6,2922.6,794.3,2542.7,1003.7,2509.5,1358.7,3904.3,6819.4,3989.5,1530.0,114.9
2026-09-09 05:30:00,779.3,593.8,1123.3,1071.7,707.7,301.9,46.4,76.1,333.2,26.7,187.6,1308.7,4169.4,4556.3,1430.4,2049.1,90.9,27.0,1183.5,970.5,466.0,170.7,4856.3,5594.2,2284.0,1041.7,3544.5,3360.8,2532.9,1846.9,1596.6,2978.7,797.2,2738.1,1010.3,2509.0,1383.4,3945.4,6933.4,4038.9,1565.4,121.5
2026-09-09 05:45:00,782.8,599.7,1152.7,1076.0,728.1,306.3,46.3,76.2,346.0,26.7,203.1,1301.7,3592.1,4625.7,1441.2,2026.5,109.9,27.3,1198.3,968.1,471.8,424.5,4924.9,5597.8,2326.6,1036.9,3567.1,3667.1,2541.6,1840.5,1597.5,3016.0,802.2,2941.4,1013.2,2508.6,1390.2,4011.0,7048.1,4044.8,1607.0,122.8
2026-09-09 06:00:00,847.7,607.6,1172.7,1074.7,752.4,298.0,16.3,66.7,371.3,28.5,224.5,1289.9,4059.6,4550.6,1523.9,2026.4,49.9,49.2,1260.8,1049.8,518.2,437.0,5150.4,5585.9,2465.9,1077.3,4312.6,4510.5,2645.3,2073.2,1642.0,2969.7,858.1,3071.8,1040.3,3015.9,1442.4,4298.9,7361.7,4158.4,1718.1,162.1
2026-09-09 06:15:00,857.2,616.8,1171.4,1109.2,769.4,285.3,16.8,68.0,377.6,28.5,226.0,1277.3,3990.8,4826.1,1518.0,2046.7,36.7,49.5,1260.8,1029.6,521.1,452.4,5175.4,5559.4,2535.8,1162.5,4338.0,4693.1,2661.2,2065.8,1638.5,2993.9,868.4,3592.6,1052.4,3015.9,1458.9,4315.7,7516.8,4161.1,1779.4,163.5
2026-09-09 06:30:00,852.3,631.3,1147.4,1134.3,780.8,319.2,10.7,70.5,386.0,28.5,236.8,1267.8,4003.3,5126.3,1498.2,2045.6,25.4,49.7,1281.5,1018.7,528.9,491.5,5209.0,5523.0,2599.5,1234.5,4379.5,4730.9,2676.5,2161.4,1645.6,2993.7,876.6,3678.6,1061.7,3015.9,1475.1,4316.6,7671.5,4239.0,1829.7,160.9
2026-09-09 06:45:00,850.6,687.8,1113.4,1163.2,787.8,360.5,8.5,71.1,402.7,68.7,242.7,1265.9,4011.9,5461.2,1519.6,2060.5,46.3,49.9,1299.6,1037.4,547.2,513.7,5240.4,5489.1,2672.2,1349.4,4404.7,4753.4,2694.7,2211.4,1644.6,2994.7,884.4,3683.1,1078.0,3016.4,1488.2,4315.2,7839.2,4261.9,1879.3,162.7
2026-09-09 07:00:00,876.9,618.3,1076.4,1188.9,805.7,476.5,30.2,70.4,427.4,58.7,225.4,1282.7,4181.9,5312.1,1568.9,2088.1,15.0,70.6,1268.4,1185.6,555.3,538.4,5328.3,5459.0,2853.4,1516.0,4651.4,5487.0,2704.5,2508.9,1712.5,2777.8,931.5,3261.2,1096.5,3036.2,1630.9,4294.9,8107.2,4411.1,1959.7,217.3
2026-09-09 07:15:00,877.6,623.6,1011.1,1202.5,816.8,520.7,32.6,71.9,444.0,58.7,230.6,1275.8,3699.0,5364.9,1595.8,2082.8,16.5,74.6,1276.1,1165.4,562.8,522.7,5363.5,5430.6,2907.1,1549.0,4666.2,5656.8,2722.7,2492.8,1718.0,2775.5,940.6,3307.1,1100.1,3036.3,1642.9,4288.8,8201.5,4414.0,1997.4,220.3
2026-09-09 07:30:00,873.9,625.3,930.2,1199.5,824.1,573.7,35.9,71.1,454.5,59.3,241.6,1273.6,4119.8,5384.0,1600.5,2095.4,18.0,72.8,1274.6,1154.3,561.5,541.9,5385.3,5395.7,2939.9,1613.2,4671.8,5796.0,2736.7,2489.7,1722.4,2774.6,948.9,3359.1,1102.2,3036.4,1651.4,4282.5,8275.5,4421.0,2019.1,223.9
2026-09-09 07:45:00,867.9,631.2,873.6,1238.1,828.0,616.3,34.4,70.5,455.3,61.7,248.5,1278.6,4286.8,5329.9,1578.1,2106.1,19.6,65.5,1282.6,1164.6,569.2,558.3,5416.7,5354.1,2972.2,1587.6,4665.5,5888.4,2751.5,2462.3,1732.5,2772.8,955.2,3348.8,1101.5,3036.2,1659.0,4275.9,8335.3,4474.6,2045.2,227.8
2026-09-09 08:00:00,863.3,665.2,793.9,1178.9,826.2,768.5,26.5,41.5,446.0,73.7,290.1,1233.4,3745.6,5126.4,1845.5,2149.5,164.1,34.8,1325.1,1101.0,566.3,602.1,5443.6,5339.9,3009.9,1633.2,4639.9,6536.3,2788.1,2550.7,1695.6,2729.6,977.1,2721.4,1100.4,3027.5,1650.5,4288.4,8386.0,4527.1,2031.5,219.5
2026-09-09 08:15:00,857.6,678.1,751.1,1197.9,824.9,811.9,23.0,40.9,426.9,75.8,296.9,1219.3,3814.2,5049.3,1812.3,2183.2,166.1,56.9,1318.0,1053.0,574.5,567.1,5443.4,5305.6,3018.5,1609.5,4627.6,6549.3,2795.7,2546.4,1695.6,2728.0,982.8,2710.5,1109.5,3027.7,1653.9,4287.6,8397.1,4505.4,2024.6,225.3
2026-09-09 08:30:00,860.5,634.9,704.5,1213.5,818.6,834.2,34.3,40.9,404.3,86.2,304.4,1244.5,4431.6,4734.2,1762.8,2260.1,168.1,56.5,1309.3,1085.3,557.4,578.1,5455.4,5270.4,3026.0,1599.4,4617.1,6561.4,2795.8,2546.7,1696.3,2726.8,986.9,2707.5,1112.5,3027.8,1647.3,4287.0,8378.5,4482.8,2014.8,235.9
2026-09-09 08:45:00,850.5,643.1,660.7,1236.8,811.4,867.0,30.9,41.8,378.5,89.7,318.0,1241.9,4558.3,4603.8,1706.3,2265.5,170.1,93.4,1308.4,1061.2,569.4,588.3,5470.9,5237.9,3026.3,1504.6,4612.5,6261.1,2801.0,2545.8,1697.7,2725.0,988.3,2684.3,1116.9,3028.0,1642.3,4287.0,8368.5,4471.6,2004.7,242.6
2026-09-09 09:00:00,845.8,648.6,635.7,1226.6,797.5,840.1,55.3,20.0,355.9,96.1,311.1,1254.0,4477.0,5022.5,1641.4,2333.5,149.6,171.8,1417.5,1118.8,537.3,611.7,5463.5,5250.5,3017.2,1640.7,4414.8,5802.7,2815.7,2551.2,1687.6,2756.0,965.8,2665.9,1126.7,3040.2,1642.1,4287.5,8296.7,4429.3,1951.6,192.3
2026-09-09 09:15:00,841.3,657.8,595.8,1229.6,788.3,863.7,49.8,12.6,321.3,67.3,325.9,1246.0,4484.0,4857.8,1593.8,2356.4,150.1,122.1,1404.7,1091.5,542.9,580.6,5479.4,5201.9,3005.7,1509.9,4382.7,5192.1,2819.1,2548.3,1691.7,2754.0,964.2,2624.9,1119.9,3040.3,1639.3,4293.1,8269.6,4405.3,1938.4,199.9
2026-09-09 09:30:00,835.1,652.1,561.9,1244.2,783.5,859.6,46.2,13.3,280.4,63.1,319.4,1269.6,4640.2,4887.5,1584.4,2273.0,150.7,125.4,1394.1,1112.7,575.4,314.7,5499.5,5170.5,3004.5,1374.4,4360.6,4563.0,2818.7,2540.7,1685.1,2767.7,963.0,2594.0,1121.0,3040.5,1640.3,4302.0,8262.3,4421.5,1917.1,207.1
2026-09-09 09:45:00,828.4,659.0,530.2,1258.2,781.0,886.6,46.2,13.8,245.1,67.1,321.0,1294.6,4830.0,4957.1,1537.1,2114.7,151.2,99.5,1398.4,1126.5,598.6,326.3,5512.1,5142.0,2995.7,1307.6,4346.2,4031.9,2819.6,2543.8,1685.3,2766.3,976.2,2594.6,1132.2,3040.4,1639.4,4309.1,8246.9,4406.4,1894.7,210.0
2026-09-09 10:00:00,827.5,668.9,506.3,1276.1,769.8,659.3,50.5,34.4,240.0,101.7,350.6,1315.8,4717.5,5356.9,1485.3,2055.7,134.4,58.2,1434.9,1069.1,599.4,355.3,5522.4,5093.0,2983.7,1381.1,4362.0,3362.9,2812.8,2490.1,1686.3,2763.4,953.4,2557.2,1094.0,3041.7,1613.4,4322.5,8191.5,4424.6,1858.5,202.6
2026-09-09 10:15:00,826.8,666.2,482.6,1296.9,770.0,674.6,50.5,23.6,214.4,98.9,346.2,1337.7,5579.8,5331.6,1429.9,2105.3,134.2,42.4,1418.7,790.8,590.6,360.4,5534.8,5025.9,2975.8,1380.4,4423.7,2971.7,2815.2,2492.0,1690.3,2779.0,970.4,2580.8,1095.9,3041.9,1608.9,4329.6,8150.6,4407.4,1836.7,207.9
2026-09-09 10:30:00,831.5,664.2,461.0,1311.9,766.9,693.4,56.6,23.8,196.4,108.9,339.0,1360.3,5562.2,5361.0,1437.5,2182.5,153.9,41.8,1412.8,809.6,584.0,370.5,5547.6,5004.4,2968.0,1287.4,4413.9,2686.1,2810.1,2473.0,1684.0,2776.6,966.8,2505.0,1102.1,3042.2,1609.8,4337.0,8125.8,4395.3,1819.3,213.2
2026-09-09 10:45:00,825.9,660.2,443.1,1336.1,759.7,710.3,63.1,23.9,197.5,115.1,367.0,1376.0,5903.8,5361.7,1428.4,2193.4,153.7,41.4,1459.1,830.0,594.7,376.2,5604.1,4981.9,2954.5,1288.2,4400.8,2654.9,2812.3,2469.4,1692.7,2790.2,964.9,2502.2,1092.5,3042.4,1617.5,4345.0,8133.5,4366.2,1800.0,217.5
2026-09-09 11:00:00,820.7,665.6,512.0,1358.4,746.1,722.2,83.5,12.6,178.5,124.5,323.4,1432.2,5448.1,5732.8,1569.8,2196.2,217.1,31.5,1417.7,753.6,556.2,417.3,5559.1,4805.5,2937.7,1272.3,4299.3,2538.7,2791.3,2392.3,1672.1,2664.6,962.8,2585.1,1088.4,3041.2,1596.9,4350.6,8033.6,4436.6,1755.2,224.9
2026-09-09 11:15:00,821.4,665.9,498.8,1363.3,748.3,724.5,83.2,12.4,173.9,118.3,324.6,1427.2,5492.5,5689.8,1555.1,2224.8,240.5,31.9,1440.5,765.7,550.5,407.9,5575.2,4787.3,2936.4,1274.0,4289.4,2524.9,2793.9,2384.5,1681.4,2663.0,960.8,2586.1,1098.5,3041.3,1596.4,4363.3,8009.4,4434.0,1730.2,228.8
2026-09-09 11:30:00,824.1,660.9,488.8,1373.9,753.7,726.6,101.5,12.5,184.0,123.6,338.0,1439.4,5591.8,5663.6,1539.9,2249.8,239.0,31.1,1461.3,786.7,552.0,397.3,5583.9,4732.8,2927.3,1276.8,4281.4,2545.9,2790.3,2331.8,1681.0,2661.7,959.8,2568.6,1097.6,3040.4,1605.0,4374.3,7981.7,4421.2,1717.1,235.7
2026-09-09 11:45:00,822.1,657.1,486.5,1371.0,755.5,729.0,96.6,12.3,180.0,115.4,358.0,1447.3,5759.9,5647.5,1536.2,2211.3,235.2,49.3,1475.8,782.2,561.8,394.6,5624.7,4694.0,2927.7,1275.1,4282.7,2565.9,2790.3,2322.1,1682.7,2660.2,957.2,2547.4,1099.3,3040.5,1619.8,4389.2,7954.6,4410.1,1691.3,241.3
2026-09-09 12:00:00,831.7,638.0,449.7,1287.9,747.2,717.5,97.9,10.6,153.7,123.3,361.6,1498.4,5688.0,5915.3,1788.8,2282.3,181.7,34.9,1436.1,849.6,516.3,433.6,5572.4,4677.5,2938.7,1303.2,4380.2,3130.3,2782.1,2276.9,1668.7,2685.0,951.6,2016.2,1116.7,3010.9,1613.5,4410.7,7917.1,4423.0,1665.3,254.8
2026-09-09 12:15:00,832.3,630.6,464.8,1279.7,743.8,712.0,99.8,10.5,149.0,71.1,367.7,1480.9,5724.4,5992.9,1782.7,2239.0,209.6,35.1,1447.8,818.9,515.9,411.4,5589.3,4660.2,2934.5,1304.8,4370.3,3148.4,2780.3,2223.7,1667.0,2684.9,952.6,2014.3,1120.7,3010.6,1618.4,4430.7,7894.2,4418.2,1648.6,266.3
2026-09-09 12:30:00,833.3,626.4,470.0,1259.6,739.3,706.4,97.6,10.2,148.2,72.6,366.0,1499.7,5889.0,6089.3,1759.3,2200.9,216.9,22.3,1455.2,833.6,512.1,420.8,5585.0,4616.0,2931.6,1308.5,4375.6,3166.2,2776.7,2171.0,1665.7,2683.8,948.6,2018.6,1098.3,3010.8,1621.5,4449.3,7871.9,4413.6,1645.6,284.0
2026-09-09 12:45:00,830.7,622.5,478.2,1244.9,744.8,702.7,82.3,10.0,154.3,71.0,363.1,1503.3,6207.3,6148.3,1759.5,2176.4,215.1,22.2,1509.0,837.9,511.3,432.3,5578.9,4597.9,2926.1,1309.0,4365.1,3186.4,2778.4,2162.4,1673.2,2661.9,944.6,1982.1,1105.0,3010.9,1619.2,4465.9,7858.0,4393.2,1645.5,297.4
2026-09-09 13:00:00,833.5,614.3,498.3,1308.4,792.2,691.7,84.7,9.7,158.6,62.9,490.6,1512.9,5897.6,6426.8,1966.7,2138.6,173.6,26.4,1573.7,865.3,536.1,425.8,5581.3,4451.1,2961.0,1128.1,4216.1,3385.2,2755.8,2072.7,1691.7,2688.5,944.1,2107.5,1115.3,2926.2,1601.0,4483.7,7964.8,4528.5,1663.3,326.4
2026-09-09 13:15:00,829.9,608.3,513.1,1298.3,807.4,683.2,81.9,9.5,162.0,67.8,511.9,1515.4,5869.6,6532.3,1983.4,2107.9,176.6,32.8,1575.3,898.6,521.9,425.4,5615.6,4309.6,2962.2,1131.2,4187.1,3403.3,2758.5,2084.9,1688.9,2688.9,941.7,2136.7,1107.2,2926.4,1602.4,4501.0,7947.8,4464.9,1664.9,339.3
2026-09-09 13:30:00,830.5,601.1,533.5,1282.4,818.4,674.9,79.1,9.3,156.7,70.0,521.0,1521.4,5923.1,6536.0,1991.4,2132.3,157.4,20.8,1586.0,933.9,533.4,438.3,5660.9,4273.8,2961.7,1134.2,4182.8,3424.0,2758.9,2107.4,1689.9,2689.7,943.8,2122.5,1095.5,2926.6,1599.1,4517.5,7934.1,4303.7,1668.3,356.5
2026-09-09 13:45:00,833.1,593.4,553.8,1249.4,828.7,658.1,78.1,9.1,160.8,72.1,525.7,1521.9,6129.7,6523.0,1987.9,2127.0,179.5,20.0,1582.4,973.9,536.9,464.7,5659.8,4260.2,2960.7,1136.2,4215.8,3417.2,2759.2,2123.0,1690.6,2690.3,942.0,2110.5,1091.1,2927.0,1592.6,4518.1,7922.7,4294.4,1661.1,369.6
2026-09-09 14:00:00,861.4,585.0,566.8,1211.0,834.1,746.0,80.2,8.9,159.5,75.5,545.6,1500.9,5919.8,6653.9,1994.0,2022.4,169.3,22.7,1585.8,1031.5,525.3,458.0,5657.9,4362.1,2976.2,1126.8,4251.9,3461.5,2726.8,2127.0,1696.8,2677.4,944.7,2067.0,1092.0,2895.8,1578.6,4518.5,7898.6,4299.8,1628.2,398.4
2026-09-09 14:15:00,875.3,576.7,593.3,1200.4,845.0,718.4,78.9,8.8,159.1,84.0,541.2,1500.8,5831.8,6669.5,1991.7,2014.9,149.5,41.5,1591.2,1087.6,516.7,467.0,5649.9,4360.0,2979.2,1126.6,4257.8,3477.7,2728.0,2154.9,1706.0,2677.9,946.0,2079.9,1084.2,2896.3,1576.8,4536.6,7896.3,4304.5,1632.6,411.2
2026-09-09 14:30:00,869.3,564.6,621.0,1169.0,849.7,688.7,78.8,8.5,157.5,73.4,547.5,1499.5,5771.1,6614.4,1999.7,2011.1,165.1,22.9,1593.0,1142.5,522.9,477.7,5648.0,4356.4,2977.0,1126.7,4259.9,3485.2,2726.9,2163.6,1700.4,2678.5,945.0,2088.9,1086.3,2896.6,1572.0,4536.8,7890.3,4298.2,1636.6,426.5
2026-09-09 14:45:00,908.8,557.8,630.6,1129.8,848.7,652.5,78.0,8.1,159.2,77.1,533.5,1496.3,5746.4,6556.3,2015.2,1994.1,165.3,22.8,1542.9,1226.0,522.6,498.7,5645.4,4348.8,2984.2,1127.5,4260.9,3492.4,2729.5,2179.9,1696.3,2685.9,945.7,2071.4,1078.5,2896.7,1573.4,4574.6,7859.5,4305.4,1633.5,439.4
2026-09-09 15:00:00,881.0,538.6,626.6,1091.3,827.5,666.1,106.6,57.7,153.5,97.4,524.0,1488.8,5861.0,6745.1,1808.0,1925.1,201.6,25.8,1618.1,1311.3,569.3,498.6,5660.1,4352.7,2960.8,1123.5,4348.1,3498.4,2767.2,2214.5,1708.0,2678.4,953.6,2055.8,1072.0,2942.8,1587.6,4687.8,7771.9,4190.6,1619.0,458.0
2026-09-09 15:15:00,843.6,528.3,664.1,1034.2,829.7,627.8,106.5,57.3,174.9,102.3,473.7,1489.0,5631.8,6765.1,1814.6,1933.1,214.7,25.9,1487.7,1387.0,538.7,506.2,5656.1,4261.4,2973.7,1123.1,4351.2,3517.1,2771.1,2239.0,1712.2,2684.0,956.6,2199.9,1079.0,2943.8,1587.5,4735.2,7753.6,4321.3,1629.0,456.4
2026-09-09 15:30:00,830.0,517.3,702.7,907.8,824.5,594.3,105.9,56.7,186.5,97.2,468.1,1501.3,5352.3,6803.8,1848.0,1944.5,212.1,25.9,1486.8,1460.3,539.5,509.6,5657.0,4258.2,2983.6,1123.9,4362.6,3537.5,2770.8,2278.1,1713.1,2701.0,957.9,2236.9,1081.5,2944.7,1584.7,4763.2,7772.4,4463.9,1638.6,459.1
2026-09-09 15:45:00,833.9,506.6,740.7,859.9,826.8,558.8,106.0,56.0,187.5,98.1,463.4,1474.0,4622.9,6895.9,1877.4,1892.4,215.7,35.8,1488.7,1538.5,541.3,525.0,5662.1,4287.4,3000.5,1142.0,4373.7,3563.3,2776.1,2288.4,1713.4,2701.5,960.2,2346.5,1091.3,2945.7,1587.5,4789.9,7778.1,4479.7,1644.6,462.7
2026-09-09 16:00:00,865.7,495.0,777.4,836.5,806.2,538.2,77.9,28.1,180.6,92.5,358.5,1451.8,4972.1,6635.7,1615.0,1830.9,34.0,81.9,1607.8,1545.0,592.6,507.0,5648.5,4338.3,3021.0,1364.3,4469.8,3367.6,2742.9,2275.4,1718.0,2955.6,966.7,2307.0,1095.8,3019.9,1601.5,4959.2,7838.7,4246.0,1660.3,480.4
2026-09-09 16:15:00,868.8,492.5,822.2,751.1,807.2,497.9,77.9,27.3,170.9,85.9,325.3,1443.9,4857.5,6650.7,1649.9,1804.1,83.9,96.3,1478.8,1628.5,562.4,512.6,5603.1,4353.9,3034.4,1453.3,4474.8,3440.5,2743.9,2363.2,1714.0,2991.6,970.7,2275.0,1091.8,3021.0,1593.7,4987.7,7862.5,4468.1,1677.5,481.3
2026-09-09 16:30:00,856.7,480.8,911.2,910.3,812.1,450.3,77.9,26.6,172.6,89.6,321.3,1425.1,5364.5,6691.2,1659.1,1792.1,94.6,95.6,1473.5,1828.0,560.5,512.1,5622.2,4316.0,3048.0,1472.5,4479.2,3496.4,2742.5,2427.7,1703.7,2991.5,971.6,2241.9,1096.9,3023.0,1571.8,5012.7,7918.1,4507.8,1704.9,481.2
2026-09-09 16:45:00,857.6,481.3,981.7,955.1,818.8,438.8,77.9,26.7,181.8,80.9,321.3,1428.6,4418.8,6784.6,1718.8,1753.1,37.7,79.9,1485.9,1891.7,570.7,541.6,5657.0,4186.6,3051.8,1451.5,4484.6,3512.6,2742.1,2438.7,1710.3,2991.5,970.1,2242.9,1094.0,3024.0,1577.6,5034.7,7977.4,4496.1,1730.2,478.6
2026-09-09 17:00:00,875.6,508.4,1113.6,921.2,828.4,623.3,60.2,94.5,180.7,73.5,553.4,1438.1,4895.5,6351.7,1663.1,1659.8,306.1,45.7,1635.9,2316.6,552.8,568.2,5719.2,4131.9,3038.1,1279.4,4332.4,3606.5,2716.1,2502.6,1707.6,3047.0,976.9,2142.6,1120.7,3055.5,1601.2,5092.5,8101.3,4536.2,1787.7,489.6
2026-09-09 17:15:00,881.7,548.2,1146.6,962.0,832.1,620.3,60.9,93.8,189.4,59.0,545.2,1417.0,4703.9,6298.6,1719.2,1610.1,225.5,45.6,1631.9,2436.0,560.2,562.6,5708.6,4030.3,3027.0,1273.7,4333.4,3608.7,2714.7,2572.2,1698.5,3048.6,962.8,2204.5,1133.4,3056.7,1597.9,5121.3,8157.3,4579.8,1805.8,479.4
2026-09-09 17:30:00,892.8,489.6,1259.2,1292.0,836.2,543.7,62.0,95.5,223.0,42.1,562.2,1372.4,4590.0,6277.1,1757.0,1660.6,241.9,30.5,1635.7,2380.7,573.4,557.2,5747.7,4047.5,3024.2,1280.4,4331.7,4015.7,2685.5,2572.3,1702.4,3049.7,962.5,2287.7,1130.4,3058.0,1596.1,5153.1,8208.4,4591.5,1829.3,474.3
2026-09-09 17:45:00,895.0,550.0,1247.7,1158.3,838.1,576.8,62.1,103.1,249.3,33.4,560.4,1347.8,4542.2,6206.9,1798.4,1727.1,224.3,30.5,1644.6,2606.2,581.2,595.7,5730.2,4045.1,3023.4,1441.1,4341.9,4320.0,2683.7,2612.7,1698.9,3051.1,949.3,2463.9,1115.8,3059.1,1599.3,5191.2,8259.6,4613.3,1847.1,473.6
2026-09-09 18:00:00,905.3,562.8,1269.4,1199.3,851.0,644.2,29.3,81.9,272.2,21.0,621.2,1390.5,4702.4,5818.4,1869.9,1755.5,221.6,46.4,1591.1,3114.4,607.7,544.0,5784.3,3988.7,3013.5,1335.1,4438.3,4715.7,2689.4,2644.9,1696.2,3069.1,967.3,2811.8,1115.7,3191.8,1589.5,5299.9,8233.5,4586.7,1843.3,454.3
2026-09-09 18:15:00,910.7,559.6,1300.9,1220.0,859.7,664.7,23.1,88.0,293.8,14.4,604.1,1369.9,4669.5,5693.3,1900.8,1716.7,176.6,56.2,1586.9,3119.6,604.6,782.5,5795.9,4009.9,3019.3,1501.6,4441.6,5080.7,2690.4,2642.2,1688.5,3060.9,970.1,3025.6,1125.8,3194.5,1591.0,5329.3,8255.2,4583.5,1855.3,439.9
2026-09-09 18:30:00,915.4,554.6,1327.1,1250.5,869.8,668.6,23.6,89.2,315.7,15.9,614.9,1345.1,4694.2,6138.5,1857.2,1626.2,121.6,51.0,1597.4,3094.2,611.2,794.2,5813.0,4056.1,3028.8,1560.5,4456.5,5338.0,2685.9,2637.9,1688.1,3061.8,973.4,3041.4,1110.2,3197.5,1589.5,5371.5,8274.6,4628.8,1859.7,430.1
2026-09-09 18:45:00,913.2,546.9,1365.1,1440.1,886.4,635.4,24.7,89.0,338.9,52.5,635.7,1347.2,4338.3,5855.2,1802.9,1520.8,126.7,40.9,1609.1,3137.2,613.1,781.9,5831.7,4035.5,3037.2,1563.0,4467.5,5469.8,2686.7,2630.8,1688.6,3068.8,975.8,3039.2,1117.0,3200.7,1585.5,5430.9,8303.4,4636.3,1866.8,416.9
2026-09-09 19:00:00,920.2,547.4,1360.4,1319.7,885.8,689.9,30.1,88.4,342.3,53.4,330.9,1410.4,4173.3,5119.3,1849.1,1403.7,158.0,29.5,1519.6,3143.4,628.3,759.0,5834.2,4083.4,3052.9,1531.1,4713.5,5790.2,2709.9,2505.5,1702.3,3085.1,984.5,3128.5,1117.6,3238.6,1567.2,5474.2,8344.9,4677.3,1876.7,422.4
2026-09-09 19:15:00,924.5,547.9,1373.5,1324.3,886.6,691.3,35.0,89.3,350.4,75.3,333.8,1395.6,4141.1,5294.8,1955.3,1436.0,157.3,29.4,1533.5,3149.0,619.2,776.2,5849.1,4087.9,3062.3,1503.3,4727.5,5776.6,2737.7,2488.9,1704.4,3085.3,987.5,3145.5,1123.1,3243.0,1560.2,5546.2,8348.8,4684.9,1879.2,424.1
2026-09-09 19:30:00,925.2,564.7,1375.2,1338.5,888.3,693.4,37.0,85.8,362.7,49.1,362.2,1381.1,4129.1,5759.5,1960.7,1408.2,130.0,29.2,1563.4,3151.7,635.6,753.4,5848.1,4065.2,3069.0,1338.2,4731.3,5791.4,2734.8,2467.3,1712.1,3085.6,991.1,3101.9,1111.9,3247.8,1552.7,5617.5,8344.3,4656.9,1883.1,422.2
2026-09-09 19:45:00,922.1,560.8,1371.2,1325.4,883.5,691.8,37.9,80.1,374.3,64.7,370.7,1370.4,3980.1,5883.0,1981.2,1415.1,127.0,29.1,1537.5,3160.3,627.5,760.1,5831.1,4064.7,3079.4,1355.1,4734.0,5793.6,2738.2,2340.1,1715.4,3083.7,995.3,3183.8,1100.8,3252.1,1563.2,5686.9,8345.1,4612.7,1878.8,422.7
2026-09-09 20:00:00,917.0,523.0,1343.8,1339.7,872.6,558.9,13.4,80.8,394.4,11.8,340.5,1296.5,3871.0,5726.4,1754.6,1354.3,113.7,31.1,1433.1,3300.7,615.7,759.0,5719.3,4061.8,3108.3,1334.9,4698.0,5761.8,2766.3,2323.3,1716.1,3075.6,1003.7,3348.6,1100.4,3285.4,1531.3,5580.5,8311.0,4777.8,1873.6,471.1
2026-09-09 20:15:00,911.8,503.4,1320.5,1322.7,863.8,546.7,12.9,80.4,396.4,11.8,342.9,1297.0,3856.8,5590.8,1790.3,1325.7,115.6,31.0,1427.5,3307.1,614.0,758.8,5692.5,4054.2,3114.0,1364.8,4702.4,5765.2,2770.3,2253.6,1724.8,3060.1,1005.3,3403.7,1104.9,3290.6,1538.7,5625.2,8313.5,4723.2,1866.2,472.4
2026-09-09 20:30:00,903.6,473.8,1289.9,1256.9,842.3,556.4,13.1,80.5,377.7,22.7,342.1,1296.2,3848.3,5500.0,1789.4,1321.0,144.3,31.0,1423.4,3397.2,611.1,759.6,5644.0,3990.9,3114.4,1381.3,4707.8,5770.0,2766.6,2125.4,1734.5,3058.5,1008.1,3485.4,1103.1,3295.5,1551.2,5670.9,8288.9,4666.3,1862.7,472.9
2026-09-09 20:45:00,891.4,462.9,1252.0,1189.5,830.9,548.1,12.6,80.4,372.2,47.1,327.9,1274.9,3852.6,5603.4,1778.6,1326.8,191.4,45.1,1421.9,3362.2,607.0,781.2,5618.9,3974.8,3117.6,1341.5,4715.8,5782.4,2766.6,2066.8,1730.1,3035.5,1007.4,3509.4,1104.0,3301.2,1554.0,5694.0,8243.7,4635.6,1847.0,479.9
2026-09-09 21:00:00,863.6,483.0,1204.1,1184.7,808.4,475.4,38.7,62.3,396.0,63.7,614.3,1285.0,3546.2,5656.2,1726.0,1267.1,129.9,45.4,1473.0,3345.8,564.3,791.4,5601.5,3918.2,3089.2,1470.4,4706.9,5385.6,2801.7,2079.5,1723.8,3080.3,1015.4,3586.5,1098.9,3057.9,1505.8,5886.3,8079.6,4554.3,1801.7,437.2
2026-09-09 21:15:00,848.7,478.2,1165.9,1147.3,791.1,475.1,38.7,62.1,402.1,11.3,605.4,1284.1,3568.2,5400.7,1729.2,1212.4,111.3,45.4,1469.7,3337.8,554.6,798.2,5633.6,3913.3,3074.0,1452.3,4693.1,5310.7,2799.7,1958.5,1722.9,3077.6,1012.2,3652.7,1091.3,3064.4,1498.2,5905.6,8002.8,4511.5,1775.7,439.5
2026-09-09 21:30:00,824.9,479.3,1120.4,939.8,768.6,484.6,39.7,62.2,392.9,11.9,589.7,1283.9,4108.1,5382.4,1753.5,1210.3,111.6,45.4,1464.2,3351.5,545.1,821.0,5661.3,3919.3,3053.4,1354.5,4695.4,5219.1,2792.1,1938.8,1725.8,3026.3,1009.4,3644.4,1091.0,3070.9,1490.9,5897.4,7907.0,4496.5,1754.8,444.6
2026-09-09 21:45:00,806.4,478.0,1079.9,929.8,746.7,486.7,40.0,62.1,401.7,11.3,579.3,1283.7,4146.5,5509.8,1771.7,1207.1,91.3,45.6,1462.1,3389.1,545.6,817.8,5633.1,3878.8,3035.7,1259.5,4669.8,5118.1,2785.8,1984.8,1724.4,3025.8,1004.5,3584.1,1078.5,3077.2,1478.1,5828.4,7833.1,4493.8,1732.2,450.8
2026-09-09 22:00:00,771.1,463.1,1064.6,878.0,727.4,431.0,14.0,11.1,390.5,11.5,605.0,1286.0,3859.4,5402.8,1687.7,1169.8,252.8,31.2,1425.2,3530.7,508.6,881.4,5426.0,3833.5,2973.1,1264.9,4627.6,4565.4,2791.6,2116.2,1697.3,3071.3,1006.1,3489.8,1045.5,2811.3,1454.8,6005.1,7741.5,4398.4,1690.3,467.4
2026-09-09 22:15:00,759.2,455.3,1040.6,845.8,705.2,427.5,15.4,11.2,380.2,11.5,594.6,1286.1,3928.0,5196.0,1644.6,1204.5,262.7,31.3,1431.3,3543.4,508.1,884.0,5395.1,3791.3,2944.9,1269.1,4599.9,4487.5,2784.5,2054.8,1698.9,2999.4,1001.3,3489.6,1029.9,2817.0,1439.5,6035.3,7633.6,4260.3,1659.4,463.2
2026-09-09 22:30:00,746.2,445.0,1017.0,628.6,685.3,426.2,16.7,11.3,371.1,11.5,591.3,1284.6,4079.5,5163.0,1661.6,1227.1,235.3,31.4,1427.1,3543.1,503.3,902.3,5368.1,3757.2,2908.4,1268.7,4583.7,4396.7,2773.7,2056.3,1697.8,2976.1,995.7,3444.9,1024.7,2823.5,1425.6,5948.4,7546.6,4193.2,1649.3,442.3
2026-09-09 22:45:00,760.6,438.1,1003.1,614.3,668.0,423.2,16.7,11.2,368.9,11.5,580.0,1284.5,4210.5,5146.0,1637.3,1230.3,253.6,31.5,1421.1,3562.7,503.0,924.6,5318.5,3704.7,2879.1,1265.9,4552.1,4305.4,2767.4,2070.6,1712.1,2964.5,989.6,3400.3,1010.6,2829.2,1415.0,5909.5,7479.4,4151.7,1623.2,434.6
2026-09-09 23:00:00,718.1,443.0,976.2,617.3,653.3,289.2,4.7,11.2,362.7,21.1,582.0,1302.3,3896.0,5018.6,1571.7,1115.7,221.8,32.9,1511.7,3614.7,515.6,970.4,5122.6,3544.3,2788.8,1312.6,4344.2,4363.8,2740.5,2037.1,1669.8,3005.6,928.8,3247.0,1007.0,2523.3,1458.0,5828.5,7361.3,4259.0,1606.6,404.3
2026-09-09 23:15:00,711.0,441.3,963.1,602.1,640.5,278.5,4.7,11.2,361.3,22.6,566.0,1303.2,3991.2,4772.9,1558.7,1107.1,201.9,33.0,1508.4,3565.1,506.4,928.7,5088.1,3524.5,2745.4,1313.8,4315.3,4337.8,2732.6,2045.6,1669.5,2976.6,920.7,3183.9,997.5,2533.4,1448.8,5764.2,7288.9,4238.8,1592.7,402.4
2026-09-09 23:30:00,710.3,435.2,951.8,589.1,627.4,267.1,4.7,11.3,354.6,34.4,560.0,1304.6,4011.7,4852.0,1555.5,1116.8,232.1,33.3,1500.2,3556.6,497.7,782.9,5065.5,3466.1,2708.8,1307.5,4298.8,4323.5,2724.4,2051.5,1668.3,2949.9,913.4,3136.3,979.8,2543.6,1419.2,5637.4,7212.6,4215.9,1577.5,389.1
2026-09-09 23:45:00,715.7,428.8,948.0,577.1,618.4,266.3,4.7,11.2,347.3,29.6,553.2,1305.3,4061.2,4753.7,1551.6,1099.4,232.1,33.4,1490.4,3544.5,498.3,809.3,5018.6,3445.6,2658.6,1279.7,4264.7,3934.3,2717.7,2098.0,1678.6,2928.6,906.9,2841.1,986.4,2556.3,1389.2,5582.4,7147.9,4196.0,1558.1,392.4
2026-09-10 00:00:00,682.0,512.4,915.2,737.0,602.4,378.4,72.0,4.1,329.9,24.6,462.0,1250.7,3132.9,4497.3,1429.0,978.0,189.6,60.7,1285.9,3229.3,461.7,997.2,5091.9,3342.7,2577.7,1339.7,4274.8,3980.9,2726.4,1925.2,1709.3,3220.6,957.1,3105.2,978.0,2515.7,1585.8,5212.2,7047.4,4243.3,1474.6,588.0
2026-09-10 00:15:00,684.7,448.2,899.0,750.0,595.3,382.3,72.0,4.2,326.0,26.2,448.8,1246.8,3130.3,4104.2,1452.1,993.3,225.9,60.8,1285.3,3224.9,458.8,1267.4,5071.1,3340.4,2549.2,1339.7,4263.7,4048.8,2718.3,1920.6,1706.6,3200.8,947.1,3059.3,974.0,2543.8,1586.7,5164.4,7026.6,4246.3,1460.8,588.0
2026-09-10 00:30:00,690.1,422.5,892.9,729.3,587.0,379.6,72.0,4.1,320.7,26.2,439.0,1253.7,3157.6,4043.0,1446.2,980.3,222.5,60.8,1285.8,3195.2,457.1,1477.1,5046.9,3344.0,2515.0,1338.5,4239.9,3946.3,2711.1,1901.1,1702.2,3122.8,940.9,3032.9,970.1,2570.2,1585.1,5164.9,6994.8,4252.3,1453.2,587.3
2026-09-10 00:45:00,685.0,409.3,887.4,723.7,583.1,375.8,73.4,4.2,316.4,26.2,430.3,1261.4,3360.2,3973.2,1421.3,977.8,199.1,60.9,1287.4,3182.5,457.5,1486.2,5029.4,3334.1,2476.6,1338.6,4225.7,3823.7,2704.3,1940.6,1701.6,3085.4,932.7,2963.3,965.0,2593.9,1586.1,5210.3,6980.3,4225.9,1445.7,591.2
2026-09-10 01:00:00,661.7,434.3,885.8,705.5,581.2,363.1,47.2,14.2,321.5,20.5,486.9,1269.2,3158.0,3747.5,1383.7,991.6,189.3,31.2,1255.3,3159.0,445.2,1493.0,4993.2,3278.5,2427.9,1337.8,4159.4,3755.1,2698.0,1931.3,1670.5,3204.0,909.4,2907.5,957.4,2309.0,1570.0,5164.1,6892.1,4258.4,1425.2,572.2
2026-09-10 01:15:00,673.8,406.2,881.8,705.3,578.8,361.3,47.2,14.2,321.2,18.2,477.2,1261.5,3246.4,3652.9,1362.2,972.8,207.9,31.2,1257.3,3222.9,445.0,1506.4,4975.6,3284.5,2405.6,1338.7,4154.8,3862.0,2701.4,1892.8,1668.7,3151.9,905.8,2898.6,954.7,2329.3,1570.4,5102.3,6848.6,4276.9,1417.9,574.6
2026-09-10 01:30:00,676.7,400.6,878.9,704.5,578.5,358.9,47.8,14.2,324.3,16.9,477.4,1260.9,3392.9,3540.4,1331.4,969.5,184.3,31.3,1265.5,3218.8,444.8,1511.6,4983.4,3298.6,2384.4,1338.9,4152.7,3799.1,2681.8,1938.5,1664.9,3079.9,897.2,2829.9,953.3,2346.7,1565.9,5106.8,6835.7,4253.5,1413.1,573.6
2026-09-10 01:45:00,675.4,387.1,877.7,703.3,576.1,356.5,49.8,14.1,330.3,13.1,469.6,1263.7,3465.1,3476.5,1338.2,967.9,182.5,31.4,1262.6,3275.8,444.7,1517.5,4977.9,3292.4,2359.6,1338.9,4153.7,3642.2,2677.6,1967.0,1670.8,3059.3,890.8,2788.4,952.2,2364.0,1555.3,5149.8,6899.7,4265.1,1406.6,578.4
2026-09-10 02:00:00,676.7,390.6,872.4,709.9,585.9,358.4,36.6,21.2,325.2,15.6,485.6,1270.3,3295.3,3374.5,1310.6,972.0,185.8,31.3,1168.5,2966.7,450.3,1515.2,5031.7,3360.1,2325.3,1296.6,4100.3,3768.4,2675.5,1889.3,1656.9,3114.6,884.0,2810.2,948.1,2259.5,1552.5,4888.6,6892.6,4458.1,1389.5,585.0
2026-09-10 02:15:00,683.4,389.8,868.4,710.9,587.1,354.6,38.0,21.2,315.8,14.9,477.4,1274.1,3338.7,3272.3,1316.0,970.4,205.7,31.4,1168.9,2959.4,448.4,1518.5,5025.5,3366.9,2308.0,1296.4,4098.2,3642.5,2664.6,1935.6,1654.7,3058.7,882.0,2759.5,947.3,2277.2,1551.5,4928.5,6913.0,4439.2,1392.6,589.9
2026-09-10 02:30:00,686.5,382.3,866.5,710.3,589.5,354.7,38.7,21.2,421.2,4.2,478.3,1280.8,3290.4,3218.4,1310.9,967.8,167.3,31.4,1172.7,2947.7,446.1,1524.5,5032.0,3377.3,2299.0,1297.0,4097.5,3864.6,2661.0,1957.4,1654.2,3035.6,880.3,2719.5,946.3,2298.0,1547.4,4936.8,6944.5,4457.5,1390.8,578.5
2026-09-10 02:45:00,685.2,382.8,863.5,698.2,584.3,359.6,38.7,21.2,423.4,1.0,472.6,1279.1,3325.3,3123.0,1294.1,966.9,166.9,31.4,1169.5,2923.3,443.6,1527.9,5022.5,3365.3,2287.0,1296.3,4094.7,3867.0,2659.5,1957.0,1653.8,3031.6,878.9,2706.2,947.2,2319.3,1552.2,4904.2,6985.8,4479.0,1387.2,579.2
2026-09-10 03:00:00,708.8,392.1,926.1,718.3,585.3,399.1,3.7,14.2,429.8,5.6,479.6,1288.6,3087.4,2902.9,1306.5,985.7,87.9,83.9,1096.9,2803.7,439.4,1530.1,4998.4,3334.7,2267.5,1304.4,4092.2,3870.8,2673.1,1942.4,1651.0,3046.6,875.3,2719.4,950.0,2310.0,1641.4,4969.2,6972.9,4500.9,1432.2,576.3
2026-09-10 03:15:00,740.0,395.6,927.6,726.9,588.1,399.8,3.7,14.1,423.3,2.7,475.8,1291.1,3148.1,2841.5,1300.9,983.9,86.9,84.1,1092.5,2775.9,437.6,1530.8,4990.8,3351.3,2259.9,1302.4,4092.6,3887.9,2671.7,1953.5,1655.3,3036.4,873.1,2702.9,950.4,2329.5,1637.2,4931.1,7008.3,4509.9,1428.5,564.5
2026-09-10 03:30:00,743.7,397.7,930.5,723.4,595.2,395.3,2.4,14.1,427.8,1.0,477.1,1290.1,3230.1,2793.3,1317.3,978.8,85.7,84.1,1092.8,2740.4,435.2,1528.8,4957.9,3352.4,2255.7,1302.5,4091.1,3832.9,2670.2,1952.4,1650.5,3019.5,873.2,2701.6,952.3,2356.1,1637.4,4886.2,7043.5,4537.3,1428.9,563.1
2026-09-10 03:45:00,746.8,395.5,940.0,743.7,597.6,399.9,1.0,14.1,426.0,1.7,475.6,1300.5,3265.1,2741.4,1322.9,978.9,84.5,84.1,1089.3,2723.7,432.5,1528.8,4987.1,3364.9,2254.0,1302.5,4092.4,3879.8,2669.6,1953.3,1650.1,3002.7,870.8,2692.5,953.6,2384.5,1641.9,4806.4,6995.1,4545.6,1426.9,561.0
2026-09-10 04:00:00,744.7,401.2,950.6,787.5,614.6,371.0,13.5,47.1,457.3,1.0,472.8,1286.1,3350.7,2732.8,1281.2,962.0,127.4,85.9,1021.0,2450.1,426.9,1525.3,4997.9,3385.7,2250.4,1313.0,3943.3,3961.5,2681.4,1966.6,1649.7,2993.7,877.8,2687.9,958.6,2348.6,1646.3,4791.6,6897.9,4455.7,1397.5,563.3
2026-09-10 04:15:00,732.3,414.6,971.9,756.7,632.8,347.7,12.0,47.1,454.7,1.0,470.8,1286.0,3314.5,2655.1,1276.8,959.7,117.0,85.9,1018.6,2548.4,423.0,1523.2,5007.8,3462.7,2261.3,1313.0,3948.2,4289.2,2683.5,1967.1,1650.4,2986.2,876.7,2680.5,960.2,2373.3,1653.7,4797.7,6917.7,4446.6,1403.0,571.9
2026-09-10 04:30:00,708.9,420.0,999.7,785.6,648.8,348.3,12.0,47.1,456.0,1.0,473.2,1288.9,3153.3,2601.7,1251.3,961.4,115.6,85.9,1012.1,2523.9,422.6,1520.5,5079.0,3501.1,2266.5,1315.6,3950.4,5011.7,2684.7,1964.3,1650.5,2989.4,883.3,2650.6,962.0,2393.3,1655.9,4808.2,6937.8,4423.0,1405.9,578.2
2026-09-10 04:45:00,709.2,424.2,1036.5,817.3,664.1,350.3,12.0,47.1,463.1,1.1,472.6,1297.6,3208.4,2570.2,1261.6,969.3,111.9,86.0,1015.5,2460.0,423.2,1516.0,5087.7,3510.1,2276.3,1315.4,3956.4,5300.2,2684.2,1962.5,1652.1,2983.9,883.2,2644.8,963.7,2412.8,1659.8,4807.5,6949.6,4428.0,1417.8,585.4
2026-09-10 05:00:00,735.6,451.2,1050.1,848.5,681.7,354.7,12.0,60.1,406.6,1.0,433.6,1265.8,3418.3,2593.9,1295.4,1014.0,53.4,75.1,944.0,2367.5,409.4,1503.5,5308.1,3769.0,2315.9,1303.1,4022.1,5326.3,2689.8,1946.8,1658.3,3029.6,888.1,2711.9,968.6,2492.6,1584.1,4729.6,6972.9,4432.1,1443.2,580.4
2026-09-10 05:15:00,748.8,479.9,1097.2,882.2,701.3,372.2,12.0,60.1,386.0,1.0,436.4,1268.2,3382.1,2636.1,1300.0,1021.5,72.6,75.6,949.9,2438.3,410.2,1509.1,5357.8,3828.7,2353.6,1303.0,4039.6,5690.7,2706.8,1963.5,1661.9,3031.0,895.5,2734.8,972.4,2499.4,1600.3,4775.7,7027.9,4469.3,1473.1,590.1
2026-09-10 05:30:00,761.9,504.4,1133.9,917.0,719.4,380.8,12.0,60.1,397.8,1.0,438.5,1268.5,3329.5,2721.2,1251.5,1021.4,81.7,75.7,955.6,2393.6,413.1,1505.8,5384.3,3857.8,2392.9,1302.8,4065.2,5716.9,2711.9,1975.9,1662.7,3031.0,904.2,2778.7,978.3,2498.1,1618.7,4861.0,7140.3,4513.4,1501.0,604.9
2026-09-10 05:45:00,775.1,522.2,1165.6,960.5,744.0,389.0,12.0,60.1,406.3,4.3,442.8,1276.1,3396.8,2806.8,1236.6,1050.5,134.4,76.2,964.7,2341.0,416.6,1498.2,5426.8,3897.2,2439.8,1302.7,4095.4,5750.4,2719.6,2000.7,1665.7,3029.1,914.0,2823.5,985.0,2489.5,1640.9,5013.2,7241.0,4515.9,1539.2,620.7
2026-09-10 06:00:00,828.7,546.2,1193.0,999.9,765.3,433.9,37.2,42.5,424.3,19.7,502.9,1224.8,3871.3,2834.8,1367.7,1072.8,107.2,79.8,1055.2,2298.7,468.2,1455.1,5566.5,3960.7,2584.9,1308.6,4382.8,5865.0,2761.3,1978.0,1695.8,3058.3,931.7,3027.1,1019.3,2617.0,1397.2,4877.7,7558.7,4467.4,1625.2,582.5
2026-09-10 06:15:00,841.5,555.1,1206.4,1024.7,787.2,448.3,37.1,42.5,439.6,19.7,515.0,1228.1,3433.6,3050.6,1355.6,1082.2,106.1,80.3,1071.2,2314.3,474.7,1475.3,5563.4,3965.9,2665.5,1307.4,4423.5,6086.5,2783.2,2005.4,1694.7,3071.8,952.1,3114.2,1032.4,2596.2,1422.3,5060.2,7705.6,4519.2,1679.0,586.2
2026-09-10 06:30:00,864.6,458.0,1217.2,1214.6,813.6,434.2,37.0,43.8,451.7,19.7,528.8,1232.6,3319.5,3287.7,1323.2,1094.9,104.8,80.5,1080.2,2287.0,482.2,1462.9,5599.5,3984.7,2725.2,1302.6,4476.7,6141.7,2791.8,1935.1,1696.3,3159.6,970.1,3251.5,1040.0,2571.0,1450.3,5227.8,7829.0,4517.8,1733.5,586.5
2026-09-10 06:45:00,867.7,461.6,1218.0,1239.2,825.3,440.1,37.0,46.0,456.6,65.7,535.9,1239.8,3097.6,3461.2,1334.7,1133.2,141.9,80.8,1093.8,2244.1,500.3,1454.5,5609.9,3985.1,2808.9,1300.3,4522.5,6189.8,2817.6,1903.8,1692.2,3217.5,988.0,3391.1,1047.8,2540.5,1480.5,5366.9,7981.1,4565.0,1779.0,591.9
2026-09-10 07:00:00,916.0,453.6,1260.8,1296.5,839.4,475.7,12.2,50.4,484.0,64.9,536.9,1243.3,3531.2,3420.3,1353.2,1158.0,187.8,35.2,1192.5,2078.9,499.7,1446.2,5647.7,4036.2,2985.7,1288.9,4751.6,6499.3,2866.5,2071.7,1742.8,3119.5,1045.3,3489.8,1071.0,3004.6,1520.5,5410.2,8307.7,4555.6,1842.6,552.8
2026-09-10 07:15:00,917.4,474.6,1275.8,1315.5,852.7,485.0,12.0,52.8,497.2,104.7,542.3,1253.8,3393.5,3444.5,1356.7,1201.8,184.9,36.2,1195.6,2029.9,498.1,1414.7,5659.8,4041.0,3031.9,1290.7,4784.8,6532.8,2890.0,1956.3,1736.5,3231.3,1066.0,3646.2,1072.4,2964.9,1533.9,5371.3,8320.7,4618.0,1867.0,565.5
2026-09-10 07:30:00,919.1,490.6,1273.8,1322.8,866.4,489.4,12.0,51.2,508.4,109.9,552.8,1261.2,3437.5,3475.4,1356.1,1191.5,177.1,36.6,1193.1,2011.6,492.2,1407.3,5669.5,4047.3,3052.2,1287.6,4809.9,6560.5,2914.8,2004.4,1741.0,3235.7,1076.9,3664.0,1072.2,2919.2,1535.6,5428.9,8370.1,4619.2,1875.9,576.7
2026-09-10 07:45:00,916.7,484.3,1266.2,1345.1,873.9,493.1,12.0,49.2,514.9,107.3,561.4,1261.3,3396.3,3465.6,1359.2,1172.9,178.5,37.5,1191.5,1961.2,495.2,1389.5,5672.2,4037.2,3070.2,1285.9,4816.1,6567.8,2932.4,2023.5,1743.3,3235.3,1079.2,3683.3,1073.4,2875.8,1529.1,5472.6,8412.9,4645.8,1871.1,592.2
2026-09-10 08:00:00,918.2,567.0,1249.6,1412.4,878.2,398.4,2.0,41.6,520.0,79.5,598.1,1240.0,3551.3,3672.3,1667.4,1247.0,144.1,46.4,1286.2,1945.2,489.7,1379.7,5738.7,4092.7,3122.1,1767.3,4723.3,6481.7,2959.8,2190.5,1799.2,3157.6,1101.1,3205.8,1064.6,3055.7,1545.5,5485.2,8466.2,4682.5,1863.2,634.5
2026-09-10 08:15:00,919.4,540.0,1239.9,1409.5,885.0,398.4,2.0,36.6,508.8,82.2,604.2,1237.6,3718.5,3623.8,1656.7,1240.0,196.8,39.6,1274.1,1840.3,481.3,1308.9,5739.0,4102.9,3121.8,1782.2,4725.6,6490.0,2966.5,2078.5,1788.8,3258.2,1100.5,3260.7,1063.5,3009.1,1550.7,5437.8,8462.2,4714.1,1848.7,677.7
2026-09-10 08:30:00,920.5,504.4,1216.9,1377.1,888.6,420.1,2.3,35.4,494.0,8.1,600.1,1252.3,4172.0,3540.2,1619.5,1327.7,195.5,39.6,1269.0,1828.6,472.7,1289.8,5719.2,4114.1,3113.7,1777.3,4724.7,6484.1,2964.6,2066.5,1779.8,3269.8,1099.2,3266.6,1063.8,2965.4,1555.5,5496.8,8431.3,4697.0,1809.2,690.3
2026-09-10 08:45:00,916.6,440.8,1178.7,1396.6,888.2,455.4,8.7,36.0,469.1,10.8,603.0,1258.5,4141.7,3193.8,1584.1,1310.4,187.6,33.9,1244.7,1804.2,468.0,1255.0,5702.3,4088.2,3106.0,1791.5,4731.9,6482.3,2968.0,2004.3,1780.8,3324.4,1102.4,3302.1,1068.6,2923.7,1555.2,5511.5,8413.8,4680.9,1781.0,706.9
2026-09-10 09:00:00,905.8,461.7,1147.6,1418.9,874.0,440.5,2.0,33.0,449.6,15.4,286.6,1287.2,3884.3,3535.9,1489.2,1439.6,192.2,100.4,1355.2,1723.5,472.2,1273.8,5755.3,4014.1,3102.8,1810.9,4563.3,6236.2,2963.5,2023.1,1764.0,3263.4,1096.6,3228.7,1073.1,3005.2,1565.9,5473.5,8342.8,4548.1,1726.6,702.7
2026-09-10 09:15:00,900.5,461.0,1119.3,1411.4,871.9,465.4,2.9,31.8,412.1,25.1,286.0,1287.2,4526.2,3415.0,1609.4,1618.2,207.3,95.9,1338.2,1687.5,471.3,1230.1,5738.3,3956.6,3080.3,1730.9,4542.8,5846.4,2961.8,1982.0,1761.7,3304.9,1088.0,3219.2,1070.1,2977.9,1565.3,5482.5,8322.8,4519.4,1702.6,719.8
2026-09-10 09:30:00,893.1,478.7,1092.1,1141.2,860.2,512.1,3.5,29.3,364.7,5.2,268.0,1304.2,4576.9,3328.2,1659.3,1606.7,200.8,100.7,1326.8,1668.0,470.6,1237.4,5722.2,4045.4,3069.9,1721.7,4533.0,5370.3,2960.1,1962.4,1755.5,3313.5,1087.7,3233.3,1071.4,2953.9,1559.3,5451.9,8301.4,4532.1,1676.3,747.4
2026-09-10 09:45:00,889.7,477.1,1073.3,1145.7,854.6,539.6,12.1,27.5,333.8,5.2,263.3,1320.1,4853.2,3261.5,1628.0,1489.7,126.2,100.9,1322.3,1654.4,484.9,1210.6,5726.2,3999.9,3060.7,1700.0,4518.5,4688.8,2957.7,1942.4,1754.0,3325.0,1080.1,3238.6,1070.1,2933.6,1555.1,5412.6,8285.1,4546.2,1651.4,777.8
2026-09-10 10:00:00,885.3,490.7,1032.3,1193.9,844.8,478.3,64.0,28.7,296.4,5.7,403.2,1372.7,4888.4,3618.5,1481.6,1479.1,120.0,121.7,1325.4,1662.3,496.5,1002.3,5768.0,3966.5,3031.6,1625.1,4670.7,4362.5,2947.9,1932.9,1748.4,3278.8,942.9,2982.8,1059.5,2927.9,1541.6,5367.8,8211.5,4501.8,1607.8,815.0
2026-09-10 10:15:00,883.1,486.7,982.7,1207.5,843.7,507.2,65.8,29.6,276.2,22.6,401.7,1383.3,5190.6,3564.5,1432.6,1503.8,120.0,130.8,1335.2,1666.1,498.1,957.9,5787.9,3917.2,3023.7,1606.0,4659.7,3693.3,2946.3,1929.5,1752.9,3275.4,940.2,2988.1,1055.3,2915.3,1533.0,5275.7,8174.1,4507.9,1585.1,838.7
2026-09-10 10:30:00,890.1,491.0,938.3,1275.2,845.2,496.2,65.9,31.2,242.8,40.5,398.1,1426.6,5914.4,3539.9,1418.8,1523.8,120.0,121.0,1327.7,1654.5,494.2,806.2,5768.1,3930.5,3006.0,1509.7,4644.1,3291.7,2940.0,1931.0,1748.2,3254.7,1063.3,3090.7,1054.4,2902.7,1535.4,5126.3,8122.9,4507.5,1568.7,866.4
2026-09-10 10:45:00,873.0,493.8,1111.6,1354.9,841.9,518.8,66.0,16.3,216.8,56.0,396.1,1440.8,5957.8,3424.9,1380.4,1558.3,120.0,138.5,1359.4,1438.8,507.4,797.9,5754.7,3963.4,2987.4,1433.5,4620.0,2900.6,2939.1,1919.4,1746.2,3244.9,1057.4,3076.1,1055.0,2891.0,1525.9,5072.8,8088.5,4520.3,1546.6,891.6
2026-09-10 11:00:00,858.9,501.9,1084.6,1463.7,831.2,543.9,89.0,24.7,174.0,110.2,415.1,1489.1,5972.3,3610.5,1323.2,1627.4,127.0,104.4,1319.0,1409.1,503.7,815.9,5798.0,3923.9,2974.4,1367.4,4650.8,2783.6,2924.5,1872.1,1734.7,3237.7,1065.1,2835.5,1057.0,2852.0,1519.4,4902.3,8070.7,4510.4,1514.5,926.2
2026-09-10 11:15:00,854.3,507.4,1251.9,1504.7,823.3,555.4,88.9,9.0,156.3,119.4,417.1,1502.2,6121.2,3593.5,1294.4,1627.5,127.0,94.0,1321.8,1358.3,498.5,789.1,5785.7,3940.8,2964.1,1363.9,4674.4,2740.8,2920.6,1878.7,1733.9,3247.4,1058.0,2583.5,1055.5,2844.0,1514.9,4890.6,8054.0,4519.2,1501.1,940.4
2026-09-10 11:30:00,843.8,510.7,1442.3,1590.5,819.4,576.7,94.8,8.0,156.1,100.0,417.4,1492.3,6279.9,3611.1,1250.9,1640.0,127.1,51.4,1334.9,1321.2,499.8,768.0,5766.5,3957.2,2952.1,1364.2,4704.4,2768.3,2913.1,1866.2,1736.4,3250.7,1054.5,2510.8,1052.9,2839.4,1517.7,4839.9,8033.4,4523.2,1486.0,952.5
2026-09-10 11:45:00,833.9,509.9,1421.7,1624.4,820.8,605.0,99.7,8.0,156.5,104.6,455.0,1499.5,6416.3,3605.9,1240.1,1640.9,132.5,48.7,1372.4,1302.7,535.7,753.4,5748.9,3969.0,2945.2,1280.4,4703.0,2725.0,2909.2,1846.0,1750.0,3231.4,1052.5,2629.3,1048.6,2836.7,1522.6,4724.0,8014.5,4527.9,1474.7,964.1
2026-09-10 12:00:00,882.2,528.1,1431.2,1712.0,821.8,638.2,86.2,7.2,134.6,127.1,406.6,1522.6,6338.6,3714.9,1279.6,1720.6,134.7,65.7,1431.1,1244.9,508.2,825.0,5733.9,4023.2,2955.8,1261.1,4382.0,2485.9,2889.1,1859.1,1720.1,3288.2,1029.1,2521.2,1041.5,2479.1,1538.0,4565.8,8021.2,4566.2,1439.0,986.1
2026-09-10 12:15:00,914.7,521.6,1412.2,1761.5,818.4,648.9,86.3,6.6,137.4,147.8,433.0,1528.6,6434.0,3684.0,1274.3,1714.2,134.6,92.8,1450.6,1213.3,506.1,780.7,5716.6,4019.9,2949.6,1257.1,4371.3,2484.5,2887.7,1853.9,1718.4,3228.7,1027.6,2508.1,1038.9,2481.8,1546.4,4406.6,8006.8,4556.3,1435.6,989.0
2026-09-10 12:30:00,898.4,513.6,1394.4,1789.1,812.3,662.5,86.3,6.6,136.7,145.0,449.8,1541.5,6532.5,3688.0,1280.2,1658.1,134.6,89.0,1466.1,1200.9,506.4,773.5,5705.7,4025.2,2944.6,1253.2,4372.6,2484.7,2881.3,1845.3,1728.3,3188.1,1024.8,2506.7,1034.5,2486.4,1557.4,4329.0,8001.5,4548.4,1436.7,988.5
2026-09-10 12:45:00,877.4,514.2,1378.8,1812.8,814.4,672.8,86.1,6.3,120.9,152.1,478.7,1546.6,6627.9,3677.3,1247.8,1666.1,134.6,89.2,1490.2,1171.5,520.0,768.3,5698.8,4023.8,2940.2,1250.0,4370.6,2470.1,2879.5,1845.3,1742.7,3122.0,1016.6,2507.2,1034.0,2492.0,1555.0,4302.1,8008.1,4531.8,1439.3,989.2
2026-09-10 13:00:00,892.9,530.9,1398.9,1894.5,827.9,683.1,105.9,34.6,81.3,150.2,473.7,1536.6,6523.8,3723.6,1286.6,1654.8,130.7,89.9,1493.4,1213.9,500.3,740.8,5729.5,4039.8,2919.3,1233.0,4426.0,2384.5,2893.5,1861.9,1710.5,3203.9,1036.6,2622.6,1027.5,2396.1,1522.6,4104.7,8129.8,4643.4,1507.9,990.2
2026-09-10 13:15:00,886.3,531.2,1394.4,1931.6,824.8,689.3,105.6,34.3,82.4,187.7,483.6,1538.5,6534.1,3654.8,1308.7,1622.6,130.7,89.9,1503.3,1185.2,503.4,722.1,5725.6,4057.0,2917.5,1231.9,4435.9,2384.2,2896.7,1864.3,1719.1,3174.9,1035.5,2616.6,1030.0,2401.4,1514.9,4032.1,8119.0,4625.3,1509.9,987.3
2026-09-10 13:30:00,884.2,534.9,1387.7,1974.4,821.3,688.0,104.1,34.7,85.2,169.8,483.2,1541.7,6535.7,3552.1,1317.0,1652.1,130.7,90.0,1505.3,1175.5,505.2,713.4,5702.8,4082.3,2913.9,1229.7,4439.9,2382.6,2897.7,1863.8,1722.9,3130.2,1036.8,2622.0,1029.7,2405.4,1523.5,4003.2,8104.3,4606.8,1493.6,976.7
2026-09-10 13:45:00,884.9,530.4,1390.0,2009.0,819.4,682.6,93.6,34.1,84.0,152.4,473.8,1543.7,6540.9,3525.3,1332.9,1655.6,130.7,97.3,1508.7,1139.8,508.5,707.1,5681.0,4117.8,2905.1,1229.3,4433.8,2379.4,2901.1,1867.2,1720.8,3153.1,1034.0,2607.0,1026.5,2407.3,1516.1,3983.6,8100.6,4594.0,1506.5,973.0
2026-09-10 14:00:00,880.9,530.9,1378.0,2039.4,843.3,679.8,74.6,21.0,130.7,64.3,503.7,1572.3,6389.1,3442.8,1366.2,1570.7,123.3,91.4,1526.2,1187.7,500.4,738.3,5644.9,4171.4,2898.0,1220.0,4165.2,2209.0,2909.4,1928.7,1742.7,3063.2,1036.8,2383.0,1023.9,2454.9,1506.7,4059.0,8027.2,4593.2,1444.7,968.9
2026-09-10 14:15:00,882.5,521.4,1384.9,2042.7,838.5,675.4,73.6,21.8,138.8,58.4,485.9,1574.1,6346.6,3483.3,1385.7,1570.0,123.1,88.9,1546.9,1171.3,501.2,713.9,5623.1,4224.7,2903.7,1218.7,4170.0,2210.4,2910.3,1923.6,1736.4,3141.1,1038.0,2393.0,1023.2,2454.0,1507.8,4041.6,8039.1,4580.4,1452.2,951.2
2026-09-10 14:30:00,884.0,530.0,1390.8,2051.9,840.1,650.4,63.4,23.2,149.2,81.8,470.1,1572.9,6168.7,3552.9,1420.2,1606.3,123.1,120.1,1549.5,1156.3,497.7,706.6,5612.7,4280.5,2901.1,1218.1,4168.9,2211.9,2908.9,1919.3,1718.3,3211.3,1035.8,2384.5,1022.3,2453.1,1497.7,4131.2,8012.2,4566.8,1458.1,937.7
2026-09-10 14:45:00,882.3,516.4,1400.0,2055.3,838.0,645.6,63.4,28.7,141.5,83.1,472.0,1572.6,6071.4,3557.5,1449.0,1596.4,121.9,136.1,1466.5,1137.4,485.4,714.6,5589.8,4321.4,2915.3,1217.3,4174.6,2213.4,2910.3,1922.6,1716.9,3233.6,1039.5,2403.6,1021.7,2451.4,1498.4,4137.8,8017.1,4541.7,1467.6,921.6
2026-09-10 15:00:00,875.3,505.6,1331.8,2031.9,819.7,632.8,78.3,10.4,159.1,85.7,456.4,1565.6,6116.8,3303.2,1448.5,1541.7,0.0,251.4,1350.7,1228.4,516.0,632.5,5497.3,4337.9,2899.6,1230.7,3717.6,2318.2,2938.0,2005.1,1747.1,3064.7,1030.6,1895.7,1020.8,2729.5,1510.5,4162.5,7918.1,4384.8,1478.6,900.5
2026-09-10 15:15:00,884.2,495.7,1347.9,2020.2,820.4,611.2,78.1,11.4,157.7,78.0,441.5,1565.0,5940.5,3310.3,1468.5,1580.4,0.1,340.3,1351.9,1210.1,502.2,618.6,5477.3,4386.1,2906.1,1225.6,3722.5,2360.0,2939.3,1978.1,1740.5,3154.4,1053.9,2200.6,1021.0,2728.9,1513.1,4149.5,7917.2,4357.9,1491.7,870.4
2026-09-10 15:30:00,880.7,488.9,1366.3,2055.4,821.8,584.2,78.0,13.2,170.7,68.7,436.6,1589.7,5943.7,3347.1,1509.4,1607.3,0.0,340.1,1350.3,1187.4,504.5,596.6,5492.2,4405.7,2918.3,1230.4,3739.9,2508.9,2938.2,1967.3,1732.7,3197.7,1057.3,2380.4,1022.0,2729.3,1521.3,4187.6,7937.4,4334.7,1511.4,841.6
2026-09-10 15:45:00,869.9,471.6,1388.2,2028.4,827.3,549.6,77.1,23.5,179.8,66.4,431.7,1553.3,5145.1,3306.1,1524.5,1592.0,2.3,320.6,1351.8,1389.1,506.1,608.5,5495.0,4431.1,2937.5,1230.4,3750.0,2657.4,2940.5,1957.5,1731.9,3225.4,1061.7,2619.7,1023.2,2730.5,1530.7,4303.8,7946.9,4304.2,1520.2,816.7
2026-09-10 16:00:00,825.3,463.0,1441.2,2047.4,830.9,564.3,94.2,11.6,177.0,60.7,448.8,1525.8,5083.4,2933.1,1543.1,1530.7,0.0,285.8,1294.0,1156.3,515.8,559.6,5539.5,4548.1,2981.1,1225.8,4321.3,3004.1,2960.9,1956.2,1745.6,3146.7,1060.9,3145.6,1032.3,2950.6,1545.5,4509.0,7955.2,4208.7,1555.8,767.6
2026-09-10 16:15:00,835.5,446.8,1262.3,1996.9,838.3,529.7,87.4,9.0,184.9,57.3,404.9,1519.1,5102.5,2951.8,1555.8,1502.0,0.3,214.7,1220.9,1330.3,471.1,677.2,5557.4,4566.2,3000.8,1305.3,4327.1,3242.2,2960.4,1935.6,1738.8,3164.2,1068.9,3524.7,1035.9,2953.2,1552.7,4544.0,7986.4,4173.8,1584.2,725.8
2026-09-10 16:30:00,850.7,430.9,867.9,1948.8,845.0,489.2,87.0,9.6,201.1,52.7,401.8,1538.6,4896.0,3168.5,1588.5,1526.2,1.4,212.3,1224.9,1304.8,475.4,651.2,5565.9,4579.7,3012.4,1308.0,4334.1,3908.1,2957.5,1949.0,1743.2,3156.7,1068.1,3525.8,1040.1,2955.9,1570.0,4512.1,8031.4,4118.7,1618.9,681.5
2026-09-10 16:45:00,855.9,429.1,921.1,1905.8,858.5,443.5,87.0,10.3,181.3,77.4,402.3,1531.8,4744.3,3257.8,1656.9,1493.2,0.0,218.0,1233.8,1261.9,476.3,674.1,5556.8,4606.5,3025.3,1294.4,4336.7,4410.2,2956.0,1965.9,1740.7,3219.4,1068.3,3512.5,1042.5,2958.6,1575.5,4664.3,8094.6,4101.4,1645.6,638.2
2026-09-10 17:00:00,872.2,385.4,989.2,1878.0,838.8,632.8,77.0,74.0,229.1,4.0,239.6,1449.2,5020.3,3041.7,1744.3,1385.3,91.2,95.5,1336.0,1331.8,535.3,842.2,5556.2,4543.6,3017.6,1362.0,4411.3,4244.4,2961.8,1912.4,1728.1,3195.2,1056.1,3727.0,1049.6,2998.8,1602.0,4589.5,8174.1,4296.4,1704.9,642.4
2026-09-10 17:15:00,875.8,371.4,1050.1,1844.4,844.7,593.9,77.0,75.4,240.8,28.0,241.6,1457.2,5031.5,3018.3,1642.1,1403.3,91.2,95.5,1309.9,1297.1,517.3,809.7,5560.2,4623.6,3019.4,1363.8,4417.6,4969.0,2960.4,1883.1,1716.6,3252.0,1053.7,3745.0,1053.8,2998.8,1612.0,4632.7,8236.9,4400.7,1737.0,594.4
2026-09-10 17:30:00,884.6,374.6,1090.0,1811.8,852.6,552.6,77.0,73.5,271.9,22.4,247.4,1388.4,4678.7,3019.1,1661.6,1446.2,59.9,165.8,1337.1,1249.0,547.8,786.2,5530.4,4687.0,3013.2,1367.6,4421.7,5421.4,2955.6,1906.2,1711.4,3263.8,1052.6,3799.1,1055.1,2997.0,1610.3,4771.6,8291.1,4361.6,1768.0,544.4
2026-09-10 17:45:00,891.9,364.1,1111.0,1847.8,854.6,525.3,77.0,72.1,303.3,16.6,254.4,1399.8,4650.5,3072.4,1751.4,1536.2,40.9,153.5,1340.8,1251.6,554.2,786.7,5530.8,4732.8,3020.4,1368.0,4435.7,5743.8,2955.1,1910.5,1710.9,3273.3,1058.2,3890.1,1056.9,2995.0,1608.8,4808.5,8360.5,4340.6,1797.0,492.9
2026-09-10 18:00:00,916.4,357.2,1127.0,1825.4,866.6,598.7,57.0,51.8,302.5,16.6,398.4,1310.7,4637.5,3127.1,1817.2,1574.3,107.0,73.9,1337.4,1407.5,548.9,772.0,5660.4,4893.7,3009.2,1371.0,4875.0,6607.1,2960.1,1931.6,1722.6,3285.7,1059.8,4043.8,1054.7,3023.7,1625.4,4929.4,8355.3,4377.1,1828.6,470.5
2026-09-10 18:15:00,921.7,356.2,1158.8,1795.8,881.0,584.4,57.0,45.5,313.7,13.0,366.6,1290.7,4659.1,2912.6,1833.4,1559.1,98.2,73.6,1321.6,1398.9,548.3,763.8,5661.8,4908.7,3018.6,1374.5,4876.6,6609.1,2959.9,1965.0,1715.3,3295.0,1061.4,4124.2,1054.4,3023.4,1635.0,4930.2,8394.1,4391.4,1851.2,437.1
2026-09-10 18:30:00,929.5,356.4,1184.7,1793.1,891.5,572.8,57.0,39.8,340.6,110.7,398.2,1287.4,4551.7,2760.9,1834.6,1540.6,80.6,73.3,1323.7,1364.6,558.3,725.5,5621.4,4946.5,3032.0,1375.0,4888.0,6620.4,2953.3,1962.6,1715.7,3301.6,1067.3,4209.7,1054.4,3024.2,1645.4,4883.1,8425.1,4405.7,1865.5,406.4
2026-09-10 18:45:00,927.3,357.3,1200.9,1752.1,903.2,562.3,57.0,37.6,363.7,123.3,420.7,1270.4,4501.4,2935.1,1843.1,1612.6,58.7,73.1,1327.6,1344.1,565.4,737.2,5658.8,5002.2,3043.3,1380.6,4895.4,6627.8,2955.3,1927.6,1709.5,3307.8,1070.0,4233.3,1057.4,3027.3,1658.9,4897.7,8471.4,4500.4,1866.1,373.4
2026-09-10 19:00:00,936.7,358.3,1239.8,1791.2,906.0,558.8,37.0,6.4,376.7,123.3,415.2,1365.3,4473.8,2674.1,1890.3,1629.6,134.6,36.7,1267.6,1181.8,504.4,816.8,5697.4,5014.7,3050.1,1411.1,5133.2,6875.2,2953.5,1866.8,1726.6,3341.6,1080.2,4394.4,1057.7,3024.6,1666.1,4796.1,8516.0,4602.1,1883.1,395.3
2026-09-10 19:15:00,934.4,355.5,1253.0,1746.9,907.5,557.1,37.0,5.3,384.2,120.0,418.3,1340.5,4440.4,2625.9,1915.5,1649.2,114.2,36.5,1266.9,1160.1,511.0,811.9,5702.9,5026.1,3065.6,1412.2,5148.9,6891.3,2958.3,1866.4,1729.2,3336.3,1088.0,4397.5,1059.3,3034.1,1664.2,4799.5,8530.0,4661.7,1896.3,422.4
2026-09-10 19:30:00,936.8,353.0,1260.2,1717.7,907.0,555.2,37.0,5.3,396.5,119.3,425.1,1348.6,4465.9,2621.4,1882.3,1689.2,115.4,36.2,1266.3,1170.7,515.8,826.3,5709.2,5022.6,3070.1,1413.2,5152.5,6895.1,2968.9,1869.4,1736.4,3336.9,1093.2,4392.8,1060.0,3043.9,1664.6,4831.9,8530.6,4706.0,1912.2,432.0
2026-09-10 19:45:00,928.9,346.2,1259.4,1711.8,902.9,546.1,37.0,5.4,403.3,117.3,424.8,1325.9,4473.0,2638.3,1888.8,1694.3,117.7,35.9,1255.3,1219.9,510.5,844.7,5723.9,5035.8,3088.8,1415.6,5150.7,6893.7,2974.0,1867.9,1735.9,3336.5,1099.4,4412.0,1059.2,3055.2,1669.3,4781.3,8518.1,4720.1,1915.5,422.1
2026-09-10 20:00:00,927.4,344.1,1238.4,1752.2,887.9,482.9,22.0,8.2,413.7,116.7,392.9,1335.5,4441.4,2664.6,1663.9,1780.7,162.7,35.2,1218.1,1144.0,515.3,804.9,5571.8,4956.3,3115.5,1405.1,5208.1,6834.3,2981.3,1865.8,1747.4,3273.4,1111.0,4627.6,1056.8,3057.0,1655.1,4731.2,8502.3,4680.1,1926.8,389.6
2026-09-10 20:15:00,923.8,344.8,1211.9,1753.5,876.4,483.0,22.0,8.7,408.5,116.6,391.2,1342.3,4420.2,2719.3,1669.3,1769.0,163.1,35.1,1228.8,1110.1,521.6,761.7,5541.7,4982.2,3125.5,1419.7,5203.4,6828.6,2988.7,1860.3,1746.3,3253.5,1112.9,4679.2,1058.7,3069.3,1659.8,4575.6,8444.4,4659.6,1910.6,335.0
2026-09-10 20:30:00,917.7,345.2,1178.4,1689.1,863.0,481.5,22.0,9.8,403.4,112.9,391.8,1360.6,4401.1,2783.5,1672.1,1670.0,164.0,35.1,1233.0,1123.3,522.3,750.2,5562.5,4967.9,3121.8,1423.1,5205.7,6830.8,2992.7,1867.1,1751.7,3251.9,1116.3,4678.3,1058.5,3080.1,1651.8,4603.2,8461.3,4640.1,1908.9,334.1
2026-09-10 20:45:00,905.4,336.0,1140.1,1679.5,849.0,479.3,22.0,9.5,417.4,99.1,387.9,1371.4,4506.4,3078.3,1731.5,1631.6,185.7,35.1,1249.8,1081.2,542.5,665.8,5514.7,4935.8,3121.0,1426.5,5201.3,6827.4,2994.4,1860.2,1757.2,3242.1,1117.1,4593.3,1056.1,3089.2,1636.8,4514.5,8412.1,4644.1,1902.6,337.0
2026-09-10 21:00:00,876.4,353.3,1074.7,1622.5,832.0,452.6,12.0,51.4,395.5,107.2,339.4,1271.7,4355.2,3317.6,1680.4,1581.2,191.3,36.0,1257.0,1042.2,559.7,646.6,5483.7,4932.1,3079.9,1412.8,4886.7,6539.1,2963.7,1789.3,1753.4,3250.7,1120.5,4432.6,1049.8,2914.5,1537.5,4575.4,8222.3,4579.5,1862.8,336.9
2026-09-10 21:15:00,863.1,354.0,1037.0,1629.6,814.2,450.8,12.0,51.1,387.7,107.3,332.1,1275.8,4376.0,2854.3,1664.1,1562.1,253.3,36.3,1197.3,1075.6,519.4,640.3,5503.6,4900.9,3065.9,1368.0,4862.7,6515.1,2962.7,1796.1,1760.0,3209.7,1113.1,4421.2,1046.0,2920.0,1532.5,4545.5,8133.5,4525.6,1852.9,339.6
2026-09-10 21:30:00,848.8,344.9,993.2,1626.2,795.0,449.7,12.0,51.1,382.4,35.3,320.4,1230.4,4533.0,2876.1,1705.7,1516.4,255.2,37.4,1191.3,1058.8,515.6,638.7,5481.3,4886.8,3046.9,1363.2,4848.9,6500.4,2957.4,1802.7,1778.6,3100.6,1111.8,4339.5,1043.1,2924.9,1527.2,4544.4,8042.8,4505.5,1832.6,341.8
2026-09-10 21:45:00,832.0,345.6,956.5,1626.2,774.8,446.1,12.0,51.1,387.9,10.1,312.0,1259.5,4368.6,2961.3,1700.8,1526.6,236.3,40.2,1184.4,1081.6,512.3,650.4,5447.6,4856.2,3032.5,1365.9,4823.3,6474.7,2963.3,1816.3,1778.2,3085.7,1102.7,4211.2,1038.6,2930.0,1506.3,4421.1,7953.4,4469.9,1801.6,348.7
2026-09-10 22:00:00,793.6,355.4,928.6,1671.1,751.2,356.3,12.0,26.1,377.9,94.9,247.9,1255.0,3979.1,2979.3,1604.4,1565.4,167.7,37.2,1107.8,1159.7,472.0,644.5,5316.1,4821.8,2978.9,1306.8,4605.0,6265.9,2892.0,1839.8,1753.7,3153.3,1092.3,3779.2,1025.1,2691.4,1487.7,4545.9,7844.8,4435.5,1759.6,364.8
2026-09-10 22:15:00,781.6,355.4,905.7,1669.5,731.8,356.1,13.3,26.1,387.7,3.6,239.6,1253.4,4112.2,3008.7,1600.3,1549.8,169.0,41.4,1092.8,1166.4,467.6,648.8,5253.4,4808.3,2949.4,1253.0,4569.8,6229.6,2887.7,1848.1,1757.4,3080.7,1084.7,3700.8,1017.5,2694.0,1473.1,4493.8,7743.6,4382.1,1729.0,367.5
2026-09-10 22:30:00,770.5,345.9,883.1,1671.1,712.8,356.1,14.7,26.1,380.8,5.8,243.0,1252.3,3844.8,3060.8,1628.8,1604.8,160.1,37.5,1086.6,1207.2,464.6,655.0,5199.5,4787.0,2912.2,1243.0,4545.2,6201.7,2878.2,1832.8,1755.4,3049.8,1075.5,3552.8,1016.1,2695.2,1468.0,4407.6,7645.4,4381.8,1706.7,373.0
2026-09-10 22:45:00,763.4,346.1,862.2,1631.5,697.2,356.8,14.7,26.1,375.0,8.9,238.0,1250.9,4387.8,3148.0,1612.0,1581.8,171.0,37.6,1080.4,1250.2,461.9,653.0,5152.0,4753.5,2874.9,1213.3,4501.4,6156.1,2872.0,1875.5,1773.3,3033.8,1065.7,3432.4,1009.4,2694.7,1460.8,4351.0,7563.0,4342.1,1675.7,377.9
2026-09-10 23:00:00,739.5,361.9,851.2,1649.5,674.4,260.7,14.7,11.1,384.7,3.5,226.9,1235.4,3981.3,3184.0,1560.1,1545.0,203.0,39.7,1048.0,1223.7,471.1,622.3,5039.8,4694.2,2789.8,1217.4,4275.1,6101.1,2766.1,1848.0,1732.7,3083.2,1024.5,3244.8,999.7,2686.1,1465.7,4134.2,7514.8,4305.1,1684.2,327.4
2026-09-10 23:15:00,733.1,365.1,835.6,1648.0,661.6,261.6,14.7,11.1,379.8,4.3,216.9,1241.1,4076.6,3225.9,1543.9,1552.7,191.6,40.0,1045.7,1255.4,468.8,623.7,4999.3,4670.4,2742.2,1216.9,4236.0,6057.9,2756.4,1862.3,1733.7,3054.1,1010.1,3073.2,992.9,2686.7,1456.2,4048.5,7428.7,4302.0,1657.6,323.5
2026-09-10 23:30:00,726.1,368.6,824.2,1647.1,647.7,263.2,14.8,11.1,372.1,1.0,222.4,1232.5,3956.6,3280.4,1560.7,1551.3,192.4,40.3,1051.3,1284.5,469.0,615.7,4951.4,4643.3,2710.4,1138.2,4212.3,6033.2,2735.2,1849.4,1732.5,3047.9,1000.9,3101.1,988.0,2689.2,1438.9,3983.0,7335.2,4227.7,1635.2,315.9
2026-09-10 23:45:00,721.2,356.3,812.6,1642.5,639.3,263.1,14.7,11.1,368.9,1.0,220.1,1211.9,4759.2,3333.2,1573.5,1545.9,192.9,40.6,1053.0,1293.8,485.7,605.4,4915.1,4613.5,2662.9,1138.0,4173.1,5951.6,2727.0,1832.0,1736.5,3035.9,987.7,3052.7,980.4,2693.2,1411.6,3948.7,7260.0,4129.6,1613.7,314.3
2026-09-11 00:00:00,733.8,382.8,898.5,1568.1,644.5,144.4,12.0,11.0,325.8,27.9,423.0,1248.5,3168.2,2952.9,1192.7,1354.6,123.6,41.4,1049.9,1527.9,455.6,610.0,4879.3,4999.8,2616.3,1050.8,3812.7,5453.0,2590.4,1734.2,1624.5,2992.6,1022.2,3337.0,979.1,2781.0,1336.4,3555.4,7258.6,4113.0,1557.0,292.4
2026-09-11 00:15:00,727.1,340.7,892.5,1598.2,636.8,147.6,12.0,9.3,320.2,28.1,396.6,1248.5,3108.8,2992.1,1264.4,1358.4,132.5,41.6,1038.8,1584.9,445.9,607.8,4857.3,4983.5,2591.0,1051.2,3800.4,5439.8,2584.6,1739.4,1619.2,2989.4,1010.2,3292.8,973.8,2788.0,1340.6,3534.5,7212.2,4074.5,1551.4,285.5
2026-09-11 00:30:00,719.7,352.3,1112.0,1589.4,622.7,142.0,12.0,10.6,312.5,33.8,384.6,1260.9,3097.8,3063.5,1306.4,1386.1,133.7,41.5,1036.5,1649.0,448.2,612.0,4798.2,5011.9,2554.6,1053.1,3778.1,5416.8,2574.8,1785.1,1614.2,3009.7,1002.9,3214.1,971.3,2794.9,1342.3,3563.3,7184.0,4049.0,1542.5,275.6
2026-09-11 00:45:00,714.1,353.5,1106.6,1542.0,619.1,144.7,12.0,10.0,310.8,38.2,375.1,1274.9,3187.5,3082.3,1283.3,1395.9,105.0,41.6,1033.8,1683.4,448.2,609.8,4780.3,4988.5,2521.7,1052.9,3760.4,5394.5,2564.9,1786.4,1618.7,3019.9,994.9,3166.6,968.3,2800.4,1338.6,3499.2,7142.2,4065.2,1530.5,270.7
2026-09-11 01:00:00,752.9,360.3,1294.7,1599.9,618.7,147.0,12.0,6.8,306.7,24.1,395.2,1272.4,3100.5,3092.0,1234.0,1437.2,120.3,50.5,1013.9,1727.8,444.7,578.7,4665.6,4999.4,2466.5,1059.7,3757.3,5507.8,2465.4,1754.2,1629.9,3018.6,976.7,3148.7,963.8,2890.1,1411.0,3508.8,7064.8,4066.5,1535.8,240.8
2026-09-11 01:15:00,766.1,367.7,1291.6,1589.2,613.5,148.6,12.0,6.8,305.9,14.5,386.3,1248.3,3106.7,3150.0,1235.3,1392.0,140.9,50.5,1010.5,1877.0,449.0,568.2,4664.0,5002.3,2442.8,1060.7,3744.6,5489.2,2459.4,1763.2,1628.4,3011.9,970.4,3109.0,962.0,2896.9,1406.5,3482.3,7030.9,4038.2,1528.0,233.7
2026-09-11 01:30:00,762.4,376.4,1507.5,1579.6,607.4,149.7,12.0,6.8,313.1,15.2,389.2,1249.0,3284.7,3213.9,1219.6,1391.9,123.8,50.6,1008.2,1925.7,451.5,565.6,4631.6,5048.9,2423.7,1062.0,3737.1,4901.9,2455.8,1797.7,1618.2,3023.6,963.7,3094.1,961.2,2903.3,1402.6,3481.6,6998.7,4062.1,1521.7,224.5
2026-09-11 01:45:00,757.5,384.2,1506.5,1567.1,604.7,150.6,12.0,6.8,406.5,12.9,378.2,1255.1,3286.0,3278.0,1203.0,1394.7,124.1,50.6,1003.7,1979.0,454.3,562.8,4620.9,5055.0,2397.3,1063.5,3725.9,4543.8,2450.0,1803.1,1619.0,3018.1,957.1,3073.5,957.9,2910.4,1396.3,3436.4,6973.5,4059.9,1517.3,215.7
2026-09-11 02:00:00,779.3,392.4,1439.0,1521.6,599.3,151.1,15.6,6.8,417.8,6.0,236.2,1246.7,3162.5,3468.6,1194.4,1353.0,121.2,49.4,970.0,1989.0,447.9,555.3,4669.0,5016.3,2373.5,1090.1,3795.4,4817.3,2382.7,1780.2,1599.0,3008.6,945.5,3052.7,955.7,2944.9,1419.9,3409.3,7075.9,4171.6,1532.2,206.3
2026-09-11 02:15:00,740.0,406.4,1437.9,1507.7,595.9,160.0,13.4,6.8,400.0,6.0,223.5,1249.0,3217.2,3355.3,1189.4,1350.4,142.4,49.6,967.2,1990.5,448.9,554.1,4705.3,5026.0,2359.7,1092.8,3786.0,4595.0,2380.0,1780.4,1580.9,2981.0,943.7,3044.3,953.4,2952.3,1415.0,3381.0,7054.2,4150.0,1533.9,202.3
2026-09-11 02:30:00,734.8,415.9,1434.6,1485.0,592.8,156.6,14.8,6.7,409.0,6.0,222.7,1253.6,3272.9,3353.7,1173.0,1338.2,123.5,49.6,962.6,2006.5,450.1,551.8,4702.3,5038.4,2349.3,1094.8,3778.9,4494.3,2376.2,1772.7,1580.2,2977.2,941.9,3037.0,952.7,2959.2,1412.2,3357.3,7037.2,4147.8,1530.9,203.0
2026-09-11 02:45:00,697.1,415.3,1434.7,1472.3,594.1,159.8,15.4,6.7,413.1,6.5,218.5,1257.1,3420.8,3396.4,1169.0,1341.4,124.7,49.7,958.8,2037.2,446.0,550.9,4704.7,5057.5,2339.5,1097.5,3773.6,4464.1,2375.2,1788.1,1584.7,2975.4,937.1,3011.8,953.6,2966.7,1413.0,3333.3,7025.7,4147.7,1531.6,198.0
2026-09-11 03:00:00,705.5,423.7,1437.1,1455.6,578.6,154.0,13.3,6.7,418.2,6.0,236.2,1265.4,3132.0,3540.7,1203.3,1353.0,54.0,48.5,946.9,1936.8,446.1,541.5,4563.5,5000.2,2317.0,1111.8,4036.4,4356.7,2372.4,1797.3,1594.2,2951.1,930.7,3018.1,956.4,2926.1,1330.1,3264.9,6931.0,4134.4,1503.4,188.5
2026-09-11 03:15:00,699.1,437.2,1438.3,1437.3,579.4,159.0,14.7,6.8,404.4,6.0,229.4,1266.6,3220.8,3567.3,1205.7,1349.0,55.8,48.5,941.2,1951.7,441.7,541.4,4558.5,4991.3,2309.6,1112.7,4034.1,4279.5,2371.1,1799.9,1616.8,2984.1,929.5,3003.6,957.0,2932.3,1335.6,3250.8,6928.4,4153.3,1496.7,182.3
2026-09-11 03:30:00,697.3,442.2,1441.3,1416.3,583.4,157.5,14.7,6.7,412.8,6.1,221.0,1267.8,3270.2,3699.2,1191.4,1350.3,57.2,48.5,936.2,1978.6,435.9,540.9,4563.1,4994.0,2303.7,1113.6,4032.7,4332.7,2368.8,1824.5,1611.2,2984.0,930.7,2980.8,959.5,2937.3,1343.7,3239.4,6927.0,4174.3,1491.9,174.7
2026-09-11 03:45:00,694.3,456.3,1443.6,1395.4,589.3,159.3,14.7,6.7,415.0,6.0,217.1,1268.4,3386.4,3714.0,1180.4,1355.0,58.7,48.6,931.7,1997.3,432.4,540.3,4566.9,4990.4,2298.7,1113.7,4033.0,4290.8,2366.9,1826.3,1610.8,2989.3,925.9,2971.4,962.2,2941.2,1353.5,3259.0,6906.1,4175.7,1487.8,168.3
2026-09-11 04:00:00,711.0,453.9,1460.2,1370.7,606.0,268.3,14.7,6.7,423.5,1.0,213.0,1274.4,3188.4,3955.1,1201.3,1395.8,127.4,41.0,922.5,1858.3,420.0,540.3,4707.9,4930.7,2300.9,1128.5,4008.8,4387.0,2412.9,1855.7,1615.8,2959.8,923.0,3027.8,967.9,3102.6,1376.2,3346.7,6792.3,3986.6,1505.5,148.9
2026-09-11 04:15:00,716.0,458.9,1478.6,1340.4,611.9,270.1,13.4,6.7,422.0,1.0,211.5,1274.5,3194.8,3977.8,1168.8,1396.0,133.5,41.1,918.5,1880.8,413.9,543.7,4688.3,4905.3,2308.8,1128.5,4013.3,4547.1,2415.2,1870.1,1617.2,2996.7,924.1,3021.2,970.6,3105.7,1387.7,3352.2,6768.6,4004.8,1524.8,148.8
2026-09-11 04:30:00,718.0,463.9,1297.7,1306.5,632.1,272.3,12.0,6.7,414.9,1.0,210.5,1274.3,3118.1,3821.9,1089.4,1396.3,125.4,41.0,913.4,2034.1,413.7,543.4,4692.0,4873.3,2308.1,1127.7,4014.4,4547.9,2414.9,1879.7,1616.9,2981.8,921.8,3013.6,973.6,3108.8,1397.0,3344.6,6790.3,4005.4,1542.1,149.7
2026-09-11 04:45:00,729.3,477.7,1335.9,1280.5,646.8,273.7,12.0,6.7,425.6,1.0,217.2,1273.7,3017.2,3741.2,1098.3,1397.5,124.0,41.0,912.6,2049.8,414.0,543.9,4739.2,4867.3,2322.7,1127.6,4020.8,4635.7,2379.8,1912.9,1615.4,3016.2,922.7,2980.4,975.2,3112.5,1399.1,3405.5,6817.4,4049.3,1553.8,155.6
2026-09-11 05:00:00,775.5,485.5,1197.7,1252.6,680.8,274.2,17.0,4.4,434.7,6.0,206.3,1247.8,3114.9,3981.7,1131.1,1413.1,91.2,60.4,932.9,2227.8,409.3,541.5,5079.7,4904.7,2348.3,1128.1,3967.6,4578.1,2428.1,1852.9,1627.0,2993.9,932.2,3057.2,984.0,3215.1,1408.1,3741.4,6920.8,4024.5,1613.3,164.6
2026-09-11 05:15:00,779.8,493.7,1253.5,1230.5,698.2,274.2,17.0,4.4,395.3,6.1,208.0,1241.3,3110.1,3986.4,1132.6,1411.3,91.4,34.4,938.3,2090.9,410.9,547.8,5063.3,4900.7,2386.2,1127.9,3981.2,4825.3,2435.4,1900.3,1625.3,3042.7,939.8,3060.3,988.9,3214.3,1422.5,3787.9,6988.7,4149.2,1641.9,166.4
2026-09-11 05:30:00,792.2,501.9,1067.4,1203.0,716.0,274.7,17.1,5.3,358.2,8.7,209.5,1234.6,3122.7,3972.3,1090.2,1411.0,91.7,35.3,947.6,2104.4,414.1,542.1,5139.1,4877.6,2420.9,1179.3,3996.9,5323.9,2439.3,1906.2,1625.4,3046.6,944.3,3020.0,995.8,3208.9,1438.4,3810.4,7100.2,4284.5,1668.9,172.4
2026-09-11 05:45:00,807.9,506.3,1109.6,1190.8,735.4,277.4,17.0,6.6,370.3,8.4,214.7,1230.8,3156.7,3969.4,1101.4,1411.8,112.0,37.0,959.1,2139.7,416.4,543.7,5199.2,4882.3,2465.7,1180.5,4011.8,5746.7,2415.0,1951.5,1624.0,3091.4,953.6,3056.4,1003.0,3199.8,1457.3,3927.7,7215.4,4362.2,1701.9,169.7
2026-09-11 06:00:00,856.7,510.8,1145.9,1152.8,771.5,509.2,12.2,18.7,384.6,13.0,230.2,1217.1,3468.7,3958.4,1162.4,1451.6,228.0,31.6,1062.8,2157.1,443.7,525.5,5414.5,4708.6,2601.9,1281.1,4209.1,5769.2,2489.2,1922.1,1663.8,3006.7,985.1,3258.1,1033.2,3684.8,1523.5,4171.1,7488.0,4467.7,1833.6,248.0
2026-09-11 06:15:00,863.1,521.7,1158.9,1126.8,781.9,516.0,12.1,18.7,400.2,13.0,239.8,1216.1,2919.4,3966.3,1167.8,1458.1,217.9,31.9,1082.6,2154.1,449.4,525.4,5478.7,4674.8,2672.5,1288.2,4240.5,5739.8,2479.9,1998.4,1658.7,3044.5,1001.1,3471.1,1044.1,3673.5,1545.0,4309.7,7619.7,4466.7,1892.5,247.6
2026-09-11 06:30:00,867.5,531.6,1155.4,1288.5,786.1,521.7,12.4,18.7,410.8,106.3,252.5,1203.7,2646.9,4008.9,1152.5,1447.9,201.6,32.0,1095.5,2181.6,456.5,528.6,5507.2,4637.2,2725.7,1291.9,4280.9,5781.7,2497.1,2024.8,1665.7,3086.8,1024.2,3764.7,1054.2,3663.4,1567.0,4306.1,7808.7,4449.7,1941.6,243.5
2026-09-11 06:45:00,859.9,551.6,1135.9,1280.4,794.5,562.9,12.1,20.1,433.5,105.8,260.5,1202.9,2662.2,4188.8,1184.7,1456.8,221.1,32.3,1110.4,2193.8,463.0,526.5,5552.3,4579.7,2805.5,1340.6,4314.0,5809.1,2524.2,2113.2,1666.8,3118.9,1034.8,3889.3,1063.9,3655.0,1564.7,4329.1,7929.4,4484.2,1988.0,243.4
2026-09-11 07:00:00,896.1,559.1,1114.6,1263.9,815.0,575.2,2.0,20.4,462.7,104.7,209.7,1248.1,2879.9,4351.1,1282.9,1548.1,239.8,37.2,1198.4,2218.2,483.0,502.0,5509.5,4554.0,2966.8,1564.5,4507.5,5806.7,2585.4,2123.6,1738.2,3071.2,1035.5,3934.3,1078.7,3693.4,1710.5,4435.7,8140.5,4677.2,2084.6,311.4
2026-09-11 07:15:00,893.1,579.2,1063.2,1235.1,827.3,614.3,2.1,21.5,482.5,103.9,215.1,1248.3,2853.4,4471.5,1321.4,1535.4,239.3,38.1,1205.9,2221.2,481.6,504.6,5545.5,4577.1,3022.3,1611.2,4532.0,5833.7,2611.6,2160.6,1743.3,3085.6,1056.2,4006.2,1082.1,3681.0,1712.6,4441.0,8209.1,4656.4,2106.5,338.6
2026-09-11 07:30:00,878.8,604.1,996.6,1186.8,834.6,669.4,2.0,21.6,502.3,104.4,227.2,1251.7,2863.6,4532.6,1395.2,1584.9,239.4,38.1,1210.9,2231.1,473.5,508.0,5581.6,4520.8,3055.2,1609.7,4552.1,5858.1,2627.1,2171.6,1748.5,3091.0,1069.2,4057.9,1084.0,3666.0,1712.1,4444.9,8246.2,4698.7,2117.3,316.1
2026-09-11 07:45:00,870.4,658.9,934.0,1178.2,831.5,714.5,2.0,21.6,516.4,103.3,234.6,1260.4,2886.3,4646.1,1460.0,1611.7,240.5,38.1,1217.8,2231.8,474.7,513.4,5613.0,4468.3,3088.4,1608.7,4559.3,5869.7,2645.4,2168.7,1758.2,3106.1,1074.1,4126.4,1085.2,3648.2,1712.9,4445.6,8290.1,4707.3,2133.3,355.8
2026-09-11 08:00:00,853.4,719.9,826.9,1100.7,835.2,762.1,34.0,7.8,527.9,87.2,313.7,1151.1,3014.7,4851.1,1705.0,1572.2,235.8,38.1,1370.1,2324.1,476.1,537.0,5636.3,4513.1,3147.1,1608.5,4675.2,6047.1,2672.4,2179.4,1769.4,3055.9,1085.4,4306.0,1070.8,3607.2,1713.0,4506.1,8339.7,4672.3,2137.3,330.7
2026-09-11 08:15:00,836.7,744.1,783.9,1123.8,839.1,807.1,34.0,6.7,534.0,87.9,320.0,1169.3,3021.0,4589.9,1891.7,1684.9,237.5,38.1,1371.4,2329.3,472.1,514.9,5659.5,4458.3,3161.5,1607.2,4676.9,6053.9,2678.6,2176.2,1769.1,3068.3,1085.9,4330.1,1080.0,3580.0,1716.3,4507.9,8341.2,4686.3,2125.8,316.2
2026-09-11 08:30:00,828.5,726.5,740.9,1139.3,835.6,865.8,34.0,5.3,540.0,89.0,317.3,1189.4,3037.5,4448.9,2001.1,1766.2,239.4,38.1,1371.3,2318.4,466.7,516.5,5683.6,4400.0,3155.6,1605.4,4686.8,5954.5,2675.3,2176.6,1769.8,3081.1,1086.9,4316.3,1081.8,3553.7,1714.5,4505.9,8318.1,4721.9,2118.1,295.7
2026-09-11 08:45:00,808.9,738.4,683.2,1156.0,830.9,919.5,34.2,4.2,555.0,10.0,322.3,1195.8,3361.7,4216.9,2039.3,1739.5,241.2,49.9,1441.3,2130.8,507.9,517.9,5700.8,4341.6,3166.8,1604.4,4711.0,5976.2,2679.1,2163.9,1768.9,3093.8,1095.8,4369.5,1082.4,3524.2,1713.1,4504.7,8305.0,4661.0,2116.5,297.9
2026-09-11 09:00:00,800.9,776.7,647.9,1119.5,814.2,949.5,2.2,13.9,551.8,92.9,348.3,1225.1,3344.4,4566.5,1978.3,1714.0,148.8,38.1,1546.7,2145.3,487.7,522.6,5668.9,4161.0,3184.6,1594.9,4636.0,5840.0,2685.1,2191.8,1804.8,3075.0,1092.4,4365.6,1102.3,3492.8,1685.0,4468.5,8213.1,4634.4,2084.7,303.4
2026-09-11 09:15:00,787.1,793.5,609.7,1151.2,813.5,974.0,2.2,13.9,546.0,95.0,332.6,1251.0,3822.6,4410.1,1923.7,1694.6,185.8,49.9,1526.2,2145.9,475.0,509.9,5671.7,4111.4,3175.4,1594.3,4641.0,5936.4,2685.0,2135.1,1811.3,3074.1,1089.0,4306.7,1115.5,3488.5,1685.2,4469.8,8179.4,4650.5,2066.4,311.5
2026-09-11 09:30:00,771.7,833.0,576.7,986.3,804.9,1045.6,2.4,14.1,537.0,97.4,315.9,1292.3,3679.4,4152.3,1921.8,1675.0,189.6,38.1,1525.2,2188.2,469.1,521.0,5649.7,4103.9,3179.2,1595.1,4648.3,5998.7,2677.6,2145.9,1805.0,3072.7,1091.4,4227.6,1126.1,3484.3,1674.6,4474.1,8148.6,4675.3,2049.5,319.2
2026-09-11 09:45:00,756.9,837.5,550.0,1040.5,792.4,1084.1,4.1,14.2,533.2,6.9,315.6,1314.9,3961.7,4030.3,1889.9,1694.6,184.6,38.1,1545.1,2179.6,480.9,538.6,5649.4,4077.3,3168.5,1586.6,4643.9,5890.9,2700.5,2074.0,1809.9,3048.9,1085.5,4113.1,1129.8,3480.4,1668.8,4478.5,8105.9,4679.8,2028.0,327.4
2026-09-11 10:00:00,743.1,864.0,573.8,1040.8,812.9,1083.7,46.2,29.0,538.1,11.3,364.5,1368.9,4100.8,4142.9,1809.2,1744.4,80.5,120.5,1574.7,2262.9,474.1,608.8,5693.1,4161.0,3174.8,1569.9,4503.4,5403.7,2687.2,2074.4,1813.3,3099.1,1079.0,4008.6,1122.7,3438.0,1651.4,4443.3,8018.4,4697.5,1999.0,340.8
2026-09-11 10:15:00,730.4,882.4,552.0,1058.8,802.0,1115.6,45.4,29.0,522.3,2.1,363.4,1357.8,4106.8,4162.1,1823.9,1685.5,83.1,125.5,1570.6,2203.6,470.7,577.0,5684.8,4107.9,3168.4,1527.1,4510.1,4938.1,2693.6,2015.9,1822.8,3080.5,1104.6,3972.7,1120.0,3436.4,1645.3,4445.1,7975.0,4726.0,1980.4,349.3
2026-09-11 10:30:00,717.9,901.9,531.2,1076.4,797.0,1136.3,47.7,29.2,492.0,3.4,359.2,1401.5,4182.0,4184.9,1827.0,1555.4,81.0,125.5,1581.6,2214.3,469.8,590.1,5684.7,4099.8,3168.0,1484.5,4504.0,4461.5,2684.6,1976.0,1816.8,3033.1,1097.4,3736.8,1121.4,3434.9,1634.4,4434.6,7918.1,4752.1,1966.3,357.7
2026-09-11 10:45:00,712.2,903.3,516.5,1073.4,791.5,1139.6,48.1,29.2,471.1,6.7,358.0,1447.2,4426.5,4231.1,1793.7,1404.0,84.0,125.5,1586.6,2187.8,471.2,618.9,5688.3,4070.3,3166.0,1491.1,4498.9,3981.9,2683.1,1936.3,1820.5,3033.7,1092.0,3777.7,1124.8,3433.3,1625.7,4436.5,7890.1,4770.8,1944.5,364.2
2026-09-11 11:00:00,699.4,940.5,534.3,1104.7,778.8,1086.9,14.3,28.5,418.4,25.9,485.4,1406.4,4473.1,4474.9,1760.2,1310.1,180.7,52.6,1549.3,2173.0,497.3,603.2,5640.1,3959.0,3159.8,1514.2,4786.7,3603.9,2690.2,1888.3,1832.7,3108.7,1071.0,3638.6,1098.0,3410.9,1607.3,4447.7,7823.6,4729.6,1893.1,362.1
2026-09-11 11:15:00,690.6,946.2,523.5,1084.8,776.3,1103.0,18.1,28.5,412.1,24.0,493.8,1419.2,5292.6,4744.2,1719.9,1341.5,205.7,53.0,1567.4,2143.4,492.0,617.9,5641.9,3932.8,3161.5,1517.9,4853.1,3210.2,2685.1,1879.1,1831.2,3106.9,1063.7,3659.5,1099.7,3409.9,1598.8,4464.9,7818.4,4697.3,1881.1,364.0
2026-09-11 11:30:00,689.2,953.2,534.8,1081.6,778.1,1116.6,17.6,28.7,382.8,48.1,510.5,1444.3,5362.9,4431.6,1670.0,1318.9,217.6,52.1,1572.1,2113.9,485.7,329.2,5646.5,3920.4,3152.5,1522.7,4844.6,2991.2,2677.8,1866.5,1831.4,3108.5,1063.0,3660.8,1100.5,3408.8,1592.7,4445.6,7805.7,4703.0,1873.7,368.7
2026-09-11 11:45:00,690.2,965.3,533.5,1086.4,781.6,1115.7,18.9,28.8,362.6,51.5,523.9,1455.9,5565.4,4416.0,1647.4,1334.9,208.4,53.1,1627.1,2060.7,513.0,230.7,5635.0,3916.0,3150.6,1521.7,4842.9,2891.9,2677.2,1848.8,1831.5,3104.6,1062.3,3561.4,1100.3,3407.5,1586.2,4431.5,7802.3,4684.0,1866.9,372.0
2026-09-11 12:00:00,694.7,998.1,494.0,1104.5,774.0,989.1,57.7,1.4,380.5,10.9,362.6,1549.5,5363.9,4606.0,1696.4,1318.2,182.8,39.0,1664.4,2030.2,499.1,265.5,5580.8,3933.5,3146.1,1527.1,4866.4,3096.8,2679.5,1856.8,1805.0,3096.6,1054.0,3216.8,1099.3,3393.7,1589.1,4525.9,7797.5,4613.0,1839.2,325.8
2026-09-11 12:15:00,689.4,998.6,496.5,1087.3,777.2,990.5,58.1,1.5,361.7,15.8,374.7,1558.2,5463.1,4525.6,1673.3,1325.4,232.0,39.2,1736.5,1762.2,500.4,250.6,5579.4,3919.1,3144.5,1397.2,4855.5,3280.2,2677.2,1834.8,1801.9,3087.3,1055.2,3097.5,1096.3,3393.2,1585.6,4552.7,7781.4,4604.2,1838.3,327.1
2026-09-11 12:30:00,686.8,989.6,508.2,1074.9,777.9,994.8,59.6,1.6,346.8,16.0,366.2,1577.3,5559.7,4468.3,1624.8,1308.2,257.9,39.2,1743.0,1738.3,489.8,262.3,5568.3,3911.2,3142.5,1391.6,4855.8,3467.6,2670.3,1833.3,1798.7,3082.3,1054.8,2962.4,1094.9,3392.8,1582.2,4581.1,7760.3,4578.8,1833.2,330.2
2026-09-11 12:45:00,691.5,990.3,501.0,1061.2,779.2,995.5,61.1,1.9,378.6,4.5,381.3,1572.0,5662.1,4405.1,1613.5,1319.3,259.6,39.2,1719.7,1904.5,490.4,276.3,5555.5,3906.7,3141.2,1412.4,4851.7,3515.9,2670.4,1833.9,1802.7,3089.0,1050.0,3095.9,1095.7,3392.2,1576.7,4556.4,7742.0,4562.2,1828.6,330.9
2026-09-11 13:00:00,725.4,998.9,509.6,1067.5,757.7,985.6,9.7,9.0,331.6,4.1,405.6,1584.2,5447.9,4346.3,1619.4,1291.5,269.7,37.4,1718.3,1619.0,494.9,275.7,5566.4,3994.5,3125.9,1425.3,4804.2,3493.5,2673.1,1828.1,1812.4,3112.9,1044.4,3149.0,1089.8,3368.7,1569.3,4550.8,7866.5,4516.1,1814.1,315.9
2026-09-11 13:15:00,724.1,979.0,523.2,1051.7,758.1,977.3,10.7,11.1,343.5,3.3,425.9,1584.5,5446.5,4371.2,1583.6,1303.3,270.4,37.4,1696.7,1739.6,486.2,270.9,5548.4,3976.0,3120.7,1425.6,4798.7,3484.5,2672.7,1832.0,1810.9,3112.6,1041.1,3167.1,1089.7,3368.8,1564.0,4589.0,7858.1,4511.5,1803.0,313.0
2026-09-11 13:30:00,785.1,1017.1,537.5,1033.7,759.9,967.4,10.8,12.6,340.2,6.0,440.3,1588.4,5469.4,4277.8,1560.4,1348.5,264.2,37.4,1634.1,1720.3,488.6,268.3,5569.1,3978.5,3121.4,1425.7,4795.7,3282.5,2669.7,1838.3,1810.1,3112.9,1044.0,3256.5,1088.3,3368.4,1558.1,4642.1,7831.3,4519.8,1791.5,314.5
2026-09-11 13:45:00,799.9,1003.7,553.7,1003.0,755.6,958.5,9.0,9.9,342.4,6.1,423.7,1589.8,5500.9,4253.9,1554.6,1351.7,251.7,37.4,1602.8,1695.9,495.4,330.6,5566.7,3963.9,3113.7,1458.7,4783.0,3090.0,2672.8,1858.6,1809.2,3114.7,1039.4,3419.1,1084.3,3368.3,1554.7,4682.0,7826.5,4507.0,1779.6,314.5
2026-09-11 14:00:00,788.9,948.3,542.5,920.2,755.5,926.6,35.1,3.8,334.1,11.5,453.0,1587.6,5313.1,4177.5,1488.5,1339.8,224.7,14.9,1594.2,1647.8,492.7,289.2,5649.9,4033.7,3122.6,1547.8,4649.9,2896.9,2672.8,1869.3,1755.7,3118.5,1042.1,3345.4,1080.3,3377.5,1550.7,4688.8,7852.6,4505.7,1792.5,317.1
2026-09-11 14:15:00,741.7,921.2,568.1,884.2,767.0,908.1,34.9,8.2,330.7,11.1,444.7,1586.2,5294.6,4183.9,1455.4,1338.1,232.3,15.1,1537.4,1628.3,490.3,478.1,5658.3,4027.4,3121.0,1551.2,4647.1,3045.9,2673.3,1884.8,1759.6,3122.1,1041.0,3396.9,1075.8,3377.2,1547.4,4723.6,7832.9,4527.5,1783.6,311.7
2026-09-11 14:30:00,706.2,913.0,574.5,841.5,770.9,882.8,33.4,3.8,341.9,8.4,450.4,1583.2,5232.9,4130.6,1442.8,1401.0,237.2,15.3,1525.2,1592.8,490.4,680.6,5645.8,4021.6,3114.3,1549.1,4635.2,3123.1,2671.4,1899.9,1753.3,3116.4,1036.1,3374.6,1077.4,3377.0,1544.3,4758.9,7797.8,4508.4,1792.1,309.8
2026-09-11 14:45:00,712.4,894.2,599.9,796.8,772.2,853.6,32.2,8.5,339.3,8.8,448.6,1580.0,5127.8,4061.7,1437.9,1398.9,237.2,11.4,1521.3,1568.5,490.3,670.7,5612.4,4007.7,3115.2,1547.7,4633.4,3274.4,2673.1,1915.0,1762.8,3124.7,1038.9,3364.1,1074.6,3376.9,1540.3,4835.1,7800.5,4514.5,1787.2,308.0
2026-09-11 15:00:00,730.3,859.5,611.7,721.7,765.6,978.9,23.4,42.0,253.3,19.0,567.4,1574.3,4923.0,3837.9,1375.4,1418.5,218.7,11.1,1485.3,1606.6,479.2,657.7,5655.4,3887.7,3100.1,1603.0,4623.2,3422.9,2673.8,1938.7,1727.3,3145.9,1084.9,3313.5,1076.5,3393.3,1530.3,4838.4,7698.0,4487.2,1726.9,316.9
2026-09-11 15:15:00,736.9,837.3,643.0,670.6,771.5,941.3,22.5,42.9,283.6,16.9,537.6,1584.1,4761.0,4300.3,1372.9,1385.3,217.6,11.2,1480.0,1578.6,477.1,635.7,5664.9,3922.9,3097.2,1558.9,4837.6,3640.3,2674.1,2007.6,1731.8,3157.5,1087.8,3315.4,1075.1,3393.3,1527.4,4920.6,7674.9,4483.3,1733.4,317.6
2026-09-11 15:30:00,732.4,813.1,672.3,617.2,771.6,899.2,22.5,42.8,273.2,8.6,525.4,1574.1,4192.1,3926.5,1384.0,1407.0,216.6,11.2,1475.0,1542.3,477.2,615.0,5649.2,3924.8,3104.6,1572.9,5062.5,3961.3,2673.0,2023.6,1728.9,3152.3,1090.6,3297.1,1076.2,3393.1,1527.8,5032.9,7699.8,4506.0,1733.4,309.9
2026-09-11 15:45:00,745.1,781.4,705.3,548.8,776.5,850.4,20.2,41.0,251.2,14.1,524.7,1575.0,3921.3,3624.2,1390.2,1393.0,210.4,19.0,1460.7,1540.9,484.1,614.4,5630.4,3932.5,3109.5,1555.1,5290.4,4657.0,2650.3,2062.9,1726.7,3140.1,1094.2,3253.3,1079.2,3393.4,1529.8,5069.9,7717.9,4565.9,1745.1,304.2
2026-09-11 16:00:00,768.7,741.6,771.2,494.5,780.4,926.0,46.9,13.4,275.1,39.7,475.2,1550.4,3584.9,3451.7,1432.2,1409.6,157.1,27.1,1368.6,1651.9,508.7,620.2,5597.8,3862.8,3137.5,1532.6,5111.8,4921.5,2652.9,2029.7,1731.4,3139.9,1077.8,3572.7,1083.2,3694.0,1551.0,5063.6,7709.3,4629.2,1753.2,314.9
2026-09-11 16:15:00,781.5,716.1,832.7,469.6,785.1,871.2,46.6,19.5,277.0,35.5,484.1,1537.1,3624.2,3433.3,1441.3,1557.4,161.6,18.9,1351.8,1633.4,500.7,623.9,5575.3,3878.2,3149.3,1524.7,5050.2,5342.2,2649.7,2082.0,1728.4,3132.8,1085.9,3514.5,1088.3,3694.0,1562.7,5153.4,7737.5,4733.9,1772.5,310.1
2026-09-11 16:30:00,795.8,685.5,921.2,638.6,796.8,797.7,42.7,17.8,283.7,35.5,471.8,1532.4,3505.7,3547.1,1472.0,1715.6,160.5,18.9,1334.6,1617.2,510.4,620.9,5592.1,3885.8,3151.0,1510.8,5041.3,5818.6,2620.1,2205.9,1727.0,3144.7,1080.3,3440.5,1092.8,3693.9,1570.1,5177.9,7777.6,4714.8,1787.9,305.5
2026-09-11 16:45:00,806.2,675.4,988.5,665.2,798.5,791.9,42.6,21.0,288.6,32.5,466.5,1520.2,3223.5,3870.8,1522.8,1692.9,164.4,18.9,1342.3,1630.1,510.3,643.9,5608.3,3889.6,3154.5,1434.6,4804.9,6067.7,2596.1,2315.0,1734.0,3162.0,1055.9,3433.2,1094.8,3694.1,1567.1,5178.9,7820.3,4691.6,1816.6,305.2
2026-09-11 17:00:00,822.4,644.9,1064.6,646.9,803.9,811.1,32.5,32.4,301.7,28.3,350.6,1446.7,3598.9,3612.5,1626.7,1581.3,245.7,25.7,1327.5,1532.4,529.6,608.2,5604.0,3981.6,3151.5,1381.6,4971.1,6022.0,2628.4,2225.6,1804.3,3172.6,1055.9,3463.7,1100.9,3777.3,1596.6,5328.6,7878.6,4858.5,1867.3,299.2
2026-09-11 17:15:00,825.9,656.0,1129.2,828.4,814.3,744.8,32.5,33.8,306.0,27.2,361.4,1431.7,3332.4,3439.6,1688.4,1564.7,244.4,25.7,1302.9,1536.2,521.1,611.4,5621.9,3976.5,3152.6,1382.9,4741.2,5826.7,2626.7,2205.7,1802.4,3155.8,1052.0,3504.8,1101.1,3778.5,1601.3,5326.2,7913.7,4902.2,1896.6,294.0
2026-09-11 17:30:00,843.2,657.8,1197.9,817.7,825.3,696.6,32.8,33.1,325.3,19.7,376.8,1406.4,3005.8,3299.6,1618.9,1419.7,261.8,25.5,1296.6,1481.6,524.7,597.9,5633.2,4003.4,3143.0,1379.8,4735.2,5910.2,2622.2,2178.2,1805.2,3138.8,1046.2,3506.6,1099.2,3779.3,1598.9,5329.3,7948.4,4937.7,1912.9,288.6
2026-09-11 17:45:00,845.5,656.7,1251.9,830.5,830.2,645.7,32.5,37.1,344.4,14.5,390.2,1386.4,3148.7,3285.0,1523.3,1223.1,240.9,25.4,1293.0,1483.9,525.3,605.5,5656.4,4004.6,3146.1,1378.0,4736.5,5995.5,2623.7,2162.8,1804.6,3131.1,1052.6,3592.5,1101.2,3780.6,1600.9,5329.4,7983.7,4967.7,1922.8,286.8
2026-09-11 18:00:00,846.1,644.9,1296.9,1052.8,834.9,771.0,42.7,43.1,331.4,19.8,255.4,1363.9,3320.2,3105.5,1565.1,1204.8,342.0,25.7,1311.7,1493.1,558.0,593.7,5697.4,4052.6,3139.6,1358.8,4636.8,6014.8,2620.8,2133.7,1810.8,3166.6,1058.1,3687.4,1104.4,3774.0,1600.3,5236.3,7981.6,4965.1,1921.5,311.6
2026-09-11 18:15:00,862.4,639.4,1315.6,1068.2,840.4,771.3,41.1,42.6,351.4,22.4,263.8,1348.8,3323.1,3075.2,1671.2,1224.1,285.0,25.5,1274.2,1490.3,535.9,591.4,5722.3,4078.6,3130.0,1357.7,4635.2,6010.2,2621.8,2106.1,1801.6,3145.7,1057.8,3721.6,1107.3,3777.2,1599.5,5251.0,7961.2,5022.9,1921.2,309.8
2026-09-11 18:30:00,880.0,628.4,1323.1,1090.4,842.1,760.1,41.0,43.5,372.0,21.5,287.5,1327.1,3165.1,3069.0,1715.0,1183.2,305.2,25.4,1282.4,1463.2,552.4,588.3,5732.2,4114.5,3130.4,1329.1,4644.9,6023.1,2617.9,2159.0,1802.0,3137.6,1066.9,3668.2,1111.3,3779.7,1607.4,5246.2,7966.2,5018.0,1912.4,363.5
2026-09-11 18:45:00,896.1,672.7,1340.5,1113.6,850.0,757.2,41.0,44.5,387.8,17.9,296.9,1313.7,3182.8,3072.0,1747.9,1177.6,251.9,25.2,1295.7,1424.9,566.7,588.4,5737.2,4100.7,3131.0,1342.7,4644.2,6022.3,2630.8,2162.2,1807.2,3132.2,1065.8,3670.3,1107.7,3782.6,1613.3,5259.3,7973.3,5035.4,1918.9,361.6
2026-09-11 19:00:00,911.5,690.6,1363.0,1103.7,867.2,761.5,30.0,108.3,410.5,20.5,343.9,1296.9,3189.6,2963.0,1918.6,1186.6,263.0,16.2,1232.1,1381.8,549.1,621.4,5755.0,4169.7,3118.5,1356.7,4585.5,6122.7,2624.9,2071.0,1811.6,3158.5,1064.9,3886.4,1091.6,3813.2,1609.0,5137.8,7955.7,4983.7,1937.4,335.3
2026-09-11 19:15:00,911.8,698.4,1371.9,1110.8,867.9,764.0,30.0,120.0,411.4,20.3,345.7,1278.7,3198.4,3384.2,1963.7,1193.5,263.5,16.1,1241.0,1346.6,548.1,610.4,5748.6,4165.8,3123.2,1369.0,4592.7,6127.8,2653.5,2048.1,1813.1,3147.1,1067.1,3966.8,1075.0,3817.7,1608.9,5151.5,7931.7,4957.1,1927.6,282.3
2026-09-11 19:30:00,910.6,705.6,1370.9,1115.0,869.9,760.8,30.0,114.3,410.8,25.5,354.2,1261.3,3201.3,3378.8,1957.4,1175.3,263.7,15.9,1224.9,1327.5,546.2,655.1,5748.5,4162.0,3112.7,1354.2,4601.1,6140.7,2622.7,2128.5,1818.9,3156.1,1070.7,3867.8,1056.3,3821.9,1603.4,5079.7,7891.0,4957.7,1926.5,283.4
2026-09-11 19:45:00,908.9,706.0,1357.3,1115.0,868.0,745.3,30.0,114.0,416.0,27.4,353.6,1247.3,3209.3,3403.4,1946.8,1167.2,266.5,15.7,1218.7,1316.5,542.0,670.6,5731.0,4129.4,3107.1,1352.7,4595.8,6135.2,2624.3,2113.5,1814.4,3143.0,1072.8,3878.3,1054.4,3838.0,1596.9,5067.8,7875.4,4924.3,1915.8,287.1
2026-09-11 20:00:00,902.3,698.1,1327.4,1135.5,845.3,657.2,42.0,56.5,428.6,15.9,277.1,1348.4,3460.0,3134.1,1669.6,1132.9,268.3,25.1,1201.8,1311.4,533.8,624.5,5643.7,4066.3,3087.9,1311.9,4622.3,6124.6,2613.7,2147.9,1809.8,3165.9,1081.6,3723.3,1048.7,3725.2,1589.8,4995.9,7803.4,4939.6,1878.0,349.4
2026-09-11 20:15:00,895.4,697.0,1318.8,1120.8,836.4,654.4,42.0,35.7,427.8,19.0,275.0,1334.9,3448.1,2752.2,1701.4,1114.6,270.1,25.1,1193.7,1295.0,526.2,627.6,5620.7,4031.2,3077.9,1308.7,4620.5,6121.7,2615.2,2137.1,1813.2,3165.8,1078.1,3739.4,1047.7,3740.2,1583.4,4990.5,7760.6,4889.4,1857.2,312.9
2026-09-11 20:30:00,885.8,699.7,1291.8,1093.8,827.1,645.1,42.0,39.1,426.2,13.9,278.2,1330.6,3435.3,2732.1,1696.5,1076.7,271.4,25.1,1207.4,1283.8,540.4,628.9,5595.0,3977.2,3064.1,1304.2,4621.6,6123.6,2612.8,2155.7,1819.6,3172.9,1082.3,3707.6,1050.3,3749.6,1576.1,4986.9,7713.0,4836.3,1846.4,313.9
2026-09-11 20:45:00,874.7,642.2,1274.4,1068.2,815.7,641.9,42.0,33.5,429.7,13.9,273.5,1330.3,3503.4,2740.5,1679.0,1074.7,263.8,25.1,1172.6,1271.8,521.5,623.6,5571.2,3969.4,3052.2,1306.9,4620.4,6123.7,2613.1,2181.0,1813.4,3168.1,1079.1,3662.3,1047.5,3753.1,1577.1,4960.9,7667.5,4789.6,1826.9,319.5
2026-09-11 21:00:00,848.8,634.4,1226.1,1051.3,787.4,568.1,3.0,31.7,417.8,8.0,265.2,1236.8,3335.2,2941.7,1548.0,1090.5,220.9,35.5,1116.9,1272.5,507.6,619.9,5541.2,3896.8,3005.0,1283.0,4637.1,6063.1,2612.6,2239.2,1810.4,3162.7,1081.9,3559.0,1040.6,3664.7,1543.0,4995.0,7578.4,4755.5,1764.5,258.9
2026-09-11 21:15:00,833.2,614.1,1201.3,1027.1,776.6,564.8,3.1,30.5,418.8,8.0,257.6,1224.3,3326.2,2887.4,1573.4,1080.7,300.4,35.5,1112.8,1270.9,501.9,616.8,5532.5,3889.1,2989.9,1270.3,4624.8,6053.8,2610.2,2245.2,1809.4,3155.6,1073.1,3477.0,1034.7,3660.9,1540.4,5006.3,7540.6,4741.0,1733.2,259.6
2026-09-11 21:30:00,818.1,589.3,1167.0,975.6,759.1,564.5,3.0,26.2,407.0,8.0,246.8,1226.4,3324.3,2833.3,1573.1,1044.0,302.1,38.0,1089.4,1237.9,498.0,619.7,5535.8,3882.3,2959.7,1219.6,4620.4,6053.8,2605.0,2239.8,1813.6,3145.9,1071.2,3378.6,1031.4,3656.8,1533.7,5021.0,7456.4,4736.5,1705.3,260.6
2026-09-11 21:45:00,804.7,543.8,1153.6,956.0,746.0,556.6,3.0,25.4,401.6,8.0,237.4,1242.4,3580.4,2767.8,1587.5,1044.1,281.7,38.0,1082.8,1222.2,493.5,623.6,5500.7,3869.0,2942.2,1150.4,4607.4,6043.4,2599.2,2236.4,1813.3,3146.4,1063.8,3410.2,1030.3,3652.6,1526.0,5022.2,7377.9,4619.3,1679.5,261.4
2026-09-11 22:00:00,779.3,573.9,1118.6,933.9,716.4,429.1,26.0,7.3,399.4,1.1,268.3,1285.0,3330.4,2699.9,1528.3,1040.6,241.1,36.7,1058.9,1190.6,468.4,650.5,5356.2,3692.7,2885.5,1136.5,4603.7,6017.7,2581.7,2196.4,1764.0,3045.0,1048.7,3328.1,1020.1,3756.1,1506.9,5006.6,7285.9,4474.4,1620.1,244.0
2026-09-11 22:15:00,776.9,510.0,1095.0,718.2,701.7,423.2,26.0,6.1,397.7,1.0,260.8,1285.2,3245.0,2691.6,1525.3,1038.8,243.0,36.7,1037.6,1169.3,446.8,655.3,5304.8,3696.0,2861.2,1134.0,4587.1,6001.5,2574.3,2199.0,1764.0,3046.4,1040.1,3294.1,1017.0,3752.7,1490.0,5009.6,7215.5,4355.5,1588.4,236.9
2026-09-11 22:30:00,766.7,458.2,1074.1,707.8,684.1,422.8,26.0,5.6,393.5,1.0,266.8,1283.2,3233.8,2627.8,1533.6,1048.6,224.4,36.9,1024.2,1165.0,443.7,675.4,5268.7,3684.4,2827.8,1130.7,4574.4,5989.6,2565.2,2210.5,1758.6,3045.3,1029.1,3242.2,1011.8,3750.4,1474.8,5003.7,7137.2,4231.2,1564.0,234.1
2026-09-11 22:45:00,762.0,454.7,1050.3,690.8,667.1,422.6,27.4,5.7,387.3,3.1,260.5,1296.6,3200.4,2640.9,1522.0,1052.3,225.5,37.0,1016.0,1158.4,443.9,680.7,5237.8,3677.2,2800.9,1068.7,4553.4,5968.9,2559.1,2183.9,1753.3,3039.8,1021.6,3278.9,1006.7,3749.1,1463.0,4962.4,7073.6,4162.0,1540.5,230.9
2026-09-11 23:00:00,740.1,451.1,1030.2,641.8,652.1,332.0,14.0,15.4,377.2,1.1,230.6,1232.0,2986.1,2829.6,1448.9,999.0,226.9,38.1,989.4,1102.7,429.5,650.2,5118.2,3551.0,2736.8,1074.1,4612.7,5985.2,2342.6,2130.0,1764.3,3078.9,1004.8,3081.5,999.4,3664.9,1436.8,4842.7,7044.7,4124.6,1509.1,194.9
2026-09-11 23:15:00,729.3,446.1,1011.9,631.5,639.5,332.2,15.5,15.3,377.6,1.0,219.5,1231.0,3134.1,2566.2,1433.6,997.5,227.7,38.4,982.1,1093.6,427.0,651.2,5091.9,3550.4,2707.3,1073.1,4592.5,5960.3,2505.6,2126.0,1755.5,3046.6,993.1,3142.0,991.8,3668.6,1420.6,4832.2,6983.6,4078.3,1492.6,193.6
2026-09-11 23:30:00,723.8,441.0,993.0,620.6,628.4,333.2,16.8,14.4,369.9,1.0,226.7,1234.8,3096.0,2550.6,1471.5,999.8,228.4,38.5,972.1,1082.8,424.8,651.0,5043.0,3545.7,2684.2,1072.0,4585.4,5951.5,2533.3,2105.7,1755.2,3042.3,985.4,3140.6,989.8,3671.7,1405.2,4744.9,6930.8,4057.6,1478.5,192.5
2026-09-11 23:45:00,719.8,435.8,989.4,607.5,621.1,331.5,16.7,12.6,417.8,1.1,216.8,1229.2,3530.3,2559.2,1476.2,998.2,228.9,38.7,979.6,1062.0,423.3,650.5,4999.7,3533.5,2649.8,1070.5,4562.6,5927.2,2525.7,2058.3,1755.0,3045.0,972.9,3118.6,983.8,3675.7,1389.5,4699.3,6835.5,4007.0,1458.3,195.5
2026-09-12 00:00:00,683.4,462.5,969.5,410.6,605.4,349.2,12.0,57.6,342.7,16.0,254.9,1275.8,3105.0,2800.6,1257.0,985.3,208.9,53.6,954.1,1059.4,423.1,560.4,4989.0,3394.1,2556.9,1088.6,4450.2,5839.9,2517.8,1977.1,1684.7,2888.3,1004.5,3033.9,994.0,3825.1,1423.1,4800.0,6805.8,4121.6,1483.5,156.7
2026-09-12 00:15:00,694.5,435.8,958.9,407.6,597.9,351.5,12.0,57.9,339.8,16.0,243.4,1270.7,3167.5,2748.5,1278.0,1002.2,221.4,45.8,959.1,1040.6,427.4,568.6,4958.9,3394.1,2539.5,1088.1,4442.9,5831.8,2509.5,1951.4,1681.9,2886.9,996.4,3017.7,991.2,3830.7,1434.2,4793.7,6781.9,4092.2,1473.9,156.3
2026-09-12 00:30:00,697.2,424.6,951.0,401.2,590.3,353.2,12.0,59.5,337.4,16.0,233.6,1273.1,3216.6,2641.4,1284.3,1001.6,221.4,45.8,960.5,1024.7,429.9,569.0,4927.3,3397.1,2505.4,1086.3,4429.2,5817.6,2500.0,1934.7,1677.8,2885.4,990.9,2983.8,987.2,3835.5,1440.2,4775.4,6740.3,4068.3,1468.1,154.7
2026-09-12 00:45:00,696.9,422.9,944.6,396.7,587.1,352.7,12.0,59.6,335.9,16.0,223.5,1278.9,3391.1,2431.9,1298.0,1000.6,211.2,55.3,966.5,996.5,433.2,569.0,4901.7,3382.0,2479.3,1085.2,4418.7,5805.6,2488.3,1851.4,1682.2,2884.6,981.2,2992.3,981.9,3842.5,1448.3,4758.5,6706.1,4045.6,1454.1,153.9
2026-09-12 01:00:00,675.8,422.8,934.6,194.4,582.7,444.2,12.0,19.6,326.6,21.0,226.4,1285.2,3065.7,2302.1,1225.0,997.6,165.2,55.0,926.6,966.3,430.3,577.0,4903.5,3417.6,2421.3,1125.6,4352.8,5729.4,2491.3,1857.8,1656.6,2893.3,944.4,2852.1,978.2,3852.2,1440.5,4703.6,6574.7,4004.0,1433.7,146.2
2026-09-12 01:15:00,674.2,421.2,932.2,193.2,578.0,443.9,12.0,18.0,323.3,21.1,220.0,1286.7,3071.8,2236.8,1214.2,997.3,167.5,55.1,926.2,953.3,434.5,575.1,4887.7,3417.3,2403.3,1124.4,4346.6,5722.2,2488.4,1778.1,1653.6,2885.6,940.9,2879.0,977.6,3858.7,1441.5,4710.7,6543.4,3974.8,1424.6,147.7
2026-09-12 01:30:00,669.2,415.2,928.1,181.7,575.4,445.1,12.0,18.4,324.1,21.0,220.9,1288.9,3076.7,2222.8,1192.2,996.2,168.0,55.2,921.5,943.6,433.0,573.1,4866.7,3415.6,2381.3,1124.4,4344.5,5719.7,2485.3,1753.9,1650.8,2886.7,937.1,2867.4,977.8,3864.9,1437.8,4699.8,6512.6,3956.9,1420.1,149.2
2026-09-12 01:45:00,661.9,408.9,924.2,195.4,571.7,446.0,12.0,18.2,320.1,21.0,211.8,1296.3,3079.7,2171.9,1178.3,995.8,168.0,55.3,926.7,936.4,434.2,574.2,4854.4,3406.5,2361.3,1124.3,4340.0,5715.3,2482.2,1752.0,1656.2,2897.2,945.3,2855.2,975.4,3870.4,1427.1,4686.7,6497.2,3942.9,1413.1,148.8
2026-09-12 02:00:00,661.9,405.9,922.6,194.4,567.6,396.0,11.0,20.2,317.5,23.0,212.9,1291.8,3291.5,2408.7,1178.0,998.9,166.8,55.3,880.8,973.5,411.1,576.9,4909.0,3481.3,2314.6,1153.1,4308.5,5693.2,2496.6,1751.3,1641.6,2920.8,935.1,2742.6,971.9,3850.4,1408.1,4622.3,6455.8,3909.0,1399.3,153.2
2026-09-12 02:15:00,662.3,406.3,918.1,194.3,566.1,395.8,11.0,21.1,309.8,23.0,204.1,1307.4,3559.0,2654.6,1174.8,1001.0,167.0,55.4,877.8,976.7,411.4,579.1,4902.9,3455.9,2297.3,1153.1,4304.9,5688.9,2493.5,1748.6,1631.7,2913.6,932.2,2721.4,969.3,3855.0,1398.5,4598.9,6441.5,3889.5,1403.4,153.5
2026-09-12 02:30:00,661.5,405.5,913.7,193.3,564.2,395.1,11.0,20.8,313.7,23.0,202.9,1314.2,3562.5,2642.7,1164.8,1008.3,167.5,55.6,875.1,969.6,410.4,574.0,4891.6,3444.1,2283.8,1152.1,4302.5,5685.9,2491.5,1742.5,1626.3,2921.5,929.2,2707.5,969.9,3859.1,1388.1,4607.2,6424.1,3868.7,1392.2,153.5
2026-09-12 02:45:00,656.6,400.6,911.0,196.5,562.4,394.5,11.0,20.4,312.6,24.8,198.5,1324.8,3578.0,2631.3,1149.7,1006.1,167.4,55.7,872.3,1046.0,406.8,576.0,4886.7,3442.5,2276.1,1150.6,4297.8,5680.7,2497.4,1737.4,1624.2,2923.0,926.4,2704.5,969.1,3862.5,1380.3,4611.4,6405.4,3857.2,1386.1,149.4
2026-09-12 03:00:00,662.6,377.6,911.5,170.8,559.9,405.6,11.0,29.6,313.0,21.0,183.4,1308.5,3533.5,2477.9,1128.4,1011.0,188.9,55.9,859.1,1030.5,400.3,573.5,4866.5,3460.3,2247.4,1133.2,4314.6,5652.5,2522.7,1733.2,1622.0,2996.0,920.5,2710.4,971.4,3861.4,1390.5,4624.0,6391.2,3849.2,1375.7,148.1
2026-09-12 03:15:00,660.9,377.9,910.8,182.1,571.7,403.4,11.0,29.4,304.6,21.0,177.5,1314.6,3604.6,2204.9,1121.2,1015.6,189.7,55.7,857.2,948.3,397.9,570.5,4861.8,3462.8,2238.6,1114.4,4313.3,5651.7,2522.4,1728.6,1624.3,2997.5,919.7,2720.4,971.5,3862.8,1391.7,4631.4,6366.2,3828.2,1370.7,150.2
2026-09-12 03:30:00,660.9,384.9,911.3,183.5,572.3,396.1,11.0,30.0,312.2,21.0,179.1,1320.0,3599.1,2213.1,1122.5,1020.5,190.0,55.7,855.1,1056.2,393.4,579.2,4853.5,3457.5,2232.4,1111.3,4308.5,5646.5,2520.8,1723.7,1620.6,3004.3,920.1,2719.0,973.7,3863.5,1394.1,4638.8,6354.7,3819.3,1372.5,154.0
2026-09-12 03:45:00,654.8,394.8,921.4,186.4,577.9,392.9,11.0,29.9,309.3,23.9,176.7,1324.8,3763.4,2203.1,1111.0,1025.3,189.7,55.5,853.2,1098.2,390.5,585.6,4857.6,3449.0,2223.8,1105.0,4305.6,5642.9,2519.2,1718.0,1616.0,2999.7,916.9,2715.9,975.8,3862.7,1397.8,4643.3,6355.3,3818.3,1368.1,156.4
2026-09-12 04:00:00,656.6,381.6,917.2,177.9,583.5,417.8,12.0,56.0,306.3,23.0,183.6,1328.7,3662.9,2242.3,1197.6,1067.3,170.7,55.6,846.6,928.3,399.6,578.0,4777.9,3398.3,2213.6,1115.4,3900.3,5239.0,2539.9,1710.9,1609.2,3009.7,914.8,2746.4,978.9,3867.5,1441.8,4672.5,6338.5,3802.5,1359.5,155.3
2026-09-12 04:15:00,652.7,418.7,938.5,174.9,594.0,413.1,12.0,55.9,308.2,23.0,182.2,1326.3,3669.1,2243.9,1189.3,1056.1,170.8,55.2,846.7,926.3,400.8,564.4,4779.6,3405.3,2207.0,1115.5,3899.4,5237.8,2538.3,1706.7,1609.5,3014.4,912.6,2739.1,980.7,3864.8,1446.2,4664.3,6334.2,3798.9,1358.9,159.2
2026-09-12 04:30:00,653.4,418.4,938.1,178.9,601.2,415.4,12.0,55.9,303.6,23.0,180.0,1334.2,3773.6,2243.3,1143.6,1069.9,170.6,54.9,842.8,928.0,395.4,562.4,4760.2,3389.0,2202.4,1115.5,3901.7,5240.0,2536.9,1703.9,1609.0,3015.1,910.8,2733.7,979.9,3861.7,1446.9,4674.6,6333.8,3797.9,1356.3,159.6
2026-09-12 04:45:00,655.8,437.8,951.8,200.1,610.8,414.6,12.0,56.3,309.3,23.0,179.7,1329.5,3691.4,2249.0,1140.2,1071.9,170.6,54.6,842.9,926.1,395.8,563.1,4761.9,3379.1,2204.0,1115.4,3904.9,5244.1,2534.0,1701.7,1609.5,3019.3,909.5,2733.1,980.9,3858.5,1444.6,4667.8,6329.4,3817.3,1358.9,157.7
2026-09-12 05:00:00,659.5,440.5,959.2,211.9,617.8,404.1,11.0,67.4,308.6,23.4,161.5,1339.9,3576.8,2213.3,1194.5,1086.7,194.6,30.9,839.7,1031.9,382.5,543.2,4828.7,3420.6,2190.1,1108.3,3562.1,4838.2,2563.4,1679.7,1569.2,2987.9,910.9,2765.6,983.2,3890.4,1396.7,4740.4,6365.9,3737.1,1352.9,144.1
2026-09-12 05:15:00,662.5,443.5,966.8,212.6,612.8,406.0,11.0,67.6,310.6,23.0,162.2,1335.3,3571.5,2106.6,1189.8,1082.5,194.7,31.1,915.4,1023.0,379.9,551.2,4829.0,3412.5,2194.4,1108.4,3569.8,4847.4,2564.0,1677.6,1575.1,2993.2,915.4,2775.7,985.2,3886.1,1394.9,4717.1,6369.9,3735.2,1361.4,141.1
2026-09-12 05:30:00,660.8,441.8,979.7,222.5,617.8,414.0,11.0,70.6,313.7,23.0,161.9,1323.4,3580.2,2034.6,1144.2,1081.1,195.6,31.3,846.9,1015.2,378.0,559.5,4839.7,3413.3,2202.9,1107.3,3576.1,4855.3,2564.2,1675.6,1570.5,2993.7,919.3,2789.7,985.7,3880.7,1390.0,4736.7,6369.1,3752.5,1362.8,137.7
2026-09-12 05:45:00,657.9,441.9,979.5,216.7,623.0,421.8,11.0,69.4,318.7,23.6,165.8,1315.6,3586.9,1940.6,1096.1,1123.3,216.0,31.3,857.5,1022.9,377.4,551.7,4844.3,3416.1,2211.2,1107.3,3582.3,4863.5,2567.5,1684.2,1571.7,2998.6,923.9,2798.4,986.5,3874.5,1391.8,4715.7,6370.5,3771.2,1363.7,138.3
2026-09-12 06:00:00,658.9,425.9,997.8,410.5,629.7,269.0,11.0,63.4,322.0,14.4,204.0,1310.4,3654.3,1904.2,1179.3,1137.0,218.2,31.8,880.4,1147.6,386.4,575.6,4928.8,3457.0,2225.9,1048.1,3583.4,4840.7,2582.8,1708.8,1587.8,3022.4,935.9,2894.5,993.2,3937.9,1387.0,4802.9,6430.4,3771.0,1392.1,129.5
2026-09-12 06:15:00,657.1,426.1,1006.7,419.4,642.9,280.2,11.0,63.4,323.5,13.4,208.8,1299.9,3774.5,1909.8,1180.2,1143.7,216.0,31.3,887.4,1146.4,389.9,574.2,4936.7,3457.5,2239.7,1048.1,3583.2,4842.6,2584.4,1724.5,1585.3,3018.5,941.0,2903.3,998.7,3930.1,1394.0,4764.2,6450.2,3803.1,1397.9,125.8
2026-09-12 06:30:00,653.4,455.9,1018.3,427.8,651.7,289.9,11.0,63.4,329.8,13.4,213.4,1292.7,3778.5,1924.9,1153.6,1145.6,217.4,31.3,893.2,1154.8,392.5,572.4,4938.2,3462.7,2263.2,1051.7,3596.1,4861.0,2587.6,1868.2,1589.5,3049.0,949.2,2845.5,1002.3,3921.1,1396.2,4747.9,6486.1,3823.8,1405.9,122.2
2026-09-12 06:45:00,652.3,472.7,1023.5,445.4,658.1,313.7,11.0,64.0,340.7,13.4,216.1,1284.4,3771.0,1951.3,1335.2,1309.6,237.5,31.3,912.0,1132.0,411.9,572.0,4963.1,3454.3,2285.1,1048.1,3604.4,4874.5,2553.3,1954.4,1591.3,3076.7,952.3,2799.7,1003.8,3911.0,1395.5,4711.4,6506.1,3854.2,1424.9,123.7
2026-09-12 07:00:00,667.6,435.6,1013.6,458.8,668.7,310.7,11.0,57.9,347.7,8.0,162.3,1356.6,3918.3,2258.4,1455.2,1400.3,141.4,39.2,957.3,1015.3,408.9,566.3,4995.3,3567.6,2342.6,1024.0,3627.1,4991.2,2644.0,2060.1,1614.7,3098.1,969.3,2841.7,1008.1,3860.4,1408.0,4774.4,6537.1,3859.6,1429.6,120.7
2026-09-12 07:15:00,668.3,434.8,997.0,486.3,675.6,357.5,11.0,57.8,348.4,8.1,167.7,1369.1,3899.9,2120.3,1473.8,1398.5,139.3,39.2,963.6,1006.8,411.7,542.3,5019.6,3568.1,2369.9,1024.1,3633.5,5000.0,2643.9,2101.0,1616.3,3111.0,973.5,2846.0,1012.6,3846.3,1417.6,4723.9,6577.6,3976.1,1452.3,120.6
2026-09-12 07:30:00,668.1,447.4,965.0,308.0,679.1,402.1,11.0,57.8,345.1,8.2,170.0,1368.3,3868.7,2166.8,1485.5,1394.6,143.0,39.2,968.2,1013.7,414.1,544.5,5038.5,3592.6,2395.8,1024.2,3655.8,5027.8,2658.8,2291.0,1620.6,3158.5,980.7,2769.9,1011.9,3831.1,1418.5,4681.6,6645.9,4077.0,1477.7,119.9
2026-09-12 07:45:00,665.1,522.6,932.0,324.7,681.7,457.0,11.1,58.5,335.9,8.4,173.3,1379.2,3832.2,2208.6,1497.8,1414.0,140.4,39.2,969.6,1017.9,418.9,548.7,5060.2,3586.5,2418.2,1020.7,3661.0,5033.5,2667.3,2312.2,1630.0,3151.2,987.6,2794.7,1015.7,3824.0,1424.3,4638.6,6684.8,4077.3,1502.2,119.8
2026-09-12 08:00:00,653.9,487.2,878.8,340.5,687.1,498.7,11.0,53.7,313.9,9.7,204.2,1312.6,3912.0,2484.9,1488.3,1336.9,215.7,30.2,1031.7,1034.0,416.0,601.5,5086.2,3740.4,2481.2,1012.3,3611.6,4890.5,2677.0,2286.4,1655.2,3132.6,997.6,2917.4,1026.3,3860.6,1458.3,4607.2,6772.8,4182.0,1533.3,145.7
2026-09-12 08:15:00,648.7,573.1,839.8,350.5,696.4,546.0,11.0,54.6,304.4,16.1,207.8,1326.1,4034.2,2350.6,1448.0,1179.8,235.2,30.2,1035.4,1041.1,415.9,573.6,5108.3,3740.3,2511.0,1012.5,3622.7,4831.4,2687.2,2367.0,1657.8,3146.4,989.0,2899.9,1036.3,3853.7,1451.3,4571.8,6822.4,4152.3,1548.5,147.0
2026-09-12 08:30:00,650.0,614.8,783.8,332.1,699.9,569.0,11.0,55.5,301.9,23.0,224.6,1347.3,4291.5,2382.0,1455.4,1106.3,234.7,30.2,1056.8,1052.6,431.3,577.1,5126.1,3749.1,2536.6,1027.6,3635.4,4363.4,2669.3,2463.8,1660.3,3175.8,1010.9,2894.6,1056.5,3847.5,1453.9,4533.3,6850.3,4200.7,1561.7,152.1
2026-09-12 08:45:00,640.1,729.8,730.7,346.5,704.0,589.7,20.5,56.3,271.4,30.0,246.8,1366.7,4340.1,2444.7,1394.1,1123.3,237.9,37.7,1073.0,1072.1,440.1,417.0,5157.3,3741.9,2565.9,1086.6,3646.5,3891.7,2681.4,2484.9,1663.7,3186.7,1005.6,2913.7,1069.9,3839.3,1465.2,4502.3,6888.2,4167.5,1577.1,149.5
2026-09-12 09:00:00,633.0,638.4,755.6,354.1,701.9,603.8,32.0,52.5,226.3,50.4,217.3,1456.1,4125.9,2409.5,1522.8,1239.4,74.6,119.8,1123.1,1132.0,428.7,573.0,5193.7,3766.2,2646.4,1004.4,3487.4,2985.7,2687.4,2463.5,1685.2,3196.4,1009.6,2938.0,1081.9,3838.2,1493.4,4465.8,6925.7,4308.2,1588.5,151.5
2026-09-12 09:15:00,629.0,653.1,713.2,386.1,695.2,627.6,32.2,46.0,197.0,51.6,216.9,1449.8,4466.6,2438.3,1502.7,1237.5,74.3,104.5,1144.9,1128.0,448.6,563.4,5210.2,3769.1,2676.0,1004.8,3489.6,2881.1,2718.1,2333.0,1692.4,3173.8,1023.7,2734.6,1089.6,3834.5,1503.1,4449.8,6944.6,4319.8,1597.4,189.8
2026-09-12 09:30:00,621.9,623.4,673.5,417.1,695.3,645.3,33.2,46.7,165.7,61.4,220.0,1487.1,5100.2,2539.2,1487.9,1263.6,66.9,119.6,1131.2,1145.2,447.9,134.3,5213.5,3707.4,2692.4,968.1,3562.0,2713.4,2720.1,2333.4,1687.6,3159.4,1020.3,2581.7,1085.4,3831.1,1506.0,4436.5,6963.7,4314.8,1591.6,211.4
2026-09-12 09:45:00,616.2,624.8,637.1,449.7,694.2,666.4,47.7,47.3,135.3,82.7,285.0,1513.1,5424.8,2623.3,1450.7,1289.8,38.3,119.5,1124.5,988.4,486.0,145.6,5217.9,3704.8,2723.1,972.9,3555.5,2514.1,2727.7,2218.8,1690.5,3143.2,1037.8,2460.0,1085.1,3828.3,1514.0,4423.4,6981.0,4333.4,1592.9,216.4
2026-09-12 10:00:00,620.4,641.6,824.3,469.6,685.9,681.2,23.0,42.7,123.8,76.5,261.0,1577.9,5265.9,2931.0,1609.5,1325.1,0.0,160.9,1193.4,833.3,466.1,154.5,5276.6,3604.0,2798.6,1076.6,3572.0,2563.9,2700.4,2108.7,1704.7,3116.7,913.4,1820.5,1085.1,3760.8,1498.0,4403.8,7005.0,4270.1,1590.1,195.3
2026-09-12 10:15:00,620.4,647.2,804.3,506.8,681.0,687.2,26.3,31.7,104.8,91.5,301.0,1598.1,5478.5,2960.0,1579.2,1377.2,0.0,181.1,1204.7,862.6,467.8,136.0,5276.1,3607.8,2817.1,1078.1,3557.5,2550.1,2706.5,2049.4,1709.3,3099.3,1002.7,1531.4,1082.0,3760.3,1492.0,4402.2,7000.7,4227.3,1579.1,146.1
2026-09-12 10:30:00,622.3,639.9,1002.9,538.4,678.3,684.9,24.5,31.9,105.5,117.1,296.3,1635.2,5514.9,3072.3,1565.5,1414.6,0.0,161.3,1205.2,892.3,472.1,137.5,5284.3,3577.5,2817.7,1076.0,3549.0,2519.7,2734.8,1935.2,1707.6,3083.2,1042.1,1600.0,1083.7,3759.8,1483.3,4401.0,6980.9,4060.6,1562.6,152.7
2026-09-12 10:45:00,624.8,617.0,989.5,564.3,682.3,684.3,38.8,32.0,115.3,146.9,298.3,1663.3,5627.2,3133.1,1519.7,1455.3,0.0,143.2,1335.0,933.6,501.9,141.7,5308.2,3573.2,2826.3,1076.5,3533.2,2536.3,2743.8,1790.9,1706.7,3080.3,1036.8,1643.5,1083.5,3759.7,1502.3,4347.3,6995.1,3933.2,1558.8,159.4
2026-09-12 11:00:00,631.9,606.8,1035.4,598.9,703.4,697.4,180.0,23.4,126.5,178.4,298.9,1713.4,5544.7,3567.9,1641.8,1537.4,61.2,81.7,1353.5,926.2,484.2,142.8,5423.7,3468.3,2821.8,1000.8,3698.4,2175.8,2654.3,1679.5,1705.8,3092.2,1037.0,2022.2,1069.5,3675.9,1490.3,3973.4,6980.2,3998.4,1519.5,170.2
2026-09-12 11:15:00,648.8,587.5,1030.5,596.7,699.0,697.0,181.3,12.1,125.0,193.1,288.6,1727.6,5739.7,3481.3,1583.5,1567.5,55.5,81.6,1427.5,939.6,482.0,144.3,5431.7,3438.8,2830.8,981.6,3684.3,2191.9,2652.2,1608.7,1705.2,3083.1,1029.2,2044.7,1070.6,3676.0,1498.6,3935.5,6981.1,3970.0,1505.6,176.5
2026-09-12 11:30:00,705.2,581.5,1021.1,613.6,696.8,688.4,182.5,12.0,123.2,219.3,270.0,1748.5,5803.5,3552.6,1548.7,1582.9,58.6,81.6,1595.4,982.7,488.5,151.5,5455.3,3448.4,2821.4,984.2,3672.6,2206.8,2648.8,1557.9,1705.5,3080.7,1028.5,2041.8,1071.9,3676.6,1496.7,3812.3,6965.8,3945.0,1489.8,180.9
2026-09-12 11:45:00,720.6,573.8,1013.6,620.7,697.8,689.3,193.5,11.9,123.0,172.0,272.1,1759.7,5923.2,3589.6,1514.6,1575.5,52.8,98.9,1627.6,934.6,470.4,163.9,5447.4,3452.2,2822.7,985.7,3659.6,2220.9,2648.5,1567.4,1708.2,3080.4,1029.1,2022.0,1068.2,3676.8,1493.0,3828.5,6976.2,3968.3,1475.4,176.8
2026-09-12 12:00:00,728.0,562.8,1002.5,562.1,695.5,663.2,31.6,19.4,109.7,239.2,293.8,1778.3,6072.3,3989.2,1626.3,1660.2,113.9,83.8,1782.4,812.1,475.2,216.1,5471.9,3516.0,2809.1,1038.8,3604.6,2285.7,2642.3,1640.7,1695.2,3195.6,1028.4,1851.3,1067.0,3145.6,1484.6,3638.8,7008.4,4021.9,1442.4,184.5
2026-09-12 12:15:00,734.5,555.9,1006.5,549.7,696.2,658.6,32.3,19.4,107.9,189.6,281.7,1784.1,6174.1,3747.8,1557.2,1654.2,112.8,97.6,1848.3,670.9,473.9,245.0,5459.2,3526.9,2806.6,1042.4,3589.8,2299.9,2640.1,1636.4,1693.1,3195.1,1028.6,1831.2,1068.2,3145.8,1479.3,3588.1,6995.9,4045.2,1440.6,187.2
2026-09-12 12:30:00,681.0,548.7,1019.8,541.2,694.6,653.0,46.9,19.3,104.4,209.4,286.0,1771.9,6283.4,3768.4,1538.7,1664.2,86.1,97.6,1839.4,700.8,473.6,261.2,5486.4,3535.2,2796.0,1046.0,3586.6,2312.8,2634.4,1602.5,1695.3,3198.1,1030.8,1827.9,1067.7,3146.3,1468.0,3545.3,6992.9,4063.6,1428.0,187.3
2026-09-12 12:45:00,703.2,538.6,1012.0,566.6,686.9,644.3,47.4,19.2,93.7,213.7,271.8,1775.4,6358.1,3734.1,1534.1,1656.7,82.7,97.6,1830.1,741.3,483.6,268.3,5488.1,3532.6,2792.0,1053.8,3575.4,2326.5,2635.2,1560.2,1701.0,3196.7,1027.5,1819.1,1059.7,3146.5,1457.2,3538.2,6995.2,4085.9,1423.5,188.9
2026-09-12 13:00:00,732.8,517.3,1029.1,581.1,701.8,633.0,139.4,77.3,98.6,223.1,434.5,1800.8,6374.8,3762.6,1556.9,1653.1,72.5,111.2,1928.5,768.4,488.3,263.4,5394.2,3477.1,2772.5,1103.6,3655.7,2382.7,2612.5,1635.5,1636.3,3308.4,1031.4,1575.1,1051.4,2493.3,1442.5,3402.8,7026.6,4217.4,1396.2,196.6
2026-09-12 13:15:00,693.0,514.3,1033.9,572.3,704.9,626.5,139.3,76.4,96.9,167.3,429.4,1803.6,6373.6,3581.5,1540.9,1579.3,72.5,111.5,1908.8,796.1,479.9,250.8,5411.0,3483.7,2772.0,1114.4,3653.1,2403.9,2615.0,1619.9,1634.6,3306.5,1028.6,1558.3,1049.6,2493.8,1426.2,3323.2,7008.3,4223.5,1387.1,197.6
2026-09-12 13:30:00,670.4,505.2,1039.4,565.2,706.0,621.0,139.2,75.6,89.3,171.3,426.7,1810.1,6324.6,3594.6,1565.9,1597.5,72.5,159.1,1910.8,837.7,488.1,247.2,5384.7,3484.4,2764.2,1124.4,3657.1,2428.1,2611.4,1580.5,1636.8,3309.2,1022.2,1545.1,1044.9,2494.1,1408.9,3336.4,6983.3,4246.0,1381.4,201.3
2026-09-12 13:45:00,663.0,498.6,1042.9,560.8,706.4,609.6,139.1,75.2,83.9,172.2,425.5,1810.3,6300.4,3440.8,1570.1,1612.0,72.5,134.2,1918.3,863.9,490.0,245.8,5385.4,3487.0,2768.3,1137.6,3653.0,2446.1,2613.8,1571.1,1636.7,3285.0,1017.1,1525.0,1041.0,2494.3,1387.7,3357.9,7018.6,4270.4,1377.4,198.6
2026-09-12 14:00:00,762.4,478.1,1014.2,561.0,680.9,586.9,189.0,52.2,68.8,171.8,364.2,1818.6,6712.4,3404.0,1597.1,1650.8,67.5,123.0,2098.2,884.5,467.9,249.2,5372.0,3550.4,2767.5,1308.1,3563.5,2516.3,2612.3,1473.4,1636.6,3294.5,1026.2,1565.9,1038.3,2361.8,1367.2,3482.6,7023.9,4335.7,1354.6,203.8
2026-09-12 14:15:00,691.2,467.8,1025.4,552.5,680.6,569.7,181.6,51.9,72.2,166.7,360.1,1821.0,6625.2,3467.3,1608.2,1646.5,67.5,123.0,2101.9,910.8,467.1,248.0,5408.3,3554.9,2765.8,1311.9,3563.1,2528.7,2612.2,1465.6,1641.2,3285.7,1024.4,1555.5,1034.1,2362.2,1357.5,3480.6,7029.0,4347.4,1356.2,200.7
2026-09-12 14:30:00,691.4,472.1,1035.6,575.2,681.8,547.5,172.8,52.5,76.6,220.9,363.3,1813.4,6200.0,3498.6,1595.0,1761.1,67.4,115.0,2107.8,938.8,477.3,245.3,5417.4,3557.5,2764.5,1316.9,3564.5,2533.4,2608.0,1456.8,1633.2,3202.7,1023.7,1548.2,1033.3,2362.9,1360.5,3516.0,7017.9,4359.4,1358.7,198.0
2026-09-12 14:45:00,695.7,495.3,1050.6,581.8,680.9,522.7,171.1,62.1,78.0,217.0,358.3,1826.3,6288.1,3575.4,1610.5,1754.2,67.4,79.9,1966.5,968.6,479.5,236.6,5394.8,3549.8,2768.7,1321.3,3563.5,2538.5,2609.7,1459.0,1634.6,3156.1,1031.2,1546.5,1033.6,2363.5,1377.7,3569.4,6984.4,4372.2,1374.3,194.1
2026-09-12 15:00:00,702.0,443.5,1091.9,582.1,676.4,524.2,185.9,82.7,83.8,179.4,330.6,1741.5,5865.0,3865.0,1680.1,1732.8,182.4,1.6,1733.3,977.9,465.0,240.6,5415.5,3678.9,2780.2,1233.9,3885.2,2685.5,2614.9,1511.2,1676.4,3288.1,1028.2,1362.3,1037.9,2566.4,1407.5,3894.3,6883.7,4327.5,1375.3,187.8
2026-09-12 15:15:00,707.8,485.2,1058.4,557.9,682.6,520.1,172.4,82.5,84.2,158.8,314.6,1735.7,5718.1,3927.4,1683.4,1739.0,192.3,1.7,1701.3,1089.4,459.2,218.4,5435.9,3671.9,2791.1,1236.3,3880.8,2692.4,2618.0,1526.0,1681.1,3300.9,1029.8,1352.1,1042.5,2567.7,1436.0,3942.9,6903.3,4357.3,1391.5,184.4
2026-09-12 15:30:00,710.2,491.5,898.7,509.3,690.8,442.7,171.7,82.0,85.4,176.8,312.8,1722.2,5500.9,3987.6,1721.0,1729.0,192.7,1.3,1713.9,1112.8,454.1,207.0,5457.1,3678.3,2790.1,1238.5,3892.2,2701.9,2616.9,1504.6,1682.0,3302.4,1030.0,1359.3,1046.3,2568.9,1459.6,4012.9,6933.7,4384.1,1417.3,179.5
2026-09-12 15:45:00,719.2,509.7,899.4,478.6,694.7,452.5,171.5,82.1,86.6,203.6,314.0,1715.7,5450.0,4179.7,1746.8,1739.1,171.1,8.8,1741.4,1365.1,453.0,213.3,5466.3,3704.0,2804.9,1243.6,3891.8,2721.7,2621.1,1509.7,1683.1,3303.5,1027.6,1369.2,1049.2,2570.2,1475.0,4054.6,6958.7,4383.8,1435.7,180.1
2026-09-12 16:00:00,722.5,470.6,737.8,458.1,706.2,460.0,152.2,63.7,107.7,143.0,286.2,1708.1,5352.8,4241.3,1575.5,1698.5,92.2,20.5,1645.1,1143.0,495.3,177.7,5549.2,3668.1,2827.8,1316.8,3825.5,2573.5,2612.6,1602.0,1696.6,3108.8,1054.2,1664.3,1062.6,3360.3,1492.9,4423.5,7051.8,4425.4,1466.0,169.0
2026-09-12 16:15:00,729.5,502.7,790.2,432.0,713.3,439.4,137.5,72.2,108.1,169.7,284.7,1679.0,5274.9,4270.9,1562.8,1770.1,94.7,20.5,1570.0,1588.5,495.2,167.3,5499.8,3685.5,2844.4,1321.8,3830.2,2582.9,2618.7,1596.1,1695.7,3121.5,1059.1,1779.9,1066.0,3363.1,1503.4,4495.7,7103.5,4424.2,1486.2,165.4
2026-09-12 16:30:00,737.4,499.2,841.5,599.3,723.9,402.8,137.0,72.6,107.7,150.3,301.0,1655.6,5163.2,4221.7,1608.8,1827.4,165.0,20.4,1361.4,1636.8,480.2,159.0,5524.0,3680.3,2847.0,1326.7,3838.6,2592.7,2619.9,1626.4,1696.0,3181.1,1061.5,1963.9,1069.8,3367.7,1513.4,4691.0,7149.6,4445.8,1509.0,160.0
2026-09-12 16:45:00,740.8,515.5,894.8,586.4,729.2,399.8,137.0,80.4,108.9,124.8,319.0,1641.5,4955.5,4290.7,1653.4,1798.7,172.7,9.1,1257.5,1700.2,463.3,167.1,5480.8,3699.0,2864.9,1329.6,3840.0,2610.8,2623.9,1683.6,1699.4,3168.5,1062.8,1995.7,1069.9,3371.1,1517.7,4798.7,7195.2,4469.9,1535.1,158.7
2026-09-12 17:00:00,750.6,486.3,973.9,539.5,739.5,557.7,60.9,121.2,121.4,107.0,317.8,1576.1,5131.2,4172.9,1559.9,1781.2,182.2,44.1,1238.8,2007.8,482.8,166.5,5613.2,3783.2,2854.5,1185.6,3770.0,2737.9,2661.8,1828.8,1691.2,3036.1,1062.3,1984.2,1080.0,3727.5,1530.3,5290.2,7273.5,4497.8,1588.2,154.2
2026-09-12 17:15:00,757.7,504.2,1046.2,526.7,748.1,554.1,51.0,122.2,129.4,88.4,306.8,1554.7,4953.9,4104.0,1592.9,1738.2,183.6,44.3,1208.8,2040.0,472.2,186.7,5597.4,3854.4,2868.3,1203.5,3769.6,2873.4,2666.8,1845.0,1692.2,3036.4,1064.2,2277.7,1079.3,3734.8,1530.4,5323.7,7326.1,4497.0,1611.6,152.3
2026-09-12 17:30:00,771.0,509.3,1104.1,716.2,754.3,513.3,51.0,120.3,151.8,71.8,283.2,1516.3,4580.2,3958.6,1660.7,1749.4,174.0,35.3,1196.0,2150.4,486.7,191.1,5613.4,3852.4,2873.0,1206.0,3776.3,2979.9,2666.5,1893.5,1695.3,3048.7,1048.2,2573.1,1074.7,3742.3,1528.1,5353.0,7379.6,4483.5,1638.6,151.6
2026-09-12 17:45:00,782.1,534.2,1144.6,755.0,761.7,482.2,51.0,118.0,185.9,64.1,286.7,1537.1,3892.4,4031.2,1766.7,1762.3,125.5,44.5,1187.9,2473.0,481.3,669.4,5629.1,3851.1,2881.5,1209.0,3709.8,3195.0,2670.5,1909.0,1696.9,3042.7,1039.9,2720.9,1066.2,3749.9,1526.9,5385.1,7424.7,4472.1,1648.4,145.6
2026-09-12 18:00:00,789.0,593.3,1175.8,749.6,764.8,480.9,12.0,65.2,201.2,65.1,503.8,1459.5,4159.7,3733.0,1683.7,1856.5,206.2,35.1,1297.2,2546.8,501.7,697.6,5725.4,3908.6,2865.6,1226.8,3869.8,3586.9,2629.9,2061.6,1703.9,3075.1,1050.8,3129.4,1069.3,3736.8,1519.4,5469.6,7473.4,4659.4,1673.7,144.8
2026-09-12 18:15:00,799.3,633.1,1203.0,764.7,772.4,487.6,12.0,64.9,229.0,59.4,506.6,1435.7,3966.8,3702.5,1736.8,2012.7,200.5,45.1,1286.1,2652.3,484.7,710.6,5700.6,3934.7,2879.7,1228.8,3867.4,4066.7,2639.3,1970.6,1705.2,3034.6,1034.9,3154.0,1058.4,3749.3,1522.0,5490.1,7491.6,4655.7,1667.8,145.7
2026-09-12 18:30:00,807.2,637.4,1218.8,792.5,780.5,488.0,12.0,65.9,256.8,84.5,528.6,1387.8,4011.3,3989.1,1707.8,2063.5,217.0,35.0,1283.5,2704.4,489.3,731.2,5649.1,3944.6,2880.4,1230.8,3876.2,4559.9,2640.0,1916.1,1703.2,3020.2,1038.9,3158.4,1044.2,3762.3,1514.2,5505.8,7507.8,4657.0,1666.9,147.6
2026-09-12 18:45:00,814.7,639.9,1232.4,808.1,788.5,479.4,12.0,69.7,282.1,115.1,550.2,1353.7,3200.1,3854.4,1706.2,1979.6,208.4,35.0,1279.5,2668.4,517.8,726.8,5650.4,3963.1,2892.8,1232.7,3873.7,5043.5,2640.0,1878.9,1703.6,2998.3,1053.1,3171.5,1032.0,3784.2,1506.5,5462.2,7524.0,4673.9,1664.9,154.1
2026-09-12 19:00:00,834.3,630.9,1249.1,876.0,794.7,538.9,1.0,102.1,315.0,35.2,448.9,1351.7,3244.9,3569.2,1728.5,1973.8,272.1,15.0,1346.4,2938.8,488.0,777.7,5707.1,3934.0,2876.1,1227.3,4114.6,5555.5,2536.6,2048.9,1719.9,3168.9,1063.6,3069.3,1032.4,3347.3,1487.6,5538.2,7547.7,4653.1,1659.8,154.5
2026-09-12 19:15:00,835.6,619.4,1249.4,881.6,795.5,541.6,1.0,104.4,322.5,112.5,452.1,1332.4,3185.8,3834.4,1650.5,1871.7,230.6,15.1,1338.4,2941.2,486.1,786.6,5681.5,3918.4,2879.8,1229.1,4119.7,5559.8,2538.7,1924.6,1722.5,3119.0,1068.1,3155.0,1033.2,3388.5,1483.6,5552.1,7554.6,4668.3,1654.0,156.5
2026-09-12 19:30:00,833.6,608.3,1253.0,889.5,795.2,554.3,1.0,105.9,326.6,105.5,456.0,1327.4,3304.8,3973.5,1587.3,1873.1,229.8,15.0,1327.6,2933.3,482.4,787.5,5687.9,3928.1,2879.8,1230.7,4128.7,5570.4,2537.6,1911.2,1731.8,3111.0,1066.9,3163.1,1035.1,3426.1,1474.6,5489.8,7547.4,4642.5,1660.6,171.3
2026-09-12 19:45:00,834.7,606.6,1239.3,895.4,790.2,556.4,1.0,106.5,331.4,102.3,455.7,1304.3,3191.5,4058.2,1601.3,1926.3,209.4,15.0,1323.7,2940.8,481.3,803.3,5725.4,3957.1,2886.0,1232.4,4131.5,5573.9,2541.2,1857.5,1724.5,3072.9,1062.8,3201.6,1032.9,3460.8,1466.3,5509.1,7539.0,4584.4,1650.6,191.2
2026-09-12 20:00:00,834.8,578.6,1229.0,897.5,788.5,530.5,2.0,64.6,342.0,102.2,461.0,1407.6,3188.2,3788.6,1724.2,1857.5,197.8,25.0,1289.4,2971.9,468.2,828.7,5627.2,3888.2,2889.8,1232.2,4513.1,6056.6,2537.3,2095.5,1720.0,3180.8,1060.4,3037.0,1030.5,3095.1,1463.8,5581.6,7524.8,4567.1,1657.9,223.2
2026-09-12 20:15:00,824.5,498.9,1214.0,886.0,780.7,528.6,2.0,62.7,344.1,104.0,457.8,1398.9,3178.8,3885.8,1708.6,1863.1,257.5,25.0,1283.8,2960.9,461.3,850.1,5598.5,3895.9,2897.4,1235.8,4504.2,6047.7,2540.7,2088.4,1718.4,3150.7,1057.9,3048.8,1031.8,3122.3,1463.4,5513.6,7517.9,4557.0,1651.9,231.1
2026-09-12 20:30:00,826.4,417.2,1189.6,825.2,766.6,523.4,2.0,61.0,342.7,106.4,462.2,1399.4,3170.1,3860.2,1682.1,1878.9,257.4,25.0,1279.4,2979.9,459.3,852.8,5558.3,3931.5,2890.0,1237.3,4506.7,6049.8,2542.7,2065.6,1724.1,3121.1,1067.9,3071.0,1032.0,3145.9,1458.6,5487.2,7525.2,4526.1,1643.8,231.6
2026-09-12 20:45:00,829.1,409.1,1166.3,826.0,754.2,527.6,2.0,60.7,342.1,107.1,457.0,1406.3,3159.5,3874.6,1666.9,1880.8,255.4,25.0,1278.3,2981.0,455.9,861.8,5548.3,3939.9,2881.8,1237.3,4493.9,6036.7,2541.3,2051.0,1722.1,3041.5,1065.4,3072.1,1027.0,3165.6,1451.6,5508.1,7520.4,4514.2,1635.0,234.5
2026-09-12 21:00:00,783.0,434.8,1132.8,870.2,739.5,347.4,0.0,44.0,339.2,98.8,450.1,1299.5,3060.1,4061.1,1631.5,1900.3,236.2,35.2,1201.4,3158.7,439.5,886.8,5531.8,3810.7,2856.5,1236.8,4436.6,6044.2,2527.2,2157.3,1709.5,3213.5,1040.5,3098.1,1014.2,2636.2,1430.9,5296.6,7344.7,4522.2,1632.2,208.0
2026-09-12 21:15:00,788.0,418.7,1104.5,874.6,727.8,350.8,0.0,41.1,338.0,98.7,444.2,1303.3,3048.3,3858.8,1606.2,1859.8,228.5,35.3,1193.0,3118.8,437.4,884.6,5540.7,3849.4,2841.1,1237.6,4421.7,6028.0,2528.9,2131.4,1708.9,3137.6,1032.8,3094.6,1011.9,2650.3,1416.2,5254.9,7298.4,4509.8,1609.4,207.0
2026-09-12 21:30:00,789.5,422.2,1078.8,687.2,710.3,356.9,0.0,40.9,338.9,102.5,435.7,1283.6,3044.3,3866.6,1627.9,1868.7,228.1,35.3,1184.1,3106.5,434.4,900.9,5561.6,3865.4,2813.7,1237.2,4410.7,6016.5,2522.0,2127.9,1710.5,2995.7,1029.2,3061.6,1006.7,2662.8,1403.1,5247.1,7232.0,4509.3,1593.5,211.1
2026-09-12 21:45:00,780.7,426.8,1072.0,686.8,697.3,356.7,1.4,41.2,334.6,84.6,414.5,1286.8,3144.0,3960.1,1630.1,1822.9,205.4,35.3,1182.1,3071.5,432.5,906.1,5560.2,3912.2,2793.8,1236.9,4394.0,5999.9,2518.1,2124.6,1708.0,2761.2,1021.6,3028.9,1000.7,2674.0,1388.3,5242.4,7175.1,4514.6,1573.8,214.5
2026-09-12 22:00:00,736.6,445.6,1021.5,612.6,676.8,309.2,6.0,14.2,320.9,91.3,402.5,1289.4,2905.9,3796.8,1549.2,1797.3,107.9,37.9,1162.4,2994.0,426.5,923.1,5442.9,3825.6,2765.2,1234.2,4465.3,5942.2,2506.6,2176.6,1680.5,3077.2,1034.3,3032.7,992.6,2555.8,1370.0,4941.7,7077.0,4412.6,1518.8,224.6
2026-09-12 22:15:00,797.6,430.2,1009.3,623.9,663.3,304.9,6.0,13.1,317.5,65.9,396.4,1306.6,2982.7,3853.9,1521.5,1771.6,109.8,38.2,1157.5,2930.8,424.5,943.4,5423.6,3814.6,2736.2,1232.9,4447.7,5920.1,2503.7,2173.8,1687.0,2943.6,1029.5,2998.4,984.0,2564.9,1354.1,4919.4,7019.5,4394.8,1499.9,224.1
2026-09-12 22:30:00,719.5,430.5,985.0,457.7,648.5,314.4,7.4,13.4,322.2,23.0,401.6,1299.6,3081.9,3894.6,1544.9,1757.0,107.9,58.4,1154.2,2903.5,420.8,974.3,5384.8,3871.8,2710.9,1231.5,4431.4,5590.9,2497.9,2178.8,1676.6,2698.0,1007.1,2959.2,982.2,2572.3,1338.7,4899.5,6936.8,4389.8,1480.9,230.5
2026-09-12 22:45:00,721.7,430.7,965.6,475.0,634.4,315.4,8.7,13.3,316.4,23.0,396.9,1305.0,3764.9,3941.8,1539.5,1747.3,109.9,58.7,1149.2,2862.2,417.7,985.5,5305.3,3912.7,2686.7,1231.1,4419.8,5407.0,2496.8,2189.8,1675.0,2462.8,1003.2,2928.0,978.1,2581.0,1325.2,4876.5,6911.1,4386.2,1468.8,240.6
2026-09-12 23:00:00,695.7,454.7,943.6,473.2,620.3,177.4,39.3,21.6,299.6,24.3,418.8,1321.4,3322.3,3767.8,1484.1,1762.9,37.7,55.1,1208.0,2724.3,405.3,1001.3,5195.4,3933.1,2619.4,1289.3,4373.8,5924.2,2470.9,2147.3,1648.9,2522.9,998.2,2843.4,973.9,2462.5,1311.2,4563.2,6784.5,4369.7,1442.1,258.1
2026-09-12 23:15:00,685.5,469.5,923.4,493.8,609.5,169.4,40.7,20.9,297.7,24.2,410.5,1324.3,3669.5,3808.3,1458.0,1740.9,35.9,75.9,1204.3,2677.1,403.4,1027.7,5145.2,3975.1,2595.0,1287.2,4359.0,5744.8,2467.5,2154.3,1641.5,2337.7,978.1,2800.3,966.4,2469.6,1297.0,4533.6,6736.8,4347.8,1421.0,273.8
2026-09-12 23:30:00,680.4,449.4,899.5,523.6,598.5,180.3,40.7,20.6,293.5,21.5,418.5,1322.8,3791.0,3801.5,1475.1,1718.9,36.0,76.7,1201.5,2611.2,402.3,1058.9,5080.2,3995.7,2573.4,1285.2,4356.9,5329.3,2461.7,2159.2,1639.2,2131.8,971.2,2789.7,961.6,2475.5,1279.2,4482.5,6677.1,4342.9,1410.8,284.3
2026-09-12 23:45:00,673.4,442.4,877.9,553.0,590.6,178.3,38.0,19.5,284.0,22.9,409.3,1332.9,3820.7,3819.4,1461.9,1719.0,36.1,57.4,1198.3,2562.3,400.4,1073.5,5019.5,3970.1,2545.3,1282.2,4335.4,4823.8,2459.7,2164.5,1646.4,2130.5,960.3,2785.7,954.8,2480.6,1262.1,4381.5,6631.7,4336.9,1393.1,294.0
