date,EE_buy,EE_sell,LT_buy,LT_sell,LV_buy,LV_sell,AT_buy,AT_sell,BE_buy,BE_sell,FR_buy,FR_sell,GER_buy,GER_sell,NL_buy,NL_sell,PL_buy,PL_sell,DK1_buy,DK1_sell,DK2_buy,DK2_sell,FI_buy,FI_sell,NO1_buy,NO1_sell,NO2_buy,NO2_sell,NO3_buy,NO3_sell,NO4_buy,NO4_sell,NO5_buy,NO5_sell,SE1_buy,SE1_sell,SE2_buy,SE2_sell,SE3_buy,SE3_sell,SE4_buy,SE4_sell
2026-09-26 00:00:00,688.6,522.6,932.6,513.3,636.7,259.4,1.0,55.9,249.1,46.1,92.6,1299.2,3320.4,3494.4,1261.1,1116.1,85.7,45.2,976.7,1472.2,432.6,518.4,4540.9,5823.3,2583.0,1507.7,4631.0,4928.0,2655.4,2003.5,1669.7,2973.5,975.5,3524.7,985.8,2164.2,1492.2,3149.5,6767.6,4420.3,1468.7,432.2
2026-09-26 00:15:00,691.0,511.6,928.8,490.9,636.9,258.5,1.0,55.8,242.9,44.9,88.9,1305.1,3309.3,3521.3,1245.2,1100.2,85.6,45.5,974.8,1442.8,432.5,497.6,4545.7,5803.8,2556.3,1497.8,4616.8,4912.9,2647.5,2008.0,1666.7,2976.8,968.3,3494.9,984.5,2163.7,1489.4,3139.2,6701.5,4404.9,1463.4,437.5
2026-09-26 00:30:00,683.9,474.2,918.3,487.2,629.0,258.4,1.0,55.8,242.3,45.1,69.8,1308.3,3327.9,3225.4,1227.2,1102.0,96.2,38.4,983.8,1443.0,432.8,495.0,4550.2,5768.2,2525.5,1490.6,4596.5,4890.6,2643.5,2012.7,1663.0,2976.0,962.5,3464.3,982.6,2160.5,1485.6,3125.8,6646.2,4380.3,1470.1,441.6
2026-09-26 00:45:00,679.6,427.0,915.9,498.9,630.5,257.2,1.0,55.8,236.7,44.9,60.7,1303.7,3324.4,3258.7,1215.8,1051.6,83.4,46.2,998.5,1419.8,437.9,486.6,4548.1,5751.0,2497.9,1489.5,4584.1,4875.6,2637.5,2022.9,1656.4,2975.3,955.4,3424.0,979.9,2153.4,1481.2,3130.1,6603.6,4376.2,1462.2,439.4
2026-09-26 01:00:00,677.4,423.6,920.0,498.9,626.5,254.0,1.1,56.8,268.3,30.6,93.7,1296.5,3209.6,3310.1,1188.7,1040.1,144.1,39.5,993.0,1426.4,429.4,476.2,4468.4,5758.7,2432.6,1515.4,4482.4,4862.8,2592.0,2009.1,1635.1,2888.9,958.2,3186.1,976.8,2151.2,1480.8,3257.8,6521.7,4270.4,1431.0,452.2
2026-09-26 01:15:00,670.0,414.7,919.1,489.0,628.0,250.0,1.0,56.8,264.8,31.3,86.2,1298.6,3226.3,3169.5,1162.7,1036.2,123.6,39.5,990.9,1424.7,428.4,478.7,4450.8,5725.8,2407.6,1504.6,4472.5,4851.7,2589.9,2016.3,1628.3,2901.1,950.6,3159.7,974.7,2144.6,1478.5,3262.9,6504.1,4255.8,1421.5,451.4
2026-09-26 01:30:00,673.7,410.6,916.5,493.6,637.2,246.7,1.0,56.8,266.0,31.3,69.6,1300.2,3228.8,3113.5,1149.4,1037.4,123.2,39.5,991.5,1420.5,427.4,476.4,4421.7,5707.1,2385.1,1496.7,4464.7,4842.7,2587.8,2021.8,1627.5,2889.7,948.8,3140.8,974.0,2138.5,1474.8,3264.8,6469.2,4253.0,1427.6,453.2
2026-09-26 01:45:00,680.8,407.7,916.8,489.8,642.0,243.9,1.0,56.8,261.2,33.8,61.2,1316.0,3233.0,2987.5,1135.5,1047.4,122.7,39.5,988.9,1414.9,431.1,477.3,4402.4,5674.5,2359.9,1497.5,4456.0,4831.8,2584.2,2032.0,1628.4,2834.0,943.1,3102.6,970.7,2135.9,1471.9,3265.8,6442.4,4255.3,1420.7,456.7
2026-09-26 02:00:00,675.4,410.8,939.0,492.3,642.7,237.3,28.0,40.1,257.1,36.8,59.2,1332.5,3207.1,3021.7,1136.2,1005.5,98.1,50.6,958.7,1409.4,416.4,465.9,4256.8,5629.5,2314.5,1491.6,4468.1,4812.8,2554.0,2039.6,1608.9,2852.4,943.0,3017.4,969.0,2121.8,1461.0,3255.4,6428.6,4235.0,1434.4,467.4
2026-09-26 02:15:00,676.2,408.2,930.2,494.7,645.8,241.4,28.0,40.1,251.7,36.8,49.7,1345.7,3205.2,3036.2,1131.6,1004.9,100.2,50.4,957.7,1404.7,414.9,462.4,4251.5,5614.7,2300.5,1493.1,4461.1,4803.0,2552.3,2050.1,1608.9,2774.4,941.0,2994.0,965.8,2123.0,1459.0,3259.0,6412.7,4238.8,1433.1,468.7
2026-09-26 02:30:00,655.3,412.1,1141.7,532.5,608.5,242.4,28.1,40.0,253.4,36.8,47.8,1357.8,3207.0,3111.1,1126.7,1006.3,100.3,50.2,961.1,1391.2,413.9,449.5,4267.5,5591.8,2285.9,1493.6,4457.0,4798.9,2551.7,2045.9,1606.4,2899.4,937.5,2977.2,966.6,2124.4,1459.3,3240.3,6363.0,4261.8,1413.1,470.8
2026-09-26 02:45:00,659.5,403.4,1130.2,523.0,609.2,247.0,28.0,40.0,256.1,36.8,43.6,1374.1,3216.9,3072.9,1113.7,1009.4,110.3,49.9,973.0,1362.7,412.8,451.5,4260.9,5575.5,2271.7,1494.2,4451.3,4791.5,2552.0,2055.9,1603.7,2897.6,935.3,2956.2,966.0,2125.1,1461.4,3243.5,6355.4,4270.2,1409.6,473.2
2026-09-26 03:00:00,668.0,403.0,1222.5,531.1,617.9,307.7,17.0,51.2,258.6,31.4,88.2,1368.5,3133.6,3076.4,1129.2,1012.5,110.0,49.7,974.5,1281.7,419.7,451.1,4216.7,5595.4,2257.8,1504.0,4418.6,4576.1,2522.4,2053.0,1590.9,2841.1,930.9,2920.2,969.6,2121.7,1465.4,3245.4,6331.5,4256.6,1397.5,476.3
2026-09-26 03:15:00,656.9,401.8,1229.7,497.3,617.9,309.3,17.0,51.2,251.9,32.0,87.5,1383.8,3133.2,2906.6,1123.8,1012.2,110.0,49.4,979.6,1272.7,419.5,445.5,4216.4,5597.9,2247.3,1504.6,4414.6,4471.1,2524.2,2053.7,1589.9,2830.9,928.7,2904.0,969.7,2123.4,1470.1,3248.4,6311.2,4271.2,1392.2,479.1
2026-09-26 03:30:00,653.0,400.9,1249.6,498.3,607.8,309.3,17.0,51.4,258.3,32.0,82.5,1392.7,3223.7,2908.5,1130.5,1015.4,130.0,49.1,987.0,1266.4,418.3,453.3,4225.9,5565.0,2239.8,1506.9,4413.2,4469.4,2524.2,2040.2,1590.5,2875.8,929.9,2903.3,972.1,2121.3,1473.2,3244.4,6307.8,4250.0,1381.7,474.7
2026-09-26 03:45:00,656.1,400.2,1267.6,517.9,611.9,308.8,17.0,51.5,262.9,32.0,81.6,1403.8,3652.1,3030.1,1142.0,1025.0,129.8,48.8,984.3,1258.4,415.8,451.9,4219.3,5551.9,2236.9,1512.2,4412.9,4469.1,2524.8,2031.7,1590.7,2885.2,928.1,2897.6,970.3,2119.9,1475.2,3257.7,6325.2,4259.2,1374.6,476.7
2026-09-26 04:00:00,688.6,403.9,1172.7,548.0,672.1,308.3,28.0,7.0,270.0,29.1,191.4,1428.8,3424.0,2926.8,1138.2,1010.8,115.0,48.8,1085.7,1303.0,418.0,456.2,4245.4,5496.7,2228.8,1517.2,4341.8,4470.6,2519.0,2014.9,1601.5,2742.7,924.4,2845.3,969.5,2106.9,1476.9,3414.9,6299.6,4335.8,1370.3,476.8
2026-09-26 04:15:00,705.2,398.7,1179.4,537.2,683.6,307.1,28.0,6.8,271.7,31.0,186.5,1434.3,3567.7,2869.5,1124.6,1013.9,115.2,48.7,1082.5,1305.0,416.3,458.8,4252.7,5461.4,2226.7,1521.1,4339.8,4468.4,2520.1,2001.7,1601.9,2801.2,924.2,2846.1,967.0,2101.1,1477.6,3422.9,6292.1,4355.0,1367.4,480.4
2026-09-26 04:30:00,705.2,396.7,1191.9,567.5,690.0,303.4,28.0,6.3,277.0,30.5,176.8,1428.5,3541.8,2844.1,1091.2,1021.8,117.1,48.6,1073.6,1307.8,414.4,459.1,4258.7,5436.9,2225.1,1525.0,4341.4,4469.1,2520.3,2014.4,1600.4,2791.1,922.3,2831.0,968.1,2095.0,1478.0,3435.5,6273.6,4344.8,1366.5,482.7
2026-09-26 04:45:00,695.4,397.3,1203.0,575.1,697.9,300.1,28.0,6.3,272.7,31.0,170.2,1419.4,3422.6,2857.0,1080.4,1026.4,132.0,48.5,1071.1,1307.7,412.6,461.6,4273.2,5403.2,2225.2,1528.9,4342.0,4469.6,2521.1,2003.9,1600.6,2839.3,921.1,2831.8,969.6,2090.3,1478.3,3443.5,6273.8,4360.0,1369.7,479.1
2026-09-26 05:00:00,679.8,394.2,1227.6,562.0,654.2,158.4,18.0,6.8,262.9,31.0,80.7,1402.0,3239.3,2858.0,1136.0,1013.3,191.1,0.3,971.7,1321.1,422.3,457.8,4352.3,5351.8,2238.5,1554.2,4399.5,4495.9,2513.0,1936.4,1592.5,2908.1,925.2,2888.1,971.2,2089.5,1480.2,3698.6,6302.3,4355.2,1377.5,479.0
2026-09-26 05:15:00,695.2,397.6,1012.6,530.7,697.2,158.5,18.0,6.9,264.5,30.1,80.3,1389.8,3224.8,2826.6,1145.8,1008.8,196.3,0.3,969.4,1318.7,415.3,452.4,4368.4,5332.8,2243.5,1560.3,4404.5,4498.6,2515.1,1975.5,1593.4,2804.1,924.8,2863.3,974.9,2084.1,1482.9,3726.2,6350.7,4329.0,1399.6,468.8
2026-09-26 05:30:00,700.0,398.6,1024.4,531.8,680.6,157.5,18.0,7.0,270.7,27.1,80.0,1373.9,3212.6,2859.9,1106.6,1013.6,218.1,0.4,969.2,1330.2,414.0,458.5,4385.5,5314.6,2250.6,1566.5,4405.0,4499.2,2515.4,1966.9,1594.6,2863.5,926.9,2869.9,974.2,2075.2,1486.7,3748.1,6375.3,4344.1,1400.0,469.8
2026-09-26 05:45:00,703.9,398.7,1031.8,526.9,686.3,156.6,18.0,10.4,275.5,26.1,85.3,1361.5,3185.4,2841.6,1080.8,1026.2,225.0,0.4,964.4,1341.6,413.7,468.9,4399.4,5298.6,2259.4,1572.6,4407.7,4612.5,2528.3,1975.5,1591.2,2889.1,931.9,2880.4,974.7,2066.5,1492.8,3761.9,6344.8,4358.7,1411.1,471.0
2026-09-26 06:00:00,698.9,401.5,1043.2,526.6,684.3,155.7,12.0,56.8,278.5,39.4,82.1,1343.9,3276.5,2987.8,1146.9,1030.9,186.5,20.6,971.2,1391.5,411.6,466.2,4397.3,5235.8,2298.6,1600.2,4432.5,4549.9,2521.0,1985.5,1604.7,3032.9,940.3,2972.0,982.9,2071.3,1501.2,3784.8,6412.7,4375.6,1425.0,469.6
2026-09-26 06:15:00,703.9,403.3,1054.4,525.0,697.0,156.7,12.0,56.8,279.8,39.2,85.2,1349.3,3283.2,3126.9,1144.4,1035.1,155.8,20.5,965.6,1430.8,408.5,476.9,4424.8,5229.9,2318.3,1607.3,4446.7,4677.2,2528.3,1986.5,1603.2,3074.5,949.5,2996.5,984.5,2060.9,1507.0,3800.7,6431.6,4429.2,1439.2,480.7
2026-09-26 06:30:00,708.3,409.1,1070.9,522.2,706.8,160.0,12.0,56.8,287.7,39.7,90.5,1340.5,3301.7,3089.8,1112.9,1035.2,154.6,20.5,974.1,1448.7,411.1,467.1,4439.1,5224.7,2336.4,1607.5,4463.6,4696.8,2531.9,1979.2,1603.7,3116.1,958.7,3025.9,986.5,2048.6,1511.3,3828.3,6456.8,4454.4,1431.0,482.3
2026-09-26 06:45:00,709.0,421.9,1085.0,519.0,714.6,164.8,12.0,56.8,302.5,39.3,92.9,1334.2,3303.5,3071.1,1121.0,1053.9,171.4,20.5,971.5,1489.4,413.9,477.6,4450.9,5218.6,2357.2,1614.6,4479.4,4714.8,2538.1,1988.9,1606.1,3127.6,965.6,3041.2,987.3,2032.3,1513.3,3854.4,6478.1,4474.7,1442.7,489.6
2026-09-26 07:00:00,718.6,425.1,1107.1,535.1,730.6,250.2,12.0,90.0,317.3,47.8,56.8,1392.3,3431.8,3292.6,1190.9,1122.4,159.3,0.5,1025.6,1580.8,422.1,473.7,4546.2,5180.6,2410.1,1533.0,4456.9,4636.0,2574.5,2012.8,1632.4,2998.0,965.2,3280.4,996.3,2194.1,1515.3,3989.1,6557.8,4499.6,1448.2,471.0
2026-09-26 07:15:00,736.1,436.8,1124.2,537.0,735.3,254.7,12.0,88.0,309.5,56.2,55.3,1383.2,3444.5,3370.5,1228.3,1150.1,160.2,0.5,1027.6,1612.5,426.3,487.9,4565.5,5151.1,2437.5,1534.2,4477.8,4660.3,2584.8,2006.0,1634.6,3049.8,975.6,3323.9,999.8,2177.9,1515.5,4020.6,6606.4,4566.2,1467.3,480.9
2026-09-26 07:30:00,743.2,453.7,1128.7,532.3,742.3,267.4,12.1,87.7,313.5,55.7,65.9,1380.2,3441.1,3550.6,1313.8,1194.9,157.7,0.5,1033.5,1613.3,429.6,486.9,4585.6,5111.1,2464.3,1534.3,4499.9,4685.7,2591.5,2009.9,1630.2,3097.0,984.9,3357.6,996.3,2166.4,1518.6,4054.5,6642.7,4590.0,1477.7,485.7
2026-09-26 07:45:00,749.1,477.0,1129.5,528.6,749.4,281.9,12.0,88.5,314.2,60.7,69.9,1380.5,3433.8,3489.9,1374.2,1236.3,149.0,0.5,1048.5,1623.7,445.7,479.9,4608.0,5080.0,2497.0,1535.5,4515.2,4704.8,2601.6,2017.9,1625.6,3130.9,991.6,3390.8,999.6,2155.8,1522.8,4083.0,6702.7,4633.4,1495.5,483.5
2026-09-26 08:00:00,746.5,465.9,1126.8,651.2,759.6,290.8,1.0,50.0,309.8,54.4,84.0,1373.5,3537.0,3714.5,1373.3,1350.5,118.1,39.3,1098.4,1640.7,445.0,498.1,4702.4,5017.6,2571.6,1561.4,4552.0,4739.4,2622.6,1972.2,1676.7,3055.8,1012.3,3569.6,1000.8,2324.6,1533.8,4203.0,6793.4,4626.4,1520.3,477.6
2026-09-26 08:15:00,753.7,477.7,1113.1,653.3,763.0,311.6,1.0,50.6,300.6,50.4,86.1,1372.0,3544.3,3549.6,1489.9,1426.4,106.1,39.3,1101.0,1630.2,447.2,479.0,4718.8,4985.5,2606.2,1608.5,4565.7,4752.2,2634.6,1968.8,1674.4,3099.8,1018.1,3572.3,995.6,2321.4,1537.2,4235.2,6850.7,4658.6,1539.8,476.5
2026-09-26 08:30:00,772.1,488.2,1087.5,624.0,762.1,330.7,1.0,51.6,287.7,52.3,93.3,1385.6,3556.8,3553.2,1579.1,1469.1,104.4,39.4,1106.7,1662.3,450.4,474.0,4728.0,4958.4,2633.8,1607.9,4577.2,4768.4,2640.6,1981.3,1674.9,3108.8,1029.3,3601.2,999.4,2319.4,1540.0,4265.1,6909.4,4684.9,1549.9,475.0
2026-09-26 08:45:00,767.2,498.0,1060.4,625.8,768.7,343.2,8.7,52.9,270.9,47.6,95.0,1387.0,3594.4,3619.0,1563.3,1433.3,76.2,39.3,1134.4,1656.0,469.1,461.5,4739.5,4924.0,2666.6,1606.4,4590.3,4787.1,2653.7,1985.3,1679.7,3125.2,1035.1,3640.8,1011.8,2316.3,1537.9,4296.8,6959.2,4712.5,1566.4,474.5
2026-09-26 09:00:00,759.2,504.1,1061.4,506.7,766.5,411.3,19.0,52.0,251.7,56.7,131.1,1439.6,3739.4,3620.2,1487.5,1552.7,55.6,99.7,1298.3,1565.8,473.0,476.9,4805.8,4934.8,2748.6,1500.2,4710.2,4749.9,2683.8,1985.3,1704.7,3096.3,1049.7,3737.5,1033.0,2477.1,1538.8,4343.4,7011.5,4853.0,1594.0,520.5
2026-09-26 09:15:00,759.4,508.2,1029.5,500.4,767.0,427.3,19.2,46.5,231.5,57.6,132.0,1436.9,4078.9,3362.1,1447.8,1440.7,49.8,101.3,1298.1,1554.4,475.6,435.5,4817.5,4960.0,2773.8,1497.7,4711.6,4084.3,2690.4,1982.3,1702.6,3099.0,1051.2,3765.1,1043.4,2469.3,1538.2,4367.4,7039.8,4840.9,1603.3,513.2
2026-09-26 09:30:00,757.1,512.4,1000.1,500.0,771.4,440.8,19.2,48.4,215.1,55.4,145.3,1429.8,4400.0,3189.0,1448.2,1297.0,50.6,113.0,1307.4,1576.7,477.6,381.0,4822.2,4975.4,2793.9,1495.3,4806.2,3509.8,2689.7,1988.2,1702.0,3117.8,1061.2,3786.6,1041.8,2461.6,1538.9,4398.5,7065.4,4804.3,1607.6,517.0
2026-09-26 09:45:00,756.8,516.2,973.8,503.0,774.1,451.4,33.1,49.2,198.4,59.9,145.5,1441.6,5355.0,2997.8,1425.7,1143.0,51.4,121.0,1307.0,1350.5,497.1,364.0,4834.8,4984.1,2813.9,1484.0,4796.4,3136.9,2698.6,2007.4,1702.4,3106.6,1062.7,3499.6,1043.7,2451.5,1540.8,4415.9,7098.5,4794.4,1624.3,522.4
2026-09-26 10:00:00,748.7,546.5,931.5,506.8,769.3,247.9,3.0,39.3,190.8,56.1,162.7,1471.1,5609.3,3461.6,1548.3,1012.8,57.2,89.6,1433.5,1428.2,503.8,342.7,4875.1,5051.0,2863.0,1475.2,4839.5,3064.0,2711.9,1981.5,1689.7,3199.7,847.4,3119.3,1044.0,2502.5,1549.8,4250.0,7125.6,4814.6,1627.4,484.5
2026-09-26 10:15:00,755.3,533.0,905.1,518.0,766.5,254.6,3.4,27.7,179.1,47.3,159.6,1486.0,5608.2,3413.9,1499.6,1016.7,56.3,100.4,1449.3,1427.7,501.9,317.6,4881.8,5056.1,2867.5,1473.0,4830.9,2941.1,2701.4,2043.0,1670.1,3223.6,849.1,2536.5,1043.6,2494.6,1549.7,4267.9,7147.8,4792.9,1634.4,492.2
2026-09-26 10:30:00,756.4,542.3,875.7,537.4,763.2,269.7,3.5,27.1,211.9,28.3,172.4,1512.8,5551.3,3391.7,1510.8,1068.1,35.5,92.1,1448.9,1417.6,501.2,276.9,4896.2,5049.4,2864.8,1464.2,4874.8,2770.0,2697.8,2077.5,1698.8,3142.4,1078.6,2437.2,1052.7,2486.8,1547.4,4252.0,7136.2,4824.8,1634.9,501.4
2026-09-26 10:45:00,758.8,549.3,1067.2,553.3,759.8,285.3,4.5,27.8,186.4,35.1,155.4,1527.0,5632.2,3199.6,1467.8,1106.2,54.6,118.6,1447.9,1411.7,512.8,263.6,4913.4,5039.9,2858.5,1465.6,4860.3,2772.3,2696.1,2034.7,1694.3,3093.6,1074.6,1973.4,1055.5,2480.1,1539.3,4261.6,7148.4,4851.9,1631.8,512.9
2026-09-26 11:00:00,761.4,562.6,1052.9,563.9,751.7,300.4,8.4,28.0,195.5,43.6,177.3,1571.2,5764.1,3262.3,1779.7,1126.9,43.7,262.8,1588.2,1204.2,550.8,226.7,4931.4,4899.3,2851.2,1419.4,4512.7,3032.7,2703.7,1984.5,1662.3,3290.0,1129.8,1343.2,1055.8,2028.6,1529.1,4057.7,7174.4,4849.5,1595.3,523.3
2026-09-26 11:15:00,762.1,567.9,1262.9,571.5,748.6,311.4,8.7,28.4,184.6,35.6,192.8,1584.5,5962.3,3221.2,1758.8,1155.3,43.1,247.4,1594.4,1202.2,551.4,213.5,4932.1,4907.8,2848.4,1414.8,4497.1,3032.6,2709.4,1976.5,1663.6,3249.9,1196.6,1268.2,1056.0,2022.6,1514.5,4081.4,7151.8,4882.9,1580.9,537.8
2026-09-26 11:30:00,765.3,569.1,1482.1,576.2,750.9,321.2,9.5,28.6,179.5,37.2,191.3,1610.2,6010.1,3223.4,1714.3,1188.8,42.5,248.4,1579.3,1198.0,554.3,219.8,4933.3,4903.1,2833.5,1411.5,4482.8,3042.8,2705.0,1957.0,1691.4,3161.2,1302.7,1267.9,1063.9,2016.2,1502.0,4079.9,7136.5,4897.8,1569.3,546.3
2026-09-26 11:45:00,787.6,558.5,1500.0,572.7,755.1,328.9,23.6,32.2,168.6,39.6,191.1,1621.1,6197.1,3245.5,1699.0,1211.7,41.9,238.4,1750.4,1186.8,572.1,219.2,4962.5,4893.0,2827.4,1408.0,4473.2,3053.3,2706.0,1942.0,1704.6,3082.4,1325.1,1222.9,1063.1,2012.9,1488.6,3933.5,7162.4,4925.0,1549.9,557.8
2026-09-26 12:00:00,829.1,552.6,1474.0,575.9,766.7,338.8,41.2,82.1,102.7,53.6,187.9,1673.0,6154.7,3131.7,1898.7,1225.2,70.9,222.6,1735.9,1116.1,568.2,247.1,5048.7,4872.8,2808.4,1367.7,4095.5,3222.9,2711.7,1785.4,1695.9,3096.7,1320.4,1107.2,1069.0,1844.8,1552.4,3353.4,7112.3,4961.7,1486.3,574.4
2026-09-26 12:15:00,843.0,558.0,1479.3,582.4,761.4,334.3,45.4,79.0,89.8,60.8,178.0,1688.1,6336.5,3133.4,1851.4,1236.0,69.2,222.5,1751.1,1102.4,562.3,249.9,5085.8,4843.4,2800.5,1365.1,4083.8,3233.8,2711.2,1772.5,1693.3,3133.7,1317.0,1101.2,1072.6,1844.5,1539.8,3321.9,7121.8,4978.7,1468.2,595.5
2026-09-26 12:30:00,845.4,563.1,1485.3,572.1,749.0,337.2,61.5,83.8,82.2,51.3,207.3,1700.7,6398.8,3133.9,1850.1,1243.5,71.1,172.9,1749.5,1074.9,558.7,258.2,5088.8,4827.0,2790.5,1362.3,4079.7,3244.0,2704.9,1767.6,1692.0,3128.9,1320.6,1097.7,1077.7,1844.5,1529.4,3206.3,7113.5,4994.5,1437.8,614.2
2026-09-26 12:45:00,855.2,556.0,1490.4,574.9,750.4,330.9,61.5,83.3,91.3,47.4,226.1,1716.4,6409.2,3134.1,1843.6,1236.5,72.5,143.6,1822.1,1095.6,569.8,248.6,5095.6,4819.2,2786.0,1359.4,4063.9,3253.4,2704.8,1771.7,1693.8,3124.6,1316.2,1106.5,1083.0,1844.4,1518.9,3230.6,7130.4,5012.6,1406.7,633.6
2026-09-26 13:00:00,896.9,554.9,1488.9,602.7,746.7,316.9,61.4,60.3,121.1,38.0,323.1,1717.4,6454.3,3190.4,1886.7,1206.8,63.5,143.4,1811.8,1102.9,540.6,245.4,5169.2,4783.7,2761.2,1347.7,4014.2,3265.5,2724.1,1760.3,1686.8,3111.9,1315.5,1121.9,1088.0,1839.3,1555.1,3040.6,7174.8,5112.7,1376.3,668.1
2026-09-26 13:15:00,911.6,566.0,1479.9,606.8,753.8,310.9,61.4,59.6,121.5,33.3,324.1,1727.4,6447.3,3098.2,1904.2,1194.6,73.1,143.5,1810.7,1075.7,536.2,234.3,5175.0,4735.9,2752.1,1347.0,4009.4,3273.0,2723.0,1758.7,1687.5,3111.5,1312.2,1128.9,1090.5,1841.0,1552.6,3067.4,7166.6,5129.7,1360.3,685.4
2026-09-26 13:30:00,913.9,570.9,1470.2,612.1,762.2,304.3,61.3,61.6,124.0,31.7,304.1,1743.8,6454.2,3058.2,1909.5,1191.4,73.1,169.1,1823.2,1069.6,537.0,233.4,5179.5,4696.3,2742.0,1344.9,4006.2,3279.4,2718.3,1761.4,1689.5,3113.5,1313.1,1128.7,1091.5,1843.9,1553.9,3079.7,7169.4,5142.9,1353.2,700.1
2026-09-26 13:45:00,913.9,576.2,1463.9,609.2,762.6,276.3,61.3,60.2,120.2,29.9,281.1,1752.7,6414.8,3026.5,1892.3,1181.6,73.1,199.6,1808.3,1087.7,542.3,227.0,5197.8,4666.1,2742.2,1344.7,4001.5,3284.6,2716.9,1762.9,1688.2,3129.1,1311.2,1121.4,1092.8,1847.5,1556.3,3100.4,7161.5,5153.4,1344.0,714.5
2026-09-26 14:00:00,905.8,567.7,1589.4,632.9,792.5,418.0,60.9,86.5,124.9,23.3,256.3,1761.0,6391.9,3088.6,1891.4,1159.5,64.7,234.8,1771.5,1056.5,513.3,213.3,5205.2,4641.4,2730.1,1332.2,4012.1,3549.6,2725.0,1775.8,1693.3,3116.5,1346.9,1135.4,1091.7,1859.8,1508.3,3200.3,7248.8,5121.7,1319.0,733.9
2026-09-26 14:15:00,890.1,577.4,1596.5,635.8,816.6,398.2,54.0,83.7,124.2,29.4,248.7,1766.8,6278.2,3070.9,1895.0,1175.3,64.9,211.4,1763.5,1082.2,504.2,221.2,5206.3,4662.3,2726.1,1331.9,4009.9,3547.5,2727.3,1773.6,1700.3,3129.6,1344.9,1135.6,1088.1,1867.7,1511.6,3236.6,7199.8,5178.5,1315.8,740.7
2026-09-26 14:30:00,871.8,583.4,1602.4,636.7,808.7,402.4,44.7,81.5,128.3,25.7,202.9,1767.9,6233.8,3058.3,1926.2,1162.5,64.1,210.5,1706.6,1064.3,502.7,219.4,5182.8,4728.8,2720.6,1331.5,4006.3,3540.9,2719.7,1747.5,1690.1,3155.1,1346.6,1136.0,1088.9,1875.8,1513.7,3445.9,7169.8,5183.1,1308.6,744.8
2026-09-26 14:45:00,830.5,582.8,1581.1,661.6,818.0,385.9,41.0,80.4,136.5,42.9,191.2,1770.0,6017.6,2992.8,1914.0,1185.5,64.4,208.7,1701.4,1059.4,502.7,221.2,5158.4,4751.4,2716.1,1330.8,4000.3,3533.7,2720.5,1769.8,1695.4,3126.9,1348.5,1136.2,1091.6,1885.2,1512.3,3505.1,7137.4,5183.7,1303.0,744.3
2026-09-26 15:00:00,807.1,575.4,1584.4,667.9,816.3,361.7,28.1,78.9,154.3,25.1,156.7,1721.0,5872.6,2909.9,1784.1,1140.8,64.8,100.3,1387.4,1047.5,485.0,191.7,5161.3,4737.6,2716.1,1337.2,3962.4,3277.5,2735.4,1811.2,1686.4,3125.9,1328.3,1127.2,1099.5,1921.9,1474.9,3968.0,6996.6,5054.8,1324.8,756.3
2026-09-26 15:15:00,805.0,577.3,1614.3,691.6,820.6,364.0,11.9,73.2,152.6,24.8,117.6,1728.2,5741.5,2917.9,1792.7,1145.4,65.3,132.3,1364.2,1020.7,468.7,192.5,5178.3,4742.5,2717.9,1343.8,3956.6,3269.7,2747.1,1849.7,1690.3,3126.4,1330.6,1127.1,1102.7,1936.5,1475.3,4143.9,6984.0,5038.8,1334.0,747.5
2026-09-26 15:30:00,816.6,584.3,1405.0,688.2,810.7,351.0,11.0,69.4,162.8,41.9,134.2,1710.1,5713.1,2879.4,1806.5,1137.5,65.9,155.5,1210.0,1014.8,470.4,190.5,5174.1,4741.1,2721.6,1347.4,3971.6,3263.9,2745.5,1992.3,1681.8,3174.8,1321.4,1167.5,1097.9,1951.3,1482.0,4205.7,6993.1,5031.6,1358.7,737.2
2026-09-26 15:45:00,808.5,590.7,1219.8,678.4,805.5,337.3,11.0,88.0,163.9,44.4,94.8,1720.7,5429.9,2791.4,1804.5,1146.2,66.5,153.0,1222.8,1020.7,476.1,203.0,5189.7,4729.5,2730.4,1352.5,3971.3,3257.1,2737.4,2034.0,1662.4,3242.0,1184.2,1354.0,1097.2,1966.8,1494.5,4251.0,7034.9,5022.3,1373.1,718.8
2026-09-26 16:00:00,824.7,582.2,1222.8,665.4,772.4,412.8,27.4,47.9,207.0,9.8,166.2,1689.4,6238.6,2603.4,1547.9,1174.2,7.0,84.9,1109.6,1268.0,478.7,307.3,5269.7,4791.9,2751.2,1408.6,4035.8,2667.7,2750.9,2135.2,1701.3,3049.9,1072.5,2178.5,1104.8,2318.0,1521.9,4746.3,7102.2,4942.4,1376.9,691.6
2026-09-26 16:15:00,832.1,584.1,1046.4,673.6,784.8,403.5,11.0,51.4,165.3,27.5,137.1,1686.1,5883.5,2656.9,1557.4,1144.5,7.1,56.5,1113.8,1295.6,466.1,341.6,5293.2,4788.1,2768.1,1415.0,4003.4,2820.0,2752.8,2071.3,1692.0,3098.3,1071.1,2707.3,1098.6,2334.6,1540.4,4786.6,7158.8,4887.6,1402.7,666.0
2026-09-26 16:30:00,829.2,587.5,1092.6,667.2,792.3,392.4,11.0,49.3,180.2,36.8,133.5,1658.5,5344.5,2537.0,1615.5,1093.0,8.8,40.0,1118.7,1417.7,468.3,317.9,5282.4,4772.6,2781.3,1418.3,4012.6,2956.4,2750.5,2043.6,1685.3,3150.3,1070.2,3277.5,1084.3,2352.4,1557.5,4836.7,7206.0,4846.5,1439.1,643.3
2026-09-26 16:45:00,829.9,590.0,1137.0,682.7,799.3,381.8,11.1,56.4,203.7,57.3,132.6,1689.4,4167.9,2372.0,1636.9,1089.9,17.2,40.0,1126.5,1489.1,470.8,448.2,5295.7,4757.2,2796.0,1428.3,4017.3,3527.3,2754.5,2045.5,1673.1,3269.8,1075.2,3399.5,1084.4,2380.4,1573.8,4910.5,7276.9,4832.4,1476.2,615.8
2026-09-26 17:00:00,847.1,604.5,1100.9,680.1,801.7,473.6,29.8,55.1,211.8,32.0,81.6,1554.1,4260.1,2399.0,1560.3,1104.6,101.9,0.1,1197.2,1541.3,496.8,427.0,5364.5,4752.7,2815.7,1571.7,4213.8,3975.8,2716.7,2007.4,1645.7,3190.3,1068.0,3583.9,1096.1,2633.3,1584.7,5027.1,7396.6,4897.6,1535.4,590.4
2026-09-26 17:15:00,850.9,602.0,1129.1,699.9,805.1,472.7,22.0,54.8,236.4,52.1,84.5,1538.1,3908.6,2314.4,1643.5,1256.0,97.6,0.1,1182.7,1561.8,487.9,453.7,5381.9,4758.8,2828.3,1574.2,4219.1,4476.9,2720.8,1968.3,1647.8,3191.3,1072.8,3691.0,1091.2,2671.3,1593.3,5013.9,7461.9,4905.0,1560.4,561.1
2026-09-26 17:30:00,855.6,604.1,1160.9,933.4,817.9,465.5,22.0,53.1,262.5,32.7,167.9,1478.6,3947.5,2403.8,1705.5,1392.8,100.2,0.1,1188.5,1493.8,498.6,445.8,5398.0,4752.8,2841.9,1577.6,4235.5,4497.4,2721.4,1952.9,1652.2,3189.8,1075.7,3779.5,1092.9,2714.3,1597.4,5046.2,7536.9,4807.9,1597.7,531.1
2026-09-26 17:45:00,856.8,598.4,1184.7,913.7,813.2,474.7,22.0,52.4,289.6,23.9,140.5,1456.6,2803.6,2639.4,1803.4,1386.4,94.8,0.1,1194.5,1442.4,510.9,447.3,5423.2,4744.1,2864.6,1625.2,4247.5,4515.2,2729.1,1949.8,1654.1,3172.6,1083.7,3824.9,1091.0,2760.9,1599.3,5057.4,7612.7,4887.1,1623.8,509.0
2026-09-26 18:00:00,858.8,591.7,1180.3,938.6,816.6,594.0,12.0,83.7,328.6,54.7,195.7,1403.4,3671.8,2707.3,1937.1,1311.2,231.7,0.0,1276.7,1524.2,569.6,610.6,5546.7,4824.4,2861.8,1629.6,4704.8,5082.9,2613.3,1958.3,1667.8,3167.1,1045.1,3820.5,1088.3,2470.5,1600.1,5277.9,7686.1,4955.5,1667.1,466.1
2026-09-26 18:15:00,864.6,587.7,1196.9,986.3,815.1,595.8,12.0,83.5,339.2,85.3,209.4,1379.9,3111.6,2733.5,1981.8,1301.1,239.2,0.0,1260.7,1500.9,562.9,611.0,5569.2,4836.6,2884.1,1637.1,4710.9,5109.4,2619.7,1977.3,1686.0,3111.3,1044.7,3860.9,1087.9,2515.5,1601.5,5305.2,7732.0,4914.5,1677.7,455.4
2026-09-26 18:30:00,872.0,583.2,1207.2,1010.1,811.8,589.9,12.0,84.5,350.2,79.3,237.5,1345.9,3098.3,2898.5,1897.9,1227.5,257.3,0.0,1272.7,1483.6,570.8,598.5,5575.7,4860.8,2893.0,1645.5,4728.4,5138.0,2621.7,1987.2,1702.3,3054.1,1052.3,3883.1,1094.5,2559.1,1605.6,5330.8,7756.6,4953.6,1701.3,447.0
2026-09-26 18:45:00,870.8,574.8,1219.2,1023.9,814.5,592.2,12.0,103.7,354.0,76.1,233.4,1349.9,3094.3,3361.7,1771.3,1087.8,255.4,0.0,1289.2,1477.9,575.3,614.0,5583.8,4873.7,2908.1,1653.9,4734.9,5161.1,2629.3,2002.6,1705.9,2956.7,1060.9,3916.2,1091.5,2604.2,1612.1,5361.1,7778.8,4947.4,1711.0,441.1
2026-09-26 19:00:00,880.4,571.2,1223.4,1128.4,813.7,736.3,2.1,93.7,332.7,82.4,214.5,1361.9,3253.1,3329.7,1663.8,976.5,246.4,0.0,1228.5,1308.9,568.8,604.7,5525.9,4921.1,2944.0,1656.0,4697.2,5199.9,2559.9,2077.6,1708.9,3048.6,1078.1,3795.7,1084.3,2500.7,1615.7,5136.5,7874.2,5056.7,1744.4,417.3
2026-09-26 19:15:00,880.4,569.4,1219.0,1142.1,812.4,736.4,2.0,93.6,327.6,78.3,208.7,1349.8,3019.5,3142.7,1792.5,1100.3,209.2,0.0,1223.9,1338.0,563.0,608.2,5533.0,4964.9,2953.6,1661.6,4711.6,5215.0,2569.8,2077.5,1717.1,2958.7,1079.5,3795.6,1089.1,2538.4,1622.3,5157.9,7892.1,5025.9,1747.9,435.4
2026-09-26 19:30:00,879.9,566.7,1212.5,1161.3,805.1,731.7,2.0,93.5,328.6,78.4,185.0,1341.2,2922.8,2921.0,1742.0,1126.3,208.3,0.0,1206.3,1357.2,559.2,613.0,5558.1,4965.6,2955.7,1670.1,4721.1,5239.8,2570.0,2065.5,1728.0,2910.2,1077.0,3818.7,1087.9,2567.0,1623.7,5162.3,7891.3,4946.7,1761.1,431.7
2026-09-26 19:45:00,884.1,563.9,1206.8,1177.8,797.4,717.7,2.0,91.7,329.9,83.6,183.7,1338.9,2878.7,2922.3,1723.5,1163.5,205.8,0.0,1191.6,1365.2,556.5,617.5,5570.7,4965.6,2961.0,1674.7,4724.4,5248.5,2575.8,2065.4,1721.7,2887.7,1075.1,3828.9,1088.0,2590.9,1620.9,5137.5,7863.9,4866.9,1754.4,429.5
2026-09-26 20:00:00,860.2,561.6,1185.4,1223.7,789.9,732.4,12.0,88.9,327.6,98.1,196.1,1397.0,3161.4,3138.6,1700.4,1154.6,220.5,20.0,1126.5,1343.4,545.7,620.3,5445.6,4882.4,2951.4,1697.4,4571.9,5121.7,2547.7,2142.9,1717.2,2919.8,1096.6,3477.9,1079.5,2589.3,1609.6,4851.4,7798.4,4972.5,1748.2,425.7
2026-09-26 20:15:00,851.3,554.5,1165.3,1216.1,785.3,726.6,12.0,69.8,327.8,98.2,183.0,1408.5,3126.5,3116.4,1685.9,1127.6,237.4,20.0,1117.9,1354.6,538.6,630.0,5489.8,4895.0,2943.5,1698.6,4562.4,5109.5,2546.5,2143.8,1713.0,2878.9,1091.8,3438.3,1077.9,2605.5,1602.7,4853.1,7743.4,4951.4,1733.2,396.3
2026-09-26 20:30:00,872.6,543.8,1139.4,1026.5,773.2,727.0,12.0,69.8,326.1,103.2,167.9,1401.0,3160.5,2771.9,1656.8,1104.9,239.5,20.1,1115.3,1367.2,533.6,645.6,5551.7,4854.9,2931.3,1699.9,4561.8,5113.8,2542.0,2141.5,1713.8,2913.7,1089.2,3559.5,1075.2,2623.4,1596.3,4841.4,7695.1,4964.4,1725.3,386.2
2026-09-26 20:45:00,860.4,538.4,1115.1,1012.3,759.5,724.6,12.1,68.6,323.1,101.3,162.1,1383.9,3189.2,2498.1,1647.6,1109.7,234.2,20.0,1118.0,1347.6,535.3,636.6,5534.9,4814.9,2919.6,1701.1,4551.0,5099.3,2531.2,2126.1,1720.4,2898.1,1082.7,3457.3,1070.4,2640.9,1588.2,4849.7,7627.2,4957.0,1710.0,381.6
2026-09-26 21:00:00,828.9,536.2,1096.0,1015.5,747.6,716.1,12.1,46.1,335.2,81.8,177.5,1362.6,2829.2,2555.6,1599.7,1046.6,152.8,25.7,1071.6,1348.4,509.2,630.0,5521.9,4805.2,2877.7,1685.0,4552.6,5271.7,2506.4,2179.2,1685.2,2891.4,1076.9,3296.1,1061.3,2624.3,1575.3,4668.9,7495.4,4918.1,1681.8,373.2
2026-09-26 21:15:00,814.5,530.6,1073.3,1003.3,734.8,711.6,12.0,45.0,331.5,81.4,163.7,1371.8,2803.3,2567.2,1594.9,1041.4,131.6,25.7,1064.5,1346.9,505.8,631.6,5547.5,4845.4,2862.2,1680.6,4539.5,5258.1,2503.6,2160.3,1684.0,2878.9,1066.5,3267.5,1057.3,2637.4,1564.4,4671.7,7429.0,4827.4,1658.4,366.7
2026-09-26 21:30:00,819.9,522.2,1047.3,988.8,720.5,703.9,12.0,45.0,329.2,86.3,156.6,1389.0,2786.3,2621.4,1614.6,1053.3,139.4,25.7,1059.8,1349.8,502.7,632.6,5555.6,4843.8,2839.6,1672.0,4529.5,5244.2,2495.7,2100.6,1683.9,2842.5,1063.1,3208.9,1051.2,2650.9,1553.9,4675.1,7359.0,4808.3,1642.6,360.5
2026-09-26 21:45:00,808.7,515.5,1024.6,967.3,703.7,694.4,12.0,45.0,323.8,86.9,151.9,1402.3,2775.7,2701.3,1623.7,1097.9,112.6,25.7,1060.1,1335.2,508.1,620.3,5534.9,4807.8,2823.8,1671.0,4517.6,5230.4,2503.7,2089.0,1682.0,2811.6,1055.6,3176.0,1046.1,2663.8,1542.2,4635.0,7317.0,4786.2,1630.3,349.8
2026-09-26 22:00:00,793.8,510.8,1011.5,835.4,684.9,636.5,12.0,45.0,322.5,78.6,109.5,1306.6,2572.9,2761.2,1517.5,1082.8,139.4,0.2,1023.3,1302.8,479.5,635.0,5388.7,4822.1,2783.6,1728.4,4545.2,5002.6,2485.8,2071.9,1721.1,2801.3,1041.5,3106.5,1039.0,2675.4,1526.5,4612.0,7212.8,4727.6,1613.9,346.4
2026-09-26 22:15:00,781.3,505.7,984.4,805.1,673.3,632.2,12.0,45.0,317.4,77.4,103.2,1318.6,2579.2,2647.6,1518.3,1110.3,140.5,0.2,1021.0,1301.9,478.2,631.4,5310.5,4838.9,2766.6,1732.0,4532.4,4987.1,2482.1,2081.2,1722.8,2631.7,1034.5,3073.3,1032.0,2685.6,1514.8,4604.4,7153.4,4678.7,1601.1,336.9
2026-09-26 22:30:00,778.9,500.8,961.9,771.3,660.1,627.2,14.7,45.0,314.3,79.5,102.5,1316.9,2595.1,2693.9,1546.6,1136.8,141.3,0.2,1016.6,1310.0,475.1,632.3,5272.1,4835.9,2747.5,1730.9,4517.3,4971.4,2465.1,2060.4,1735.0,2616.8,1027.5,3052.7,1032.4,2692.3,1505.1,4544.1,7091.1,4647.5,1596.1,325.2
2026-09-26 22:45:00,765.6,495.9,941.5,763.0,652.1,616.7,14.7,45.0,307.7,80.8,95.7,1329.5,2724.0,2719.0,1535.4,1121.5,144.0,0.2,1019.1,1312.1,477.5,637.3,5223.8,4862.8,2728.4,1729.8,4503.1,4956.3,2464.0,2065.9,1735.4,2504.9,1018.0,3022.9,1027.2,2694.4,1494.9,4489.3,7041.7,4620.1,1584.9,313.7
2026-09-26 23:00:00,738.7,491.2,922.8,749.5,626.0,334.9,14.7,59.6,301.6,29.4,137.7,1305.6,2869.0,2959.0,1430.4,1103.0,123.2,6.3,965.6,1229.8,463.8,592.3,5136.2,4757.5,2647.6,1734.0,4458.0,5012.2,2443.3,1946.1,1691.7,2664.2,1003.5,2905.5,1026.2,2682.8,1484.2,4330.0,6949.9,4754.1,1565.9,311.3
2026-09-26 23:15:00,728.8,489.3,904.7,742.0,622.1,332.2,14.7,60.0,300.5,16.5,130.3,1315.2,2872.5,2950.0,1437.2,1102.5,125.6,6.3,967.5,1232.0,462.7,594.3,5095.5,4767.7,2628.0,1732.8,4442.3,4996.5,2436.7,1939.2,1702.6,2614.0,996.6,2883.3,1021.2,2681.0,1477.4,4319.2,6909.5,4719.6,1550.2,298.2
2026-09-26 23:30:00,723.3,487.3,895.0,717.1,612.0,328.7,14.7,60.8,298.8,11.1,136.2,1312.7,2856.3,2840.6,1447.2,1101.3,106.3,6.3,966.2,1225.9,460.2,591.9,5060.4,4766.8,2605.9,1734.4,4435.8,4989.0,2429.5,1929.9,1703.9,2551.2,988.6,2855.7,1018.1,2678.0,1469.6,4308.8,6857.6,4715.3,1547.2,288.5
2026-09-26 23:45:00,732.1,485.8,882.7,695.3,609.8,325.9,14.7,60.4,294.7,11.2,131.9,1316.2,3492.2,2869.0,1418.8,1103.5,124.6,6.3,965.1,1214.5,465.2,591.4,5041.9,4741.4,2582.8,1732.1,4413.8,4966.0,2417.3,1905.8,1701.8,2557.8,980.7,2836.1,1014.4,2670.8,1463.5,4297.9,6811.2,4683.9,1538.4,275.7
2026-09-27 00:00:00,670.7,505.6,999.6,704.1,693.4,250.9,2.0,21.6,275.9,15.2,100.3,1304.6,3095.0,2775.5,1240.9,1137.2,79.7,48.9,1097.5,986.1,464.1,609.0,4552.1,4966.9,2575.8,1641.2,4517.1,4969.3,2450.8,1983.3,1676.4,2265.8,988.5,3026.5,1023.3,2748.8,1533.0,3962.4,6859.9,4581.0,1544.9,225.9
2026-09-27 00:15:00,684.6,492.6,988.3,646.2,677.3,260.2,2.1,20.4,266.8,12.5,101.1,1306.6,4080.8,2821.8,1268.3,1148.3,81.8,48.9,1097.6,984.0,464.0,599.8,4545.5,5048.1,2554.2,1637.1,4501.0,4952.6,2442.3,1968.6,1673.0,2399.1,984.8,3010.2,1019.6,2730.6,1529.0,3783.6,6810.7,4580.9,1530.0,223.7
2026-09-27 00:30:00,705.1,486.1,979.5,639.4,667.0,255.1,2.0,19.3,268.5,12.9,103.1,1310.2,4381.0,2861.7,1247.4,1132.3,82.4,48.9,1096.8,978.6,464.7,593.9,4540.1,5056.3,2535.2,1631.0,4487.0,4937.5,2434.9,1954.8,1670.5,2413.4,981.0,2998.6,1014.1,2717.5,1525.1,3742.1,6798.6,4610.3,1519.8,211.2
2026-09-27 00:45:00,710.8,482.9,979.4,633.1,664.1,250.5,2.0,20.0,262.7,8.0,114.5,1311.6,4383.1,2896.3,1243.6,1107.8,93.0,48.9,1107.7,952.6,468.7,584.7,4534.6,5056.9,2515.3,1626.9,4478.9,4927.4,2429.5,1907.5,1670.6,2392.1,977.9,3007.2,1013.4,2709.0,1521.7,3684.1,6714.2,4658.9,1505.4,201.7
2026-09-27 01:00:00,705.3,478.9,863.1,577.6,610.8,246.5,2.0,18.4,299.3,7.2,139.2,1322.2,3909.6,3016.5,1212.5,1144.1,110.6,49.6,1076.4,948.9,465.3,595.1,4614.4,5182.4,2468.9,1620.8,4491.7,4945.2,2468.6,1914.4,1649.3,2450.2,979.9,2971.0,1011.4,2709.1,1536.9,3674.0,6850.6,4679.2,1501.0,183.1
2026-09-27 01:15:00,703.5,473.1,860.2,547.1,599.9,249.5,2.0,18.4,298.7,7.7,123.1,1324.4,4065.0,3059.8,1188.9,1160.6,122.8,49.6,1076.2,949.5,465.4,601.5,4604.6,5198.0,2451.7,1616.8,4480.2,4932.1,2464.9,1904.0,1646.2,2454.6,975.2,2958.8,1006.4,2704.8,1534.6,3632.0,6810.5,4686.1,1499.3,175.5
2026-09-27 01:30:00,699.6,467.9,853.3,521.8,587.5,250.5,2.0,18.4,301.2,9.9,120.9,1325.4,4048.5,3156.7,1174.1,1173.5,123.0,49.6,1074.5,943.7,464.8,597.4,4595.6,5225.6,2433.0,1609.8,4471.0,4921.5,2458.6,1894.0,1642.4,2503.5,971.1,2946.7,1009.2,2700.5,1531.4,3537.1,6763.4,4687.6,1501.6,169.6
2026-09-27 01:45:00,697.1,460.9,850.5,510.7,584.3,248.8,2.0,19.0,299.8,14.5,114.9,1338.1,4031.7,3253.2,1150.9,1182.7,123.1,49.6,1071.5,960.3,468.9,601.7,4584.1,5245.6,2417.8,1604.9,4463.0,4911.2,2454.7,1874.3,1646.6,2473.7,963.7,2940.0,1005.0,2696.0,1530.5,3508.6,6715.4,4687.6,1494.6,159.2
2026-09-27 02:00:00,701.7,452.6,841.0,461.4,573.4,250.8,18.0,1.2,293.4,13.2,148.5,1344.4,3948.5,3013.6,1142.1,1127.0,131.1,50.1,1139.4,949.0,456.9,608.4,4552.3,5317.2,2390.5,1593.7,4515.9,4915.0,2475.2,1869.6,1632.5,2512.9,956.6,2895.8,1007.6,2667.6,1578.1,3507.2,6682.8,4685.1,1503.8,139.0
2026-09-27 02:15:00,707.4,443.7,839.4,463.7,570.5,250.8,18.0,1.2,288.8,12.4,131.0,1347.2,3918.9,2804.7,1136.3,1110.6,132.0,50.1,1144.4,933.8,456.5,591.3,4548.6,5311.8,2378.1,1588.7,4505.3,4903.1,2470.9,1859.9,1630.3,2557.9,954.5,2890.3,1005.1,2660.8,1575.8,3479.7,6664.7,4714.3,1500.6,131.1
2026-09-27 02:30:00,705.1,434.8,838.3,432.2,575.2,251.0,18.0,1.3,290.9,14.9,129.2,1352.0,3892.4,2673.8,1167.6,1143.7,132.8,50.1,1142.8,923.7,454.2,591.3,4542.9,5369.2,2370.0,1584.6,4494.3,4891.8,2467.7,1856.0,1610.6,2588.4,948.3,2880.8,1004.2,2649.8,1573.2,3456.6,6651.3,4692.6,1497.9,122.1
2026-09-27 02:45:00,704.2,426.0,837.4,416.9,573.0,252.8,18.0,1.3,293.1,15.5,120.6,1374.0,3869.8,2573.7,1157.7,1147.1,133.5,50.2,1141.5,914.1,456.7,587.6,4536.9,5383.9,2362.4,1580.5,4485.4,4882.9,2466.7,1846.9,1609.6,2608.6,946.5,2881.2,1005.3,2634.6,1571.8,3421.3,6637.9,4728.7,1503.4,118.2
2026-09-27 03:00:00,706.3,416.6,837.3,400.3,568.7,340.5,8.0,1.3,288.6,15.5,164.8,1380.3,3838.3,2572.3,1113.9,1124.2,124.3,50.4,927.7,940.7,442.7,578.2,4416.0,5446.5,2341.1,1577.0,4366.5,4821.9,2511.9,1832.9,1618.4,2519.7,939.3,2891.6,1003.1,2616.3,1575.0,3389.1,6518.7,4525.8,1496.2,114.4
2026-09-27 03:15:00,702.0,410.4,839.8,376.0,568.8,342.7,8.0,1.2,281.1,17.3,165.4,1382.0,3794.2,2628.4,1137.7,1139.0,139.8,50.4,926.4,929.5,440.1,572.8,4424.7,5488.9,2335.9,1578.0,4363.0,4817.8,2511.2,1829.3,1602.6,2575.7,936.1,2884.2,1003.0,2598.2,1572.9,3350.8,6469.9,4516.8,1499.6,112.9
2026-09-27 03:30:00,701.1,404.1,847.4,374.9,569.6,343.0,8.0,1.4,284.7,18.0,152.3,1385.0,3757.5,2688.1,1129.8,1138.5,140.3,50.4,924.3,929.2,437.5,580.8,4436.6,5526.5,2332.8,1580.4,4358.1,4812.0,2510.7,1843.1,1600.8,2597.8,937.2,2871.2,1006.3,2582.1,1571.4,3313.7,6461.8,4515.1,1504.8,110.7
2026-09-27 03:45:00,699.8,398.1,858.3,350.3,577.7,341.7,8.0,1.3,286.3,21.0,143.1,1397.1,3726.9,2790.1,1124.7,1141.2,150.5,50.4,922.4,934.4,439.4,585.6,4445.8,5576.5,2330.5,1580.6,4353.9,4805.7,2510.3,1834.4,1600.8,2594.5,932.7,2869.4,1005.6,2567.1,1566.7,3271.1,6432.0,4598.3,1514.3,108.1
2026-09-27 04:00:00,703.9,393.4,876.2,457.5,573.9,390.4,18.0,1.3,284.0,19.9,84.4,1397.1,3736.6,2796.6,1198.4,1181.9,129.0,30.1,941.3,930.2,430.4,579.5,4485.1,5620.6,2323.0,1556.2,4341.1,4849.1,2536.1,1812.3,1595.6,2565.3,928.2,2885.3,1008.2,2544.0,1564.3,3378.2,6438.6,4480.3,1529.7,101.4
2026-09-27 04:15:00,700.9,386.9,883.7,426.4,575.7,391.2,18.0,1.3,283.9,16.5,83.7,1398.2,3676.3,2826.3,1305.8,1290.4,112.5,30.1,945.7,922.7,427.0,577.7,4492.3,5636.1,2322.0,1556.0,4338.8,4844.5,2538.6,1816.5,1596.9,2569.9,927.5,2882.8,1008.9,2544.3,1561.1,3338.8,6432.6,4544.3,1534.5,99.8
2026-09-27 04:30:00,698.6,379.7,894.7,392.8,580.2,389.7,18.0,1.3,280.9,17.3,75.7,1399.6,3628.9,2926.4,1351.2,1375.1,112.7,30.1,943.2,921.7,423.7,579.1,4490.5,5651.3,2323.2,1556.7,4335.8,4839.7,2539.0,1810.9,1597.2,2559.5,925.2,2884.9,1010.0,2546.2,1556.6,3353.1,6436.7,4566.5,1546.8,98.1
2026-09-27 04:45:00,691.7,372.7,908.6,392.2,586.9,388.6,18.0,1.3,286.6,18.1,74.7,1403.5,3594.4,3002.5,1352.5,1378.0,133.1,30.2,942.9,921.7,425.5,582.1,4492.4,5655.4,2320.6,1555.9,4341.7,4843.5,2537.7,1810.9,1596.3,2550.0,922.7,2880.1,1010.2,2548.3,1553.0,3358.7,6428.1,4559.9,1558.6,127.3
2026-09-27 05:00:00,688.6,368.6,935.4,240.7,595.6,545.6,8.0,2.8,287.9,19.2,47.4,1402.9,3623.4,3114.7,1381.8,1348.3,61.0,30.2,889.7,977.2,415.8,573.9,4570.2,5744.0,2348.8,1549.2,4204.0,4727.9,2558.5,1827.5,1595.5,2586.5,923.7,2856.3,1012.6,2554.1,1553.5,3377.4,6458.8,4427.4,1584.4,91.0
2026-09-27 05:15:00,721.0,362.7,947.5,263.4,605.4,551.7,8.0,2.9,287.8,16.3,56.9,1403.7,3568.7,3152.5,1378.6,1342.2,61.1,30.2,891.4,985.8,412.5,574.6,4575.5,5740.0,2350.5,1549.1,4272.0,4794.9,2561.0,1833.5,1597.7,2578.5,921.5,2853.6,1010.6,2557.1,1551.1,3364.8,6469.5,4464.5,1602.4,89.8
2026-09-27 05:30:00,717.1,356.1,948.1,264.4,610.3,562.4,8.0,2.7,291.2,16.0,65.4,1403.9,3522.8,3164.7,1338.2,1344.8,63.3,30.3,891.5,978.5,409.8,576.5,4580.7,5738.3,2354.9,1548.0,4280.0,4803.0,2572.9,1851.3,1597.3,2570.3,921.8,2855.7,1011.0,2559.8,1549.5,3394.1,6487.2,4456.5,1617.8,88.7
2026-09-27 05:45:00,711.2,350.2,950.1,253.6,617.6,573.8,8.0,2.7,293.9,13.6,82.1,1404.0,3469.3,3307.0,1330.8,1337.6,90.5,30.3,901.0,981.0,405.7,571.3,4569.7,5695.9,2360.3,1547.9,4285.7,4808.9,2578.9,1853.6,1599.2,2576.6,923.7,2864.7,1013.1,2562.0,1548.4,3434.8,6510.0,4418.7,1630.4,88.2
2026-09-27 06:00:00,700.4,347.4,963.3,227.2,626.6,665.4,28.8,2.7,297.3,20.0,77.9,1399.2,3599.9,3444.5,1401.8,1352.1,41.2,24.2,917.9,1004.5,409.4,246.3,4602.6,5740.2,2389.7,1513.1,3985.3,4662.1,2562.1,1830.2,1607.7,2552.7,929.0,2712.9,1020.4,2665.5,1519.5,3305.0,6630.2,4375.1,1663.7,91.7
2026-09-27 06:15:00,697.7,347.7,972.8,216.3,641.7,659.7,28.8,2.7,297.6,15.5,85.0,1400.7,3525.1,3571.5,1402.0,1344.8,43.6,24.1,921.7,1008.0,408.9,244.7,4587.9,5710.9,2404.4,1513.0,3990.1,4668.3,2568.0,1837.3,1609.9,2556.3,934.0,2730.5,1025.0,2670.1,1522.6,3306.4,6636.1,4375.6,1680.9,143.1
2026-09-27 06:30:00,687.9,356.9,977.1,200.3,648.9,649.9,28.3,2.6,300.0,21.0,86.6,1400.5,3484.4,3611.4,1368.2,1361.0,58.1,24.2,924.1,1034.1,408.9,250.3,4598.8,5688.7,2415.4,1513.9,3996.9,4676.1,2570.5,1845.2,1612.2,2561.2,936.8,2739.3,1028.8,2674.0,1531.9,3314.2,6658.8,4393.7,1689.4,90.6
2026-09-27 06:45:00,685.2,360.2,983.2,203.7,650.4,655.5,28.3,2.6,303.5,20.9,99.3,1401.6,3444.0,3712.9,1365.9,1357.8,52.5,24.2,930.0,1031.0,411.2,263.6,4609.2,5691.4,2430.0,1513.7,4002.1,4683.3,2577.4,1863.3,1613.2,2566.2,939.7,2741.7,1033.9,2676.7,1540.5,3377.2,6681.5,4360.3,1707.1,92.2
2026-09-27 07:00:00,700.1,353.4,985.5,222.1,662.9,419.9,70.0,4.0,316.7,21.0,37.5,1416.3,3630.5,3963.0,1401.1,1208.8,39.0,33.3,987.7,903.5,425.4,289.3,4562.9,5598.8,2457.0,1585.4,3724.1,4305.6,2519.2,1836.7,1646.7,2557.2,954.3,2612.2,1038.9,2787.4,1552.8,3253.0,6745.3,4330.3,1720.1,87.8
2026-09-27 07:15:00,706.1,392.7,967.0,232.7,672.3,451.5,70.0,3.7,315.5,17.7,35.1,1406.8,3548.7,4090.4,1435.2,1012.2,18.8,38.1,993.7,901.5,428.6,302.9,4582.2,5593.7,2472.9,1584.7,3727.9,4294.7,2518.3,1860.9,1649.0,2568.9,958.1,2592.1,1044.2,2785.7,1559.8,3311.8,6778.4,4347.7,1730.0,145.9
2026-09-27 07:30:00,713.6,426.6,926.4,247.5,682.2,481.7,70.0,4.3,313.1,10.5,51.3,1410.2,4054.2,4287.0,1457.1,912.7,38.8,50.4,999.3,920.1,429.1,318.8,4576.1,5563.5,2497.6,1588.2,3737.1,4292.9,2524.7,1875.4,1651.4,2575.0,962.9,2613.2,1044.7,2781.0,1565.3,3350.0,6803.4,4287.1,1740.8,95.1
2026-09-27 07:45:00,710.6,499.0,880.3,260.3,688.3,521.9,73.0,5.1,312.3,6.1,73.5,1412.7,4353.4,4448.6,1482.2,892.4,38.8,62.9,1015.8,876.9,441.8,261.2,4564.6,5602.8,2524.1,1589.1,3740.6,4239.4,2523.6,1874.9,1657.5,2569.5,966.8,2195.9,1045.4,2773.5,1564.0,3346.6,6833.1,4275.4,1747.3,92.3
2026-09-27 08:00:00,707.6,501.4,836.5,273.1,692.9,483.9,61.0,18.0,299.7,14.4,40.1,1442.2,3790.7,4800.3,1645.3,898.6,38.8,120.4,1190.4,943.1,439.6,362.2,4486.7,5416.3,2572.9,1580.7,3948.2,3081.3,2465.7,1813.3,1680.5,2579.3,985.7,3115.4,1040.9,2809.1,1569.3,3519.8,6874.8,4397.6,1726.4,153.4
2026-09-27 08:15:00,701.8,571.5,783.7,275.6,701.4,528.9,61.1,16.3,279.9,17.9,52.1,1443.0,4539.7,4929.8,1643.1,893.1,38.8,135.6,1179.9,946.8,429.8,359.2,4515.3,5408.4,2591.8,1575.6,3955.0,2982.6,2491.9,1833.6,1685.8,2581.4,991.7,2577.9,1029.1,2795.5,1566.5,3680.0,6913.2,4265.2,1718.2,155.4
2026-09-27 08:30:00,704.8,608.4,724.8,291.9,700.8,563.3,61.1,17.4,260.0,17.7,76.4,1459.7,4428.5,5141.3,1610.2,879.4,38.8,137.6,1186.0,927.8,425.8,250.0,4516.7,5461.5,2617.7,1576.2,3960.8,2776.5,2495.3,1847.1,1684.7,2575.5,1000.1,2142.7,1041.4,2775.8,1570.3,3704.2,6952.8,4209.2,1713.2,162.0
2026-09-27 08:45:00,692.5,665.9,676.6,331.3,706.6,584.2,69.6,18.7,232.5,19.4,51.6,1476.5,4573.5,5234.1,1554.7,865.8,38.8,149.9,1213.7,956.5,446.0,234.9,4527.2,5413.0,2634.0,1578.2,3960.7,2569.6,2502.7,1900.1,1671.6,2632.6,1006.0,1685.6,1048.6,2754.5,1575.7,3718.8,6997.0,4148.2,1721.5,155.3
2026-09-27 09:00:00,679.6,696.2,637.3,361.5,710.6,598.8,70.0,9.7,221.5,57.0,82.7,1514.9,4749.9,5477.1,1699.3,1004.0,13.8,241.1,1261.5,770.5,434.0,242.0,4552.0,5357.1,2688.0,1446.9,4046.4,2382.8,2513.3,1992.3,1689.8,2674.5,1027.9,1614.1,1060.3,2739.8,1591.1,3654.7,7015.7,3937.9,1705.9,143.4
2026-09-27 09:15:00,679.0,726.8,571.6,390.3,708.0,638.0,70.2,10.8,184.8,51.7,101.5,1531.9,4936.9,5377.6,1662.3,996.8,13.8,229.5,1258.5,765.8,439.8,234.0,4576.2,5257.1,2712.6,1396.2,4072.1,2388.3,2517.3,1970.4,1691.0,2730.8,1035.8,1205.1,1067.4,2707.1,1609.9,3633.9,7049.4,3904.3,1701.6,131.0
2026-09-27 09:30:00,655.8,747.7,524.0,408.2,709.5,662.5,70.2,12.7,150.6,47.2,132.5,1560.6,5199.1,5372.4,1631.4,998.2,13.8,95.5,1443.0,785.1,451.3,237.7,4609.8,5097.7,2725.2,1391.4,4068.7,2393.6,2518.4,1949.7,1689.7,2686.0,1089.1,1202.1,1069.6,2675.4,1625.3,3540.4,7081.1,3898.6,1687.2,137.5
2026-09-27 09:45:00,644.8,774.5,694.7,430.7,722.4,629.0,70.3,13.6,112.1,57.4,128.3,1581.1,5625.8,5420.4,1577.6,1043.6,13.8,133.9,1444.9,833.5,457.0,263.9,4628.0,4927.5,2740.9,1378.1,4062.2,2398.2,2525.1,1886.9,1689.9,2640.1,1064.8,1201.6,1069.1,2608.8,1633.3,3333.0,7134.7,3908.4,1665.9,146.6
2026-09-27 10:00:00,637.7,807.2,648.7,451.7,719.3,639.1,11.4,23.5,87.7,120.4,166.1,1624.2,6323.4,5397.8,1812.7,1115.6,37.1,231.8,1500.3,905.0,503.0,266.1,4683.5,4970.7,2777.9,1528.8,4036.5,2234.5,2535.1,1791.3,1706.0,2713.0,1284.4,927.6,1062.4,2447.8,1625.3,2937.2,7154.8,3899.8,1644.7,161.1
2026-09-27 10:15:00,629.1,820.1,619.5,477.8,713.8,625.1,11.4,24.3,86.5,132.5,156.7,1642.9,6446.3,5389.4,1804.5,1129.0,33.2,300.7,1526.9,950.4,504.3,299.4,4692.8,4817.4,2780.8,1528.8,4049.2,2245.8,2536.8,1714.4,1710.2,2643.4,1277.9,933.2,1062.5,2368.0,1617.9,2714.1,7170.6,3906.5,1607.7,170.8
2026-09-27 10:30:00,619.1,834.9,815.1,516.7,709.1,647.5,11.6,25.1,85.0,158.1,162.6,1672.8,6535.9,5181.1,1781.2,1145.8,33.2,336.2,1535.3,866.4,516.5,294.2,4680.0,4765.7,2792.0,1528.8,4058.0,2260.1,2534.0,1678.2,1704.3,2644.1,1279.3,971.7,1057.4,2309.0,1607.2,2716.6,7156.9,3920.7,1580.1,178.5
2026-09-27 10:45:00,603.8,844.4,806.8,546.9,716.2,628.7,12.5,26.6,84.2,184.7,146.7,1689.2,6646.0,5135.3,1739.6,1230.1,19.9,331.3,1539.9,795.6,536.4,187.8,4669.7,4720.4,2793.4,1527.7,4056.7,2274.4,2533.1,1688.5,1703.7,2631.6,1276.9,969.1,1056.4,2272.7,1586.7,2678.8,7140.4,3933.7,1554.2,188.2
2026-09-27 11:00:00,654.8,835.4,808.3,572.9,747.8,639.5,2.5,29.6,127.1,199.6,178.2,1724.3,6864.4,4758.1,1851.8,1283.9,59.9,348.7,1670.0,681.6,507.5,325.2,4667.6,4663.0,2807.4,1485.8,3871.7,2535.9,2538.8,1534.0,1695.7,2602.7,1278.6,960.2,1052.9,2224.4,1554.6,2454.1,7126.4,3919.1,1560.6,204.1
2026-09-27 11:15:00,649.6,839.5,1021.9,573.7,726.0,673.8,2.8,28.6,125.9,230.8,172.8,1738.2,6883.6,4697.2,1791.7,1323.1,53.8,357.0,1626.0,693.2,505.0,309.3,4650.8,4658.3,2806.7,1488.9,3866.5,2547.3,2538.1,1544.6,1695.4,2595.0,1277.6,960.2,1053.0,2211.3,1539.2,2500.9,7106.3,3926.1,1533.5,212.7
2026-09-27 11:30:00,649.4,839.3,1012.0,583.4,724.4,681.4,5.0,30.3,125.1,265.6,176.1,1750.2,6867.9,4184.3,1752.8,1383.0,53.8,364.2,1693.3,739.0,501.9,274.3,4679.3,4629.8,2802.7,1490.9,3878.6,2558.3,2534.1,1548.3,1696.0,2581.8,1277.7,960.0,1048.6,2197.9,1533.9,2489.5,7086.8,3939.1,1518.2,221.9
2026-09-27 11:45:00,642.8,836.4,1007.7,600.4,725.4,691.1,21.1,30.5,123.9,293.2,178.4,1747.1,7692.0,4006.7,1732.0,1389.6,53.8,376.1,1691.1,780.7,507.0,241.5,4657.3,4599.2,2795.0,1494.1,3879.2,2570.4,2534.8,1546.2,1698.0,2583.5,1281.0,959.6,1049.6,2182.7,1538.1,2463.7,7072.1,3950.5,1504.0,230.8
2026-09-27 12:00:00,694.3,861.7,1089.8,609.1,748.8,652.3,5.2,35.8,99.0,302.3,180.5,1728.4,7329.9,3688.9,1726.7,1435.9,78.8,369.6,1861.2,762.4,525.0,262.4,4678.8,4499.8,2789.3,1433.8,3954.4,2603.4,2543.2,1513.6,1687.5,2551.4,1286.5,962.1,1011.1,2110.9,1463.2,2442.1,7059.9,3946.8,1443.9,241.6
2026-09-27 12:15:00,700.4,857.8,1092.1,610.6,755.7,653.4,5.2,36.4,97.8,337.7,195.0,1731.3,7329.4,3719.2,1708.5,1458.0,78.7,382.1,1839.9,781.2,525.3,237.1,4688.5,4476.7,2782.8,1436.9,3945.3,2560.8,2542.8,1507.7,1687.9,2549.5,1286.6,961.4,1011.1,2097.2,1472.8,2461.4,7056.8,3952.1,1420.2,248.0
2026-09-27 12:30:00,680.7,844.5,1092.0,588.7,756.5,654.3,14.4,37.0,97.0,369.5,192.6,1740.1,7324.5,3758.1,1700.0,1495.7,78.7,389.5,1830.2,815.8,525.5,231.0,4646.7,4460.7,2779.1,1440.1,3944.8,2552.7,2535.9,1503.7,1685.9,2544.2,1290.8,961.3,1009.8,2086.0,1476.8,2483.7,7094.4,3957.5,1410.8,252.7
2026-09-27 12:45:00,691.7,833.6,1091.8,566.3,741.4,670.4,21.2,37.0,98.6,397.4,202.0,1732.2,7347.5,3770.7,1695.3,1501.9,78.7,374.7,1881.5,839.6,528.6,215.2,4679.7,4448.8,2780.0,1444.2,3940.7,2548.8,2538.1,1496.3,1690.0,2548.8,1283.4,961.5,1006.7,2076.9,1474.9,2509.1,7068.6,3964.1,1403.3,258.7
2026-09-27 13:00:00,700.4,806.2,1112.9,561.4,810.3,709.4,21.1,37.5,101.9,395.9,235.7,1495.9,7195.6,3814.4,1679.0,1494.2,118.1,257.0,2025.8,904.6,524.3,176.2,4670.0,4406.0,2777.0,1491.8,3956.9,2500.5,2507.9,1487.6,1687.0,2562.3,1287.5,962.0,998.9,2100.4,1464.4,2537.4,7122.0,4087.3,1396.3,258.6
2026-09-27 13:15:00,702.4,796.6,1128.7,550.0,814.6,706.3,20.9,37.3,100.7,411.8,223.3,1495.4,7236.6,3808.5,1684.0,1524.9,118.1,256.9,2042.0,936.7,527.2,177.3,4638.9,4378.7,2777.1,1494.5,3958.5,2497.2,2507.0,1486.1,1687.7,2561.6,1287.7,962.2,999.7,2093.5,1455.9,2565.6,7131.4,4093.5,1393.5,264.3
2026-09-27 13:30:00,705.5,777.8,1139.2,536.1,801.5,701.1,20.9,36.7,100.3,412.7,221.7,1500.8,7228.0,3815.6,1696.7,1377.4,118.1,263.7,2088.8,968.2,533.9,167.5,4667.3,4362.0,2772.3,1498.9,3954.8,2486.5,2503.2,1477.3,1686.7,2560.5,1286.2,962.0,995.3,2087.8,1450.2,2593.6,7107.4,4096.3,1382.1,268.9
2026-09-27 13:45:00,705.0,778.8,1157.2,532.9,814.2,687.6,20.9,36.1,100.3,335.3,196.6,1501.0,7251.8,3806.8,1708.0,1364.7,118.1,270.4,2093.0,1007.4,583.2,147.6,4665.1,4335.1,2770.7,1501.3,3947.6,2475.7,2505.3,1476.9,1687.5,2557.6,1284.1,961.9,998.1,2082.8,1448.3,2623.9,7089.6,4099.2,1376.7,272.5
2026-09-27 14:00:00,672.4,753.2,1177.4,508.1,826.5,722.5,20.6,37.8,101.3,403.3,181.7,1509.8,7023.1,3938.2,1709.5,1371.0,118.2,266.2,2001.1,1012.4,585.6,144.3,4736.0,4403.1,2778.8,1507.1,3939.2,2556.0,2508.8,1510.5,1693.2,2596.6,1285.1,958.3,997.2,2081.1,1455.5,2679.3,7132.1,4101.4,1374.0,278.2
2026-09-27 14:15:00,690.1,726.4,1205.7,484.2,818.5,715.5,4.5,36.9,98.9,387.6,183.5,1511.3,6980.1,3956.9,1715.8,1449.0,118.1,264.3,2016.9,1039.2,588.2,144.4,4723.2,4443.6,2780.5,1509.7,3941.2,2560.9,2510.8,1510.4,1695.2,2592.8,1280.1,957.9,999.5,2077.5,1453.4,2721.2,7145.5,4091.3,1379.2,280.7
2026-09-27 14:30:00,690.5,695.9,1233.6,459.3,808.1,722.5,3.7,36.7,98.9,300.7,197.2,1510.1,6987.8,3961.5,1717.0,1358.6,118.1,250.5,2014.4,1058.1,590.7,138.7,4704.5,4420.9,2782.4,1514.6,3940.5,2723.3,2507.0,1508.0,1691.2,2583.0,1281.5,957.7,999.1,2074.9,1448.9,2781.7,7144.3,4086.2,1371.7,282.1
2026-09-27 14:45:00,694.3,670.2,1263.4,421.1,771.5,696.4,3.1,34.7,99.3,285.8,200.5,1511.3,6197.9,3927.7,1714.9,1364.1,118.0,238.7,2025.2,1092.2,592.4,145.3,4723.5,4407.5,2787.8,1516.6,3943.8,2741.3,2511.2,1503.3,1693.3,2581.3,1264.9,957.9,998.8,2073.7,1441.9,2912.1,7161.8,4072.2,1386.4,282.2
2026-09-27 15:00:00,679.2,638.6,1223.1,394.5,719.8,688.2,3.0,33.3,95.2,282.7,255.4,1751.7,5927.1,4495.2,1799.6,1327.8,103.6,287.9,2037.9,1121.5,580.6,130.6,4804.9,4458.1,2809.6,1492.2,3921.4,2825.2,2533.0,1519.3,1709.7,2628.5,1258.3,954.2,1000.4,2061.7,1438.6,2948.6,7120.9,3927.9,1400.8,279.9
2026-09-27 15:15:00,692.3,601.5,1066.7,371.0,736.0,664.7,1.9,32.2,96.0,257.1,253.5,1750.1,5893.1,4428.9,1808.7,1313.4,103.5,269.3,2048.1,1141.6,574.5,127.0,4791.8,4398.6,2817.0,1494.0,3920.4,2832.1,2533.7,1526.0,1714.6,2629.0,1266.9,953.7,1002.7,2063.0,1441.4,2963.8,7099.6,3916.0,1419.2,277.9
2026-09-27 15:30:00,716.2,552.2,918.5,330.5,725.2,655.1,1.2,30.4,96.8,258.6,240.6,1775.8,6189.1,4440.3,1810.1,1323.2,103.4,171.6,2066.6,1152.4,556.3,114.7,4798.6,4398.7,2827.8,1496.0,3927.2,2841.6,2533.1,1509.8,1715.7,2627.8,1253.1,969.2,1004.1,2066.2,1459.8,3007.8,7171.5,3890.5,1444.8,272.7
2026-09-27 15:45:00,707.3,511.6,970.3,296.0,735.7,646.4,1.0,29.4,98.0,236.2,232.4,1790.6,6210.9,4390.5,1826.8,1275.5,103.2,102.6,2098.5,1181.5,550.9,158.3,4803.1,4425.6,2837.4,1496.8,3923.6,2850.3,2537.0,1496.0,1715.4,2659.1,1244.3,981.9,1008.7,2067.3,1486.9,3223.1,7230.3,3872.1,1466.6,269.6
2026-09-27 16:00:00,750.4,467.4,1059.9,273.8,737.4,669.4,16.8,31.7,93.3,190.3,225.7,1735.1,6268.1,4390.5,1526.6,1164.3,113.7,38.6,1701.1,1290.9,530.5,221.9,4931.0,4446.6,2873.5,1522.5,4293.4,2628.3,2544.1,1803.8,1764.9,2785.8,1055.5,1201.9,1020.5,2183.2,1534.9,4088.1,7380.4,3846.1,1503.1,268.1
2026-09-27 16:15:00,758.9,417.2,921.5,239.3,746.9,616.3,1.0,30.4,94.1,141.5,234.8,1718.3,6121.7,4457.3,1591.0,1125.1,86.0,98.4,1707.0,1311.5,499.1,214.0,4935.1,4451.4,2888.7,1522.4,4304.8,2635.9,2547.0,1837.1,1747.6,2835.4,1053.6,1179.8,1027.2,2186.1,1569.8,4261.2,7475.6,3823.4,1535.8,271.1
2026-09-27 16:30:00,773.0,380.8,1009.7,213.3,759.8,573.4,1.0,28.5,96.1,104.2,229.9,1690.4,6115.6,4314.5,1696.5,1104.2,85.7,165.0,1694.3,2226.6,493.0,777.4,4932.8,4473.5,2904.5,1523.4,4317.7,2642.0,2547.8,1817.3,1739.8,3033.7,1053.7,1222.4,1034.0,2190.5,1590.3,4366.4,7567.5,3810.4,1570.9,269.8
2026-09-27 16:45:00,786.5,350.3,1094.9,188.2,773.7,514.2,1.0,27.7,117.9,112.8,201.3,1669.9,5151.0,4203.5,1733.4,1105.1,85.3,157.9,1500.0,2545.9,479.4,843.3,4946.5,4514.9,2921.8,1524.6,4315.0,2645.2,2552.7,1893.9,1725.9,3197.4,1052.8,1163.6,1039.5,2195.0,1606.3,4464.0,7650.1,3835.9,1604.6,269.1
2026-09-27 17:00:00,812.9,311.3,1178.7,152.8,795.2,515.0,21.4,36.1,133.4,82.8,227.5,1622.9,5159.1,4120.5,1650.4,1045.6,16.6,71.7,1481.0,3091.9,490.7,859.1,5115.3,4536.5,2951.3,1397.1,4340.6,2544.8,2553.5,2108.5,1777.2,2864.6,1049.1,1529.1,1046.5,3470.6,1615.8,5059.8,7757.7,3879.2,1668.1,291.5
2026-09-27 17:15:00,813.4,403.3,1243.3,128.8,795.9,476.7,12.0,36.8,162.2,89.2,174.1,1596.3,5011.3,4364.8,1667.6,993.5,15.5,50.0,1361.8,3514.6,475.8,908.9,5130.5,4619.7,2973.9,1396.4,4274.1,2676.1,2549.9,2188.0,1779.1,2847.2,1045.3,1964.9,1050.1,3481.4,1614.8,5200.9,7828.1,3952.5,1690.9,295.3
2026-09-27 17:30:00,818.8,444.3,1297.8,116.1,805.8,479.4,12.0,37.6,202.6,85.9,168.9,1549.8,4989.6,4250.6,1744.4,1093.3,14.3,87.5,1362.8,3605.8,486.8,1124.7,5145.9,4609.2,2979.3,1468.3,4280.3,3352.7,2548.4,2001.9,1783.4,2844.0,1045.7,2266.6,1051.5,3494.1,1612.8,5256.2,7913.8,4093.0,1720.7,305.0
2026-09-27 17:45:00,844.0,466.0,1325.2,129.8,823.6,513.0,12.0,31.6,243.0,73.0,138.9,1577.8,4956.9,4003.4,1867.1,1300.6,13.3,97.3,1368.0,3653.2,492.9,1166.9,5221.9,4565.7,2991.5,1592.3,4284.0,3771.0,2554.3,1901.0,1785.3,2865.1,1048.9,3309.0,1051.7,3509.4,1611.5,5223.0,7998.5,4104.1,1745.8,309.0
2026-09-27 18:00:00,857.4,478.8,1357.1,255.8,838.8,608.4,12.0,18.2,268.8,68.4,117.2,1423.9,4256.9,3418.1,1802.0,1449.0,101.7,16.3,1476.3,3757.8,533.9,1171.0,5372.3,4482.6,3007.9,1562.2,4411.4,4188.7,2548.9,2040.6,1771.4,3200.9,1050.4,3967.6,1045.9,2883.6,1561.1,5251.7,8133.9,4452.3,1763.2,324.8
2026-09-27 18:15:00,870.7,553.8,1380.3,264.2,842.4,629.8,12.0,16.1,299.0,65.5,132.5,1402.3,4227.9,3577.4,1872.8,1435.7,79.9,37.3,1480.3,3778.7,523.4,1185.8,5417.7,4478.4,3018.3,1609.0,4423.3,4524.6,2554.2,1944.4,1767.8,3186.1,1051.2,4302.8,1047.8,2904.1,1559.9,5318.6,8162.9,4494.6,1766.8,335.2
2026-09-27 18:30:00,882.5,566.4,1405.8,269.9,848.7,646.2,12.0,15.8,322.4,56.5,184.4,1404.4,4223.7,3745.5,1875.0,1417.4,98.1,38.2,1495.3,3773.9,529.7,1195.3,5429.1,4539.2,3034.2,1563.6,4365.3,4778.7,2557.0,1999.9,1798.5,3055.8,1063.4,4062.1,1052.6,2923.8,1558.1,5427.8,8204.9,4561.8,1772.7,340.8
2026-09-27 18:45:00,885.7,563.2,1417.5,271.9,862.1,623.3,12.0,18.5,324.3,55.1,206.3,1390.0,3003.4,4033.7,1922.4,1465.7,96.4,28.3,1490.7,3793.5,528.9,1211.9,5441.3,4574.2,3052.6,1563.9,4375.3,4601.2,2556.4,1975.0,1799.2,2911.6,1046.7,3870.2,1056.2,2943.5,1568.4,5533.6,8237.8,4647.5,1788.2,398.8
2026-09-27 19:00:00,894.3,565.4,1428.2,275.8,864.8,658.8,12.0,18.5,344.8,52.1,182.9,1367.2,3500.2,3849.1,2045.6,1564.6,68.6,32.2,1531.4,3918.9,551.0,1186.9,5448.3,4637.9,3083.4,1722.7,4682.2,5403.6,2568.7,2145.9,1805.8,3215.0,1051.6,3783.6,1062.0,2419.0,1575.1,5613.9,8326.2,4693.7,1804.9,428.5
2026-09-27 19:15:00,894.6,573.5,1425.9,282.4,865.1,659.1,12.0,18.3,341.3,44.2,205.3,1358.5,3316.6,3932.0,2039.7,1505.1,66.7,32.2,1509.8,3928.4,544.5,1197.2,5470.4,4620.5,3098.2,1725.0,4697.9,5298.4,2575.7,2084.1,1826.9,3198.3,1063.1,3806.7,1066.8,2436.4,1579.4,5674.5,8347.6,4657.0,1818.2,458.8
2026-09-27 19:30:00,890.2,580.4,1413.5,288.0,861.5,661.8,12.0,20.9,349.4,47.9,213.1,1349.3,2942.2,4094.1,1983.9,1519.6,79.8,32.1,1504.5,3949.1,541.6,1205.3,5465.5,4637.5,3107.3,1725.2,4712.0,5148.2,2577.6,2066.1,1831.4,3115.3,1071.1,3732.1,1068.2,2452.2,1573.6,5750.0,8335.3,4650.2,1823.0,484.2
2026-09-27 19:45:00,883.9,567.1,1396.5,293.6,858.7,654.0,12.0,19.9,348.9,48.5,207.0,1339.3,2902.4,4356.9,1980.2,1540.8,62.9,31.9,1485.7,3980.2,534.5,1217.6,5471.8,4639.9,3120.2,1725.4,4719.0,4948.3,2586.0,2050.3,1835.3,3045.7,1079.7,3641.2,1063.0,2465.8,1569.3,5796.9,8299.8,4667.9,1807.4,484.4
2026-09-27 20:00:00,870.7,534.9,1366.5,260.1,847.0,608.5,12.0,19.5,357.0,31.1,249.0,1318.9,2917.1,4594.8,2030.8,1571.1,124.6,15.0,1645.2,3936.2,522.4,1213.0,5256.5,4602.1,3155.6,1761.5,4696.3,4448.3,2591.4,2155.5,1828.1,3108.6,1098.8,3464.7,1053.6,2394.0,1575.8,5431.5,8173.9,4744.0,1778.1,521.8
2026-09-27 20:15:00,860.3,504.1,1336.3,271.0,843.7,580.7,12.0,20.0,345.9,31.2,228.2,1318.9,3461.1,4580.6,1992.7,1569.8,123.2,15.0,1639.4,3931.6,515.5,1220.2,5242.9,4605.3,3155.5,1760.8,4701.5,4356.6,2596.1,2136.6,1835.5,2960.3,1098.9,3439.9,1047.8,2407.0,1560.4,5485.7,8115.0,4695.2,1761.8,546.4
2026-09-27 20:30:00,854.0,503.9,1300.9,284.1,835.5,582.4,12.0,20.5,346.0,40.7,196.2,1293.8,4151.0,4621.4,1972.0,1601.7,122.5,15.0,1632.9,3931.2,511.8,1225.0,5242.5,4588.7,3149.9,1762.2,4694.2,4330.7,2590.5,2120.4,1837.6,2955.0,1098.7,3438.8,1044.0,2423.0,1553.9,5509.9,8069.2,4623.6,1749.2,562.6
2026-09-27 20:45:00,838.4,486.6,1268.0,293.9,817.4,564.2,12.0,20.8,344.5,41.1,190.4,1293.9,4161.9,4566.8,1949.9,1603.4,135.7,15.0,1626.7,3915.2,509.1,1228.6,5238.0,4569.0,3143.0,1709.2,4695.9,4312.6,2589.9,2114.0,1832.0,2954.2,1093.7,3344.2,1044.5,2440.0,1546.9,5483.2,8011.6,4643.6,1726.0,576.6
2026-09-27 21:00:00,821.9,451.7,1237.9,189.3,793.0,533.1,28.0,2.5,334.8,42.6,223.2,1274.4,4126.9,4487.0,1915.1,1581.1,99.6,15.1,1593.1,3643.0,480.1,1246.9,5264.3,4479.3,3120.6,1660.8,4538.4,4323.4,2578.4,2217.6,1804.4,2921.7,1090.1,3161.9,1042.6,2450.9,1475.6,5280.9,7876.6,4845.7,1703.2,597.2
2026-09-27 21:15:00,812.3,436.1,1202.4,200.7,780.5,530.3,28.0,2.5,332.8,40.3,187.1,1274.3,4124.9,4430.3,1923.2,1559.2,83.6,15.1,1587.3,3620.7,474.0,1249.1,5299.9,4486.5,3097.7,1654.5,4517.9,4292.0,2575.0,2207.4,1804.9,2894.0,1082.1,2926.8,1039.8,2471.0,1472.0,5304.4,7786.7,4778.1,1678.4,615.8
2026-09-27 21:30:00,784.6,433.6,1164.4,198.4,769.6,526.7,28.1,2.9,328.4,41.9,177.9,1275.2,4122.1,4384.6,1964.9,1574.3,85.5,15.1,1580.9,3526.9,472.9,1231.4,5305.7,4466.7,3077.6,1652.1,4509.3,4246.2,2569.3,2203.8,1811.7,2885.1,1098.1,2781.7,1037.7,2487.2,1467.3,5280.8,7700.5,4776.0,1661.4,632.3
2026-09-27 21:45:00,766.5,415.7,1132.9,210.1,743.2,525.0,28.0,3.2,324.0,44.3,143.2,1276.2,4447.8,4457.7,1957.8,1566.0,104.5,26.9,1576.6,3495.7,473.5,1124.2,5278.9,4469.4,3057.3,1651.5,4491.9,4241.8,2565.1,2207.2,1811.0,2863.6,1090.0,2672.2,1030.2,2500.2,1460.3,5173.7,7650.5,4815.8,1636.2,648.0
2026-09-27 22:00:00,754.6,427.6,1099.6,223.8,715.8,383.6,32.3,3.5,331.2,32.4,163.9,1272.3,3874.7,4171.0,1865.1,1529.8,18.5,75.2,1540.8,3324.3,473.9,1194.7,5186.6,4474.2,3016.4,1705.7,4419.2,4085.6,2557.8,2296.5,1794.2,2804.7,1085.6,2639.5,1018.3,2441.1,1481.8,5068.7,7509.2,4885.4,1612.6,670.6
2026-09-27 22:15:00,742.5,422.1,1068.6,236.3,709.7,386.3,32.3,3.2,335.6,31.9,145.6,1272.9,3897.7,3972.1,1832.6,1510.7,19.6,75.2,1536.4,3279.6,463.9,1181.2,5146.5,4429.6,2985.2,1706.3,4475.5,4112.1,2552.5,2294.2,1790.7,2798.2,1080.1,2404.8,1011.9,2448.5,1475.3,5024.8,7429.9,4883.3,1586.9,675.0
2026-09-27 22:30:00,731.0,421.6,1038.1,250.5,692.7,390.5,32.5,3.2,323.5,31.9,140.5,1269.6,3904.1,4015.4,1832.0,1537.7,18.8,75.2,1532.0,3251.4,465.9,1182.5,5094.6,4402.1,2953.6,1705.9,4455.5,4042.8,2544.1,2289.4,1784.4,2775.5,1078.0,2378.4,1006.1,2456.5,1467.7,4900.1,7349.2,4892.7,1569.8,679.0
2026-09-27 22:45:00,725.1,388.4,1009.1,247.2,681.1,390.2,35.1,3.1,315.3,31.4,124.7,1269.8,4486.7,4038.8,1801.5,1521.4,17.7,75.2,1529.7,3194.9,463.1,1183.1,5074.6,4394.3,2919.8,1706.6,4437.9,4027.1,2540.1,2299.8,1796.9,2584.1,1071.3,2384.8,1001.2,2465.0,1460.4,4928.4,7262.3,4890.8,1545.3,679.0
2026-09-27 23:00:00,730.5,326.1,999.9,251.9,662.2,337.4,28.4,11.6,310.0,34.2,140.9,1270.2,3739.4,3901.7,1720.8,1516.8,22.3,114.1,1435.3,2829.8,437.8,1230.9,4969.4,4331.2,2841.2,1683.5,4317.2,4195.5,2503.5,2375.5,1772.2,2720.4,1051.6,2739.3,995.1,2422.5,1491.0,4730.8,7172.8,4984.7,1515.1,662.8
2026-09-27 23:15:00,722.7,294.8,993.2,263.0,659.0,343.6,28.4,11.6,306.1,34.0,126.0,1272.6,4081.0,3657.5,1692.5,1505.4,22.0,114.5,1434.3,2731.8,434.3,1218.9,4941.3,4339.8,2802.6,1685.1,4294.4,4170.8,2506.1,2388.0,1765.9,2574.6,1043.3,2853.2,988.9,2433.7,1482.6,4765.5,7117.8,4944.2,1498.2,660.0
2026-09-27 23:30:00,716.4,289.4,978.5,275.8,643.2,350.3,31.0,10.6,301.9,34.5,129.5,1279.4,4337.8,3772.9,1693.7,1507.5,22.4,114.9,1434.0,2638.5,434.0,1229.0,4886.0,4343.9,2767.4,1689.3,4273.0,4108.9,2494.1,2395.4,1762.3,2385.0,1035.3,2812.5,985.3,2448.5,1473.2,4811.2,7065.5,4881.6,1490.8,654.8
2026-09-27 23:45:00,713.8,282.6,967.1,296.2,651.1,355.6,31.1,10.7,300.5,31.1,123.0,1279.1,4603.8,3709.7,1705.1,1509.4,22.1,115.3,1433.2,2573.2,435.3,1215.1,4836.1,4305.6,2733.2,1691.9,4254.3,4100.2,2486.3,2409.4,1765.1,2191.2,1022.9,2905.1,978.6,2463.1,1463.9,4848.5,7062.3,4908.7,1480.8,638.1
2026-09-28 00:00:00,729.4,262.9,966.1,313.8,662.2,262.0,64.0,56.5,279.3,28.5,97.8,1291.9,3498.6,4474.4,1206.2,1128.4,46.1,45.2,1518.6,2296.4,447.1,1175.7,4912.1,4585.8,2602.8,1674.6,4292.5,4256.7,2443.8,2432.4,1748.2,1872.6,996.9,2993.0,975.3,2306.4,1326.4,4952.8,7061.7,4995.0,1428.6,758.0
2026-09-28 00:15:00,733.3,261.1,956.4,336.3,665.6,261.4,64.0,55.0,274.3,32.8,89.4,1292.4,3747.3,4190.5,1263.8,1174.2,45.6,45.2,1530.2,2223.6,447.7,1166.7,4909.0,4597.3,2573.2,1674.6,4278.7,4314.3,2437.4,2436.7,1745.6,1712.8,990.0,2979.9,970.7,2314.1,1329.4,5008.5,7029.9,4992.6,1422.0,760.9
2026-09-28 00:30:00,754.6,259.0,948.0,350.5,661.2,260.6,64.1,54.5,308.1,34.7,94.0,1313.1,4050.1,4089.1,1255.8,1178.3,45.2,45.2,1538.4,2158.4,454.1,1168.6,4927.9,4597.4,2538.0,1669.3,4263.5,4307.6,2426.4,2464.7,1743.3,1664.2,985.3,2949.6,973.1,2327.0,1330.5,5015.2,7018.7,4998.6,1417.1,749.8
2026-09-28 00:45:00,749.1,257.1,942.4,344.7,649.5,260.7,64.0,53.8,338.8,39.2,77.3,1311.8,4076.9,3938.8,1256.8,1187.3,44.9,45.2,1544.7,2080.1,475.9,1138.1,4913.7,4601.8,2516.1,1670.6,4246.2,4341.2,2418.1,2461.7,1740.4,1631.6,975.6,2932.6,967.6,2342.4,1328.4,4940.3,6971.2,4979.4,1404.4,730.7
2026-09-28 01:00:00,755.0,255.2,965.4,352.1,667.7,261.8,64.0,47.5,377.3,11.8,63.7,1322.3,3279.4,3826.9,1230.5,1142.9,29.4,106.8,1520.2,1976.6,438.4,1147.7,4892.6,4587.6,2462.6,1688.6,4136.8,4278.2,2396.1,2460.3,1717.7,1616.7,962.3,2852.8,965.8,2252.2,1365.7,5044.0,6954.5,5012.8,1395.4,716.8
2026-09-28 01:15:00,750.6,253.9,963.0,341.6,659.9,259.0,64.0,46.6,377.4,9.4,59.7,1336.3,3285.7,3706.9,1202.8,1121.5,28.8,106.8,1523.5,1900.9,439.8,1145.2,4876.4,4592.0,2440.4,1686.1,4122.5,4266.9,2391.5,2448.9,1716.6,1615.0,951.7,2827.5,960.0,2272.3,1365.7,4962.2,6940.1,5026.2,1390.6,714.2
2026-09-28 01:30:00,748.6,252.5,958.8,339.3,662.8,259.4,64.0,46.6,381.3,8.6,60.4,1340.7,3302.7,3637.6,1214.1,1107.9,8.4,106.8,1528.4,1855.5,442.6,1142.7,4834.9,4545.8,2420.4,1688.2,4115.3,4294.0,2387.6,2446.8,1720.9,1617.1,948.2,2800.6,957.0,2290.5,1364.8,4980.8,6910.0,5040.2,1387.3,702.2
2026-09-28 01:45:00,748.5,251.4,955.4,364.1,688.6,258.0,64.2,46.7,381.7,9.0,57.9,1341.1,3307.9,3523.9,1203.2,1102.9,7.9,106.9,1522.4,1817.6,441.8,1143.5,4819.2,4563.4,2405.2,1693.3,4101.2,4265.2,2383.5,2444.7,1728.7,1618.8,938.4,2772.2,955.5,2306.0,1362.4,4975.2,6918.1,5053.2,1386.7,693.9
2026-09-28 02:00:00,750.6,250.4,1013.3,349.0,666.8,313.3,37.2,36.4,384.9,8.3,149.7,1352.5,3398.2,3433.8,1174.5,1083.5,4.5,106.5,1272.0,1579.0,432.4,1202.3,4823.4,4568.0,2372.9,1709.1,4181.4,4320.3,2367.0,2423.5,1707.9,1636.9,933.6,2752.2,952.1,2300.3,1360.1,4898.7,7103.8,5162.7,1441.6,687.1
2026-09-28 02:15:00,745.5,249.2,1010.8,342.4,666.0,312.7,37.0,36.4,382.8,6.8,144.1,1350.5,3420.4,3367.8,1184.9,1077.0,5.0,106.5,1269.6,1540.2,432.8,1198.2,4823.5,4575.3,2359.5,1709.0,4172.5,4309.1,2364.7,2433.8,1706.5,1637.5,931.0,2728.8,946.4,2319.7,1358.7,4913.3,7050.3,5161.8,1442.3,674.7
2026-09-28 02:30:00,742.2,248.5,1006.6,337.1,666.9,312.1,37.0,36.4,388.7,9.3,143.1,1358.0,3387.3,3252.2,1186.8,1068.0,3.5,106.5,1269.4,1506.0,430.8,1187.0,4864.6,4582.6,2350.5,1711.6,4165.4,4292.2,2360.5,2439.6,1705.5,1637.0,927.6,2710.1,945.3,2339.0,1356.3,4903.2,7031.9,5180.5,1435.2,675.6
2026-09-28 02:45:00,740.8,247.4,1007.1,337.9,666.9,311.5,37.0,36.6,390.3,9.7,134.6,1362.3,3625.6,3169.0,1209.3,1069.7,0.6,123.2,1269.3,1493.5,428.5,1190.9,4875.6,4605.0,2342.1,1710.6,4161.1,4288.7,2358.7,2446.4,1705.4,1638.1,925.6,2696.3,945.9,2364.5,1356.1,4824.1,7009.5,5183.0,1439.8,672.0
2026-09-28 03:00:00,828.6,246.6,1003.9,359.4,655.8,364.3,61.0,45.7,389.6,10.6,140.3,1367.9,3226.4,3083.6,1208.5,1054.1,0.1,133.5,1143.6,1537.3,423.5,1308.5,4874.1,4596.1,2323.9,1709.2,4110.3,4323.4,2350.0,2476.9,1701.1,1633.6,917.4,2683.3,945.1,2360.1,1355.0,4773.1,6976.4,5134.0,1396.4,663.2
2026-09-28 03:15:00,828.2,247.0,1007.4,340.4,635.5,365.7,61.1,45.9,384.0,13.6,122.6,1369.0,3232.6,3027.6,1177.7,1045.3,0.0,133.5,1142.4,1516.5,419.9,1295.4,4868.1,4580.6,2319.0,1707.0,4108.2,4333.3,2350.4,2481.8,1698.9,1626.3,915.8,2675.2,958.7,2367.2,1355.0,4720.7,6947.7,5122.4,1401.8,660.1
2026-09-28 03:30:00,830.5,247.2,1013.6,350.0,638.1,367.0,61.0,45.9,387.9,13.8,122.8,1371.8,3235.9,2931.9,1203.7,1040.6,0.0,133.3,1140.8,1497.4,416.3,1292.6,4887.1,4587.7,2315.0,1706.9,4103.8,4388.9,2350.0,2485.1,1698.8,1625.7,915.6,2664.7,958.7,2339.1,1353.7,4728.3,6931.7,5104.5,1401.8,659.5
2026-09-28 03:45:00,830.7,248.6,1021.8,359.0,643.6,370.5,61.0,46.7,391.8,16.4,118.1,1372.6,3236.2,2893.8,1194.2,1039.7,0.0,140.5,1136.6,1477.7,412.7,1287.9,4970.5,4608.1,2314.1,1704.7,4104.6,4632.6,2349.9,2488.3,1699.8,1626.5,911.6,2642.9,960.4,2348.4,1352.7,4724.2,6925.4,5103.0,1408.8,655.6
2026-09-28 04:00:00,849.3,249.8,966.1,318.0,727.2,457.8,56.3,1.7,410.8,10.3,163.0,1365.8,3223.4,2965.3,1172.2,992.7,0.0,157.9,1038.0,1492.6,411.4,1424.8,5031.3,4599.0,2312.7,1680.2,4151.4,4547.4,2350.9,2508.1,1702.2,1639.1,904.7,2662.5,964.5,2361.9,1353.9,4746.0,6816.8,5028.7,1403.5,657.0
2026-09-28 04:15:00,857.4,250.9,984.1,348.7,734.1,459.0,56.3,1.5,346.6,5.5,142.4,1367.4,3223.7,2874.5,1187.9,985.9,0.0,157.2,1033.3,1490.2,401.8,1411.4,5106.3,4591.0,2315.1,1691.1,4154.9,4733.8,2354.2,2505.1,1708.9,1641.6,902.9,2644.4,964.1,2386.7,1356.6,4756.0,6819.0,5022.9,1411.2,658.3
2026-09-28 04:30:00,848.2,251.8,1010.7,359.6,730.5,461.0,56.2,1.6,350.4,8.5,150.1,1371.3,3229.5,3014.0,1148.1,982.5,0.0,136.9,1025.3,1481.5,398.1,1399.9,5170.1,4613.5,2322.1,1680.8,4160.1,4745.3,2355.8,2502.7,1702.6,1644.7,899.5,2659.5,968.2,2410.0,1359.7,4755.1,6830.3,5020.5,1422.4,658.1
2026-09-28 04:45:00,796.9,252.5,1055.2,364.6,742.9,460.9,56.2,2.8,361.3,13.3,140.5,1371.9,3238.0,3259.5,1128.6,981.6,0.0,136.1,1024.1,1630.5,398.8,1404.3,5187.0,4637.3,2327.8,1691.8,4167.8,4758.1,2356.4,2499.2,1703.1,1648.2,898.5,2658.1,969.5,2431.1,1366.0,4812.2,6853.3,5021.2,1433.0,664.4
2026-09-28 05:00:00,817.6,253.7,1144.7,409.1,729.4,547.8,22.1,6.3,364.8,15.4,117.3,1344.3,3352.4,3228.6,1138.8,968.7,0.1,131.9,978.1,1638.6,414.1,1377.8,5522.5,4668.1,2366.4,1666.1,4237.7,4713.4,2371.7,2510.8,1714.4,1651.7,909.1,2766.0,981.7,2473.9,1378.0,4924.1,6924.4,5048.2,1462.6,653.5
2026-09-28 05:15:00,823.6,254.9,1200.6,443.5,740.2,551.0,22.0,6.9,346.7,16.0,102.3,1343.2,3361.6,3188.5,1126.0,964.9,0.0,132.2,983.3,1635.1,412.3,1358.1,5590.8,4684.5,2404.1,1681.1,4273.4,4756.7,2380.9,2505.3,1720.4,1654.5,911.9,2806.8,987.4,2490.1,1391.0,4942.4,6991.9,5081.3,1487.0,665.1
2026-09-28 05:30:00,854.5,256.3,1243.5,648.5,771.2,550.7,22.0,7.9,361.0,14.0,106.5,1337.8,3367.4,3200.7,1087.6,967.4,5.6,120.2,985.8,1617.0,415.5,1331.5,5650.9,4767.9,2443.2,1672.0,4316.2,4810.3,2388.0,2503.6,1722.5,1655.0,920.2,2872.1,984.4,2584.2,1402.8,4964.2,7105.1,5076.3,1522.8,668.3
2026-09-28 05:45:00,855.5,317.8,1273.2,670.5,773.0,551.1,22.0,10.2,373.9,15.6,105.5,1345.0,3367.7,3653.5,1098.4,974.9,5.2,130.6,982.0,1608.4,420.0,1318.6,5694.0,4803.7,2489.1,1682.0,4362.5,4865.9,2404.1,2491.7,1720.1,1663.6,929.1,2936.1,998.0,2605.4,1412.3,4917.7,7196.9,5132.8,1561.1,673.5
2026-09-28 06:00:00,895.8,258.6,1317.1,641.1,819.4,618.6,44.1,5.4,390.1,32.0,96.6,1339.2,3638.7,3368.2,1189.1,1045.7,9.4,79.4,1093.3,1872.5,450.8,1323.8,5799.9,4877.9,2635.3,1735.2,4506.8,4992.4,2448.1,2519.9,1766.3,1669.1,932.6,3084.6,1025.3,2594.8,1512.2,5424.8,7693.2,4767.8,1658.4,680.7
2026-09-28 06:15:00,892.6,259.4,1338.5,670.5,835.2,622.4,44.0,11.7,390.1,38.7,103.2,1345.3,2148.3,3523.4,1207.0,1062.3,5.0,85.5,1094.1,1864.8,453.3,1300.2,5841.2,4908.8,2715.0,1790.9,4475.6,4968.5,2473.6,2535.3,1776.7,1671.1,969.7,3151.3,1043.5,2610.7,1526.8,5482.2,7802.6,4918.5,1710.3,671.6
2026-09-28 06:30:00,900.1,261.7,1345.1,686.3,848.0,631.2,44.0,13.8,408.8,116.6,118.9,1329.6,2169.2,3484.8,1193.9,1051.5,5.1,101.4,1109.7,1844.0,461.3,1282.5,5874.0,4918.1,2793.0,1789.7,4535.7,5000.7,2490.9,2543.6,1787.7,1675.8,970.5,3231.1,1054.6,2631.5,1544.8,5518.7,7964.9,4983.0,1760.9,661.5
2026-09-28 06:45:00,905.8,267.5,1346.5,682.3,855.7,644.2,44.0,23.2,433.7,123.0,125.7,1362.1,2191.4,3624.2,1220.7,1102.4,5.2,96.4,1126.2,1829.7,465.3,1263.8,5897.6,5033.2,2873.1,1808.1,4579.9,4812.2,2516.5,2518.1,1795.9,1680.6,983.9,3347.4,1065.4,2651.2,1564.2,5374.5,8082.9,5074.8,1814.3,653.0
2026-09-28 07:00:00,879.4,367.2,1357.8,619.4,871.3,629.0,12.0,48.4,459.8,115.5,131.4,1363.3,2362.9,3423.7,1319.3,1098.8,109.8,72.8,1243.5,1838.1,525.7,1185.1,5985.2,5014.4,3072.1,1833.7,4584.3,4569.8,2572.8,2488.4,1852.7,2118.2,1028.8,3619.9,1079.3,2701.3,1587.4,5212.8,8377.0,5216.5,1889.9,679.9
2026-09-28 07:15:00,889.0,324.0,1348.4,634.0,884.8,662.7,12.0,50.5,476.5,117.3,125.5,1383.7,2389.6,3458.9,1358.2,1104.3,109.6,87.9,1244.1,1838.8,524.5,1179.1,6011.8,5037.1,3135.0,1843.5,4625.8,4616.6,2594.7,2486.2,1862.5,2265.3,1045.7,3685.7,1084.7,2716.3,1602.0,5106.4,8461.9,5318.5,1916.5,700.1
2026-09-28 07:30:00,899.6,351.7,1308.8,635.3,900.4,702.3,12.0,51.1,493.8,117.2,143.8,1373.4,2404.4,3576.5,1399.2,1121.1,109.6,107.0,1249.7,1814.5,528.9,1155.1,6034.4,5041.1,3180.8,1833.5,4650.7,4416.5,2608.1,2488.4,1873.0,1994.5,1060.2,3760.6,1086.2,2726.8,1614.1,5413.1,8529.6,5214.9,1942.3,693.2
2026-09-28 07:45:00,893.4,374.6,1256.6,660.5,906.4,732.2,12.1,51.5,510.2,116.8,144.8,1375.3,2435.5,3654.1,1437.6,1144.5,109.3,101.0,1266.3,1786.2,545.3,1124.7,6045.0,5052.7,3217.9,1843.3,4666.8,4223.8,2624.9,2487.7,1880.1,2124.2,1072.1,3792.2,1091.7,2733.5,1625.1,5236.0,8587.0,5199.6,1942.9,648.3
2026-09-28 08:00:00,878.2,420.6,1171.7,673.6,907.4,659.7,8.1,30.6,543.5,112.3,184.8,1310.1,2622.8,3574.7,1761.1,1272.4,4.6,190.3,1294.7,1574.8,534.2,1105.0,6054.4,5014.5,3289.8,1846.0,4622.5,4055.0,2653.6,2320.7,1909.1,2520.6,1096.7,3833.5,1087.4,2795.6,1631.2,5280.1,8633.8,5018.7,1944.1,678.5
2026-09-28 08:15:00,868.2,431.0,1104.8,697.5,911.6,673.1,8.0,30.7,549.4,111.3,191.2,1313.2,2644.0,3565.0,1776.2,1149.3,5.6,276.4,1312.6,1496.2,537.0,1043.3,6056.4,5020.0,3304.2,1886.7,4630.8,4062.6,2671.8,2326.2,1912.2,2540.3,1109.2,3828.7,1080.3,2797.4,1634.3,5167.7,8631.0,4993.7,1943.3,666.5
2026-09-28 08:30:00,864.2,459.3,1011.6,506.0,900.4,724.1,8.0,26.2,554.5,111.4,198.0,1320.1,2653.8,3458.5,1755.9,1172.0,6.5,272.1,1313.2,1443.6,541.2,1013.5,6044.4,5010.6,3311.9,1897.4,4705.6,4142.4,2673.8,2316.2,1914.8,2634.9,1111.8,3831.8,1091.3,2799.7,1633.3,5122.2,8624.9,4942.4,1942.5,628.6
2026-09-28 08:45:00,846.0,492.1,882.1,542.4,890.4,756.8,8.0,26.1,549.8,106.7,201.8,1310.6,2729.0,3476.8,1731.8,1129.1,33.6,264.2,1346.7,1363.9,566.0,989.0,6038.1,5004.7,3314.2,1907.4,4705.1,4146.8,2680.5,2308.3,1916.4,2667.3,1118.5,3836.5,1097.9,2798.7,1628.6,4872.5,8620.3,4921.4,1936.7,610.5
2026-09-28 09:00:00,871.5,528.8,818.1,575.9,878.9,681.9,26.0,37.1,528.7,115.4,201.1,1340.3,2848.4,3901.3,1753.1,1321.5,122.0,308.5,1491.6,1338.2,551.9,956.1,5870.3,4971.0,3320.6,1886.7,4765.5,4071.2,2686.1,2251.2,1919.8,2347.8,1118.3,3887.1,1104.0,2706.2,1517.7,5045.2,8535.8,4780.2,1917.7,587.1
2026-09-28 09:15:00,857.4,561.8,760.1,571.3,873.9,709.9,26.0,36.2,516.1,121.3,200.4,1346.6,2904.1,3720.6,1838.0,1407.2,142.3,313.2,1493.9,1296.3,555.9,919.5,5854.8,4944.6,3315.3,1886.3,4838.7,4145.5,2690.6,2238.8,1918.6,2338.7,1115.2,3889.4,1104.2,2704.4,1511.8,4963.4,8513.1,4758.0,1904.5,575.4
2026-09-28 09:30:00,844.1,591.4,718.9,581.2,868.7,705.7,26.2,37.1,499.5,120.2,195.7,1347.7,3534.2,3569.0,1928.3,1467.0,127.8,317.9,1506.7,1271.8,544.4,892.0,5835.8,4893.6,3311.2,1884.4,4834.5,4141.5,2680.9,2225.7,1933.3,2355.3,1119.4,3893.4,1104.4,2703.3,1510.3,4921.9,8498.7,4746.2,1890.4,561.1
2026-09-28 09:45:00,827.4,618.7,674.7,584.4,861.2,687.2,26.3,37.3,485.0,59.2,192.8,1359.9,4347.7,3406.0,1902.5,1487.1,130.7,338.2,1515.6,1211.5,574.2,872.5,5829.1,4890.5,3308.2,1884.2,4818.9,4127.2,2676.8,2200.3,1934.6,2385.3,1117.8,3900.1,1103.8,2702.7,1513.7,4915.0,8554.6,4733.9,1883.2,546.2
2026-09-28 10:00:00,822.6,652.8,811.6,571.3,860.7,645.6,70.1,15.9,458.5,58.8,220.0,1344.2,3877.7,3703.2,1822.5,1498.1,142.2,313.2,1478.3,1262.2,541.1,866.2,5711.0,4698.9,3306.8,1881.7,4945.7,4049.7,2678.2,2030.5,1784.1,2679.9,1118.8,3943.3,1094.5,2699.9,1517.6,5004.7,8452.9,4724.4,1867.9,486.4
2026-09-28 10:15:00,816.1,599.6,761.4,582.6,851.6,660.5,70.0,16.8,443.3,57.4,204.1,1360.6,4446.9,3310.5,1802.7,1491.7,142.2,315.5,1504.9,1205.3,543.4,835.3,5685.9,4717.1,3302.1,1881.6,4943.3,4041.7,2676.2,2025.5,1800.5,2595.1,1120.2,3946.1,1107.1,2698.8,1519.4,5070.6,8431.5,4676.5,1858.4,484.2
2026-09-28 10:30:00,800.0,627.7,957.7,583.0,841.9,660.8,71.5,18.1,426.7,64.1,182.2,1355.2,4458.8,3371.7,1809.3,1516.7,143.2,294.2,1516.3,1150.7,540.5,821.5,5661.7,4752.5,3296.0,1879.3,4931.2,3847.5,2672.3,2019.5,1791.9,2513.7,1115.5,3943.0,1088.7,2705.0,1519.2,5155.2,8403.3,4660.0,1854.8,483.2
2026-09-28 10:45:00,785.8,611.6,943.7,611.3,852.9,671.0,71.5,19.8,417.4,50.1,190.9,1363.4,4666.9,3086.1,1762.0,1398.4,143.2,244.7,1527.1,1120.2,541.8,806.9,5634.2,4759.7,3291.1,1835.0,5005.2,3476.7,2674.1,2027.0,1789.7,2503.3,1109.5,3966.7,1107.6,2648.0,1515.7,5164.9,8405.4,4644.7,1845.4,471.4
2026-09-28 11:00:00,746.0,627.9,1009.1,625.7,811.7,678.3,64.6,30.5,419.0,24.3,210.3,1340.5,6085.1,4594.0,1826.4,1234.1,182.5,163.6,1638.3,1131.8,548.2,776.6,5549.3,4857.2,3292.1,1725.8,4961.3,3225.8,2662.7,1914.5,1838.4,2766.9,1096.0,3848.9,1109.3,2669.9,1508.6,4772.4,8422.4,4551.1,1872.0,474.5
2026-09-28 11:15:00,740.2,621.1,996.2,600.9,851.4,683.4,65.6,31.6,460.2,22.4,190.8,1351.2,6152.2,3263.3,1793.6,1182.9,181.6,144.2,1615.2,1124.9,540.5,776.5,5548.2,4884.3,3283.4,1724.6,4910.0,3104.1,2661.8,1923.2,1838.8,2787.5,1102.8,3681.2,1107.9,2643.5,1504.5,4761.9,8442.0,4538.8,1865.4,482.0
2026-09-28 11:30:00,741.9,621.9,978.3,600.2,850.6,686.8,67.2,33.0,367.2,38.5,201.9,1370.2,6220.9,3266.9,1775.7,1207.8,180.7,210.1,1617.6,1107.7,578.7,712.4,5537.9,4927.6,3278.0,1716.2,4945.0,3021.5,2658.9,1922.3,1841.3,2789.3,1101.0,3665.8,1107.3,2649.6,1503.7,4774.5,8434.6,4493.1,1858.9,476.5
2026-09-28 11:45:00,757.7,620.8,977.0,616.8,847.9,670.0,77.6,29.1,365.6,41.3,210.4,1375.8,6320.1,3307.0,1731.6,1219.5,179.8,238.0,1610.1,1123.9,581.9,713.7,5532.5,4933.0,3277.3,1716.0,4933.5,2944.8,2659.8,1931.3,1838.5,2790.2,1118.1,3613.0,1106.6,2651.0,1505.4,4804.1,8467.0,4479.4,1852.8,483.1
2026-09-28 12:00:00,833.7,620.0,981.9,630.6,922.4,602.5,51.3,24.5,330.9,57.3,258.9,1408.6,6177.9,3388.2,1687.1,1252.7,56.0,367.0,1614.2,1044.1,563.7,706.8,5558.1,4923.6,3275.2,1704.0,4867.4,2951.4,2654.0,1973.1,1896.1,2865.7,1108.4,3289.5,1106.2,2446.9,1538.9,4798.9,8379.5,4428.8,1805.3,490.7
2026-09-28 12:15:00,848.1,615.6,984.0,623.7,927.7,609.3,52.5,24.5,366.7,39.4,275.5,1414.5,6261.9,3319.2,1692.1,1264.6,55.3,362.0,1605.6,1018.9,568.4,700.2,5579.9,4948.0,3272.6,1687.8,4857.4,2857.9,2654.0,1988.3,1895.3,2868.0,1108.4,3190.0,1107.4,2432.4,1539.6,4827.5,8392.1,4414.3,1792.6,485.8
2026-09-28 12:30:00,840.8,604.2,986.4,619.8,931.7,614.9,68.6,24.6,363.2,40.0,266.3,1423.9,6280.3,3317.6,1668.5,1258.3,54.6,375.0,1610.3,1021.2,572.7,689.5,5575.6,4994.6,3269.5,1683.0,4853.7,2864.3,2650.4,1979.0,1889.3,2868.5,1105.4,3184.2,1104.8,2390.1,1537.1,4811.3,8400.6,4401.5,1798.2,484.2
2026-09-28 12:45:00,839.7,600.2,993.8,610.4,935.0,613.3,68.5,25.0,369.8,30.8,251.5,1429.6,6279.4,3303.7,1673.9,1270.5,53.7,361.9,1611.8,1011.1,573.3,680.0,5513.2,5037.4,3266.9,1637.4,4843.9,2853.0,2649.1,1987.9,1895.1,2874.0,1098.7,3114.9,1105.3,2343.9,1530.7,4767.9,8393.4,4356.1,1798.4,478.2
2026-09-28 13:00:00,784.8,603.1,994.8,591.6,914.3,609.7,69.5,15.3,391.9,9.3,300.3,1429.0,6278.4,3283.7,1637.5,1265.5,178.4,295.4,1591.9,959.2,574.0,664.6,5421.8,5170.9,3257.9,1618.9,4800.7,2848.0,2651.6,1982.8,1837.0,2831.4,1092.3,3128.7,1098.3,2422.4,1598.1,4836.5,8531.0,4453.8,1815.2,398.7
2026-09-28 13:15:00,788.6,598.0,990.2,569.6,919.5,602.3,69.5,15.2,402.2,5.4,297.5,1432.7,6259.4,3245.1,1644.3,1257.9,178.4,300.8,1586.5,955.3,573.7,647.7,5373.3,5219.6,3256.5,1614.4,4800.0,2849.8,2650.8,1979.3,1835.5,2822.5,1084.8,3126.2,1097.9,2393.2,1591.5,4784.1,8508.5,4413.6,1818.1,391.2
2026-09-28 13:30:00,789.5,584.9,1003.6,532.9,918.8,596.9,69.4,14.7,411.0,5.3,285.8,1438.2,6269.4,3221.9,1659.8,1275.9,178.5,272.3,1593.8,963.6,563.8,630.9,5330.4,5270.8,3256.2,1629.6,4795.9,2858.8,2648.6,1965.6,1835.5,2816.8,1084.9,3191.6,1095.4,2374.2,1588.3,4757.3,8502.4,4424.5,1819.7,378.6
2026-09-28 13:45:00,795.9,572.8,1020.8,502.6,918.3,589.4,57.0,14.3,415.6,5.1,278.1,1440.7,6227.7,3168.9,1665.5,1263.1,178.5,329.5,1593.2,965.6,560.9,615.9,5298.0,5408.9,3256.9,1638.8,4784.3,2866.0,2651.1,1965.0,1832.0,2813.3,1078.8,3185.1,1093.0,2383.7,1592.6,4691.5,8505.1,4408.3,1819.8,370.7
2026-09-28 14:00:00,743.5,552.4,951.4,471.8,845.3,576.3,84.1,15.4,406.1,28.7,243.4,1437.5,6148.6,3054.6,1641.6,1273.2,173.4,308.2,1649.3,944.7,539.9,592.3,5328.3,5428.6,3253.5,1668.7,4847.3,3034.2,2671.4,1910.5,1831.8,2788.9,1084.9,3305.3,1090.9,2414.8,1633.3,4678.3,8558.7,4431.2,1815.7,359.0
2026-09-28 14:15:00,748.9,527.6,977.3,467.7,852.7,579.5,80.2,14.7,411.4,26.8,240.4,1437.7,6009.7,3084.7,1658.8,1256.8,174.4,238.1,1652.7,939.2,540.7,576.0,5312.1,5464.5,3253.4,1665.2,4846.7,3098.4,2672.1,1906.7,1830.5,2787.2,1059.5,3310.3,1089.4,2434.1,1640.8,4662.5,8516.2,4404.8,1816.3,341.3
2026-09-28 14:30:00,752.8,507.3,1006.8,474.8,838.0,600.7,66.1,17.9,421.0,22.2,272.3,1433.5,5988.3,3042.5,1678.2,1249.7,175.3,307.6,1648.3,977.5,541.9,554.8,5312.6,5490.5,3252.8,1695.5,4842.3,3143.6,2670.3,1870.2,1828.8,2783.7,1059.8,3556.8,1089.2,2450.1,1645.9,4647.4,8514.9,4403.8,1823.3,326.5
2026-09-28 14:45:00,752.2,486.5,1047.4,473.4,835.6,631.0,65.3,15.8,425.9,28.0,259.5,1431.6,5899.0,3016.8,1701.6,1245.8,149.7,308.5,1644.2,962.7,548.4,609.6,5304.9,5535.5,3254.5,1693.4,4845.0,3149.5,2671.6,1866.8,1832.4,2784.3,1060.7,3591.4,1086.3,2461.1,1649.4,4626.8,8522.1,4383.9,1827.7,311.1
2026-09-28 15:00:00,761.3,466.8,866.2,440.9,849.9,644.8,41.9,14.5,434.9,13.6,274.5,1418.8,5747.5,2810.6,1731.2,1222.7,152.4,243.8,1571.1,988.4,552.8,626.1,5380.9,5513.5,3256.1,1768.9,4991.5,3228.5,2692.1,1871.2,1910.4,2871.3,1072.4,3531.3,1085.4,2577.2,1552.2,4332.1,8413.7,4373.8,1846.2,288.4
2026-09-28 15:15:00,769.6,443.7,931.6,438.7,840.1,664.5,24.9,12.4,448.9,12.9,263.4,1414.1,4983.5,2722.0,1671.0,1234.8,152.9,221.0,1570.8,974.8,544.4,596.4,5365.5,5677.2,3261.7,1767.1,4951.0,3262.3,2693.1,1838.8,1913.8,2874.4,1063.0,3780.1,1085.9,2570.8,1555.8,4304.6,8431.8,4359.9,1851.2,273.8
2026-09-28 15:30:00,784.4,416.9,790.2,413.9,843.8,625.3,24.1,11.4,403.4,7.3,269.0,1401.1,4304.6,2707.1,1581.6,1170.6,153.6,222.1,1576.4,939.6,557.2,580.7,5366.1,5759.7,3265.8,1764.1,4966.6,3439.8,2690.4,1793.9,1919.3,2883.5,1068.1,4104.7,1085.0,2562.6,1559.6,4260.7,8459.5,4350.1,1870.1,256.1
2026-09-28 15:45:00,799.9,414.9,850.6,395.3,842.3,706.5,24.0,10.5,387.8,15.1,242.9,1393.4,4209.3,2619.5,1456.4,1152.4,154.3,154.9,1574.4,962.7,549.9,578.0,5371.6,5825.7,3278.5,1761.8,4826.5,3752.8,2693.0,1794.4,1916.2,2877.0,1073.8,4122.0,1083.7,2520.4,1564.4,4241.6,8467.2,4333.9,1877.1,238.1
2026-09-28 16:00:00,823.0,424.0,952.9,424.5,829.4,675.2,12.1,11.2,396.8,9.7,264.4,1377.1,4416.2,2565.0,1716.1,1282.0,177.6,175.1,1356.4,1028.7,554.8,582.5,5461.0,5828.0,3297.0,1948.4,4999.6,4279.5,2708.2,1688.7,1844.3,2921.7,1076.9,4036.1,1082.1,2422.9,1558.6,4153.0,8471.1,4362.6,1875.0,223.6
2026-09-28 16:15:00,833.3,416.6,1040.3,425.6,840.3,639.3,12.0,10.1,392.8,7.0,248.9,1367.5,4148.5,2544.5,1737.3,1265.2,190.0,176.0,1340.5,1037.5,562.3,589.3,5589.2,5903.9,3310.9,1961.5,4899.1,4349.0,2705.8,1749.6,1829.6,2978.9,1082.4,4539.2,1082.9,2370.6,1560.9,4287.6,8494.6,4366.4,1895.4,209.9
2026-09-28 16:30:00,838.6,474.6,1126.3,416.2,846.0,583.1,12.2,9.0,394.8,6.5,247.5,1354.7,3480.4,2650.0,1776.3,1252.2,190.1,157.1,1329.4,1041.8,565.3,586.9,5623.4,5932.6,3319.2,1959.0,4907.2,4382.6,2703.1,1757.0,1828.0,2987.1,1081.9,4579.0,1083.4,2336.4,1558.7,4350.6,8543.9,4593.2,1919.4,203.4
2026-09-28 16:45:00,852.0,477.0,1203.9,437.5,853.4,564.1,12.0,8.0,401.9,18.9,229.4,1342.9,2606.7,2790.7,1840.0,1332.2,199.1,122.0,1301.1,1055.4,569.4,605.1,5621.6,5902.7,3324.3,2033.2,4898.8,4540.7,2711.0,1727.2,1826.5,3039.0,1085.3,4682.7,1085.6,2307.2,1557.7,4303.4,8606.3,4628.0,1950.7,199.9
2026-09-28 17:00:00,869.7,477.7,1285.5,555.8,853.8,713.1,12.0,19.4,404.3,18.3,486.6,1325.6,3505.1,2802.5,1999.7,1389.0,186.3,43.8,1388.5,1200.6,592.6,597.3,5602.2,6209.2,3310.4,1937.6,4745.2,4444.8,2718.2,1631.4,1880.5,2969.3,1084.2,4274.0,1078.5,2494.4,1624.7,4033.6,8651.5,4733.2,2005.5,270.8
2026-09-28 17:15:00,868.2,479.2,1339.3,563.4,864.3,675.5,12.1,18.6,410.4,70.3,466.9,1312.1,2725.6,2677.2,2035.6,1419.2,167.4,55.1,1379.3,1202.8,597.0,594.1,5595.1,6251.1,3310.0,1948.0,4748.0,4637.1,2721.1,1594.9,1894.8,2869.9,1083.1,4692.3,1076.7,2468.4,1620.1,3890.0,8669.3,4831.2,2025.9,267.5
2026-09-28 17:30:00,884.8,511.1,1381.6,588.2,881.5,662.2,12.0,18.9,419.4,85.9,506.2,1299.8,2839.5,2548.0,2096.3,1419.7,186.5,72.9,1393.5,1169.5,620.4,575.6,5619.0,6340.6,3307.0,2012.6,4755.8,4840.7,2715.5,1586.5,1895.3,2796.5,1083.8,4764.3,1075.6,2439.9,1618.5,3819.1,8705.9,4822.3,2045.3,265.0
2026-09-28 17:45:00,895.7,517.4,1410.3,604.0,895.5,653.6,12.0,19.1,428.6,42.9,482.9,1290.6,2849.2,2434.4,2119.1,1438.5,165.4,77.0,1391.9,1190.6,628.1,587.8,5639.8,6392.9,3304.8,2069.3,4762.8,5012.2,2715.9,1585.2,1895.9,2829.5,1081.5,4828.1,1073.7,2411.7,1621.1,3717.1,8745.1,4847.6,2063.9,262.7
2026-09-28 18:00:00,915.2,606.2,1414.1,649.7,907.3,687.3,12.0,78.6,446.9,8.6,560.7,1274.6,2976.8,2520.2,2263.8,1438.5,28.9,90.1,1429.6,1416.3,662.2,611.0,5797.2,6454.9,3295.4,1896.3,4719.7,4784.6,2763.1,1628.1,1896.7,2730.5,1092.1,4667.0,1069.0,2419.0,1613.0,3883.6,8761.6,4921.3,2071.2,260.6
2026-09-28 18:15:00,926.7,615.2,1438.7,709.1,909.0,667.9,12.0,81.6,456.8,10.8,567.5,1263.5,2957.5,2521.5,2230.2,1479.9,44.5,83.4,1417.1,1455.9,652.7,617.8,5817.7,6475.0,3297.7,1894.3,4732.0,4801.1,2765.2,1628.1,1898.2,2843.3,1093.8,4663.5,1070.2,2392.2,1616.6,3836.4,8770.1,4902.8,2079.6,276.5
2026-09-28 18:30:00,942.6,572.1,1453.7,766.8,911.7,663.9,12.0,82.5,445.9,45.9,541.3,1279.7,2920.5,2633.5,2177.6,1487.0,24.2,80.5,1401.4,1454.6,650.9,615.4,5846.6,6512.5,3300.9,1893.4,4750.7,4814.0,2764.7,1632.6,1886.2,2911.1,1101.5,4660.0,1071.3,2370.7,1617.4,3825.3,8806.1,4991.4,2084.4,301.9
2026-09-28 18:45:00,946.6,573.8,1460.1,781.6,919.2,657.3,12.0,85.5,449.4,95.2,513.5,1298.8,2881.0,2769.6,2105.7,1534.2,21.9,88.8,1392.8,1455.1,647.8,627.0,5855.3,6555.8,3302.7,1893.0,4760.1,4827.5,2766.5,1658.0,1887.1,2936.2,1090.0,4641.0,1072.4,2351.6,1619.1,3793.3,8811.3,4991.8,2077.4,313.6
2026-09-28 19:00:00,943.9,604.6,1456.0,810.5,918.5,628.2,22.0,52.0,436.9,81.8,542.7,1269.9,3099.8,2717.2,2165.2,1513.1,25.7,45.4,1352.3,1519.0,638.6,619.5,5912.1,6608.7,3326.5,1759.6,4809.2,5161.0,2782.4,1601.0,1910.4,2844.1,1071.2,4605.7,1072.0,2362.6,1616.9,3915.0,8778.4,5024.1,2101.5,311.2
2026-09-28 19:15:00,945.9,609.3,1448.4,868.2,916.4,632.8,22.0,52.9,434.8,80.9,542.5,1264.8,3030.1,2583.7,2124.0,1511.7,23.8,45.3,1335.2,1527.3,638.2,628.5,5907.6,6631.8,3333.2,1759.9,4823.1,5183.6,2786.8,1603.2,1904.5,2910.2,1075.3,4646.9,1071.5,2346.9,1615.9,3860.1,8790.4,4857.6,2111.3,309.5
2026-09-28 19:30:00,939.8,604.6,1435.5,898.5,908.6,624.8,22.0,53.7,435.1,78.2,553.3,1258.3,3004.2,2649.0,2065.0,1519.2,22.1,45.3,1321.7,1527.6,635.0,628.2,5899.7,6646.3,3340.1,1758.0,4832.8,5196.8,2789.5,1605.6,1911.6,2927.5,1081.4,4680.9,1069.4,2331.0,1615.5,3864.4,8793.0,4763.1,2110.5,283.6
2026-09-28 19:45:00,936.4,565.2,1415.3,947.5,902.5,606.3,22.0,75.3,430.2,39.1,607.9,1257.5,2961.3,2682.8,2123.8,1533.4,21.7,45.2,1327.7,1535.6,631.5,637.1,5872.1,6660.1,3340.6,1757.3,4834.7,5155.4,2795.5,1639.2,1906.6,2979.9,1082.5,4725.6,1065.0,2313.6,1613.9,3806.3,8758.7,4684.8,2101.6,266.4
2026-09-28 20:00:00,912.9,558.2,1386.1,933.0,885.6,604.6,12.0,101.2,425.4,77.6,530.1,1351.1,2848.1,2890.6,1878.3,1619.3,11.3,52.1,1265.3,1206.2,619.0,629.6,5623.4,6486.0,3328.4,1749.0,4819.8,5112.5,2816.0,1608.2,1838.6,2889.7,1091.2,4745.0,1054.4,2244.0,1604.1,3749.4,8627.5,4675.2,2074.2,262.2
2026-09-28 20:15:00,907.6,494.5,1368.8,967.7,877.2,595.7,12.0,103.5,430.6,17.5,570.6,1352.0,2837.8,2939.0,1883.5,1567.2,22.1,51.9,1261.0,1197.4,608.3,629.6,5580.1,6479.6,3317.0,1747.2,4812.9,5042.5,2814.3,1650.3,1838.5,2929.0,1088.8,4779.5,1054.5,2196.6,1600.0,3729.0,8567.7,4622.4,2047.9,264.9
2026-09-28 20:30:00,897.0,456.7,1341.5,994.7,861.2,576.2,12.0,98.3,435.4,25.0,534.2,1327.9,2838.0,3008.4,1841.7,1560.0,50.5,52.0,1262.4,1183.1,604.7,629.5,5538.7,6431.6,3305.3,1743.7,4813.2,4854.6,2810.7,1664.3,1830.7,3006.2,1088.5,4755.6,1051.0,2163.2,1594.0,3730.0,8495.5,4600.2,2034.5,263.5
2026-09-28 20:45:00,889.6,410.3,1304.7,1029.0,855.2,567.8,12.0,83.7,431.1,23.4,528.9,1328.0,2838.1,3072.7,1807.6,1578.4,43.1,57.6,1262.4,1188.2,600.0,630.0,5502.7,6326.8,3289.7,1741.5,4808.5,4696.4,2807.3,1679.9,1834.4,3207.9,1086.1,4648.3,1045.9,2132.8,1587.3,3702.1,8427.2,4567.5,2015.1,262.1
2026-09-28 21:00:00,867.6,416.5,1280.6,1029.4,836.6,482.5,12.0,70.8,407.0,95.2,514.0,1310.3,2587.3,2935.2,1712.3,1545.2,158.4,35.0,1190.2,1188.2,563.7,603.1,5544.0,6619.2,3232.2,1719.0,4862.0,4672.7,2769.3,1669.4,1811.0,3132.7,1082.1,4784.4,1039.7,2106.2,1584.0,3690.6,8279.4,4358.0,1963.5,250.7
2026-09-28 21:15:00,850.6,405.5,1238.8,1043.2,818.8,479.9,12.0,66.3,399.7,98.2,490.0,1311.3,2582.8,3009.9,1702.8,1525.0,159.5,35.0,1188.5,1187.1,551.3,603.2,5561.7,6596.5,3205.6,1714.2,4851.1,4433.3,2767.9,1684.1,1813.9,3162.0,1074.4,4685.4,1030.4,2120.6,1573.1,3717.6,8183.1,4262.7,1941.7,244.2
2026-09-28 21:30:00,836.8,406.4,1181.5,1061.7,801.5,476.9,12.1,62.6,392.5,31.0,445.9,1312.4,2610.6,2988.0,1700.4,1541.9,133.8,35.0,1179.9,1200.0,538.3,613.2,5544.8,6654.2,3178.0,1709.7,4842.0,4260.6,2762.0,1743.1,1810.9,3072.4,1069.3,4296.1,1022.8,2094.8,1562.4,3820.8,8096.9,4253.1,1938.5,244.1
2026-09-28 21:45:00,849.1,415.2,1131.3,1033.8,821.8,470.7,14.7,64.4,389.7,20.3,431.3,1322.9,3078.2,3102.3,1684.1,1530.4,128.4,37.1,1193.4,1183.8,538.2,598.0,5518.1,6630.4,3150.9,1706.5,4823.9,4235.4,2758.6,1747.9,1808.8,3066.1,1070.3,4264.4,1016.7,2065.4,1550.6,3758.6,8022.1,4205.5,1915.9,241.5
2026-09-28 22:00:00,821.4,423.1,1134.0,1063.2,799.6,413.7,47.0,24.7,391.5,15.8,431.1,1275.0,2877.7,3145.5,1597.5,1563.6,114.1,42.4,1111.3,1054.3,521.0,615.5,5284.4,6406.7,3096.3,1611.3,4766.4,4106.9,2696.2,1740.3,1786.5,3055.7,1059.4,4250.0,1002.3,2052.2,1455.5,3700.8,7876.7,4153.3,1881.9,210.7
2026-09-28 22:15:00,821.8,428.9,1108.4,1012.8,787.7,406.1,48.9,27.4,387.1,14.7,412.8,1282.4,3039.6,3284.6,1577.6,1562.5,111.6,62.5,1102.5,1052.2,512.5,611.3,5231.8,6364.2,3059.5,1609.0,4742.3,4065.4,2689.8,1741.3,1780.1,3043.7,1050.1,4182.9,995.6,2020.9,1450.0,3696.8,7778.2,4128.4,1851.3,208.8
2026-09-28 22:30:00,807.7,434.8,1084.2,995.7,769.2,405.9,49.7,24.8,383.3,14.8,407.4,1290.5,3047.7,3334.6,1582.3,1564.5,84.7,62.3,1098.2,1047.8,507.0,618.9,5184.5,6278.7,3019.5,1605.5,4715.9,4034.1,2679.2,1741.9,1774.9,3043.5,1043.4,4139.5,990.3,1993.4,1444.9,3697.1,7696.7,4078.7,1829.3,206.9
2026-09-28 22:45:00,790.6,441.3,1060.7,918.9,750.9,405.0,49.7,24.9,378.1,9.8,399.3,1285.5,3033.7,3408.4,1570.5,1544.3,84.7,62.0,1108.7,1040.6,510.2,605.5,5155.1,6252.7,2976.3,1602.3,4692.8,4005.5,2670.8,1744.3,1771.8,3043.6,1035.5,4092.9,984.9,1967.6,1441.4,3646.4,7619.6,4060.4,1801.9,204.6
2026-09-28 23:00:00,786.3,445.8,1242.2,1086.6,721.0,269.8,24.7,53.4,367.6,16.0,144.6,1283.9,3020.8,3453.1,1526.9,1545.8,96.6,59.8,1062.2,992.1,486.0,606.9,4995.6,6228.6,2869.7,1526.8,4579.6,3932.2,2609.4,1761.4,1729.1,3006.6,1031.0,4005.7,978.4,1900.7,1428.7,3612.9,7510.9,4054.3,1762.1,186.0
2026-09-28 23:15:00,773.9,447.5,1228.0,1045.0,707.9,269.7,24.7,52.6,361.2,15.9,135.4,1287.6,3739.6,3468.4,1512.0,1545.0,97.3,59.8,1065.3,969.5,484.4,604.2,4965.5,6202.9,2819.5,1524.6,4548.7,3883.5,2599.5,1762.0,1731.2,3006.1,1021.5,3930.4,972.2,1886.6,1423.5,3599.3,7447.9,4036.9,1739.0,182.8
2026-09-28 23:30:00,762.0,447.8,1208.2,1012.7,690.9,262.2,24.8,50.3,351.9,15.7,138.2,1290.7,3734.6,3506.8,1497.0,1548.1,98.1,52.3,1064.7,958.6,483.7,606.9,4938.8,6175.4,2775.8,1523.3,4525.0,3851.8,2585.7,1764.6,1721.0,3005.2,1010.5,3876.0,967.7,1878.8,1414.3,3515.7,7368.9,4014.6,1720.2,179.4
2026-09-28 23:45:00,750.5,449.4,1197.2,931.9,684.2,261.4,24.8,50.6,346.0,16.0,116.2,1302.7,3731.6,3541.0,1505.7,1543.9,98.8,52.6,1069.7,943.6,492.6,603.3,4920.1,6134.3,2734.2,1521.0,4507.5,3827.3,2583.8,1764.7,1715.2,2997.4,1002.9,3835.0,962.6,1856.8,1403.3,3509.9,7330.9,4075.0,1701.0,176.3
2026-09-29 00:00:00,796.8,397.1,982.5,1029.7,698.1,336.3,11.0,10.3,284.8,18.0,418.5,1323.7,3924.0,3011.8,1023.1,1224.4,67.8,89.9,1085.0,953.6,500.0,563.5,4927.9,6152.2,2656.8,1410.0,4507.1,4055.3,2534.0,1899.7,1708.0,2917.9,974.7,3417.3,933.2,1615.8,1345.9,3672.2,7162.9,3905.1,1643.7,185.5
2026-09-29 00:15:00,751.6,394.2,976.4,1042.3,693.4,336.3,11.0,10.3,278.2,17.3,405.1,1319.4,4224.4,3028.5,1049.3,1260.2,115.4,79.7,1084.7,941.6,494.2,568.9,4918.8,6090.6,2626.9,1409.9,4486.5,4030.1,2525.7,1908.1,1704.2,2921.6,964.7,3372.6,931.2,1598.3,1340.9,3657.9,7115.1,3892.8,1637.7,183.2
2026-09-29 00:30:00,746.5,392.1,967.2,1023.6,686.8,336.2,11.0,10.3,278.8,11.6,412.6,1328.8,4214.1,3053.9,1139.9,1359.9,107.8,79.1,1094.0,893.8,502.6,565.6,4916.7,6077.6,2596.1,1409.9,4469.7,4009.1,2526.0,1904.1,1702.6,2918.8,959.1,3345.0,928.4,1581.0,1335.8,3639.9,7083.6,3880.7,1642.7,189.5
2026-09-29 00:45:00,736.3,390.2,961.3,1012.0,701.9,334.6,11.0,10.3,273.7,8.0,401.5,1334.8,4231.9,3082.9,1226.8,1439.8,107.6,78.5,1123.2,874.6,499.5,563.8,4905.8,6061.6,2565.2,1410.8,4456.4,3991.0,2513.9,1927.3,1699.0,2924.4,952.2,3291.4,925.0,1563.0,1328.4,3633.4,7044.9,3874.2,1638.1,188.2
2026-09-29 01:00:00,744.8,388.0,961.0,1077.0,752.9,334.8,47.5,10.3,313.2,13.2,412.4,1340.6,3927.6,3121.8,1223.2,1504.2,82.4,77.8,1120.8,893.5,500.6,560.4,4789.4,5958.3,2511.5,1405.2,4395.2,3956.8,2451.3,1972.7,1699.2,2906.9,935.8,3149.1,920.5,1534.9,1325.0,3797.8,7119.3,3921.8,1635.0,168.6
2026-09-29 01:15:00,740.0,385.7,956.8,1045.2,747.6,334.7,44.9,10.3,310.4,10.7,408.8,1345.2,4092.5,3144.1,1202.2,1497.4,89.4,77.2,1119.3,878.5,501.8,562.3,4762.8,5935.2,2493.1,1406.1,4385.3,3944.2,2448.1,1965.6,1697.7,2900.1,932.8,3133.2,919.1,1524.8,1316.9,3787.3,7072.0,3912.5,1631.7,168.0
2026-09-29 01:30:00,785.6,383.3,952.9,1033.8,745.9,334.7,44.7,10.3,311.8,8.9,405.5,1348.0,4083.4,3155.6,1169.2,1497.9,82.1,86.5,1126.4,863.4,501.5,554.4,4756.9,5963.3,2470.6,1408.1,4379.1,3935.3,2444.5,1898.7,1694.6,2873.7,925.9,3145.3,914.9,1516.5,1309.9,3783.5,7054.2,3903.8,1630.4,166.4
2026-09-29 01:45:00,787.1,380.9,960.2,1017.4,742.4,342.0,44.7,10.3,307.7,4.4,402.4,1352.3,4081.0,3210.5,1153.5,1499.5,82.1,95.9,1133.7,862.4,498.8,554.6,4742.9,5975.9,2455.1,1410.0,4372.1,3927.5,2441.0,1862.6,1700.9,2866.3,920.6,3146.0,912.1,1509.7,1301.4,3793.8,7031.1,3894.7,1621.0,165.8
2026-09-29 02:00:00,789.7,413.0,962.1,968.7,705.9,428.4,47.4,10.3,311.2,1.1,163.2,1354.2,4182.5,3180.6,1166.9,1488.2,21.8,126.8,1094.0,852.5,494.5,552.4,4685.5,5984.9,2424.1,1414.2,4489.2,3943.9,2402.2,2028.7,1713.0,2879.7,917.2,2971.4,911.2,1487.4,1297.9,3752.2,6987.1,3796.1,1638.2,158.9
2026-09-29 02:15:00,798.1,414.1,961.4,940.7,703.4,432.1,46.3,10.4,375.3,1.0,153.7,1357.8,4226.8,3173.8,1160.9,1484.8,22.0,126.8,1091.9,846.0,492.2,548.9,4669.7,5953.6,2411.6,1416.0,4445.9,3901.0,2400.5,2032.5,1712.7,2876.3,916.7,2955.3,908.8,1486.8,1294.4,3784.0,6970.9,3788.6,1641.2,158.3
2026-09-29 02:30:00,790.1,409.2,962.5,935.8,710.4,432.4,46.3,10.3,399.0,2.9,144.0,1370.2,4393.1,3157.5,1159.2,1487.9,22.1,126.9,1090.1,838.2,488.7,547.3,4662.6,5922.3,2400.6,1418.8,4436.5,3891.6,2398.1,2009.3,1711.9,2864.1,913.6,2953.9,908.4,1487.3,1290.6,3805.3,6961.5,3780.8,1643.6,157.6
2026-09-29 02:45:00,790.8,437.7,963.3,939.2,709.5,433.9,49.0,9.3,400.6,2.3,133.4,1366.3,4474.3,3161.7,1147.6,1494.6,22.1,147.0,1088.2,833.5,484.9,548.4,4663.6,5892.1,2390.8,1420.7,4434.9,3888.8,2404.3,1926.9,1717.6,2846.4,913.1,2997.4,908.1,1489.3,1287.8,3830.9,6957.1,3773.8,1642.9,156.9
2026-09-29 03:00:00,837.8,444.3,886.5,906.7,649.2,434.2,71.1,10.2,416.4,1.0,145.4,1390.8,4345.5,3126.4,1162.3,1500.3,41.6,144.6,1090.9,821.7,477.6,550.8,4597.5,5874.7,2370.8,1430.4,4428.5,3909.7,2376.9,2076.4,1712.0,2837.7,927.7,2891.8,909.9,1485.7,1350.5,3751.5,6850.2,3654.0,1652.4,155.5
2026-09-29 03:15:00,837.9,443.7,888.9,866.4,653.3,434.6,72.9,9.3,408.0,1.0,146.4,1397.6,4489.9,3104.1,1164.2,1487.7,41.4,144.1,1088.2,827.3,478.4,552.7,4602.0,5837.8,2369.7,1432.3,4428.3,3910.8,2376.6,2081.5,1710.2,2832.3,925.6,2882.3,910.8,1495.2,1347.7,3827.2,6821.5,3646.2,1655.9,154.6
2026-09-29 03:30:00,835.4,443.0,893.7,867.6,654.3,439.7,73.7,9.3,413.9,1.0,144.9,1397.8,4513.2,3115.7,1160.2,1491.9,40.9,143.6,1085.4,828.7,466.3,554.0,4608.4,5839.2,2364.1,1434.3,4427.2,3908.6,2376.2,1937.5,1709.4,2789.6,926.9,2963.1,912.1,1506.5,1349.4,3874.6,6819.5,3640.0,1666.0,153.9
2026-09-29 03:45:00,845.6,442.3,900.8,868.2,661.3,441.4,73.7,9.4,410.9,1.0,151.5,1398.0,4517.9,3219.4,1149.7,1493.2,40.5,142.9,1083.9,829.4,468.1,555.7,4616.3,5829.0,2364.0,1435.2,4427.9,3909.8,2385.6,1925.2,1710.9,2782.2,924.7,2972.5,913.3,1518.9,1355.1,3933.4,6823.1,3630.6,1666.7,152.2
2026-09-29 04:00:00,858.1,442.4,892.5,808.5,669.5,435.0,48.7,9.3,421.7,1.0,236.0,1402.5,4476.2,3233.8,1130.2,1466.5,39.6,115.8,1045.9,828.5,466.4,557.5,4669.8,5759.8,2358.0,1441.2,4386.0,3882.9,2385.4,2031.4,1713.2,2777.0,921.5,2908.8,912.4,1562.0,1419.4,4053.7,6841.1,3647.1,1681.1,149.5
2026-09-29 04:15:00,865.8,441.7,919.4,832.0,682.4,440.6,48.7,9.3,429.1,1.0,243.2,1402.7,4471.2,3255.2,1125.0,1463.2,39.9,115.2,1040.1,830.4,466.5,560.5,4683.0,5725.7,2365.2,1443.1,4394.7,3892.1,2389.0,1978.9,1721.0,2768.7,923.4,2948.7,914.6,1582.7,1428.6,4079.4,6847.0,3640.7,1693.2,149.0
2026-09-29 04:30:00,881.1,441.0,959.9,893.0,686.0,443.3,48.7,10.2,432.8,1.0,240.8,1401.7,4425.6,3262.6,1112.1,1465.9,42.8,97.7,1044.2,832.9,467.6,563.4,4699.3,5682.1,2371.3,1444.2,4400.9,3899.2,2399.0,1984.9,1716.5,2761.7,924.8,2957.7,920.7,1606.7,1437.6,4059.9,6866.5,3642.1,1701.2,148.0
2026-09-29 04:45:00,785.5,440.6,1010.4,930.2,689.1,444.6,46.0,10.2,443.2,1.0,252.5,1400.2,4242.2,3311.6,1103.9,1468.0,43.6,97.7,1032.9,846.2,466.4,566.8,4735.9,5629.2,2385.7,1445.3,4410.1,3916.7,2401.9,1941.3,1715.1,2749.0,907.9,2994.1,925.4,1635.6,1442.0,4078.8,6906.5,3662.9,1722.4,147.1
2026-09-29 05:00:00,804.1,439.0,1083.2,987.6,691.3,452.9,55.0,3.6,352.3,1.0,113.2,1380.2,4455.4,3468.6,1150.8,1470.1,0.0,116.8,1027.7,908.4,455.5,567.2,4994.1,5620.6,2444.2,1461.7,4439.6,3588.9,2419.4,1917.0,1728.9,2739.0,919.7,3275.8,933.3,1926.5,1344.6,3943.7,7061.5,3742.6,1767.1,144.7
2026-09-29 05:15:00,829.0,437.4,1138.9,938.9,720.2,457.8,55.0,4.0,352.1,1.0,108.7,1377.4,4308.7,3491.4,1128.2,1470.2,0.0,124.3,1032.8,902.8,462.5,570.2,5022.9,5577.3,2485.0,1461.8,4465.6,3780.7,2429.7,1950.8,1732.9,2744.8,927.9,3306.1,941.7,1957.5,1354.0,4023.9,7133.1,3756.0,1800.9,144.2
2026-09-29 05:30:00,856.8,436.1,1193.4,925.7,744.9,464.0,55.0,3.7,358.0,1.0,113.4,1374.5,4305.2,3531.4,1046.4,1488.6,5.1,116.3,1029.0,926.7,455.8,565.2,5082.8,5547.8,2529.5,1463.2,4496.6,3822.8,2439.8,1962.0,1738.0,2791.6,940.4,3367.7,951.8,1985.6,1368.0,4146.3,7243.2,3836.2,1851.3,148.0
2026-09-29 05:45:00,875.7,434.4,1236.6,927.1,765.0,485.6,55.0,3.5,363.6,1.0,118.8,1370.5,4130.7,3635.9,1034.4,1488.9,5.5,119.4,1032.1,932.7,463.5,569.5,5151.3,5497.2,2579.5,1463.2,4526.1,3995.0,2457.3,1970.0,1739.1,2970.3,956.1,3720.6,961.3,2008.5,1387.6,4095.4,7380.6,3956.5,1903.1,143.7
2026-09-29 06:00:00,907.7,433.8,1290.3,1214.0,799.0,508.4,47.1,105.4,378.4,7.4,484.4,1341.4,4605.0,3774.1,1128.7,1498.0,6.0,125.4,1114.8,1229.9,462.9,581.8,5324.6,5433.3,2778.0,1758.5,4555.9,3959.7,2505.3,1904.0,1724.7,3080.4,992.4,4341.6,988.9,2186.8,1453.0,4093.7,7766.3,3867.0,2003.0,140.1
2026-09-29 06:15:00,920.8,431.0,1299.1,1246.8,819.7,543.0,47.0,105.4,378.8,11.1,497.0,1338.6,4179.7,4304.2,1141.6,1496.8,6.5,107.2,1116.1,1281.9,468.6,596.8,5374.1,5389.7,2858.0,1805.1,4607.2,4197.7,2533.0,1854.2,1734.0,3187.2,1016.5,4556.9,1005.2,2203.6,1481.9,4109.1,7946.9,4006.2,2055.3,140.1
2026-09-29 06:30:00,930.1,429.9,1311.4,1414.1,837.0,518.8,47.0,107.2,389.7,63.9,497.0,1335.3,3839.6,3956.3,1117.6,1476.5,7.0,124.8,1129.4,1300.6,475.0,598.9,5399.0,5402.1,2937.7,1822.4,4656.1,4242.5,2554.1,1891.9,1743.2,3205.5,1042.2,4575.9,1016.5,2217.7,1512.9,4262.3,8145.6,3996.6,2110.0,139.8
2026-09-29 06:45:00,933.9,433.9,1309.8,1398.6,845.4,553.6,47.0,109.2,415.0,81.1,514.4,1332.1,3722.0,4454.0,1147.2,1557.0,7.5,135.4,1141.5,1302.9,480.8,585.3,5435.3,5374.6,3019.3,1826.5,4700.6,4464.0,2584.6,1909.2,1749.3,3282.4,1060.9,4692.5,1029.3,2235.3,1538.9,4293.2,8327.9,4033.1,2168.6,135.8
2026-09-29 07:00:00,939.6,553.6,1321.0,1362.4,862.9,657.9,33.9,36.0,434.6,90.5,167.4,1392.8,3977.8,4887.9,1225.1,1548.6,8.0,117.9,1257.6,1281.2,537.7,570.2,5548.3,5216.6,3217.0,1792.7,4842.4,4626.0,2656.6,1850.9,1819.0,3277.3,1102.7,4609.5,1047.6,2883.4,1567.2,4317.6,8632.4,4000.3,2253.5,137.5
2026-09-29 07:15:00,957.6,538.5,1329.7,1370.9,869.7,715.0,33.9,36.5,449.7,89.8,149.0,1388.5,4118.9,5059.8,1262.3,1533.8,8.3,201.2,1266.7,1311.2,541.3,558.7,5572.5,5177.8,3278.7,1792.4,4876.6,4682.9,2679.2,1840.2,1826.1,3252.2,1124.8,4657.1,1052.4,2900.8,1576.8,4343.9,8740.2,4219.9,2290.5,172.9
2026-09-29 07:30:00,953.6,601.7,1313.7,1359.3,880.2,717.3,33.9,37.1,461.4,86.5,161.0,1385.3,4036.0,5178.3,1300.5,1544.9,8.3,201.6,1273.6,1294.1,550.2,559.2,5559.1,5098.1,3317.5,1791.9,4893.9,4634.7,2694.5,1890.2,1833.2,3256.3,1133.9,4659.7,1056.2,2917.2,1580.7,4417.0,8815.8,4197.1,2309.3,149.7
2026-09-29 07:45:00,946.7,601.7,1277.5,1350.3,888.3,743.0,33.9,31.7,470.4,83.1,152.2,1384.7,3983.1,5267.6,1341.7,1513.1,21.6,193.7,1288.1,1306.1,559.8,559.4,5586.9,5024.1,3355.3,1790.5,4900.9,4711.4,2712.8,1937.5,1840.7,3280.2,1142.1,4706.3,1056.2,2933.4,1585.1,4454.7,8878.8,4215.6,2340.2,139.7
2026-09-29 08:00:00,936.6,641.6,1216.7,1342.2,890.1,774.9,1.0,32.4,501.1,58.4,207.7,1270.6,4030.0,5509.2,1664.7,1571.2,8.7,163.0,1306.9,1263.2,605.9,579.2,5591.6,4877.8,3406.8,1803.0,4932.0,4663.5,2748.9,1812.2,1772.3,3030.4,1167.0,4646.3,1040.6,3194.8,1586.2,4829.9,8929.5,3975.6,2339.6,172.8
2026-09-29 08:15:00,938.6,641.6,1172.2,1317.6,894.3,790.8,1.0,31.7,504.0,66.6,210.9,1275.7,4201.2,5114.1,1675.6,1527.4,8.7,108.9,1302.6,1250.0,606.2,578.7,5567.5,4802.4,3409.9,1801.4,4928.8,4645.8,2754.7,1863.0,1776.2,3027.5,1167.6,4627.5,1048.6,3211.3,1584.0,4865.9,8932.8,3997.2,2341.0,143.4
2026-09-29 08:30:00,944.3,651.3,1113.6,1291.2,891.9,808.1,1.0,30.6,506.3,68.5,208.1,1284.4,4421.7,5190.0,1665.9,1512.4,8.8,207.2,1302.3,1226.6,603.2,575.8,5559.4,4708.6,3407.9,1800.0,4921.7,4597.4,2753.4,1971.7,1779.0,3050.9,1170.4,4575.7,1056.8,3233.0,1584.1,4846.4,8933.8,3981.1,2335.6,149.2
2026-09-29 08:45:00,936.2,641.2,1051.6,1253.9,891.6,816.2,1.0,31.6,509.8,69.2,210.0,1294.5,4850.0,4680.7,1882.7,1668.2,10.3,225.0,1343.2,1211.6,618.1,567.0,5578.8,4652.9,3399.8,1797.3,4916.8,4541.2,2757.2,2065.0,1780.5,3064.7,1174.7,4535.0,1060.9,3251.8,1582.7,4901.1,8931.2,3861.1,2344.3,151.7
2026-09-29 09:00:00,931.9,628.9,966.9,736.3,884.2,861.3,2.1,47.6,502.0,24.5,495.9,1274.2,4749.6,4941.9,1818.8,1838.6,8.9,206.8,1408.4,1225.7,570.1,595.7,5591.9,4591.0,3398.0,1783.9,4852.3,4301.1,2757.5,1828.4,1853.4,2908.4,1169.1,4475.7,1065.0,3682.5,1579.3,5093.1,8842.6,3886.8,2296.8,130.1
2026-09-29 09:15:00,928.0,567.0,915.3,658.3,885.5,837.1,2.4,43.6,502.5,6.0,531.6,1283.8,4767.4,4530.2,1776.6,1774.3,15.4,207.3,1425.9,1220.3,570.8,578.5,5614.4,4532.1,3380.7,1772.1,4831.8,4164.2,2756.9,2023.6,1847.4,2923.4,1162.9,4346.3,1064.7,3695.5,1579.6,5100.0,8816.6,3800.7,2295.9,126.9
2026-09-29 09:30:00,926.3,619.8,869.4,618.2,883.8,822.8,2.3,30.9,477.0,6.8,512.7,1298.5,4972.1,4334.3,1766.2,1808.3,15.7,207.8,1428.2,1236.6,567.4,589.9,5680.4,4483.7,3362.5,1769.1,4815.1,4117.7,2753.3,2121.8,1839.1,2943.8,1158.2,4295.0,1064.9,3699.6,1583.2,5099.7,8789.1,3749.1,2284.9,129.8
2026-09-29 09:45:00,916.4,609.4,839.7,596.7,878.8,823.3,2.0,31.6,447.7,4.5,510.9,1311.4,5190.2,4248.0,1718.6,1849.7,19.2,207.7,1428.0,1249.1,578.8,598.8,5694.9,4432.3,3348.0,1769.8,4798.7,4118.8,2752.2,2145.9,1839.0,2976.3,1153.8,4320.9,1061.9,3694.4,1586.0,5036.4,8781.2,3783.2,2282.9,129.8
2026-09-29 10:00:00,913.7,633.7,801.6,544.0,872.9,685.8,26.0,75.5,402.7,41.4,186.0,1358.7,5075.2,4419.6,1586.4,1946.4,6.0,339.6,1430.8,1284.9,567.8,577.7,5677.5,4390.7,3304.5,1546.3,4538.7,4001.6,2757.8,2222.6,1820.7,2993.4,1133.1,4228.8,1050.0,3701.1,1573.5,5225.7,8760.6,3618.9,2264.3,153.5
2026-09-29 10:15:00,912.1,615.1,762.6,518.8,863.8,696.1,26.6,64.6,379.6,46.8,184.9,1371.5,5637.7,4425.0,1523.4,1956.9,9.7,317.5,1450.3,1291.1,571.1,573.4,5669.9,4325.9,3288.7,1497.0,4607.6,3630.3,2758.3,2320.6,1823.5,3015.4,1127.5,4198.6,1045.7,3682.2,1568.6,5183.6,8718.4,3605.5,2253.0,153.7
2026-09-29 10:30:00,908.1,628.1,730.2,509.3,855.2,710.7,27.7,51.0,355.0,60.6,169.1,1386.8,5633.5,4405.7,1491.9,1897.7,9.2,344.1,1449.2,1326.8,569.2,582.5,5665.8,4279.2,3267.0,1462.0,4639.9,3215.9,2750.4,2359.9,1819.2,3026.3,1117.3,4176.7,1043.1,3662.4,1566.7,5141.8,8677.1,3576.1,2249.3,156.4
2026-09-29 10:45:00,901.7,593.7,690.2,474.2,850.0,716.6,26.0,51.3,320.6,66.5,150.8,1401.1,5710.7,4466.4,1426.4,1827.8,3.0,325.4,1461.1,1324.5,567.2,283.5,5673.1,4245.8,3245.9,1363.0,4654.5,3153.9,2746.2,2343.0,1818.2,3056.4,1103.8,4092.2,1044.8,3639.8,1562.4,5101.3,8639.8,3562.0,2237.8,158.1
2026-09-29 11:00:00,899.8,591.5,672.9,469.5,841.2,722.3,15.0,52.2,303.3,62.2,174.8,1421.5,5789.8,4656.0,1385.4,1580.4,177.8,307.5,1441.4,1388.0,552.7,270.1,5597.0,4253.3,3221.1,1369.4,4156.3,3020.4,2759.4,2288.3,1847.8,3003.7,1113.5,3506.8,1042.4,3675.1,1552.0,5118.5,8599.1,3516.9,2220.2,143.3
2026-09-29 11:15:00,898.3,582.1,652.0,480.9,833.0,718.4,15.0,39.4,283.4,68.0,182.9,1434.1,6824.2,4637.6,1325.1,1470.1,177.9,316.3,1437.3,1173.6,548.9,164.7,5580.1,4220.6,3201.1,1370.7,4139.7,2977.7,2755.0,2294.8,1848.3,2966.0,1098.3,3267.5,1041.7,3669.2,1547.5,5158.8,8565.5,3516.1,2202.8,133.3
2026-09-29 11:30:00,901.4,580.7,636.9,485.9,835.1,718.6,15.0,39.8,271.3,76.6,201.6,1449.0,7130.3,4645.6,1254.9,1416.8,178.0,314.9,1429.5,1226.2,556.6,175.7,5561.6,4212.0,3181.9,1364.7,4109.9,2966.7,2750.3,2219.6,1848.6,2972.8,1090.2,3032.9,1040.5,3671.7,1549.2,5161.3,8547.8,3517.3,2205.6,135.4
2026-09-29 11:45:00,905.5,575.3,635.8,476.1,839.7,708.5,15.0,39.9,258.2,25.4,207.7,1459.9,7366.7,4652.0,1202.1,1437.4,185.5,314.7,1431.8,1231.3,554.3,191.7,5547.9,4190.3,3171.3,1364.2,4091.2,2929.2,2748.7,2246.1,1849.3,2974.7,1083.6,2609.5,1040.3,3674.4,1552.2,5164.1,8545.9,3512.6,2192.6,137.0
2026-09-29 12:00:00,908.0,557.5,720.9,478.4,880.1,706.5,5.2,47.1,223.0,53.1,203.1,1492.7,7235.3,4740.4,1552.5,1492.7,187.2,339.1,1381.3,1180.9,594.6,171.3,5453.2,4211.8,3150.7,1289.7,3932.2,2587.6,2760.9,2260.3,1803.5,2975.7,1078.3,2221.9,1040.1,3677.6,1561.2,5108.2,8510.3,3472.3,2170.7,135.7
2026-09-29 12:15:00,959.4,555.3,716.7,479.2,884.2,703.7,22.4,46.1,195.6,59.3,198.1,1504.1,7382.2,4690.9,1509.5,1498.4,186.5,338.3,1377.4,1202.2,583.8,184.9,5442.4,4188.7,3141.2,1290.1,3917.3,2517.4,2760.6,2199.7,1801.8,2963.0,1074.1,2186.0,1042.3,3688.0,1567.4,5106.2,8506.9,3468.6,2162.0,136.8
2026-09-29 12:30:00,1001.0,463.8,747.8,479.1,884.9,696.5,2.3,46.2,186.5,81.2,180.6,1521.8,7271.9,4753.6,1465.2,1547.4,185.9,338.7,1376.2,1218.1,581.6,197.7,5427.6,4172.4,3132.9,1290.2,3909.5,2518.5,2757.9,2185.2,1801.2,2972.3,1070.7,2171.6,1041.3,3687.5,1565.4,5101.2,8510.3,3470.0,2167.0,137.9
2026-09-29 12:45:00,1015.9,552.2,749.8,466.6,885.9,691.9,22.5,46.1,181.8,80.6,228.9,1531.5,7457.4,4723.8,1432.4,1519.0,185.2,338.1,1387.3,1235.3,581.9,217.5,5426.1,4163.8,3126.3,1289.3,3900.3,2519.8,2756.8,2179.0,1802.8,2974.6,1064.2,2150.6,1043.0,3696.3,1568.3,5094.1,8532.9,3471.1,2165.8,139.1
2026-09-29 13:00:00,938.8,485.1,758.4,446.5,939.0,689.6,2.3,46.0,162.3,97.0,290.7,1568.1,7336.7,4740.7,1616.3,1528.6,56.0,446.5,1515.6,1234.3,588.8,220.6,5398.8,4207.7,3097.0,1275.5,3791.6,2922.1,2790.7,2068.5,1823.3,2972.3,1057.5,1856.3,1036.0,3686.5,1566.8,5082.4,8617.6,3585.5,2212.4,140.2
2026-09-29 13:15:00,894.5,472.2,765.9,434.1,943.3,673.7,22.5,45.7,153.8,96.9,295.9,1576.8,7524.5,4730.8,1603.3,1514.4,51.5,446.5,1518.6,1211.1,577.8,228.9,5397.9,4187.2,3093.3,1275.4,3792.6,2925.7,2789.5,2059.3,1823.7,2976.1,1056.0,1842.3,1038.8,3683.7,1561.4,5075.4,8615.4,3578.9,2210.5,141.2
2026-09-29 13:30:00,893.3,471.8,781.4,425.6,947.4,654.6,15.6,45.3,149.3,93.2,301.7,1552.9,7651.3,4723.4,1599.7,1508.9,41.0,458.0,1526.9,1222.4,576.1,238.4,5389.1,4171.8,3090.2,1275.3,3781.0,2930.0,2785.8,2046.0,1824.8,2972.0,1059.4,1829.6,1038.0,3694.4,1555.4,5062.3,8570.8,3572.5,2213.9,141.7
2026-09-29 13:45:00,894.9,470.6,794.5,415.6,944.3,631.9,5.2,44.8,143.4,90.7,296.0,1559.3,7454.3,4707.9,1608.3,1516.0,40.2,457.9,1526.6,1238.1,576.9,245.1,5379.5,4151.5,3091.1,1274.0,3768.2,2933.8,2785.5,2018.1,1824.8,2960.9,1052.8,1799.8,1035.0,3700.7,1545.9,5045.5,8552.8,3567.1,2205.1,141.3
2026-09-29 14:00:00,898.6,466.9,819.6,424.4,942.5,604.4,22.4,44.5,134.9,101.3,248.5,1567.3,7307.5,4681.0,1588.4,1588.8,157.1,305.4,1522.6,1257.0,555.4,260.9,5425.4,4177.7,3085.8,1267.2,3704.6,2879.6,2850.5,2027.6,1839.7,2998.0,1056.7,1757.3,1029.5,3730.3,1536.2,4999.3,8534.4,3578.7,2155.0,143.0
2026-09-29 14:15:00,897.5,509.1,853.7,403.6,945.3,574.8,5.0,43.9,134.7,106.4,232.5,1600.9,7220.9,4695.4,1598.4,1622.1,157.6,305.2,1507.6,1297.9,553.6,267.2,5421.3,4168.5,3082.0,1266.7,3704.1,2884.3,2851.1,2020.5,1840.5,2996.1,1055.8,1774.0,1027.1,3736.5,1530.4,4984.0,8526.8,3577.5,2157.4,142.9
2026-09-29 14:30:00,899.0,467.1,862.9,386.4,907.0,542.4,3.6,43.2,140.5,113.3,231.4,1601.5,7024.1,4677.8,1610.7,1605.7,158.1,305.3,1501.4,1322.1,553.9,274.1,5410.8,4166.7,3085.4,1266.1,3697.2,2889.5,2848.0,2014.1,1839.7,2991.2,1054.4,1773.7,1026.2,3739.9,1526.1,4973.0,8504.6,3571.4,2157.4,142.4
2026-09-29 14:45:00,899.8,533.3,898.3,364.0,905.7,512.8,2.3,55.5,142.6,122.9,193.8,1601.3,7048.0,4690.5,1610.0,1625.2,158.6,292.4,1499.3,1348.2,558.8,277.6,5417.9,4159.7,3086.7,1265.6,3699.5,2904.9,2846.6,2008.6,1842.4,3000.9,1058.6,1813.5,1024.5,3740.5,1523.7,4955.8,8507.9,3563.3,2155.4,141.5
2026-09-29 15:00:00,902.5,523.7,839.5,354.5,867.7,470.1,26.6,39.2,136.5,83.9,267.0,1593.6,7036.9,4633.3,1256.6,1567.3,41.2,333.6,1322.6,1440.1,553.6,307.6,5414.3,4197.2,3083.7,1256.4,3943.3,2663.8,2928.8,2161.7,1802.2,3004.0,1064.2,2117.7,1026.8,3746.7,1527.6,4840.9,8406.9,3543.4,2170.3,136.7
2026-09-29 15:15:00,907.3,510.9,899.7,345.6,871.5,444.9,12.7,31.7,150.8,79.7,244.2,1589.8,6680.8,4650.6,1284.1,1580.9,42.0,333.2,1296.6,1516.6,547.4,312.4,5423.9,4197.3,3093.1,1255.8,3950.8,2684.4,2929.7,2213.1,1805.9,3041.3,1065.1,2209.4,1026.6,3745.2,1528.2,4815.8,8414.5,3537.9,2171.3,135.7
2026-09-29 15:30:00,897.9,499.5,971.2,334.6,873.0,426.1,12.0,34.7,162.9,66.6,269.6,1579.6,6563.5,4613.4,1322.8,1526.3,42.7,332.7,1296.6,1429.4,540.2,321.5,5432.6,4207.5,3114.8,1275.8,3956.7,2797.7,2926.8,2241.4,1805.6,3138.7,1070.5,2822.3,1025.4,3746.1,1527.7,4790.4,8437.0,3550.6,2179.9,135.4
2026-09-29 15:45:00,901.8,491.8,1038.4,334.4,866.8,409.4,12.0,55.5,172.6,95.7,261.1,1570.4,4821.1,4573.3,1377.2,1510.8,43.3,327.9,1292.3,1459.2,525.2,326.7,5441.4,4219.0,3123.4,1273.8,3956.2,3074.0,2934.7,2199.5,1808.3,3142.8,1074.3,3102.3,1027.3,3746.9,1526.2,4729.9,8454.8,3546.9,2182.8,134.7
2026-09-29 16:00:00,908.5,497.3,1106.4,328.9,866.7,400.6,36.3,11.1,193.8,113.2,290.6,1505.8,5094.8,4428.3,1300.5,1522.5,34.0,215.5,1306.2,1698.7,547.5,316.3,5510.8,4190.2,3151.4,1292.7,4345.1,3889.9,2985.7,2076.3,1809.8,3154.0,1087.4,3560.8,1033.4,3830.3,1534.8,4724.3,8441.1,3575.4,2182.2,132.7
2026-09-29 16:15:00,914.6,484.2,1175.3,318.5,870.7,385.1,20.0,10.8,209.5,110.4,262.1,1495.8,4502.4,4447.8,1363.3,1481.6,54.4,177.5,1286.4,2011.8,546.9,592.6,5498.2,4223.3,3166.5,1314.8,4361.9,4019.4,2987.3,2049.0,1805.4,3158.6,1096.3,3944.3,1037.0,3832.1,1539.4,4668.1,8473.1,3589.8,2196.3,132.8
2026-09-29 16:30:00,919.7,483.7,1254.6,502.9,872.5,370.0,20.0,9.5,219.4,92.6,261.6,1481.8,4355.4,4630.8,1443.7,1535.5,54.8,174.6,1282.8,2058.8,553.0,811.7,5486.3,4281.7,3181.4,1313.9,4370.5,4085.8,2983.5,2050.0,1802.2,3150.4,1087.6,4250.9,1040.8,3834.0,1549.7,4641.1,8529.6,3580.2,2204.7,135.9
2026-09-29 16:45:00,924.0,488.9,1320.6,492.6,883.2,396.1,20.0,15.2,235.6,93.7,221.7,1466.2,4295.2,4883.1,1520.7,1703.4,55.2,203.7,1277.4,2127.2,554.1,869.7,5481.2,4347.1,3191.7,1418.0,4367.0,4636.3,2982.6,1762.1,1807.4,3182.3,1091.7,4726.9,1046.6,3835.7,1567.8,4546.2,8592.7,3678.7,2208.5,138.1
2026-09-29 17:00:00,936.8,487.6,1385.9,757.0,897.1,676.5,52.4,125.9,266.2,55.2,497.7,1441.8,4614.5,4657.3,1691.9,1814.9,35.7,94.6,1357.3,2632.4,580.2,862.7,5503.2,4515.9,3194.5,1518.6,4317.8,4681.7,2977.5,1981.0,1801.1,3203.3,1107.9,4472.6,1060.4,3946.3,1591.9,4518.1,8724.4,3753.4,2283.7,185.1
2026-09-29 17:15:00,936.7,536.0,1429.5,760.1,902.8,708.9,44.2,125.3,291.3,43.5,522.3,1421.6,3877.0,4687.5,1796.8,1773.3,35.1,119.9,1341.1,2720.1,575.2,883.1,5498.8,4624.8,3199.2,1516.0,4322.1,4870.9,2976.6,1820.0,1800.8,3182.2,1087.6,4580.4,1062.5,3955.5,1608.1,4501.2,8777.9,3761.0,2276.6,187.2
2026-09-29 17:30:00,942.2,473.2,1457.5,766.7,903.3,728.6,46.8,125.5,330.5,28.8,573.1,1398.1,3828.7,4846.2,1844.0,1707.5,34.7,111.3,1345.4,2748.8,585.8,896.8,5496.0,4722.1,3208.4,1518.8,4326.8,4965.3,2973.0,1634.8,1802.2,3162.1,1092.0,4728.8,1064.2,3965.2,1621.0,4488.4,8825.9,3767.4,2283.2,192.0
2026-09-29 17:45:00,949.0,561.8,1481.5,782.8,910.0,748.5,50.4,125.4,354.6,94.6,536.7,1374.9,3586.4,5143.7,1968.8,1697.5,34.1,106.6,1344.7,2821.0,591.4,928.2,5492.0,4846.5,3212.8,1517.2,4330.3,4991.4,2973.1,1507.3,1801.1,3115.3,1095.9,4793.4,1064.1,3976.6,1631.4,4480.0,8876.3,3786.6,2286.3,197.4
2026-09-29 18:00:00,952.8,660.8,1503.5,796.4,917.5,852.4,57.2,46.5,356.6,86.5,528.7,1326.4,3755.6,4700.5,2058.2,1719.8,111.0,44.5,1348.3,3395.2,592.1,937.5,5585.9,4967.3,3231.9,1580.7,4655.6,5529.4,2941.1,1759.1,1804.8,3319.7,1083.8,4692.1,1060.4,3447.0,1634.7,4436.8,8957.8,3888.2,2271.3,227.1
2026-09-29 18:15:00,960.0,658.0,1516.9,820.9,918.7,848.4,59.1,46.3,372.0,85.1,492.7,1306.4,3551.5,4947.6,2137.1,1724.9,133.2,44.5,1329.7,3454.4,584.2,958.1,5594.9,5051.8,3249.3,1596.3,4655.8,5601.8,2945.2,1621.3,1795.6,3271.3,1079.7,4771.1,1061.7,3477.0,1640.9,4414.9,8965.2,3968.5,2271.0,231.4
2026-09-29 18:30:00,966.4,668.4,1533.8,828.4,926.0,858.7,60.7,48.8,385.7,87.7,501.4,1312.1,3557.7,5250.2,2154.8,1739.6,131.8,44.5,1326.3,3467.6,592.0,970.3,5588.3,5095.0,3264.1,1583.7,4667.4,5618.4,2948.6,1581.3,1797.8,3246.9,1086.9,4795.3,1064.5,3494.3,1644.4,4398.7,8978.6,4015.0,2263.0,273.3
2026-09-29 18:45:00,970.6,692.7,1543.2,837.9,932.4,842.7,62.0,51.1,393.9,98.4,497.9,1302.8,3535.1,5291.8,2205.6,1769.2,123.5,44.4,1324.4,3478.4,587.2,990.4,5600.6,5124.6,3280.5,1640.1,4674.3,5675.4,2951.7,1573.8,1795.7,3256.2,1088.8,4828.9,1071.3,3519.2,1651.4,4329.6,8986.0,4015.5,2258.7,289.9
2026-09-29 19:00:00,967.8,649.0,1541.4,837.7,932.3,852.2,58.4,62.0,404.7,104.8,191.0,1281.3,3570.0,5505.0,2256.8,1814.5,192.8,46.6,1595.5,3914.5,587.8,1014.0,5564.9,5062.6,3313.7,1559.1,4709.4,5734.3,2863.1,1595.9,1819.2,3312.3,1102.9,4983.1,1072.9,3541.3,1662.2,4032.2,8970.7,4145.7,2266.0,284.5
2026-09-29 19:15:00,966.0,646.3,1527.1,850.4,928.7,854.3,57.8,62.2,407.2,104.2,202.3,1269.6,3536.4,5620.7,2263.4,1811.7,190.8,44.6,1575.3,3818.6,581.9,1017.2,5558.4,5093.0,3328.4,1560.4,4723.1,5709.3,2871.9,1624.5,1818.6,3299.3,1109.4,4962.9,1074.8,3552.2,1668.3,4043.1,8974.7,4092.5,2269.8,289.1
2026-09-29 19:30:00,962.3,612.5,1507.9,873.1,923.9,836.2,58.9,62.1,406.4,106.5,210.2,1264.3,3528.8,5603.0,2230.5,1773.2,188.9,64.1,1569.9,3828.7,579.1,1031.9,5563.2,5075.7,3340.0,1563.6,4732.4,5662.6,2876.3,1674.7,1817.1,3298.1,1115.8,4925.1,1072.7,3570.8,1670.6,4044.4,8948.5,4105.3,2266.3,269.3
2026-09-29 19:45:00,957.6,557.1,1478.9,888.1,910.6,823.8,61.2,59.4,404.3,114.2,222.6,1264.2,3825.4,6032.3,2247.9,1800.2,187.0,53.4,1574.9,3715.7,576.8,1051.1,5570.1,5086.0,3349.7,1566.6,4734.0,5480.3,2883.3,1770.2,1826.4,3268.5,1118.6,4804.6,1067.4,3578.2,1670.5,4082.5,8906.3,4057.1,2242.2,275.0
2026-09-29 20:00:00,941.5,552.7,1441.1,775.4,900.2,584.1,59.2,28.6,403.3,114.1,186.5,1362.3,3936.6,6851.1,2055.4,1767.6,180.6,111.8,1647.4,3791.8,550.4,1076.5,5373.1,5018.5,3345.4,1583.3,4824.9,5477.4,2766.9,1679.3,1810.6,3355.7,1124.8,4958.2,1059.5,3260.5,1666.3,3933.4,8759.8,4101.7,2196.2,274.5
2026-09-29 20:15:00,931.6,513.1,1421.3,781.7,888.3,583.3,60.9,24.8,389.9,116.1,182.8,1353.1,3421.8,6255.6,2035.4,1735.4,179.0,112.8,1645.4,3782.4,545.6,1087.4,5378.2,5008.5,3339.5,1583.8,4816.8,5219.1,2768.2,1892.0,1807.0,3338.3,1120.5,4727.1,1055.5,3269.2,1661.9,3977.4,8690.1,4023.6,2162.9,282.2
2026-09-29 20:30:00,922.5,453.2,1392.8,801.7,874.2,560.5,55.3,24.8,385.2,127.7,154.4,1335.2,3948.4,6348.0,1975.1,1756.4,177.5,109.4,1639.2,3787.6,542.2,1104.3,5367.4,4984.9,3334.2,1585.6,4813.0,5188.3,2765.6,1910.5,1811.2,3343.9,1120.9,4712.7,1052.6,3279.9,1656.2,3925.6,8612.7,3994.7,2154.5,285.7
2026-09-29 20:45:00,912.1,435.8,1361.7,820.2,858.9,531.3,52.8,24.8,376.1,125.4,152.0,1338.4,3939.7,6410.7,1965.4,1812.1,175.9,110.7,1640.2,3788.7,543.2,1108.6,5399.8,4971.0,3323.8,1579.4,4807.5,5028.8,2762.7,1931.0,1801.2,3344.6,1117.4,4694.3,1048.6,3285.3,1646.4,3897.3,8545.0,3994.6,2125.1,287.7
2026-09-29 21:00:00,891.5,442.1,1317.3,631.0,842.0,455.3,46.0,24.1,367.9,45.8,217.1,1324.8,3865.7,6371.5,1948.7,1794.7,172.9,75.9,1708.5,3644.0,535.3,1118.7,5360.6,4900.1,3284.6,1611.6,4818.5,4554.5,2697.3,1939.2,1791.6,3275.0,1125.7,5031.0,1043.9,3293.4,1644.4,3942.6,8372.4,3952.2,2069.5,247.6
2026-09-29 21:15:00,872.0,439.7,1277.6,633.3,825.2,433.5,44.3,24.1,360.2,20.0,189.8,1332.8,4499.1,6880.1,1930.7,1793.4,172.0,70.3,1704.1,3652.8,531.2,1122.8,5382.3,4875.8,3259.9,1556.2,4804.5,4358.5,2694.1,2058.9,1790.0,3244.1,1113.2,4770.3,1038.8,3296.7,1627.7,3985.0,8265.9,3964.5,2035.5,248.5
2026-09-29 21:30:00,850.0,433.4,1240.8,622.8,803.8,422.9,43.2,24.1,364.3,17.0,162.8,1340.3,4538.4,6033.5,1917.3,1660.9,157.0,74.6,1699.7,3642.6,526.9,1125.6,5388.3,4884.7,3236.3,1473.8,4794.7,4331.0,2688.0,2097.8,1802.4,3206.4,1109.7,4271.0,1031.5,3296.6,1613.6,4026.4,8156.4,3977.5,2007.8,250.2
2026-09-29 21:45:00,829.1,416.6,1203.9,650.6,785.5,413.2,46.2,24.2,355.7,17.0,143.1,1348.0,5209.8,5933.1,1892.3,1512.0,136.2,74.6,1701.4,3618.8,530.2,1077.8,5369.9,4862.0,3208.3,1462.9,4838.1,4255.0,2683.7,2110.9,1798.6,3193.2,1099.8,4063.9,1025.4,3296.1,1598.0,4015.1,8068.2,3875.1,1971.8,251.0
2026-09-29 22:00:00,811.7,406.6,1156.7,661.6,763.1,398.5,1.1,23.2,335.4,7.1,193.3,1389.1,4913.0,5812.7,1801.9,1450.6,7.0,116.1,1622.1,3633.8,500.1,1142.0,5270.0,4841.9,3148.6,1440.4,4829.1,4230.6,2668.2,2191.8,1816.2,3142.4,1079.0,3913.1,1020.6,3273.1,1521.0,3794.9,7914.1,3959.0,1915.9,257.0
2026-09-29 22:15:00,793.9,400.7,1128.5,663.9,744.7,397.5,1.2,23.1,331.3,3.3,177.3,1395.6,5027.6,5754.0,1754.4,1425.6,5.8,113.8,1621.7,3649.0,500.1,1146.8,5220.3,4770.1,3116.2,1441.7,4806.3,4119.5,2665.3,2195.5,1814.5,3143.0,1069.8,3805.5,1013.9,3267.7,1506.7,3784.0,7811.0,3894.3,1875.2,257.7
2026-09-29 22:30:00,777.9,409.2,1100.5,468.1,732.6,391.7,3.7,23.0,325.6,21.2,139.4,1400.3,5067.5,5866.9,1740.0,1469.7,5.6,113.5,1617.1,3661.3,496.7,909.3,5186.6,4728.0,3077.2,1439.0,4781.4,4062.1,2655.0,2158.5,1804.8,3119.5,1080.5,3613.6,1008.5,3261.3,1494.5,3760.7,7715.3,3907.5,1847.8,257.8
2026-09-29 22:45:00,762.7,395.6,1073.4,469.3,718.5,387.2,3.7,23.0,320.3,6.5,156.3,1404.5,5119.6,5692.2,1728.7,1445.9,5.4,113.2,1618.1,3668.0,498.1,693.1,5150.2,4693.7,3036.2,1439.3,4755.2,4013.4,2648.0,2157.3,1800.8,3098.6,1072.7,3426.7,1004.2,3252.6,1485.2,3747.8,7629.8,3903.2,1813.4,258.5
2026-09-29 23:00:00,768.1,375.2,1059.3,470.2,697.9,381.9,13.1,15.0,320.5,30.5,239.3,1414.8,4884.8,5600.4,1706.1,1459.8,5.2,122.2,1408.2,3494.3,466.0,728.4,4939.7,4609.4,2928.8,1418.5,4512.4,3969.6,2611.9,2279.5,1792.7,2979.2,1055.5,2601.7,999.6,3241.4,1482.0,3763.4,7522.0,3916.1,1766.9,270.8
2026-09-29 23:15:00,757.0,372.9,1048.3,443.5,686.7,381.2,14.7,15.3,314.6,27.2,235.3,1420.3,5191.2,5561.3,1680.8,1459.9,5.6,122.4,1407.9,3300.8,468.6,732.8,4911.2,4586.2,2885.5,1417.6,4482.4,3811.8,2601.2,2232.8,1785.5,2947.9,1043.5,2444.0,994.6,3232.3,1471.4,3750.4,7446.7,3903.2,1733.5,267.0
2026-09-29 23:30:00,754.2,370.9,1034.7,435.8,667.1,380.9,14.8,15.0,306.8,31.3,239.1,1425.9,5240.9,5500.0,1687.2,1447.7,5.9,121.8,1407.5,3296.0,467.5,729.1,4868.7,4564.6,2839.2,1418.4,4462.8,3665.2,2587.8,2190.7,1777.6,2918.1,1029.4,2297.8,987.8,3225.8,1459.4,3739.5,7385.9,3904.8,1713.6,268.8
2026-09-29 23:45:00,806.3,363.4,1022.2,424.9,657.8,380.6,14.7,15.0,301.2,20.9,238.9,1431.3,5258.7,5466.1,1672.2,1448.9,6.3,120.1,1407.3,3291.0,467.0,723.4,4829.6,4526.1,2796.0,1418.6,4433.9,3606.6,2577.1,2120.0,1774.0,2872.9,1014.9,1867.4,979.1,3222.0,1444.2,3723.2,7323.0,3942.9,1686.6,262.7
2026-09-30 00:00:00,771.5,283.1,1096.0,353.2,692.7,456.0,27.0,41.7,283.8,10.5,213.1,1465.9,4520.0,5757.3,1539.1,1466.7,29.8,219.2,1071.7,3438.6,482.7,876.1,4870.4,4267.7,2670.5,1481.2,4170.5,2940.9,2527.0,2344.6,1669.8,2841.6,1114.9,1478.9,979.5,3654.1,1434.6,3824.7,7183.7,3910.9,1589.9,273.1
2026-09-30 00:15:00,796.1,263.9,1091.2,367.5,680.0,455.5,27.0,36.0,284.0,6.0,200.1,1470.3,4493.8,5696.6,1556.8,1470.6,30.3,218.8,1083.9,3357.1,481.3,866.7,4854.8,4258.0,2639.8,1477.9,4156.0,2931.5,2523.1,2331.5,1664.9,2841.1,1158.5,1459.0,976.5,3635.9,1422.8,3850.9,7136.7,3895.5,1571.8,263.9
2026-09-30 00:30:00,747.9,361.2,1303.8,363.8,666.8,454.7,27.0,35.2,281.5,14.8,205.1,1478.0,5310.4,5502.6,1504.8,1464.7,30.8,219.3,1078.6,3615.7,468.8,866.9,4841.5,4218.5,2609.3,1478.2,4136.3,2934.8,2509.1,2364.9,1663.3,2876.1,1110.7,1459.2,972.7,3616.7,1413.4,3835.2,7085.4,3900.7,1582.5,270.0
2026-09-30 00:45:00,742.2,360.6,1300.0,364.0,661.3,453.9,27.0,35.1,274.3,32.0,227.4,1484.1,5391.3,5453.2,1529.7,1473.8,11.3,220.7,1080.5,3454.1,474.4,883.9,4795.2,4171.3,2581.5,1479.8,4117.8,2947.7,2496.2,2370.5,1657.2,2894.7,1090.7,1498.6,968.9,3599.0,1403.8,3816.7,7050.0,3899.7,1577.3,266.4
2026-09-30 01:00:00,819.6,370.0,1292.4,341.9,666.7,449.6,100.0,32.9,269.7,6.0,144.5,1503.6,5289.1,5570.9,1459.4,1512.5,31.8,217.0,1075.0,3384.0,472.1,882.6,4719.5,4154.6,2531.1,1453.8,3665.4,2902.2,2465.9,2352.5,1657.4,2802.8,1126.7,1427.0,963.5,3578.6,1385.7,3950.1,7095.0,4002.1,1551.5,243.8
2026-09-30 01:15:00,814.2,369.7,1285.5,326.9,662.1,446.6,100.0,32.8,272.5,6.0,179.2,1507.6,5402.0,5373.6,1438.7,1505.2,32.5,217.4,1074.1,3400.3,472.1,886.0,4719.9,4123.3,2510.1,1450.7,3651.1,2904.8,2462.2,2398.0,1653.6,2837.4,1143.2,1427.0,962.3,3559.8,1385.2,3966.9,7056.8,3999.4,1541.4,244.8
2026-09-30 01:30:00,813.0,369.6,1279.0,313.4,663.1,445.9,100.0,32.6,330.3,10.4,176.7,1509.9,5399.5,5310.6,1417.0,1499.4,13.2,217.7,1071.1,3398.2,471.6,884.0,4686.9,4080.7,2490.0,1452.8,3639.7,2905.9,2456.4,2461.0,1652.4,2868.3,1132.9,1426.9,957.8,3539.5,1386.5,3984.7,7023.6,3981.0,1534.7,244.7
2026-09-30 01:45:00,797.3,376.7,1275.0,295.1,665.7,444.6,102.7,33.3,366.7,10.8,190.9,1513.7,5511.9,5270.4,1379.8,1503.3,13.8,221.4,1066.4,3398.2,476.0,891.9,4702.0,4037.6,2470.2,1450.8,3627.1,2909.3,2450.8,2483.9,1657.0,2881.9,1056.2,1443.6,955.9,3518.1,1389.9,3997.6,7001.9,3976.2,1530.0,244.9
2026-09-30 02:00:00,825.5,384.5,1274.6,284.1,625.8,533.3,100.0,10.5,358.6,10.6,167.1,1518.5,5431.1,5141.4,1645.7,1503.9,34.5,233.8,1035.5,3433.5,448.6,841.7,4574.5,3992.2,2434.4,1317.4,3568.3,2928.7,2433.7,2386.9,1673.6,2808.8,1115.6,1372.3,959.7,3485.8,1388.5,4152.1,7096.9,4005.4,1529.9,238.1
2026-09-30 02:15:00,800.3,383.8,1275.5,262.5,625.8,531.3,100.0,11.3,354.9,13.8,125.8,1521.3,5542.5,5068.2,1642.1,1504.8,35.0,234.0,1032.5,3471.5,446.6,844.9,4568.1,3928.1,2423.0,1316.1,3557.9,2951.5,2431.2,2453.7,1671.9,2841.8,1088.8,1418.9,958.2,3464.5,1399.8,4172.4,7049.5,4008.0,1529.3,239.9
2026-09-30 02:30:00,813.2,382.7,1272.5,252.7,625.8,529.7,102.0,11.1,354.8,14.0,196.0,1525.2,5597.6,5015.9,1632.4,1508.2,15.4,230.9,1025.7,3493.0,445.6,838.4,4588.3,3864.3,2412.4,1313.8,3548.9,2944.4,2428.4,2488.2,1672.3,2844.2,1106.2,1418.7,955.1,3443.3,1411.4,4204.4,7074.9,4017.1,1521.0,239.7
2026-09-30 02:45:00,777.8,382.0,1274.4,243.3,627.1,528.5,102.7,11.3,355.9,14.0,248.2,1526.5,5641.6,4980.3,1612.5,1510.8,15.9,234.5,1028.2,3492.1,447.5,845.9,4586.8,3814.6,2401.9,1313.5,3542.5,2947.5,2427.7,2523.9,1670.7,2865.9,1099.7,1418.7,955.6,3420.7,1424.9,4234.2,7041.5,4032.2,1516.2,246.7
2026-09-30 03:00:00,770.5,298.5,1194.4,240.0,629.6,528.0,99.0,45.7,357.8,16.0,218.2,1534.7,5585.3,4986.3,1655.3,1524.8,0.1,202.6,1023.9,3348.6,437.1,822.1,4541.3,3734.8,2382.2,1305.1,3633.0,3069.4,2420.8,2446.1,1668.8,2834.8,1102.2,1431.8,958.3,3389.9,1438.4,4334.7,6835.7,3908.0,1509.6,234.2
2026-09-30 03:15:00,765.5,306.8,1200.9,233.3,629.9,528.2,101.7,45.7,355.9,14.3,272.6,1534.8,5566.5,4932.1,1643.7,1523.0,0.0,202.8,1025.0,3363.1,434.5,818.9,4545.2,3682.3,2373.2,1305.3,3628.9,3080.4,2419.5,2474.7,1667.6,2856.4,1098.8,1432.4,959.7,3365.5,1449.1,4354.9,6808.9,3922.7,1502.1,244.9
2026-09-30 03:30:00,755.9,305.7,1209.5,223.2,621.8,530.3,99.0,43.8,360.8,13.5,278.8,1535.0,5562.0,4880.3,1617.6,1522.9,0.0,203.4,1025.8,3346.1,428.1,823.6,4554.5,3629.6,2365.9,1305.6,3624.4,3086.3,2416.9,2481.8,1666.4,2858.8,1082.6,1447.9,961.8,3340.7,1458.7,4375.4,6798.8,3934.5,1504.3,245.7
2026-09-30 03:45:00,766.9,341.2,1221.8,213.5,630.1,536.1,99.0,44.9,364.5,16.4,262.0,1534.8,5528.9,4751.0,1589.6,1526.4,0.1,203.8,1028.7,3336.3,428.0,822.0,4582.6,3605.6,2363.2,1305.8,3624.5,3080.2,2416.8,2503.8,1667.3,2917.3,1088.0,1431.9,964.6,3313.2,1466.6,4403.8,6777.8,3962.6,1499.9,246.6
2026-09-30 04:00:00,829.7,402.2,1240.8,214.5,627.1,538.9,29.7,33.7,361.5,11.4,364.7,1523.2,5578.1,4804.5,1631.0,1530.3,0.0,174.4,991.6,3453.0,434.4,836.4,4766.7,3661.5,2356.8,1300.7,3650.9,3525.4,2415.3,2515.9,1665.8,2856.2,1100.0,1382.3,971.7,3307.6,1481.2,4519.4,6807.3,3977.2,1505.6,246.7
2026-09-30 04:15:00,835.5,401.7,1272.1,207.9,638.2,538.1,29.8,34.6,375.3,11.4,352.8,1521.4,5462.0,4698.1,1645.3,1528.6,0.0,174.0,985.4,3456.1,432.6,836.1,4816.1,3607.4,2362.3,1301.0,3655.9,3512.5,2417.1,2504.6,1672.9,2908.4,1098.3,1381.9,975.2,3276.7,1493.8,4538.4,6815.4,3979.2,1515.4,243.3
2026-09-30 04:30:00,860.5,333.3,1091.9,203.8,653.4,536.7,27.0,35.9,373.9,11.4,357.5,1519.7,5358.9,4666.3,1589.5,1530.0,13.1,167.0,986.9,3474.8,427.7,838.3,4842.2,3552.0,2367.8,1301.3,3661.9,3521.8,2416.8,2556.7,1669.3,2946.2,1098.8,1381.8,981.3,3247.3,1506.6,4557.8,6839.6,3986.0,1518.7,242.4
2026-09-30 04:45:00,864.3,400.5,1143.8,210.4,670.7,535.9,27.0,33.5,379.9,11.4,325.0,1517.8,5343.0,4658.4,1574.5,1531.6,13.6,167.1,990.6,3474.0,426.8,851.3,4914.8,3513.3,2376.4,1301.6,3667.4,3558.3,2417.4,2586.3,1668.6,3025.5,1099.1,1431.0,985.7,3216.2,1521.8,4580.2,6872.3,3995.2,1531.4,256.5
2026-09-30 05:00:00,799.9,415.6,1222.8,191.9,702.3,587.0,41.7,44.4,399.5,6.0,292.2,1478.3,5483.0,4621.3,1380.7,1526.3,88.7,166.3,996.4,3586.4,432.8,821.1,5198.6,3614.0,2417.0,1426.5,3705.4,3452.7,2435.7,2600.2,1634.8,2958.7,1069.0,1509.4,996.8,3206.2,1543.8,4638.8,6983.6,4094.5,1556.5,287.6
2026-09-30 05:15:00,811.1,431.5,1279.8,190.3,725.5,588.4,39.0,45.6,309.9,6.0,290.2,1474.4,5448.0,4580.2,1348.9,1534.0,108.4,167.4,1004.8,3576.4,433.8,821.1,5216.3,3563.6,2452.7,1426.5,3728.0,3459.8,2446.2,2597.4,1638.7,2991.7,1039.6,1518.9,1003.1,3176.9,1563.6,4666.5,7087.5,4101.9,1589.2,291.8
2026-09-30 05:30:00,830.9,430.9,1340.6,178.2,744.0,591.9,39.0,47.2,320.8,6.0,321.3,1468.8,4688.0,4561.9,1303.4,1538.1,108.1,168.0,1011.4,3589.8,435.5,810.8,5246.6,3530.8,2489.1,1426.4,3756.6,3469.6,2455.3,2608.3,1645.1,3029.2,1048.2,1673.1,1010.0,3148.4,1580.5,4693.4,7199.4,4108.3,1621.5,297.7
2026-09-30 05:45:00,846.3,487.4,1375.6,192.7,753.2,622.1,39.0,47.4,322.3,6.0,222.9,1461.4,4645.8,4734.0,1273.7,1547.3,107.7,193.1,1023.9,3587.6,446.8,812.0,5263.6,3525.5,2534.0,1429.4,3779.2,3509.0,2469.2,2644.9,1650.1,3088.6,1060.0,1934.6,1016.4,3121.9,1589.9,4722.7,7313.5,4228.5,1665.9,304.5
2026-09-30 06:00:00,874.1,438.3,1434.8,380.2,797.6,787.0,12.0,90.7,340.9,27.7,177.2,1490.6,4572.0,4817.3,1363.7,1704.5,159.1,163.7,1112.0,3820.7,478.6,793.3,5593.9,3833.1,2716.8,1376.7,3825.8,3747.6,2557.3,2748.6,1686.1,3091.6,958.2,2688.0,1024.6,3111.5,1644.1,4777.2,7663.6,4292.9,1743.6,284.4
2026-09-30 06:15:00,887.0,508.6,1446.7,380.9,816.0,800.0,12.0,89.4,336.9,34.7,175.4,1475.9,4597.7,5666.7,1386.0,1872.5,158.7,207.0,1129.1,3779.3,492.0,790.2,5650.8,3809.4,2789.3,1379.9,3866.4,3948.3,2581.6,2754.2,1693.9,3151.3,978.4,2960.6,1042.5,3094.0,1660.7,4809.3,7838.0,4300.2,1804.4,286.3
2026-09-30 06:30:00,908.5,547.8,1452.3,606.5,829.0,837.0,12.0,93.1,353.9,86.9,190.6,1456.0,3373.3,5014.0,1365.5,2008.4,158.2,213.2,1148.4,3752.5,510.5,792.9,5662.7,3910.5,2865.2,1386.1,3916.2,4070.9,2592.6,2751.7,1702.4,3257.9,1000.2,3442.3,1062.9,3082.1,1678.8,4838.2,8017.1,4302.3,1856.9,284.4
2026-09-30 06:45:00,905.1,607.2,1449.4,606.6,845.8,847.5,12.0,92.8,382.8,101.8,200.9,1447.8,3399.0,5296.3,1417.5,1978.0,157.7,216.1,1162.0,3739.6,528.3,797.8,5721.0,3899.4,2943.1,1466.1,3955.7,4144.7,2618.6,2747.9,1710.7,3311.7,1004.0,3624.1,1083.3,3071.0,1696.6,4868.0,8184.9,4308.3,1910.7,289.2
2026-09-30 07:00:00,919.9,556.4,1472.2,719.9,873.0,911.9,1.0,59.9,407.2,117.1,427.9,1513.3,3423.9,5164.6,1500.6,2014.4,123.7,184.3,1236.6,3745.9,515.3,1307.7,5803.6,3854.6,3126.3,1669.7,4121.5,4346.7,2682.5,2641.7,1762.4,3435.5,1051.2,4627.6,1109.2,2987.3,1809.9,4807.3,8398.4,4418.2,2000.2,293.0
2026-09-30 07:15:00,927.1,539.6,1480.3,725.8,891.5,909.1,1.0,59.1,423.2,120.0,425.7,1497.5,3467.6,5213.6,1531.1,2048.5,123.8,189.2,1245.1,3825.8,525.1,1312.4,5839.2,3880.7,3184.8,1670.2,4148.4,4393.3,2703.3,2635.5,1769.6,3442.9,1068.3,4679.2,1120.5,2978.3,1819.5,4829.4,8492.1,4486.4,2035.4,322.2
2026-09-30 07:30:00,932.4,551.8,1470.0,729.6,904.1,918.8,1.1,60.8,435.4,117.4,437.1,1478.3,3470.3,5334.0,1551.3,2058.9,123.9,192.0,1251.1,3818.6,528.7,1316.8,5876.5,3867.0,3225.0,1672.1,4174.0,4397.0,2714.9,2639.6,1776.3,3452.7,1078.9,4763.8,1130.9,2969.8,1825.4,4854.6,8558.6,4543.4,2052.0,324.9
2026-09-30 07:45:00,935.5,561.6,1447.2,736.2,907.4,926.0,1.0,57.7,449.5,115.4,439.8,1471.4,3521.2,5381.6,1565.7,2064.8,124.0,201.4,1265.6,3810.3,541.3,1330.6,5892.2,3853.7,3260.8,1670.7,4185.2,4388.7,2739.1,2645.3,1784.6,3468.4,1084.8,4724.3,1131.4,2961.3,1828.9,4873.9,8618.4,4567.5,2075.9,323.0
2026-09-30 08:00:00,929.9,661.7,1395.4,780.8,906.2,740.5,22.0,43.3,467.6,93.7,472.4,1336.1,3570.2,5198.5,1846.4,2113.3,131.1,206.9,1388.8,3710.7,524.8,1347.7,5956.4,3838.6,3329.0,1759.7,4307.4,4883.1,2788.4,2738.5,1780.2,3295.0,1097.9,4783.1,1124.9,3053.2,1815.0,4877.4,8630.0,4690.9,2078.2,332.6
2026-09-30 08:15:00,927.0,666.7,1358.5,788.5,914.8,746.4,22.0,42.5,466.7,98.8,496.4,1322.7,3616.0,5199.7,1827.3,2043.9,132.1,186.8,1386.6,3658.8,515.1,1318.4,5958.4,3799.3,3339.0,1759.4,4308.4,4895.0,2794.3,2725.3,1778.0,3290.1,1100.2,4797.1,1130.7,3049.2,1812.4,4888.8,8632.6,4678.3,2079.2,306.9
2026-09-30 08:30:00,932.9,667.9,1308.8,588.4,915.4,764.1,22.0,43.1,467.7,98.9,502.3,1325.4,3628.5,5395.1,1800.8,2015.1,133.0,127.0,1376.6,3620.5,508.1,1305.7,5943.7,3824.5,3348.4,1807.5,4307.1,4727.3,2791.2,2736.9,1782.9,3308.1,1105.7,4789.7,1141.5,3047.3,1810.5,4897.3,8635.7,4598.2,2077.7,305.8
2026-09-30 08:45:00,922.3,662.7,1254.5,585.0,911.2,764.9,27.8,48.7,478.6,77.8,527.1,1328.9,3743.6,4867.5,1767.4,2013.1,133.9,204.4,1384.5,3621.3,517.7,1320.2,5927.1,3778.6,3350.8,1759.1,4384.0,4479.9,2793.5,2736.8,1784.3,3329.1,1114.0,4828.1,1147.4,3044.8,1808.4,4904.5,8626.6,4524.7,2072.8,309.4
2026-09-30 09:00:00,915.1,764.4,1180.5,371.3,904.9,688.2,12.0,42.5,451.6,95.0,233.4,1324.4,4428.5,5979.8,1640.8,2068.3,0.0,213.6,1615.7,3533.5,489.9,1300.7,5792.6,3708.5,3351.6,1772.3,4590.1,4566.3,2790.4,2725.3,1763.9,3012.3,1108.0,4767.3,1135.8,3428.9,1809.1,4941.7,8511.6,4451.4,2036.9,306.5
2026-09-30 09:15:00,914.0,755.4,1130.5,336.2,895.2,704.4,12.2,37.4,441.4,99.6,241.2,1327.7,4540.7,5756.5,1582.2,2020.0,0.0,207.4,1605.2,3521.3,482.3,1280.6,5794.4,3670.0,3346.8,1770.3,4624.3,4229.9,2788.3,2736.1,1763.6,3014.6,1105.1,4757.4,1134.0,3429.2,1805.5,4934.0,8498.5,4444.6,2020.3,305.1
2026-09-30 09:30:00,905.9,750.2,1079.1,318.5,893.3,689.0,12.3,45.2,410.9,104.9,244.0,1333.3,4572.6,4997.1,1581.2,1931.7,0.0,189.6,1593.4,3518.1,474.6,1175.3,5788.1,3663.0,3346.5,1744.2,4679.3,4005.1,2781.3,2736.0,1760.8,3016.3,1125.7,4790.5,1134.5,3428.8,1800.8,4921.7,8492.2,4396.9,2003.6,305.7
2026-09-30 09:45:00,895.8,718.4,1027.7,325.4,888.8,695.8,24.4,47.6,386.1,44.5,257.1,1337.9,4655.5,4853.0,1540.7,1778.8,0.0,154.0,1584.6,3373.5,464.3,794.2,5810.6,3630.9,3344.5,1618.9,4667.0,3931.2,2776.5,2738.3,1761.8,2996.2,1121.4,4506.7,1131.8,3428.8,1793.1,4917.0,8470.8,4383.6,1987.7,305.4
2026-09-30 10:00:00,890.4,709.7,990.5,240.2,885.6,617.8,109.0,111.3,359.7,32.2,195.0,1348.9,4730.4,4931.5,1706.5,1672.7,7.6,289.6,1548.7,3241.3,484.7,782.6,5730.6,3608.7,3322.6,1557.3,4684.2,3966.3,2762.9,2719.1,1640.5,2822.7,977.3,3806.8,1110.1,3383.0,1686.6,4886.3,8456.0,4318.7,1987.1,337.0
2026-09-30 10:15:00,888.3,702.9,940.1,246.3,883.8,629.5,109.0,88.4,347.8,34.5,190.1,1354.4,5333.3,4871.0,1688.0,1709.9,27.8,288.6,1557.6,3204.4,483.1,802.9,5695.6,3544.3,3313.0,1552.0,4679.5,3703.3,2760.9,2717.9,1676.0,2778.2,987.8,3151.9,1105.7,3383.9,1673.7,4842.8,8439.2,4314.4,1971.4,341.3
2026-09-30 10:30:00,883.0,711.9,897.4,239.8,882.6,651.7,109.0,91.4,332.1,29.1,252.2,1360.2,6189.1,4866.9,1672.4,1756.3,16.4,247.6,1551.1,3057.9,481.4,811.9,5714.8,3542.2,3307.6,1544.5,4706.8,3506.9,2743.3,2700.6,1667.7,2680.2,1108.0,2877.6,1101.7,3384.1,1659.7,4798.6,8392.2,4313.3,1956.0,346.0
2026-09-30 10:45:00,872.6,724.3,856.5,252.5,876.4,661.8,122.4,92.2,372.4,24.7,254.8,1363.5,6576.7,4848.0,1628.9,1768.6,36.7,215.6,1551.0,3026.1,479.8,816.7,5703.4,3542.0,3305.4,1548.2,4729.8,3424.8,2739.0,2694.8,1663.7,2641.6,1097.0,2720.1,1101.6,3384.6,1646.4,4759.1,8355.5,4316.0,1934.6,350.1
2026-09-30 11:00:00,907.8,704.8,827.4,264.8,905.3,674.5,17.0,59.8,399.0,22.6,332.4,1354.6,6369.3,4860.7,1709.0,1765.9,43.5,332.0,1413.5,2562.2,481.4,816.3,5621.8,3484.6,3298.4,1528.9,4428.0,2956.4,2722.3,2723.2,1711.9,2630.4,1091.0,2655.6,1098.0,3377.2,1676.2,4723.8,8283.5,4241.8,1895.0,357.8
2026-09-30 11:15:00,902.5,722.1,1020.9,276.3,899.9,682.3,18.5,52.2,341.3,25.5,272.7,1357.8,6676.9,4835.6,1703.1,1781.5,49.6,316.0,1406.1,2560.8,480.5,805.0,5611.3,3456.6,3283.2,1529.3,4415.0,2965.5,2719.4,2729.2,1710.3,2642.6,1081.6,2722.1,1095.0,3378.6,1700.2,4712.8,8252.1,4254.2,1865.2,362.4
2026-09-30 11:30:00,895.5,729.2,1002.7,296.2,901.2,691.0,20.1,46.4,297.1,42.1,297.4,1363.2,6753.7,4831.8,1656.5,1791.7,50.4,325.5,1406.3,2359.4,479.3,815.6,5598.6,3466.7,3276.2,1526.5,4415.0,2847.8,2711.9,2727.7,1708.7,2615.8,1079.4,2592.4,1092.5,3379.9,1686.3,4708.8,8232.9,4261.4,1849.1,373.3
2026-09-30 11:45:00,904.0,742.6,994.2,291.7,903.2,704.3,36.2,48.2,296.4,42.7,295.5,1365.8,7059.1,4799.1,1645.1,1792.6,49.6,296.8,1437.0,2304.5,484.7,797.1,5613.2,3472.8,3271.9,1530.1,4416.0,2806.0,2709.9,2729.8,1710.3,2608.5,1075.2,2570.1,1089.6,3381.5,1669.0,4706.4,8215.4,4269.9,1820.9,369.5
2026-09-30 12:00:00,906.1,743.8,1076.6,296.0,898.9,611.7,20.1,52.8,321.1,40.4,313.2,1369.7,6814.3,4775.1,1932.0,1691.9,46.1,339.8,1390.3,2332.4,484.3,820.3,5523.2,3487.3,3256.5,1458.9,4316.2,2656.8,2619.9,2596.4,1759.0,2664.0,1071.1,2420.7,1099.4,3371.4,1664.4,4723.0,8187.9,4229.9,1771.5,386.4
2026-09-30 12:15:00,906.6,749.5,1086.9,299.4,909.5,609.4,20.1,53.4,280.1,71.3,308.5,1374.9,7215.8,4760.8,1950.2,1668.8,44.6,314.6,1416.0,2323.6,500.7,811.1,5532.7,3484.1,3250.6,1459.0,4334.3,2562.8,2623.4,2595.4,1755.9,2644.0,1070.7,2241.6,1098.9,3374.5,1649.6,4738.9,8165.8,4232.6,1751.8,392.9
2026-09-30 12:30:00,884.8,751.4,1073.2,301.6,945.2,609.0,36.2,56.5,292.7,70.6,307.0,1380.0,7252.7,4803.7,1951.3,1659.5,43.6,317.9,1512.6,2314.0,488.4,816.9,5512.3,3485.7,3245.1,1459.0,4337.3,2545.9,2619.3,2579.3,1754.5,2618.7,1069.0,2023.6,1096.0,3377.1,1637.9,4754.2,8144.1,4235.7,1739.7,398.4
2026-09-30 12:45:00,829.9,751.1,1073.6,308.7,947.1,601.8,36.2,58.2,298.9,69.4,349.3,1383.4,7346.2,4821.0,1947.0,1649.4,42.8,290.3,1583.2,2303.0,495.7,814.9,5497.1,3488.0,3238.2,1454.6,4328.6,2542.9,2618.5,2578.5,1760.0,2600.4,1064.2,1907.9,1096.1,3379.8,1622.8,4772.3,8145.0,4237.7,1733.3,401.9
2026-09-30 13:00:00,826.0,772.4,1076.3,311.3,959.0,596.0,52.9,55.2,321.2,37.0,304.0,1390.6,7222.4,4784.3,1636.2,1638.0,43.7,353.3,1605.2,2271.3,533.5,811.1,5572.4,3494.5,3219.5,1446.5,4214.4,2388.4,2608.2,2542.5,1749.8,2573.5,1066.8,1806.8,1088.6,3376.6,1599.1,4818.4,8232.8,4338.1,1739.9,410.6
2026-09-30 13:15:00,825.8,771.0,1077.5,295.1,960.2,584.9,52.8,55.6,330.2,50.5,294.9,1392.4,7279.6,4741.3,1627.4,1621.8,42.8,347.1,1615.1,2268.5,533.5,819.9,5573.8,3487.3,3217.6,1446.4,4218.5,2389.3,2609.2,2543.4,1750.5,2566.9,1065.4,1804.7,1089.6,3379.6,1588.8,4845.4,8241.7,4340.1,1739.5,412.7
2026-09-30 13:30:00,830.1,767.2,1093.7,280.4,958.3,572.8,52.8,53.9,341.2,48.3,308.1,1390.7,7274.3,4710.3,1653.6,1617.2,41.9,333.3,1625.5,2434.9,540.7,825.4,5550.7,3479.2,3215.6,1446.2,4218.8,2389.5,2606.1,2523.9,1750.6,2557.8,1068.3,1806.1,1088.1,3383.3,1586.9,4871.3,8230.9,4340.5,1734.6,413.4
2026-09-30 13:45:00,820.6,758.4,1110.9,271.2,955.0,562.7,52.0,51.7,358.8,29.0,327.0,1390.3,7309.4,4667.7,1670.3,1615.2,41.0,333.4,1612.5,2510.4,529.5,831.9,5620.5,3567.3,3218.2,1444.9,4216.8,2390.9,2607.2,2520.8,1750.0,2553.3,1064.0,1805.1,1084.8,3385.9,1594.7,4897.2,8216.7,4298.5,1725.0,413.8
2026-09-30 14:00:00,863.7,722.2,1122.3,279.5,922.7,557.9,26.7,33.6,367.0,53.9,319.9,1387.3,7158.7,4564.6,1556.5,1602.7,38.9,270.9,1698.6,2456.3,513.2,844.3,5528.2,3536.9,3219.1,1433.7,4120.4,2388.8,2606.5,2521.7,1819.0,2648.8,1070.3,1725.6,1079.5,3360.6,1599.1,4968.0,8249.2,4357.6,1721.1,390.7
2026-09-30 14:15:00,869.8,731.0,1159.2,285.6,912.6,540.0,15.8,33.9,389.1,38.7,316.5,1384.8,7076.1,4554.2,1599.7,1631.6,38.2,268.1,1681.3,2501.8,499.6,851.0,5517.3,3558.8,3220.6,1433.3,4120.6,2389.6,2608.1,2523.2,1822.4,2647.9,1069.7,1726.9,1077.6,3362.3,1609.2,4993.2,8213.4,4283.2,1721.3,396.2
2026-09-30 14:30:00,823.7,727.9,1206.4,267.6,883.8,519.8,9.7,32.8,421.9,38.2,330.6,1380.6,7015.3,4485.4,1661.3,1605.9,37.9,268.3,1527.1,2500.3,493.1,855.3,5507.9,3567.0,3224.8,1433.2,4115.5,2385.5,2606.9,2515.1,1816.6,2634.2,1070.8,1721.1,1078.5,3363.8,1615.9,5019.1,8192.2,4259.4,1721.7,400.2
2026-09-30 14:45:00,842.8,728.8,1234.6,291.4,877.1,499.9,9.2,31.6,449.0,38.3,301.9,1378.1,6662.1,4456.0,1709.9,1588.7,37.7,274.8,1490.3,2555.4,498.7,871.0,5489.2,3588.4,3228.9,1433.0,4116.7,2390.7,2600.8,2511.0,1819.2,2633.1,1074.5,1723.5,1079.0,3365.2,1613.1,5043.0,8189.7,4245.4,1724.7,397.2
2026-09-30 15:00:00,842.2,600.6,1182.5,287.8,865.5,480.7,60.6,39.8,416.2,15.8,352.1,1365.7,6780.5,4391.7,1501.1,1455.4,35.5,197.6,1299.6,2747.9,477.3,917.7,5481.8,3681.7,3237.3,1265.9,4104.1,2604.7,2668.8,2654.3,1839.5,2738.6,1080.8,1609.7,1084.9,3364.3,1610.4,5075.8,8099.8,4197.0,1731.9,393.6
2026-09-30 15:15:00,886.8,679.4,1239.6,298.9,863.4,463.1,52.3,42.2,441.3,15.2,347.3,1359.5,6462.8,4335.8,1521.0,1463.3,35.6,292.7,1286.6,2818.2,463.0,936.0,5570.3,3793.9,3241.8,1262.3,4108.3,2605.0,2666.7,2679.5,1846.4,2745.7,1086.4,1609.9,1085.8,3367.0,1606.5,5097.4,8112.6,4195.2,1739.4,385.7
2026-09-30 15:30:00,839.6,708.5,1298.6,296.4,861.5,471.0,52.0,42.2,488.5,15.0,344.3,1351.4,6397.1,4283.6,1608.2,1430.8,35.7,295.7,1291.2,2959.7,462.7,949.0,5571.6,3798.6,3248.9,1266.0,4123.8,2751.0,2668.5,2712.5,1843.4,2770.4,1092.5,1837.0,1083.2,3369.3,1603.9,5119.3,8137.9,4227.7,1749.7,375.7
2026-09-30 15:45:00,876.1,674.9,1133.8,289.6,858.0,440.5,52.0,43.6,455.0,14.9,346.0,1345.9,4885.8,4183.3,1701.9,1374.7,37.2,294.2,1294.2,2956.0,472.2,937.2,5610.9,3814.8,3262.8,1266.4,4132.9,2888.9,2672.2,2765.7,1843.5,2792.2,1096.9,2130.9,1081.7,3372.0,1604.9,5140.3,8158.6,4336.7,1763.3,373.2
2026-09-30 16:00:00,853.8,668.6,1195.4,500.4,854.5,417.7,102.6,58.6,431.4,8.4,386.1,1327.8,4952.9,4047.9,1802.2,1471.4,45.8,227.7,1303.4,2956.8,459.1,920.7,5761.6,3770.5,3310.7,1293.5,4413.2,2821.2,2637.0,2809.9,1856.6,2731.3,1101.0,2597.2,1082.4,3530.9,1611.0,5203.8,8174.8,4391.3,1771.1,397.4
2026-09-30 16:15:00,860.7,718.1,1248.8,493.8,858.7,418.0,88.0,52.4,436.5,8.3,376.2,1321.0,4671.5,4019.5,1862.0,1576.4,65.8,216.8,1298.2,3323.8,465.7,915.6,5752.3,3789.7,3318.2,1296.6,4429.5,3409.8,2628.2,2792.3,1837.4,2795.7,1111.2,3374.3,1079.6,3536.7,1613.1,5216.1,8199.8,4399.5,1798.0,390.6
2026-09-30 16:30:00,869.9,682.5,1309.7,694.4,863.8,380.5,88.0,41.2,436.7,8.2,324.9,1314.0,4695.7,3964.2,1918.5,1687.0,65.7,203.5,1311.6,3429.6,469.2,1423.6,5780.2,3779.1,3323.6,1293.9,4441.9,3875.2,2624.2,2722.9,1849.0,2833.3,1090.2,3810.7,1077.3,3542.7,1613.1,5247.2,8244.0,4404.3,1822.5,383.6
2026-09-30 16:45:00,878.6,706.7,1341.2,692.6,873.2,397.6,88.0,52.9,428.9,8.1,306.6,1307.3,4358.0,4066.7,1946.0,1673.9,45.7,209.0,1326.4,3402.0,473.6,1445.4,5770.7,3781.1,3329.0,1521.3,4428.6,4241.6,2626.5,2721.9,1843.0,2792.1,1094.7,3736.4,1074.8,3549.9,1609.9,5282.2,8279.7,4445.4,1845.9,381.6
2026-09-30 17:00:00,900.7,674.8,1404.0,556.8,882.7,705.4,30.2,124.5,439.3,16.7,554.9,1305.4,4637.4,4054.6,2121.5,1651.6,45.6,144.5,1429.7,3267.2,504.1,1423.3,5827.6,3807.8,3303.2,1547.9,4349.2,4957.4,2627.4,2790.4,1831.5,2923.4,1104.8,3816.6,1075.7,3484.4,1608.2,5190.4,8368.0,4555.1,1896.3,398.2
2026-09-30 17:15:00,912.1,605.9,1445.8,776.9,899.1,713.2,22.0,124.9,436.1,16.6,539.3,1297.6,4382.1,4099.6,2159.5,1591.9,44.3,160.2,1441.9,3267.1,508.7,1426.8,5878.9,3791.3,3305.4,1548.7,4348.3,5231.2,2625.4,2786.8,1832.3,2864.8,1107.1,3731.1,1077.6,3497.2,1602.5,5254.4,8424.2,4622.5,1916.6,404.2
2026-09-30 17:30:00,921.2,617.3,1471.3,824.7,907.1,708.3,22.1,125.6,448.6,16.6,550.8,1289.2,3837.3,3990.8,2196.2,1529.9,43.1,160.5,1449.1,3356.1,522.1,1430.8,5908.6,3821.5,3309.5,1550.0,4346.0,5396.6,2617.8,2641.0,1824.5,2859.0,1107.2,3857.7,1080.6,3510.2,1599.3,5267.7,8480.3,4641.4,1935.0,417.8
2026-09-30 17:45:00,933.7,649.8,1486.5,864.1,906.4,725.4,22.0,127.0,443.7,27.1,563.3,1280.5,3175.5,4146.5,2254.8,1498.4,41.8,155.3,1457.3,3344.9,536.6,1445.6,5913.8,3835.6,3314.1,1549.3,4348.5,5455.7,2623.9,2495.6,1850.5,2834.6,1111.6,3937.3,1072.1,3532.4,1600.3,5289.6,8535.4,4657.2,1956.5,428.2
2026-09-30 18:00:00,940.0,609.2,1507.7,902.4,921.9,861.5,11.0,84.8,449.9,88.8,560.4,1268.4,3575.7,4045.8,2285.0,1473.5,154.3,100.8,1394.3,3591.7,565.1,1437.7,6077.4,3969.1,3325.1,1636.7,4342.9,5591.3,2633.1,2616.0,1843.8,3094.0,1115.2,4107.9,1072.0,3516.0,1785.2,5352.7,8605.9,4910.1,1962.9,487.0
2026-09-30 18:15:00,952.6,665.6,1528.2,939.9,921.0,893.3,11.0,87.7,449.9,92.6,574.8,1260.9,3070.5,4124.5,2205.2,1380.2,133.6,75.4,1395.7,3602.8,579.3,1441.7,6069.3,4015.2,3326.2,1637.8,4343.6,5624.2,2641.4,2487.8,1834.4,3042.2,1114.9,4165.7,1073.4,3553.0,1780.7,5393.5,8622.6,4955.4,1973.6,500.2
2026-09-30 18:30:00,958.7,694.9,1547.2,961.3,930.4,889.0,11.0,87.4,453.6,91.6,613.7,1277.6,3065.1,4066.7,2167.2,1379.5,153.0,94.9,1392.3,3607.2,584.7,1433.8,6071.1,4033.3,3336.8,1638.6,4354.6,5627.0,2648.9,2348.1,1835.2,2970.1,1120.3,4211.6,1075.3,3590.9,1771.5,5435.7,8634.1,5054.5,1979.2,542.6
2026-09-30 18:45:00,957.1,715.8,1556.1,998.7,940.4,892.7,11.0,90.2,443.9,90.9,627.1,1274.4,3009.2,4334.7,2200.4,1417.5,152.2,94.6,1395.5,3566.5,583.2,1439.1,6065.7,4060.6,3343.5,1637.9,4361.6,5468.2,2655.7,2335.8,1853.3,2915.5,1118.5,4133.1,1077.6,3631.0,1759.3,5484.8,8647.6,5101.6,1982.1,568.3
2026-09-30 19:00:00,957.3,669.7,1548.5,1017.0,935.2,898.0,40.0,34.2,437.7,90.9,617.9,1273.1,3256.5,4241.9,2228.0,1413.9,7.7,127.6,1701.1,4034.4,575.2,1477.3,6075.5,4061.0,3365.0,1648.1,4524.1,5890.2,2671.0,2296.9,1861.3,3097.6,1137.3,4430.3,1081.7,3456.4,1765.8,4903.2,8635.1,5215.6,1991.5,578.2
2026-09-30 19:15:00,954.5,665.8,1527.7,1030.5,929.9,872.6,40.0,34.4,433.7,90.8,621.3,1267.9,3203.3,4593.4,2216.1,1420.4,7.0,127.4,1699.7,4025.4,573.2,1476.9,6071.8,4094.9,3371.3,1639.5,4533.0,5681.9,2676.7,2308.8,1861.4,3019.8,1141.6,4324.1,1079.4,3493.6,1765.4,4979.6,8640.7,5262.8,1996.7,608.0
2026-09-30 19:30:00,950.1,668.0,1508.2,1046.2,921.4,864.8,40.0,35.5,429.9,90.8,626.8,1263.2,3199.3,4659.5,2152.6,1420.7,6.2,126.6,1695.3,4018.7,570.7,1482.6,6054.3,4124.3,3373.4,1638.6,4532.3,5514.0,2675.3,2312.4,1867.3,2962.2,1158.2,4254.6,1076.3,3528.6,1766.9,5044.3,8615.2,5274.5,1997.9,611.9
2026-09-30 19:45:00,945.3,670.9,1481.1,1061.4,912.4,858.4,40.0,38.0,429.1,91.3,621.4,1262.7,3140.9,4749.3,2148.5,1434.2,5.5,124.8,1695.0,4000.0,567.8,1484.7,6013.1,4120.1,3373.2,1638.5,4529.6,5249.0,2679.4,2337.6,1881.2,2893.1,1143.9,4101.2,1071.5,3561.4,1766.0,5142.1,8578.3,5278.4,1978.7,619.9
2026-09-30 20:00:00,931.8,692.9,1430.4,933.8,891.4,561.9,22.1,66.9,428.6,102.9,583.4,1330.1,3342.3,4946.6,1867.9,1356.7,4.8,143.6,1669.9,4331.6,532.5,1458.7,5842.8,3942.5,3363.6,1630.7,4798.6,5028.2,2680.1,2341.9,1881.1,2865.7,1133.3,4045.8,1064.2,3452.8,1770.4,5269.8,8439.0,5245.3,1943.1,608.6
2026-09-30 20:15:00,919.5,646.8,1400.5,922.1,878.1,534.0,22.0,67.5,421.3,103.0,558.4,1330.7,3334.4,4868.3,1827.9,1326.8,4.4,138.3,1667.4,4318.0,529.0,1466.0,5799.5,3925.6,3350.9,1630.7,4791.4,4904.0,2679.3,2352.8,1878.5,2827.6,1129.3,3979.9,1061.2,3480.7,1768.4,5303.7,8387.1,5195.5,1918.5,612.7
2026-09-30 20:30:00,913.8,643.7,1366.9,713.5,857.0,538.5,22.1,68.3,410.7,103.1,529.2,1305.1,3342.7,5156.2,1825.1,1303.2,4.0,144.0,1664.3,4165.0,525.8,1468.1,5735.3,3955.6,3334.5,1630.5,4785.6,4887.5,2675.0,2346.6,1882.9,2825.9,1141.9,3987.4,1062.1,3507.1,1765.5,5280.0,8312.2,5183.8,1899.9,619.4
2026-09-30 20:45:00,917.4,635.0,1337.0,726.3,841.5,523.4,22.0,70.3,401.8,103.7,506.6,1303.5,3469.2,4936.0,1798.6,1307.8,3.5,143.9,1668.3,4061.6,523.0,1462.0,5622.6,3888.9,3318.4,1621.9,4781.1,4880.3,2669.3,2329.7,1876.0,2798.2,1138.7,3985.4,1058.6,3531.7,1760.1,5264.9,8285.6,5129.9,1876.7,625.2
2026-09-30 21:00:00,904.4,639.0,1295.4,767.9,823.8,417.9,12.1,58.1,403.5,106.5,494.1,1262.6,3553.8,5355.8,1727.7,1308.0,103.3,131.5,1562.4,3990.4,519.5,1477.5,5739.1,3956.4,3278.0,1634.0,4629.5,4597.7,2642.5,2353.7,1867.5,2891.4,1131.0,3972.8,1054.5,3194.7,1720.8,5356.6,8096.0,5024.6,1838.0,579.9
2026-09-30 21:15:00,885.5,631.2,1245.1,570.4,804.4,436.5,12.0,61.6,393.2,48.4,489.1,1262.8,3206.5,5010.8,1723.0,1245.3,103.4,129.5,1566.9,4055.9,515.9,1480.3,5647.1,3878.4,3252.8,1584.2,4612.9,4502.7,2639.9,2356.5,1865.7,2891.5,1122.7,3971.1,1050.5,3212.2,1710.9,5350.8,8055.7,4993.0,1809.4,586.7
2026-09-30 21:30:00,874.1,608.1,1214.4,573.8,790.6,422.0,12.0,61.8,385.6,30.3,475.1,1263.7,4064.8,5054.8,1734.7,1242.1,103.5,130.7,1561.5,3989.6,511.6,1496.0,5656.2,3884.4,3227.6,1583.4,4600.2,4429.3,2631.9,2335.6,1864.9,2877.8,1119.0,3964.5,1043.9,3228.4,1701.0,5327.0,7959.3,5003.0,1788.5,589.3
2026-09-30 21:45:00,864.3,514.9,1178.2,577.2,770.6,421.8,14.4,56.2,405.1,15.5,493.5,1274.3,4309.7,5079.3,1766.1,1233.5,100.2,151.2,1556.2,3964.8,511.9,1476.2,5605.7,3905.0,3201.4,1498.8,4579.5,4254.1,2649.3,2323.2,1862.5,2852.9,1112.0,3988.8,1038.9,3245.2,1691.9,5287.7,7876.6,4983.3,1758.3,594.8
2026-09-30 22:00:00,833.6,552.6,1138.8,552.5,749.1,415.8,12.0,59.6,379.1,17.2,454.5,1282.8,4119.5,4991.4,1678.2,1215.8,88.3,89.0,1475.3,3790.4,501.9,1474.3,5498.4,3762.8,3139.0,1429.2,4602.9,4102.4,2605.1,2441.0,1834.7,2795.5,1095.2,3724.9,1026.6,3103.1,1688.3,5407.6,7733.3,4890.7,1708.3,606.3
2026-09-30 22:15:00,811.7,468.4,1109.9,541.5,736.3,387.6,12.0,56.9,387.8,16.1,453.1,1282.6,4186.6,4844.1,1651.9,1192.3,88.4,96.9,1469.7,3770.7,495.6,1477.1,5439.1,3810.2,3098.8,1429.1,4579.1,3985.1,2598.0,2467.7,1831.7,2783.2,1087.9,3526.0,1020.7,3117.7,1673.4,5379.2,7655.5,4860.1,1681.8,610.4
2026-09-30 22:30:00,796.5,449.3,1089.3,538.6,726.0,388.6,14.7,55.2,383.1,16.1,434.2,1281.0,4330.9,4630.6,1647.1,1207.7,88.7,98.9,1464.6,3740.9,493.8,1477.0,5490.3,3846.8,3056.9,1429.1,4556.8,3944.3,2587.8,2514.1,1825.6,2793.0,1076.9,3384.2,1014.8,3131.2,1659.6,5356.8,7573.4,4716.5,1658.7,609.5
2026-09-30 22:45:00,776.3,447.9,1072.7,533.8,724.4,385.9,14.7,52.4,385.2,16.1,425.6,1280.6,4386.0,4515.0,1636.0,1187.6,88.8,86.9,1461.3,3725.4,487.2,1318.0,5443.7,3741.5,3015.5,1428.1,4534.0,3935.8,2579.8,2508.7,1820.4,2776.8,1071.7,3338.7,1010.2,3143.5,1642.2,5322.8,7544.6,4659.1,1625.9,610.4
2026-09-30 23:00:00,789.5,432.2,1077.4,539.6,700.5,387.3,14.7,59.9,362.7,16.0,553.1,1263.3,4102.7,4155.7,1569.2,1126.5,78.2,186.4,1407.6,3080.4,457.9,1408.7,5262.1,3830.6,2921.2,1489.7,4325.6,3974.9,2536.1,2501.8,1779.8,2881.4,1069.5,3353.2,1006.3,2598.1,1617.6,5156.6,7357.0,4678.1,1589.6,624.8
2026-09-30 23:15:00,772.5,430.7,1067.8,539.4,702.5,386.3,14.7,59.1,367.3,16.0,566.8,1264.3,4114.8,3942.2,1561.9,1123.1,78.2,184.9,1401.7,3067.3,457.5,1285.6,5300.0,3810.7,2875.6,1489.6,4295.3,3964.0,2526.7,2511.0,1774.2,2874.1,1055.4,3304.0,1000.6,2606.4,1599.1,5135.4,7321.7,4631.6,1563.8,629.3
2026-09-30 23:30:00,764.2,428.9,1051.2,524.4,699.6,386.1,14.7,59.4,338.7,16.0,536.5,1265.6,4149.2,3801.1,1543.9,1122.7,78.2,186.6,1392.8,3062.7,457.3,1272.4,5225.0,3844.7,2831.0,1489.6,4274.3,3963.4,2522.4,2449.0,1775.9,2832.9,1045.3,3226.6,993.3,2613.8,1585.9,5091.1,7224.0,4611.0,1539.6,629.3
2026-09-30 23:45:00,758.7,426.9,1037.0,524.2,691.7,385.5,14.8,62.2,350.2,16.0,546.2,1266.3,4191.8,3789.5,1621.8,1122.0,78.2,187.0,1399.3,3085.4,457.5,1231.3,5177.5,3896.6,2788.4,1489.5,4246.1,3884.7,2512.2,2398.8,1772.9,2634.4,1031.5,3155.9,985.1,2621.3,1575.6,5097.6,7233.2,4625.9,1508.8,630.7
