date,EE_buy,EE_sell,LT_buy,LT_sell,LV_buy,LV_sell,AT_buy,AT_sell,BE_buy,BE_sell,FR_buy,FR_sell,GER_buy,GER_sell,NL_buy,NL_sell,PL_buy,PL_sell,DK1_buy,DK1_sell,DK2_buy,DK2_sell,FI_buy,FI_sell,NO1_buy,NO1_sell,NO2_buy,NO2_sell,NO3_buy,NO3_sell,NO4_buy,NO4_sell,NO5_buy,NO5_sell,SE1_buy,SE1_sell,SE2_buy,SE2_sell,SE3_buy,SE3_sell,SE4_buy,SE4_sell
2026-08-25 00:00:00,806.2,284.7,844.8,608.3,564.4,104.4,1.0,76.6,274.5,18.8,132.2,1469.5,3470.6,3768.8,969.6,2018.2,230.7,10.1,1082.5,432.6,573.9,51.3,4711.5,4544.1,2316.5,832.0,3501.2,3635.5,2834.4,2490.6,1672.3,3133.8,1029.1,3172.7,935.4,1979.8,1246.7,4767.3,7056.0,4638.8,1737.8,125.4
2026-08-25 00:15:00,810.1,284.3,842.5,600.3,561.4,93.0,1.1,76.8,272.9,19.2,118.4,1472.3,3637.6,3789.0,945.6,2045.4,250.9,10.1,1083.7,394.2,573.8,52.2,4705.8,4526.0,2284.9,825.8,3484.0,3552.3,2826.8,2490.1,1671.2,3138.0,1019.2,3156.5,928.4,1970.4,1237.0,4747.5,6997.5,4644.8,1725.6,124.6
2026-08-25 00:30:00,748.4,293.4,840.0,591.1,557.8,100.3,1.1,76.4,266.5,18.7,100.7,1478.3,3730.7,3834.6,911.0,2048.4,248.8,10.1,1091.0,388.0,574.6,50.6,4675.3,4512.3,2252.4,829.0,3473.6,3336.3,2813.2,2489.8,1668.7,3057.9,1012.3,3113.2,924.4,1964.4,1223.6,4768.7,6961.2,4645.5,1713.7,119.4
2026-08-25 00:45:00,744.4,289.4,832.2,580.4,556.7,100.5,1.1,76.5,268.2,18.7,85.5,1501.6,3618.5,3838.0,1102.2,2255.4,248.7,10.1,1118.3,387.6,573.6,47.5,4702.0,4497.7,2202.7,829.7,3458.9,3123.2,2805.9,2502.9,1665.1,3053.9,1003.0,3084.8,921.0,1959.1,1215.7,4776.4,6912.7,4648.7,1702.3,117.5
2026-08-25 01:00:00,735.8,280.8,828.0,569.6,552.3,101.1,1.5,72.1,284.2,20.5,173.3,1470.0,3137.6,3759.3,1157.9,2353.1,82.4,13.3,1014.8,405.0,553.9,45.1,4624.1,4464.3,2154.2,820.4,3430.2,3365.9,2773.7,2500.8,1634.2,3129.1,993.0,3045.5,915.2,1892.2,1311.7,4806.2,6909.4,4653.6,1666.7,109.4
2026-08-25 01:15:00,736.1,281.1,825.3,560.4,548.7,101.3,1.6,72.0,281.4,20.5,162.1,1467.1,3127.5,3747.4,1136.5,2340.2,102.4,13.3,1024.4,401.9,559.0,44.7,4680.1,4459.9,2135.3,823.9,3363.4,2962.3,2772.0,2508.7,1635.7,3124.3,989.3,3051.6,910.3,1895.2,1299.7,4832.2,6875.4,4649.4,1662.2,108.5
2026-08-25 01:30:00,736.9,281.9,822.9,552.7,549.0,101.5,1.6,72.1,284.2,20.5,170.3,1468.4,3167.3,3753.4,1115.1,2350.7,82.5,13.3,1023.2,403.8,557.8,44.6,4663.0,4454.1,2137.4,825.1,3353.0,2944.1,2766.9,2505.4,1633.4,3112.8,983.8,3043.6,906.8,1900.5,1293.3,4790.0,6847.5,4641.5,1656.3,107.6
2026-08-25 01:45:00,738.6,283.6,824.3,531.7,545.0,102.0,1.6,72.0,282.3,20.5,151.2,1474.1,3268.1,3759.9,1109.6,2351.0,104.5,13.3,1022.1,394.6,555.9,44.0,4600.7,4444.7,2117.1,823.2,3370.1,2829.9,2763.9,2507.3,1640.9,3102.6,979.5,2954.5,903.9,1909.2,1292.6,4742.5,6830.5,4637.2,1651.5,107.3
2026-08-25 02:00:00,742.2,284.3,849.3,521.5,581.9,101.7,1.6,42.0,300.2,21.4,187.4,1469.4,3533.3,3729.4,1092.7,2315.6,172.0,10.1,1113.4,393.6,554.1,43.6,4551.0,4456.9,2081.8,810.7,3340.3,2838.5,2738.0,2506.5,1617.9,3101.7,967.4,2716.9,882.4,1945.4,1288.6,4625.4,6810.7,4638.1,1645.7,105.8
2026-08-25 02:15:00,744.2,284.4,845.1,515.9,578.0,96.9,1.7,42.0,292.1,21.4,175.9,1474.1,3977.8,3757.0,1079.4,2302.3,206.8,10.1,1121.3,394.3,556.9,43.6,4541.7,4446.7,2052.9,810.4,3344.7,2785.1,2736.3,2508.2,1617.0,3069.8,963.4,2653.7,880.3,1954.0,1286.5,4602.0,6756.4,4636.6,1644.6,104.2
2026-08-25 02:30:00,752.6,292.6,842.4,510.0,578.8,96.8,2.2,42.0,296.3,21.4,170.1,1478.7,4051.7,3730.6,1100.8,2324.1,206.9,10.1,1115.4,405.6,555.2,43.7,4581.8,4436.0,2064.2,813.9,3339.0,2784.9,2737.1,2509.4,1615.5,3086.3,960.6,2765.0,874.4,1960.7,1282.7,4636.0,6747.6,4638.9,1641.0,102.1
2026-08-25 02:45:00,716.6,282.9,840.9,504.3,575.6,97.1,3.5,42.1,295.4,21.4,153.8,1482.0,4194.0,3705.0,1092.7,2322.8,207.0,10.1,1110.9,409.5,551.2,43.6,4570.4,4423.3,2037.2,813.8,3336.8,2766.8,2736.4,2511.2,1614.2,3087.5,957.8,2764.8,867.7,1966.5,1285.0,4606.8,6753.8,4642.1,1638.0,100.5
2026-08-25 03:00:00,714.9,282.7,846.6,499.5,572.0,96.4,4.3,42.0,295.0,19.8,329.4,1486.8,3895.2,3664.8,1084.6,2286.0,105.5,16.0,999.5,404.4,554.4,41.9,4477.8,4465.7,2039.9,753.4,3330.9,2826.8,2731.9,2512.8,1604.5,3039.4,938.3,2532.1,867.0,1943.0,1228.0,4444.3,6856.9,4755.8,1640.6,101.5
2026-08-25 03:15:00,705.8,282.5,851.2,493.5,577.2,96.8,4.2,42.1,289.5,19.8,329.5,1484.4,3909.0,3660.2,1081.9,2283.2,105.7,16.0,994.6,404.4,549.6,42.1,4442.0,4433.4,2013.7,753.4,3329.6,2831.3,2731.0,2514.0,1605.3,3071.3,936.8,2547.4,867.2,1945.8,1230.2,4416.7,6870.0,4760.9,1635.4,101.4
2026-08-25 03:30:00,636.8,301.2,856.9,493.3,588.3,92.4,4.2,42.1,291.3,19.9,323.9,1484.3,3845.7,3660.3,1071.3,2271.0,87.7,16.0,991.0,404.6,544.4,42.7,4426.9,4414.4,2027.2,753.4,3326.9,2763.5,2728.0,2523.7,1602.7,2982.6,935.5,2536.1,866.2,1986.4,1228.0,4472.8,6834.7,4753.9,1636.8,99.5
2026-08-25 03:45:00,634.6,304.1,864.2,485.0,597.2,89.7,4.2,42.1,294.2,19.8,323.5,1486.3,3948.7,3668.2,1066.5,2281.3,107.3,16.0,986.3,408.3,540.4,43.2,4486.7,4405.6,2024.0,753.2,3327.0,2772.1,2726.2,2524.7,1599.6,3022.4,933.8,2620.1,865.5,1984.1,1230.1,4496.4,6850.2,4754.9,1633.8,100.8
2026-08-25 04:00:00,683.5,280.7,872.3,468.5,570.9,271.9,4.3,69.0,257.6,22.8,230.3,1484.4,4012.9,3733.7,1061.7,2247.0,205.7,18.0,965.1,422.4,539.1,44.2,4487.8,4473.0,2023.2,806.8,3328.2,2742.1,2728.3,2524.9,1602.6,2973.6,933.1,2677.1,865.3,2043.6,1233.9,4444.3,6794.8,4759.8,1639.9,100.1
2026-08-25 04:15:00,706.6,281.9,889.5,462.9,583.9,287.4,3.0,69.1,260.5,22.8,234.5,1481.6,3997.5,3721.3,1064.3,2259.0,215.8,18.0,960.7,436.7,537.9,46.7,4437.7,4434.8,2007.4,806.9,3333.5,2757.4,2726.6,2514.2,1604.3,3007.5,935.8,2523.4,866.1,2040.8,1240.3,4344.7,6787.8,4765.2,1638.1,103.8
2026-08-25 04:30:00,692.0,282.3,914.4,456.3,594.0,287.2,1.6,69.1,262.6,22.8,232.9,1479.6,3891.8,3782.4,1016.0,2255.9,215.9,18.0,957.9,439.6,538.3,48.1,4474.1,4419.7,2025.6,806.6,3337.1,2761.1,2725.4,2514.1,1603.9,3074.3,933.4,2657.6,867.3,2038.3,1243.1,4318.6,6790.9,4777.4,1648.7,100.6
2026-08-25 04:45:00,689.9,282.3,937.1,452.7,607.7,287.4,1.5,69.2,270.5,22.8,228.4,1479.0,3756.4,3789.7,1013.5,2261.4,195.7,18.0,954.1,442.2,536.3,49.8,4526.8,4396.0,2032.8,805.2,3345.5,2821.5,2725.9,2511.8,1592.6,3108.0,934.8,2725.4,868.4,2035.6,1240.0,4357.7,6808.9,4776.3,1666.0,103.4
2026-08-25 05:00:00,724.1,281.7,959.6,443.8,631.5,276.9,2.5,48.3,331.5,19.7,211.5,1468.5,3964.2,3895.1,1043.8,2252.4,208.2,10.3,1016.6,432.1,539.5,52.4,4745.1,4425.9,2063.6,806.7,3333.6,2954.2,2745.4,2518.9,1634.3,2634.4,962.0,2863.1,872.6,2850.6,1241.9,4487.3,6768.9,4678.2,1709.6,105.1
2026-08-25 05:15:00,714.2,283.2,998.0,441.1,651.1,281.0,2.5,56.7,340.5,19.7,214.9,1461.6,3609.6,3897.4,1053.5,2237.7,208.1,10.4,997.0,447.2,543.3,57.4,4817.0,4405.7,2090.0,803.0,3344.4,3020.9,2724.6,2523.8,1636.1,2754.7,966.3,2962.4,877.6,2843.0,1247.5,4523.4,6803.2,4682.9,1737.1,106.6
2026-08-25 05:30:00,702.9,290.7,1031.8,439.8,656.8,289.9,2.6,56.2,351.6,19.7,228.8,1456.1,3414.3,3908.6,1026.4,2243.6,166.6,16.9,998.7,451.6,544.8,51.9,4883.3,4378.2,2115.3,801.7,3411.2,3415.9,2727.9,2533.8,1638.8,2818.9,964.4,2977.3,883.8,2830.6,1258.6,4597.5,6885.2,4678.8,1757.5,107.1
2026-08-25 05:45:00,730.6,297.1,1056.2,440.2,669.7,299.7,2.6,53.0,364.5,19.7,231.2,1459.9,3427.6,3931.7,1043.0,2254.4,186.5,27.6,999.9,480.8,545.1,53.3,4952.9,4361.2,2154.6,827.8,3424.4,3866.5,2768.5,2520.9,1644.9,2823.1,971.3,3009.8,888.2,2815.2,1265.6,4650.7,6972.2,4794.4,1786.2,107.3
2026-08-25 06:00:00,765.9,306.4,1088.8,722.6,690.9,452.7,1.1,104.8,342.6,24.6,174.7,1472.5,3671.0,4026.1,1119.6,2258.2,126.1,23.9,1186.6,482.6,603.6,55.0,5140.6,4524.9,2282.9,828.5,3433.9,4241.2,2792.5,2618.7,1695.9,2341.2,972.5,3014.2,921.4,3097.6,1304.0,4628.3,7209.8,5077.9,1885.5,109.6
2026-08-25 06:15:00,772.6,317.2,1102.2,704.8,707.5,488.2,1.1,118.2,358.0,24.6,183.8,1448.3,3684.8,4128.8,1134.8,2260.3,118.5,23.9,1092.7,503.6,610.9,58.2,5189.2,4510.9,2350.5,1015.7,3458.8,4902.4,2811.6,2615.8,1698.3,2450.5,987.6,2997.3,931.9,3070.6,1319.0,4581.1,7330.5,5098.8,1925.4,111.7
2026-08-25 06:30:00,750.8,403.5,1107.0,686.8,723.1,506.0,1.0,106.7,375.5,24.6,191.8,1441.5,3678.4,4319.7,1109.0,2255.3,119.1,24.0,1102.4,507.2,617.7,69.1,5230.7,4494.9,2407.5,1016.0,3485.1,5305.8,2824.7,2620.6,1707.6,2659.4,1006.3,3055.6,943.6,3043.2,1339.7,4536.2,7466.8,5092.0,1960.6,112.8
2026-08-25 06:45:00,749.1,413.2,1106.4,683.7,740.5,543.4,1.0,106.8,397.3,24.7,191.9,1435.6,3695.1,4471.4,1119.6,2276.9,133.9,24.0,1103.0,611.4,622.5,58.7,5271.1,4505.9,2476.9,1016.2,3516.5,5564.2,2855.2,2610.1,1717.5,2791.2,1020.9,3142.7,954.9,3014.5,1358.6,4478.6,7579.3,5092.2,1985.6,118.3
2026-08-25 07:00:00,786.4,515.5,1111.9,644.0,760.7,583.7,12.1,88.9,418.9,25.8,198.7,1493.0,4001.5,4271.9,1159.5,2308.3,53.5,62.4,1482.5,610.3,650.0,82.0,5332.9,4648.5,2658.3,927.3,3623.5,5678.4,2912.9,2629.6,1785.2,2543.7,1069.1,3178.0,958.9,3399.2,1429.9,4759.3,7830.2,5180.5,2064.0,126.0
2026-08-25 07:15:00,787.1,536.0,1097.3,625.9,773.0,616.5,12.1,96.9,430.5,27.2,201.3,1492.6,4009.2,4181.6,1145.1,2321.6,73.6,165.8,1479.1,531.5,648.4,74.2,5356.6,4619.9,2707.3,928.1,3644.7,5870.8,2932.9,2619.4,1796.1,2699.3,1082.9,3261.8,963.1,3370.3,1447.1,4680.5,7888.1,5176.2,2076.6,130.8
2026-08-25 07:30:00,782.4,560.1,1059.4,607.7,783.6,644.4,12.1,87.9,438.7,26.3,211.1,1493.0,3980.4,4110.2,1111.1,2350.9,53.6,196.2,1481.7,547.5,645.7,65.6,5381.4,4628.6,2744.2,1029.6,3652.5,5868.6,2939.8,2621.7,1800.0,2820.7,1093.2,3288.6,965.9,3344.8,1464.1,4618.1,7920.9,5223.0,2082.9,133.3
2026-08-25 07:45:00,773.8,574.2,1004.6,592.3,787.8,669.0,12.1,88.8,438.7,26.5,228.6,1501.5,4013.1,4114.7,1251.5,2541.5,53.6,198.4,1597.8,558.8,652.9,58.7,5373.8,4650.7,2767.6,929.4,3658.2,5605.5,2970.8,2616.0,1813.2,2845.6,1102.1,3386.4,978.5,3331.0,1478.7,4585.2,7958.4,5228.0,2102.6,138.0
2026-08-25 08:00:00,773.7,507.7,960.7,567.0,786.3,629.5,12.2,30.4,438.9,25.3,255.3,1403.6,4389.6,4377.9,1554.7,2626.5,236.7,133.4,1774.9,735.9,655.3,87.8,5394.9,4740.5,2819.1,1204.1,3674.9,5938.4,2954.0,2603.5,1827.6,2787.6,1103.4,3325.6,976.9,3594.0,1483.4,4476.3,7966.2,5198.7,2087.8,139.7
2026-08-25 08:15:00,769.8,498.4,897.0,551.5,787.0,644.6,12.4,27.1,428.7,22.3,269.9,1389.8,4546.5,4203.4,1500.4,2670.5,236.7,118.2,1771.2,637.0,642.4,67.4,5385.5,4762.0,2827.7,1097.2,3664.9,5307.0,2959.5,2599.0,1826.9,2793.8,1105.2,3422.7,979.6,3590.2,1491.2,4449.8,7929.7,5199.9,2090.7,145.3
2026-08-25 08:30:00,762.1,530.2,844.4,560.8,780.4,680.3,13.1,27.8,415.8,27.2,270.9,1404.9,4543.8,3915.0,1429.2,2439.1,236.7,126.8,1769.0,663.2,637.1,63.7,5373.5,4769.0,2821.7,967.6,3595.5,4569.0,2958.1,2599.0,1825.7,2807.9,1109.4,3504.9,985.5,3586.0,1495.7,4401.9,7898.6,5107.9,2064.3,151.3
2026-08-25 08:45:00,764.3,506.6,799.8,579.7,771.6,714.3,13.2,33.2,403.9,32.6,267.9,1419.2,4917.1,3818.1,1357.0,2133.4,236.7,140.4,1861.0,703.4,640.1,77.2,5400.3,4758.8,2826.5,965.7,3594.1,4134.6,2965.4,2599.1,1826.2,2822.0,1114.6,3335.8,995.5,3582.8,1500.3,4351.2,7863.4,5106.4,2051.7,157.9
2026-08-25 09:00:00,753.7,544.9,726.5,366.7,763.6,542.0,46.6,26.9,386.0,41.6,261.0,1508.0,4564.2,3999.8,1510.2,1955.6,168.3,229.8,1456.1,880.8,645.7,94.2,5339.6,4601.3,2819.1,981.7,3644.9,3824.1,2963.7,2581.1,1830.4,2813.5,1103.1,3341.9,1005.3,3440.8,1500.6,4293.2,7759.2,4979.0,1990.6,165.9
2026-08-25 09:15:00,740.0,550.4,685.4,374.3,759.8,581.7,47.7,24.6,371.2,57.2,266.2,1545.1,4574.0,4027.0,1459.5,1964.4,168.3,232.1,1448.6,779.4,650.7,102.3,5327.3,4610.8,2814.6,973.4,3632.6,3260.3,2963.1,2579.9,1835.1,2817.2,1101.3,3311.2,1009.4,3439.6,1499.0,4273.2,7723.1,4883.4,1970.6,174.2
2026-08-25 09:30:00,733.6,559.0,649.9,404.8,754.5,620.1,47.9,24.6,351.3,61.1,254.9,1544.4,4871.7,4013.8,1430.3,2029.6,168.3,232.8,1456.1,810.0,650.7,116.8,5345.2,4619.7,2797.6,883.8,3622.5,2662.5,2954.5,2592.5,1826.4,2816.1,885.2,3048.6,1011.0,3437.8,1498.5,4228.2,7689.3,4702.4,1945.7,181.2
2026-08-25 09:45:00,726.8,573.0,620.2,443.1,747.3,654.8,49.9,24.4,325.1,61.8,255.0,1547.2,5357.6,4033.0,1354.5,2087.2,168.3,206.9,1581.5,655.9,652.3,125.8,5326.8,4590.1,2795.9,857.6,3760.8,2281.7,2922.6,2592.8,1827.1,2800.3,879.3,2915.9,1011.2,3437.6,1491.6,4186.9,7648.6,4697.9,1930.8,187.4
2026-08-25 10:00:00,726.5,595.4,622.2,464.4,735.5,675.5,92.8,19.7,310.8,80.5,231.7,1522.4,5310.3,4244.1,1499.5,2068.5,116.4,272.1,1767.7,956.2,635.0,145.7,5346.7,4568.7,2770.3,765.4,3730.2,2437.9,2954.4,2600.5,1829.3,2909.2,1092.5,2806.9,1011.6,3121.0,1482.0,4075.0,7599.6,4651.4,1904.2,173.6
2026-08-25 10:15:00,725.2,613.8,598.1,489.7,733.0,697.5,92.8,18.0,286.8,85.9,252.8,1505.2,5661.7,4528.8,1396.0,2130.8,116.4,272.7,1769.9,727.1,635.8,155.2,5336.9,4570.0,2764.7,763.8,3724.3,2055.8,2954.1,2605.9,1833.4,2830.8,1096.4,2515.8,1011.5,3120.6,1474.3,4030.9,7561.0,4638.8,1878.2,183.2
2026-08-25 10:30:00,721.1,620.5,802.0,508.9,730.4,718.2,92.8,19.8,268.5,91.3,245.4,1506.6,5536.6,4439.3,1366.7,2169.1,116.4,266.4,1760.7,759.5,635.1,148.8,5316.9,4590.1,2761.8,760.2,3742.3,1863.9,2948.1,2601.1,1831.5,2696.4,1107.1,2323.4,1014.0,3119.9,1466.7,4009.2,7520.5,4654.5,1854.8,193.4
2026-08-25 10:45:00,721.3,607.6,780.0,522.1,728.8,733.2,94.9,16.3,249.2,86.9,248.1,1514.0,5619.0,4494.8,1320.4,2193.6,116.4,224.8,1881.9,763.5,640.2,160.1,5306.7,4608.7,2755.5,760.9,3736.4,1781.8,2948.4,2601.9,1830.5,2633.4,1089.1,2275.7,1018.1,3119.1,1459.4,3998.3,7486.9,4668.3,1830.5,201.9
2026-08-25 11:00:00,719.9,633.9,1026.9,548.8,721.0,748.9,93.5,31.9,232.1,89.2,247.2,1583.3,5403.3,4765.4,1617.2,2084.4,200.6,200.9,1771.2,845.5,615.3,176.8,5353.7,4549.8,2746.4,708.1,3838.9,2059.9,2937.2,2624.2,1841.4,2660.4,1095.5,2192.7,1005.5,2733.7,1452.9,3733.7,7526.7,4664.4,1790.2,216.0
2026-08-25 11:15:00,726.9,620.8,1015.4,566.1,720.5,758.1,104.8,27.7,218.5,94.6,263.8,1602.9,5609.5,4815.3,1608.0,2133.7,200.6,244.6,1777.8,757.1,615.6,191.5,5343.3,4558.8,2746.7,705.2,3816.1,1898.9,2936.4,2620.0,1846.2,2506.6,1086.3,2055.6,1007.5,2733.3,1444.1,3720.8,7511.3,4672.2,1772.1,221.8
2026-08-25 11:30:00,726.4,623.7,997.9,584.9,724.2,761.5,93.3,27.1,206.8,96.7,268.0,1622.4,5578.4,4784.0,1583.1,2149.0,200.6,207.4,1795.1,761.4,612.2,195.9,5330.6,4569.8,2757.7,705.8,3814.9,1813.1,2930.7,2620.0,1846.4,2436.4,1100.2,2015.8,1009.0,2733.6,1436.5,3713.2,7505.0,4670.7,1759.9,225.9
2026-08-25 11:45:00,726.0,623.9,993.8,601.4,730.9,766.5,93.9,27.1,196.2,47.9,268.3,1628.8,5930.6,4796.3,1550.0,2084.3,200.6,204.8,1908.6,748.7,606.7,196.2,5314.5,4581.0,2754.4,706.5,3811.6,1815.3,2928.5,2621.5,1851.0,2417.9,1091.8,1955.4,1011.2,2734.1,1427.9,3710.4,7498.2,4671.5,1747.4,229.5
2026-08-25 12:00:00,718.4,619.0,1013.2,582.4,731.0,747.6,96.6,41.8,175.7,91.0,219.8,1709.2,5608.4,5087.9,1559.6,2124.2,202.9,270.1,1740.0,717.5,598.2,181.5,5391.0,4555.8,2741.0,713.3,3792.9,1642.1,2918.4,2616.9,1837.1,2379.1,1086.8,1973.6,1007.3,2606.7,1444.3,3647.8,7556.3,4645.1,1745.6,234.0
2026-08-25 12:15:00,723.2,616.4,1017.1,586.9,736.2,751.7,111.7,41.8,167.7,35.3,221.5,1710.6,5903.7,5092.3,1536.3,2073.2,202.8,267.6,1765.1,717.8,587.4,182.8,5382.7,4564.1,2737.4,713.6,3768.9,1642.9,2915.7,2618.5,1836.9,2360.1,1085.4,1942.0,1008.2,2608.1,1439.4,3644.8,7556.3,4645.0,1736.9,234.0
2026-08-25 12:30:00,729.0,614.6,1013.5,572.0,746.5,753.0,94.8,41.9,168.2,35.4,246.4,1729.5,5738.9,5100.0,1596.2,1984.8,202.9,259.1,1757.4,725.0,581.9,182.6,5407.7,4574.3,2717.8,713.5,3772.7,1643.8,2910.8,2618.9,1835.7,2369.8,1082.1,1942.0,1007.5,2609.6,1435.5,3642.2,7547.1,4642.7,1738.8,235.9
2026-08-25 12:45:00,722.5,614.1,1015.9,564.1,743.5,753.9,93.4,43.5,172.9,33.5,236.8,1732.6,6110.9,5137.6,1575.7,2069.9,202.7,219.2,1759.1,732.3,580.2,168.9,5378.8,4594.0,2737.9,713.3,3771.9,1629.7,2912.3,2619.4,1840.6,2344.5,1075.9,1942.1,1004.7,2610.6,1435.4,3640.0,7542.7,4637.7,1736.7,237.1
2026-08-25 13:00:00,758.5,605.3,1033.3,561.4,773.1,742.3,100.4,21.9,201.8,32.5,229.5,1771.9,5876.2,5137.5,1614.8,1908.6,149.0,201.0,1561.7,752.1,589.1,170.4,5327.3,4671.9,2710.5,730.4,3684.9,1575.0,2900.8,2622.0,1838.2,2308.1,1080.4,1948.8,994.4,2605.0,1440.1,3621.1,7606.4,4739.8,1731.2,235.3
2026-08-25 13:15:00,763.5,601.9,1039.4,558.8,773.0,747.3,100.6,22.7,223.8,27.6,234.5,1769.9,5850.8,5134.0,1610.1,1897.9,148.6,190.9,1567.0,752.1,585.4,173.7,5310.7,4683.8,2712.7,730.4,3676.3,1581.5,2901.3,2622.4,1835.8,2249.9,1078.7,1952.7,991.1,2606.7,1439.5,3620.9,7634.4,4732.6,1730.4,234.3
2026-08-25 13:30:00,757.5,614.3,1042.5,550.3,770.3,757.1,100.4,25.8,240.7,27.3,238.2,1773.2,6067.7,5124.6,1598.9,1984.1,148.3,192.7,1566.4,759.8,583.1,167.6,5296.6,4692.6,2714.6,730.2,3677.7,1578.7,2898.2,2622.5,1837.1,2232.3,1075.9,1952.7,986.8,2608.4,1438.3,3618.2,7660.6,4724.4,1733.9,234.5
2026-08-25 13:45:00,777.7,596.9,1049.0,547.8,767.0,762.6,100.4,23.1,250.6,27.2,228.5,1776.7,6154.5,5082.2,1607.5,1969.1,147.9,205.1,1563.0,762.1,581.0,175.7,5277.9,4701.2,2716.3,729.9,3673.5,1582.3,2903.2,2624.4,1840.0,2233.6,1069.3,1953.2,982.1,2610.4,1435.5,3618.4,7653.2,4714.8,1732.6,231.0
2026-08-25 14:00:00,812.0,589.7,1056.0,542.8,759.0,757.8,105.9,47.3,245.8,28.4,227.0,1765.8,6154.5,5082.8,1535.7,1902.1,195.5,150.0,1670.5,762.7,556.2,166.2,5199.3,4790.6,2744.2,747.2,3662.7,1571.1,2897.8,2598.4,1841.0,2306.6,1058.8,2179.8,978.6,2655.2,1424.7,3622.7,7691.8,4702.9,1722.9,226.5
2026-08-25 14:15:00,784.1,568.0,1067.4,553.8,758.9,741.0,105.9,50.5,249.6,28.3,231.5,1772.3,6062.4,5039.9,1482.6,1914.3,195.1,165.2,1571.5,765.2,551.8,167.1,5158.2,4792.3,2748.1,746.4,3659.8,1573.7,2898.3,2600.5,1846.0,2296.2,1054.7,2204.1,975.2,2656.5,1423.2,3622.2,7691.2,4690.9,1724.1,223.3
2026-08-25 14:30:00,829.9,558.2,1074.5,545.5,751.1,722.6,109.9,49.5,255.7,28.2,214.9,1778.1,5629.2,5054.4,1497.5,1994.3,194.6,151.4,1562.8,762.1,549.3,167.4,5155.4,4798.4,2748.1,746.2,3660.0,1648.7,2892.5,2601.5,1837.7,2359.8,1052.2,2230.7,972.5,2657.8,1422.6,3622.6,7704.5,4678.4,1731.0,220.8
2026-08-25 14:45:00,839.7,546.4,1060.5,529.2,752.0,698.1,107.6,58.2,261.8,27.9,209.6,1783.0,5437.5,5002.8,1492.0,2016.6,194.2,150.7,1537.8,874.7,545.9,182.6,5147.0,4802.4,2757.0,745.6,3655.1,1736.1,2896.2,2602.8,1838.2,2431.0,1055.6,2346.3,968.6,2659.4,1424.8,3625.7,7713.5,4663.5,1740.0,217.5
2026-08-25 15:00:00,743.2,529.4,803.9,547.4,715.7,681.0,115.5,50.9,269.8,36.0,218.3,1718.1,5979.5,4899.8,1304.7,1828.2,143.0,159.3,1495.9,797.0,544.6,160.8,5121.3,4878.6,2745.2,743.9,3673.3,1758.1,2903.1,2587.1,1847.9,2394.6,1057.1,2408.8,976.0,2872.8,1407.5,3702.2,7608.9,4542.5,1761.5,209.6
2026-08-25 15:15:00,737.3,516.6,823.5,525.1,717.0,657.0,115.4,52.2,272.4,36.0,214.0,1718.2,5482.1,4902.4,1348.5,1878.9,142.2,158.0,1372.2,800.2,541.5,170.1,5122.3,4871.5,2772.9,743.2,3678.3,1855.6,2903.3,2588.9,1847.2,2458.8,1058.5,2516.2,974.2,2873.5,1411.2,3704.9,7640.2,4525.5,1774.4,203.6
2026-08-25 15:30:00,743.3,501.0,616.5,495.3,716.0,620.9,115.7,50.1,255.9,33.3,220.2,1706.8,5287.4,4952.9,1391.3,1861.9,141.3,149.6,1375.5,796.6,538.5,167.3,5139.5,4863.6,2786.7,749.7,3696.8,1936.8,2900.3,2595.0,1844.9,2615.1,1062.6,2717.3,975.0,2876.0,1413.6,3716.5,7667.6,4517.2,1791.6,195.5
2026-08-25 15:45:00,729.4,492.8,639.9,459.3,717.7,600.8,115.4,53.9,246.6,61.1,220.5,1692.3,5235.4,4977.5,1426.1,1862.1,140.4,138.2,1377.6,909.4,527.9,175.7,5144.3,4859.2,2800.4,750.7,3706.3,2103.7,2906.5,2597.2,1846.9,2733.7,1061.3,2869.7,977.3,2877.5,1415.3,3720.0,7688.1,4502.1,1806.9,188.6
2026-08-25 16:00:00,732.9,543.3,625.0,445.5,717.6,569.3,80.5,61.7,267.0,73.6,244.8,1640.9,5512.0,4769.3,1228.7,1733.4,208.7,101.2,1438.3,812.9,530.6,148.4,5153.1,4813.9,2827.3,758.0,3693.0,2093.1,2908.6,2588.1,1846.2,2428.9,1064.7,3052.4,982.9,3271.0,1413.3,4005.7,7697.9,4485.6,1806.5,175.6
2026-08-25 16:15:00,760.8,521.8,662.9,422.1,725.1,535.4,80.7,58.8,269.5,81.1,236.8,1639.9,5153.1,4752.3,1275.0,1722.2,187.9,75.6,1311.2,809.8,510.8,160.8,5146.5,4798.5,2841.1,760.0,3719.9,2134.8,2881.6,2589.9,1845.5,2583.9,1070.5,3388.5,985.5,3271.1,1417.9,4006.0,7751.3,4467.1,1834.3,167.7
2026-08-25 16:30:00,764.4,499.6,717.9,395.8,727.5,489.7,80.5,58.5,271.6,82.9,240.1,1623.7,4983.2,4998.5,1359.4,1675.3,187.0,68.0,1327.9,800.7,510.3,157.6,5148.6,4789.8,2847.8,759.1,3724.3,2424.2,2905.4,2585.3,1841.3,2640.8,1069.3,3482.5,986.5,3268.4,1424.9,4036.9,7804.1,4473.9,1867.6,159.2
2026-08-25 16:45:00,774.6,481.1,773.4,365.5,729.7,444.1,80.5,61.8,263.3,87.7,223.5,1632.2,4603.9,4984.4,1462.3,1619.4,186.1,83.8,1337.8,1115.3,502.3,171.0,5153.1,4785.2,2847.2,795.6,3670.5,2754.5,2915.5,2580.2,1850.3,2655.1,1049.4,3390.3,991.2,3265.1,1436.5,4062.0,7868.8,4571.5,1905.9,150.2
2026-08-25 17:00:00,796.3,506.5,812.8,323.2,734.2,564.9,96.6,64.5,248.5,43.0,198.5,1587.3,5300.0,4811.0,1368.8,1562.5,206.2,10.0,1471.5,813.6,547.1,145.7,5144.6,4910.6,2852.6,844.7,3633.5,2643.3,2902.9,2524.9,1830.4,2541.7,1059.8,3749.4,982.4,3615.4,1483.2,4174.3,7984.8,4497.2,1958.5,165.1
2026-08-25 17:15:00,816.5,480.7,897.0,311.7,741.6,515.0,92.2,64.1,245.1,37.5,185.3,1566.9,4854.6,4760.5,1481.3,1529.8,194.4,10.0,1323.5,988.6,533.4,143.3,5154.5,4908.6,2875.3,886.3,3555.3,3307.3,2905.3,2516.9,1827.8,2530.6,1051.3,3692.3,984.7,3609.9,1499.3,4197.2,8048.0,4685.6,1993.2,159.7
2026-08-25 17:30:00,805.9,454.2,975.7,299.3,747.6,457.8,92.4,63.7,269.6,42.3,187.4,1556.3,4444.7,4750.6,1534.0,1586.0,158.5,10.0,1335.0,972.5,515.9,137.0,5147.9,4968.5,2865.8,969.3,3561.9,4059.6,2906.4,2506.0,1828.0,2537.5,1049.4,3654.1,985.9,3607.5,1509.3,4206.4,8104.3,4791.4,2026.6,150.7
2026-08-25 17:45:00,811.4,443.3,1048.4,290.1,752.6,408.5,92.3,63.6,276.3,35.1,200.8,1540.7,4294.6,4725.6,1616.7,1672.7,157.9,22.4,1347.6,1216.8,520.2,164.4,5173.0,4983.7,2872.1,973.3,3566.9,4931.0,2929.5,2503.4,1828.8,2545.0,1043.7,3645.8,992.2,3605.6,1514.6,4199.1,8158.8,4776.6,2056.6,140.6
2026-08-25 18:00:00,811.4,461.8,1125.0,520.0,761.4,513.4,81.6,42.7,284.9,44.9,263.9,1546.6,4589.7,4370.3,1662.8,1846.9,285.0,10.1,1757.2,1011.2,505.7,170.5,5236.3,5018.2,2835.5,1101.6,3572.5,4675.3,2926.7,2516.2,1828.0,2587.7,1048.8,3377.6,1007.5,3696.4,1515.6,4265.6,8170.6,4864.8,2069.1,163.8
2026-08-25 18:15:00,828.8,459.2,1177.4,515.9,764.7,471.5,81.6,42.5,289.8,42.2,263.0,1527.8,4332.5,4301.9,1734.2,1968.4,289.3,11.8,1648.0,971.6,512.3,183.4,5257.5,5038.7,2830.8,1107.3,3632.7,5579.0,2922.1,2512.8,1821.7,2578.5,1043.8,3338.5,1004.8,3698.1,1516.8,4266.2,8189.5,4854.6,2092.0,158.4
2026-08-25 18:30:00,829.4,475.3,1223.9,547.4,765.8,464.8,81.7,43.3,298.2,40.5,251.2,1508.9,4052.7,4265.2,1786.6,2035.1,293.8,10.0,1680.8,950.6,514.3,188.0,5269.8,5070.6,2838.1,1161.8,3639.7,6292.3,2915.2,2500.0,1817.1,2571.3,1051.6,3282.6,997.2,3700.9,1517.4,4262.5,8212.6,4846.2,2106.1,153.0
2026-08-25 18:45:00,836.7,482.0,1263.7,549.9,770.2,444.8,81.6,43.1,312.3,115.4,268.5,1522.4,3512.9,4714.7,1844.7,2027.1,293.3,11.6,1713.4,1034.6,518.3,217.4,5281.2,5066.7,2838.1,1161.5,3650.9,6584.5,2917.7,2492.7,1817.0,2572.7,1048.3,3282.3,981.1,3704.6,1517.7,4258.8,8245.1,4882.5,2107.7,149.3
2026-08-25 19:00:00,839.0,444.5,1282.5,560.5,787.2,521.9,81.9,40.5,328.7,42.7,342.6,1430.1,3451.4,4710.8,1807.3,1919.3,235.7,10.1,1351.2,1032.0,519.2,218.6,5296.7,5109.3,2830.6,1128.0,3672.0,6951.0,2921.3,2494.2,1821.8,2593.4,1057.1,3225.9,977.5,3596.2,1518.7,4259.1,8260.6,4991.9,2130.9,206.5
2026-08-25 19:15:00,848.0,423.8,1296.2,589.5,793.8,514.4,82.0,41.4,340.9,116.9,342.9,1419.6,3390.6,4696.4,1655.2,1717.1,250.0,10.1,1333.8,1042.6,519.8,244.2,5294.7,5127.9,2851.6,1196.8,3681.8,7303.1,2925.0,2504.4,1823.9,2588.6,1060.6,3159.3,975.7,3625.2,1516.2,4253.3,8273.1,5064.3,2126.7,261.5
2026-08-25 19:30:00,857.0,427.4,1295.4,602.6,797.2,511.0,82.0,42.0,355.8,115.1,346.4,1423.5,3384.7,4941.5,1493.0,1563.8,249.3,10.1,1327.7,1140.2,526.8,262.8,5276.4,5068.7,2832.8,1196.2,3680.3,7387.8,2922.6,2493.3,1834.6,2596.7,1063.6,3165.7,973.9,3655.1,1513.9,4248.6,8271.4,5069.0,2125.7,261.6
2026-08-25 19:45:00,866.1,433.9,1299.1,813.6,796.7,507.1,83.4,40.4,361.6,110.5,346.4,1399.6,3335.6,5042.3,1640.9,1678.6,248.5,10.1,1329.7,1091.1,533.5,282.6,5274.4,5079.4,2829.5,1195.8,3680.1,7359.4,2929.4,2502.5,1824.7,2587.0,1067.3,3170.7,972.8,3687.7,1513.0,4245.7,8276.6,5073.5,2126.6,264.0
2026-08-25 20:00:00,872.7,462.7,1302.6,818.4,790.7,506.2,85.3,45.5,375.5,100.4,268.9,1487.4,3571.7,4845.4,1403.3,1576.7,207.6,46.5,1584.2,1080.4,550.7,248.7,5184.7,5089.8,2822.9,1183.7,3692.7,7437.9,2920.8,2489.1,1833.0,2646.6,1074.5,3155.7,972.8,3540.5,1517.0,4244.0,8305.6,4992.5,2126.8,207.6
2026-08-25 20:15:00,871.8,485.4,1300.4,628.3,784.8,503.6,88.3,45.6,373.2,99.5,263.4,1495.9,3503.3,5190.7,1361.6,1512.3,228.0,46.5,1534.5,1191.4,535.8,266.9,5154.4,5106.7,2824.0,1183.4,3693.8,7471.6,2922.9,2498.7,1823.8,2633.6,1075.4,3154.5,973.8,3569.0,1515.9,4226.0,8289.6,4968.4,2116.6,183.0
2026-08-25 20:30:00,867.5,482.6,1285.4,629.5,777.8,502.8,88.6,45.8,376.6,97.0,254.8,1505.4,3494.1,5096.7,1376.6,1508.9,228.5,46.5,1531.4,1237.7,534.9,275.2,5132.2,5098.2,2836.8,1183.4,3695.9,7460.5,2898.6,2498.2,1827.4,2641.6,1079.2,3139.4,970.6,3592.7,1514.3,4202.1,8272.3,4966.4,2110.8,184.0
2026-08-25 20:45:00,859.2,466.1,1260.5,619.5,763.0,493.5,89.1,45.5,377.4,96.3,250.0,1461.2,3446.3,5175.5,1389.7,1505.1,208.9,46.6,1552.3,1187.4,542.3,290.6,5105.8,5110.2,2825.0,1181.5,3708.2,7189.5,2899.8,2497.0,1826.4,2551.0,1079.8,3154.1,970.7,3614.3,1511.1,4181.2,8255.8,4972.9,2110.0,184.5
2026-08-25 21:00:00,844.2,388.5,1230.6,825.7,745.4,457.4,91.5,49.9,379.7,80.0,312.5,1440.0,3485.4,5622.2,1323.8,1429.9,169.3,50.5,1586.2,1218.4,536.5,293.1,5102.8,4999.6,2813.9,1162.5,3712.0,7100.3,2912.2,2496.9,1824.2,2694.2,1087.2,3177.0,972.9,3553.7,1445.1,4104.0,8154.8,5007.5,2083.2,215.0
2026-08-25 21:15:00,836.2,390.9,1203.3,599.0,727.7,455.7,90.1,49.9,374.9,21.0,291.3,1440.1,3788.9,5541.2,1325.3,1419.1,169.7,50.5,1589.6,1313.4,533.5,301.8,5143.2,4988.9,2807.8,1162.6,3712.6,6958.0,2906.1,2495.9,1825.7,2691.1,1084.6,3182.5,969.3,3563.5,1438.3,4097.5,8094.6,5012.2,2061.2,216.8
2026-08-25 21:30:00,824.4,388.9,1173.6,610.9,709.6,453.9,90.1,49.9,389.7,17.1,292.5,1448.8,3779.3,5353.1,1357.9,1413.9,155.3,50.5,1593.4,1309.3,533.3,310.8,5137.8,4988.0,2794.0,1145.3,3711.5,6453.9,2897.5,2505.1,1826.6,2689.3,1084.0,3211.5,967.1,3574.1,1429.7,4055.0,8019.5,5015.3,2047.5,218.5
2026-08-25 21:45:00,812.3,358.0,1144.3,600.8,691.4,442.0,92.8,49.8,387.7,17.1,286.2,1453.9,3859.2,4887.8,1340.9,1420.2,148.9,50.5,1611.9,1271.6,532.1,309.2,5108.3,4991.0,2799.2,1090.1,3703.1,5711.3,2888.9,2505.6,1826.0,2638.3,1074.8,3257.2,964.4,3575.8,1420.5,4060.2,7949.0,5001.8,2024.3,219.7
2026-08-25 22:00:00,785.8,346.1,1111.8,570.5,671.6,285.2,6.6,59.0,372.2,17.6,261.1,1392.9,3634.0,5162.9,1283.5,1347.3,96.6,40.5,1542.7,1279.0,493.8,338.8,4964.2,4949.4,2746.8,1144.7,3629.8,5945.4,2914.9,2482.3,1808.2,2738.6,1082.8,3381.3,953.1,3512.8,1407.8,3874.9,7858.8,4882.9,1973.4,204.3
2026-08-25 22:15:00,776.2,340.6,1084.8,575.0,659.3,280.5,6.6,59.1,368.8,17.6,232.7,1393.4,3812.6,5037.4,1256.5,1346.0,106.6,40.5,1536.3,1289.9,485.8,343.6,4919.0,4923.7,2714.1,1090.3,3613.7,5246.3,2885.9,2492.6,1808.8,2743.0,1075.8,3389.7,948.1,3511.3,1393.2,3847.0,7774.8,4791.1,1941.9,204.7
2026-08-25 22:30:00,766.5,354.2,1046.5,384.7,638.3,286.8,7.9,59.0,351.7,17.6,217.9,1414.6,3825.5,5039.2,1293.8,1340.5,121.8,40.5,1530.4,1385.6,475.3,357.4,4871.6,4829.9,2674.6,1089.7,3598.4,5210.3,2883.0,2482.0,1799.2,2736.0,1068.0,3378.2,941.6,3507.0,1376.9,3797.4,7690.2,4832.9,1919.7,204.4
2026-08-25 22:45:00,753.9,331.4,1032.6,383.8,627.2,278.7,9.8,58.9,346.6,17.6,208.5,1393.4,3916.9,4993.8,1268.1,1341.3,95.1,40.5,1524.0,1315.0,482.2,348.4,4837.2,4808.8,2643.3,991.4,3578.0,4729.4,2873.7,2486.4,1795.5,2734.5,1059.9,3407.2,937.3,3504.6,1360.7,3752.2,7584.1,4695.8,1895.2,210.4
2026-08-25 23:00:00,767.2,272.3,981.2,413.5,609.6,239.2,4.6,72.1,340.0,13.9,212.4,1392.2,3964.6,5169.1,1154.6,1323.8,166.5,49.1,1166.7,1305.7,433.5,366.2,4690.5,4765.9,2522.8,959.5,3507.0,4533.9,2877.4,2504.8,1765.6,2825.3,1043.6,3402.5,927.4,3250.5,1340.4,3719.4,7468.8,4744.7,1846.9,147.6
2026-08-25 23:15:00,776.9,269.5,965.0,393.3,598.4,231.3,4.8,72.1,335.6,13.9,197.6,1392.3,3992.9,4935.2,1124.8,1321.9,148.0,49.1,1161.5,1288.4,433.8,372.6,4642.7,4736.7,2474.0,954.7,3487.3,4182.2,2857.8,2507.4,1756.2,2823.5,1031.7,3378.0,921.5,3243.3,1326.2,3670.3,7374.8,4743.5,1817.0,154.4
2026-08-25 23:30:00,762.0,268.7,949.5,388.3,590.4,216.7,4.6,72.2,326.1,13.9,193.2,1392.3,4000.5,4992.3,1142.1,1319.4,164.9,49.1,1156.9,1342.4,432.4,378.5,4622.9,4732.2,2439.7,916.4,3470.6,4025.0,2840.4,2506.2,1755.9,2826.9,1023.8,3360.5,914.9,3236.7,1312.1,3636.3,7290.4,4662.0,1793.5,152.5
2026-08-25 23:45:00,764.4,267.9,935.8,383.7,593.2,216.4,6.4,72.0,319.8,13.9,195.3,1406.9,4028.3,5022.6,1124.5,1321.1,169.0,49.1,1155.4,1235.9,442.0,382.8,4587.4,4706.9,2390.2,891.4,3398.0,3501.9,2823.7,2511.0,1754.7,2793.2,1018.9,3354.8,908.8,3228.2,1301.6,3608.4,7148.7,4620.7,1760.1,158.0
2026-08-26 00:00:00,703.1,229.0,891.5,354.7,589.7,35.9,2.9,55.3,261.4,13.6,147.2,1488.8,3460.6,3931.8,765.0,1251.2,158.5,45.3,1095.4,873.8,429.2,502.7,4594.0,4611.4,2294.7,1107.1,3373.0,4348.2,2759.8,2546.4,1706.4,2800.0,1023.5,3122.4,905.2,2957.9,1305.3,3666.2,7221.8,4695.9,1778.7,190.7
2026-08-26 00:15:00,686.4,226.2,888.1,350.4,581.5,36.4,5.1,55.3,258.7,12.3,155.6,1488.6,3451.5,3877.1,774.1,1268.5,169.4,45.3,1093.8,822.0,425.9,492.6,4585.1,4589.6,2265.6,1067.4,3358.3,4079.8,2752.4,2554.7,1704.9,2786.0,1015.1,3117.8,897.2,2954.0,1293.3,3655.0,7173.1,4699.5,1755.9,192.5
2026-08-26 00:30:00,681.9,207.4,894.6,344.6,575.8,35.1,2.7,50.3,255.4,12.3,143.6,1490.6,3657.9,3775.9,865.5,1384.7,169.9,45.3,1093.8,812.6,421.8,494.7,4568.3,4569.5,2228.9,1051.2,3336.3,3728.4,2742.0,2545.2,1699.2,2766.4,1008.5,3123.7,893.0,2951.3,1284.2,3647.2,7132.3,4690.4,1743.5,187.7
2026-08-26 00:45:00,687.0,207.6,891.0,338.6,567.5,34.3,2.7,50.4,254.5,12.3,128.2,1491.1,3690.3,3703.1,1045.0,1584.3,170.4,45.3,1125.5,801.4,428.9,498.7,4554.2,4549.9,2194.5,960.2,3321.5,3493.3,2732.9,2554.1,1696.9,2771.3,999.9,3119.7,888.5,2949.0,1276.7,3645.5,7084.7,4687.7,1724.8,187.7
2026-08-26 01:00:00,674.7,207.7,901.5,325.3,561.5,33.0,4.4,56.9,295.0,16.8,152.7,1482.4,3214.4,3636.7,1079.4,1608.4,115.9,32.8,1077.3,799.5,414.9,496.4,4532.6,4473.4,2124.7,1073.7,3298.6,3908.8,2708.3,2564.8,1668.6,2732.8,971.1,2986.7,883.3,2993.4,1326.1,3706.8,6958.7,4551.9,1695.6,182.4
2026-08-26 01:15:00,671.5,207.7,897.4,310.1,564.6,30.7,5.6,56.8,294.9,16.8,140.3,1484.2,3414.9,3554.0,1056.3,1601.9,100.6,32.8,1079.3,795.5,413.5,499.4,4534.5,4460.8,2103.1,1042.2,3288.4,3642.4,2701.2,2566.9,1665.1,2744.3,989.5,3026.8,879.2,2989.4,1322.1,3707.8,6939.6,4548.2,1684.3,181.3
2026-08-26 01:30:00,684.1,207.9,889.2,304.1,551.9,29.5,5.5,51.8,296.0,16.8,133.4,1480.0,3798.1,3521.8,1029.5,1606.8,98.8,32.8,1076.8,793.1,414.2,503.0,4529.3,4457.6,2087.5,1042.1,3279.8,3661.6,2696.9,2567.4,1661.0,2722.7,983.2,3002.1,876.1,2986.7,1319.6,3709.7,6907.6,4547.4,1677.2,185.5
2026-08-26 01:45:00,687.2,208.2,885.4,298.1,550.5,28.6,6.2,51.8,292.0,16.8,119.3,1490.4,4085.7,3479.3,1013.1,1604.3,100.4,32.8,1078.0,785.9,412.5,506.9,4518.8,4445.5,2066.2,1034.1,3269.4,3496.6,2690.4,2569.2,1664.6,2753.5,980.2,3006.1,873.4,2982.9,1316.2,3693.9,6882.9,4534.3,1677.0,177.7
2026-08-26 02:00:00,669.1,213.7,895.8,283.5,575.0,26.4,3.8,59.3,288.6,14.9,133.2,1472.8,4159.4,3312.1,1000.2,1581.7,54.5,40.1,1094.9,773.0,403.4,497.5,4462.2,4357.9,2036.6,1033.5,3263.5,3237.2,2674.2,2573.5,1647.8,2728.9,948.7,3005.4,871.7,3101.3,1330.3,3673.8,6988.3,4626.9,1668.9,174.8
2026-08-26 02:15:00,661.1,213.3,892.0,278.3,581.5,26.0,2.8,59.3,282.9,14.9,114.1,1479.8,4161.1,3289.2,984.9,1579.0,57.4,40.6,1092.8,770.1,405.5,503.1,4458.4,4350.7,2026.0,1036.4,3249.0,3230.2,2670.9,2576.2,1645.7,2741.7,944.5,2994.5,870.1,3095.8,1329.1,3666.7,6975.3,4623.6,1670.3,167.9
2026-08-26 02:30:00,659.9,212.7,893.5,278.0,581.1,25.7,4.0,54.3,284.6,14.9,109.5,1480.9,4213.6,3266.1,977.4,1574.1,75.5,32.1,1091.1,769.2,403.7,503.4,4459.3,4347.6,2016.6,978.5,3244.2,3207.6,2667.5,2576.4,1646.7,2746.7,943.1,2999.8,868.5,3090.0,1327.3,3673.4,6977.6,4620.2,1664.5,167.5
2026-08-26 02:45:00,664.9,211.6,894.3,294.1,577.1,25.3,4.1,54.3,294.5,14.9,99.6,1484.4,4379.6,3248.9,977.1,1570.9,75.2,32.1,1087.4,769.0,401.5,507.5,4453.4,4348.8,2006.8,980.2,3239.0,3210.2,2667.1,2578.1,1648.8,2753.0,940.9,2990.5,869.0,3083.5,1323.8,3678.2,6956.4,4616.4,1662.1,167.0
2026-08-26 03:00:00,680.0,211.0,895.1,291.6,583.2,24.4,6.8,46.8,288.5,12.3,170.2,1481.7,4331.4,3146.7,996.4,1554.9,50.3,32.0,1110.0,759.0,404.8,513.3,4441.4,4384.0,1981.1,929.4,3211.2,3118.2,2665.6,2563.6,1637.8,2745.5,952.4,3012.3,871.3,3114.7,1257.0,3577.0,6964.9,4615.8,1660.6,167.8
2026-08-26 03:15:00,678.9,211.3,903.5,291.8,586.1,23.8,6.8,46.9,323.8,12.3,165.6,1482.0,4270.8,3078.9,988.1,1541.4,50.4,32.0,1106.5,758.5,400.9,515.9,4449.9,4384.3,1972.4,882.9,3209.4,3049.4,2665.7,2563.7,1638.7,2752.7,953.5,3030.6,870.6,3106.5,1254.9,3604.8,6996.9,4617.2,1655.5,167.2
2026-08-26 03:30:00,709.3,203.3,909.8,291.0,589.7,22.9,6.8,46.9,341.0,12.3,158.7,1483.0,4231.4,3053.0,978.3,1542.4,55.2,41.7,1101.3,764.2,396.0,519.4,4458.8,4369.8,1971.0,929.5,3207.7,3145.9,2661.6,2563.3,1637.2,2759.7,950.4,3002.1,869.5,3098.8,1256.7,3568.0,6970.7,4619.2,1655.2,166.1
2026-08-26 03:45:00,693.1,209.0,920.2,291.4,597.2,21.5,6.7,46.9,287.3,12.3,156.4,1482.8,4319.9,3039.2,969.7,1548.4,65.3,32.0,1097.6,766.1,392.8,521.8,4471.3,4372.3,1965.4,929.4,3205.8,3127.5,2662.1,2562.3,1634.2,2760.7,949.8,3001.0,869.6,3090.4,1260.5,3578.9,6966.0,4608.7,1650.4,168.1
2026-08-26 04:00:00,684.9,209.9,935.2,303.9,589.9,38.8,7.2,43.4,338.9,12.4,161.8,1498.8,4284.1,3042.1,956.2,1547.2,89.2,31.5,1028.0,774.9,384.5,526.5,4503.3,4421.2,1951.9,952.3,3199.1,3143.7,2663.3,2566.4,1632.8,2688.9,940.8,3082.4,869.2,3277.9,1285.9,3571.5,6896.4,4492.5,1653.8,173.7
2026-08-26 04:15:00,687.4,208.3,952.2,305.0,592.8,38.4,7.2,43.4,297.4,12.4,159.1,1498.5,4253.1,3024.2,949.5,1550.4,74.5,31.5,1017.7,776.3,382.0,531.0,4523.4,4426.9,1952.0,952.4,3204.0,3186.0,2664.9,2577.1,1632.3,2735.4,944.3,3073.8,870.0,3267.3,1293.3,3580.9,6892.6,4489.5,1659.1,166.4
2026-08-26 04:30:00,693.7,207.0,974.0,296.2,599.6,38.1,5.9,48.4,286.7,12.4,160.4,1498.3,4152.4,3059.8,911.0,1552.9,74.5,31.5,1011.6,781.7,378.9,534.0,4557.1,4435.4,1954.7,953.1,3206.6,3271.4,2667.9,2578.2,1632.5,2748.7,941.1,3068.9,871.8,3254.8,1299.2,3602.2,6918.2,4487.4,1667.8,173.8
2026-08-26 04:45:00,693.1,205.7,992.0,298.1,609.4,37.9,4.5,48.4,295.8,12.4,155.4,1497.4,4100.2,3075.3,912.6,1557.5,74.5,31.6,1005.4,789.7,375.0,535.9,4584.4,4435.3,1957.7,1011.0,3211.8,3453.0,2670.9,2578.9,1632.7,2756.0,942.9,3044.3,874.3,3241.6,1298.9,3606.7,6915.1,4531.7,1683.1,173.1
2026-08-26 05:00:00,738.6,204.3,1009.6,318.0,636.1,149.0,12.5,45.5,296.4,26.2,128.4,1497.7,4283.0,3054.0,933.0,1563.2,57.9,49.6,1017.7,796.1,389.1,533.0,4828.5,4477.6,1960.3,1018.1,3236.6,3373.9,2678.3,2534.0,1642.5,2625.1,946.2,3108.9,879.4,3476.5,1323.6,3882.5,6984.6,4483.1,1707.3,175.1
2026-08-26 05:15:00,748.3,203.9,1039.1,318.8,650.1,153.6,12.5,50.4,306.8,26.2,120.0,1496.5,4292.7,3076.5,934.6,1567.8,88.2,40.6,1014.1,800.4,386.0,538.9,4863.0,4474.8,1994.2,1077.8,3247.9,3673.9,2673.8,2539.9,1649.7,2712.2,950.7,3096.0,888.0,3463.6,1330.7,3908.3,7054.8,4488.5,1738.1,174.1
2026-08-26 05:30:00,755.4,205.4,1049.2,323.7,656.3,165.8,12.7,50.3,317.8,26.2,115.3,1495.1,3648.1,3108.3,908.3,1572.3,60.2,50.0,1015.8,806.4,378.3,535.6,4912.4,4476.4,2023.9,1094.8,3263.6,4025.5,2692.7,2539.1,1650.8,2731.5,958.8,3106.5,899.2,3453.9,1349.0,3904.5,7151.4,4624.9,1759.6,173.3
2026-08-26 05:45:00,749.7,233.6,1062.3,330.9,662.3,175.2,12.6,50.4,330.2,26.2,128.5,1494.2,3597.1,3139.7,919.9,1587.6,47.9,40.7,1022.7,816.0,378.4,537.9,4942.2,4486.0,2062.7,1104.5,3281.7,4609.8,2722.4,2503.9,1657.5,2749.1,966.9,3137.4,903.9,3448.4,1371.3,3906.6,7250.1,4689.0,1790.0,175.9
2026-08-26 06:00:00,773.1,358.0,1078.2,368.3,682.4,358.7,26.1,58.1,357.0,23.4,113.4,1452.4,3700.1,3168.6,997.0,1627.2,59.1,54.1,1120.4,819.9,408.9,546.7,5186.0,4726.2,2203.3,1164.7,3331.1,5513.0,2748.4,2452.7,1716.0,2692.1,985.3,3166.2,938.5,3557.8,1413.7,4120.2,7524.2,4786.5,1873.8,178.7
2026-08-26 06:15:00,776.9,371.5,1071.8,395.0,694.0,400.7,26.2,59.6,367.9,23.4,131.7,1451.4,3727.7,3352.9,1031.2,1635.4,59.4,44.5,1106.0,856.1,414.1,559.7,5228.7,4726.5,2273.8,1247.7,3410.0,6405.9,2775.6,2436.9,1717.5,2789.8,987.1,3168.2,950.2,3546.9,1440.8,4114.4,7658.0,4794.7,1920.2,178.8
2026-08-26 06:30:00,789.4,303.6,1051.8,406.4,710.8,467.9,26.1,60.1,380.0,23.4,132.5,1449.1,3427.2,3601.7,1023.7,1640.3,38.4,54.5,1116.4,856.6,417.5,565.1,5244.5,4718.9,2335.0,1251.7,3437.4,6586.2,2819.4,2423.8,1724.9,2823.8,1003.8,3250.6,961.4,3531.0,1462.2,4117.1,7785.1,4808.7,1956.2,178.9
2026-08-26 06:45:00,781.3,391.5,1021.9,418.6,724.8,511.4,26.1,60.7,401.9,23.5,141.1,1447.9,3432.4,3688.9,1044.6,1666.3,52.4,44.6,1117.1,884.6,419.2,563.2,5250.9,4723.5,2405.6,1253.7,3459.1,6681.7,2845.7,2417.0,1733.1,2842.6,1015.5,3302.9,971.3,3509.7,1468.2,4117.7,7914.8,4810.3,1998.2,179.4
2026-08-26 07:00:00,813.6,362.2,1004.8,387.7,743.7,597.4,2.6,74.8,440.4,28.7,176.2,1460.8,3774.0,3413.1,1096.9,1714.4,20.2,55.8,1236.8,1052.4,442.9,552.2,5267.2,4792.3,2589.6,1277.8,3649.9,6676.3,2853.6,2395.5,1770.2,2957.0,1046.3,3326.7,989.6,3544.0,1576.4,4164.5,8141.9,5015.3,2064.0,240.9
2026-08-26 07:15:00,810.4,379.5,968.9,381.9,757.3,665.9,2.6,75.2,452.0,30.3,183.2,1470.4,3815.8,3334.4,1105.7,1727.1,26.5,45.7,1239.4,907.6,440.2,551.5,5298.0,4834.8,2634.8,1280.5,3656.7,6795.4,2875.1,2388.0,1778.5,2972.2,1058.4,3379.4,993.2,3513.6,1581.6,4159.2,8210.1,5024.9,2083.9,244.5
2026-08-26 07:30:00,800.3,414.7,917.3,373.6,767.8,732.0,2.6,74.5,448.5,35.4,191.0,1474.7,3853.4,3539.3,1089.5,1736.8,0.0,55.5,1240.2,920.1,435.6,551.6,5320.8,4807.7,2666.5,1281.8,3662.3,6951.9,2885.3,2399.8,1785.9,2994.3,1066.6,3417.0,995.8,3479.0,1585.9,4151.9,8230.9,4989.8,2113.1,208.2
2026-08-26 07:45:00,783.5,440.5,885.0,388.3,771.3,804.2,2.5,79.0,466.3,27.8,196.3,1482.0,3958.9,3513.0,1054.1,1763.2,0.0,62.6,1387.8,947.2,432.1,555.1,5347.7,4792.5,2690.7,1282.8,3649.0,7014.2,2901.0,2395.8,1792.0,3024.6,1070.0,3506.8,1002.3,3441.8,1583.5,4145.1,8258.2,5016.8,2148.5,195.9
2026-08-26 08:00:00,769.0,446.2,845.1,395.8,778.3,846.4,13.5,102.3,457.0,90.1,223.8,1429.6,3996.2,3789.5,1385.5,1880.3,140.1,1.1,1273.9,1151.8,431.2,555.2,5402.0,4784.8,2718.5,1300.5,3517.6,6640.9,2924.0,2391.5,1823.8,2962.7,1078.8,3062.5,1003.0,3439.0,1592.0,4187.6,8204.7,5050.8,2126.0,202.5
2026-08-26 08:15:00,769.3,461.5,791.9,411.3,781.8,903.8,13.6,106.6,453.5,76.1,229.0,1419.1,4250.8,3433.7,1355.1,1862.6,131.1,25.0,1263.9,994.1,423.2,550.9,5422.8,4782.5,2727.4,1297.1,3506.4,6591.9,2927.5,2386.6,1823.1,2976.0,1079.1,3083.5,1023.3,3432.9,1598.9,4178.6,8190.0,5010.2,2121.3,198.8
2026-08-26 08:30:00,759.1,473.3,744.2,426.0,778.2,948.4,13.6,102.6,453.8,27.7,229.1,1417.9,4656.2,3228.3,1303.9,1889.3,131.6,1.8,1254.7,995.2,414.8,533.7,5430.6,4780.2,2724.1,1284.5,3493.8,6212.1,2926.0,2380.2,1824.0,2986.6,1083.9,3129.0,1045.0,3427.9,1599.6,4165.8,8151.7,5001.3,2115.4,204.4
2026-08-26 08:45:00,743.5,493.5,682.0,434.9,773.0,985.1,13.6,103.5,442.4,28.1,232.4,1420.6,4927.5,2846.2,1424.6,2098.1,132.9,1.1,1424.6,1010.5,421.2,547.4,5434.3,4772.7,2727.2,1196.6,3434.9,5486.5,2930.2,2367.2,1818.1,2988.1,1093.5,3209.4,1060.3,3422.8,1610.4,4155.0,8108.5,4992.2,2092.4,210.1
2026-08-26 09:00:00,734.7,540.9,628.1,441.1,761.0,847.5,29.4,77.9,429.0,14.1,252.0,1453.4,4243.2,2860.8,1505.0,2302.0,160.6,166.8,1248.1,1257.1,427.0,407.0,5377.0,4634.2,2739.4,1253.7,3549.9,5783.0,2925.9,2434.3,1827.8,2913.4,1086.2,3174.4,1040.4,3368.1,1607.5,4107.6,7999.8,4941.5,2039.5,222.1
2026-08-26 09:15:00,722.5,548.0,591.0,474.3,767.4,863.5,29.4,78.6,410.6,18.3,255.0,1470.7,4417.0,2899.0,1453.7,2142.9,160.3,134.4,1236.6,1118.0,425.8,419.9,5380.6,4580.4,2735.9,1175.6,3537.7,4937.5,2926.1,2443.0,1832.1,2921.2,1087.6,3210.3,1043.5,3366.3,1614.6,4102.1,7940.5,4943.5,2007.5,230.6
2026-08-26 09:30:00,713.0,559.7,569.0,514.4,767.2,868.3,29.4,79.3,390.6,22.4,242.9,1480.6,4400.2,2886.6,1435.9,1891.0,160.1,117.7,1228.1,1131.0,424.4,417.2,5387.0,4581.2,2735.2,1177.0,3538.3,4130.8,2923.8,2461.4,1823.6,2922.3,1087.6,3250.2,1046.2,3363.4,1611.8,4093.8,7902.4,4949.0,1978.5,239.1
2026-08-26 09:45:00,698.5,574.4,538.0,562.9,757.0,885.9,30.5,79.8,359.2,27.6,242.6,1484.6,4654.0,2914.6,1378.2,1650.7,159.9,114.7,1368.5,1152.5,482.9,327.4,5375.2,4588.7,2732.0,1152.2,3530.9,3375.1,2907.2,2463.6,1825.9,2912.4,1080.3,3289.1,1048.8,3361.3,1606.3,4091.3,7858.8,4895.2,1964.4,249.6
2026-08-26 10:00:00,679.9,605.5,565.4,609.5,752.4,785.3,64.5,39.4,362.2,53.5,357.4,1563.2,4415.3,3235.7,1322.5,1633.3,162.8,166.7,1355.5,1383.4,426.1,464.2,5425.3,4556.7,2730.7,931.0,3514.9,3504.6,2922.3,2523.4,1795.0,2871.8,1076.5,3159.2,1044.5,3168.9,1594.0,3789.7,7817.2,4913.9,1939.0,229.0
2026-08-26 10:15:00,678.3,608.2,545.5,645.0,746.2,797.0,65.8,39.6,332.5,45.5,358.2,1538.8,4451.9,3304.2,1260.5,1643.2,162.6,164.2,1356.8,1204.9,477.9,361.9,5419.4,4571.3,2728.8,928.8,3563.6,2831.1,2922.5,2528.0,1800.3,2879.4,1091.8,3236.5,1044.2,3167.6,1585.5,3790.1,7773.5,4934.3,1923.7,237.8
2026-08-26 10:30:00,673.4,617.2,979.1,680.4,744.5,807.3,65.8,39.8,302.0,52.1,355.7,1562.2,4803.6,3348.9,1246.0,1662.8,162.4,149.6,1343.8,1039.4,472.4,371.3,5397.9,4586.4,2726.0,889.5,3610.4,2311.6,2919.3,2524.8,1794.9,2871.1,1097.0,3228.8,1044.5,3167.1,1577.2,3791.1,7719.8,4907.8,1911.2,244.5
2026-08-26 10:45:00,667.4,618.5,962.6,704.0,741.5,814.5,66.6,40.1,274.3,59.3,356.3,1575.1,5085.5,3369.2,1190.6,1701.2,162.1,149.9,1512.4,1057.4,465.4,380.3,5400.0,4600.8,2721.2,854.5,3593.2,2117.8,2921.4,2524.5,1793.5,2871.7,1091.7,3011.6,1044.7,3166.5,1568.0,3791.7,7671.3,4895.0,1895.9,248.9
2026-08-26 11:00:00,669.9,619.4,1000.6,697.4,735.1,801.9,51.7,40.7,311.6,108.8,337.2,1663.6,4922.2,3649.3,1372.7,1711.7,218.8,121.8,1373.8,1236.4,473.5,406.3,5375.7,4420.4,2705.0,831.1,3599.5,2283.4,2929.9,2527.8,1823.0,2899.7,1084.8,2949.8,1048.0,2995.9,1571.2,3601.9,7630.0,4752.5,1866.7,233.2
2026-08-26 11:15:00,675.2,620.0,990.6,699.2,736.3,786.6,53.9,40.8,295.3,123.9,340.2,1680.9,5160.2,3707.2,1331.3,1800.7,218.6,119.2,1368.3,1101.4,460.3,420.7,5373.1,4436.9,2705.0,827.6,3588.7,2005.5,2929.8,2529.9,1822.3,2899.1,1073.5,2862.5,1045.1,2995.8,1561.7,3602.0,7602.9,4761.7,1854.8,238.5
2026-08-26 11:30:00,676.8,618.4,982.1,700.1,738.9,777.9,53.7,40.9,281.7,135.3,342.5,1712.7,5108.5,3689.6,1293.8,1791.5,218.3,103.1,1363.3,1124.6,454.4,420.6,5385.5,4424.7,2701.5,828.3,3579.4,1818.0,2928.6,2534.9,1822.1,2876.3,1075.0,2951.4,1042.7,2995.7,1553.7,3600.4,7574.6,4752.5,1852.5,239.1
2026-08-26 11:45:00,679.5,615.4,1001.1,693.6,744.7,766.8,54.9,42.6,272.6,144.8,346.5,1724.6,5116.2,3746.9,1292.6,1771.1,218.1,57.8,1512.0,1107.7,449.5,405.8,5377.3,4434.6,2701.5,829.1,3588.2,1815.5,2930.4,2535.7,1821.0,2864.0,1073.1,2951.5,1041.8,2995.0,1539.6,3600.9,7549.1,4759.3,1845.8,245.1
2026-08-26 12:00:00,786.3,599.8,997.6,690.3,789.3,758.4,34.9,37.6,133.5,140.3,226.8,1830.9,4708.3,4135.9,1512.4,1843.2,50.4,177.5,1357.1,1038.8,448.2,435.2,5382.8,4379.3,2696.0,789.0,3555.4,1840.8,2929.5,2558.2,1797.4,2927.7,1044.9,2610.7,1042.6,2622.4,1531.2,3496.7,7585.4,4664.2,1835.7,250.3
2026-08-26 12:15:00,790.3,588.8,1025.1,648.7,754.9,792.5,39.4,37.6,118.9,131.1,228.5,1823.9,4776.6,4107.1,1492.8,1831.3,50.6,168.9,1358.0,1021.2,442.1,433.1,5398.9,4356.7,2696.8,787.4,3547.9,1676.3,2928.4,2563.2,1805.8,2867.9,1044.3,2611.0,1042.1,2622.3,1525.4,3482.2,7596.6,4647.2,1840.3,251.1
2026-08-26 12:30:00,789.9,584.5,1033.5,626.0,810.7,735.0,48.2,37.7,115.7,154.2,228.3,1859.1,4793.2,4067.4,1527.1,1824.9,50.7,191.3,1362.9,1032.4,438.2,437.9,5445.3,4364.2,2696.0,788.2,3557.4,1681.6,2924.9,2563.4,1805.7,2883.3,1042.9,2611.5,1041.7,2622.2,1519.0,3483.4,7565.4,4648.4,1857.3,255.0
2026-08-26 12:45:00,791.2,575.8,1037.8,617.3,768.3,725.5,35.0,37.6,118.7,153.9,224.0,1859.9,4867.2,4059.9,1476.4,1855.9,50.8,191.5,1363.4,1039.0,433.2,440.5,5424.4,4371.2,2700.4,787.5,3554.1,1676.8,2928.3,2563.3,1808.2,2878.0,1037.5,2611.3,1040.6,2621.8,1517.1,3483.8,7576.2,4647.0,1850.8,253.6
2026-08-26 13:00:00,785.5,567.3,1046.9,617.1,851.7,707.7,51.4,34.5,162.7,157.4,349.3,1827.2,4815.4,4242.3,1640.2,1850.5,50.9,166.6,1315.7,1054.8,429.7,455.8,5448.0,4406.7,2696.9,788.0,3547.1,1633.8,2917.1,2562.1,1801.9,2906.9,1067.5,2656.5,1035.7,2523.7,1516.4,3456.8,7646.5,4776.9,1829.6,254.8
2026-08-26 13:15:00,791.0,562.4,1046.8,610.7,811.4,745.4,51.4,37.2,167.6,155.7,341.8,1815.7,4813.9,4241.7,1614.1,1881.1,50.8,203.8,1316.8,1066.5,426.2,460.8,5444.5,4402.9,2698.3,783.9,3554.8,1615.6,2917.0,2561.3,1801.5,2786.8,1065.8,2494.3,1036.1,2523.7,1516.9,3456.3,7624.2,4770.0,1832.7,250.5
2026-08-26 13:30:00,793.4,559.9,1055.5,594.2,860.6,685.7,51.4,37.1,172.8,97.9,338.7,1812.0,4831.8,4229.7,1627.5,1885.9,50.6,244.0,1313.9,1072.0,425.1,463.9,5436.4,4411.8,2707.7,783.9,3552.0,1627.7,2917.3,2562.3,1801.9,2851.5,1063.1,2577.9,1035.5,2523.4,1517.1,3456.8,7629.2,4767.8,1831.4,251.1
2026-08-26 13:45:00,794.8,547.0,1061.8,607.1,816.5,719.8,71.8,36.9,181.4,96.8,340.3,1811.1,4777.5,4252.8,1630.0,1845.0,50.5,251.8,1311.9,1078.3,423.3,480.6,5428.2,4424.2,2710.1,783.6,3547.9,1627.2,2919.0,2562.3,1800.7,2804.9,1058.0,2517.3,1034.0,2523.4,1514.4,3456.5,7618.2,4762.1,1829.4,247.6
2026-08-26 14:00:00,788.5,543.2,835.2,627.7,814.2,661.8,34.8,28.6,230.4,144.9,243.4,1810.9,4801.9,4229.4,1388.3,1827.1,100.4,238.9,1525.4,1087.3,426.7,502.6,5469.5,4470.5,2731.4,751.6,3558.2,1544.0,2915.3,2564.0,1819.7,2621.7,1050.9,2482.6,1028.3,2828.7,1518.8,3462.8,7659.2,4747.9,1812.7,244.7
2026-08-26 14:15:00,798.4,529.9,844.2,609.1,818.9,684.5,34.8,28.3,232.0,144.8,263.4,1811.5,4740.2,4247.2,1402.2,1812.9,100.3,271.6,1352.7,1088.9,426.3,506.3,5457.4,4472.4,2734.4,750.9,3557.9,1596.0,2916.6,2564.8,1822.1,2642.5,1046.3,2504.5,1027.9,2828.3,1519.8,3463.6,7680.7,4738.1,1817.3,242.5
2026-08-26 14:30:00,801.5,519.2,844.4,559.9,813.9,614.5,34.9,27.9,237.8,118.9,267.1,1803.1,4664.6,4244.2,1414.4,1808.2,100.2,257.0,1353.1,1087.0,425.0,513.7,5450.5,4474.2,2737.9,765.9,3544.5,1624.0,2916.0,2572.1,1814.9,2798.9,1045.1,2669.7,1029.0,2828.0,1521.8,3464.3,7707.8,4729.6,1810.3,240.4
2026-08-26 14:45:00,809.5,509.7,861.9,528.6,817.5,589.6,37.7,27.6,244.3,97.5,261.8,1799.5,4647.4,4207.7,1440.3,1792.1,100.1,251.8,1352.2,1267.9,423.1,524.5,5364.3,4476.9,2746.0,818.6,3546.5,1703.8,2919.5,2573.2,1813.7,2848.9,1046.4,2702.6,1028.1,2827.8,1524.0,3465.7,7698.7,4719.6,1806.2,240.0
2026-08-26 15:00:00,711.3,489.9,837.1,495.8,781.9,571.6,64.0,32.2,149.5,139.4,270.9,1800.7,4512.6,4057.0,1272.5,1749.6,40.0,158.7,1533.8,1117.0,409.1,509.2,5250.4,4553.8,2755.8,757.2,3562.9,1847.7,2970.1,2611.4,1802.5,2766.7,1044.7,2752.9,1026.7,2980.4,1508.3,3653.9,7603.6,4615.7,1798.9,232.3
2026-08-26 15:15:00,707.2,475.7,855.1,468.6,785.9,543.3,64.9,31.9,154.4,125.0,267.0,1797.0,4409.5,4112.3,1302.7,1754.8,39.8,158.2,1358.3,1109.0,407.8,515.2,5252.4,4557.3,2763.0,766.5,3559.6,1915.7,2969.5,2610.9,1804.6,2794.1,1048.5,2753.9,1027.4,2980.1,1515.5,3656.6,7630.5,4619.6,1804.8,229.7
2026-08-26 15:30:00,704.4,467.4,652.3,427.2,781.6,522.4,64.7,31.7,163.4,93.2,262.7,1775.7,4351.1,4186.5,1346.1,1747.3,39.6,155.8,1361.0,1108.8,408.6,517.8,5270.5,4553.2,2776.8,831.1,3577.8,2135.2,2968.3,2611.3,1804.9,2792.1,1050.4,2801.5,1028.7,2980.2,1522.8,3657.6,7670.0,4600.8,1811.6,223.6
2026-08-26 15:45:00,706.8,447.6,675.0,382.1,778.3,492.1,64.0,43.5,164.7,114.0,257.6,1781.2,4327.8,4194.9,1384.4,1722.3,39.5,155.3,1371.1,1300.0,409.7,522.6,5261.9,4546.7,2791.8,859.1,3584.9,2213.6,2973.6,2610.0,1808.0,2793.3,1051.8,2801.8,1031.0,2980.2,1530.1,3673.2,7707.2,4653.9,1826.7,221.8
2026-08-26 16:00:00,722.9,481.4,653.5,333.2,775.1,597.1,120.7,92.3,206.5,82.9,287.1,1726.4,4435.3,4131.1,1114.9,1718.9,268.0,90.7,1422.8,1202.3,411.8,531.4,5311.8,4625.4,2826.3,864.8,3618.4,2158.7,2972.3,2563.7,1823.1,2631.3,1055.4,3186.1,1035.3,3264.6,1527.3,4038.4,7758.9,4663.7,1834.1,210.4
2026-08-26 16:15:00,737.0,463.0,686.4,300.3,777.9,563.0,106.6,91.7,210.3,96.4,246.5,1727.2,4310.0,4137.2,1159.4,1678.7,247.4,90.3,1286.3,1223.0,406.7,529.2,5323.1,4613.5,2837.5,905.2,3623.0,2303.5,2971.1,2563.1,1823.9,2628.5,1059.0,3206.6,1039.0,3265.4,1539.6,4055.3,7808.5,4746.8,1861.1,208.1
2026-08-26 16:30:00,749.0,441.0,749.0,276.0,779.5,523.8,106.3,90.8,215.9,85.8,255.6,1706.6,4106.2,4229.7,1228.7,1634.3,246.8,91.9,1302.6,1372.1,409.7,528.2,5340.2,4615.7,2845.2,959.5,3573.5,2587.1,2968.4,2560.9,1819.5,2630.2,1059.4,3179.3,1040.9,3266.1,1554.7,4058.4,7867.4,4793.7,1894.5,200.3
2026-08-26 16:45:00,761.1,419.2,811.3,243.6,781.7,498.3,106.1,90.2,220.8,87.3,242.6,1700.4,4024.7,4252.0,1308.0,1637.2,246.3,93.8,1316.2,1724.5,413.2,564.9,5348.4,4632.6,2851.7,990.2,3572.4,2901.4,2967.4,2538.3,1826.4,2638.8,1057.8,3174.5,1048.1,3267.9,1572.6,4061.4,7945.3,4788.3,1922.4,194.2
2026-08-26 17:00:00,787.6,443.5,872.8,257.0,780.4,597.6,86.3,76.4,229.0,61.9,266.5,1660.9,4661.9,4198.8,1403.4,1518.3,52.0,56.8,1477.9,1361.3,450.6,545.9,5423.0,4787.3,2844.9,1024.9,3493.2,2928.6,2951.2,2494.4,1812.0,2573.4,1056.5,3331.1,1051.2,3591.8,1581.3,4191.3,8063.6,4839.6,1964.5,238.1
2026-08-26 17:15:00,802.5,422.7,959.3,248.8,783.6,554.1,89.3,75.6,231.3,52.9,249.5,1643.5,4930.7,4171.1,1494.8,1696.3,71.2,65.3,1306.9,1653.0,440.8,851.8,5393.8,4781.4,2843.5,1026.6,3489.4,3668.9,2949.1,2470.2,1807.8,2566.8,1049.6,3290.1,1055.4,3593.6,1594.6,4198.1,8133.6,4843.3,1988.6,228.2
2026-08-26 17:30:00,812.4,420.1,1039.8,442.5,785.2,504.1,89.9,74.7,243.6,46.3,258.5,1637.7,4930.6,4188.8,1526.2,2001.5,50.5,67.4,1316.2,1682.5,445.7,860.5,5396.9,4860.3,2832.3,1119.5,3496.3,4729.1,2943.7,2470.5,1806.9,2570.2,1037.2,3271.2,1053.2,3595.0,1592.7,4203.4,8202.7,4838.5,2016.2,219.1
2026-08-26 17:45:00,819.6,383.6,1110.1,435.9,790.4,468.2,90.4,74.2,261.8,40.5,262.1,1617.0,4281.7,4178.0,1583.7,2174.0,49.7,88.0,1328.8,1847.0,450.5,884.6,5414.4,4851.2,2832.4,1119.6,3561.2,5528.4,2942.9,2479.2,1807.2,2571.4,1041.6,3227.4,1055.1,3597.6,1597.4,4208.5,8271.8,4836.9,2038.9,209.9
2026-08-26 18:00:00,827.5,416.8,1172.8,432.5,796.1,614.2,115.2,88.6,269.4,38.6,292.4,1534.9,4525.9,3925.8,1624.2,2064.3,191.9,37.6,1404.7,1908.5,478.0,819.9,5493.0,4868.2,2821.0,1210.9,3585.3,5289.3,2962.9,2490.0,1811.5,2555.1,1051.1,3198.5,1046.0,3627.2,1592.7,4305.5,8293.4,4872.6,2046.9,238.4
2026-08-26 18:15:00,841.4,405.5,1222.9,639.8,804.7,575.6,115.7,83.0,281.3,32.3,269.7,1513.4,4348.7,4049.7,1669.2,2021.1,183.4,37.6,1265.6,2046.8,485.1,824.5,5505.9,4894.5,2815.5,1218.0,3592.0,5902.7,2937.0,2490.9,1804.6,2548.1,1049.3,3130.1,1043.0,3630.1,1583.4,4321.8,8329.4,4864.3,2068.7,231.4
2026-08-26 18:30:00,844.9,407.4,1256.5,682.0,806.8,559.0,116.2,77.7,303.4,26.4,280.9,1533.1,3646.4,3817.7,1610.8,1866.5,171.3,37.7,1269.8,2069.1,487.7,841.1,5505.8,4909.3,2819.7,1242.4,3614.2,6585.7,2931.9,2500.5,1802.7,2541.6,1055.3,3070.2,1040.1,3632.9,1582.3,4339.0,8349.0,4878.4,2086.8,224.4
2026-08-26 18:45:00,854.9,407.7,1283.6,705.4,814.1,556.9,117.9,78.1,326.5,100.9,286.2,1530.4,3618.7,4349.5,1520.0,1766.4,193.0,39.5,1279.2,2249.9,493.1,885.4,5494.7,4908.4,2818.0,1272.9,3621.9,6782.8,2930.1,2501.6,1800.6,2532.7,1063.0,3053.6,1032.9,3635.3,1581.9,4357.8,8334.5,4904.8,2081.4,225.5
2026-08-26 19:00:00,861.3,413.2,1296.2,735.3,823.1,589.7,99.4,75.0,368.5,20.2,325.7,1496.3,3716.4,4141.5,1493.8,1607.6,88.0,48.1,1329.3,1750.8,521.4,875.2,5525.7,4905.8,2814.8,1255.2,3696.4,7069.1,2929.9,2490.5,1810.1,2580.9,1062.5,3208.3,1037.0,3619.9,1573.1,4362.6,8401.5,4991.2,2111.9,232.8
2026-08-26 19:15:00,868.5,398.4,1307.4,751.7,828.0,583.7,100.8,74.8,377.3,90.4,313.0,1488.7,3664.1,4399.5,1739.7,1780.2,84.7,31.7,1329.6,1749.3,525.8,898.2,5515.0,4933.7,2820.7,1268.8,3707.3,7192.2,2953.2,2480.6,1809.2,2569.3,1062.4,3177.4,1032.3,3624.3,1570.0,4399.5,8378.3,5071.1,2105.1,287.4
2026-08-26 19:30:00,888.8,391.6,1311.7,769.2,830.7,581.5,101.6,76.9,379.9,85.6,305.6,1488.1,3654.9,4692.9,1725.5,1713.8,91.5,31.6,1301.8,1754.9,527.4,913.7,5488.3,4936.8,2814.9,1271.4,3719.3,7250.3,2926.2,2482.7,1816.3,2567.1,1063.0,3104.3,1026.9,3628.6,1575.3,4434.6,8374.2,5087.3,2098.6,287.1
2026-08-26 19:45:00,894.1,313.5,1317.5,787.4,829.2,581.6,101.9,74.6,390.2,81.4,302.5,1473.8,3630.9,4862.3,1752.0,1720.5,90.8,31.6,1300.0,1784.7,533.2,933.4,5448.0,4985.8,2814.4,1271.7,3719.6,7259.9,2930.9,2493.1,1809.9,2563.4,1065.5,3098.1,1021.2,3632.1,1572.9,4471.1,8355.6,5066.3,2104.3,300.4
2026-08-26 20:00:00,879.2,411.9,1332.6,799.7,829.2,585.8,92.1,33.1,401.3,83.4,253.4,1562.6,3617.0,4781.9,1639.7,1745.5,180.2,19.1,1291.6,1847.6,524.8,921.8,5382.9,4918.1,2823.9,1280.3,3730.6,7242.5,2923.9,2504.7,1820.7,2629.0,1072.8,3134.0,1012.6,3467.5,1553.0,4448.0,8357.3,5038.8,2122.8,240.7
2026-08-26 20:15:00,880.7,392.7,1330.9,789.8,823.9,579.7,92.9,31.6,393.6,78.9,274.1,1558.8,3582.8,4455.8,1683.6,1735.0,180.1,18.8,1284.1,1848.8,533.9,927.3,5350.5,4870.5,2828.4,1241.8,3726.0,7172.4,2949.1,2504.2,1817.5,2621.8,1072.8,3126.5,1009.6,3473.2,1556.8,4489.2,8340.6,4983.7,2097.8,267.5
2026-08-26 20:30:00,878.8,296.3,1314.3,789.6,822.5,579.0,92.2,31.8,393.9,77.3,246.6,1545.8,3583.6,4406.5,1708.0,1726.3,180.1,18.6,1281.6,1863.6,546.4,937.2,5340.7,4882.6,2826.7,1237.7,3733.9,7074.1,2922.5,2504.7,1822.6,2615.3,1075.7,3111.7,1000.2,3479.1,1555.1,4531.1,8353.5,4988.8,2110.6,243.1
2026-08-26 20:45:00,875.1,292.6,1288.9,754.5,811.4,570.3,90.8,30.5,396.2,73.7,224.4,1547.9,3549.6,4322.6,1709.5,1711.1,182.1,18.3,1276.6,1908.4,540.7,966.3,5331.4,4893.3,2832.7,1234.2,3739.3,6783.4,2921.1,2517.2,1816.6,2600.2,1076.2,3124.7,996.9,3485.7,1555.3,4533.4,8334.5,4980.7,2101.6,241.5
2026-08-26 21:00:00,863.1,318.1,1230.0,750.4,792.6,478.2,74.0,86.4,416.6,84.6,236.1,1520.0,3562.3,4923.1,1678.1,1731.9,123.2,40.7,1453.5,1894.4,515.1,979.3,5290.3,4906.1,2824.4,1164.7,3789.2,7113.8,2943.5,2509.5,1824.1,2761.4,1078.4,3228.4,992.8,3541.1,1486.1,4393.5,8261.0,5003.8,2084.8,217.2
2026-08-26 21:15:00,855.3,310.3,1198.6,551.2,781.7,474.3,71.3,86.3,415.0,27.7,223.2,1522.3,3548.4,4705.9,1669.8,1716.8,122.8,40.6,1300.5,1897.2,515.2,975.8,5317.3,4903.9,2818.1,1151.3,3779.4,6857.0,2942.7,2510.3,1824.7,2758.1,1077.0,3210.7,990.3,3551.8,1483.1,4426.1,8207.4,4998.0,2058.2,216.5
2026-08-26 21:30:00,846.3,302.0,1163.3,561.5,771.8,474.5,73.0,88.8,427.7,20.0,197.1,1540.0,3858.2,4876.0,1698.3,1732.9,109.5,40.6,1294.3,1903.3,511.6,982.0,5335.2,4899.4,2801.8,1069.2,3778.6,6113.8,2929.7,2522.6,1826.1,2743.6,1078.6,3237.8,988.4,3563.3,1477.9,4450.3,8130.4,5005.9,2048.5,216.5
2026-08-26 21:45:00,830.8,297.9,1131.8,565.8,755.2,469.3,73.2,86.3,419.9,20.0,191.4,1543.5,4175.9,4861.8,1684.0,1749.4,112.2,40.6,1297.7,2057.0,520.0,988.4,5342.4,4902.2,2788.8,1068.9,3765.6,5291.9,2911.6,2548.0,1827.9,2745.6,1068.4,3249.6,984.0,3577.2,1469.9,4455.7,8069.1,5000.7,2027.3,216.2
2026-08-26 22:00:00,802.1,304.1,1088.9,370.4,721.0,323.6,89.0,69.3,399.5,5.6,216.8,1495.0,4113.8,5225.8,1654.0,1742.5,210.9,0.1,1261.9,1918.7,471.2,997.1,5166.4,4889.4,2736.1,1123.6,3665.2,5263.2,2922.0,2512.1,1808.5,2814.5,1078.6,3285.2,966.7,3300.3,1453.8,4342.1,7892.3,4920.6,1982.0,203.3
2026-08-26 22:15:00,784.6,303.3,1060.4,367.5,702.3,321.4,91.1,69.3,392.4,5.6,201.1,1504.7,4116.1,5139.6,1625.1,1752.1,193.8,0.1,1255.5,1906.6,472.6,983.9,5138.3,4832.9,2705.0,1107.3,3635.8,4828.6,2915.4,2525.7,1808.3,2807.4,1071.7,3251.8,963.6,3315.1,1439.3,4359.7,7807.1,4923.6,1949.9,200.0
2026-08-26 22:30:00,774.8,297.8,1037.1,361.8,684.7,319.4,92.5,71.8,384.1,5.6,199.5,1496.5,4163.8,5118.1,1634.3,1762.0,207.2,0.2,1250.2,1920.7,468.1,986.4,5132.5,4848.6,2665.7,1094.3,3617.8,4705.5,2880.7,2538.4,1798.5,2790.8,1064.7,3196.2,956.9,3330.2,1429.5,4319.7,7707.8,4915.7,1934.0,200.3
2026-08-26 22:45:00,761.3,297.3,1014.3,354.7,671.9,313.7,94.1,71.8,381.5,5.6,195.8,1497.4,4245.9,4994.4,1608.3,1776.0,179.1,0.3,1254.1,1831.7,472.2,986.9,5095.2,4799.9,2630.2,1031.4,3590.1,4188.3,2875.7,2542.6,1796.7,2761.4,1057.3,3217.9,950.9,3345.9,1411.9,4305.9,7622.6,4846.1,1902.9,204.7
2026-08-26 23:00:00,726.0,328.8,987.6,316.6,653.5,205.0,41.3,39.3,360.8,8.5,184.1,1519.0,4029.6,5317.9,1573.5,1808.6,152.7,43.8,1202.4,1770.6,442.2,975.4,4924.3,4747.9,2548.5,1077.8,3507.9,4071.8,2843.5,2566.9,1764.5,2745.3,1033.7,3191.9,941.1,3086.9,1390.1,4178.6,7509.8,4924.4,1861.0,186.3
2026-08-26 23:15:00,717.2,304.7,973.2,301.2,635.6,202.4,42.7,39.3,360.6,8.5,170.8,1520.6,4036.3,5304.5,1538.0,1808.5,152.0,43.8,1199.1,1668.9,438.2,972.5,4891.5,4731.9,2497.1,1066.7,3480.3,3497.2,2832.6,2570.7,1755.1,2716.7,1022.1,3197.5,935.3,3101.3,1373.5,4181.8,7428.6,4925.1,1828.8,190.4
2026-08-26 23:30:00,708.6,301.4,958.9,296.3,623.2,200.0,40.9,39.3,350.4,8.5,184.7,1521.9,4048.6,5380.7,1523.6,1825.2,169.9,43.8,1195.7,1672.1,441.7,960.7,4870.7,4713.6,2456.5,1009.9,3463.1,3409.4,2821.0,2581.5,1750.9,2642.6,1015.5,3159.1,929.0,3113.1,1356.3,4203.6,7340.0,4906.5,1807.0,186.1
2026-08-26 23:45:00,703.1,294.7,944.3,285.8,620.1,199.5,42.4,39.3,344.2,8.5,171.5,1535.8,4088.4,5201.2,1520.4,1831.1,165.9,43.8,1200.7,1676.4,448.2,650.4,4839.1,4672.4,2415.2,932.9,3433.6,3056.9,2810.1,2591.5,1746.4,2602.2,1012.8,3161.7,923.2,3122.2,1341.8,4224.1,7196.1,4831.3,1769.5,188.2
2026-08-27 00:00:00,694.5,243.4,936.9,342.8,619.9,34.3,2.1,58.7,269.1,17.8,304.5,1551.9,3580.9,4647.1,709.0,1289.8,132.7,50.4,1284.0,1677.4,450.2,1000.7,4841.9,4531.3,2322.3,1062.7,3418.4,3115.5,2765.3,2465.0,1708.4,2658.2,967.1,3784.2,963.6,3455.7,1400.7,4275.5,7165.1,4678.0,1753.5,153.4
2026-08-27 00:15:00,696.6,243.8,929.1,337.9,611.7,33.0,2.1,58.6,265.0,17.8,278.3,1553.7,3544.6,4557.8,680.2,1278.9,151.5,50.4,1294.2,1673.8,456.1,992.6,4839.3,4498.2,2292.6,1062.6,3413.2,2932.1,2759.2,2466.5,1705.9,2635.5,960.2,3776.2,956.3,3461.6,1392.7,4286.3,7110.1,4645.2,1736.2,153.9
2026-08-27 00:30:00,695.9,244.6,923.2,333.8,602.9,31.1,2.1,58.6,252.8,17.8,253.1,1557.2,3534.7,4535.2,916.3,1278.9,151.7,50.4,1301.0,1680.6,457.6,696.3,4826.7,4469.0,2252.7,986.2,3395.5,2786.1,2749.1,2464.7,1703.3,2632.5,958.7,3776.4,952.2,3467.4,1385.0,4292.9,7072.2,4620.6,1739.4,150.7
2026-08-27 00:45:00,687.3,245.2,920.3,316.9,591.5,29.1,2.0,58.7,252.2,17.8,240.3,1578.3,3528.4,4573.0,1279.2,1284.1,145.2,50.4,1344.7,1680.3,462.5,688.1,4836.4,4463.6,2216.1,986.1,3377.6,2683.0,2739.3,2467.5,1702.7,2604.4,957.9,3659.5,947.4,3473.8,1376.6,4295.8,7025.6,4585.2,1726.3,146.3
2026-08-27 01:00:00,689.5,245.9,967.7,305.7,590.7,27.6,10.4,59.4,279.4,23.2,213.9,1572.0,3871.1,4628.8,1441.0,1291.4,38.4,48.5,1234.4,1753.9,454.1,950.1,4862.7,4451.2,2150.6,957.0,3363.9,2979.9,2714.4,2505.3,1673.1,2612.7,937.9,3655.6,940.2,3469.3,1295.2,4249.0,6916.0,4569.2,1701.7,146.3
2026-08-27 01:15:00,689.1,243.4,962.4,300.2,586.3,26.4,6.7,59.4,275.7,21.9,208.4,1573.0,3873.2,4507.0,1415.2,1287.8,39.8,48.5,1281.7,1642.2,454.5,748.2,4857.9,4420.4,2127.0,958.5,3296.4,2708.0,2708.9,2503.2,1671.0,2604.5,938.4,3640.2,935.8,3472.1,1288.7,4246.0,6888.9,4544.0,1690.1,142.6
2026-08-27 01:30:00,686.3,247.7,957.0,296.4,576.5,24.9,6.8,59.3,282.8,22.5,210.5,1574.0,3916.4,4513.4,1391.4,1293.8,30.6,57.9,1305.5,1753.2,455.1,739.9,4858.0,4403.9,2109.1,958.4,3282.4,2565.5,2706.6,2504.1,1667.4,2594.6,946.7,3631.0,932.5,3474.0,1283.0,4245.8,6872.4,4521.7,1680.8,143.5
2026-08-27 01:45:00,681.6,248.3,954.7,294.0,587.9,23.9,8.7,59.4,281.4,21.1,187.4,1574.7,3891.7,4470.5,1388.2,1288.9,32.4,56.6,1330.8,1655.5,463.1,731.8,4860.0,4389.2,2089.3,856.6,3272.0,2456.2,2701.4,2509.1,1671.5,2577.4,942.0,3616.6,926.6,3473.5,1276.4,4247.0,6844.8,4503.8,1673.8,143.7
2026-08-27 02:00:00,694.9,245.6,972.7,290.2,610.1,23.0,19.6,61.1,304.5,10.9,222.0,1581.1,4002.7,4574.6,1384.1,1282.9,128.8,17.1,1341.5,1747.6,457.1,736.7,4844.5,4387.5,2055.6,951.9,3272.0,2495.9,2686.6,2505.8,1655.3,2560.0,917.0,3468.5,927.8,3537.7,1267.7,4264.2,6943.1,4589.0,1656.5,174.5
2026-08-27 02:15:00,678.1,250.0,971.0,285.3,603.8,22.0,21.0,61.0,287.7,10.9,201.1,1582.1,4065.3,4538.8,1380.9,1282.0,142.8,10.2,1396.5,1747.5,457.1,731.5,4842.2,4373.6,2039.9,888.2,3261.8,2414.8,2683.3,2510.9,1654.1,2551.6,913.1,3429.3,925.1,3535.6,1262.8,4260.1,6921.3,4583.3,1654.3,170.1
2026-08-27 02:30:00,677.2,249.5,969.4,281.0,602.3,21.9,22.1,61.1,297.3,10.9,206.6,1585.8,4064.5,4500.9,1367.5,1282.5,143.9,10.2,1394.4,1678.6,454.8,726.0,4834.5,4358.5,2031.8,850.6,3256.2,2392.9,2680.7,2512.4,1653.6,2558.2,929.3,3490.6,920.4,3532.6,1259.1,4253.4,6916.7,4578.9,1647.1,171.3
2026-08-27 02:45:00,673.9,249.1,973.2,274.4,602.3,21.9,22.3,61.0,300.1,10.9,185.1,1585.7,4015.6,4373.7,1358.0,1282.2,145.1,10.2,1391.4,1571.9,452.4,720.8,4841.6,4344.7,2025.2,851.6,3270.8,2358.9,2681.6,2514.0,1652.0,2559.2,924.9,3536.0,921.3,3530.1,1256.2,4246.7,6907.5,4574.8,1643.6,172.7
2026-08-27 03:00:00,680.0,252.3,974.0,282.4,603.8,111.9,24.7,62.0,304.5,4.0,252.3,1593.9,4047.3,4395.1,1354.4,1273.7,78.8,12.2,1363.6,1874.0,441.2,714.2,4791.1,4291.6,2016.3,941.8,3135.8,2371.5,2668.3,2514.7,1646.4,2605.9,923.6,3454.0,926.6,3572.9,1258.5,4226.5,6911.9,4578.4,1633.9,150.9
2026-08-27 03:15:00,682.5,252.8,979.8,274.2,607.5,111.9,24.6,67.1,290.1,4.0,245.6,1593.3,4049.8,4368.8,1346.4,1267.2,127.3,10.2,1360.2,1829.5,437.6,708.8,4805.2,4285.7,2006.4,858.3,3133.0,2352.7,2668.8,2517.3,1649.9,2616.7,920.4,3489.4,923.2,3569.1,1255.7,4218.1,6909.0,4566.3,1630.6,152.2
2026-08-27 03:30:00,661.6,253.8,982.2,266.1,610.4,111.9,24.2,62.1,296.6,4.0,257.5,1592.0,4105.1,4358.3,1339.9,1263.9,127.7,10.2,1356.8,1904.5,434.4,699.8,4751.9,4273.4,2005.0,858.4,3129.8,2363.4,2664.3,2516.9,1645.2,2642.7,919.5,3438.7,922.7,3564.5,1255.4,4205.3,6920.0,4562.5,1628.1,160.0
2026-08-27 03:45:00,659.4,254.4,988.0,258.4,609.5,111.9,23.2,62.1,302.8,4.0,256.7,1588.2,4072.0,4383.7,1344.2,1261.7,128.1,10.2,1353.0,1782.5,431.1,694.5,4769.8,4257.4,2002.4,858.3,3128.9,2361.9,2666.3,2516.3,1643.3,2663.3,915.8,3470.0,923.3,3559.1,1254.8,4197.4,6901.2,4558.2,1623.4,156.5
2026-08-27 04:00:00,682.3,255.9,913.1,251.6,592.9,111.8,22.9,32.7,306.1,6.0,179.6,1578.3,3817.4,4494.3,1338.7,1249.1,126.6,10.1,1209.8,1839.9,426.2,612.6,4763.2,4252.4,1996.8,946.5,3128.6,2352.0,2660.5,2501.2,1639.1,2600.0,915.6,3423.8,924.7,3590.4,1276.1,4198.2,6799.5,4487.2,1621.2,162.3
2026-08-27 04:15:00,687.9,256.8,931.3,246.2,600.7,111.9,22.0,30.4,306.9,6.0,184.6,1573.7,3771.4,4345.5,1332.5,1243.5,126.8,10.1,1204.8,2047.3,424.4,612.2,4785.8,4249.8,2002.6,952.9,3131.7,2368.8,2662.1,2501.5,1638.5,2628.6,916.2,3497.9,926.5,3585.6,1281.8,4186.0,6799.8,4499.5,1622.1,165.1
2026-08-27 04:30:00,695.3,256.6,957.2,242.0,609.8,112.0,20.6,30.3,300.5,6.1,201.3,1571.7,3752.1,4496.1,1280.3,1240.5,126.7,10.1,1185.0,2064.0,420.9,611.6,4805.3,4241.9,1999.3,952.8,3130.0,2429.3,2663.1,2496.7,1638.3,2669.2,914.1,3511.9,928.6,3580.3,1291.3,4171.7,6810.7,4499.6,1627.2,173.4
2026-08-27 04:45:00,700.2,256.3,978.6,238.5,617.2,112.0,20.4,32.7,307.0,6.0,200.3,1567.5,3767.5,4508.3,1283.7,1239.8,126.4,10.2,1102.2,2240.8,417.5,611.7,4815.2,4232.1,2006.0,961.4,3131.4,2528.1,2666.7,2495.5,1638.9,2667.7,897.3,3510.5,931.7,3575.7,1299.9,4159.2,6833.3,4528.4,1637.5,176.0
2026-08-27 05:00:00,734.0,293.2,1046.8,293.0,635.5,313.6,14.2,43.8,303.3,14.3,196.2,1544.4,3941.7,4524.7,1269.4,1235.6,149.3,0.5,1301.5,2174.0,429.4,573.7,5130.2,4241.0,2034.9,1013.2,3190.2,2601.6,2668.2,2493.8,1646.9,2616.5,924.2,3571.4,940.5,3606.3,1382.4,4398.9,6895.6,4611.3,1648.7,204.0
2026-08-27 05:15:00,738.7,311.0,1071.3,293.8,648.2,328.4,15.6,43.8,312.7,14.3,204.4,1539.7,3742.4,4541.7,1282.1,1330.4,118.3,0.4,1108.6,2191.5,429.8,576.2,5187.0,4246.1,2066.6,1013.2,3203.6,2567.2,2675.0,2491.3,1650.7,2684.7,913.1,3609.3,947.2,3601.5,1397.3,4386.9,6963.6,4689.7,1676.5,219.1
2026-08-27 05:30:00,736.3,316.7,1101.3,301.1,651.5,346.3,13.2,43.7,326.5,14.3,210.7,1534.7,3555.1,4593.1,1250.3,1483.1,110.3,0.4,1114.1,2211.7,426.3,789.4,5227.5,4252.5,2092.3,1096.1,3274.3,2891.1,2681.6,2475.4,1652.0,2690.1,909.2,3621.0,952.7,3597.3,1411.6,4378.6,7062.8,4778.1,1699.0,223.9
2026-08-27 05:45:00,735.8,344.7,1119.6,329.1,647.6,358.8,10.3,43.7,340.2,17.0,197.7,1530.3,3560.6,4626.9,1264.7,1640.8,108.7,0.5,1121.4,2378.4,428.4,885.2,5284.1,4264.8,2132.1,1155.8,3288.8,3142.8,2717.3,2424.9,1656.0,2695.7,918.0,3688.8,954.5,3592.5,1420.4,4386.8,7128.0,4780.6,1731.3,224.5
2026-08-27 06:00:00,774.4,407.2,1127.7,555.5,673.4,454.7,7.4,110.9,368.7,19.9,394.5,1494.1,3782.1,4714.7,1377.1,1692.7,124.5,37.5,1208.9,2315.1,448.4,880.5,5518.2,4508.3,2253.3,1235.2,3332.1,3579.5,2740.6,2406.6,1706.7,2694.0,951.0,3720.8,975.1,3595.1,1367.0,4428.8,7385.6,4832.6,1821.3,234.3
2026-08-27 06:15:00,774.5,464.2,1129.7,569.8,690.4,484.0,6.1,112.3,380.0,19.9,400.6,1491.1,3848.2,4883.4,1405.2,1687.1,120.6,37.6,1194.6,2324.0,450.7,878.9,5505.0,4523.1,2318.3,1301.6,3359.5,3910.5,2765.6,2390.9,1708.0,2723.8,966.6,3806.1,983.6,3591.3,1381.6,4422.0,7522.4,4829.5,1864.5,235.5
2026-08-27 06:30:00,767.2,480.8,1115.1,580.3,704.6,524.0,10.3,114.2,383.2,19.9,416.1,1486.5,3589.5,5059.3,1387.2,1676.1,116.8,37.6,1203.4,2339.0,454.8,878.3,5534.8,4531.1,2377.0,1307.7,3393.4,3995.6,2784.5,2392.7,1716.7,2729.3,987.9,3852.5,991.8,3589.9,1402.5,4428.2,7671.8,4833.5,1902.7,231.7
2026-08-27 06:45:00,752.5,509.8,1084.6,591.7,719.9,570.2,9.7,114.9,407.0,19.9,419.7,1483.1,3395.2,5278.1,1401.3,1688.0,114.9,37.7,1210.3,2389.3,458.2,878.6,5556.0,4589.9,2449.1,1307.9,3416.5,3953.7,2809.1,2349.3,1723.3,2737.5,1001.5,3958.7,998.1,3590.4,1422.1,4418.4,7793.9,4848.9,1942.0,242.5
2026-08-27 07:00:00,786.9,464.2,1049.2,594.3,744.2,641.7,8.8,105.5,428.9,17.3,400.8,1464.1,3515.6,5220.9,1423.4,1719.5,0.0,62.0,1298.5,2749.4,463.1,870.6,5544.5,4733.3,2629.9,1322.8,3383.1,4323.5,2895.2,2368.9,1758.9,2588.2,1047.3,4063.2,1009.1,3095.2,1529.9,4706.5,8047.2,4994.8,2012.5,307.6
2026-08-27 07:15:00,781.8,493.2,996.7,597.1,761.1,695.8,14.2,105.3,441.8,17.5,408.6,1468.1,3602.0,5100.9,1432.0,1729.8,0.0,86.5,1302.9,2635.1,460.4,869.9,5563.5,4739.4,2681.3,1323.4,3399.9,4432.4,2893.8,2386.0,1764.9,2595.9,1064.3,4080.0,1013.8,3092.4,1550.1,4694.9,8117.1,5016.6,2044.3,308.9
2026-08-27 07:30:00,769.2,528.0,928.2,600.1,771.5,754.2,15.4,105.9,461.0,14.5,423.8,1467.0,3611.8,5077.5,1443.1,1747.7,0.0,87.5,1302.5,2669.6,454.6,874.1,5569.9,4744.3,2708.1,1323.9,3412.1,4691.1,2904.7,2390.1,1771.2,2607.4,1072.6,4061.2,1019.1,3085.0,1566.2,4682.6,8143.8,5029.9,2053.6,258.1
2026-08-27 07:45:00,754.4,561.8,871.3,616.4,777.8,824.2,15.8,107.5,464.7,14.7,438.7,1471.4,3682.9,5056.2,1446.2,1744.8,0.0,155.8,1473.6,2681.0,449.8,861.4,5583.1,4746.3,2745.2,1327.4,3409.4,4323.9,2922.3,2402.5,1781.9,2626.3,1079.3,4099.2,1028.1,3071.5,1580.3,4672.1,8184.2,4990.8,2070.5,263.7
2026-08-27 08:00:00,740.8,568.4,808.0,541.2,789.8,662.6,19.1,63.7,462.2,30.0,534.2,1420.4,3779.5,5295.7,1778.5,1756.0,0.0,204.7,1456.6,2434.9,479.1,861.5,5568.6,4736.5,2800.2,1345.5,3410.3,4380.6,2954.6,2396.4,1813.9,2573.8,1075.2,3916.1,1029.5,3064.8,1572.0,4629.8,8166.8,5115.6,2073.6,342.5
2026-08-27 08:15:00,730.4,588.8,735.7,549.6,793.3,727.5,19.7,65.4,460.3,31.6,538.4,1429.6,4330.4,5095.1,1754.7,1772.1,0.0,245.7,1446.2,2301.1,454.1,845.8,5584.0,4735.0,2810.3,1346.2,3408.7,3945.0,2959.4,2389.5,1815.9,2587.4,1077.8,3834.1,1033.4,3052.1,1575.7,4601.0,8137.6,5074.6,2070.1,288.8
2026-08-27 08:30:00,715.0,618.2,672.2,576.3,794.6,789.2,20.4,66.3,454.2,33.8,544.1,1439.7,4471.5,4711.2,1724.7,1766.0,16.7,230.4,1430.9,2130.8,447.4,814.9,5588.0,4727.2,2810.6,1284.1,3401.0,3506.9,2961.0,2341.4,1817.9,2599.6,1079.9,3467.6,1035.1,3040.1,1574.5,4569.3,8101.9,5050.5,2056.2,296.2
2026-08-27 08:45:00,698.1,645.9,617.9,614.9,790.5,841.8,20.3,67.1,439.8,36.5,554.8,1449.7,4500.9,4580.3,1734.5,1689.1,18.0,220.9,1657.9,1864.7,472.0,523.1,5609.3,4668.1,2817.2,1210.2,3362.8,2896.5,2967.1,2389.0,1818.4,2608.1,1083.2,3255.1,1036.5,3028.8,1570.1,4539.3,8071.1,4995.5,2036.3,305.3
2026-08-27 09:00:00,691.4,644.6,631.9,465.6,777.0,748.6,65.9,41.0,423.1,32.8,362.6,1460.8,4445.0,4815.2,1789.6,1539.7,0.0,422.1,1589.2,2075.1,490.0,825.7,5558.0,4522.7,2830.1,1169.9,3477.2,2781.1,2970.3,2292.4,1811.5,2560.9,1069.1,3197.6,1047.2,2978.4,1581.2,4264.5,7977.8,4940.9,1964.2,279.3
2026-08-27 09:15:00,678.4,667.7,594.4,507.3,777.0,792.9,66.2,41.8,398.7,24.0,364.1,1463.6,4719.4,4808.6,1769.9,1541.1,0.0,390.5,1670.6,1832.2,506.5,544.5,5561.9,4528.1,2824.9,995.3,3539.6,2336.5,2951.7,2339.7,1819.4,2574.3,1068.5,3077.4,1048.6,2974.8,1574.4,4249.8,7950.0,4915.3,1931.8,288.0
2026-08-27 09:30:00,673.2,685.8,565.6,557.6,777.3,836.7,65.1,42.4,380.8,25.7,378.8,1454.4,5351.0,4769.7,1759.2,1585.5,0.0,393.8,1668.7,1855.9,503.2,554.9,5560.3,4527.7,2824.7,866.6,3598.7,2060.9,2951.1,2354.8,1813.3,2572.8,1081.0,2931.8,1046.0,2975.6,1565.2,4224.9,7903.2,4897.0,1901.9,300.8
2026-08-27 09:45:00,659.4,697.3,532.5,603.7,772.1,869.2,66.1,43.1,364.5,30.1,384.5,1483.0,5679.0,4784.2,1724.6,1620.8,0.0,384.2,1841.7,1883.8,517.1,551.9,5574.6,4536.3,2821.4,865.8,3602.7,1894.2,2955.3,2354.6,1814.9,2478.4,1079.4,2595.8,1042.3,2980.3,1557.9,4213.8,7874.0,4820.2,1884.6,313.4
2026-08-27 10:00:00,664.9,720.1,562.2,614.6,795.3,905.9,68.6,18.4,366.9,55.9,594.2,1532.3,5460.9,5585.0,1752.1,1691.3,75.3,423.4,1638.2,2017.4,482.1,563.9,5566.6,4425.1,2812.6,891.7,3616.1,1827.2,2959.8,2383.9,1811.7,2387.1,1061.9,2510.3,1033.4,3018.1,1464.8,3791.7,7817.6,4689.4,1851.3,272.0
2026-08-27 10:15:00,665.2,731.1,537.4,635.1,790.4,925.3,72.9,18.5,335.9,67.0,597.9,1548.8,5420.6,5132.4,1700.1,1709.8,75.5,388.2,1695.2,1861.6,477.0,576.1,5557.0,4429.5,2805.0,892.2,3613.8,1701.8,2961.7,2381.1,1816.8,2262.9,1066.0,2446.8,1029.3,3024.3,1453.2,3797.0,7772.5,4712.3,1829.1,279.8
2026-08-27 10:30:00,662.5,737.8,749.9,644.7,796.6,939.8,73.2,18.9,312.0,80.1,600.6,1566.9,5556.0,5109.6,1701.4,1744.3,75.7,242.3,1703.8,1791.3,486.1,578.7,5541.4,4438.7,2805.7,892.7,3622.0,1571.0,2956.9,2373.4,1809.3,2041.4,1060.1,2266.9,1032.9,3027.0,1441.5,3802.7,7723.0,4733.2,1808.8,288.4
2026-08-27 10:45:00,652.2,733.0,729.4,653.1,794.7,943.8,77.3,19.1,289.1,68.7,615.2,1574.7,5794.7,5127.6,1661.8,1757.9,76.0,262.7,1892.3,1814.2,485.1,595.8,5542.8,4427.9,2805.5,742.2,3627.0,1555.0,2957.8,2370.4,1805.7,1840.6,1071.4,2122.7,1032.2,3025.7,1431.1,3807.1,7704.4,4745.6,1786.4,296.8
2026-08-27 11:00:00,670.0,743.7,726.8,661.9,786.4,942.0,112.0,21.9,211.3,60.9,430.0,1604.6,5542.6,5393.3,1764.4,1731.1,149.6,217.8,1856.0,2010.2,461.4,622.5,5579.3,4278.1,2793.6,822.9,3622.5,1603.9,2956.2,2374.6,1792.6,2038.7,1073.0,2262.9,1033.8,2881.1,1463.1,3682.8,7665.1,4716.2,1788.4,314.3
2026-08-27 11:15:00,672.0,741.0,938.5,663.2,787.3,923.2,115.5,21.9,189.4,54.7,427.6,1621.0,5665.2,5409.0,1754.5,1737.4,149.8,141.8,1864.8,1895.2,477.1,639.1,5579.8,4271.8,2791.3,784.3,3615.8,1518.2,2955.3,2370.1,1792.2,1927.5,1067.0,2137.5,1032.4,2877.2,1487.3,3688.4,7676.6,4723.3,1787.0,317.5
2026-08-27 11:30:00,674.1,739.5,938.3,655.6,792.4,897.3,115.8,20.4,161.0,113.0,429.6,1638.6,5853.7,5409.3,1761.4,1771.2,150.0,128.5,1903.2,1897.1,486.6,640.7,5567.8,4272.3,2791.2,720.0,3596.8,1517.6,2951.8,2372.0,1791.4,1910.1,1066.0,2148.7,1031.4,2873.3,1474.1,3696.1,7652.3,4732.4,1767.2,316.7
2026-08-27 11:45:00,683.7,720.8,943.4,642.1,794.1,858.7,129.4,20.4,148.3,84.0,436.1,1615.4,6093.0,5267.4,1740.1,1721.4,150.2,128.5,1961.2,1791.5,515.9,629.5,5560.6,4273.8,2790.3,721.0,3590.9,1522.7,2950.6,2372.3,1792.6,1895.1,1065.5,2151.0,1031.5,2870.9,1461.9,3705.6,7641.4,4732.1,1752.3,323.9
2026-08-27 12:00:00,773.3,702.0,963.6,629.1,795.2,833.3,120.3,18.5,99.6,195.5,384.3,1679.3,6122.8,5701.6,1954.2,1668.2,153.8,194.8,1843.8,1535.7,527.3,655.4,5573.0,4165.4,2783.9,787.7,3545.9,1488.8,2948.1,2360.8,1741.1,2086.5,1059.2,2060.3,1034.0,2946.5,1447.9,3701.0,7697.0,4696.9,1705.7,331.5
2026-08-27 12:15:00,780.9,694.4,1000.8,608.1,802.1,811.4,135.9,18.6,98.5,206.1,385.5,1672.2,6197.6,5584.8,1938.4,1665.2,153.7,126.7,1841.4,1406.4,528.9,664.4,5572.3,4164.8,2785.8,777.2,3529.0,1486.5,2947.2,2361.0,1739.0,2083.1,1062.0,2067.4,1033.5,2943.6,1439.5,3708.1,7663.5,4698.6,1686.4,335.2
2026-08-27 12:30:00,782.1,684.9,1046.1,574.9,796.7,795.5,131.1,18.8,95.8,237.7,387.5,1685.2,6273.5,5624.5,1989.5,1603.7,153.6,126.7,1848.5,1229.3,529.6,657.0,5609.8,4166.4,2790.2,792.9,3525.2,1504.7,2935.6,2363.2,1737.0,2089.8,1062.8,2062.6,1032.7,2940.5,1432.6,3717.8,7670.7,4699.9,1668.2,337.9
2026-08-27 12:45:00,783.6,672.5,1060.1,557.6,796.8,781.5,132.5,18.8,96.1,194.2,401.2,1683.9,6336.9,5643.0,1971.1,1635.7,153.6,111.7,1841.3,1233.5,528.0,623.3,5596.3,4163.0,2789.9,792.8,3519.0,1516.3,2938.8,2360.6,1741.3,2102.9,1060.9,2066.2,1031.6,2936.4,1428.6,3725.7,7669.3,4697.3,1657.2,342.1
2026-08-27 13:00:00,797.4,648.0,1037.9,545.2,776.9,764.2,71.3,19.5,90.6,188.9,463.6,1703.3,6311.9,5715.1,1944.5,1585.1,153.5,174.3,1896.6,1114.1,512.3,495.8,5670.1,4223.0,2810.4,757.5,3515.6,1427.8,2935.7,2367.5,1763.3,2224.1,1073.2,2215.7,1027.2,2768.1,1422.8,3747.6,7736.3,4811.8,1628.5,344.2
2026-08-27 13:15:00,790.2,634.6,1040.3,534.2,779.4,750.9,63.5,19.3,92.0,177.5,457.4,1705.9,6292.1,5729.5,1867.4,1607.9,153.1,183.8,1892.8,1131.8,512.0,426.3,5668.6,4219.7,2815.3,757.8,3522.5,1459.1,2937.1,2367.4,1761.8,2238.6,1068.4,2215.2,1027.6,2765.0,1419.3,3753.3,7746.0,4809.7,1628.2,343.8
2026-08-27 13:30:00,786.4,625.2,1051.1,519.9,780.7,738.1,70.2,19.1,92.9,178.8,456.2,1712.6,6262.6,5725.8,1865.5,1634.6,152.7,133.4,1875.6,1143.6,511.9,418.4,5668.8,4214.1,2820.7,757.9,3520.8,1463.7,2936.4,2367.3,1763.1,2281.1,1071.2,2218.0,1026.8,2762.4,1417.1,3757.5,7708.8,4806.6,1617.2,346.9
2026-08-27 13:45:00,790.4,616.8,1060.4,505.4,785.1,720.9,66.4,18.9,93.8,169.8,452.2,1714.4,6300.7,5677.8,1858.0,1677.3,152.3,133.6,1889.2,1107.4,511.9,425.3,5661.6,4209.9,2821.3,757.8,3518.6,1481.4,2939.9,2368.0,1762.3,2289.9,1065.6,2217.9,1025.6,2760.0,1412.6,3760.7,7707.2,4822.6,1614.1,343.3
2026-08-27 14:00:00,775.8,597.3,1050.6,490.4,784.0,691.5,83.9,20.8,87.8,179.8,447.5,1703.1,6234.9,5683.6,1859.0,1578.9,0.0,289.2,1899.3,1128.0,504.8,483.4,5663.0,4223.3,2823.3,774.0,3506.4,1475.5,2937.3,2376.3,1762.7,2192.5,1053.5,2185.8,1028.2,2825.2,1407.7,3779.4,7759.2,4832.9,1588.2,350.7
2026-08-27 14:15:00,780.9,576.2,1053.1,473.2,788.7,661.2,66.1,17.7,88.3,155.3,449.1,1698.2,6131.9,5721.2,1823.5,1609.2,0.0,289.7,1873.6,1263.1,504.4,492.0,5660.0,4216.3,2825.6,773.3,3507.3,1523.7,2938.2,2387.1,1766.2,2241.3,1050.2,2185.6,1030.7,2824.8,1407.0,3782.2,7752.5,4814.8,1590.2,349.7
2026-08-27 14:30:00,787.2,555.4,1048.8,458.4,797.7,615.2,65.2,20.3,89.0,185.5,457.7,1699.5,6131.6,5768.8,1815.7,1646.7,0.0,329.6,1874.2,1270.8,504.7,752.7,5661.7,4208.9,2825.3,772.8,3483.5,1558.9,2934.9,2388.1,1759.2,2320.3,1049.1,2190.6,1032.6,2825.3,1406.3,3783.6,7756.1,4815.0,1577.2,359.0
2026-08-27 14:45:00,795.7,545.2,835.2,448.0,803.3,579.4,61.6,31.3,88.8,202.1,407.9,1705.8,5994.4,5762.7,1799.5,1666.6,0.0,311.4,1873.0,1317.6,501.2,835.9,5661.7,4198.1,2834.0,772.3,3506.0,1507.1,2936.8,2388.4,1758.7,2270.0,1051.6,2184.7,1032.8,2825.9,1408.8,3784.5,7748.7,4797.1,1569.6,355.9
2026-08-27 15:00:00,705.8,520.6,835.0,417.2,797.6,543.4,89.6,19.0,93.9,115.3,380.4,1669.9,6002.4,5601.2,1657.1,1488.7,23.2,240.5,1909.0,1515.7,493.4,834.7,5604.6,4276.1,2820.0,741.4,3580.9,1492.8,2940.6,2401.2,1776.4,1931.9,1047.0,2251.0,1039.9,2859.9,1409.6,3838.0,7628.9,4732.7,1566.0,364.3
2026-08-27 15:15:00,712.7,504.7,849.3,387.0,799.9,520.8,74.2,21.7,104.1,183.0,373.8,1677.1,5930.2,5726.3,1604.4,1528.8,23.2,240.6,1746.0,1955.8,475.8,847.1,5622.4,4265.1,2825.1,740.7,3564.0,1557.6,2940.9,2402.0,1770.2,1976.3,1054.5,2273.5,1036.4,2859.4,1415.0,3843.2,7648.6,4717.3,1570.5,361.5
2026-08-27 15:30:00,710.2,496.1,642.3,352.6,796.1,488.5,75.5,21.2,122.1,172.8,373.6,1667.7,5850.3,5816.6,1588.3,1530.6,23.2,286.4,1727.5,2073.1,475.0,854.6,5607.6,4252.4,2840.3,739.9,3574.4,1547.7,2938.8,2401.7,1770.1,1985.8,1056.0,2273.6,1029.5,2859.1,1420.5,3846.5,7674.2,4702.9,1575.1,361.2
2026-08-27 15:45:00,715.2,475.0,668.3,318.7,789.2,458.3,76.1,33.7,120.8,146.3,368.8,1659.7,5482.6,5915.4,1613.0,1597.9,23.3,351.1,1700.8,2232.2,460.7,868.4,5626.2,4241.0,2851.8,788.9,3574.7,1605.4,2947.4,2405.4,1771.0,2054.5,1055.7,2292.8,1038.4,2871.5,1425.0,3853.6,7690.9,4687.0,1575.3,371.5
2026-08-27 16:00:00,716.6,449.1,691.6,263.6,786.3,522.4,77.5,58.3,170.6,96.4,446.9,1599.5,5762.1,5401.6,1452.9,1552.6,23.3,254.1,1989.5,2215.2,477.6,912.1,5634.7,4309.0,2877.5,782.1,3573.6,1751.3,2954.2,2543.4,1763.3,1997.7,1065.3,2204.1,1042.6,3036.8,1427.5,4165.0,7738.0,4698.6,1588.0,364.2
2026-08-27 16:15:00,731.7,427.9,722.3,229.2,787.7,496.7,61.3,67.5,190.2,85.3,427.4,1591.4,5336.0,5684.9,1478.3,1524.6,22.3,318.5,1815.2,2221.9,468.8,924.5,5636.7,4300.0,2891.9,868.0,3579.8,1861.4,2954.1,2549.5,1764.5,2267.9,1053.0,2455.9,1044.4,3052.1,1434.9,4174.4,7781.9,4685.6,1608.7,359.0
2026-08-27 16:30:00,742.0,405.8,770.4,196.8,791.0,463.8,62.4,66.6,209.8,91.8,429.1,1598.0,5335.1,5812.2,1532.1,1458.0,21.3,308.1,1822.7,2236.1,440.4,917.6,5629.3,4299.3,2898.9,903.1,3576.1,2151.0,2948.5,2544.5,1759.9,2524.9,1049.0,2675.1,1047.4,3066.8,1450.5,4200.4,7841.1,4667.2,1642.2,348.7
2026-08-27 16:45:00,760.9,379.4,828.3,176.8,794.2,431.9,63.6,65.5,235.3,91.3,415.9,1602.3,5287.5,5687.1,1622.2,1410.2,40.3,297.3,1780.6,2549.4,441.5,920.7,5643.4,4286.2,2905.0,922.3,3542.7,2402.6,2946.2,2520.5,1766.3,2529.9,1050.7,2674.0,1052.4,3081.2,1469.4,4210.9,7922.9,4692.5,1666.8,341.6
2026-08-27 17:00:00,792.9,400.6,882.7,189.8,793.4,548.2,33.5,85.1,266.3,44.2,517.8,1543.4,5371.5,5156.0,1550.2,1435.0,44.3,126.2,1977.6,2622.4,471.0,962.8,5639.1,4521.4,2890.0,883.4,3461.4,2161.9,2935.9,2533.8,1755.7,2529.4,1048.8,3100.1,1062.0,3114.1,1496.8,4629.7,8077.6,4926.8,1704.3,383.7
2026-08-27 17:15:00,797.2,379.1,970.7,183.9,797.6,506.3,34.5,84.3,301.1,36.6,529.4,1529.2,4483.8,5046.6,1654.5,1410.8,62.8,148.7,1800.7,2731.5,476.3,949.2,5637.2,4524.4,2888.8,1018.9,3433.6,2452.7,2933.8,2519.6,1752.6,2512.7,1048.2,3276.7,1060.6,3124.6,1507.2,4645.6,8151.5,4953.8,1735.4,378.4
2026-08-27 17:30:00,804.1,425.0,1048.6,368.9,799.5,465.4,34.4,88.4,322.2,30.0,571.2,1510.5,4161.7,5139.7,1622.3,1452.8,41.3,166.5,1708.3,2790.8,470.8,1245.6,5639.3,4580.5,2878.9,1124.5,3438.3,2818.7,2929.2,2472.7,1754.2,2510.5,1049.5,3495.9,1059.0,3130.6,1518.7,4661.2,8201.0,4992.2,1766.1,369.0
2026-08-27 17:45:00,807.2,434.8,1127.8,366.7,805.8,426.8,34.8,91.4,340.6,43.5,574.9,1506.9,4003.8,5458.7,1708.0,1689.7,39.8,160.4,1707.5,2935.1,487.3,1272.7,5639.2,4577.4,2878.3,1195.8,3439.1,3345.2,2950.2,2497.3,1755.0,2508.9,1055.1,3611.9,1061.5,3131.6,1527.2,4676.9,8256.4,4994.2,1790.3,355.5
2026-08-27 18:00:00,823.3,430.5,1184.4,576.2,809.0,578.2,106.2,110.6,348.5,27.0,717.6,1468.5,4115.9,4670.6,1858.8,1890.4,101.7,45.8,1815.8,2877.9,536.5,1084.3,5712.5,4564.7,2843.2,1170.5,3445.0,4013.8,2921.5,2509.5,1756.5,2458.3,1049.4,3698.0,1056.6,3640.9,1531.6,4669.0,8235.0,5023.5,1806.2,385.3
2026-08-27 18:15:00,829.4,383.6,1237.9,786.1,812.6,540.2,98.9,107.3,358.3,41.6,698.2,1455.2,3397.2,4616.9,1924.4,1852.9,94.1,65.7,1680.6,2836.0,558.1,1258.5,5723.1,4567.3,2838.6,1167.9,3436.7,4066.7,2919.6,2517.9,1749.7,2445.3,1046.9,3770.8,1058.2,3643.1,1533.7,4704.4,8276.2,5056.7,1831.8,379.9
2026-08-27 18:30:00,836.3,426.7,1273.9,808.0,816.0,521.5,96.5,104.6,375.7,101.7,727.4,1442.6,3398.9,4583.0,1901.0,1778.4,87.0,79.2,1693.9,2818.0,566.7,1254.3,5720.0,4567.8,2839.3,1247.2,3448.4,4239.0,2913.9,2512.9,1747.8,2442.0,1050.8,3787.1,1058.2,3647.7,1533.3,4738.5,8284.9,5091.4,1854.4,393.7
2026-08-27 18:45:00,840.2,424.3,1304.7,873.3,828.0,505.3,95.9,104.3,381.9,98.8,720.7,1448.8,3364.0,4728.8,1838.5,1665.4,86.4,82.2,1745.3,2962.9,575.2,1248.4,5711.5,4571.6,2837.4,1248.5,3455.5,4370.1,2931.2,2507.8,1748.4,2440.4,1050.2,3823.7,1061.4,3657.2,1538.0,4752.7,8314.1,5084.2,1866.2,390.9
2026-08-27 19:00:00,839.8,341.2,1313.6,965.8,844.4,519.8,82.4,107.6,400.9,98.6,642.9,1445.3,3490.9,4373.1,1857.5,1606.7,0.0,81.4,1736.3,2868.6,579.0,1252.5,5687.1,4491.4,2831.9,1308.8,3524.1,4387.0,2941.8,2472.0,1757.6,2466.6,1060.5,3976.8,1055.6,3653.2,1533.2,4884.4,8323.5,5101.6,1868.4,381.7
2026-08-27 19:15:00,842.7,450.7,1326.7,794.7,832.8,573.2,82.4,107.3,403.8,95.8,624.4,1433.1,3439.4,4441.7,1877.1,1557.2,4.2,69.1,1741.3,2885.4,592.6,1249.7,5689.9,4507.9,2838.1,1225.0,3531.6,4429.2,2917.5,2517.5,1759.2,2456.1,1060.8,3914.3,1055.7,3670.7,1530.7,4938.9,8344.3,5126.6,1873.6,382.0
2026-08-27 19:30:00,848.7,448.1,1336.0,805.7,837.2,564.6,85.0,107.0,400.2,92.9,607.4,1420.9,3441.7,4622.0,1646.8,1344.4,2.7,69.1,1774.3,2880.4,614.2,1248.6,5664.7,4466.5,2833.1,1232.1,3532.4,4506.5,2917.9,2528.6,1767.2,2455.7,1063.2,3907.6,1054.7,3691.1,1531.4,4994.5,8348.8,5057.9,1877.2,385.3
2026-08-27 19:45:00,855.6,425.0,1346.8,820.5,842.3,535.4,88.5,107.1,397.1,90.3,606.3,1408.5,3402.1,4923.7,1678.1,1355.8,1.2,56.8,1746.0,2866.0,611.6,1251.5,5635.5,4487.6,2831.1,1203.0,3529.2,4514.4,2922.5,2534.9,1761.8,2406.5,1062.3,3904.1,1057.9,3715.5,1538.8,5034.5,8345.8,5017.0,1874.7,387.6
2026-08-27 20:00:00,866.7,327.9,1339.1,1026.0,853.5,538.4,84.6,45.8,406.5,88.7,627.1,1492.0,3353.3,5065.2,1365.4,1229.8,9.2,70.4,1814.3,2907.6,602.8,1282.1,5571.9,4354.2,2836.0,1354.7,3549.3,4505.7,2913.8,2510.6,1770.4,2500.9,1077.5,3856.1,1051.5,3732.4,1538.7,4889.9,8307.4,5092.1,1884.5,399.4
2026-08-27 20:15:00,860.1,337.4,1335.7,836.7,848.1,540.7,80.5,45.8,402.5,86.8,632.4,1484.6,3310.1,5228.9,1459.8,1261.3,14.1,52.3,1757.4,2911.7,580.1,1282.9,5558.4,4387.0,2835.1,1356.7,3547.5,4300.0,2913.9,2521.6,1768.2,2444.2,1075.1,3829.3,1052.5,3754.0,1536.3,4922.8,8304.9,5069.0,1867.5,404.0
2026-08-27 20:30:00,861.3,323.7,1314.4,847.5,840.0,539.0,84.3,46.0,400.3,85.4,625.8,1477.3,3309.9,5155.6,1464.2,1264.2,13.9,54.2,1753.6,2922.0,579.3,1282.8,5524.9,4432.1,2832.2,1293.6,3556.8,4199.0,2911.0,2528.5,1774.4,2336.3,1077.2,3813.8,1049.3,3768.7,1528.6,4969.4,8277.4,5021.7,1858.4,410.4
2026-08-27 20:45:00,850.8,323.8,1283.9,605.9,828.5,540.3,89.0,45.8,403.3,85.0,633.1,1456.7,3262.7,5208.1,1482.0,1255.9,15.8,76.1,1744.5,2943.0,582.0,1281.7,5485.0,4474.0,2838.8,1219.6,3563.3,4058.2,2911.0,2529.4,1771.5,2183.4,1080.9,3777.4,1046.6,3778.3,1514.8,5014.1,8242.7,5037.5,1842.2,414.9
2026-08-27 21:00:00,836.2,325.2,1243.6,613.4,808.6,452.8,86.4,14.4,393.2,91.5,607.8,1481.1,3244.5,5823.9,1434.7,1290.6,125.6,39.8,1769.8,2799.6,570.1,1190.0,5533.6,4389.7,2834.7,1303.1,3647.0,3738.1,2907.4,2552.2,1776.6,2228.4,1076.6,3814.8,1043.9,3709.7,1428.7,4818.2,8140.6,4986.9,1807.6,385.7
2026-08-27 21:15:00,827.7,318.8,1207.3,621.9,796.6,446.9,83.8,14.4,390.8,52.6,598.6,1481.8,3239.9,5671.3,1443.9,1250.1,125.1,23.1,1760.5,2810.8,566.4,1135.9,5561.6,4429.6,2831.9,1268.0,3637.7,3652.6,2906.0,2553.0,1779.1,2082.7,1077.5,3765.2,1038.5,3714.1,1412.5,4846.0,8061.9,5005.6,1785.9,401.0
2026-08-27 21:30:00,817.7,311.6,1160.3,813.2,781.3,447.6,78.9,14.4,389.8,26.7,582.8,1481.3,3223.1,5705.3,1469.6,1258.3,124.6,43.4,1752.2,2822.0,562.5,973.3,5550.3,4470.2,2817.2,1267.5,3638.9,3611.6,2899.5,2553.2,1790.4,1978.7,1076.2,3687.4,1035.7,3716.5,1398.9,4872.1,8001.5,5021.3,1772.1,411.7
2026-08-27 21:45:00,813.9,285.7,1127.2,828.8,767.3,427.9,79.1,14.3,375.3,26.9,565.3,1484.0,4039.3,5484.2,1469.1,1248.9,124.2,43.7,1786.5,2818.4,556.3,973.1,5510.1,4512.8,2805.6,1263.9,3627.7,3473.0,2898.9,2553.0,1794.9,1830.8,1069.3,3597.5,1031.8,3718.8,1388.7,4898.3,7895.9,5035.1,1744.8,423.8
2026-08-27 22:00:00,781.4,308.8,1072.5,464.6,732.8,289.3,19.9,28.3,356.3,25.2,571.2,1419.6,3114.4,5713.1,1412.0,1215.5,40.1,111.5,1703.6,2783.3,552.6,968.5,5378.2,4532.5,2743.1,1197.6,3691.0,3277.7,2881.6,2560.5,1775.6,1927.8,1081.5,3639.1,1020.9,3675.4,1379.9,4737.1,7707.9,5016.0,1691.6,368.5
2026-08-27 22:15:00,771.5,290.9,1039.4,461.0,725.9,260.9,21.1,30.4,352.1,25.1,546.0,1419.4,3616.4,6168.2,1398.9,1188.7,40.4,101.7,1696.8,2790.1,533.3,968.0,5307.2,4551.5,2711.2,1059.6,3673.6,3121.6,2876.9,2561.7,1774.8,1784.6,1075.3,3594.7,1016.3,3674.8,1369.3,4741.5,7591.8,5027.8,1659.1,380.9
2026-08-27 22:30:00,761.7,287.8,1018.0,451.1,709.6,256.6,20.7,30.4,349.7,25.2,547.5,1418.8,3883.2,5946.3,1429.1,1186.9,40.8,101.7,1690.2,2795.2,530.7,967.4,5240.3,4579.1,2666.9,1058.9,3664.5,2932.1,2867.9,2561.8,1766.6,1643.0,1066.7,3477.2,1016.1,3673.4,1356.8,4747.9,7494.3,5042.7,1639.2,387.1
2026-08-27 22:45:00,748.0,289.4,988.9,463.9,692.1,256.8,18.4,30.4,342.6,25.3,536.4,1418.4,4044.6,5433.2,1409.1,1188.7,21.1,99.9,1725.7,2787.2,522.6,966.0,5174.4,4597.7,2634.0,992.3,3642.2,2861.2,2862.9,2559.2,1762.7,1586.3,1056.7,3431.4,1011.0,3672.9,1342.2,4749.9,7394.1,4980.6,1611.1,397.5
2026-08-27 23:00:00,743.4,230.8,966.4,493.4,673.6,188.5,13.6,34.9,338.4,19.2,532.6,1410.5,3781.2,5395.9,1296.9,1165.5,83.9,67.2,1684.0,2604.4,512.5,985.0,5022.5,4593.9,2556.7,913.3,3450.5,2771.6,2827.9,2549.0,1735.2,1827.6,1039.4,3444.2,1000.5,3084.4,1326.5,4748.4,7286.1,5053.2,1601.0,409.1
2026-08-27 23:15:00,733.7,228.3,949.7,494.7,658.1,189.6,17.8,34.9,344.6,19.2,502.9,1410.8,3823.0,5334.0,1297.9,1141.3,83.9,87.7,1679.9,2531.4,501.3,984.7,4970.0,4613.0,2504.4,912.9,3428.7,2788.0,2819.1,2538.6,1727.5,1699.8,1029.7,3199.2,994.7,3081.9,1311.3,4741.3,7196.2,5061.3,1575.2,420.9
2026-08-27 23:30:00,724.4,228.5,942.1,498.8,643.2,190.6,16.1,34.9,334.3,19.2,511.9,1411.2,3805.8,5125.4,1296.0,1153.3,84.0,90.0,1676.0,2536.6,496.8,982.2,4918.5,4613.0,2469.4,902.0,3417.8,2818.9,2807.8,2539.3,1722.5,1657.9,1020.8,2920.2,988.6,3075.4,1292.4,4725.3,7100.7,5070.0,1549.2,429.7
2026-08-27 23:45:00,715.3,227.7,936.3,496.2,635.3,192.1,3.7,34.9,321.7,19.2,497.3,1412.0,4181.6,5140.2,1258.7,1158.6,83.9,80.2,1623.0,2543.1,508.9,979.8,4875.2,4581.7,2415.6,900.3,3390.3,2701.8,2789.3,2536.1,1729.1,1599.4,1015.6,2666.6,983.3,3067.0,1273.0,4717.1,7006.8,5027.0,1515.5,444.3
2026-08-28 00:00:00,678.1,175.2,960.0,559.6,609.3,43.7,18.1,21.2,291.9,48.1,506.7,1529.0,3666.1,4741.0,1049.8,1150.3,121.3,104.7,1347.6,2769.7,477.3,930.5,4743.0,4581.0,2353.4,917.6,3401.4,2487.9,2786.6,2403.5,1695.1,2292.4,997.4,2051.4,977.3,2790.8,1346.6,4619.0,6933.6,4932.4,1502.1,387.6
2026-08-28 00:15:00,663.8,179.1,953.0,561.4,604.6,45.9,16.8,18.7,288.8,42.9,493.4,1528.8,3654.2,4634.1,1250.9,1338.7,140.3,106.8,1346.1,2845.7,469.3,943.6,4711.5,4598.7,2327.4,916.8,3434.0,2493.4,2781.3,2397.7,1691.5,2277.3,984.8,1898.3,969.6,2789.0,1330.8,4569.5,6873.7,4914.4,1488.1,381.9
2026-08-28 00:30:00,668.8,176.9,945.9,559.9,598.0,48.8,16.6,18.7,281.9,40.4,472.3,1529.9,3689.1,4566.0,1322.6,1419.9,139.2,105.2,1344.4,2848.1,469.5,943.9,4695.0,4571.9,2290.4,916.0,3388.7,2537.0,2773.5,2369.5,1691.6,2266.4,983.3,1929.2,964.6,2786.0,1315.8,4557.5,6824.6,4887.6,1480.7,375.9
2026-08-28 00:45:00,657.8,178.1,941.1,553.7,591.2,52.1,13.4,18.9,281.7,41.3,455.6,1540.8,3776.1,4498.0,1324.2,1418.4,138.2,105.2,1342.0,2849.6,468.3,943.3,4693.8,4589.6,2257.1,915.0,3371.5,2553.9,2770.2,2374.2,1687.9,2270.5,959.9,1844.0,959.7,2785.7,1303.8,4546.7,6793.3,4864.3,1466.1,375.9
2026-08-28 01:00:00,663.2,170.9,994.8,554.1,611.4,194.5,16.3,23.5,309.0,26.8,169.5,1443.9,3657.7,4298.3,1211.8,1521.8,40.6,176.2,1335.7,3064.8,466.4,948.1,4659.4,4504.6,2199.6,918.3,3338.1,2456.4,2737.5,2382.0,1657.7,2178.0,941.7,1988.8,955.3,2769.2,1264.5,4486.5,6657.2,4843.3,1455.5,383.5
2026-08-28 01:15:00,661.3,172.2,989.4,558.0,608.4,195.4,16.3,23.5,306.7,24.5,157.0,1451.3,3706.7,4218.5,1191.1,1524.6,39.8,176.6,1335.6,3067.7,465.4,947.9,4662.3,4508.4,2178.2,917.3,3325.6,2474.8,2734.4,2384.8,1656.4,2202.4,941.5,2024.7,950.4,2766.0,1254.7,4459.6,6645.6,4837.2,1444.0,372.9
2026-08-28 01:30:00,661.1,173.2,982.2,563.0,603.9,195.4,16.2,23.4,307.5,24.5,154.9,1451.8,3753.5,4161.0,1171.2,1514.0,39.0,176.6,1333.8,3069.7,465.4,947.0,4638.6,4479.9,2158.8,915.1,3314.4,2485.2,2733.1,2383.8,1653.3,2179.2,933.2,1970.6,947.4,2762.7,1246.7,4428.9,6614.5,4819.9,1433.4,374.3
2026-08-28 01:45:00,658.1,175.2,975.0,567.6,599.0,195.3,14.2,23.5,307.5,24.5,141.3,1465.5,3939.1,4103.0,1164.4,1486.7,38.2,177.0,1334.3,3062.2,464.9,946.4,4640.3,4485.6,2142.0,914.0,3303.5,2492.9,2729.6,2388.0,1662.7,2203.1,928.0,1932.6,945.3,2759.3,1239.7,4399.7,6614.6,4819.9,1426.7,375.0
2026-08-28 02:00:00,649.4,180.5,973.3,574.1,596.5,195.3,8.6,30.0,314.9,14.9,274.1,1465.0,3811.5,4095.9,1202.3,1490.8,37.5,172.8,1417.6,3028.3,460.3,948.4,4613.5,4410.7,2096.8,912.1,3218.5,2452.0,2707.6,2377.3,1638.2,2405.1,916.9,1923.2,945.2,2755.6,1265.6,4330.3,6672.1,4858.0,1423.5,372.9
2026-08-28 02:15:00,650.9,181.5,968.4,575.5,595.0,195.7,8.4,29.9,308.0,11.5,260.5,1467.8,3865.4,4038.5,1191.2,1484.1,56.5,173.0,1425.7,3037.2,459.3,947.7,4600.7,4422.8,2083.2,912.8,3212.7,2457.8,2705.5,2380.9,1636.1,2434.1,914.9,1884.3,944.0,2753.9,1260.7,4298.3,6654.1,4857.2,1422.2,374.7
2026-08-28 02:30:00,658.2,181.3,960.4,575.3,592.3,196.4,5.6,29.9,361.6,11.5,258.0,1472.7,3854.3,3941.0,1186.3,1490.3,55.7,170.8,1423.0,3040.4,457.5,946.2,4594.0,4439.7,2072.8,912.5,3208.9,2461.7,2699.5,2383.9,1635.5,2447.1,910.6,1856.6,941.8,2754.2,1256.0,4266.9,6653.1,4854.7,1415.8,375.8
2026-08-28 02:45:00,657.9,181.3,953.3,574.8,589.7,197.7,4.2,29.9,367.1,11.5,249.5,1495.2,3703.5,3856.9,1187.8,1489.7,54.9,170.7,1416.5,3044.1,454.6,945.6,4635.4,4465.2,2064.0,913.4,3245.3,2465.6,2697.3,2388.9,1635.3,2470.9,906.7,1871.2,941.6,2746.9,1251.5,4239.5,6636.4,4855.2,1412.7,377.9
2026-08-28 03:00:00,649.9,181.1,924.6,577.7,567.1,199.6,25.8,41.4,360.0,3.4,243.5,1481.4,3590.3,3762.3,1210.0,1500.6,71.3,123.4,1333.6,3050.8,447.1,948.4,4605.0,4454.7,2043.9,897.5,3241.9,2537.0,2679.0,2387.1,1630.3,2438.7,902.9,1923.1,942.5,2749.9,1173.9,4119.5,6586.6,4867.0,1406.3,381.4
2026-08-28 03:15:00,655.4,182.0,928.1,573.7,570.3,201.8,28.4,41.5,354.6,3.5,233.4,1484.1,3830.9,3678.4,1201.4,1496.5,71.2,123.4,1329.6,3050.1,442.7,948.1,4629.7,4448.4,2032.3,897.3,3238.9,2545.0,2682.8,2390.1,1631.8,2418.0,900.3,1900.9,941.8,2746.7,1172.1,4102.4,6573.9,4861.8,1404.5,388.9
2026-08-28 03:30:00,661.1,176.4,933.6,567.3,571.2,204.1,28.7,41.5,357.7,3.4,233.6,1487.9,3694.4,3601.7,1193.6,1497.5,71.0,123.6,1324.9,3051.4,439.2,947.6,4629.4,4468.4,2034.0,899.1,3270.3,2544.1,2681.3,2395.7,1631.8,2455.9,918.5,1916.2,940.7,2743.2,1174.5,4085.4,6564.3,4866.8,1405.2,394.6
2026-08-28 03:45:00,659.5,175.6,940.7,561.5,581.0,206.5,28.3,41.4,359.0,3.4,231.6,1490.7,3592.3,3520.0,1197.9,1496.5,70.8,123.7,1321.7,3059.2,434.6,934.0,4638.8,4452.9,2030.1,900.2,3233.6,2555.4,2680.3,2395.6,1628.5,2414.3,914.0,1827.0,942.1,2747.9,1178.6,4069.2,6539.5,4857.0,1401.1,401.4
2026-08-28 04:00:00,672.3,180.6,918.3,574.0,590.0,265.0,27.7,39.5,362.4,2.4,146.5,1506.7,3540.9,3353.0,1235.7,1522.9,33.5,187.2,1199.2,2939.4,423.1,928.8,4652.0,4587.0,2022.6,910.7,3243.4,2572.6,2632.7,2393.8,1625.1,2538.3,912.5,1921.2,943.3,2775.5,1195.8,3994.2,6460.8,4713.5,1402.9,399.9
2026-08-28 04:15:00,678.6,188.8,937.5,575.1,595.2,267.8,26.4,42.0,362.4,2.4,143.8,1509.3,3537.9,3315.7,1234.8,1527.8,54.2,187.2,1195.1,2935.1,420.4,930.0,4660.4,4582.4,2022.8,909.5,3250.3,2578.6,2636.8,2396.4,1625.0,2537.2,896.6,1881.8,944.9,2775.4,1200.4,3985.4,6460.9,4733.4,1404.1,408.1
2026-08-28 04:30:00,686.4,188.9,961.6,572.9,601.2,270.2,25.0,39.5,361.7,2.4,145.1,1511.8,3530.5,3285.8,1196.2,1530.3,54.9,187.6,1193.4,2924.9,421.0,929.9,4687.1,4616.1,2022.7,909.6,3255.2,2579.8,2637.5,2402.4,1625.1,2559.3,910.4,1933.1,946.7,2772.6,1206.3,3978.2,6459.0,4738.4,1408.9,411.6
2026-08-28 04:45:00,693.6,188.9,986.1,570.3,605.7,272.6,25.0,39.5,370.0,2.4,141.4,1513.7,3527.1,3218.1,1199.8,1528.3,55.5,189.7,1192.1,2915.4,426.0,928.6,4725.0,4641.8,2028.7,913.8,3262.3,2599.5,2641.4,2406.3,1625.9,2591.9,910.9,2068.9,948.3,2766.5,1211.0,3972.9,6469.2,4748.2,1422.6,416.6
2026-08-28 05:00:00,719.0,185.5,1041.6,574.0,632.6,302.4,17.3,43.8,379.5,8.4,145.3,1503.1,3688.4,3132.6,1202.7,1520.5,36.2,218.8,1168.7,2892.8,429.4,938.4,4861.7,4615.0,2036.9,917.7,3235.2,2958.0,2596.6,2432.3,1632.1,2525.2,923.8,2114.7,952.5,2789.5,1211.6,4199.9,6523.4,4770.2,1424.1,423.2
2026-08-28 05:15:00,718.2,193.8,1071.2,765.2,648.1,307.5,17.9,43.8,390.1,8.4,146.8,1506.4,3690.0,3095.5,1189.4,1521.2,56.4,247.1,1171.2,2895.9,431.6,941.2,4876.8,4666.3,2071.2,918.0,3253.0,2973.0,2606.1,2448.6,1630.1,2554.0,928.6,2220.4,957.6,2782.4,1226.4,4232.4,6576.1,4790.7,1447.1,431.8
2026-08-28 05:30:00,722.2,205.9,1093.8,760.2,658.9,316.7,18.2,43.8,352.5,8.4,146.6,1508.8,3686.9,3066.5,1149.2,1528.6,36.6,249.3,1178.0,2890.4,433.5,942.7,4938.3,4708.9,2092.2,918.3,3267.2,2984.8,2611.6,2505.2,1636.5,2664.0,932.5,2364.7,963.8,2767.0,1247.8,4269.9,6652.0,4799.2,1462.4,436.1
2026-08-28 05:45:00,721.5,219.9,1105.1,763.2,659.8,335.2,18.1,43.7,360.2,8.4,149.9,1513.0,3694.7,3333.5,1155.0,1551.1,56.8,252.1,1184.6,2888.9,432.6,941.9,4984.9,4796.4,2127.8,918.4,3238.5,3013.1,2600.9,2528.0,1641.6,2731.5,923.2,2443.8,971.2,2751.1,1272.2,4292.0,6730.5,4817.0,1488.4,441.9
2026-08-28 06:00:00,752.2,236.4,1113.6,747.3,684.6,368.1,10.7,33.2,365.9,28.9,478.5,1482.2,3717.7,3070.8,1139.8,1509.5,62.0,245.8,1383.9,3163.1,437.6,931.6,5174.7,4682.1,2248.6,981.0,3292.3,3477.7,2618.0,2506.3,1688.5,2547.0,938.4,2582.3,999.1,3303.4,1332.9,4407.8,6977.2,4846.8,1555.2,436.3
2026-08-28 06:15:00,757.1,255.1,1104.3,758.2,707.1,398.2,11.8,33.4,380.4,28.9,485.5,1482.6,3608.0,3143.2,1162.4,1510.9,61.2,249.1,1370.3,3156.4,443.0,927.8,5179.7,4777.0,2315.1,982.4,3310.9,3691.0,2620.7,2567.5,1688.9,2627.2,950.4,2614.6,1011.6,3285.6,1362.0,4450.9,7110.8,4903.4,1603.2,432.8
2026-08-28 06:30:00,758.9,226.6,1091.2,768.3,724.3,422.5,11.7,33.8,393.6,28.9,488.8,1482.1,3617.1,3224.2,1143.7,1511.6,60.5,252.3,1380.1,3152.9,448.3,927.0,5205.9,4865.2,2368.7,983.3,3338.2,3783.5,2635.2,2598.6,1700.9,2717.2,970.2,2721.2,1023.5,3279.1,1385.5,4459.6,7256.4,4933.4,1635.2,432.1
2026-08-28 06:45:00,762.8,225.1,1049.1,774.7,740.4,461.2,11.5,35.5,396.5,68.8,487.1,1482.4,3105.1,3410.6,1176.1,1518.2,59.8,253.7,1393.0,3171.7,455.6,923.8,5230.7,4885.7,2441.6,985.9,3368.6,3769.9,2655.8,2590.1,1715.0,2782.7,981.2,2913.7,1036.2,3263.4,1408.5,4461.2,7396.0,4945.1,1685.2,436.7
2026-08-28 07:00:00,795.8,269.0,993.9,807.6,766.1,323.2,3.4,57.2,432.9,18.7,464.2,1477.7,3271.9,3854.6,1203.8,1563.7,109.7,310.9,1404.9,3142.3,473.7,911.3,5282.0,4904.0,2607.5,1093.1,3505.6,4114.4,2662.5,2480.7,1765.8,2747.5,1012.9,3247.7,1051.7,3558.1,1525.0,4554.4,7710.0,4940.8,1757.0,521.4
2026-08-28 07:15:00,798.5,322.1,912.6,624.7,787.6,395.9,7.5,57.8,442.5,79.8,467.4,1481.2,3087.3,3541.3,1242.8,1566.6,109.7,314.8,1419.1,3110.1,475.5,907.0,5297.0,4946.6,2660.7,1097.8,3520.9,4193.5,2684.1,2483.3,1770.3,2762.4,1028.4,3338.4,1056.9,3542.0,1524.5,4558.5,7811.8,5061.6,1788.1,532.0
2026-08-28 07:30:00,796.6,303.7,836.7,651.6,800.4,423.6,8.0,57.0,449.0,81.3,478.9,1486.3,3092.9,3473.4,1274.1,1574.2,109.7,316.4,1428.0,3101.2,477.1,905.2,5313.5,4988.9,2685.5,1090.7,3536.4,4186.4,2695.8,2490.0,1775.8,2781.1,1041.1,3349.7,1062.2,3524.3,1533.4,4542.4,7875.6,5123.6,1805.5,531.0
2026-08-28 07:45:00,788.6,326.3,761.4,688.1,801.3,494.9,8.1,56.2,452.5,84.6,485.6,1494.5,3154.1,3435.3,1307.8,1576.8,109.7,326.3,1460.9,3173.7,480.3,896.2,5338.2,4986.6,2716.9,1090.1,3535.7,4134.5,2715.7,2491.6,1784.5,2802.6,1046.6,3395.6,1081.9,3518.3,1542.0,4520.5,7944.2,5107.5,1830.4,533.0
2026-08-28 08:00:00,784.9,348.9,685.0,713.6,796.1,557.7,21.5,93.7,457.5,87.1,533.6,1502.7,3514.0,3590.7,1627.2,1667.6,0.0,377.4,1347.9,3008.1,506.8,890.6,5408.9,5003.0,2780.1,1135.2,3559.4,4259.6,2709.7,2441.9,1770.5,2747.8,1063.2,3364.4,1073.2,3505.9,1542.4,4571.1,7990.7,5204.4,1836.7,455.5
2026-08-28 08:15:00,773.4,379.6,643.3,754.4,795.5,620.2,22.1,95.4,452.4,91.9,543.3,1518.3,3555.1,3546.9,1609.3,1647.7,0.0,357.3,1345.5,2826.2,507.7,883.4,5442.5,4980.7,2792.0,1135.8,3561.7,4410.9,2711.4,2442.7,1766.3,2762.1,1068.8,3356.3,1087.4,3503.1,1540.0,4541.6,7987.7,5220.8,1844.9,460.0
2026-08-28 08:30:00,761.4,400.4,603.5,787.8,797.7,669.4,21.7,96.5,448.3,36.6,544.9,1536.6,4370.7,3512.7,1535.5,1637.2,0.0,344.4,1354.2,2790.3,509.4,875.7,5468.9,4929.2,2797.1,1136.3,3562.8,4354.2,2711.3,2447.6,1764.3,2771.5,1072.8,3339.4,1100.8,3501.1,1539.0,4512.3,7976.3,5228.6,1834.8,468.2
2026-08-28 08:45:00,748.2,418.5,560.0,811.9,791.8,731.4,30.3,97.6,435.3,41.4,552.6,1556.5,4433.3,3273.6,1640.2,1841.4,0.0,342.1,1541.3,2797.8,512.1,870.5,5481.3,4878.1,2811.0,1140.2,3574.8,4187.1,2715.4,2452.5,1768.2,2784.4,1081.3,3333.6,1115.5,3499.1,1539.0,4489.9,7960.4,5191.4,1825.5,476.4
2026-08-28 09:00:00,748.5,463.5,558.6,641.0,781.9,778.0,89.3,53.4,421.4,35.5,251.4,1509.7,4495.3,3498.8,1631.1,1915.8,0.0,448.8,1392.8,2992.1,534.2,886.5,5429.2,4820.3,2824.5,1066.9,3625.2,4286.7,2699.1,2410.9,1767.6,2761.9,1069.1,3265.8,1127.8,3472.2,1538.3,4392.7,7901.5,5115.8,1785.1,487.0
2026-08-28 09:15:00,739.8,487.0,526.1,687.5,783.2,823.4,90.2,51.0,403.7,40.2,258.4,1531.3,4568.0,3349.1,1578.2,1765.3,0.0,468.1,1401.2,2833.7,539.9,892.9,5430.9,4806.1,2819.1,1027.2,3618.7,4256.7,2690.6,2407.5,1774.2,2747.3,1083.4,3261.0,1129.1,3472.2,1531.8,4392.4,7878.7,5054.8,1774.0,511.1
2026-08-28 09:30:00,731.0,501.9,496.7,730.6,779.5,867.6,90.3,51.5,391.4,24.5,246.2,1555.0,4758.0,3439.3,1563.6,1583.4,0.0,483.8,1404.0,2816.6,543.0,872.1,5433.6,4713.4,2822.5,1006.0,3623.3,4034.3,2690.1,2412.1,1764.8,2715.8,1086.3,3236.6,1129.7,3472.8,1525.6,4397.5,7854.1,4981.5,1761.1,534.0
2026-08-28 09:45:00,719.4,510.0,466.9,767.2,775.1,906.5,91.6,42.1,380.0,28.0,246.7,1577.9,4876.1,3217.5,1514.1,1460.3,0.1,461.0,1560.4,2801.6,553.8,867.2,5427.0,4634.8,2819.8,1031.4,3644.4,3844.1,2693.6,2406.0,1765.3,2719.0,1084.6,3221.4,1124.7,3473.8,1523.2,4402.4,7847.5,4985.5,1767.5,559.4
2026-08-28 10:00:00,715.0,530.1,866.5,804.9,758.6,936.5,103.7,24.3,382.4,34.6,478.5,1616.1,4847.9,3516.9,1421.7,1437.1,121.9,320.9,1397.6,2916.0,551.1,865.2,5419.6,4583.0,2824.9,1026.8,3698.9,4167.7,2701.8,2263.2,1800.5,2822.8,1076.1,3296.8,1106.0,2996.0,1505.4,4201.0,7819.4,5019.3,1754.8,590.8
2026-08-28 10:15:00,712.5,526.8,846.2,852.5,760.5,959.4,103.1,22.4,364.1,33.6,491.6,1640.1,4909.7,3498.2,1375.8,1463.3,121.9,236.4,1408.1,2725.6,556.4,855.9,5413.6,4485.6,2822.2,1018.3,3760.5,3574.8,2699.9,2248.1,1799.7,2836.4,1075.3,3294.3,1096.0,2998.4,1495.0,4222.3,7783.8,5018.2,1748.3,618.0
2026-08-28 10:30:00,720.1,515.2,826.4,893.5,759.4,973.8,102.4,22.7,348.5,34.6,469.0,1663.9,5253.4,3424.0,1379.6,1494.0,121.9,218.2,1424.1,2514.9,558.2,847.1,5421.0,4420.7,2824.9,1015.4,3751.9,3002.9,2693.3,2230.2,1798.9,2806.2,1092.9,3211.7,1088.8,3001.4,1487.4,4182.3,7770.1,5028.4,1750.8,652.5
2026-08-28 10:45:00,725.7,528.0,809.7,931.2,753.3,982.7,102.5,22.8,337.5,41.4,468.8,1681.0,5319.1,3394.0,1329.7,1471.1,121.9,201.0,1600.2,2496.2,558.4,841.7,5421.6,4363.4,2817.0,1016.1,3744.4,2903.0,2694.5,2206.6,1796.5,2663.4,1083.5,2672.9,1084.3,3003.8,1492.1,4209.8,7763.5,5039.9,1756.2,686.3
2026-08-28 11:00:00,703.9,540.4,583.6,962.9,736.7,985.6,111.9,14.1,326.5,53.3,341.0,1778.6,5212.8,3752.1,1406.5,1568.9,151.6,258.5,1469.3,2608.9,573.2,839.5,5402.2,4410.2,2817.2,914.2,3759.6,3151.9,2662.1,2049.8,1778.0,2866.0,1068.8,2669.7,1075.6,2397.8,1475.5,3865.4,7700.8,5206.3,1714.5,735.7
2026-08-28 11:15:00,706.5,538.8,577.0,989.9,733.0,973.3,116.3,14.2,315.1,60.6,336.5,1794.0,5283.7,3705.7,1370.9,1573.6,148.0,257.9,1470.8,2419.5,574.9,830.7,5429.7,4337.1,2823.4,914.1,3827.3,2874.2,2660.6,2069.8,1778.9,2853.5,1064.5,2430.6,1073.1,2401.5,1470.2,3828.9,7695.4,5224.1,1709.1,760.7
2026-08-28 11:30:00,712.1,542.2,590.5,998.9,741.0,962.7,121.2,14.4,315.4,47.9,313.7,1807.7,5297.9,3628.4,1352.2,1610.4,144.4,257.4,1472.7,2377.1,578.1,823.4,5419.6,4289.4,2821.5,914.4,3890.4,2642.3,2657.2,2066.4,1778.2,2775.6,1064.2,2066.8,1071.3,2404.7,1465.1,3861.0,7696.1,5244.0,1713.3,784.2
2026-08-28 11:45:00,717.5,526.0,639.3,1023.1,748.6,933.1,122.3,12.6,292.2,50.1,326.4,1819.8,5906.4,3584.8,1316.7,1650.2,140.8,235.0,1667.5,2357.1,581.2,834.3,5415.6,4277.1,2816.0,916.8,3892.3,2692.7,2656.4,2063.3,1783.0,2773.5,1062.4,2007.7,1070.5,2410.2,1463.5,3873.7,7685.4,5272.9,1714.4,809.5
2026-08-28 12:00:00,719.0,530.0,681.5,1059.5,746.7,906.9,84.7,44.5,314.2,60.4,354.4,1852.0,5953.1,3893.5,1322.7,1640.4,142.1,269.4,1553.3,2235.3,578.1,803.4,5426.8,4316.7,2814.8,838.8,3833.0,2385.7,2619.0,1989.3,1711.8,2837.1,1084.5,1852.7,1072.1,2394.1,1448.9,3761.7,7697.0,5395.8,1696.9,836.1
2026-08-28 12:15:00,729.5,524.9,694.4,1065.3,752.5,893.7,86.7,43.3,299.2,42.2,337.9,1861.1,6257.9,3875.3,1326.8,1665.2,140.7,266.3,1559.8,2194.9,578.3,792.4,5437.0,4307.4,2808.8,840.6,3828.2,2387.2,2619.5,1987.5,1709.5,2837.7,1085.6,1847.1,1069.8,2399.4,1440.2,3762.9,7682.7,5391.4,1701.4,845.9
2026-08-28 12:30:00,738.9,517.7,719.7,1071.7,755.8,866.2,85.7,43.6,295.2,41.7,333.4,1871.3,6370.6,3751.7,1329.3,1673.8,139.3,255.1,1557.0,2152.6,582.5,784.4,5444.1,4316.2,2811.0,841.5,3831.4,2387.8,2614.4,1984.4,1708.6,2833.6,1084.7,1836.2,1067.1,2404.6,1436.1,3776.6,7670.8,5393.1,1699.6,855.4
2026-08-28 12:45:00,734.5,509.4,713.3,1079.9,750.6,799.3,85.0,43.8,293.5,55.1,319.7,1882.3,6528.8,3714.5,1338.0,1721.2,137.8,254.7,1557.1,2112.0,592.3,771.8,5448.8,4337.1,2810.7,841.8,3828.5,2387.9,2616.1,1982.4,1709.1,2831.5,1082.9,1835.0,1065.7,2411.5,1429.5,3817.9,7660.0,5409.3,1700.9,866.3
2026-08-28 13:00:00,788.0,492.7,678.5,1131.7,781.7,841.6,103.0,43.9,261.9,51.3,283.5,2015.0,6608.5,3909.6,1342.5,1714.4,134.5,243.3,1571.2,1973.2,608.7,739.3,5443.2,4352.0,2865.9,850.2,3789.7,2281.6,2552.4,1835.3,1744.9,2858.2,1087.9,1923.3,1060.8,2378.2,1415.6,3770.2,7620.2,5532.8,1688.9,894.3
2026-08-28 13:15:00,791.6,481.5,692.4,1133.1,789.0,823.9,100.6,44.2,263.6,54.8,296.4,2020.0,6633.3,3942.3,1364.6,1714.8,133.9,243.0,1572.0,1946.5,614.6,726.8,5442.3,4357.5,2868.2,850.1,3798.0,2277.5,2551.5,1844.0,1745.8,2857.2,1089.9,1927.3,1058.4,2385.3,1408.1,3801.7,7618.0,5543.1,1688.8,902.8
2026-08-28 13:30:00,797.7,471.6,710.9,1134.0,795.6,813.4,103.2,44.6,267.2,49.9,292.5,2025.0,6688.8,3957.7,1393.1,1695.4,133.3,262.6,1570.5,1902.3,614.2,734.7,5481.8,4350.8,2867.6,853.6,3797.7,2282.0,2547.4,1844.8,1745.6,2855.0,1090.6,1919.3,1055.0,2392.0,1407.3,3830.3,7617.4,5550.4,1686.2,905.0
2026-08-28 13:45:00,814.9,468.8,725.4,1130.4,788.3,797.3,104.8,44.4,259.3,46.4,268.8,2039.9,6651.9,4001.3,1410.7,1668.6,132.7,264.4,1570.5,1853.9,627.7,706.3,5475.1,4324.7,2868.2,854.4,3794.0,2270.3,2552.2,1855.2,1742.1,2851.0,1097.0,1925.7,1052.7,2397.1,1400.9,3837.8,7583.1,5550.8,1678.5,911.0
2026-08-28 14:00:00,841.3,457.9,716.8,1122.5,784.5,776.4,88.2,54.4,268.7,51.8,379.7,1895.6,6688.7,4052.0,1552.2,1697.8,130.6,233.2,1484.7,1836.7,601.9,718.3,5512.5,4272.2,2843.5,858.8,3776.9,2254.8,2535.1,1880.7,1737.0,2746.5,1059.3,1687.9,1043.9,2523.9,1366.6,3798.4,7713.8,5706.4,1669.0,922.4
2026-08-28 14:15:00,846.7,447.7,733.6,1110.7,789.7,751.4,90.7,55.5,262.7,47.3,375.2,1897.5,6643.7,4071.6,1556.2,1686.5,130.6,233.0,1450.8,1809.6,594.3,704.9,5470.5,4277.5,2843.6,859.4,3780.1,2250.8,2535.3,1898.8,1748.2,2757.0,1061.1,1681.9,1040.6,2527.4,1356.3,3831.8,7699.9,5710.6,1659.6,924.9
2026-08-28 14:30:00,855.4,431.9,734.6,1100.4,795.2,720.9,80.6,54.8,252.9,44.2,379.8,1904.2,6393.5,4067.6,1576.0,1713.5,130.5,212.8,1479.2,1777.8,593.5,693.0,5472.3,4286.1,2845.1,860.0,3778.2,2260.0,2529.8,1915.1,1735.6,2746.0,1061.4,1663.7,1041.5,2529.2,1348.3,3883.4,7690.3,5722.8,1652.8,928.8
2026-08-28 14:45:00,866.8,430.7,754.1,1090.0,792.7,683.9,83.6,54.3,248.6,41.5,400.3,1894.3,6474.2,4047.2,1566.8,1715.2,130.4,198.1,1424.5,1780.7,587.7,680.6,5422.1,4276.8,2851.0,861.6,3783.5,2259.3,2533.9,1936.6,1736.4,2745.6,1064.9,1661.9,1037.9,2531.7,1336.8,3917.0,7684.8,5741.8,1654.9,933.8
2026-08-28 15:00:00,788.7,405.9,988.3,1072.2,761.3,692.6,85.3,41.7,218.2,47.4,505.5,1910.9,6226.9,4017.2,1452.4,1866.6,133.1,179.0,1519.3,1747.3,577.6,661.2,5348.9,4194.8,2852.3,910.2,3836.2,2492.0,2519.9,2012.5,1738.0,2817.6,1054.8,1647.2,1035.6,2747.0,1332.7,4047.8,7686.2,5774.0,1642.8,939.4
2026-08-28 15:15:00,791.0,402.2,1013.6,1044.3,765.8,657.9,79.9,42.7,207.9,46.5,499.2,1898.1,6135.6,4024.1,1470.5,1859.5,133.1,180.7,1376.6,1737.5,566.8,646.7,5359.5,4209.4,2857.8,911.9,3835.6,2495.8,2520.0,2021.5,1740.3,2826.4,1055.9,1717.1,1035.3,2746.1,1329.6,4095.9,7680.2,5792.4,1640.8,939.7
2026-08-28 15:30:00,791.0,386.9,1026.7,1019.8,771.8,617.6,78.1,42.2,215.7,45.8,517.6,1893.7,6143.8,4086.0,1485.1,1804.6,133.3,185.4,1379.2,1718.6,573.3,631.8,5398.9,4211.2,2866.2,912.9,3843.5,2502.7,2513.9,2022.3,1741.7,2812.5,1064.9,1868.2,1033.9,2746.8,1318.6,4124.1,7681.9,5824.5,1640.9,939.0
2026-08-28 15:45:00,786.4,369.0,1057.4,985.0,768.7,575.7,73.4,44.0,212.6,43.1,533.9,1887.4,5470.1,4052.8,1501.2,1787.6,133.3,202.1,1381.2,1858.6,580.4,617.7,5394.2,4209.9,2877.0,913.3,3840.7,2502.2,2519.1,2026.3,1739.8,2805.9,1063.9,1945.5,1035.7,2748.3,1311.1,4164.4,7690.5,5868.8,1631.6,940.7
2026-08-28 16:00:00,805.5,333.4,627.5,942.9,764.8,592.2,60.0,20.2,280.4,46.2,621.7,1846.9,5908.7,3864.5,1497.9,1856.2,0.1,398.2,1552.0,1723.4,576.6,568.9,5478.5,4074.7,2893.4,1015.9,3674.0,2638.6,2516.6,2020.7,1729.6,2784.3,1091.4,1647.1,1035.1,2782.5,1312.2,4274.1,7641.1,5692.4,1640.3,929.2
2026-08-28 16:15:00,772.9,316.0,662.6,897.1,775.2,583.5,49.0,19.2,275.4,44.8,612.7,1840.6,5784.0,3875.3,1536.5,1827.6,0.0,397.1,1405.7,1752.1,572.9,557.4,5460.5,4089.7,2909.9,1017.5,3685.3,2686.6,2514.9,2030.8,1729.2,2805.6,1079.8,2076.4,1038.5,2784.6,1309.9,4308.8,7656.4,5706.8,1648.7,922.4
2026-08-28 16:30:00,784.5,299.3,687.3,854.4,782.4,536.9,48.4,18.6,271.1,64.6,607.3,1825.2,5161.2,3944.7,1579.9,1783.3,0.0,386.0,1412.1,1719.6,573.6,543.6,5460.5,4113.0,2918.2,1016.8,3683.5,2759.2,2512.6,2040.8,1725.5,2789.8,1073.1,2170.6,1040.6,2785.8,1307.2,4328.3,7688.4,5748.8,1651.7,915.8
2026-08-28 16:45:00,781.2,283.0,725.9,805.3,787.8,491.0,48.4,17.6,270.6,80.8,618.3,1814.9,4803.8,3978.0,1633.8,1742.0,0.0,349.8,1419.5,1827.2,564.9,528.7,5449.3,4136.8,2917.6,1097.4,3673.1,2999.3,2509.5,2083.4,1735.1,2816.0,1074.9,2415.8,1042.4,2786.3,1311.5,4373.8,7715.9,5782.8,1650.0,911.6
2026-08-28 17:00:00,818.1,272.2,804.6,823.0,792.2,495.6,50.7,163.7,225.1,80.6,569.4,1784.9,4911.8,3805.7,1693.3,1847.9,126.3,135.7,1458.5,1666.0,591.8,511.0,5475.2,4191.1,2865.7,1164.3,3633.3,3293.1,2493.2,2166.4,1720.8,2692.8,1100.6,2434.8,1042.4,2970.5,1325.7,4576.3,7766.8,5798.6,1677.4,900.6
2026-08-28 17:15:00,817.9,256.3,875.8,837.2,801.9,451.0,50.7,162.7,233.6,74.1,572.8,1766.2,4806.5,3794.1,1744.1,1861.6,126.3,111.7,1271.9,1846.4,591.0,513.2,5469.0,4241.7,2871.2,1171.4,3518.7,3513.9,2491.6,2213.0,1715.6,2704.0,1083.2,2698.2,1048.0,2970.6,1333.0,4601.4,7788.3,5835.5,1685.0,885.4
2026-08-28 17:30:00,810.7,238.3,959.6,847.8,804.8,410.8,50.8,159.4,241.8,76.2,548.1,1739.9,4687.9,3951.7,1750.3,1968.0,126.3,150.2,1264.3,1813.6,589.7,503.6,5462.9,4322.3,2867.9,1173.6,3515.1,3943.3,2485.9,2219.8,1718.6,2712.0,1064.2,2908.5,1043.9,2970.3,1342.0,4630.2,7809.3,5879.0,1682.8,868.1
2026-08-28 17:45:00,802.2,248.6,1027.6,866.2,800.4,371.4,50.6,158.8,257.0,87.5,553.0,1718.3,3949.1,3774.8,1805.6,2104.9,126.3,134.9,1262.7,1999.4,586.7,522.8,5467.9,4373.8,2872.5,1174.6,3517.2,4663.9,2487.5,2227.3,1716.7,2704.9,1068.7,2869.8,1051.0,2971.7,1353.3,4665.7,7836.5,5885.3,1685.4,847.3
2026-08-28 18:00:00,806.2,220.6,1090.4,930.1,804.5,406.4,51.7,24.9,268.4,67.6,263.9,1677.4,4440.5,3572.1,1857.2,2215.4,0.0,191.2,1399.7,1943.0,582.4,450.3,5524.5,4378.4,2858.1,1103.2,3581.5,4685.8,2515.8,2302.2,1720.8,2665.5,1097.8,2849.3,1048.8,2982.9,1487.8,4764.7,7844.8,5970.0,1681.9,834.6
2026-08-28 18:15:00,812.9,245.9,1136.4,994.5,816.9,381.8,51.6,24.4,278.5,87.2,257.0,1645.4,4321.0,3920.6,1888.0,2232.8,0.0,186.2,1241.9,1930.6,581.3,444.9,5523.5,4369.6,2853.4,1104.7,3575.9,5400.3,2516.4,2306.3,1721.4,2662.3,1095.4,2820.2,1047.1,2986.2,1493.5,4739.6,7839.2,5964.4,1679.5,822.9
2026-08-28 18:30:00,823.0,258.5,1164.3,1047.0,833.7,371.5,51.6,25.1,305.6,83.7,277.7,1603.3,3700.1,3691.5,1807.8,2111.8,0.0,184.3,1239.4,1911.9,583.0,428.1,5516.8,4350.5,2851.7,1103.9,3585.6,5457.2,2509.5,2312.3,1722.2,2660.9,1079.4,2791.3,1038.0,2990.5,1495.0,4724.8,7833.4,5958.8,1680.4,808.1
2026-08-28 18:45:00,831.3,236.1,1180.2,1102.8,840.0,368.6,51.6,28.7,329.0,74.9,282.1,1570.9,3386.2,3516.1,1701.6,1920.7,0.0,161.5,1265.3,2042.4,580.2,429.4,5507.3,4321.3,2846.1,1105.7,3586.6,5514.7,2510.7,2279.8,1722.5,2646.7,1089.4,2811.3,1033.2,3003.5,1493.6,4715.5,7818.2,5960.4,1684.5,794.6
2026-08-28 19:00:00,843.6,199.1,1189.6,1144.7,848.9,393.3,64.5,22.6,314.1,40.2,524.1,1519.9,3824.3,3403.9,1613.7,1795.7,0.0,177.8,1727.4,2036.5,598.2,405.3,5577.5,4368.2,2814.3,1126.6,3559.1,5288.6,2492.7,2314.7,1725.0,2803.8,1094.4,2785.7,1031.8,2799.5,1490.3,4556.6,7748.2,6048.0,1664.1,836.0
2026-08-28 19:15:00,853.4,183.7,1184.4,1200.5,866.4,375.0,65.4,22.5,328.0,47.8,506.9,1489.7,3447.0,3248.3,1812.9,1960.1,0.0,161.9,1573.4,2052.9,583.7,391.5,5570.5,4409.5,2813.7,1127.7,3565.8,5483.7,2492.6,2314.1,1723.7,2798.9,1110.5,2790.9,1028.6,2826.8,1487.4,4506.0,7739.5,6018.1,1655.3,830.6
2026-08-28 19:30:00,894.5,189.9,1180.7,1252.8,888.5,376.0,66.1,25.3,339.3,102.9,512.9,1485.2,3384.2,3266.8,1799.8,1959.7,0.0,182.1,1566.7,2044.1,581.0,388.5,5544.9,4421.8,2800.2,1129.2,3569.2,5490.6,2489.8,2278.4,1732.0,2788.0,1110.6,2796.3,1029.9,2856.3,1487.4,4414.5,7727.9,6020.3,1656.1,823.5
2026-08-28 19:45:00,907.6,196.9,1179.3,1265.8,903.6,382.8,67.5,22.4,353.0,107.7,513.8,1461.8,3284.8,3376.9,1823.7,1980.0,0.0,182.2,1558.7,2222.6,582.2,399.1,5498.3,4459.4,2792.0,1129.2,3564.2,5489.5,2492.3,2280.6,1723.2,2714.8,1106.9,2784.8,1029.1,2890.1,1488.8,4422.6,7757.1,5936.4,1648.1,813.2
2026-08-28 20:00:00,879.5,203.7,1178.8,1293.2,892.1,311.5,65.4,96.0,342.3,103.3,543.6,1559.5,3054.4,3481.4,1530.7,1962.0,116.6,118.1,1564.7,2082.5,562.7,367.7,5466.8,4548.4,2772.0,1163.5,3547.6,5440.5,2453.4,2226.2,1727.7,2850.1,1105.5,2875.0,1020.5,2335.9,1489.7,4379.0,7693.4,5970.0,1651.2,742.7
2026-08-28 20:15:00,893.4,214.1,1197.5,1329.0,908.0,313.8,66.1,95.9,340.7,101.6,538.9,1548.0,3026.3,3654.8,1556.0,1962.0,116.6,118.1,1535.0,2106.1,544.0,365.9,5478.6,4645.0,2760.1,1164.3,3538.7,5435.5,2452.5,2230.1,1726.1,2728.3,1101.4,2856.8,1015.1,2367.0,1488.5,4398.4,7670.2,5898.2,1639.6,723.4
2026-08-28 20:30:00,906.8,224.1,1185.7,1327.5,915.3,314.2,65.7,76.5,339.6,101.9,538.6,1548.4,3008.3,3730.7,1560.0,1987.8,116.6,118.3,1532.7,2122.7,536.1,365.9,5468.0,4700.4,2749.1,1165.0,3536.6,5437.4,2447.7,2232.2,1724.6,2448.5,1104.7,2846.0,1014.0,2392.3,1480.3,4425.5,7640.4,5905.6,1635.7,712.6
2026-08-28 20:45:00,895.8,234.3,1161.8,1277.7,903.2,306.8,65.4,76.4,339.5,75.7,544.0,1544.4,3023.8,3773.1,1560.6,1974.9,116.6,138.6,1527.1,2174.1,532.0,373.6,5456.3,4758.8,2747.9,1165.8,3537.1,5441.8,2447.8,2236.7,1727.0,2305.1,1102.9,2841.4,1014.6,2407.2,1471.8,4427.6,7604.5,5908.0,1630.0,699.7
2026-08-28 21:00:00,886.5,245.2,1129.3,1212.5,889.8,306.9,29.3,23.0,343.0,82.8,553.0,1568.3,2746.3,3929.2,1542.7,1971.4,55.7,78.4,1584.0,2165.1,514.3,364.5,5507.1,4871.8,2723.9,1206.6,3614.3,5570.3,2421.3,2192.4,1726.4,2115.2,1098.1,2725.1,1014.5,2325.9,1467.5,4521.4,7618.5,5879.2,1604.8,681.3
2026-08-28 21:15:00,876.6,252.7,1099.1,1175.0,873.8,307.2,28.7,21.6,336.9,22.8,542.8,1567.5,3089.1,4100.3,1544.5,1946.8,46.6,81.6,1553.6,2170.3,508.6,361.5,5528.6,4909.2,2708.1,1209.5,3601.7,5542.6,2421.9,2191.3,1725.3,2089.3,1096.1,2708.5,1006.1,2326.4,1458.4,4408.1,7577.3,5875.8,1586.6,654.6
2026-08-28 21:30:00,870.9,270.1,1068.1,1073.9,853.2,307.2,27.7,21.2,329.4,22.8,532.8,1546.6,3054.5,3826.1,1574.1,1959.5,46.4,79.6,1547.7,2189.2,502.2,364.3,5514.4,4903.3,2685.8,1211.4,3564.9,5512.7,2416.3,2191.9,1724.4,2094.5,1090.0,2676.5,1005.8,2298.2,1450.2,4360.4,7521.0,5852.9,1568.1,642.2
2026-08-28 21:45:00,859.4,281.1,1033.8,998.8,835.0,307.3,27.9,20.1,326.6,22.9,522.6,1547.5,3178.5,3859.5,1572.1,1937.9,46.3,79.6,1540.0,2211.8,496.1,360.8,5493.9,4964.3,2671.7,1214.2,3540.2,4962.5,2414.3,2192.5,1732.7,1999.8,1079.9,2681.5,1003.8,2286.5,1448.1,4345.3,7507.3,5839.6,1549.4,629.0
2026-08-28 22:00:00,828.9,260.3,1005.6,974.0,825.2,307.9,21.1,27.6,314.4,33.5,567.6,1465.9,3697.0,4343.8,1528.5,1998.1,153.3,60.6,1196.1,2385.0,475.1,388.7,5365.2,4966.0,2625.2,1237.5,3670.6,5541.3,2441.0,2226.6,1714.6,1891.6,1065.1,2631.9,1013.0,2087.2,1460.0,4224.6,7330.1,5894.7,1523.2,591.2
2026-08-28 22:15:00,819.8,269.0,979.4,982.0,793.8,308.3,22.3,27.6,311.1,33.5,557.1,1466.8,3723.2,3806.1,1534.7,1986.7,153.9,60.9,1191.6,2376.7,479.9,376.7,5335.4,4989.5,2603.1,1237.5,3653.3,5528.1,2437.8,2227.3,1722.0,1793.6,1059.2,2602.9,1006.7,2078.2,1474.4,4145.7,7259.0,5872.6,1495.9,583.1
2026-08-28 22:30:00,808.2,308.5,1182.7,1006.8,773.2,308.8,23.0,27.6,305.1,33.7,560.6,1467.7,4137.3,4125.8,1569.6,2008.1,154.6,60.9,1186.9,2403.3,463.9,391.1,5321.8,5006.4,2570.7,1237.0,3645.6,5389.6,2425.8,2227.2,1709.3,1770.9,1050.4,2566.0,999.5,2075.3,1467.4,4131.7,7198.7,5859.1,1482.4,573.7
2026-08-28 22:45:00,794.9,259.4,1163.7,1005.5,755.4,309.1,20.7,22.6,316.1,29.2,553.0,1482.8,4222.9,4000.3,1568.8,2002.4,135.2,60.9,1179.2,2403.8,471.3,392.0,5279.9,5031.5,2549.1,1237.2,3623.2,4654.1,2424.2,2231.0,1704.5,1731.7,1044.2,2578.0,995.8,2078.0,1458.2,4038.3,7120.5,5800.2,1464.5,544.3
2026-08-28 23:00:00,782.8,239.7,1141.8,1017.1,741.0,309.6,20.8,73.8,298.6,25.1,261.4,1475.9,3819.6,4050.5,1518.2,1948.8,147.4,23.7,1238.8,2316.1,439.2,395.1,5044.2,5145.4,2454.3,1182.5,3474.1,4385.3,2196.3,2207.9,1681.0,1742.1,1010.8,2419.5,985.7,1776.8,1547.4,3956.0,7061.7,5743.2,1488.7,495.4
2026-08-28 23:15:00,773.6,241.9,1126.6,1027.5,727.2,309.8,21.4,73.8,293.6,25.1,246.9,1479.8,3939.3,4090.4,1495.1,1939.4,127.0,25.7,1234.0,2329.2,446.4,399.6,5012.8,5169.8,2410.8,1181.5,3455.3,3764.1,2374.4,2208.0,1673.9,1726.2,984.0,2496.4,977.0,1773.9,1532.5,3853.0,6988.5,5723.5,1467.2,483.3
2026-08-28 23:30:00,751.6,302.5,1329.9,1042.9,712.8,309.9,21.5,73.9,285.6,25.1,256.2,1483.6,3922.4,4135.4,1514.2,1937.9,146.7,25.5,1229.9,2332.6,448.6,404.8,5030.7,5147.2,2388.1,1180.8,3449.5,3228.4,2366.9,2204.5,1671.0,1728.3,995.9,2516.6,971.9,1778.4,1514.3,3852.7,6909.7,5719.5,1444.6,473.9
2026-08-28 23:45:00,743.8,272.7,1318.9,1045.5,704.7,310.2,24.5,68.8,285.2,25.1,243.3,1495.1,3928.4,4165.2,1569.9,1923.6,146.3,50.3,1226.9,2135.7,436.6,413.9,5041.9,5123.5,2341.5,1180.9,3476.3,2753.5,2359.7,2206.7,1668.7,1731.0,988.8,2284.4,966.2,1774.3,1495.0,3803.7,6824.4,5722.1,1415.6,468.1
2026-08-29 00:00:00,720.0,249.6,1118.1,1068.1,713.0,106.5,36.8,28.4,250.6,28.3,329.6,1501.1,3579.3,6008.2,1348.2,1837.7,69.2,50.5,1547.9,1187.0,510.3,326.9,4580.8,5488.7,2283.5,1088.4,3220.4,2745.9,2312.6,2092.8,1623.4,1740.0,961.8,2465.4,945.8,1808.2,1369.4,3212.2,6735.4,5477.2,1394.4,439.5
2026-08-29 00:15:00,713.3,252.7,1107.7,1071.9,698.6,114.2,38.7,28.4,247.3,16.0,316.7,1491.3,3592.4,6031.7,1311.3,1852.2,69.2,29.8,1543.6,1206.9,508.9,334.3,4637.1,5433.0,2256.7,1088.8,3206.6,2566.7,2311.6,2095.9,1621.9,1742.1,952.1,2438.8,939.6,1801.4,1366.5,3216.8,6681.8,5455.0,1377.3,431.9
2026-08-29 00:30:00,714.1,246.6,1098.9,1071.5,689.5,114.6,42.0,28.5,241.2,16.0,320.5,1492.2,3562.5,5971.9,1472.2,2043.8,69.8,20.0,1540.6,1237.5,504.7,332.8,4648.1,5424.3,2227.9,976.3,3209.7,2142.0,2302.6,2096.0,1619.4,1743.9,946.2,2376.3,935.9,1795.4,1360.4,3201.4,6630.5,5441.0,1372.0,423.3
2026-08-29 00:45:00,704.3,253.6,1090.3,1070.1,681.9,114.9,42.1,28.5,241.5,16.0,316.7,1517.2,3564.1,5793.5,1562.8,2119.9,70.2,20.0,1536.1,1248.7,513.0,332.8,4619.6,5428.6,2199.2,976.4,3234.5,1986.5,2295.2,2085.4,1622.0,1745.8,939.0,2255.1,928.1,1790.7,1352.5,3166.1,6582.5,5422.1,1354.3,415.3
2026-08-29 01:00:00,717.5,249.1,1074.8,1067.0,697.1,115.3,51.6,53.4,316.9,10.5,167.6,1500.2,3561.5,5963.0,1556.1,2154.3,132.4,99.2,1249.2,1210.3,481.7,294.7,4546.5,5458.7,2131.0,954.9,3223.9,1947.4,2276.3,1994.9,1591.5,1746.4,920.2,2156.4,924.0,1711.3,1335.0,3076.9,6517.5,5392.0,1348.4,393.5
2026-08-29 01:15:00,723.3,249.9,1065.7,1047.6,691.0,115.1,50.7,52.7,314.0,10.5,156.4,1503.9,3569.6,5943.0,1546.5,2164.5,132.5,97.0,1245.3,1247.5,476.1,293.0,4552.8,5432.6,2107.9,951.3,3217.5,1892.9,2270.9,1966.8,1589.2,1747.1,914.2,1830.7,919.4,1705.9,1325.0,3095.3,6480.7,5384.8,1343.0,381.7
2026-08-29 01:30:00,718.2,250.8,1059.0,1043.4,688.4,115.0,54.6,52.6,315.7,10.5,160.6,1506.3,3570.1,6240.5,1522.4,2054.2,130.5,94.9,1242.9,1282.8,478.7,292.6,4545.0,5416.0,2084.8,947.6,3217.8,1884.5,2270.4,1956.3,1588.1,1747.9,911.7,1668.7,915.3,1703.2,1313.6,3073.5,6447.0,5367.5,1334.9,367.7
2026-08-29 01:45:00,715.2,251.7,1054.3,1054.9,686.2,114.9,53.9,52.8,311.6,10.5,149.9,1530.6,3571.0,6117.1,1506.2,1897.1,132.6,92.8,1239.9,1323.1,477.8,291.6,4526.4,5404.8,2066.8,944.0,3216.3,1828.4,2266.3,1955.5,1592.0,1748.6,906.5,1411.1,915.1,1700.3,1299.9,3066.2,6413.0,5354.2,1326.2,353.5
2026-08-29 02:00:00,698.8,252.8,1051.2,1054.1,672.1,165.1,52.8,26.1,286.5,11.5,154.6,1533.1,3514.1,6248.8,1519.1,1829.9,61.3,126.8,1281.1,1467.4,459.8,299.3,4478.7,5411.7,2027.2,937.0,3146.4,1763.7,2253.9,1805.4,1576.2,1743.6,893.2,1360.0,913.8,1699.5,1287.3,3191.9,6383.2,5335.2,1310.4,329.8
2026-08-29 02:15:00,696.6,257.2,1047.5,1052.4,668.4,165.5,51.0,26.1,278.3,11.5,146.3,1540.6,3515.0,6244.8,1511.8,1821.1,61.1,126.6,1278.2,1514.7,458.6,285.5,4469.2,5355.9,2007.4,933.3,3182.4,1699.1,2251.7,1796.7,1573.7,1744.1,890.3,1199.6,910.7,1697.7,1278.8,3214.8,6356.3,5322.2,1308.6,313.3
2026-08-29 02:30:00,693.1,258.0,1041.8,1054.0,665.3,165.8,50.1,26.1,282.0,11.6,140.1,1541.4,3517.4,6273.5,1498.7,1822.9,61.3,126.4,1275.3,1557.7,456.2,284.6,4481.1,5302.8,1994.2,930.7,3215.4,1698.6,2251.0,1784.2,1574.2,1744.6,888.2,1196.9,910.4,1698.3,1274.0,3239.1,6325.3,5307.7,1297.7,297.7
2026-08-29 02:45:00,692.7,254.3,1038.6,1055.5,662.2,166.4,49.7,26.1,281.4,11.5,135.8,1564.7,3502.0,6297.7,1499.9,1811.9,61.3,126.1,1270.9,1573.6,462.2,283.4,4474.3,5296.8,1980.3,924.8,3264.8,1697.2,2283.7,1735.5,1571.6,1745.4,888.0,1177.0,911.5,1700.0,1275.8,3255.8,6304.9,5300.1,1291.6,283.2
2026-08-29 03:00:00,680.6,254.8,1036.4,1063.5,665.3,166.7,23.2,14.2,267.4,17.5,147.8,1585.4,3451.3,6255.8,1590.8,1827.4,43.1,119.5,1144.8,1746.5,462.3,287.6,4472.9,5287.1,1954.1,912.1,3252.5,1748.1,2252.2,1748.7,1561.1,1747.4,877.9,1125.9,911.3,1667.7,1274.2,3255.3,6266.1,5273.3,1289.3,264.8
2026-08-29 03:15:00,676.5,263.1,1035.7,1086.2,665.6,167.1,23.3,14.1,259.1,15.2,138.7,1592.3,3443.6,6307.7,1595.0,1814.5,43.1,118.1,1143.3,1760.4,459.6,291.5,4483.2,5285.5,1946.4,906.4,3246.2,1752.0,2287.4,1717.7,1565.5,1749.2,876.1,1111.7,911.8,1668.4,1276.8,3269.7,6251.0,5262.1,1282.6,249.5
2026-08-29 03:30:00,686.6,266.2,1035.2,1084.5,666.1,167.8,23.2,14.1,265.0,16.5,144.2,1598.5,3472.9,6302.1,1601.2,1813.3,43.1,116.7,1141.5,1808.8,456.3,296.6,4484.5,5289.5,1938.4,904.3,3242.6,1756.6,2283.2,1717.7,1560.2,1751.0,875.3,1110.6,910.2,1670.2,1274.2,3236.2,6239.6,5251.9,1283.9,234.5
2026-08-29 03:45:00,686.0,269.8,1036.9,1087.3,668.2,168.1,23.9,14.2,264.5,17.7,136.6,1607.5,4050.7,6334.1,1595.4,1829.4,43.0,115.3,1149.4,1843.4,452.3,302.3,4483.3,5302.8,1930.4,902.0,3237.2,1762.6,2284.8,1718.7,1560.8,1752.7,872.7,1114.4,909.1,1673.4,1265.6,3255.0,6230.2,5239.6,1276.6,219.5
2026-08-29 04:00:00,683.0,273.9,999.2,1104.9,669.7,168.5,27.0,17.6,240.8,27.2,59.7,1618.7,3488.4,6347.2,1594.0,1822.3,12.7,86.0,1188.8,2010.2,451.7,311.7,4491.0,5314.1,1938.1,925.6,3230.2,1738.1,2238.5,1749.8,1552.5,1751.3,862.9,1140.6,907.8,1690.6,1254.2,3355.0,6221.9,5191.3,1269.1,194.7
2026-08-29 04:15:00,665.2,275.5,1002.3,1098.9,670.5,168.6,28.3,17.7,243.5,25.0,56.7,1620.1,3724.5,6379.5,1587.5,1809.2,12.9,85.3,1188.0,2031.5,447.6,309.1,4490.0,5329.2,1932.9,921.2,3228.2,1746.4,2269.8,1720.9,1552.1,1753.3,861.8,1132.0,906.0,1692.5,1246.2,3367.9,6213.2,5172.6,1268.6,180.3
2026-08-29 04:30:00,663.9,277.2,1221.4,1104.9,672.4,168.6,27.1,17.7,240.2,25.5,51.1,1622.3,4032.8,6364.9,1543.7,1800.3,12.8,84.6,1185.3,2049.7,446.1,308.6,4450.7,5471.1,1926.6,919.0,3226.9,1756.0,2269.6,1719.2,1552.3,1755.1,859.7,1126.7,903.4,1692.6,1245.4,3421.9,6207.7,5153.8,1265.3,161.5
2026-08-29 04:45:00,659.5,278.7,1221.7,1082.7,671.7,168.7,28.0,17.6,243.4,24.3,50.1,1625.9,4139.8,6461.3,1540.4,1785.7,12.8,83.9,1183.5,2058.6,445.1,309.8,4454.5,5479.4,1927.6,916.6,3227.6,1764.8,2278.1,1717.4,1551.7,1756.9,857.3,1125.1,902.9,1690.7,1248.9,3445.9,6204.8,5138.1,1269.8,145.8
2026-08-29 05:00:00,671.5,266.7,1243.9,1051.1,647.6,168.8,26.6,26.7,252.1,32.5,52.1,1635.4,4004.5,6636.2,1567.4,1743.9,108.1,30.1,1221.2,2070.6,438.8,318.6,4482.9,5487.0,1921.9,890.4,3320.0,1906.0,2238.4,1763.9,1546.8,1757.4,853.3,1168.0,903.9,1720.8,1308.5,3641.0,6215.1,5069.8,1283.9,122.7
2026-08-29 05:15:00,670.4,275.6,1024.6,1090.5,655.0,171.7,27.1,26.7,252.2,30.7,53.3,1639.0,4001.4,6489.7,1568.1,1723.0,110.2,30.0,1221.4,2079.1,434.8,319.7,4494.1,5382.3,1928.5,889.1,3323.4,1909.3,2238.5,1744.3,1547.5,1759.2,852.5,1157.1,901.6,1716.9,1315.1,3544.5,6209.1,5053.7,1293.2,113.7
2026-08-29 05:30:00,669.3,278.6,808.0,1091.7,659.5,180.1,27.8,26.7,255.8,28.7,50.0,1631.7,4156.3,6556.7,1528.1,1722.0,112.4,30.0,1220.5,2083.7,432.9,325.3,4563.5,5340.4,1924.9,886.2,3326.7,1916.4,2238.6,1742.7,1547.6,1760.7,853.1,1157.4,904.3,1714.8,1319.2,3520.3,6209.4,5031.3,1303.8,112.2
2026-08-29 05:45:00,667.7,286.7,811.7,1101.1,668.3,189.8,28.4,28.1,260.1,26.2,52.7,1629.5,4148.5,6659.1,1515.5,1760.8,114.6,30.0,1222.8,2098.3,434.8,330.9,4578.6,5339.6,1929.5,885.0,3330.9,1925.2,2240.4,1747.0,1549.6,1762.5,853.4,1162.8,905.1,1713.6,1322.0,3552.1,6212.1,5005.8,1320.3,110.8
2026-08-29 06:00:00,674.5,292.5,1040.7,1135.0,673.8,197.8,21.1,46.4,280.1,23.9,76.9,1592.5,3518.1,6762.6,1622.2,1727.3,80.5,47.0,1317.7,2136.9,435.6,338.5,4580.2,5360.1,1926.7,962.7,3425.4,2050.1,2230.7,1743.8,1566.7,1811.1,851.6,1189.7,911.3,1779.3,1339.3,3697.4,6245.9,4958.1,1338.4,103.5
2026-08-29 06:15:00,673.0,310.6,1039.6,1137.8,681.9,204.5,21.8,45.0,269.3,32.8,80.0,1591.3,3750.5,6815.6,1613.0,1721.2,152.7,47.0,1295.4,2141.5,433.6,350.1,4573.6,5356.2,1936.7,961.4,3431.1,2061.6,2233.0,1746.5,1562.5,1813.6,851.9,1191.8,917.5,1777.4,1342.0,3745.7,6268.4,4932.6,1348.4,102.9
2026-08-29 06:30:00,672.1,331.4,805.3,1144.5,686.9,211.9,22.3,44.0,272.6,32.8,75.9,1597.9,4030.8,6901.5,1574.4,1723.9,153.0,47.0,1299.3,2148.4,433.1,367.3,4619.1,5258.4,1942.6,960.0,3445.0,2071.6,2234.2,1740.5,1566.3,1815.7,854.0,1193.1,921.3,1774.6,1349.7,3771.2,6296.1,4905.6,1363.5,101.5
2026-08-29 06:45:00,669.6,316.9,795.2,1151.6,689.4,219.6,22.7,44.2,278.7,33.0,74.3,1598.7,4035.8,6967.1,1573.6,1745.7,153.5,47.0,1305.9,2173.9,429.8,383.7,4593.7,5305.4,1963.6,958.5,3458.5,2081.5,2242.3,1731.1,1567.3,1817.6,856.2,1192.9,922.5,1769.8,1361.6,3830.5,6327.2,4887.0,1384.8,100.5
2026-08-29 07:00:00,684.8,347.2,783.6,1180.5,705.1,268.0,56.8,17.4,280.1,50.0,90.7,1632.6,3731.4,7346.4,1789.8,1690.8,127.2,67.9,1341.2,2221.8,417.3,441.6,4610.3,5325.4,2026.7,888.7,3508.6,1967.9,2258.8,1756.5,1590.0,1860.4,866.1,1431.0,931.5,1810.3,1386.1,3985.7,6435.7,4807.1,1408.4,102.3
2026-08-29 07:15:00,684.8,350.6,761.9,1190.2,710.8,279.7,57.0,16.2,277.8,51.3,86.3,1638.1,3765.5,7254.1,1780.0,1697.4,127.2,67.1,1349.7,2056.9,409.9,440.9,4633.9,5269.6,2051.8,886.9,3525.2,1940.1,2265.8,1746.2,1591.5,1889.5,870.7,1176.7,936.0,1803.8,1296.2,4063.8,6503.8,4778.6,1423.1,102.6
2026-08-29 07:30:00,683.5,360.7,735.6,1200.8,717.8,293.2,57.7,16.5,274.9,36.9,85.8,1641.8,4034.2,7278.8,1783.8,1714.3,147.1,66.2,1351.4,2084.8,401.9,458.3,4657.2,5206.0,2071.2,883.9,3548.9,1947.7,2268.9,1743.1,1594.8,1894.1,876.7,1178.5,938.6,1790.7,1259.8,4166.1,6553.4,4781.7,1430.4,123.4
2026-08-29 07:45:00,676.8,419.6,719.8,1229.4,718.4,305.3,58.5,16.7,256.1,35.8,94.5,1647.0,4731.8,7201.6,1780.6,1681.9,145.3,71.7,1522.3,2098.3,399.0,475.6,4647.9,5168.9,2099.7,882.0,3554.3,1953.2,2278.5,1735.3,1602.1,1899.5,883.6,1218.5,945.8,1776.8,1267.6,4210.0,6599.0,4774.9,1445.3,124.5
2026-08-29 08:00:00,673.2,419.9,683.6,1218.1,719.4,313.6,95.6,11.6,252.3,36.4,165.5,1677.7,5055.7,7829.3,2026.7,1591.2,182.1,75.3,1455.0,2015.5,438.1,528.8,4733.3,5124.7,2167.3,914.0,3613.5,2045.2,2305.9,1676.0,1625.9,1942.6,904.0,1432.0,945.1,1798.9,1276.4,4275.7,6693.1,4758.4,1479.5,133.2
2026-08-29 08:15:00,668.0,430.6,663.9,1252.6,721.7,320.0,96.0,11.8,230.1,34.7,192.2,1684.9,5057.3,7469.7,2055.6,1601.5,182.1,74.9,1455.1,1660.5,435.8,508.8,4733.5,5106.9,2204.8,913.1,3632.8,2011.5,2316.9,1666.4,1629.0,1948.5,907.3,1472.3,945.1,1785.2,1284.2,4296.2,6751.1,4736.3,1474.3,137.6
2026-08-29 08:30:00,656.9,449.3,646.2,1273.8,735.7,325.1,96.4,12.3,226.7,38.7,215.6,1676.2,5135.4,7209.3,2099.6,1602.6,136.0,74.5,1488.5,1636.4,452.4,504.4,4754.9,5085.3,2229.9,887.3,3645.7,2008.0,2320.7,1657.6,1631.4,2037.6,914.3,1528.4,958.2,1784.6,1295.7,4311.3,6813.4,4723.2,1474.1,141.3
2026-08-29 08:45:00,651.6,458.7,625.9,1296.2,732.4,330.9,101.5,7.7,209.6,53.7,249.8,1697.3,5219.0,7043.6,2120.5,1624.9,82.2,63.3,1766.4,1644.2,494.0,539.8,4757.6,5083.8,2261.1,886.7,3657.6,2005.9,2337.9,1650.8,1634.2,2079.4,921.7,1596.5,972.1,1784.8,1309.6,4337.3,6885.2,4722.8,1481.8,145.9
2026-08-29 09:00:00,621.4,482.1,824.6,1315.8,736.5,340.1,190.8,20.5,224.5,62.6,316.1,1732.1,5320.1,7372.8,2182.1,1633.7,48.0,114.8,1682.2,1555.3,497.4,571.5,4741.7,5094.7,2348.6,918.9,3565.5,1841.7,2374.1,1586.6,1662.8,2090.4,944.0,1750.0,975.0,1768.2,1333.0,4484.5,6972.1,4685.5,1498.4,145.3
2026-08-29 09:15:00,617.6,493.0,804.8,1332.8,735.4,349.8,190.5,20.7,201.5,77.3,345.3,1759.7,5311.6,7154.9,2171.0,1555.3,95.0,114.2,1772.0,1424.9,506.3,204.9,4801.3,5133.6,2377.7,918.2,3576.6,1829.3,2383.3,1579.6,1669.6,2087.5,947.2,1797.8,983.3,1772.5,1347.3,4498.7,7039.2,4688.6,1498.5,155.9
2026-08-29 09:30:00,614.0,502.4,786.1,1342.2,733.8,365.7,189.6,21.0,196.1,107.6,336.2,1796.6,5381.2,6897.9,2168.6,1471.9,60.6,93.7,1771.1,1379.9,507.9,214.4,4812.9,5169.8,2399.6,917.0,3593.2,1810.0,2385.8,1573.1,1666.9,2079.4,956.7,1851.3,989.1,1774.6,1357.7,4391.1,7085.9,4689.0,1489.6,165.3
2026-08-29 09:45:00,607.5,472.0,768.6,1351.6,731.4,381.0,203.8,21.3,196.5,137.2,348.3,1823.1,5497.0,5443.1,2122.2,1487.3,42.0,113.0,1780.5,1342.8,505.0,224.8,4811.5,5208.8,2429.2,917.0,3602.0,1789.8,2399.2,1568.4,1671.1,2074.9,961.0,1905.0,991.5,1780.2,1362.3,4400.2,7141.4,4675.7,1488.3,175.8
2026-08-29 10:00:00,608.0,535.1,762.6,1322.1,730.7,305.6,177.7,4.3,222.3,162.5,441.8,1922.8,5610.2,6762.7,2154.1,1499.1,0.0,119.6,1957.3,1407.5,503.3,181.0,4768.8,5120.0,2489.0,940.6,3720.8,1812.1,2422.2,1526.1,1685.4,2121.9,747.1,1612.2,981.7,1703.8,1387.9,4352.4,7189.4,4646.4,1494.5,189.0
2026-08-29 10:15:00,605.9,483.9,750.8,1318.7,727.4,303.8,177.5,4.6,220.4,172.7,445.1,1932.0,5705.6,6080.2,2090.7,1523.1,0.0,122.4,1967.0,1335.9,499.2,192.0,4831.3,5188.1,2507.6,941.2,3728.6,1793.2,2429.1,1519.8,1692.2,2124.3,749.3,1651.6,984.5,1715.1,1385.9,4353.6,7206.1,4641.1,1481.9,195.0
2026-08-29 10:30:00,616.9,504.4,738.1,1303.3,726.5,295.5,178.0,4.8,219.5,186.7,456.2,1906.3,6172.8,4840.0,2108.4,1505.4,0.0,123.2,1970.8,1150.8,501.1,208.1,4820.9,5255.9,2522.8,941.6,3738.1,1771.9,2426.8,1514.7,1704.4,2133.9,977.7,1911.5,988.2,1723.7,1387.1,4354.5,7222.3,4636.5,1478.2,185.6
2026-08-29 10:45:00,613.1,512.9,729.4,1293.6,725.3,285.1,176.9,5.0,219.3,86.8,466.9,1921.5,6244.6,4840.3,2066.8,1477.6,0.0,124.0,1999.7,1101.8,506.4,222.9,4808.6,5329.1,2542.0,942.2,3737.7,1752.0,2430.7,1508.3,1707.1,2122.8,979.5,1944.2,991.7,1730.1,1384.2,4248.4,7253.1,4640.4,1473.5,195.1
2026-08-29 11:00:00,616.3,513.0,940.8,1274.2,721.3,280.0,179.0,13.8,214.2,208.4,583.6,1898.6,6223.2,4519.4,2045.3,1479.8,49.4,179.4,2069.6,1067.8,541.2,218.0,4824.7,5315.3,2582.1,953.3,3709.4,1635.9,2452.2,1493.5,1692.3,2176.3,979.5,1835.9,992.1,1730.8,1462.3,4383.5,7284.2,4639.5,1442.7,214.2
2026-08-29 11:15:00,616.4,520.5,938.8,1254.5,719.2,276.1,178.3,14.0,211.8,129.0,588.1,1883.8,6219.6,4387.1,2027.6,1491.8,48.0,135.7,2069.5,1051.8,550.4,222.9,4831.0,5397.6,2591.9,954.7,3705.4,1625.7,2452.9,1485.2,1707.0,2118.4,966.4,1838.0,991.6,1744.6,1451.0,4308.1,7293.7,4648.9,1430.6,224.6
2026-08-29 11:30:00,614.1,526.1,940.8,1225.5,716.4,266.7,178.1,14.2,212.0,83.6,591.1,1872.4,6338.8,4344.4,2016.3,1510.9,64.4,93.8,2067.5,1062.8,621.0,224.5,4805.7,5480.8,2595.5,956.9,3704.9,1623.0,2452.3,1476.8,1705.4,2069.2,975.7,1855.1,993.2,1756.2,1435.3,4254.9,7288.6,4654.9,1421.4,231.8
2026-08-29 11:45:00,613.6,529.9,942.4,1195.0,717.2,258.5,192.9,14.1,210.6,76.9,597.3,1885.9,6496.1,4392.5,2007.0,1500.4,59.3,93.8,2094.0,1073.6,644.6,226.9,4800.7,5568.4,2595.0,958.0,3706.0,1621.9,2452.2,1468.3,1710.0,2069.0,975.1,1859.3,989.3,1775.6,1418.2,4139.1,7271.0,4659.6,1405.7,240.2
2026-08-29 12:00:00,620.2,530.2,969.5,1162.6,715.8,248.2,175.1,28.0,228.6,69.2,540.1,1916.1,6448.4,4280.3,2057.8,1452.3,84.2,104.4,2136.8,1080.4,684.9,220.7,4850.8,5610.7,2588.8,998.5,3661.6,1604.3,2457.6,1434.4,1698.0,2217.8,970.6,1951.1,989.3,1763.5,1374.1,4112.4,7397.8,4765.1,1387.9,265.5
2026-08-29 12:15:00,626.3,528.7,978.7,1128.5,715.1,245.6,189.6,28.3,232.0,63.4,540.9,1922.6,6331.4,4277.6,2048.6,1461.9,107.3,98.2,2103.3,1090.4,686.6,185.1,4856.0,5673.6,2590.1,1000.5,3649.3,1603.2,2456.9,1425.5,1695.7,2227.1,976.6,1955.3,988.4,1755.0,1360.2,4049.2,7375.7,4732.2,1377.7,283.4
2026-08-29 12:30:00,629.0,525.5,991.1,1082.6,714.3,241.2,190.5,28.4,239.9,105.3,545.6,1934.1,6395.2,4266.2,2040.6,1476.8,136.7,98.2,2095.1,1098.8,737.5,109.4,4859.9,5725.1,2586.6,1001.5,3654.9,1597.0,2452.4,1417.2,1696.4,2226.9,973.6,1958.0,990.5,1774.1,1359.9,4040.4,7365.0,4734.8,1374.8,298.4
2026-08-29 12:45:00,626.4,538.4,1002.0,1046.3,721.2,236.4,191.5,28.6,242.1,93.2,535.5,1939.9,6430.4,4263.9,2028.9,1491.5,134.9,98.2,2136.2,1103.5,740.5,102.5,4859.6,5685.5,2590.0,998.6,3656.1,1590.9,2457.6,1407.9,1701.1,2229.3,967.4,1985.7,985.3,1788.2,1373.1,4039.3,7365.5,4749.3,1373.2,311.1
2026-08-29 13:00:00,628.5,518.6,975.6,999.3,730.5,230.2,206.3,68.8,243.4,36.7,545.0,1909.1,6172.0,4275.4,2035.1,1451.2,96.7,107.0,2147.5,1086.7,741.5,93.9,4857.8,5812.8,2579.4,1008.2,3691.4,1589.4,2474.9,1383.2,1692.7,2089.4,967.2,1762.2,989.4,1799.5,1409.8,4031.7,7344.2,4745.6,1369.9,333.3
2026-08-29 13:15:00,634.6,514.7,1001.1,901.7,734.3,218.0,193.6,68.8,246.8,50.9,538.2,1905.4,6258.4,4265.4,2028.6,1450.6,155.0,100.9,2171.5,1090.3,725.6,93.0,4857.1,5836.0,2579.8,1007.9,3694.8,1584.8,2474.2,1374.0,1691.9,2091.4,971.0,1776.1,987.3,1823.5,1427.2,4045.6,7342.8,4782.8,1366.6,342.7
2026-08-29 13:30:00,644.4,508.9,1023.2,848.5,734.3,204.5,207.5,68.6,215.3,64.0,522.8,1876.1,6267.8,4266.3,2024.6,1443.4,153.5,100.8,2183.3,1093.6,742.0,91.0,4862.0,5851.1,2580.5,1009.5,3696.0,1582.4,2468.9,1364.6,1695.4,2097.1,966.5,1776.1,986.7,1884.5,1436.1,4078.8,7349.1,4756.2,1368.0,351.6
2026-08-29 13:45:00,654.9,507.0,1045.1,803.9,736.7,194.9,207.5,68.6,211.6,57.6,501.9,1899.7,6272.3,4243.1,2014.9,1450.7,152.4,103.7,2176.6,1092.8,743.7,90.0,4857.7,5853.1,2577.9,1008.4,3687.6,1580.9,2469.6,1354.4,1696.7,2102.0,964.1,1776.5,984.5,1879.2,1431.2,4063.2,7312.6,4780.8,1371.7,355.5
2026-08-29 14:00:00,660.6,498.6,1076.3,752.9,736.1,189.8,211.4,28.7,216.0,38.8,533.1,1982.6,6473.2,4268.9,2030.0,1432.3,62.1,97.6,2104.7,1105.5,725.8,91.2,4867.7,5752.7,2577.9,1015.2,3707.2,1560.5,2516.5,1329.4,1699.2,2239.7,956.4,1705.9,981.5,1846.2,1420.2,4006.4,7188.2,4660.7,1367.7,368.8
2026-08-29 14:15:00,666.9,484.7,1098.9,698.5,736.4,181.2,203.2,28.3,216.4,33.5,527.2,1987.2,6462.5,4225.9,2052.3,1407.9,61.5,103.8,2074.6,1101.9,723.3,89.4,4876.7,5790.6,2574.8,1015.5,3715.9,1561.1,2515.0,1319.9,1700.7,2209.1,956.6,1696.6,977.9,1853.4,1415.3,3993.0,7149.7,4658.3,1371.5,368.6
2026-08-29 14:30:00,682.2,476.2,903.7,646.2,740.1,174.1,201.7,28.2,228.5,35.7,535.0,1994.5,6381.1,4282.3,2054.3,1404.4,61.7,97.7,2071.0,1099.5,722.6,89.8,4883.0,5779.2,2572.5,1015.8,3711.3,1564.8,2510.9,1320.2,1693.7,2125.4,959.2,1694.0,979.7,1860.6,1421.2,3934.8,7134.4,4652.7,1369.2,375.7
2026-08-29 14:45:00,696.1,466.1,926.3,586.8,743.0,166.1,201.7,28.4,235.5,41.4,525.4,1987.1,6271.9,4249.0,2065.0,1404.7,70.1,97.6,2068.9,1130.2,716.6,85.0,4885.1,5814.5,2581.1,1016.4,3713.4,1568.0,2511.2,1314.7,1693.5,2125.3,956.5,1698.8,981.3,1881.1,1440.5,3971.1,7136.0,4643.5,1377.2,377.6
2026-08-29 15:00:00,705.3,497.3,970.0,533.8,735.2,178.5,133.0,28.2,260.8,34.8,564.2,1955.4,5589.2,5533.6,2052.8,1442.1,51.3,89.8,2170.0,1098.5,673.4,83.7,4904.5,5851.5,2540.8,1021.7,3745.9,1623.5,2554.1,1245.3,1692.8,2288.4,958.7,1663.9,988.9,1961.1,1370.9,4101.0,7133.5,4624.8,1387.0,386.0
2026-08-29 15:15:00,715.7,510.4,1025.2,550.0,735.8,166.6,131.5,28.1,269.2,31.1,555.3,1949.2,5547.3,6125.3,2081.2,1427.3,64.5,89.9,2163.7,1089.3,674.6,83.5,4920.7,5845.3,2548.7,1022.7,3743.4,1624.9,2556.3,1238.7,1698.1,2293.6,959.9,1670.7,992.0,1968.4,1394.3,4176.8,7140.5,4619.7,1393.7,381.0
2026-08-29 15:30:00,727.7,497.7,853.0,512.4,745.1,147.0,128.9,27.9,271.9,26.4,552.4,1923.4,5539.8,6031.7,2154.6,1597.3,70.4,89.9,2016.5,1078.8,558.6,140.6,4949.6,5854.4,2554.0,1023.8,3751.1,1624.5,2552.0,1241.7,1697.2,2333.4,966.6,1659.7,995.8,1973.9,1411.5,4246.4,7151.7,4637.6,1410.9,378.6
2026-08-29 15:45:00,737.5,525.0,893.2,485.5,743.6,192.4,128.6,29.3,255.7,23.8,545.3,1926.8,5584.1,5862.9,2166.4,1558.4,49.1,156.3,1909.6,1550.0,581.8,667.2,4822.4,5863.4,2563.4,1027.3,3756.4,1645.2,2556.0,1249.5,1697.5,2109.9,966.4,1653.8,995.6,1971.6,1423.2,4396.7,7161.9,4642.3,1416.0,423.6
2026-08-29 16:00:00,752.2,540.2,928.1,512.8,748.4,180.6,64.9,81.4,277.4,23.0,540.3,1845.0,5645.8,5783.3,2156.6,1425.3,5.8,92.8,1928.6,1109.1,566.9,286.7,4925.3,5908.3,2584.2,881.5,3720.3,1823.3,2633.2,1183.5,1699.2,2324.4,973.9,1624.2,1003.3,2046.5,1380.8,4348.3,7225.5,4707.0,1417.6,367.3
2026-08-29 16:15:00,729.7,505.5,966.7,619.5,755.4,161.9,64.1,90.9,278.1,20.1,535.7,1837.1,5676.6,5884.1,2211.3,1549.5,8.5,116.6,1763.4,1710.0,580.9,543.4,4933.6,5886.9,2596.5,917.6,3730.4,1824.2,2635.5,1194.5,1697.9,2327.9,981.6,1597.9,1004.2,2045.3,1385.8,4335.4,7259.9,4726.4,1428.8,418.3
2026-08-29 16:30:00,734.4,526.4,1010.4,675.0,759.5,144.2,63.9,90.5,283.2,19.0,539.3,1845.8,5627.7,6222.3,2245.2,1587.2,44.0,93.8,1625.4,1784.3,568.3,727.8,4917.6,5867.6,2605.2,925.1,3661.6,1879.5,2631.9,1199.2,1707.0,2160.8,981.8,1579.9,1008.9,2055.3,1389.4,4528.3,7301.0,4718.6,1448.6,455.7
2026-08-29 16:45:00,743.6,535.6,1052.1,680.3,758.5,185.3,59.2,101.0,278.5,16.4,539.9,1850.6,5388.2,6482.3,2282.6,1557.6,67.0,93.5,1618.2,1914.5,564.4,710.5,4923.8,5868.0,2615.3,924.4,3663.3,1881.2,2634.8,1194.6,1703.9,2191.8,981.5,1669.5,1016.8,2055.4,1392.3,4531.4,7341.5,4722.4,1469.9,462.9
2026-08-29 17:00:00,785.6,550.2,1056.3,661.1,743.9,213.7,26.0,146.4,300.8,14.9,352.1,1872.0,5363.0,5601.4,1976.9,1585.4,168.1,81.0,1667.4,1761.3,533.3,710.7,5128.1,5926.1,2640.4,952.2,3502.0,1868.0,2715.4,1463.5,1650.6,2124.6,987.2,1875.9,1022.0,2122.6,1434.5,4380.8,7256.6,4934.2,1470.5,450.2
2026-08-29 17:15:00,757.6,541.6,1071.0,656.6,739.9,198.2,24.2,145.8,305.8,12.2,364.6,1894.5,5254.1,5747.8,2004.5,1566.0,189.9,87.5,1458.5,1748.9,510.6,698.8,5148.4,5932.5,2650.1,960.4,3501.4,2056.7,2715.8,1469.2,1651.8,2371.0,986.6,2334.5,1028.6,2041.1,1507.1,4288.4,7241.0,4955.9,1490.8,439.6
2026-08-29 17:30:00,785.8,521.3,1100.9,853.6,744.8,166.7,24.2,145.3,305.8,10.1,383.0,1874.1,4010.4,5705.4,2025.9,1555.1,186.9,67.8,1456.4,1863.7,504.8,695.1,5164.6,5947.6,2649.4,1064.8,3504.4,2370.8,2721.2,1484.3,1653.1,2369.5,985.7,2541.9,1030.7,2047.9,1394.3,4260.3,7283.5,4944.2,1505.7,425.0
2026-08-29 17:45:00,772.6,512.9,1125.6,841.9,734.4,143.4,22.1,144.9,314.6,17.0,388.4,1890.6,3477.1,5469.7,2084.4,1582.5,167.6,67.7,1454.2,2095.1,501.7,691.5,5215.6,5836.7,2658.6,1278.3,3438.8,2632.9,2722.6,1483.2,1654.5,2480.2,985.4,2677.2,1034.0,2050.7,1391.6,4439.9,7298.1,5025.4,1506.0,413.7
2026-08-29 18:00:00,784.9,509.5,1155.6,873.7,753.7,370.3,14.0,121.3,294.6,8.0,401.4,1901.1,3691.4,5673.2,1875.3,1698.2,209.7,27.2,1811.6,2025.3,500.2,662.9,5187.9,5892.9,2639.3,1344.1,3376.3,2799.9,2751.1,1623.8,1651.8,2391.1,1010.3,2939.9,1025.3,1977.0,1471.5,4319.8,7316.1,5094.8,1510.0,458.7
2026-08-29 18:15:00,783.2,550.3,1169.7,677.1,747.3,393.0,12.8,120.7,301.3,6.0,411.8,1876.1,3050.4,5026.7,1926.8,1733.0,224.6,26.3,1669.2,1965.4,508.7,635.3,5341.6,5750.8,2638.8,1367.7,3356.2,3367.9,2751.7,1624.2,1647.7,2525.1,1008.2,2878.9,1021.5,1985.7,1428.5,4512.7,7300.6,5227.9,1505.1,454.3
2026-08-29 18:30:00,789.2,574.3,1172.9,670.8,754.2,391.4,6.3,115.4,312.0,29.0,422.6,1840.4,2717.4,4704.7,1918.4,1795.2,227.2,28.7,1677.1,1906.9,520.0,631.6,5340.8,5773.9,2635.5,1370.1,3312.1,4018.0,2748.5,1623.7,1642.7,2520.1,1011.3,2836.1,1023.4,2013.7,1435.3,4484.6,7312.1,5251.8,1518.3,448.7
2026-08-29 18:45:00,790.8,588.2,1186.1,664.5,763.9,388.5,6.3,119.4,321.7,36.2,419.9,1813.1,2740.0,4479.3,1934.8,1904.0,227.9,24.4,1636.2,1978.9,517.0,617.8,5324.7,5798.9,2639.7,1373.4,3316.7,4262.1,2751.2,1622.8,1643.1,2525.9,1007.5,2857.1,1017.1,2009.1,1446.3,4456.9,7318.1,5249.9,1518.3,442.9
2026-08-29 19:00:00,790.5,601.9,1195.4,684.0,764.1,428.4,14.1,107.0,320.9,64.6,323.8,1734.3,2702.5,4083.2,1694.3,2091.9,328.7,23.0,1670.7,1721.6,529.8,577.7,5296.0,5687.6,2616.2,1383.6,3270.0,4603.4,2769.4,1654.9,1641.1,2577.8,1017.6,2741.8,1014.6,1938.1,1452.4,4381.3,7335.1,5359.9,1531.5,456.5
2026-08-29 19:15:00,789.9,603.4,1203.0,693.1,770.5,423.9,14.0,106.7,325.6,83.4,297.1,1709.3,2701.3,4151.1,1707.1,2067.7,348.6,23.0,1522.6,1671.8,534.3,572.5,5294.7,5726.5,2615.5,1386.5,3274.1,4844.9,2768.9,1654.7,1644.2,2580.0,1019.7,2721.9,1009.7,1948.9,1454.4,4347.5,7332.1,5375.3,1529.8,454.5
2026-08-29 19:30:00,789.5,596.1,1210.1,710.2,770.5,428.6,17.7,108.0,329.7,119.9,261.7,1681.5,2698.5,4157.7,1683.7,2104.3,360.5,23.0,1515.6,1478.3,530.8,562.9,5283.9,5774.6,2608.1,1391.9,3284.2,5099.1,2764.7,1654.7,1650.0,2584.5,1020.4,2690.6,1008.1,1897.0,1444.4,4319.8,7325.0,5362.4,1539.5,451.4
2026-08-29 19:45:00,790.2,592.3,1217.9,699.3,770.1,419.8,17.6,110.5,330.8,117.7,254.5,1704.5,2620.0,4127.9,1697.5,2138.3,355.8,23.0,1518.2,1624.7,533.7,553.1,5271.8,5791.2,2608.5,1306.6,3284.2,5099.2,2764.3,1653.6,1644.5,2579.2,1018.2,2773.0,1002.5,1888.5,1422.6,4217.8,7334.0,5388.9,1532.5,485.2
2026-08-29 20:00:00,788.2,557.0,1205.8,728.8,772.2,417.6,13.8,124.9,327.1,115.5,271.3,1673.7,2612.5,3910.3,1744.0,2197.9,200.3,36.8,1537.5,1421.7,531.2,555.1,5173.4,5787.2,2602.4,1394.3,3219.6,5149.4,2768.3,1646.4,1644.6,2606.4,1019.4,2785.5,999.1,1551.2,1402.7,4209.9,7339.6,5367.8,1541.2,493.1
2026-08-29 20:15:00,787.3,556.8,1205.3,737.7,770.4,413.8,14.2,122.4,322.9,114.1,267.5,1662.9,2611.8,4000.4,1768.3,2155.9,218.4,36.8,1557.5,1357.4,535.7,522.8,5162.3,5821.2,2595.4,1397.2,3217.5,5150.8,2765.7,1645.5,1641.5,2596.1,1018.0,2742.2,992.9,1534.6,1385.2,4156.6,7325.5,5376.3,1536.5,488.8
2026-08-29 20:30:00,780.6,550.5,1199.9,749.1,767.0,404.7,16.6,126.1,318.6,109.5,221.5,1651.3,2624.3,4087.3,1774.9,2141.1,251.8,55.4,1555.0,1335.0,538.9,496.9,5157.2,5855.4,2585.0,1401.2,3223.8,5155.6,2763.6,1645.4,1646.7,2613.1,1019.0,2792.0,991.8,1519.1,1385.4,4085.0,7310.0,5351.6,1540.6,433.5
2026-08-29 20:45:00,773.4,544.9,1187.6,762.9,761.8,402.4,17.5,127.5,319.0,108.4,228.2,1650.5,2731.2,4262.7,1782.2,2143.3,250.0,36.8,1552.7,1354.2,538.4,486.5,5145.8,5893.7,2586.5,1403.1,3226.5,5161.7,2763.2,1645.6,1641.0,2584.9,1018.3,2679.6,993.9,1506.9,1403.5,4068.0,7297.7,5372.9,1535.9,458.7
2026-08-29 21:00:00,754.9,491.8,1164.0,778.4,744.3,303.8,1.2,87.9,327.8,120.0,237.4,1667.8,2661.1,4214.8,1771.1,2174.9,279.4,42.5,1575.6,1159.9,520.7,482.5,5152.0,5955.1,2582.8,1414.3,3216.3,5123.8,2758.2,1592.2,1634.2,2646.1,1017.5,2813.6,995.7,1547.6,1418.3,3922.5,7211.6,5381.5,1526.5,424.4
2026-08-29 21:15:00,744.6,477.9,1140.9,765.8,730.9,304.6,1.2,88.0,323.8,116.5,258.9,1659.0,2653.4,4177.7,1791.5,2149.3,270.8,40.8,1557.7,1125.9,521.8,457.1,5158.7,6047.4,2572.8,1415.3,3207.9,5117.0,2756.7,1592.1,1633.0,2629.8,1011.7,2714.7,993.7,1539.7,1436.1,3863.2,7162.1,5368.6,1506.9,424.8
2026-08-29 21:30:00,735.2,447.6,1127.3,771.0,716.4,291.3,1.9,87.9,323.5,55.9,241.9,1657.5,2604.1,4249.8,1836.2,2124.0,269.4,40.8,1562.1,1079.5,521.0,433.1,5150.5,6071.1,2552.7,1395.1,3205.7,5116.3,2752.8,1592.1,1634.4,2624.1,1025.8,2684.1,997.3,1555.6,1442.1,3798.5,7097.6,5366.0,1500.9,426.6
2026-08-29 21:45:00,736.1,412.8,1098.5,759.9,708.6,288.2,1.5,82.9,316.2,51.6,247.6,1648.7,2600.9,4043.7,1842.0,2101.9,268.1,43.5,1558.1,1052.5,525.6,418.7,5132.3,6150.2,2539.8,1395.7,3202.7,4626.6,2749.9,1593.7,1633.8,2624.7,1001.5,2672.5,991.8,1550.8,1428.6,3708.3,7049.8,5332.1,1484.1,425.4
2026-08-29 22:00:00,718.8,451.1,1068.5,701.4,684.4,260.0,2.3,115.3,294.5,58.8,215.1,1664.3,2576.3,4544.9,1798.7,2150.2,156.8,43.4,1584.0,986.8,505.8,441.9,5036.0,6170.8,2503.7,1404.2,3285.4,5122.0,2739.3,1597.6,1612.2,2683.7,1005.7,2586.7,979.9,1661.8,1549.2,3550.3,6920.5,5173.8,1456.1,374.9
2026-08-29 22:15:00,707.2,392.5,1040.5,702.1,678.0,277.3,2.2,115.4,289.2,50.4,197.7,1661.0,2573.0,4400.1,1799.3,2135.0,175.5,43.4,1583.7,900.5,503.1,416.2,5013.6,6187.9,2478.3,1388.9,3272.6,4814.3,2735.0,1600.9,1611.8,2685.5,1002.2,2587.9,970.8,1680.3,1524.1,3455.1,6872.1,5135.8,1437.6,373.6
2026-08-29 22:30:00,719.9,386.2,1014.8,704.0,668.2,272.0,4.5,110.4,300.3,50.1,170.4,1678.8,2646.0,4391.7,1824.4,2153.1,134.2,43.4,1581.7,874.4,497.7,403.5,4983.6,6273.1,2455.4,1347.5,3260.6,4643.2,2729.1,1601.2,1604.8,2462.8,998.5,2608.6,969.8,1710.6,1505.9,3403.3,6817.3,5100.0,1434.4,376.0
2026-08-29 22:45:00,748.0,363.2,1008.9,884.1,700.3,270.3,4.7,110.4,292.8,49.2,165.5,1675.5,2761.7,4458.7,1814.8,2136.7,132.9,43.4,1583.6,845.7,502.1,386.2,4950.4,6286.0,2437.3,1304.8,3256.4,4052.5,2726.4,1605.6,1602.5,2115.3,991.7,2655.2,968.0,1735.4,1484.7,3388.4,6813.1,4991.1,1422.4,370.3
2026-08-29 23:00:00,677.7,373.7,957.6,699.2,653.5,74.9,1.4,94.7,280.2,42.0,151.5,1664.7,2661.1,4598.9,1787.9,2156.7,112.2,45.6,1406.7,769.9,488.3,368.8,4839.5,6170.1,2360.7,1369.8,3182.1,3439.7,2706.2,1623.7,1580.3,2706.9,991.0,2572.0,967.5,1662.9,1481.4,3138.5,6718.4,5052.9,1437.1,372.6
2026-08-29 23:15:00,677.7,371.3,946.0,691.2,643.7,74.6,1.0,95.8,275.8,39.7,150.1,1657.9,3053.1,5059.0,1771.6,2149.5,91.6,45.6,1407.5,748.6,483.7,355.9,4798.3,6261.0,2329.2,1353.3,3173.0,3050.6,2702.1,1635.4,1573.9,2458.6,983.6,2563.4,964.1,1689.5,1467.8,3175.0,6663.8,5030.3,1426.0,367.8
2026-08-29 23:30:00,688.5,367.3,933.5,679.4,643.7,73.4,1.5,89.7,268.5,47.2,147.3,1686.7,3085.6,5193.1,1766.3,2179.4,91.0,45.6,1398.0,733.5,482.2,345.7,4764.7,6237.0,2305.0,1342.4,3229.5,3050.1,2693.1,1635.0,1574.3,2448.3,980.8,2541.1,958.6,1692.8,1445.6,3061.3,6605.8,5018.8,1415.1,361.8
2026-08-29 23:45:00,696.3,366.1,944.4,671.5,638.9,72.0,7.3,89.7,256.3,45.2,135.4,1681.8,3122.3,5000.7,1733.2,2180.0,90.2,58.7,1398.4,714.6,482.5,331.7,4724.4,6308.5,2274.6,1306.1,3214.0,2630.6,2689.7,1637.4,1572.4,2118.6,973.7,2555.2,949.6,1751.5,1415.4,3086.0,6543.0,5034.4,1392.3,359.6
