date,EE_buy,EE_sell,LT_buy,LT_sell,LV_buy,LV_sell,AT_buy,AT_sell,BE_buy,BE_sell,FR_buy,FR_sell,GER_buy,GER_sell,NL_buy,NL_sell,PL_buy,PL_sell,DK1_buy,DK1_sell,DK2_buy,DK2_sell,FI_buy,FI_sell,NO1_buy,NO1_sell,NO2_buy,NO2_sell,NO3_buy,NO3_sell,NO4_buy,NO4_sell,NO5_buy,NO5_sell,SE1_buy,SE1_sell,SE2_buy,SE2_sell,SE3_buy,SE3_sell,SE4_buy,SE4_sell
2026-09-19 00:00:00,714.9,443.1,914.7,980.1,653.4,202.8,2.0,33.4,287.9,58.4,508.5,1244.9,3675.0,5719.8,1788.5,1458.4,143.7,0.5,1194.3,3121.9,450.1,817.0,4764.2,5145.3,2594.2,1281.4,3463.3,4462.7,2730.5,1907.2,1715.7,3063.5,1055.3,1230.2,989.7,1821.8,1515.9,3166.1,6906.5,5345.4,1405.1,722.3
2026-09-19 00:15:00,709.1,444.4,912.3,974.7,657.9,203.2,2.0,32.8,280.9,58.5,509.7,1246.9,3675.7,5459.7,1890.5,1426.1,169.1,0.6,1200.5,3114.7,463.0,823.0,4742.3,5142.4,2567.7,1281.2,3450.6,4475.8,2720.6,1872.7,1719.1,3142.8,1049.0,1222.6,978.0,1818.8,1552.3,3092.8,6834.2,5344.4,1391.2,726.7
2026-09-19 00:30:00,702.2,445.9,901.6,957.6,651.3,203.9,2.0,31.3,276.8,46.0,514.9,1257.6,3680.0,5307.7,1953.9,1373.1,170.9,0.6,1199.1,3015.5,463.1,826.8,4728.0,5140.1,2537.4,1281.1,3426.7,4486.3,2721.3,1862.0,1712.3,3158.9,1044.0,1224.3,975.1,1816.6,1557.1,3029.8,6794.4,5297.0,1384.9,724.5
2026-09-19 00:45:00,696.3,447.5,891.2,948.4,656.3,199.6,2.0,32.0,272.8,28.4,514.1,1275.4,3681.4,5324.3,1975.7,1298.7,169.5,0.6,1195.2,3038.7,463.3,828.1,4701.9,5147.5,2507.1,1281.2,3416.5,4496.9,2715.6,1850.2,1712.8,3133.7,1036.0,1226.4,969.3,1814.5,1551.7,2987.7,6749.0,5265.4,1370.1,726.4
2026-09-19 01:00:00,694.8,449.0,862.3,927.8,654.6,186.6,12.0,22.2,263.4,51.8,523.7,1280.4,3603.5,5390.1,1928.3,1198.9,135.1,0.0,1365.3,3179.2,466.5,819.5,4642.2,5121.9,2436.0,1275.5,3349.0,4887.3,2682.1,1795.6,1677.3,3009.5,1015.1,1205.2,959.2,1794.6,1536.7,2811.3,6662.9,5292.6,1343.2,706.0
2026-09-19 01:15:00,693.3,449.5,855.8,902.2,652.4,186.1,12.0,22.7,260.3,41.2,510.3,1283.8,3599.5,5438.6,1919.6,1160.3,132.9,0.0,1360.4,3131.0,461.0,824.8,4628.7,5130.8,2414.0,1276.4,3336.0,4900.1,2680.7,1771.8,1672.9,2959.8,1010.3,1204.8,958.7,1792.8,1542.0,2757.2,6631.9,5285.1,1336.6,695.7
2026-09-19 01:30:00,686.1,449.7,846.8,897.6,638.1,186.2,12.0,25.2,261.5,43.0,498.6,1286.5,3598.5,5497.3,1916.6,1187.9,126.8,19.4,1364.9,3143.2,469.2,828.9,4609.9,5140.1,2390.2,1276.3,3335.4,4916.7,2677.3,1715.4,1672.2,2945.2,1005.8,1204.5,957.0,1791.2,1537.6,2684.3,6595.1,5283.5,1329.9,686.3
2026-09-19 01:45:00,683.0,450.2,839.8,941.2,639.6,186.3,12.1,26.4,256.7,34.2,507.8,1309.0,3592.3,5480.2,1913.3,1151.8,106.6,19.5,1504.2,3165.0,466.7,834.7,4593.0,5107.1,2368.3,1277.1,3327.7,4932.3,2669.4,1701.2,1674.1,2937.5,1002.7,1203.8,964.8,1789.6,1532.6,2640.5,6577.1,5279.8,1323.4,680.9
2026-09-19 02:00:00,684.5,450.0,839.5,951.0,631.8,180.2,1.1,54.6,248.2,33.2,432.2,1302.1,3519.3,5495.6,1807.7,977.8,132.7,15.0,1295.9,3089.1,455.0,841.4,4548.1,5095.3,2320.0,1272.5,3402.1,4325.9,2642.6,1709.0,1678.9,2924.1,948.8,1272.1,959.5,1749.0,1524.7,2546.5,6515.0,5281.1,1317.8,682.0
2026-09-19 02:15:00,682.7,447.9,837.7,935.8,629.8,180.2,1.1,56.1,242.3,33.5,434.8,1305.1,3513.6,5573.9,1802.9,961.7,131.9,15.0,1290.6,3100.6,466.0,844.1,4545.2,5101.6,2308.5,1272.5,3392.4,4336.7,2641.8,1710.5,1682.9,2684.6,946.5,1272.1,957.0,1748.3,1519.1,2424.7,6501.6,5229.8,1316.9,668.5
2026-09-19 02:30:00,683.7,443.8,833.8,839.2,630.6,180.4,1.0,56.8,244.3,28.8,443.7,1310.4,3511.0,5570.5,1811.8,945.7,132.1,15.0,1286.3,3113.4,460.0,850.9,4522.9,5115.3,2297.2,1273.5,3383.5,4344.9,2639.9,1710.0,1692.8,2545.1,943.1,1271.8,961.3,1747.8,1515.1,2388.8,6478.3,5181.4,1310.4,666.2
2026-09-19 02:45:00,679.8,423.3,837.2,825.1,629.0,180.5,1.1,57.8,246.0,27.0,427.8,1313.0,3503.7,5662.8,1793.4,939.2,121.6,19.3,1283.3,3101.9,461.2,857.3,4510.5,5125.3,2286.1,1273.4,3377.8,4352.2,2641.2,1698.2,1705.8,2419.9,939.8,1271.5,960.0,1747.0,1510.2,2393.0,6508.8,5117.3,1301.6,605.7
2026-09-19 03:00:00,677.9,437.4,838.4,910.8,624.5,179.7,1.0,40.6,270.0,26.0,199.0,1343.4,3710.4,5618.1,1651.4,725.5,161.3,0.0,1284.4,2885.4,466.5,864.9,4484.3,5130.0,2270.9,1262.1,3363.0,3989.4,2617.0,1702.4,1710.5,2581.5,1023.2,1303.0,963.8,1734.7,1506.4,2355.8,6552.1,5320.2,1296.4,675.5
2026-09-19 03:15:00,675.6,434.4,837.2,811.7,627.9,179.2,1.0,43.2,265.3,26.0,207.9,1344.8,3715.2,5705.7,1662.4,725.2,181.8,0.0,1279.0,2896.7,457.9,870.9,4475.5,5137.0,2262.4,1263.1,3357.9,3997.3,2615.7,1701.4,1710.7,2444.9,1023.4,1303.5,965.9,1734.7,1504.0,2301.8,6533.9,5282.3,1290.3,682.1
2026-09-19 03:30:00,673.7,432.0,840.8,809.9,629.2,178.8,1.0,44.4,270.1,26.1,211.2,1346.6,3725.1,5792.5,1669.2,716.5,182.1,0.0,1275.3,2904.8,456.7,879.6,4471.8,5144.0,2254.1,1264.0,3352.3,4009.7,2616.7,1695.8,1724.5,2395.6,1023.4,1303.9,969.9,1734.8,1501.2,2299.8,6519.7,5258.8,1288.6,622.5
2026-09-19 03:45:00,672.9,429.1,846.1,808.0,632.6,178.2,1.0,47.8,267.1,26.0,197.3,1348.3,3745.4,5866.1,1649.0,717.3,167.3,0.0,1277.6,2892.4,454.2,871.5,4534.6,5211.6,2244.9,1264.0,3350.3,4020.6,2619.0,1695.2,1724.3,2360.0,1020.7,1303.6,970.4,1735.0,1499.8,2305.8,6530.2,5255.3,1278.8,626.1
2026-09-19 04:00:00,676.6,428.1,876.5,816.5,636.9,128.5,1.0,49.9,260.8,26.0,191.3,1358.0,3663.7,5936.8,1691.7,671.0,168.7,0.1,1096.8,2864.0,458.1,879.0,4662.3,5300.7,2229.9,1245.2,3343.7,3773.5,2573.2,1719.4,1692.1,2509.5,1014.6,1188.5,968.4,1738.3,1498.0,2241.4,6404.0,5131.3,1280.3,697.2
2026-09-19 04:15:00,678.4,429.1,880.9,815.8,641.6,128.7,1.1,50.9,253.7,26.0,208.3,1358.6,4197.8,6019.6,1678.4,671.9,184.6,0.0,1082.9,2846.3,453.2,884.5,4572.0,5216.3,2226.6,1245.2,3340.3,3776.1,2569.0,1726.4,1681.5,2485.1,1013.3,1189.5,970.0,1738.4,1497.9,2236.0,6397.0,5135.7,1275.4,699.7
2026-09-19 04:30:00,680.2,429.7,884.6,814.2,647.6,128.6,1.1,49.3,248.8,26.0,203.6,1359.5,4194.6,6088.1,1643.4,681.6,185.2,0.0,1086.4,2740.5,455.7,888.3,4580.1,5223.9,2221.6,1245.1,3338.4,3772.1,2572.2,1731.2,1696.0,2452.6,1012.6,1190.7,977.2,1738.8,1497.4,2243.0,6376.5,5124.6,1271.8,703.2
2026-09-19 04:45:00,686.0,429.7,889.0,812.7,655.2,132.0,1.0,49.0,251.6,28.8,205.4,1359.6,4203.1,6151.5,1648.4,684.3,205.9,0.0,1101.2,2715.2,452.8,892.2,4495.7,5148.0,2218.6,1245.1,3336.7,3767.6,2572.6,1734.2,1696.3,2431.7,1010.6,1191.1,965.2,1738.9,1498.5,2223.6,6373.1,5114.2,1271.8,707.3
2026-09-19 05:00:00,689.9,346.3,881.9,694.5,663.2,112.6,12.0,77.2,261.6,21.0,132.4,1344.3,4130.8,6218.9,1723.3,674.8,180.4,0.9,1077.7,2718.0,438.6,898.8,4576.2,5207.3,2219.3,1255.6,3212.9,4226.6,2505.5,1697.2,1729.1,1992.8,1010.5,1391.0,968.1,1683.7,1503.4,2197.2,6381.4,5050.8,1274.1,642.8
2026-09-19 05:15:00,695.7,395.0,899.3,727.2,669.8,114.4,12.0,75.1,263.8,21.0,115.6,1343.6,4134.8,6259.0,1719.3,678.8,154.1,1.1,1078.3,2704.7,432.2,861.2,4584.5,5221.8,2223.1,1255.4,3216.7,4211.5,2508.4,1706.7,1729.4,2007.3,1009.6,1390.1,968.4,1684.4,1508.9,2190.7,6389.1,5055.7,1283.8,649.6
2026-09-19 05:30:00,699.8,399.7,907.9,738.4,674.7,114.9,12.0,73.3,265.8,21.0,131.9,1342.4,4154.2,6258.1,1677.5,686.7,171.2,1.3,1104.5,2687.1,432.9,899.9,4612.2,5234.0,2227.5,1256.2,3220.3,4194.0,2506.7,1713.8,1730.7,1987.2,1010.0,1389.7,961.5,1685.3,1515.0,2214.0,6393.5,5060.7,1286.4,657.0
2026-09-19 05:45:00,704.5,431.5,917.9,808.3,682.5,115.1,12.0,74.3,268.4,26.8,126.3,1340.6,4161.7,6290.6,1678.3,689.9,172.7,1.4,1112.2,2687.1,437.3,858.6,4626.8,5249.8,2235.3,1257.0,3229.0,4173.9,2511.5,1723.0,1731.3,2040.3,1015.1,1388.8,954.8,1685.6,1524.0,2169.9,6398.0,5088.5,1292.8,666.5
2026-09-19 06:00:00,703.3,433.6,929.9,809.6,689.5,117.6,1.0,87.9,263.3,41.7,172.8,1330.8,4112.4,6659.4,1652.7,737.5,158.2,20.0,1199.6,2808.2,439.2,913.6,4671.3,5321.2,2267.6,1261.2,3318.3,3699.1,2430.6,1707.8,1737.4,2134.8,972.8,1393.8,988.1,1741.5,1586.9,2316.3,6433.6,5121.4,1299.9,717.5
2026-09-19 06:15:00,708.4,435.3,942.9,809.7,701.3,122.5,1.0,87.9,264.7,42.7,168.5,1328.3,4115.2,6698.8,1661.7,749.5,138.4,1.7,1188.5,2884.8,442.3,916.6,4690.8,5345.8,2281.6,1261.1,3325.6,3671.4,2433.2,1719.7,1739.9,2159.1,976.9,1396.0,984.8,1741.9,1596.7,2358.2,6459.1,5158.4,1311.4,758.5
2026-09-19 06:30:00,708.4,440.2,954.9,812.5,709.7,131.7,1.0,87.8,268.9,41.7,201.7,1324.8,4119.6,6717.6,1612.0,723.9,158.4,1.7,1187.8,2821.5,442.1,915.9,4711.3,5359.3,2292.7,1261.1,3338.1,3643.9,2437.3,1736.0,1743.0,2182.4,981.8,1397.9,985.1,1742.6,1602.8,2378.8,6492.7,5176.7,1311.2,774.3
2026-09-19 06:45:00,713.8,473.2,956.1,821.6,716.1,142.9,1.0,87.8,280.2,41.7,211.8,1323.1,4115.1,6841.5,1616.6,737.2,158.4,1.7,1208.4,2878.9,445.2,915.2,4724.6,5369.9,2311.1,1260.0,3343.3,3618.1,2444.7,1745.6,1745.2,2188.0,983.3,1399.0,991.6,1743.0,1606.5,2370.0,6516.3,5186.0,1319.2,787.3
2026-09-19 07:00:00,714.9,473.1,937.8,926.7,727.1,185.1,1.0,83.1,283.9,43.7,137.1,1372.3,4237.7,6957.1,1610.3,794.6,108.4,89.5,1149.3,2921.0,449.0,939.1,4820.7,5342.1,2366.7,1289.7,3378.9,3379.5,2394.5,1792.8,1775.8,2282.3,997.8,1202.8,1004.3,1756.9,1606.6,2668.9,6568.3,5177.1,1314.4,811.6
2026-09-19 07:15:00,722.1,491.0,908.2,945.4,736.9,196.2,1.1,79.7,281.5,48.9,133.4,1378.1,4293.3,7036.0,1648.8,813.6,108.9,89.9,1248.8,2904.1,454.9,943.5,4837.3,5355.6,2396.1,1289.7,3393.4,3362.5,2406.2,1803.1,1778.7,2313.7,1003.3,1201.7,1010.4,1757.3,1609.4,2659.5,6614.4,5192.2,1325.2,831.3
2026-09-19 07:30:00,726.6,518.0,857.7,901.4,745.4,212.6,1.0,84.3,283.9,53.6,131.0,1382.0,4309.4,7115.2,1670.9,806.4,129.4,90.4,1253.5,2843.2,456.5,930.3,4855.8,5365.8,2421.9,1289.7,3414.7,3347.6,2412.9,1819.4,1782.0,2331.6,1010.1,1200.8,1018.7,1757.5,1621.1,2634.3,6636.9,5178.0,1332.8,849.8
2026-09-19 07:45:00,726.8,516.4,805.3,875.5,752.8,230.9,1.0,89.4,282.7,52.0,141.0,1386.1,4386.4,7205.2,1689.8,793.4,129.9,91.6,1272.8,2839.4,469.8,939.2,4870.9,5378.3,2453.0,1289.9,3416.8,3335.4,2427.3,1831.3,1787.8,2329.3,1018.1,1203.2,1022.3,1757.2,1623.6,2611.6,6685.8,5184.0,1340.3,855.6
2026-09-19 08:00:00,711.4,528.8,765.4,940.9,750.1,232.6,13.0,24.4,278.3,40.6,174.3,1355.8,4704.5,7249.4,1797.6,779.2,51.6,194.6,1289.8,2422.6,489.2,939.1,4914.0,5409.7,2526.5,1257.5,3410.9,3605.9,2457.8,1905.1,1802.2,1983.5,1071.9,1294.4,1016.3,1747.9,1627.8,2590.9,6805.8,5240.9,1375.2,884.7
2026-09-19 08:15:00,710.2,549.0,721.2,932.7,757.9,252.2,13.1,21.7,268.2,39.9,184.2,1370.1,4767.7,7276.4,1805.7,786.9,53.3,196.0,1271.3,2403.3,472.2,931.2,4920.7,5398.6,2561.2,1257.9,3427.0,3608.9,2469.1,1907.9,1803.2,1982.5,1079.8,1293.7,1030.2,1747.9,1639.5,2473.1,6865.6,5233.9,1389.3,904.2
2026-09-19 08:30:00,720.6,575.5,684.5,947.3,767.4,274.0,13.0,22.2,261.9,40.8,190.1,1390.4,4794.8,7325.6,1797.0,798.9,55.0,197.2,1263.9,2313.5,476.6,947.4,4923.8,5395.0,2590.7,1258.1,3449.8,3616.2,2481.4,1912.0,1820.9,1978.0,1085.2,1293.5,1031.6,1747.6,1643.7,2449.8,6922.7,5244.6,1391.0,922.5
2026-09-19 08:45:00,716.7,571.4,657.6,942.1,774.2,295.1,22.4,22.9,251.7,40.3,214.6,1409.9,5140.9,7389.5,1812.7,793.7,36.7,204.4,1267.5,2549.7,465.4,974.9,4928.5,5434.5,2623.4,1258.5,3461.4,3628.9,2493.2,1871.6,1825.8,1832.5,1092.8,1292.3,1038.4,1747.5,1648.5,2382.4,6971.7,5250.7,1404.8,927.5
2026-09-19 09:00:00,698.4,615.1,631.8,907.5,762.5,326.2,27.0,22.5,228.6,41.5,166.3,1449.9,5385.2,6928.9,1790.6,795.1,74.3,211.8,1434.9,2498.9,523.1,940.9,4951.2,5377.5,2719.9,1261.2,3562.3,3366.4,2523.5,1942.9,1827.2,2031.1,1128.2,1317.2,1051.4,1702.1,1655.3,2309.4,6993.9,5342.5,1409.9,971.7
2026-09-19 09:15:00,693.6,603.7,596.6,874.7,759.2,349.0,27.8,16.6,214.9,39.7,183.3,1478.7,5475.2,6987.5,1801.3,667.5,99.8,175.1,1471.1,2469.2,549.0,862.1,4948.5,5387.0,2747.5,1261.7,3573.6,3396.0,2527.4,1875.6,1839.8,1866.9,1131.1,1316.4,1049.0,1702.6,1653.3,2199.9,7033.3,5293.9,1474.8,974.4
2026-09-19 09:30:00,683.1,512.0,566.2,869.7,757.4,365.5,27.8,17.0,206.4,47.3,178.6,1541.6,5471.1,7091.2,1792.6,680.9,73.0,204.8,1492.8,2107.1,553.0,350.2,4963.4,5320.5,2768.5,1262.3,3589.2,3429.6,2531.7,1873.4,1846.1,1618.3,1138.0,1315.7,1056.7,1703.2,1648.1,2064.4,7075.6,5211.7,1481.3,883.5
2026-09-19 09:45:00,682.2,443.1,540.6,821.2,757.9,341.4,42.7,17.5,192.5,35.1,171.7,1599.9,5526.4,7071.4,1755.5,688.3,72.4,225.0,1676.1,1670.3,721.7,189.5,5143.9,5295.4,2800.2,1263.0,3589.2,3462.8,2537.4,1870.2,1848.1,1531.8,1139.0,1315.5,1056.2,1704.0,1635.1,2052.6,7107.6,5136.6,1496.4,822.5
2026-09-19 10:00:00,704.0,457.4,537.6,893.9,753.0,345.6,64.1,29.9,177.2,62.0,194.2,1666.4,5408.5,6899.8,1690.4,670.4,99.0,237.8,1833.1,1474.4,729.7,245.9,5184.4,5360.4,2841.1,1265.3,3789.4,3287.0,2550.6,1908.4,1854.9,1427.8,1142.7,1328.8,1039.7,1473.3,1610.9,1758.1,7199.0,5144.2,1497.1,841.9
2026-09-19 10:15:00,701.0,467.7,517.5,884.4,749.5,359.3,65.0,18.3,162.4,79.2,201.0,1706.7,5537.7,6435.0,1661.7,704.2,91.5,252.7,1842.7,1476.9,774.7,141.4,5302.5,5409.1,2848.4,1266.2,3782.3,3300.4,2552.1,1879.3,1856.3,1426.4,1142.9,1329.1,1051.0,1474.2,1594.5,1755.2,7209.4,5166.6,1506.6,852.1
2026-09-19 10:30:00,696.5,479.1,706.8,975.1,745.6,366.3,65.0,18.5,155.5,79.6,203.1,1756.8,5527.6,5922.7,1683.4,727.6,84.0,254.8,1843.4,1489.6,782.0,144.2,5311.7,5470.0,2853.3,1266.9,3783.9,3304.7,2549.4,1874.4,1859.8,1431.3,1144.2,1329.4,1047.6,1477.3,1582.0,1755.3,7230.9,5094.2,1504.9,862.4
2026-09-19 10:45:00,694.8,486.4,705.8,971.6,744.3,369.9,65.1,19.0,142.2,79.0,189.6,1775.4,5624.9,5338.0,1666.9,697.4,71.8,261.8,1876.7,1111.8,800.0,160.3,5324.9,5514.0,2856.2,1267.6,3776.0,3318.9,2553.5,1872.2,1854.5,1434.7,1145.2,1329.3,1037.5,1477.9,1571.1,1755.8,7244.9,5075.6,1516.1,872.2
2026-09-19 11:00:00,740.5,462.1,669.6,1020.4,800.0,373.9,52.6,11.9,143.5,74.8,216.2,1779.0,5506.2,4612.7,1604.9,705.3,93.7,181.3,2016.8,1290.5,830.0,152.0,5359.9,5399.4,2855.4,1268.4,3681.2,3654.7,2547.1,1819.3,1855.0,1401.6,1142.1,1258.0,1024.0,1271.0,1563.4,1779.5,7261.6,5215.6,1486.0,887.1
2026-09-19 11:15:00,740.9,465.7,669.2,1010.5,796.8,376.7,53.3,12.0,140.5,80.9,236.4,1775.8,5999.4,4673.9,1594.1,701.3,91.3,195.6,2010.0,1065.1,828.6,146.3,5361.6,5377.5,2853.4,1268.0,3674.4,3665.7,2544.6,1807.3,1853.1,1402.7,1142.5,1257.6,1026.2,1271.7,1554.7,1794.5,7287.6,5152.9,1490.8,896.3
2026-09-19 11:30:00,739.3,470.3,656.4,1055.6,795.5,378.4,54.5,12.3,182.1,49.7,238.6,1802.9,6856.1,4710.3,1588.4,697.4,88.9,203.3,2005.9,777.5,827.8,149.0,5355.4,5388.1,2844.7,1268.7,3673.1,3673.7,2541.6,1793.9,1851.5,1406.3,1142.3,1257.2,1035.4,1271.9,1547.5,1812.7,7292.7,5014.5,1490.4,903.3
2026-09-19 11:45:00,733.9,475.6,648.2,1043.9,792.1,376.7,54.8,12.6,171.7,48.2,241.7,1773.5,6931.7,4663.0,1579.7,695.2,86.5,219.4,2032.5,574.1,837.3,147.8,5347.4,5461.4,2840.1,1268.5,3668.1,3643.0,2538.4,1782.3,1852.3,1408.5,1144.0,1256.4,1032.0,1274.2,1543.8,1827.5,7303.0,4947.2,1488.3,909.5
2026-09-19 12:00:00,652.7,513.0,767.0,1023.9,785.6,377.1,30.3,20.8,148.9,46.6,148.4,1535.4,6656.6,4829.0,1665.7,604.9,100.9,179.9,2245.4,610.8,887.8,150.8,5308.8,5656.6,2824.2,1272.9,3741.7,3498.1,2582.9,1744.8,1825.5,1448.7,1135.6,1272.3,1018.3,1471.5,1389.1,1665.7,7273.5,4746.0,1487.3,859.7
2026-09-19 12:15:00,653.4,511.8,782.3,996.0,785.2,380.5,30.1,21.0,134.5,58.1,153.4,1465.7,6683.3,4863.5,1602.6,605.2,100.9,196.0,2245.7,601.9,883.5,148.3,5302.2,5655.9,2818.3,1273.0,3731.5,3477.9,2582.1,1735.0,1823.0,1453.1,1133.7,1272.8,1021.2,1475.1,1384.2,1679.7,7274.3,4757.4,1489.4,862.6
2026-09-19 12:30:00,640.5,503.2,786.4,998.4,786.5,375.5,48.1,21.1,116.6,55.1,164.4,1472.5,6649.4,4887.8,1541.2,629.9,100.9,195.8,2245.1,599.4,876.3,135.0,5303.8,5710.0,2810.3,1274.1,3738.1,3494.7,2578.0,1723.2,1821.6,1453.3,1136.0,1272.6,1027.2,1476.8,1379.7,1695.3,7271.5,4767.4,1492.2,864.3
2026-09-19 12:45:00,640.2,499.4,789.1,1007.4,789.4,372.3,47.8,21.2,107.9,50.0,145.3,1483.7,6997.4,4904.2,1502.3,637.1,100.9,195.4,2268.9,641.2,865.4,158.1,5303.1,5681.9,2801.4,1274.3,3729.6,3471.5,2573.9,1712.4,1821.9,1456.7,1133.0,1272.1,1019.9,1478.8,1371.9,1658.0,7268.8,4776.6,1493.2,867.1
2026-09-19 13:00:00,646.4,491.9,781.6,1088.8,733.7,371.1,36.8,12.1,111.1,48.4,201.6,1498.8,6964.2,4132.0,1566.4,554.1,98.3,129.8,2303.7,815.0,862.6,149.7,5270.1,5828.6,2788.8,1267.7,3740.5,3544.0,2601.7,1657.6,1803.8,1675.7,1130.9,1298.3,1008.4,1515.7,1363.1,1685.1,7394.0,4886.3,1479.5,870.7
2026-09-19 13:15:00,649.3,483.2,777.9,1071.8,736.8,375.9,37.9,12.0,104.3,54.3,191.0,1504.4,6921.1,4096.0,1516.4,552.4,98.3,143.8,2297.9,708.6,865.5,155.0,5266.1,5834.5,2784.0,1267.9,3738.3,3486.1,2599.8,1649.8,1802.2,1695.5,1133.5,1294.3,1008.4,1517.6,1357.3,1700.0,7384.5,4855.3,1472.5,874.4
2026-09-19 13:30:00,648.5,511.4,786.8,1070.0,736.4,379.3,36.3,11.8,100.2,61.6,186.0,1508.8,6909.8,4086.7,1508.9,582.0,98.3,142.8,2292.4,648.5,861.9,153.4,5269.5,5688.6,2776.7,1267.8,3739.9,3475.7,2594.5,1641.0,1802.7,1718.8,1134.1,1293.6,1017.9,1511.4,1355.2,1715.0,7382.0,4748.3,1475.9,877.1
2026-09-19 13:45:00,652.6,501.7,792.2,1082.2,736.0,389.8,36.1,11.5,97.3,63.6,177.3,1511.3,6865.8,4065.3,1496.1,589.1,98.3,149.0,2286.2,637.3,856.4,149.8,5273.9,5712.0,2774.0,1266.7,3733.4,3472.4,2593.6,1631.7,1803.7,1731.5,1132.7,1292.5,1015.2,1505.9,1355.3,1732.4,7372.8,4684.2,1463.0,833.4
2026-09-19 14:00:00,664.7,456.3,714.7,1037.9,738.8,393.3,30.0,11.4,75.3,110.7,163.4,1526.0,7125.3,4051.0,1412.3,596.6,74.2,171.0,2249.3,592.7,849.9,151.4,5366.2,5899.6,2773.8,1254.7,3750.7,3529.6,2702.8,1618.9,1801.4,1958.4,1139.2,1320.7,1008.9,1549.7,1355.9,1755.3,7339.6,4836.4,1456.8,880.8
2026-09-19 14:15:00,672.2,445.6,737.8,1065.5,740.0,383.8,21.0,11.2,76.9,110.3,157.3,1530.3,7072.5,4033.7,1411.2,607.6,74.1,151.1,2235.9,598.6,849.0,150.0,5375.5,5943.5,2774.9,1255.5,3746.0,3553.2,2703.3,1613.4,1810.1,1976.1,1139.8,1321.3,1005.2,1556.1,1357.3,1759.6,7332.0,4810.0,1455.7,878.1
2026-09-19 14:30:00,682.6,436.0,755.3,1078.3,743.2,368.7,12.2,10.9,77.1,109.3,161.4,1528.0,6896.4,4037.4,1417.8,616.0,74.1,150.1,2237.4,594.8,856.4,147.9,5395.0,5980.3,2769.8,1255.2,3747.3,3594.0,2702.2,1607.9,1798.8,1969.4,1139.2,1321.4,1002.8,1558.6,1359.2,1762.8,7322.5,4871.9,1459.4,875.3
2026-09-19 14:45:00,692.8,424.9,777.0,1108.9,746.1,349.6,8.6,10.5,67.0,124.1,156.6,1522.0,6789.9,3982.8,1431.5,637.0,74.3,149.4,2237.8,610.2,859.9,143.1,5409.6,6019.4,2775.9,1254.8,3746.8,3632.1,2703.4,1601.9,1799.3,1990.2,1140.5,1320.0,997.0,1555.6,1358.8,1765.6,7318.4,4690.4,1451.0,829.7
2026-09-19 15:00:00,691.8,414.4,753.6,1140.7,748.2,331.0,141.7,10.5,83.7,91.9,196.1,1507.4,6786.2,3952.9,1427.8,730.7,77.9,150.2,1936.2,607.1,789.5,150.0,5500.8,5957.8,2780.3,1247.5,3799.4,3291.6,2759.5,1624.2,1790.5,2021.9,1140.9,1310.8,989.3,1644.7,1362.0,1765.9,7250.0,4583.6,1440.3,830.6
2026-09-19 15:15:00,702.4,402.2,782.6,1111.5,750.9,311.8,134.6,7.9,72.8,130.3,192.4,1510.4,6663.8,3904.0,1470.8,734.7,77.9,149.7,1939.1,610.4,784.8,144.5,5522.0,6118.7,2790.4,1246.9,3782.4,3430.2,2764.3,1622.2,1794.8,2028.4,1138.4,1311.2,996.7,1648.4,1366.5,1763.2,7233.6,4582.7,1441.6,879.9
2026-09-19 15:30:00,713.6,393.8,607.8,960.1,758.1,287.6,136.2,7.4,73.6,115.0,185.8,1506.8,6355.4,3889.1,1463.9,715.4,77.9,141.8,1939.0,602.6,784.0,143.0,5542.1,6090.6,2795.0,1246.3,3797.2,3537.7,2766.0,1623.9,1780.7,2049.3,1143.7,1310.8,998.0,1649.4,1372.1,1759.2,7245.5,4760.5,1459.4,882.9
2026-09-19 15:45:00,714.4,471.6,642.3,1005.7,766.0,263.8,133.8,21.2,74.3,136.2,168.2,1747.1,6298.1,3823.0,1494.5,673.0,77.9,140.1,1901.5,594.6,762.8,159.4,5460.6,6097.0,2807.2,1245.7,3793.6,3536.1,2774.7,1622.1,1785.2,2059.7,1141.4,1310.4,1004.6,1654.1,1378.7,1755.4,7283.2,4820.1,1466.1,881.7
2026-09-19 16:00:00,741.5,482.3,666.1,981.4,773.7,457.4,197.4,21.4,100.0,85.1,277.3,1637.5,5527.1,5770.4,1475.7,702.8,27.5,220.0,1914.1,715.9,638.5,170.8,5652.9,6017.4,2825.1,1255.1,3765.2,3586.4,2798.4,1641.7,1762.5,2167.9,1153.4,1316.9,1016.9,1705.2,1397.4,1798.4,7319.6,4871.9,1489.3,924.0
2026-09-19 16:15:00,750.9,449.1,705.1,960.5,780.2,465.3,174.7,20.8,85.3,93.9,274.6,1687.7,5473.6,6160.1,1526.5,707.1,0.0,239.9,1920.4,1328.4,591.8,281.2,5457.9,5919.4,2841.6,1254.4,3771.9,3587.5,2801.5,1644.8,1753.1,2383.2,1154.0,1318.2,1020.0,1712.8,1408.1,1787.0,7334.0,5152.5,1506.9,922.9
2026-09-19 16:30:00,765.9,437.9,746.5,925.8,790.5,447.7,168.8,20.3,84.6,84.9,273.1,1729.2,5435.2,6621.9,1532.9,693.0,0.0,236.6,1914.3,1660.6,545.8,373.0,5442.3,5975.8,2848.4,1253.7,3781.5,3585.8,2801.8,1646.7,1752.5,2449.2,1152.7,1318.9,1021.2,1715.5,1420.3,1772.4,7353.3,5453.0,1523.7,921.8
2026-09-19 16:45:00,775.3,559.8,804.4,973.6,794.3,429.5,168.8,29.5,103.0,80.8,271.3,1704.1,5395.1,7194.1,1581.3,675.2,0.0,215.6,1917.5,1656.4,547.0,387.5,5329.9,5835.8,2864.2,1253.0,3778.9,3583.7,2816.9,1650.8,1759.8,2569.9,1153.3,1321.8,1027.3,1718.3,1438.0,1770.1,7394.0,5528.6,1539.1,1026.7
2026-09-19 17:00:00,789.8,559.0,927.6,906.2,796.0,458.8,20.2,88.0,109.6,63.2,192.1,1631.5,5627.4,7087.3,1935.1,911.8,59.7,76.5,1832.0,1892.8,572.6,413.4,5415.9,5767.2,2884.3,1261.9,3734.4,2912.0,2824.0,1683.6,1717.6,2893.5,1194.7,1235.6,1037.4,1784.4,1461.1,2001.6,7510.0,5539.7,1525.5,986.8
2026-09-19 17:15:00,796.8,555.6,1001.5,885.9,803.7,440.9,3.1,87.5,135.1,58.1,180.4,1652.7,5488.3,7244.5,2041.5,892.9,62.6,76.5,1736.5,1860.3,562.3,602.5,5440.6,5751.6,2899.2,1261.3,3736.3,2909.7,2813.5,1688.2,1717.7,2940.8,1199.1,1235.6,1058.2,1787.6,1475.4,2069.1,7517.8,5677.9,1533.0,1056.8
2026-09-19 17:30:00,808.3,553.1,1057.0,933.7,811.8,424.6,2.5,86.9,172.6,54.8,186.5,1590.7,5435.2,7225.0,2109.5,891.0,81.3,76.4,1604.2,2664.9,571.1,988.4,5464.3,5767.5,2914.6,1260.7,3683.0,3048.7,2816.4,1702.1,1718.3,2970.6,1202.2,1235.4,1054.7,1790.6,1485.6,2178.5,7545.7,5808.0,1541.7,1139.1
2026-09-19 17:45:00,820.8,554.2,1102.1,971.1,814.3,445.5,3.1,108.4,196.9,51.4,225.9,1558.2,5073.9,7110.3,2176.6,1025.1,84.1,76.3,1591.1,2871.5,552.2,993.0,5469.6,5773.1,2922.3,1260.8,3676.9,3045.8,2819.7,1835.8,1720.2,3004.3,1203.5,1235.2,1066.5,1793.5,1439.8,2495.8,7584.9,5918.2,1542.6,1143.4
2026-09-19 18:00:00,825.1,560.4,1130.5,1003.1,821.6,536.4,3.8,116.7,238.0,45.5,456.0,1438.4,5262.9,6998.5,2253.0,1188.5,132.5,20.0,1668.2,3770.7,562.7,1039.2,5548.1,5840.6,2933.2,1319.0,3753.4,3701.9,2870.5,1866.5,1733.5,3044.1,1104.2,1415.8,1074.0,1857.3,1445.6,2834.7,7678.7,5943.7,1561.6,1155.2
2026-09-19 18:15:00,833.1,565.3,1156.0,1035.0,829.2,541.5,1.0,118.1,238.6,42.7,428.5,1401.6,4552.4,6823.4,2272.1,1175.2,107.3,20.0,1473.9,3836.4,558.6,1041.8,5549.0,5845.7,2942.0,1318.8,3744.3,3696.2,2866.8,2087.3,1730.6,3086.6,1102.7,1431.7,1062.1,1861.4,1449.1,3038.5,7690.4,6075.5,1552.9,1163.4
2026-09-19 18:30:00,841.9,571.2,1179.7,1073.2,831.9,539.7,1.1,138.4,259.2,52.0,439.3,1353.0,4551.9,7699.5,2245.1,1171.2,126.9,20.1,1472.5,3832.5,561.7,1024.2,5548.4,5876.3,2946.2,1318.5,3745.6,3690.1,2865.6,2214.0,1732.0,3093.3,1104.3,1449.3,1063.5,1866.0,1451.0,3179.2,7675.3,6056.6,1555.1,1170.1
2026-09-19 18:45:00,851.2,577.0,1196.8,1110.4,827.1,539.0,1.1,136.1,275.6,106.5,440.6,1323.1,3699.7,7236.4,2240.9,1190.4,146.6,20.0,1479.6,3822.5,565.0,1010.4,5546.9,5904.6,2950.4,1314.6,3741.3,3683.1,2866.5,2257.4,1734.1,3078.9,1100.6,1479.6,1058.3,1870.8,1451.1,3205.0,7680.6,6064.7,1555.8,1174.6
2026-09-19 19:00:00,854.1,582.8,1222.4,1106.6,839.3,506.1,1.0,83.9,309.3,39.4,442.7,1307.9,3764.0,7073.2,2228.9,1430.8,140.9,35.0,1543.9,3951.5,554.3,1033.9,5553.5,5929.8,2947.6,1411.4,3915.2,4307.9,2765.7,2149.6,1739.9,3114.0,1056.7,1474.1,1055.7,1872.6,1451.6,3224.3,7676.4,6096.0,1566.1,1199.7
2026-09-19 19:15:00,860.5,588.2,1225.8,1176.6,843.3,506.4,1.0,105.9,311.6,128.3,438.7,1316.1,3540.1,7398.5,2213.9,1473.3,140.0,35.0,1523.2,4019.6,551.5,1029.6,5548.4,5963.2,2953.6,1411.4,3912.9,4294.5,2766.9,2157.4,1747.6,3075.5,1055.0,1511.6,1055.3,1875.6,1456.3,3171.0,7699.9,6063.4,1567.1,1201.9
2026-09-19 19:30:00,858.5,593.4,1224.8,1186.5,846.1,507.3,1.0,104.3,313.0,125.2,443.2,1299.3,3543.5,7535.7,2172.2,1484.4,139.3,35.0,1501.3,3988.7,567.6,1019.6,5538.7,6057.9,2949.4,1410.3,3913.4,4285.7,2754.6,2147.1,1755.4,3021.8,1055.5,1571.7,1044.1,1877.1,1462.9,3097.1,7712.2,6066.2,1574.1,1205.9
2026-09-19 19:45:00,849.6,598.6,1223.9,1215.3,838.9,508.7,1.0,106.0,307.8,130.5,454.9,1287.3,3505.4,7626.5,2150.6,1528.4,139.3,35.0,1494.6,3977.2,541.4,1021.7,5520.8,6101.1,2948.8,1410.4,3905.9,4269.3,2760.3,2142.9,1747.5,2987.8,1051.6,1551.2,1039.7,1876.7,1470.0,2963.4,7694.0,6057.0,1574.9,1210.5
2026-09-19 20:00:00,847.4,603.3,1189.7,1174.9,827.8,460.3,1.0,117.6,315.8,102.2,534.7,1296.3,3619.4,7852.9,1992.6,1469.7,0.0,139.2,1467.1,4015.7,506.3,1065.6,5319.7,6164.6,2937.3,1408.4,4008.9,4106.6,2704.6,2094.0,1755.3,2841.8,1043.7,1635.0,1032.9,1847.3,1470.6,2834.0,7611.9,5877.8,1559.0,1216.9
2026-09-19 20:15:00,835.7,604.5,1163.3,1099.1,818.3,419.3,1.0,102.7,318.5,100.3,550.4,1296.7,3579.5,7532.8,1963.5,1447.2,0.0,139.4,1462.8,4004.4,500.1,1073.0,5281.3,6229.7,2930.4,1408.4,3998.6,4090.2,2703.0,2093.4,1752.7,2827.2,1040.3,1616.8,1024.7,1843.7,1483.0,2786.3,7575.3,5866.1,1539.1,1218.9
2026-09-19 20:30:00,820.9,609.4,1128.5,1128.5,823.8,419.5,1.0,100.6,325.3,100.3,551.6,1297.8,3574.3,7570.0,1964.9,1398.5,0.0,137.7,1459.4,3993.2,497.8,1076.7,5245.3,6233.3,2916.4,1408.4,3998.6,4085.5,2713.1,2081.2,1754.6,2836.8,1038.2,1615.4,1018.0,1839.7,1518.9,2692.0,7524.8,5856.9,1523.6,1214.2
2026-09-19 20:45:00,819.6,614.6,1095.6,1062.2,812.6,419.9,1.0,98.1,326.1,94.9,551.6,1297.5,3857.7,7448.8,1947.6,1387.4,0.0,147.9,1455.8,3980.9,489.8,1078.6,5186.9,6293.6,2907.4,1408.4,3987.4,4076.8,2708.4,2082.3,1752.8,2818.0,1034.4,1639.9,1010.5,1835.7,1529.2,2615.3,7472.6,5848.7,1510.2,1214.3
2026-09-19 21:00:00,807.9,580.9,1042.5,952.8,797.3,370.5,2.0,43.1,307.5,95.2,520.7,1295.0,3636.3,7672.1,1923.2,1406.3,104.9,47.2,1366.4,3786.2,493.2,1095.8,5178.4,6355.8,2866.9,1407.7,4437.8,4027.2,2631.8,2096.7,1746.3,2666.2,1093.1,1680.3,1005.9,1730.2,1516.7,2628.9,7348.5,5847.9,1473.2,1220.3
2026-09-19 21:15:00,795.0,546.6,1016.2,910.2,779.5,374.6,2.0,39.5,307.8,84.0,517.4,1271.6,4176.3,7266.3,1917.1,1378.9,104.5,46.3,1362.5,3780.5,484.3,1108.6,5198.6,6402.5,2851.4,1408.4,4417.5,4017.1,2626.0,2114.6,1744.9,2607.7,1072.4,1765.9,998.2,1726.4,1508.7,2592.2,7281.6,5811.0,1451.6,1215.3
2026-09-19 21:30:00,780.5,482.5,992.5,901.7,766.2,375.1,2.0,37.6,312.6,14.1,510.1,1275.8,4517.1,7382.4,1940.7,1378.6,84.0,75.7,1357.9,3779.4,483.4,1116.4,5183.7,6455.5,2835.6,1408.4,4404.2,4007.0,2626.3,2124.8,1744.2,2575.9,1069.9,1757.8,993.0,1721.3,1500.5,2461.6,7216.0,5805.6,1434.8,1210.3
2026-09-19 21:45:00,766.1,463.2,965.9,882.5,750.0,375.5,2.0,37.3,324.6,14.1,508.9,1285.7,4603.6,7807.0,1950.0,1338.2,83.6,93.0,1398.9,3720.0,494.6,1079.4,5151.4,6391.2,2816.3,1408.4,4396.3,3988.6,2609.5,2137.1,1740.4,2565.6,1076.4,1524.6,993.5,1717.3,1493.3,2403.9,7151.2,5797.6,1423.2,1206.7
2026-09-19 22:00:00,758.9,464.8,953.2,896.3,733.4,376.1,12.0,50.2,324.6,16.0,532.2,1278.5,4329.5,7242.1,2105.1,1354.7,32.1,124.3,1322.3,3621.7,492.2,1060.8,5003.3,6449.9,2775.3,1387.9,4280.9,4150.7,2470.5,2029.7,1768.1,2500.2,1048.2,1499.0,996.3,1669.4,1480.2,2238.8,7066.4,5780.6,1416.2,1173.2
2026-09-19 22:15:00,746.1,465.8,924.9,904.1,720.2,376.7,12.0,52.7,322.6,16.0,523.0,1284.5,4430.3,6942.1,2073.4,1354.4,32.1,104.0,1318.4,3607.2,485.2,1058.1,5031.4,6435.3,2751.5,1384.4,4249.0,4144.1,2475.2,2065.5,1780.2,2458.7,1043.0,1511.8,993.9,1663.8,1472.8,2212.8,6999.6,5770.3,1401.2,1161.8
2026-09-19 22:30:00,732.8,452.8,905.6,814.4,705.6,377.4,12.0,51.2,314.4,16.0,517.8,1274.7,4519.2,6900.4,2093.6,1352.0,32.1,124.3,1314.4,3623.0,480.0,1064.7,5195.6,6617.1,2730.9,1387.9,4230.2,4139.1,2465.2,2067.1,1776.1,2448.3,1037.6,1511.4,989.8,1658.5,1463.9,2233.8,6942.0,5708.4,1389.5,1063.7
2026-09-19 22:45:00,730.2,345.1,885.8,802.7,692.9,378.0,12.0,49.0,300.9,16.0,517.3,1285.4,4685.1,6922.5,2055.6,1360.1,32.1,124.8,1311.2,3613.3,478.0,1068.7,5158.3,6656.2,2710.2,1388.0,4224.2,4134.9,2462.5,2072.5,1774.1,2435.3,1031.8,1506.2,994.7,1655.7,1454.5,2255.3,6903.4,5640.3,1371.9,1048.0
2026-09-19 23:00:00,724.6,346.3,837.9,799.5,678.9,378.5,12.0,40.7,272.7,26.0,536.4,1274.0,4515.9,6683.9,2183.2,1375.7,25.6,95.3,1240.1,2886.8,489.1,1039.9,5162.8,6648.8,2651.7,1388.1,3904.0,4087.2,2424.8,2101.0,1748.7,2315.0,1000.6,1504.5,996.5,1635.3,1445.2,2190.1,6819.4,5628.4,1393.9,1015.0
2026-09-19 23:15:00,711.2,346.5,825.6,784.1,667.3,378.6,12.0,39.2,270.1,26.0,531.3,1276.0,4541.0,6575.6,2155.9,1361.1,25.6,94.3,1251.8,2887.7,470.8,1036.6,5117.6,6576.7,2626.8,1388.2,3885.1,4087.6,2420.1,2107.8,1743.4,2301.9,993.6,1505.7,987.0,1635.1,1435.1,2214.1,6768.5,5613.9,1377.3,897.7
2026-09-19 23:30:00,699.4,346.8,812.5,783.3,655.7,378.4,12.0,40.5,263.9,26.0,537.6,1275.6,4561.0,6578.6,2173.5,1349.9,25.6,93.6,1250.7,3019.1,471.3,1033.4,5078.1,6487.8,2605.3,1388.2,3878.2,4090.6,2410.5,2107.7,1740.9,2287.7,988.5,1504.9,985.9,1637.2,1422.8,2208.8,6709.6,5531.6,1367.8,880.4
2026-09-19 23:45:00,687.8,305.6,812.9,763.6,647.9,378.2,12.0,41.5,254.9,26.0,527.3,1277.5,4574.6,6531.9,2163.2,1337.4,25.6,93.3,1247.7,2989.2,467.3,1018.6,5041.0,6395.1,2579.0,1388.2,3859.0,4094.9,2411.8,2107.4,1742.2,2296.8,981.6,1504.6,986.6,1638.6,1407.7,2231.2,6651.2,5531.5,1357.5,861.5
2026-09-20 00:00:00,684.1,153.1,807.9,830.5,616.9,354.5,31.1,85.3,282.1,18.0,304.9,1325.1,2953.3,7955.3,1989.3,1009.7,87.0,150.8,1368.3,3002.6,485.6,907.1,4994.3,5910.8,2516.5,1311.5,3580.3,4294.2,2379.5,2181.6,1737.4,1520.5,932.4,1509.7,968.6,1431.8,1431.9,2654.0,6485.3,5341.0,1241.7,891.8
2026-09-20 00:15:00,677.5,149.5,800.7,848.4,610.2,361.9,31.1,83.7,287.2,18.0,297.1,1328.6,2946.5,7999.5,1969.9,1007.5,84.6,172.3,1366.6,2991.5,497.2,902.6,4973.2,5757.0,2493.6,1311.4,3565.4,4306.0,2374.2,2175.4,1732.2,1469.5,931.6,1480.4,960.5,1398.8,1441.6,2798.9,6460.5,5322.4,1237.2,875.5
2026-09-20 00:30:00,672.2,144.2,798.8,783.4,603.3,361.9,31.0,83.8,287.5,18.0,279.3,1334.5,2941.8,7945.1,1941.2,957.9,84.9,151.6,1368.7,2976.8,489.8,896.8,4946.8,5749.8,2475.3,1311.3,3556.0,4320.0,2367.1,2167.7,1728.9,1469.6,928.6,1460.0,957.3,1400.9,1451.4,2822.1,6437.9,5328.9,1234.3,860.1
2026-09-20 00:45:00,668.3,139.3,796.8,849.4,599.1,362.3,31.0,87.0,286.9,18.0,242.7,1337.3,2952.9,7925.1,1925.9,944.1,85.0,161.1,1368.1,2975.0,485.6,891.8,4985.7,5660.6,2446.1,1311.4,3544.0,4335.8,2358.3,2154.8,1728.5,1397.9,926.4,1451.4,948.7,1395.4,1460.1,2842.6,6410.6,5324.5,1225.5,848.1
2026-09-20 01:00:00,669.6,130.6,768.2,854.9,596.1,358.5,46.0,84.4,282.3,23.0,232.6,1327.2,2974.0,8001.5,1858.2,990.7,53.6,148.1,1347.5,2954.2,495.7,863.6,4958.7,5534.8,2400.6,1355.4,3590.4,4571.6,2342.9,2130.5,1708.3,1281.1,927.9,1531.3,936.2,1283.3,1451.3,2888.1,6364.0,5294.6,1222.9,791.2
2026-09-20 01:15:00,666.5,133.5,768.7,839.0,594.7,358.6,46.0,83.1,284.8,23.0,227.8,1322.3,2948.3,7948.1,1872.0,950.6,53.8,167.8,1345.0,2950.7,488.5,862.9,4954.2,5550.2,2381.7,1356.4,3574.0,4588.8,2340.1,2145.0,1705.5,1301.6,926.2,1522.3,930.9,1304.5,1452.8,2891.8,6339.5,5289.1,1219.3,776.2
2026-09-20 01:30:00,662.8,131.8,760.3,821.7,594.9,356.4,46.0,82.2,287.8,23.0,225.8,1324.3,2934.9,7869.9,1844.2,970.7,53.8,167.6,1346.7,2945.3,489.9,842.7,4962.9,5512.9,2363.4,1356.5,3569.8,4607.1,2337.3,2131.4,1704.4,1289.5,925.1,1511.6,934.8,1331.2,1456.6,2910.5,6301.7,5288.9,1217.7,760.7
2026-09-20 01:45:00,661.4,126.4,768.0,737.7,594.8,358.6,46.0,82.5,286.3,23.0,196.8,1327.1,2939.0,7843.2,1853.4,911.3,53.8,167.4,1344.2,2945.8,485.8,831.5,4954.1,5446.2,2344.7,1356.2,3562.9,4622.5,2335.9,2115.1,1709.4,1254.2,921.9,1500.0,937.6,1363.4,1459.5,2923.4,6280.7,5281.7,1212.2,743.4
2026-09-20 02:00:00,667.0,132.0,766.7,745.5,592.4,358.2,45.0,72.7,282.0,21.0,228.2,1341.0,2941.4,7902.2,1916.1,865.6,51.8,141.1,1293.7,2738.7,479.5,815.3,4951.7,5396.1,2320.9,1348.6,3498.2,4400.7,2325.1,2061.3,1691.0,1254.5,894.0,1512.9,930.7,1365.1,1432.6,2882.0,6250.9,5261.5,1207.9,719.4
2026-09-20 02:15:00,666.0,132.0,762.4,744.7,591.1,357.8,45.0,72.6,276.6,21.0,214.3,1344.0,3380.3,7873.7,1916.8,860.0,51.8,140.8,1291.7,2878.9,474.0,804.4,4941.5,5408.0,2309.3,1348.7,3490.9,4413.3,2323.3,2063.3,1689.1,1268.6,890.5,1512.8,936.5,1407.5,1432.2,2885.2,6232.0,5256.5,1204.9,710.3
2026-09-20 02:30:00,664.9,134.9,761.7,746.6,591.0,357.2,45.0,72.7,276.4,21.0,216.4,1348.5,3628.5,7866.3,1908.9,847.5,51.7,140.5,1290.3,2880.3,474.9,795.1,4933.1,5376.1,2297.9,1348.6,3486.2,4423.8,2321.6,2058.8,1690.4,1276.6,890.5,1512.0,929.9,1454.1,1426.2,2884.0,6213.5,5251.9,1204.1,696.6
2026-09-20 02:45:00,662.7,127.7,759.6,745.5,590.0,356.6,45.0,72.6,280.1,21.0,192.8,1350.7,3629.4,7870.3,1889.1,843.8,51.0,140.3,1288.6,2735.6,470.3,784.1,4918.7,5283.7,2289.3,1348.6,3483.2,4435.6,2320.7,2050.1,1689.3,1264.3,888.0,1511.2,931.9,1504.7,1420.4,2884.1,6195.3,5243.3,1203.3,682.1
2026-09-20 03:00:00,661.6,127.6,782.5,735.2,590.9,356.6,45.0,52.3,277.9,18.0,231.6,1360.5,3724.2,7910.9,1726.7,635.1,64.5,138.9,1261.2,2785.0,459.8,772.5,4996.8,5432.1,2265.0,1351.0,3507.0,4344.5,2323.8,2016.7,1683.7,1284.4,961.4,1553.2,931.7,1483.2,1396.8,2855.3,6188.0,5224.0,1209.7,673.0
2026-09-20 03:15:00,657.6,129.6,780.1,727.2,592.6,356.5,45.0,52.3,267.7,18.0,216.3,1361.9,3702.9,7895.8,1726.8,632.9,64.5,119.0,1258.1,2765.2,444.8,773.3,4983.6,5385.1,2258.9,1350.9,3507.7,4351.4,2323.4,2008.2,1685.3,1276.5,960.9,1552.9,927.5,1532.6,1395.7,2844.3,6172.5,5220.9,1211.2,666.1
2026-09-20 03:30:00,657.2,127.2,780.3,711.4,591.3,356.6,45.0,52.3,272.7,18.0,204.1,1363.7,3697.5,7883.2,1742.1,620.5,64.4,139.2,1254.7,2819.9,460.4,755.3,4974.6,5347.2,2254.4,1350.8,3499.0,4353.5,2322.5,2002.3,1683.7,1281.4,961.0,1551.2,937.6,1574.6,1396.6,2831.6,6158.4,5216.6,1210.0,660.9
2026-09-20 03:45:00,656.9,129.9,782.1,708.2,593.0,356.5,45.1,52.3,274.2,18.0,182.7,1364.5,3725.6,7873.8,1750.0,617.7,64.1,119.4,1253.2,2767.9,460.5,746.7,4968.5,5349.7,2249.3,1350.9,3499.2,4355.4,2322.1,1993.8,1683.4,1265.1,959.5,1550.8,937.5,1609.6,1393.8,2818.0,6138.7,5219.7,1216.1,654.2
2026-09-20 04:00:00,658.4,129.4,785.9,718.7,596.7,250.3,45.0,52.3,275.1,11.0,195.1,1374.2,3608.4,7869.9,1741.3,548.4,8.0,148.0,1131.4,2857.1,460.6,737.6,5034.8,5281.6,2242.1,1339.9,3404.3,4178.2,2361.5,1929.3,1689.0,1254.5,956.6,1550.1,932.5,1612.7,1378.2,2766.8,6124.5,5189.8,1217.5,644.5
2026-09-20 04:15:00,659.1,128.1,790.5,694.9,596.7,250.0,45.0,52.3,247.3,11.8,185.0,1374.8,3620.2,7854.6,1735.8,547.4,8.4,148.1,1130.9,2863.3,460.2,729.4,5034.3,5253.0,2239.1,1339.8,3402.4,4179.1,2362.4,1919.4,1689.2,1249.6,958.8,1549.5,931.9,1636.3,1374.9,2740.7,6108.1,5158.3,1217.0,643.9
2026-09-20 04:30:00,655.4,124.4,794.9,694.5,599.8,251.9,45.0,52.3,267.1,11.0,170.4,1375.4,3636.6,7823.3,1712.2,499.2,8.6,148.2,1130.6,2876.5,460.0,721.5,5036.0,5268.6,2236.7,1338.9,3399.4,4182.5,2361.8,1910.8,1690.2,1245.5,957.3,1549.1,936.4,1656.7,1375.0,2728.0,6099.9,5163.0,1215.9,644.0
2026-09-20 04:45:00,660.2,129.2,796.3,707.6,605.7,253.2,45.0,52.3,256.9,11.0,163.3,1375.7,3634.1,7805.8,1711.5,463.8,18.9,148.3,1130.7,2883.7,460.7,713.5,5038.6,5276.7,2231.2,1338.8,3400.8,4184.3,2363.1,1901.9,1692.0,1244.9,957.9,1547.9,935.1,1673.9,1376.5,2706.1,6099.3,5159.1,1215.7,647.4
2026-09-20 05:00:00,680.9,133.9,799.7,703.4,612.6,162.7,42.0,44.0,264.4,11.0,149.0,1368.3,3637.0,7795.9,1701.9,529.9,0.0,149.5,1130.6,2886.1,469.9,639.2,4966.4,5310.0,2232.3,1349.3,3401.3,4419.9,2380.2,1852.4,1689.6,1268.3,960.8,1549.9,944.4,1704.3,1386.2,2624.5,6138.2,5122.1,1226.0,646.1
2026-09-20 05:15:00,676.8,141.8,807.6,703.5,617.9,162.5,42.0,44.0,266.1,11.0,152.4,1367.6,3621.8,7772.6,1702.1,527.2,0.0,149.6,1130.2,2909.0,466.9,637.2,4969.4,5353.2,2235.6,1349.4,3401.9,4423.4,2381.3,1856.4,1691.5,1273.1,961.4,1548.6,937.9,1714.7,1389.7,2603.2,6144.2,5126.8,1228.5,642.1
2026-09-20 05:30:00,684.2,145.2,806.8,700.9,622.1,162.2,42.0,44.0,273.6,11.0,165.3,1366.5,3624.2,7737.9,1666.2,521.4,0.0,149.8,1134.2,2908.0,469.9,616.1,4974.6,5453.5,2240.1,1349.3,3405.9,4427.0,2382.0,1845.2,1691.3,1268.9,960.6,1547.8,935.6,1722.0,1392.7,2580.9,6160.4,5115.3,1234.3,638.9
2026-09-20 05:45:00,690.2,148.2,812.9,703.3,627.3,161.6,42.0,44.0,272.8,11.0,181.6,1364.9,3623.5,7708.8,1661.8,534.8,0.0,129.9,1136.6,2927.8,470.5,658.8,4982.8,5477.9,2244.5,1349.3,3409.7,4430.3,2383.8,1841.6,1690.5,1271.5,961.2,1546.7,941.1,1727.9,1401.2,2565.4,6179.1,5106.6,1238.3,635.9
2026-09-20 06:00:00,695.6,129.6,801.4,704.1,636.0,161.4,40.0,78.0,268.8,16.0,210.7,1354.1,3191.2,7954.8,1680.3,512.3,0.0,183.4,1148.9,2856.8,473.2,537.7,5023.5,5496.5,2257.9,1349.5,3380.3,4563.8,2403.0,1788.6,1703.9,1229.6,949.6,1545.6,948.2,1786.2,1408.6,2468.9,6237.8,5058.6,1248.5,624.0
2026-09-20 06:15:00,690.1,124.1,814.9,692.7,649.8,164.0,40.0,78.0,270.4,16.0,223.4,1352.5,3193.8,7942.8,1682.8,513.9,0.0,182.1,1158.2,2849.7,474.8,602.1,5043.1,5525.4,2276.6,1349.4,3386.1,4524.2,2405.2,1779.8,1704.4,1221.9,949.7,1545.1,953.0,1780.2,1409.4,2444.9,6253.9,5059.4,1251.4,625.6
2026-09-20 06:30:00,695.7,129.7,827.1,698.9,660.7,169.2,40.0,77.9,264.3,16.0,224.3,1349.0,2879.3,7944.1,1641.9,522.5,0.0,182.6,1156.7,2870.9,478.9,583.5,5055.5,5645.1,2284.8,1349.3,3391.0,4562.9,2405.4,1775.4,1704.3,1250.4,950.8,1544.1,950.6,1767.7,1412.7,2414.4,6276.3,5066.4,1254.2,626.1
2026-09-20 06:45:00,704.3,138.3,843.8,722.1,668.5,174.5,40.0,78.1,263.2,16.0,245.7,1348.0,2882.6,7933.5,1638.1,526.7,0.0,163.4,1161.9,2922.0,478.6,550.1,5041.9,5700.5,2302.3,1350.4,3400.2,4559.5,2407.6,1786.4,1705.8,1257.3,953.6,1542.0,956.2,1747.6,1411.5,2383.8,6293.5,5062.2,1260.9,624.9
2026-09-20 07:00:00,703.1,137.1,849.5,844.3,680.3,141.7,23.1,45.6,277.6,16.0,172.9,1401.8,2968.9,7879.6,1648.2,515.5,15.0,205.3,1243.9,3052.4,475.7,705.6,4969.8,5757.3,2315.9,1349.1,3414.3,4506.4,2439.7,1808.3,1724.8,1328.0,959.6,1384.3,961.1,1725.7,1419.6,2277.1,6308.7,5102.9,1256.5,621.2
2026-09-20 07:15:00,717.6,151.6,855.4,847.8,692.5,145.6,24.2,46.2,275.2,16.0,171.8,1407.5,3021.2,7927.4,1680.4,520.9,15.0,202.8,1270.6,3068.8,475.9,721.2,4961.4,5839.2,2337.9,1348.1,3427.6,4504.5,2446.6,1803.5,1726.6,1363.0,961.2,1382.1,969.3,1701.4,1419.3,2238.2,6340.6,5110.5,1265.6,627.2
2026-09-20 07:30:00,724.9,158.9,855.8,851.9,703.3,155.7,22.2,46.7,271.3,16.5,176.9,1407.1,3022.3,7969.3,1674.8,550.2,15.0,204.3,1270.9,3081.6,464.9,718.2,4984.2,5861.1,2359.0,1348.1,3442.5,4501.5,2450.1,1789.7,1730.2,1300.8,967.8,1380.7,979.5,1678.5,1431.2,2194.5,6359.1,5114.6,1268.6,633.1
2026-09-20 07:45:00,730.2,237.1,851.4,859.4,714.4,166.1,28.6,47.3,275.9,16.2,198.7,1408.7,3077.6,8024.1,1700.9,532.5,15.0,190.1,1271.8,3114.9,452.1,732.4,5126.6,6124.0,2386.0,1348.0,3448.8,4500.5,2455.5,1786.2,1738.2,1373.8,970.0,1379.6,975.7,1658.9,1439.7,2150.9,6387.9,5123.0,1280.6,635.3
2026-09-20 08:00:00,726.4,280.1,877.8,864.9,727.8,176.6,50.6,17.6,269.2,16.3,208.2,1370.9,3151.1,8157.7,1849.5,574.4,30.0,254.1,1339.7,2386.3,499.6,747.2,5104.1,6125.0,2430.0,1314.1,3530.7,4099.7,2493.5,1779.8,1749.7,1571.1,1020.0,1345.1,978.1,1842.5,1470.1,2088.0,6468.0,5196.2,1281.7,649.6
2026-09-20 08:15:00,728.2,315.1,870.6,867.9,739.9,191.1,50.0,14.9,266.3,16.4,218.4,1381.8,4057.8,8263.1,1840.8,587.3,30.0,234.9,1351.3,2425.0,461.4,767.5,5110.9,6461.9,2454.3,1314.8,3546.5,4098.0,2505.2,1793.2,1736.7,1740.2,1024.1,1344.3,979.3,1822.9,1474.3,2128.7,6502.1,5205.7,1284.8,751.4
2026-09-20 08:30:00,745.7,327.4,854.3,870.8,749.0,207.5,50.0,16.0,262.7,19.8,211.3,1401.1,4070.3,8384.2,1803.1,603.0,30.1,234.7,1345.9,2446.3,457.4,783.5,5126.4,6415.1,2483.0,1314.8,3565.3,4095.2,2510.8,1783.5,1752.4,1609.1,1029.0,1343.8,982.5,1804.9,1476.9,2097.8,6530.9,5222.2,1288.0,768.3
2026-09-20 08:45:00,745.7,335.7,846.8,891.9,757.4,224.3,71.4,17.0,258.5,23.5,191.5,1418.1,4968.0,8766.0,1780.0,537.4,30.0,265.5,1364.0,2294.1,463.6,786.4,5141.9,6354.2,2504.4,1314.2,3573.4,4092.1,2520.5,1785.0,1754.0,1474.5,1034.0,1341.2,978.0,1787.2,1479.8,2045.9,6568.9,5246.8,1294.2,701.6
2026-09-20 09:00:00,743.5,348.3,838.3,898.1,768.5,234.4,209.5,8.3,251.7,16.4,294.6,1427.2,5079.8,8695.0,1738.2,615.0,30.0,307.8,1638.0,2222.4,474.0,759.6,5188.3,6329.1,2563.0,1237.6,3705.4,3679.2,2547.4,1752.8,1772.1,1521.3,1050.8,1245.5,1002.6,1708.0,1482.8,1900.9,6613.3,5354.1,1286.3,832.2
2026-09-20 09:15:00,752.5,358.7,828.5,858.0,768.9,249.2,217.4,9.2,241.9,19.9,273.8,1455.6,5148.3,8715.3,1715.5,636.7,30.1,267.9,1703.3,2072.4,499.1,408.6,5205.2,6289.6,2587.3,1238.0,3790.4,3535.6,2554.7,1754.2,1774.3,1456.1,1055.0,1244.0,999.7,1683.7,1475.2,1829.7,6633.7,5386.8,1287.6,828.0
2026-09-20 09:30:00,734.1,337.9,1262.2,854.8,775.0,262.7,217.4,9.8,227.4,24.6,270.7,1503.3,5133.8,8630.3,1661.4,681.4,30.1,277.4,1719.0,1563.0,590.5,218.0,5252.3,5948.4,2606.6,1237.6,3795.2,3492.3,2561.8,1764.5,1773.8,1328.6,1058.4,1243.4,999.7,1657.1,1467.4,1730.3,6655.9,5356.0,1277.8,787.0
2026-09-20 09:45:00,726.6,176.8,1269.2,804.5,778.9,273.6,215.4,10.3,204.4,30.2,263.1,1549.7,5183.0,8608.1,1617.4,705.2,30.0,276.2,1836.0,1489.5,630.0,117.4,5262.1,5733.1,2630.6,1238.3,3814.1,3195.8,2568.8,1766.3,1773.3,1310.5,1061.3,1241.9,1005.0,1608.5,1462.4,1667.2,6671.5,5374.2,1279.8,811.2
2026-09-20 10:00:00,723.8,168.6,1276.8,820.6,776.7,283.3,158.5,10.1,171.9,27.1,105.1,1603.0,5230.4,8364.6,1541.2,761.9,20.0,317.1,1975.3,1512.2,663.8,109.9,5395.5,5682.1,2676.1,1219.2,3809.6,3407.1,2573.2,1728.0,1792.4,1242.3,1075.4,1249.8,1005.7,1464.9,1473.4,1540.2,6722.8,5345.6,1273.4,840.5
2026-09-20 10:15:00,722.5,171.9,1262.2,843.0,771.6,296.6,157.4,10.9,148.7,33.8,95.4,1625.3,5420.6,8414.8,1508.3,745.0,20.1,335.8,1953.9,1518.7,654.1,116.8,5404.8,5625.8,2683.8,1215.7,3812.5,3382.7,2581.2,1733.8,1797.9,1242.8,1076.6,1250.0,1001.9,1442.2,1461.6,1518.4,6733.2,5363.8,1272.8,857.8
2026-09-20 10:30:00,713.4,175.6,1255.1,856.1,768.4,312.2,157.1,13.2,152.1,40.1,115.2,1615.6,5422.7,8436.1,1495.9,736.4,20.0,320.6,1942.0,1478.3,650.6,133.4,5407.4,5574.6,2693.8,1212.7,3818.4,3457.4,2584.2,1744.2,1793.7,1240.3,1077.4,1249.6,998.9,1420.7,1457.5,1498.1,6744.4,5384.9,1262.0,874.4
2026-09-20 10:45:00,706.1,182.3,1243.8,869.1,759.0,327.8,158.3,13.7,139.2,45.5,118.7,1596.2,5481.5,8363.8,1442.3,747.4,20.0,300.3,1941.0,1223.4,650.3,130.8,5413.3,5554.5,2708.4,1218.5,3819.9,3498.4,2589.8,1753.6,1792.8,1237.3,1080.1,1249.8,1000.9,1389.9,1441.2,1476.7,6758.7,5403.3,1262.3,889.4
2026-09-20 11:00:00,697.5,375.3,1286.5,874.8,747.1,340.2,88.6,33.5,120.0,52.8,168.1,1650.0,5350.4,8596.7,1450.2,779.5,36.2,169.7,2116.4,1325.7,659.9,124.8,5411.9,5655.6,2720.2,1215.5,3772.3,2985.3,2542.8,1787.8,1786.0,1453.8,1085.8,1240.8,1002.3,1415.9,1439.0,1410.1,6893.9,5575.2,1247.5,910.7
2026-09-20 11:15:00,691.8,389.9,1268.2,867.0,739.6,348.1,90.3,33.8,108.6,69.4,155.7,1608.6,5403.9,8274.0,1406.2,804.6,36.5,182.7,2101.2,911.1,658.6,127.7,5309.9,5555.6,2727.7,1215.1,3773.1,2991.5,2545.0,1802.8,1787.2,1442.0,1085.2,1240.1,1010.4,1391.1,1429.2,1412.3,6900.7,5593.1,1282.0,923.9
2026-09-20 11:30:00,687.8,394.2,1258.8,864.1,739.1,356.7,90.8,33.8,103.0,85.9,161.2,1429.8,5447.8,7878.4,1371.7,834.7,36.7,203.1,2093.2,683.2,656.2,144.5,5334.4,5508.8,2724.1,1214.5,3769.0,2994.5,2543.7,1817.8,1788.0,1421.3,1087.6,1238.9,1004.6,1372.8,1426.0,1400.3,6909.5,5596.5,1280.0,938.5
2026-09-20 11:45:00,687.2,396.7,1259.8,859.6,738.7,363.1,90.5,33.9,102.1,106.5,184.6,1425.1,5511.7,6932.4,1352.9,823.8,37.0,225.9,2092.1,540.0,652.1,157.2,5380.0,5532.2,2720.1,1214.0,3774.5,3022.4,2547.9,1832.1,1790.4,1413.1,1091.5,1238.6,999.3,1358.4,1414.4,1394.8,6916.6,5601.7,1278.0,951.8
2026-09-20 12:00:00,697.1,381.2,1260.9,849.4,785.4,367.7,74.0,39.0,120.6,163.1,167.7,1439.8,5364.9,5879.3,1358.7,592.8,42.3,236.5,2115.7,533.8,667.4,154.1,5353.0,5471.8,2719.4,1196.1,3777.6,3146.4,2486.2,1909.3,1782.2,1421.6,1086.4,1285.3,1009.6,1381.4,1420.7,1435.1,6979.9,5551.2,1277.7,964.5
2026-09-20 12:15:00,699.7,385.3,1258.7,840.4,784.0,370.8,73.8,39.0,114.0,187.6,166.1,1439.1,5405.2,5946.4,1279.9,612.5,41.7,235.4,2105.5,535.0,669.6,160.8,5347.1,5433.7,2718.6,1195.2,3766.2,3150.2,2487.8,1926.9,1782.3,1403.1,1090.5,1286.2,1005.1,1372.0,1424.7,1436.2,6986.9,5538.8,1267.0,979.3
2026-09-20 12:30:00,678.6,388.0,1260.8,858.4,780.5,370.8,82.9,39.1,105.9,182.7,154.2,1430.7,5570.8,5978.4,1269.6,605.8,41.2,208.8,2100.1,539.1,673.4,168.3,5348.2,5400.9,2715.7,1195.2,3769.0,3152.1,2484.6,1943.0,1780.9,1374.6,1088.3,1285.6,1004.6,1363.0,1422.8,1436.1,6981.8,5478.5,1263.0,990.1
2026-09-20 12:45:00,678.8,391.2,1260.0,888.0,778.9,370.6,89.3,39.0,103.3,162.1,146.8,1476.7,5639.1,5999.8,1237.0,627.6,40.7,200.4,2099.9,545.0,662.5,172.8,5350.9,5368.8,2719.2,1195.5,3767.7,3153.0,2488.8,1959.6,1786.2,1367.5,1089.3,1285.1,1009.4,1354.4,1424.1,1433.9,6999.5,5498.4,1272.1,1000.7
2026-09-20 13:00:00,690.8,385.4,1226.4,891.1,781.3,362.4,88.5,38.9,91.2,177.8,195.6,1497.4,5558.6,6103.1,1209.7,642.0,40.2,207.7,2175.9,540.1,662.1,168.4,5358.2,5400.9,2709.8,1209.3,3877.1,3165.3,2486.5,2077.7,1779.6,1296.8,1093.1,1240.7,991.7,1351.5,1421.8,1437.0,6894.6,5333.8,1267.3,1018.8
2026-09-20 13:15:00,681.7,385.9,1231.8,879.7,780.6,354.4,88.2,38.6,87.7,153.9,186.2,1511.7,5588.5,6169.5,1152.0,596.0,40.4,222.7,2174.2,532.0,668.4,164.2,5352.1,5371.9,2708.6,1208.2,3877.8,3167.0,2484.4,2090.0,1778.3,1280.1,1093.7,1239.9,1005.0,1346.4,1421.5,1436.6,6886.1,5386.8,1275.1,1024.2
2026-09-20 13:30:00,666.6,401.0,1233.3,868.9,779.2,337.5,87.4,38.0,83.7,153.3,178.1,1529.1,5579.2,6221.7,1144.6,635.2,40.7,222.8,2179.6,534.8,669.6,161.6,5334.4,5357.8,2700.4,1205.1,3879.2,3170.5,2482.1,2102.2,1778.8,1263.4,1093.9,1238.2,1001.3,1342.6,1417.5,1436.0,6865.8,5372.0,1285.9,1029.7
2026-09-20 13:45:00,665.4,394.2,1241.5,904.1,777.4,319.8,86.7,37.6,78.7,164.9,171.4,1538.3,5632.2,6277.0,1115.2,651.8,40.9,222.8,2180.8,538.4,667.6,159.5,5329.7,5389.0,2698.7,1203.8,3870.2,3173.0,2487.2,2114.2,1782.0,1258.7,1094.1,1237.6,1001.6,1340.6,1419.6,1446.3,6860.9,5375.4,1290.3,1034.1
2026-09-20 14:00:00,668.5,385.4,1190.4,908.0,741.6,304.4,37.5,22.5,72.0,190.7,143.1,1525.5,5561.4,6332.5,1144.1,723.5,41.2,163.7,2165.5,536.4,681.0,157.3,5281.9,5280.0,2685.6,1191.9,3986.1,2912.3,2487.2,2161.6,1786.7,1228.0,1094.7,1242.3,989.3,1376.0,1418.5,1452.1,6869.7,5340.1,1292.9,1022.7
2026-09-20 14:15:00,690.7,374.2,1206.3,888.4,744.3,293.6,37.3,22.1,71.0,203.2,139.2,1535.7,5518.6,6347.0,1140.8,734.0,42.6,180.1,2172.8,537.4,633.6,198.7,5302.1,5251.3,2691.3,1189.5,3982.4,2917.0,2489.4,2168.7,1791.9,1224.5,1096.0,1242.4,985.6,1376.1,1420.4,1456.6,6868.1,5319.1,1245.7,1025.0
2026-09-20 14:30:00,692.7,362.3,1004.4,857.4,744.2,281.9,19.7,21.7,69.3,205.2,142.2,1521.6,5309.6,6354.5,1157.6,735.9,43.9,212.8,2175.9,538.5,662.2,147.9,5309.2,5273.3,2685.5,1185.9,3981.8,2918.5,2485.3,2174.9,1781.9,1205.6,1096.4,1240.5,995.9,1375.1,1428.8,1454.6,6874.4,5294.2,1245.6,1025.1
2026-09-20 14:45:00,690.5,347.0,1018.0,829.2,746.9,267.8,17.8,21.2,68.4,216.6,136.9,1532.8,5249.1,6345.8,1183.2,747.1,45.3,175.7,2187.2,538.6,635.5,266.5,5388.3,5434.0,2689.5,1160.5,3989.5,2920.0,2491.3,2178.3,1784.9,1219.1,1097.2,1239.2,986.0,1374.4,1436.1,1454.1,6890.6,5266.1,1250.3,1022.7
2026-09-20 15:00:00,699.3,354.8,1038.0,804.7,747.7,252.2,15.3,21.4,74.9,199.1,223.1,1504.2,5360.2,6548.2,1181.1,753.5,46.7,100.2,2342.9,590.6,594.4,276.4,5533.4,5515.4,2702.8,1151.7,4086.8,2727.9,2498.6,2189.7,1790.6,1247.9,1105.4,1245.8,988.2,1507.5,1451.6,1513.5,6943.7,5227.6,1264.0,993.1
2026-09-20 15:15:00,703.9,337.2,1056.2,785.7,752.2,235.2,15.5,20.5,73.4,200.8,218.8,1494.2,5279.4,6529.9,1196.0,731.4,45.6,118.5,2352.2,560.3,516.8,286.0,5410.2,5515.5,2710.0,1149.9,4081.3,2691.3,2505.6,2189.8,1797.2,1268.7,1106.6,1244.1,1006.1,1511.9,1467.2,1563.6,6955.3,5220.7,1277.0,993.5
2026-09-20 15:30:00,718.3,317.6,855.4,755.3,755.7,214.5,14.6,19.6,73.0,182.9,219.4,1487.2,5265.0,6590.1,1200.8,720.9,44.5,118.4,2323.2,565.3,514.0,286.8,5322.4,5485.6,2716.8,1149.2,4094.8,2719.3,2506.5,2193.4,1798.0,1268.8,1108.3,1243.1,998.3,1508.3,1477.6,1559.5,6986.7,5172.7,1298.1,1021.2
2026-09-20 15:45:00,723.7,364.7,879.5,718.6,764.2,194.7,14.2,31.5,76.0,210.5,207.8,1494.8,5189.9,6507.2,1230.2,659.4,43.4,133.4,2336.5,944.8,513.4,285.4,5355.9,5421.2,2729.3,1147.3,4081.7,2997.0,2512.7,2196.3,1798.3,1288.8,1110.5,1240.9,998.7,1529.5,1466.1,1589.7,7015.7,5236.6,1319.9,1066.1
2026-09-20 16:00:00,763.1,340.6,901.3,748.1,767.2,177.9,45.8,28.9,114.6,141.9,214.7,1766.6,5268.9,7342.7,1019.5,681.6,30.0,252.3,2164.8,1514.8,546.7,268.3,5395.5,5186.5,2760.1,1192.6,4421.3,3481.3,2516.5,2224.3,1825.7,1263.4,1093.1,1351.5,1003.8,1834.5,1491.3,1873.2,7173.5,5192.9,1367.9,1087.9
2026-09-20 16:15:00,763.1,317.0,925.1,875.0,772.6,189.0,27.8,27.9,126.0,167.7,215.4,1751.6,5221.1,9316.6,1045.5,638.1,30.0,206.3,2176.7,1597.9,522.5,311.2,5211.8,5217.4,2781.9,1194.6,4435.7,3533.0,2517.9,2222.6,1820.0,1310.9,1090.5,1346.0,998.2,1834.3,1494.4,1907.0,7229.1,5176.5,1390.7,1161.0
2026-09-20 16:30:00,768.1,394.7,950.2,957.3,779.2,184.4,27.8,26.9,136.5,199.5,222.0,1731.6,5225.3,9674.1,1143.6,573.1,30.0,215.5,2014.9,1623.5,543.4,479.1,5199.6,5235.0,2800.0,1197.8,4446.9,3534.7,2516.9,2225.2,1817.4,1414.9,1094.3,1345.1,1016.5,1826.9,1508.8,2059.3,7299.5,5138.2,1417.0,1154.7
2026-09-20 16:45:00,779.4,372.8,977.2,1060.9,787.9,192.8,27.8,32.1,135.3,173.3,216.4,1709.2,5180.3,10154.4,1236.6,533.9,30.0,219.9,1882.4,1646.9,567.8,848.8,5213.3,5160.2,2813.5,1200.0,4380.6,3673.7,2523.3,2226.0,1819.2,1398.7,1092.0,1348.7,1016.6,1821.0,1533.0,2139.8,7386.2,5178.2,1442.4,1147.6
2026-09-20 17:00:00,805.1,343.4,1022.9,970.7,793.4,233.2,22.1,38.0,151.9,132.3,184.8,1704.0,5405.8,9996.6,1444.9,881.3,42.0,181.2,1812.5,1828.6,567.3,561.2,5355.3,4884.4,2834.1,1206.4,4510.5,3725.6,2514.2,2211.0,1850.5,1838.4,1102.5,1387.3,1031.7,2173.0,1559.5,2529.8,7497.5,5093.9,1488.7,1127.9
2026-09-20 17:15:00,808.8,326.7,1059.0,1045.5,784.7,253.0,22.0,37.3,151.7,98.1,199.4,1669.6,5301.3,10174.2,1602.7,860.1,42.0,163.3,1816.5,2265.8,577.8,622.0,5358.7,4881.7,2856.8,1207.7,4516.2,3737.7,2516.2,2224.2,1848.8,1903.2,1105.0,1385.6,1040.7,2170.9,1586.3,2686.3,7512.0,5153.7,1509.0,1121.3
2026-09-20 17:30:00,826.3,308.1,1091.1,1045.6,789.3,232.3,22.0,36.7,165.4,66.4,204.8,1610.7,5190.0,10248.0,1709.7,968.7,42.0,162.4,1851.9,2320.8,618.9,935.4,5396.6,4816.7,2865.2,1209.3,4523.2,3816.6,2514.8,2232.3,1837.3,2442.2,1102.1,1414.3,1060.0,2170.3,1609.2,2716.0,7596.0,5136.0,1530.6,1112.9
2026-09-20 17:45:00,825.0,286.5,1118.6,1049.6,798.1,221.7,22.0,41.4,178.4,55.6,177.0,1594.2,4895.4,10123.4,1749.6,961.6,42.1,161.7,1672.9,2505.9,618.0,950.6,5425.1,4735.2,2880.0,1212.1,4529.4,3823.6,2520.1,2241.3,1824.0,2781.1,1106.1,1413.9,1050.3,2171.2,1627.4,2743.4,7678.4,5125.2,1554.5,1109.9
2026-09-20 18:00:00,879.9,276.1,1143.0,1027.7,828.1,349.0,102.4,39.7,205.8,50.7,141.9,1478.7,4538.5,10317.7,1761.4,1189.4,0.0,229.5,1848.4,2522.7,650.5,955.9,5660.5,4799.0,2900.3,1193.6,4236.3,4264.6,2508.9,2212.2,1845.4,2075.5,1101.8,1503.4,1058.4,2293.4,1548.0,3366.7,7847.3,5272.3,1579.1,1102.0
2026-09-20 18:15:00,901.9,269.7,1167.3,970.8,826.0,346.4,101.0,38.8,228.0,39.9,131.4,1449.5,4393.7,10068.3,1740.4,1302.0,0.0,241.5,1632.7,2571.8,687.8,941.0,5664.1,4791.0,2913.0,1193.6,4249.5,4283.1,2513.1,2286.6,1839.7,2499.0,1100.7,1547.4,1051.8,2298.4,1566.6,3423.7,7857.7,5289.7,1590.2,1100.9
2026-09-20 18:30:00,882.7,264.7,1193.4,997.7,828.3,345.0,101.0,42.5,265.4,35.4,152.3,1415.4,4383.8,9859.6,1770.5,1424.3,0.0,246.9,1593.9,2562.9,645.1,938.3,5657.3,4813.0,2925.9,1192.4,4254.0,4301.5,2510.4,2340.7,1808.6,3033.9,1101.2,1608.4,1055.6,2305.3,1572.6,3539.7,7898.6,5307.5,1595.5,1097.7
2026-09-20 18:45:00,887.0,261.8,1206.9,1011.1,829.8,344.1,101.0,43.2,293.6,49.8,135.1,1466.6,4287.8,9794.9,1864.9,1541.7,0.0,222.0,1597.7,2569.3,637.9,938.5,5678.5,4796.2,2940.7,1193.4,4264.4,4299.7,2513.8,2347.8,1805.0,3051.7,1100.8,1608.7,1050.5,2314.0,1571.8,3614.7,7915.8,5357.9,1607.8,1144.5
2026-09-20 19:00:00,885.4,256.9,1241.7,1082.4,834.4,370.3,34.0,67.9,312.3,42.4,497.1,1370.3,4061.0,9563.6,1920.6,1512.8,0.0,201.1,1570.8,3173.1,680.7,940.7,5698.0,4875.7,2970.3,1225.4,4287.3,4223.9,2512.1,2249.3,1813.4,2926.4,1057.0,1605.9,1066.4,2951.1,1586.7,4001.9,7981.2,5286.6,1617.7,1102.1
2026-09-20 19:15:00,879.2,260.1,1252.1,1106.0,839.7,372.0,34.0,67.9,334.7,47.0,455.9,1414.3,4009.8,9443.9,1930.4,1532.5,0.1,201.1,1550.4,3163.3,661.5,942.6,5677.6,4846.7,2984.4,1224.4,4293.4,4224.6,2513.5,2255.3,1808.9,3115.5,1054.6,1606.3,1070.4,2959.0,1588.7,4046.0,8007.2,5290.5,1624.6,1127.8
2026-09-20 19:30:00,868.3,268.7,1236.5,1073.2,838.9,374.0,34.0,72.7,337.2,114.5,494.9,1364.9,4013.4,9303.1,1903.0,1560.2,0.0,200.9,1540.3,3179.6,658.2,944.0,5669.4,4853.1,2993.0,1224.5,4302.9,4221.8,2513.2,2302.8,1798.2,3127.0,1056.4,1612.5,1077.8,2965.0,1573.1,4213.3,8002.7,5329.2,1623.8,1156.2
2026-09-20 19:45:00,869.5,257.6,1227.3,1059.7,835.8,372.5,34.1,67.0,342.4,118.9,478.1,1372.2,3959.3,9240.3,1894.1,1605.4,0.1,180.1,1536.6,3217.6,648.6,944.7,5679.9,4838.9,3009.2,1304.0,4295.1,4228.7,2520.6,2313.0,1805.0,3115.3,1053.6,1633.3,1062.8,2968.7,1567.5,4221.6,7985.9,5312.1,1614.6,1154.4
2026-09-20 20:00:00,851.3,259.5,1210.8,1080.8,822.6,372.3,1.0,47.2,337.1,99.7,488.4,1331.9,3992.2,9108.5,1946.8,1611.5,0.0,191.3,1513.9,3369.5,641.4,951.0,5487.9,4875.5,3039.0,1238.8,4510.9,4359.7,2512.8,2309.6,1820.0,3221.2,1071.7,1609.9,1054.2,2888.5,1558.0,4288.4,7910.2,5120.6,1616.4,1112.1
2026-09-20 20:15:00,846.9,258.9,1187.4,1076.9,817.2,372.2,1.0,50.1,326.5,122.1,489.6,1332.4,3989.2,9044.0,1932.8,1599.5,0.0,192.1,1507.4,3389.1,640.1,954.0,5485.5,4813.3,3047.4,1238.9,4511.6,4359.5,2514.7,2324.2,1819.2,3203.5,1073.3,1607.0,1053.0,2888.5,1554.1,4290.7,7872.6,5115.9,1602.0,1114.2
2026-09-20 20:30:00,837.9,249.4,1172.0,1073.4,816.2,372.8,1.0,52.2,324.7,118.5,466.7,1333.4,4149.0,8973.3,1918.4,1628.8,0.1,192.9,1502.1,3366.1,641.8,952.9,5469.5,4768.7,3035.4,1237.7,4505.2,4355.9,2512.1,2318.7,1832.9,3212.8,1072.5,1605.5,1050.6,2887.6,1546.8,4260.3,7839.1,5106.2,1587.0,1116.8
2026-09-20 20:45:00,818.4,244.8,1140.9,1068.7,803.8,372.9,1.0,52.8,324.2,119.0,450.8,1338.4,4261.2,8917.4,1908.5,1629.8,1.8,170.4,1493.6,3464.2,639.7,954.5,5473.4,4730.1,3030.2,1237.7,4503.0,4353.6,2510.5,2323.9,1832.1,3120.3,1074.1,1605.1,1051.1,2885.9,1544.3,4281.4,7799.9,5097.4,1573.7,1118.6
2026-09-20 21:00:00,809.1,255.4,1078.1,1040.6,780.9,342.7,1.0,32.5,320.4,123.1,471.8,1338.7,4035.2,8933.1,1856.7,1644.3,0.0,175.8,1467.3,3344.2,624.5,961.4,5500.1,4599.3,3008.3,1245.5,4370.5,4204.4,2496.3,2311.4,1803.2,3177.4,1148.0,1602.7,1045.8,2732.8,1520.0,4324.6,7644.9,5196.9,1524.0,1124.3
2026-09-20 21:15:00,793.4,254.2,1053.1,1018.0,763.0,345.7,1.0,34.1,319.3,116.3,471.3,1322.9,4035.0,8874.1,1849.2,1608.7,0.1,175.7,1460.2,3344.4,628.7,963.5,5541.9,4503.0,2983.8,1244.3,4351.4,4203.2,2493.0,2310.0,1800.6,3154.9,1157.1,1601.5,1042.5,2728.6,1507.7,4324.9,7560.1,5194.1,1499.7,1128.7
2026-09-20 21:30:00,784.1,228.4,1015.9,993.9,749.0,337.3,1.0,34.9,317.3,114.0,462.0,1324.1,4030.0,8847.8,1864.1,1583.2,0.0,194.0,1454.0,3267.2,638.2,966.3,5559.1,4405.6,2964.3,1243.2,4344.4,4203.4,2488.9,2263.8,1813.9,3077.7,1163.2,1594.2,1039.2,2724.2,1493.5,4290.5,7472.9,5195.7,1479.6,1133.6
2026-09-20 21:45:00,767.7,229.8,984.8,1014.2,731.8,335.5,3.7,34.0,314.4,46.9,435.1,1340.0,4030.1,8806.6,1849.6,1566.8,0.0,194.5,1489.8,3263.7,662.3,968.7,5562.7,4346.5,2944.5,1242.2,4336.0,4201.0,2485.5,2265.9,1816.2,2832.6,1160.4,1585.9,1036.1,2720.4,1465.3,4336.8,7396.1,5202.9,1458.9,1143.4
2026-09-20 22:00:00,747.1,228.8,945.1,997.1,704.1,334.4,12.0,31.9,309.1,121.7,462.4,1313.2,3857.2,8369.3,1783.2,1526.6,0.0,189.5,1401.5,3233.5,613.3,976.5,5426.1,4248.1,2891.0,1232.8,4151.0,3923.6,2469.8,2304.1,1807.0,3072.9,1056.1,1587.7,1020.7,2389.8,1429.8,4200.3,7309.7,5231.5,1430.0,1143.7
2026-09-20 22:15:00,737.1,220.3,919.2,975.8,690.1,334.2,12.0,33.1,316.9,49.0,454.3,1308.3,3855.4,8326.2,1763.3,1511.9,0.0,191.2,1395.9,3236.3,596.9,978.0,5393.5,4168.4,2867.1,1233.7,4131.8,3922.0,2466.7,2310.9,1813.5,3066.8,1050.7,1586.9,1010.9,2386.7,1416.3,4172.5,7232.5,5239.7,1412.5,1149.3
2026-09-20 22:30:00,729.4,208.9,899.7,1006.3,672.1,334.5,14.7,34.8,316.1,49.8,432.3,1305.8,3863.2,8328.3,1766.8,1528.7,0.0,211.2,1390.5,3231.1,616.8,979.6,5390.1,4088.5,2824.6,1234.6,4124.2,3918.5,2461.8,2260.2,1817.2,2851.5,1074.2,1577.3,1011.1,2384.6,1403.9,4202.5,7149.1,5233.0,1401.5,1147.9
2026-09-20 22:45:00,726.7,203.9,888.9,1014.0,662.9,334.7,14.7,34.3,313.4,53.8,412.0,1307.3,3882.9,8295.3,1733.4,1505.6,0.0,212.1,1386.9,3228.2,613.5,980.6,5360.8,4010.6,2787.0,1235.4,4102.1,3898.7,2458.7,2263.3,1819.1,2614.6,1071.4,1542.1,1009.6,2382.7,1393.3,4254.2,7092.9,5217.9,1382.5,1147.3
2026-09-20 23:00:00,718.4,198.6,878.5,1035.4,655.3,105.1,112.0,42.2,306.5,62.6,153.5,1298.8,3655.1,8323.0,1639.8,1435.1,24.2,157.1,1343.4,3113.6,564.2,985.1,5211.4,3833.7,2719.9,1238.5,4141.8,4111.9,2432.7,2273.0,1825.2,2890.4,1029.3,1678.2,1007.2,2205.4,1385.7,4008.6,7001.7,5236.1,1398.5,1143.2
2026-09-20 23:15:00,717.9,194.6,869.5,1035.7,646.6,105.1,112.0,43.3,305.7,64.2,103.4,1301.6,3662.1,8253.6,1609.9,1416.7,24.2,158.2,1366.6,3046.2,565.4,986.3,5182.1,3764.9,2682.9,1239.3,4124.3,4097.9,2430.3,2271.8,1834.5,2554.0,1027.7,1641.7,1004.3,2205.2,1378.4,4033.2,6981.6,5225.0,1381.9,1146.2
2026-09-20 23:30:00,715.6,190.6,861.7,1040.7,634.8,105.7,114.7,44.4,301.8,64.2,103.8,1301.9,3801.4,8223.6,1613.4,1440.3,6.3,159.4,1368.3,3045.3,554.3,987.0,5166.9,3705.4,2647.6,1242.2,4108.2,4078.2,2425.2,2274.7,1832.4,2326.1,1023.6,1632.8,998.6,2206.5,1353.4,4063.3,6921.2,5222.0,1374.5,1146.2
2026-09-20 23:45:00,713.1,186.6,855.2,1034.7,632.0,93.0,114.7,47.0,292.4,61.0,106.5,1304.5,3810.7,8196.0,1579.8,1441.7,8.3,160.6,1362.8,3016.7,554.3,987.5,5140.7,3598.3,2612.2,1244.1,4093.0,4065.2,2419.3,2285.2,1829.3,2123.6,1017.4,1631.8,983.2,2208.9,1318.5,4013.5,6925.4,5231.3,1368.9,1133.1
2026-09-21 00:00:00,716.0,241.8,824.8,1010.2,596.2,121.1,35.0,39.4,299.2,56.2,248.7,1380.6,3696.3,8008.7,1289.6,1078.8,61.1,93.0,1380.7,2799.2,564.1,994.6,5045.9,3968.7,2537.1,1213.7,4422.7,3270.7,2405.4,2759.1,1777.1,1435.0,1108.9,1496.5,994.3,2136.4,1379.7,3773.3,6832.9,5190.6,1303.9,1154.8
2026-09-21 00:15:00,709.5,235.0,825.9,1008.8,595.9,120.0,35.0,39.2,294.8,53.0,241.5,1372.1,3699.2,8022.4,1471.7,1236.2,60.6,91.4,1431.3,2791.1,556.8,995.2,5075.2,3911.0,2510.4,1213.7,4410.7,3263.5,2403.0,2760.0,1771.9,1243.5,1101.5,1497.0,993.9,2134.3,1380.0,3778.5,6794.8,5185.4,1299.1,1150.3
2026-09-21 00:30:00,739.2,228.0,828.1,986.3,599.2,119.3,35.0,38.7,292.3,51.4,242.6,1374.5,3698.4,7993.6,1517.1,1346.4,60.1,89.7,1521.7,2793.2,564.8,994.9,5066.4,3855.8,2487.2,1214.7,4388.7,3262.4,2394.0,2728.9,1768.7,1169.1,1096.4,1497.2,981.0,2133.1,1378.7,3777.5,6750.0,5185.6,1291.3,1145.8
2026-09-21 00:45:00,736.9,220.9,834.2,931.4,594.0,117.9,37.7,39.9,288.9,52.2,230.2,1362.7,3697.7,7975.0,1487.6,1344.1,59.8,89.5,1511.6,2710.4,565.7,993.9,5057.6,3802.0,2467.9,1214.5,4376.7,3261.0,2388.1,2733.9,1767.8,1161.1,1091.7,1497.3,975.0,2132.9,1375.6,3778.4,6710.9,5132.1,1279.8,1143.7
2026-09-21 01:00:00,737.6,214.6,939.6,943.0,603.5,116.1,42.2,22.0,284.0,53.8,253.1,1330.7,3603.7,7867.6,1401.5,1410.4,13.8,147.1,1494.9,2563.7,571.3,1000.1,5186.9,3755.8,2409.9,1227.6,4383.6,3619.4,2368.8,2788.5,1751.3,1162.7,1057.5,1502.2,980.3,2100.2,1400.4,3637.2,6695.5,5167.9,1272.3,1118.8
2026-09-21 01:15:00,728.5,211.1,933.3,906.4,598.4,110.4,42.2,21.5,284.1,49.8,253.7,1333.8,3607.4,7820.1,1388.5,1368.6,33.5,145.3,1515.1,2477.2,570.8,999.6,5189.7,3704.6,2394.7,1227.6,4377.6,3616.2,2366.3,2787.8,1750.3,1165.3,1053.1,1501.6,971.2,2101.9,1400.0,3627.8,6679.9,5083.5,1272.2,1115.4
2026-09-21 01:30:00,725.2,207.9,928.1,932.5,605.8,112.3,44.9,13.7,287.9,49.0,241.0,1336.2,3612.0,7788.6,1372.3,1384.0,13.4,145.2,1506.0,2478.0,576.9,999.8,5178.8,3666.5,2378.8,1227.6,4368.6,3612.1,2364.1,2791.1,1750.3,1169.8,1047.0,1500.8,973.1,2104.2,1402.1,3619.9,6655.3,5153.7,1266.3,1110.6
2026-09-21 01:45:00,721.7,204.8,920.0,893.3,605.7,109.4,44.9,13.5,285.7,53.0,224.0,1339.3,3638.7,7716.4,1368.5,1379.5,33.1,160.6,1509.0,2481.0,573.8,999.6,5183.9,3614.8,2360.3,1227.6,4358.5,3606.4,2361.1,2784.0,1746.6,1173.3,1044.5,1500.1,979.5,2108.1,1402.8,3611.2,6629.3,5061.8,1265.9,1107.5
2026-09-21 02:00:00,723.0,201.2,910.6,898.2,630.0,108.6,41.2,19.4,287.3,45.4,282.2,1350.7,3775.0,7660.9,1400.4,1395.3,5.0,246.2,1485.6,2382.8,567.7,998.4,5211.3,3619.3,2330.2,1236.4,4388.2,3635.3,2350.3,2798.9,1734.3,1176.8,988.2,1489.0,975.2,2098.7,1427.2,3503.3,6731.7,5160.9,1268.2,1099.1
2026-09-21 02:15:00,696.2,197.1,912.9,886.8,630.1,109.7,43.1,20.4,277.2,49.4,286.7,1353.4,3764.8,7627.5,1400.5,1365.3,5.0,245.5,1488.7,2376.1,569.1,998.2,5212.9,3550.2,2319.7,1235.5,4382.2,3636.3,2350.1,2797.4,1733.0,1181.8,985.8,1489.0,966.8,2103.1,1422.8,3496.5,6719.0,5156.1,1267.1,1092.0
2026-09-21 02:30:00,693.8,192.8,917.8,892.3,627.1,111.5,43.9,19.6,283.0,50.2,286.5,1359.4,4334.4,7615.7,1389.3,1362.1,5.0,246.2,1467.5,2384.3,557.1,998.0,5182.3,3533.9,2310.8,1235.5,4380.0,3641.1,2349.0,2797.1,1730.8,1187.4,983.2,1487.6,964.6,2105.8,1417.7,3513.0,6709.6,5182.5,1265.7,1083.8
2026-09-21 02:45:00,685.0,189.0,925.5,918.7,629.6,116.1,43.9,20.1,286.8,48.6,247.3,1364.2,4335.6,7597.0,1391.7,1367.7,5.0,246.8,1470.0,2384.6,556.1,998.0,5225.8,3503.2,2308.1,1234.5,4377.5,3646.9,2347.3,2796.4,1731.0,1194.8,979.9,1487.3,962.6,2106.8,1409.8,3501.9,6696.6,5200.6,1266.7,1076.2
2026-09-21 03:00:00,692.9,186.3,835.8,898.1,624.8,111.5,41.2,17.9,288.7,38.6,294.3,1381.4,4545.1,7533.9,1356.7,1385.8,11.9,160.7,1513.0,2278.1,551.8,998.0,5149.0,3495.1,2289.6,1236.2,4471.2,3763.0,2341.4,2803.8,1725.0,1197.7,982.6,1479.2,961.6,2117.8,1403.1,3481.7,6729.4,5133.1,1271.0,1056.4
2026-09-21 03:15:00,697.2,186.5,843.7,898.5,629.0,115.9,43.9,17.8,282.7,41.0,291.3,1399.2,4547.8,7582.2,1364.1,1358.1,11.9,161.2,1509.8,2279.1,555.4,995.9,5155.7,3477.3,2286.6,1234.1,4473.0,3763.4,2343.7,2801.3,1725.7,1201.0,979.8,1478.6,961.5,2118.3,1397.8,3471.6,6746.1,5150.7,1276.3,1047.7
2026-09-21 03:30:00,701.0,186.5,855.8,909.4,624.5,119.0,41.2,18.1,285.5,38.6,291.4,1389.8,4546.3,7607.4,1360.3,1362.8,11.9,161.8,1469.2,2278.1,547.8,995.6,5190.3,3451.6,2283.8,1234.0,4470.0,3761.4,2343.2,2805.4,1725.5,1206.8,979.9,1477.4,971.2,2120.6,1397.1,3466.8,6727.5,5221.0,1273.5,1039.0
2026-09-21 03:45:00,697.9,186.5,865.4,927.3,632.0,120.0,41.2,18.1,294.6,40.2,304.9,1382.8,4547.3,7602.1,1357.2,1366.8,11.9,142.9,1351.4,2339.2,544.0,994.7,5204.4,3417.7,2282.0,1231.9,4478.0,3759.2,2344.1,2802.7,1726.0,1215.5,977.3,1476.6,980.6,2123.0,1406.4,3463.1,6713.0,5215.3,1275.7,1029.7
2026-09-21 04:00:00,717.0,187.9,879.3,893.6,627.9,115.6,40.7,22.7,292.8,36.2,314.2,1377.8,3662.2,7693.7,1353.3,1358.6,5.0,204.3,1547.8,2564.1,549.4,992.7,5271.5,3475.0,2285.8,1237.7,4283.7,3605.3,2347.0,2824.5,1728.7,1218.4,978.0,1457.5,978.0,2198.1,1342.5,3631.2,6617.9,5028.2,1299.5,1019.2
2026-09-21 04:15:00,721.9,187.9,895.8,929.9,636.2,121.2,38.0,23.5,292.3,42.6,311.6,1383.2,3650.7,7653.0,1348.9,1339.9,5.0,203.9,1534.3,2570.2,535.5,990.8,5273.1,3461.6,2288.0,1237.4,4287.4,3598.7,2350.1,2819.3,1733.8,1221.6,978.1,1455.8,986.1,2203.5,1353.7,3646.6,6646.8,5074.1,1307.5,1011.7
2026-09-21 04:30:00,738.2,188.0,918.8,968.5,633.9,121.1,38.0,30.4,293.4,42.6,307.7,1387.1,3652.9,7630.8,1333.8,1322.2,5.0,223.2,1404.1,2652.1,532.7,990.2,5319.2,3437.1,2296.0,1236.4,4295.5,3590.1,2353.3,2819.5,1727.1,1248.9,975.5,1455.8,989.8,2210.1,1361.2,3678.9,6657.3,5123.1,1308.5,1005.5
2026-09-21 04:45:00,721.0,187.1,955.4,974.2,642.8,124.1,38.0,30.2,302.4,41.8,320.2,1375.4,3648.9,7607.6,1325.4,1322.2,5.0,203.7,1404.4,2655.7,524.7,986.6,5339.0,3481.6,2306.8,1236.3,4303.6,3580.6,2354.5,2848.3,1727.8,1588.3,979.3,1452.5,986.1,2217.3,1358.0,3741.0,6686.1,5170.6,1320.8,997.0
2026-09-21 05:00:00,761.1,186.7,1017.2,972.6,664.2,215.7,37.0,24.8,320.4,27.9,157.0,1320.8,3851.9,7571.9,1333.6,1274.6,5.0,146.5,1427.6,2886.5,551.0,980.9,5492.2,3564.1,2363.1,1258.5,4180.0,3745.6,2370.5,2837.0,1699.6,1397.4,965.0,1507.5,993.1,2692.8,1370.4,4236.6,6827.7,5104.7,1329.7,981.6
2026-09-21 05:15:00,789.7,189.5,1078.0,957.6,686.9,215.7,37.0,24.8,327.4,37.6,123.9,1318.5,3866.8,7653.1,1332.8,1280.4,5.0,164.7,1354.7,2898.6,541.4,977.0,5549.2,3560.9,2405.7,1258.3,4209.3,3736.8,2377.4,2864.7,1694.1,1946.6,971.9,1506.9,1001.5,2699.2,1375.1,4314.3,6918.1,5153.3,1366.8,971.1
2026-09-21 05:30:00,803.0,193.3,1129.9,967.4,702.0,215.4,37.0,24.1,338.9,28.0,166.4,1315.4,3875.8,8056.4,1233.3,1173.4,5.1,259.2,1364.9,2899.5,541.2,977.9,5590.0,3558.8,2433.6,1258.2,4220.5,3731.0,2383.8,2863.6,1683.9,2127.1,978.3,1511.0,1001.5,2705.1,1386.9,4550.5,7031.6,5160.0,1399.0,959.2
2026-09-21 05:45:00,815.3,201.6,1156.1,998.2,721.7,227.3,37.0,26.6,351.5,37.9,166.6,1311.6,3888.4,8353.6,1068.1,1037.1,5.0,243.1,1376.3,3152.9,545.6,975.5,5615.2,3560.3,2484.6,1258.0,4256.2,3810.5,2395.1,2852.2,1675.1,2323.2,987.8,1540.9,1015.3,2708.6,1393.0,4593.3,7143.8,5208.0,1428.4,947.8
2026-09-21 06:00:00,843.2,196.4,1225.6,1281.2,757.1,395.2,2.0,26.6,390.8,24.1,168.1,1276.3,4049.9,8809.3,1076.9,844.6,0.0,276.4,1379.8,3453.6,558.2,967.1,5752.0,3810.7,2681.0,1396.9,4415.0,3470.4,2445.8,2678.5,1770.8,2377.3,913.3,1923.7,1038.0,3185.8,1395.5,5169.3,7520.6,5259.0,1527.5,914.7
2026-09-21 06:15:00,852.3,207.0,1241.1,1274.2,775.9,424.6,2.0,25.1,405.8,34.5,156.7,1273.6,4078.2,8872.9,1103.8,869.7,0.0,288.8,1377.6,3498.5,547.2,970.6,5800.0,3852.4,2755.1,1410.7,4455.4,3547.7,2461.4,2625.9,1776.4,2554.0,935.1,2173.4,1050.0,3186.3,1419.6,5229.5,7688.8,5268.0,1578.3,906.0
2026-09-21 06:30:00,859.6,221.1,1249.6,1229.8,785.7,446.3,2.0,28.2,422.4,21.7,182.6,1266.6,4094.7,8929.9,1249.7,1038.7,0.1,289.7,1384.8,3525.4,546.1,971.3,5812.2,3899.1,2830.4,1452.0,4509.2,3554.0,2476.1,2576.5,1775.2,2794.1,954.1,2291.7,1062.5,3185.7,1449.7,5279.6,7883.8,5280.8,1625.1,899.4
2026-09-21 06:45:00,863.9,235.3,1254.0,1231.6,798.1,476.9,2.0,29.5,446.8,21.6,189.7,1260.9,3833.6,8768.7,1269.2,1040.1,0.0,285.6,1398.8,3512.0,538.2,966.6,5842.2,3899.9,2908.3,1517.6,4547.4,3714.9,2492.7,2648.5,1781.4,2771.4,970.4,2540.5,1071.9,3184.3,1478.9,5329.5,8026.8,5421.5,1682.6,892.4
2026-09-21 07:00:00,881.5,303.8,1269.7,1227.5,821.3,493.1,2.0,63.0,478.9,42.5,479.4,1322.8,3900.3,8705.1,1374.6,1053.1,0.1,259.5,1697.4,3430.2,536.2,957.9,5944.7,3979.8,3113.3,1513.3,4606.0,4205.3,2565.9,2708.2,1855.3,2971.4,1023.4,2443.6,1089.2,3460.5,1538.9,5178.8,8346.7,5433.5,1761.0,875.9
2026-09-21 07:15:00,883.3,318.9,1273.2,1213.4,836.3,520.6,2.0,64.1,498.5,45.1,458.7,1323.7,3431.3,8372.5,1370.5,1094.6,0.0,268.5,1706.9,3415.5,528.1,970.5,5951.7,3987.9,3174.4,1512.1,4642.9,4397.7,2581.0,2702.6,1862.4,3026.9,1040.2,2490.5,1102.4,3457.6,1556.4,5156.7,8389.4,5494.7,1790.4,869.0
2026-09-21 07:30:00,888.1,327.4,1254.1,1201.8,850.4,532.5,2.0,67.3,518.0,44.0,482.0,1316.8,3446.8,8444.4,1362.4,1132.8,0.0,254.3,1711.6,3420.3,523.8,971.4,5976.9,3992.9,3211.4,1509.9,4669.2,4495.8,2593.8,2702.1,1866.1,3077.5,1052.0,2449.5,1108.1,3453.9,1570.6,5193.7,8425.5,5557.8,1802.9,885.6
2026-09-21 07:45:00,890.1,338.6,1219.7,1190.0,859.6,568.5,2.0,57.4,513.3,100.2,465.9,1312.9,3511.5,8335.5,1361.4,1182.6,0.0,247.5,1710.9,3454.0,521.6,965.6,5989.6,3993.1,3244.9,1508.4,4675.7,4488.3,2607.9,2701.9,1867.4,3091.7,1061.1,2448.0,1113.4,3449.6,1577.6,5198.7,8458.7,5593.4,1814.7,874.7
2026-09-21 08:00:00,879.2,379.3,1170.1,1075.9,858.5,539.5,51.0,42.8,509.6,82.2,471.8,1298.9,3614.0,8502.5,1628.9,1295.0,0.0,230.4,1586.3,3638.1,508.4,980.1,5996.5,4006.5,3305.4,1390.9,4826.5,4640.3,2626.7,2670.0,1860.5,2983.1,1095.9,2455.5,1088.0,3466.0,1580.7,5021.1,8484.6,5708.7,1809.9,853.9
2026-09-21 08:15:00,873.9,404.2,1129.6,1045.6,862.8,561.2,51.0,27.3,504.7,127.0,492.9,1311.2,3933.7,8635.0,1601.0,1253.4,0.0,261.5,1567.8,3722.4,502.8,960.8,6006.9,3966.3,3313.3,1391.1,4817.2,4497.7,2631.7,2656.9,1863.6,2986.7,1101.6,2402.5,1093.7,3456.1,1583.1,5054.2,8453.5,5692.2,1814.6,841.1
2026-09-21 08:30:00,865.7,401.1,1070.6,840.5,861.3,618.0,51.0,28.2,493.9,125.6,499.6,1326.4,4212.4,8575.5,1533.8,1243.9,0.0,231.9,1569.2,3559.1,513.7,966.3,5959.4,3991.0,3311.4,1394.9,4806.9,4335.6,2633.8,2628.4,1863.4,3005.3,1106.6,2359.5,1099.4,3445.2,1584.7,5083.9,8408.2,5651.1,1783.9,811.2
2026-09-21 08:45:00,862.0,414.2,1014.7,825.9,857.2,641.5,51.0,30.1,483.6,69.9,532.1,1345.2,4561.2,8795.0,1482.7,1241.1,0.0,214.8,1566.5,3289.3,541.9,948.6,5980.7,3960.0,3301.7,1387.6,4808.3,4091.8,2637.6,2689.3,1865.8,3012.7,1115.6,2360.8,1113.9,3432.1,1586.7,5138.1,8391.8,5540.6,1779.6,806.2
2026-09-21 09:00:00,832.2,442.6,929.7,765.1,848.8,552.8,71.0,38.7,433.7,120.6,274.2,1268.3,4679.4,8825.1,1449.1,1344.3,117.4,221.1,1726.0,3187.2,580.1,924.0,5934.2,3814.9,3280.8,1365.4,4828.5,4019.9,2628.9,2611.0,1873.2,3113.3,1111.0,2248.2,1108.1,3110.3,1576.6,5411.2,8258.3,5318.6,1725.6,786.5
2026-09-21 09:15:00,822.0,439.1,887.5,752.1,849.7,588.6,71.0,35.4,402.3,51.4,293.9,1290.5,4734.3,8881.8,1411.5,1321.8,117.4,240.1,1727.8,3141.9,572.2,921.3,5921.9,3833.3,3268.7,1367.3,4807.9,3943.6,2632.8,2616.3,1869.3,3119.7,1109.9,2246.5,1105.6,3093.6,1567.0,5424.6,8214.3,5270.0,1708.6,792.1
2026-09-21 09:30:00,808.5,442.3,827.4,740.6,847.9,615.1,71.6,36.3,365.7,64.1,251.9,1317.0,4754.8,8796.9,1409.6,1299.8,117.4,165.0,1734.5,3003.9,589.0,922.7,5924.0,3775.7,3260.1,1366.9,4800.6,3916.9,2523.9,2593.2,1881.3,3049.6,1112.0,2211.2,1116.4,3076.7,1580.7,5320.3,8215.7,5206.5,1684.3,794.3
2026-09-21 09:45:00,792.6,437.7,771.2,737.1,842.7,614.1,80.6,37.6,314.7,43.6,292.2,1340.6,4866.0,8089.8,1489.2,1420.6,117.5,104.4,1769.9,3022.3,570.7,933.8,5919.3,3731.7,3251.3,1368.8,4785.8,3903.2,2528.2,2591.4,1892.4,2497.1,1107.7,2207.3,1115.5,3060.5,1564.2,5322.9,8180.3,5243.5,1665.2,806.8
2026-09-21 10:00:00,775.4,476.5,744.4,772.6,845.8,585.3,71.1,26.3,284.7,49.2,484.7,1394.1,4768.9,8067.1,1464.3,1536.1,121.7,232.9,1666.9,2627.4,575.6,945.1,5963.7,3674.3,3224.1,1389.5,4755.0,4321.7,2529.2,2372.7,1847.4,3127.6,1106.2,1891.6,1095.8,2095.7,1535.9,4874.2,8081.9,5307.2,1646.9,816.6
2026-09-21 10:15:00,833.1,462.4,709.8,806.9,843.9,604.2,71.9,25.7,259.3,56.2,472.7,1417.1,4994.9,8161.2,1401.9,1383.9,142.4,194.8,1812.5,2526.5,571.9,955.7,5942.4,3644.5,3208.1,1391.5,4739.2,4314.7,2529.9,2340.4,1869.7,2977.5,1104.4,1893.0,1101.2,2092.4,1529.7,4710.6,8043.5,5290.5,1624.3,825.8
2026-09-21 10:30:00,814.8,467.8,691.2,843.6,843.0,562.8,74.3,25.8,236.1,74.5,465.1,1452.2,5687.5,8350.9,1391.2,1347.7,121.7,198.1,1855.9,2232.9,574.7,960.2,5927.8,3591.8,3197.7,1392.4,4730.4,4304.4,2636.6,2360.2,1874.9,2978.7,1102.3,1932.6,1102.3,2092.5,1517.1,4669.1,8009.5,5310.6,1613.4,836.4
2026-09-21 10:45:00,755.1,430.2,668.1,871.3,843.7,503.8,91.7,26.2,209.5,90.7,430.6,1470.9,5793.3,8515.1,1385.7,1237.4,121.7,122.0,1930.8,1613.4,594.6,956.3,5904.5,3577.9,3185.7,1394.7,4707.8,4291.5,2637.7,2364.7,1870.3,2930.0,1096.3,1899.7,1097.3,2092.5,1511.0,4427.7,7982.2,5274.4,1592.8,846.7
2026-09-21 11:00:00,732.8,545.2,657.1,898.5,835.2,659.8,35.1,32.5,180.1,118.8,506.4,1500.8,5732.6,8472.7,1542.3,1328.2,139.4,127.6,1959.3,2075.8,595.4,959.1,5981.3,3471.7,3156.6,1472.6,4605.6,3690.2,2618.6,2351.8,1881.2,2748.0,1094.8,2213.3,1099.4,2014.1,1501.6,4171.6,7880.4,5369.7,1562.8,859.4
2026-09-21 11:15:00,737.9,490.0,644.4,935.0,830.5,601.4,36.0,33.9,160.7,135.5,509.2,1518.8,5782.5,8559.8,1560.1,1365.5,139.4,168.4,1966.3,1618.4,591.1,700.5,5964.4,3475.7,3145.6,1467.3,4596.9,3654.4,2617.2,2365.3,1881.4,2745.9,1092.5,2092.0,1102.1,2018.2,1491.8,4139.0,7881.5,5383.8,1544.3,873.3
2026-09-21 11:30:00,738.7,462.2,856.5,972.5,837.2,538.3,38.2,33.9,136.6,148.1,485.9,1544.6,5786.5,8664.0,1499.3,1387.6,139.4,139.6,1964.3,1566.8,591.3,376.0,5952.3,3497.1,3141.4,1387.6,4582.3,3632.6,2614.6,2355.5,1883.0,2786.0,1091.0,1989.9,1106.7,2020.2,1495.0,4154.5,7876.3,5339.6,1535.1,889.2
2026-09-21 11:45:00,742.8,458.1,860.7,924.9,837.5,517.7,54.0,34.6,107.0,99.6,441.0,1555.6,5833.1,8747.8,1483.9,1415.5,139.4,140.0,1957.9,1562.8,664.5,330.5,5917.3,3525.4,3129.0,1388.6,4584.5,3626.5,2613.2,2353.8,1887.0,2780.2,1087.0,1915.4,1102.3,2022.9,1478.7,4043.6,7871.2,5353.6,1526.2,894.9
2026-09-21 12:00:00,742.0,493.0,918.9,978.8,838.2,577.9,23.0,38.3,102.1,186.2,411.5,1589.6,5802.9,8737.8,1703.4,1442.3,134.8,145.9,2022.4,1629.7,609.6,312.2,5912.1,3534.1,3106.5,1340.7,4571.4,3521.2,2615.4,2380.0,1881.2,2552.2,1086.3,1910.2,1097.2,2037.6,1489.0,3800.2,7817.0,5442.6,1488.7,920.0
2026-09-21 12:15:00,747.7,450.1,921.1,985.8,852.6,504.4,23.0,38.6,100.0,150.8,372.9,1600.7,5882.5,8714.4,1695.9,1444.6,134.8,141.7,2012.9,1655.8,604.0,311.5,5893.1,3555.6,3096.3,1340.1,4564.5,3514.2,2613.2,2355.4,1879.3,2607.7,1084.6,1826.7,1092.7,2041.8,1474.7,3813.8,7849.4,5436.9,1481.8,927.8
2026-09-21 12:30:00,734.7,444.8,926.3,996.9,849.7,451.9,23.0,38.8,99.5,150.0,364.3,1646.1,5927.6,8666.2,1635.1,1473.5,134.8,161.5,2014.1,1598.2,597.1,310.9,5895.0,3589.1,3095.1,1338.5,4564.4,3508.5,2609.9,2363.5,1879.9,2590.6,1081.7,1838.2,1085.8,2046.3,1454.1,3812.7,7823.7,5371.6,1486.5,935.9
2026-09-21 12:45:00,738.0,433.5,926.9,969.7,848.3,477.7,23.0,39.5,107.2,143.6,406.7,1663.0,5991.8,8575.5,1608.0,1484.8,134.8,126.4,2012.7,1691.3,594.5,308.9,5882.5,3619.1,3083.5,1333.2,4563.2,3504.3,2608.5,2340.4,1884.2,2618.7,1076.2,1800.9,1080.0,2051.4,1438.4,3696.6,7811.0,5363.1,1480.4,942.8
2026-09-21 13:00:00,770.3,424.8,960.2,995.5,861.0,482.8,14.0,40.9,97.9,131.6,467.3,1671.0,5989.1,8067.2,1958.6,1418.3,135.0,108.1,2006.1,1832.7,627.2,316.0,5911.9,3606.0,3068.3,1331.5,4646.1,3489.4,2604.8,2249.0,1861.2,2711.0,1070.3,1753.5,1067.6,2059.0,1422.2,3850.6,8048.2,5462.3,1497.3,953.3
2026-09-21 13:15:00,769.9,417.9,958.5,973.4,865.3,479.1,14.0,41.1,96.2,129.5,461.9,1678.4,6034.2,8079.0,1945.4,1411.5,134.9,108.1,2012.2,1824.3,625.9,314.0,5924.3,3625.4,3064.8,1331.4,4651.2,3486.2,2604.3,2221.2,1857.6,2747.3,1069.7,1694.8,1057.3,2064.9,1417.8,3792.1,7998.9,5433.1,1495.2,957.7
2026-09-21 13:30:00,772.7,410.9,964.2,963.8,862.3,488.2,25.2,40.6,97.0,112.7,453.9,1685.5,6033.8,8072.1,1923.4,1409.7,134.9,152.2,2010.7,1659.5,629.2,309.8,5899.6,3650.8,3067.6,1330.7,4652.3,3483.0,2602.5,2211.1,1857.8,2762.6,1074.6,1636.9,1044.5,2071.2,1405.0,3748.9,7976.2,5410.5,1500.0,956.7
2026-09-21 13:45:00,780.0,400.4,976.3,974.6,856.9,479.6,20.3,40.8,96.6,104.3,449.2,1693.6,5974.7,8053.3,1922.7,1407.7,134.9,151.8,2003.7,1559.1,619.2,302.6,5880.7,3670.9,3067.2,1330.0,4645.0,3481.6,2602.3,2188.6,1857.0,2852.4,1067.0,1578.3,1048.8,2082.0,1403.9,3887.3,7983.8,5396.8,1496.0,965.4
2026-09-21 14:00:00,820.6,385.0,973.1,968.7,857.6,486.5,28.4,44.7,94.2,106.2,443.5,1690.4,5997.9,8122.7,1901.0,1411.6,15.1,296.8,2002.9,1668.3,583.9,301.6,5854.0,3705.0,3069.1,1328.3,4349.0,3420.3,2616.0,2134.6,1865.6,2943.4,1063.6,1707.9,1052.5,2102.2,1400.0,3997.7,7979.5,5387.1,1485.2,965.2
2026-09-21 14:15:00,846.3,404.1,999.9,963.7,855.3,510.6,18.4,44.1,93.0,98.5,439.9,1692.8,5814.5,8345.7,1901.5,1411.9,15.0,325.7,1986.1,1710.0,584.0,296.3,5797.1,3723.1,3051.2,1326.9,4332.7,3418.7,2607.0,2144.5,1869.4,2908.7,1066.0,1793.5,1055.0,2118.2,1402.4,4038.1,7982.7,5367.0,1483.2,958.4
2026-09-21 14:30:00,803.8,362.3,790.0,939.0,861.8,437.2,17.3,43.7,92.0,92.6,448.0,1686.6,5809.8,8491.2,1918.3,1388.9,15.0,280.4,1983.7,1769.0,584.4,291.6,5819.6,3728.3,3056.7,1329.8,4323.3,3417.7,2615.3,2150.6,1862.4,2899.5,1063.5,1796.7,1057.5,2133.6,1408.3,4047.9,7983.9,5299.3,1490.4,958.1
2026-09-21 14:45:00,822.7,350.5,796.1,933.4,865.8,428.5,16.1,43.1,89.2,90.6,416.0,1686.1,5733.5,8470.9,1923.1,1392.2,15.0,262.0,1984.7,1750.3,586.0,285.3,5763.8,3725.6,3055.7,1328.3,4335.4,3416.3,2616.5,2156.1,1860.8,2871.5,1062.8,1831.5,1058.8,2148.5,1422.6,4085.5,7965.5,5269.5,1485.4,954.2
2026-09-21 15:00:00,801.6,331.2,756.1,866.5,832.9,396.3,22.3,36.8,85.7,95.5,482.1,1710.6,5865.3,8374.8,1609.1,1415.3,15.0,212.0,1953.0,1781.2,560.7,281.8,5707.2,3899.9,3056.5,1353.4,4327.0,3544.0,2627.8,2119.6,1869.1,2965.8,1060.4,1762.8,1058.4,2181.6,1438.3,4231.7,7937.1,5114.1,1548.1,952.9
2026-09-21 15:15:00,792.5,315.8,775.1,872.8,835.3,372.1,20.5,36.4,85.3,80.3,477.6,1716.6,5766.8,8552.7,1642.2,1412.4,15.0,231.9,1878.9,1741.0,565.5,275.7,5718.4,3905.7,3068.0,1361.7,4329.5,3544.6,2626.5,2126.2,1874.0,2965.6,1061.7,1801.9,1061.7,2190.7,1455.7,4250.0,7879.7,5117.1,1557.4,939.8
2026-09-21 15:30:00,800.5,330.2,806.7,841.4,832.4,395.4,18.0,35.8,86.1,63.4,471.6,1670.0,5423.2,8552.9,1689.2,1374.6,15.0,241.1,1960.7,1744.6,574.4,454.8,5707.3,3942.3,3075.1,1360.8,4344.4,3553.5,2624.9,2125.6,1872.2,2961.6,1064.1,1896.5,1061.4,2193.9,1467.4,4287.0,7885.1,5137.2,1565.4,936.3
2026-09-21 15:45:00,786.8,316.1,847.9,816.1,829.3,373.8,18.0,38.2,93.6,110.0,465.3,1638.0,4838.4,8459.9,1688.2,1360.2,15.3,324.1,1932.1,1833.7,602.9,816.4,5718.9,3977.2,3085.0,1360.9,4349.8,3567.5,2629.2,2140.3,1872.9,2918.4,1065.7,2062.5,1068.9,2194.5,1477.7,4339.4,7902.3,5101.6,1572.8,918.4
2026-09-21 16:00:00,818.5,253.0,854.1,760.8,837.2,288.5,7.8,40.1,124.2,71.9,379.0,1660.2,4834.6,8485.5,1585.7,1243.1,10.0,206.8,1927.7,1638.3,579.0,423.7,5680.1,4028.6,3148.3,1460.8,4366.8,3776.2,2733.9,2285.0,1843.9,2881.1,1068.3,2050.5,1077.4,2394.3,1503.8,4741.8,7972.9,4970.6,1549.9,898.3
2026-09-21 16:15:00,829.7,249.3,926.1,780.5,840.5,293.1,3.0,38.9,113.5,106.5,378.2,1646.2,4699.6,8322.8,1594.5,1274.7,10.0,230.3,1932.9,2001.6,590.8,767.7,5674.9,4047.1,3155.2,1538.5,4379.2,3777.8,2730.5,2271.4,1840.7,2895.4,1073.8,2082.0,1072.1,2392.4,1521.8,4865.9,8020.5,4989.1,1574.7,871.2
2026-09-21 16:30:00,818.9,229.1,1005.5,766.1,831.2,267.5,3.0,53.4,142.0,90.7,373.5,1573.7,4679.6,8132.3,1656.1,1270.0,10.0,309.9,1833.5,2256.2,570.4,853.8,5662.0,4135.4,3169.7,1541.4,4393.9,3789.9,2728.0,2228.0,1838.1,2977.2,1071.6,2215.8,1074.3,2392.0,1525.2,4952.0,8050.2,4954.1,1616.3,842.9
2026-09-21 16:45:00,827.2,227.1,1088.7,782.7,830.1,233.9,3.0,53.2,144.9,81.2,370.9,1526.6,4545.0,7937.0,1750.1,1261.6,10.0,356.5,1756.1,2293.8,559.5,845.5,5611.5,4221.9,3184.2,1544.8,4385.8,3889.1,2725.9,2262.4,1809.0,3340.4,1073.7,2360.8,1076.4,2393.0,1529.6,4911.7,8119.1,4957.5,1645.4,815.2
2026-09-21 17:00:00,849.9,197.3,1169.3,773.1,835.7,278.7,12.0,81.2,203.1,69.9,124.0,1471.7,4670.8,7850.2,1676.9,1133.1,0.0,236.4,2003.1,3061.3,617.9,900.4,5664.2,4203.0,3179.6,1444.8,4545.9,4002.1,2754.2,2230.5,1826.7,3055.8,1074.6,2640.6,1080.5,3309.9,1553.1,5624.6,8350.7,4979.7,1730.0,762.7
2026-09-21 17:15:00,848.4,212.0,1215.0,802.4,842.3,259.7,13.7,81.2,225.2,48.6,124.9,1432.5,4514.1,7801.7,1767.8,1300.4,0.1,280.3,1798.7,3091.5,604.3,892.4,5631.3,4425.4,3172.5,1487.5,4542.9,4127.5,2752.3,2222.0,1809.7,3170.1,1047.1,2662.7,1083.7,3322.6,1556.3,5689.0,8369.8,5012.7,1758.4,730.3
2026-09-21 17:30:00,862.7,202.3,1264.9,984.0,849.3,236.2,12.0,79.8,245.6,37.2,127.6,1403.1,4529.5,7540.5,1851.7,1422.0,0.0,294.4,1796.6,3469.9,584.4,892.2,5620.0,4452.5,3172.1,1524.9,4548.4,4237.7,2748.9,2214.9,1809.7,3161.3,1049.5,2743.5,1088.1,3339.1,1556.3,5744.3,8405.3,5159.9,1781.7,699.0
2026-09-21 17:45:00,876.8,219.6,1288.6,968.2,860.8,257.8,12.0,84.5,273.9,38.4,128.8,1408.1,4515.3,7360.0,1954.6,1375.2,0.0,322.5,1802.3,3450.8,549.6,1095.6,5665.8,4434.5,3173.0,1541.8,4560.3,4586.6,2748.9,2193.2,1809.6,3159.4,1055.1,2965.3,1086.9,3359.9,1562.5,5702.3,8462.8,5290.3,1798.7,665.2
2026-09-21 18:00:00,893.5,239.5,1334.7,983.8,874.0,546.5,4.2,52.5,297.6,16.0,438.3,1337.6,4440.6,6971.6,1990.7,1226.2,5.0,163.2,1720.5,3653.2,539.6,1121.3,5766.6,4483.9,3171.5,1498.8,4669.8,4518.7,2808.8,2212.2,1799.2,3235.7,1016.8,3193.5,1086.0,3236.8,1556.5,5479.7,8500.7,5221.3,1813.1,680.6
2026-09-21 18:15:00,909.1,271.4,1369.3,990.7,885.0,599.5,1.0,51.6,329.8,17.7,447.6,1325.6,3856.5,7001.8,1847.6,1047.3,5.0,192.7,1725.0,3618.5,532.5,1119.3,5803.0,4462.4,3183.7,1538.1,4673.6,4737.7,2809.3,2144.4,1802.2,3229.9,1017.5,3409.5,1078.9,3264.3,1557.3,5460.0,8516.1,5241.9,1830.1,662.8
2026-09-21 18:30:00,920.1,273.2,1390.7,1183.3,889.1,599.4,1.0,49.5,361.6,21.6,473.8,1294.7,3869.2,6892.4,1716.9,879.3,5.0,192.3,1727.7,3560.8,530.9,1111.1,5819.3,4469.7,3186.3,1533.8,4701.1,4903.7,2806.6,2130.8,1809.5,3225.9,1023.1,3572.7,1074.1,3292.6,1561.5,5429.1,8549.8,5264.8,1853.0,645.7
2026-09-21 18:45:00,925.2,294.4,1410.7,1217.0,894.5,592.1,1.1,54.3,377.2,97.4,482.6,1332.5,3523.7,6796.7,1762.2,1071.5,5.0,171.3,1732.8,3571.7,535.0,1145.8,5836.2,4497.6,3203.3,1533.1,4652.2,4941.9,2805.0,2119.1,1811.3,3221.3,1020.6,3755.4,1083.0,3321.7,1567.3,5442.1,8587.5,5321.8,1862.6,628.0
2026-09-21 19:00:00,922.3,289.9,1430.0,1283.4,903.8,671.0,1.0,92.1,406.7,9.9,562.7,1274.7,3866.3,6431.5,2023.6,1125.3,109.8,66.0,1532.7,3627.0,558.0,1058.6,5865.2,4500.0,3208.7,1549.4,4555.5,5663.9,2876.1,2131.0,1812.8,3218.4,1026.7,3363.4,1097.2,3144.8,1579.7,5476.8,8647.5,5330.7,1905.7,653.5
2026-09-21 19:15:00,926.5,304.3,1429.6,1278.7,909.2,669.1,1.0,95.4,409.7,70.1,565.7,1262.1,3548.1,6331.8,2037.9,1120.2,109.8,76.3,1505.5,3577.1,555.9,1052.3,5870.4,4509.0,3217.8,1549.6,4571.6,5753.8,2877.9,2121.2,1817.6,3215.3,1032.6,3370.7,1092.6,3179.2,1583.3,5417.4,8663.9,5386.1,1913.4,638.3
2026-09-21 19:30:00,922.1,311.6,1424.3,1280.4,909.2,657.1,1.0,95.6,413.4,77.4,550.7,1253.1,3557.6,6285.4,1974.1,1133.4,109.8,75.9,1494.1,3549.8,534.4,1049.5,5876.0,4476.2,3237.7,1554.4,4597.9,5815.0,2876.5,2103.7,1825.6,3212.5,1022.4,3395.4,1093.3,3216.1,1578.5,5387.1,8668.0,5357.7,1920.8,625.5
2026-09-21 19:45:00,912.9,318.2,1411.2,1273.1,904.3,665.9,1.0,96.2,417.0,83.8,531.5,1250.1,3524.2,6165.8,1961.7,1201.8,109.8,75.5,1483.8,3563.8,530.6,1070.7,5866.9,4482.1,3258.3,1556.5,4607.5,5835.3,2877.5,2097.5,1815.8,3209.6,1028.6,3402.1,1091.9,3255.3,1584.1,5364.8,8657.8,5303.1,1912.5,611.7
2026-09-21 20:00:00,904.0,315.6,1376.1,1274.3,890.8,637.0,1.0,65.0,412.5,94.2,550.1,1332.6,3502.0,6190.2,1739.7,1172.7,130.2,67.3,1573.4,3159.3,519.7,1025.2,5731.5,4415.1,3277.3,1517.7,4716.3,5749.3,2862.7,2125.0,1813.5,3319.4,1042.7,3433.0,1085.3,2917.9,1581.3,5479.7,8606.7,5238.3,1902.3,554.5
2026-09-21 20:15:00,894.1,298.7,1340.1,1272.3,878.4,636.6,1.0,61.1,409.9,94.2,548.7,1334.8,3768.7,6419.5,1731.9,1143.8,130.9,47.2,1568.9,3111.6,515.8,1016.6,5719.6,4365.7,3278.4,1516.0,4723.7,5718.7,2860.8,2122.3,1815.9,3311.6,1047.0,3409.0,1079.1,2953.1,1581.0,5448.4,8580.2,5207.9,1885.4,543.5
2026-09-21 20:30:00,880.9,295.2,1294.9,1261.0,861.6,630.2,1.0,56.5,404.0,88.2,533.6,1340.9,3773.3,6365.6,1713.4,1101.8,131.7,47.1,1564.2,3073.9,514.4,1004.2,5691.9,4356.8,3269.1,1515.3,4739.1,5568.0,2858.5,2137.0,1834.1,3285.9,1047.4,3488.8,1078.1,2983.2,1581.6,5383.1,8540.3,5193.2,1873.0,530.9
2026-09-21 20:45:00,878.7,294.3,1243.4,1244.7,843.0,618.4,1.0,52.2,402.9,73.3,555.6,1321.4,3775.2,5856.1,1710.4,1096.2,132.9,47.0,1559.3,3018.9,535.0,994.7,5680.3,4278.0,3266.3,1513.7,4745.6,5423.1,2856.6,2157.1,1829.3,3268.4,1042.4,3540.6,1082.5,3011.1,1574.7,5379.6,8493.1,5176.3,1854.0,520.8
2026-09-21 21:00:00,846.8,274.4,1190.3,1182.2,818.3,495.6,1.0,72.3,391.8,86.3,481.8,1255.3,3453.3,6117.1,1670.4,1125.5,91.1,140.6,1364.6,2471.5,527.3,988.5,5681.2,4250.4,3228.2,1559.1,4744.3,5410.6,2871.0,2191.5,1798.5,3317.1,1042.2,3535.0,1069.7,2861.1,1562.7,5252.2,8332.1,5169.2,1814.8,531.3
2026-09-21 21:15:00,823.5,263.7,1151.6,1173.5,799.9,471.4,1.0,71.9,385.3,65.7,460.1,1255.5,3451.3,5659.5,1673.9,1020.9,91.2,120.1,1359.3,2435.0,533.5,974.9,5685.4,4247.6,3210.9,1557.3,4724.4,5310.2,2866.4,2206.7,1801.3,3311.0,1034.0,3527.6,1069.8,2875.2,1552.0,5249.9,8243.7,5041.3,1782.8,523.7
2026-09-21 21:30:00,815.6,266.6,1114.1,959.9,777.9,485.0,1.1,72.3,396.7,21.0,444.8,1264.2,3491.3,5711.5,1687.4,1019.4,109.0,81.0,1364.1,2378.6,530.5,963.1,5705.3,4212.2,3192.3,1552.5,4726.6,5361.2,2861.9,2188.8,1806.9,3305.6,1031.1,3495.8,1065.6,2882.4,1538.7,5225.5,8148.5,5057.9,1758.1,516.3
2026-09-21 21:45:00,815.8,249.8,1078.1,950.3,756.1,462.5,1.0,72.3,388.0,19.8,422.2,1274.8,3486.6,5485.4,1669.4,1005.9,109.2,80.3,1360.4,2298.4,532.1,950.6,5689.4,4151.7,3169.7,1550.7,4709.4,5304.7,2857.8,2194.3,1804.6,3301.3,1020.3,3455.8,1061.2,2883.3,1527.0,5206.9,8053.5,5009.3,1735.3,509.1
2026-09-21 22:00:00,795.5,252.7,1045.4,903.0,734.4,368.0,12.0,41.7,376.3,21.0,428.5,1269.5,3052.6,5442.6,1552.8,1015.3,154.3,47.0,1346.6,2233.7,519.0,940.1,5551.9,4134.6,3101.5,1540.5,4663.6,5116.2,2852.2,2211.5,1783.3,3268.0,1003.8,3383.9,1050.6,2848.5,1506.8,5320.6,7947.8,4892.1,1704.4,459.1
2026-09-21 22:15:00,780.1,255.4,1021.8,887.1,713.0,367.5,12.0,43.3,372.2,18.9,424.7,1272.6,3065.4,5284.7,1535.8,988.1,155.2,46.7,1341.9,2187.4,515.6,925.4,5501.0,4112.2,3066.5,1529.8,4640.1,4943.7,2844.2,2251.9,1786.5,3252.1,987.8,3339.5,1039.1,2841.5,1504.4,5249.0,7857.5,4886.9,1681.3,457.6
2026-09-21 22:30:00,765.4,258.1,1005.0,869.8,695.6,361.2,12.0,38.4,367.2,21.0,414.6,1273.4,3089.0,5196.0,1545.4,1008.7,156.1,56.5,1337.5,2126.6,515.0,913.3,5451.8,4067.8,3031.3,1526.7,4623.2,4822.9,2837.1,2260.0,1779.2,3235.3,980.5,3337.8,1031.8,2831.9,1491.2,5205.3,7767.2,4817.5,1653.3,452.1
2026-09-21 22:45:00,761.8,260.9,998.6,862.5,682.8,356.5,12.0,34.4,362.5,19.9,409.6,1269.0,3635.8,5108.0,1524.0,1010.4,137.0,131.0,1334.3,2066.0,517.7,901.2,5402.3,4051.1,2998.8,1524.4,4596.8,4735.8,2830.5,2264.7,1777.1,3222.7,970.5,3311.3,1027.0,2822.0,1483.1,5170.2,7701.6,4760.3,1633.1,450.1
2026-09-21 23:00:00,735.8,246.7,999.0,852.1,658.1,257.5,12.0,73.4,361.3,15.0,166.0,1281.4,3250.4,4921.4,1451.8,1007.5,149.4,97.0,1128.1,1916.8,476.1,857.6,5250.7,4079.6,2888.7,1525.5,4616.7,4771.2,2805.5,2207.1,1750.6,3184.7,951.0,3203.0,1023.4,2789.6,1481.6,4953.2,7552.4,4760.9,1615.7,458.1
2026-09-21 23:15:00,727.6,249.4,990.6,826.6,649.1,256.8,14.7,73.3,357.0,10.0,168.9,1284.2,3464.5,4709.7,1430.2,987.0,149.4,110.2,1140.8,1868.6,479.2,839.8,5210.5,4071.6,2842.9,1522.2,4589.4,4753.3,2801.0,2204.4,1746.2,3183.3,938.4,3130.6,1018.0,2778.9,1471.3,4924.1,7506.7,4730.8,1602.0,448.8
2026-09-21 23:30:00,721.9,252.3,973.6,622.4,624.9,277.4,14.7,66.9,349.3,19.4,143.2,1288.0,3466.7,4719.8,1430.6,1016.0,149.4,110.1,1141.1,1677.2,469.4,825.2,5172.1,4018.0,2801.5,1516.9,4570.2,4928.8,2794.4,2183.9,1741.4,3178.7,928.1,2967.2,1003.1,2770.6,1458.0,4872.7,7441.0,4750.5,1588.1,451.2
2026-09-21 23:45:00,725.1,255.1,975.6,606.2,613.9,270.4,14.7,46.8,344.0,14.3,137.8,1296.8,3480.0,4482.2,1404.4,1003.4,149.5,125.2,1164.5,1609.7,465.1,807.3,5130.0,3982.1,2757.7,1513.6,4554.7,4857.4,2788.6,2194.1,1731.3,3183.8,921.0,2919.9,1001.1,2763.3,1437.7,4888.2,7404.5,4758.6,1575.7,446.5
2026-09-22 00:00:00,758.6,252.0,912.2,557.2,613.1,179.4,65.1,60.4,438.5,15.1,103.3,1335.8,3086.6,3411.9,1256.3,943.8,75.5,112.2,1006.6,1491.9,489.1,664.6,5394.0,3931.8,2716.3,1200.2,4585.8,4339.9,2737.8,2209.5,1664.5,3197.4,918.7,3446.4,1000.4,2646.5,1489.0,5159.9,7289.0,4628.4,1511.7,486.9
2026-09-22 00:15:00,744.5,250.8,1126.0,554.6,608.5,178.1,65.0,55.2,331.9,13.4,95.2,1338.2,3118.6,3169.0,1260.9,924.9,80.1,109.1,1027.5,1448.1,491.1,643.8,5387.3,3937.4,2686.0,1172.2,4571.3,4323.1,2732.4,2216.0,1657.9,3198.1,912.3,3432.9,994.7,2635.0,1478.4,5124.6,7234.0,4613.0,1499.9,485.8
2026-09-22 00:30:00,741.1,249.4,1121.6,550.6,606.0,174.1,65.0,56.3,329.3,16.0,82.2,1344.7,3303.2,3157.8,1261.6,940.4,75.5,112.2,1059.4,1394.9,496.9,625.2,5376.8,3923.4,2656.3,1113.2,4551.9,4313.0,2722.9,2221.3,1654.8,3196.1,906.5,3438.7,990.2,2625.6,1468.3,5081.1,7204.6,4561.4,1497.2,479.8
2026-09-22 00:45:00,730.0,248.1,1113.8,548.5,600.9,173.8,65.0,57.8,324.7,17.8,66.0,1364.4,3383.5,3127.5,1249.4,943.4,75.5,128.2,1054.0,1358.6,494.2,607.1,5344.3,3924.9,2621.6,1107.5,4537.9,4291.8,2714.3,2228.3,1650.2,3204.3,897.5,3397.8,985.2,2612.4,1460.4,5082.0,7189.8,4549.7,1488.9,477.0
2026-09-22 01:00:00,735.5,246.6,1111.6,545.9,604.9,171.0,65.0,45.4,316.5,14.0,114.7,1401.2,3153.1,3007.5,1199.8,930.2,70.8,130.5,1097.8,1317.4,494.7,588.6,5306.6,3915.2,2564.1,1076.2,4553.0,4246.2,2697.5,2228.8,1623.2,3213.5,903.1,3381.2,978.7,2610.1,1444.0,5031.0,7241.1,4625.0,1480.1,485.3
2026-09-22 01:15:00,733.2,246.6,1103.8,542.9,608.2,169.2,65.0,50.0,315.8,15.4,102.1,1403.7,3276.0,2999.7,1206.9,902.7,70.8,130.9,1099.7,1281.7,493.3,572.6,5294.3,3888.4,2544.9,1072.9,4547.0,4236.8,2696.7,2236.4,1622.3,3215.0,897.5,3356.6,976.9,2596.9,1440.0,5015.7,7226.7,4606.3,1477.8,481.0
2026-09-22 01:30:00,725.7,246.7,1089.3,542.2,605.9,167.1,65.0,49.4,400.9,16.0,99.2,1416.0,3299.0,2976.5,1183.9,916.5,70.8,111.3,1095.2,1255.8,499.2,556.7,5240.1,3887.8,2521.2,1068.6,4544.2,4230.6,2694.9,2245.6,1618.5,3217.7,890.9,3327.9,975.9,2586.7,1438.4,4991.0,7228.7,4631.5,1476.7,477.3
2026-09-22 01:45:00,723.7,247.0,1073.1,539.6,607.8,164.2,66.9,49.5,396.1,16.4,94.9,1432.8,3393.2,2937.5,1184.4,916.6,70.8,111.5,1083.1,1225.9,491.6,541.9,5173.6,3864.0,2505.4,1065.4,4538.1,4221.5,2692.1,2252.7,1624.0,3222.7,884.0,3304.8,974.3,2573.0,1438.1,4974.5,7192.0,4610.6,1474.5,471.2
2026-09-22 02:00:00,733.7,246.8,1102.5,531.6,619.5,161.4,14.0,39.1,409.4,15.4,162.9,1444.4,3805.5,2983.7,1211.0,900.4,66.1,136.8,1059.3,1184.7,467.0,520.1,5118.0,3870.8,2481.1,1057.6,4510.7,4208.2,2656.0,2223.8,1602.5,3196.9,878.7,3320.5,971.8,2573.6,1436.7,4939.6,7101.8,4550.1,1459.9,472.3
2026-09-22 02:15:00,730.9,246.3,1122.5,527.4,616.1,158.5,16.7,39.8,399.3,16.0,156.2,1457.7,3926.6,3015.4,1206.0,901.8,66.1,121.6,1077.4,1155.3,466.4,506.9,5049.9,3852.7,2471.6,1053.2,4507.3,4202.6,2651.9,2242.1,1603.4,3188.3,875.8,3300.9,972.0,2562.0,1437.7,4889.6,7094.4,4572.8,1463.2,467.4
2026-09-22 02:30:00,723.3,246.2,1124.7,530.4,616.3,154.8,16.7,40.5,417.4,16.0,153.2,1465.2,3991.1,3007.2,1207.9,919.8,66.1,141.4,1076.0,1119.5,465.8,491.6,5012.1,3849.3,2459.7,1042.1,4501.8,4197.4,2650.1,2253.6,1602.3,3185.0,873.2,3289.7,970.6,2548.7,1440.6,4872.7,7088.2,4554.1,1460.1,461.5
2026-09-22 02:45:00,723.9,245.8,1130.1,534.7,616.5,150.9,16.7,45.2,424.2,16.0,149.4,1466.9,4011.0,2939.7,1207.0,916.4,66.1,141.3,1078.0,1093.1,463.9,476.6,5012.0,3840.4,2452.7,1038.6,4499.1,4194.7,2648.1,2257.6,1598.1,3194.3,871.0,3281.8,971.5,2537.0,1442.2,4939.7,7084.7,4534.3,1460.5,455.3
2026-09-22 03:00:00,725.8,246.5,1233.7,521.9,638.7,147.1,24.0,34.0,430.5,13.8,188.0,1460.1,3878.0,2908.8,1201.6,904.9,67.2,141.7,1137.6,1044.1,455.8,459.1,4983.0,3916.2,2432.8,1030.2,4545.1,4199.6,2629.7,2250.0,1599.4,3167.7,863.4,3295.2,979.3,2588.3,1413.0,4871.7,6962.2,4363.4,1467.8,448.2
2026-09-22 03:15:00,721.0,249.5,1231.6,530.2,645.7,144.5,26.7,34.7,424.4,12.9,185.9,1456.9,3912.0,2883.7,1198.2,900.9,67.3,141.8,1116.1,1016.9,458.4,445.7,4935.4,3914.4,2428.1,1026.6,4546.0,4200.1,2630.0,2262.2,1598.6,3162.8,863.4,3287.1,980.2,2581.5,1414.4,4853.9,6960.8,4341.1,1463.5,443.0
2026-09-22 03:30:00,718.5,252.3,1236.0,561.7,649.3,148.2,24.0,34.8,428.1,14.1,185.1,1464.6,3899.3,2820.2,1177.9,900.1,67.2,156.9,1119.7,985.9,451.1,429.7,4936.4,3903.9,2423.5,1024.4,4542.4,4196.0,2629.4,2265.9,1597.9,3173.3,862.6,3281.9,979.4,2570.1,1416.2,4883.8,6945.6,4358.8,1466.4,436.3
2026-09-22 03:45:00,723.3,255.6,1240.1,572.2,656.6,146.3,24.0,36.0,431.5,15.4,184.0,1472.1,3908.6,2806.2,1194.1,900.0,67.2,157.1,1121.0,963.2,450.9,416.7,4945.4,3925.1,2419.3,1022.5,4541.9,4214.3,2628.8,2279.5,1585.1,3192.3,861.1,3299.8,979.9,2553.3,1420.8,4896.6,6933.9,4338.7,1461.6,430.5
2026-09-22 04:00:00,725.0,260.0,1247.8,561.2,666.5,144.5,13.7,45.3,434.5,15.2,132.9,1481.7,4082.3,2764.0,1203.0,898.1,67.0,148.7,1028.7,951.7,441.9,399.1,5074.4,3909.0,2410.3,1050.5,4511.9,4147.9,2608.2,2275.4,1609.7,3099.6,863.2,3278.0,990.1,3102.6,1387.5,4805.7,6945.9,4262.5,1470.7,414.2
2026-09-22 04:15:00,731.7,263.3,1272.4,554.0,671.9,147.4,13.8,44.9,432.1,13.7,128.1,1478.8,4003.9,2740.5,1201.5,898.2,67.0,150.2,1013.7,927.7,434.6,386.2,5061.7,3918.1,2419.2,1048.1,4517.4,4156.9,2611.2,2280.3,1618.7,3113.4,864.5,3286.2,989.0,3083.5,1395.2,4853.8,6972.5,4287.4,1483.0,409.9
2026-09-22 04:30:00,740.9,266.6,1305.6,551.3,688.5,147.0,11.1,44.8,434.7,13.9,123.8,1475.6,3384.0,2712.3,1155.5,898.2,67.0,148.9,1016.3,903.8,432.8,377.4,5076.2,3906.6,2419.1,1045.4,4526.2,4171.7,2613.0,2283.8,1606.3,3136.0,866.6,3297.2,994.2,3068.9,1401.3,4850.7,6985.8,4276.6,1486.4,406.4
2026-09-22 04:45:00,749.0,268.7,1126.6,585.2,706.8,147.1,11.0,43.8,385.5,16.0,117.9,1487.3,3382.9,2720.5,1151.8,898.8,67.0,126.4,990.9,881.6,424.9,366.9,5089.0,3931.7,2432.0,1085.6,4531.2,4273.2,2612.1,2310.4,1594.4,3179.6,867.0,3413.6,998.9,3053.1,1407.9,4821.5,6993.4,4252.8,1504.0,398.1
2026-09-22 05:00:00,766.7,296.3,1075.7,603.2,686.1,165.9,18.1,50.2,363.4,12.5,83.0,1462.0,3472.6,2735.7,1192.4,893.1,71.3,205.8,1016.1,990.1,419.1,359.6,5460.9,3953.3,2481.4,1106.0,4555.6,4133.6,2578.9,2307.3,1650.4,3010.0,883.5,3354.4,1012.5,3873.9,1408.4,4756.2,7144.3,4282.5,1570.2,401.5
2026-09-22 05:15:00,789.5,299.2,1127.7,624.1,705.5,179.3,18.0,51.0,369.6,16.9,81.8,1462.8,3456.2,2741.7,1155.5,898.2,71.3,180.0,993.3,970.0,403.3,345.4,5514.5,3988.4,2521.7,1104.2,4578.3,4246.9,2586.0,2309.8,1652.7,3047.3,891.4,3407.0,1018.4,3857.8,1424.1,4842.0,7229.1,4319.1,1596.8,395.5
2026-09-22 05:30:00,804.5,303.1,1166.0,831.3,725.9,180.6,18.0,55.2,381.5,16.9,85.7,1465.0,3501.8,2714.1,1103.2,917.4,71.3,68.5,1001.1,960.2,417.9,345.7,5552.9,4001.9,2557.9,1115.7,4604.5,4426.6,2593.1,2312.6,1656.2,3071.3,897.2,3488.0,1026.3,3842.1,1444.8,4820.4,7330.9,4409.7,1633.8,379.7
2026-09-22 05:45:00,814.5,328.3,1197.1,843.2,748.3,208.7,18.0,67.0,393.5,25.1,97.7,1441.8,3418.7,2705.7,1092.5,966.2,71.3,50.6,978.5,976.1,406.1,343.1,5570.9,4038.7,2612.4,1134.4,4633.3,4578.9,2601.5,2293.9,1655.7,3081.4,911.1,3569.3,1033.1,3825.5,1468.5,4826.7,7467.8,4514.0,1657.8,369.2
2026-09-22 06:00:00,844.4,391.6,1242.3,984.5,779.0,533.1,104.5,65.9,433.9,21.0,137.4,1404.2,4020.7,2924.4,1201.0,921.1,92.8,24.1,1113.0,1262.7,492.7,323.3,5705.3,4141.2,2756.9,1219.8,4687.3,4429.3,2679.3,2368.5,1700.7,3028.9,900.4,3517.6,1059.4,3808.1,1518.6,5138.6,7818.0,4580.6,1778.5,288.8
2026-09-22 06:15:00,849.0,410.2,1268.9,1012.3,799.7,565.4,104.5,59.5,431.7,51.0,161.2,1387.4,3497.1,2959.9,1215.3,960.3,92.8,47.8,1121.6,1268.5,488.0,314.0,5746.9,4182.1,2839.7,1267.0,4728.9,4590.1,2699.4,2346.7,1706.2,3042.5,921.2,3631.9,1074.1,3789.4,1548.0,5109.1,7999.0,4613.2,1814.0,277.1
2026-09-22 06:30:00,859.0,421.4,1270.0,1223.4,813.0,603.0,104.5,68.5,450.2,55.1,190.4,1381.9,3433.2,3171.4,1194.9,1014.5,92.8,148.7,1133.4,1262.2,492.5,301.3,5789.1,4179.8,2914.1,1267.0,4779.4,4995.3,2720.2,2290.3,1693.4,3109.6,958.3,3866.7,1083.1,3770.6,1572.6,5018.7,8133.5,4616.7,1852.9,264.3
2026-09-22 06:45:00,861.3,441.9,1275.7,1244.6,819.5,618.9,104.5,84.9,481.2,31.5,198.0,1379.1,3155.3,3081.6,1224.2,1063.0,92.8,141.2,1140.4,1255.0,510.2,281.4,5796.1,4179.2,2999.5,1269.1,4815.5,5747.3,2736.0,2199.4,1688.6,3129.5,974.5,3908.4,1093.9,3752.4,1593.4,4948.5,8319.2,4602.3,1896.6,249.2
2026-09-22 07:00:00,876.6,533.5,1283.1,1303.0,833.8,645.8,24.5,95.7,508.5,18.7,197.5,1462.0,3530.2,3350.2,1310.1,1021.8,109.7,137.5,1283.7,1145.4,559.5,274.6,5882.0,4252.9,3201.9,1241.7,5086.5,6456.4,2716.3,2228.2,1743.5,3163.6,1034.6,4145.2,1111.5,3679.9,1668.7,4696.9,8596.8,4666.8,2006.0,348.3
2026-09-22 07:15:00,879.5,519.0,1272.9,1306.5,847.1,677.1,24.5,97.3,523.5,21.0,204.1,1463.0,3540.1,3036.0,1355.2,1039.7,109.7,142.2,1278.8,1122.7,560.6,254.9,5912.4,4251.6,3263.4,1300.2,5120.1,6519.8,2738.6,2298.1,1750.1,3166.6,1053.5,4213.7,1116.2,3663.2,1687.6,4652.8,8677.8,4725.1,2040.6,318.4
2026-09-22 07:30:00,872.5,551.1,1241.7,1290.1,859.8,710.2,24.5,97.9,542.9,16.1,200.8,1460.7,3543.6,3077.6,1378.3,1043.5,109.7,154.3,1287.5,1120.6,568.3,246.4,5936.7,4237.7,3299.1,1314.6,5147.4,6621.3,2751.7,2338.2,1753.8,3189.9,1066.8,4312.8,1118.1,3644.8,1695.4,4607.0,8726.3,4758.4,2059.4,320.4
2026-09-22 07:45:00,870.0,649.1,1201.0,1284.3,863.4,742.9,24.5,92.0,559.0,16.2,183.5,1459.0,3526.4,3060.6,1407.3,1028.0,109.7,139.1,1283.8,1105.1,574.2,220.7,5952.8,4259.5,3334.4,1347.0,5148.9,6599.5,2768.7,2385.7,1757.8,3192.1,1075.8,4302.1,1118.6,3621.0,1702.4,4556.8,8766.2,4752.3,2073.1,323.3
2026-09-22 08:00:00,847.0,686.4,1159.2,1120.9,865.8,599.3,64.5,138.9,604.4,19.2,197.1,1355.6,3913.2,3199.7,1721.3,1087.2,0.0,195.8,1346.8,926.5,556.6,231.8,5902.0,4402.5,3381.5,1586.4,5181.9,6507.8,2748.1,3010.2,1815.4,2279.3,1101.8,4225.4,1118.9,3776.8,1706.5,4586.8,8724.9,4672.4,2088.8,263.2
2026-09-22 08:15:00,839.1,719.8,1113.0,1137.7,866.3,634.1,64.6,134.3,599.1,19.4,200.8,1361.2,3918.0,3163.6,1741.1,1065.7,0.0,191.1,1323.6,912.3,562.7,200.8,5883.3,4367.7,3383.5,1644.0,5175.5,6570.1,2735.8,3013.0,1816.6,2293.9,1104.4,4227.2,1118.1,3753.3,1720.9,4507.7,8710.7,4628.7,2089.6,254.0
2026-09-22 08:30:00,835.0,754.4,1059.7,1111.5,861.2,664.7,64.5,134.6,592.0,16.9,210.8,1366.8,4073.8,3333.7,1723.6,1014.9,0.0,172.7,1299.3,926.8,554.3,203.1,5887.7,4342.8,3380.6,1644.2,5176.6,6627.2,2737.8,3017.0,1818.1,2303.0,1108.4,4227.0,1119.4,3726.4,1730.5,4420.9,8683.5,4586.3,2075.3,252.8
2026-09-22 08:45:00,815.9,766.7,996.7,1106.7,857.5,699.4,69.9,131.6,578.0,2.0,251.9,1384.6,4871.6,3174.0,1733.6,1025.2,0.0,127.5,1370.6,915.2,582.9,190.6,5946.6,4325.8,3379.2,1643.4,5173.6,6521.5,2763.6,3014.7,1817.4,2311.5,1115.8,4225.4,1125.3,3702.0,1743.5,4340.3,8706.9,4550.7,2064.6,244.8
2026-09-22 09:00:00,787.6,801.6,926.7,866.9,847.6,584.5,69.0,76.7,528.7,80.5,226.5,1325.9,4101.3,3244.6,1671.6,1151.5,153.8,157.6,1305.6,775.0,512.9,216.8,5823.7,4311.2,3361.6,1646.4,5088.8,6581.8,2681.6,3035.2,1810.7,2452.5,1109.5,4199.1,1126.6,3671.8,1719.8,4265.9,8503.1,4485.9,2010.7,237.9
2026-09-22 09:15:00,767.2,828.1,885.8,846.0,844.3,625.3,69.6,65.9,513.3,39.0,218.6,1357.5,4721.6,3171.9,1647.9,1076.1,178.5,36.8,1298.9,779.5,516.1,205.2,5824.4,4266.6,3349.7,1642.7,5072.1,6580.8,2686.0,3034.1,1808.2,2457.7,1108.5,4198.9,1142.2,3665.2,1719.1,4220.9,8443.2,4475.0,1982.8,239.4
2026-09-22 09:30:00,755.0,856.1,858.7,652.6,838.1,649.9,70.8,52.9,492.1,28.3,200.7,1426.8,4859.4,3273.3,1638.4,1042.8,178.8,30.5,1293.5,800.0,509.9,202.5,5822.2,4257.3,3340.3,1641.7,5061.6,6287.1,2701.3,3035.9,1806.6,2460.8,1110.2,4120.6,1148.9,3660.3,1724.9,4174.7,8413.2,4463.3,1969.9,245.8
2026-09-22 09:45:00,736.5,849.0,835.8,686.4,830.4,674.0,69.0,53.9,468.7,24.9,212.7,1463.9,4871.9,3335.0,1600.8,1058.3,151.0,97.4,1321.0,798.8,532.3,203.9,5812.2,4251.3,3331.6,1445.2,5050.2,5771.1,2701.7,3018.3,1805.6,2460.9,1123.8,4097.4,1151.2,3655.6,1723.6,4128.3,8358.6,4466.8,1957.0,247.6
2026-09-22 10:00:00,724.6,940.8,830.6,751.5,818.3,606.7,79.0,71.8,413.3,66.6,362.3,1442.3,4869.7,3302.7,1531.2,1092.9,124.1,173.6,1311.8,888.8,529.1,240.0,5826.4,4148.0,3299.3,1585.6,4943.3,5875.9,2685.3,2970.2,1795.1,2467.9,1108.4,4191.7,1140.1,3651.5,1714.2,4068.6,8264.0,4422.8,1947.6,250.2
2026-09-22 10:15:00,713.2,929.1,803.5,786.6,809.7,632.8,83.8,69.9,386.2,68.9,353.0,1442.5,4961.8,3082.2,1488.6,1123.5,124.1,163.4,1316.3,889.3,536.8,242.9,5806.1,4127.0,3288.8,1581.1,4933.7,5677.6,2687.8,2955.8,1794.2,2463.4,1123.5,4179.1,1137.7,3650.9,1710.0,4055.9,8209.3,4430.1,1922.0,258.2
2026-09-22 10:30:00,702.1,954.4,776.3,844.8,804.8,656.5,79.0,74.0,355.3,86.4,356.0,1480.5,5772.5,2991.9,1489.6,1220.8,124.1,186.5,1306.8,908.0,522.1,254.1,5786.3,4145.5,3271.6,1564.1,4935.9,5375.3,2683.1,2950.9,1793.5,2459.8,1120.8,4140.3,1135.8,3650.7,1703.5,4045.1,8126.5,4433.6,1898.9,266.8
2026-09-22 10:45:00,686.6,992.0,759.8,908.3,795.1,676.4,79.0,72.8,320.9,60.6,393.1,1501.1,5838.8,2847.9,1435.1,1318.1,124.1,199.2,1304.7,924.4,515.6,264.9,5766.7,4152.3,3259.9,1465.0,4917.9,4791.0,2686.8,2948.9,1792.2,2455.9,1113.0,4090.0,1136.3,3650.3,1694.7,4034.4,8073.1,4437.9,1873.0,274.9
2026-09-22 11:00:00,675.5,1013.8,744.3,972.4,781.9,693.6,56.0,33.2,286.0,64.8,408.0,1547.5,5825.8,2969.4,1415.3,1252.9,140.8,97.2,1354.1,986.2,524.7,304.8,5677.8,4171.7,3262.3,1445.6,5053.5,4563.5,2688.0,2936.7,1862.1,2442.2,1096.0,4034.5,1125.6,3658.9,1682.3,3981.3,7989.4,4409.4,1833.8,312.8
2026-09-22 11:15:00,668.2,1024.7,743.3,974.1,776.0,688.4,56.0,31.3,258.8,57.1,394.7,1564.4,5833.0,2961.6,1403.7,1251.6,140.9,79.1,1351.7,1001.5,517.8,305.2,5693.2,4153.9,3251.5,1383.1,5036.4,4084.4,2686.3,2932.5,1847.2,2422.5,1090.2,3921.3,1124.1,3660.3,1670.3,3975.6,7972.4,4381.2,1816.2,318.5
2026-09-22 11:30:00,668.0,1032.4,957.7,1006.2,776.3,699.4,56.0,30.7,236.5,75.6,374.8,1594.6,6000.2,2988.5,1452.3,1291.6,141.0,96.3,1339.5,997.9,510.4,309.1,5674.6,4160.8,3246.9,1269.7,5023.1,4012.0,2680.1,2920.0,1848.0,2419.6,1100.5,3683.0,1123.3,3660.8,1660.5,3971.5,7930.9,4380.1,1783.6,324.2
2026-09-22 11:45:00,670.7,1040.4,1168.2,1036.6,773.9,718.2,56.0,30.8,233.3,63.2,368.8,1621.3,6113.8,2955.9,1432.6,1315.2,141.1,89.0,1334.6,996.4,571.1,210.1,5667.3,4158.7,3241.1,1195.0,5017.7,3940.2,2682.5,2929.7,1845.4,2417.0,1099.5,3606.1,1121.3,3661.8,1652.0,3967.4,7898.7,4345.1,1773.5,329.2
2026-09-22 12:00:00,671.3,1048.9,1206.5,1055.9,789.9,723.3,19.6,34.8,191.3,48.1,423.4,1675.3,6180.9,3376.0,1458.7,1218.9,146.4,104.5,1427.6,761.3,604.1,211.5,5634.5,4139.1,3224.6,1191.0,4962.9,3608.6,2687.4,2920.1,1839.4,2443.3,1098.9,3501.3,1116.4,3546.2,1647.4,3855.7,7824.3,4213.6,1731.2,304.4
2026-09-22 12:15:00,669.7,1055.5,1214.3,1080.2,791.2,727.8,14.4,35.5,166.7,49.9,405.9,1708.2,6050.7,3349.2,1436.9,1214.7,146.7,100.7,1414.3,765.5,583.9,212.9,5626.9,4139.4,3219.5,1187.9,4956.7,3554.5,2684.1,2788.7,1837.0,2438.7,1099.3,3378.2,1114.9,3548.2,1638.9,3856.4,7806.8,4262.9,1716.7,306.3
2026-09-22 12:30:00,661.1,1055.2,1209.2,1101.4,790.4,727.7,14.4,33.1,149.4,50.4,431.7,1727.6,6186.6,3347.8,1442.0,1214.6,147.0,99.4,1426.9,763.9,582.9,213.6,5646.7,4135.1,3210.7,1190.1,4971.3,3282.1,2677.2,2786.1,1837.4,2435.9,1098.6,3253.2,1110.0,3549.8,1629.6,3856.7,7784.9,4218.3,1713.4,309.0
2026-09-22 12:45:00,656.1,1056.3,1214.6,1119.2,798.3,723.9,14.4,32.3,146.9,51.7,442.4,1761.3,6207.4,3308.1,1439.6,1211.0,147.2,90.5,1429.6,749.3,589.6,216.0,5632.5,4132.9,3205.4,1190.5,4978.2,3193.1,2674.0,2864.5,1835.5,2433.3,1094.3,3158.5,1111.7,3550.6,1617.6,3857.4,7833.8,4216.5,1716.3,310.6
2026-09-22 13:00:00,703.2,1055.7,1274.6,1162.7,844.1,724.2,34.1,42.0,151.6,56.6,493.8,1771.9,6177.4,3374.5,1480.2,1180.0,160.9,69.1,1451.5,654.4,575.0,219.6,5679.4,4112.9,3191.7,1225.4,4967.6,3239.1,2692.7,2859.0,1831.8,2470.0,1073.4,2893.0,1104.7,3551.6,1605.3,3833.4,7853.2,4324.2,1710.2,281.7
2026-09-22 13:15:00,700.7,1053.5,1281.9,1204.3,846.9,723.0,34.0,40.8,143.2,58.0,487.2,1786.9,6287.7,3341.6,1485.0,1181.0,161.0,79.2,1456.3,645.9,573.9,219.7,5675.7,4104.4,3182.3,1226.5,4969.4,3207.4,2692.3,2911.2,1829.2,2463.9,1072.3,2809.8,1104.3,3553.4,1599.0,3835.2,7880.0,4311.0,1705.3,281.7
2026-09-22 13:30:00,700.4,1049.2,1288.9,1222.1,848.2,717.7,47.2,37.7,138.2,54.7,486.9,1796.2,6293.0,3358.1,1496.4,1179.0,161.1,80.8,1457.5,640.5,573.1,218.8,5676.8,4100.8,3176.0,1226.7,4971.6,3206.4,2690.1,2927.6,1831.9,2465.3,1074.9,2765.5,1103.1,3555.3,1597.8,3837.3,7900.0,4306.6,1710.2,280.1
2026-09-22 13:45:00,706.3,1035.8,1287.3,1231.4,851.7,712.9,37.9,37.0,133.3,56.0,481.8,1806.2,6280.4,3319.1,1504.6,1178.3,161.2,84.1,1458.5,634.1,570.3,222.9,5676.3,4092.0,3176.2,1227.6,4969.7,3204.5,2694.5,2971.1,1831.7,2463.1,1070.4,2679.6,1101.2,3557.3,1601.1,3837.7,7937.1,4298.1,1706.7,278.0
2026-09-22 14:00:00,703.5,1021.0,1270.5,1231.9,853.6,705.1,56.1,35.3,123.3,53.6,425.5,1779.9,6249.7,3235.5,1477.7,1181.3,151.7,88.4,1411.4,730.1,555.7,214.5,5672.4,4003.7,3170.2,1231.0,4915.1,3186.1,2714.3,2839.2,1821.5,2517.1,1080.6,2761.8,1099.2,3396.8,1620.1,3849.7,7967.8,4356.1,1741.5,298.1
2026-09-22 14:15:00,714.1,1005.6,1282.5,1239.6,856.1,684.5,49.0,41.5,132.3,67.9,422.8,1800.6,6131.9,3310.7,1487.8,1190.7,151.7,95.0,1411.7,728.3,559.4,206.4,5676.7,3988.1,3168.6,1230.6,4910.7,3194.7,2713.2,2835.0,1821.2,2523.2,1080.9,2792.1,1099.0,3399.6,1626.2,3852.8,7987.7,4343.4,1750.8,293.0
2026-09-22 14:30:00,723.4,981.5,1280.3,1250.6,856.2,656.2,41.7,41.6,141.5,61.3,403.1,1794.7,6115.2,3299.4,1507.2,1203.5,151.8,124.2,1422.0,723.6,566.5,203.1,5681.1,4016.8,3169.5,1232.4,4905.0,3240.2,2712.2,2835.3,1821.3,2521.1,1080.0,2903.8,1100.2,3402.0,1628.8,3855.5,7960.1,4333.1,1747.3,289.4
2026-09-22 14:45:00,692.3,965.2,1285.4,1242.2,847.1,624.8,39.0,44.7,152.9,61.7,397.9,1799.5,6076.9,3320.1,1513.3,1185.7,151.8,113.7,1421.8,721.0,567.0,198.9,5670.4,4012.5,3167.7,1228.5,4901.7,3520.3,2713.3,2863.3,1824.0,2518.6,1080.9,3027.1,1100.2,3405.0,1631.4,3858.9,7964.4,4317.2,1757.9,284.5
2026-09-22 15:00:00,702.1,942.2,1166.7,1256.7,792.8,588.0,40.0,58.4,169.6,78.5,343.9,1776.6,6040.3,3177.6,1528.3,1195.5,141.4,89.2,1381.4,750.2,572.8,191.6,5574.6,4017.5,3161.8,1302.6,4827.7,3423.3,2730.2,2746.9,1834.6,2624.6,1091.9,3300.4,1105.6,3673.6,1616.2,3981.6,7901.9,4195.3,1730.8,279.0
2026-09-22 15:15:00,710.7,914.4,960.7,1230.5,799.1,556.3,34.4,59.7,156.4,53.5,335.5,1760.3,5918.6,3158.0,1530.0,1195.7,141.1,98.2,1425.9,741.0,608.7,184.7,5557.0,4010.3,3164.3,1298.3,4823.2,3545.3,2731.4,2742.6,1836.5,2634.1,1094.2,3336.5,1106.9,3675.8,1620.3,3984.5,7940.9,4284.1,1751.4,272.7
2026-09-22 15:30:00,720.2,886.2,771.3,1199.0,808.4,524.0,34.3,60.9,169.2,74.2,330.4,1725.5,5869.8,3190.2,1547.7,1177.6,140.8,92.4,1404.0,914.0,537.6,290.1,5570.0,3990.3,3175.2,1305.0,4836.1,3802.3,2730.9,2834.0,1839.4,2635.2,1082.5,3540.7,1105.9,3678.0,1624.4,3988.3,7999.4,4296.1,1779.3,268.3
2026-09-22 15:45:00,738.7,852.6,827.8,1193.6,810.7,485.7,32.0,62.5,178.8,65.8,321.7,1714.8,4959.3,3162.1,1583.4,1168.4,140.6,128.7,1412.1,893.8,542.5,286.5,5565.9,3991.7,3189.7,1350.0,4841.6,4100.7,2736.5,2956.2,1840.4,2624.7,1084.2,4094.8,1105.8,3679.8,1630.3,3993.9,8035.3,4275.4,1793.1,260.8
2026-09-22 16:00:00,756.6,811.7,897.3,1206.1,817.8,632.0,6.0,99.6,197.5,48.2,285.1,1664.1,5058.2,3021.9,1564.2,1228.6,124.4,177.6,1449.4,871.3,543.2,237.1,5703.1,3920.0,3231.9,1418.1,4860.0,4290.4,2766.0,2950.9,1856.6,2546.9,1119.7,4249.4,1103.0,3687.9,1642.3,4076.0,8130.4,4300.2,1797.1,233.3
2026-09-22 16:15:00,769.6,787.8,953.2,1200.4,821.0,590.2,7.0,106.5,209.8,53.0,283.9,1638.4,4938.8,3064.1,1554.8,1208.7,145.1,84.8,1455.8,848.4,555.1,229.0,5694.0,3919.2,3248.3,1501.1,4865.5,4877.7,2765.3,2962.7,1853.6,2530.3,1125.4,4451.7,1101.2,3693.3,1653.4,4081.2,8195.9,4313.7,1832.1,224.9
2026-09-22 16:30:00,787.5,761.8,1016.6,1398.7,835.0,550.5,6.3,105.9,223.4,56.1,278.6,1588.2,4677.7,3188.2,1564.3,1182.2,153.9,30.2,1473.5,836.2,551.6,216.9,5720.2,3908.7,3258.7,1534.9,4871.1,5667.5,2762.8,2958.4,1852.0,2531.5,1122.2,4593.3,1098.8,3696.1,1665.2,4087.7,8274.4,4311.6,1864.8,210.7
2026-09-22 16:45:00,802.2,731.4,1071.3,1397.4,848.5,525.2,6.0,118.9,229.5,56.1,278.1,1570.3,4551.8,3367.2,1612.3,1178.3,147.8,30.0,1462.5,816.7,550.3,233.0,5743.1,3933.2,3269.8,1616.3,4855.1,6125.4,2760.7,2886.3,1862.6,2519.0,1122.3,4645.4,1096.8,3699.9,1671.1,4097.3,8316.3,4303.6,1890.0,204.9
2026-09-22 17:00:00,820.9,700.7,1144.6,1181.9,854.8,769.6,44.9,135.6,288.1,34.5,181.4,1586.6,4892.3,3355.7,1874.5,1103.9,151.6,78.2,1697.2,831.1,575.0,213.6,5826.5,3929.0,3268.9,1512.5,4968.2,5613.8,2771.5,2939.4,1852.4,2549.0,1124.8,4550.1,1101.5,3720.8,1697.5,4171.7,8525.2,4379.2,1971.4,225.1
2026-09-22 17:15:00,827.6,688.9,1189.0,1179.2,863.6,762.7,40.9,142.0,301.6,27.4,198.5,1560.9,4853.2,3259.5,1846.9,1166.3,136.2,77.3,1662.2,866.6,550.3,212.4,5836.3,3931.3,3270.7,1622.9,4962.6,6125.8,2768.9,2957.6,1853.2,2525.1,1120.4,4614.4,1104.2,3739.4,1705.9,4190.1,8563.3,4392.4,1998.0,222.1
2026-09-22 17:30:00,837.1,670.2,1237.8,1612.1,868.7,736.2,40.8,142.6,326.5,32.6,199.8,1523.8,4161.3,3110.7,1887.7,1256.1,133.3,56.5,1656.4,834.9,567.5,200.0,5869.0,3963.8,3269.0,1623.2,4963.3,6141.2,2759.7,2954.9,1854.6,2504.8,1118.3,4604.3,1105.7,3760.4,1713.7,4202.2,8633.4,4375.1,2026.2,215.9
2026-09-22 17:45:00,848.4,678.2,1267.2,1637.2,877.0,751.2,40.8,137.7,353.4,47.7,198.3,1478.6,4100.8,3024.0,1961.9,1301.1,120.8,154.1,1622.8,840.3,560.6,223.8,5881.4,3965.8,3270.4,1629.4,4966.6,6140.7,2741.4,2955.1,1854.8,2493.8,1121.3,4599.1,1094.5,3784.5,1716.9,4215.7,8698.4,4399.1,2061.6,212.7
2026-09-22 18:00:00,858.5,721.5,1309.6,1703.2,889.3,874.4,3.5,92.2,381.1,9.5,208.2,1464.8,4558.1,2908.1,2021.7,1180.0,117.1,62.9,1395.6,1166.8,629.3,219.5,6030.7,4165.9,3270.5,1565.4,5159.1,6432.6,2744.9,2994.8,1864.4,2525.3,1062.6,4528.5,1098.1,3572.5,1722.3,4236.8,8839.2,4465.1,2113.2,279.8
2026-09-22 18:15:00,868.7,742.8,1320.1,1801.5,887.1,893.5,2.0,96.0,403.4,3.4,223.9,1393.2,4082.8,2914.7,2005.1,1182.8,94.4,62.9,1349.6,1190.2,602.2,218.7,6036.1,4175.5,3276.9,1599.1,5156.1,6391.7,2727.8,2996.4,1858.2,2507.2,1061.4,4500.4,1094.2,3602.9,1727.1,4256.6,8844.4,4484.2,2115.7,278.1
2026-09-22 18:30:00,868.8,754.7,1331.6,1868.2,888.4,889.7,2.0,93.3,427.2,89.7,249.5,1364.3,4121.0,2847.6,1962.4,1366.0,60.4,121.6,1329.1,1226.7,581.5,243.1,6002.1,4184.2,3280.2,1623.4,5169.3,6353.5,2706.1,3011.0,1856.4,2481.9,1062.7,4458.2,1095.2,3633.6,1728.6,4274.1,8872.2,4489.0,2103.6,277.8
2026-09-22 18:45:00,884.4,773.7,1350.9,1900.8,892.5,886.6,2.0,89.9,441.1,107.6,264.4,1344.3,4134.3,2865.1,1977.7,1454.8,80.5,111.3,1335.5,1333.3,585.7,290.8,6033.6,4189.7,3285.3,1624.1,5172.1,6350.9,2709.4,3011.4,1863.8,2460.0,1058.3,4450.6,1106.1,3665.8,1727.7,4293.9,8912.7,4532.0,2131.8,277.5
2026-09-22 19:00:00,889.0,768.3,1360.1,1963.9,898.3,904.0,12.0,79.7,422.8,121.9,254.5,1310.0,4214.7,2689.0,2019.1,1442.5,272.6,25.2,1249.8,1218.1,558.4,290.7,6087.2,4180.9,3302.2,1516.6,5120.5,6656.2,2708.4,3041.9,1870.0,2438.2,1066.9,4382.5,1112.5,3744.2,1726.1,4483.5,8935.4,4602.6,2139.8,263.1
2026-09-22 19:15:00,899.2,767.1,1369.3,1972.8,898.9,904.7,12.0,79.8,430.1,118.6,249.4,1324.6,4215.6,2729.2,2029.0,1436.4,188.2,25.1,1246.7,1261.8,553.1,307.7,6114.0,4190.1,3303.2,1512.9,5128.5,6674.5,2729.7,3024.0,1872.3,2435.0,1070.0,4405.8,1115.5,3774.7,1725.8,4509.3,8978.6,4659.9,2151.5,271.7
2026-09-22 19:30:00,895.8,768.5,1346.4,1984.4,897.8,897.8,12.0,79.8,434.9,120.0,246.2,1327.7,4217.5,2691.7,1985.5,1471.3,188.9,25.1,1239.8,1213.9,551.3,294.6,6125.6,4159.8,3312.0,1510.4,5140.9,6666.5,2728.0,3022.0,1878.6,2437.6,1072.0,4396.7,1117.3,3807.6,1718.1,4535.7,8969.0,4670.0,2164.9,267.9
2026-09-22 19:45:00,891.1,750.1,1326.0,1987.3,890.0,873.1,12.0,79.8,437.5,113.3,247.1,1320.0,4201.8,2765.3,1982.7,1487.7,189.6,25.1,1237.6,1197.1,551.0,277.3,6110.6,4164.1,3326.8,1514.2,5143.9,6667.2,2734.5,3022.3,1875.5,2432.1,1075.4,4399.9,1116.7,3792.0,1705.9,4563.1,8948.4,4587.7,2150.3,267.4
2026-09-22 20:00:00,876.2,764.4,1270.7,1891.1,874.1,772.0,23.6,77.8,449.1,104.5,233.9,1462.0,4014.6,2777.0,1765.0,1460.6,92.4,60.6,1210.8,993.3,545.1,253.4,5946.1,4080.7,3334.6,1496.5,5266.9,6594.3,2726.2,3012.2,1874.7,2084.8,1085.4,4480.7,1098.4,3826.2,1686.5,4620.3,8836.8,4580.7,2149.7,276.4
2026-09-22 20:15:00,866.7,759.4,1248.4,1881.4,862.4,759.1,23.6,79.0,459.6,14.3,226.6,1474.7,4006.8,2943.2,1759.8,1395.8,93.6,60.6,1223.7,976.8,546.6,246.4,5914.7,4007.5,3330.5,1496.4,5262.8,6571.5,2727.4,3008.9,1871.5,2080.0,1084.7,4472.6,1096.4,3846.9,1674.8,4646.9,8804.9,4530.9,2140.1,273.2
2026-09-22 20:30:00,853.7,760.9,1214.2,1867.3,847.6,739.3,23.6,79.0,456.0,11.2,202.1,1480.1,4005.3,2861.3,1750.0,1247.4,95.4,70.6,1238.6,950.0,574.6,241.5,5869.4,4005.3,3323.8,1495.8,5257.9,6504.2,2724.3,3004.0,1877.9,2087.6,1084.8,4440.4,1097.8,3864.3,1663.8,4672.6,8792.2,4516.5,2146.0,272.9
2026-09-22 20:45:00,842.7,759.8,1183.3,1865.8,830.9,734.9,23.6,77.5,450.2,1.4,192.9,1493.2,4218.8,2842.5,1759.8,1219.5,107.5,70.6,1244.3,947.8,580.0,243.1,5821.9,4003.5,3310.5,1482.2,5259.3,6435.6,2722.8,2997.5,1869.4,2079.5,1081.3,4402.6,1100.6,3878.3,1650.7,4697.6,8778.3,4450.5,2142.5,268.2
2026-09-22 21:00:00,828.3,733.8,1127.9,1695.8,803.8,614.7,17.0,128.4,436.5,18.8,225.7,1432.5,4047.0,2796.7,1713.6,1252.1,182.7,1.8,1339.4,864.3,592.3,256.8,5778.8,3934.9,3276.3,1521.7,5185.8,6353.3,2694.7,3035.2,1920.4,2016.3,1074.8,4443.3,1083.7,3799.5,1584.0,4701.5,8571.2,4481.4,2081.4,254.6
2026-09-22 21:15:00,812.9,720.8,1098.2,1665.1,787.4,600.4,17.0,123.4,430.0,9.9,205.0,1409.9,4075.1,2612.6,1690.7,1203.8,198.0,0.1,1378.1,858.3,610.0,255.6,5787.4,3934.5,3259.3,1520.2,5160.7,6315.3,2689.7,3026.8,1923.0,2018.9,1065.0,4430.1,1079.3,3800.5,1572.6,4718.7,8521.6,4398.1,2068.6,249.4
2026-09-22 21:30:00,794.6,729.8,1064.8,1469.4,767.6,597.5,17.1,123.5,421.9,16.0,191.7,1429.4,4110.3,2615.0,1705.3,1180.3,193.4,0.1,1330.6,847.1,585.9,254.6,5759.0,3908.0,3232.9,1518.6,5151.2,6220.7,2682.2,3019.4,1923.2,2019.1,1058.7,4381.6,1072.5,3802.0,1559.4,4734.3,8398.8,4414.5,2046.1,247.6
2026-09-22 21:45:00,772.4,744.4,1038.6,1433.6,747.1,553.5,18.9,123.0,413.3,1.2,172.2,1433.7,4180.5,2577.2,1710.0,1149.3,208.9,0.1,1330.1,835.8,585.4,247.7,5725.3,3906.4,3211.3,1483.4,5131.4,6176.5,2676.1,3012.9,1921.9,2017.8,1049.3,4364.5,1072.2,3804.6,1547.0,4748.1,8340.8,4362.2,2034.3,233.7
2026-09-22 22:00:00,755.4,694.5,983.4,1468.7,723.3,506.0,1.0,107.9,392.0,25.6,140.3,1425.7,3913.0,2601.9,1602.5,1198.5,142.9,0.1,1446.8,783.5,557.4,264.4,5608.5,3937.3,3146.0,1451.5,4832.9,5407.9,2655.1,2348.7,1770.2,2849.6,1010.6,4085.8,1054.8,3916.1,1525.0,4472.0,8179.2,4209.1,1982.8,222.8
2026-09-22 22:15:00,741.1,685.0,968.0,1450.1,703.7,466.3,3.7,106.6,387.3,22.0,134.4,1427.0,4189.0,2592.7,1580.7,1206.8,156.0,0.1,1444.6,781.0,549.2,256.2,5541.9,3932.3,3111.9,1473.7,4812.7,5231.3,2648.9,2370.4,1779.2,2818.4,1000.5,3991.7,1047.0,3918.3,1506.7,4481.3,8130.4,4191.2,1956.2,220.7
2026-09-22 22:30:00,724.2,688.1,955.4,1391.7,684.5,453.1,3.7,106.9,382.3,25.1,131.1,1427.4,4096.7,2583.4,1606.4,1188.1,156.9,0.1,1436.5,779.6,538.4,254.4,5505.3,3921.3,3068.4,1456.6,4795.5,5065.7,2639.5,2406.2,1770.2,2770.6,988.8,3894.7,1042.9,3926.1,1486.4,4479.8,8038.3,4191.6,1939.3,217.8
2026-09-22 22:45:00,722.1,679.2,936.1,1375.3,667.7,432.4,3.7,106.5,377.5,20.8,128.0,1446.2,4362.1,2574.1,1585.7,1159.5,155.7,0.1,1436.7,780.6,538.4,252.7,5471.6,3923.0,3032.4,1470.9,4765.0,5012.6,2633.9,2431.4,1765.9,2777.7,980.1,3868.8,1041.6,3936.5,1465.0,4445.8,7966.9,4108.1,1917.6,215.4
2026-09-22 23:00:00,729.7,640.1,913.5,1372.9,644.6,375.3,15.7,50.8,371.6,19.0,123.6,1434.8,3975.4,2500.4,1476.4,1201.5,80.9,16.2,1155.3,679.1,510.1,239.8,5315.1,3839.0,2919.0,1464.6,4599.8,4744.1,2551.5,2334.2,1717.7,2795.7,958.7,3877.4,1026.4,3846.0,1439.6,4357.6,7804.3,4071.2,1912.3,245.5
2026-09-22 23:15:00,722.4,626.8,905.1,1368.4,631.8,370.0,15.7,54.0,366.7,19.0,115.0,1433.9,4503.3,2485.2,1448.8,1164.7,81.9,16.2,1155.1,676.3,507.6,241.2,5284.8,3838.3,2875.4,1463.5,4571.1,4712.6,2540.6,2332.0,1712.0,2794.6,948.1,3847.7,1020.4,3855.1,1419.2,4328.4,7766.2,3995.8,1895.3,239.6
2026-09-22 23:30:00,722.6,635.1,891.0,1320.1,618.4,349.2,15.7,54.7,358.0,20.6,119.5,1436.3,4513.4,2472.3,1449.7,1189.1,82.6,16.2,1139.9,676.2,495.6,239.9,5251.2,3836.7,2830.7,1461.1,4548.3,4683.9,2527.9,2330.2,1706.2,2795.3,939.3,3809.9,1014.2,3856.5,1401.3,4314.7,7727.6,3958.7,1893.9,237.4
2026-09-22 23:45:00,714.2,630.0,878.2,1318.9,611.9,349.6,15.7,54.0,349.2,20.9,112.4,1428.6,4526.6,2460.9,1427.0,1183.5,79.4,29.2,1143.1,656.2,498.7,237.8,5214.9,3808.9,2778.6,1455.8,4526.3,4629.2,2517.9,2364.1,1703.6,2794.6,932.4,3714.5,1007.3,3859.0,1387.9,4312.9,7657.7,3820.5,1869.0,232.5
2026-09-23 00:00:00,683.0,716.3,858.5,1349.9,603.1,194.7,34.7,35.0,296.0,20.2,113.2,1473.6,3960.3,3041.6,1082.1,949.0,167.6,30.1,1059.8,759.6,496.5,223.6,4967.9,3799.3,2699.7,1372.6,4472.6,4679.2,2537.7,2464.0,1650.0,2984.6,939.3,3792.1,998.8,3602.9,1482.2,4066.2,7482.5,3780.0,1833.8,172.2
2026-09-23 00:15:00,676.0,694.4,850.2,1354.2,597.4,195.1,34.8,35.6,289.3,20.2,105.3,1469.9,3946.6,2740.4,1072.9,957.4,157.6,30.1,1059.6,758.1,498.7,218.1,4945.5,3821.1,2670.9,1372.5,4460.7,4635.6,2524.6,2460.9,1644.6,2977.8,931.3,3726.9,993.6,3600.6,1472.6,4060.7,7440.3,3778.0,1829.8,170.5
2026-09-23 00:30:00,680.7,682.8,839.6,1359.0,590.4,195.4,34.7,34.7,288.3,22.7,86.7,1491.6,4123.0,2407.5,1153.3,1060.7,148.5,30.1,1058.0,765.7,496.3,215.0,4960.3,3823.1,2636.9,1372.5,4436.7,4583.2,2514.2,2408.1,1641.1,2973.8,922.1,3688.7,988.3,3600.5,1463.7,4053.5,7398.2,3777.3,1837.8,169.1
2026-09-23 00:45:00,675.7,636.8,843.0,1362.9,587.9,195.4,34.8,35.2,282.2,20.2,78.0,1483.0,4205.0,2406.6,1229.9,1139.4,149.3,30.1,1061.7,767.4,503.9,212.9,4944.9,3827.7,2602.6,1371.5,4422.3,4539.7,2505.5,2408.3,1635.5,2968.0,912.5,3623.7,983.3,3604.5,1456.2,4044.6,7365.3,3777.2,1828.0,172.2
2026-09-23 01:00:00,671.1,699.2,881.2,1321.7,597.3,195.6,39.5,45.2,319.7,13.5,84.8,1460.0,3890.3,2414.3,1239.2,1179.3,91.2,60.5,1080.4,748.4,508.9,206.5,4926.0,3825.0,2538.5,1374.6,4435.6,4478.0,2493.5,2465.1,1604.4,2926.2,893.1,3602.8,977.7,3571.1,1453.0,3983.7,7331.7,3768.6,1807.0,139.8
2026-09-23 01:15:00,667.0,697.9,875.1,1307.2,596.9,192.2,39.5,44.9,316.0,13.8,83.0,1474.1,3965.8,2387.0,1223.5,1160.8,91.7,60.5,1087.1,737.9,508.5,206.2,4919.2,3843.3,2517.0,1374.6,4425.6,4462.8,2492.8,2413.8,1602.3,2923.4,886.5,3608.3,976.5,3577.9,1448.3,3977.0,7308.0,3765.9,1802.1,137.0
2026-09-23 01:30:00,665.7,663.7,872.0,1299.0,595.4,192.6,39.5,46.4,317.6,15.9,79.1,1481.8,3934.9,2409.8,1208.8,1171.1,91.9,60.5,1087.8,750.6,508.3,203.1,4904.0,3842.5,2495.0,1374.6,4416.6,4443.7,2493.4,2394.8,1598.2,2918.5,879.9,3591.8,974.6,3582.8,1446.4,3969.2,7281.7,3758.6,1799.2,138.9
2026-09-23 01:45:00,663.8,646.4,869.1,1314.5,588.8,189.3,39.5,45.9,314.6,17.1,75.2,1498.8,4142.5,2392.0,1193.7,1184.6,92.2,60.5,1082.1,762.9,505.2,201.9,4888.9,3845.7,2473.9,1374.6,4409.9,4419.2,2487.0,2394.7,1603.7,2925.2,872.0,3549.3,972.5,3588.1,1446.5,3961.2,7257.0,3751.5,1802.7,136.0
2026-09-23 02:00:00,659.6,711.1,895.1,1300.2,599.7,180.3,39.8,48.0,315.1,18.0,106.8,1517.7,4153.3,2454.6,1222.4,1139.7,181.1,45.2,1100.7,762.5,494.4,200.7,4972.5,3883.4,2418.9,1347.2,4367.3,4454.8,2522.7,2447.8,1578.1,2858.6,860.6,3507.3,968.1,3602.9,1472.4,3973.6,7344.2,3876.7,1796.1,131.9
2026-09-23 02:15:00,657.6,712.2,893.2,1291.2,597.7,180.3,39.9,47.7,305.8,17.7,102.7,1511.0,4113.1,2464.0,1223.0,1142.4,179.5,45.2,1099.6,752.4,494.7,200.7,4962.1,3898.6,2413.2,1356.9,4362.0,4446.2,2524.5,2418.9,1576.1,2858.7,859.0,3513.2,967.6,3603.4,1470.5,3966.9,7335.0,3877.9,1799.8,131.0
2026-09-23 02:30:00,656.7,708.3,891.6,1295.2,596.7,180.3,42.5,48.3,306.3,20.3,95.0,1508.7,4196.6,2457.0,1210.9,1157.7,179.7,45.2,1081.9,754.4,489.3,200.2,4953.7,3903.0,2395.3,1356.5,4353.7,4434.3,2519.5,2398.6,1575.1,2863.3,855.0,3508.6,968.1,3602.3,1468.7,3963.4,7332.3,3864.3,1792.3,131.1
2026-09-23 02:45:00,658.8,701.2,892.2,1294.8,598.0,180.4,42.6,48.1,361.4,16.7,91.9,1506.8,4308.6,2459.8,1215.3,1171.7,195.1,45.2,1069.4,772.9,483.5,201.9,4950.8,3896.5,2384.8,1353.4,4349.7,4434.2,2517.4,2396.1,1573.1,2867.7,850.0,3508.2,967.8,3598.6,1464.7,3961.0,7342.5,3863.8,1789.9,131.1
2026-09-23 03:00:00,688.9,688.6,899.6,1287.6,627.0,180.3,41.7,60.6,336.9,16.0,112.2,1483.7,4130.0,2452.9,1199.7,1142.8,171.5,45.2,1057.3,763.6,480.6,201.4,4966.0,3892.2,2350.9,1332.2,4332.5,4453.6,2531.3,2397.2,1571.0,2837.0,844.9,3503.6,969.4,3803.0,1524.7,4012.0,7344.2,3869.8,1781.1,133.6
2026-09-23 03:15:00,687.2,702.8,898.1,1270.0,635.0,180.4,41.7,60.3,384.4,16.0,112.3,1499.3,4223.3,2449.6,1193.6,1153.4,171.7,45.2,1052.2,775.6,479.6,200.7,4965.3,3900.4,2346.5,1332.2,4329.8,4459.2,2527.8,2393.2,1568.9,2852.8,841.8,3512.9,969.0,3796.5,1522.1,4011.3,7338.1,3871.1,1776.5,134.1
2026-09-23 03:30:00,687.9,707.8,903.0,1264.5,648.7,181.9,41.7,60.0,376.6,16.0,111.5,1502.6,4216.0,2447.7,1177.6,1154.3,171.9,45.2,1049.4,772.4,469.9,200.4,4973.7,3902.4,2339.5,1331.0,4326.5,4467.9,2527.0,2388.3,1568.9,2870.5,840.8,3528.4,969.4,3790.1,1521.4,4012.2,7336.5,3870.3,1781.3,133.6
2026-09-23 03:45:00,693.8,715.0,904.4,1281.5,656.8,188.0,39.0,60.1,331.8,16.0,111.4,1514.1,4167.1,2487.1,1171.1,1153.6,191.8,45.2,1054.6,771.0,478.0,201.1,4987.7,3912.7,2334.8,1330.0,4325.3,4457.7,2530.2,2404.2,1568.5,2890.5,837.3,3505.5,968.9,3784.2,1526.3,4014.9,7328.8,3869.0,1779.8,133.0
2026-09-23 04:00:00,706.6,679.4,931.5,1284.8,668.6,321.3,41.4,63.9,386.7,16.0,169.3,1496.9,4217.5,2587.1,1252.6,1160.6,153.6,30.1,1045.7,777.3,463.4,200.2,4959.3,3906.8,2324.1,1328.8,4319.0,4382.6,2556.9,2385.1,1566.0,2814.7,830.0,3448.4,972.5,3849.4,1450.0,3986.1,7192.7,3788.3,1784.6,132.7
2026-09-23 04:15:00,712.1,719.2,953.0,1321.8,682.3,326.3,39.5,63.6,381.9,16.0,166.4,1496.2,4092.3,2608.2,1243.1,1162.4,158.0,30.1,1036.5,787.8,451.5,206.7,4987.6,3913.7,2328.5,1327.8,4324.0,4395.4,2560.9,2378.9,1574.2,2834.7,830.9,3467.4,972.6,3843.9,1459.3,3985.7,7195.4,3790.9,1795.0,132.6
2026-09-23 04:30:00,699.7,721.5,983.1,1304.2,696.4,326.6,39.5,63.2,334.7,16.0,162.2,1490.1,4016.7,2602.6,1185.2,1158.6,175.6,30.1,1026.5,792.5,452.0,203.6,4994.2,3953.7,2329.1,1326.7,4327.0,4440.5,2564.0,2424.3,1566.6,2840.5,833.4,3513.8,971.1,3841.2,1464.4,3979.7,7215.8,3789.7,1798.7,132.7
2026-09-23 04:45:00,702.5,749.4,1019.1,1345.4,713.2,326.9,39.5,62.9,341.3,13.9,156.8,1483.8,3963.8,2605.6,1157.6,1148.5,177.1,30.1,1040.7,778.4,461.4,206.5,5066.9,3959.7,2339.0,1324.7,4331.2,4476.1,2559.3,2429.7,1567.5,2855.9,834.0,3559.1,978.4,3841.0,1470.3,3974.4,7233.8,3804.0,1812.9,132.3
2026-09-23 05:00:00,736.4,741.1,999.5,1350.8,695.4,333.2,12.0,43.7,371.2,33.1,78.0,1452.1,4167.0,2492.3,1178.3,1214.1,131.9,23.6,997.7,1263.6,446.6,205.8,5378.4,3930.3,2362.7,1359.0,4344.9,4452.2,2650.7,2485.7,1581.1,2836.8,856.4,3681.9,984.9,3853.2,1459.7,4214.0,7364.1,3822.8,1863.4,152.3
2026-09-23 05:15:00,755.4,743.4,1055.0,1360.7,720.6,335.0,12.1,42.9,370.9,39.1,76.6,1438.6,4101.7,2504.8,1149.5,1225.8,171.5,23.7,986.1,1289.0,442.2,216.1,5417.9,3946.7,2402.6,1359.0,4366.4,4562.9,2655.8,2567.2,1583.9,2842.0,857.6,3790.4,990.1,3851.4,1474.7,4198.6,7455.7,3853.4,1892.7,155.4
2026-09-23 05:30:00,777.7,740.9,1100.2,1358.0,729.8,344.0,12.1,48.8,326.1,33.1,80.8,1432.3,3584.7,2539.1,1097.7,1213.5,194.1,23.7,991.9,1295.7,445.3,205.7,5449.6,3951.2,2435.4,1452.0,4387.8,4701.4,2661.5,2431.8,1588.9,2845.8,845.1,4003.7,997.4,3855.5,1496.6,4189.6,7588.5,3930.2,1928.7,150.9
2026-09-23 05:45:00,799.1,755.5,1119.8,1395.1,749.0,374.1,12.0,48.1,338.4,44.4,82.8,1384.1,3401.4,2573.7,1094.1,1263.1,190.7,23.9,994.0,1307.2,447.7,207.5,5507.6,3960.5,2482.6,1467.6,4412.4,4732.2,2674.3,2492.0,1595.2,2849.6,850.8,4041.8,1005.5,3860.4,1515.1,4178.6,7730.1,3974.3,1963.7,153.6
2026-09-23 06:00:00,832.2,764.0,1202.1,1630.4,782.8,576.6,12.2,77.8,359.8,154.7,110.7,1317.3,4162.9,2946.0,1260.8,1243.1,234.2,15.3,1102.7,1301.3,506.1,190.3,5639.6,4242.6,2641.5,1482.8,4611.6,4633.8,2758.7,2510.6,1648.2,2914.3,883.0,4013.0,1025.5,3914.8,1579.7,4368.9,8120.5,4285.4,2099.3,265.8
2026-09-23 06:15:00,850.1,774.1,1226.1,1628.6,802.6,595.5,12.0,81.8,373.5,167.1,125.7,1327.7,3793.2,2879.6,1279.8,1253.7,221.8,15.3,1109.6,1293.6,508.9,189.9,5679.4,4273.7,2720.5,1481.8,4649.2,4966.0,2773.4,2441.2,1656.6,2912.0,902.2,4215.6,1040.4,3920.2,1612.4,4360.4,8301.0,4323.2,2161.1,268.9
2026-09-23 06:30:00,860.1,805.9,1221.1,1656.7,818.4,631.9,12.0,85.3,392.9,170.2,162.2,1282.2,3698.3,2957.1,1258.2,1280.0,194.8,15.3,1111.3,1339.4,504.1,224.8,5647.6,4337.6,2785.8,1534.2,4689.8,4929.8,2791.0,2481.2,1667.6,2911.4,922.5,4232.4,1048.5,3925.4,1642.4,4352.9,8450.6,4357.2,2180.2,265.7
2026-09-23 06:45:00,870.5,799.0,1237.7,1658.8,830.0,644.9,12.0,80.9,401.8,179.6,154.3,1287.1,3604.4,3212.9,1280.8,1233.2,188.4,15.4,1126.8,1329.4,514.8,218.5,5671.9,4352.5,2867.0,1620.1,4727.2,5191.5,2805.7,2507.1,1677.0,2915.5,940.4,4305.3,1056.8,3931.1,1664.9,4346.4,8617.0,4353.2,2238.6,266.1
2026-09-23 07:00:00,891.2,805.2,1252.3,1440.5,841.0,737.2,20.5,66.3,432.2,204.6,194.9,1240.2,3533.0,3230.1,1376.1,1261.1,170.0,45.6,1219.3,1286.4,550.9,226.9,5782.0,4401.9,3057.0,1491.9,4821.2,5962.7,2879.8,2237.9,1747.1,3041.7,1017.2,4715.5,1079.2,3978.0,1817.7,4381.6,8876.9,4532.2,2335.5,270.3
2026-09-23 07:15:00,899.8,818.9,1255.7,1433.3,849.0,758.0,20.5,66.9,446.1,252.4,189.3,1239.0,3522.6,3243.6,1416.9,1294.6,166.9,45.7,1227.9,1275.7,556.1,212.8,5798.4,4432.0,3113.8,1501.8,4852.8,6132.1,2900.0,2294.7,1756.7,3040.4,1038.7,4742.7,1081.9,3975.8,1830.7,4375.7,8955.2,4609.0,2343.8,277.9
2026-09-23 07:30:00,908.1,836.4,1247.1,1417.3,859.0,771.3,20.5,67.7,463.4,260.4,203.5,1231.1,3498.1,2900.1,1450.9,1429.3,170.7,65.7,1255.0,1263.6,556.8,173.2,5810.0,4444.6,3144.3,1506.7,4875.8,6184.1,2910.4,2322.9,1762.5,3037.4,1051.8,4765.6,1081.0,3967.5,1838.8,4368.3,9005.8,4634.7,2354.7,277.9
2026-09-23 07:45:00,909.3,823.8,1233.4,1366.7,864.5,787.0,20.5,74.1,473.9,197.4,203.9,1230.8,3453.8,2941.2,1512.9,1376.7,148.3,78.8,1288.4,1213.0,566.1,150.3,5819.4,4433.8,3182.9,1512.9,4884.6,6258.2,2931.1,2379.4,1768.3,3035.5,1061.3,4799.2,1082.4,3952.6,1843.9,4359.3,9048.2,4646.4,2383.7,274.9
2026-09-23 08:00:00,902.2,762.7,1205.8,1537.1,870.2,802.8,2.0,31.2,480.8,221.5,196.5,1369.7,3982.6,3206.3,1721.8,1457.8,156.4,96.8,1341.5,1120.7,586.4,140.7,5773.3,4304.0,3234.4,1693.5,4839.1,6064.2,2985.5,2292.1,1770.1,2933.6,1077.6,4666.0,1072.8,3968.9,1831.3,4425.4,9054.1,4590.9,2354.8,262.8
2026-09-23 08:15:00,903.4,760.7,1187.4,1450.4,881.9,796.3,2.0,30.5,488.7,205.3,194.3,1380.1,3939.2,3219.0,1880.5,1531.2,157.7,91.0,1335.1,1098.0,578.3,131.2,5761.9,4318.2,3235.9,1693.5,4837.2,5847.1,2990.5,2350.5,1770.8,2938.1,1077.6,4664.1,1071.2,3939.2,1835.0,4416.0,9031.0,4510.1,2342.3,264.5
2026-09-23 08:30:00,916.6,746.6,1152.1,1402.5,888.4,801.7,2.0,27.9,473.6,219.4,196.4,1404.4,3936.0,3396.9,1942.9,1558.2,159.0,111.9,1326.6,1094.2,568.3,150.1,5742.9,4302.2,3231.7,1692.6,4839.8,5793.1,2985.0,2462.6,1786.4,2975.3,1083.0,4664.9,1072.0,3905.1,1840.4,4403.8,9000.3,4520.1,2318.9,268.4
2026-09-23 08:45:00,910.8,736.4,1128.4,1372.6,889.5,798.6,9.5,26.6,447.9,203.2,218.5,1411.1,4373.3,3418.4,1949.0,1423.4,140.4,78.2,1353.7,1049.8,581.6,126.6,5723.4,4305.1,3240.8,1619.9,4846.3,5615.8,2996.0,2752.9,1787.4,2987.9,1087.4,4558.9,1078.0,3865.6,1843.7,4395.4,9009.5,4505.3,2305.3,273.4
2026-09-23 09:00:00,902.4,713.0,1083.5,1327.1,882.8,666.2,38.0,55.7,420.2,195.0,195.1,1281.5,4270.2,3269.8,1878.9,1546.9,175.6,30.5,1319.8,818.8,566.6,158.1,5652.9,4208.5,3245.9,1758.2,4740.0,5598.6,3006.7,2559.0,1797.8,3017.7,1084.6,4650.0,1084.9,3842.3,1854.4,4403.0,8857.0,4426.5,2244.9,216.3
2026-09-23 09:15:00,899.2,708.3,1080.5,1311.8,880.3,664.6,39.1,41.3,386.7,198.8,178.7,1305.0,4392.7,3096.8,1820.9,1466.4,175.8,30.6,1317.3,771.7,560.6,148.4,5634.5,4212.5,3231.2,1749.6,4728.8,5556.1,3015.3,2645.3,1795.6,3030.4,1079.8,4604.4,1087.4,3804.5,1851.6,4410.7,8809.2,4444.8,2242.5,219.9
2026-09-23 09:30:00,899.6,695.7,1083.9,1112.5,876.5,664.1,39.0,42.7,356.3,208.4,159.8,1332.1,5122.9,2945.7,1795.8,1525.6,172.7,30.6,1317.1,771.3,554.8,154.1,5620.4,4217.9,3229.3,1659.8,4729.2,5080.3,3009.0,2700.5,1794.8,3044.7,1080.7,4588.5,1088.6,3771.5,1844.6,4393.4,8771.3,4440.2,2227.7,225.0
2026-09-23 09:45:00,890.4,667.8,1079.9,1113.8,874.1,669.8,54.1,44.3,310.1,210.0,155.9,1349.8,5199.9,2905.0,1757.9,1517.5,142.5,116.0,1344.4,762.2,566.5,151.6,5656.8,4158.8,3220.6,1485.4,4717.0,4267.3,3014.1,2751.2,1793.5,3040.7,1074.2,4405.4,1088.1,3758.8,1829.2,4371.5,8732.2,4334.8,2222.9,230.1
2026-09-23 10:00:00,880.8,673.4,1062.3,1086.0,867.6,418.9,57.0,70.2,260.1,222.4,340.7,1410.8,4996.2,3275.7,1671.8,1351.4,0.0,201.7,1595.8,741.1,569.9,157.7,5617.4,4183.9,3183.7,1514.3,4482.4,4576.0,3015.9,2445.3,1564.9,3311.7,917.7,4501.7,1076.8,3735.9,1805.4,4442.8,8635.5,4380.0,2193.5,207.9
2026-09-23 10:15:00,874.2,667.7,1041.5,1059.1,860.0,429.3,58.1,62.3,225.6,227.3,334.8,1408.0,5528.1,3260.2,1620.2,1197.8,0.0,186.0,1614.6,728.3,570.1,135.0,5634.7,4156.8,3178.6,1454.5,4477.3,4066.6,3015.7,2469.7,1562.9,3317.1,918.4,4482.4,1074.9,3720.1,1784.8,4428.6,8575.1,4286.1,2179.4,212.3
2026-09-23 10:30:00,867.6,666.3,1022.5,1043.6,859.5,436.4,60.2,66.0,187.2,234.8,334.4,1477.1,5915.9,3367.3,1624.2,1147.5,0.0,182.1,1614.8,762.1,578.7,100.1,5717.8,4149.6,3169.0,1396.9,4469.2,3987.1,3009.1,2532.9,1562.1,3305.8,1046.6,4001.5,1072.9,3711.7,1771.7,4409.7,8519.3,4184.1,2156.9,217.0
2026-09-23 10:45:00,859.8,648.4,1008.6,1026.5,856.3,439.5,74.2,67.9,173.2,258.9,319.8,1444.5,6186.8,3303.9,1562.5,1197.6,0.0,166.5,1613.3,591.0,581.9,115.5,5719.7,4146.7,3156.3,1385.3,4453.5,3640.7,3015.9,2439.1,1560.0,3314.5,1043.7,3439.9,1073.4,3706.3,1762.6,4389.1,8476.6,4196.6,2138.6,221.5
2026-09-23 11:00:00,857.8,688.7,1001.2,1018.0,850.2,443.6,76.4,48.1,153.1,267.9,364.2,1489.9,6294.0,3674.4,1736.1,1251.5,32.4,176.8,1689.7,813.5,580.4,104.2,5724.7,4197.3,3157.3,1347.7,4798.6,3695.8,3003.1,2579.6,1694.4,3213.4,1051.2,3174.5,1071.2,3662.6,1758.0,4377.6,8403.2,4074.7,2115.7,224.0
2026-09-23 11:15:00,853.4,681.4,998.6,996.5,847.3,440.5,80.7,41.7,127.3,283.3,362.7,1532.9,6356.0,3656.8,1679.6,1301.3,33.2,230.7,1686.5,640.5,579.6,104.6,5707.8,4200.1,3148.4,1336.1,4788.8,3464.2,3004.0,2443.4,1691.7,3219.3,1045.6,2912.5,1072.2,3653.1,1756.7,4372.5,8362.1,4083.3,2102.8,226.8
2026-09-23 11:30:00,857.3,690.2,998.2,970.3,844.7,436.5,80.8,36.0,110.7,288.2,363.2,1553.1,6388.4,3718.8,1631.3,1341.6,34.0,216.2,1671.5,673.2,580.0,115.4,5696.2,4205.1,3139.9,1336.5,4771.8,3334.5,2996.2,2442.6,1694.4,3209.2,1042.9,2812.9,1080.3,3647.5,1759.7,4370.5,8324.1,4086.1,2088.7,229.3
2026-09-23 11:45:00,860.8,696.5,1003.1,936.8,844.0,428.0,96.5,36.7,90.3,270.1,345.8,1547.3,6680.4,3672.7,1567.9,1332.0,34.8,212.4,1668.1,708.6,586.8,138.4,5685.8,4207.5,3132.1,1336.8,4764.7,3314.9,3002.2,2413.5,1686.7,3209.2,1041.4,2781.6,1085.3,3642.8,1763.9,4368.9,8310.8,4094.0,2079.3,231.2
2026-09-23 12:00:00,906.3,725.0,1069.6,908.7,865.8,410.1,241.3,46.4,55.9,311.4,467.9,1613.9,6679.3,4015.4,1901.2,1263.6,35.8,282.6,1531.5,751.3,565.3,166.1,5635.3,4168.7,3121.2,1312.0,4657.7,3463.3,2990.0,2427.1,1756.5,2987.4,1035.5,2683.8,1100.3,3632.7,1773.9,4335.9,8250.7,4108.2,2025.5,233.9
2026-09-23 12:15:00,902.6,726.3,1103.0,893.7,862.5,404.0,251.3,48.9,53.9,277.9,451.1,1631.1,6814.9,3916.5,1839.7,1284.7,35.8,253.7,1523.1,787.1,554.9,168.4,5629.3,4166.4,3114.2,1312.3,4647.4,3443.6,2988.9,2424.1,1751.9,2988.8,1033.0,2683.7,1104.7,3628.7,1775.5,4341.1,8268.3,4112.3,2011.2,235.1
2026-09-23 12:30:00,890.1,722.5,1117.3,861.7,860.8,396.4,254.8,48.4,53.1,292.3,447.3,1641.0,6926.8,3941.5,1815.7,1332.6,36.0,237.1,1525.3,804.0,558.2,171.3,5617.2,4164.0,3107.9,1312.5,4644.8,3412.0,2980.4,2398.2,1752.2,2971.2,1034.9,2663.4,1104.0,3624.5,1774.3,4344.3,8252.2,4105.8,2014.1,236.5
2026-09-23 12:45:00,878.7,723.1,1116.6,833.7,860.9,385.7,254.9,47.2,55.5,295.2,471.6,1642.1,6965.1,3875.0,1808.3,1334.4,36.1,271.4,1527.2,829.6,569.1,172.2,5598.2,4162.4,3104.9,1310.5,4635.3,3394.1,2984.8,2398.4,1750.5,2973.6,1030.7,2631.7,1104.1,3620.6,1764.8,4347.8,8244.0,4103.5,2023.0,236.2
2026-09-23 13:00:00,888.9,713.3,1120.4,822.0,912.6,375.7,279.7,45.9,74.5,271.5,561.7,1643.3,6989.0,3954.0,2033.8,1314.1,36.3,319.4,1593.5,882.1,562.9,175.9,5563.7,4176.6,3094.4,1312.5,4597.6,3334.5,2983.8,2398.2,1735.2,2976.5,1032.4,2558.3,1097.5,3636.7,1750.0,4315.4,8323.5,4218.2,2034.1,235.4
2026-09-23 13:15:00,882.0,711.8,1126.6,815.5,916.3,376.5,279.5,44.8,74.9,251.2,555.6,1629.0,7080.3,3890.2,2043.8,1308.7,37.1,306.4,1593.4,905.0,563.9,177.4,5601.9,4165.5,3092.9,1312.7,4586.4,3340.2,2986.1,2395.5,1732.0,2974.0,1034.8,2558.0,1096.3,3631.7,1739.9,4322.9,8336.0,4214.7,2041.8,234.4
2026-09-23 13:30:00,876.5,708.6,1148.5,797.9,917.3,366.8,279.3,41.7,73.3,238.5,549.5,1628.2,7205.4,3883.5,2044.6,1310.0,37.8,298.4,1589.3,935.9,564.3,176.7,5599.9,4157.5,3088.5,1312.6,4581.9,3324.3,2979.8,2424.6,1734.0,2979.3,1036.0,2490.7,1093.4,3629.7,1732.0,4327.7,8318.3,4210.7,2045.5,233.2
2026-09-23 13:45:00,869.1,701.0,1159.8,794.3,916.5,349.3,263.2,41.9,80.4,229.6,550.2,1627.5,7185.8,4005.4,2051.7,1307.3,38.6,246.4,1587.5,973.9,561.5,178.7,5596.2,4153.6,3088.4,1312.4,4632.1,3385.4,2981.9,2397.8,1733.9,2983.9,1030.2,2472.6,1089.5,3630.0,1730.7,4334.0,8321.6,4202.0,2050.5,230.7
2026-09-23 14:00:00,827.1,698.8,1165.4,763.4,918.4,334.7,142.8,34.2,80.5,73.6,441.5,1633.5,6864.3,4004.4,1827.4,1300.3,39.3,272.5,1478.5,1002.8,545.9,173.1,5636.0,4122.5,3102.4,1304.8,4636.1,3414.2,2985.4,2423.4,1718.8,3087.0,1034.7,2487.9,1089.6,3495.9,1744.3,4325.4,8318.0,4108.4,2052.1,225.8
2026-09-23 14:15:00,827.3,692.1,1180.3,752.4,920.6,316.5,130.6,33.1,86.3,66.1,443.3,1625.7,6615.4,4007.5,1844.6,1322.5,39.2,282.2,1485.8,1028.3,537.3,164.8,5584.9,4120.5,3101.5,1304.6,4628.9,3417.7,2985.8,2396.3,1718.0,3090.9,1035.8,2485.9,1088.6,3494.1,1746.4,4333.8,8319.9,4094.6,2055.5,222.8
2026-09-23 14:30:00,826.2,682.6,1187.0,743.7,916.3,302.0,126.7,32.1,97.9,81.1,454.9,1615.5,6054.7,3961.6,1852.6,1317.0,39.1,283.3,1488.0,1052.8,535.4,158.8,5585.1,4112.6,3108.6,1304.2,4624.0,3434.5,2981.1,2399.3,1717.8,3093.4,1037.8,2533.9,1089.9,3493.0,1747.2,4341.1,8319.1,4079.9,2060.8,219.3
2026-09-23 14:45:00,830.0,670.0,1161.0,744.1,919.0,286.9,124.1,49.6,106.8,111.1,445.3,1606.2,6009.2,3959.5,1902.5,1351.1,39.0,269.4,1480.9,1078.2,534.0,151.0,5592.5,4115.9,3111.0,1304.6,4625.7,3446.6,2986.0,2432.2,1720.0,3102.2,1041.2,2548.2,1090.6,3491.1,1746.6,4348.2,8329.0,4065.3,2068.2,215.7
2026-09-23 15:00:00,818.4,659.6,1131.2,766.9,848.8,377.0,93.1,46.5,174.9,74.5,367.4,1594.4,6136.4,3923.0,1651.5,1319.1,38.9,174.0,1493.5,1066.5,544.5,144.4,5676.2,4172.4,3114.0,1212.0,4642.1,3533.5,2998.9,2411.7,1730.3,3172.4,1028.8,2688.4,1094.1,3597.7,1737.2,4460.2,8299.3,3928.1,2114.3,209.1
2026-09-23 15:15:00,819.2,636.2,1147.2,752.9,850.0,356.7,81.2,46.4,188.3,86.9,363.6,1573.9,5962.0,3850.3,1683.3,1324.2,38.7,240.6,1492.2,1088.9,543.5,136.3,5650.1,4167.5,3124.5,1215.0,4631.5,3601.4,2999.7,2416.7,1730.7,3179.2,1032.8,2835.5,1096.4,3597.3,1738.7,4471.4,8301.7,3992.5,2128.6,204.4
2026-09-23 15:30:00,827.2,630.7,1168.2,745.3,850.1,337.3,79.9,44.2,201.0,76.3,375.5,1546.0,5616.5,3792.7,1725.9,1299.0,38.5,226.6,1472.1,1146.2,546.5,129.9,5661.7,4163.4,3139.2,1215.6,4571.2,3781.9,2994.0,2434.0,1726.2,3186.4,1037.2,3432.4,1096.5,3597.3,1739.7,4483.0,8334.6,3974.0,2133.3,199.9
2026-09-23 15:45:00,828.0,603.2,1191.3,746.8,856.6,318.9,79.0,50.8,215.2,65.4,362.3,1537.3,4843.5,3746.8,1770.4,1260.5,38.4,225.7,1456.9,1370.9,549.2,176.6,5679.2,4162.6,3153.9,1247.8,4572.2,4012.1,2999.8,2581.0,1708.8,3185.7,1038.3,4084.2,1096.6,3597.4,1741.6,4496.6,8361.5,3955.7,2142.6,196.1
2026-09-23 16:00:00,840.7,560.5,1172.4,748.6,852.4,348.6,81.8,96.5,208.9,59.6,375.2,1521.6,4960.1,3700.2,1491.2,1198.8,174.4,92.7,1326.8,1218.1,554.2,107.7,5757.7,4192.8,3215.0,1292.9,4475.8,4143.9,2997.1,2507.4,1756.0,2947.6,1061.6,3687.0,1107.6,3622.3,1751.0,4533.7,8396.5,4221.2,2147.3,188.6
2026-09-23 16:15:00,854.8,541.4,1211.7,743.3,854.9,330.0,71.4,94.7,216.2,62.4,369.6,1508.6,4697.6,3700.8,1546.4,1189.0,196.1,82.7,1309.7,1453.5,541.7,192.8,5759.4,4211.7,3223.7,1394.4,4486.7,4298.7,2993.7,2640.9,1765.9,2955.8,1066.0,4754.6,1109.7,3622.6,1757.8,4554.9,8449.8,4220.3,2159.1,184.9
2026-09-23 16:30:00,860.0,533.7,1246.5,931.2,863.5,309.1,71.3,93.6,233.5,48.5,367.6,1479.6,4636.0,3861.9,1625.4,1263.3,197.7,140.5,1300.9,1488.2,550.7,194.5,5729.7,4269.6,3235.8,1473.4,4494.4,4752.1,2984.1,2633.9,1766.0,2971.0,1049.1,4719.2,1113.1,3623.0,1764.7,4574.1,8519.2,4311.1,2178.3,178.6
2026-09-23 16:45:00,860.4,512.8,1275.6,919.4,868.6,291.9,71.0,107.8,243.8,47.3,341.0,1459.0,4655.8,4075.7,1696.4,1457.5,199.4,175.3,1291.8,1559.8,556.2,242.3,5731.9,4291.2,3248.3,1589.3,4481.9,5205.4,2983.3,2601.2,1772.9,2975.5,1049.6,4722.2,1116.9,3623.4,1777.1,4591.6,8613.4,4333.8,2196.7,173.9
2026-09-23 17:00:00,879.2,485.9,1306.0,679.2,879.8,496.5,26.8,40.3,261.3,48.2,214.0,1400.8,4911.8,4143.5,1831.2,1578.5,181.7,39.0,1387.7,1676.7,608.8,205.2,5751.2,4255.9,3256.2,1482.3,4283.8,4831.2,2951.7,2549.6,1769.2,3002.0,1050.4,4770.9,1120.2,3601.1,1791.5,4651.7,8733.8,4342.5,2241.8,238.1
2026-09-23 17:15:00,884.9,466.6,1335.5,866.7,891.1,493.2,22.0,52.3,276.3,50.8,216.9,1376.4,4273.0,4028.6,1952.4,1542.4,182.7,61.7,1349.0,1739.7,589.8,215.6,5740.7,4336.1,3254.9,1591.4,4276.4,5265.4,2948.0,2527.6,1783.5,3015.9,1053.4,4756.0,1122.5,3602.8,1799.1,4683.0,8803.6,4367.4,2264.6,234.6
2026-09-23 17:30:00,893.3,454.6,1344.8,1050.9,897.8,491.6,22.0,50.2,303.5,48.0,235.2,1334.1,4112.9,4065.3,1913.8,1434.3,217.1,25.1,1347.8,1772.5,602.9,206.5,5735.5,4420.6,3253.1,1602.2,4275.5,5527.4,2940.7,2435.3,1773.7,3013.6,1053.1,4804.4,1124.4,3604.7,1800.1,4703.5,8860.8,4376.0,2266.6,235.8
2026-09-23 17:45:00,900.9,450.9,1370.3,1018.1,900.8,521.5,22.0,49.1,329.4,33.3,277.6,1307.9,4220.3,4242.9,1845.0,1340.7,198.4,25.1,1331.2,1849.7,603.8,247.2,5731.5,4495.1,3250.8,1601.6,4279.9,5535.3,2941.1,2344.2,1775.9,3016.4,1060.7,4839.6,1124.2,3607.3,1800.1,4738.2,8873.0,4401.9,2288.1,234.7
2026-09-23 18:00:00,917.5,491.3,1405.1,1086.6,908.6,704.9,8.2,34.1,356.4,30.5,284.3,1273.6,4133.3,4044.4,1949.3,1247.3,287.5,15.2,1374.2,1997.7,627.2,220.7,5769.7,4585.2,3264.0,1617.0,4605.0,5884.6,2903.9,2472.2,1783.7,3034.4,1030.1,4777.6,1124.5,3615.7,1787.0,4390.8,8943.0,4479.5,2311.0,273.1
2026-09-23 18:15:00,928.6,466.5,1416.5,1094.5,910.2,718.4,7.0,40.7,374.9,25.3,307.5,1248.7,4094.0,3959.4,2025.0,1325.3,226.5,15.2,1340.6,2048.1,613.1,237.6,5749.3,4653.5,3261.8,1608.1,4603.3,5886.7,2906.5,2422.0,1779.2,3030.4,1031.7,4793.5,1125.6,3620.5,1784.7,4433.4,8966.9,4498.5,2321.0,272.9
2026-09-23 18:30:00,940.6,455.6,1433.7,1154.8,906.6,775.9,7.0,48.6,399.7,24.4,349.0,1222.7,3978.8,3943.8,2017.5,1310.3,237.9,15.1,1339.7,2091.3,615.5,272.0,5708.6,4687.8,3268.1,1608.4,4614.8,5907.9,2905.7,2280.1,1779.1,3024.8,1040.1,4846.1,1125.2,3625.6,1782.3,4477.3,8996.3,4525.8,2301.6,272.6
2026-09-23 18:45:00,945.0,444.5,1453.6,1148.6,907.0,774.6,7.0,45.0,407.5,24.1,339.8,1226.3,3866.9,4094.7,2062.7,1314.8,210.4,15.1,1345.9,2072.7,612.0,238.1,5683.5,4769.2,3272.2,1609.8,4609.5,5836.2,2910.5,2195.5,1782.4,3028.6,1038.8,4832.4,1124.0,3629.4,1777.1,4515.2,9024.7,4623.2,2309.5,298.5
2026-09-23 19:00:00,943.3,452.2,1484.7,1134.6,911.5,816.5,62.0,30.3,411.9,80.1,269.1,1274.0,4170.7,3909.1,2076.9,1412.8,199.9,28.7,1280.9,2062.0,628.7,260.1,5711.6,4854.2,3291.6,1473.9,4401.6,5932.3,2807.9,2078.2,1793.7,3060.8,1040.1,4958.2,1121.3,3665.6,1770.7,4382.4,9017.9,4754.6,2317.3,307.4
2026-09-23 19:15:00,938.2,450.5,1485.4,1121.3,906.0,815.5,62.0,29.9,425.7,29.6,268.7,1262.9,4020.3,4011.1,2095.1,1357.0,198.2,28.7,1281.5,2026.1,642.9,239.4,5710.2,4902.7,3297.8,1472.1,4397.7,5819.2,2808.1,2063.2,1797.8,3063.2,1045.1,4905.6,1111.9,3670.8,1766.0,4422.1,9030.2,4687.7,2324.1,284.3
2026-09-23 19:30:00,940.0,442.1,1479.0,1106.6,899.4,805.0,62.0,29.4,414.1,76.1,260.3,1250.7,4079.1,3841.2,2031.6,1378.2,146.1,28.6,1272.3,2048.5,630.6,242.2,5669.7,4980.0,3301.5,1474.1,4406.3,5867.4,2801.5,1990.4,1803.5,3064.9,1044.3,4893.4,1096.9,3675.2,1761.2,4389.0,9019.7,4677.5,2319.5,310.2
2026-09-23 19:45:00,940.0,442.6,1465.8,1093.8,886.0,789.0,62.0,47.9,420.9,72.6,247.6,1241.9,3984.6,3861.7,2031.9,1410.8,159.8,28.6,1264.7,2068.5,619.0,255.0,5615.0,5045.7,3304.7,1473.2,4400.9,5993.8,2809.7,1983.2,1813.8,2977.9,1045.8,4835.8,1077.0,3679.4,1756.6,4336.4,9035.6,4600.9,2305.8,308.9
2026-09-23 20:00:00,920.9,443.1,1427.5,1066.8,868.6,766.3,22.0,23.2,407.8,114.5,258.2,1474.0,3732.0,3887.8,1736.3,1416.5,147.9,28.9,1392.0,2314.6,589.0,282.1,5427.6,5005.6,3306.6,1492.4,4489.7,5791.8,2844.6,1969.1,1798.8,3137.2,1046.4,4908.6,1070.8,3549.8,1743.4,4151.6,8911.6,4554.0,2283.2,265.2
2026-09-23 20:15:00,909.0,406.0,1415.9,1040.9,856.0,762.3,22.0,20.2,406.9,108.0,252.0,1474.8,3642.0,4091.3,1764.5,1380.0,148.1,28.9,1382.9,2324.6,583.8,291.0,5405.8,5005.3,3296.3,1493.4,4485.1,5731.8,2840.4,2001.6,1796.7,3132.7,1048.0,4867.8,1067.2,3569.2,1738.9,4137.4,8862.8,4457.2,2261.5,266.9
2026-09-23 20:30:00,901.8,355.8,1398.2,976.3,843.8,730.2,22.0,21.1,424.3,40.0,217.7,1476.0,3665.3,4180.6,1728.9,1378.0,149.8,28.9,1377.0,2303.7,579.1,286.1,5359.4,4985.3,3284.6,1493.4,4475.7,5650.6,2833.8,2094.7,1800.2,3136.7,1047.8,4797.6,1066.6,3584.7,1736.3,4111.5,8841.8,4384.5,2258.9,268.7
2026-09-23 20:45:00,899.2,353.2,1351.7,750.9,827.5,725.9,22.0,21.2,417.1,31.5,214.0,1452.1,3609.4,4177.7,1713.6,1365.6,163.8,28.9,1370.3,2304.5,572.0,302.9,5324.2,4994.7,3270.4,1494.4,4473.0,5652.9,2837.6,2115.8,1789.8,3142.6,1044.9,4792.3,1062.9,3595.2,1734.3,4046.2,8776.1,4277.4,2231.7,270.0
2026-09-23 21:00:00,865.1,494.2,1308.0,699.8,804.7,514.8,2.0,12.1,422.3,15.3,222.9,1251.3,3415.0,4452.9,1659.7,1426.6,196.0,45.1,1463.4,2368.9,561.4,298.6,5349.3,4794.9,3214.2,1512.8,4345.0,5134.1,2776.7,2118.2,1765.6,3174.7,1033.6,4599.8,1055.9,3517.7,1632.4,4371.9,8593.2,4210.6,2156.8,249.9
2026-09-23 21:15:00,871.6,352.6,1269.0,662.0,785.9,491.3,2.0,11.1,413.3,13.1,196.2,1251.9,3668.5,4512.9,1628.1,1414.0,197.3,25.1,1447.7,2370.1,548.2,308.3,5368.7,4767.1,3190.6,1495.0,4324.1,5089.1,2771.1,2128.5,1761.3,3174.3,1029.0,4579.1,1051.8,3520.1,1619.9,4367.9,8496.9,4156.8,2122.2,251.8
2026-09-23 21:30:00,870.8,341.2,1246.0,468.1,767.3,483.0,2.0,13.3,404.2,12.5,164.3,1252.9,3547.8,4684.4,1642.6,1424.0,222.4,25.1,1458.5,2335.2,542.6,314.0,5426.6,4701.4,3163.6,1468.9,4314.7,5059.9,2771.8,2172.3,1758.6,3173.6,1025.1,4530.0,1045.4,3517.5,1605.6,4361.9,8394.0,4153.8,2106.4,253.2
2026-09-23 21:45:00,845.3,341.7,1216.6,446.5,752.8,471.4,4.7,9.2,394.3,11.6,126.7,1260.8,4130.0,4937.0,1639.2,1387.0,223.5,25.1,1463.8,2301.4,547.8,287.1,5386.3,4683.0,3143.3,1299.6,4287.7,4827.8,2750.5,2200.6,1759.6,3173.5,1016.4,4227.8,1040.5,3511.5,1585.3,4396.2,8329.0,4053.5,2069.5,255.5
2026-09-23 22:00:00,788.6,468.4,1158.2,397.0,727.5,281.4,32.0,5.0,381.4,12.4,148.4,1273.7,3971.2,4991.8,1597.2,1404.9,196.8,35.2,1540.0,2648.6,523.0,299.8,5279.7,4554.5,3093.1,1454.3,4400.2,4758.6,2715.9,2217.4,1712.8,3188.9,1002.6,4200.0,1028.8,3427.0,1555.7,4448.0,8170.6,3939.4,2024.8,228.2
2026-09-23 22:15:00,786.8,406.8,1136.8,380.8,711.7,280.8,33.9,4.0,374.8,12.8,122.3,1284.9,4050.6,4845.3,1596.5,1399.7,205.6,35.2,1538.9,2634.9,521.0,310.0,5221.9,4529.0,3059.5,1429.7,4375.0,4628.4,2709.5,2231.8,1721.6,3182.1,992.3,4020.9,1022.3,3416.6,1533.0,4430.1,8070.5,3935.2,1989.1,230.2
2026-09-23 22:30:00,761.2,425.2,1109.6,359.9,695.8,279.9,34.8,5.5,368.3,16.5,134.6,1299.9,4077.8,4821.4,1595.7,1384.7,218.5,35.3,1542.9,2644.4,513.5,332.9,5183.3,4482.6,3016.0,1428.8,4358.8,4565.3,2695.5,2253.1,1731.7,3175.9,982.5,3938.0,1017.9,3406.2,1516.5,4395.9,7986.6,3923.4,1962.0,231.6
2026-09-23 22:45:00,749.1,442.5,1090.5,355.5,680.8,278.9,34.9,4.5,363.8,16.4,114.9,1303.4,4126.5,4846.9,1564.9,1380.2,212.1,35.3,1542.1,2645.3,499.3,334.3,5151.1,4454.9,2977.2,1360.7,4393.2,4536.5,2689.1,2257.5,1725.8,3177.8,971.4,3833.0,1013.0,3396.5,1505.2,4368.7,7927.0,3929.0,1928.5,232.6
2026-09-23 23:00:00,737.3,412.3,1097.9,306.2,658.1,246.8,61.0,12.3,352.8,19.8,142.7,1247.2,4035.7,4779.7,1507.6,1346.4,171.5,35.4,1597.7,2638.8,488.2,349.3,4950.6,4425.9,2870.0,1335.7,4538.4,4780.3,2655.8,2288.9,1705.7,3188.0,963.3,3769.4,1005.2,3356.5,1501.1,4299.8,7786.2,3908.3,1885.6,191.2
2026-09-23 23:15:00,723.1,442.0,1083.1,302.5,650.3,246.8,61.0,12.4,348.0,13.2,125.1,1234.5,4037.8,4933.9,1501.4,1326.7,189.3,35.4,1611.7,2631.3,490.0,366.2,4916.3,4404.9,2824.5,1275.0,4508.8,4532.0,2656.8,2298.5,1682.5,3214.1,929.3,3440.2,1000.2,3346.4,1495.2,4291.0,7731.3,3909.9,1855.6,187.5
2026-09-23 23:30:00,714.1,437.3,1068.9,312.9,639.3,246.7,61.1,12.4,339.9,21.1,126.8,1257.5,4107.4,5069.7,1579.4,1295.2,194.8,35.4,1611.0,2633.4,498.2,383.0,4854.3,4363.8,2785.3,1275.1,4484.6,4468.7,2643.5,2301.9,1677.3,3214.0,932.0,3373.7,996.4,3335.3,1488.1,4262.6,7660.1,3906.3,1841.0,188.8
2026-09-23 23:45:00,704.5,434.0,1057.2,305.9,631.2,246.7,61.0,11.4,330.9,24.2,120.6,1258.3,4714.2,5191.7,1573.3,1301.0,193.2,35.4,1607.9,2651.3,502.5,263.7,4812.5,4328.4,2736.9,1275.2,4464.0,4378.5,2636.0,2307.4,1669.5,3213.6,922.4,3088.7,999.7,3330.3,1480.5,4234.3,7560.9,3901.5,1816.8,183.1
