date,EE_buy,EE_sell,LT_buy,LT_sell,LV_buy,LV_sell,AT_buy,AT_sell,BE_buy,BE_sell,FR_buy,FR_sell,GER_buy,GER_sell,NL_buy,NL_sell,PL_buy,PL_sell,DK1_buy,DK1_sell,DK2_buy,DK2_sell,FI_buy,FI_sell,NO1_buy,NO1_sell,NO2_buy,NO2_sell,NO3_buy,NO3_sell,NO4_buy,NO4_sell,NO5_buy,NO5_sell,SE1_buy,SE1_sell,SE2_buy,SE2_sell,SE3_buy,SE3_sell,SE4_buy,SE4_sell
2026-07-29 00:00:00,660.7,171.0,874.2,802.4,641.5,86.2,24.5,33.2,328.9,7.5,285.4,1236.2,1794.3,1767.7,892.7,900.4,3.9,97.4,994.6,1595.3,386.8,891.0,4729.5,5479.1,2047.2,661.4,4523.4,5206.5,2659.9,1999.8,1482.6,2604.8,833.9,3678.5,942.6,1591.2,1219.9,3571.9,6061.6,4944.1,1325.4,285.7
2026-07-29 00:15:00,652.8,170.4,865.4,781.0,631.8,82.8,30.6,33.2,332.1,7.5,293.3,1236.2,1794.0,1738.6,911.7,898.2,3.5,97.3,987.2,1561.6,386.8,886.5,4723.5,5436.3,2024.3,659.6,4514.8,5167.0,2653.8,2006.1,1479.1,2686.7,823.0,3669.1,941.2,1604.7,1229.9,3546.4,6008.2,4865.6,1306.6,282.4
2026-07-29 00:30:00,648.1,169.4,856.4,737.3,622.8,82.5,35.8,33.2,317.1,7.5,210.8,1236.4,2096.0,1783.6,883.7,913.5,3.1,97.0,975.2,1538.8,381.1,905.1,4704.6,5384.2,1990.7,659.0,4499.9,5132.1,2645.1,2003.4,1473.7,2759.4,819.1,3649.0,940.5,1615.9,1236.0,3512.4,5960.4,4841.5,1299.4,273.3
2026-07-29 00:45:00,646.2,168.9,846.0,719.4,616.7,82.5,37.3,31.9,315.9,7.5,187.1,1238.1,2491.5,1913.2,862.5,912.8,27.8,96.9,984.0,1540.6,391.2,930.0,4685.9,5372.6,1962.4,658.8,4490.1,5102.5,2636.5,2004.0,1472.8,2762.9,809.3,3625.6,936.2,1629.2,1237.3,3489.2,5964.8,4828.9,1283.9,276.1
2026-07-29 01:00:00,637.6,167.6,859.2,672.0,616.6,82.6,42.9,24.4,326.7,3.5,154.9,1263.7,2251.2,1885.6,821.7,924.4,2.3,99.7,936.6,1489.6,380.1,932.0,4658.7,5398.7,1912.7,679.1,4437.5,4997.2,2635.4,1998.0,1440.3,2743.2,805.2,3558.2,932.6,1607.0,1239.6,3423.5,5840.2,4847.2,1257.4,294.0
2026-07-29 01:15:00,635.1,163.8,849.4,687.7,609.5,83.1,43.0,24.4,324.6,2.5,188.4,1257.8,2379.0,1970.0,810.8,910.8,1.7,99.5,936.4,1459.8,386.9,935.5,4648.5,5380.1,1893.5,678.5,4431.0,4976.3,2629.3,2000.2,1434.7,2739.6,803.4,3546.2,929.8,1615.9,1235.6,3396.0,5805.8,4842.0,1249.2,291.7
2026-07-29 01:30:00,635.7,159.7,839.0,682.1,604.8,83.4,43.8,24.4,327.4,2.5,168.7,1258.5,2378.3,2014.6,796.3,912.9,26.1,99.4,933.7,1429.8,387.8,937.2,4640.2,5355.0,1874.1,679.2,4429.6,4962.1,2623.8,1998.6,1432.0,2736.1,798.5,3532.1,926.7,1620.9,1230.1,3360.9,5767.2,4817.0,1240.8,293.8
2026-07-29 01:45:00,633.3,155.8,828.4,675.8,600.2,83.8,42.9,24.4,323.3,2.5,155.6,1259.8,2390.9,2030.2,782.4,907.2,25.5,99.4,937.9,1393.6,389.3,939.2,4631.8,5334.1,1853.5,679.5,4419.5,4936.7,2619.9,2002.3,1431.0,2734.8,794.6,3517.7,924.0,1621.3,1219.1,3327.1,5734.9,4805.7,1232.8,292.1
2026-07-29 02:00:00,626.2,152.1,840.6,710.0,600.8,83.6,56.1,8.9,310.4,1.0,111.4,1280.0,2398.3,1919.2,820.1,901.8,14.4,62.4,972.0,1363.5,393.0,938.7,4490.1,5314.5,1809.1,683.2,4223.6,4800.1,2619.2,2004.6,1408.4,2712.9,794.3,3420.1,919.3,1654.8,1209.2,3250.9,5865.1,4891.6,1229.2,299.0
2026-07-29 02:15:00,628.6,148.8,838.2,770.1,598.7,83.1,53.0,8.9,292.8,1.0,103.4,1281.9,2393.1,1908.3,809.7,902.2,14.4,62.9,945.2,1328.9,382.2,924.2,4483.6,5304.2,1792.7,683.9,4217.1,4780.2,2615.1,2009.4,1405.1,2709.2,791.0,3407.7,916.4,1651.1,1204.0,3206.1,5835.0,4879.4,1229.9,299.6
2026-07-29 02:30:00,622.8,145.6,837.8,744.1,596.1,82.4,52.7,8.9,311.0,1.0,127.1,1284.8,2399.6,1891.5,799.8,901.5,14.4,63.1,951.1,1285.2,381.0,917.7,4467.9,5267.3,1785.7,684.7,4215.8,4431.2,2610.4,2011.6,1404.5,2706.6,788.0,3381.3,915.0,1643.8,1205.8,3156.6,5783.4,4868.7,1223.7,297.4
2026-07-29 02:45:00,617.4,142.8,837.8,740.0,594.6,83.8,52.8,8.9,302.3,1.0,105.6,1286.0,2408.8,1957.3,792.0,901.2,14.4,63.6,948.3,1272.6,379.6,913.9,4460.3,5288.1,1767.1,685.4,4211.8,4218.4,2606.3,2013.2,1404.2,2707.6,780.9,3303.1,914.9,1636.5,1213.0,3112.8,5756.0,4862.5,1219.1,293.0
2026-07-29 03:00:00,614.0,140.1,815.3,702.5,592.6,80.7,59.0,5.4,306.5,1.0,73.2,1328.2,2431.7,1973.9,833.0,902.3,15.7,65.6,920.4,1213.9,372.0,889.0,4388.1,5239.9,1735.9,697.1,4125.0,4359.5,2592.9,2001.9,1392.1,2680.1,763.2,3344.9,910.5,1804.6,1224.7,3093.7,5621.7,4718.3,1223.4,291.0
2026-07-29 03:15:00,612.0,137.5,817.4,749.9,588.8,80.1,58.4,5.4,300.5,1.0,72.4,1328.8,2440.1,1991.8,837.8,905.0,15.7,65.2,913.6,1179.1,366.4,873.2,4385.6,5259.8,1723.4,696.9,4125.4,4359.0,2588.2,2002.4,1394.7,2680.8,762.1,3338.6,910.6,1792.4,1233.5,3042.8,5587.0,4713.0,1216.5,298.5
2026-07-29 03:30:00,606.3,135.1,822.4,755.3,590.4,81.2,56.2,5.5,304.8,1.0,64.7,1331.4,2439.1,1964.8,841.6,906.4,15.7,64.6,908.8,1149.4,362.8,855.2,4392.4,5259.4,1718.1,696.6,4123.2,4311.3,2584.4,2009.4,1391.3,2676.4,757.6,3327.0,906.5,1781.6,1232.9,2988.8,5559.4,4745.4,1216.3,292.9
2026-07-29 03:45:00,603.4,133.1,824.1,745.0,588.6,80.2,55.7,5.4,305.6,1.1,64.3,1333.0,2434.0,1955.1,836.2,906.5,15.7,64.1,903.8,1124.5,360.6,837.4,4384.4,5309.7,1713.9,696.3,4123.8,4282.9,2584.2,2014.3,1388.7,2676.8,757.9,3306.2,903.9,1767.7,1227.8,2942.9,5560.8,4741.6,1206.1,287.5
2026-07-29 04:00:00,625.0,130.9,795.4,713.1,600.1,76.6,30.9,22.9,305.4,6.1,61.7,1335.7,2379.4,2066.9,773.6,909.4,13.0,61.4,892.1,1089.5,359.4,817.9,4397.9,5140.2,1694.3,757.2,4123.0,4233.0,2575.6,1844.8,1380.7,2690.1,759.9,3239.8,904.3,2008.2,1220.2,3108.5,5490.2,4682.3,1209.5,285.3
2026-07-29 04:15:00,619.0,128.9,807.7,724.1,596.4,81.5,28.5,22.9,307.0,7.4,60.4,1343.1,2377.9,2030.9,754.0,918.2,13.0,60.7,882.2,1065.8,352.2,801.1,4425.9,5213.4,1694.0,757.4,4123.5,4516.0,2575.9,1833.0,1380.8,2638.5,758.1,3257.9,899.6,1987.9,1215.0,3067.0,5470.1,4714.2,1207.1,285.9
2026-07-29 04:30:00,598.8,131.2,822.6,713.7,598.0,97.6,27.3,22.9,308.8,6.1,72.1,1332.3,2385.0,1980.6,753.1,918.9,13.0,84.9,875.9,1046.2,349.7,784.4,4443.4,5256.8,1687.7,756.7,4125.4,4590.4,2568.1,1838.1,1379.4,2626.5,757.2,3200.3,902.8,1967.3,1221.0,3031.1,5460.3,4713.8,1197.0,283.1
2026-07-29 04:45:00,581.9,136.6,843.6,723.2,601.9,126.9,25.1,22.9,315.6,6.1,80.3,1332.3,2380.6,1955.3,754.0,921.4,13.0,84.1,868.8,1028.8,347.4,770.9,4481.7,5362.8,1686.6,758.3,4125.2,4747.9,2568.5,1842.8,1379.9,2658.2,755.8,3042.3,908.9,1941.7,1236.7,2996.4,5453.7,4714.0,1199.9,279.8
2026-07-29 05:00:00,619.6,152.8,907.2,643.4,634.6,279.6,22.5,41.2,303.6,3.1,75.2,1302.5,2450.9,2028.6,780.2,928.9,0.0,53.7,891.2,1017.7,374.5,753.1,4586.4,5042.6,1678.8,725.6,4270.1,4539.2,2566.1,2045.8,1379.2,2611.4,748.0,3355.1,915.7,2192.9,1252.7,3172.6,5395.2,4660.1,1194.1,272.2
2026-07-29 05:15:00,613.4,152.8,922.3,709.9,652.9,309.4,20.5,41.2,315.7,3.1,104.1,1294.2,2450.9,2023.7,781.4,931.4,0.0,76.5,890.9,1009.5,375.2,748.1,4637.1,5144.0,1694.6,725.6,4271.8,4671.6,2572.6,2038.5,1383.4,2617.4,751.3,3372.0,921.8,2156.7,1261.0,3133.2,5402.6,4685.1,1202.6,266.5
2026-07-29 05:30:00,601.4,167.7,923.8,704.6,665.7,361.7,17.5,41.3,321.0,3.1,81.5,1303.7,2456.2,1985.2,765.9,945.5,0.0,115.3,878.6,995.4,377.1,730.2,4661.0,5238.9,1700.4,725.0,4330.4,4733.9,2576.1,2044.8,1384.3,2618.4,756.5,3380.1,923.7,2116.0,1259.6,3131.9,5426.8,4675.5,1202.1,263.6
2026-07-29 05:45:00,594.5,185.5,919.7,716.8,673.5,412.2,16.5,41.5,327.8,3.1,83.0,1312.0,1998.1,2005.5,769.1,989.7,0.0,84.6,877.9,991.5,373.1,726.6,4705.7,5383.8,1728.3,722.3,4290.1,4708.2,2580.6,2057.7,1390.8,2611.9,761.3,3396.2,921.4,2073.7,1245.9,3102.8,5455.3,4669.1,1216.7,258.7
2026-07-29 06:00:00,636.2,202.2,894.9,732.2,694.3,651.8,22.3,48.0,328.7,7.8,99.2,1287.0,2259.1,2653.7,783.0,991.9,0.0,164.5,909.9,996.2,363.8,696.9,4810.5,4786.1,1792.9,718.7,4297.2,4760.5,2593.4,1974.3,1430.0,2703.2,789.5,3338.8,904.9,2454.9,1253.2,3481.4,5608.3,4705.0,1232.9,248.5
2026-07-29 06:15:00,636.8,237.0,879.8,731.1,707.8,710.8,17.5,48.1,325.7,7.8,102.0,1276.1,2271.0,2897.1,786.0,1020.4,0.0,157.5,916.2,1011.8,353.5,704.6,4868.3,4911.4,1824.0,718.9,4299.5,4871.3,2606.8,1958.8,1435.2,2719.6,801.8,3292.5,908.5,2414.3,1235.4,3462.4,5670.8,4720.8,1254.6,250.3
2026-07-29 06:30:00,631.9,262.4,845.0,713.4,719.1,756.2,21.7,48.5,326.1,7.8,113.5,1285.4,2305.2,2958.3,789.4,1039.7,0.0,146.1,922.7,1013.4,352.5,697.4,4803.4,4996.6,1855.0,719.1,4317.0,4837.1,2606.9,1970.4,1442.2,2725.5,815.9,3384.2,906.0,2378.3,1226.5,3446.5,5741.7,4725.6,1275.5,240.9
2026-07-29 06:45:00,624.8,288.3,819.0,710.4,723.3,818.2,26.0,48.9,325.8,8.3,110.7,1279.4,2312.2,3112.7,771.1,1079.8,0.0,147.9,929.5,1023.9,351.7,706.6,4812.8,5106.9,1890.5,718.7,4319.1,4859.5,2631.9,1968.5,1447.5,2741.0,820.1,3420.7,909.3,2346.6,1228.9,3412.1,5805.8,4772.1,1307.7,237.8
2026-07-29 07:00:00,629.4,319.3,777.3,666.7,730.6,874.6,21.9,18.8,361.0,8.3,120.0,1286.6,2514.6,3155.6,839.8,1103.4,12.6,110.4,993.1,1004.3,377.5,704.1,4833.5,5049.5,1969.0,726.9,4390.9,5070.2,2650.1,1974.5,1496.9,2716.1,836.2,3395.5,924.9,2524.9,1243.0,3386.8,5850.8,4780.2,1352.8,276.1
2026-07-29 07:15:00,631.6,358.2,748.7,665.1,736.8,936.2,24.3,19.4,350.6,8.5,123.5,1291.5,2523.3,2885.5,826.4,1124.4,12.6,111.3,994.6,988.9,374.2,693.0,4860.3,5134.3,2003.5,724.1,4395.2,5118.6,2665.5,1970.8,1505.2,2732.5,848.0,3411.6,929.4,2500.3,1251.9,3392.3,5918.1,4792.6,1368.7,279.2
2026-07-29 07:30:00,631.2,385.2,718.0,672.4,735.1,995.3,26.3,21.4,338.3,8.7,135.5,1325.0,2652.7,2345.8,811.8,1138.3,12.6,65.4,1012.1,995.1,373.8,674.6,4876.0,5220.0,2026.9,722.5,4399.6,5058.6,2675.2,1988.5,1511.7,2738.2,858.1,3504.2,930.3,2477.5,1269.8,3392.6,5968.6,4741.7,1386.1,278.7
2026-07-29 07:45:00,619.3,417.7,692.5,673.0,747.3,1048.4,29.6,22.0,324.6,9.2,140.6,1318.1,3015.2,2285.7,1042.8,1395.4,12.6,52.1,1073.3,992.3,389.0,673.8,4889.5,5297.8,2058.2,694.9,4392.7,4933.8,2692.8,1991.0,1520.8,2752.3,863.6,3562.4,934.2,2450.2,1292.5,3373.4,6017.2,4722.3,1404.3,280.2
2026-07-29 08:00:00,607.1,447.7,649.1,676.5,750.8,1030.4,53.5,26.0,299.6,15.2,177.5,1327.8,2848.6,2807.4,1319.4,1389.3,115.6,67.2,1298.4,1062.6,389.0,681.8,4846.0,5208.5,2118.0,736.1,4374.3,5194.2,2705.1,1969.6,1560.0,2828.1,879.2,3190.0,933.0,2480.7,1317.7,3338.4,6047.1,4792.2,1407.6,238.6
2026-07-29 08:15:00,599.7,476.7,622.0,714.5,752.5,1062.8,55.7,26.9,279.4,21.9,179.6,1330.3,3382.8,2451.4,1444.2,1571.3,115.6,54.0,1280.9,1036.8,383.0,669.6,4865.4,5256.3,2144.6,742.6,4369.2,4804.4,2716.1,1981.1,1563.6,2826.1,880.3,3368.2,926.6,2458.8,1332.7,3333.7,6100.8,4753.1,1418.6,245.1
2026-07-29 08:30:00,588.7,503.3,593.4,753.7,748.6,1030.7,51.9,27.8,256.6,28.1,176.4,1346.5,3389.6,2295.6,1464.5,1694.0,115.6,56.6,1273.2,1067.5,386.4,663.1,4864.9,5273.0,2153.0,741.9,4360.6,4305.5,2718.3,1984.6,1567.5,2833.3,890.4,3199.5,929.4,2434.6,1343.0,3322.0,6123.3,4717.9,1419.0,253.1
2026-07-29 08:45:00,575.7,524.8,562.0,793.4,743.7,1018.0,61.6,27.4,224.6,35.0,181.6,1350.4,3381.9,2235.5,1414.4,1708.6,115.6,73.4,1337.2,1119.6,419.9,226.1,4861.3,5272.2,2175.8,732.7,4323.8,3879.0,2732.1,1991.7,1569.3,2831.6,905.2,2963.6,943.7,2411.3,1345.7,3286.9,6159.5,4731.9,1426.5,263.1
2026-07-29 09:00:00,577.1,553.4,530.6,827.9,747.3,1105.9,51.9,32.1,169.6,49.6,294.3,1389.7,3414.6,2499.8,1333.3,1631.0,0.0,162.5,1295.5,1186.7,419.5,716.7,4923.4,5414.3,2214.9,710.6,4185.4,3328.4,2714.0,2033.6,1590.9,2835.2,911.0,3012.5,942.9,2066.5,1332.9,3229.9,6172.2,4792.9,1417.0,238.8
2026-07-29 09:15:00,571.2,572.7,507.9,863.9,747.5,1082.5,63.2,35.4,149.7,71.0,292.3,1399.3,4049.5,3071.1,1261.2,1220.7,0.0,180.2,1309.6,1143.0,441.0,227.9,4910.3,5355.6,2230.3,711.8,4180.9,3119.1,2718.7,2017.5,1595.5,2830.6,927.1,2592.8,950.9,2049.2,1330.0,3214.6,6189.7,4807.1,1414.2,250.0
2026-07-29 09:30:00,563.4,590.0,494.8,903.9,742.7,1014.8,67.5,33.6,125.1,95.9,277.1,1408.4,4058.7,2487.8,1194.1,1078.7,0.0,177.1,1311.1,973.5,448.4,231.5,4901.4,5358.7,2247.1,709.8,4283.7,2772.4,2719.2,2010.1,1595.8,2827.6,932.8,2417.0,951.7,2036.4,1330.1,3191.3,6207.7,4837.9,1416.5,257.4
2026-07-29 09:45:00,553.0,581.9,469.9,947.5,741.0,959.2,67.6,34.0,96.6,122.9,278.0,1417.3,4542.1,2516.4,1130.7,1112.5,0.0,207.2,1369.1,1006.9,459.9,247.0,4897.9,5349.3,2266.8,710.6,4305.2,2508.1,2725.4,2005.7,1598.4,2807.1,934.7,2075.7,953.5,2027.0,1333.5,3169.4,6216.1,4874.0,1414.9,268.6
2026-07-29 10:00:00,549.5,620.9,473.1,986.6,739.0,988.6,96.9,38.2,139.2,172.0,278.0,1597.2,5214.8,2917.7,1248.5,1324.9,0.0,275.9,1457.1,937.9,571.1,257.8,4937.4,5162.7,2299.1,720.3,4628.2,2609.9,2740.5,1898.3,1615.4,2769.7,919.5,2025.4,950.4,1856.3,1338.4,3233.7,6200.4,4943.8,1396.9,274.3
2026-07-29 10:15:00,543.7,629.6,460.8,1019.8,742.6,940.3,98.5,38.5,138.8,224.2,275.2,1614.5,5218.5,2926.9,1171.4,1360.7,0.0,273.9,1445.3,908.5,570.3,227.8,4952.5,5171.6,2311.7,727.9,4686.8,2572.1,2743.6,1882.6,1620.4,2756.2,927.6,1669.5,949.3,1854.8,1339.3,3227.9,6187.0,4972.5,1394.2,284.4
2026-07-29 10:30:00,540.6,636.6,674.6,1045.3,745.1,1030.0,98.8,38.7,138.0,262.9,281.0,1642.3,5221.4,2882.6,1121.2,1378.5,0.0,236.8,1450.7,927.5,572.3,231.7,5044.8,5211.8,2318.1,729.3,4688.9,2556.7,2739.3,1879.0,1618.7,2766.8,926.8,1470.3,948.0,1853.8,1336.7,3251.3,6173.1,5016.8,1391.4,291.6
2026-07-29 10:45:00,537.3,637.3,670.2,1068.1,744.4,999.1,95.2,39.0,136.8,292.0,282.4,1639.0,5242.8,2881.1,1078.4,1379.1,7.9,182.3,1508.2,940.7,578.9,233.6,5058.8,5192.7,2320.5,729.3,4688.9,2492.6,2745.5,1873.3,1619.2,2764.6,918.0,1316.8,947.9,1855.1,1327.8,3233.9,6170.5,5047.7,1392.7,301.1
2026-07-29 11:00:00,544.5,661.5,646.9,1098.9,737.2,1049.5,187.6,11.7,143.9,345.1,289.9,1861.1,5410.5,3136.3,1562.3,1395.0,125.6,242.3,1523.7,1066.9,576.9,235.1,5040.9,5332.5,2339.4,741.6,4761.0,2756.3,2762.5,1612.9,1616.3,2757.2,929.6,1368.9,945.9,1559.1,1317.2,2768.2,6186.6,5107.4,1382.0,307.9
2026-07-29 11:15:00,545.8,660.8,638.9,1097.4,736.8,975.4,188.1,11.7,143.1,350.0,292.6,1865.1,5409.5,3112.0,1529.2,1405.5,133.2,148.4,1535.5,1041.8,576.5,227.5,4984.2,5206.1,2343.6,742.2,4750.4,2756.3,2765.2,1612.8,1617.8,2761.5,919.2,1348.8,947.0,1564.5,1306.6,2777.5,6156.2,5139.1,1373.2,316.4
2026-07-29 11:30:00,550.5,651.1,636.6,1101.7,740.5,830.6,185.3,11.7,143.8,239.5,298.8,1878.9,5428.9,3061.4,1491.6,1398.0,138.8,121.8,1638.4,1070.2,605.3,225.6,4988.6,5092.6,2347.0,743.9,4741.1,2758.2,2760.7,1611.3,1618.7,2763.0,920.2,1336.0,946.9,1568.9,1298.3,2750.4,6139.8,5171.6,1374.6,323.9
2026-07-29 11:45:00,556.1,637.8,647.5,1087.0,749.0,703.9,186.9,11.6,143.2,268.9,307.9,1884.4,5457.6,3062.1,1445.7,1382.6,159.1,96.8,1617.9,1066.1,603.7,224.6,4988.4,5003.1,2354.6,745.9,4739.5,2761.0,2766.1,1612.2,1622.4,2764.5,922.8,1342.5,952.8,1576.6,1286.7,2758.8,6176.9,5189.4,1371.0,330.1
2026-07-29 12:00:00,558.3,650.7,722.0,1099.8,753.6,720.4,152.7,11.6,171.9,298.2,316.2,2024.5,5570.5,3203.0,1427.1,1402.8,166.1,10.3,1934.2,1032.7,622.6,218.3,5193.2,5079.6,2363.3,778.3,4644.6,2724.2,2790.9,1642.1,1616.8,2769.5,933.7,1356.7,978.9,1200.9,1382.0,2338.4,6156.5,5253.8,1365.8,335.0
2026-07-29 12:15:00,560.2,649.2,733.2,1082.8,755.1,661.9,161.5,11.6,171.5,323.4,344.0,2021.4,5630.1,3135.0,1414.4,1390.5,157.4,10.3,1984.1,795.9,620.9,217.0,5191.4,5056.1,2366.6,783.3,4639.8,2718.7,2793.3,1645.0,1616.0,2767.6,934.9,1356.3,983.6,1210.1,1373.5,2345.3,6139.0,5274.0,1357.2,338.9
2026-07-29 12:30:00,560.4,650.4,740.1,1079.0,755.0,616.3,164.8,11.6,171.5,333.1,345.9,1983.1,5623.7,3088.0,1380.3,1382.7,157.3,10.3,1975.3,815.7,618.3,217.8,5180.1,5049.2,2364.4,790.3,4642.1,2711.1,2786.7,1638.7,1615.6,2764.6,937.1,1356.7,984.3,1217.7,1370.9,2363.0,6118.0,5267.4,1355.9,345.6
2026-07-29 12:45:00,560.0,638.8,753.9,1063.7,763.7,618.8,164.4,11.6,171.1,338.8,339.9,1990.2,5676.4,2976.9,1356.8,1391.9,157.3,10.3,1968.3,819.6,616.5,211.5,5167.5,5045.5,2369.5,795.1,4636.8,2707.8,2788.7,1641.7,1618.8,2765.8,933.2,1348.5,983.2,1224.2,1373.4,2392.4,6112.6,5280.4,1351.4,346.6
2026-07-29 13:00:00,576.7,629.3,781.7,1039.1,764.1,538.9,179.9,11.6,150.7,348.5,426.4,1936.8,5640.1,3098.3,1267.3,1399.4,93.6,61.4,1937.4,833.5,580.5,207.0,5055.6,4958.6,2374.6,796.9,4610.4,2619.4,2802.4,1558.8,1612.7,2745.7,934.4,1424.9,981.7,1164.5,1373.5,2342.0,6281.1,5466.2,1397.2,344.1
2026-07-29 13:15:00,577.0,629.0,789.0,1027.6,763.9,566.3,179.7,11.6,150.3,356.9,424.9,1941.5,5625.1,3098.2,1251.5,1401.8,93.2,61.4,1939.9,847.7,583.2,197.3,5053.4,4970.1,2377.7,800.6,4614.7,2619.4,2805.1,1557.7,1610.5,2742.7,933.9,1428.7,978.1,1166.7,1378.1,2360.4,6242.1,5451.8,1388.8,346.1
2026-07-29 13:30:00,582.1,628.9,801.5,1001.0,763.0,531.1,179.5,11.5,150.7,351.1,419.3,1947.9,5637.2,2990.1,1247.9,1399.5,92.8,61.4,1936.5,857.9,581.8,190.3,5048.7,4973.4,2383.7,804.6,4609.7,2619.3,2801.4,1556.8,1613.2,2742.3,937.2,1425.4,976.7,1169.0,1380.6,2376.9,6223.8,5473.1,1378.5,353.0
2026-07-29 13:45:00,581.8,620.8,819.8,974.1,763.4,541.6,178.9,11.5,150.7,355.2,418.0,1953.1,5653.2,2870.1,1244.1,1399.0,72.4,61.4,1905.0,866.8,583.0,182.1,5031.7,4983.7,2389.0,808.0,4604.6,2615.7,2802.2,1554.4,1615.8,2742.5,931.9,1419.3,973.4,1169.7,1384.1,2394.5,6264.6,5506.1,1374.6,351.1
2026-07-29 14:00:00,624.9,610.4,797.9,959.6,748.2,551.3,175.6,29.3,108.9,353.3,374.1,2060.6,5550.2,2931.4,1179.6,1404.6,176.9,29.7,1830.1,780.6,550.5,178.5,5030.2,5031.7,2399.5,798.0,4611.2,2606.2,2804.5,1552.4,1622.2,2749.7,936.3,1415.8,976.4,1326.5,1389.3,2504.1,6255.9,5539.1,1317.0,356.2
2026-07-29 14:15:00,626.7,627.2,824.7,946.6,744.6,555.3,187.1,29.2,108.6,350.3,373.3,2063.4,5543.7,2980.6,1190.2,1387.1,180.1,26.1,1847.3,787.6,551.3,172.4,5019.0,5106.4,2404.5,800.0,4609.7,2604.1,2808.0,1550.9,1626.2,2750.8,931.0,1415.2,971.9,1325.4,1393.6,2527.8,6260.9,5559.7,1315.2,350.8
2026-07-29 14:30:00,627.7,598.4,851.3,907.9,753.1,575.7,179.6,28.8,108.5,348.7,381.6,2050.3,5525.3,3170.6,1205.4,1381.8,132.5,30.3,1845.1,789.0,551.7,173.9,5004.0,5092.8,2399.7,800.0,4609.8,2601.0,2806.8,1550.2,1618.3,2743.4,932.0,1413.0,973.8,1328.3,1399.5,2519.1,6250.7,5563.5,1309.8,356.5
2026-07-29 14:45:00,629.6,629.6,871.7,855.2,757.0,633.1,169.2,28.5,108.5,342.1,373.4,2060.0,5465.4,3243.2,1213.8,1397.7,120.4,52.4,1839.3,851.6,548.3,177.2,4994.6,5135.0,2404.2,801.4,4615.4,2617.6,2809.1,1549.9,1619.9,2743.6,933.6,1492.8,975.2,1334.0,1406.8,2543.6,6257.9,5569.1,1309.3,357.1
2026-07-29 15:00:00,650.1,599.5,874.0,818.4,749.1,609.2,192.0,10.6,150.8,317.6,325.9,1968.9,5276.8,2998.9,1393.4,1363.9,235.8,74.4,1693.6,841.6,538.0,167.9,4980.5,5078.7,2422.9,817.1,4694.9,2624.9,2817.0,1623.8,1620.5,2768.3,929.3,1475.2,981.0,1634.3,1417.9,2832.1,6159.8,5464.3,1322.1,355.0
2026-07-29 15:15:00,653.5,601.8,899.7,782.4,757.9,685.2,192.0,10.2,151.2,304.4,321.6,1960.2,5332.4,3178.5,1428.5,1397.2,235.8,73.9,1643.8,949.9,534.9,166.9,4987.1,5103.3,2426.6,818.5,4694.3,2623.8,2818.3,1645.7,1619.5,2770.5,930.8,1571.6,982.7,1645.6,1427.8,2856.7,6160.8,5455.1,1319.7,344.4
2026-07-29 15:30:00,662.4,572.7,697.4,735.9,765.6,651.3,186.3,9.6,152.5,291.2,330.3,1956.3,5256.6,3238.1,1493.3,1399.5,235.8,78.2,1614.1,1317.5,533.3,163.3,4998.8,5049.6,2429.2,821.3,4698.5,2623.1,2813.6,1647.0,1624.5,2779.4,932.8,1591.3,981.8,1652.9,1425.5,2832.0,6161.8,5450.2,1318.5,347.3
2026-07-29 15:45:00,665.8,575.7,716.3,702.3,762.4,780.5,184.4,9.3,152.0,319.2,323.6,1949.0,5203.7,3241.3,1545.0,1396.2,235.8,92.7,1521.7,1469.8,513.9,166.4,5030.9,5275.2,2433.9,823.3,4693.1,2647.8,2817.8,1711.8,1620.8,2768.7,930.5,1610.6,978.6,1660.0,1423.1,2905.9,6182.1,5442.4,1315.0,337.5
2026-07-29 16:00:00,598.8,516.7,701.7,661.6,759.3,608.0,98.0,11.3,121.3,296.0,308.3,1827.4,5270.1,2981.3,1327.3,1384.3,118.3,83.9,1382.9,1425.4,474.6,179.3,5064.7,5002.7,2443.5,779.9,4626.5,2678.2,2809.4,1877.2,1612.3,2742.7,914.5,1418.9,1016.0,2054.4,1455.4,3320.9,6228.4,5439.6,1351.1,329.7
2026-07-29 16:15:00,609.5,521.7,720.6,616.8,763.4,649.1,92.9,10.8,117.4,289.4,317.4,1810.7,5227.9,3003.6,1313.3,1406.2,120.0,85.2,1251.9,1474.4,473.3,172.8,5104.5,5086.4,2435.9,782.4,4629.1,2730.6,2808.3,1913.3,1608.5,2733.1,920.0,1591.8,1016.9,2054.8,1456.0,3357.7,6263.5,5429.6,1356.6,320.4
2026-07-29 16:30:00,618.0,502.0,765.2,580.2,762.5,710.5,99.6,10.4,117.7,261.5,323.5,1809.2,5223.0,3030.8,1391.1,1405.3,101.7,84.4,1245.8,1463.0,472.5,165.3,5107.6,5198.9,2440.4,787.2,4631.8,2780.3,2804.0,1945.0,1603.9,2728.2,912.9,1702.1,1013.7,2048.1,1462.5,3417.2,6295.7,5398.7,1366.7,306.2
2026-07-29 16:45:00,625.0,483.1,798.9,554.0,758.5,676.1,100.0,10.1,118.5,232.5,315.1,1809.8,5201.4,2993.4,1479.0,1390.4,103.4,98.1,1253.2,1513.6,469.8,186.0,5120.1,5366.9,2437.0,790.5,4627.8,2909.5,2762.8,1992.9,1608.9,2739.2,911.8,2161.4,1016.3,2035.9,1471.7,3455.1,6345.8,5374.1,1379.6,292.1
2026-07-29 17:00:00,652.8,427.5,825.7,511.9,774.6,552.8,90.3,50.0,125.6,188.8,197.1,1546.7,4590.0,2629.0,1359.0,1499.7,114.8,67.4,1364.7,1596.0,463.3,215.6,5138.5,5104.6,2438.7,797.2,4344.1,2739.7,2796.5,2276.1,1602.4,2748.6,934.9,2467.2,1020.3,2359.3,1463.5,3791.7,6359.6,5320.9,1415.5,285.0
2026-07-29 17:15:00,674.8,418.2,848.2,477.2,783.8,618.8,90.0,49.4,129.2,157.9,199.6,1530.1,4104.3,2575.1,1489.4,1492.2,96.0,68.0,1321.8,1592.2,457.7,220.3,5149.9,5244.4,2440.6,797.5,4318.8,2983.6,2795.1,2322.5,1601.1,2745.7,928.8,2818.3,1022.0,2341.7,1476.8,3865.4,6410.8,5278.5,1433.9,266.0
2026-07-29 17:30:00,684.5,390.2,881.3,449.1,779.5,590.6,99.9,48.7,144.5,130.9,198.7,1532.4,3531.9,2481.3,1591.8,1576.1,72.3,68.8,1329.5,1754.3,398.7,461.0,5165.4,5450.5,2433.1,805.3,4217.0,3381.6,2746.6,2426.0,1602.8,2749.4,924.3,2873.9,1014.1,2326.0,1488.5,3920.9,6453.3,5247.9,1455.1,245.1
2026-07-29 17:45:00,688.4,356.9,941.8,448.2,772.5,558.5,95.2,48.0,121.6,161.7,220.2,1517.4,3449.3,2391.7,1670.1,1693.3,73.6,71.9,1334.3,1823.4,399.4,473.5,5156.9,5521.9,2429.4,803.3,4237.0,4086.5,2749.9,2428.9,1601.8,2727.6,913.0,2878.1,1014.5,2311.7,1482.9,3916.2,6490.3,5334.2,1471.8,221.3
2026-07-29 18:00:00,710.0,308.9,1008.8,434.8,772.6,557.3,98.7,30.1,181.7,69.1,294.0,1453.4,3467.4,2149.9,1557.0,1809.1,253.6,7.3,1207.3,1657.5,504.0,177.2,5238.3,5141.3,2411.1,913.5,4598.3,4526.1,2770.8,2346.7,1597.5,2701.1,891.8,2949.3,985.7,2746.3,1384.3,4020.3,6552.2,5623.6,1495.9,243.6
2026-07-29 18:15:00,719.3,285.2,1065.2,603.0,774.9,513.2,99.6,29.4,156.8,97.0,297.6,1420.4,3461.9,1960.6,1610.4,1981.0,254.3,9.7,1152.9,1652.2,429.8,396.4,5278.2,5186.2,2408.7,913.6,4602.8,5190.8,2771.3,2364.0,1593.1,2716.1,876.3,2932.9,983.4,2734.4,1385.8,4099.4,6575.7,5614.8,1518.6,224.7
2026-07-29 18:30:00,696.8,278.4,1110.7,766.4,778.8,449.9,94.7,31.3,182.1,76.5,335.2,1389.6,2306.4,1719.5,1608.3,1932.7,254.9,11.0,1162.5,1628.5,432.7,390.2,5293.3,5345.8,2404.7,906.2,4616.1,5423.2,2764.5,2391.7,1591.1,2731.0,879.7,2933.4,977.9,2723.6,1381.7,4115.8,6608.4,5518.3,1553.2,212.7
2026-07-29 18:45:00,702.3,293.3,1149.0,566.6,777.8,424.8,92.2,30.7,209.3,86.6,335.1,1405.3,2262.0,1523.8,1523.9,1760.8,250.5,23.3,1168.2,1675.8,439.1,404.7,5305.0,5280.3,2401.8,910.2,4625.4,5847.5,2764.9,2378.8,1591.7,2734.6,873.1,3047.4,976.1,2713.9,1371.9,4114.6,6631.4,5585.8,1576.2,204.1
2026-07-29 19:00:00,746.4,222.5,1191.0,788.4,779.8,698.0,119.1,63.0,300.1,43.3,350.2,1316.7,2071.1,1613.8,1619.8,1632.7,68.9,60.0,1189.5,1588.8,431.2,381.4,5313.1,4987.3,2404.8,965.0,4557.3,5890.3,2715.7,2300.1,1593.0,2861.4,878.7,3260.6,977.0,2635.8,1357.6,4138.2,6616.4,5665.0,1611.6,210.3
2026-07-29 19:15:00,751.0,210.1,1220.5,781.9,778.7,680.8,102.0,60.0,338.2,58.8,403.1,1294.3,2053.5,1587.4,1508.1,1423.8,133.6,62.0,1139.1,1570.0,412.4,376.0,5308.0,4973.5,2398.9,966.7,4571.1,5972.1,2739.9,2274.1,1593.4,2859.7,876.4,3311.2,973.9,2625.7,1343.5,4167.4,6630.5,5662.6,1622.1,205.2
2026-07-29 19:30:00,725.2,293.2,1254.9,761.4,776.9,651.3,101.6,59.7,376.4,62.8,379.6,1307.1,2056.6,1643.3,1639.5,1542.4,133.9,63.9,1145.6,1560.8,414.1,469.3,5291.1,4965.5,2385.0,959.6,4576.9,5915.2,2722.8,2300.2,1597.1,2860.0,879.2,3264.7,971.9,2615.9,1333.1,4199.1,6637.3,5687.8,1637.6,230.8
2026-07-29 19:45:00,732.7,314.1,1270.8,752.0,776.1,625.3,96.8,62.3,408.8,99.6,384.4,1306.6,2058.6,1623.3,1696.2,1558.2,134.1,80.1,1136.7,1578.6,428.2,503.9,5276.3,4918.3,2392.3,967.5,4578.6,5995.3,2732.5,2256.9,1593.0,2852.7,875.7,3321.4,974.1,2602.9,1326.2,4224.5,6647.0,5645.1,1650.3,223.3
2026-07-29 20:00:00,740.7,306.7,1288.4,746.8,774.3,619.5,102.8,39.2,437.7,104.9,380.0,1388.7,2053.3,1850.5,1556.9,1438.8,204.8,34.5,1241.6,1522.7,437.9,476.7,5190.5,5054.3,2379.1,987.5,4488.3,6017.4,2714.7,2355.2,1587.1,2856.7,881.0,3275.4,963.8,2435.2,1345.1,4006.5,6662.2,5650.5,1638.8,228.1
2026-07-29 20:15:00,746.8,326.0,1299.3,747.0,782.9,614.4,88.7,42.3,447.3,106.7,383.3,1368.6,1988.0,1834.6,1591.9,1384.2,204.5,49.9,1166.4,1513.6,436.6,480.9,5159.3,4958.0,2376.0,989.6,4491.0,6030.2,2713.9,2305.6,1586.7,2857.4,876.0,3288.5,962.0,2424.1,1337.6,4081.3,6648.9,5624.4,1630.6,229.5
2026-07-29 20:30:00,750.8,316.8,1293.9,748.1,783.4,619.1,88.8,43.5,353.1,104.7,378.2,1368.7,1996.4,1587.1,1516.9,1328.4,204.3,44.9,1169.2,1479.5,437.6,493.7,5129.1,4871.6,2359.4,989.8,4494.3,5983.2,2708.0,2267.0,1586.7,2854.4,886.4,3278.1,965.3,2417.6,1330.9,4138.7,6627.5,5629.5,1625.4,258.4
2026-07-29 20:45:00,752.7,320.8,1277.9,747.1,782.4,614.9,87.4,43.3,358.6,96.8,376.7,1341.2,2020.2,1551.7,1559.9,1312.5,263.9,34.9,1208.2,1491.4,447.1,505.7,5096.5,4777.2,2363.6,990.5,4497.4,5974.3,2708.2,2240.0,1584.8,2851.7,878.6,3270.8,965.6,2415.0,1321.1,4143.4,6605.4,5645.8,1620.5,236.9
2026-07-29 21:00:00,752.8,267.8,1265.8,726.6,773.7,559.1,48.6,95.5,368.3,97.7,403.9,1333.3,1996.8,1530.1,1635.8,1362.3,254.9,33.9,1227.9,1405.8,428.6,542.1,5154.8,5249.6,2346.3,1024.2,4619.3,6034.9,2684.0,2142.6,1578.1,2860.0,874.5,3323.2,989.3,2123.0,1244.1,3939.7,6585.0,5667.7,1612.7,248.9
2026-07-29 21:15:00,750.9,267.9,1249.7,726.7,770.7,556.4,48.6,94.6,371.2,81.1,389.5,1331.7,1991.9,1804.5,1671.3,1334.8,255.0,32.4,1217.6,1352.8,427.1,474.0,5180.6,5174.3,2341.5,1025.1,4610.0,5984.1,2681.4,2158.2,1575.9,2854.9,870.0,3290.2,986.5,2125.4,1234.8,4005.9,6545.1,5659.5,1595.1,228.8
2026-07-29 21:30:00,743.0,266.0,1223.8,728.6,765.1,556.0,50.1,94.6,370.7,79.3,400.5,1319.1,1979.1,1745.7,1635.5,1301.6,255.1,32.8,1216.5,1338.9,426.3,485.4,5184.5,5126.6,2330.0,1026.7,4605.9,5914.4,2676.1,2136.3,1575.4,2851.3,870.5,3257.0,987.7,2128.0,1220.7,4033.3,6517.7,5680.2,1599.0,235.6
2026-07-29 21:45:00,732.9,247.9,1197.4,726.9,755.6,544.5,48.3,91.9,368.4,29.0,404.4,1301.1,2106.6,1799.4,1612.0,1289.0,280.1,27.7,1232.7,1302.3,428.8,507.9,5159.4,5026.1,2327.6,984.3,4591.6,5880.1,2677.0,2129.9,1575.9,2848.6,860.7,3240.7,982.3,2131.9,1215.6,4045.2,6500.0,5699.5,1591.9,240.4
2026-07-29 22:00:00,712.9,227.9,1158.7,467.3,729.1,436.9,58.6,59.0,362.3,68.9,328.6,1229.6,2036.0,1629.7,1564.6,1334.0,87.7,43.2,1364.2,1324.4,409.4,558.9,5090.2,5216.3,2326.6,995.5,4570.9,5678.1,2678.9,2199.5,1564.0,2847.6,858.7,3267.8,976.6,1857.2,1275.2,4122.8,6461.7,5636.4,1549.3,229.6
2026-07-29 22:15:00,706.1,221.1,1134.0,466.4,719.2,421.1,61.3,59.0,355.9,28.5,314.6,1230.0,2092.0,1627.8,1526.4,1330.1,87.6,50.4,1357.8,1291.7,407.7,581.6,5040.2,5085.1,2312.3,994.5,4563.6,5610.6,2676.3,2198.1,1564.0,2852.9,854.5,3229.1,969.8,1860.0,1268.9,4163.6,6415.4,5655.6,1541.1,232.7
2026-07-29 22:30:00,702.3,217.3,1112.2,450.4,705.0,410.6,61.3,59.0,355.7,28.4,338.2,1225.4,2099.7,1698.3,1483.7,1342.2,67.6,48.9,1359.3,1281.4,405.2,610.3,4999.3,5003.9,2296.5,994.6,4554.7,5561.1,2669.3,2193.1,1557.7,2847.3,848.0,3198.2,965.5,1861.6,1267.2,4168.6,6374.0,5613.7,1524.7,237.2
2026-07-29 22:45:00,699.0,184.9,1084.8,442.2,706.1,397.1,61.3,59.0,363.2,22.4,321.9,1225.3,2110.9,1796.0,1471.0,1359.8,92.6,38.4,1358.7,1254.4,403.1,621.8,4942.8,4944.3,2285.2,994.8,4536.8,5539.9,2668.2,2177.0,1554.2,2841.9,844.7,3196.5,962.4,1862.0,1273.1,4166.2,6339.4,5573.9,1506.1,242.4
2026-07-29 23:00:00,688.8,186.0,1060.3,422.4,679.5,303.4,50.2,32.6,331.3,17.1,427.6,1224.9,1968.4,1705.0,1373.0,1398.5,189.5,24.7,1389.5,1239.6,387.5,670.9,4771.4,5128.7,2232.9,1021.8,4440.7,5326.9,2655.5,2223.3,1537.4,2795.8,831.6,3056.1,952.8,1612.0,1282.9,4179.7,6230.0,5549.1,1460.6,209.9
2026-07-29 23:15:00,689.4,186.0,1039.1,418.1,664.7,303.4,49.0,35.0,338.0,11.0,396.1,1225.7,1964.1,1670.6,1324.2,1403.2,169.6,19.7,1382.8,1219.4,376.0,693.9,4733.1,5080.4,2212.1,1021.7,4424.7,5298.6,2651.9,2226.4,1533.3,2792.2,820.0,3035.4,954.1,1615.0,1282.3,4211.6,6186.3,5362.3,1426.6,213.9
2026-07-29 23:30:00,672.1,200.1,1011.9,242.9,632.9,317.1,51.2,32.3,324.9,11.0,387.2,1226.2,2282.2,1738.2,1259.2,1425.1,169.6,24.4,1383.9,1210.9,374.8,712.7,4709.8,5009.8,2184.7,1021.5,4421.3,5280.0,2640.7,2212.5,1532.5,2791.5,813.8,3020.7,949.5,1614.2,1268.2,4198.9,6136.8,5322.0,1398.5,223.0
2026-07-29 23:45:00,666.4,191.4,1000.0,237.9,624.4,315.7,51.2,37.6,320.8,11.0,402.3,1227.3,2996.6,1757.2,1255.0,1431.3,169.7,24.4,1400.2,1186.0,389.4,763.2,4671.9,4937.5,2143.9,1022.5,4398.5,5226.9,2635.6,2225.7,1529.7,2771.5,808.6,2995.7,944.6,1612.1,1241.4,4208.9,6062.7,5263.8,1373.5,223.2
2026-07-30 00:00:00,659.2,198.2,977.7,282.3,606.2,290.6,51.8,6.3,308.0,6.8,288.1,1234.5,2145.4,1929.9,1157.7,1615.2,168.4,49.6,1149.8,1038.9,400.5,822.5,4543.3,4839.0,2057.0,953.1,4360.4,5202.0,2630.1,2209.5,1519.8,2667.5,784.7,2954.9,932.8,1658.9,1260.1,4263.6,6022.1,5311.4,1346.6,318.6
2026-07-30 00:15:00,642.7,197.2,963.3,263.2,600.8,289.9,50.3,4.2,303.3,6.8,273.9,1235.6,2142.9,1930.6,1194.7,1658.3,167.4,50.4,1126.8,1019.2,389.7,821.7,4540.1,4712.9,2034.4,953.9,4358.0,5183.7,2619.4,2199.7,1519.3,2660.7,782.4,2944.5,939.9,1665.1,1266.2,4229.0,5961.4,5336.5,1328.2,329.7
2026-07-30 00:30:00,640.7,196.4,953.3,253.6,600.6,289.3,52.5,4.2,301.1,6.8,247.3,1236.6,2131.6,1940.1,1193.7,1656.4,166.3,50.6,1140.2,1011.3,398.3,841.9,4529.8,4685.5,2002.6,954.6,4341.3,5146.9,2610.0,2200.1,1514.1,2653.2,777.4,2923.7,947.1,1670.6,1275.4,4231.6,5946.5,5313.7,1319.8,334.3
2026-07-30 00:45:00,640.7,195.4,942.5,237.4,594.6,288.7,54.1,17.6,295.1,6.8,215.1,1246.4,2290.3,1491.9,1177.8,1678.7,165.4,50.4,1136.0,1029.8,396.8,865.9,4519.4,4670.6,1975.9,954.4,4332.4,5119.0,2596.1,2201.0,1512.7,2648.0,771.7,2902.9,942.8,1674.2,1274.2,4245.8,5912.3,5307.3,1300.0,332.5
2026-07-30 01:00:00,637.3,194.7,955.9,198.2,594.0,337.7,54.6,16.7,319.1,1.0,182.8,1251.7,2362.5,1532.6,1159.0,1512.8,183.9,62.7,1020.9,995.3,384.1,860.4,4477.5,4797.8,1927.2,960.6,4232.1,4987.6,2568.5,2195.9,1486.3,2620.5,753.0,2795.6,934.4,1471.0,1262.0,4175.0,5774.6,5321.1,1290.3,329.5
2026-07-30 01:15:00,631.7,194.6,952.0,191.4,591.0,337.6,54.4,18.4,313.4,1.0,172.8,1252.9,2441.2,1537.2,1131.8,1508.7,183.4,62.7,1018.2,993.7,387.0,860.3,4459.9,4712.6,1906.3,959.2,4223.9,4966.2,2563.9,2199.9,1481.0,2608.3,749.8,2783.0,929.6,1475.6,1256.3,4172.9,5749.1,5305.8,1282.5,338.4
2026-07-30 01:30:00,630.9,194.6,950.8,185.0,588.7,337.5,54.3,17.1,310.5,1.0,162.0,1254.4,2436.2,1550.9,1111.7,1510.3,157.9,62.4,1011.8,981.0,380.5,859.2,4449.1,4690.5,1881.5,959.0,4219.0,4947.3,2560.6,2200.9,1478.6,2602.2,743.1,2766.6,922.1,1480.8,1252.1,4174.7,5747.4,5292.5,1271.3,334.4
2026-07-30 01:45:00,633.4,194.2,946.8,179.2,583.7,337.3,53.8,19.2,309.3,1.0,136.2,1258.2,2432.6,1599.5,1085.3,1513.7,182.4,62.4,1015.8,960.7,387.8,856.0,4434.3,4652.3,1861.2,957.5,4210.0,4927.3,2556.4,2201.9,1478.9,2594.0,738.4,2755.6,912.5,1486.1,1238.2,4172.6,5714.1,5290.0,1261.8,334.6
2026-07-30 02:00:00,632.9,193.8,948.3,175.3,578.0,337.0,63.9,2.8,297.1,3.7,185.9,1285.0,2392.5,1653.1,952.3,1351.2,233.8,18.2,984.6,955.5,371.5,848.1,4439.3,4765.2,1828.2,953.9,4109.5,4828.5,2522.3,2190.1,1456.8,2520.6,740.1,2754.7,913.5,1408.6,1223.1,4103.0,5668.5,5291.9,1253.0,346.8
2026-07-30 02:15:00,623.3,192.5,946.1,169.8,576.3,337.6,63.9,2.8,277.9,3.7,180.1,1289.3,2361.4,1685.9,928.5,1342.7,233.5,18.2,983.9,938.5,360.1,840.4,4432.1,4741.4,1814.9,949.3,4105.5,4821.5,2519.7,2188.0,1454.3,2514.3,738.3,2750.7,904.5,1415.3,1211.2,4095.6,5691.4,5291.2,1250.8,349.1
2026-07-30 02:30:00,622.1,191.4,946.1,166.1,573.7,338.7,63.8,2.8,296.6,3.7,165.1,1288.1,2349.6,1734.7,918.4,1330.6,233.2,18.2,984.2,921.4,362.2,831.4,4415.5,4723.3,1806.8,948.0,4104.1,4818.1,2515.9,2184.8,1453.0,2507.6,737.4,2748.8,901.0,1422.4,1203.8,4085.1,5709.8,5288.2,1242.6,354.5
2026-07-30 02:45:00,618.1,189.5,944.8,161.2,570.8,339.4,63.7,2.8,289.8,3.7,141.6,1291.4,2376.0,1815.2,912.9,1333.4,232.9,18.2,983.5,896.2,363.3,831.7,4403.5,4680.4,1793.8,947.0,4103.0,4495.9,2514.7,2182.6,1452.6,2498.7,733.8,2741.4,896.5,1429.2,1200.7,4061.7,5676.1,5291.6,1237.1,359.7
2026-07-30 03:00:00,622.6,188.6,942.5,157.1,570.5,339.9,62.1,2.8,305.7,1.0,164.2,1329.6,2515.8,1858.3,892.1,1309.0,205.0,19.9,954.9,883.1,356.3,794.6,4409.1,4747.6,1771.4,970.7,4111.6,4424.5,2515.9,2178.7,1438.9,2488.3,731.3,2771.8,895.2,1397.1,1198.8,4005.1,5761.1,5403.2,1239.2,368.1
2026-07-30 03:15:00,618.3,186.7,945.6,156.2,566.6,340.0,61.9,2.8,299.1,1.0,164.7,1323.7,2505.9,1889.2,874.0,1300.6,204.7,19.9,953.4,863.6,352.5,781.3,4405.3,4735.5,1761.9,970.0,4110.7,4284.0,2514.2,2174.7,1441.2,2487.9,729.7,2767.6,892.9,1403.8,1198.9,3987.0,5775.0,5405.5,1231.9,372.7
2026-07-30 03:30:00,615.0,185.0,946.7,153.4,600.2,340.1,62.0,2.8,302.0,1.0,159.3,1324.9,2509.2,1942.2,860.8,1296.3,204.4,19.8,953.9,844.1,348.9,768.8,4406.1,4753.2,1755.9,966.7,4104.3,4201.7,2512.6,2174.8,1437.3,2476.8,729.4,2767.3,887.3,1410.1,1199.1,3964.9,5730.7,5401.7,1232.0,377.6
2026-07-30 03:45:00,608.8,183.4,941.6,158.1,572.7,340.2,62.3,2.8,299.2,1.0,164.1,1326.3,2492.5,2010.3,870.6,1293.3,204.1,19.8,950.0,825.8,344.1,754.8,4410.3,4679.4,1751.5,968.1,4108.1,4312.4,2514.3,2174.0,1436.0,2467.4,729.4,2768.3,887.1,1415.4,1199.2,3937.1,5691.1,5405.8,1225.1,383.2
2026-07-30 04:00:00,616.5,181.9,952.0,145.7,607.1,396.4,64.0,2.8,297.3,2.0,129.8,1347.2,2517.4,2190.4,829.0,1278.0,167.9,52.9,951.6,738.7,351.7,733.3,4432.5,4685.5,1729.3,976.8,4181.0,3788.8,2500.2,2174.4,1424.2,2434.0,724.6,2802.5,866.6,1379.6,1201.0,3847.1,5587.8,5395.1,1220.2,395.9
2026-07-30 04:15:00,614.0,181.6,964.5,147.0,597.8,398.3,61.9,2.8,298.0,2.0,128.6,1344.3,2486.3,2229.9,837.7,1267.2,166.5,53.0,950.4,788.2,346.7,719.9,4454.9,4688.2,1727.0,975.5,4183.2,3562.5,2500.9,2170.0,1423.3,2429.5,738.2,2823.2,863.9,1383.8,1206.5,3830.5,5560.0,5397.8,1218.5,399.2
2026-07-30 04:30:00,604.4,182.1,983.1,139.3,612.6,403.7,61.7,2.8,300.2,2.1,127.3,1348.1,2488.5,2276.2,830.5,1262.1,165.2,53.0,950.5,774.2,341.9,704.5,4487.8,4741.0,1719.5,972.3,4185.6,3753.0,2500.6,2170.5,1423.0,2427.7,737.5,2822.6,864.9,1389.7,1216.1,3820.7,5554.2,5392.1,1213.2,400.9
2026-07-30 04:45:00,604.4,182.8,1000.4,149.4,579.7,413.7,62.7,2.8,310.6,2.0,120.6,1340.4,2471.3,2349.1,830.2,1257.5,163.8,53.0,956.0,762.1,340.7,690.5,4510.5,4732.0,1717.0,971.2,4187.2,3780.0,2501.0,2164.2,1422.6,2424.1,722.9,2811.8,867.5,1397.6,1229.0,3804.2,5513.7,5388.7,1217.2,402.5
2026-07-30 05:00:00,633.7,184.1,1026.9,193.8,590.4,370.5,55.5,27.5,312.0,16.6,114.4,1364.9,2704.1,2602.8,818.2,1232.6,196.9,7.6,963.7,736.4,350.2,675.1,4573.0,4715.2,1718.0,928.5,4178.3,3712.7,2502.2,2161.8,1424.3,2432.2,735.2,2716.6,871.5,1525.6,1242.6,3936.8,5439.8,5242.0,1207.3,396.3
2026-07-30 05:15:00,625.0,186.3,1044.2,192.2,601.8,382.5,52.7,27.5,322.6,16.5,116.2,1364.6,2674.8,2613.5,812.8,1222.6,175.3,8.8,972.8,722.7,352.2,670.2,4623.1,4721.2,1730.7,926.2,4182.1,3962.9,2509.0,2156.4,1427.6,2441.8,738.0,2722.1,874.3,1542.0,1252.2,3908.1,5433.4,5242.6,1211.0,394.2
2026-07-30 05:30:00,616.0,190.8,1054.3,189.8,613.2,411.0,53.8,27.6,329.6,16.6,108.2,1372.6,2665.9,2641.1,812.1,1221.3,173.6,11.6,969.8,704.8,348.4,657.5,4670.0,4752.7,1738.0,924.7,4191.2,4643.5,2512.3,2153.3,1427.8,2449.1,740.7,2744.2,873.7,1548.9,1255.0,3892.3,5444.0,5223.5,1213.5,394.6
2026-07-30 05:45:00,608.1,198.2,1055.2,193.5,629.3,434.1,55.1,27.7,335.2,16.5,107.8,1375.5,2406.7,2703.0,812.6,1223.7,171.9,14.4,956.1,709.6,341.5,665.8,4721.9,4859.1,1765.9,923.7,4202.3,4896.3,2517.7,2145.2,1430.8,2456.6,728.9,2749.9,874.3,1548.4,1245.9,3900.1,5454.7,5211.8,1247.2,391.7
2026-07-30 06:00:00,635.3,210.1,1081.4,355.7,665.6,340.3,47.3,9.5,352.0,10.9,171.6,1376.3,2683.3,3096.6,948.2,1357.8,215.2,27.0,1025.9,687.1,386.0,641.2,4797.3,4742.8,1824.3,914.4,4200.9,4844.5,2550.0,2181.8,1458.0,2475.4,739.7,2867.8,880.5,1831.3,1327.4,4133.6,5628.2,5155.8,1259.9,373.0
2026-07-30 06:15:00,641.5,233.8,1075.0,359.3,680.6,371.3,41.4,24.2,352.1,13.2,175.4,1366.3,2684.3,3505.1,953.9,1350.4,220.1,29.8,985.9,688.1,365.3,634.5,4865.9,4860.0,1858.6,913.3,4213.9,4885.3,2562.2,2180.9,1458.2,2499.0,745.2,2890.4,886.1,1830.7,1322.9,4104.7,5677.8,5153.7,1278.6,366.7
2026-07-30 06:30:00,629.7,254.4,1048.2,345.5,697.1,375.3,45.3,25.5,353.4,12.8,171.0,1371.4,2695.4,3564.8,960.3,1361.8,220.0,32.2,988.2,715.6,363.7,620.9,4914.3,4974.4,1889.7,911.4,4235.4,4931.6,2571.3,2179.5,1465.8,2515.5,749.5,2911.0,891.3,1827.0,1326.6,4110.4,5705.8,5127.4,1298.7,349.3
2026-07-30 06:45:00,624.4,278.3,1005.5,353.0,700.3,418.3,46.0,24.3,355.8,11.4,183.9,1366.1,2697.7,3707.2,972.4,1370.7,240.0,34.6,991.6,756.7,361.6,614.9,4965.9,5049.7,1925.7,910.3,4244.4,4972.0,2590.5,2171.6,1471.7,2538.2,754.1,2940.7,898.4,1820.0,1324.9,4095.8,5756.6,5158.0,1320.1,327.2
2026-07-30 07:00:00,666.4,301.2,992.2,354.6,731.5,331.0,53.7,28.0,360.0,22.5,201.5,1354.1,2875.4,3350.2,988.2,1404.3,212.4,39.0,1030.5,834.2,378.3,595.1,5028.3,4934.8,2035.3,919.6,4281.6,5028.2,2637.0,2207.7,1516.5,2556.5,794.3,3246.4,909.2,2143.2,1256.3,4166.8,5894.3,5094.3,1371.2,307.4
2026-07-30 07:15:00,662.1,339.9,952.9,363.2,742.3,395.3,52.9,47.7,345.3,14.6,208.9,1344.7,2926.3,3274.7,991.9,1395.1,214.1,41.9,1005.3,805.0,366.6,578.6,5055.2,4965.9,2070.6,922.9,4288.5,5062.0,2658.0,2204.3,1522.4,2576.5,783.7,3258.5,918.4,2137.7,1259.9,4153.1,5916.3,5073.1,1385.8,287.3
2026-07-30 07:30:00,643.1,372.5,911.3,402.8,734.4,469.6,51.8,47.1,331.4,13.6,229.9,1340.2,3140.0,2728.4,1044.9,1459.4,235.9,43.7,1012.9,850.8,369.8,569.3,5092.4,4970.2,2094.9,911.8,4298.1,4826.5,2668.9,2202.6,1527.2,2591.5,792.3,3276.2,924.0,2137.4,1263.8,4126.3,5940.9,5060.2,1391.6,266.2
2026-07-30 07:45:00,636.5,400.0,865.9,432.0,733.9,532.1,54.0,54.3,320.6,16.4,253.1,1347.0,3247.4,2785.8,1153.3,1619.3,237.6,44.7,1053.8,865.2,501.5,391.1,5114.2,4949.9,2128.5,909.9,4294.7,4217.3,2685.5,2194.3,1535.3,2610.3,799.8,3267.9,926.6,2140.0,1268.5,4101.1,5974.6,5031.0,1395.9,247.1
2026-07-30 08:00:00,625.1,425.0,810.7,471.2,736.7,499.5,70.3,54.4,303.9,10.0,255.0,1318.8,3120.9,3097.3,1454.7,1682.5,199.2,66.9,1224.9,1047.9,375.4,560.9,5155.6,5059.9,2190.1,868.4,4391.5,4612.0,2728.8,2175.4,1569.5,2726.8,817.8,3363.4,925.2,2117.3,1325.3,4201.8,6063.0,5016.0,1394.9,252.5
2026-07-30 08:15:00,616.6,453.4,757.6,500.9,740.2,554.6,70.1,66.1,286.4,15.5,266.7,1316.7,3549.7,3025.7,1576.7,1759.6,201.1,66.5,1190.1,1054.3,370.1,553.7,5160.3,4976.5,2214.8,868.1,4382.3,4187.0,2742.1,2164.0,1572.8,2745.6,820.6,3188.4,933.1,2125.4,1331.5,4171.8,6099.6,5000.1,1387.6,242.6
2026-07-30 08:30:00,610.3,476.0,689.1,534.9,743.5,556.9,70.9,64.8,276.7,20.9,285.4,1305.7,3557.1,2959.9,1612.3,1530.4,203.0,65.1,1197.4,1045.2,500.2,367.1,5156.9,4865.6,2226.3,867.4,4376.8,3622.8,2747.6,2155.4,1576.6,2761.9,845.3,3117.8,940.1,2133.7,1338.7,4157.0,6117.7,5034.5,1381.8,241.4
2026-07-30 08:45:00,594.2,495.2,649.7,587.9,741.0,594.2,72.3,64.5,254.5,26.8,297.8,1312.6,3573.4,2948.3,1576.6,1299.7,185.0,62.0,1232.8,1053.0,505.7,379.5,5155.7,4795.6,2255.5,873.1,4381.1,3190.9,2757.0,2148.1,1578.7,2776.9,857.3,2925.8,941.3,2144.3,1347.1,4157.8,6191.3,5010.7,1398.5,243.8
2026-07-30 09:00:00,582.8,532.9,597.9,446.2,737.7,709.1,97.8,52.4,225.0,35.2,303.9,1328.4,3628.7,3257.9,1690.7,1273.3,149.8,118.0,1261.7,1375.5,371.1,557.1,5150.9,4988.0,2315.7,831.1,4305.6,3209.7,2608.4,2038.6,1595.8,2759.6,871.8,2959.6,942.2,1597.4,1376.2,3929.4,6148.6,4964.7,1393.8,216.7
2026-07-30 09:15:00,586.8,549.2,573.3,492.5,742.1,663.9,103.9,58.9,211.2,51.7,303.1,1330.7,3707.9,3271.5,1632.4,1282.8,149.8,135.8,1254.1,1309.0,482.6,352.4,5157.6,4901.6,2335.1,828.2,4331.1,2796.4,2614.4,2029.3,1601.8,2783.2,875.4,2776.9,945.9,1608.7,1381.7,3918.3,6166.3,4998.8,1394.6,223.9
2026-07-30 09:30:00,591.7,544.9,551.9,532.4,743.4,625.2,96.0,62.8,195.8,69.2,299.4,1333.5,4917.7,3488.0,1568.4,1324.0,149.8,142.9,1247.1,1189.9,488.4,354.0,5156.8,4843.0,2348.3,742.6,4368.2,2418.5,2618.7,1967.0,1599.9,2803.8,879.3,2677.8,948.6,1616.0,1386.5,3922.9,6202.3,5039.8,1386.7,235.6
2026-07-30 09:45:00,585.4,527.0,524.7,563.7,749.9,577.5,85.4,69.9,173.0,86.5,301.2,1348.7,5354.5,3223.8,1506.7,1348.0,149.8,109.4,1295.5,1248.2,505.1,357.2,5155.4,4809.2,2365.0,742.3,4378.7,2067.1,2629.9,1955.4,1603.4,2823.1,879.9,2417.2,950.0,1618.6,1385.4,3934.7,6213.7,5066.3,1370.1,244.8
2026-07-30 10:00:00,569.9,587.6,523.6,621.9,745.5,757.7,67.7,34.0,184.1,111.7,382.7,1515.6,5450.2,3757.8,1798.0,1384.7,185.2,109.8,1291.0,1195.7,530.6,354.5,5210.0,4985.8,2392.9,754.4,4670.2,2107.1,2657.1,1797.9,1613.1,2826.2,858.9,2332.2,942.0,1324.2,1389.5,3538.7,6189.9,5119.7,1345.6,256.9
2026-07-30 10:15:00,575.3,570.6,501.6,658.4,748.3,658.6,67.7,34.5,165.4,109.6,378.8,1532.3,5453.6,3802.4,1732.0,1402.7,184.9,105.1,1301.0,1174.3,527.0,343.0,5212.1,4927.1,2405.4,758.7,4684.4,2102.3,2665.5,1783.9,1617.7,2845.4,863.1,2145.4,941.9,1336.0,1388.8,3541.2,6214.1,5157.4,1318.6,267.9
2026-07-30 10:30:00,572.8,564.8,482.7,682.4,755.0,629.8,72.3,34.8,157.5,123.7,365.1,1543.3,5462.2,3799.5,1792.9,1513.1,209.4,116.3,1296.7,1233.3,520.6,354.8,5209.9,4883.3,2413.1,763.0,4732.0,2101.6,2846.1,1773.7,1616.9,2883.8,862.3,2084.0,943.0,1357.1,1383.3,3565.7,6202.8,5186.4,1298.4,286.7
2026-07-30 10:45:00,569.3,534.8,467.5,676.8,745.3,612.9,81.7,35.1,161.9,135.8,349.4,1547.6,5479.4,3837.5,1765.6,1527.6,234.0,88.9,1375.5,1239.0,526.9,340.7,5198.1,4913.5,2419.9,767.2,4699.2,2080.0,2854.3,1769.2,1617.0,2890.3,860.5,2050.5,948.5,1381.4,1384.7,3470.7,6198.3,5224.1,1286.9,311.0
2026-07-30 11:00:00,608.0,585.1,677.0,665.6,725.8,659.6,163.0,12.5,168.8,118.0,445.8,1585.0,5488.8,4211.3,1961.5,1547.1,166.5,165.5,1464.6,1333.7,486.1,371.5,5198.9,4955.4,2447.6,897.0,4563.6,2203.7,2858.5,1602.5,1624.3,2858.7,864.1,2030.9,951.6,1252.9,1378.9,3437.3,6218.7,5285.8,1259.5,343.7
2026-07-30 11:15:00,612.4,574.5,665.7,665.0,729.7,627.4,144.3,12.9,184.7,88.7,448.4,1571.0,5508.4,4277.8,1969.1,1561.3,166.5,87.6,1480.7,1302.2,480.0,352.4,5189.2,4928.8,2455.2,900.0,4567.3,2206.1,2862.9,1597.3,1624.8,2868.8,861.8,2039.2,954.0,1276.5,1375.0,3439.3,6221.4,5318.3,1249.0,366.7
2026-07-30 11:30:00,609.5,577.5,870.6,673.4,734.5,554.6,147.0,13.3,215.8,88.8,463.7,1592.0,5527.2,4303.5,1950.9,1464.2,198.2,30.0,1486.4,1338.2,486.6,330.6,5191.2,4967.5,2456.9,902.8,4563.9,2208.6,2858.4,1594.9,1625.3,2866.1,862.6,2032.4,953.9,1296.6,1370.3,3439.3,6196.7,5351.1,1231.8,391.1
2026-07-30 11:45:00,616.0,551.4,877.0,692.1,740.4,570.0,148.5,13.6,222.6,84.7,469.0,1609.5,5553.6,4389.3,1938.6,1420.4,198.1,30.0,1525.3,1342.1,498.1,348.6,5182.4,5001.1,2464.3,904.7,4598.1,2234.6,2862.5,1592.1,1629.6,2853.3,866.9,2054.8,953.5,1313.6,1361.1,3179.4,6180.3,5382.7,1216.4,407.3
2026-07-30 12:00:00,616.7,587.0,893.8,709.3,751.2,508.3,213.5,13.8,171.8,70.6,440.0,1762.8,5662.7,4665.4,1931.8,1433.0,217.9,66.9,1690.0,1343.5,536.3,316.3,5312.6,4937.8,2462.1,815.6,4572.9,1908.9,2863.8,1645.4,1616.1,2800.4,899.5,2353.6,950.9,1256.0,1417.7,3243.7,6204.5,5402.7,1188.3,434.1
2026-07-30 12:15:00,613.4,559.2,895.0,711.1,757.4,517.8,214.2,14.0,180.6,61.1,458.9,1776.8,5733.8,4791.4,1933.6,1431.7,219.5,66.9,1693.0,1338.2,530.2,304.8,5285.9,4942.4,2463.2,817.0,4567.4,1911.6,2863.7,1643.0,1614.7,2805.4,898.8,2347.1,950.2,1262.6,1410.9,3188.7,6197.1,5427.8,1178.7,455.0
2026-07-30 12:30:00,582.8,542.8,895.2,705.2,755.4,577.1,214.2,14.1,113.8,69.9,459.4,1795.4,5718.4,4923.0,1936.1,1429.2,220.6,66.9,1695.3,1330.4,524.2,282.9,5265.0,4960.5,2463.7,817.5,4568.0,1916.3,2857.7,1638.7,1614.1,2650.0,899.6,2342.8,959.5,1261.8,1414.5,2931.6,6225.1,5438.8,1176.4,457.8
2026-07-30 12:45:00,584.4,540.7,898.6,704.7,750.3,533.0,214.0,14.2,116.2,34.9,470.9,1806.3,5756.5,5051.3,1939.0,1424.2,221.2,66.9,1696.5,1344.5,519.8,201.3,5219.8,4948.3,2467.6,818.7,4562.9,1921.5,2860.8,1636.6,1616.1,2633.9,896.5,2336.2,957.6,1150.1,1420.9,2905.2,6198.0,5467.7,1167.4,470.6
2026-07-30 13:00:00,581.5,539.8,912.6,705.2,751.6,617.8,193.7,14.3,213.2,6.9,464.9,1822.7,5639.1,4995.1,2005.1,1374.9,194.9,121.7,1536.2,1346.6,480.8,216.1,5217.7,5043.8,2468.7,790.7,4648.4,1793.9,2863.0,1638.2,1615.1,2804.3,894.6,2594.6,948.9,1178.8,1419.2,2872.1,6287.4,5612.9,1188.4,495.0
2026-07-30 13:15:00,578.6,536.8,911.7,706.3,755.2,519.9,196.7,14.3,146.4,40.2,466.2,1829.3,5651.4,5060.3,2025.0,1398.5,195.2,134.3,1535.8,1365.1,475.9,192.3,5200.6,5046.5,2470.7,791.9,4651.3,1796.5,2865.3,1636.2,1613.1,2796.2,894.6,2600.3,958.7,1162.1,1419.4,2853.8,6301.4,5631.5,1186.4,505.7
2026-07-30 13:30:00,588.4,533.7,919.0,689.8,752.0,517.7,196.6,14.2,161.7,35.5,465.1,1840.8,5659.7,5119.3,2025.5,1417.8,195.5,121.0,1503.0,1401.2,472.9,193.7,5195.1,5046.8,2475.4,793.5,4646.8,1786.5,2860.5,1630.4,1616.3,2735.7,896.9,2613.5,957.4,1054.2,1425.1,2826.8,6292.0,5635.9,1183.7,522.4
2026-07-30 13:45:00,626.5,530.9,935.5,677.1,746.5,615.3,196.6,14.1,169.3,32.1,465.5,1848.2,5678.3,5175.6,2051.7,1394.5,195.7,112.1,1493.0,1462.4,470.7,193.7,5186.0,5117.0,2473.7,794.7,4638.9,1794.4,2861.5,1625.5,1619.0,2812.0,893.7,2597.6,948.9,1150.6,1418.5,2805.3,6273.5,5639.0,1190.9,526.2
2026-07-30 14:00:00,638.3,490.5,914.3,681.6,729.2,566.5,198.2,14.0,180.6,32.0,412.4,1781.3,5572.3,5065.8,1960.0,1343.9,111.5,167.1,1644.0,1452.7,466.8,223.0,5091.9,5212.3,2481.6,806.7,4611.2,1700.1,2856.4,1617.2,1620.2,2855.4,899.7,2675.2,955.0,1167.9,1417.3,2783.6,6291.0,5656.4,1129.8,549.7
2026-07-30 14:15:00,642.9,499.9,925.4,675.4,727.6,588.6,197.9,13.8,174.1,41.9,413.7,1790.5,5579.7,5108.5,1981.7,1352.4,111.9,167.3,1651.9,1583.5,466.2,323.2,5076.5,5252.5,2482.4,807.0,4609.2,1717.7,2859.4,1619.8,1623.8,2887.3,897.2,2655.7,940.6,1222.2,1418.1,3001.1,6282.9,5649.6,1130.4,561.8
2026-07-30 14:30:00,644.6,495.8,941.3,666.2,727.8,573.3,196.7,13.4,169.0,41.9,412.1,1789.9,5615.3,5166.8,2015.4,1421.4,67.2,184.8,1625.9,1712.7,437.7,336.2,5066.7,5284.9,2478.2,808.2,4607.0,1708.7,2855.7,1619.5,1616.4,2881.4,896.9,2655.4,937.8,1215.2,1421.9,3028.8,6285.4,5642.0,1145.0,569.6
2026-07-30 14:45:00,647.5,543.5,956.2,652.2,736.0,560.0,196.7,13.0,161.5,42.5,417.7,1791.5,5587.1,5226.1,2035.6,1393.7,67.6,207.9,1564.6,1759.0,412.9,353.6,5056.9,5311.2,2479.8,806.6,4613.2,1722.4,2859.0,1618.1,1617.4,2884.0,900.7,2659.0,937.8,1205.9,1432.7,3030.8,6292.4,5632.7,1158.2,579.2
2026-07-30 15:00:00,646.2,498.5,935.6,629.7,730.2,551.8,206.0,34.9,141.8,21.9,406.5,1587.9,5478.2,5077.3,1748.2,1347.2,98.8,119.4,1359.9,1871.2,350.2,364.2,4999.1,5474.9,2470.0,786.9,4405.1,1504.8,2858.1,1594.8,1620.6,2945.5,896.3,2893.6,940.0,1253.6,1437.6,3014.8,6187.2,5481.8,1187.2,595.0
2026-07-30 15:15:00,653.4,499.2,957.4,613.0,737.7,536.9,207.4,29.3,131.9,68.2,389.2,1585.5,5478.3,5093.6,1767.2,1320.6,79.1,149.2,1307.7,1920.6,350.4,373.9,5007.8,5486.8,2474.5,785.5,4400.1,1502.2,2858.5,1595.4,1618.9,2946.8,897.2,2893.2,941.6,1247.5,1449.0,3015.3,6202.7,5451.4,1202.0,602.8
2026-07-30 15:30:00,655.4,497.1,764.1,587.5,748.8,513.5,206.2,12.0,131.1,75.2,385.0,1580.3,5474.2,5153.7,1702.5,1212.3,54.3,149.1,1313.3,1931.2,355.7,369.4,4998.7,5478.1,2481.6,783.7,4408.8,1518.8,2854.5,1595.0,1622.4,2949.2,899.8,2895.3,941.6,1245.3,1447.8,2963.1,6223.9,5434.1,1213.8,603.5
2026-07-30 15:45:00,612.1,493.7,782.9,558.9,738.1,534.3,205.7,11.6,128.3,84.6,379.8,1575.5,5474.7,5175.3,1706.3,1254.8,54.5,132.9,1318.7,1968.9,361.1,364.4,4999.3,5569.1,2487.4,784.2,4405.7,1645.4,2858.6,1617.6,1619.8,2931.9,897.4,2831.7,949.7,1247.6,1446.0,2910.1,6244.0,5422.3,1225.2,604.5
2026-07-30 16:00:00,615.2,439.1,549.3,507.0,741.5,585.6,112.0,27.0,107.9,99.6,342.4,1565.3,5524.1,4820.2,1541.4,1165.6,128.0,121.7,1348.8,1961.4,412.3,398.6,5021.1,5453.0,2493.5,816.1,4155.3,1722.3,2852.0,1513.8,1610.8,2963.4,883.6,2546.1,985.8,1442.1,1451.0,2932.4,6255.1,5395.8,1252.9,619.1
2026-07-30 16:15:00,632.3,445.4,582.1,480.3,740.6,591.9,112.0,27.4,102.5,109.8,308.7,1566.0,5494.5,4743.2,1570.4,1148.6,128.0,119.6,1335.3,1967.9,420.6,388.1,5024.0,5494.7,2495.6,813.5,4074.9,1914.7,2852.6,1543.2,1608.3,2961.6,888.8,2479.7,990.1,1451.0,1446.6,2922.1,6294.0,5399.3,1272.5,612.9
2026-07-30 16:30:00,641.8,432.1,617.6,443.3,740.9,722.1,111.7,10.6,99.4,113.5,304.8,1534.0,5495.0,5115.7,1611.4,1138.6,114.2,104.0,1344.5,2090.1,421.4,383.3,5004.8,5542.6,2501.2,813.5,4071.1,2235.2,2850.2,1533.8,1605.8,2909.9,883.6,2588.2,994.7,1456.4,1448.5,2887.9,6299.8,5398.2,1298.6,600.9
2026-07-30 16:45:00,656.2,429.4,650.5,399.5,746.7,684.7,100.0,9.9,92.9,118.4,308.3,1522.2,5149.1,5249.5,1664.5,1179.3,114.3,133.4,1361.6,2134.2,419.5,383.2,5013.9,5645.6,2500.8,813.1,4046.6,2819.0,2851.8,1504.7,1609.6,2911.6,881.2,2720.5,996.2,1460.3,1449.7,2858.6,6317.4,5447.4,1321.8,586.0
2026-07-30 17:00:00,688.9,388.3,679.9,371.4,775.5,528.5,107.9,23.6,95.3,156.1,297.3,1511.2,4160.8,4232.3,1540.0,1156.1,178.9,58.2,1308.4,2216.8,387.1,374.4,5042.1,5639.1,2482.6,999.2,3965.4,2753.0,2841.5,1687.8,1601.9,2968.1,896.2,2616.7,1002.6,1812.7,1456.1,3032.3,6454.3,5261.1,1397.5,596.6
2026-07-30 17:15:00,701.2,363.4,713.1,329.6,762.7,635.0,107.7,22.5,94.9,136.1,291.5,1501.5,3788.6,4037.5,1599.8,1125.2,154.5,56.2,1255.8,2206.5,374.7,372.1,5055.5,5716.4,2479.4,1000.4,3961.0,3236.6,2838.9,1678.4,1599.7,2982.8,889.8,2774.3,1003.9,1811.4,1457.6,2970.9,6463.0,5313.9,1422.2,582.5
2026-07-30 17:30:00,705.6,357.3,777.0,298.0,770.4,583.2,107.2,21.6,95.3,123.1,296.3,1474.3,3694.3,3891.0,1632.8,1224.3,155.1,47.1,1249.9,2364.5,372.3,674.5,5054.3,5838.8,2474.0,999.6,3956.9,3952.0,2832.0,1663.6,1601.5,2987.6,888.1,2807.2,992.3,1809.2,1463.8,2921.1,6496.1,5355.1,1444.6,565.1
2026-07-30 17:45:00,710.3,335.2,840.6,265.9,764.3,550.7,97.0,20.8,102.7,120.4,301.0,1459.3,3673.6,3659.8,1677.9,1394.2,155.8,59.0,1239.0,2456.5,374.9,690.8,5068.2,6018.8,2465.9,990.6,4011.5,4769.2,2833.7,1689.3,1598.9,2989.0,893.6,2859.9,992.9,1801.2,1461.2,2940.2,6560.8,5319.6,1473.1,540.4
2026-07-30 18:00:00,728.1,304.4,936.0,490.6,772.3,605.3,68.3,93.1,132.7,88.9,371.7,1410.4,3521.7,3269.8,1644.1,1592.4,334.2,6.6,1251.4,2110.0,425.0,560.2,5142.2,5778.4,2446.2,949.5,4475.7,4754.1,2828.2,1783.6,1599.0,2983.7,853.1,3109.2,989.7,2238.5,1351.2,2943.8,6627.8,5211.1,1516.6,539.0
2026-07-30 18:15:00,732.5,282.6,1024.9,482.6,773.0,560.6,62.3,96.5,157.3,75.3,368.8,1390.3,3494.8,3138.0,1660.2,1696.9,309.2,18.6,1205.1,2139.7,422.2,667.4,5152.4,5832.5,2443.0,961.7,4471.7,5406.4,2829.2,1772.4,1594.1,2978.8,848.6,3111.4,987.1,2228.9,1353.5,2924.5,6654.3,5443.3,1534.5,522.0
2026-07-30 18:30:00,721.6,266.4,1107.9,675.6,776.8,505.0,62.5,78.7,177.1,59.2,398.9,1369.3,2879.6,3012.3,1604.8,1779.4,329.2,43.5,1228.1,2100.2,423.7,689.1,5162.5,5906.6,2445.1,956.7,4480.6,5649.8,2821.7,1785.0,1591.7,2931.8,850.5,3290.4,984.5,2214.8,1354.7,2924.7,6680.6,5427.5,1549.1,508.0
2026-07-30 18:45:00,713.3,306.5,1171.4,494.5,771.1,503.0,62.3,82.1,197.7,40.2,419.2,1345.9,2032.8,2926.2,1511.8,1720.1,329.2,20.0,1246.5,2119.5,452.3,731.3,5164.7,6071.8,2441.1,952.4,4480.8,5905.3,2819.5,1784.6,1592.0,2870.3,844.7,3349.8,981.8,2197.0,1354.8,2944.1,6714.3,5403.9,1559.3,527.3
2026-07-30 19:00:00,736.6,220.9,1223.3,702.6,775.3,499.5,65.7,46.5,243.3,32.7,463.4,1313.1,2306.0,2644.4,1470.3,1690.9,211.6,34.8,1265.4,1903.3,458.6,759.4,5159.4,5759.4,2425.0,943.5,4535.6,6062.4,2803.3,2125.7,1584.7,3450.3,861.3,3412.1,983.2,1641.1,1355.1,3081.3,6755.6,5591.4,1581.6,483.5
2026-07-30 19:15:00,738.0,206.9,1252.4,722.5,774.7,507.0,68.2,46.2,269.2,25.2,448.8,1292.6,2091.0,2452.2,1455.5,1596.4,229.7,59.6,1220.4,1866.6,458.8,775.6,5149.5,5731.4,2418.6,940.2,4539.9,6078.6,2803.3,2101.9,1581.2,3537.4,859.3,3369.9,979.5,1626.2,1353.5,3067.4,6769.9,5545.5,1582.3,531.1
2026-07-30 19:30:00,720.6,279.8,1293.7,730.8,796.0,447.0,68.2,46.8,302.5,82.3,454.1,1277.0,2097.4,2403.5,1443.1,1543.1,227.8,60.3,1224.2,1835.5,461.7,799.2,5134.3,5777.3,2412.5,937.1,4541.1,6096.0,2798.0,2091.2,1581.0,3537.0,859.1,3351.9,978.2,1615.1,1350.7,3050.6,6776.4,5602.8,1591.4,509.9
2026-07-30 19:45:00,725.4,288.4,1316.1,741.4,782.5,441.2,70.7,47.6,325.9,58.3,471.7,1255.2,2104.4,2384.9,1502.8,1545.5,220.8,60.5,1226.5,1862.2,478.9,835.8,5117.0,5729.8,2406.9,933.6,4533.0,6087.7,2798.7,2093.3,1575.0,3533.5,856.2,3352.8,975.8,1608.7,1346.9,3032.5,6785.2,5597.8,1594.2,511.7
2026-07-30 20:00:00,732.9,248.3,1336.5,693.3,788.0,435.4,52.0,80.3,330.0,15.4,418.7,1355.2,1936.1,2363.3,1276.5,1535.7,145.4,36.0,1522.5,1774.1,464.7,844.6,5044.7,5852.1,2396.1,945.7,4521.7,5902.8,2763.9,2176.5,1578.8,3477.0,856.6,3393.1,970.9,1521.7,1342.3,3222.9,6797.8,5715.7,1597.5,476.8
2026-07-30 20:15:00,741.1,248.5,1335.2,714.8,797.6,431.9,54.5,83.9,339.0,13.4,412.8,1340.7,1920.5,2246.6,1325.3,1497.4,142.3,60.9,1489.5,1744.0,462.0,864.0,5018.3,5827.7,2390.4,945.2,4516.2,5872.6,2763.3,2146.6,1577.2,3451.4,852.9,3354.5,968.4,1517.3,1335.4,3158.0,6791.4,5818.6,1583.7,482.6
2026-07-30 20:30:00,755.3,213.2,1329.6,762.8,803.5,432.3,54.5,83.8,350.0,13.1,387.2,1334.8,1911.8,2101.1,1329.9,1494.2,139.3,36.9,1481.8,1729.0,450.8,879.5,4988.7,5800.9,2383.7,945.0,4517.0,5883.3,2757.6,2128.9,1578.5,3448.8,856.2,3331.7,965.2,1506.5,1326.4,3164.9,6776.9,5811.4,1589.3,496.0
2026-07-30 20:45:00,753.2,180.2,1315.2,787.4,801.8,421.0,54.5,68.5,350.7,57.1,365.6,1325.2,1900.1,2086.3,1327.9,1494.1,136.2,25.5,1427.4,1738.2,444.5,919.1,4943.6,5741.6,2377.9,944.9,4519.2,5875.0,2755.0,2123.9,1576.4,3455.3,853.8,3299.9,962.8,1490.7,1316.9,3184.0,6761.5,5826.1,1577.6,499.4
2026-07-30 21:00:00,742.7,240.7,1290.9,633.3,769.6,406.2,62.0,105.5,398.9,9.6,386.2,1320.0,1705.0,1960.6,1358.0,1478.4,272.0,22.3,1408.7,1680.2,425.6,919.2,5021.7,6137.7,2350.5,948.5,4656.3,5819.2,2727.3,2189.7,1571.0,3424.4,850.0,3364.8,957.1,1395.2,1272.4,3083.8,6726.9,5757.3,1599.0,487.6
2026-07-30 21:15:00,736.2,234.2,1281.8,659.3,782.3,383.8,62.0,93.1,404.6,9.5,351.3,1314.4,1699.8,1787.6,1371.1,1454.4,269.1,11.8,1402.5,1648.9,427.7,900.2,5045.6,6127.8,2344.7,949.0,4647.5,5746.5,2730.3,2175.1,1570.5,3425.3,843.9,3424.6,953.7,1379.7,1267.5,3108.5,6706.0,5697.9,1598.1,498.9
2026-07-30 21:30:00,732.3,181.9,1257.8,699.1,786.6,372.7,62.0,93.7,398.3,9.4,355.8,1323.6,1703.1,1606.4,1364.3,1431.3,266.1,21.2,1385.9,1625.5,428.6,856.7,5005.2,6109.6,2330.4,948.5,4649.8,5770.9,2724.8,2165.2,1570.1,3419.3,843.2,3387.3,951.0,1367.5,1266.8,3137.3,6691.0,5653.0,1598.2,504.2
2026-07-30 21:45:00,737.3,183.9,1226.7,745.0,782.4,372.8,62.0,97.5,409.4,9.4,388.3,1325.1,1743.6,1398.9,1383.1,1418.9,243.2,20.3,1381.3,1590.0,425.0,823.8,4977.5,6124.7,2322.9,948.8,4636.1,5718.0,2721.6,2161.2,1571.2,3436.2,836.4,3410.3,947.9,1359.1,1271.1,3180.2,6695.1,5563.8,1595.9,507.3
2026-07-30 22:00:00,730.2,187.1,1208.6,762.5,761.9,233.1,52.0,17.0,371.3,45.9,268.2,1244.7,1800.7,1343.8,1324.0,1439.4,89.6,54.9,1369.5,1583.0,426.6,811.5,4875.8,6397.3,2313.8,946.7,4352.6,5520.2,2690.0,2217.7,1558.2,3350.6,824.7,3217.4,944.5,1161.7,1281.6,2995.3,6638.4,5525.7,1576.8,487.9
2026-07-30 22:15:00,753.0,190.7,1169.0,791.2,763.2,238.0,52.0,32.1,369.0,61.0,239.2,1243.3,1847.1,1302.6,1308.5,1429.0,89.4,54.1,1362.0,1560.7,434.6,789.5,4815.7,6219.0,2304.5,948.2,4346.1,5514.1,2687.1,2170.3,1558.5,3364.1,812.8,3218.2,941.0,1157.0,1282.2,3018.4,6634.1,5536.8,1565.1,494.3
2026-07-30 22:30:00,727.0,194.2,1123.6,640.0,745.4,243.8,52.0,17.1,366.0,53.5,271.0,1235.1,1861.4,1304.4,1268.1,1419.4,94.2,53.4,1354.9,1558.3,427.4,759.0,4766.9,6207.9,2283.7,949.8,4343.9,5495.8,2681.4,2164.5,1552.8,3346.2,807.2,3204.0,935.4,1152.1,1277.0,3069.3,6592.7,5494.3,1548.3,503.6
2026-07-30 22:45:00,718.7,197.7,1075.8,574.7,729.0,241.8,52.0,33.8,359.4,25.1,293.6,1235.2,2211.5,1590.8,1245.7,1414.9,94.0,43.0,1347.0,1529.7,430.0,719.7,4705.7,6191.9,2270.8,940.6,4330.2,5473.2,2675.1,2164.1,1550.5,3236.8,807.8,3202.7,928.5,1145.9,1264.7,3099.9,6570.9,5516.9,1526.9,509.0
2026-07-30 23:00:00,701.4,201.9,1043.1,584.1,697.9,248.5,52.0,17.7,351.8,3.5,304.3,1232.6,1864.0,1541.4,1209.5,1397.9,182.3,16.6,1020.7,1454.5,400.4,701.0,4572.6,6207.8,2210.6,932.9,4334.1,5468.0,2619.0,2112.7,1525.4,3025.9,806.7,3112.2,924.3,822.9,1247.7,3070.5,6458.0,5527.4,1474.6,529.9
2026-07-30 23:15:00,695.9,191.1,1013.7,544.6,680.2,250.7,52.0,17.7,346.9,3.5,290.5,1240.4,2495.0,1200.2,1191.2,1385.7,163.0,16.4,1015.2,1438.0,393.1,663.0,4531.5,6228.5,2189.3,933.3,4320.8,5429.1,2613.4,2115.9,1522.8,2770.1,798.5,3100.6,918.9,815.6,1231.8,3104.5,6384.9,5509.2,1445.1,523.7
2026-07-30 23:30:00,683.3,193.9,983.9,572.0,662.9,252.9,52.0,17.7,337.1,3.5,279.5,1243.6,2496.5,1186.1,1165.6,1392.4,138.9,26.3,1017.7,1433.1,395.7,634.4,4492.6,6241.4,2167.0,936.6,4319.3,5399.2,2602.6,2118.2,1520.8,2602.5,793.6,3088.2,913.2,808.2,1218.7,2993.0,6334.5,5526.4,1425.4,526.0
2026-07-30 23:45:00,698.2,196.8,953.9,593.3,653.2,255.0,52.1,17.7,323.2,3.5,270.4,1243.1,2487.7,1139.1,1141.4,1380.3,139.5,26.1,1013.5,1397.5,390.4,605.9,4457.2,6119.2,2136.0,937.0,4305.2,5356.7,2595.6,2121.4,1518.4,2525.4,787.5,3071.6,913.5,762.4,1212.9,3033.7,6256.3,5533.8,1395.8,516.7
2026-07-31 00:00:00,662.4,338.7,899.3,646.3,663.9,113.7,55.0,25.1,284.9,8.9,247.1,1255.2,2007.9,1579.3,972.9,1152.8,151.9,20.0,1009.2,1317.1,390.0,728.5,4333.5,6286.7,2051.2,933.2,4285.7,4902.1,2657.6,2205.1,1504.7,2773.6,785.4,3465.6,945.6,708.4,1190.7,2556.1,6145.7,5508.4,1350.3,507.3
2026-07-31 00:15:00,656.3,316.6,886.9,668.2,654.2,114.6,55.0,25.1,278.7,6.8,235.9,1252.0,1998.0,1263.6,984.3,1190.4,166.2,20.4,986.0,1291.4,385.8,683.0,4321.1,6273.1,2030.4,935.2,4282.8,4873.1,2649.3,2208.6,1499.8,2629.1,775.7,3445.0,941.8,708.3,1170.7,2530.1,6063.9,5521.9,1337.0,478.4
2026-07-31 00:30:00,649.9,250.2,873.2,685.7,641.2,115.4,56.9,25.1,275.9,6.8,202.7,1251.6,2001.9,1160.7,991.2,1178.1,179.0,20.6,985.2,1260.1,387.7,652.9,4310.9,6248.1,1997.4,938.9,4264.8,4824.7,2637.5,2212.5,1496.5,2538.4,776.6,3423.9,938.6,707.0,1153.9,2552.0,5999.7,5515.6,1332.7,457.5
2026-07-31 00:45:00,641.2,246.6,861.5,697.0,627.6,116.0,56.8,25.1,274.1,6.9,201.5,1251.7,2020.5,1150.5,974.1,1177.2,180.0,20.4,990.9,1273.6,386.8,638.0,4298.6,6090.7,1966.8,930.1,4258.6,4822.7,2626.5,2218.8,1504.0,2562.2,774.6,3377.8,934.5,689.8,1148.9,2568.7,5940.6,5517.2,1327.2,436.9
2026-07-31 01:00:00,629.7,252.7,1086.8,726.2,620.1,116.6,53.0,17.6,320.6,2.7,206.1,1244.2,1964.2,1182.6,926.7,1178.2,163.1,16.1,943.0,1232.8,386.2,621.7,4287.3,6205.8,1928.4,920.9,4280.7,4855.1,2559.0,2187.3,1475.3,2623.2,776.8,3134.4,916.4,649.7,1146.8,2582.2,5872.3,5529.1,1321.8,394.1
2026-07-31 01:15:00,625.5,257.7,1078.4,722.6,612.5,117.2,53.0,17.6,317.7,1.9,214.0,1244.0,1995.2,1163.7,898.5,1158.6,164.3,15.9,938.4,1218.5,385.9,595.7,4274.7,6079.1,1902.7,924.0,4273.6,4864.1,2552.0,2191.8,1465.8,2608.3,759.3,3059.1,914.9,641.3,1147.1,2617.0,5822.5,5539.9,1308.7,393.2
2026-07-31 01:30:00,624.2,261.5,847.3,726.5,609.3,118.1,53.0,17.6,319.3,1.9,191.5,1244.3,2045.2,1144.4,872.5,1140.1,165.5,15.7,949.1,1205.9,386.4,565.0,4264.3,6014.9,1882.2,925.9,4271.2,4878.1,2546.4,2193.4,1473.9,2384.7,758.6,3010.8,911.0,635.5,1144.2,2633.5,5780.3,5525.2,1292.7,382.2
2026-07-31 01:45:00,625.1,218.5,840.4,730.1,604.9,118.8,53.0,17.6,315.0,1.9,179.7,1244.9,2423.7,1126.7,850.1,1135.6,166.6,15.7,953.3,1201.0,384.7,544.5,4254.9,5995.0,1857.9,929.0,4263.8,4885.9,2540.7,2202.4,1480.1,2363.9,758.8,2956.9,908.3,637.3,1144.8,2647.1,5739.7,5526.0,1282.4,381.8
2026-07-31 02:00:00,624.4,270.6,838.8,714.0,609.5,119.3,62.0,15.6,340.9,1.0,218.8,1247.8,2001.2,1122.4,918.3,1148.6,105.0,45.8,939.2,1196.3,389.7,527.1,4295.3,5982.0,1830.0,933.4,4262.8,4873.5,2500.0,2138.2,1461.4,2494.1,767.6,2931.6,913.2,603.5,1151.1,2758.7,5763.0,5533.2,1314.7,391.8
2026-07-31 02:15:00,622.4,274.3,835.1,713.6,606.5,119.8,62.0,15.6,322.2,1.0,212.2,1249.9,2077.8,1108.4,902.3,1144.8,105.5,45.6,939.5,1188.3,388.3,516.2,4286.3,5954.1,1819.1,929.1,4257.9,4874.5,2495.2,2145.0,1457.2,2471.1,767.8,2911.2,911.8,605.7,1152.3,2808.4,5739.4,5520.4,1305.9,356.5
2026-07-31 02:30:00,620.2,254.3,831.0,712.5,600.8,120.1,62.0,15.6,337.8,1.0,200.4,1249.3,2342.9,1087.2,892.1,1145.5,106.1,45.6,936.7,1180.5,386.5,509.3,4279.0,5935.1,1808.9,926.4,4214.0,4836.3,2493.7,2151.1,1456.0,2449.8,766.7,2892.1,910.7,607.9,1151.1,2826.8,5718.4,5517.0,1295.3,336.5
2026-07-31 02:45:00,622.9,227.6,830.1,711.8,598.8,120.1,62.0,15.6,333.9,1.0,226.6,1250.2,2293.4,1071.7,870.9,1145.8,106.6,45.5,930.5,1172.7,385.5,504.0,4270.2,5920.9,1799.9,924.3,4205.1,4832.6,2494.1,2159.4,1452.9,2456.1,763.1,2871.0,908.3,610.0,1145.5,2875.0,5693.7,5481.7,1289.2,316.4
2026-07-31 03:00:00,675.9,230.8,829.2,743.8,602.5,120.1,52.0,17.9,337.7,1.0,254.5,1267.5,2476.9,1076.0,863.0,1137.5,130.2,40.6,922.5,1171.8,367.0,504.2,4232.1,5911.8,1790.0,912.9,4148.7,5050.9,2505.5,2058.3,1441.3,2460.8,757.6,2757.1,907.5,607.3,1139.6,2879.4,5651.9,5500.2,1266.1,298.1
2026-07-31 03:15:00,676.7,243.2,829.2,741.1,596.7,120.2,52.0,17.9,328.4,1.0,221.5,1268.2,2418.6,1068.2,861.3,1139.4,132.5,40.4,912.6,1164.7,365.3,497.8,4230.7,5904.3,1784.7,910.8,4147.9,5052.4,2505.7,2063.0,1434.9,2476.7,755.0,2745.1,904.3,610.4,1134.2,2854.8,5628.0,5500.3,1262.2,274.4
2026-07-31 03:30:00,684.8,287.8,829.8,737.2,597.2,120.3,52.0,17.9,335.0,1.0,222.9,1270.2,2480.7,1060.0,839.2,1138.2,134.8,40.4,911.3,1154.6,363.2,492.5,4232.1,5897.1,1783.8,907.7,4145.8,5050.4,2502.9,2066.7,1436.3,2502.7,755.1,2741.2,901.0,614.1,1131.0,2831.3,5604.0,5527.7,1265.0,252.4
2026-07-31 03:45:00,673.2,289.5,826.8,730.6,602.0,120.4,52.0,17.9,336.7,1.0,227.2,1270.0,2151.9,1049.8,826.3,1139.6,137.0,40.4,907.2,1136.5,360.2,487.5,4236.9,5888.9,1776.0,904.6,4145.8,5051.2,2500.4,2070.9,1436.1,2568.7,755.6,2729.4,896.4,620.1,1128.7,2807.0,5615.4,5516.8,1260.5,232.0
2026-07-31 04:00:00,687.2,290.7,833.8,739.2,602.7,121.1,52.0,38.6,330.7,1.0,304.9,1286.9,2215.2,1054.5,836.9,1137.4,214.2,4.2,899.1,1311.3,354.2,477.9,4204.4,5871.7,1764.3,894.6,4141.5,4943.5,2448.3,2076.7,1424.5,2537.5,752.5,2761.3,890.4,660.8,1129.7,2799.6,5637.3,5602.5,1264.1,198.8
2026-07-31 04:15:00,682.4,291.1,843.8,740.3,613.0,122.9,52.0,38.6,333.6,1.0,304.5,1290.5,1967.9,1051.0,809.4,1133.6,216.8,4.3,896.9,1295.7,351.3,468.9,4221.2,5849.1,1766.0,894.4,4138.6,4938.1,2447.7,2077.5,1424.8,2555.6,752.2,2762.0,884.4,666.0,1130.1,2802.2,5621.1,5585.3,1262.6,183.9
2026-07-31 04:30:00,683.2,293.2,856.3,737.7,625.1,129.7,52.0,38.6,333.5,1.0,293.4,1287.8,1974.6,1046.0,760.4,1134.6,244.5,4.3,886.8,1280.1,349.1,465.0,4244.6,5823.4,1760.8,893.4,4138.2,4937.7,2445.9,2077.5,1425.1,2570.1,751.1,2754.0,879.3,675.5,1133.9,2812.3,5609.5,5620.8,1256.0,172.3
2026-07-31 04:45:00,601.1,295.5,878.9,740.6,643.9,138.3,52.1,38.6,339.3,1.0,303.6,1290.5,1993.2,1044.5,755.0,1159.6,247.1,4.4,878.3,1273.5,347.0,475.1,4268.0,5793.0,1761.6,892.2,4137.9,4934.4,2447.9,2077.2,1424.9,2562.2,749.6,2757.9,873.8,680.5,1137.7,2823.3,5600.4,5621.6,1256.7,158.3
2026-07-31 05:00:00,634.8,298.1,904.1,718.1,631.6,199.4,52.0,8.6,327.3,2.0,211.7,1274.2,2081.8,1029.4,794.5,1136.4,255.2,5.5,891.4,1271.4,347.6,458.8,4444.8,5783.5,1759.6,884.6,4098.4,4924.6,2384.9,2096.2,1424.1,2570.9,750.3,2696.7,867.7,757.6,1142.9,2861.5,5479.1,5508.5,1245.5,150.9
2026-07-31 05:15:00,633.6,302.9,919.8,717.0,644.9,205.5,52.1,8.7,332.4,2.0,177.9,1271.3,2086.7,1040.2,790.3,1136.3,234.2,6.6,890.3,1253.7,347.2,464.1,4497.2,5760.9,1774.7,884.7,4098.9,4915.8,2388.6,2091.8,1427.4,2649.3,751.9,2727.5,864.6,766.3,1145.9,2856.3,5478.5,5538.3,1251.5,165.0
2026-07-31 05:30:00,633.3,336.0,915.7,716.5,655.1,212.4,52.0,8.6,338.9,2.0,198.3,1271.6,2093.5,1055.4,759.3,1158.6,233.1,9.0,882.3,1255.0,349.5,482.2,4524.8,5753.2,1784.4,884.5,4101.9,4910.1,2391.2,2088.2,1429.5,2784.3,753.9,2752.9,861.3,796.5,1150.7,2835.1,5505.5,5530.6,1254.6,165.8
2026-07-31 05:45:00,636.1,320.1,904.2,723.4,652.1,248.6,52.0,8.7,344.4,2.0,221.2,1272.6,1399.8,1463.4,763.4,1146.3,232.1,10.8,880.8,1228.7,350.1,469.7,4566.9,5807.5,1806.4,887.0,4106.6,4903.0,2401.0,2080.4,1431.5,2815.4,757.1,2798.3,855.7,824.4,1145.6,2818.5,5542.3,5536.5,1275.1,163.9
2026-07-31 06:00:00,662.5,335.1,929.8,770.6,695.0,468.5,47.1,93.5,348.8,3.4,178.9,1342.8,2159.0,1844.6,841.7,1098.2,199.4,13.8,983.5,1177.7,385.6,465.6,4688.7,5801.0,1866.6,953.2,4153.4,4891.7,2441.1,2141.5,1452.7,2786.8,765.1,2904.2,874.2,804.4,1157.6,2893.6,5641.5,5501.9,1299.0,169.5
2026-07-31 06:15:00,664.9,346.2,907.4,769.8,699.5,533.4,42.6,94.4,349.3,4.8,193.7,1344.3,1817.0,1573.4,849.5,1126.1,226.0,13.7,950.4,1166.8,372.3,462.9,4723.1,5837.0,1900.0,954.4,4162.5,4885.6,2464.4,2152.4,1456.0,2790.9,773.0,2967.3,874.3,868.7,1160.4,2852.9,5701.4,5533.4,1321.8,175.8
2026-07-31 06:30:00,666.1,359.3,884.0,792.3,707.7,567.6,47.9,96.5,351.4,7.6,186.0,1349.0,1825.0,1642.6,815.5,1159.7,222.6,25.1,965.1,1159.8,376.0,456.7,4759.9,5798.5,1926.1,953.9,4180.7,4886.7,2472.3,2152.6,1464.1,3046.5,777.3,3018.1,881.9,865.6,1174.0,2829.7,5817.8,5523.3,1350.4,180.2
2026-07-31 06:45:00,660.2,378.2,859.1,814.7,709.7,605.1,48.0,95.8,356.0,7.1,189.4,1364.7,1836.2,1651.9,826.2,1144.6,224.1,29.9,972.8,1181.9,381.6,452.2,4790.3,5759.6,1962.6,950.1,4187.4,4876.8,2488.2,2143.1,1472.1,3090.4,786.0,3098.4,894.9,870.0,1179.9,2909.9,5888.8,5524.9,1372.3,181.0
2026-07-31 07:00:00,685.8,424.6,785.1,818.4,722.0,676.0,38.5,45.7,376.0,8.1,207.7,1281.6,2033.3,1562.5,899.6,1224.4,195.2,32.2,1018.7,1069.4,398.2,434.1,4849.8,5851.3,2052.6,948.8,4220.9,4825.4,2559.3,2240.6,1506.9,3153.0,808.9,3315.1,916.9,905.5,1203.2,2779.8,6053.4,5534.6,1393.6,173.2
2026-07-31 07:15:00,676.3,448.7,761.7,824.9,723.4,719.0,47.0,47.3,368.1,7.8,210.6,1303.0,2000.4,1586.2,904.2,1230.6,196.1,34.4,1020.6,1070.6,387.3,418.7,4866.0,5841.3,2088.1,978.9,4224.0,4828.2,2576.2,2239.8,1514.4,3249.9,815.0,3337.7,929.3,913.7,1215.5,2758.6,6113.5,5551.4,1403.8,178.3
2026-07-31 07:30:00,664.3,465.1,726.6,850.7,721.1,747.6,46.5,48.0,360.8,6.3,222.6,1297.5,2033.0,1531.9,868.9,1168.5,241.9,30.7,1026.1,1084.3,388.1,407.8,4876.3,5835.1,2113.3,974.4,4229.1,4851.4,2591.9,2244.5,1533.0,3340.3,822.7,3363.8,938.3,922.4,1228.3,2728.4,6152.9,5565.2,1417.8,180.3
2026-07-31 07:45:00,647.6,473.5,693.7,824.6,725.3,783.3,47.8,51.4,356.8,8.3,254.3,1299.8,2721.3,1631.3,1122.4,1420.7,242.8,21.4,1043.0,1087.1,406.0,411.6,4896.4,5835.9,2139.7,971.0,4222.8,4869.0,2611.2,2244.4,1543.8,3340.6,827.6,3389.2,942.1,933.2,1244.4,2693.8,6202.2,5587.8,1438.1,183.2
2026-07-31 08:00:00,641.8,479.0,672.7,796.5,731.5,761.8,52.5,62.4,352.8,14.1,321.2,1259.8,2966.3,1524.5,1467.6,1573.0,247.4,19.0,1079.3,1073.9,404.8,406.4,4947.3,5833.6,2197.8,864.9,4243.3,4909.4,2681.2,2282.1,1574.7,3454.7,851.7,3623.3,935.8,946.0,1264.5,2641.3,6186.3,5551.0,1449.5,228.4
2026-07-31 08:15:00,623.7,499.5,644.2,792.9,751.6,782.7,57.4,63.3,341.1,15.1,328.5,1268.3,3253.8,1548.7,1621.7,1742.1,247.8,30.7,1055.2,1055.3,397.9,391.4,4963.1,5870.6,2220.2,864.2,4240.6,4921.5,2690.6,2286.7,1578.6,3401.8,855.6,3640.5,931.1,960.2,1276.0,2616.8,6205.8,5576.1,1460.6,238.7
2026-07-31 08:30:00,610.8,504.0,608.8,797.2,741.3,819.4,61.0,62.0,329.1,13.8,345.7,1264.8,3259.2,1551.9,1672.1,1710.6,248.2,39.3,1084.7,1083.4,405.3,381.4,4966.8,5909.3,2232.1,861.9,4237.3,4918.2,2695.5,2296.1,1583.4,3226.5,862.4,3656.8,927.5,967.8,1282.3,2595.2,6206.2,5602.9,1456.0,246.4
2026-07-31 08:45:00,599.7,517.6,576.3,785.8,746.0,842.5,61.1,77.7,319.0,17.7,362.2,1269.8,3259.9,1599.5,1672.9,1534.8,228.4,48.3,1135.6,1054.3,423.7,220.2,4965.7,5955.0,2254.1,860.5,4245.5,4280.8,2708.1,2301.4,1586.6,3191.3,864.5,3658.3,930.3,977.1,1281.9,2460.2,6228.0,5643.7,1458.0,259.8
2026-07-31 09:00:00,604.7,570.3,486.9,740.1,741.2,801.7,75.6,60.5,315.9,32.0,340.7,1336.6,3491.8,1793.2,1646.6,1503.5,57.5,175.4,1165.0,1254.9,408.3,400.0,5015.3,5840.6,2299.5,858.3,4360.0,5009.0,2700.3,2294.3,1605.2,3250.0,874.4,3601.8,939.6,961.2,1271.1,2514.6,6208.9,5648.5,1432.0,225.6
2026-07-31 09:15:00,593.1,581.8,464.8,761.0,747.5,811.8,75.7,58.8,296.6,31.3,341.9,1346.7,3508.1,1845.8,1591.4,1509.8,56.6,173.3,1169.9,1195.3,409.0,381.6,5023.0,5888.9,2320.1,857.1,4355.7,4401.5,2707.3,2268.6,1601.3,3174.7,877.4,3574.3,943.7,969.4,1265.6,2367.1,6218.7,5684.6,1419.8,235.5
2026-07-31 09:30:00,597.3,583.4,448.0,779.3,749.8,828.9,75.8,59.7,262.8,36.7,347.4,1349.2,3521.6,1854.1,1591.0,1384.1,35.6,168.8,1186.5,1210.4,409.9,352.7,5026.6,5938.7,2343.2,830.0,4310.3,3769.4,2706.9,2275.0,1611.5,2984.7,891.8,3547.0,945.4,974.7,1261.1,2355.8,6221.9,5722.9,1398.2,245.7
2026-07-31 09:45:00,589.0,572.3,426.8,804.0,749.9,748.4,73.6,77.8,232.6,47.1,347.4,1369.3,4684.8,1891.2,1541.5,1256.5,54.7,166.1,1234.6,1228.6,531.6,171.0,5025.7,5961.6,2354.0,744.0,4303.0,3437.4,2716.2,2283.3,1615.0,2936.3,893.0,3294.0,954.3,975.9,1263.1,2333.3,6226.5,5761.7,1386.9,256.3
2026-07-31 10:00:00,583.1,582.1,649.4,751.5,752.2,749.2,102.4,43.0,182.1,66.8,390.7,1377.8,4102.8,2272.0,1457.5,1242.0,90.4,182.1,1243.6,1303.2,414.4,409.7,5101.6,6041.1,2377.4,854.4,4173.8,3415.2,2659.6,2226.3,1625.4,2955.5,901.8,3113.0,948.7,996.5,1254.3,2262.8,6209.6,5804.2,1365.4,273.1
2026-07-31 10:15:00,579.9,587.9,635.8,755.0,754.9,687.7,102.4,43.8,162.4,91.8,407.7,1384.7,4747.6,2251.6,1411.6,1275.5,90.2,184.9,1254.6,1251.8,503.0,193.4,5100.5,6028.2,2391.1,854.9,4281.4,3247.2,2669.3,2236.0,1631.8,2926.6,901.2,2815.2,955.7,994.4,1252.8,2246.3,6200.4,5825.5,1361.2,284.0
2026-07-31 10:30:00,573.5,589.1,842.5,752.2,754.7,724.9,102.5,44.2,146.4,102.4,393.1,1396.6,4754.3,2227.8,1400.3,1268.6,89.8,176.5,1281.0,1111.2,510.2,196.7,5091.4,6073.8,2397.7,767.8,4295.5,2915.9,2663.1,2237.9,1629.9,2918.0,902.8,2586.5,957.7,996.5,1251.2,2233.4,6182.0,5854.8,1346.3,297.5
2026-07-31 10:45:00,563.6,623.5,828.4,748.4,743.8,618.4,103.0,44.7,130.0,116.9,393.0,1404.7,4762.7,2240.4,1357.9,1267.9,109.4,173.5,1359.4,972.1,521.6,185.8,5088.7,6080.9,2397.0,765.2,4416.5,2618.0,2665.3,2225.4,1630.7,2907.3,896.2,2356.3,961.7,958.6,1260.0,2220.4,6170.8,5882.6,1332.7,307.5
2026-07-31 11:00:00,560.3,584.8,806.3,746.8,738.8,647.4,88.5,26.4,124.0,132.0,286.8,1452.4,5443.2,2601.0,1328.8,1307.5,15.9,244.6,1382.1,973.6,506.7,188.9,5239.9,6206.5,2420.1,768.5,4535.9,2729.9,2587.1,1886.4,1631.9,2910.6,876.1,2238.8,965.1,999.1,1269.7,2199.1,6185.6,5929.4,1318.7,324.8
2026-07-31 11:15:00,567.0,585.7,796.8,755.2,735.9,563.4,88.6,26.7,105.8,146.9,303.3,1451.0,5460.0,2612.8,1288.0,1297.3,15.9,197.0,1380.2,968.0,513.6,174.7,5243.0,6241.0,2424.5,767.1,4606.8,2533.3,2588.3,1848.8,1634.7,2899.5,876.5,1881.3,967.2,1005.9,1272.7,2196.6,6174.2,5947.8,1310.8,334.9
2026-07-31 11:30:00,573.6,612.0,779.6,769.9,740.1,474.7,92.1,27.0,104.2,183.8,306.2,1455.1,5482.0,2573.7,1254.1,1338.8,15.9,194.2,1378.9,966.7,502.1,171.2,5248.9,6227.5,2420.8,768.5,4605.0,2521.9,2585.8,1884.2,1633.7,2886.0,875.4,1631.9,967.4,983.7,1273.0,2193.7,6156.6,5964.8,1297.1,346.9
2026-07-31 11:45:00,582.9,590.5,782.9,776.8,745.2,440.6,93.1,27.3,103.0,201.1,306.4,1468.1,5488.2,2556.5,1232.2,1340.6,15.9,191.7,1377.7,949.2,504.3,159.4,5248.6,6253.0,2426.2,770.0,4614.9,2460.8,2586.8,1851.8,1633.7,2874.7,877.7,1566.0,968.0,974.9,1265.4,2195.1,6140.3,5979.7,1285.3,355.3
2026-07-31 12:00:00,595.0,560.1,808.5,842.1,748.7,579.2,87.3,15.6,110.2,222.2,351.1,1511.3,5469.8,2784.0,1239.2,1339.2,187.8,55.0,1487.1,955.0,501.3,180.8,5344.6,6293.8,2428.2,747.5,4516.5,2448.0,2561.5,1819.5,1632.1,2863.9,880.2,1605.1,965.5,985.9,1263.9,2182.3,6131.9,5992.1,1263.9,361.2
2026-07-31 12:15:00,604.0,555.1,812.2,843.6,754.5,581.8,86.2,15.8,108.6,266.0,353.4,1520.5,5525.0,2833.8,1220.7,1345.1,188.0,35.6,1480.7,948.5,498.2,179.2,5333.7,6264.4,2427.3,750.2,4508.1,2449.2,2563.3,1816.7,1632.1,2845.5,884.5,1589.5,965.6,1004.5,1250.4,2168.4,6119.5,6000.8,1256.9,363.7
2026-07-31 12:30:00,610.0,549.2,819.6,843.1,754.1,579.7,87.4,15.9,106.9,276.3,358.7,1531.6,5541.4,2876.3,1190.7,1355.4,188.2,33.5,1479.2,945.2,497.8,186.3,5321.6,6241.6,2431.5,753.5,4511.1,2449.8,2558.4,1822.9,1630.0,2804.6,884.2,1590.8,964.9,1022.1,1243.9,2154.0,6113.9,6007.7,1252.4,371.5
2026-07-31 12:45:00,612.4,543.2,822.5,844.3,749.5,583.5,92.4,16.0,106.6,275.7,342.6,1535.6,5554.6,2904.6,1182.8,1358.8,188.4,33.2,1481.1,940.0,497.2,186.3,5308.0,6219.5,2438.0,754.9,4514.2,2448.6,2562.0,1784.5,1633.4,2790.9,883.3,1544.7,964.8,1037.2,1237.4,2142.7,6117.7,6015.0,1251.3,377.5
2026-07-31 13:00:00,606.5,537.1,827.7,829.3,750.4,563.0,110.5,25.8,90.2,282.1,416.8,1566.1,5479.5,2917.9,1191.9,1362.8,66.4,135.3,1475.5,954.3,503.6,194.0,5288.7,6226.3,2420.0,689.6,4592.8,2456.7,2552.2,1814.7,1629.5,2796.9,881.4,1584.2,972.6,1053.2,1234.4,2102.6,6262.7,6166.8,1299.4,386.7
2026-07-31 13:15:00,609.4,535.3,833.0,822.0,752.9,554.2,110.4,25.8,89.8,287.2,402.3,1573.4,5479.2,2951.7,1175.9,1378.6,49.1,137.1,1473.9,950.7,503.9,194.8,5279.3,6237.4,2418.4,692.7,4600.6,2456.5,2554.3,1815.4,1628.0,2819.1,877.0,1580.8,969.0,1055.6,1227.4,2085.6,6293.8,6191.5,1299.1,390.6
2026-07-31 13:30:00,613.2,497.3,842.3,808.4,749.5,552.7,110.4,25.7,89.0,286.3,406.4,1583.8,5474.4,2977.6,1158.2,1363.4,49.1,136.1,1473.9,944.3,502.6,193.2,5273.4,6236.1,2425.7,693.7,4600.5,2456.2,2551.8,1815.9,1632.9,2818.6,878.1,1562.6,968.9,1110.3,1227.5,2070.0,6250.4,6194.5,1299.8,390.9
2026-07-31 13:45:00,669.1,487.9,853.4,806.0,746.3,645.5,110.4,25.4,88.2,289.2,394.3,1594.8,5463.6,2999.1,1145.0,1376.4,49.1,132.9,1470.5,933.9,501.8,190.6,5271.8,6275.7,2428.0,696.6,4593.0,2442.0,2556.3,1816.5,1630.4,2817.8,875.3,1555.7,967.5,1092.7,1226.7,2060.4,6264.7,6204.7,1292.2,387.0
2026-07-31 14:00:00,645.9,477.5,863.8,855.9,741.7,539.4,104.5,15.1,100.0,308.3,384.5,1588.1,5388.4,2923.8,984.1,1389.9,125.3,122.7,1464.2,920.8,494.4,188.3,5231.3,6304.3,2430.4,716.8,4580.6,2440.8,2554.7,1824.1,1627.2,2823.7,876.9,1506.7,960.3,1079.6,1224.2,2056.2,6260.0,6190.2,1245.3,383.9
2026-07-31 14:15:00,693.0,462.2,879.5,839.9,745.8,604.2,109.3,14.6,99.2,315.2,383.8,1596.4,5384.1,2984.3,975.5,1390.3,125.5,139.1,1463.8,911.1,496.6,183.3,5228.8,6328.2,2433.6,718.8,4580.7,2442.2,2557.0,1824.5,1623.9,2825.1,876.9,1522.1,954.7,1060.7,1223.8,2065.4,6263.9,6185.8,1240.4,384.1
2026-07-31 14:30:00,746.5,451.7,681.4,821.5,754.2,558.7,109.3,14.2,99.2,319.1,380.7,1599.5,5349.1,3088.3,960.7,1405.8,105.7,139.1,1458.6,904.4,486.1,175.9,5228.9,6292.5,2431.8,721.4,4572.1,2455.9,2551.1,1826.2,1623.3,2824.6,874.8,1566.4,954.3,1048.2,1223.1,2074.7,6262.5,6174.0,1242.2,380.5
2026-07-31 14:45:00,754.3,449.7,702.8,795.3,753.9,576.9,106.8,13.7,96.2,320.4,369.1,1606.8,5324.7,3145.3,957.0,1433.5,105.9,139.1,1453.8,909.9,485.2,166.7,5232.9,6301.6,2442.0,722.4,4581.4,2457.3,2554.6,1869.5,1622.6,2831.4,878.1,1603.4,942.2,1043.8,1220.0,2089.2,6270.2,6160.1,1238.1,377.2
2026-07-31 15:00:00,757.5,429.9,483.5,775.2,744.0,431.3,111.6,46.2,94.4,310.9,283.6,1565.1,5218.7,2945.6,956.5,1408.5,245.4,46.7,1314.9,887.6,480.8,165.0,5147.8,6194.9,2439.2,749.2,4495.1,2452.1,2550.6,1908.9,1619.7,2835.9,875.8,1515.9,954.9,1002.4,1213.4,2110.4,6182.4,6022.5,1261.5,367.0
2026-07-31 15:15:00,767.9,408.9,507.7,737.3,757.6,519.8,112.0,40.3,94.0,306.3,283.8,1566.3,5190.9,2978.7,947.8,1439.5,245.1,46.7,1281.6,881.3,482.6,163.3,5159.0,6266.9,2444.1,749.7,4489.8,2474.9,2551.4,1962.8,1619.3,2847.2,875.4,1565.1,954.3,1019.5,1213.2,2112.9,6195.5,6003.3,1276.0,357.5
2026-07-31 15:30:00,769.0,394.8,538.0,705.5,759.3,503.1,109.8,31.8,93.8,284.5,296.4,1528.3,5165.0,3051.2,953.1,1465.3,244.7,46.7,1279.0,865.4,484.4,158.4,5173.3,6249.0,2450.9,751.0,4494.0,2544.9,2545.8,2068.6,1617.1,2984.0,875.0,1982.4,941.8,1019.7,1205.9,2119.2,6205.4,5969.7,1280.8,346.1
2026-07-31 15:45:00,727.8,379.7,568.9,658.5,759.8,464.7,108.8,32.8,92.8,278.6,303.5,1533.1,5153.7,3089.4,970.2,1465.4,244.4,30.4,1270.5,973.2,488.7,152.2,5171.4,6218.3,2457.5,753.3,4312.7,2739.3,2548.2,2088.6,1615.9,3143.1,875.0,2254.4,941.3,1018.6,1206.4,2136.0,6226.8,5941.5,1289.5,340.1
2026-07-31 16:00:00,675.5,360.8,623.1,647.2,756.2,449.4,119.5,12.4,90.4,259.1,335.6,1527.2,5146.5,2845.3,944.4,1430.9,344.8,47.2,1150.5,958.4,478.1,145.1,5127.6,6282.6,2445.7,760.6,4458.1,2450.9,2555.5,2446.8,1606.6,2984.8,867.0,2169.3,953.2,1108.8,1209.2,2174.4,6204.9,5920.5,1327.1,313.9
2026-07-31 16:15:00,690.3,343.8,655.7,616.2,763.5,415.3,118.6,12.0,90.1,239.8,334.8,1522.9,5164.5,2859.5,983.1,1400.0,343.9,47.1,1122.7,947.1,481.1,146.9,5139.7,6205.2,2453.3,759.8,4302.6,2697.8,2556.1,2451.8,1601.9,3215.1,867.6,2383.1,954.3,1108.6,1218.9,2300.3,6244.9,5888.1,1343.9,300.4
2026-07-31 16:30:00,697.3,357.4,692.2,606.3,775.2,389.6,118.6,11.7,91.7,219.9,341.0,1505.7,4167.5,2952.7,1032.1,1401.4,323.0,44.6,1123.1,1129.5,487.1,140.1,5129.8,6123.6,2450.8,764.4,4293.9,2950.8,2550.8,2467.7,1603.7,3500.5,865.5,2755.9,955.1,1104.4,1228.7,2307.3,6294.5,5842.7,1367.8,280.2
2026-07-31 16:45:00,701.2,353.7,727.9,585.4,795.9,380.4,118.6,11.2,91.4,201.2,343.8,1501.0,3320.3,2954.8,1095.1,1416.1,322.2,35.3,1123.1,1222.9,413.0,371.0,5144.9,6167.6,2450.4,852.8,4280.0,3247.5,2551.8,2433.8,1607.1,3598.0,868.0,3053.9,959.9,1099.8,1241.1,2300.4,6350.6,5813.2,1398.2,260.7
2026-07-31 17:00:00,712.8,296.1,736.0,455.8,789.6,281.4,84.3,37.7,136.5,174.8,277.3,1486.9,3839.6,2491.6,1241.5,1513.6,345.1,28.8,1200.9,1047.3,510.8,87.1,5073.3,5893.7,2429.0,888.6,4236.0,3297.2,2586.2,2521.9,1603.1,3392.1,894.9,3330.5,963.2,1830.5,1258.9,2874.9,6426.9,5732.3,1458.2,234.3
2026-07-31 17:15:00,718.5,314.5,782.1,455.7,784.9,281.6,84.3,37.0,138.5,147.7,292.5,1477.6,3334.5,2449.8,1306.9,1639.5,345.5,29.5,1128.5,1110.8,419.2,312.9,5080.3,5838.2,2426.4,889.6,4237.8,3951.0,2587.3,2514.0,1601.0,3474.2,897.2,3356.1,965.6,1832.5,1272.8,2859.9,6474.7,5698.5,1492.3,214.8
2026-07-31 17:30:00,717.6,300.2,844.5,435.0,785.7,326.3,84.3,36.2,139.4,132.6,302.0,1459.9,3302.2,2453.7,1332.4,1880.1,345.8,32.1,1103.8,1093.8,423.6,311.3,5103.8,5972.4,2415.4,892.2,4246.6,4620.1,2581.4,2626.8,1603.8,3472.0,899.4,3286.7,968.1,1839.4,1290.6,2905.7,6527.1,5649.4,1516.0,193.4
2026-07-31 17:45:00,715.4,282.7,917.3,417.5,776.4,254.7,84.3,37.8,156.5,116.0,305.9,1439.6,2752.8,2443.0,1399.4,2032.2,346.2,33.1,1108.7,1147.7,426.5,327.0,5121.9,6180.2,2418.9,892.5,4269.8,4873.5,2578.1,2669.2,1603.6,3415.0,903.1,3259.7,964.6,1849.8,1300.3,3068.3,6567.0,5618.7,1547.8,179.2
2026-07-31 18:00:00,734.6,249.6,985.3,524.0,811.0,440.9,56.3,66.4,149.4,100.3,281.8,1404.7,3249.7,2288.1,1487.2,2078.4,240.0,33.6,1204.6,981.6,466.3,304.2,5165.5,5552.6,2393.1,909.1,4357.0,4867.3,2626.9,2472.0,1604.0,3566.2,897.0,3404.1,969.2,1957.3,1319.6,3478.5,6620.2,5533.6,1560.7,199.8
2026-07-31 18:15:00,732.7,240.6,1051.5,533.1,791.4,450.5,56.3,68.8,173.2,82.3,280.8,1377.1,2709.7,2243.9,1537.5,2054.6,215.1,33.9,1119.4,986.7,458.1,294.1,5164.7,5630.2,2392.4,909.5,4372.4,5004.2,2627.7,2570.7,1599.9,3533.0,899.1,3365.5,968.7,1974.4,1329.5,3442.0,6669.8,5522.3,1575.7,180.6
2026-07-31 18:30:00,735.5,225.7,1119.6,535.8,783.5,417.6,56.3,55.9,191.9,63.0,303.2,1356.9,1790.1,2284.1,1478.4,1910.0,215.3,38.2,1126.0,962.6,465.3,283.7,5172.0,5751.2,2392.1,906.1,4396.1,5024.0,2621.1,2614.6,1598.3,3472.8,900.9,3345.4,963.2,1992.3,1335.1,3578.3,6701.9,5468.0,1601.8,171.3
2026-07-31 18:45:00,733.0,215.1,1173.8,601.2,776.8,403.0,56.3,52.9,215.9,44.8,323.3,1339.4,1784.6,2271.9,1424.1,1703.9,215.5,33.7,1147.9,996.0,481.0,294.5,5171.8,5819.4,2391.2,908.7,4412.9,5042.9,2621.4,2607.9,1596.8,3446.3,903.7,3347.9,958.2,2007.1,1333.7,3621.6,6708.1,5423.2,1608.1,164.3
2026-07-31 19:00:00,722.7,219.7,1192.5,600.8,797.6,430.6,61.7,35.8,247.0,32.5,430.0,1333.9,1911.0,2272.1,1406.3,1608.8,242.0,20.4,1214.8,947.6,509.2,277.6,5144.2,5718.9,2362.7,849.9,4563.1,5275.3,2690.1,2552.0,1588.4,3399.3,891.0,3455.1,960.7,2107.3,1324.0,3607.0,6692.9,5435.0,1632.5,174.7
2026-07-31 19:15:00,716.8,229.7,1227.5,599.1,807.3,420.2,64.3,35.3,274.4,25.9,428.1,1314.4,1894.7,2273.3,1313.5,1402.4,242.0,36.6,1148.5,918.9,496.3,266.1,5151.3,5679.6,2354.0,845.8,4574.8,5287.7,2688.4,2543.6,1588.3,3412.3,889.9,3454.8,958.4,2124.6,1319.4,3591.6,6699.2,5548.0,1642.6,169.0
2026-07-31 19:30:00,747.0,203.2,1255.6,652.0,792.6,443.2,64.2,36.5,297.6,19.1,410.2,1295.8,1896.1,2355.9,1352.2,1403.0,262.0,36.6,1139.8,901.8,494.2,264.4,5140.0,5637.8,2346.9,840.1,4581.3,5295.8,2681.8,2535.6,1591.0,3408.9,888.6,3453.8,955.3,2142.9,1314.3,3563.9,6697.1,5602.2,1647.2,163.7
2026-07-31 19:45:00,749.7,201.4,1273.7,671.8,798.2,447.1,64.2,67.0,319.3,12.8,407.3,1277.9,1892.0,2342.4,1373.6,1400.2,262.0,36.6,1140.2,938.3,497.7,295.5,5128.0,5601.3,2338.3,836.4,4580.8,5295.3,2680.1,2530.5,1588.9,3405.8,888.3,3453.0,958.8,2162.3,1309.0,3562.2,6691.7,5601.2,1644.3,162.7
2026-07-31 20:00:00,738.9,244.9,1282.0,644.8,806.8,419.0,82.4,71.5,333.9,5.5,326.7,1425.4,1806.4,2168.2,1148.0,1401.1,192.1,16.0,1481.6,845.3,507.6,268.3,5053.7,5603.1,2329.0,851.0,4557.7,5291.4,2708.0,2522.8,1571.2,3436.1,901.5,3456.6,959.3,2150.8,1302.5,3447.1,6729.5,5580.0,1624.2,156.3
2026-07-31 20:15:00,743.4,242.8,1281.2,655.6,805.3,412.5,84.2,71.2,345.7,2.5,313.3,1414.0,1802.3,2088.4,1195.7,1369.1,192.2,32.3,1430.0,830.3,498.2,266.8,5046.3,5586.4,2320.8,851.4,4554.6,5284.8,2707.1,2518.3,1567.5,3432.1,899.2,3451.8,960.0,2163.1,1300.6,3444.7,6717.5,5546.3,1609.5,154.9
2026-07-31 20:30:00,744.6,236.0,1277.4,661.2,805.0,410.8,84.2,71.4,353.3,2.2,277.7,1402.6,1801.5,2048.8,1224.1,1366.9,192.3,32.3,1425.4,816.5,496.9,267.0,5021.8,5559.2,2308.1,852.2,4555.9,5279.9,2700.7,2510.4,1573.8,3442.7,885.6,3433.3,956.7,2170.2,1300.4,3421.6,6685.9,5502.7,1604.4,154.2
2026-07-31 20:45:00,743.3,216.4,1264.9,667.4,803.6,409.0,84.3,87.7,361.3,2.0,275.9,1398.8,1806.0,2065.7,1284.8,1370.9,192.4,32.0,1415.1,834.0,480.5,271.7,5006.0,5547.6,2305.0,851.7,4557.8,5282.2,2700.6,2505.5,1567.7,3431.8,883.2,3431.4,953.7,2167.5,1302.7,3409.8,6668.3,5468.3,1594.2,152.8
2026-07-31 21:00:00,734.0,349.6,1246.6,457.7,784.0,438.3,52.0,168.1,367.2,6.7,310.4,1370.8,1706.1,2028.6,1367.0,1343.1,255.1,26.4,1078.6,812.4,483.4,268.8,5079.4,5494.6,2284.5,867.7,4552.7,5276.4,2711.1,2495.9,1557.5,3483.5,880.4,3406.8,947.4,2202.0,1279.8,3388.6,6630.8,5549.9,1578.5,140.3
2026-07-31 21:15:00,739.9,229.9,1241.3,630.8,799.3,400.8,52.0,168.0,367.0,6.5,287.9,1368.3,1709.2,1800.5,1390.3,1322.4,255.2,26.4,1073.5,778.5,478.2,271.3,5111.4,5496.7,2277.9,835.6,4545.6,5284.3,2710.6,2495.8,1555.9,3490.5,877.8,3413.6,942.4,2196.4,1280.0,3424.0,6622.1,5518.6,1572.8,142.1
2026-07-31 21:30:00,734.1,218.1,1230.1,615.9,795.8,407.0,52.0,155.3,358.9,52.6,289.9,1376.8,1703.0,1711.7,1407.7,1319.0,255.3,10.1,1065.6,787.6,477.0,278.0,5109.8,5489.8,2263.5,835.4,4548.3,5279.4,2705.5,2490.6,1557.1,3494.9,874.1,3404.0,939.4,2183.5,1272.4,3418.9,6591.7,5479.7,1576.4,145.8
2026-07-31 21:45:00,726.7,203.1,1212.0,603.6,787.5,400.5,52.2,152.8,358.7,43.7,298.7,1379.4,1689.4,1725.0,1382.9,1316.7,260.4,10.1,1094.9,769.4,480.9,285.5,5087.8,5478.4,2261.3,834.3,4542.6,5274.1,2704.9,2486.7,1556.9,3491.3,872.5,3402.7,936.9,2171.7,1259.6,3402.2,6573.5,5450.7,1578.9,150.0
2026-07-31 22:00:00,726.7,225.7,1212.0,588.9,772.3,384.7,52.0,87.7,343.9,93.8,221.9,1260.5,1670.2,1592.2,1233.8,1321.7,184.5,21.8,1032.8,764.5,429.4,297.5,4989.5,5521.8,2263.6,830.4,4570.6,5387.2,2726.0,2455.6,1544.3,3389.1,863.6,3277.7,935.0,2138.9,1263.1,3448.5,6572.8,5410.9,1551.1,146.8
2026-07-31 22:15:00,719.8,205.6,1170.7,566.6,746.5,386.6,52.0,87.8,338.3,53.6,204.3,1260.4,1643.8,1470.7,1208.4,1317.5,184.7,21.8,1029.4,754.7,437.5,292.7,4942.1,5487.7,2258.3,828.9,4561.2,5378.9,2723.8,2448.2,1547.4,3383.5,860.9,3273.8,931.2,2131.7,1250.7,3432.1,6503.3,5282.1,1536.5,149.0
2026-07-31 22:30:00,715.4,193.0,1126.0,547.3,731.0,383.9,52.1,87.7,338.1,53.7,223.5,1260.4,1658.2,1361.2,1227.3,1285.4,164.9,21.9,1042.9,754.5,441.0,293.4,4891.8,5460.8,2236.2,824.7,4559.2,5380.8,2718.8,2427.6,1537.1,3362.2,859.1,3261.3,933.3,2126.5,1247.1,3418.0,6510.3,5229.4,1537.0,150.7
2026-07-31 22:45:00,710.7,192.4,1085.5,517.0,721.4,380.8,52.0,87.7,342.0,15.6,212.1,1252.3,1772.0,1331.2,1199.5,1272.6,165.1,21.9,1047.3,752.6,446.7,293.5,4842.0,5386.6,2222.8,821.0,4545.7,5371.6,2719.9,2431.0,1535.0,3372.9,856.7,3244.6,930.1,2115.0,1254.6,3349.0,6441.6,5219.3,1525.0,151.2
2026-07-31 23:00:00,671.6,193.3,1022.4,478.1,683.9,183.5,72.0,39.2,326.4,10.0,203.2,1257.8,1576.5,1294.5,1132.2,1211.1,238.2,17.0,1004.6,736.5,408.3,301.1,4664.8,5397.5,2184.8,816.6,4400.7,5370.5,2710.9,2355.0,1524.8,3255.9,856.3,3170.5,929.4,2140.3,1256.7,3329.7,6336.6,5225.9,1490.4,152.4
2026-07-31 23:15:00,680.7,191.7,987.6,457.8,670.6,183.5,72.0,39.2,322.1,10.0,193.8,1259.6,1613.5,1241.0,1101.6,1188.0,238.4,22.0,1007.6,689.8,415.7,306.0,4634.3,5369.4,2157.6,813.8,4386.2,5366.4,2703.8,2356.2,1518.4,3240.0,855.6,3131.5,926.9,2142.3,1254.5,3323.5,6312.4,5175.1,1471.2,149.6
2026-07-31 23:30:00,682.2,190.6,953.1,440.5,659.9,183.4,72.0,39.2,315.5,10.0,189.1,1260.1,1945.2,1216.5,1120.3,1194.5,218.5,15.9,1005.2,688.7,412.3,307.9,4606.4,5325.7,2138.4,812.0,4382.0,5363.7,2694.2,2314.6,1519.6,3240.4,852.2,3129.4,921.2,2141.4,1243.0,3240.2,6253.0,5175.1,1449.4,155.6
2026-07-31 23:45:00,709.5,189.6,915.8,423.0,650.5,182.6,72.1,39.2,303.6,10.0,174.4,1270.9,1980.6,1188.4,1081.9,1197.0,243.6,5.8,1024.2,683.6,409.1,315.1,4581.1,5186.1,2111.7,810.1,4367.8,5358.4,2689.4,2303.9,1517.7,3277.4,850.3,3098.7,913.2,2131.2,1226.9,3141.2,6152.9,5208.4,1426.2,154.5
2026-08-01 00:00:00,653.1,176.4,978.3,472.9,642.6,131.0,52.0,41.6,265.3,25.6,226.8,1461.5,2826.1,2127.0,968.9,1086.8,130.8,21.9,943.9,811.7,372.5,420.1,4462.7,5071.9,2030.0,910.8,4378.0,5246.4,2581.6,2329.7,1534.2,3422.7,827.8,2843.2,937.6,2215.0,1176.0,3359.0,6067.9,5096.4,1463.3,112.7
2026-08-01 00:15:00,646.4,175.4,966.1,459.1,648.2,130.2,52.0,41.6,261.8,18.9,220.2,1451.2,2819.2,2097.8,990.7,1103.1,131.1,21.9,941.5,810.3,367.7,410.4,4464.6,5063.1,2010.7,909.3,4375.8,5251.9,2575.2,2334.6,1531.8,3430.5,825.0,2809.8,936.4,2205.3,1168.3,3355.1,6049.2,5086.2,1452.9,104.9
2026-08-01 00:30:00,640.0,174.6,952.5,444.8,637.4,128.1,52.0,41.6,256.1,14.4,195.9,1440.8,2821.2,1983.8,966.9,1080.1,131.1,21.7,935.3,795.3,364.7,412.8,4452.7,4996.8,1983.2,907.3,4358.5,5244.9,2564.3,2329.8,1528.6,3446.9,821.9,2769.1,934.6,2190.6,1162.1,3344.7,5989.2,5075.8,1442.2,104.5
2026-08-01 00:45:00,632.5,173.8,940.2,425.1,635.0,125.1,52.0,41.6,252.8,14.4,188.4,1441.0,2825.2,1933.9,956.9,1078.0,131.2,21.5,944.4,784.4,365.0,419.7,4442.8,4932.4,1959.4,905.1,4350.4,5246.1,2556.0,2333.7,1526.7,3470.4,821.6,2733.2,931.7,2178.1,1154.6,3334.3,5927.3,5067.3,1427.7,102.8
2026-08-01 01:00:00,633.0,173.3,934.1,408.8,618.5,122.8,68.7,45.1,295.7,9.2,174.0,1457.2,2726.7,1568.4,945.3,1070.1,107.4,23.4,902.0,776.4,372.6,438.7,4402.5,4765.7,1909.9,785.4,4307.2,5307.9,2527.7,2304.6,1504.8,3416.4,808.7,2698.9,928.5,2340.0,1149.1,3433.4,5872.8,4959.1,1412.2,91.2
2026-08-01 01:15:00,629.0,174.9,933.0,394.3,603.4,121.1,69.2,45.1,292.6,8.1,174.7,1450.2,2719.2,1371.4,923.0,1068.8,106.9,23.1,898.2,784.1,371.7,439.1,4388.1,4766.4,1886.0,783.4,4298.3,5310.4,2522.3,2326.1,1504.1,3428.9,804.2,2646.7,927.8,2324.6,1142.8,3424.4,5848.2,4954.9,1405.4,90.8
2026-08-01 01:30:00,626.2,176.4,929.0,377.5,589.1,119.6,69.2,45.1,297.6,7.6,165.3,1462.4,2718.0,1359.9,895.0,1061.2,106.4,22.9,894.7,761.1,369.1,437.1,4383.4,4761.9,1863.8,783.9,4288.6,5310.4,2520.2,2334.8,1500.2,3433.1,802.4,2606.7,923.6,2307.7,1140.6,3423.3,5840.9,4945.5,1399.3,89.3
2026-08-01 01:45:00,627.3,177.4,924.4,367.0,573.9,118.3,69.3,45.1,293.5,10.6,146.1,1476.4,3055.7,1356.1,867.0,1063.4,105.9,22.8,890.2,770.5,367.1,436.5,4390.0,4720.1,1839.6,782.3,4278.1,5309.0,2513.7,2338.2,1502.3,3457.9,799.2,2567.2,923.1,2290.3,1136.3,3417.2,5783.0,4935.4,1392.2,87.6
2026-08-01 02:00:00,623.1,178.9,922.0,361.7,573.1,117.4,56.0,72.1,281.0,25.9,170.0,1461.6,2670.2,1343.0,819.5,1038.1,120.4,23.0,871.9,795.7,343.4,446.7,4380.7,4710.9,1791.5,743.6,4243.0,5292.1,2476.7,2366.3,1485.3,3378.2,791.1,2551.0,922.5,2305.5,1132.2,3412.2,5740.1,4957.3,1390.3,107.7
2026-08-01 02:15:00,623.8,178.8,919.1,350.0,571.5,116.6,56.0,72.1,273.7,24.4,170.8,1458.8,2663.7,1337.4,798.6,1046.5,120.8,22.9,869.0,789.8,341.8,443.6,4383.6,4748.2,1780.1,742.4,4237.3,5294.4,2475.0,2392.9,1482.8,3382.6,789.7,2513.2,920.7,2292.3,1129.5,3422.0,5718.9,4908.5,1392.3,105.7
2026-08-01 02:30:00,622.3,178.5,914.3,346.3,563.7,115.7,56.0,72.1,274.8,24.5,158.3,1468.6,3030.7,1320.3,781.1,1044.6,121.2,22.8,865.9,789.9,341.4,440.8,4387.6,4725.4,1767.5,741.7,4230.8,5290.4,2470.7,2378.5,1482.4,3393.1,787.6,2503.5,916.7,2280.6,1126.4,3419.5,5695.7,4939.0,1389.5,104.2
2026-08-01 02:45:00,619.0,178.2,907.5,335.3,558.8,115.0,56.0,72.1,273.5,22.7,145.8,1462.6,3027.7,1305.7,769.1,1038.9,121.5,22.8,864.0,794.3,340.3,436.6,4383.9,4724.8,1756.2,741.1,4226.4,5292.7,2469.2,2398.5,1482.1,3400.1,785.8,2471.9,914.4,2272.1,1123.1,3419.9,5671.6,4890.6,1384.2,103.7
2026-08-01 03:00:00,609.2,177.7,915.6,369.1,556.5,77.0,58.9,73.6,273.7,18.0,115.8,1480.3,2950.8,1344.3,782.7,1059.9,109.2,21.4,849.2,749.3,335.5,433.2,4355.0,4719.8,1732.0,721.1,4220.0,5323.3,2451.3,2362.1,1472.6,3343.8,782.2,2470.0,909.3,2374.7,1119.5,3478.1,5693.0,4888.9,1401.1,70.3
2026-08-01 03:15:00,604.8,176.4,913.3,361.6,550.8,76.5,51.9,73.6,259.8,17.0,115.0,1496.8,2950.0,1353.5,768.7,1055.6,106.8,21.2,846.9,763.8,335.2,430.7,4355.9,4716.6,1724.1,721.2,4218.2,5321.0,2451.3,2339.8,1474.7,3345.3,781.0,2474.9,904.6,2366.7,1116.0,3470.2,5648.3,4882.0,1398.2,69.4
2026-08-01 03:30:00,600.4,174.7,908.6,357.8,544.8,77.6,58.7,73.6,272.3,17.2,103.3,1492.3,2949.9,1358.2,754.2,1057.3,104.4,21.1,846.2,768.4,335.1,428.7,4359.7,4701.6,1719.9,720.8,4216.8,5322.1,2449.3,2340.1,1469.2,3341.3,780.1,2464.7,906.4,2359.4,1111.0,3466.3,5623.6,4877.4,1405.6,68.4
2026-08-01 03:45:00,596.6,173.7,905.1,350.5,540.5,77.1,51.9,73.6,271.0,15.3,103.8,1496.6,2951.4,1358.1,737.7,1052.5,102.0,21.1,845.3,779.0,334.1,423.3,4359.1,4679.3,1713.3,720.7,4216.4,5324.7,2448.0,2341.4,1468.4,3342.1,778.3,2451.9,906.3,2351.6,1107.3,3465.4,5595.8,4874.3,1399.1,68.0
2026-08-01 04:00:00,594.9,172.3,891.9,136.3,542.0,133.5,49.8,82.1,261.2,12.2,207.5,1484.4,2918.3,1413.5,722.9,1018.3,169.4,7.1,835.5,788.5,333.4,421.3,4320.4,4649.2,1704.0,720.8,4184.1,5314.6,2468.3,2328.0,1460.2,3345.7,774.5,2458.3,908.5,2470.1,1104.9,3468.1,5565.8,4867.8,1436.2,65.5
2026-08-01 04:15:00,586.9,172.0,887.1,133.3,535.2,134.3,51.0,82.1,270.8,11.7,205.0,1481.8,2915.2,1358.5,719.7,1019.9,172.0,7.1,832.8,785.0,331.4,423.2,4323.8,4614.7,1701.4,720.7,4183.5,5315.1,2467.2,2326.6,1459.6,3347.7,774.6,2455.1,909.0,2460.1,1100.9,3455.4,5531.0,4862.4,1431.3,65.1
2026-08-01 04:30:00,580.7,172.9,895.2,284.0,545.3,128.5,50.5,82.1,266.8,11.1,202.6,1501.6,2910.6,1340.2,675.7,1012.5,174.4,7.1,831.4,761.4,328.7,415.1,4335.1,4610.6,1695.1,719.5,4182.6,5316.4,2465.4,2324.5,1459.2,3350.3,773.1,2446.4,911.5,2445.4,1094.9,3447.0,5499.1,4858.1,1423.0,65.1
2026-08-01 04:45:00,569.1,174.3,892.9,282.2,551.7,135.4,48.7,82.1,270.0,11.1,204.1,1514.6,2904.8,1323.9,671.6,1010.8,176.9,7.0,830.2,762.5,327.5,412.3,4351.1,4612.9,1688.9,717.2,4180.4,5315.8,2464.8,2322.4,1459.3,3350.2,772.4,2441.4,908.0,2429.9,1087.2,3439.0,5472.9,4850.4,1420.8,65.1
2026-08-01 05:00:00,572.7,181.7,902.3,282.1,550.3,142.5,28.5,71.6,277.0,12.6,212.9,1473.1,2917.5,1442.9,712.7,1012.8,175.4,21.9,826.8,750.0,326.9,420.9,4388.6,4532.7,1677.7,695.8,4190.7,5286.7,2498.8,2346.4,1462.8,3341.3,770.1,2469.6,907.0,2477.5,1082.3,3445.2,5422.3,4864.8,1374.2,90.6
2026-08-01 05:15:00,565.7,178.1,911.3,286.7,550.3,152.9,28.8,71.6,279.6,13.4,212.0,1471.5,2914.1,1449.1,712.0,1014.8,173.8,12.0,826.1,744.6,325.2,429.3,4403.4,4557.7,1674.3,694.8,4192.1,5288.9,2498.6,2348.1,1464.5,3346.8,769.7,2465.6,903.8,2458.0,1080.7,3439.7,5400.0,4850.7,1377.5,90.6
2026-08-01 05:30:00,550.1,198.4,894.2,146.9,534.6,196.9,32.9,71.6,282.3,13.4,213.1,1484.4,2918.0,1439.5,666.9,1012.3,172.2,12.1,827.8,742.3,324.9,426.9,4419.4,4602.0,1673.9,693.7,4190.2,5286.9,2498.4,2350.9,1464.5,3351.4,768.9,2466.2,908.5,2445.7,1085.6,3439.9,5386.3,4821.7,1376.9,90.6
2026-08-01 05:45:00,541.8,209.6,882.4,154.8,540.6,225.8,33.2,71.7,282.9,15.1,213.9,1497.3,2925.0,1478.2,657.6,1016.6,170.6,12.2,828.3,741.2,323.6,429.0,4447.1,4645.0,1682.6,693.7,4191.4,5286.6,2499.4,2366.8,1465.2,3363.8,768.6,2467.3,923.9,2438.0,1097.7,3438.6,5374.5,4818.4,1382.5,90.5
2026-08-01 06:00:00,551.3,208.8,866.7,154.0,546.3,230.8,48.1,37.3,288.9,27.5,102.7,1483.8,2645.1,1638.0,711.0,1053.2,136.3,14.2,864.5,782.7,333.9,436.5,4438.3,4797.0,1695.5,726.2,4196.2,5350.3,2533.2,2342.2,1478.6,3351.3,772.2,2435.6,940.9,2488.6,1118.3,3432.6,5364.6,4800.0,1379.8,60.6
2026-08-01 06:15:00,540.2,224.1,852.1,147.7,556.5,240.9,44.0,37.4,285.2,23.1,102.8,1475.4,2842.4,1667.6,709.1,1058.4,137.3,14.2,838.2,770.7,321.9,439.1,4460.3,4865.9,1700.9,726.3,4198.2,5349.8,2534.9,2344.1,1477.2,3358.9,774.8,2445.9,951.1,2481.4,1131.5,3419.6,5348.0,4798.4,1385.2,62.4
2026-08-01 06:30:00,533.1,241.1,833.6,130.9,571.5,254.2,43.4,37.8,278.5,22.4,101.3,1500.9,3006.1,1734.8,656.2,1075.3,158.2,14.2,837.2,771.4,317.4,437.7,4473.8,4916.6,1704.8,726.8,4202.5,5354.1,2540.6,2366.7,1480.2,3373.0,776.2,2442.3,963.0,2475.5,1140.6,3398.4,5353.2,4795.4,1396.8,64.3
2026-08-01 06:45:00,525.5,258.9,815.4,134.9,579.3,279.0,45.4,38.2,270.9,22.7,102.3,1508.0,3004.9,1749.1,631.4,1095.8,159.2,14.2,845.3,802.7,316.0,449.3,4490.2,4932.0,1713.4,728.7,4202.8,5326.4,2546.9,2360.2,1482.4,3378.1,779.0,2471.5,969.9,2469.4,1139.1,3369.4,5342.1,4799.2,1406.1,69.4
2026-08-01 07:00:00,534.9,303.7,821.9,120.1,590.2,267.0,92.4,22.7,268.5,27.9,204.0,1550.9,3098.7,1898.7,635.2,1131.1,136.5,9.7,872.1,807.3,327.7,455.9,4531.4,4818.5,1737.9,731.9,4359.2,4799.2,2582.5,2511.7,1494.5,3517.9,788.6,2973.5,979.0,2473.6,1141.5,3401.6,5386.1,4806.8,1440.8,63.4
2026-08-01 07:15:00,527.6,325.5,807.1,129.3,598.0,308.3,94.7,23.4,250.1,20.9,206.4,1543.7,3106.0,1855.0,610.1,1139.0,137.0,10.1,867.5,793.5,327.3,453.6,4533.2,4790.9,1755.4,732.8,4354.8,4728.2,2588.9,2482.7,1496.8,3521.5,792.2,3042.1,985.6,2469.8,1142.6,3380.0,5356.0,4824.2,1447.9,68.5
2026-08-01 07:30:00,525.6,350.7,793.7,142.1,602.4,351.8,96.8,24.0,226.0,25.9,212.9,1545.8,3109.2,1785.7,583.3,1032.5,157.5,9.9,871.2,813.3,327.7,461.3,4560.3,4771.3,1764.0,788.8,4353.8,4180.2,2592.0,2519.2,1500.1,3549.7,797.4,3079.7,989.5,2466.8,1150.3,3361.0,5377.3,4843.5,1446.3,73.8
2026-08-01 07:45:00,526.7,370.4,785.6,151.1,601.7,393.4,99.9,24.8,196.3,33.7,212.7,1548.8,3115.4,1788.0,798.4,1119.6,158.2,9.6,882.0,830.2,333.6,462.0,4576.7,4753.6,1779.6,781.5,4343.3,4016.5,2598.9,2505.2,1506.7,3557.8,802.2,3093.7,996.4,2463.6,1163.2,3348.4,5357.9,4863.6,1449.0,78.5
2026-08-01 08:00:00,502.5,377.0,751.9,160.0,616.8,445.7,75.6,28.4,154.6,56.9,262.4,1572.9,3406.0,2004.9,795.2,1201.1,122.8,5.9,924.9,593.2,360.8,497.4,4647.3,4797.0,1821.8,786.1,4294.2,4822.8,2645.9,2483.3,1529.1,3574.8,808.2,3183.1,1007.8,2368.8,1183.5,3269.6,5378.3,4890.5,1422.4,128.3
2026-08-01 08:15:00,496.0,401.3,729.2,170.7,625.4,486.8,79.9,29.2,128.3,65.5,261.1,1581.5,3413.2,1938.8,928.7,1372.4,123.9,3.9,895.6,572.0,355.2,481.9,4666.4,4743.9,1845.1,787.2,4288.4,4173.7,2663.4,2465.5,1531.7,3566.3,812.2,3199.3,1003.4,2367.6,1193.9,3254.3,5399.6,4927.5,1424.1,136.0
2026-08-01 08:30:00,493.3,421.5,706.9,178.1,632.4,529.0,79.9,30.1,106.0,85.2,266.0,1606.5,3424.0,1894.0,964.5,1355.6,125.0,3.8,888.1,598.2,364.3,493.9,4679.5,4707.3,1860.4,780.6,4225.7,3465.9,2671.6,2441.1,1536.1,3569.4,814.0,3212.6,1010.7,2366.4,1197.6,3236.0,5414.6,4972.1,1425.4,139.0
2026-08-01 08:45:00,486.4,442.9,686.0,184.1,635.9,563.6,79.9,33.4,79.0,101.6,265.3,1627.6,3983.8,2445.8,902.5,1238.0,106.2,3.8,940.9,641.7,388.7,222.7,4688.1,4657.6,1892.0,759.7,4224.2,3208.9,2689.8,2379.4,1539.0,3547.9,826.2,3095.0,1017.1,2365.4,1196.5,3212.3,5424.1,5015.0,1430.6,151.2
2026-08-01 09:00:00,493.1,470.6,674.5,206.7,649.9,604.0,115.6,21.4,81.4,158.2,309.2,1723.9,3611.1,1998.0,1025.8,1290.5,167.5,3.6,1132.4,732.5,445.9,242.5,4774.9,4822.9,1970.3,740.4,4170.8,3290.0,2727.8,2365.8,1566.9,3569.8,924.3,3359.6,1008.5,2150.2,1197.5,3144.2,5425.7,5121.0,1428.9,133.7
2026-08-01 09:15:00,490.3,489.2,659.1,217.6,654.5,622.4,100.1,21.9,80.6,201.0,310.5,1752.4,4226.9,2647.6,969.6,1337.8,167.5,4.1,1131.1,682.0,445.7,226.2,4781.9,4795.7,1999.9,738.2,4172.2,3203.8,2725.0,2335.3,1571.6,3547.6,921.4,2807.3,1009.7,2149.8,1195.9,3144.2,5425.2,5124.2,1423.8,135.4
2026-08-01 09:30:00,484.5,498.5,648.7,227.9,656.4,642.7,100.1,22.3,80.7,253.2,320.6,1786.6,4489.6,2248.1,966.7,1415.3,172.6,4.4,1121.5,720.4,447.1,229.8,4796.1,4730.6,2016.3,732.5,4204.2,3121.3,2725.9,2256.9,1569.3,3508.0,929.5,2328.8,1010.5,2149.7,1196.1,3141.8,5431.9,5175.8,1423.5,145.5
2026-08-01 09:45:00,476.3,513.8,641.6,235.8,654.6,644.2,101.1,22.7,80.1,304.0,321.6,1798.8,4504.7,1991.8,919.8,1453.2,179.6,4.4,1167.1,749.6,460.5,230.3,4793.4,4658.5,2042.3,714.5,4350.1,2922.3,2731.8,2211.5,1571.7,3488.8,935.7,2105.0,1011.0,2149.3,1200.2,3136.6,5447.1,5225.1,1409.9,154.5
2026-08-01 10:00:00,472.5,534.6,646.4,245.8,665.4,710.4,187.5,28.8,73.7,343.3,400.2,1804.3,4723.4,2411.7,1020.9,1473.8,75.5,74.8,1213.8,873.0,464.1,257.1,4879.4,4913.7,2077.4,733.4,4578.1,3146.3,2737.1,1898.6,1593.2,3333.2,941.7,2268.7,998.7,2164.6,1206.2,3079.5,5460.6,5301.7,1376.9,171.0
2026-08-01 10:15:00,468.8,533.2,638.6,255.9,664.1,674.8,180.6,29.3,72.1,393.3,407.2,1792.5,5186.5,2414.1,969.6,1523.5,75.5,67.9,1212.0,829.1,461.8,241.2,4874.3,4835.8,2101.4,726.1,4761.7,3105.7,2741.3,1824.9,1597.9,3298.0,948.6,1935.5,999.7,2165.0,1208.5,3062.0,5469.4,5345.2,1361.2,180.3
2026-08-01 10:30:00,466.7,535.2,852.6,270.8,665.0,704.1,177.4,29.5,72.4,434.8,437.5,1826.6,5552.9,2377.5,954.0,1559.2,75.5,68.2,1225.1,861.1,459.2,259.4,4863.6,4892.0,2111.8,639.5,4777.9,2892.4,2738.2,1825.4,1595.1,3261.7,949.6,1679.2,999.8,2165.1,1206.2,3095.3,5463.1,5399.5,1350.3,188.9
2026-08-01 10:45:00,463.2,541.8,837.3,273.9,660.5,700.8,157.0,29.7,70.8,466.8,421.7,1846.1,5633.6,2385.1,905.9,1562.1,95.6,64.5,1305.5,838.8,466.9,243.6,4853.5,4793.2,2128.5,635.6,4784.7,2841.4,2741.5,1798.7,1594.6,3274.5,951.4,1645.7,1004.6,2165.3,1210.7,3078.9,5463.5,5444.6,1338.4,199.9
2026-08-01 11:00:00,467.0,559.4,821.8,282.1,653.9,758.5,185.2,21.3,77.1,493.1,350.7,1949.8,5785.3,2606.2,1129.9,1643.5,138.6,65.8,1265.4,867.6,450.9,249.0,4902.5,4914.9,2143.5,646.2,4501.8,2313.5,2740.3,1696.8,1596.2,3185.9,954.7,1653.7,1008.3,2133.1,1205.0,2954.8,5496.3,5533.4,1300.5,218.9
2026-08-01 11:15:00,468.7,563.1,799.7,294.1,654.6,715.0,186.3,21.5,76.3,513.2,353.4,1976.1,5865.0,2569.9,1081.3,1673.9,158.4,69.5,1275.9,870.5,445.0,239.2,4892.2,4771.7,2161.5,667.9,4524.6,2311.9,2742.9,1693.3,1596.5,3211.7,955.2,1619.6,1006.4,2133.7,1206.2,2945.1,5492.9,5552.8,1279.4,228.1
2026-08-01 11:30:00,471.1,554.9,996.3,296.0,656.0,693.9,190.3,21.6,75.1,522.1,363.8,2002.5,5858.9,2497.0,1050.4,1636.6,158.3,68.0,1281.3,878.1,439.2,226.5,4878.5,4881.3,2165.4,673.5,4527.3,2306.8,2741.6,1695.2,1596.0,3174.4,957.3,1521.9,1006.2,2134.5,1201.0,2960.3,5482.5,5595.8,1248.5,237.9
2026-08-01 11:45:00,480.6,547.5,982.5,303.6,660.2,679.8,189.9,21.7,78.4,545.0,398.5,2023.0,5845.4,2530.5,1037.6,1606.1,158.1,73.2,1330.1,877.7,451.3,225.3,4874.8,4801.7,2168.6,677.8,4531.3,2297.1,2744.8,1690.3,1600.3,3200.1,960.5,1449.6,1003.7,2134.9,1200.2,2955.6,5479.3,5629.0,1212.1,246.4
2026-08-01 12:00:00,474.9,552.3,966.5,310.5,670.6,675.3,252.2,26.9,77.6,568.0,361.7,2088.3,5788.6,2846.5,1181.3,1659.2,109.6,65.6,1398.7,940.0,466.7,224.4,4963.5,5004.6,2194.1,694.7,4295.3,2195.3,2728.7,1684.8,1595.1,3524.6,958.4,1433.7,1000.5,1287.4,1200.2,2284.4,5461.4,5706.1,1216.8,264.7
2026-08-01 12:15:00,482.7,544.3,953.9,317.5,670.8,639.1,248.0,26.9,80.3,584.0,361.9,2098.0,5824.5,2809.9,1153.4,1635.6,109.4,65.6,1493.1,948.7,464.5,208.8,4946.7,4721.4,2194.9,698.5,4288.5,2192.1,2729.0,1685.3,1592.5,3526.5,958.0,1406.6,998.8,1288.6,1194.2,2270.2,5464.6,5733.1,1194.9,272.8
2026-08-01 12:30:00,484.7,521.8,947.8,329.9,675.6,540.8,253.2,26.9,80.8,594.4,392.5,2110.8,5831.0,2768.3,1139.8,1622.2,129.1,65.6,1522.8,969.8,462.4,208.9,4957.4,4566.7,2195.6,703.2,4290.3,2190.8,2725.4,1683.8,1591.9,3509.9,962.3,1396.4,994.4,1289.3,1194.2,2275.7,5500.0,5761.5,1187.1,282.2
2026-08-01 12:45:00,492.6,508.9,937.2,354.6,675.9,453.2,241.9,26.9,80.6,595.6,408.7,2114.5,5833.2,2736.7,1131.6,1617.8,128.8,65.6,1525.3,844.2,461.8,157.9,4948.2,4527.6,2205.4,707.6,4293.0,2189.3,2727.7,1687.5,1595.3,3520.3,957.6,1422.2,995.9,1289.9,1199.7,2291.1,5495.3,5784.0,1162.4,289.3
2026-08-01 13:00:00,558.6,513.5,960.5,348.4,672.5,480.0,259.4,19.9,77.4,549.6,452.6,2138.4,5849.1,2924.0,1163.6,1607.8,82.1,66.4,1596.3,733.1,453.5,184.5,5019.0,4440.6,2198.9,722.6,4309.1,2254.5,2720.9,1690.9,1583.2,3594.8,958.7,1391.3,995.3,909.5,1200.0,1834.4,5616.1,5936.0,1165.7,309.8
2026-08-01 13:15:00,560.6,507.6,960.9,345.9,675.6,423.7,259.4,19.8,77.8,556.2,461.0,2142.1,5826.1,2833.8,1168.7,1586.6,65.4,70.0,1599.5,739.7,448.8,171.0,5026.3,4454.6,2201.9,725.1,4308.2,2253.6,2720.6,1693.2,1585.6,3585.8,957.7,1386.7,991.8,910.7,1199.9,1850.5,5612.1,5956.7,1151.2,324.3
2026-08-01 13:30:00,567.0,500.4,959.9,324.9,676.0,407.0,259.5,19.8,77.8,558.8,468.3,2122.0,5897.1,2836.3,1172.4,1589.9,65.3,66.8,1594.6,760.8,443.0,156.4,5026.1,4475.7,2211.1,728.8,4308.6,2254.4,2718.8,1694.2,1586.2,3555.8,961.6,1384.8,990.3,911.8,1199.7,1865.8,5599.5,5975.7,1143.6,333.0
2026-08-01 13:45:00,572.9,495.6,969.2,317.7,674.4,398.0,259.4,19.5,78.6,557.7,456.2,2109.4,5938.3,2837.2,1161.1,1572.4,65.3,67.2,1588.3,765.6,440.0,157.9,5024.3,4503.9,2211.2,730.6,4302.0,2255.9,2720.5,1696.7,1584.9,3565.3,956.0,1385.2,985.5,913.1,1199.1,1880.1,5590.6,5988.8,1130.7,341.8
2026-08-01 14:00:00,589.5,466.8,975.4,308.6,672.3,374.9,236.0,23.4,76.9,552.0,455.7,2156.6,5911.6,2864.0,1167.0,1453.5,151.9,60.2,1763.3,765.1,433.8,144.5,5014.7,4526.5,2219.2,719.5,4423.1,2250.2,2723.9,1704.1,1582.6,3433.3,958.5,1382.8,981.8,906.9,1195.5,1901.9,5601.3,6014.5,1108.6,363.4
2026-08-01 14:15:00,591.4,471.3,991.6,296.6,674.5,371.3,245.8,23.2,77.4,552.0,453.1,2155.1,5987.2,2862.3,1169.4,1432.1,136.8,73.6,1761.7,773.7,433.4,142.1,5021.7,4541.8,2222.0,720.3,4424.8,2250.4,2725.6,1707.8,1586.5,3440.7,958.2,1383.0,974.4,908.2,1194.5,1913.6,5617.9,6014.0,1097.4,374.5
2026-08-01 14:30:00,598.6,470.1,1012.8,274.4,677.0,365.0,244.6,23.0,78.3,543.2,454.7,2151.8,5996.2,2862.8,1185.7,1433.4,136.8,66.2,1763.2,795.8,431.2,138.7,5027.3,4557.5,2222.9,721.9,4415.5,2247.6,2724.4,1710.6,1582.6,3489.5,958.3,1388.0,972.0,907.6,1195.8,1927.3,5634.4,6009.7,1095.2,376.0
2026-08-01 14:45:00,603.4,472.6,1031.6,256.5,671.7,419.7,244.5,22.9,78.3,533.0,459.4,2148.2,6005.6,2831.4,1192.3,1423.0,136.8,66.7,1750.3,804.0,435.0,154.7,5040.4,4674.9,2226.3,722.3,4412.5,2246.0,2728.7,1713.3,1585.2,3599.8,958.2,1418.9,968.4,907.8,1190.4,1954.2,5615.5,6010.4,1094.0,380.8
2026-08-01 15:00:00,637.0,451.4,1041.1,258.0,675.6,353.4,216.0,61.1,74.3,492.0,375.5,2120.2,5940.4,2991.8,1186.8,1398.3,140.7,84.5,1608.3,773.5,423.1,158.5,5013.7,4792.9,2237.6,737.3,4114.6,1833.7,2719.6,1713.3,1581.8,3560.8,957.6,1401.4,966.4,1182.9,1198.0,2046.2,5485.8,5888.4,1057.3,380.5
2026-08-01 15:15:00,638.9,451.3,1061.5,234.5,677.5,378.1,213.8,60.7,74.7,497.2,393.8,2113.0,5904.8,3038.5,1191.6,1494.9,127.7,91.9,1576.7,792.5,412.7,149.1,5026.6,4823.9,2242.7,738.1,4106.2,1833.8,2721.8,1717.2,1579.6,3561.7,951.1,1411.4,970.3,1183.3,1195.4,2055.1,5477.7,5873.8,1052.3,385.9
2026-08-01 15:30:00,647.7,449.5,868.6,198.3,692.3,384.5,222.6,60.3,75.6,525.8,386.2,2101.8,5878.7,3101.1,1218.9,1496.8,127.7,92.3,1553.6,808.1,421.0,167.9,5040.8,4846.9,2248.8,740.6,4112.7,1843.8,2718.6,1727.9,1578.8,3567.5,953.1,1462.2,973.2,1183.5,1199.6,2052.3,5468.1,5860.8,1072.6,383.4
2026-08-01 15:45:00,651.9,438.8,906.5,176.0,695.9,458.5,221.1,60.1,75.7,504.6,374.3,2091.6,5812.2,3126.8,1246.9,1485.6,127.7,92.7,1500.9,915.7,430.3,241.7,5043.5,5024.0,2254.7,741.9,4117.5,1845.1,2721.6,1738.3,1575.0,3562.7,951.0,1518.8,981.7,1183.6,1204.9,2062.6,5482.7,5847.0,1086.9,380.5
2026-08-01 16:00:00,590.1,377.1,925.3,175.8,689.9,366.0,183.5,18.7,103.2,483.9,429.6,1959.3,5605.4,2888.3,1064.1,1447.3,138.5,59.4,1536.2,1088.6,409.8,248.2,5011.9,4867.8,2268.6,750.8,3962.1,2099.2,2713.8,1747.2,1575.3,3365.4,949.6,1316.5,995.4,1714.4,1220.6,2857.0,5600.3,5829.2,1115.2,370.0
2026-08-01 16:15:00,595.4,396.6,974.2,166.4,688.8,420.2,182.9,18.1,102.1,457.2,430.8,1943.5,5580.2,2892.8,1090.6,1453.7,143.1,58.9,1393.4,1182.1,400.4,288.9,5014.9,5212.5,2277.8,751.9,3966.2,2100.1,2716.3,1753.7,1574.6,3378.6,954.8,1336.2,1005.1,1714.4,1226.5,2905.7,5622.2,5813.3,1124.5,359.4
2026-08-01 16:30:00,608.0,375.3,808.0,161.3,702.5,358.2,183.3,17.6,94.0,422.4,422.6,1911.1,5551.2,2941.0,1111.0,1506.8,150.4,57.5,1381.4,1188.0,401.2,307.6,5025.7,5294.9,2293.0,755.1,3951.7,2120.8,2716.6,1771.6,1573.6,3392.5,955.6,1489.1,1009.6,1713.8,1235.0,2935.0,5682.0,5780.1,1153.1,347.3
2026-08-01 16:45:00,611.2,359.2,866.0,158.2,710.0,340.1,180.7,17.0,95.0,407.5,420.5,1885.9,5513.7,2943.8,1165.0,1498.6,149.8,56.0,1366.5,1210.5,409.5,324.4,5045.9,5429.1,2295.6,762.4,3944.4,2144.1,2723.3,1811.1,1576.4,3397.0,954.9,1519.0,1018.9,1713.0,1235.4,3072.8,5744.8,5779.5,1183.2,331.1
2026-08-01 17:00:00,619.2,350.5,924.6,173.7,714.2,376.1,131.7,112.6,107.0,361.6,478.8,1833.2,5409.7,2948.4,855.1,1480.5,85.6,47.0,1306.1,1374.1,424.8,420.7,5006.8,4999.9,2306.9,757.9,3825.9,2165.7,2733.5,2138.5,1511.6,3201.0,964.9,1478.5,1018.1,2449.7,1251.6,3359.3,5866.5,5709.0,1243.1,304.7
2026-08-01 17:15:00,642.1,323.9,969.9,191.1,707.7,359.4,130.3,112.0,107.8,314.9,485.2,1816.8,5293.9,2907.3,934.7,1423.9,79.3,46.6,1238.0,1385.2,420.9,419.4,5018.8,5142.9,2312.6,841.1,3826.2,2463.1,2739.5,2161.1,1508.4,3196.6,964.4,1738.1,1023.9,2449.3,1254.5,3400.5,5951.1,5666.5,1278.3,281.9
2026-08-01 17:30:00,645.2,298.9,1017.2,334.7,715.2,304.7,135.5,111.3,110.6,283.6,494.4,1785.4,4498.0,3168.9,938.7,1398.8,92.6,46.1,1226.3,1384.7,429.9,414.0,5038.5,5395.1,2311.1,855.5,3746.7,2676.7,2750.5,2216.5,1508.2,3220.9,963.8,2055.4,1023.5,2449.0,1264.0,3444.2,6031.7,5623.6,1318.6,259.4
2026-08-01 17:45:00,645.1,287.0,1052.4,334.9,713.7,259.3,135.5,110.6,111.4,236.3,442.0,1763.8,4497.7,3741.9,1012.5,1352.3,92.2,45.7,1228.7,1592.0,440.2,434.1,5050.5,5432.9,2311.3,865.6,3643.3,2901.8,2746.3,2308.5,1506.1,3250.6,970.2,2287.2,1027.5,2448.1,1264.5,3551.1,6106.9,5635.6,1343.0,236.5
2026-08-01 18:00:00,671.3,248.8,1091.0,322.7,721.5,461.9,128.3,72.0,102.3,183.6,324.0,1739.4,4493.1,2590.7,889.0,1406.1,229.5,2.0,1148.9,1462.0,456.6,684.6,5109.2,5176.5,2312.3,920.0,4224.3,3003.2,2738.7,2443.2,1505.8,3330.7,853.3,2903.4,1032.0,2533.8,1270.2,3727.6,6288.7,5478.5,1389.8,227.7
2026-08-01 18:15:00,676.5,229.7,1120.8,323.3,728.1,439.4,128.8,71.4,102.3,139.0,359.1,1714.9,3623.4,2216.4,964.8,1533.1,258.4,2.0,1089.6,1466.6,463.8,669.4,5119.2,5303.1,2312.5,929.1,4229.6,3234.2,2741.1,2467.0,1502.4,3331.9,848.4,3325.1,1033.8,2533.5,1276.4,3770.3,6312.5,5435.7,1414.5,204.0
2026-08-01 18:30:00,662.9,233.3,1147.5,336.3,717.6,425.4,128.7,70.9,116.0,99.8,352.7,1676.2,3626.6,2212.1,889.4,1643.8,222.4,2.0,1089.8,1459.3,472.0,678.8,5129.9,5434.0,2308.6,947.1,4246.0,3891.0,2738.1,2523.6,1501.3,3331.9,851.8,3306.4,1034.2,2533.2,1282.8,3792.5,6371.7,5395.0,1440.5,181.7
2026-08-01 18:45:00,666.4,252.6,1174.6,338.6,711.6,428.4,128.8,70.3,146.5,77.6,349.3,1651.4,2603.3,2289.4,803.2,1620.9,236.4,2.0,1098.9,1502.7,487.1,687.0,5096.7,5467.9,2311.0,946.2,4266.4,4224.2,2741.4,2523.8,1501.7,3330.3,845.9,3311.6,1032.5,2533.0,1289.3,3842.9,6401.8,5362.8,1453.9,164.2
2026-08-01 19:00:00,688.2,184.3,1189.3,486.8,716.0,398.5,38.5,99.8,137.3,62.2,363.7,1579.2,3624.5,2137.0,917.1,1654.4,206.1,0.0,1100.0,1333.6,518.9,644.4,5110.4,5473.3,2302.4,943.8,4650.4,4891.8,2733.9,2605.9,1502.3,3369.4,848.0,3242.8,1031.3,2647.6,1294.2,3876.0,6451.6,5314.9,1481.2,144.0
2026-08-01 19:15:00,673.0,247.2,1194.1,370.0,713.1,427.0,30.1,98.1,171.7,66.0,330.7,1562.9,2477.2,1907.7,1031.1,1631.6,216.9,0.0,1045.5,1318.2,527.8,648.9,5102.7,5530.5,2298.1,943.9,4659.3,5112.7,2735.9,2617.2,1502.6,3369.4,850.6,3249.4,1030.5,2647.7,1299.1,3883.5,6476.0,5280.4,1491.3,135.5
2026-08-01 19:30:00,677.8,232.4,1196.8,395.4,724.2,435.0,32.0,95.2,206.9,65.0,334.1,1570.0,2203.2,1915.4,947.7,1508.6,217.7,0.0,1035.5,1312.2,525.4,652.7,5066.2,5545.7,2292.2,942.9,4668.5,5278.0,2733.0,2622.5,1508.6,3374.5,852.3,3253.1,1026.8,2647.3,1301.5,3884.3,6489.3,5253.7,1504.8,128.0
2026-08-01 19:45:00,692.4,174.7,1196.2,534.8,741.6,384.7,38.1,96.4,236.5,58.3,335.8,1549.4,2240.9,2000.5,831.6,1279.7,238.5,0.0,1042.6,1367.6,531.1,668.6,5049.5,5530.5,2290.1,941.4,4672.0,5282.8,2733.0,2620.8,1504.5,3367.8,852.1,3253.1,1024.9,2646.0,1302.7,3878.7,6501.7,5268.1,1514.2,120.8
2026-08-01 20:00:00,705.4,168.7,1192.9,535.7,738.0,394.9,45.1,75.9,257.8,43.4,227.9,1513.1,2080.9,1946.3,986.9,1243.2,199.6,2.0,1054.3,1242.6,545.9,665.0,4975.6,5513.6,2265.7,960.1,4498.5,5190.1,2732.4,2514.6,1503.0,3377.2,855.4,3333.2,1023.8,2650.7,1303.0,3846.2,6553.9,5308.3,1524.7,113.5
2026-08-01 20:15:00,712.4,179.5,1193.8,534.0,737.5,393.2,49.3,76.8,270.6,99.2,227.2,1516.2,2092.1,2011.7,1034.4,1213.0,220.1,2.0,1042.5,1234.4,546.9,668.1,4960.3,5469.2,2262.6,959.8,4499.4,5189.7,2732.1,2512.7,1501.0,3375.5,854.1,3331.0,1022.0,2649.8,1305.1,3845.4,6549.7,5288.8,1519.2,118.8
2026-08-01 20:30:00,706.6,291.8,1196.0,366.7,719.5,426.6,48.8,77.0,285.7,99.5,220.0,1502.6,2107.5,2054.3,1066.3,1206.3,229.5,2.0,1047.2,1210.2,551.1,670.4,4935.5,5439.7,2252.3,959.2,4505.3,5190.3,2727.5,2510.4,1503.7,3376.2,856.2,3328.1,1018.4,2648.6,1308.4,3850.8,6547.0,5251.6,1521.9,126.3
2026-08-01 20:45:00,709.6,293.0,1190.5,369.4,721.0,421.7,44.3,76.8,298.5,96.0,209.2,1502.8,2096.7,2132.2,1095.3,1205.6,205.9,2.0,1031.0,1195.6,553.7,675.9,4912.1,5399.7,2249.0,959.4,4507.7,5194.9,2725.2,2496.4,1500.7,3373.3,853.4,3328.3,1019.8,2647.5,1311.7,3852.6,6541.0,5223.3,1524.8,131.3
2026-08-01 21:00:00,731.7,171.8,1181.2,541.7,735.6,399.0,51.4,67.3,313.1,102.0,185.1,1494.0,2091.0,2052.5,1091.6,1232.8,108.7,25.6,1017.2,1179.3,550.6,677.5,5006.5,5579.6,2244.0,952.0,4490.1,5159.9,2704.4,2495.1,1497.3,3433.7,846.0,3324.8,1020.7,2531.7,1314.7,3739.9,6546.4,5198.2,1541.2,149.6
2026-08-01 21:15:00,710.1,271.6,1171.0,379.4,722.1,416.2,53.8,67.3,320.3,99.8,173.8,1485.2,2103.6,1893.9,1119.2,1204.2,108.2,22.3,1018.1,1151.5,550.8,670.8,5036.0,5516.8,2241.2,952.9,4482.0,5150.7,2703.5,2489.7,1498.3,3432.7,841.6,3321.1,1016.0,2532.9,1314.7,3744.8,6531.9,5208.5,1535.0,167.1
2026-08-01 21:30:00,701.4,269.0,1159.5,382.3,735.9,409.5,56.4,67.3,319.5,99.2,176.2,1485.6,2092.6,1753.7,1161.5,1191.0,107.5,22.4,1013.5,1149.8,549.1,673.2,5026.4,5448.8,2227.9,953.1,4482.1,5151.2,2699.2,2454.3,1499.7,3435.0,839.0,3325.6,1016.9,2534.3,1308.1,3750.6,6523.2,5215.0,1532.2,185.6
2026-08-01 21:45:00,698.2,240.5,1138.2,389.6,728.9,399.2,55.1,67.3,320.6,99.3,172.7,1472.6,2076.6,1790.2,1162.9,1155.6,86.9,22.4,1048.6,1141.8,547.7,672.0,5003.4,5358.0,2223.0,953.2,4477.4,5149.1,2697.5,2427.3,1499.4,3434.9,833.6,3327.9,1014.0,2535.9,1297.4,3747.1,6504.1,5217.5,1530.0,201.2
2026-08-01 22:00:00,697.2,218.1,1104.7,407.9,688.5,330.4,51.6,109.4,299.2,98.6,159.1,1486.4,1933.1,1632.0,1118.9,1204.9,102.0,4.5,973.4,1141.4,533.7,683.5,4912.2,5687.3,2224.3,975.8,4493.3,5165.4,2702.9,2472.8,1492.3,3488.2,848.8,3281.2,1010.6,1955.7,1281.6,3715.9,6413.8,5198.7,1500.8,230.6
2026-08-01 22:15:00,685.9,186.7,1085.5,398.7,675.8,327.8,51.0,109.4,295.1,33.4,150.1,1487.0,1976.7,1605.2,1114.8,1180.1,81.6,4.5,986.1,1124.7,533.9,665.3,4863.4,5538.8,2212.5,974.9,4483.5,5157.2,2702.4,2434.9,1494.2,3490.5,847.9,3292.3,1008.4,1956.8,1267.5,3708.2,6384.4,5212.0,1488.6,243.7
2026-08-01 22:30:00,681.5,164.5,1061.6,403.0,678.5,320.1,51.8,111.2,292.3,33.6,170.6,1476.9,1969.8,1647.0,1137.0,1162.6,81.2,4.7,989.1,1127.2,531.0,665.9,4814.3,5399.5,2201.1,974.7,4472.9,5148.6,2700.2,2386.9,1490.6,3485.6,846.6,3305.8,1009.3,1957.4,1252.8,3700.6,6350.8,5217.3,1486.0,258.2
2026-08-01 22:45:00,700.2,165.3,1031.3,410.4,678.7,318.2,51.8,111.1,286.2,34.8,160.7,1488.3,1949.7,1680.1,1125.2,1156.3,80.8,4.6,1001.5,1137.7,528.7,662.3,4763.4,5213.0,2193.2,974.8,4473.5,5144.8,2700.4,2381.6,1489.9,3485.1,845.8,3306.0,1007.6,1957.9,1241.4,3690.7,6304.8,5233.4,1470.8,269.4
2026-08-01 23:00:00,664.7,198.6,995.3,428.8,637.4,137.0,52.0,88.5,275.1,36.3,169.9,1467.7,1859.3,1656.9,1058.8,1111.9,79.8,31.6,940.5,1103.3,492.3,671.5,4590.9,5374.4,2149.0,989.0,4463.5,5101.2,2693.5,2345.8,1481.1,3587.9,841.6,3298.1,1001.6,1567.5,1232.3,3403.7,6253.4,5254.5,1435.7,294.8
2026-08-01 23:15:00,655.9,169.2,971.3,418.4,624.9,131.5,52.0,88.5,275.4,39.7,153.1,1486.7,1869.7,1652.9,1033.3,1121.9,59.5,35.0,931.9,1078.1,489.5,655.7,4553.7,5231.3,2127.6,970.8,4453.1,5091.3,2690.9,2331.0,1477.2,3577.6,838.3,3298.9,996.5,1568.2,1224.3,3379.0,6193.3,5257.1,1415.0,295.9
2026-08-01 23:30:00,681.4,168.1,951.7,430.9,627.1,128.2,52.0,88.5,264.8,40.5,156.7,1489.2,1914.5,1635.7,1041.5,1128.4,58.9,31.2,926.7,1094.0,486.7,652.7,4518.3,5148.9,2110.5,956.2,4453.1,5090.8,2685.3,2317.2,1476.5,3580.2,835.9,3299.6,991.8,1569.0,1219.2,3366.5,6140.6,5266.7,1411.1,309.1
2026-08-01 23:45:00,683.4,169.2,931.2,438.3,624.8,127.5,52.1,88.5,258.8,39.0,142.7,1496.6,2228.1,1713.2,1012.5,1120.3,58.5,31.1,951.9,1097.1,494.2,650.9,4485.5,5020.8,2087.6,936.5,4434.6,5072.0,2682.6,2301.3,1473.9,3578.1,831.5,3300.2,986.7,1570.1,1219.1,3354.5,6109.9,5310.6,1401.3,318.7
2026-08-02 00:00:00,622.2,188.8,914.9,239.3,595.3,172.3,118.0,41.2,230.6,28.8,248.1,1499.9,2229.9,1612.7,848.5,1259.6,48.6,92.8,1219.6,1052.7,355.3,554.5,4354.4,5008.4,2014.9,890.8,4268.7,5235.1,2591.5,2148.3,1467.4,3514.1,843.2,2952.4,983.4,1534.6,1209.8,3642.1,5945.5,5315.8,1372.2,304.0
2026-08-02 00:15:00,616.6,170.6,903.3,236.8,591.2,171.7,118.0,46.9,230.6,24.4,242.7,1486.0,2265.1,1484.1,876.0,1283.1,48.6,92.7,1215.9,1059.3,351.8,539.1,4335.9,4928.2,1990.6,887.6,4257.0,5229.4,2586.2,2141.0,1462.7,3509.7,841.2,2923.5,978.8,1535.4,1196.5,3611.5,5892.1,5318.4,1350.7,312.9
2026-08-02 00:30:00,610.5,156.4,890.1,234.6,586.0,163.6,118.0,43.3,225.7,24.4,213.3,1481.4,2298.8,1469.3,854.0,1274.8,48.6,67.4,1212.8,1059.0,349.7,534.8,4319.5,4830.6,1976.8,883.2,4244.3,5173.9,2585.0,2149.1,1478.1,3524.5,839.1,2912.4,970.0,1534.5,1182.8,3588.4,5842.8,5319.6,1339.4,318.1
2026-08-02 00:45:00,620.2,158.8,872.6,239.9,601.6,163.7,118.0,48.6,204.4,24.4,236.5,1478.2,2573.6,1472.9,849.5,1267.4,48.6,67.8,1212.2,1059.3,349.6,533.4,4302.0,4752.0,1952.8,882.2,4233.0,4745.5,2583.3,2153.8,1477.1,3523.2,836.3,2969.1,965.4,1533.6,1173.2,3568.8,5797.3,5316.6,1319.3,321.8
2026-08-02 01:00:00,605.6,157.3,903.3,228.3,578.2,165.5,138.0,22.8,257.1,15.0,186.3,1495.4,2143.2,1525.7,811.4,1163.3,48.4,81.6,1167.3,1074.1,344.5,525.8,4258.6,4816.4,1904.8,887.1,4195.5,5142.8,2570.1,2115.8,1448.8,3377.8,830.2,3000.2,959.0,1433.8,1166.0,3470.8,5744.6,5321.6,1299.0,325.2
2026-08-02 01:15:00,614.0,157.8,892.2,241.3,593.0,164.1,138.0,23.4,248.7,15.0,183.9,1497.1,2492.2,1517.3,815.6,1191.0,48.4,81.1,1164.1,1076.5,343.8,521.0,4250.8,4785.6,1888.5,883.7,4185.1,4697.8,2568.0,2119.5,1449.5,3372.0,827.1,3072.1,954.6,1432.9,1164.5,3453.2,5715.7,5316.9,1286.3,324.3
2026-08-02 01:30:00,630.2,159.5,880.2,265.8,608.8,163.9,138.0,23.4,250.6,15.0,180.9,1513.1,2921.5,1535.4,774.0,1166.7,48.4,80.6,1159.7,1115.1,341.9,526.9,4245.8,4757.5,1870.5,879.4,4179.9,5154.2,2564.7,2116.2,1448.5,3371.5,824.0,2952.9,951.6,1432.0,1165.0,3430.2,5679.8,5311.8,1276.0,322.3
2026-08-02 01:45:00,626.8,161.5,863.7,286.5,605.3,163.9,138.0,23.4,250.6,15.0,180.3,1525.7,2920.1,1501.1,776.3,1203.0,48.4,80.1,1157.1,1125.9,340.6,521.6,4238.7,4690.5,1846.0,876.9,4169.6,5018.0,2562.1,2117.3,1452.4,3374.4,820.8,2947.6,947.6,1431.0,1171.6,3401.6,5651.9,5306.7,1268.8,322.1
2026-08-02 02:00:00,620.0,162.9,850.2,271.7,610.6,113.6,116.4,19.6,253.6,29.8,231.6,1532.5,2873.9,1632.0,779.2,1189.7,50.9,77.4,1138.1,1121.7,334.9,523.1,4202.6,4672.9,1808.0,853.4,4163.7,4867.8,2550.0,2115.1,1432.8,3412.2,816.1,3067.3,939.8,1406.8,1179.3,3320.7,5651.4,5326.1,1264.2,320.2
2026-08-02 02:15:00,617.3,162.9,841.8,284.2,607.7,113.4,115.8,19.7,237.4,31.3,229.3,1542.3,2871.9,1625.6,771.9,1207.0,50.9,77.2,1134.6,1130.0,333.3,521.8,4194.6,4652.8,1795.5,850.1,4159.6,4612.5,2546.7,2117.6,1429.2,3408.1,813.9,3108.0,938.7,1406.1,1186.1,3310.0,5637.2,5323.2,1263.7,317.7
2026-08-02 02:30:00,613.6,163.3,836.3,295.3,605.6,112.9,115.2,19.5,252.6,35.2,221.1,1555.8,2871.4,1614.7,732.5,1195.6,51.0,76.9,1131.7,1142.9,331.3,523.5,4192.9,4630.7,1788.6,846.2,4152.9,4721.4,2544.1,2117.0,1428.6,3408.0,811.8,3074.4,936.9,1405.6,1185.5,3298.0,5621.0,5318.3,1256.1,314.7
2026-08-02 02:45:00,608.4,163.4,829.7,313.4,603.6,112.4,114.6,19.6,251.8,35.5,218.1,1572.7,2871.4,1600.2,708.0,1203.6,50.9,77.1,1128.4,1151.0,328.9,518.6,4186.1,4596.9,1775.5,845.1,4148.9,4447.2,2543.6,2118.1,1427.5,3406.3,809.9,3120.7,935.2,1404.7,1183.2,3283.7,5596.5,5311.8,1247.9,311.7
2026-08-02 03:00:00,593.9,163.4,825.6,327.4,598.4,21.7,61.2,20.1,265.2,35.9,240.2,1532.5,2822.8,1539.1,705.5,1256.9,68.6,79.3,802.5,1175.2,334.1,517.5,4156.3,4630.5,1756.2,827.5,4220.1,4413.9,2543.8,2182.6,1415.9,3224.1,805.8,2988.8,932.3,1405.1,1178.7,3456.0,5559.2,5294.5,1238.2,306.4
2026-08-02 03:15:00,591.3,163.0,826.7,331.7,595.6,21.4,60.8,20.1,253.2,39.6,229.5,1559.3,2822.1,1520.4,695.9,1258.5,68.5,79.9,801.1,1185.1,332.8,514.7,4152.2,4620.2,1751.6,825.7,4221.0,4368.3,2551.7,2190.7,1417.4,3227.8,804.6,2995.7,932.8,1403.7,1171.6,3446.9,5534.5,5289.7,1228.5,305.6
2026-08-02 03:30:00,590.5,162.7,828.9,332.4,588.0,21.0,60.0,20.1,263.1,40.3,231.9,1555.5,2821.6,1527.2,688.0,1258.6,68.5,80.0,799.8,1197.5,330.9,512.2,4148.8,4612.0,1745.0,823.5,4217.4,4367.0,2550.9,2188.7,1412.7,3222.4,803.7,2990.8,930.5,1402.5,1165.5,3438.4,5511.8,5280.5,1229.0,302.8
2026-08-02 03:45:00,585.9,162.7,828.7,336.3,581.8,20.8,59.3,20.1,260.6,44.2,221.9,1568.4,2822.5,1502.0,685.5,1264.5,68.5,80.6,799.6,1209.6,329.7,510.6,4148.9,4575.2,1738.6,823.6,4214.9,4416.2,2550.2,2188.3,1411.1,3222.1,802.9,2970.0,932.2,1401.1,1159.4,3420.2,5483.7,5274.2,1219.5,300.6
2026-08-02 04:00:00,576.1,163.0,819.8,325.5,579.8,20.6,110.8,19.6,260.3,47.1,210.5,1575.3,2863.0,1582.7,753.4,1283.1,69.6,77.5,792.7,1231.5,327.4,498.2,4136.1,4541.4,1723.7,813.0,4220.0,4406.5,2545.2,2182.4,1402.9,3227.8,797.8,2970.6,929.7,1406.9,1153.9,3423.0,5453.5,5254.7,1221.1,294.4
2026-08-02 04:15:00,572.5,162.9,812.9,323.0,570.8,21.7,107.7,19.6,262.7,50.5,210.5,1601.5,2862.6,1545.2,925.9,1452.3,69.5,77.3,791.6,1239.9,327.0,491.5,4138.8,4500.2,1717.3,812.8,4220.0,4307.5,2544.8,2181.4,1402.8,3228.8,797.6,2987.6,926.0,1405.2,1149.8,3406.0,5421.7,5248.3,1214.5,289.5
2026-08-02 04:30:00,570.2,163.4,801.9,313.2,566.1,27.1,110.4,19.6,261.1,50.7,208.0,1595.9,2863.8,1529.5,943.8,1512.1,69.5,77.0,790.7,1248.3,325.4,484.3,4149.1,4504.7,1712.2,814.0,4219.4,4246.7,2543.5,2180.9,1402.8,3228.0,797.0,2993.1,927.0,1403.7,1146.1,3397.6,5391.3,5242.8,1203.4,286.0
2026-08-02 04:45:00,569.5,165.8,790.9,310.5,565.9,34.5,110.7,19.6,267.9,49.1,208.9,1616.9,2859.5,1524.6,1151.0,1721.3,69.5,76.9,789.2,1258.4,324.7,479.3,4159.0,4491.0,1705.7,813.7,4219.1,4355.6,2543.1,2182.2,1403.7,3229.4,796.7,2955.1,924.0,1403.0,1144.1,3382.9,5367.2,5237.1,1198.1,282.2
2026-08-02 05:00:00,572.9,168.2,789.0,309.6,561.6,36.5,45.6,20.1,245.9,59.8,368.7,1532.3,2899.0,1511.0,1307.3,1818.7,46.2,78.5,811.9,1291.7,336.3,507.7,4179.8,4461.3,1687.4,811.6,4190.2,4768.2,2533.6,2120.4,1397.3,3188.3,793.6,2880.5,920.1,1397.9,1141.4,3379.1,5309.8,5242.7,1175.5,275.6
2026-08-02 05:15:00,564.5,171.4,786.5,302.4,558.3,44.1,40.1,20.1,250.3,58.4,368.3,1518.3,2897.2,1538.0,1306.9,1818.1,46.2,80.2,787.0,1309.6,327.0,507.9,4192.6,4474.6,1682.6,811.1,4189.2,4902.8,2532.4,2120.2,1401.1,3189.7,793.7,2840.9,921.8,1396.8,1140.0,3364.3,5292.4,5241.0,1172.9,269.5
2026-08-02 05:30:00,556.0,175.1,785.1,285.7,557.9,58.6,43.0,20.1,252.2,57.7,369.9,1528.7,2897.3,1538.8,1265.7,1815.6,46.2,82.0,787.6,1296.4,328.2,508.2,4202.6,4492.9,1681.5,815.5,4189.8,4818.2,2531.3,2120.6,1398.3,3191.7,793.8,2854.0,919.7,1395.5,1140.2,3348.2,5269.5,5239.8,1163.9,260.1
2026-08-02 05:45:00,553.8,182.7,776.3,276.6,555.0,80.7,41.5,20.3,252.4,54.4,369.7,1535.8,2901.2,1551.6,1262.3,1816.6,46.2,85.1,789.1,1333.1,326.3,518.3,4225.1,4499.8,1681.3,818.9,4191.3,4612.2,2532.2,2121.3,1398.0,3196.1,794.0,2900.8,924.1,1394.4,1128.9,3329.9,5240.9,5238.7,1169.8,253.5
2026-08-02 06:00:00,555.0,196.2,753.0,280.9,560.4,106.4,114.0,20.6,350.8,35.8,404.8,1527.0,2958.2,1763.7,1364.2,1779.5,44.5,100.9,876.4,1308.2,335.1,508.7,4247.5,4572.3,1690.2,820.9,4206.5,5023.4,2538.3,2195.3,1408.1,3108.6,792.8,2744.6,931.1,1699.2,1140.0,3241.7,5237.3,5231.3,1164.1,244.8
2026-08-02 06:15:00,551.2,215.7,735.6,269.9,555.7,137.4,115.1,20.8,343.3,31.5,399.4,1526.9,2958.4,1802.9,1361.0,1796.5,44.5,102.1,848.0,1299.4,320.3,501.7,4272.0,4553.8,1690.9,822.8,4207.9,4443.8,2540.2,2198.4,1406.7,3109.0,793.1,2888.2,934.8,1699.0,1141.6,3210.4,5211.7,5238.1,1161.9,239.5
2026-08-02 06:30:00,540.6,235.8,718.0,265.7,548.2,170.0,120.6,21.1,335.3,29.8,397.6,1528.5,2962.4,1830.7,1306.8,1805.6,44.5,83.2,845.6,1318.5,315.2,489.8,4301.6,4559.7,1689.4,822.1,4201.5,4301.9,2539.7,2199.0,1409.3,3113.3,793.1,2920.9,937.3,1698.9,1147.8,3184.9,5201.3,5248.8,1164.8,232.8
2026-08-02 06:45:00,534.7,257.7,698.3,271.3,545.0,211.3,122.2,19.6,319.7,25.3,397.5,1526.5,2967.2,1912.4,1285.4,1791.7,44.5,82.4,846.1,1336.8,316.7,487.7,4327.1,4541.1,1687.5,818.1,4199.7,3880.0,2544.8,2200.2,1408.9,3113.1,793.3,3025.0,940.6,1697.4,1151.5,3150.7,5188.9,5261.5,1171.4,226.2
2026-08-02 07:00:00,529.1,298.4,661.1,252.1,542.9,269.4,130.0,8.2,254.7,22.3,283.4,1557.9,2951.7,1994.9,1264.3,1702.8,26.8,101.8,1057.0,1350.2,303.5,491.6,4398.7,4547.5,1720.1,735.8,4160.8,4380.6,2541.7,2398.4,1423.2,3126.6,767.9,3202.2,946.5,1867.1,1152.8,2888.3,5193.0,5275.3,1172.3,223.2
2026-08-02 07:15:00,534.3,328.3,633.0,264.9,550.4,327.6,132.6,7.2,232.8,24.2,275.2,1563.3,2953.9,2031.7,1241.2,1503.6,26.8,102.3,1055.6,1351.6,310.3,468.8,4423.1,4485.1,1721.8,727.1,4148.0,3745.9,2547.3,2369.9,1424.7,3129.9,768.6,3209.1,950.7,1866.4,1167.1,2861.4,5184.5,5313.1,1172.3,231.6
2026-08-02 07:30:00,526.9,356.0,602.5,281.1,555.1,400.1,136.9,7.9,208.7,27.1,280.2,1569.9,2956.7,2055.2,1224.6,1299.6,26.8,82.5,1051.9,1191.8,310.6,473.3,4448.1,4385.3,1732.2,725.3,4143.4,3375.8,2552.5,2322.3,1427.9,3136.5,772.4,3131.9,953.4,1866.0,1170.3,2822.4,5190.6,5350.7,1163.3,240.6
2026-08-02 07:45:00,523.8,386.7,570.5,307.6,562.8,468.3,138.2,8.9,178.7,29.7,281.3,1575.8,3510.6,2095.7,1160.9,1149.1,26.8,82.6,1063.7,1214.2,334.0,208.6,4471.9,4261.2,1747.4,720.9,4141.8,3230.4,2549.2,2301.4,1432.6,3143.4,751.2,2608.9,956.9,1865.9,1168.3,2776.0,5188.4,5390.0,1164.1,251.4
2026-08-02 08:00:00,493.9,411.7,528.2,324.2,583.8,528.3,116.4,15.0,256.8,60.6,212.9,1689.8,3458.8,2463.2,1390.3,1153.8,36.2,66.2,1096.1,1111.8,324.3,551.2,4568.3,4379.0,1792.8,731.9,4450.6,3419.9,2554.1,2006.4,1450.2,3305.3,772.2,3083.8,961.0,1735.8,1159.7,2630.8,5219.8,5463.8,1153.7,244.4
2026-08-02 08:15:00,485.0,440.9,504.5,365.6,591.4,583.9,120.9,7.6,231.1,68.4,213.2,1697.2,4577.1,3062.8,1325.9,1164.4,36.9,67.3,1066.4,1127.6,327.9,323.9,4587.8,4239.7,1812.8,735.6,4401.5,3093.9,2561.0,1995.1,1452.1,3306.3,751.7,2691.6,952.2,1736.2,1168.1,2593.2,5242.2,5515.2,1157.6,268.3
2026-08-02 08:30:00,481.8,474.6,482.1,400.5,600.5,644.5,121.1,8.7,217.6,90.3,221.2,1722.6,4617.5,2458.1,1249.6,1192.2,37.7,66.9,1059.9,1151.6,362.3,252.9,4601.1,4105.4,1834.9,734.6,4486.7,2999.6,2562.5,1990.4,1452.9,3308.3,892.7,2372.8,956.7,1736.7,1170.7,2533.7,5273.7,5569.0,1154.2,293.0
2026-08-02 08:45:00,472.1,507.8,453.7,454.1,611.0,666.7,130.7,9.6,215.9,129.3,223.2,1736.6,4628.9,2436.0,1196.5,1229.6,23.4,66.7,1069.4,1213.4,382.8,268.9,4621.4,4040.1,1847.6,732.2,4572.4,2822.0,2568.7,1977.0,1455.7,3312.3,890.7,2008.3,971.1,1737.2,1175.6,2484.3,5294.4,5622.4,1158.7,317.8
2026-08-02 09:00:00,486.4,554.7,450.7,528.4,626.9,754.1,259.6,20.5,291.8,164.5,282.4,1736.2,4948.9,2761.0,1266.1,1236.5,0.0,138.0,1217.0,1285.7,392.5,229.5,4722.6,4215.7,1915.7,700.5,4497.5,2858.0,2590.2,1670.6,1480.3,3486.5,1004.1,1912.6,979.2,1297.4,1176.3,2380.6,5302.0,5702.7,1143.0,350.5
2026-08-02 09:15:00,479.7,574.6,422.3,577.6,632.0,786.1,260.7,13.0,290.8,202.6,283.1,1754.8,4951.6,2829.6,1235.9,1279.5,0.1,136.9,1219.5,1271.1,402.4,216.3,4741.0,4124.3,1939.4,691.3,4519.0,2758.3,2594.9,1647.1,1484.4,3490.9,1004.6,1573.9,984.4,1298.3,1194.3,2345.6,5341.3,5752.1,1150.1,374.7
2026-08-02 09:30:00,467.3,599.8,398.6,622.7,635.2,818.1,260.5,11.5,301.0,238.3,351.6,1754.3,4958.9,2817.0,1275.1,1337.2,21.7,102.4,1242.5,1278.0,407.0,211.3,4755.6,4001.6,1954.0,685.9,4544.9,2641.5,2598.5,1646.0,1484.4,3478.3,1008.1,1529.8,987.1,1299.1,1200.0,2257.4,5371.0,5798.2,1148.8,399.4
2026-08-02 09:45:00,460.0,593.2,374.5,661.9,638.2,668.3,262.9,12.1,303.5,281.4,362.6,1775.2,5012.8,2804.9,1266.2,1335.9,25.0,68.0,1374.9,1253.2,449.3,186.8,4776.4,3762.9,1978.1,683.1,4558.4,2643.7,2605.2,1642.1,1487.0,3478.3,1008.7,1357.6,989.5,1300.2,1204.1,2212.7,5431.8,5839.5,1153.6,421.6
2026-08-02 10:00:00,496.6,616.9,787.5,686.9,651.6,675.9,144.8,21.7,72.9,332.4,315.0,1818.1,5301.5,3072.7,1545.1,1424.2,68.7,49.1,1508.2,1228.2,440.5,203.7,4948.6,3659.3,2024.5,667.7,4713.6,2655.8,2633.0,1596.2,1504.4,3470.8,1027.0,1372.7,1012.8,845.8,1223.8,1668.6,5437.3,5911.8,1114.2,456.1
2026-08-02 10:15:00,492.6,617.7,768.8,734.1,655.9,691.5,147.0,22.1,71.3,345.6,304.0,1839.3,5317.4,3114.5,1460.3,1476.4,62.1,49.1,1621.2,882.5,441.1,111.7,4954.7,3646.4,2049.6,670.1,4719.6,2658.0,2639.6,1596.3,1512.2,3383.1,1033.2,1365.2,1015.8,847.0,1226.0,1678.3,5458.6,5917.4,1110.9,478.7
2026-08-02 10:30:00,488.8,631.7,984.2,785.0,655.5,704.7,154.8,22.3,70.8,388.1,299.7,1870.3,5387.6,2806.3,1422.5,1503.5,61.7,49.3,1597.5,720.5,457.8,112.8,4957.3,3693.1,2059.7,671.0,4725.4,2662.1,2640.9,1599.9,1509.6,3363.8,1037.6,1365.3,1016.5,848.6,1224.3,1689.1,5467.2,5960.7,1116.4,504.9
2026-08-02 10:45:00,483.9,645.3,976.2,832.7,656.7,694.7,143.6,22.4,70.1,360.4,313.1,1893.3,5420.1,2673.1,1369.8,1368.8,77.6,49.1,1625.6,591.7,463.5,119.2,4953.9,3730.0,2075.0,672.3,4717.6,2666.0,2647.0,1603.0,1510.5,3194.8,1038.1,1363.9,1015.7,850.4,1231.6,1701.1,5486.5,5990.4,1112.2,531.0
2026-08-02 11:00:00,447.4,619.7,972.1,908.3,653.4,698.9,182.0,31.0,142.2,414.3,287.9,1902.3,5575.8,2776.9,1281.2,1421.7,43.5,128.0,1705.7,662.8,476.4,121.8,5051.6,3642.1,2090.9,696.4,4755.6,2696.6,2653.4,1555.7,1517.9,3018.5,1039.8,1394.6,1022.7,688.2,1237.1,1710.7,5594.2,6054.7,1099.2,577.7
2026-08-02 11:15:00,445.6,604.0,963.9,939.8,652.1,707.9,186.0,24.5,141.8,443.9,292.2,1891.1,5578.4,2770.9,1231.4,1450.7,43.2,128.1,1705.8,688.4,476.4,124.9,5053.4,3669.9,2105.2,698.6,4747.0,2701.8,2660.9,1562.0,1519.5,2923.7,1040.5,1389.7,1019.2,690.5,1238.8,1724.3,5601.2,6084.7,1096.4,597.3
2026-08-02 11:30:00,441.8,615.6,957.8,974.1,653.0,711.8,198.1,24.8,141.0,475.5,321.5,1911.4,5577.7,2849.5,1198.1,1477.6,42.9,128.4,1679.5,693.8,474.5,126.1,5044.3,3704.2,2115.4,700.6,4729.5,2704.2,2660.8,1565.9,1520.4,2820.5,1041.7,1377.2,1017.0,692.4,1234.5,1739.6,5610.6,6115.4,1099.1,616.9
2026-08-02 11:45:00,443.4,593.9,953.1,991.0,650.4,716.0,196.2,25.0,140.6,500.0,341.5,1877.0,5612.1,2892.6,1152.5,1495.7,42.6,129.1,1675.3,685.6,472.6,125.3,5023.9,3725.7,2129.1,702.0,4725.2,2706.9,2663.9,1570.1,1520.9,2726.8,1045.1,1375.8,1015.7,695.2,1231.4,1754.1,5619.6,6141.0,1095.7,632.0
2026-08-02 12:00:00,446.1,588.3,944.2,1022.2,653.2,706.3,116.3,87.3,131.4,532.3,309.0,1784.3,5511.7,2940.6,1119.2,1496.8,166.4,145.0,1819.0,685.5,459.7,133.1,5027.5,3706.7,2138.8,731.7,4700.5,2643.4,2649.8,1594.8,1521.4,2506.0,1047.5,1368.0,1013.9,597.7,1227.0,1342.8,5633.5,6189.9,1090.5,628.1
2026-08-02 12:15:00,445.8,592.0,939.7,1042.3,653.0,624.2,120.5,82.7,130.6,551.6,313.1,1609.8,5512.5,2920.7,1113.9,1515.1,165.8,145.7,1790.2,671.4,462.0,143.3,5024.4,3736.2,2146.8,733.6,4704.3,2641.4,2652.4,1600.6,1520.8,2443.9,1049.4,1374.6,1017.0,600.6,1227.0,1358.1,5635.9,6189.3,1093.6,639.5
2026-08-02 12:30:00,446.7,595.4,937.1,1068.2,651.0,598.1,132.7,82.8,130.2,562.4,346.0,1616.5,5530.9,2922.3,1111.3,1517.3,165.5,145.7,1823.4,656.7,462.2,143.3,5020.1,3747.9,2150.9,736.0,4706.7,2643.7,2647.0,1604.9,1520.7,2386.6,1049.4,1374.4,1017.2,602.9,1223.6,1377.6,5631.0,6208.7,1094.4,641.9
2026-08-02 12:45:00,451.2,594.9,934.3,1096.1,650.8,600.9,126.9,82.9,129.4,576.3,335.3,1618.7,5592.0,2896.1,1111.8,1483.5,165.1,145.5,1842.1,642.3,462.4,132.0,5007.2,3777.9,2162.6,736.2,4701.8,2646.9,2654.1,1609.8,1531.7,2379.8,1046.9,1380.3,1020.4,604.3,1223.3,1388.6,5659.5,6193.6,1097.4,644.4
2026-08-02 13:00:00,535.5,563.2,1023.3,1119.9,654.0,495.4,50.6,75.9,116.7,580.6,421.8,1627.3,5461.7,2818.5,1116.7,1419.0,165.1,131.9,1848.3,629.5,463.7,147.8,5181.0,3809.7,2164.8,727.3,4673.5,2623.5,2630.6,1590.1,1526.9,2434.3,1050.0,1397.5,1023.3,497.4,1232.9,1419.9,5743.0,6336.4,1104.9,632.0
2026-08-02 13:15:00,531.8,556.2,1022.6,1119.5,654.6,505.5,50.5,76.1,116.3,582.4,413.0,1630.4,5431.3,2774.3,1115.3,1509.6,165.1,131.8,1845.8,611.1,466.6,149.9,5203.9,3838.7,2174.0,729.0,4669.8,2624.6,2636.3,1594.9,1526.2,2425.0,1048.7,1400.6,1024.9,498.4,1234.3,1434.9,5746.3,6349.0,1108.4,612.3
2026-08-02 13:30:00,543.9,552.1,1020.7,1126.0,655.3,503.7,48.4,76.3,115.9,584.4,403.7,1634.8,5445.4,2721.3,1117.1,1388.8,165.2,131.8,1822.8,596.5,467.6,150.1,5197.9,3875.2,2177.6,730.6,4668.3,2621.3,2633.4,1599.7,1531.6,2423.8,1050.7,1401.3,1018.1,499.6,1234.1,1435.4,5744.9,6335.1,1106.0,618.9
2026-08-02 13:45:00,546.7,542.8,1024.9,1128.7,653.0,500.8,34.4,80.0,115.1,578.1,401.4,1638.0,5478.4,2701.3,1118.2,1382.3,165.3,131.8,1799.9,586.7,469.6,145.7,5189.7,3901.1,2180.5,732.4,4662.8,2614.5,2638.8,1604.8,1532.9,2420.8,1048.1,1399.4,1013.5,501.2,1241.0,1447.6,5783.7,6315.1,1096.8,623.0
2026-08-02 14:00:00,515.5,545.9,1022.6,1099.9,642.8,532.6,111.0,52.0,118.6,554.9,307.0,1631.4,5467.6,2729.3,1110.5,1358.6,115.3,121.3,1776.2,584.1,494.2,137.8,5164.1,3934.4,2183.6,728.3,4642.5,2700.1,2629.0,1631.0,1537.7,2403.6,1053.3,1377.6,994.8,509.2,1236.8,1527.2,5790.3,6350.9,1077.6,653.9
2026-08-02 14:15:00,520.1,540.6,1028.2,1090.8,642.8,481.0,111.0,51.8,118.6,568.4,304.3,1633.7,5467.0,2741.1,1112.3,1335.1,115.2,121.3,1795.2,572.0,493.2,134.5,5178.1,3975.6,2189.1,730.3,4638.1,2701.9,2633.2,1635.0,1537.1,2402.6,1051.8,1377.5,981.3,510.9,1235.5,1549.9,5791.7,6345.6,1080.6,660.7
2026-08-02 14:30:00,525.0,532.7,1032.2,1077.9,640.5,464.3,94.7,54.1,119.0,566.8,303.9,1619.3,5434.1,2708.2,1129.4,1480.7,115.1,121.3,1765.8,563.5,494.1,130.7,5205.8,3987.0,2187.5,733.6,4638.9,2704.1,2640.5,1639.7,1529.7,2397.7,1053.0,1378.0,963.9,511.8,1238.9,1573.5,5786.0,6343.8,1079.0,663.8
2026-08-02 14:45:00,529.2,525.7,1039.3,1064.4,641.0,438.3,94.8,58.8,119.4,556.9,294.7,1620.6,5401.9,2672.7,1152.8,1489.3,115.0,121.3,1741.9,550.3,493.4,142.8,5210.2,3997.0,2190.9,734.5,4641.1,2706.6,2646.4,1643.8,1532.9,2395.4,1053.1,1377.9,951.5,512.7,1236.3,1596.9,5776.8,6379.4,1084.6,665.1
2026-08-02 15:00:00,495.4,521.0,1002.0,1033.8,649.0,464.3,287.9,30.3,81.1,532.1,402.9,1928.1,5370.0,2674.3,1149.8,1682.7,64.9,142.1,1627.5,580.8,470.1,123.1,5069.6,4113.3,2204.5,763.9,4638.3,2635.8,2632.8,1607.7,1537.1,2566.8,1052.6,1366.6,950.9,619.5,1236.1,1640.7,5676.1,6248.2,1098.8,686.2
2026-08-02 15:15:00,504.7,514.7,1013.1,998.2,652.3,497.0,287.8,29.9,81.1,518.2,398.3,1919.7,5341.0,2629.8,1188.9,1683.5,65.0,143.6,1615.6,607.8,467.9,146.8,5050.3,4114.9,2213.8,764.0,4631.1,2638.3,2635.7,1614.9,1539.2,2571.0,1053.2,1378.3,954.0,630.5,1226.0,1663.3,5681.0,6231.9,1103.9,687.6
2026-08-02 15:30:00,508.6,532.1,1038.4,972.4,666.6,479.6,272.2,29.6,81.9,497.8,396.1,1929.7,5337.7,2582.7,1222.9,1676.3,65.0,145.6,1615.0,578.9,470.7,152.5,5037.5,4125.6,2215.1,766.2,4650.6,2640.6,2635.9,1623.1,1531.5,2579.1,1058.1,1386.8,956.1,631.9,1229.0,1666.3,5697.9,6250.7,1117.5,688.0
2026-08-02 15:45:00,515.0,519.2,1070.7,956.4,678.4,564.4,271.5,29.2,82.3,473.2,371.9,1972.7,5336.4,2543.8,1266.5,1659.5,65.1,146.3,1616.5,581.1,484.3,151.4,5028.4,4157.4,2227.0,765.9,4653.2,2642.6,2640.2,1630.0,1531.1,2589.1,1054.1,1386.2,954.2,623.6,1229.3,1665.9,5720.9,6260.4,1127.9,678.1
2026-08-02 16:00:00,534.8,542.9,840.8,953.4,674.9,536.1,246.9,14.8,83.9,432.9,358.2,1924.2,5303.9,2397.3,1233.4,1694.3,113.6,89.0,1379.6,639.9,488.2,239.8,5011.8,4233.8,2235.0,773.1,4691.2,2739.9,2593.4,1629.9,1553.1,2759.3,1052.4,1414.7,968.5,884.5,1220.1,1805.7,5726.4,6236.4,1174.9,659.4
2026-08-02 16:15:00,556.0,574.9,874.4,977.1,680.7,503.4,243.6,14.1,84.3,479.4,352.4,1934.4,5292.0,2615.4,1311.7,1669.2,134.2,87.8,1330.1,648.0,493.0,241.6,5022.3,4237.5,2243.5,773.4,4698.9,2740.2,2597.9,1637.6,1549.2,3080.7,1057.6,1438.2,984.8,882.5,1229.2,1809.7,5787.7,6214.8,1195.5,641.3
2026-08-02 16:30:00,567.7,553.4,473.3,922.7,683.7,504.9,263.9,13.4,86.2,470.8,344.9,1911.4,5249.4,2805.2,1402.0,1723.4,134.9,85.9,1321.1,751.1,508.1,228.6,5031.5,4240.6,2252.6,779.9,4687.3,2802.1,2597.7,1655.0,1548.3,3410.9,1059.6,1551.3,998.6,881.5,1238.9,1813.3,5842.4,6193.0,1220.8,622.3
2026-08-02 16:45:00,572.2,552.7,518.2,869.0,696.2,586.2,262.0,12.6,96.5,442.3,361.1,1896.3,5181.7,2972.6,1463.3,1823.3,110.5,83.9,1314.4,751.5,517.0,224.5,5042.8,4395.3,2263.9,788.6,4678.8,2868.2,2603.6,1710.7,1551.3,3419.1,1058.3,1655.1,1005.1,880.8,1252.5,1851.5,5875.4,6238.7,1245.9,598.6
2026-08-02 17:00:00,706.8,521.4,544.5,781.8,695.5,461.9,228.6,64.2,162.0,413.0,453.5,1844.1,5083.5,2652.8,1407.3,1911.8,72.0,75.6,1401.0,924.0,453.4,252.6,5021.2,4364.0,2263.0,762.7,4575.5,2598.3,2565.0,1828.0,1551.9,3234.5,946.4,1570.2,1005.4,1860.5,1273.8,2802.6,6062.8,6142.4,1341.7,571.7
2026-08-02 17:15:00,705.0,516.6,590.2,719.1,698.7,518.1,229.4,63.4,155.4,390.7,462.8,1825.9,5071.7,2588.7,1451.5,1842.9,72.0,74.4,1349.9,962.2,426.1,237.7,5038.7,4534.6,2274.1,778.1,4551.0,2743.2,2572.7,1862.9,1550.6,3234.6,944.6,1834.9,1002.4,1861.1,1277.5,2814.8,6103.0,6150.0,1353.3,545.7
2026-08-02 17:30:00,719.1,494.9,633.2,651.9,707.3,495.8,225.6,62.5,150.0,344.9,448.7,1794.1,5084.4,3265.9,1464.5,1814.6,72.0,53.0,1349.1,939.3,423.7,220.6,5039.1,4829.1,2272.1,775.4,4303.9,2818.2,2574.5,1889.0,1552.5,3229.3,829.6,2036.3,1004.0,1861.9,1280.0,2888.5,6209.9,6110.9,1385.6,517.0
2026-08-02 17:45:00,708.9,470.1,674.3,570.1,702.4,457.9,226.2,71.3,151.1,301.8,405.1,1801.9,4301.0,3309.2,1546.5,1798.1,72.0,51.4,1359.6,935.4,421.4,244.1,5054.9,5019.7,2277.7,769.0,4308.9,3254.5,2583.2,1933.3,1552.2,3226.5,808.7,2226.6,1001.1,1861.9,1276.5,2986.9,6278.9,6119.6,1408.3,488.0
2026-08-02 18:00:00,710.7,428.3,747.7,490.7,730.5,347.9,41.1,89.1,142.4,267.7,382.9,1802.8,4360.7,2543.5,1270.7,2079.9,45.8,27.8,1286.7,1036.0,474.9,217.5,5077.4,4572.7,2276.6,795.4,4248.4,3043.4,2537.5,2490.8,1571.8,3261.8,846.1,2607.6,1011.3,2092.5,1289.3,3781.2,6372.7,6043.2,1466.5,464.3
2026-08-02 18:15:00,727.0,410.7,840.0,495.6,718.3,315.7,35.4,88.0,142.2,219.0,359.4,1775.1,3595.9,2264.6,1331.1,2401.2,68.9,22.3,1270.4,1006.9,445.8,459.3,5072.6,4736.3,2280.0,815.5,4259.5,3209.3,2543.8,2513.0,1568.9,3255.3,842.6,3096.6,1007.6,2093.6,1283.2,3852.9,6410.8,6011.5,1486.1,432.3
2026-08-02 18:30:00,735.1,392.3,937.0,473.1,718.5,264.3,37.7,87.3,143.8,169.4,383.6,1760.9,3124.4,2341.1,1314.8,2559.3,62.4,23.0,1282.0,967.7,439.8,436.9,5084.9,4997.9,2281.5,839.6,4280.3,3834.2,2541.5,2610.8,1569.8,3252.2,849.5,3093.4,1013.2,2094.2,1295.1,3918.9,6464.0,5964.6,1507.3,392.1
2026-08-02 18:45:00,729.6,374.3,1016.4,472.3,716.1,255.2,38.2,96.7,150.1,128.8,383.7,1741.1,2590.2,2554.5,1339.0,2465.6,62.7,22.7,1292.9,987.7,449.1,448.2,5087.8,5102.8,2286.6,839.0,4295.7,4264.7,2554.2,2643.9,1569.8,3250.1,847.4,3093.6,1013.4,2094.0,1304.6,3997.1,6504.2,6001.1,1529.6,361.7
2026-08-02 19:00:00,692.9,416.1,1076.5,448.3,733.2,264.7,64.9,168.1,178.7,127.5,328.8,1637.1,2610.1,2011.9,1183.8,2374.9,22.8,13.8,1372.3,1015.3,455.5,402.8,5066.3,5019.2,2290.4,795.6,4124.9,4528.8,2510.8,2409.5,1572.7,3437.3,853.1,3319.0,1025.1,2259.3,1338.1,4150.7,6551.8,5831.5,1537.5,310.5
2026-08-02 19:15:00,693.7,333.8,1111.5,631.8,733.0,232.9,65.0,183.3,217.9,115.9,334.2,1610.3,2529.5,2247.2,1106.2,2161.8,22.8,14.3,1351.4,1010.5,454.3,396.5,5066.7,5092.6,2294.9,794.3,4138.7,4772.0,2513.3,2416.3,1575.1,3441.2,859.6,3326.7,1031.1,2257.5,1352.3,4179.4,6585.7,5800.1,1553.0,283.3
2026-08-02 19:30:00,697.7,338.0,1146.4,635.3,730.1,225.2,64.0,167.4,260.6,172.3,358.1,1568.5,2309.1,2095.2,990.0,1980.9,12.8,19.7,1356.9,1006.1,459.0,399.5,5053.2,5161.5,2292.0,793.6,4154.9,5016.4,2511.8,2415.2,1577.0,3443.9,862.2,3325.9,1023.9,2256.2,1354.2,4220.6,6607.8,5786.0,1560.3,256.8
2026-08-02 19:45:00,704.2,301.5,1170.3,632.8,729.1,250.6,62.3,168.3,296.9,163.7,355.6,1542.6,2307.0,2250.9,1138.0,2046.4,22.8,20.2,1363.5,1021.7,453.8,396.1,5041.6,5202.5,2292.5,792.6,4162.2,5177.5,2516.5,2419.3,1580.8,3441.2,861.0,3324.9,1018.3,2255.3,1345.5,4297.3,6631.2,5738.6,1565.8,230.7
2026-08-02 20:00:00,715.2,290.3,1181.2,639.1,734.2,267.3,51.0,201.1,316.4,160.3,242.9,1538.6,2396.1,2119.8,1134.6,1877.2,129.8,8.0,1340.9,924.5,464.2,376.7,4939.4,5151.7,2294.3,786.1,4208.1,5242.7,2497.8,2489.5,1578.8,3489.8,866.5,3140.7,1017.4,2216.9,1325.5,4274.3,6681.4,5721.7,1586.1,201.9
2026-08-02 20:15:00,720.4,286.6,1184.3,644.3,741.7,272.7,51.0,200.1,331.7,155.1,235.1,1542.2,2392.0,2350.3,1180.0,1842.9,129.8,8.0,1342.3,904.5,466.1,370.3,4910.7,5147.6,2297.1,787.3,4212.4,5246.9,2501.1,2490.3,1577.2,3488.5,861.9,3141.0,1016.6,2216.8,1311.3,4299.2,6686.8,5673.4,1589.3,192.9
2026-08-02 20:30:00,733.2,286.2,1185.2,648.8,742.0,269.4,51.0,201.0,348.9,153.9,223.9,1534.9,2395.7,2451.8,1225.2,1861.1,129.8,7.9,1341.4,874.9,469.2,370.9,4881.1,5133.4,2287.6,787.5,4219.0,5258.1,2496.6,2491.8,1580.5,3490.8,862.5,3126.0,1014.6,2218.1,1306.8,4317.1,6683.5,5625.9,1595.1,187.4
2026-08-02 20:45:00,735.8,283.9,1180.0,652.7,747.2,265.5,51.0,200.0,357.4,156.8,228.9,1537.7,2371.7,2664.2,1281.1,1891.4,129.9,7.8,1343.5,864.9,472.5,371.7,4860.7,5126.1,2292.2,788.2,4226.5,5264.4,2500.8,2492.9,1577.3,3488.2,861.7,3132.1,1014.2,2218.6,1308.1,4319.5,6679.1,5603.9,1596.2,175.6
2026-08-02 21:00:00,738.3,285.9,1169.8,585.9,735.3,274.2,51.0,154.1,365.1,139.9,215.2,1540.3,2423.2,2881.0,1412.2,1929.2,186.3,13.5,1373.5,825.8,481.9,348.2,4948.9,5155.6,2283.0,803.2,4230.8,5327.0,2483.8,2474.5,1578.2,3495.6,862.2,3018.2,1011.5,2218.3,1313.6,4322.7,6684.5,5655.7,1615.9,225.5
2026-08-02 21:15:00,738.4,289.8,1154.4,589.1,751.7,272.0,51.0,154.1,362.4,137.8,191.1,1523.7,2425.6,2917.0,1427.5,1908.8,221.4,13.6,1372.6,811.6,465.7,340.2,4984.8,5175.2,2289.1,803.9,4226.7,5321.0,2483.8,2476.7,1580.3,3496.5,858.9,3021.7,1010.8,2222.6,1312.7,4351.6,6665.6,5614.4,1611.3,202.3
2026-08-02 21:30:00,730.9,293.7,1130.9,583.9,751.3,253.3,51.0,154.1,361.2,135.5,195.2,1513.1,2443.7,2980.8,1445.1,1892.2,201.5,13.6,1372.3,804.4,463.8,330.8,4988.5,5117.0,2280.3,805.3,4234.0,5332.0,2480.8,2474.4,1581.1,3495.0,859.2,3009.1,1004.1,2226.4,1309.9,4345.8,6650.4,5606.4,1611.4,205.0
2026-08-02 21:45:00,723.8,297.1,1105.2,588.2,758.6,248.1,51.0,173.4,358.2,126.5,196.6,1502.5,2444.6,3258.8,1429.0,1876.5,201.6,13.6,1374.7,785.7,459.4,339.4,4990.1,5000.6,2283.2,805.3,4224.2,5322.4,2480.0,2474.8,1581.1,3492.8,853.6,3007.7,1000.0,2230.7,1302.7,4352.2,6622.3,5599.1,1604.8,208.7
2026-08-02 22:00:00,695.4,305.7,1065.7,539.1,709.0,184.6,102.0,67.7,343.1,92.4,222.9,1474.5,2296.6,3341.2,1317.6,1941.4,89.7,18.8,1324.8,791.9,459.7,346.0,4884.0,5198.3,2281.6,790.8,4288.7,5356.3,2479.1,2408.4,1566.0,3492.8,851.3,3051.7,995.6,2141.4,1301.4,4086.2,6537.2,5545.5,1572.0,198.2
2026-08-02 22:15:00,694.5,309.7,1040.8,537.4,715.2,167.6,102.0,67.7,339.9,92.3,203.6,1474.9,2289.0,3332.7,1296.9,1909.2,74.4,23.6,1324.7,763.5,456.7,336.4,4835.2,5095.0,2281.4,791.7,4281.7,5350.5,2480.2,2411.4,1567.9,3492.4,850.6,3047.2,989.1,2145.1,1289.0,4036.1,6495.2,5530.5,1553.0,199.7
2026-08-02 22:30:00,687.9,313.3,1011.6,540.0,718.6,169.3,102.0,67.7,339.5,45.5,225.0,1475.9,2521.5,3433.7,1311.2,1891.2,74.4,23.9,1324.5,758.8,453.7,344.5,4802.7,4950.7,2262.0,791.1,4282.1,5358.7,2475.7,2411.6,1564.8,3489.6,847.3,3014.9,982.9,2149.1,1285.6,4032.9,6458.4,5524.3,1538.7,203.2
2026-08-02 22:45:00,684.0,313.1,985.8,511.4,706.6,171.4,102.0,67.7,335.8,27.6,223.6,1475.7,3058.9,3612.2,1281.5,1890.8,74.4,24.2,1326.0,727.6,450.2,333.6,4751.5,4812.6,2251.6,792.0,4273.8,4912.0,2475.7,2414.2,1563.3,3488.2,843.9,3088.9,978.0,2153.7,1282.9,4016.6,6453.8,5522.4,1518.1,204.0
2026-08-02 23:00:00,686.6,317.4,954.9,378.7,644.6,185.8,66.0,10.6,321.1,24.8,187.8,1492.4,2412.8,3724.8,1212.6,1893.0,21.2,24.8,1046.6,601.3,412.9,347.6,4641.1,4976.9,2207.4,769.7,4264.0,5049.2,2455.4,2466.2,1552.8,3483.0,843.8,3033.7,954.7,1888.2,1279.0,3676.8,6310.1,5542.8,1503.1,202.4
2026-08-02 23:15:00,684.5,316.3,936.6,364.7,637.3,177.2,66.0,10.6,319.6,24.8,177.5,1494.3,2986.7,3743.2,1191.4,1870.7,21.4,23.8,1044.1,546.1,409.7,346.5,4619.0,4900.7,2183.4,768.6,4254.0,4483.1,2454.7,2471.3,1546.6,3473.6,837.8,3113.7,947.1,1893.8,1276.1,3654.1,6245.7,5475.1,1473.8,204.9
2026-08-02 23:30:00,679.8,319.0,923.1,357.0,648.4,180.5,66.0,10.6,314.6,24.9,165.6,1493.3,3483.4,3771.0,1181.1,1714.3,6.5,30.3,1041.9,537.0,406.0,345.9,4572.9,4752.1,2161.1,766.4,4256.2,4396.3,2445.1,2470.4,1546.7,3471.9,832.1,3096.4,942.2,1899.1,1271.0,3638.6,6194.8,5465.8,1458.0,206.1
2026-08-02 23:45:00,675.2,321.3,907.6,343.5,648.2,183.3,66.0,10.6,306.6,24.9,168.7,1493.4,3485.1,3823.7,1357.7,1701.4,6.5,28.9,1077.1,523.7,420.6,346.7,4534.2,4625.6,2131.5,766.4,4240.2,3922.8,2442.2,2476.1,1544.0,3472.4,826.9,3053.0,932.9,1904.4,1257.1,3620.2,6116.0,5456.2,1442.5,206.2
