date,EE_buy,EE_sell,LT_buy,LT_sell,LV_buy,LV_sell,AT_buy,AT_sell,BE_buy,BE_sell,FR_buy,FR_sell,GER_buy,GER_sell,NL_buy,NL_sell,PL_buy,PL_sell,DK1_buy,DK1_sell,DK2_buy,DK2_sell,FI_buy,FI_sell,NO1_buy,NO1_sell,NO2_buy,NO2_sell,NO3_buy,NO3_sell,NO4_buy,NO4_sell,NO5_buy,NO5_sell,SE1_buy,SE1_sell,SE2_buy,SE2_sell,SE3_buy,SE3_sell,SE4_buy,SE4_sell
2026-09-01 00:00:00,742.6,295.5,942.6,195.8,618.4,38.2,8.8,34.4,276.0,45.4,153.6,1307.8,3424.7,6722.5,1291.2,1319.3,112.1,66.3,1176.1,733.0,423.2,678.9,4745.6,4265.5,2349.4,1097.8,3390.5,3728.1,2777.4,1965.9,1576.0,3318.0,987.6,2782.4,1019.1,3030.5,1358.2,4863.1,7069.8,4702.9,1642.5,182.8
2026-09-01 00:15:00,738.1,287.7,929.1,199.4,613.4,28.1,9.7,34.4,275.2,48.6,138.4,1319.0,3426.6,6719.4,1265.6,1302.6,119.9,66.5,1180.4,741.0,415.1,677.9,4729.2,4257.7,2319.7,1058.3,3379.7,3309.2,2766.2,1951.3,1573.4,3303.9,974.0,2709.3,1009.8,3029.7,1350.3,4869.3,7024.8,4702.7,1624.6,175.6
2026-09-01 00:30:00,729.4,280.3,933.4,196.7,609.0,28.3,10.0,34.5,276.9,44.6,138.9,1300.5,3427.9,6709.4,1242.4,1265.3,121.0,66.5,1188.4,738.3,414.7,638.2,4704.1,4249.2,2283.5,1034.1,3358.5,3008.8,2751.5,1928.6,1571.4,3298.4,968.8,2709.9,1002.9,3029.0,1343.7,4831.6,6993.3,4700.2,1618.6,173.6
2026-09-01 00:45:00,721.7,274.7,917.1,203.0,604.6,29.6,10.6,34.4,272.3,44.6,124.0,1312.4,3428.4,6695.6,1226.4,1260.1,129.2,66.6,1186.0,744.9,418.1,370.7,4690.0,4223.4,2253.7,1029.0,3343.2,2938.9,2738.7,1929.1,1574.3,3301.3,959.0,2671.2,994.6,3027.1,1337.4,4833.4,6950.7,4598.1,1602.4,172.3
2026-09-01 01:00:00,708.0,270.2,928.7,211.6,629.3,31.4,7.1,34.4,272.0,45.9,145.5,1308.5,3587.0,6652.9,1203.8,1245.5,108.5,64.5,1166.7,703.6,434.8,623.9,4699.7,4239.1,2207.2,1019.1,3400.8,3062.1,2689.7,1892.5,1549.4,3275.4,939.2,2585.2,984.8,2996.5,1339.3,4827.7,6858.5,4651.8,1582.9,160.0
2026-09-01 01:15:00,705.8,267.9,929.8,211.7,624.5,27.6,6.9,34.4,269.5,42.4,136.6,1309.9,3586.3,6623.1,1181.4,1231.0,110.9,64.6,1167.7,706.5,433.4,361.9,4688.6,4234.4,2184.9,1018.3,3388.0,2894.7,2686.1,1894.3,1545.8,3270.9,938.3,2571.9,978.7,2996.0,1335.3,4838.6,6833.2,4637.5,1579.7,158.6
2026-09-01 01:30:00,705.1,265.3,930.4,212.5,624.6,27.5,7.1,34.4,266.1,47.6,139.2,1309.6,3587.6,6559.6,1167.0,1234.5,102.5,64.6,1165.3,715.4,434.8,358.9,4674.1,4231.6,2164.6,1018.3,3378.1,2850.0,2683.0,1893.8,1542.8,3268.0,926.4,2541.4,973.2,2995.5,1331.9,4847.8,6820.7,4619.2,1578.2,162.2
2026-09-01 01:45:00,704.7,263.2,929.6,207.0,619.8,27.4,8.5,34.4,265.8,51.4,129.0,1339.6,3621.2,6518.6,1161.4,1227.9,102.8,64.7,1165.9,716.1,434.4,355.3,4694.6,4233.4,2142.2,1018.0,3366.6,2826.1,2681.3,1895.3,1546.7,3271.0,923.2,2487.7,968.3,2995.3,1328.7,4823.4,6787.3,4592.9,1580.5,162.2
2026-09-01 02:00:00,780.3,265.7,930.4,202.9,614.9,28.4,7.5,34.4,259.5,35.3,140.3,1289.8,3522.8,6491.0,1165.2,1232.6,104.7,65.4,1181.0,695.6,430.3,336.8,4613.5,4237.8,2118.4,1029.6,3374.1,3073.4,2675.1,1893.7,1529.3,3252.3,932.5,2343.6,963.7,2975.2,1324.8,4810.4,6876.7,4681.2,1580.5,156.1
2026-09-01 02:15:00,778.4,262.8,929.0,199.5,612.2,27.7,7.0,34.5,263.7,35.2,124.9,1299.6,4069.8,6438.2,1162.5,1230.7,106.4,65.5,1178.7,703.1,430.9,344.3,4605.5,4236.7,2104.6,1030.2,3365.6,3114.9,2674.5,1895.9,1526.9,3256.8,927.5,2431.6,962.8,2974.2,1322.6,4819.6,6862.5,4689.2,1586.0,154.8
2026-09-01 02:30:00,771.8,259.9,920.0,199.5,617.6,27.2,7.2,34.4,257.9,35.2,128.4,1295.4,4063.7,6409.3,1157.3,1212.4,141.1,65.5,1170.7,700.6,428.1,343.2,4604.6,4237.2,2094.4,1029.5,3360.0,3082.3,2672.7,1894.6,1526.2,3252.1,924.8,2343.8,963.3,2973.7,1318.7,4828.7,6853.0,4671.9,1586.7,153.8
2026-09-01 02:45:00,769.3,254.9,908.9,198.0,615.4,27.2,8.4,34.4,258.2,35.2,119.7,1302.2,4055.4,6375.1,1146.9,1212.6,140.6,65.6,1162.8,709.5,425.9,349.1,4601.6,4232.6,2087.9,1032.0,3356.4,3093.4,2673.0,1894.0,1525.9,3250.4,922.3,2343.9,967.7,2973.4,1312.7,4833.3,6836.9,4637.4,1587.1,153.2
2026-09-01 03:00:00,675.3,252.2,934.7,180.3,612.6,62.9,29.3,34.4,261.9,26.5,133.4,1303.6,3945.6,6168.0,1147.6,1202.4,41.6,66.3,1100.1,714.9,423.5,362.0,4620.9,4272.1,2066.9,1032.0,3350.7,2848.3,2673.8,1883.4,1525.5,3244.4,902.1,2353.5,972.8,2918.0,1316.4,4804.0,6821.5,4729.0,1595.0,148.5
2026-09-01 03:15:00,674.2,248.9,938.7,175.7,612.0,62.3,29.1,34.5,266.1,26.5,128.2,1306.2,4044.0,6088.5,1138.1,1193.3,51.2,66.4,1096.5,719.5,419.9,369.8,4637.4,4270.9,2054.3,1032.0,3347.7,2892.1,2673.9,1882.8,1530.4,3253.2,898.4,2370.9,981.1,2918.2,1312.8,4830.6,6835.3,4733.4,1587.5,147.6
2026-09-01 03:30:00,684.0,246.3,939.6,175.5,612.9,63.0,28.8,34.4,265.2,26.5,133.0,1314.0,3951.1,6062.1,1128.7,1201.6,71.6,66.4,1094.3,715.5,416.9,377.0,4641.6,4275.5,2051.7,1032.1,3344.1,2905.6,2669.3,1882.4,1524.5,3248.5,898.2,2367.2,980.7,2918.2,1313.8,4834.4,6832.2,4738.6,1590.6,147.3
2026-09-01 03:45:00,686.6,244.2,947.1,189.5,618.5,62.1,28.5,34.4,270.2,26.5,130.1,1310.3,3949.0,6020.1,1122.9,1195.0,71.8,66.5,1091.5,701.9,413.6,381.7,4651.1,4274.9,2044.3,1031.9,3342.9,2903.5,2670.1,1882.2,1523.6,3245.1,874.5,2339.5,982.0,2918.2,1317.7,4853.0,6829.5,4729.1,1587.2,147.1
2026-09-01 04:00:00,704.4,243.3,945.0,185.9,602.2,201.6,27.4,34.4,274.0,11.1,128.3,1333.1,3905.1,5840.1,1160.9,1155.7,113.8,65.9,1056.2,721.4,402.6,397.4,4663.2,4289.4,2018.4,1018.1,3359.1,3280.9,2673.3,1881.0,1524.0,3227.3,881.5,2317.3,984.4,2984.8,1330.0,4881.1,6700.2,4578.1,1594.5,144.8
2026-09-01 04:15:00,700.3,246.0,966.4,182.8,614.1,202.1,26.9,34.4,278.6,11.0,126.3,1331.6,3352.1,5799.7,1158.1,1155.6,113.4,65.8,1052.6,713.2,400.4,410.5,4678.3,4287.7,2025.0,1018.6,3343.1,3158.1,2676.5,1881.3,1523.4,3228.9,882.7,2330.0,984.8,2984.7,1337.7,4877.3,6709.0,4656.9,1598.1,145.3
2026-09-01 04:30:00,709.8,246.2,990.9,180.0,621.4,203.4,25.6,34.4,282.4,11.0,128.7,1326.5,3309.9,5763.2,1116.2,1135.3,112.7,65.8,1049.9,712.9,399.6,417.3,4695.9,4288.7,2025.1,1018.8,3370.1,3207.8,2676.2,1881.0,1524.1,3228.6,884.1,2333.1,985.9,2984.2,1345.1,4903.6,6724.3,4655.3,1602.5,145.5
2026-09-01 04:45:00,720.4,251.4,1023.2,179.6,636.1,205.0,24.6,34.6,296.3,11.0,128.7,1327.1,3302.7,5714.8,1112.3,1143.1,92.0,65.9,1048.7,712.2,399.8,501.8,4709.9,4309.1,2033.9,1018.6,3351.7,3282.6,2679.1,1880.4,1524.4,3231.9,885.7,2334.9,986.8,2983.7,1350.5,4919.6,6746.1,4652.7,1616.5,144.4
2026-09-01 05:00:00,752.5,244.8,1050.8,181.2,656.2,306.5,1.9,48.4,312.1,18.9,108.5,1293.8,3429.4,5572.2,1163.1,1137.6,84.5,68.1,982.2,719.3,407.1,671.4,5006.2,4202.3,2062.8,1018.0,3327.9,3239.9,2714.3,1928.6,1534.9,3206.3,902.1,2453.7,965.0,3280.6,1363.3,5045.8,6846.8,4686.5,1652.5,171.3
2026-09-01 05:15:00,760.3,248.6,1088.1,181.2,658.7,308.4,1.6,48.5,317.5,18.9,110.2,1294.9,3436.0,5488.4,1166.1,1138.1,102.9,68.8,975.5,728.9,409.2,750.1,5041.6,4224.2,2098.1,1018.9,3340.2,3420.3,2721.8,1943.9,1537.8,3229.7,908.0,2580.0,970.2,3279.7,1376.3,5052.9,6896.8,4693.2,1681.8,175.5
2026-09-01 05:30:00,767.0,251.1,1123.2,186.2,675.6,315.7,1.3,48.4,328.7,18.9,111.5,1304.3,3445.8,5417.5,1125.6,1155.4,72.0,69.6,979.4,743.1,407.6,762.7,5076.2,4233.6,2117.3,1023.2,3354.4,4069.5,2727.9,1955.9,1526.1,3268.9,912.3,2829.9,976.8,3279.9,1397.6,5076.2,6995.7,4690.5,1705.4,177.3
2026-09-01 05:45:00,764.9,254.8,1149.1,193.7,686.8,327.2,1.2,48.4,342.4,18.9,114.7,1305.8,3451.8,5339.8,1117.7,1158.8,90.1,70.3,987.3,752.2,411.1,771.6,5131.1,4283.8,2158.4,1130.1,3369.8,4642.4,2743.0,1951.6,1512.9,3267.1,921.5,2868.7,984.6,3279.5,1420.1,5099.1,7098.1,4686.8,1738.8,176.8
2026-09-01 06:00:00,813.3,258.2,1199.5,620.5,711.4,521.5,2.0,22.8,364.5,38.4,153.2,1319.9,3822.7,5191.3,1207.8,1221.7,202.9,28.6,1073.5,754.8,419.5,751.9,5258.1,4210.2,2303.0,1294.8,3365.3,4838.4,2764.3,1849.5,1540.4,3242.4,955.8,3521.1,1013.5,3314.4,1421.8,4840.4,7394.9,4702.5,1838.1,202.4
2026-09-01 06:15:00,802.0,263.5,1227.4,822.4,725.8,556.8,2.1,24.2,379.4,44.2,159.2,1309.3,3842.3,5883.8,1212.7,1244.6,193.5,29.4,1058.8,773.7,425.1,764.7,5300.1,4263.2,2378.1,1353.8,3386.6,4880.6,2788.4,1849.9,1527.5,3238.1,969.4,3872.1,1023.5,3314.3,1449.0,4831.7,7540.9,4697.8,1890.4,203.2
2026-09-01 06:30:00,801.0,280.7,1229.8,844.8,740.9,603.9,2.0,24.6,398.3,44.6,170.3,1304.3,3847.9,6019.5,1186.7,1258.6,196.6,30.2,1069.2,833.2,431.8,756.4,5325.9,4314.4,2439.7,1354.0,3440.5,4762.7,2804.5,1859.3,1534.0,3235.0,990.0,4052.1,1035.1,3316.1,1476.5,4921.7,7699.3,4701.1,1939.1,203.6
2026-09-01 06:45:00,797.1,295.0,1233.4,849.3,753.8,650.8,2.0,24.9,420.2,44.8,174.9,1299.1,3861.8,6537.9,1199.4,1265.5,206.6,31.0,1084.8,795.6,445.7,760.8,5355.8,4330.9,2518.1,1353.9,3483.9,4782.9,2828.5,1857.9,1538.9,3232.5,1003.1,4295.6,1046.9,3315.8,1496.3,4953.7,7849.0,4752.4,1995.5,204.5
2026-09-01 07:00:00,832.7,307.5,1251.0,677.0,775.8,710.4,2.4,25.4,468.8,28.7,183.6,1371.8,4007.4,6319.2,1248.7,1275.4,195.7,21.2,1182.1,879.4,455.0,779.6,5431.2,4377.0,2717.7,1325.2,3709.5,5206.4,2875.1,1923.7,1563.3,3239.4,1054.5,4130.6,1066.7,3577.6,1529.6,4771.1,8123.0,4946.4,2082.6,234.6
2026-09-01 07:15:00,838.7,327.9,1249.0,665.4,793.3,743.2,2.4,25.8,479.0,29.6,192.3,1370.3,3493.6,5762.1,1259.6,1281.1,197.3,23.4,1185.2,803.2,453.6,772.9,5467.3,4399.8,2770.0,1325.3,3742.3,5125.1,2895.3,1960.7,1566.8,3261.5,1070.7,4152.3,1072.4,3577.2,1538.2,4832.4,8216.3,4957.9,2114.6,249.4
2026-09-01 07:30:00,833.6,343.3,1234.0,654.7,804.5,773.8,2.3,25.9,475.0,63.6,200.3,1363.8,3769.0,6081.7,1271.1,1302.5,189.4,25.0,1183.9,815.1,447.8,771.7,5480.7,4426.7,2798.1,1324.3,3770.3,4915.4,2906.5,2038.3,1571.9,3256.9,1080.7,4160.9,1076.5,3576.9,1542.0,4813.2,8266.0,4983.4,2133.3,238.8
2026-09-01 07:45:00,827.7,359.1,1207.0,642.1,809.4,803.5,3.5,25.1,491.5,23.4,208.0,1355.4,4046.2,6358.1,1280.0,1313.1,186.8,25.1,1203.0,831.3,457.0,755.3,5499.5,4442.1,2828.5,1324.3,3784.2,4602.7,2922.8,2069.5,1581.4,3252.4,1089.8,4188.3,1084.3,3577.8,1548.3,4790.4,8323.8,4951.6,2164.4,215.3
2026-09-01 08:00:00,840.3,363.8,1170.4,640.2,813.2,716.0,4.9,23.9,495.6,67.7,352.7,1326.8,4243.0,6224.6,1563.8,1393.9,217.6,36.5,1447.5,1086.2,439.0,786.9,5487.6,4616.0,2864.0,1219.2,3872.3,4830.4,2944.8,2249.8,1593.1,3195.4,1108.7,4119.5,1088.3,3625.2,1549.5,4623.0,8349.0,5090.5,2155.8,314.4
2026-09-01 08:15:00,827.3,382.3,1139.2,631.8,815.0,745.5,8.1,25.0,489.7,67.8,358.2,1311.9,4275.4,5483.3,1535.2,1340.0,194.0,38.0,1445.5,890.9,435.3,751.7,5499.6,4623.5,2876.8,1220.7,3869.6,4709.3,2950.3,2281.5,1592.0,3193.9,1111.0,4151.7,1088.5,3625.5,1548.6,4576.2,8328.8,5096.4,2170.0,264.3
2026-09-01 08:30:00,823.8,401.1,1084.3,624.3,812.2,777.0,8.8,26.3,482.3,17.2,354.6,1316.8,4295.2,5067.3,1560.7,1424.1,212.9,38.7,1436.7,906.9,430.3,734.2,5514.0,4589.4,2876.9,1221.2,3867.9,4843.6,2945.5,2298.0,1592.9,3192.4,1117.6,4129.2,1090.7,3625.9,1547.9,4567.6,8321.3,5047.8,2157.7,269.8
2026-09-01 08:45:00,807.9,421.1,1051.6,428.3,811.0,787.5,9.6,27.4,468.9,13.8,366.9,1336.5,4304.7,5076.9,1646.6,1565.0,212.5,38.7,1612.6,890.8,435.1,728.1,5511.5,4601.0,2884.4,1220.5,3876.8,4451.6,2948.2,2348.6,1594.7,3191.0,1129.7,4162.0,1096.8,3626.0,1548.5,4530.1,8313.6,5020.7,2153.6,276.8
2026-09-01 09:00:00,812.2,431.2,1010.0,387.2,807.8,543.1,71.3,15.1,439.3,11.5,290.5,1290.9,4458.2,5417.4,1661.0,1724.5,120.9,151.1,1664.7,1114.3,507.7,785.9,5524.3,4604.3,2885.3,1282.0,3855.3,4260.0,2940.9,2451.8,1600.7,3105.9,1121.9,3923.7,1102.1,3635.5,1529.3,4514.4,8259.2,4906.4,2119.9,226.2
2026-09-01 09:15:00,789.6,446.2,992.8,392.0,809.4,560.1,72.0,16.0,428.4,23.6,293.0,1337.9,4472.0,5507.5,1608.7,1737.7,120.8,148.4,1675.2,981.6,509.2,753.3,5531.9,4611.9,2881.4,1282.4,3842.6,3533.7,2938.7,2452.6,1604.5,3106.0,1121.9,3867.7,1101.2,3636.6,1525.6,4484.4,8229.0,4917.7,2102.2,233.1
2026-09-01 09:30:00,788.9,462.1,978.3,197.4,806.8,582.5,72.5,16.6,417.0,23.2,280.9,1338.0,4488.0,5465.7,1586.3,1618.2,120.8,134.2,1693.6,795.4,525.7,451.2,5529.3,4592.5,2882.0,1230.0,3840.9,2694.1,2933.5,2454.9,1599.9,3106.2,1124.8,3498.7,1099.8,3638.2,1519.9,4454.3,8205.3,4926.9,2087.6,239.8
2026-09-01 09:45:00,774.7,473.6,965.2,205.5,804.4,586.6,73.0,17.2,402.7,26.5,297.6,1362.1,4553.8,5369.0,1515.3,1509.1,120.8,138.6,1874.1,839.5,547.0,470.1,5531.3,4566.7,2878.0,1139.5,3911.2,2034.1,2929.8,2451.4,1602.6,3104.6,1118.3,3131.5,1099.2,3639.8,1509.0,4422.8,8181.2,4895.4,2077.6,246.7
2026-09-01 10:00:00,769.9,482.3,953.8,211.6,800.0,508.6,90.1,11.0,384.0,48.0,235.0,1391.6,4527.2,6024.4,1691.2,1476.1,153.2,81.3,1673.9,873.3,470.9,479.5,5503.2,4489.9,2871.2,1096.9,3903.3,2074.7,2931.0,2472.9,1602.8,3108.5,1104.9,2861.5,1092.1,3627.8,1495.2,4467.0,8182.8,4894.0,2073.7,160.4
2026-09-01 10:15:00,762.6,502.3,929.1,223.5,796.1,514.8,88.5,11.8,352.3,39.2,245.2,1401.4,4791.7,6079.8,1638.6,1503.1,174.5,81.6,1660.9,736.1,470.9,480.5,5486.7,4468.7,2872.3,1037.6,3899.2,1687.2,2927.5,2473.9,1609.8,3082.1,1122.6,2459.6,1089.8,3630.4,1481.9,4448.4,8155.0,4856.1,2064.3,168.1
2026-09-01 10:30:00,757.3,517.8,926.7,240.8,794.8,522.8,88.3,13.4,324.9,45.3,239.2,1442.3,5339.4,6099.1,1621.8,1565.2,155.4,81.9,1659.6,777.6,470.3,490.3,5478.0,4451.6,2871.7,955.8,3885.8,1472.3,2922.2,2477.0,1612.6,3077.9,1138.4,2217.9,1089.0,3632.1,1475.6,4430.1,8135.5,4876.4,2053.2,174.9
2026-09-01 10:45:00,748.8,514.5,898.6,255.4,784.2,522.3,90.2,23.2,306.7,55.0,244.7,1456.9,5345.5,6138.3,1566.9,1602.3,168.4,82.1,1805.5,799.8,469.9,509.8,5480.7,4444.3,2860.1,953.0,3870.9,1331.9,2923.8,2473.4,1642.7,3052.8,1137.3,1942.8,1090.0,3634.4,1471.6,4402.1,8094.7,4893.1,2041.6,181.9
2026-09-01 11:00:00,735.0,512.5,1125.6,275.2,770.3,518.7,69.2,17.5,298.9,86.7,279.6,1526.5,5422.7,6604.8,1740.6,1652.5,161.7,56.6,1761.5,1036.3,494.7,543.2,5457.4,4421.5,2850.9,1031.0,3873.3,1429.6,2912.4,2402.4,1601.0,3078.8,1110.6,1901.3,1082.8,3463.9,1473.9,4205.7,8013.1,4729.0,2018.2,196.1
2026-09-01 11:15:00,728.9,513.4,1101.1,304.9,766.8,514.8,70.0,14.5,282.6,90.7,283.0,1529.5,5410.7,6602.8,1692.4,1679.9,161.9,24.1,1750.2,863.4,484.1,522.7,5460.4,4412.8,2849.7,1031.8,3870.7,1404.3,2910.8,2366.7,1617.3,3076.3,1106.0,1852.3,1080.8,3465.2,1470.3,4190.2,7995.7,4739.1,2004.1,202.1
2026-09-01 11:30:00,729.1,526.5,1293.9,336.1,771.7,499.5,69.9,19.9,272.4,101.4,297.6,1549.8,5474.2,6591.7,1661.3,1703.4,165.8,8.7,1748.9,869.6,487.6,527.1,5414.4,4434.8,2843.4,1032.8,3855.7,1392.3,2907.2,2401.7,1616.6,3076.3,1106.5,1817.7,1079.4,3467.6,1467.2,4178.5,7968.7,4751.4,1988.4,206.6
2026-09-01 11:45:00,734.6,512.2,1271.3,366.5,780.6,474.1,71.1,14.9,262.8,48.3,312.5,1557.4,5400.3,6468.0,1614.5,1709.0,167.5,8.4,1916.1,874.1,493.5,542.3,5406.3,4428.6,2841.5,1033.9,3851.2,1399.0,2907.2,2353.7,1625.8,3074.9,1106.7,1832.2,1078.0,3469.9,1460.9,4166.2,7942.0,4726.6,1968.1,210.8
2026-09-01 12:00:00,738.5,518.9,1302.8,395.5,787.6,461.6,59.9,31.1,220.4,75.6,337.6,1571.5,5535.7,6907.8,1801.6,1756.0,175.8,47.4,1655.7,874.8,515.1,540.5,5372.6,4399.1,2830.4,1051.4,3823.6,1668.0,2901.2,2307.0,1590.4,3075.4,1097.8,1754.2,1064.3,3368.7,1458.8,3912.6,7923.8,4673.5,1978.9,225.9
2026-09-01 12:15:00,740.5,521.5,1295.6,415.2,797.3,451.8,59.7,30.3,208.2,60.6,347.1,1556.0,5714.8,6639.0,1765.5,1764.2,175.4,42.9,1653.9,865.3,514.5,529.6,5357.9,4401.9,2827.6,1052.2,3816.5,1666.3,2898.2,2310.2,1589.6,3064.0,1094.5,1723.7,1062.9,3371.2,1457.3,3903.1,7909.6,4679.5,1958.8,233.3
2026-09-01 12:30:00,730.4,517.1,1283.6,432.6,798.0,446.3,59.4,30.4,205.6,62.3,349.6,1563.8,5753.7,6508.5,1722.8,1744.0,175.1,39.9,1657.9,871.9,514.3,545.6,5379.4,4404.9,2827.3,1052.3,3818.7,1663.1,2891.3,2316.1,1596.3,3061.7,1093.2,1669.2,1061.6,3373.6,1452.8,3896.2,7890.7,4679.3,1952.0,239.5
2026-09-01 12:45:00,729.8,511.9,1274.6,448.8,806.6,438.0,59.4,31.0,209.4,65.6,368.2,1586.5,5786.7,6423.6,1695.7,1763.0,174.9,35.8,1660.4,882.8,516.5,547.3,5375.7,4397.4,2828.1,1051.8,3813.2,1665.6,2892.1,2299.8,1603.2,3061.3,1091.2,1652.5,1060.8,3376.3,1451.8,3887.6,7894.8,4668.4,1942.9,245.9
2026-09-01 13:00:00,731.5,519.9,1299.0,453.9,843.6,429.6,12.8,28.8,203.7,73.3,453.3,1601.8,5913.0,6665.5,1683.1,1767.5,172.2,91.1,1687.1,903.1,504.3,554.7,5314.6,4363.9,2824.0,1062.0,3772.0,1476.0,2878.9,2307.1,1589.6,3081.7,1082.3,1854.5,1054.5,3386.3,1440.3,3805.3,7993.0,4797.4,1906.9,260.1
2026-09-01 13:15:00,736.2,511.6,1292.1,482.4,855.6,422.3,12.7,28.0,203.6,67.1,448.6,1604.4,5928.6,6537.1,1671.1,1771.0,169.8,91.1,1689.5,911.0,503.2,553.8,5326.4,4359.8,2831.1,1062.0,3777.0,1514.5,2881.9,2304.2,1586.8,3080.0,1082.5,1840.4,1053.4,3389.4,1436.6,3800.0,8012.9,4799.3,1898.8,267.0
2026-09-01 13:30:00,738.0,500.5,1291.5,487.2,862.9,416.8,17.5,24.0,207.1,69.6,451.6,1609.0,5936.6,6366.5,1660.7,1789.0,167.5,91.2,1711.1,917.2,500.9,555.8,5360.5,4363.3,2832.6,1062.1,3779.0,1517.4,2879.6,2297.1,1587.9,3072.3,1084.4,1843.0,1049.5,3391.9,1431.9,3791.8,7990.9,4786.4,1885.6,264.2
2026-09-01 13:45:00,741.4,474.9,1299.6,512.4,860.7,414.3,31.1,28.0,206.7,68.3,451.9,1609.7,5958.9,6271.8,1657.1,1798.6,165.2,91.0,1712.3,929.8,505.6,571.9,5352.2,4350.1,2831.7,1062.2,3775.6,1533.8,2881.0,2268.5,1588.4,3064.6,1079.7,1833.3,1044.2,3395.4,1425.7,3781.3,7988.5,4782.8,1869.2,267.6
2026-09-01 14:00:00,778.4,463.5,1292.7,530.6,859.9,412.0,23.7,54.1,204.6,58.2,461.4,1587.8,5780.4,6277.7,1646.1,1797.2,164.7,120.8,1637.7,980.8,519.5,570.9,5465.1,4316.3,2834.9,1062.4,3805.9,1510.6,2872.2,2361.9,1645.6,3010.7,1084.6,1881.0,1035.4,3566.3,1412.8,3809.4,7990.1,4813.7,1844.9,283.3
2026-09-01 14:15:00,785.9,451.4,1301.7,540.7,862.0,393.7,16.2,49.0,210.1,56.1,467.4,1580.0,5755.0,6323.7,1650.0,1799.6,165.4,134.6,1614.2,988.4,510.9,562.6,5461.8,4308.7,2840.6,1061.9,3807.3,1513.1,2872.9,2366.7,1649.8,3014.8,1083.6,1898.8,1028.5,3570.0,1408.4,3802.3,7986.4,4812.9,1830.5,286.1
2026-09-01 14:30:00,790.1,437.1,1295.3,539.6,859.2,367.3,16.2,44.8,204.4,52.1,497.5,1572.9,5743.3,6375.1,1656.5,1789.5,166.2,136.1,1595.8,1009.9,511.0,564.6,5466.4,4315.4,2837.1,1061.3,3803.8,1512.2,2863.3,2408.0,1643.0,3030.1,1088.2,1887.7,1020.9,3573.9,1406.8,3797.2,7978.1,4814.5,1827.0,289.1
2026-09-01 14:45:00,796.0,422.0,1297.4,533.9,860.6,341.8,12.8,53.8,200.6,61.4,446.8,1573.3,5696.6,6438.0,1670.5,1817.1,166.9,128.7,1591.1,1070.6,510.6,572.3,5433.7,4306.5,2848.8,1060.6,3806.7,1514.9,2868.3,2410.7,1642.6,3026.1,1082.3,1902.4,1013.5,3576.8,1411.5,3788.8,7954.8,4811.5,1821.7,288.7
2026-09-01 15:00:00,826.7,396.2,1251.6,532.4,845.1,317.2,40.2,51.6,200.1,51.2,416.6,1567.3,5475.0,6258.6,1416.3,1768.9,162.3,112.6,1765.7,1076.2,532.2,581.1,5441.1,4459.5,2863.1,1064.8,3759.2,1486.6,2901.0,2458.2,1672.1,3003.7,1083.4,1983.4,998.3,3616.4,1411.4,3860.2,7831.9,4711.0,1822.0,297.8
2026-09-01 15:15:00,833.3,385.0,1272.4,556.5,832.4,294.3,40.3,51.3,197.9,55.5,416.2,1565.5,5388.2,6340.5,1444.0,1758.7,160.4,107.3,1569.7,1087.1,505.1,583.0,5437.9,4450.9,2868.7,1064.3,3757.7,1481.2,2900.4,2503.7,1674.1,3021.5,1085.9,2011.6,994.4,3624.1,1418.4,3850.7,7846.7,4709.9,1824.8,298.1
2026-09-01 15:30:00,839.3,361.9,1070.4,555.7,830.0,271.9,37.8,56.4,201.1,114.6,416.8,1549.2,5359.9,6653.2,1464.3,1727.9,158.3,122.7,1542.6,1117.3,494.5,583.6,5460.6,4433.2,2887.2,1063.5,3762.9,1485.1,2900.4,2503.0,1676.4,3021.1,1090.1,2061.1,996.3,3637.8,1426.5,3841.0,7866.3,4695.7,1826.6,286.9
2026-09-01 15:45:00,849.7,351.9,1100.3,561.6,822.0,252.7,37.0,68.9,205.3,103.9,376.0,1540.1,4581.8,6709.3,1497.9,1690.1,156.3,119.2,1535.2,1296.4,486.5,594.3,5425.5,4428.7,2896.0,1062.8,3767.4,1486.0,2902.7,2505.6,1677.2,3046.0,1096.0,2180.7,997.4,3649.2,1433.0,3830.7,7881.0,4693.5,1817.3,281.0
2026-09-01 16:00:00,785.0,316.6,872.3,570.7,795.2,386.6,39.9,68.8,242.5,102.1,330.8,1517.4,4606.4,6239.8,1393.6,1661.5,130.0,55.4,1807.2,1183.7,555.5,591.5,5531.9,4566.8,2935.5,1021.3,3791.9,1518.9,2907.7,2388.7,1689.4,2956.6,1096.7,1948.9,1001.6,3704.7,1447.1,4119.1,7910.4,4688.8,1791.4,273.9
2026-09-01 16:15:00,792.2,311.8,924.5,568.1,796.6,364.7,26.4,65.5,246.1,94.4,297.1,1507.1,4502.8,6301.6,1436.1,1619.6,130.0,65.2,1620.9,1214.1,527.8,588.0,5531.9,4567.9,2950.0,1020.5,3793.2,1518.1,2907.2,2450.7,1687.4,2962.5,1106.8,1958.6,1005.8,3715.4,1453.5,4127.7,7944.1,4708.6,1802.1,268.0
2026-09-01 16:30:00,800.5,300.3,967.3,565.8,800.4,344.1,26.1,65.7,232.0,86.4,293.3,1517.7,5221.3,6442.5,1474.4,1596.7,130.0,47.1,1636.8,1290.6,516.1,591.1,5531.2,4578.7,2958.0,1023.6,3794.0,1580.4,2902.9,2460.0,1682.1,2982.7,1101.0,2213.7,1010.0,3719.8,1474.3,4134.5,7986.9,4884.7,1817.1,258.6
2026-09-01 16:45:00,811.1,289.7,1028.2,567.5,806.6,324.4,26.1,64.1,227.4,79.1,292.5,1510.1,4288.0,6344.0,1555.0,1531.1,130.0,25.3,1646.5,1599.0,534.7,615.9,5536.9,4603.7,2950.2,1103.2,3789.5,1813.7,2900.5,2468.0,1679.4,3067.1,1064.0,2561.4,1018.9,3723.5,1496.5,4123.3,8044.9,4874.0,1837.9,248.2
2026-09-01 17:00:00,822.3,286.8,1084.0,563.6,808.2,322.9,2.0,63.0,208.6,71.5,267.2,1442.2,4310.8,5646.4,1405.4,1455.9,31.5,87.9,1584.1,1478.4,556.8,612.7,5390.5,4918.5,2952.6,1107.7,3756.0,1727.7,2892.8,2453.3,1652.6,2928.4,1104.0,3022.5,1025.9,3816.3,1524.6,4218.6,8215.1,5020.4,1895.0,308.7
2026-09-01 17:15:00,830.1,272.4,1128.6,775.7,810.1,299.8,2.0,62.1,214.5,57.5,266.7,1426.3,4300.3,5609.6,1502.5,1489.8,35.3,86.3,1415.0,1513.5,566.7,611.5,5405.1,4946.3,2951.4,1213.8,3675.0,2189.6,2890.7,2460.7,1645.6,3037.0,1095.9,3692.7,1031.2,3816.1,1543.8,4206.2,8276.1,5023.1,1921.2,305.5
2026-09-01 17:30:00,832.2,277.3,1166.5,744.4,810.6,278.3,2.0,61.3,229.7,43.7,269.2,1404.7,4255.8,5587.6,1545.5,1596.9,52.0,84.5,1426.6,1608.1,560.2,915.3,5419.1,4955.2,2945.4,1367.4,3682.3,2971.8,2899.6,2466.7,1646.2,3102.1,1093.2,3791.5,1030.2,3816.0,1557.9,4191.1,8329.0,5023.6,1943.9,302.0
2026-09-01 17:45:00,846.1,298.8,1182.4,754.8,809.4,262.1,2.0,60.4,252.8,31.3,289.0,1392.4,4311.8,5891.8,1612.7,1704.6,7.3,84.3,1415.3,2072.2,557.6,927.9,5432.6,4934.1,2946.7,1393.4,3692.7,3662.4,2901.8,2469.3,1639.7,3104.7,1095.2,3814.4,1032.1,3817.3,1562.5,4170.9,8381.5,5052.3,1963.1,293.8
2026-09-01 18:00:00,849.2,275.5,1223.5,785.7,829.7,470.1,2.0,59.4,262.6,37.8,320.2,1338.1,4286.3,5198.3,1663.7,1536.2,201.8,0.7,1534.5,1839.6,537.9,602.2,5487.0,4919.3,2929.0,1341.3,3647.3,3515.3,2946.9,2353.9,1634.7,3160.2,1083.6,4215.2,1026.3,3866.3,1559.3,4268.5,8369.1,5152.2,1956.0,305.1
2026-09-01 18:15:00,860.8,271.4,1233.5,785.9,843.0,468.4,2.0,58.8,275.0,31.7,297.3,1318.0,3751.2,5476.7,1530.6,1330.8,237.8,0.4,1347.3,1860.6,539.1,911.6,5506.9,4926.2,2931.1,1342.9,3646.5,4241.5,2948.6,2312.1,1631.0,3157.9,1083.5,4265.9,1024.3,3870.1,1559.2,4270.8,8384.2,5170.3,1960.2,301.0
2026-09-01 18:30:00,872.8,275.1,1240.7,809.5,839.0,471.8,2.0,58.3,299.2,25.2,330.4,1289.8,3422.6,5337.3,1412.2,1129.1,212.1,0.5,1354.6,1921.5,541.4,909.5,5512.9,4940.4,2939.2,1343.4,3668.2,4770.1,2943.4,2311.8,1629.5,3156.7,1084.2,4242.2,1023.2,3875.3,1562.1,4258.8,8395.7,5181.7,1965.5,298.5
2026-09-01 18:45:00,875.5,275.1,1239.9,806.3,845.3,463.2,2.0,60.9,324.2,50.0,360.5,1272.7,3415.7,5238.2,1619.9,1250.6,221.0,0.3,1352.2,2093.6,533.6,934.8,5511.0,4920.7,2943.4,1343.0,3675.7,4878.8,2944.6,2311.4,1629.9,3154.6,1085.8,4244.1,1023.7,3880.9,1569.2,4252.1,8407.0,5229.2,1963.4,294.8
2026-09-01 19:00:00,867.9,255.1,1258.7,1051.9,856.1,492.7,12.0,11.2,332.3,26.2,432.2,1261.9,3367.1,4885.1,1766.2,1229.6,220.4,10.1,1429.1,1883.6,557.8,926.3,5585.1,4846.4,2940.6,1396.6,3670.2,4873.1,2951.9,2288.4,1609.1,3149.4,1091.2,4291.1,1019.3,3825.4,1573.9,4267.0,8425.5,5349.4,1965.6,303.0
2026-09-01 19:15:00,871.7,255.1,1269.8,1066.5,860.3,504.9,12.0,11.1,353.7,95.2,439.1,1247.8,3359.8,5053.5,1822.0,1209.7,239.4,9.9,1270.3,1876.0,545.5,934.0,5583.4,4824.4,2944.9,1419.0,3679.5,4849.4,2954.4,2313.1,1612.8,3148.9,1098.4,4255.8,1018.9,3827.5,1575.6,4270.2,8400.9,5352.8,1963.0,303.7
2026-09-01 19:30:00,872.8,254.7,1278.9,1080.2,861.6,505.1,12.0,11.1,371.2,90.9,445.7,1263.4,3276.5,5224.1,1842.3,1207.3,234.0,9.5,1227.0,1864.3,542.2,934.0,5572.4,4804.3,2949.0,1421.1,3691.7,4850.3,2951.6,2322.6,1622.5,3147.7,1100.7,4241.1,1017.3,3838.7,1575.8,4261.7,8382.1,5342.5,1961.3,304.8
2026-09-01 19:45:00,884.6,255.1,1284.6,1095.3,862.3,504.9,12.0,11.1,377.0,87.6,441.3,1253.5,3275.2,5251.6,1899.5,1228.1,251.2,9.3,1219.9,2035.0,534.0,939.5,5552.3,4814.2,2951.7,1423.0,3692.1,4886.0,2956.5,2285.6,1628.9,3145.2,1104.7,4290.8,1015.3,3851.0,1570.2,4235.1,8387.3,5255.7,1953.9,304.7
2026-09-01 20:00:00,892.4,244.0,1262.7,1100.8,861.1,497.0,2.4,33.0,384.9,88.0,388.8,1342.4,3231.5,5018.7,1737.1,1215.0,273.4,8.2,1273.2,1822.4,523.9,937.2,5518.7,4745.0,2953.8,1416.2,3739.1,4930.4,2963.3,2261.5,1606.5,3154.6,1112.5,4326.5,1013.3,3806.2,1567.9,4255.1,8408.5,5291.5,1948.5,271.5
2026-09-01 20:15:00,894.4,244.4,1260.7,1099.5,854.1,495.3,2.4,33.1,379.4,86.5,366.9,1336.8,3224.5,4941.3,1758.2,1230.3,274.1,8.2,1229.8,1817.1,522.0,941.7,5504.4,4761.8,2954.6,1418.3,3727.1,4900.7,2965.9,2264.5,1615.0,3154.3,1114.7,4313.5,1012.5,3816.3,1563.3,4231.8,8382.8,5248.2,1928.2,273.6
2026-09-01 20:30:00,887.3,253.6,1254.8,1117.9,843.9,502.7,2.4,33.1,378.3,85.9,339.7,1335.6,3218.9,4784.4,1759.1,1234.3,280.0,8.2,1222.1,1824.5,520.5,949.0,5481.3,4783.4,2949.8,1421.2,3730.3,4831.8,2972.4,2249.2,1646.5,3151.3,1118.2,4263.2,1010.9,3826.7,1562.9,4203.2,8351.2,5223.7,1924.4,286.6
2026-09-01 20:45:00,879.3,266.2,1233.6,1121.8,827.6,505.5,4.1,33.1,376.0,86.0,337.9,1343.6,3213.4,4819.0,1755.6,1236.7,264.3,8.2,1269.4,1861.1,518.4,946.8,5446.2,4795.3,2960.5,1424.2,3733.4,4749.4,2965.2,2226.6,1643.4,3110.9,1121.1,4200.2,1008.9,3836.3,1559.2,4127.5,8309.7,5226.7,1907.2,304.0
2026-09-01 21:00:00,879.3,246.2,1197.1,920.4,813.4,449.4,2.3,19.5,380.9,92.4,327.3,1329.4,3107.4,4800.7,1696.5,1272.8,277.8,4.1,1166.2,1859.4,485.5,977.8,5495.0,4784.7,2939.6,1469.4,3771.7,4760.2,2972.5,2166.7,1605.0,3118.8,1125.9,4193.9,1007.3,3780.4,1495.4,4202.2,8151.6,5228.3,1872.8,359.2
2026-09-01 21:15:00,864.8,239.9,1167.5,916.1,795.5,441.1,2.3,19.4,374.8,92.9,319.7,1336.4,3099.5,4724.4,1677.7,1253.6,256.6,4.2,1160.4,1847.4,483.2,958.0,5519.5,4801.6,2932.5,1413.7,3757.4,4733.1,2971.1,2148.1,1638.7,3114.9,1122.0,4092.6,1001.0,3785.6,1484.7,4200.0,8057.5,5193.0,1840.7,374.1
2026-09-01 21:30:00,851.6,251.2,1134.3,924.4,775.7,441.9,2.3,19.5,389.7,30.6,307.6,1322.7,3091.6,4613.8,1700.0,1252.5,257.2,4.2,1155.3,1861.4,480.3,945.2,5500.4,4813.3,2913.3,1393.0,3746.7,4727.4,2968.2,2149.4,1648.1,3073.4,1120.0,3829.5,996.1,3790.6,1473.7,4164.8,7950.8,5209.6,1819.7,388.1
2026-09-01 21:45:00,833.0,243.8,1092.9,940.7,751.6,443.5,3.6,19.4,383.4,29.4,298.5,1333.8,3093.5,4316.7,1685.1,1230.9,257.7,4.2,1201.8,1861.8,477.2,939.4,5459.2,4806.8,2897.3,1334.0,3726.5,4713.9,2956.6,2130.4,1652.1,3021.0,1112.3,3569.3,989.8,3794.9,1456.2,4127.1,7846.1,5230.4,1789.9,399.1
2026-09-01 22:00:00,806.2,253.2,1066.0,941.7,733.8,234.4,2.0,23.0,358.9,27.3,238.8,1246.2,2873.5,4257.5,1567.4,1289.2,90.2,65.7,1101.4,1838.5,469.3,937.1,5351.9,4825.2,2810.9,1284.9,3649.2,4648.1,2939.1,2076.1,1652.8,3055.9,1095.4,3481.5,977.8,3710.5,1454.9,4106.3,7652.0,5230.3,1749.9,364.2
2026-09-01 22:15:00,791.2,253.0,1038.3,743.6,711.4,238.0,2.0,23.9,373.0,27.3,234.8,1262.2,2873.5,4203.6,1572.5,1265.2,89.7,65.9,1096.4,1824.8,466.6,916.1,5290.0,4779.3,2779.8,1285.9,3616.5,4610.2,2931.3,2035.3,1653.5,3046.0,1091.8,3460.1,970.6,3711.6,1433.1,4007.4,7546.8,5258.9,1715.2,373.7
2026-09-01 22:30:00,782.0,245.6,1011.8,772.6,692.1,235.9,2.0,22.3,360.7,27.3,235.5,1250.7,2871.2,4251.4,1595.0,1266.3,89.5,65.8,1091.9,1836.7,463.5,892.8,5225.8,4769.5,2735.9,1225.3,3593.5,4589.8,2921.2,1986.8,1647.7,2981.2,1082.9,3219.8,965.1,3711.3,1415.0,3974.2,7435.4,5284.4,1685.7,385.8
2026-09-01 22:45:00,769.4,243.5,991.6,746.9,677.4,231.1,2.7,21.8,357.5,27.3,229.7,1259.5,2880.4,4240.1,1566.6,1254.3,68.7,65.9,1086.0,1844.1,460.9,889.3,5184.1,4790.3,2700.8,1179.0,3554.9,4551.4,2914.2,2004.8,1650.2,2963.2,1074.4,3050.4,959.9,3710.2,1401.1,3912.2,7356.5,5303.4,1656.8,393.8
2026-09-01 23:00:00,756.4,245.6,960.3,662.2,649.1,102.5,2.4,37.8,360.5,15.7,226.7,1257.8,3062.8,4203.0,1463.2,1231.5,211.0,31.9,1031.7,1816.8,448.9,883.7,5035.8,4761.2,2597.9,1217.1,3452.4,4415.1,2868.9,2009.4,1667.9,2965.9,1050.4,2874.5,949.4,3648.2,1405.4,3716.8,7216.0,5352.6,1654.1,412.1
2026-09-01 23:15:00,747.2,232.9,938.2,656.2,643.4,102.0,2.9,37.8,343.7,15.7,216.7,1260.8,3227.3,4088.6,1432.8,1206.2,175.8,32.2,1027.8,1812.1,447.6,876.8,4988.7,4766.7,2545.5,1154.5,3418.8,4377.2,2857.4,2047.9,1662.5,2941.7,1036.1,2789.4,943.9,3646.3,1390.7,3680.8,7122.2,5257.2,1628.1,417.9
2026-09-01 23:30:00,732.7,232.1,908.1,624.9,635.8,101.5,3.3,37.8,341.3,15.7,217.8,1257.8,3292.4,4076.4,1448.2,1209.1,195.5,32.2,1023.4,1819.3,446.3,873.4,4976.3,4792.7,2508.1,1132.0,3394.9,4350.4,2845.6,2057.6,1665.8,2928.5,1023.8,2714.5,937.8,3643.6,1370.9,3617.7,7032.2,5174.9,1598.5,421.1
2026-09-01 23:45:00,725.5,232.7,885.9,605.5,626.7,100.9,3.8,37.8,337.8,15.7,197.5,1274.9,3679.9,4069.9,1426.5,1213.9,195.0,32.4,1016.3,1828.0,448.5,869.0,4936.6,4710.8,2463.5,1136.6,3366.4,4315.3,2836.1,1957.0,1666.2,2911.0,1014.7,2647.1,930.5,3640.3,1347.8,3596.7,6946.2,5209.3,1567.2,432.5
2026-09-02 00:00:00,699.0,234.7,878.4,721.8,608.0,46.3,14.5,40.7,302.1,18.4,142.6,1292.7,3162.8,4194.9,1336.4,1320.0,60.0,112.6,1038.3,1826.4,437.1,826.8,4551.2,4741.2,2350.3,1284.4,3542.4,3893.7,2648.1,1918.0,1619.3,2834.4,994.8,2463.5,931.4,3324.6,1335.5,3613.8,6889.0,5189.9,1484.4,327.5
2026-09-02 00:15:00,704.3,234.1,878.3,715.9,598.8,46.0,14.6,40.7,300.8,18.4,128.9,1284.0,3168.7,4139.9,1331.0,1299.8,80.2,94.5,1033.2,1835.8,440.4,802.6,4521.3,4753.7,2320.0,1246.2,3530.5,3920.2,2638.5,1922.4,1615.2,2808.0,981.8,2384.3,924.3,3317.9,1324.8,3565.4,6826.5,5206.2,1467.4,336.1
2026-09-02 00:30:00,698.3,233.4,870.1,681.7,596.9,45.7,14.5,40.7,314.2,18.4,114.6,1281.7,3377.3,4180.8,1321.3,1289.0,80.3,67.4,1033.6,1853.2,454.1,789.7,4501.3,4730.0,2284.1,1227.6,3501.7,3876.1,2625.1,1911.4,1612.9,2800.6,971.4,2331.7,919.4,3311.7,1316.5,3559.3,6781.1,5209.3,1469.5,341.0
2026-09-02 00:45:00,689.9,234.0,859.6,674.9,591.8,45.4,14.5,40.7,306.1,18.4,126.7,1288.4,3385.9,4167.7,1345.5,1291.3,116.1,61.2,1035.4,1853.1,463.5,780.9,4485.6,4726.3,2249.0,1225.0,3485.8,3718.8,2613.4,1882.2,1614.7,2786.1,960.3,2238.9,914.2,3304.6,1306.7,3539.7,6732.7,5234.7,1454.6,344.2
2026-09-02 01:00:00,692.5,223.2,852.8,649.7,601.6,44.5,24.5,41.7,330.4,16.1,128.9,1294.7,3414.0,4125.7,1277.5,1267.4,18.1,97.1,1021.2,1826.3,437.9,762.0,4526.2,4686.8,2206.1,1186.4,3485.0,3913.2,2530.5,1892.1,1550.3,2799.9,923.2,2109.0,907.7,3146.1,1289.8,3665.9,6647.5,5289.2,1430.4,355.8
2026-09-02 01:15:00,689.9,223.7,855.0,642.3,609.5,41.8,24.5,41.7,325.4,16.1,114.9,1296.1,3459.0,4099.7,1256.3,1269.6,1.3,97.3,1020.6,1826.0,442.7,741.0,4518.1,4623.3,2183.8,1183.2,3474.4,3873.7,2528.1,1896.4,1548.0,2829.3,941.7,2103.1,905.2,3139.1,1284.3,3659.9,6632.2,5300.3,1420.2,365.1
2026-09-02 01:30:00,693.8,224.9,852.6,622.2,616.4,39.1,24.5,41.7,317.2,16.1,115.3,1297.0,3514.0,4110.2,1242.1,1274.0,3.7,97.5,1018.6,1834.1,443.6,726.6,4535.2,4582.4,2158.0,1178.9,3466.3,3816.7,2524.4,1893.9,1544.3,2852.5,930.6,2071.2,903.4,3132.7,1280.7,3656.5,6591.3,5303.6,1413.2,371.0
2026-09-02 01:45:00,693.1,226.6,854.2,604.8,618.9,36.5,24.6,41.7,319.4,16.1,103.4,1297.9,3543.9,4100.2,1239.7,1277.5,1.6,97.7,1016.6,1838.5,446.0,712.6,4528.2,4563.8,2137.3,1176.5,3460.4,3772.0,2520.8,1895.9,1549.0,2866.0,926.7,2045.3,900.5,3126.0,1275.7,3655.2,6568.7,5300.8,1406.3,372.8
2026-09-02 02:00:00,753.1,236.7,876.6,597.4,642.9,35.1,29.5,39.7,310.9,8.3,116.4,1302.6,3486.7,4113.4,1239.2,1258.1,4.2,97.1,1010.3,1814.8,426.1,695.6,4503.7,4514.6,2106.9,1209.1,3444.7,3829.7,2486.5,1882.0,1528.5,2846.0,937.8,1966.4,898.6,3039.1,1276.9,3809.1,6723.5,5481.0,1404.2,370.8
2026-09-02 02:15:00,753.6,238.8,885.9,594.6,641.4,34.9,30.8,39.7,325.4,8.3,108.2,1304.1,3472.8,4110.7,1250.8,1261.2,12.5,97.1,1011.7,1815.8,436.9,653.0,4498.5,4489.7,2092.4,1192.0,3442.6,3695.2,2483.1,1883.3,1526.4,2857.1,933.2,1967.0,897.5,3031.5,1275.4,3802.6,6700.0,5490.7,1407.4,363.5
2026-09-02 02:30:00,751.2,239.6,917.7,595.7,639.3,35.0,32.2,39.7,308.7,8.3,109.2,1307.6,3505.9,4115.7,1243.7,1264.7,4.1,96.9,1008.0,1821.6,432.7,497.9,4497.2,4481.4,2080.9,1169.1,3443.4,3691.8,2480.0,1887.2,1524.8,2863.3,930.4,1968.3,896.5,3024.2,1275.0,3798.4,6686.5,5500.9,1402.4,370.9
2026-09-02 02:45:00,750.3,239.8,917.4,595.9,637.5,35.2,32.2,39.7,307.1,8.3,100.6,1312.1,3670.2,4126.7,1238.3,1268.1,19.2,96.7,1003.6,1828.2,428.9,429.7,4497.7,4463.2,2067.3,1160.9,3445.4,3688.0,2478.0,1886.8,1525.1,2874.5,927.1,1958.9,898.1,3017.2,1274.7,3793.9,6682.9,5508.4,1399.3,368.5
2026-09-02 03:00:00,691.1,239.9,953.2,595.5,632.5,35.4,20.7,39.8,309.6,7.1,115.6,1318.6,3395.2,4125.8,1279.4,1229.8,33.5,96.0,1008.2,1836.5,423.7,389.5,4485.2,4528.3,2035.2,1129.0,3414.1,3678.6,2488.6,1871.5,1517.0,2887.4,898.0,1915.7,899.6,3037.1,1280.0,3802.0,6691.9,5473.7,1404.3,364.1
2026-09-02 03:15:00,694.6,240.9,956.9,593.5,635.8,35.5,20.7,39.7,313.8,7.1,111.9,1319.4,3510.2,4056.6,1265.3,1230.7,25.2,96.4,1001.0,1840.5,416.4,382.1,4507.4,4512.9,2021.0,1131.6,3419.4,3680.5,2488.0,1867.9,1523.2,2915.8,895.0,1897.5,898.9,3028.9,1279.3,3805.4,6676.4,5481.9,1397.4,369.2
2026-09-02 03:30:00,705.6,233.8,962.7,591.1,625.6,35.7,20.7,39.7,306.4,7.1,110.7,1321.3,3594.6,4075.1,1260.9,1234.0,25.3,96.7,998.1,1840.8,413.6,512.6,4521.1,4507.7,2015.5,1132.4,3426.7,3677.4,2483.8,1871.2,1514.7,2923.7,895.5,1886.2,900.6,3022.8,1279.3,3808.8,6658.1,5505.1,1399.4,369.5
2026-09-02 03:45:00,702.0,235.7,967.8,589.6,629.3,35.9,20.7,39.7,314.2,7.1,107.7,1321.8,3495.2,4086.0,1250.3,1230.4,25.3,77.0,996.9,1839.6,409.6,366.6,4535.9,4486.0,2011.1,1133.7,3431.4,3672.7,2482.7,1866.6,1515.0,2944.2,892.4,1879.7,901.8,3016.9,1278.8,3809.9,6640.0,5505.5,1397.7,370.9
2026-09-02 04:00:00,708.2,237.7,983.3,605.7,635.5,36.2,14.1,43.7,305.5,2.6,89.8,1318.4,3472.3,4029.5,1247.0,1212.7,38.1,84.5,996.0,1818.1,398.9,581.1,4625.9,4582.0,2007.4,1130.3,3438.9,3575.7,2552.9,1841.1,1513.3,2965.6,888.8,1919.0,904.3,3050.9,1259.9,3815.9,6535.7,5405.4,1400.8,367.2
2026-09-02 04:15:00,711.3,248.8,997.6,606.5,644.4,36.5,12.7,43.7,309.0,2.6,87.9,1318.1,3406.1,4031.6,1246.2,1212.5,38.1,74.3,992.6,1807.6,394.5,603.6,4664.3,4571.0,2012.7,1128.1,3449.2,3572.6,2554.9,1867.4,1514.5,2990.2,890.1,1912.0,905.2,3044.8,1264.7,3822.3,6517.9,5417.9,1408.1,364.7
2026-09-02 04:30:00,722.3,249.2,980.3,606.0,657.9,36.8,12.0,43.7,314.2,2.6,91.2,1317.9,3361.8,4033.0,1197.0,1212.5,38.0,94.0,989.6,1793.8,396.1,393.8,4644.3,4564.8,2012.1,1131.0,3454.7,3578.7,2553.6,1872.0,1514.7,2997.8,887.0,1901.3,906.8,3037.4,1273.6,3839.8,6520.7,5430.9,1415.5,362.8
2026-09-02 04:45:00,725.2,249.8,1010.3,622.3,667.8,37.1,12.0,43.7,332.0,2.6,91.1,1317.5,3358.2,4038.7,1197.9,1212.1,37.9,93.8,990.2,1789.0,395.9,600.3,4699.3,4570.8,2019.4,1134.1,3463.2,3561.5,2554.5,1877.1,1515.8,3030.0,888.4,1904.9,908.7,3028.7,1280.5,3892.8,6516.1,5459.4,1425.5,359.7
2026-09-02 05:00:00,762.5,246.5,1015.4,605.7,669.5,111.1,14.6,59.7,341.8,11.5,92.0,1313.5,3465.1,4120.8,1236.2,1205.0,32.0,52.3,1020.7,1771.5,388.5,598.3,5012.1,4471.8,2056.8,1112.8,3474.0,3386.2,2608.3,1859.0,1526.3,2918.4,894.0,1991.6,912.8,3578.7,1262.3,4030.5,6579.3,5386.0,1441.8,346.0
2026-09-02 05:15:00,768.2,252.7,1056.8,623.8,674.6,112.1,14.5,59.7,343.4,11.5,94.3,1316.7,3469.8,4131.9,1219.6,1211.1,12.1,58.7,1026.6,1757.5,381.7,606.9,5090.5,4489.2,2091.4,1149.5,3489.2,3420.6,2614.6,1869.7,1531.6,2934.2,898.4,1991.0,918.2,3566.6,1278.6,4088.0,6610.6,5474.8,1468.7,357.9
2026-09-02 05:30:00,770.5,275.3,1082.7,618.0,693.3,142.2,14.5,59.7,356.3,11.5,96.6,1310.5,3486.5,4178.2,1175.7,1221.4,13.1,61.8,1026.1,1735.0,384.0,617.5,5145.0,4531.4,2122.4,1160.4,3507.9,3555.5,2617.9,1907.7,1548.9,2969.5,908.4,1991.6,923.9,3553.8,1294.9,4174.8,6684.8,5558.0,1477.2,354.2
2026-09-02 05:45:00,783.2,287.9,1104.2,631.4,707.3,164.4,14.5,61.1,368.4,13.6,99.0,1324.1,3295.7,4186.0,1162.8,1239.2,34.2,60.9,1033.6,1711.0,386.4,633.8,5217.1,4540.9,2164.4,1171.8,3533.4,3622.8,2631.0,1962.5,1553.1,3002.7,914.7,2041.3,929.3,3538.9,1315.8,4229.1,6774.6,5657.7,1500.9,352.2
2026-09-02 06:00:00,817.8,296.7,1135.9,683.5,738.4,275.7,62.1,31.2,401.4,28.8,129.8,1263.0,3611.7,4314.5,1215.0,1242.0,40.0,73.7,1134.0,1709.1,414.0,615.4,5370.3,4500.4,2293.6,1160.5,3524.8,4118.3,2704.1,2070.6,1567.3,2981.6,970.1,2261.3,945.0,3595.7,1352.6,4293.0,7048.7,5740.3,1581.2,355.2
2026-09-02 06:15:00,819.7,299.7,1150.8,683.0,755.3,285.5,62.0,31.2,415.7,27.7,137.0,1253.1,3635.8,5356.2,1234.4,1251.0,39.5,73.9,1119.3,1692.9,419.3,634.4,5373.2,4489.4,2361.4,1264.4,3555.7,4181.2,2726.1,2071.6,1566.2,3026.8,960.7,2458.6,957.0,3576.5,1378.5,4318.5,7199.0,5733.9,1628.0,348.1
2026-09-02 06:30:00,818.8,306.8,1158.9,699.8,762.4,297.3,62.0,35.8,430.8,27.2,147.6,1248.3,3091.4,5138.7,1212.7,1251.4,14.2,73.7,1130.0,1661.4,429.0,632.6,5314.4,4488.0,2420.3,1306.2,3599.7,4327.1,2744.5,2083.4,1574.8,3081.2,980.6,2687.9,969.4,3555.4,1405.2,4352.5,7367.6,5725.0,1670.3,336.4
2026-09-02 06:45:00,815.4,306.3,1158.1,749.7,772.9,318.4,62.0,33.2,455.4,29.7,154.0,1262.5,2827.8,5214.7,1226.5,1268.6,12.1,73.9,1141.1,1661.8,443.6,655.8,5344.7,4521.6,2505.8,1389.2,3636.5,4321.3,2767.2,2122.8,1582.2,3118.7,981.6,2765.9,979.2,3532.6,1429.2,4409.3,7511.2,5720.7,1723.7,351.0
2026-09-02 07:00:00,855.6,384.9,1181.5,720.2,793.2,424.8,47.0,27.5,473.7,32.7,156.6,1317.7,3024.5,5332.6,1271.5,1305.6,0.0,138.1,1236.5,1641.1,462.8,722.9,5409.7,4618.1,2676.1,1439.4,3792.8,4634.5,2841.1,2159.8,1614.5,3101.5,1034.4,3165.2,1004.0,3689.1,1563.3,4535.4,7791.2,5827.9,1804.3,310.1
2026-09-02 07:15:00,857.0,386.2,1179.7,720.9,811.9,449.5,47.0,28.6,485.2,32.8,174.4,1315.5,3009.2,5363.1,1295.1,1296.5,0.0,137.0,1238.4,1628.4,462.4,699.7,5422.5,4625.4,2735.9,1436.7,3809.5,4666.2,2862.3,2203.6,1622.2,3137.4,1053.1,3287.5,1023.9,3676.5,1577.5,4577.2,7884.6,5832.6,1848.2,357.3
2026-09-02 07:30:00,853.2,409.1,1159.9,721.1,827.5,480.8,47.1,27.0,495.3,28.7,193.6,1318.8,2983.9,5344.2,1306.5,1308.5,0.0,137.5,1241.7,1618.9,461.0,700.5,5437.5,4691.8,2761.5,1433.5,3821.0,4677.4,2875.4,2222.7,1619.0,3149.8,1062.7,3307.4,1040.0,3664.9,1585.5,4588.1,7941.2,5864.2,1866.2,346.6
2026-09-02 07:45:00,842.0,386.0,1129.6,671.5,833.3,509.3,47.0,23.9,494.3,25.3,210.8,1327.1,3100.0,5239.9,1298.8,1319.6,33.2,82.5,1253.3,1601.9,472.6,717.9,5447.8,4693.2,2789.8,1431.0,3816.9,4670.7,2891.4,2260.8,1619.5,3183.3,1071.6,3417.3,1055.8,3650.9,1592.8,4601.6,7988.6,5884.1,1889.8,339.3
2026-09-02 08:00:00,835.4,350.1,1116.7,636.3,834.7,476.3,2.0,40.2,488.7,23.2,241.7,1259.4,3384.3,5631.3,1591.3,1421.4,50.1,99.6,1364.4,1778.7,468.3,766.8,5457.1,4668.5,2824.5,1427.6,3852.4,4265.3,2915.3,2275.2,1617.2,3200.6,1089.0,3737.0,1055.8,3569.1,1570.7,4650.5,8015.9,5926.9,1888.4,314.3
2026-09-02 08:15:00,835.0,366.0,1072.0,625.2,837.6,496.3,2.0,40.6,467.9,20.1,252.1,1267.8,3369.1,5375.6,1566.3,1404.5,50.6,100.0,1359.8,1579.6,465.4,744.6,5453.7,4671.7,2833.5,1422.2,3839.6,4398.5,2922.3,2318.2,1611.4,3198.4,1091.6,3632.5,1061.2,3563.1,1570.5,4641.7,8009.8,5899.0,1895.5,326.3
2026-09-02 08:30:00,819.8,373.5,1006.4,615.0,835.4,521.9,2.0,39.0,445.3,22.2,256.9,1287.1,4188.0,5677.1,1549.4,1395.9,6.2,100.4,1360.1,1581.8,462.1,738.2,5446.4,4674.5,2831.6,1417.6,3830.6,4330.0,2920.1,2312.0,1613.9,3190.3,1098.2,3551.0,1067.9,3558.1,1567.3,4623.6,8000.4,5902.0,1888.2,339.9
2026-09-02 08:45:00,807.3,394.6,950.1,615.8,831.3,547.8,2.0,39.7,431.1,28.3,260.9,1309.3,4364.5,4994.5,1521.0,1418.4,0.0,108.9,1550.6,1571.2,473.3,741.7,5430.1,4687.3,2830.6,1400.8,3823.5,4276.6,2903.0,2358.3,1616.1,3186.7,1106.4,3385.1,1076.6,3552.6,1563.8,4608.4,7985.5,5900.6,1887.2,355.0
2026-09-02 09:00:00,797.6,428.4,922.9,589.6,822.4,377.0,1.9,38.6,410.2,23.4,230.2,1305.2,4300.3,4985.4,1446.8,1572.2,0.0,176.7,1459.3,1742.0,495.4,739.5,5347.5,4784.2,2815.2,1453.7,3828.8,4212.1,2912.1,2375.5,1628.3,3175.4,1099.9,3077.7,1083.3,3372.1,1568.4,4477.2,7915.2,5877.0,1853.0,390.1
2026-09-02 09:15:00,784.5,460.1,871.7,611.0,816.1,407.2,2.6,39.3,378.4,30.6,226.6,1337.3,4299.7,4606.2,1535.3,1673.6,0.0,216.1,1461.0,1545.7,492.9,726.9,5316.2,4835.4,2813.1,1449.8,3814.2,3997.0,2914.3,2373.1,1638.6,3158.6,1097.6,2925.9,1084.1,3369.6,1567.7,4449.6,7899.6,5861.2,1846.1,409.6
2026-09-02 09:30:00,775.6,476.4,847.5,659.7,808.5,443.5,4.1,40.1,345.3,37.6,198.5,1361.4,4343.2,4004.4,1608.6,1790.7,0.0,340.4,1461.0,1546.8,495.7,747.9,5295.0,4852.2,2813.0,1380.2,3813.6,3456.2,2910.0,2370.7,1644.1,3129.3,1104.8,2817.5,1084.6,3367.3,1559.5,4420.9,7884.4,5884.7,1842.0,429.1
2026-09-02 09:45:00,759.4,495.8,819.9,693.4,801.8,475.0,4.8,40.6,310.9,43.8,204.5,1369.7,4583.8,3476.7,1560.6,1820.6,0.0,378.4,1654.6,1543.0,566.2,545.2,5279.4,4867.5,2809.6,1353.8,3867.9,3012.6,2913.7,2366.8,1652.4,3101.5,1104.8,2665.1,1084.4,3365.3,1548.1,4394.1,7863.2,5924.3,1841.6,448.0
2026-09-02 10:00:00,747.2,528.4,782.4,689.2,792.6,479.7,14.0,37.7,277.2,57.8,425.3,1442.5,4742.8,3710.4,1494.7,1754.5,45.8,369.5,1649.5,1537.8,599.6,556.5,5230.8,4763.8,2798.8,1366.3,3764.8,2593.7,2927.8,2215.7,1669.6,3102.7,1098.1,2671.8,1059.5,3362.1,1577.2,4239.3,7824.2,5901.7,1823.8,401.6
2026-09-02 10:15:00,738.2,537.5,741.0,750.3,791.1,508.3,12.0,37.9,247.1,52.9,429.8,1460.1,5012.5,3686.6,1486.4,1611.8,45.3,374.8,1631.1,1350.1,584.9,559.3,5216.1,4736.7,2801.6,1389.3,3750.6,2387.5,2952.8,2168.4,1676.5,3100.7,1103.2,2705.2,1055.9,3360.8,1565.5,4235.5,7793.1,5795.2,1818.4,412.5
2026-09-02 10:30:00,733.6,554.9,716.4,816.3,801.2,536.4,15.1,38.3,224.6,53.5,430.4,1484.9,5494.9,3746.1,1485.1,1562.4,44.9,367.7,1614.0,1370.8,580.1,575.8,5302.0,4742.5,2799.5,1315.5,3738.4,2193.7,2949.5,2121.3,1669.7,3083.7,1100.8,2685.0,1055.0,3359.5,1558.3,4229.3,7761.2,5714.2,1818.0,422.2
2026-09-02 10:45:00,723.6,552.9,691.1,869.0,799.1,562.6,30.1,38.5,225.0,55.3,429.0,1500.4,5633.2,3706.8,1452.1,1572.7,44.5,377.7,1787.0,1357.9,589.4,592.0,5281.5,4740.7,2792.8,1227.6,3719.3,1895.6,2954.8,2075.0,1666.6,3062.7,1097.4,2416.0,1059.4,3358.4,1554.2,4189.6,7781.6,5691.8,1813.8,430.8
2026-09-02 11:00:00,715.4,608.2,704.2,977.6,789.2,585.9,43.6,10.7,221.4,69.7,289.7,1545.9,5762.5,4153.6,1415.1,1711.2,54.0,266.0,1665.9,1549.4,571.9,611.0,5288.5,4489.9,2807.0,1212.6,3786.2,1497.8,2944.7,2089.2,1647.8,3072.2,1086.4,2144.5,1052.8,3216.2,1543.6,4053.2,7678.3,5809.1,1801.8,440.6
2026-09-02 11:15:00,716.6,618.9,691.5,1013.2,783.4,610.2,45.9,10.8,217.6,64.1,290.9,1527.1,5910.2,4151.6,1387.4,1688.3,53.8,245.8,1644.6,1356.3,568.3,615.2,5301.5,4488.0,2813.6,1207.2,3785.9,1439.6,2949.0,2110.6,1645.8,3073.2,1080.4,2038.7,1053.0,3215.7,1514.4,4044.0,7690.7,5744.5,1793.2,446.6
2026-09-02 11:30:00,705.2,613.8,903.7,1057.8,785.8,629.3,63.8,10.9,236.1,46.6,294.3,1542.1,5914.5,4128.1,1373.4,1644.7,53.4,248.4,1637.3,1351.0,566.1,628.5,5257.7,4492.7,2813.1,1209.7,3768.9,1438.9,2935.1,2109.7,1645.7,3066.3,1093.3,2022.1,1052.7,3215.0,1508.8,4060.4,7675.4,5767.1,1790.0,450.3
2026-09-02 11:45:00,715.8,613.2,899.7,1071.1,787.3,650.6,66.0,11.0,235.8,47.7,309.4,1553.1,6071.7,4135.1,1356.9,1626.2,53.1,248.7,1813.0,1355.4,566.1,630.7,5241.7,4489.3,2813.7,1200.3,3771.4,1419.9,2933.8,2123.8,1646.9,3071.5,1088.9,1850.1,1052.3,3214.5,1502.7,3975.8,7655.6,5788.6,1788.6,454.5
2026-09-02 12:00:00,761.6,638.8,902.5,1124.6,797.4,655.4,66.8,11.0,228.4,45.0,236.3,1587.8,5834.8,4466.7,1338.6,1666.9,55.9,222.2,1565.4,1306.9,563.2,643.6,5169.2,4478.9,2823.9,1160.9,3842.0,1416.8,2932.4,2186.6,1661.5,3090.9,1101.6,1685.2,1064.8,3018.8,1494.4,3928.0,7679.6,5905.1,1781.7,465.8
2026-09-02 12:15:00,756.2,625.1,898.2,1169.6,805.7,672.9,74.1,10.9,228.9,44.0,240.2,1598.3,5975.3,4396.0,1340.8,1658.9,55.1,204.4,1547.9,1309.2,559.9,655.1,5154.4,4484.0,2822.3,1163.0,3830.4,1417.2,2926.2,2170.1,1661.2,3096.2,1098.1,1674.4,1064.8,3018.6,1487.8,3884.9,7680.2,5910.2,1774.4,476.7
2026-09-02 12:30:00,748.0,623.4,884.8,1205.0,814.6,680.3,85.3,10.9,259.1,19.1,237.2,1610.3,6087.2,4349.5,1330.0,1670.2,54.3,196.6,1558.6,1302.7,562.9,658.9,5134.6,4475.8,2820.6,1167.2,3829.2,1414.0,2921.4,2158.4,1660.3,3100.3,1095.6,1671.4,1064.0,3018.0,1482.5,3849.8,7670.5,5878.6,1777.7,488.8
2026-09-02 12:45:00,744.9,619.6,879.3,1256.8,819.2,693.8,82.2,10.8,251.6,66.4,243.8,1638.4,5899.3,4366.7,1334.6,1661.0,53.5,196.0,1552.4,1319.5,555.9,669.7,5122.6,4413.3,2820.7,1170.5,3825.8,1410.3,2923.4,2154.3,1668.0,3102.8,1089.4,1664.7,1064.0,3017.4,1478.3,3822.8,7687.2,5886.5,1784.5,498.5
2026-09-02 13:00:00,803.1,621.0,934.7,1306.3,854.8,693.1,82.9,20.5,254.1,20.9,400.1,1644.4,5890.0,4538.2,1393.5,1627.2,52.7,202.7,1645.6,1304.5,570.5,680.4,5187.8,4503.0,2813.5,1192.6,3883.9,1480.0,2924.7,2142.5,1619.6,3101.9,1070.2,1623.1,1059.2,2750.0,1472.3,3860.9,7750.8,6077.0,1782.8,495.8
2026-09-02 13:15:00,794.2,617.3,983.1,1305.9,853.8,687.2,75.2,20.4,268.0,23.0,424.8,1647.7,5944.5,4511.8,1410.4,1609.4,52.5,189.0,1657.6,1283.9,587.8,681.6,5194.2,4517.3,2818.8,1195.7,3888.4,1478.3,2929.0,2149.6,1616.5,3097.6,1065.9,1623.7,1059.5,2749.0,1466.1,3872.9,7746.2,6091.9,1788.3,500.9
2026-09-02 13:30:00,793.1,600.4,979.4,1312.1,850.6,682.8,64.4,20.4,268.7,21.8,441.4,1658.0,5929.3,4429.0,1414.1,1599.7,52.4,184.0,1658.6,1277.2,589.3,679.0,5192.5,4518.3,2819.7,1198.6,3891.4,1480.1,2927.3,2146.2,1616.4,3100.1,1066.8,1623.5,1058.8,2748.0,1459.5,3863.0,7745.7,6092.4,1781.0,508.2
2026-09-02 13:45:00,801.4,592.8,984.7,1321.0,847.4,676.8,63.1,20.0,295.9,18.8,441.9,1662.5,5854.0,4406.3,1419.8,1588.7,52.2,207.3,1667.5,1254.8,607.1,670.6,5155.3,4480.8,2817.5,1202.8,3885.7,1481.6,2930.5,2148.9,1617.9,3099.2,1060.4,1602.1,1056.7,2746.1,1453.8,3835.8,7737.7,6086.8,1776.8,512.6
2026-09-02 14:00:00,801.2,582.6,1208.3,1274.6,836.3,685.2,48.9,49.7,294.6,24.4,411.0,1658.2,5709.5,4504.8,1469.3,1601.3,52.1,207.3,1514.8,1285.4,563.6,673.6,5209.6,4552.5,2839.5,1208.4,3900.3,1486.7,2927.6,2180.3,1625.0,3087.4,1070.2,1574.8,1049.7,2838.0,1447.8,3918.9,7774.4,6122.9,1765.8,526.9
2026-09-02 14:15:00,811.4,578.3,1214.5,1270.4,839.7,678.7,41.6,49.5,304.5,26.0,408.4,1653.7,5628.5,4597.8,1477.9,1577.0,53.0,209.7,1511.4,1257.8,567.1,649.4,5259.7,4562.1,2843.6,1211.0,3895.5,1487.7,2930.0,2180.3,1630.5,3089.7,1069.0,1568.6,1048.8,2837.9,1443.9,3921.9,7765.5,6152.7,1765.0,530.4
2026-09-02 14:30:00,817.4,569.7,1217.3,1258.2,830.6,665.5,32.9,49.2,313.2,28.4,398.5,1644.7,5512.5,4700.4,1490.8,1532.2,53.9,205.8,1509.5,1245.7,566.1,642.1,5273.1,4556.7,2840.6,1214.5,3891.4,1486.6,2927.4,2178.0,1622.2,3084.5,1064.4,1555.0,1048.7,2837.7,1441.8,3946.0,7743.8,6160.9,1763.8,534.7
2026-09-02 14:45:00,826.9,562.4,1222.6,1242.5,829.8,641.8,29.9,48.6,274.2,35.7,401.6,1648.5,5334.4,4785.0,1505.9,1510.8,54.8,202.7,1508.7,1254.8,564.4,648.2,5250.7,4550.4,2846.6,1216.4,3896.3,1485.7,2931.9,2179.1,1620.4,3079.0,1070.8,1601.2,1047.8,2837.3,1442.5,3962.9,7736.4,6156.6,1759.0,539.0
2026-09-02 15:00:00,826.0,547.2,1165.4,1265.2,822.3,614.2,50.8,45.1,280.6,53.3,293.0,1616.7,5544.7,4544.8,1463.1,1612.5,55.6,176.3,1730.9,1248.5,575.7,622.7,5332.6,4555.2,2852.0,1223.5,3855.4,1423.3,2914.3,2080.6,1627.0,3107.0,1063.1,1793.2,1045.9,2873.3,1484.9,4013.5,7630.4,6035.0,1746.9,545.9
2026-09-02 15:15:00,823.7,535.6,1166.1,1246.9,826.6,578.1,47.2,44.8,284.2,14.9,244.8,1616.3,5144.0,4645.1,1497.2,1557.3,55.5,175.7,1571.2,1237.8,556.1,627.1,5278.7,4542.3,2856.5,1230.4,3849.4,1466.1,2916.9,2078.0,1631.9,3107.9,1065.1,1896.1,1046.1,2873.2,1463.9,4022.7,7611.5,6040.1,1751.1,534.4
2026-09-02 15:30:00,827.4,523.5,1171.1,1232.7,830.7,537.5,41.1,44.2,304.3,26.7,240.5,1611.0,5098.9,4676.5,1531.2,1505.7,55.2,174.9,1551.5,1236.3,552.9,620.5,5317.9,4553.9,2874.5,1274.5,3852.0,1554.3,2916.6,2072.9,1630.6,3104.9,1073.4,1971.1,1047.7,2873.0,1453.7,4107.0,7618.2,6092.6,1754.4,522.2
2026-09-02 15:45:00,829.9,516.4,1183.9,1215.9,824.9,489.7,40.9,43.7,311.6,30.0,241.7,1604.4,4469.5,4714.5,1552.7,1466.4,54.9,155.6,1555.0,1373.3,558.9,619.2,5330.5,4552.6,2885.5,1276.4,3852.7,1554.4,2922.6,2087.1,1628.8,3082.2,1074.6,1957.7,1048.2,2875.0,1458.6,4170.6,7633.1,6104.4,1754.7,519.1
2026-09-02 16:00:00,749.7,470.9,1171.9,1160.1,797.8,446.7,9.0,115.9,308.6,35.9,363.0,1565.1,4316.3,4362.0,1543.5,1522.2,214.3,58.4,1686.0,1335.8,571.3,588.9,5423.6,4675.3,2923.2,1353.1,3745.4,1733.4,2921.5,2000.3,1632.7,3078.3,1087.3,2454.1,1053.5,3083.1,1463.6,4255.3,7639.2,6022.1,1763.5,504.0
2026-09-02 16:15:00,730.8,454.0,1203.3,1152.0,801.3,408.0,6.4,115.1,325.9,27.3,339.2,1562.6,4244.1,4377.5,1585.6,1511.1,215.3,64.9,1506.3,1385.3,538.3,576.7,5395.5,4714.9,2934.3,1408.4,3756.4,2026.3,2922.5,1957.0,1631.1,3070.4,1092.0,2813.1,1056.3,3083.3,1468.7,4299.7,7655.0,6032.3,1772.3,493.7
2026-09-02 16:30:00,749.2,438.6,1015.9,1084.5,806.3,364.8,5.7,114.3,318.4,25.3,315.8,1554.3,4312.9,4472.3,1631.5,1526.0,216.4,25.3,1517.3,1551.3,543.3,565.7,5365.0,4709.6,2944.0,1402.3,3764.7,2655.1,2928.6,1966.0,1630.3,3067.8,1054.4,2747.8,1057.5,3083.4,1474.8,4298.2,7695.5,6015.7,1785.7,486.2
2026-09-02 16:45:00,767.1,419.3,1074.6,1056.4,804.8,322.5,3.5,113.5,315.5,24.2,316.3,1576.5,3998.8,4400.7,1691.2,1503.7,237.4,22.4,1530.2,1686.4,520.2,853.2,5378.0,4746.9,2940.1,1398.5,3700.0,3102.4,2928.3,2015.8,1639.3,3065.3,1054.5,2685.5,1060.8,3100.1,1484.8,4414.4,7756.7,6081.3,1795.3,475.8
2026-09-02 17:00:00,791.5,368.2,918.9,1004.1,812.0,276.2,14.8,70.2,274.3,28.2,186.8,1507.3,4335.3,4135.6,1785.2,1455.6,198.1,0.0,1471.5,1363.0,563.4,561.2,5380.3,4843.4,2959.1,1329.4,3737.2,2939.5,2909.5,1987.2,1679.0,3035.0,1092.0,2873.1,1063.5,3553.5,1494.2,4537.8,7866.5,6046.8,1842.2,468.0
2026-09-02 17:15:00,803.3,366.3,1002.4,978.8,813.7,236.4,15.2,69.6,275.4,34.3,187.6,1519.5,4147.4,4246.5,1848.6,1527.4,211.6,5.3,1300.7,1334.7,533.0,830.0,5404.6,4877.6,2963.1,1328.2,3730.3,3593.0,2904.6,2080.0,1680.3,3040.6,1086.8,2766.4,1063.3,3570.9,1500.0,4656.9,7914.8,6107.0,1851.8,450.4
2026-09-02 17:30:00,817.3,341.1,1082.2,1134.9,812.3,196.4,14.8,69.0,287.5,26.6,189.9,1459.8,4127.7,4462.1,1873.8,1650.1,190.2,0.7,1314.5,1295.3,543.5,822.4,5435.6,4933.3,2957.9,1364.6,3734.5,4068.0,2900.5,2144.8,1681.1,3053.4,1081.4,2650.0,1062.0,3571.8,1506.2,4651.5,7968.3,6098.1,1859.3,432.5
2026-09-02 17:45:00,828.5,317.9,1150.6,1117.6,809.6,159.0,14.6,69.7,295.9,21.8,192.9,1434.9,4150.4,5238.8,1927.7,1781.5,186.4,0.5,1330.2,1435.2,540.7,842.3,5459.4,4934.1,2955.6,1374.4,3744.1,4053.6,2877.3,2201.7,1681.1,3073.2,1083.4,2610.9,1061.8,3573.3,1512.2,4651.3,8012.0,6264.2,1869.6,417.2
2026-09-02 18:00:00,837.4,289.3,1187.7,1105.9,812.7,241.8,49.5,24.3,319.9,32.5,220.6,1373.8,4586.4,4496.9,1902.5,1758.8,253.2,1.0,1460.3,1418.7,502.3,795.7,5524.3,4897.4,2925.0,1313.3,3635.8,4687.1,2884.6,2295.9,1631.9,3098.2,1072.2,2558.2,1063.1,3583.5,1511.6,4713.8,8069.1,6283.7,1868.6,499.5
2026-09-02 18:15:00,844.5,282.2,1226.1,1017.4,825.4,228.7,49.5,23.7,328.8,29.1,193.8,1348.0,3635.1,4729.3,1772.7,1589.5,255.4,0.7,1276.6,1386.4,494.7,777.9,5549.8,4912.1,2930.8,1479.9,3639.0,4684.1,2886.4,2189.7,1622.3,3107.0,1068.8,2725.5,1061.6,3585.5,1516.7,4713.7,8100.1,6295.4,1875.0,485.6
2026-09-02 18:30:00,856.4,286.1,1297.0,1170.3,836.9,227.2,49.6,24.7,350.1,25.4,245.2,1315.7,3666.8,4722.9,1627.0,1424.4,248.3,0.5,1283.8,1352.5,501.9,765.4,5569.8,4916.3,2936.6,1422.3,3658.2,4704.6,2882.5,2247.0,1620.5,3118.7,1072.3,2750.7,1060.7,3587.1,1518.1,4724.4,8115.7,6257.5,1874.0,472.0
2026-09-02 18:45:00,865.9,284.5,1319.6,1132.5,851.2,223.3,49.5,44.3,350.4,101.9,231.4,1290.4,3601.4,4888.7,1867.7,1691.4,266.4,0.3,1285.6,1508.2,500.4,811.7,5570.6,4910.5,2940.6,1504.3,3668.0,4713.8,2882.2,2244.2,1621.5,3141.1,1070.7,2795.6,1061.2,3588.6,1518.3,4733.2,8133.5,6261.7,1875.2,460.0
2026-09-02 19:00:00,867.8,284.1,1332.6,1095.9,859.0,321.9,74.5,53.7,356.6,26.2,364.3,1268.2,3826.0,4401.6,1915.2,1736.4,211.5,21.9,1405.9,1339.1,512.5,760.9,5630.8,4814.3,2933.0,1422.5,3813.6,4864.0,2872.8,2201.0,1626.1,3208.2,1077.8,3095.4,1077.9,3556.4,1512.8,4628.2,8173.8,6272.2,1879.1,460.2
2026-09-02 19:15:00,866.8,287.0,1335.6,1097.0,864.3,322.3,74.5,69.2,361.1,101.6,362.6,1247.5,3660.9,4671.7,1932.8,1748.6,259.1,1.3,1249.1,1308.9,504.7,756.9,5621.6,4837.9,2938.3,1424.5,3832.4,4883.5,2875.6,2109.0,1628.0,3184.8,1082.9,3172.3,1076.9,3558.5,1512.1,4636.1,8167.2,6283.8,1877.6,451.0
2026-09-02 19:30:00,879.8,291.3,1305.6,1096.3,865.3,321.7,74.4,74.6,367.7,98.3,317.9,1264.5,3612.0,4783.4,1892.6,1781.5,238.2,1.0,1244.5,1281.0,508.0,750.8,5594.7,4815.5,2940.8,1428.2,3847.3,4899.5,2874.2,2109.3,1635.1,3196.2,1081.8,3192.4,1075.5,3561.0,1512.4,4649.1,8166.4,6217.3,1872.7,441.4
2026-09-02 19:45:00,898.7,295.5,1312.7,1097.6,863.9,318.7,74.4,74.7,377.7,95.7,317.7,1237.3,3635.6,4865.1,1922.4,1765.2,224.1,0.8,1238.6,1431.9,503.4,777.8,5559.9,4816.5,2944.2,1430.8,3855.8,4908.8,2874.4,2084.9,1627.2,3186.7,1084.6,3240.4,1073.6,3551.7,1518.4,4637.7,8166.5,6205.3,1868.0,430.6
2026-09-02 20:00:00,907.9,311.9,1301.4,1146.2,864.8,326.7,52.0,67.3,386.1,102.3,292.5,1337.1,3406.8,4553.5,1710.6,1886.5,138.7,11.8,1288.6,1197.2,490.4,780.9,5488.5,4777.1,2959.3,1438.3,3884.9,4879.1,2876.7,2178.6,1634.7,3272.3,1084.5,3263.5,1073.5,3388.7,1526.2,4667.2,8136.4,6119.2,1873.7,420.2
2026-09-02 20:15:00,906.4,310.4,1284.0,1163.8,857.7,332.0,52.0,67.2,384.4,101.2,259.5,1327.9,3401.8,4409.2,1731.2,1847.4,138.4,11.8,1260.5,1149.2,488.2,782.3,5465.4,4804.7,2964.4,1437.8,3892.4,4888.9,2879.3,2096.6,1634.2,3234.5,1083.4,3250.2,1074.5,3387.6,1529.1,4661.2,8136.5,6113.8,1861.5,415.5
2026-09-02 20:30:00,906.1,310.1,1260.6,1181.5,845.8,329.1,52.0,51.8,377.8,102.8,250.9,1331.0,3460.1,4471.4,1737.8,1846.5,139.0,16.1,1250.5,1142.2,485.7,787.2,5463.4,4818.7,2962.6,1415.3,3908.0,4907.4,2872.8,2070.5,1642.0,3230.9,1085.0,3225.4,1073.3,3369.8,1524.9,4674.4,8122.0,6079.2,1853.8,414.7
2026-09-02 20:45:00,894.2,301.2,1228.2,1188.6,827.9,328.2,52.0,46.1,377.4,94.7,250.8,1341.1,3453.0,4367.9,1731.8,1861.2,103.6,39.4,1243.8,1166.1,483.1,792.5,5442.8,4833.9,2977.8,1391.9,3922.1,4925.3,2874.9,2052.2,1637.3,3197.8,1085.4,3162.5,1071.7,3360.1,1511.1,4637.3,8090.9,6077.4,1837.8,412.8
2026-09-02 21:00:00,871.3,309.8,1186.8,986.0,804.7,309.5,47.1,47.7,376.5,99.2,256.5,1325.2,3326.9,4464.6,1702.2,1870.8,134.7,19.6,1153.1,1186.1,468.6,838.8,5369.4,4927.4,2962.5,1552.3,3800.0,4767.4,2878.4,2076.6,1635.8,3243.8,1080.3,3007.6,1038.2,3339.7,1384.9,4442.5,8015.2,6088.8,1799.3,385.4
2026-09-02 21:15:00,858.6,312.2,1151.7,996.2,788.3,310.9,47.0,28.1,372.4,35.8,245.2,1315.5,3305.5,4355.0,1716.8,1821.5,170.3,19.6,1151.7,1180.7,466.0,825.9,5389.1,4945.3,2959.5,1538.3,3791.0,4763.9,2878.0,2060.1,1638.7,3209.3,1078.5,2857.6,1035.1,3334.6,1370.9,4454.9,7941.9,6074.0,1777.3,390.6
2026-09-02 21:30:00,846.4,311.6,1114.1,810.4,767.7,314.5,47.0,28.1,386.6,32.3,229.3,1290.1,3361.2,4172.8,1759.8,1827.4,170.4,15.3,1145.0,1179.9,462.7,827.2,5424.0,4890.8,2941.8,1544.0,3790.2,4762.4,2872.9,2037.9,1641.1,3222.1,1074.3,2902.5,1031.8,3310.5,1360.7,4451.8,7862.7,6072.7,1756.9,395.8
2026-09-02 21:45:00,828.9,307.6,1076.6,819.9,745.5,316.4,47.0,27.0,375.2,32.3,219.8,1289.9,3644.8,4222.1,1754.1,1809.4,170.2,15.4,1152.6,1163.7,461.5,818.3,5383.4,4883.5,2923.0,1538.2,3774.6,4753.7,2870.2,2024.8,1641.8,3180.4,1066.0,2665.9,1027.3,3311.7,1357.6,4437.7,7779.3,6074.6,1732.2,399.4
2026-09-02 22:00:00,799.9,318.0,1035.7,790.0,719.7,223.4,14.5,62.8,373.8,25.2,218.2,1238.5,3200.1,4229.0,1670.9,1838.9,111.9,29.5,1094.4,1122.4,448.8,846.2,5196.1,4898.1,2847.0,1536.2,3728.0,4666.1,2854.1,1980.4,1605.2,3318.5,1049.2,2787.7,1013.0,3033.0,1396.5,4255.2,7648.2,6049.8,1686.5,356.1
2026-09-02 22:15:00,784.2,318.9,1004.8,790.9,708.2,214.4,14.5,61.7,370.4,25.2,208.5,1238.6,3622.4,4422.0,1676.5,1844.5,129.2,30.7,1084.3,1105.3,445.5,818.8,5130.3,4889.8,2818.0,1454.4,3698.7,4641.8,2855.5,1951.2,1616.7,3292.3,1044.6,2681.0,1007.0,3025.0,1393.6,4247.0,7555.8,6048.0,1661.0,353.6
2026-09-02 22:30:00,778.5,318.1,984.7,784.0,689.8,211.7,14.5,61.7,345.5,25.2,207.3,1239.9,3836.1,4685.7,1704.0,1910.0,107.7,29.8,1079.6,1115.9,442.4,822.8,5064.1,4864.4,2777.0,1420.3,3686.8,4630.3,2842.7,1943.0,1616.8,3252.9,1034.8,2611.6,1004.0,3017.4,1386.8,4182.4,7465.9,5943.6,1639.6,346.7
2026-09-02 22:45:00,771.9,319.5,953.9,776.1,684.4,207.6,14.5,61.7,347.5,25.2,199.3,1237.0,3823.7,4199.4,1674.7,1901.4,107.5,29.8,1074.7,1094.2,440.0,818.5,5033.4,4787.8,2743.2,1328.9,3658.3,4601.7,2834.6,1940.9,1614.0,3238.1,1024.5,2653.2,999.2,3017.1,1374.7,4172.8,7399.8,5841.9,1610.7,343.5
2026-09-02 23:00:00,746.4,325.8,951.2,800.0,654.9,100.7,47.1,73.7,345.6,14.0,234.3,1221.1,3928.3,4348.5,1569.4,1848.3,206.7,13.1,1039.3,1031.1,425.4,787.0,4849.2,4827.3,2640.3,1432.0,3601.7,4401.2,2722.8,1877.6,1590.5,3285.6,1041.2,2535.4,988.2,2338.5,1412.6,4337.4,7253.2,5928.6,1602.4,326.9
2026-09-02 23:15:00,733.2,324.8,941.7,769.4,644.3,101.5,47.0,73.7,326.5,14.0,227.7,1221.6,3905.6,4396.3,1580.2,1860.6,196.8,13.3,1052.1,1025.3,422.6,774.4,4814.6,4797.2,2586.0,1373.6,3576.0,4254.7,2713.4,1879.3,1588.6,3285.6,1015.7,2515.0,981.2,2338.2,1396.2,4313.0,7166.6,5811.6,1580.5,331.2
2026-09-02 23:30:00,725.5,326.6,925.1,737.9,642.1,102.2,48.4,73.7,332.9,14.0,241.2,1222.6,3883.6,4456.4,1593.1,1865.0,197.1,13.4,1051.2,1024.1,419.9,771.0,4771.9,4724.4,2550.2,1315.3,3560.9,4010.2,2700.0,1877.5,1587.2,3280.6,987.2,2518.1,974.1,2337.8,1376.8,4326.8,7094.7,5743.5,1558.8,334.0
2026-09-02 23:45:00,715.4,328.3,913.9,723.7,649.8,102.8,49.7,73.8,330.2,14.0,230.2,1226.1,3874.2,4447.1,1581.3,1844.5,217.1,13.6,1054.1,1018.5,426.5,765.2,4749.6,4697.6,2492.6,1303.7,3531.2,3501.9,2689.9,1874.8,1586.3,3200.4,989.5,2499.9,966.1,2337.4,1355.4,4323.0,7012.4,5661.5,1525.6,335.0
2026-09-03 00:00:00,701.7,323.9,1155.4,772.7,623.5,100.9,2.0,23.1,244.3,39.6,113.9,1349.8,3760.0,2937.0,1429.7,2020.3,221.6,38.4,1016.3,746.3,432.3,719.6,4554.8,5064.8,2397.7,1412.0,3433.3,3774.3,2738.1,1970.2,1548.8,3160.5,907.0,2456.6,968.0,2405.2,1392.5,3587.2,6913.1,5774.7,1496.7,321.3
2026-09-03 00:15:00,707.5,324.3,1149.7,773.8,614.4,104.0,2.0,23.1,240.0,33.1,98.6,1321.6,3736.6,2955.9,1422.2,1989.1,240.8,38.6,1033.0,720.9,433.2,705.6,4549.6,5040.1,2372.3,1410.9,3423.1,4007.2,2728.7,1962.1,1552.3,3104.9,896.2,2405.7,964.3,2403.8,1388.2,3590.5,6857.2,5744.4,1488.7,321.6
2026-09-03 00:30:00,708.1,324.9,1147.0,732.3,623.8,103.5,2.0,23.1,245.1,33.1,95.6,1323.4,3714.5,2971.9,1400.9,1987.6,250.2,38.5,1031.4,696.1,431.2,693.0,4533.9,5002.5,2335.5,1411.4,3402.7,4005.4,2714.5,1955.3,1548.6,3097.7,889.0,2357.7,960.3,2402.4,1382.0,3594.4,6819.8,5735.6,1477.3,319.2
2026-09-03 00:45:00,703.9,326.1,1149.3,733.5,616.5,103.8,2.0,23.1,239.7,33.1,87.6,1337.9,3685.9,3012.2,1391.6,1978.2,249.5,38.6,1035.9,683.1,431.4,673.2,4518.0,4961.0,2310.7,1414.6,3390.9,3675.0,2705.4,1954.6,1560.7,3069.7,879.6,2339.1,954.5,2401.0,1375.7,3619.0,6786.4,5723.9,1471.3,312.4
2026-09-03 01:00:00,707.3,326.7,1179.0,699.8,623.6,95.4,2.0,40.7,259.5,36.0,110.8,1339.4,3632.8,3060.2,1354.4,2025.3,159.2,37.1,1008.9,708.1,429.5,683.0,4533.3,4980.0,2257.2,1399.8,3496.7,4129.8,2666.3,1957.4,1528.0,3164.5,862.1,2268.1,944.4,2387.6,1360.0,3515.2,6697.6,5685.0,1463.1,306.4
2026-09-03 01:15:00,710.9,330.6,1173.7,700.0,628.8,95.0,2.0,40.8,258.7,36.0,100.9,1332.4,3582.1,3133.8,1329.6,2018.0,159.1,38.5,1008.3,697.3,428.1,665.1,4533.4,4957.3,2235.4,1400.6,3489.0,4008.7,2663.4,1952.5,1525.0,3136.7,856.5,2251.1,938.8,2387.2,1354.5,3518.1,6678.0,5673.2,1460.0,311.1
2026-09-03 01:30:00,713.3,332.5,1165.0,695.9,624.2,94.3,2.0,40.8,248.2,36.0,101.8,1341.2,3542.5,3220.3,1305.0,2032.2,161.4,59.7,1007.4,694.5,429.2,655.9,4527.9,4915.1,2212.4,1402.4,3553.4,4185.5,2659.7,1947.4,1521.3,3130.9,848.0,2212.9,933.9,2386.9,1348.9,3519.9,6642.5,5663.0,1449.7,314.8
2026-09-03 01:45:00,711.8,335.6,1156.6,692.1,621.9,93.6,2.0,40.8,250.4,36.0,90.1,1345.2,3514.9,3323.7,1293.4,2025.7,159.2,61.0,1006.2,689.0,429.2,642.2,4519.6,4909.0,2193.0,1404.1,3546.1,3920.5,2656.5,1949.2,1524.2,3134.9,842.7,2203.3,927.8,2386.3,1343.3,3522.7,6613.2,5606.0,1445.4,315.1
2026-09-03 02:00:00,706.3,338.1,1155.5,706.9,612.4,92.7,12.0,74.8,247.6,33.4,97.1,1365.7,3585.1,3570.0,1293.4,2021.3,107.3,62.5,999.4,668.6,419.9,623.5,4566.4,4940.1,2174.7,1406.5,3393.9,3988.9,2632.0,1946.3,1511.9,3138.9,863.0,2136.1,922.6,2380.5,1262.1,3457.6,6736.2,5731.3,1439.1,321.4
2026-09-03 02:15:00,703.6,339.1,1151.5,697.9,609.4,92.5,12.0,74.8,251.4,33.4,83.3,1350.4,3520.0,3633.1,1288.6,1999.0,109.0,43.1,997.2,655.2,419.0,609.7,4550.2,4935.0,2162.4,1406.7,3444.2,3428.0,2628.9,1946.8,1508.9,3136.2,856.5,2153.7,920.4,2380.5,1259.9,3464.0,6728.4,5685.0,1438.8,323.1
2026-09-03 02:30:00,702.8,339.7,1150.6,689.4,607.7,92.7,13.4,74.8,246.2,33.4,84.7,1352.5,3461.8,3738.1,1279.6,1987.8,108.7,43.6,995.3,647.3,417.2,594.6,4582.4,4913.8,2150.9,1408.1,3443.1,3057.9,2626.1,1944.0,1508.1,3141.0,852.8,2158.1,918.9,2380.2,1259.6,3470.0,6730.8,5715.7,1434.2,328.3
2026-09-03 02:45:00,703.8,339.9,1146.8,689.7,607.2,95.7,14.7,74.7,243.4,33.4,77.7,1357.9,3509.0,3864.7,1271.2,1992.6,106.4,44.2,992.5,620.3,414.9,334.9,4567.4,4885.7,2140.2,1409.3,3440.1,3018.7,2625.3,1941.3,1507.7,3128.5,849.2,2145.7,922.1,2380.4,1262.7,3479.1,6715.9,5710.4,1429.7,326.1
2026-09-03 03:00:00,752.4,338.9,1150.2,653.7,585.8,99.0,13.3,74.9,246.5,31.3,158.0,1382.9,3440.7,4002.8,1267.8,2015.2,67.3,65.2,975.3,638.4,410.5,334.9,4568.7,4921.9,2106.4,1256.0,3343.0,2735.2,2618.0,1962.8,1502.2,3168.4,817.3,2245.4,930.8,2383.1,1346.7,3577.1,6692.7,5646.8,1422.9,326.3
2026-09-03 03:15:00,756.3,335.1,1155.5,660.1,601.6,99.5,14.7,74.8,245.5,31.3,145.2,1390.5,4059.0,4076.2,1262.1,2023.5,69.6,45.0,972.4,632.4,406.4,582.7,4573.8,4911.2,2099.8,1250.4,3344.5,2740.2,2618.2,1962.6,1508.1,3169.2,812.3,2241.6,932.6,2383.3,1351.0,3595.4,6668.5,5642.8,1418.6,323.7
2026-09-03 03:30:00,770.1,331.8,1166.5,665.4,602.6,98.7,14.7,74.8,243.0,31.3,150.8,1384.2,4130.1,4163.8,1257.4,2020.8,67.8,44.7,970.0,626.1,404.6,440.3,4573.5,4901.9,2095.6,1250.5,3344.8,2730.1,2616.5,1961.8,1503.5,3169.5,812.4,2238.9,933.2,2383.1,1357.3,3609.5,6666.4,5675.3,1421.7,324.1
2026-09-03 03:45:00,775.3,328.4,1178.1,672.1,610.3,97.6,14.7,74.7,250.6,31.3,157.8,1384.9,4172.7,4276.2,1272.9,2015.8,69.9,44.6,968.2,620.4,400.6,319.6,4579.9,4901.3,2093.2,1252.2,3347.6,2687.9,2619.1,1963.4,1500.9,3167.6,823.3,2250.4,934.6,2382.6,1363.4,3618.8,6664.0,5670.4,1422.1,317.2
2026-09-03 04:00:00,728.1,325.9,1180.4,668.2,595.4,97.1,14.7,83.8,257.9,28.7,117.1,1365.0,4324.9,4421.7,1305.1,2008.7,185.4,23.1,954.2,775.6,389.1,313.5,4586.3,4845.3,2094.4,1298.9,3380.7,2709.9,2616.2,1970.9,1504.4,3133.8,792.7,2174.1,935.8,2384.6,1388.9,3695.4,6563.9,5534.2,1424.0,301.4
2026-09-03 04:15:00,719.3,325.3,1194.7,679.0,605.8,96.5,14.7,83.7,259.4,28.7,80.3,1365.2,4328.7,4479.9,1299.5,2006.5,185.6,23.3,949.9,770.0,386.8,309.6,4614.9,4872.4,2099.0,1308.1,3387.1,2695.5,2618.6,1970.7,1500.3,3151.9,791.8,2173.9,936.4,2384.6,1396.8,3710.0,6577.6,5528.1,1432.6,300.6
2026-09-03 04:30:00,729.0,324.9,1212.3,703.5,609.2,96.0,13.4,83.8,262.5,28.7,72.7,1364.4,4338.1,4550.1,1240.1,1975.6,165.6,23.3,948.3,762.9,386.0,305.5,4599.3,4895.3,2098.9,1314.1,3390.0,2675.5,2619.3,1969.5,1501.9,3155.0,791.3,2173.9,937.8,2384.5,1403.0,3723.6,6580.4,5524.5,1439.0,295.5
2026-09-03 04:45:00,730.5,324.4,1238.6,775.9,636.0,95.7,12.0,83.8,276.9,28.7,76.0,1365.8,3705.1,4623.0,1273.0,1975.3,163.6,23.4,946.7,735.9,385.9,298.8,4645.9,4916.3,2108.7,1321.0,3397.0,2480.3,2621.8,1974.0,1497.0,3205.7,791.9,2190.6,939.7,2384.2,1406.7,3731.4,6611.8,5524.1,1451.8,286.8
2026-09-03 05:00:00,768.7,324.1,1036.4,738.2,682.4,96.9,2.0,99.9,284.0,28.5,77.2,1368.2,3782.1,4672.3,1268.9,1967.6,133.1,16.8,1117.2,745.9,394.4,304.0,4938.0,4688.2,2134.3,1245.3,3401.6,2734.2,2613.9,1978.3,1516.5,3054.0,805.3,2309.2,950.2,2434.0,1353.2,4222.7,6695.1,5562.3,1477.2,259.9
2026-09-03 05:15:00,756.6,322.3,1083.2,743.9,673.9,97.4,2.0,99.9,291.7,28.5,82.9,1368.0,3581.2,4714.4,1290.2,1967.2,132.1,36.9,971.9,720.6,396.7,306.1,5001.5,4780.3,2170.5,1245.5,3421.1,2695.7,2621.9,1979.0,1511.9,3154.7,809.2,2358.3,956.9,2433.4,1366.0,4247.9,6758.3,5557.4,1503.1,264.6
2026-09-03 05:30:00,759.8,322.9,1128.2,775.3,687.8,101.1,2.0,99.9,303.7,28.5,80.2,1366.4,3414.1,4768.5,1203.2,1959.2,132.7,38.0,979.8,717.5,400.0,307.4,5024.7,4874.1,2195.8,1242.1,3440.0,2736.8,2626.5,1995.7,1496.4,3252.4,820.6,2396.8,964.2,2433.1,1384.0,4218.7,6834.0,5586.5,1524.4,258.3
2026-09-03 05:45:00,772.8,320.7,1159.7,830.1,695.8,128.3,2.1,101.2,312.7,28.5,83.9,1373.8,3380.5,4852.9,1205.4,1976.0,153.1,39.9,991.7,883.9,400.4,565.8,5081.8,4918.9,2235.2,1262.6,3465.1,3146.4,2634.4,1997.3,1498.4,3292.4,830.0,2411.2,971.0,2432.4,1403.2,4232.7,6914.1,5661.7,1541.3,249.7
2026-09-03 06:00:00,821.3,320.4,1182.5,1039.7,731.0,283.7,2.0,53.8,330.0,31.7,109.5,1326.2,3670.8,5026.4,1271.1,1951.6,155.2,29.7,1119.2,913.0,435.0,544.8,5294.1,4878.9,2388.5,1474.0,3624.0,3747.4,2649.8,1977.1,1550.2,3126.3,826.4,2404.3,1037.3,2662.3,1388.9,4465.1,7225.2,5570.4,1626.3,296.8
2026-09-03 06:15:00,819.2,322.1,1197.7,1056.4,738.0,314.4,2.0,55.2,340.3,31.7,117.7,1332.1,3656.4,5095.7,1300.8,1983.3,155.6,44.5,1095.5,970.7,436.4,557.7,5326.2,4953.7,2463.7,1473.3,3582.6,3998.7,2672.5,1996.0,1543.2,3163.0,842.1,2462.3,1051.7,2661.5,1415.0,4428.8,7376.9,5803.8,1675.6,284.5
2026-09-03 06:30:00,822.9,324.4,1180.3,1087.1,750.2,337.7,2.0,56.7,357.0,31.7,127.8,1335.6,3674.7,5479.5,1277.7,1990.1,156.0,52.9,1105.8,971.8,443.3,578.3,5370.5,5014.4,2524.8,1526.7,3623.4,3984.6,2690.6,2004.5,1536.2,3254.5,861.6,2592.5,1065.3,2660.6,1439.7,4433.0,7546.4,5838.1,1715.5,267.9
2026-09-03 06:45:00,821.0,332.7,1165.7,1133.2,768.2,367.8,2.1,57.1,379.1,31.7,128.7,1333.4,3698.5,5735.7,1290.0,1987.7,176.5,56.4,1125.9,985.8,448.5,586.8,5411.2,5043.2,2600.8,1538.2,3657.3,4014.1,2714.3,1999.7,1535.4,3267.5,872.9,2807.6,1078.0,2659.6,1459.4,4536.3,7691.9,5819.9,1764.0,251.2
2026-09-03 07:00:00,876.0,368.0,1152.0,1172.1,790.9,433.6,2.9,47.5,405.1,39.6,129.2,1378.3,3917.4,6475.0,1341.4,2013.1,125.2,80.1,1199.4,919.7,475.5,588.2,5542.7,4914.6,2797.6,1535.4,3698.4,3994.6,2775.4,2082.1,1588.1,2944.9,945.7,3135.0,1102.3,3287.1,1599.3,4591.5,7902.2,5844.7,1850.5,221.7
2026-09-03 07:15:00,877.7,369.7,1131.0,1168.7,807.3,465.7,3.4,46.9,420.9,38.2,134.4,1378.7,3930.2,6537.2,1360.9,1981.2,126.9,83.6,1189.7,902.4,476.9,605.7,5549.1,4990.0,2854.4,1533.8,3722.9,3987.1,2796.4,2080.5,1586.1,2962.6,959.2,3282.4,1110.0,3286.4,1610.1,4591.2,7971.5,5852.3,1894.4,237.4
2026-09-03 07:30:00,876.1,368.1,1084.7,1152.6,820.0,497.6,4.0,46.3,428.1,47.1,144.1,1379.4,3941.7,6572.9,1380.2,1988.6,128.5,86.8,1198.1,900.6,478.1,623.1,5575.3,4996.5,2879.6,1530.0,3740.2,4002.7,2811.6,2092.3,1579.6,3027.8,966.6,3361.5,1115.4,3285.9,1618.6,4605.0,8016.2,5840.9,1930.3,235.3
2026-09-03 07:45:00,867.9,378.0,1033.9,1108.5,826.3,521.3,6.7,45.1,439.7,96.7,151.2,1381.8,3964.3,6533.1,1506.7,2099.4,130.2,94.3,1237.0,903.5,489.7,634.8,5595.1,4998.1,2908.9,1529.1,3741.7,4001.3,2831.4,2144.0,1584.8,3045.1,973.3,3494.4,1122.4,3285.3,1630.7,4624.8,8041.5,5803.7,1968.3,211.8
2026-09-03 08:00:00,885.1,374.7,1009.5,1094.8,829.6,508.6,7.4,56.5,450.2,100.6,194.9,1386.6,4154.8,6876.0,1850.0,2248.6,206.0,107.5,1314.6,761.9,516.7,712.9,5578.6,4954.4,2950.5,1510.3,3745.1,4566.0,2852.7,2110.5,1622.7,2937.6,969.8,3201.4,1110.2,3546.5,1644.1,4685.7,8028.4,5860.8,1992.9,234.3
2026-09-03 08:15:00,871.6,390.1,941.2,1087.2,827.8,538.4,8.0,53.6,455.1,102.0,199.9,1384.1,4132.1,6376.9,1860.7,2157.1,188.8,97.5,1303.5,871.1,516.7,695.8,5587.1,4958.0,2952.5,1498.7,3741.7,4571.0,2861.8,2102.4,1616.2,2959.5,969.8,3087.2,1109.4,3546.5,1649.5,4677.2,8018.2,5867.6,2003.4,236.6
2026-09-03 08:30:00,854.3,443.8,871.1,1137.7,825.4,562.9,8.8,53.3,474.0,45.1,199.4,1396.4,4127.8,6233.0,1857.9,2165.8,191.6,92.9,1303.4,735.3,515.7,697.5,5571.8,4984.2,2948.3,1472.9,3740.0,3896.2,2862.1,2169.4,1611.4,2991.1,976.2,2893.6,1112.0,3546.7,1653.5,4684.2,7998.6,5831.2,2001.8,214.0
2026-09-03 08:45:00,855.4,427.2,812.0,1163.9,811.5,600.2,10.8,53.4,472.3,34.3,203.6,1395.8,4145.1,6220.2,1851.5,2151.3,194.3,96.0,1338.9,741.2,540.8,702.6,5575.8,5024.6,2946.7,1480.9,3814.7,3248.7,2868.7,2146.4,1614.4,2986.9,980.8,2912.0,1118.7,3546.6,1656.3,4644.9,7969.1,5786.7,2006.6,216.1
2026-09-03 09:00:00,853.7,444.5,782.2,1167.6,801.4,493.7,17.0,42.5,450.4,37.8,188.7,1446.4,4322.3,6556.0,1836.8,2055.4,118.4,194.3,1315.6,908.8,517.4,796.7,5537.8,5027.0,2949.9,1471.1,3776.5,3784.4,2848.7,2066.2,1603.1,2888.1,962.8,2866.2,1130.3,3577.3,1656.5,4639.9,7919.3,5661.7,1984.8,215.8
2026-09-03 09:15:00,846.9,462.4,755.2,1180.5,796.8,531.0,17.0,37.3,446.7,25.4,189.7,1444.5,4373.0,6544.1,1823.3,1861.0,118.4,219.1,1309.1,547.5,517.1,792.3,5522.0,5034.3,2941.1,1463.5,3828.8,3120.4,2852.1,2058.3,1608.4,2885.4,997.0,2833.6,1134.7,3577.9,1656.4,4626.8,7881.5,5636.8,1984.7,218.4
2026-09-03 09:30:00,839.9,481.5,736.6,1215.8,789.1,556.1,15.2,37.2,445.4,25.6,178.9,1458.2,4369.1,6560.7,1820.5,1767.1,118.5,216.9,1308.0,559.1,527.1,501.4,5507.8,5040.9,2944.8,1462.4,3824.0,2412.9,2790.0,2053.1,1612.0,2880.5,985.8,2760.4,1135.0,3578.5,1656.2,4605.7,7839.7,5538.2,1980.9,224.0
2026-09-03 09:45:00,831.6,507.8,709.4,1192.4,791.3,593.3,28.4,37.4,440.5,25.6,189.3,1488.3,4389.8,6599.1,1776.0,1771.6,118.4,217.1,1486.2,598.9,529.1,516.5,5484.8,5054.9,2941.5,1447.2,3812.0,1963.6,2756.5,2064.9,1608.6,2881.0,992.0,2530.3,1136.7,3578.6,1655.2,4602.5,7837.3,5365.5,1990.6,227.1
2026-09-03 10:00:00,826.3,532.3,688.6,1096.5,776.9,622.0,80.5,15.5,441.3,10.1,165.0,1490.6,4452.8,6883.7,1916.6,1812.1,0.0,252.4,1527.9,568.6,535.0,528.3,5427.7,4907.3,2930.6,1478.7,3738.9,1838.7,2738.3,2141.0,1598.3,2864.4,973.0,2564.7,1124.8,3567.4,1579.0,4571.4,7848.2,5293.8,2001.5,159.3
2026-09-03 10:15:00,819.1,549.3,652.7,1079.8,773.3,655.3,87.7,10.4,437.1,13.5,168.9,1507.5,5031.2,6962.1,1883.4,1845.7,0.0,256.2,1491.9,578.5,520.1,542.0,5420.2,4916.1,2928.7,1392.7,3736.8,1583.1,2814.3,2140.6,1621.6,2857.2,975.0,2295.1,1122.3,3568.0,1573.0,4555.1,7817.8,5281.8,2006.3,161.8
2026-09-03 10:30:00,818.9,577.2,845.1,1051.7,771.5,681.4,86.5,10.5,425.9,13.9,160.5,1554.2,5295.9,7072.6,1876.1,1896.8,0.0,254.2,1478.0,611.5,515.3,563.1,5403.0,4939.3,2926.1,1221.5,3725.3,1427.9,2841.0,2150.4,1619.2,2827.1,969.7,2133.3,1119.5,3568.8,1565.4,4565.7,7799.6,5320.3,2008.8,163.9
2026-09-03 10:45:00,802.9,591.9,809.6,1077.2,769.2,697.2,100.6,10.5,423.6,17.5,164.6,1554.2,5303.4,7128.5,1826.3,1917.3,0.1,232.0,1493.5,643.7,511.2,579.6,5414.6,4874.2,2912.2,1199.5,3706.7,1428.1,2844.4,2151.0,1615.5,2826.0,968.6,2121.8,1119.9,3569.5,1555.7,4560.7,7774.3,5273.6,2017.5,169.4
2026-09-03 11:00:00,784.8,628.8,1004.1,1168.1,755.6,716.6,112.4,46.9,379.5,5.8,187.4,1645.0,5344.1,7565.3,2081.3,1974.6,63.3,165.7,1549.0,718.1,533.7,640.2,5373.8,4849.9,2909.6,1335.3,3746.1,1528.8,2817.4,2104.3,1663.8,2801.0,970.8,2017.0,1093.4,3556.5,1591.9,4471.9,7777.9,5318.3,2023.9,168.4
2026-09-03 11:15:00,778.7,642.9,995.8,1167.8,754.1,748.1,112.5,47.1,371.8,8.1,189.9,1648.8,5363.0,7551.5,2040.6,2023.0,61.0,161.4,1535.4,697.9,522.4,625.6,5388.0,4846.1,2902.6,1335.8,3746.9,1524.0,2817.3,2091.7,1663.7,2798.0,965.1,2017.6,1089.7,3557.4,1613.8,4472.4,7761.0,5294.4,2017.1,170.7
2026-09-03 11:30:00,762.0,655.7,986.9,1178.1,756.7,766.6,126.7,47.3,363.0,11.3,202.1,1633.8,5363.7,7489.6,1999.3,2016.5,58.7,157.8,1547.7,702.4,538.1,633.9,5393.4,4825.4,2892.1,1340.9,3734.2,1543.7,2811.4,2078.6,1664.4,2799.9,965.2,2037.1,1085.7,3558.6,1605.6,4468.6,7755.5,5268.9,2013.1,170.8
2026-09-03 11:45:00,768.3,675.6,993.9,1232.5,762.2,792.4,126.5,47.3,375.9,2.5,211.8,1645.6,5376.2,7355.4,1973.3,2040.4,56.4,155.8,1607.4,758.7,541.1,650.3,5396.3,4803.3,2889.7,1336.8,3733.9,1543.3,2811.7,2079.3,1667.0,2803.1,965.7,2027.9,1080.4,3559.9,1599.7,4445.6,7773.7,5262.2,2011.0,174.3
2026-09-03 12:00:00,795.3,707.8,1031.5,1304.9,772.3,811.3,97.6,66.2,342.3,19.2,180.6,1742.8,5469.2,7789.0,2262.1,2136.5,42.1,173.5,1675.7,816.2,540.3,687.0,5358.4,4771.7,2882.8,1423.9,3700.0,1404.8,2778.1,2056.0,1705.3,2806.2,973.1,2061.0,1077.6,3400.2,1593.2,4368.5,7760.1,5317.9,2008.0,180.0
2026-09-03 12:15:00,796.7,724.1,1036.1,1281.8,773.8,829.7,112.4,65.9,340.8,2.7,183.7,1708.4,5513.8,7556.0,2230.1,2139.4,41.2,144.4,1699.1,837.0,554.0,687.9,5345.8,4775.5,2880.4,1377.0,3690.4,1404.7,2776.7,2065.1,1702.8,2800.3,974.8,2060.4,1074.1,3401.5,1590.2,4382.6,7748.6,5309.7,2006.1,180.7
2026-09-03 12:30:00,798.0,730.9,1034.6,1376.9,769.5,844.6,112.4,66.0,363.1,2.9,188.6,1716.4,5527.3,7655.6,2204.7,2158.6,40.3,139.2,1728.3,859.4,565.7,700.9,5329.6,4742.3,2882.6,1372.1,3696.0,1402.8,2770.1,2057.9,1703.1,2798.2,973.0,2067.1,1070.9,3402.6,1582.9,4317.4,7753.3,5262.2,2015.4,182.0
2026-09-03 12:45:00,795.7,744.3,1042.2,1380.1,767.9,858.6,112.2,65.6,351.2,2.9,179.7,1725.5,5586.0,7754.5,2184.9,2177.1,39.4,144.1,1733.4,909.1,570.3,725.5,5317.8,4713.4,2884.2,1372.2,3700.3,1401.8,2772.8,2058.1,1708.0,2801.7,965.2,2067.2,1069.3,3403.4,1576.1,4320.3,7786.9,5226.7,2027.3,189.4
2026-09-03 13:00:00,817.9,763.5,1057.1,1293.9,799.3,862.6,81.0,73.5,358.2,18.5,277.0,1759.0,5637.2,7908.5,2307.8,2178.3,47.6,103.7,1818.5,949.8,572.7,728.9,5286.1,4759.9,2864.3,1428.6,3777.1,1524.4,2747.5,1964.5,1611.7,2824.9,964.3,2030.6,1065.1,2865.6,1560.9,4178.9,7858.6,5320.6,2040.5,193.4
2026-09-03 13:15:00,820.6,761.3,1113.3,1277.5,802.6,860.5,84.1,73.1,348.2,14.9,264.8,1761.9,5768.6,7913.5,2314.8,2181.6,47.8,103.7,1821.2,983.4,572.4,735.0,5331.4,4734.0,2864.7,1430.3,3781.2,1550.1,2748.8,1962.9,1610.7,2834.4,962.2,2057.9,1066.8,2866.3,1553.9,4166.5,7873.8,5277.5,2047.3,191.6
2026-09-03 13:30:00,820.9,753.7,1118.4,1243.2,808.7,851.3,71.6,72.6,335.7,3.8,289.9,1768.5,5830.3,7941.9,2314.0,2195.1,70.8,103.7,1828.3,1017.4,590.5,741.6,5331.7,4698.8,2870.2,1429.5,3782.8,1572.6,2746.2,1953.0,1611.7,2836.3,964.8,2067.8,1066.6,2867.0,1550.3,4171.7,7889.2,5232.3,2056.5,192.7
2026-09-03 13:45:00,827.9,753.2,1127.5,1216.2,799.2,835.9,65.9,72.5,334.8,3.9,288.3,1769.5,5863.7,7950.8,2311.5,2194.4,76.3,103.7,1840.3,1052.3,593.0,745.1,5331.3,4700.0,2866.7,1430.0,3778.4,1582.4,2748.6,1960.6,1613.0,2836.3,956.5,2068.3,1065.5,2867.6,1547.5,4184.9,7882.8,5212.1,2058.1,194.2
2026-09-03 14:00:00,814.7,748.4,1124.5,1172.5,784.2,816.6,89.6,82.4,325.7,19.9,292.4,1784.2,5873.2,8060.5,2234.8,2189.0,62.2,105.1,1665.6,1109.4,570.8,766.6,5342.2,4771.6,2873.6,1424.9,3804.0,1795.4,2743.9,1965.3,1612.5,2810.8,974.8,2127.3,1061.3,2903.3,1543.7,4229.7,7957.9,5154.1,2051.5,205.8
2026-09-03 14:15:00,817.2,740.2,1142.5,1140.1,796.2,792.5,71.6,81.9,312.7,9.1,300.9,1784.4,5865.3,8079.7,2245.0,2193.5,46.2,105.2,1661.4,1126.6,573.1,764.5,5345.7,4740.7,2881.8,1423.6,3803.6,1800.4,2745.6,1962.9,1613.9,2818.8,974.0,2146.5,1061.2,2903.4,1544.3,4234.7,7971.2,5137.0,2048.2,209.5
2026-09-03 14:30:00,827.2,730.2,1153.2,1030.0,804.8,756.2,63.0,81.5,300.0,9.1,310.3,1786.0,5863.0,8094.7,2233.4,2209.6,41.4,104.9,1634.0,1155.3,554.4,770.1,5343.2,4772.2,2880.3,1423.9,3807.0,1799.5,2741.6,1968.7,1608.5,2814.6,972.4,2169.5,1062.5,2904.0,1545.7,4255.7,7977.9,5120.6,2054.7,218.1
2026-09-03 14:45:00,839.4,721.2,1174.6,995.0,804.0,720.8,62.8,81.3,287.4,9.7,305.9,1783.8,5849.3,8100.1,2233.4,2208.4,43.6,105.0,1623.2,1191.7,547.2,776.3,5353.8,4767.2,2888.9,1432.8,3821.7,1814.7,2743.9,1982.5,1602.6,2816.0,976.6,2177.0,1063.7,2904.8,1546.1,4303.6,7974.2,5105.2,2057.7,220.8
2026-09-03 15:00:00,815.1,695.4,1192.6,951.3,799.1,685.9,78.5,51.2,256.3,9.1,257.7,1746.6,5677.3,8096.0,2171.8,2169.3,92.9,118.2,1672.6,1252.8,587.9,784.3,5460.8,4785.5,2889.1,1414.9,3800.1,1806.3,2753.0,1935.1,1621.3,2753.5,977.1,2153.1,1063.4,3108.1,1539.8,4503.9,7841.8,4855.5,2051.8,222.6
2026-09-03 15:15:00,817.5,676.7,1190.1,898.9,800.3,648.9,74.5,50.8,242.5,9.2,251.8,1743.8,5620.0,8164.2,2180.2,2168.9,91.1,118.2,1620.6,1276.7,569.5,782.3,5464.1,4789.8,2892.3,1422.2,3800.2,1824.8,2754.3,1941.1,1624.7,2757.3,979.3,2153.5,1065.6,3108.4,1539.3,4528.5,7868.5,4846.6,2050.6,225.0
2026-09-03 15:30:00,814.0,658.5,1204.0,868.6,790.3,617.7,74.2,50.5,239.8,20.4,224.1,1736.2,5538.5,8252.5,2176.0,2138.3,36.6,118.2,1594.4,1302.1,547.4,781.7,5434.3,4827.4,2908.7,1421.6,3809.7,1819.7,2752.7,1942.4,1624.2,2754.0,984.4,2221.7,1069.7,3108.6,1539.8,4605.1,7892.3,4814.7,2058.9,230.2
2026-09-03 15:45:00,816.9,639.4,1229.5,813.2,787.3,584.6,71.0,58.7,231.1,53.0,218.5,1729.4,4581.7,8281.7,2205.9,2110.9,111.0,118.2,1574.9,1335.3,534.2,782.1,5452.2,4847.2,2919.2,1422.4,3818.8,1790.5,2758.0,1953.8,1624.1,2751.4,986.5,2287.5,1073.7,3109.3,1541.1,4639.4,7910.0,4835.3,2062.8,234.7
2026-09-03 16:00:00,792.5,615.1,1204.3,787.0,764.4,538.8,42.6,77.9,230.7,17.5,223.6,1708.9,4850.4,8047.4,1913.9,2076.9,81.3,120.5,1614.2,1446.6,563.9,792.6,5409.4,4751.1,2945.0,1373.4,3779.5,1834.8,2806.9,2066.1,1651.7,2945.5,980.1,2228.1,1105.7,3420.8,1540.2,4756.4,7985.5,4720.5,2044.6,232.8
2026-09-03 16:15:00,778.8,595.5,1025.2,767.0,769.1,490.2,31.6,77.4,238.4,30.3,219.9,1712.4,4695.2,8123.9,1944.4,2044.6,75.8,120.2,1439.8,1469.5,555.8,800.0,5420.2,4772.2,2958.9,1417.0,3785.7,1898.8,2806.1,2069.8,1650.3,2944.8,987.1,2261.3,1109.9,3421.4,1543.1,4786.0,8034.0,4701.9,2052.8,230.5
2026-09-03 16:30:00,793.0,576.4,838.9,689.1,776.5,432.3,31.0,76.6,243.0,46.7,217.7,1703.3,5453.6,8405.8,1945.8,1965.3,55.7,118.5,1434.3,1512.6,542.6,806.4,5435.2,4770.4,2969.2,1415.7,3786.7,1906.1,2802.3,2075.1,1645.6,2937.8,983.8,2228.1,1109.6,3422.2,1547.7,4843.8,8070.1,4737.6,2062.0,223.8
2026-09-03 16:45:00,802.8,559.2,896.7,626.5,785.1,371.8,31.0,88.0,238.9,44.8,217.2,1698.1,4597.0,8380.1,2002.0,1946.5,0.0,144.1,1421.6,1697.3,540.9,829.8,5437.8,4755.5,2969.8,1416.8,3778.8,1921.0,2801.4,2120.0,1650.9,2957.4,983.6,2227.6,1109.5,3422.9,1554.3,4859.1,8147.2,4743.2,2076.5,222.8
2026-09-03 17:00:00,823.9,516.9,965.4,609.9,787.5,312.3,33.2,25.8,245.8,59.0,165.8,1608.4,4559.2,7864.1,1798.3,1948.0,45.0,107.6,1785.5,1679.9,573.6,874.9,5487.9,4806.8,2989.9,1315.8,3881.3,1733.9,2831.1,2080.3,1627.1,2934.0,1000.8,2337.9,1109.4,3617.4,1554.5,4917.0,8280.9,4649.5,2114.3,278.3
2026-09-03 17:15:00,834.5,490.8,1047.9,574.5,791.9,256.6,41.0,25.3,259.2,62.3,164.1,1609.0,4472.1,8160.6,1871.5,1924.5,50.1,107.7,1586.6,1718.9,556.3,876.1,5499.9,4792.4,2988.7,1315.9,3879.3,1771.4,2820.4,2081.6,1625.0,2935.8,996.2,2328.5,1105.3,3618.0,1560.1,4962.0,8338.8,4812.4,2131.8,283.7
2026-09-03 17:30:00,847.6,468.9,1132.0,738.2,800.3,206.5,36.2,24.9,271.5,60.5,166.0,1591.0,4367.5,8135.3,1885.6,1908.8,0.1,110.2,1580.9,1743.4,549.4,911.5,5526.0,4778.9,2976.0,1422.7,3875.4,2072.0,2814.7,2147.4,1619.0,2968.8,962.0,2480.1,1102.9,3620.2,1565.2,4948.8,8404.4,4908.7,2134.4,282.7
2026-09-03 17:45:00,850.4,448.9,1187.8,749.9,800.7,191.4,33.2,43.0,284.5,54.6,169.1,1569.6,4312.9,8028.9,1942.7,1880.7,0.0,111.4,1594.9,2135.7,544.9,955.6,5529.0,4747.5,2976.8,1423.4,3812.1,2651.7,2825.7,2188.6,1619.1,3002.5,968.5,2613.0,1103.0,3620.9,1572.8,4977.5,8466.3,4889.7,2135.7,278.4
2026-09-03 18:00:00,857.6,419.9,1266.3,932.8,804.8,314.6,16.3,24.7,260.3,44.3,212.8,1489.2,4380.4,7479.8,1746.4,1846.1,27.5,96.1,1694.4,2371.3,568.8,929.9,5627.9,4796.4,2954.0,1392.0,3995.4,2783.7,2835.7,2179.3,1621.2,2966.4,974.4,2611.9,1109.8,3727.1,1565.2,4984.3,8479.6,4877.5,2122.2,322.7
2026-09-03 18:15:00,865.9,403.4,1309.4,871.7,814.9,289.8,13.2,24.5,270.6,39.0,216.4,1471.9,4330.6,7433.1,1649.9,1822.8,99.1,96.3,1541.2,2390.5,560.5,1162.9,5633.0,4788.7,2950.2,1489.1,3989.9,3322.7,2847.6,2239.6,1607.2,3004.6,976.0,2729.4,1109.4,3727.7,1569.4,5003.3,8506.9,4857.3,2121.7,323.2
2026-09-03 18:30:00,874.2,392.1,1375.4,859.8,820.7,319.9,14.4,25.2,289.0,38.3,235.7,1439.3,4325.8,7722.7,1510.4,1815.1,108.7,96.4,1545.1,2422.1,562.8,1266.0,5651.5,4818.5,2956.8,1506.9,3998.6,3735.3,2842.8,2210.4,1606.5,3026.9,984.2,2860.6,1108.7,3728.5,1572.1,4990.3,8526.9,4845.5,2105.8,323.6
2026-09-03 18:45:00,883.1,384.4,1394.6,858.1,825.5,355.4,16.8,43.5,302.5,125.3,252.7,1417.1,3772.5,7230.3,1749.8,2059.3,41.4,76.8,1569.5,2592.2,558.7,1262.3,5664.1,4806.2,2962.5,1500.3,3992.3,3936.8,2835.5,2211.1,1607.0,3006.7,983.6,2807.6,1107.4,3729.7,1573.3,5011.7,8555.7,4867.5,2104.4,319.8
2026-09-03 19:00:00,889.2,378.1,1405.4,862.0,832.7,374.7,58.6,11.1,333.7,34.0,250.0,1340.9,3749.7,6791.8,1857.9,1885.5,39.9,91.6,1663.9,2610.7,529.4,1299.9,5701.6,4827.6,2953.0,1529.5,3839.0,3853.0,2858.6,2198.6,1694.0,3078.1,1009.3,3472.2,1101.1,3676.5,1567.1,4917.0,8538.8,4994.6,2106.1,341.0
2026-09-03 19:15:00,886.9,389.9,1424.4,872.9,837.9,375.4,59.0,11.3,340.6,65.1,254.8,1319.8,3459.0,6834.3,1888.3,1915.0,39.4,73.1,1479.9,2586.3,532.8,1299.8,5717.1,4833.7,2959.5,1530.5,3848.5,4204.1,2860.8,2197.9,1703.1,3074.1,1010.5,3453.9,1096.9,3678.6,1565.7,4949.5,8533.5,5008.7,2106.3,336.8
2026-09-03 19:30:00,886.2,388.2,1410.0,876.2,844.1,364.9,61.2,14.3,353.8,108.6,262.4,1339.1,3449.5,7044.7,1868.0,1958.1,39.3,74.1,1469.7,2629.0,537.5,1305.7,5710.5,4833.4,2961.9,1531.4,3855.6,4231.9,2858.5,2153.2,1710.3,3075.1,1011.5,3499.8,1091.7,3681.0,1565.4,4953.1,8535.3,4995.2,2109.1,335.6
2026-09-03 19:45:00,890.2,392.2,1419.1,885.9,841.8,362.0,62.3,29.2,362.4,117.4,263.4,1333.7,3366.9,7116.7,1877.0,2025.8,40.1,75.7,1456.8,2868.5,543.6,1310.1,5696.5,4827.7,2968.5,1534.0,3850.5,3950.8,2863.0,2125.4,1700.8,3060.5,1012.3,3533.7,1085.9,3683.6,1568.7,4976.2,8540.7,4951.0,2102.2,358.8
2026-09-03 20:00:00,900.5,361.8,1399.9,884.4,831.8,398.3,10.7,76.8,365.5,101.3,282.7,1386.3,3231.3,6973.7,1665.4,1953.5,57.5,49.2,1397.0,2701.4,520.7,1320.8,5627.7,4704.8,2968.9,1531.6,3854.3,4367.4,2880.3,2054.1,1711.4,3067.1,1017.1,3399.6,1108.3,3614.7,1571.4,4975.7,8527.9,5076.2,2103.5,372.1
2026-09-03 20:15:00,893.2,358.4,1378.8,892.0,827.0,362.8,10.9,74.4,361.6,105.1,261.8,1376.4,3219.6,6923.7,1677.6,1946.3,62.8,49.2,1393.3,2710.9,518.0,1325.4,5609.6,4713.4,2971.0,1533.4,3850.0,4370.4,2881.6,1994.9,1710.1,3065.5,1017.9,3498.1,1104.0,3616.7,1570.0,4995.2,8537.1,5071.1,2084.5,371.6
2026-09-03 20:30:00,887.4,358.7,1356.0,893.9,821.8,345.8,10.7,74.5,356.8,106.3,250.5,1367.0,3209.6,6779.6,1683.7,1936.3,55.5,49.2,1389.6,2734.7,514.0,1371.3,5580.2,4674.1,2972.3,1535.2,3860.6,4336.5,2880.6,1976.8,1717.4,3064.9,1023.1,3506.9,1098.8,3618.3,1565.1,4983.0,8526.2,5058.3,2073.1,370.3
2026-09-03 20:45:00,878.7,379.7,1326.8,915.4,810.3,336.9,8.1,74.4,354.6,103.5,260.4,1368.8,3253.2,6597.9,1683.7,1918.2,36.7,49.5,1385.7,2762.4,510.7,1356.6,5556.1,4678.0,2984.2,1536.6,3862.4,4271.1,2878.7,1987.5,1713.1,3055.2,1026.0,3492.8,1092.6,3619.8,1556.3,4955.3,8500.7,4956.2,2048.6,345.4
2026-09-03 21:00:00,857.1,360.1,1281.4,935.7,785.4,289.7,15.4,66.4,347.7,107.9,207.0,1414.1,2964.8,6701.8,1671.5,1931.4,0.0,117.5,1389.5,2594.7,489.4,1368.1,5550.7,4670.5,2972.9,1604.3,3850.2,4002.4,2911.1,2070.5,1689.1,3140.7,1032.3,3432.6,1082.1,3280.0,1473.4,5012.9,8335.7,4945.2,1997.8,341.9
2026-09-03 21:15:00,843.7,359.7,1235.4,969.5,770.2,285.0,15.8,65.1,340.6,107.9,200.4,1409.5,3037.1,6486.4,1671.7,1899.8,18.3,115.3,1382.1,2587.1,487.5,1349.5,5571.4,4673.1,2967.8,1566.1,3834.0,3957.6,2911.5,2134.6,1692.1,3139.6,1027.2,3327.5,1073.2,3282.0,1461.3,5026.8,8262.6,4823.0,1956.0,341.9
2026-09-03 21:30:00,823.9,355.9,1183.8,815.5,751.4,278.0,14.4,65.1,352.6,45.3,188.3,1388.6,3042.8,6346.4,1710.2,1881.2,42.6,116.0,1378.6,2683.8,484.0,1352.8,5558.4,4627.4,2955.2,1568.2,3826.2,3798.1,2905.7,2125.8,1694.1,3138.3,1026.0,3310.2,1064.9,3283.7,1449.8,5014.3,8203.7,4820.7,1922.3,344.4
2026-09-03 21:45:00,810.1,363.1,1137.9,858.4,730.4,278.7,14.9,65.1,344.6,42.9,179.4,1381.8,3070.8,6146.8,1702.8,1881.2,11.2,116.3,1370.3,2690.5,483.2,1353.5,5522.1,4597.5,2939.6,1566.5,3806.1,3519.7,2903.3,2092.3,1703.2,3137.2,1021.5,3292.8,1055.5,3285.6,1439.2,4961.0,8127.7,4820.0,1889.7,347.5
2026-09-03 22:00:00,774.1,375.8,1101.4,660.9,707.5,225.0,2.0,55.2,314.7,37.5,189.4,1297.9,2856.7,5988.3,1629.6,1888.8,150.2,60.3,1328.3,2613.3,466.9,1367.4,5363.0,4656.4,2887.1,1642.9,3992.3,3813.5,2880.0,1942.5,1613.9,3175.6,1015.8,3299.7,1042.9,2853.5,1417.0,4901.3,8002.1,4788.9,1836.6,325.1
2026-09-03 22:15:00,768.0,373.4,1078.0,692.9,690.5,221.3,2.0,55.1,323.3,25.4,179.7,1274.3,3066.2,5876.7,1640.0,1862.4,150.8,61.3,1322.4,2500.5,461.8,1371.5,5298.3,4651.3,2857.2,1581.1,3965.0,3809.7,2872.7,1881.0,1627.5,3131.2,1011.9,3114.6,1038.0,2861.3,1404.8,4888.2,7889.2,4788.1,1795.8,329.0
2026-09-03 22:30:00,758.8,362.2,1063.0,727.7,672.4,221.9,2.0,55.1,312.8,31.7,177.0,1286.8,3242.9,5970.6,1647.3,1900.7,139.5,82.3,1317.7,2622.8,456.0,1375.4,5250.4,4588.8,2818.9,1579.8,3945.2,3451.8,2861.0,1865.0,1623.6,3112.6,1003.4,3025.8,1034.6,2869.0,1387.7,4849.9,7802.2,4786.0,1766.5,332.7
2026-09-03 22:45:00,789.8,311.4,1044.6,765.5,657.2,221.9,3.4,55.1,309.3,36.7,170.4,1292.1,3406.6,5906.8,1638.3,1955.5,141.9,83.4,1312.5,2627.2,453.6,1378.3,5222.0,4533.3,2790.3,1578.9,3890.9,3194.5,2855.2,1858.7,1620.9,3089.9,999.7,3005.2,1027.2,2876.8,1371.2,4838.4,7707.9,4779.6,1729.5,336.8
2026-09-03 23:00:00,732.3,339.0,1050.2,845.8,637.8,194.1,12.0,60.4,307.6,46.7,156.4,1284.5,3585.0,6124.2,1618.3,1889.7,93.9,68.4,1186.3,2620.8,440.3,1054.1,4973.2,4486.0,2691.6,1593.6,3601.3,3070.2,2815.4,1884.8,1650.2,3152.6,973.7,2561.8,1014.8,2688.3,1452.2,4772.2,7516.0,4728.3,1669.0,325.0
2026-09-03 23:15:00,723.9,333.8,1029.6,880.1,620.2,201.3,13.3,60.1,293.1,46.2,143.2,1282.0,3745.0,5591.7,1590.7,1928.4,101.2,89.0,1183.9,2572.7,438.4,1054.8,4931.9,4425.0,2645.9,1552.6,3573.9,3059.3,2806.4,1879.8,1649.7,3143.5,962.8,2417.5,1006.6,2694.5,1437.1,4758.8,7434.6,4721.0,1632.2,331.2
2026-09-03 23:30:00,714.9,328.0,1006.0,916.4,608.2,204.3,14.8,60.1,292.9,47.7,151.6,1302.4,3778.7,5675.2,1597.4,1983.8,96.1,89.6,1182.5,2565.0,437.3,1050.6,4892.3,4422.2,2610.4,1503.1,3556.5,2995.1,2795.1,1884.9,1649.4,3142.8,951.4,2308.8,1000.5,2699.5,1420.4,4734.4,7347.5,4563.5,1607.5,336.9
2026-09-03 23:45:00,747.4,308.8,983.4,961.6,599.5,206.3,14.7,60.1,289.5,36.6,138.2,1273.8,3805.7,5598.7,1576.7,1918.0,98.1,70.2,1180.8,2604.3,437.5,1042.5,4902.9,4332.3,2560.3,1501.1,3528.9,2968.5,2786.9,1880.3,1650.0,3137.8,944.2,2203.7,995.0,2702.6,1405.4,4728.5,7254.9,4544.9,1571.6,342.1
2026-09-04 00:00:00,711.2,283.4,902.0,1258.0,610.5,103.5,2.1,21.4,260.2,61.0,133.5,1355.3,3350.4,5702.3,1232.7,1788.9,38.3,155.7,1443.0,2116.1,486.5,994.2,4839.8,4319.9,2462.3,1251.6,3405.0,2090.1,2735.7,1974.0,1576.5,3188.1,959.3,2157.5,1030.7,3202.0,1390.0,4342.4,7115.3,4539.0,1458.4,419.7
2026-09-04 00:15:00,705.0,275.4,896.6,1285.1,622.2,105.0,2.0,25.4,257.5,61.0,149.2,1325.8,3389.8,5624.8,1259.8,1773.0,38.4,135.7,1416.6,2211.6,448.6,1027.8,4807.0,4315.0,2442.4,1253.9,3431.6,1991.5,2726.1,1969.0,1572.5,3164.1,950.4,1914.3,1023.1,3203.4,1396.1,4324.8,7080.6,4521.3,1443.3,428.7
2026-09-04 00:30:00,700.7,271.3,1119.8,1343.1,596.4,106.3,2.0,29.9,247.3,61.0,148.3,1329.2,3360.0,5520.0,1354.1,1763.0,46.8,135.7,1416.4,2200.1,448.8,1032.9,4779.9,4318.9,2398.8,1254.4,3402.1,1994.1,2712.8,1942.2,1570.6,3142.3,946.0,1867.0,1014.4,3203.7,1401.0,4274.3,7016.0,4533.6,1423.5,439.5
2026-09-04 00:45:00,699.9,267.7,1118.0,1368.4,606.8,106.6,2.0,26.1,246.8,51.1,139.4,1331.6,3366.8,5524.3,1512.5,1768.3,47.3,135.8,1418.7,2188.5,449.9,1031.4,4759.1,4313.7,2365.3,1255.0,3385.1,1977.2,2703.7,1932.7,1581.8,3143.2,948.8,1881.7,1004.9,3203.0,1401.1,4258.6,7001.6,4513.6,1420.7,446.6
2026-09-04 01:00:00,706.5,262.3,1108.8,1427.0,610.4,95.2,1.0,61.6,234.1,54.3,158.0,1339.5,3324.9,5520.5,1572.7,1745.0,13.7,149.4,1404.7,2137.0,443.5,1037.5,4750.3,4278.2,2311.2,1204.9,3373.5,1964.8,2679.2,1978.2,1518.1,3181.2,939.1,1904.0,988.9,3089.1,1394.2,4278.3,6998.1,4453.9,1416.6,458.6
2026-09-04 01:15:00,709.2,259.6,1097.7,1433.5,611.9,93.9,1.0,61.6,233.2,52.3,158.9,1342.1,3382.3,5454.6,1573.6,1746.1,13.4,149.4,1406.1,2081.1,444.1,1032.5,4731.4,4278.6,2291.5,1204.6,3360.0,1956.7,2672.8,1978.3,1516.5,3181.9,974.5,1999.5,983.3,3088.9,1389.3,4227.4,6981.7,4453.9,1408.7,455.1
2026-09-04 01:30:00,707.6,257.0,1084.0,1448.3,614.2,95.4,1.0,61.6,240.8,54.4,164.0,1343.2,3422.4,5438.0,1555.0,1753.6,23.1,169.4,1405.4,1991.6,441.5,1029.9,4714.4,4280.7,2266.6,1208.8,3347.3,1946.4,2668.5,1951.1,1511.9,3167.9,964.2,1994.0,976.0,3089.3,1382.6,4165.7,6949.0,4444.7,1397.3,472.6
2026-09-04 01:45:00,710.5,254.4,1072.4,1465.9,631.1,101.4,1.0,61.6,235.9,47.4,150.3,1350.7,3447.3,5273.4,1555.2,1729.8,20.6,169.4,1407.4,1930.5,441.5,1026.2,4778.9,4284.7,2242.3,1230.6,3337.3,1947.7,2664.3,1938.5,1513.9,3186.0,960.4,2075.8,969.1,3090.2,1372.8,4148.2,6924.1,4427.6,1392.4,474.8
2026-09-04 02:00:00,732.2,259.9,1083.6,1482.3,618.9,104.3,32.0,59.0,239.9,31.7,156.1,1338.3,3359.8,5278.6,1551.9,1710.7,31.1,169.1,1275.9,1989.3,420.7,998.1,4750.7,4283.2,2227.7,1252.9,3312.0,1884.4,2642.7,1967.7,1502.0,3213.1,938.8,1783.8,962.1,2916.2,1351.1,4067.2,6963.4,4494.7,1374.7,508.8
2026-09-04 02:15:00,731.1,259.2,1074.5,1480.1,624.2,104.9,33.3,60.3,225.9,32.2,136.7,1340.5,3355.8,5287.8,1549.1,1727.9,31.7,148.7,1277.8,1922.0,420.2,994.4,4744.3,4285.0,2211.5,1253.0,3316.2,1878.7,2641.0,1971.5,1500.2,3211.8,900.2,1801.1,960.9,2923.3,1343.2,4014.6,6954.9,4496.0,1372.4,519.9
2026-09-04 02:30:00,732.1,252.3,1069.3,1480.2,623.5,106.7,34.7,63.7,234.3,37.1,129.4,1345.4,3361.8,5352.7,1538.7,1736.1,32.3,148.3,1276.2,1851.9,417.2,981.8,4742.2,4282.0,2200.1,1253.5,3316.3,1871.4,2638.4,1937.9,1499.7,3206.0,893.8,1922.3,960.3,2929.5,1340.6,3995.9,6957.3,4489.2,1370.6,534.9
2026-09-04 02:45:00,731.4,243.1,1066.4,1484.1,621.0,103.0,34.7,57.5,243.7,35.3,111.4,1347.4,3575.4,5347.2,1530.5,1745.9,30.7,147.8,1273.2,1792.1,414.6,977.8,4692.4,4250.7,2192.9,1256.8,3319.6,1864.1,2634.5,1937.4,1498.9,3208.1,892.3,2011.1,961.0,2934.6,1342.4,3981.9,6935.7,4482.8,1368.0,530.2
2026-09-04 03:00:00,733.5,240.8,1097.9,1471.0,619.0,102.8,33.5,58.2,240.0,41.6,133.2,1358.9,4186.2,5645.2,1492.9,1760.5,49.3,152.1,1027.1,1560.4,412.1,971.0,4648.8,4298.8,2155.7,1286.4,3301.9,1803.7,2629.7,1972.7,1499.8,3192.0,883.1,2193.5,962.8,2931.7,1285.1,3882.1,6874.6,4472.7,1371.1,550.3
2026-09-04 03:15:00,734.2,239.2,1118.5,1480.1,622.8,104.4,34.7,60.8,226.0,44.6,119.2,1360.6,4512.3,5677.4,1479.4,1763.9,49.9,152.1,1024.3,1493.6,409.0,953.7,4663.4,4298.6,2149.7,1286.7,3308.3,1797.3,2630.7,1977.3,1503.3,3196.5,880.2,2194.0,961.2,2934.7,1286.0,3872.2,6853.5,4479.1,1360.6,555.8
2026-09-04 03:30:00,748.0,243.8,1120.7,1490.0,632.8,105.9,34.7,61.2,244.5,41.8,119.8,1361.8,4527.6,5756.2,1480.1,1766.8,50.6,151.9,1021.6,1426.1,404.3,943.4,4613.4,4284.2,2149.0,1290.2,3348.1,1773.8,2627.9,1953.1,1498.2,3179.1,879.4,2083.8,959.7,2936.6,1284.8,3852.9,6854.4,4479.1,1367.4,565.1
2026-09-04 03:45:00,750.5,237.3,1125.2,1504.4,637.9,105.9,34.7,62.8,241.2,46.4,96.3,1362.9,4576.8,5822.5,1476.4,1771.6,66.8,131.8,1018.3,1379.1,401.0,934.0,4623.6,4254.1,2140.6,1290.7,3364.1,1773.9,2628.6,1976.1,1497.9,3189.0,875.1,2190.0,959.0,2935.9,1280.8,3841.1,6833.7,4485.2,1358.7,565.6
2026-09-04 04:00:00,737.7,237.6,1144.5,1506.3,643.5,106.3,3.7,100.4,260.0,44.2,129.8,1382.6,4776.0,5783.1,1483.9,1792.4,52.3,150.4,1103.3,1330.4,388.9,914.1,4830.6,4432.7,2135.4,1256.0,3465.1,1732.7,2621.7,1915.4,1496.6,3189.1,877.2,2038.4,956.3,2943.4,1260.1,3908.7,6772.1,4378.1,1357.7,567.6
2026-09-04 04:15:00,721.0,239.5,1159.0,1513.6,659.5,105.9,2.4,101.7,261.0,42.8,117.9,1383.4,4699.7,5815.1,1487.3,1788.7,52.4,150.3,1100.4,1278.1,388.0,900.0,4811.2,4414.8,2143.6,1255.7,3473.1,1726.8,2622.8,1916.7,1495.9,3184.4,876.6,2040.3,955.5,2941.3,1259.0,3891.7,6777.5,4383.8,1362.9,573.9
2026-09-04 04:30:00,730.3,241.0,956.5,1503.5,675.1,105.4,1.0,105.4,253.9,42.1,118.1,1384.4,4670.1,5884.3,1451.0,1785.1,42.4,150.0,1098.6,1220.0,386.8,884.4,4900.5,4395.1,2141.1,1256.2,3486.4,1718.0,2619.9,1911.2,1496.2,3194.5,875.7,2028.1,956.7,2938.4,1263.6,3873.1,6785.2,4382.6,1366.0,581.4
2026-09-04 04:45:00,739.7,244.9,990.4,1498.8,692.0,104.9,1.0,102.1,254.5,45.5,113.1,1386.5,4388.7,5971.8,1477.9,1745.6,42.2,149.7,1099.6,1177.7,385.9,867.0,4879.3,4390.3,2147.3,1255.7,3496.5,1708.0,2621.2,1948.1,1496.0,3202.1,870.8,2043.6,960.4,2935.8,1272.0,3872.5,6778.5,4396.0,1365.6,588.3
2026-09-04 05:00:00,795.2,242.8,1012.1,1491.9,707.6,104.1,21.0,92.6,263.5,41.0,101.5,1372.3,4382.2,6282.0,1465.9,1787.2,88.0,69.1,1189.2,1167.2,394.1,845.3,5267.8,4459.5,2166.9,1205.3,3515.1,1728.6,2739.4,2010.7,1542.5,3063.3,887.4,2233.3,968.2,3447.2,1295.7,4013.4,6840.5,4436.3,1391.2,595.8
2026-09-04 05:15:00,778.7,244.7,1056.1,1467.9,712.6,104.6,21.0,93.0,271.0,42.0,105.6,1372.2,4217.0,6352.0,1485.4,1771.2,107.3,69.7,1045.5,1128.7,400.9,841.4,5266.6,4502.7,2202.8,1210.8,3540.6,1793.9,2701.6,2016.6,1542.7,3132.0,892.0,2260.7,976.2,3445.6,1314.5,4032.1,6903.6,4460.6,1412.6,606.7
2026-09-04 05:30:00,786.1,258.8,1074.0,1457.4,706.9,109.2,21.0,90.2,281.9,32.5,120.2,1370.7,3637.6,6217.5,1450.9,1870.4,106.4,69.9,1054.4,1077.3,408.4,820.8,5277.3,4505.4,2224.6,1210.1,3563.6,1716.3,2705.9,2065.1,1534.7,3137.0,930.7,2258.9,984.0,3445.5,1334.7,4093.7,6982.1,4509.8,1437.9,606.5
2026-09-04 05:45:00,794.1,267.4,1112.0,1444.9,721.2,115.3,21.0,91.6,293.6,39.8,121.1,1372.0,3657.4,6275.9,1508.0,2003.8,125.6,70.4,1065.9,1198.9,417.5,807.1,5341.6,4516.7,2267.2,1237.8,3585.9,1923.5,2718.2,2169.7,1537.2,3150.3,922.7,2379.1,987.3,3446.8,1351.6,4154.9,7068.8,4543.0,1461.9,610.2
2026-09-04 06:00:00,842.2,258.9,1156.6,1469.1,757.2,197.9,1.0,61.9,304.1,74.2,142.5,1358.9,3905.8,6898.6,1530.4,2148.6,37.3,66.1,1154.8,1037.4,451.6,782.3,5572.3,4506.3,2391.3,1335.0,3773.4,2367.7,2750.1,2423.8,1539.0,3170.3,880.9,2296.1,1015.9,3746.1,1378.0,4378.5,7359.7,4492.9,1538.9,609.4
2026-09-04 06:15:00,852.0,276.0,1176.4,1475.4,776.0,204.7,1.0,63.3,318.9,85.5,123.4,1356.8,3905.0,7015.6,1548.5,2179.2,41.9,66.4,1141.4,1114.9,462.2,776.0,5566.3,4494.1,2454.7,1332.3,3839.6,2888.3,2774.9,2454.6,1538.6,3171.9,894.0,2332.6,1029.4,3749.6,1395.5,4454.7,7477.6,4583.3,1574.8,604.8
2026-09-04 06:30:00,875.2,264.8,1183.7,1664.7,793.9,212.5,1.0,65.5,333.9,84.9,131.1,1354.2,3925.9,7755.5,1546.6,2183.8,38.9,66.3,1158.4,1070.2,475.2,748.7,5588.1,4497.0,2520.0,1332.5,3884.8,2981.1,2792.1,2517.3,1545.5,3189.0,911.5,2379.9,1033.7,3753.1,1418.0,4471.5,7615.3,4625.7,1631.6,592.6
2026-09-04 06:45:00,876.5,286.5,1183.9,1670.1,808.7,223.3,1.0,65.7,355.5,156.9,154.5,1352.6,3961.2,8091.6,1556.7,2165.3,56.0,60.7,1176.5,1031.8,498.3,707.3,5617.6,4514.5,2593.4,1332.4,3863.0,3036.1,2802.5,2530.3,1551.1,3192.7,925.2,2457.4,1042.9,3757.2,1439.8,4456.8,7751.7,4807.6,1673.6,582.8
2026-09-04 07:00:00,921.1,299.5,1213.4,1657.8,817.8,367.3,12.0,59.1,381.8,140.4,136.6,1431.7,4156.2,8187.1,1622.7,2130.5,57.6,105.1,1179.7,778.3,536.2,693.5,5707.1,4496.5,2796.5,1331.2,3718.1,3879.2,2887.7,2613.9,1597.3,3117.5,987.2,2207.2,1050.6,3937.5,1577.6,4660.9,8054.7,5009.1,1746.1,626.9
2026-09-04 07:15:00,927.1,375.8,1221.7,1654.9,836.6,387.9,12.0,59.5,394.3,165.9,145.0,1435.4,4172.1,8643.0,1616.8,2132.4,19.0,106.1,1200.8,730.0,544.0,627.1,5726.1,4490.8,2857.4,1330.7,3745.2,3585.6,2914.1,2687.6,1592.9,3133.0,1003.1,2311.2,1055.1,3940.3,1588.6,4641.5,8128.3,5033.9,1783.6,613.8
2026-09-04 07:30:00,938.1,383.1,1214.4,1643.7,849.1,408.3,12.0,57.8,407.3,166.7,161.9,1431.5,4189.3,8819.1,1639.7,2158.4,67.9,105.8,1205.4,721.4,550.1,586.3,5745.7,4511.8,2890.2,1331.9,3762.4,3557.8,2908.1,2729.7,1597.9,3161.0,1016.8,2388.9,1059.8,3940.8,1598.8,4619.1,8190.7,5084.5,1805.9,593.7
2026-09-04 07:45:00,948.5,388.4,1204.2,1645.8,855.8,432.3,12.0,57.0,416.4,161.6,178.6,1434.6,4134.2,8878.0,1659.6,2176.5,96.8,105.0,1226.2,708.9,569.3,537.5,5766.2,4505.1,2928.2,1331.9,3775.0,3478.2,2940.8,2734.8,1608.5,3189.1,1023.0,2572.3,1063.5,3939.5,1610.7,4597.9,8252.0,5094.8,1844.3,608.0
2026-09-04 08:00:00,970.8,394.0,1168.4,1639.0,862.6,472.0,12.8,47.7,417.0,161.9,184.7,1345.9,4321.3,8866.0,1981.0,2155.4,210.7,43.8,1397.7,898.1,597.1,528.5,5795.3,4631.3,2986.8,1387.8,3920.5,3468.7,2961.8,2794.9,1634.5,3164.9,1043.9,2596.3,1055.5,3916.7,1611.1,4570.0,8277.0,5172.9,1870.7,571.3
2026-09-04 08:15:00,967.0,400.1,1153.0,1663.1,867.2,483.4,12.8,46.4,411.3,159.6,189.1,1340.0,4315.1,8630.8,1962.9,2159.7,225.3,44.4,1399.5,707.0,596.3,490.2,5782.5,4680.7,3000.4,1388.4,3920.7,3477.7,2972.3,2758.6,1635.6,3164.2,1046.5,2662.3,1061.8,3913.2,1613.7,4552.4,8281.3,5162.0,1887.1,533.7
2026-09-04 08:30:00,955.7,409.1,1131.4,1684.2,868.4,495.7,13.4,47.0,410.0,160.1,187.0,1364.7,4337.5,8084.1,1974.1,2178.5,230.2,45.0,1404.5,706.8,597.9,460.1,5778.6,4693.6,3009.4,1388.4,3918.0,3140.5,2974.0,2799.2,1637.4,3171.5,1053.5,2613.0,1081.8,3909.9,1614.1,4534.3,8268.7,5187.8,1885.0,521.6
2026-09-04 08:45:00,949.3,416.2,1106.9,1682.2,864.6,512.9,23.9,47.7,411.0,158.3,196.4,1388.7,4401.5,7720.3,1990.5,2192.7,237.7,65.5,1583.5,702.9,616.1,447.0,5768.0,4700.4,3018.8,1388.7,4022.5,2926.1,2981.2,2797.6,1638.3,3162.3,1063.4,2618.5,1080.6,3906.0,1613.2,4516.6,8250.4,5153.1,1891.9,513.5
2026-09-04 09:00:00,929.6,336.9,1082.7,1463.8,863.1,485.9,5.7,35.5,396.3,104.5,184.4,1448.4,4569.6,8170.2,1997.3,2221.4,107.4,78.7,1385.5,925.8,636.6,474.4,5740.0,4696.0,3038.9,1395.3,4034.2,2925.8,2985.1,2742.6,1638.6,3163.0,1042.5,2870.0,1081.4,3911.3,1607.8,4442.7,8171.2,5131.6,1899.1,511.8
2026-09-04 09:15:00,931.3,356.8,1079.3,1481.4,860.0,501.8,10.7,27.6,402.0,40.3,185.3,1450.0,4592.2,7921.9,1969.3,2240.9,128.0,79.1,1387.5,743.0,643.6,457.0,5728.6,4703.5,3038.6,1396.4,4022.5,2718.3,2997.6,2758.0,1643.8,3165.1,1038.3,2859.0,1092.1,3911.4,1604.3,4436.8,8142.7,5105.9,1901.4,499.1
2026-09-04 09:30:00,925.8,363.7,1073.9,1506.1,857.0,508.4,12.9,28.1,391.3,35.0,188.3,1465.9,4610.8,7735.4,1971.7,2158.6,130.1,78.8,1387.0,743.1,643.7,464.8,5719.9,4710.1,3046.9,1396.4,4030.4,2333.5,2980.3,2783.0,1637.6,3146.1,1048.3,2741.9,1095.4,3912.0,1601.7,4430.9,8124.4,5124.1,1903.8,482.6
2026-09-04 09:45:00,917.0,357.0,1059.2,1532.0,854.0,516.4,24.3,28.4,382.8,28.7,200.9,1496.9,4668.6,7963.8,1943.2,2013.5,148.1,86.3,1574.2,760.2,655.7,504.1,5711.0,4719.5,3044.7,1397.5,4020.5,2405.1,2981.4,2738.1,1649.8,3110.6,1046.3,2524.4,1095.6,3912.6,1600.2,4423.2,8112.4,5138.1,1911.2,470.0
2026-09-04 10:00:00,914.6,375.0,1052.5,1546.6,846.4,517.3,60.0,17.2,388.0,42.0,228.6,1565.1,4519.6,8561.5,2159.2,1862.0,128.2,98.9,1377.2,946.3,658.5,456.4,5689.3,4635.5,3042.0,1362.1,3860.2,1736.0,2991.6,2692.1,1670.6,3113.6,1017.5,2774.6,1091.1,3927.5,1598.8,4379.3,8072.7,5135.3,1927.0,361.4
2026-09-04 10:15:00,910.8,386.7,1036.2,1556.3,843.0,531.4,59.8,8.7,377.6,35.6,222.7,1586.5,4979.7,8306.6,2154.3,1861.8,108.4,100.3,1378.3,793.5,657.8,470.8,5664.7,4643.5,3035.6,1359.6,3858.3,1500.3,2979.0,2632.4,1681.8,3064.5,1018.7,2288.5,1088.4,3928.1,1591.8,4377.7,8040.0,5149.0,1931.3,348.0
2026-09-04 10:30:00,904.3,395.5,1021.0,1559.9,844.3,540.6,61.4,9.5,359.3,35.0,220.8,1627.0,5222.5,8415.3,2162.1,1883.5,99.3,100.7,1374.4,799.3,654.6,508.0,5653.5,4652.3,3041.1,1360.4,3850.6,1458.5,2997.2,2620.4,1684.0,3049.9,1014.8,2144.8,1089.0,3928.9,1586.7,4376.7,8009.7,5161.3,1937.5,338.5
2026-09-04 10:45:00,896.2,399.8,997.6,1556.1,847.4,546.1,71.2,10.1,341.6,33.7,207.2,1650.3,5286.3,8293.3,2138.3,1901.9,96.1,101.3,1531.6,809.9,651.6,519.9,5634.0,4595.7,3035.1,1360.2,3838.8,1429.7,2999.1,2586.8,1684.9,3043.7,1003.5,1994.7,1091.5,3929.7,1578.6,4374.9,7986.3,5166.8,1937.7,328.7
2026-09-04 11:00:00,877.0,389.3,969.0,1590.6,842.7,369.2,73.4,67.7,337.8,32.4,427.5,1674.6,5463.5,8782.0,2612.2,1869.4,144.9,109.2,1389.0,896.3,677.3,499.2,5599.9,4490.4,3049.5,1384.9,3913.7,1381.9,2993.4,2420.5,1680.7,3017.7,1039.3,2025.1,1083.9,3907.5,1579.0,4191.5,7955.7,5067.9,1971.7,299.1
2026-09-04 11:15:00,874.2,391.5,961.8,1601.7,838.2,369.5,67.2,58.6,321.4,38.9,432.7,1707.4,5538.5,8645.0,2582.5,1902.0,146.7,109.2,1374.7,872.2,674.7,510.4,5600.3,4491.5,3056.3,1381.3,3904.8,1381.4,2994.1,2414.6,1680.3,3008.6,1036.3,2027.9,1081.8,3908.1,1569.6,4187.0,7930.7,4967.8,1951.6,283.2
2026-09-04 11:30:00,869.8,397.3,1181.7,1617.1,840.4,375.3,65.2,60.4,317.5,41.7,442.4,1715.3,5546.8,8239.1,2572.0,1899.6,139.3,107.7,1380.4,862.9,669.9,523.9,5583.6,4492.8,3041.8,1382.0,3903.7,1370.3,2988.8,2395.3,1678.9,3009.6,1037.2,2032.7,1085.2,3909.2,1560.6,4181.6,7904.5,4876.9,1946.2,273.1
2026-09-04 11:45:00,860.6,402.1,1188.7,1632.3,844.8,379.2,81.6,60.0,308.3,48.3,451.0,1725.2,5555.6,7952.5,2565.9,1894.4,141.9,109.9,1409.5,844.2,663.9,523.0,5587.4,4489.9,3041.9,1382.3,3902.1,1374.5,2987.8,2364.1,1682.0,3008.4,1037.2,2045.9,1083.7,3910.5,1546.8,4179.1,7887.7,4864.3,1963.6,262.6
2026-09-04 12:00:00,862.1,431.4,1415.5,1627.3,848.9,383.5,87.8,22.4,273.3,26.1,219.2,1791.3,5664.4,7963.9,2746.4,1884.7,104.0,120.4,1465.1,733.8,651.6,558.5,5554.9,4463.9,3030.5,1383.4,3831.3,1445.3,2970.5,2191.6,1708.7,3034.0,1018.5,1968.9,1083.6,3814.1,1548.7,3965.3,7833.3,4848.2,1930.6,245.0
2026-09-04 12:15:00,862.4,426.8,1414.3,1642.5,849.9,385.0,84.7,22.4,265.1,30.8,220.2,1798.4,5695.2,7982.0,2743.6,1887.6,105.9,120.7,1443.2,724.5,648.9,556.8,5558.6,4467.0,3022.8,1383.5,3820.2,1448.8,2969.6,2161.2,1709.2,3027.2,1021.0,1965.7,1080.8,3816.3,1537.0,3948.1,7809.6,4843.6,1926.2,236.9
2026-09-04 12:30:00,858.6,423.3,1409.1,1656.4,848.6,383.0,101.3,22.6,259.6,38.0,223.2,1799.3,5719.3,7966.6,2720.0,1893.4,107.5,120.7,1457.3,722.0,647.4,554.6,5540.6,4465.9,3021.5,1383.6,3823.7,1451.4,2964.8,2149.4,1707.5,3021.0,1017.6,1965.3,1079.9,3818.5,1530.1,3927.0,7793.5,4837.8,1940.3,228.6
2026-09-04 12:45:00,851.5,429.0,1407.1,1666.7,849.8,382.0,93.0,22.7,316.7,38.3,217.6,1796.5,5783.6,7929.0,2707.3,1890.5,109.6,120.6,1465.5,747.0,655.3,565.3,5525.0,4463.8,3018.1,1383.2,3822.8,1450.6,2965.4,2144.3,1711.5,3005.5,1012.5,1959.7,1081.8,3821.1,1524.6,3924.2,7762.6,4834.1,1924.6,221.2
2026-09-04 13:00:00,851.0,432.8,1448.1,1757.2,889.7,378.4,36.8,48.5,254.1,13.5,295.5,1807.1,5972.9,7935.5,2671.3,1815.6,162.4,117.5,1459.0,683.8,646.4,575.7,5559.6,4386.6,3001.2,1384.4,3796.4,1445.2,2957.5,2069.0,1714.9,3086.9,1008.6,1977.2,1092.2,3760.5,1519.0,3850.2,7814.8,5001.7,1936.0,210.7
2026-09-04 13:15:00,853.2,435.4,1451.6,1754.4,892.0,371.8,36.9,48.4,323.8,14.4,323.4,1811.7,6069.9,7685.3,2663.6,1841.2,164.7,117.5,1451.2,692.7,648.8,571.4,5632.7,4384.7,2999.2,1384.3,3793.5,1438.1,2954.6,2062.2,1714.0,3088.9,1002.4,1976.7,1092.7,3763.2,1513.9,3848.8,7817.5,4998.3,1918.7,205.9
2026-09-04 13:30:00,850.3,417.7,1449.6,1735.9,897.1,366.1,45.7,47.6,327.2,16.2,306.8,1816.6,6119.8,7471.8,2627.4,1844.7,165.6,117.5,1438.8,710.0,650.1,564.2,5634.7,4377.1,2996.5,1384.1,3787.3,1438.1,2951.9,2050.4,1713.1,3095.9,1006.5,1976.0,1091.0,3765.9,1505.8,3837.8,7767.0,4983.5,1913.9,201.8
2026-09-04 13:45:00,868.3,409.6,1444.8,1720.9,895.3,358.4,53.2,47.5,325.5,15.8,301.3,1833.9,6120.5,7250.2,2625.7,1834.0,113.7,117.5,1481.0,723.9,647.3,561.0,5633.9,4369.5,2993.2,1383.4,3776.5,1426.6,2955.0,2048.0,1711.6,3094.5,1005.1,1975.7,1086.0,3768.3,1495.4,3833.0,7781.8,4973.5,1897.9,196.4
2026-09-04 14:00:00,897.9,411.9,1433.6,1647.9,898.5,353.1,21.7,68.7,325.1,35.0,263.9,1839.0,6099.4,6526.1,2650.8,1784.8,80.5,119.7,1393.2,902.6,623.6,583.2,5585.9,4363.4,2989.4,1383.9,3794.7,1485.3,2958.2,2088.4,1712.3,3074.4,1013.6,1890.3,1079.5,3780.9,1489.4,3877.6,7794.4,5010.4,1886.2,191.0
2026-09-04 14:15:00,892.8,404.2,1438.0,1642.1,891.4,346.7,20.4,65.4,329.4,28.0,262.1,1833.1,6304.2,6422.2,2651.6,1787.9,121.0,120.4,1384.5,936.7,623.2,580.6,5584.1,4350.4,2990.0,1383.3,3794.2,1482.8,2957.2,2083.0,1714.3,3075.6,1012.6,1877.8,1077.5,3784.7,1480.3,3874.5,7786.6,4995.3,1881.3,188.0
2026-09-04 14:30:00,908.1,398.4,1442.9,1626.8,886.5,339.4,4.6,65.0,349.2,22.2,273.8,1832.8,6408.5,6407.5,2650.0,1786.1,122.2,120.3,1377.3,991.8,623.4,582.4,5575.2,4347.2,2984.3,1383.3,3790.2,1479.0,2950.1,2076.0,1709.8,3078.8,1009.2,1867.2,1077.7,3788.4,1475.3,3875.5,7763.2,4953.4,1875.5,187.7
2026-09-04 14:45:00,916.5,391.7,1452.8,1609.5,880.9,330.4,2.8,64.5,367.4,22.1,260.6,1838.3,6206.1,6404.4,2657.9,1779.5,133.6,120.2,1366.9,1062.6,620.2,594.7,5583.1,4338.4,2985.0,1383.2,3797.6,1481.9,2951.1,2073.2,1707.2,3073.3,1012.5,1876.8,1072.6,3792.9,1472.3,3875.8,7766.9,4943.2,1863.5,185.6
2026-09-04 15:00:00,867.6,374.5,1441.7,1581.6,863.8,321.4,33.6,74.4,368.2,15.6,263.1,1850.7,6263.2,6591.3,2492.9,1751.4,40.7,108.9,1388.6,963.4,607.1,603.7,5677.5,4403.9,2990.7,1390.3,3818.0,1529.4,2946.7,2043.0,1710.3,3082.8,1008.9,1988.7,1071.5,3841.8,1465.0,3978.7,7655.2,4808.6,1855.0,181.5
2026-09-04 15:15:00,873.0,365.2,1455.8,1540.9,858.9,310.8,23.1,73.8,360.7,10.2,232.5,1842.2,5961.0,7026.3,2541.3,1751.0,49.2,109.0,1321.6,1088.6,579.9,621.1,5674.5,4395.0,2996.7,1390.1,3811.0,1538.0,2945.6,2034.6,1716.0,3081.6,1050.9,2093.4,1073.3,3850.0,1467.4,4000.6,7657.4,4794.7,1846.1,182.6
2026-09-04 15:30:00,840.8,369.1,1467.7,1514.2,851.1,300.1,17.8,73.2,359.7,8.5,244.9,1831.9,5862.8,7690.6,2563.9,1747.7,49.5,109.0,1314.4,1166.3,574.1,650.7,5595.3,4399.5,3004.1,1389.8,3813.2,1550.2,2940.7,2061.5,1718.3,3063.4,1013.5,2206.5,1072.4,3860.6,1469.2,4007.0,7649.7,4831.9,1835.0,184.1
2026-09-04 15:45:00,846.9,353.2,1482.4,1489.2,852.5,287.9,14.5,85.8,282.0,8.5,233.5,1827.7,4953.8,7687.4,2548.6,1736.9,49.9,109.0,1315.9,1281.7,564.3,683.2,5600.1,4394.8,3006.1,1389.9,3812.0,1571.3,2945.3,2099.9,1715.6,3062.1,1011.1,2324.1,1074.4,3874.6,1471.0,4039.9,7655.1,4845.5,1829.1,184.1
2026-09-04 16:00:00,852.4,335.7,1248.3,1447.8,834.6,265.9,21.6,98.1,316.9,21.6,253.3,1734.2,5123.6,7866.1,2556.7,1706.9,62.1,143.3,1457.6,1440.9,566.0,676.0,5576.5,4474.4,3037.1,1352.7,3716.5,1833.9,2948.5,2196.1,1714.3,3009.9,1038.4,1774.3,1079.4,3917.1,1478.1,4198.9,7680.4,4873.9,1818.6,184.6
2026-09-04 16:15:00,857.0,333.2,1270.2,1383.6,835.3,246.1,3.6,97.4,309.2,7.7,252.0,1737.7,5082.2,8111.0,2576.3,1697.2,83.0,146.1,1317.3,1476.8,555.6,684.6,5565.7,4463.3,3046.6,1352.8,3722.1,1871.3,2947.2,2167.4,1712.8,3018.7,1044.2,1911.0,1082.6,3933.9,1488.6,4179.7,7717.2,4859.4,1815.4,183.9
2026-09-04 16:30:00,860.3,320.0,1071.9,1309.7,837.7,225.1,9.7,96.6,324.8,2.4,261.1,1715.8,5850.0,8024.9,2609.9,1663.0,60.0,147.3,1324.6,1527.4,570.7,689.0,5581.3,4457.8,3053.6,1352.1,3717.0,1881.5,2943.4,2143.7,1711.7,3022.2,1031.0,1952.1,1084.8,3950.0,1507.7,4177.6,7782.1,4845.1,1827.7,185.6
2026-09-04 16:45:00,866.0,312.1,1089.4,1236.3,838.1,206.1,3.5,107.5,331.7,2.0,225.8,1711.7,4971.9,7955.7,2670.4,1652.9,45.9,129.6,1348.1,1736.4,567.8,710.6,5602.6,4479.6,3050.4,1351.6,3710.2,1888.1,2942.4,2144.7,1720.0,3033.0,989.6,2073.3,1085.3,3965.5,1520.0,4178.2,7837.3,4837.7,1834.8,186.6
2026-09-04 17:00:00,869.0,281.7,1123.3,1158.8,841.8,186.2,4.3,98.8,303.3,5.0,202.5,1683.8,4786.3,8559.9,2610.7,1582.8,240.2,28.1,1772.3,1449.0,602.2,722.8,5596.7,4467.1,3040.5,1275.1,3776.5,1752.8,2985.2,2209.6,1714.2,2995.3,1078.2,1947.1,1094.9,4065.1,1556.8,4234.3,7934.7,4921.3,1867.2,194.9
2026-09-04 17:15:00,876.1,275.3,1154.2,1115.6,843.6,167.7,9.9,98.0,309.4,5.0,218.4,1661.5,4703.4,9133.7,2663.6,1585.1,264.1,28.0,1573.6,1552.8,572.2,730.7,5581.3,4469.4,3036.5,1274.7,3764.0,1786.4,2939.8,2264.5,1712.1,3011.2,1040.6,1810.2,1095.0,4078.9,1569.0,4264.7,7972.0,4913.3,1881.4,199.6
2026-09-04 17:30:00,872.0,262.1,1185.5,1054.1,847.4,155.1,6.1,98.1,310.7,4.9,185.2,1625.4,4658.3,9173.3,2671.3,1597.5,228.5,28.0,1550.0,1591.6,569.1,736.6,5596.0,4573.8,3028.9,1275.3,3762.1,1809.1,2945.8,2318.5,1713.0,3010.8,1038.2,1791.8,1092.4,4091.3,1584.8,4289.8,8005.2,4937.7,1887.3,201.0
2026-09-04 17:45:00,871.6,257.4,1212.8,992.9,853.3,143.9,8.0,115.3,327.0,19.8,182.5,1631.3,4656.2,9252.8,2687.4,1620.3,208.6,31.8,1529.6,1825.7,539.1,750.1,5607.1,4572.7,3019.1,1266.4,3763.1,1826.3,2945.9,2334.4,1711.8,2995.5,1020.0,1792.7,1092.9,4101.4,1601.0,4379.9,8016.1,5134.2,1887.9,198.8
2026-09-04 18:00:00,868.8,247.2,1220.6,934.3,857.6,435.9,13.8,74.7,291.7,19.9,231.2,1552.1,4927.0,8608.4,2435.7,1612.3,197.0,84.2,1746.9,1675.5,589.5,778.6,5632.8,4668.1,2984.6,1395.3,3970.6,1612.3,2947.9,2433.8,1728.2,3045.7,1000.5,1916.3,1082.7,4169.1,1605.5,4392.9,8101.7,4989.6,1873.7,268.3
2026-09-04 18:15:00,875.3,258.5,1253.7,878.4,858.6,439.9,14.3,72.7,306.8,22.2,216.1,1525.1,4857.0,8506.8,2427.1,1651.2,155.2,84.3,1575.8,1752.1,547.5,785.5,5647.3,4693.8,2972.1,1389.2,3964.9,1630.3,2966.9,2434.5,1721.9,3020.3,1004.6,1921.1,1083.3,4179.6,1618.2,4418.2,8082.4,5197.7,1856.9,271.8
2026-09-04 18:30:00,883.0,280.6,1289.8,1024.3,864.8,444.2,9.6,90.3,322.2,22.2,223.7,1479.2,4853.6,8614.1,2404.8,1634.8,169.9,85.1,1573.7,1919.6,544.9,828.0,5655.9,4684.9,2963.1,1397.7,3970.4,1669.0,2959.3,2433.4,1721.0,3029.8,1008.9,2286.5,1084.8,4191.9,1627.0,4401.7,8092.8,5187.1,1857.2,275.0
2026-09-04 18:45:00,890.3,294.1,1310.1,973.0,863.1,460.2,15.8,91.3,328.1,22.1,255.9,1443.7,3980.2,8242.3,2417.5,1634.8,159.4,65.0,1585.7,2143.4,547.8,825.5,5659.4,4677.4,2965.5,1401.7,3965.0,1748.4,2958.7,2431.2,1720.6,3028.7,1005.3,2318.5,1081.7,4206.0,1632.4,4404.8,8092.8,5242.7,1860.6,278.2
2026-09-04 19:00:00,896.9,364.8,1343.4,1178.2,873.6,540.3,9.8,77.0,332.9,22.6,239.7,1425.2,3813.1,8221.3,2197.3,1719.9,24.8,128.0,1613.8,2164.8,516.9,867.0,5660.1,4568.1,2944.5,1400.5,4014.1,1999.7,2937.6,2416.2,1728.1,3023.5,1034.4,2547.8,1074.6,4167.3,1626.2,4349.4,8061.5,5310.3,1854.3,359.0
2026-09-04 19:15:00,899.6,353.4,1369.4,1159.9,873.2,537.0,8.0,92.8,333.4,66.5,245.6,1369.1,3807.2,8296.3,2220.3,1869.5,14.4,127.8,1610.7,2190.5,522.4,858.7,5666.7,4566.4,2941.4,1400.1,4018.5,2143.5,2935.8,2402.7,1730.6,3024.3,1036.7,2667.2,1073.2,4184.3,1625.9,4327.5,8037.3,5343.4,1840.2,376.9
2026-09-04 19:30:00,907.1,368.4,1387.2,1128.8,873.8,540.4,11.2,93.0,334.8,95.5,278.8,1366.0,3776.7,8466.2,2191.0,1914.2,35.9,107.6,1607.6,2203.2,521.4,857.3,5659.1,4479.2,2937.8,1400.0,4016.2,2268.8,2932.3,2404.1,1735.1,3023.9,1038.6,2669.6,1071.2,4201.6,1620.0,4333.3,8006.3,5338.6,1831.3,389.5
2026-09-04 19:45:00,921.8,381.1,1397.6,1106.8,871.5,536.9,12.4,87.4,334.2,94.5,261.4,1349.9,3655.2,8462.8,2191.6,1943.0,17.3,107.5,1614.9,2263.4,521.6,880.1,5651.1,4484.8,2934.9,1399.8,4008.9,2219.1,2920.9,2380.9,1728.7,3003.4,1036.1,2582.7,1071.1,4220.1,1606.9,4312.1,8000.3,5306.4,1818.7,426.8
2026-09-04 20:00:00,925.8,322.1,1382.9,1125.2,869.2,528.5,5.2,34.3,340.4,132.6,253.4,1437.5,3969.0,8494.3,1935.4,1956.0,0.0,122.6,1514.8,2525.8,509.1,898.2,5594.8,4527.3,2924.8,1352.8,4154.0,2145.9,2924.0,2246.3,1736.7,3031.1,1038.3,2660.1,1063.6,4162.5,1593.2,4274.1,7922.5,5203.6,1807.3,386.5
2026-09-04 20:15:00,920.0,322.0,1371.6,1110.0,860.2,518.1,5.2,16.0,332.4,132.4,241.4,1441.0,3909.6,8335.0,1935.3,1942.2,0.0,124.3,1509.3,2536.9,507.1,915.2,5581.4,4524.3,2920.4,1348.2,4148.2,1941.2,2923.6,2230.3,1735.8,3018.7,1033.9,2549.7,1061.1,4179.7,1582.2,4251.9,7890.6,5159.3,1794.6,426.4
2026-09-04 20:30:00,910.8,298.0,1358.3,1093.1,852.9,512.9,5.7,13.5,327.7,132.3,231.5,1439.0,3923.6,8249.9,1936.5,1941.9,10.2,111.0,1503.9,2573.7,504.8,936.1,5563.5,4527.4,2913.7,1348.1,4177.8,1892.0,2951.0,2204.7,1739.2,3002.9,1034.7,2500.9,1062.4,4196.2,1578.7,4224.4,7863.6,5142.7,1788.6,437.2
2026-09-04 20:45:00,905.9,292.5,1333.5,1085.8,839.1,507.5,9.2,12.4,328.3,132.4,231.4,1436.6,3957.9,8120.8,1933.5,1963.4,10.9,132.5,1497.5,2624.9,502.4,959.7,5539.5,4522.0,2909.9,1348.4,4141.4,1903.1,2954.3,2187.7,1736.0,2992.2,1029.7,2516.6,1058.6,4211.5,1569.3,4165.9,7823.5,5024.7,1767.4,438.0
2026-09-04 21:00:00,878.1,269.3,1285.4,1049.8,820.5,477.8,3.0,54.6,333.6,150.0,227.1,1385.5,3812.7,7880.4,1886.8,1969.6,154.0,28.8,1476.7,2651.7,488.7,996.7,5536.5,4454.7,2872.9,1382.6,4510.4,1894.9,2903.7,2126.9,1738.8,3076.8,1034.9,2582.2,1053.5,3906.0,1534.7,4169.8,7666.3,5088.8,1729.5,464.5
2026-09-04 21:15:00,862.1,257.0,1266.4,1051.8,805.9,473.2,3.0,48.5,331.9,150.1,227.7,1380.0,3808.4,7665.8,1887.5,1940.2,165.4,28.8,1472.1,2701.7,486.7,983.3,5556.6,4456.6,2854.1,1383.0,4546.4,2016.3,2912.5,2078.5,1739.3,3056.7,1026.1,2507.4,1046.2,3916.0,1525.9,4147.9,7620.1,5071.1,1701.2,479.5
2026-09-04 21:30:00,847.6,262.3,1227.0,1045.9,786.4,461.7,3.0,48.4,327.5,150.2,216.3,1349.4,3792.5,7392.4,1919.6,1961.3,158.9,40.5,1465.1,2693.6,484.2,992.5,5536.1,4451.7,2829.4,1382.8,4538.6,1928.0,2898.5,2066.6,1741.4,3059.7,1019.9,2490.0,1043.4,3925.0,1511.9,4071.2,7541.8,4954.8,1677.0,496.5
2026-09-04 21:45:00,831.1,245.3,1188.2,1046.3,769.2,449.2,3.1,48.4,323.1,75.4,210.0,1348.8,3944.1,7246.8,1916.6,1945.2,144.0,39.1,1459.6,2712.6,481.9,1006.7,5522.1,4450.4,2812.5,1382.7,4481.5,1847.1,2920.1,2047.9,1742.7,3053.6,1008.7,2491.8,1041.8,3930.6,1503.1,4058.7,7470.1,4859.8,1650.9,514.7
2026-09-04 22:00:00,802.8,278.8,1158.5,815.2,746.1,234.2,3.0,20.4,325.3,36.1,208.5,1451.3,3642.2,7027.8,1886.0,1889.1,81.8,75.5,1424.4,2579.2,467.1,1016.1,5329.9,4505.0,2771.2,1419.8,4522.3,1833.9,2893.1,1978.8,1722.2,3106.9,979.5,2621.9,1023.3,3461.0,1484.6,4006.9,7324.3,4996.6,1639.2,471.1
2026-09-04 22:15:00,790.7,263.2,1140.3,844.3,726.6,227.5,3.0,20.4,322.3,36.1,197.2,1448.4,3857.3,6947.0,1895.8,1888.8,81.7,73.9,1419.4,2583.8,464.7,1025.3,5263.3,4467.3,2738.8,1419.6,4498.8,1865.4,2887.4,1975.4,1722.3,3113.5,972.8,2518.5,1022.8,3465.5,1471.7,3943.1,7234.0,4883.1,1611.2,484.7
2026-09-04 22:30:00,778.7,253.5,1115.9,679.2,709.1,226.9,3.0,20.4,320.8,36.1,180.3,1446.5,4018.5,6850.9,1920.9,1927.4,81.7,94.0,1414.8,2573.0,463.7,1019.6,5258.8,4424.3,2708.6,1419.9,4485.1,1731.0,2877.9,1975.1,1716.9,3108.5,963.9,2371.7,1015.4,3470.8,1457.6,3901.0,7157.9,4792.4,1592.9,498.2
2026-09-04 22:45:00,759.0,249.5,1094.3,705.3,698.7,226.6,3.0,20.5,315.6,36.1,172.9,1445.1,4065.2,6684.0,1919.0,1931.1,81.7,94.1,1417.2,2423.9,484.1,1002.7,5226.3,4367.0,2685.3,1414.9,4456.1,1734.8,2872.9,1980.1,1714.6,3105.7,979.3,2300.9,1011.9,3477.3,1443.8,3876.0,7087.8,4783.2,1569.0,510.4
2026-09-04 23:00:00,739.9,266.0,1073.1,740.7,675.3,215.6,14.0,35.0,303.3,50.2,160.1,1352.1,4005.2,6692.8,1831.3,1986.2,18.1,164.8,1267.0,2438.9,463.8,984.7,5018.1,4495.4,2601.0,1400.3,4258.9,1877.2,2834.5,2121.7,1689.6,3106.2,970.1,1509.8,1006.2,3189.8,1428.7,3662.7,7001.7,4772.6,1501.8,508.8
2026-09-04 23:15:00,727.3,259.0,1051.4,759.0,661.3,210.3,14.0,35.0,304.1,50.2,176.3,1351.2,4021.5,6469.6,1804.8,1963.7,18.3,184.2,1260.9,2394.8,470.2,978.1,4982.8,4470.3,2579.7,1400.1,4230.3,1886.1,2829.0,2151.6,1682.1,3092.8,980.7,1409.7,998.7,3197.3,1413.8,3611.7,6943.4,4760.0,1476.0,523.0
2026-09-04 23:30:00,718.6,252.8,1024.5,770.1,651.6,212.2,14.0,35.0,295.3,50.2,194.4,1351.1,4037.4,6400.0,1811.4,1967.9,18.4,163.5,1246.2,2391.8,469.7,974.3,5015.6,4465.3,2551.7,1399.0,4212.2,1903.0,2820.0,2182.3,1682.2,3086.1,994.8,1307.1,994.8,3205.1,1401.1,3607.2,6875.0,4757.1,1457.9,540.6
2026-09-04 23:45:00,746.5,240.2,1004.4,781.5,665.9,214.0,15.4,35.0,280.4,50.2,173.3,1359.1,4211.8,6343.3,1783.7,1989.7,18.5,162.8,1241.8,2391.2,483.2,975.0,4986.9,4378.9,2506.2,1399.3,4188.1,1924.8,2802.9,2160.0,1680.3,3072.5,988.4,1266.5,990.3,3212.0,1393.5,3591.8,6792.4,4715.3,1426.8,556.3
2026-09-05 00:00:00,710.2,274.3,1019.8,281.2,653.3,448.6,11.0,70.1,281.3,19.5,228.2,1302.1,3676.1,7485.1,1791.4,1414.0,67.9,107.5,1178.2,2440.3,425.0,1001.4,4845.6,4336.1,2507.7,1097.9,4082.8,1775.8,2687.7,1988.1,1700.6,2984.9,1140.1,1414.4,1078.6,3859.1,1402.9,3594.9,6812.4,4543.4,1363.0,594.7
2026-09-05 00:15:00,708.2,264.7,1014.4,283.6,644.2,449.0,11.0,71.7,277.5,18.9,211.9,1300.2,4227.3,7584.6,1849.3,1436.7,87.8,107.5,1191.4,2545.6,425.3,1011.2,4868.8,4341.0,2485.9,1097.8,4071.7,1841.5,2684.1,1975.7,1695.8,2988.4,1129.2,1434.4,1071.2,3854.3,1394.6,3603.3,6771.0,4528.4,1356.8,612.1
2026-09-05 00:30:00,722.9,261.8,1006.4,296.4,636.6,449.3,11.0,70.1,286.3,14.8,220.0,1302.1,4225.4,7491.8,1938.7,1436.1,87.5,107.5,1198.8,2549.1,435.2,1014.6,4860.5,4274.9,2448.1,1098.0,4049.0,1849.1,2672.8,1957.4,1695.6,2990.3,1128.2,1432.0,1066.5,3852.6,1385.8,3571.1,6748.0,4499.0,1347.0,625.2
2026-09-05 00:45:00,725.9,260.2,997.0,303.7,635.9,449.9,11.0,70.2,274.4,14.8,204.1,1303.3,4222.3,7274.5,1909.7,1440.0,87.6,107.5,1196.0,2472.7,435.7,1015.4,4844.6,4176.0,2415.2,1097.8,4050.1,1819.2,2663.6,1951.3,1698.0,2994.9,1119.6,1345.5,1058.5,3849.8,1380.1,3550.4,6706.3,4495.0,1334.8,629.0
2026-09-05 01:00:00,703.3,258.8,991.0,310.0,622.8,451.4,22.0,21.7,265.0,38.6,199.4,1309.7,4049.8,7312.5,2089.1,1437.9,70.5,55.6,1235.2,2557.8,438.3,1005.8,4790.3,4250.8,2358.3,1076.1,4059.4,1953.2,2642.2,1908.7,1673.7,2988.1,1030.9,997.6,1054.6,3835.7,1367.5,3092.5,6584.4,4516.1,1326.0,628.0
2026-09-05 01:15:00,704.6,257.2,983.7,342.8,618.6,454.7,22.0,15.3,262.5,41.8,160.1,1311.0,4079.5,7077.3,2053.0,1435.2,70.3,56.5,1233.2,2564.7,436.1,1010.5,4823.4,4245.9,2332.7,1076.1,4046.4,1971.4,2637.7,1902.0,1672.8,2997.8,1026.6,946.0,1051.6,3835.6,1362.3,3093.4,6557.8,4495.4,1321.1,640.8
2026-09-05 01:30:00,722.3,255.4,978.3,369.3,617.3,459.3,22.0,15.3,264.3,41.8,182.5,1310.7,4074.5,6954.0,2033.6,1433.6,70.3,57.4,1230.4,2568.8,437.7,1014.3,4806.7,4173.0,2308.0,1076.3,4034.9,1997.0,2641.7,1886.9,1670.2,2998.2,1023.2,938.7,1048.2,3836.6,1358.8,3065.8,6552.6,4488.3,1320.3,653.8
2026-09-05 01:45:00,726.9,253.6,969.0,397.6,613.2,463.9,22.0,15.2,261.9,36.1,183.1,1311.6,4071.1,6907.8,1997.5,1457.4,70.0,58.3,1227.9,2577.0,431.1,1015.0,4790.0,4074.2,2284.8,1076.3,4024.9,2022.9,2648.6,1889.5,1674.3,3006.0,1019.0,938.6,1048.1,3840.0,1353.6,3036.7,6504.4,4493.3,1306.7,665.6
2026-09-05 02:00:00,678.4,252.1,957.1,422.0,608.5,411.1,22.1,13.2,265.0,9.1,187.4,1311.8,4018.0,6860.1,2189.0,1429.2,64.5,99.3,1159.1,2378.2,426.8,1019.7,4775.5,4287.2,2235.7,1081.4,3899.5,2041.4,2634.4,1785.6,1627.4,2985.4,1013.5,929.8,1047.9,3592.7,1348.1,2790.6,6429.8,4511.0,1299.2,688.3
2026-09-05 02:15:00,684.0,250.8,947.1,467.8,604.8,413.1,22.1,10.9,258.1,9.1,169.3,1312.4,4012.5,6785.4,2194.0,1427.6,64.6,99.7,1157.8,2381.4,426.2,1022.9,4764.9,4272.4,2219.0,1081.6,3897.1,2068.0,2613.2,1788.7,1626.0,2979.2,1010.1,929.8,1045.1,3598.6,1344.1,2783.7,6428.3,4484.1,1289.3,701.6
2026-09-05 02:30:00,692.1,248.2,932.8,517.4,603.2,415.4,22.0,10.9,266.8,9.1,182.8,1316.4,4021.3,6699.4,2203.6,1427.4,64.6,120.1,1155.9,2389.8,423.1,1024.1,4755.8,4194.0,2204.8,1081.4,3886.2,2088.2,2625.7,1788.1,1626.9,2982.0,1005.4,929.6,1045.2,3605.3,1338.4,2737.8,6398.8,4479.9,1278.3,715.5
2026-09-05 02:45:00,701.3,246.5,922.7,569.2,606.1,417.4,22.0,10.9,259.7,9.1,163.7,1318.5,4229.4,6665.7,2186.0,1427.1,64.7,100.6,1154.1,2537.1,420.5,1025.4,4746.6,4109.3,2196.0,1081.3,3881.0,2112.4,2629.9,1782.2,1623.8,2981.7,1004.8,929.6,1042.9,3612.3,1332.7,2710.4,6369.4,4478.1,1268.7,729.3
2026-09-05 03:00:00,685.3,244.8,917.0,625.5,596.5,328.7,11.0,19.4,283.8,8.3,176.9,1325.4,3927.0,6556.5,2008.3,1231.7,0.0,222.0,1129.4,2366.8,411.3,1027.1,4765.9,4209.5,2174.4,1077.9,3732.7,2227.9,2611.2,1759.7,1602.3,3006.2,998.8,923.1,1043.2,3433.5,1325.2,2709.7,6385.8,4484.0,1247.0,744.1
2026-09-05 03:15:00,685.4,251.4,911.1,667.7,598.1,329.5,11.0,19.4,274.0,8.3,165.4,1325.4,4080.2,6520.5,1995.8,1231.9,0.0,222.0,1135.6,2459.1,408.3,1027.3,4764.4,4152.2,2165.6,1078.1,3728.3,2248.2,2620.5,1760.8,1600.0,3004.4,996.6,923.2,1041.4,3439.1,1321.3,2689.8,6364.1,4487.6,1237.8,751.2
2026-09-05 03:30:00,703.3,243.3,911.2,716.6,598.4,329.9,11.1,19.4,284.2,8.3,174.4,1326.8,4210.3,6485.8,2012.9,1236.6,0.0,221.9,1134.9,2488.8,403.5,1027.1,4758.6,4101.5,2160.1,1078.0,3727.2,2269.1,2626.2,1759.5,1596.3,3002.1,997.4,923.0,1042.5,3441.5,1317.5,2673.2,6356.1,4491.1,1231.0,759.5
2026-09-05 03:45:00,711.4,243.5,908.0,764.8,608.9,331.2,11.0,19.6,271.3,8.3,160.8,1326.5,4221.8,6452.2,1972.2,1239.1,0.0,201.9,1134.0,2491.3,400.7,1026.9,4757.0,4052.1,2150.0,1077.8,3719.3,2289.9,2626.8,1752.7,1594.2,3000.7,992.8,923.0,1042.1,3444.3,1314.8,2651.4,6340.6,4494.1,1233.0,768.8
2026-09-05 04:00:00,704.2,243.8,911.7,824.1,606.2,152.5,11.0,20.3,283.0,8.2,161.9,1326.1,4037.7,6582.6,1815.9,1032.2,58.2,121.3,1134.0,2494.1,396.5,1026.3,4811.0,4144.0,2137.0,1077.2,3619.0,2309.4,2623.8,1734.5,1587.9,3012.4,985.8,989.3,1043.4,3404.0,1326.4,2667.7,6367.0,4496.0,1225.2,781.5
2026-09-05 04:15:00,696.0,243.4,919.6,883.2,612.8,153.4,11.0,20.9,281.4,8.2,150.0,1325.3,4051.7,6562.0,1798.9,1032.0,58.1,141.0,1132.8,2498.5,393.1,1025.5,4810.8,4105.2,2132.2,1077.0,3614.3,2319.8,2621.6,1738.7,1587.3,3011.9,985.0,989.4,1044.0,3406.3,1325.3,2649.4,6360.3,4491.8,1223.3,790.0
2026-09-05 04:30:00,693.9,243.1,921.7,953.9,620.9,154.5,11.0,20.9,282.6,8.2,153.7,1324.8,3978.7,6556.1,1773.7,1029.8,58.1,140.7,1131.4,2479.3,390.7,1021.0,4809.0,4053.3,2127.3,1077.1,3613.9,2323.3,2624.1,1735.6,1587.2,3008.7,983.9,989.4,1041.7,3408.0,1321.0,2632.9,6354.4,4487.1,1220.9,797.6
2026-09-05 04:45:00,697.4,250.9,929.3,1028.2,632.1,155.7,11.0,21.8,288.9,8.2,160.9,1323.2,3864.0,6540.2,1788.5,1027.5,58.1,140.6,1130.7,2467.9,388.3,1017.6,4815.9,3992.6,2129.4,1076.8,3610.7,2325.7,2625.3,1735.5,1598.6,2982.6,980.5,989.5,1041.4,3411.1,1314.9,2626.1,6341.4,4488.6,1219.0,805.6
2026-09-05 05:00:00,696.9,241.4,940.1,1086.4,641.3,107.4,11.0,30.9,278.8,7.6,165.7,1320.6,4009.2,6493.4,1621.7,855.2,74.7,119.8,1105.6,2282.0,395.8,1030.3,4888.0,4012.3,2120.2,1102.0,3446.2,2267.4,2634.1,1717.0,1590.5,3047.0,981.9,1001.4,1040.8,3375.1,1312.0,2659.9,6355.0,4467.9,1222.3,807.1
2026-09-05 05:15:00,697.8,247.6,944.1,1117.0,652.7,109.8,11.0,30.9,286.3,7.6,168.0,1320.3,4003.6,6503.1,1616.7,848.1,56.5,119.9,1104.8,2282.9,397.2,1027.0,4921.7,4016.2,2123.4,1101.8,3452.7,2266.6,2637.6,1718.9,1595.3,3045.7,982.7,1001.7,1041.3,3376.5,1311.3,2668.0,6344.7,4468.8,1215.9,808.0
2026-09-05 05:30:00,698.6,240.5,937.6,1164.1,656.3,114.1,11.0,30.8,294.0,7.6,163.1,1318.6,4004.1,6533.0,1583.3,851.2,56.4,120.1,1104.2,2278.3,396.4,1023.6,4938.3,3992.2,2128.9,1101.2,3452.7,2265.5,2637.4,1718.8,1594.6,3057.6,983.3,1001.8,1043.3,3373.6,1315.7,2661.5,6345.3,4464.3,1217.6,806.4
2026-09-05 05:45:00,698.2,248.2,926.2,1201.5,669.1,118.7,11.0,32.0,299.4,7.6,170.8,1316.4,4006.1,6680.8,1583.3,855.9,56.2,100.2,1105.3,2274.1,398.1,1020.7,4964.2,3986.7,2139.5,1101.8,3459.5,2265.4,2640.5,1719.3,1592.2,3055.4,985.6,1002.0,1042.9,3369.6,1326.7,2659.0,6353.7,4462.3,1214.9,806.7
2026-09-05 06:00:00,704.5,236.0,934.7,1253.6,685.4,123.9,12.0,17.3,280.7,10.0,216.2,1310.8,4070.7,7078.0,1600.1,850.7,5.2,199.8,1106.0,2691.4,402.9,1029.1,5017.4,4131.1,2168.3,1195.7,3537.9,2352.4,2649.8,1697.5,1613.2,3063.6,992.9,1001.0,1053.7,3421.0,1431.0,2736.0,6405.3,4474.5,1207.1,810.2
2026-09-05 06:15:00,703.1,237.8,931.4,1299.7,694.4,126.4,12.0,17.3,284.4,10.0,217.4,1309.1,4075.5,7215.3,1602.1,850.0,5.2,206.1,1113.0,2682.9,411.3,1022.1,5033.3,4140.5,2180.3,1195.3,3543.6,2356.9,2652.3,1700.1,1608.0,3058.8,995.9,1001.6,1059.3,3417.8,1441.3,2740.9,6426.4,4471.8,1212.8,816.6
2026-09-05 06:30:00,704.9,243.5,917.2,1336.2,699.7,128.8,12.0,20.6,299.6,10.0,224.5,1306.5,4077.0,7340.0,1596.1,851.6,5.2,205.8,1125.0,2661.8,411.1,1017.8,5051.6,4167.4,2203.5,1195.7,3559.5,2364.8,2650.9,1701.7,1611.2,3070.3,998.3,1006.2,1063.9,3415.2,1449.5,2752.2,6451.3,4462.5,1213.0,816.9
2026-09-05 06:45:00,705.4,260.5,898.9,1344.5,710.1,136.8,12.0,21.1,310.7,10.0,232.3,1306.7,4080.7,7250.8,1593.3,835.5,4.0,185.2,1144.0,2661.8,413.4,1015.3,5062.9,4183.4,2225.5,1195.3,3567.3,2372.5,2647.5,1698.8,1611.7,3067.7,1002.5,1006.7,1065.5,3412.2,1451.3,2760.0,6473.9,4459.9,1218.8,820.7
2026-09-05 07:00:00,721.2,270.9,899.1,1419.3,723.2,147.8,12.0,22.8,315.5,1.1,216.9,1296.0,4150.8,7374.8,1574.8,828.3,0.0,265.9,1166.0,2496.0,414.4,1023.5,5146.3,4191.2,2294.3,1221.0,3534.8,2416.9,2688.0,1712.3,1586.7,3051.0,1017.6,1012.8,1078.7,3416.8,1470.3,2769.1,6537.5,4461.3,1232.1,827.0
2026-09-05 07:15:00,725.7,272.1,879.1,1433.4,733.4,156.7,12.1,23.2,321.5,1.2,232.3,1304.2,4203.8,7263.9,1570.2,843.7,0.0,267.1,1170.9,2503.9,410.9,1026.8,5158.5,4229.5,2324.7,1220.7,3548.4,2420.7,2692.7,1720.5,1588.5,3049.9,1022.8,1030.7,1082.2,3416.5,1466.4,2767.7,6587.8,4463.1,1244.1,831.4
2026-09-05 07:30:00,742.8,280.9,845.4,1445.6,748.3,169.6,12.3,23.7,299.8,1.4,239.0,1300.7,4209.5,7272.4,1553.1,865.3,0.0,264.2,1181.1,2496.1,412.5,1020.8,5168.9,4266.6,2347.1,1220.0,3562.5,2419.4,2686.1,1720.0,1589.7,3077.8,1030.0,997.3,1084.8,3418.7,1464.7,2761.9,6634.2,4465.4,1244.1,834.9
2026-09-05 07:45:00,745.4,293.3,819.9,1472.6,757.0,189.5,15.1,23.9,299.7,3.1,256.7,1306.3,4512.9,7127.8,1529.0,894.4,0.0,255.6,1186.8,2364.2,418.0,1022.2,5178.8,4302.8,2377.9,1220.1,3573.3,2418.0,2691.0,1731.8,1586.4,3102.4,1036.0,996.8,1087.2,3420.8,1466.3,2755.0,6676.8,4469.0,1255.6,838.9
2026-09-05 08:00:00,748.8,301.0,810.3,1395.5,767.0,207.0,89.0,16.1,234.4,38.3,166.9,1316.9,4901.8,7299.7,1532.1,884.6,65.7,171.0,1303.7,2310.4,444.8,955.3,5240.2,4303.1,2429.5,1062.5,3520.9,2995.7,2770.0,1590.6,1597.3,3106.7,1059.4,956.8,1085.9,3207.3,1471.8,2613.4,6752.3,4471.8,1280.1,839.7
2026-09-05 08:15:00,761.3,311.1,775.6,1421.2,778.0,212.6,89.6,10.5,207.7,31.4,222.8,1328.0,4946.5,7227.1,1507.4,942.7,65.7,172.7,1302.1,2329.0,441.5,944.1,5242.2,4278.0,2474.0,1063.2,3531.9,2995.5,2804.9,1563.5,1610.3,3031.9,1063.1,956.1,1076.8,3207.2,1476.1,2596.4,6783.9,4478.7,1289.0,852.9
2026-09-05 08:30:00,757.2,303.8,733.7,1454.4,788.8,195.7,89.6,6.9,197.0,39.9,239.6,1348.4,4952.4,7238.9,1517.0,1002.0,65.7,139.1,1474.6,2204.9,483.6,897.7,5237.8,4171.4,2504.1,1064.0,3550.6,2994.2,2807.7,1516.3,1612.6,3020.7,1071.0,950.9,1086.4,3204.0,1484.5,2555.9,6826.4,4487.8,1292.8,863.9
2026-09-05 08:45:00,759.7,314.1,710.3,1510.2,791.7,214.5,89.7,7.2,161.3,49.1,236.1,1364.5,5084.8,7374.4,1491.7,1040.9,65.7,109.8,1612.4,1767.0,465.3,904.6,5243.0,4125.5,2521.4,1064.6,3561.9,2997.6,2795.1,1684.5,1614.7,3014.4,1079.1,955.8,1091.5,3197.3,1493.4,2465.5,6862.1,4499.9,1295.6,873.8
2026-09-05 09:00:00,750.0,325.4,682.1,1518.5,793.4,229.4,142.7,22.2,122.7,96.8,186.6,1428.7,5177.6,7698.4,1492.9,964.8,78.0,60.5,1832.8,861.5,517.6,585.6,5244.6,4235.7,2620.3,1089.2,3462.7,2651.4,2838.4,1499.7,1627.1,3053.0,979.5,1707.6,1095.3,2650.7,1495.7,2239.5,6947.0,4481.7,1311.9,879.0
2026-09-05 09:15:00,738.0,335.7,660.8,1568.1,789.0,242.8,142.7,17.5,99.0,118.6,198.0,1448.4,5354.1,7602.5,1459.5,912.8,98.0,27.4,1864.3,954.1,510.7,311.0,5238.0,4220.7,2643.8,1090.0,3467.6,2654.2,2819.7,1587.8,1646.4,3001.9,985.3,1594.7,1100.3,2640.8,1497.7,2186.6,6965.2,4501.9,1317.4,891.2
2026-09-05 09:30:00,732.6,344.4,640.5,1587.7,783.5,225.7,142.7,19.1,77.5,130.7,205.9,1482.2,5410.5,6850.5,1408.0,901.8,98.0,50.8,1873.9,1176.2,503.1,256.4,5253.7,4204.3,2651.4,1091.1,3481.8,2656.6,2820.6,1583.2,1643.0,3011.8,993.1,1606.0,1101.4,2630.4,1495.2,2151.7,7063.1,4524.1,1309.9,901.0
2026-09-05 09:45:00,725.9,352.8,613.3,1602.2,782.4,223.6,143.0,15.5,69.0,156.3,201.4,1503.4,5532.5,6025.9,1383.2,948.2,78.0,50.9,1836.0,1117.3,506.3,272.8,5264.5,4218.7,2671.9,1092.2,3486.3,2658.8,2827.7,1590.8,1644.4,3011.6,997.2,1611.0,1101.0,2624.4,1485.5,2106.8,7082.5,4547.9,1318.2,909.9
2026-09-05 10:00:00,720.6,368.4,823.6,1726.3,777.6,287.9,79.2,40.4,77.6,177.5,220.4,1627.2,5453.4,6325.8,1364.3,1046.4,77.5,191.7,2319.0,1385.8,566.0,334.6,5248.7,4427.8,2729.2,1091.6,3447.0,2952.4,2866.5,1609.7,1639.2,3017.7,784.6,1265.4,1103.5,2356.7,1474.7,1954.0,7022.6,4617.0,1324.1,918.9
2026-09-05 10:15:00,717.7,372.6,803.6,1729.3,771.3,274.7,79.2,47.1,75.6,211.6,213.5,1650.4,5546.3,5445.9,1327.6,972.1,77.5,131.0,2315.0,1403.9,540.1,336.4,5230.7,4444.8,2738.6,1092.5,3443.7,2957.8,2868.4,1610.3,1645.5,3017.4,789.5,1272.4,1102.2,2351.6,1462.9,1930.3,7064.0,4640.2,1332.3,925.6
2026-09-05 10:30:00,710.5,379.9,1002.7,1764.8,772.0,291.4,80.0,47.0,74.8,248.0,186.5,1686.3,6456.6,4854.4,1314.3,1032.4,77.5,112.0,2284.5,1417.7,541.2,371.5,5222.3,4426.7,2746.7,1093.4,3447.4,2961.7,2863.2,1606.9,1644.4,3000.7,995.1,1484.5,1104.7,2348.6,1455.8,1896.0,7062.8,4661.7,1323.3,923.9
2026-09-05 10:45:00,702.2,385.8,985.3,1657.4,771.8,320.3,80.2,46.8,74.8,273.0,171.8,1715.8,6589.8,4784.6,1286.5,1059.9,77.5,111.3,2272.2,1309.3,542.2,354.2,5207.5,4432.6,2758.1,1094.0,3441.3,2966.5,2865.1,1609.4,1643.0,2988.9,997.7,1496.1,1105.8,2341.7,1456.7,1862.7,7059.4,4682.8,1328.3,927.3
2026-09-05 11:00:00,692.5,394.5,983.1,1682.7,772.3,338.4,37.5,58.1,79.1,280.9,174.5,1837.9,6263.0,3817.7,1202.6,678.9,86.3,64.9,1904.1,1273.2,589.6,527.9,5229.5,4404.8,2765.9,1092.8,3732.3,3126.0,2815.7,1521.4,1660.1,3011.1,1022.1,1580.9,1106.7,2192.9,1453.6,1836.5,7076.0,4702.1,1327.0,926.6
2026-09-05 11:15:00,697.0,402.0,975.4,1695.5,763.9,347.2,37.5,58.3,78.7,293.4,177.3,1863.2,6340.2,3656.6,1165.9,566.4,86.3,64.0,1900.4,1161.7,577.9,543.8,5233.7,4434.3,2777.8,1093.7,3730.9,3131.4,2814.3,1514.6,1660.7,3008.8,998.5,1569.4,1107.3,2186.2,1456.9,1809.2,7075.1,4718.8,1327.2,933.2
2026-09-05 11:30:00,683.6,407.0,968.3,1675.8,754.5,349.9,37.6,53.4,78.4,323.5,180.6,1894.5,6429.8,3710.5,1127.5,623.7,86.3,80.8,1889.2,903.4,577.1,541.1,5240.0,4480.0,2762.5,1094.5,3734.1,3139.1,2811.7,1504.9,1659.4,3003.5,999.2,1573.2,1110.9,2183.3,1457.2,1796.7,7065.2,4734.2,1321.4,942.9
2026-09-05 11:45:00,676.6,400.9,962.6,1558.0,747.4,354.4,38.8,50.3,77.2,280.4,192.1,1898.4,6456.4,3582.9,1106.5,598.2,86.3,83.1,1893.5,1065.0,586.6,551.7,5229.7,4524.4,2763.0,1095.3,3728.6,3145.8,2812.2,1516.1,1664.6,2980.2,1001.0,1556.4,1109.4,2182.0,1459.3,1788.2,7054.2,4746.5,1318.0,954.5
2026-09-05 12:00:00,677.9,403.2,986.0,1541.4,741.4,358.6,68.2,32.5,79.4,374.5,173.7,1961.3,6369.0,3695.0,1112.8,637.2,82.0,80.8,1987.6,1436.9,536.5,562.4,5246.4,4544.8,2747.2,1094.5,3654.5,3142.1,2806.7,1493.6,1640.7,2990.9,1009.3,1620.0,1110.1,2081.9,1370.7,1616.4,7053.4,4763.4,1306.8,967.0
2026-09-05 12:15:00,677.6,379.2,985.1,1549.7,741.9,361.0,66.6,32.5,78.4,374.6,177.2,1989.5,6405.2,3601.0,1072.4,554.1,82.0,82.5,1964.7,1464.2,535.0,571.7,5197.3,4547.1,2748.0,1094.9,3646.1,3153.6,2806.4,1495.2,1637.7,2981.7,993.4,1591.5,1109.6,2080.1,1369.9,1602.7,7045.5,4758.5,1311.2,973.3
2026-09-05 12:30:00,676.7,375.6,982.5,1562.4,739.4,358.3,68.7,32.5,78.4,355.7,178.1,1991.2,6607.0,3538.8,1040.5,559.2,82.1,57.7,1961.8,1451.2,532.7,561.4,5191.5,4578.9,2737.6,1094.9,3646.9,3165.4,2800.0,1488.2,1638.2,2981.9,993.9,1580.5,1111.4,2057.3,1368.5,1604.6,7038.7,4736.7,1308.6,977.2
2026-09-05 12:45:00,675.1,375.9,979.3,1572.9,736.7,355.2,78.9,32.5,77.3,312.3,173.5,2002.1,6746.7,3426.9,1022.8,577.7,94.3,45.2,1964.6,1446.5,522.2,534.7,5181.6,4624.4,2736.5,1095.1,3646.0,3176.9,2801.3,1488.5,1643.8,2987.5,988.7,1567.1,1105.7,2048.7,1366.8,1583.6,7050.1,4737.8,1304.7,972.9
2026-09-05 13:00:00,712.8,373.9,1248.5,1590.4,756.9,352.7,58.1,39.1,110.9,322.4,209.2,1900.9,6642.3,3399.0,1038.1,588.7,76.0,137.8,2045.5,1362.0,558.2,580.7,5197.8,4692.4,2726.3,1095.0,3620.0,3237.5,2794.2,1475.8,1634.4,2971.3,1004.7,1578.9,1094.6,1964.5,1325.2,1592.5,7143.4,4916.7,1287.0,992.0
2026-09-05 13:15:00,711.2,375.7,1250.5,1596.4,757.6,349.3,59.1,32.8,109.8,347.1,228.2,1893.3,6765.5,3399.5,1016.4,592.7,76.0,137.8,2045.3,1310.9,554.2,571.9,5227.2,4714.7,2728.2,1095.3,3616.9,3245.0,2795.1,1476.2,1633.0,2967.2,1004.5,1573.2,1091.6,1950.5,1359.2,1590.9,7134.9,4913.3,1286.8,982.5
2026-09-05 13:30:00,723.4,374.6,1251.5,1594.0,755.4,307.0,70.4,32.9,109.0,354.0,226.8,1859.0,6831.0,3389.9,988.3,619.9,76.0,148.3,2041.9,1056.8,559.0,535.2,5229.5,4770.3,2720.9,1095.2,3616.5,3250.0,2798.7,1477.5,1633.7,2968.4,988.4,1553.9,1091.0,1941.1,1358.0,1591.2,7123.7,4880.9,1282.6,999.8
2026-09-05 13:45:00,736.9,373.9,1255.5,1589.0,755.6,305.6,73.3,32.7,110.0,366.9,236.3,1843.1,6869.4,3406.1,984.4,630.8,76.0,149.3,2058.9,812.1,571.4,491.3,5224.6,4762.0,2723.7,1095.0,3607.9,3254.7,2800.0,1479.3,1633.0,2966.5,983.3,1543.9,1088.5,1930.3,1357.4,1591.2,7114.3,4881.0,1283.4,984.3
2026-09-05 14:00:00,740.8,372.6,1261.7,1577.9,769.9,300.7,63.0,33.1,108.6,383.4,321.6,1872.8,6649.4,3371.4,1036.0,640.9,67.5,170.9,2113.7,1156.7,579.0,435.7,5284.3,4932.8,2713.9,1095.0,3601.2,3124.6,2782.3,1476.2,1653.8,2958.2,1006.7,1613.2,1087.1,1860.4,1356.5,1601.5,7123.2,4916.3,1273.7,918.5
2026-09-05 14:15:00,748.9,371.1,1278.9,1580.3,771.7,291.4,69.3,33.1,107.8,391.3,331.5,1870.5,6598.6,3369.2,1026.9,650.0,67.5,172.9,2117.4,1049.8,578.9,409.8,5213.5,4949.1,2713.4,1094.4,3601.5,3128.1,2787.3,1479.0,1658.8,2960.9,1008.8,1613.6,1082.1,1850.7,1324.0,1604.1,7098.4,4910.0,1278.6,918.7
2026-09-05 14:30:00,755.0,367.0,1296.7,1563.4,774.8,282.6,69.6,33.2,107.8,389.6,350.8,1869.2,6588.8,3362.0,1022.9,662.9,67.5,168.8,2114.3,1170.8,573.4,390.9,5229.7,4995.4,2706.1,1094.0,3600.2,3131.7,2790.9,1481.1,1654.1,2955.5,1008.0,1597.6,1082.0,1841.0,1356.4,1605.1,7099.5,4902.4,1282.1,959.0
2026-09-05 14:45:00,769.8,362.2,1311.1,1466.1,777.6,309.1,69.9,33.3,107.8,390.9,319.3,1863.8,6736.0,3348.2,1025.5,674.1,67.5,169.1,2106.5,1325.5,654.9,320.4,5179.4,5119.6,2725.9,1094.8,3600.9,3135.5,2820.4,1461.4,1663.1,2950.8,1008.6,1688.5,1082.9,1831.6,1318.9,1641.2,7096.7,4835.0,1299.7,851.4
2026-09-05 15:00:00,815.2,353.8,1084.7,1522.1,779.3,261.7,21.6,35.7,123.7,371.6,313.4,1920.3,6467.3,3446.7,968.8,682.9,67.5,186.2,1976.5,1144.3,569.0,350.1,5246.6,5088.6,2681.2,1070.3,3706.2,2647.5,2800.0,1541.9,1655.0,2951.1,1019.3,1258.2,1089.5,1808.0,1359.5,1472.6,7015.5,4748.5,1304.8,1009.5
2026-09-05 15:15:00,813.2,346.7,1110.7,1493.9,785.0,248.1,20.7,38.5,124.2,357.7,266.3,1901.9,6317.1,3474.3,988.8,747.8,67.5,174.2,1969.3,1155.4,555.5,347.6,5235.3,5151.6,2717.6,1069.8,3706.3,2636.2,2798.3,1544.7,1660.1,2951.4,1015.5,1284.7,1092.5,1800.4,1362.1,1478.8,7012.0,4734.3,1310.6,1010.4
2026-09-05 15:30:00,816.4,336.5,897.4,1453.7,794.8,229.6,5.9,36.7,123.7,337.4,255.1,1919.3,6057.0,3619.7,997.3,734.0,67.5,170.4,1975.2,1292.3,545.5,352.0,5256.0,5191.8,2713.8,1069.2,3712.1,2640.4,2802.6,1546.9,1662.6,2950.6,1017.7,1286.0,1094.4,1794.0,1370.2,1479.9,7029.9,4708.7,1324.9,1006.5
2026-09-05 15:45:00,825.3,327.3,923.9,1409.4,802.0,227.2,5.2,34.7,122.9,348.2,249.7,1914.8,6059.1,3659.8,1029.3,724.4,67.5,154.0,1977.4,1456.1,542.2,352.9,5229.0,5338.8,2726.0,1068.9,3717.0,2645.0,2802.5,1547.9,1668.0,2952.4,1012.7,1282.1,1095.2,1786.9,1377.6,1478.0,7055.4,4671.2,1334.6,957.3
2026-09-05 16:00:00,827.0,317.2,697.6,1380.1,767.6,226.9,18.4,11.3,126.2,401.8,245.4,1845.2,6256.8,3927.8,1041.5,810.9,67.5,169.3,2058.5,1322.5,606.7,224.6,5265.3,5413.1,2734.2,1074.8,3937.1,2314.9,2784.9,1587.7,1667.1,2948.2,1021.9,1185.4,1101.3,1956.3,1391.5,1622.2,7134.6,4669.3,1318.5,998.5
2026-09-05 16:15:00,801.2,308.1,729.7,1319.6,770.5,212.2,4.7,10.8,127.0,375.1,240.9,1823.8,6276.0,3942.8,1075.8,767.8,67.5,164.4,2065.5,1552.2,609.3,277.2,5264.8,5513.6,2744.2,1074.2,3942.6,2320.6,2800.3,1586.2,1664.2,2943.8,1024.1,1327.9,1103.0,1952.0,1404.6,1647.8,7186.8,4643.5,1340.9,986.3
2026-09-05 16:30:00,798.1,340.2,759.4,1524.0,772.7,195.3,2.5,10.5,125.4,346.3,240.5,1802.4,6290.0,4159.6,1138.4,700.0,67.5,142.0,1894.3,1613.7,537.5,298.0,5266.8,5620.4,2745.4,1073.6,3934.0,2331.2,2800.4,1575.6,1665.4,2938.5,1025.1,1453.6,1106.2,1951.8,1392.8,1710.6,7245.1,4625.1,1363.3,968.2
2026-09-05 16:45:00,799.8,324.8,789.9,1588.0,773.7,208.3,2.0,16.3,127.0,315.0,240.9,1784.8,6345.1,4287.4,1202.3,670.3,67.5,185.3,2034.8,1619.5,511.4,329.4,5278.7,5741.7,2758.3,1072.8,3947.2,2325.5,2806.3,1593.0,1670.4,2939.0,1027.1,1401.4,1113.0,1942.9,1415.6,1722.3,7243.7,4610.3,1380.3,950.8
2026-09-05 17:00:00,790.6,350.4,837.7,1541.6,776.9,181.1,13.1,58.1,138.1,287.4,208.6,1726.9,5499.7,6084.7,1290.4,920.1,69.4,178.7,2038.4,1079.6,548.9,271.6,5347.1,5713.3,2790.8,1101.2,4212.9,2886.4,2776.1,1726.5,1629.9,2821.8,1146.7,1052.3,1121.2,2473.5,1442.0,1854.1,7404.6,4580.0,1399.4,932.5
2026-09-05 17:15:00,799.8,335.5,919.9,1578.6,780.9,174.2,2.1,63.4,139.3,242.9,209.0,1716.2,5384.3,7685.6,1338.4,1054.6,69.4,206.9,2018.9,1247.3,534.6,303.6,5326.8,5853.7,2799.5,1100.5,4219.1,2899.5,2776.8,1732.8,1630.9,2813.8,1146.7,1054.8,1126.9,2466.9,1462.1,1891.6,7399.3,4566.3,1421.5,923.3
2026-09-05 17:30:00,813.4,336.3,1004.9,1544.2,781.5,165.1,1.0,59.0,142.5,201.1,214.2,1671.5,5349.1,8273.9,1357.8,1067.6,69.4,204.8,2051.7,1364.9,550.9,336.2,5313.7,6014.4,2806.5,1100.4,4218.7,2938.3,2776.9,1731.5,1633.4,2811.4,1146.5,1074.6,1130.5,2461.8,1481.7,1929.4,7464.7,4554.9,1436.3,911.9
2026-09-05 17:45:00,815.2,341.3,1075.2,1508.8,775.5,148.6,1.1,60.2,144.1,151.4,231.8,1649.7,5132.9,8313.6,1403.7,1064.6,69.4,264.8,2059.7,1486.6,568.4,571.1,5321.7,6128.7,2809.8,1100.5,4224.7,3016.7,2785.5,1733.0,1625.7,2854.3,1151.5,1096.4,1132.7,2457.0,1500.2,1952.3,7533.7,4552.4,1457.2,902.4
2026-09-05 18:00:00,829.1,319.2,1139.4,1470.0,803.8,261.7,17.3,50.8,145.9,118.2,218.6,1611.2,5385.4,8814.8,1411.9,1287.4,69.9,142.2,1839.2,516.3,622.4,911.1,5359.9,5950.8,2812.0,1072.5,4280.4,3226.4,2768.2,1860.0,1641.6,2791.4,1151.1,991.3,1134.0,2875.9,1547.0,2618.9,7590.0,4544.4,1496.1,892.8
2026-09-05 18:15:00,840.1,317.6,1162.1,1434.9,804.9,255.1,12.0,48.4,173.8,91.9,213.2,1590.2,5145.8,8474.1,1483.1,1272.6,69.9,143.6,1836.4,1400.3,609.4,965.1,5357.8,6093.2,2823.9,1072.0,4277.9,3334.2,2769.5,1862.5,1638.6,2791.3,1151.0,1012.9,1135.0,2888.1,1560.4,2631.2,7607.1,4533.7,1509.9,885.4
2026-09-05 18:30:00,832.6,319.8,1171.9,1406.5,803.6,254.8,12.1,42.3,223.1,79.2,228.9,1557.6,4855.7,8147.9,1514.8,1207.9,93.6,112.6,1748.8,2408.7,622.7,966.7,5355.4,6302.7,2820.8,1071.2,4279.6,3487.0,2766.5,1863.0,1632.8,2857.5,1155.0,1038.9,1138.2,2887.5,1563.8,2663.7,7613.3,4526.0,1509.1,878.7
2026-09-05 18:45:00,814.5,326.1,1174.7,1378.3,805.1,247.7,12.1,46.7,262.6,68.4,254.3,1530.0,4813.2,7964.4,1574.4,1183.5,102.6,113.1,1476.0,2548.2,615.4,962.3,5346.9,6413.5,2813.5,1072.7,4267.4,3493.8,2769.4,1886.0,1622.8,2886.2,1151.1,1017.8,1133.4,2887.2,1561.6,2733.7,7632.5,4601.1,1514.0,863.8
2026-09-05 19:00:00,824.1,387.1,1187.4,1409.1,806.3,319.9,7.0,32.4,286.7,47.2,251.7,1428.6,4448.9,7274.0,1629.7,1332.3,0.0,164.2,1457.2,3014.6,558.5,974.6,5342.3,6330.3,2779.1,1137.2,4737.7,3463.3,2722.1,1939.4,1704.2,2808.7,1150.9,1120.5,1133.5,3165.0,1551.2,2999.3,7688.1,4682.3,1513.0,918.0
2026-09-05 19:15:00,828.1,383.1,1192.1,1382.5,810.6,314.1,7.0,32.9,311.0,78.2,243.4,1406.5,4329.8,7250.9,1688.1,1397.7,0.0,167.5,1426.7,3210.4,536.8,977.1,5336.4,6334.4,2782.5,1138.5,4737.7,3464.4,2713.8,1945.9,1707.5,2792.3,1151.7,1173.4,1127.1,3167.8,1541.7,3005.2,7684.7,4731.8,1520.0,911.6
2026-09-05 19:30:00,844.2,387.2,1203.2,1373.0,808.5,321.2,7.0,32.6,333.3,131.3,255.9,1412.1,4332.1,7884.7,1678.2,1520.5,0.0,203.9,1425.2,3153.0,546.8,976.7,5331.8,6332.5,2780.2,1139.1,4740.5,3461.0,2711.2,1955.8,1713.9,2787.6,1150.7,1117.2,1126.7,3172.2,1534.8,3015.4,7678.0,4740.6,1523.6,881.9
2026-09-05 19:45:00,856.8,389.8,1207.9,1345.9,807.5,319.0,7.0,35.7,344.2,132.2,247.0,1417.1,3439.9,7276.3,1711.1,1609.5,0.0,185.5,1425.6,3011.2,549.4,976.8,5322.5,6311.1,2786.0,1140.0,4735.5,3457.8,2713.7,1951.8,1709.6,2782.6,1125.9,1161.4,1123.1,3177.3,1529.7,3032.3,7675.3,4772.5,1527.5,880.1
2026-09-05 20:00:00,848.0,419.7,1218.7,1314.5,804.9,319.6,15.0,12.5,356.1,125.2,259.4,1366.8,3405.4,7081.1,1806.2,1535.0,64.7,142.7,1377.2,3047.5,538.9,982.4,5257.4,6382.0,2793.3,1268.5,4386.0,3199.0,2679.4,1911.0,1725.3,2788.9,1174.2,1585.7,1122.6,2978.5,1525.0,3445.8,7680.2,4720.8,1542.4,835.4
2026-09-05 20:15:00,857.3,394.1,1198.6,1287.6,799.9,313.9,15.0,12.4,357.1,121.1,255.5,1355.1,3401.0,7105.2,1823.0,1532.5,64.8,141.0,1373.9,3042.9,533.5,983.5,5237.8,6366.6,2794.8,1269.7,4385.5,3193.2,2690.0,1917.2,1725.1,2791.1,1171.4,1608.8,1121.9,2987.9,1521.9,3430.1,7674.2,4762.2,1542.2,826.9
2026-09-05 20:30:00,855.6,380.5,1171.7,1262.7,793.0,315.0,15.0,12.4,358.3,123.1,237.3,1358.8,3399.8,6935.5,1833.9,1520.6,64.7,159.0,1370.5,3036.5,528.6,976.4,5242.3,6321.6,2793.9,1270.7,4334.3,3143.9,2689.5,1917.5,1732.3,2802.3,1172.8,1608.8,1122.4,2999.9,1520.1,3425.1,7649.9,4723.6,1545.7,822.4
2026-09-05 20:45:00,846.4,381.6,1136.2,1236.7,782.3,316.5,15.0,12.4,359.2,117.0,238.2,1359.3,3355.7,6838.5,1832.1,1506.5,64.7,155.3,1367.5,3021.1,526.5,978.4,5243.9,6280.6,2794.7,1271.6,4330.8,3136.4,2690.7,1928.4,1727.4,2796.7,1147.3,1511.8,1122.5,3012.6,1514.0,3402.4,7633.7,4681.5,1532.7,808.7
2026-09-05 21:00:00,825.5,449.5,1050.2,1244.8,765.2,307.6,2.1,37.1,346.3,144.6,237.3,1403.1,3275.6,6637.6,1827.4,1567.3,53.7,138.0,1322.8,3008.6,500.0,984.8,5245.1,6265.9,2763.3,1244.5,4371.3,3175.5,2661.0,1853.6,1730.8,2842.5,1159.8,1307.5,1115.8,2928.1,1506.2,3126.8,7472.8,4674.1,1514.2,790.4
2026-09-05 21:15:00,829.1,404.5,1020.2,1196.2,753.0,310.5,2.0,33.2,344.7,144.5,217.2,1377.0,3276.6,6509.4,1836.2,1546.6,53.7,118.2,1319.0,3008.9,493.7,986.9,5277.0,6173.7,2753.5,1246.8,4354.9,3165.3,2658.9,1857.7,1729.4,2836.9,1151.8,1264.5,1115.1,2940.1,1495.2,3141.6,7401.9,4668.4,1492.9,791.9
2026-09-05 21:30:00,817.2,405.9,999.2,1170.6,741.8,300.6,2.0,33.2,346.5,144.6,209.8,1366.6,3274.6,6380.9,1871.7,1528.4,53.7,136.5,1314.7,3010.6,489.0,995.6,5269.7,6130.3,2731.8,1248.9,4407.3,3203.9,2655.1,1863.7,1729.8,2839.2,1150.6,1122.7,1112.5,2952.5,1488.0,3107.0,7346.4,4625.3,1473.3,791.7
2026-09-05 21:45:00,805.3,395.8,977.6,1152.2,738.9,299.5,2.0,36.6,343.1,139.0,197.2,1370.6,3804.8,6402.9,1872.3,1501.3,53.7,136.0,1310.2,3022.8,479.1,996.6,5247.1,6080.5,2722.6,1256.2,4394.7,3193.5,2651.8,1844.3,1730.9,2841.8,1144.9,1185.0,1107.6,2962.4,1478.6,3052.5,7289.1,4603.4,1472.5,787.9
2026-09-05 22:00:00,792.3,398.9,954.9,1089.9,713.2,232.7,2.1,37.1,338.9,130.8,204.9,1363.1,3177.4,6183.2,1832.4,1510.5,44.2,173.8,1289.6,3134.1,477.1,1000.7,5130.6,6170.3,2697.4,1268.7,4544.7,3311.5,2615.2,1744.8,1678.6,2847.3,1125.3,1367.4,1100.7,2624.5,1468.7,2925.1,7162.4,4686.9,1437.4,783.8
2026-09-05 22:15:00,781.7,398.2,937.0,1068.0,700.3,229.2,2.1,36.5,339.6,133.8,181.7,1374.8,3637.7,6502.4,1825.6,1499.5,44.2,175.3,1282.9,3135.7,476.0,1001.1,5080.4,6065.6,2667.8,1271.8,4526.2,3298.6,2613.8,1751.9,1680.7,2849.2,1121.1,1250.5,1093.3,2631.7,1459.5,2916.7,7107.5,4630.3,1422.3,778.2
2026-09-05 22:30:00,762.8,388.3,925.6,1042.2,699.8,229.3,2.0,36.9,338.8,136.5,186.3,1387.4,3646.7,6549.3,1845.1,1494.1,44.2,196.7,1278.3,3135.8,467.5,1001.7,5033.5,6009.1,2644.7,1273.8,4508.0,3283.0,2607.0,1756.0,1673.4,2842.4,1113.8,1106.8,1094.1,2633.7,1449.1,2878.6,7041.4,4593.1,1418.0,773.3
2026-09-05 22:45:00,766.6,390.1,923.4,1022.2,690.3,229.8,3.4,36.7,333.3,71.5,174.5,1400.2,3969.2,6631.7,1825.5,1472.9,44.2,198.1,1275.2,3071.9,466.9,1002.5,4991.1,5974.3,2627.1,1276.9,4495.6,3267.8,2618.4,1763.4,1654.9,2825.7,1107.1,1074.0,1090.6,2634.2,1439.9,2856.5,7009.5,4597.6,1404.8,764.4
2026-09-05 23:00:00,732.8,392.3,915.9,1009.2,672.6,231.8,12.0,35.1,316.0,83.4,160.7,1401.6,3721.5,6516.2,1758.7,1448.8,37.0,190.2,1243.7,3003.1,452.3,1007.2,4860.9,5928.3,2569.2,1304.7,4461.7,3501.1,2566.7,1740.8,1664.4,2840.6,1093.4,1070.7,1089.6,2261.1,1432.4,2842.9,6889.4,4642.3,1413.0,768.8
2026-09-05 23:15:00,719.2,403.2,908.2,986.2,668.2,230.0,12.0,30.7,313.7,83.5,144.0,1393.7,3837.5,6293.1,1738.2,1449.9,37.0,191.4,1238.3,3014.4,449.0,1007.1,4820.2,5917.4,2544.4,1307.6,4441.4,3485.3,2558.5,1729.1,1655.5,2830.1,1085.8,1040.1,1084.5,2262.7,1420.0,2827.3,6842.3,4597.1,1394.1,766.7
2026-09-05 23:30:00,710.2,391.5,902.6,967.5,665.7,228.9,13.4,30.3,316.7,52.7,155.7,1411.1,3917.6,6001.2,1749.5,1460.3,37.0,192.4,1234.1,3086.8,443.1,1014.5,4778.2,5847.7,2523.7,1311.8,4433.8,3472.8,2573.7,1731.0,1652.4,2826.3,1080.3,1084.5,1079.6,2256.8,1404.5,2778.0,6804.1,4588.8,1389.3,764.9
2026-09-05 23:45:00,702.2,391.1,899.9,890.4,662.1,227.1,14.7,32.9,306.1,40.8,142.2,1387.0,3965.0,5887.5,1725.9,1464.9,37.0,215.5,1231.2,3095.1,441.7,1028.0,4841.7,5886.8,2491.9,1315.7,4407.0,3459.7,2568.2,1721.4,1651.2,2823.9,1073.1,1081.0,1074.4,2257.1,1383.5,2779.2,6779.0,4583.8,1365.4,762.6
