date,EE_buy,EE_sell,LT_buy,LT_sell,LV_buy,LV_sell,AT_buy,AT_sell,BE_buy,BE_sell,FR_buy,FR_sell,GER_buy,GER_sell,NL_buy,NL_sell,PL_buy,PL_sell,DK1_buy,DK1_sell,DK2_buy,DK2_sell,FI_buy,FI_sell,NO1_buy,NO1_sell,NO2_buy,NO2_sell,NO3_buy,NO3_sell,NO4_buy,NO4_sell,NO5_buy,NO5_sell,SE1_buy,SE1_sell,SE2_buy,SE2_sell,SE3_buy,SE3_sell,SE4_buy,SE4_sell
2026-08-06 00:00:00,642.0,235.4,977.4,362.7,654.4,159.7,36.9,115.4,291.0,49.0,129.6,1455.2,3883.5,4198.1,1191.3,1178.8,168.5,32.0,993.4,1989.4,392.6,507.4,4698.1,4775.9,2157.1,838.2,4127.6,4974.3,2495.5,2148.3,1489.0,3189.4,870.4,3550.3,1001.4,2050.0,1351.6,3343.0,6242.7,5563.5,1399.3,523.8
2026-08-06 00:15:00,643.7,236.5,969.5,367.8,668.1,161.0,38.6,115.4,284.6,51.4,125.9,1455.3,3964.6,4217.1,1398.2,1404.3,168.5,31.4,989.1,1933.4,384.7,508.4,4684.3,4681.5,2127.7,841.3,4108.7,4908.1,2491.1,2147.1,1486.6,3186.0,859.2,3525.2,999.0,2053.5,1349.8,3285.3,6183.9,5582.3,1377.7,521.0
2026-08-06 00:30:00,639.7,237.3,962.8,347.9,660.4,161.7,39.8,115.4,281.4,51.7,108.1,1425.2,3942.5,3566.2,1467.6,1489.7,168.5,50.6,980.6,1992.5,377.9,531.0,4676.0,4612.5,2098.5,845.6,4089.3,4939.7,2481.0,2149.2,1480.9,3170.1,855.0,3508.1,996.6,2056.8,1346.7,3284.2,6143.6,5604.4,1374.6,516.5
2026-08-06 00:45:00,647.7,238.0,954.8,361.2,657.7,156.0,39.2,115.4,281.2,53.7,104.6,1439.7,3816.8,2931.6,1466.7,1510.4,168.5,50.1,977.0,2007.6,376.0,520.4,4665.7,4571.2,2066.4,848.5,4071.8,4893.9,2470.6,2151.5,1481.9,3167.9,845.3,3480.1,991.6,2060.6,1340.4,3260.5,6132.7,5574.6,1356.0,508.4
2026-08-06 01:00:00,637.5,238.7,921.9,363.5,650.8,164.7,38.3,113.4,276.7,49.1,148.2,1436.8,3868.7,2994.3,1420.3,1474.8,161.8,38.8,978.7,1987.2,371.4,536.0,4610.6,4617.2,2008.1,889.1,3503.0,4357.0,2440.5,2088.3,1453.6,3114.4,830.8,3424.4,985.0,1777.8,1338.3,3219.5,5987.5,5620.9,1335.7,469.7
2026-08-06 01:15:00,637.7,240.1,916.5,373.6,645.5,165.3,40.1,113.4,272.1,49.4,115.1,1436.9,3832.5,2997.6,1401.4,1460.9,161.8,38.7,960.1,1997.6,368.9,519.9,4593.5,4501.5,1986.0,888.5,3490.2,4325.0,2433.3,2087.1,1450.6,3109.2,827.7,3411.5,980.7,1783.3,1331.5,3224.0,5955.7,5630.3,1333.7,461.9
2026-08-06 01:30:00,638.6,241.0,911.0,378.1,641.4,157.8,40.5,113.4,274.5,49.5,117.4,1462.0,3956.8,3097.6,1387.7,1448.2,161.8,38.7,956.7,2034.2,367.4,517.1,4581.4,4444.6,1967.8,891.6,3479.5,4255.2,2429.8,2088.4,1449.7,3105.1,824.5,3396.5,976.8,1788.8,1323.9,3211.4,5909.2,5602.5,1325.5,459.4
2026-08-06 01:45:00,636.9,242.4,901.7,365.0,638.6,157.9,40.5,113.4,270.5,44.2,114.0,1436.8,3887.4,3084.9,1379.0,1424.6,161.8,36.1,953.8,2092.9,364.4,518.1,4572.2,4386.4,1946.2,889.9,3465.5,4108.8,2424.8,2092.8,1449.1,3069.7,822.2,3385.3,971.6,1794.4,1313.9,3225.7,5867.2,5613.1,1315.8,452.3
2026-08-06 02:00:00,634.8,244.0,912.4,411.8,635.6,165.7,31.0,111.1,271.9,39.2,114.6,1446.8,3814.1,3171.7,1381.3,1394.1,92.9,53.1,934.7,2161.0,355.6,541.7,4548.0,4442.2,1907.0,911.2,3221.1,3697.3,2400.6,1974.0,1437.7,3085.7,816.0,3443.3,965.5,1540.4,1313.4,3270.5,5833.4,5669.4,1314.0,450.3
2026-08-06 02:15:00,636.0,245.6,908.7,396.5,632.0,165.5,31.2,110.9,250.5,36.8,108.0,1447.8,3683.4,3149.6,1481.1,1491.5,92.9,52.7,932.1,2178.3,352.3,537.0,4549.1,4420.5,1892.4,911.2,3211.5,3679.9,2396.9,1977.5,1436.6,3081.9,812.7,3324.7,960.0,1547.5,1311.1,3270.2,5811.4,5643.6,1311.8,443.2
2026-08-06 02:30:00,630.8,247.6,901.3,367.4,630.5,157.9,31.4,110.9,270.0,32.8,117.8,1451.1,3668.3,3173.5,1563.9,1542.3,93.0,52.4,928.2,2199.7,353.9,510.1,4534.0,4364.5,1886.0,911.5,3204.1,3670.1,2401.3,1977.1,1436.9,3076.6,809.7,3216.8,954.3,1555.5,1316.6,3312.0,5800.4,5650.9,1302.3,431.6
2026-08-06 02:45:00,621.7,249.7,896.8,355.8,630.5,157.5,31.5,110.8,264.6,32.7,128.7,1452.0,3738.2,3223.2,1576.5,1528.6,92.9,52.2,924.1,2219.9,348.3,470.0,4531.1,4366.7,1871.2,912.3,3199.0,3659.1,2397.6,1978.2,1436.4,3070.3,803.2,3102.4,946.8,1563.1,1328.7,3347.7,5823.6,5667.3,1296.9,427.4
2026-08-06 03:00:00,696.7,251.9,884.5,341.9,631.4,130.8,44.3,76.3,272.5,7.4,145.5,1458.6,3762.4,3460.8,1558.4,1500.1,100.7,52.2,892.5,2295.0,341.2,525.7,4484.5,4551.9,1855.9,922.3,3391.6,3580.6,2384.1,1821.6,1435.9,2928.4,803.3,2778.3,942.3,1477.9,1354.6,3431.9,5769.5,5741.5,1289.2,428.9
2026-08-06 03:15:00,694.8,252.5,881.3,322.5,630.7,131.5,44.3,76.3,309.7,4.1,153.3,1458.5,3730.3,3497.1,1553.9,1462.1,100.7,28.3,889.7,2312.7,336.0,520.2,4475.7,4525.5,1847.4,923.4,3389.8,3550.5,2384.7,1820.1,1438.8,2924.9,798.9,2715.8,933.6,1485.5,1363.7,3426.8,5756.2,5724.9,1282.2,425.7
2026-08-06 03:30:00,693.3,253.1,884.4,314.4,630.7,126.3,44.3,76.3,323.5,4.1,159.1,1459.0,3844.2,3529.0,1554.4,1446.1,100.7,29.1,887.0,2328.3,331.4,520.2,4469.5,4490.4,1843.9,920.1,3385.3,3427.6,2380.1,1816.2,1434.4,2911.2,797.6,2669.5,923.4,1492.4,1364.5,3461.3,5737.4,5710.7,1283.0,420.8
2026-08-06 03:45:00,692.4,253.4,888.6,308.1,632.7,131.2,44.2,76.3,323.0,4.1,145.3,1458.7,3982.8,3597.3,1560.7,1439.9,100.7,30.2,884.8,2344.7,326.9,520.3,4470.9,4481.0,1839.5,921.0,3384.7,3345.6,2377.7,1813.6,1432.9,2899.9,797.8,2649.0,910.0,1499.5,1353.5,3487.4,5712.4,5722.7,1277.9,416.0
2026-08-06 04:00:00,723.2,254.1,919.1,366.5,603.8,152.4,42.0,88.8,327.4,4.5,116.9,1446.6,4055.3,3692.9,1585.1,1402.4,160.3,26.1,875.3,2252.1,333.7,514.6,4528.4,4512.9,1825.4,896.5,3175.6,3256.5,2370.7,1708.3,1429.5,2925.4,799.6,2355.4,895.1,1371.5,1359.0,3376.2,5699.6,5730.0,1300.3,402.7
2026-08-06 04:15:00,721.6,256.1,931.8,365.9,591.9,153.8,41.8,88.8,329.0,4.5,124.4,1446.5,3884.3,3708.3,1582.0,1391.5,160.2,50.6,873.0,2248.8,334.0,474.1,4554.1,4451.6,1827.8,896.6,3175.1,3239.5,2372.2,1708.4,1430.2,2914.0,797.4,2352.3,891.5,1388.5,1344.9,3420.1,5675.2,5736.9,1305.5,396.3
2026-08-06 04:30:00,691.9,260.8,953.9,333.2,627.9,154.7,41.3,88.8,330.8,4.5,120.3,1446.4,3933.7,3745.0,1531.2,1394.1,160.2,50.0,871.2,2294.0,330.5,486.2,4583.9,4457.4,1823.7,896.7,3174.2,3173.9,2369.2,1709.2,1430.7,2901.9,795.0,2349.6,891.0,1403.6,1337.9,3465.4,5694.9,5741.2,1302.9,387.8
2026-08-06 04:45:00,669.8,265.9,982.9,334.3,631.7,159.2,39.3,88.9,313.5,4.5,112.5,1445.5,3821.8,3796.5,1536.3,1390.0,160.2,49.4,870.0,2318.3,329.3,411.9,4622.4,4458.3,1824.4,896.5,3174.7,3159.9,2366.8,1708.4,1432.2,2896.1,795.1,2324.0,891.7,1418.2,1336.7,3504.4,5710.7,5747.9,1308.0,380.9
2026-08-06 05:00:00,655.1,266.4,1012.1,472.9,657.0,101.4,43.7,116.4,305.1,2.8,90.1,1456.2,3831.3,4019.6,1586.3,1371.5,71.7,46.1,873.9,2364.4,337.8,532.7,4819.5,4425.0,1847.6,901.7,3354.5,3278.9,2297.5,1749.2,1429.6,3019.7,794.3,2391.1,895.2,1476.0,1379.2,3549.8,5737.1,5752.0,1325.0,368.6
2026-08-06 05:15:00,656.5,267.1,1033.7,473.5,665.7,106.7,42.4,116.4,320.8,2.8,109.3,1454.9,4153.2,4024.7,1595.7,1362.3,71.7,67.2,876.1,2454.7,338.0,526.7,4859.2,4444.9,1862.7,901.3,3369.4,3450.5,2304.0,1751.2,1434.3,3018.7,794.4,2428.4,900.2,1488.1,1390.5,3573.3,5750.7,5764.9,1336.2,355.8
2026-08-06 05:30:00,664.7,268.3,1043.0,551.9,652.4,139.5,43.0,116.4,328.9,2.8,109.4,1452.6,4123.8,4038.9,1557.4,1365.1,71.7,68.0,878.6,2465.4,339.2,487.4,4880.0,4436.6,1875.3,901.5,3436.3,3505.7,2305.8,1751.8,1434.2,3016.9,798.1,2427.5,904.7,1499.5,1407.8,3585.2,5798.6,5759.0,1346.1,340.1
2026-08-06 05:45:00,673.6,271.4,1045.2,541.6,667.3,166.9,43.7,116.4,332.9,2.8,97.3,1455.1,3728.2,4109.6,1548.3,1381.7,71.7,71.2,885.0,2476.7,341.8,504.3,4910.9,4494.6,1897.8,897.9,3447.0,3539.8,2323.4,1758.7,1436.8,3018.1,804.4,2460.7,911.8,1510.2,1425.7,3620.9,5859.0,5771.1,1365.0,330.2
2026-08-06 06:00:00,676.4,325.3,1047.4,502.3,710.3,152.5,42.4,94.5,320.0,34.6,103.9,1566.6,3975.8,4170.4,1633.4,1451.2,70.2,67.9,1062.8,2483.7,394.4,407.7,5005.8,4490.0,1993.5,899.3,3310.8,3571.8,2399.2,2004.3,1466.5,2911.8,798.9,3014.8,931.3,1962.4,1285.6,3588.9,6115.1,5817.2,1404.9,326.8
2026-08-06 06:15:00,691.2,320.9,1031.9,508.1,701.4,220.2,42.1,94.7,323.8,39.6,102.2,1558.6,3834.3,4240.7,1630.4,1472.6,70.2,72.0,1068.3,2496.2,399.9,316.3,5040.7,4493.4,2039.6,898.8,3338.7,3583.4,2413.4,2000.7,1473.8,2921.8,805.9,3151.2,941.7,1973.0,1307.1,3608.8,6199.5,5868.4,1435.5,331.6
2026-08-06 06:30:00,692.9,344.2,988.6,497.1,728.6,218.4,44.8,94.9,312.2,68.7,109.1,1554.9,3802.5,4208.9,1590.0,1484.3,70.2,55.3,1078.1,2522.2,406.1,354.6,5072.4,4599.5,2069.5,899.2,3373.9,3585.4,2425.1,2003.9,1477.5,2931.0,811.5,3178.0,951.5,1986.6,1325.4,3684.8,6292.7,5835.3,1460.0,325.8
2026-08-06 06:45:00,678.1,355.5,942.7,502.8,733.2,286.8,45.6,95.4,318.9,78.3,113.6,1574.9,3817.8,4711.1,1582.1,1505.1,70.2,58.8,1082.6,2551.2,409.2,332.7,5105.7,4597.6,2115.7,899.3,3409.4,3567.4,2438.4,1995.5,1481.7,2936.1,817.1,3156.7,959.3,2001.2,1339.4,3708.9,6366.2,5853.5,1493.9,324.9
2026-08-06 07:00:00,714.3,370.5,910.2,488.5,736.8,325.9,20.5,117.4,352.8,57.2,126.5,1483.9,4103.9,5772.7,1598.6,1490.8,64.4,97.6,1248.7,2773.2,417.9,576.6,5249.7,4806.1,2226.3,864.9,3642.7,3303.3,2516.2,2084.0,1515.0,3039.5,842.2,3364.3,976.5,2342.2,1423.3,3694.3,6573.1,5870.1,1547.6,329.1
2026-08-06 07:15:00,714.3,391.9,870.6,504.9,742.4,376.1,26.0,118.1,347.9,58.2,130.8,1479.2,4324.8,5766.8,1590.2,1513.7,64.3,79.2,1247.9,2759.0,411.8,576.5,5281.2,4764.7,2263.1,865.8,3679.4,3287.2,2528.5,2072.8,1520.3,3040.2,857.8,3346.4,983.2,2363.9,1429.3,3701.2,6624.4,5876.1,1569.6,341.9
2026-08-06 07:30:00,705.4,390.9,819.0,515.6,744.8,359.5,26.1,120.2,341.7,61.0,142.5,1488.5,4311.9,4488.5,1552.2,1549.7,64.3,80.4,1244.6,2817.8,411.5,628.8,5304.0,4721.8,2291.5,865.5,3649.1,3283.5,2539.3,2074.9,1525.3,3040.7,866.4,3420.1,987.5,2383.5,1428.6,3712.2,6665.9,5897.0,1580.1,355.7
2026-08-06 07:45:00,686.8,407.1,768.5,540.7,751.9,386.8,25.7,122.3,336.1,60.7,162.6,1492.8,4455.7,4518.5,1533.7,1581.4,80.3,61.9,1304.4,2864.3,417.1,567.3,5317.6,4595.0,2326.3,866.1,3732.6,3254.8,2552.4,2065.1,1534.2,3041.6,873.0,3386.0,991.9,2409.2,1434.4,3680.2,6713.3,5969.9,1589.1,373.7
2026-08-06 08:00:00,684.3,410.8,753.8,334.6,755.8,537.0,63.1,10.1,328.3,24.7,166.9,1469.4,4532.8,4810.1,1736.0,1678.5,47.4,97.9,1466.1,2749.2,394.7,722.7,5387.4,4880.2,2398.5,828.6,3741.7,3520.9,2636.0,1948.6,1558.8,3036.5,891.4,3401.6,985.6,2251.9,1447.6,3676.4,6736.3,5932.4,1583.6,411.4
2026-08-06 08:15:00,674.5,411.6,708.9,358.7,760.8,506.4,63.6,11.0,311.1,23.0,168.8,1441.5,4520.8,4651.4,1692.2,1706.8,64.1,78.7,1460.5,2757.9,397.1,719.8,5399.9,4780.8,2425.4,825.4,3753.5,3206.9,2645.1,1940.7,1559.3,3036.7,896.8,3412.2,984.4,2270.9,1451.0,3652.8,6749.5,5985.1,1571.8,434.3
2026-08-06 08:30:00,664.7,427.6,673.8,391.6,765.8,505.5,64.4,12.0,294.9,28.2,170.1,1454.3,4747.3,4243.2,1629.7,1489.0,64.1,85.5,1449.3,2835.1,398.9,549.0,5405.6,4635.4,2438.6,825.3,3895.0,3083.8,2646.3,1938.9,1560.7,3036.2,901.2,3033.7,986.8,2285.6,1455.0,3617.5,6764.9,6032.7,1558.7,459.3
2026-08-06 08:45:00,660.1,448.0,645.9,424.3,770.6,478.1,65.0,12.9,279.1,33.5,194.5,1468.5,5281.9,3888.2,1576.9,1135.5,47.3,77.4,1465.9,2865.3,464.7,494.0,5414.2,4594.9,2462.4,825.2,3968.5,2794.8,2655.9,1930.4,1561.6,3035.4,906.2,2771.4,992.4,2299.7,1461.1,3630.6,6799.0,6066.3,1560.0,483.2
2026-08-06 09:00:00,674.6,486.5,621.9,471.2,773.5,617.4,97.4,13.7,283.0,43.6,187.2,1478.2,4320.9,4218.5,1513.0,1101.8,42.4,181.1,1436.4,3401.6,396.6,633.9,5479.9,4718.6,2522.8,792.7,4235.9,2603.0,2507.7,1699.5,1573.5,3033.8,900.0,2360.5,999.6,1704.5,1468.2,3519.1,6755.5,6215.3,1519.5,501.1
2026-08-06 09:15:00,667.3,506.9,598.6,495.5,785.5,592.6,98.1,14.6,263.7,41.8,167.2,1461.6,5131.4,4434.4,1447.9,1118.2,42.4,141.5,1448.2,3157.7,457.1,394.9,5477.9,4664.9,2541.1,793.6,4244.8,2209.2,2510.9,1688.2,1576.2,3039.9,918.4,2148.0,1003.1,1717.3,1468.2,3480.1,6738.5,6228.3,1514.8,532.0
2026-08-06 09:30:00,666.9,522.8,579.4,513.1,791.3,563.9,101.5,15.4,243.1,59.3,166.5,1480.5,5262.3,4521.1,1439.0,1107.3,58.9,129.4,1456.0,3049.5,453.4,402.8,5471.8,4652.4,2560.5,797.3,4270.4,1880.9,2511.4,1668.5,1574.5,3030.9,933.5,1890.4,1004.6,1730.4,1471.0,3490.3,6732.8,6285.8,1505.7,565.7
2026-08-06 09:45:00,654.2,465.4,555.2,523.5,795.8,562.1,102.4,16.2,235.0,75.6,204.8,1497.0,5215.9,4611.4,1414.8,1148.9,42.4,139.0,1528.8,3020.0,460.9,387.7,5468.0,4698.5,2571.5,798.3,4273.9,1861.7,2518.3,1657.7,1577.4,2986.4,934.0,1818.9,1007.7,1744.8,1476.1,3388.5,6716.5,6339.8,1499.4,601.2
2026-08-06 10:00:00,718.1,590.9,536.6,564.9,800.8,551.6,112.7,43.4,255.9,92.3,435.3,1562.1,5208.6,5120.5,1527.1,1168.1,241.6,104.4,1463.7,2822.5,551.4,419.4,5548.6,4641.3,2608.2,779.5,4039.6,1922.1,2506.6,1626.7,1575.5,3007.9,910.7,1643.9,1007.9,1456.3,1468.4,3289.9,6764.3,6431.7,1490.0,620.8
2026-08-06 10:15:00,705.8,598.2,517.8,587.5,801.1,562.9,110.4,44.1,247.4,107.4,457.9,1570.5,5754.0,5245.6,1464.6,1195.6,241.6,113.5,1462.4,2737.8,563.4,418.1,5547.0,4609.3,2619.1,780.3,4041.2,1941.1,2513.0,1598.8,1580.8,2941.8,916.7,1655.2,1009.3,1473.8,1463.4,3299.0,6748.1,6468.9,1483.6,667.1
2026-08-06 10:30:00,699.0,564.4,507.7,608.2,798.0,558.9,115.2,44.6,232.9,123.1,471.7,1600.2,6101.0,5311.1,1442.3,1164.5,241.6,109.4,1524.9,2642.3,577.8,392.8,5553.2,4654.5,2624.2,780.3,4041.3,1963.2,2690.0,1619.2,1578.8,2908.2,915.8,1720.1,1010.8,1493.1,1453.7,3251.9,6731.7,6490.3,1472.1,714.5
2026-08-06 10:45:00,696.9,543.5,494.1,629.7,795.6,391.3,117.1,45.1,219.0,123.8,459.7,1617.5,6041.3,5385.9,1462.3,1107.0,241.6,88.1,1567.0,1795.8,574.8,299.6,5546.2,4651.5,2626.2,780.6,4044.0,1966.0,2707.1,1584.7,1576.6,2878.7,913.5,1794.7,1015.2,1472.6,1433.7,2970.2,6715.5,6503.8,1468.1,750.0
2026-08-06 11:00:00,653.5,558.3,720.4,648.3,790.9,360.1,162.1,33.2,230.4,139.2,401.3,1738.9,6094.2,5660.5,1543.1,1146.8,215.4,86.2,1720.4,1732.0,582.9,213.3,5572.5,4682.1,2637.3,852.7,3964.2,1942.1,2670.7,1684.9,1591.3,2809.7,923.7,2040.2,1019.4,1308.4,1464.9,2764.6,6666.9,6535.4,1463.3,807.2
2026-08-06 11:15:00,654.8,558.2,933.8,657.6,794.2,491.2,160.4,33.6,228.8,162.2,411.4,1753.7,6139.5,5391.7,1490.2,1169.6,215.4,63.8,1705.2,1738.1,568.5,208.1,5555.9,4708.1,2648.3,853.0,3963.8,1942.9,2674.5,1691.8,1589.9,2774.1,919.6,2038.9,1019.1,1316.0,1448.5,2770.0,6660.4,6512.2,1458.9,810.6
2026-08-06 11:30:00,650.4,566.9,1144.4,659.9,800.6,466.7,152.8,34.0,226.4,145.6,414.0,1773.1,6110.3,5179.5,1441.1,1199.0,215.4,80.9,1702.2,1745.9,564.7,218.3,5549.2,4769.4,2649.5,853.2,3958.7,1929.7,2671.3,1698.4,1589.0,2765.1,920.1,2029.9,1018.4,1330.7,1441.3,2791.7,6649.9,6532.1,1445.7,835.8
2026-08-06 11:45:00,648.2,528.8,1142.1,665.9,807.9,439.7,160.0,34.2,224.5,161.5,402.8,1785.1,6416.2,4829.4,1400.8,1201.4,215.4,57.5,1701.0,1752.2,553.8,131.2,5532.3,4823.4,2654.7,853.6,3958.7,1921.2,2675.9,1705.0,1591.5,2747.9,923.7,2041.7,1018.4,1341.2,1439.5,2757.7,6651.5,6545.2,1432.5,868.9
2026-08-06 12:00:00,604.4,550.3,1147.2,650.6,813.9,367.3,182.4,60.9,187.9,182.1,353.5,1883.7,6449.9,5143.4,1313.9,1065.1,313.9,62.3,1803.3,1752.3,567.3,189.1,5524.0,4829.8,2672.9,833.8,4102.3,2238.3,2636.3,1700.4,1757.6,2696.6,920.9,2146.9,1023.7,1278.7,1407.6,2578.0,6691.9,6586.5,1398.9,922.1
2026-08-06 12:15:00,605.2,569.2,1153.1,659.1,817.5,321.1,184.8,61.0,183.5,195.9,345.9,1897.1,6453.4,4768.8,1280.5,1080.9,313.9,62.1,1808.7,1744.3,562.9,129.9,5500.0,4885.6,2677.6,834.2,4088.5,2215.7,2635.7,1708.9,1757.3,2676.1,920.0,2140.9,1025.4,1278.0,1411.7,2579.4,6687.8,6557.4,1385.4,925.2
2026-08-06 12:30:00,601.0,578.1,1158.5,665.6,818.1,297.8,183.8,61.1,180.4,198.4,345.8,1909.2,6461.0,4677.5,1263.2,980.2,313.9,62.7,1820.9,1677.1,559.3,137.5,5571.4,4980.5,2683.1,834.9,4081.7,2204.1,2632.3,1718.6,1757.1,2647.3,921.1,2137.0,1026.2,1272.9,1413.6,2587.6,6690.0,6561.4,1386.6,921.8
2026-08-06 12:45:00,597.0,587.3,1164.7,665.1,815.4,261.1,176.1,61.2,177.3,203.6,343.0,1918.3,7334.3,4633.4,1235.0,1120.0,313.9,63.4,1814.0,1691.3,555.4,144.4,5575.9,5024.7,2686.3,834.9,4070.1,2202.8,2636.5,1727.9,1761.2,2549.1,915.7,2115.4,1025.2,1262.8,1415.6,2597.7,6690.0,6567.9,1378.4,944.4
2026-08-06 13:00:00,593.3,552.2,1113.3,615.5,815.7,241.0,216.3,59.4,205.7,202.7,430.9,1939.0,7958.8,4225.3,1198.5,1180.0,291.9,59.6,1880.9,1765.3,561.5,150.5,5521.9,5106.5,2678.1,865.4,4530.9,2431.5,2604.1,1751.5,1739.4,2398.7,916.9,2223.5,1023.2,1225.6,1446.0,2496.9,6857.3,6730.9,1341.2,971.1
2026-08-06 13:15:00,595.8,557.0,1125.5,610.2,804.1,336.7,212.7,59.1,205.3,211.3,426.5,1944.3,8012.9,4183.4,1195.0,1171.8,291.9,60.6,1895.9,1766.6,556.7,157.2,5526.9,5153.9,2680.0,864.5,4517.6,2421.7,2608.8,1758.6,1737.2,2389.4,918.9,2220.7,1023.7,1210.6,1476.3,2508.8,6884.3,6647.8,1334.8,948.1
2026-08-06 13:30:00,593.9,565.7,1136.7,598.2,795.3,328.9,211.1,58.7,205.3,216.8,422.5,1951.7,8009.2,4203.5,1188.2,1181.0,291.9,39.5,1914.7,1768.5,551.2,164.6,5506.0,5212.8,2685.5,861.2,4501.8,2399.7,2607.6,1766.6,1740.4,2329.8,922.7,2221.4,1021.9,1104.5,1471.6,2506.5,6884.7,6687.8,1330.8,960.5
2026-08-06 13:45:00,594.4,580.0,1161.3,584.5,808.2,321.2,210.7,58.2,205.3,203.0,420.7,1955.5,8000.9,4228.6,1184.0,1182.9,291.9,40.6,1880.3,1765.5,552.8,169.8,5481.2,5264.9,2686.3,859.2,4482.8,2388.7,2608.1,1776.0,1741.0,2323.2,916.5,2218.2,1021.3,1103.5,1462.4,2407.8,6872.2,6687.5,1330.8,971.3
2026-08-06 14:00:00,603.2,527.6,1153.8,572.1,802.2,313.2,175.7,50.8,208.2,216.1,391.1,1966.2,8024.9,4475.0,1087.1,1204.6,145.7,128.3,1875.9,1766.7,581.4,175.9,5500.0,5395.4,2691.3,829.0,4435.8,2490.3,2582.8,1724.1,1740.6,2316.1,924.6,2104.3,1017.2,1095.1,1451.7,2379.5,6917.1,6700.7,1332.3,997.6
2026-08-06 14:15:00,606.7,513.7,1175.9,556.7,806.4,338.3,167.8,50.7,209.8,219.2,393.2,1968.6,7949.1,4512.8,1081.4,1103.5,145.7,138.5,1801.6,1763.7,579.0,179.6,5501.0,5430.3,2691.7,828.2,4418.7,2508.1,2583.7,1732.4,1739.3,2306.2,923.1,2100.2,1015.0,1091.8,1444.9,2394.5,6923.6,6694.7,1340.0,1005.2
2026-08-06 14:30:00,605.4,514.9,1199.8,542.0,815.5,390.7,161.5,50.6,212.8,219.8,399.2,1970.2,7908.5,4525.6,1083.5,1190.9,145.7,132.3,1798.2,1759.6,586.3,181.7,5500.9,5459.5,2687.6,828.0,4412.9,2504.4,2581.0,1724.4,1734.7,2297.1,921.4,2065.8,1015.1,1086.5,1442.4,2407.0,6895.8,6685.6,1355.0,1009.5
2026-08-06 14:45:00,606.6,504.5,1216.7,521.0,815.6,414.2,174.4,50.5,213.3,224.1,408.8,1970.9,7837.9,4588.4,1086.6,1189.8,145.7,133.6,1793.1,1759.5,585.4,186.3,5501.0,5486.8,2691.6,827.9,4416.5,2541.5,2584.8,1714.8,1734.8,2287.6,927.2,2049.0,1015.2,1085.1,1444.6,2425.9,6901.5,6671.2,1354.8,1015.8
2026-08-06 15:00:00,643.8,493.3,1007.8,486.3,823.2,217.1,135.5,25.5,214.6,218.0,419.0,1979.9,7764.7,4877.1,1121.5,1295.0,213.6,86.7,1771.1,1693.1,506.1,190.5,5501.5,5576.2,2681.0,822.4,4344.9,2561.5,2540.9,1654.6,1732.7,2300.7,927.1,1942.4,1013.7,1024.7,1452.4,2455.9,6802.8,6550.7,1358.9,1038.3
2026-08-06 15:15:00,649.7,481.0,1038.8,455.5,830.1,310.0,126.2,24.3,216.0,213.3,419.1,1978.4,7583.9,4926.6,1140.3,1295.0,188.5,95.0,1767.8,1721.2,499.7,190.3,5505.1,5589.5,2681.0,822.9,4338.8,2599.6,2542.3,1663.9,1734.0,2294.9,931.1,1927.0,1015.1,1018.4,1458.4,2528.6,6821.8,6528.0,1380.5,1036.1
2026-08-06 15:30:00,660.8,468.4,1059.9,426.4,834.1,391.3,127.0,23.0,213.1,212.7,418.1,1972.6,6440.3,4877.4,1165.9,1284.1,208.5,92.3,1764.8,1747.2,499.8,192.2,5475.1,5600.6,2683.1,822.8,4348.7,2639.4,2538.6,1673.1,1733.5,2288.4,933.4,1938.0,1015.4,1018.8,1462.4,2503.6,6826.1,6512.0,1388.2,1034.8
2026-08-06 15:45:00,672.4,460.6,873.3,366.0,831.6,273.2,127.8,21.9,210.2,205.1,421.4,1969.1,5951.9,5228.3,1206.1,1249.7,188.4,89.6,1800.9,1729.0,499.3,196.4,5483.4,5590.3,2685.7,821.8,4350.9,2672.0,2545.2,1678.9,1730.7,2282.7,930.0,1842.9,1018.2,1015.8,1463.2,2562.3,6879.7,6489.2,1393.4,1035.7
2026-08-06 16:00:00,710.8,447.6,897.0,344.7,835.3,309.6,116.7,26.3,210.4,237.0,330.2,1945.4,5983.6,5107.7,1245.3,1155.6,46.0,74.6,1638.7,1585.9,513.4,202.4,5472.0,5417.2,2681.8,783.1,4387.1,2833.2,2500.9,1782.4,1545.2,2285.7,930.5,1603.7,1019.3,1029.2,1461.4,2679.4,6856.4,6443.5,1385.6,1092.9
2026-08-06 16:15:00,736.8,458.6,922.7,317.5,840.5,356.4,110.3,25.7,202.1,223.8,335.1,1939.7,5969.6,5420.2,1326.4,1171.8,45.8,76.5,1599.2,1619.8,518.4,202.6,5474.0,5416.3,2685.8,779.0,4403.1,2864.9,2500.9,1791.8,1539.9,2308.9,938.8,1673.8,1021.8,1147.3,1465.7,2683.0,6892.2,6450.2,1394.3,1090.9
2026-08-06 16:30:00,737.3,429.0,742.8,293.1,836.8,298.3,109.2,25.0,211.3,203.2,327.9,1926.4,5938.9,5609.7,1413.8,1161.7,45.6,63.2,1616.3,1750.1,529.4,203.3,5452.8,5462.6,2689.6,774.9,4419.6,2904.8,2500.1,1800.2,1537.4,2533.2,934.4,1694.5,1022.7,1147.5,1452.6,2698.0,6942.0,6417.7,1409.0,1122.0
2026-08-06 16:45:00,745.5,470.3,782.5,274.4,853.5,330.9,107.8,26.8,211.2,197.9,333.9,1916.7,5829.0,5845.2,1412.4,1138.4,25.4,80.6,1630.7,1822.0,536.0,389.7,5381.3,5467.4,2691.0,745.6,4413.3,2924.5,2501.2,1794.6,1539.5,2584.2,934.9,1578.6,1024.6,1142.6,1411.0,2743.6,6997.0,6374.2,1435.8,1132.4
2026-08-06 17:00:00,732.2,452.7,825.4,268.8,851.3,314.1,104.0,181.0,217.4,181.2,396.7,1744.2,5929.9,5932.6,1614.4,995.2,72.1,93.4,1622.3,2219.8,554.6,655.9,5367.4,5589.5,2669.2,644.4,4509.4,3071.1,2483.0,1719.1,1531.9,2719.3,936.5,1592.8,1025.4,1218.9,1421.8,3138.0,7049.7,6377.1,1474.2,1138.9
2026-08-06 17:15:00,723.0,429.7,890.3,263.9,838.8,358.3,103.9,180.3,215.5,161.0,392.6,1729.5,5866.5,5826.5,1706.5,1049.5,72.1,93.2,1563.8,2682.8,565.0,868.1,5379.8,5651.9,2666.8,639.9,4513.8,3091.5,2482.2,1653.9,1532.4,2728.6,932.1,1483.1,1015.7,1231.3,1437.7,3331.3,7104.5,6330.5,1498.4,1150.0
2026-08-06 17:30:00,737.1,453.6,963.4,291.8,840.1,323.3,105.3,178.2,208.8,128.0,392.4,1702.2,5016.7,5751.6,1755.6,991.6,72.1,111.5,1537.0,2666.7,548.8,924.1,5388.6,5694.6,2661.7,631.9,4515.9,3061.3,2473.5,1617.5,1534.0,2788.1,976.6,1416.7,1014.3,1207.6,1447.6,3414.3,7141.0,6246.7,1518.2,1136.9
2026-08-06 17:45:00,752.2,427.4,1037.1,496.7,846.3,296.6,105.3,176.4,204.7,94.4,385.7,1684.1,5002.5,5759.8,1840.1,917.9,72.1,121.9,1520.7,2902.8,538.0,933.2,5410.9,5772.2,2661.2,627.2,4520.4,3081.7,2476.7,1654.3,1532.2,2871.6,982.0,1420.5,1015.4,1197.9,1466.9,3412.2,7180.1,6188.3,1529.5,1121.3
2026-08-06 18:00:00,752.1,434.8,1125.6,447.4,849.2,513.6,81.6,158.3,181.1,79.6,240.5,1606.7,4933.4,5553.7,1789.8,845.6,92.0,65.8,1596.3,2643.8,580.2,950.4,5421.0,5898.2,2663.2,641.4,4518.2,2897.8,2466.0,1880.1,1534.6,2768.5,973.0,1612.5,1011.0,1340.0,1471.7,3476.4,7194.4,6153.5,1572.0,1129.2
2026-08-06 18:15:00,757.3,416.4,1178.8,471.1,847.7,486.7,82.9,157.5,200.9,62.7,242.2,1585.4,4901.2,5444.4,1837.9,798.3,92.9,67.6,1574.5,2625.4,583.9,946.2,5435.2,5907.1,2661.6,636.0,4510.7,2923.2,2466.2,2022.1,1528.9,2787.5,953.6,1990.6,1008.8,1331.1,1476.2,3520.5,7229.7,6108.8,1585.4,1115.9
2026-08-06 18:30:00,775.5,391.5,1230.0,491.2,852.8,467.6,84.0,144.1,221.1,56.5,223.2,1559.7,4573.2,5549.9,1859.7,873.0,58.9,69.7,1569.8,2650.1,579.0,941.1,5446.5,5974.7,2658.4,642.0,4508.6,3147.8,2454.1,2049.5,1527.4,2832.5,945.4,2246.0,1007.3,1326.3,1480.8,3584.6,7248.3,6059.6,1597.3,1099.7
2026-08-06 18:45:00,766.2,341.7,1272.9,570.5,828.0,494.4,85.4,144.8,254.5,66.4,230.2,1540.3,4239.5,5512.9,1923.9,1196.4,59.8,64.0,1595.9,2673.5,569.2,956.4,5457.4,5970.1,2652.5,638.7,4512.8,3448.7,2444.1,2087.8,1526.1,2829.9,941.2,2505.2,1004.2,1324.6,1479.6,3607.8,7272.0,6048.7,1600.0,1082.5
2026-08-06 19:00:00,762.7,378.2,1301.4,543.6,860.8,485.1,47.6,109.0,294.9,48.2,273.4,1500.0,4531.5,5054.6,2143.6,1381.5,90.6,46.2,1468.3,2745.4,581.0,945.0,5382.8,6115.6,2629.7,690.4,4320.2,3524.9,2435.4,2380.5,1525.8,2779.5,946.1,2675.2,1000.6,1228.5,1466.8,3717.6,7342.7,5933.7,1614.7,1055.5
2026-08-06 19:15:00,770.8,416.0,1329.8,545.6,853.3,474.3,49.7,108.5,329.4,41.0,266.7,1479.3,4606.6,5313.6,2220.0,1294.9,91.5,48.2,1467.4,2717.4,594.3,940.8,5382.1,6126.7,2627.7,694.3,4241.8,3629.1,2434.7,2382.4,1525.5,2781.2,947.4,3029.0,997.6,1220.3,1464.9,3756.9,7306.3,5884.4,1613.4,1038.9
2026-08-06 19:30:00,789.2,303.6,1347.2,737.1,839.9,468.0,50.4,109.6,359.0,68.7,267.2,1472.8,4238.2,5295.6,2230.9,1226.1,92.5,59.4,1473.1,2693.9,591.8,937.4,5365.2,6109.1,2621.6,692.4,4245.5,3680.2,2429.5,2382.3,1529.3,2786.5,945.8,3192.5,995.2,1214.6,1461.1,3767.2,7311.2,5834.9,1615.1,1017.0
2026-08-06 19:45:00,781.2,298.2,1351.6,752.0,842.6,460.2,49.5,111.5,390.7,61.7,267.6,1474.9,3379.2,5342.3,2263.5,1142.1,93.5,59.7,1472.6,2740.4,578.9,957.0,5348.1,6151.2,2617.7,690.3,4215.3,3699.4,2429.8,2383.0,1527.2,2763.3,943.3,3250.9,992.5,1199.9,1458.5,3796.7,7297.8,5787.0,1615.1,998.7
2026-08-06 20:00:00,784.2,401.6,1324.5,601.5,868.6,455.2,42.8,102.2,383.5,59.6,546.1,1464.3,3286.2,5038.8,1993.6,1081.9,121.5,61.6,1445.2,2909.3,479.7,919.6,5195.0,6117.2,2597.4,733.4,4471.9,4328.7,2409.3,2470.5,1524.8,2741.3,947.3,3043.6,988.1,1133.7,1450.1,3709.3,7309.0,5857.9,1614.8,981.6
2026-08-06 20:15:00,792.4,403.1,1332.9,613.4,865.9,455.7,42.8,100.9,396.1,56.6,531.2,1454.4,2937.4,5084.1,2043.1,1035.2,121.0,71.2,1441.8,2972.6,476.8,918.0,5151.1,6073.2,2591.3,730.4,4468.5,4268.7,2407.2,2466.9,1524.4,2719.5,942.3,3048.1,985.2,1120.3,1446.3,3731.8,7291.4,5856.0,1611.8,969.4
2026-08-06 20:30:00,797.2,378.6,1332.1,641.8,866.8,456.7,42.8,102.8,404.1,54.4,515.6,1472.7,2936.3,5064.2,2027.1,948.4,120.6,64.8,1435.6,2948.7,475.8,936.2,5115.6,6124.0,2580.3,725.9,4467.7,4223.1,2403.1,2463.3,1529.1,2707.1,943.3,3052.4,983.3,1117.2,1440.9,3757.9,7270.9,5799.1,1604.0,956.8
2026-08-06 20:45:00,802.8,384.3,1326.4,650.9,875.7,450.7,42.8,102.8,408.8,54.7,508.6,1477.7,2936.5,5129.2,2013.3,928.2,120.1,71.8,1435.6,2946.6,474.1,933.2,5085.4,6152.6,2576.0,723.1,4469.9,4224.7,2402.5,2459.7,1526.3,2713.5,936.7,3050.5,981.0,1103.4,1439.2,3798.6,7253.1,5789.1,1595.0,941.1
2026-08-06 21:00:00,794.3,320.5,1304.5,635.1,828.9,453.1,46.0,85.0,426.5,57.1,508.8,1468.9,3047.6,4848.6,1872.5,827.7,47.9,82.1,1396.0,2857.7,473.1,927.1,5150.4,5991.6,2559.9,731.4,4466.8,4082.6,2403.5,2463.9,1525.6,2731.6,936.5,3120.4,979.4,1081.7,1345.0,3824.0,7236.8,5621.6,1607.5,933.3
2026-08-06 21:15:00,801.9,324.9,1281.5,627.2,844.6,456.9,46.0,72.3,426.6,55.9,507.3,1476.3,2878.0,4689.4,1929.8,834.0,48.0,88.6,1360.9,2861.0,468.3,927.0,5173.5,6052.3,2549.8,731.9,4465.4,4075.0,2408.2,2464.1,1524.9,2730.2,931.6,3113.6,976.9,1068.2,1330.3,3891.4,7196.3,5593.6,1594.7,931.9
2026-08-06 21:30:00,807.8,307.8,1246.1,624.6,845.2,447.7,46.0,71.2,426.8,53.6,509.2,1468.4,2853.7,4619.4,1966.1,837.1,82.9,86.7,1354.1,2846.3,461.8,928.3,5158.6,6068.1,2535.1,736.8,4467.1,4237.6,2398.8,2456.4,1526.5,2700.9,930.4,3111.7,973.2,1052.3,1326.5,3933.2,7163.8,5544.0,1592.7,930.9
2026-08-06 21:45:00,798.3,300.3,1201.0,555.6,827.7,452.1,46.0,77.4,423.0,50.3,507.3,1464.7,3030.2,4597.5,1981.9,833.5,82.8,76.5,1357.0,2862.7,456.9,917.4,5136.3,6129.2,2528.0,741.6,4462.2,4468.9,2397.2,2452.6,1526.8,2695.3,926.0,3116.7,969.7,1039.7,1318.0,3812.5,7125.2,5530.3,1584.0,927.6
2026-08-06 22:00:00,766.4,335.0,1163.9,609.4,812.7,279.6,41.0,117.9,389.6,46.7,229.7,1472.2,2658.0,4727.2,1835.3,845.6,139.0,75.9,1306.1,2896.2,409.4,943.7,5024.4,6208.1,2502.7,741.0,4470.7,4267.7,2412.1,2408.8,1515.6,2594.5,929.3,3208.7,964.8,929.5,1366.9,3866.4,6987.1,5411.7,1548.4,931.6
2026-08-06 22:15:00,753.0,341.6,1131.5,535.7,790.1,278.3,41.0,118.0,389.8,46.6,209.2,1472.3,2660.1,4414.5,1807.6,839.0,124.4,73.4,1299.2,2892.9,406.0,923.4,4967.8,6182.8,2487.6,743.8,4466.4,4245.9,2407.1,2405.0,1512.2,2579.0,925.7,3210.3,966.5,913.9,1359.8,3757.0,6925.1,5392.9,1519.1,909.5
2026-08-06 22:30:00,737.2,348.0,1100.9,451.1,773.0,293.0,41.0,118.0,384.6,46.7,222.6,1473.9,2669.1,4360.4,1818.8,852.3,142.0,61.3,1299.6,2882.6,396.7,922.7,4910.6,6108.7,2458.0,750.8,4456.0,4260.1,2403.1,2403.9,1508.5,2511.9,917.9,3195.7,963.0,907.7,1353.0,3695.4,6857.3,5347.6,1496.8,905.0
2026-08-06 22:45:00,726.6,314.6,1071.2,446.6,758.0,275.6,41.0,118.0,381.7,46.9,204.2,1471.4,2825.7,4233.4,1814.1,812.3,140.9,59.5,1293.9,2875.4,402.1,922.2,4888.2,6136.2,2438.0,752.3,4443.3,4178.2,2400.3,2400.5,1506.6,2449.2,913.7,3179.6,958.2,903.8,1360.1,3643.4,6789.8,5328.8,1474.9,820.1
2026-08-06 23:00:00,708.5,386.6,1035.0,402.1,738.6,175.4,16.4,98.3,382.0,47.8,180.5,1452.9,2452.7,4174.3,1690.9,816.9,53.3,43.4,1298.7,2734.4,365.5,949.9,4820.6,6148.8,2363.2,752.7,4306.0,4200.6,2393.3,2400.4,1499.5,2359.3,901.0,3194.4,954.1,899.3,1346.9,3540.6,6678.3,5283.0,1404.2,783.1
2026-08-06 23:15:00,703.6,369.3,1012.4,374.8,723.2,177.1,24.6,98.3,378.5,48.2,171.8,1452.9,2479.0,4119.5,1669.3,797.2,53.0,42.6,1293.9,2716.8,362.6,939.0,4799.8,6140.7,2330.6,754.2,4289.7,4168.4,2389.2,2400.5,1496.7,2264.0,893.2,3182.4,949.4,900.1,1334.2,3497.2,6603.9,5269.4,1375.1,763.5
2026-08-06 23:30:00,700.0,322.9,986.1,374.4,709.2,180.0,23.2,98.3,366.5,23.7,161.8,1453.5,2512.1,4087.7,1679.6,804.2,32.7,42.1,1289.8,2718.1,366.2,938.8,4786.8,6146.7,2302.7,757.0,4277.2,4152.2,2379.4,2400.0,1496.3,2256.1,887.4,3161.7,945.0,860.4,1349.9,3484.2,6532.3,5215.6,1358.2,717.8
2026-08-06 23:45:00,696.3,295.6,963.4,368.3,705.6,183.4,23.8,98.3,357.8,14.0,152.8,1460.8,3136.4,4043.2,1656.7,792.6,32.4,51.8,1286.2,2720.0,359.3,937.1,4767.7,6102.5,2265.2,760.0,4256.9,4111.7,2373.6,2401.4,1493.4,2257.7,884.3,3140.5,940.0,855.7,1333.1,3391.7,6447.2,5213.5,1334.6,722.9
2026-08-07 00:00:00,679.3,245.0,935.0,484.5,664.8,93.3,50.9,43.2,312.5,3.1,137.1,1546.6,2709.3,4790.7,1221.9,389.8,65.6,26.3,1037.0,2817.3,404.8,927.2,4876.9,6190.3,2200.7,757.8,4268.1,3768.1,2426.1,2415.7,1698.5,2074.7,863.8,3289.3,935.5,1027.5,1293.5,3594.6,6495.4,5133.1,1313.1,669.3
2026-08-07 00:15:00,672.2,246.3,915.2,456.7,655.4,94.9,54.1,43.2,306.2,3.1,125.6,1550.9,2823.2,3981.5,1264.7,430.3,110.3,29.0,1035.3,2820.2,404.6,929.2,4858.2,6000.8,2177.7,763.0,4258.6,3773.2,2423.7,2415.9,1695.4,2079.2,857.5,3270.6,926.5,1013.5,1279.6,3625.7,6429.7,5135.0,1296.0,669.4
2026-08-07 00:30:00,664.8,247.9,893.1,446.3,647.9,96.2,54.0,43.2,303.2,3.1,134.0,1550.5,3259.6,3954.2,1226.1,425.5,89.9,29.4,1033.3,2824.6,404.0,936.8,4840.3,5861.5,2146.2,770.4,4243.5,3773.9,2414.6,2415.1,1691.1,2084.6,851.0,3246.2,920.1,1005.5,1269.1,3595.1,6371.4,5150.6,1289.9,665.6
2026-08-07 00:45:00,658.3,249.4,869.2,456.2,640.5,97.2,54.1,43.3,302.0,3.1,133.4,1575.9,3240.2,3935.6,1234.2,428.1,89.5,29.8,1031.2,2821.9,403.4,937.1,4819.2,5831.7,2118.4,773.2,4232.5,3686.1,2407.2,2417.8,1689.0,2089.8,841.6,3217.8,912.5,1008.9,1259.3,3550.7,6313.2,5125.3,1271.5,666.5
2026-08-07 01:00:00,643.5,250.5,903.7,466.1,634.5,98.1,52.3,72.3,357.6,1.0,106.8,1574.7,3063.9,4112.6,1219.2,439.9,90.4,31.0,1030.5,2846.1,394.1,940.9,4772.1,5853.4,2062.2,782.2,3976.2,3605.9,2380.1,2431.5,1664.9,2093.1,830.5,3117.0,903.6,974.3,1246.1,3541.2,6250.6,5093.9,1250.7,670.8
2026-08-07 01:15:00,645.8,250.2,894.9,472.4,627.7,98.4,52.6,72.3,357.8,1.0,101.5,1574.9,3062.9,3893.1,1216.0,433.3,114.5,28.7,1003.5,2828.3,395.3,939.8,4761.6,5808.0,2035.8,784.5,3966.3,3509.4,2377.4,2433.2,1659.8,2097.4,825.2,3095.1,900.1,978.1,1239.0,3541.0,6210.1,5091.8,1240.1,672.2
2026-08-07 01:30:00,648.1,249.6,889.4,478.4,628.4,98.5,52.9,72.4,358.8,1.0,101.6,1574.9,3218.9,3928.3,1193.2,432.6,88.7,28.7,1000.8,2822.8,394.6,939.2,4753.2,5761.5,2017.4,786.0,3965.2,3462.9,2376.1,2432.5,1659.3,2102.1,821.2,3081.7,898.7,978.5,1233.9,3520.0,6173.6,5082.4,1232.1,673.6
2026-08-07 01:45:00,645.9,249.3,881.9,479.9,623.4,98.8,53.1,72.3,355.7,1.0,109.9,1575.7,3233.9,3858.3,1178.2,432.1,112.9,28.5,999.8,2841.6,393.7,936.5,4746.3,5712.0,1995.7,788.1,3999.1,3431.2,2373.9,2433.1,1664.6,2105.2,812.6,3059.0,898.3,957.1,1229.2,3539.9,6160.8,5078.7,1220.6,675.7
2026-08-07 02:00:00,703.4,248.2,896.3,483.0,629.6,98.8,103.1,35.3,339.8,6.0,136.0,1575.6,3167.0,3859.3,1132.0,456.0,99.3,35.7,1044.0,2721.3,395.9,935.1,4737.1,5679.6,1973.6,827.1,3762.4,3547.6,2344.6,2404.3,1641.2,2112.0,807.4,3021.0,897.2,961.9,1224.9,3573.7,6263.8,5181.9,1215.6,674.8
2026-08-07 02:15:00,707.7,246.1,893.1,487.4,626.2,98.6,102.9,43.6,321.1,6.0,164.0,1576.7,3182.2,3897.5,1141.2,455.1,98.8,35.7,1043.5,2716.5,393.6,931.5,4730.3,5615.4,1960.0,827.3,3798.4,3482.6,2339.8,2404.9,1637.7,2120.1,803.7,3007.1,896.7,961.9,1221.8,3578.0,6228.9,5182.6,1212.6,670.3
2026-08-07 02:30:00,706.0,244.0,893.0,493.0,624.0,98.6,103.3,41.6,342.5,6.0,154.2,1579.9,3203.5,3871.4,1135.7,454.5,98.2,35.8,1042.1,2712.4,392.9,927.3,4727.3,5550.8,1943.8,826.8,3793.1,3436.5,2340.6,2400.5,1638.0,2130.2,800.4,2997.3,895.6,967.1,1218.8,3585.0,6227.4,5162.1,1204.3,664.6
2026-08-07 02:45:00,696.3,241.5,892.2,496.0,621.6,98.5,103.0,43.6,337.1,6.0,154.5,1587.6,3109.9,3850.8,1127.1,453.9,97.7,35.8,1039.3,2711.8,390.7,926.6,4719.5,5481.1,1934.2,826.8,3788.4,3440.4,2340.2,2397.5,1637.1,2137.4,795.9,2992.8,893.0,978.8,1214.4,3615.6,6189.3,5176.7,1203.3,659.0
2026-08-07 03:00:00,679.9,240.5,893.3,499.9,622.5,98.5,92.0,34.8,348.6,1.0,164.6,1587.3,3069.4,3799.4,1139.4,448.4,89.9,33.0,1012.9,2723.7,379.6,958.6,4680.5,5463.8,1914.3,784.7,3614.3,3639.9,2345.9,2254.5,1627.7,2145.8,791.8,2880.5,891.6,1017.2,1207.6,3660.2,6178.7,5131.5,1205.1,653.8
2026-08-07 03:15:00,675.3,238.3,893.0,500.8,621.4,99.1,91.6,34.7,339.8,1.0,150.4,1587.2,3143.6,3832.6,1124.4,447.8,89.9,33.5,1010.7,2724.0,376.6,953.2,4678.1,5400.2,1908.9,782.7,3612.5,3625.8,2343.7,2248.7,1628.2,2156.0,790.6,2876.0,889.1,1029.2,1204.8,3693.6,6162.1,5131.0,1202.0,651.0
2026-08-07 03:30:00,676.6,236.0,890.0,503.6,622.2,99.9,91.4,34.7,341.7,1.0,156.1,1587.9,3205.9,3808.6,1109.2,447.4,89.9,34.1,1008.8,2722.4,373.6,949.2,4677.8,5332.4,1906.8,782.5,3607.5,3622.7,2341.2,2244.5,1624.8,2165.4,790.8,2889.6,888.3,1040.4,1201.9,3728.4,6140.2,5131.3,1204.3,646.6
2026-08-07 03:45:00,669.4,233.8,888.3,509.7,624.1,100.9,91.1,34.7,341.2,1.0,157.9,1587.3,3209.9,3805.5,1094.4,447.5,89.8,34.7,1006.5,2719.2,370.7,942.6,4684.6,5265.4,1902.4,781.4,3608.3,3613.1,2343.0,2240.1,1623.4,2174.4,789.6,2889.6,888.0,1049.5,1199.7,3739.1,6124.9,5121.0,1196.1,643.7
2026-08-07 04:00:00,673.4,232.6,843.6,512.4,607.7,102.5,75.4,47.3,349.4,6.0,132.5,1579.7,3225.3,3770.6,1111.9,449.7,76.8,39.5,973.2,2647.0,365.9,942.9,4738.7,5235.3,1894.2,792.5,3529.8,3834.7,2356.4,2214.1,1615.4,2183.5,791.1,2834.1,888.5,1072.3,1198.1,3775.4,6021.9,4990.3,1190.1,637.1
2026-08-07 04:15:00,672.3,232.3,850.8,520.4,609.3,105.7,75.2,48.6,354.3,6.0,133.0,1579.2,3249.2,3760.0,1098.6,449.5,76.0,39.7,971.6,2643.3,362.6,937.7,4760.5,5179.8,1895.7,790.6,3530.0,3853.7,2356.7,2209.4,1615.1,2194.8,789.3,2927.6,888.2,1084.0,1199.3,3780.3,5989.5,4975.7,1187.1,635.7
2026-08-07 04:30:00,679.8,232.9,865.1,526.4,621.8,111.5,74.9,47.5,351.6,6.0,131.2,1578.0,3250.1,3680.8,1046.7,449.3,75.2,39.8,970.6,2638.0,361.5,933.6,4790.4,5129.6,1891.2,789.6,3529.4,3852.6,2354.5,2204.7,1614.9,2205.9,789.2,2954.7,891.6,1096.0,1203.4,3801.0,5979.0,4960.8,1184.1,633.5
2026-08-07 04:45:00,680.9,234.3,886.8,535.1,631.9,119.2,73.7,49.2,354.9,6.0,127.4,1581.3,3133.5,3660.6,1042.5,448.9,74.4,39.9,969.3,2630.6,360.1,930.9,4821.5,5080.0,1890.4,788.1,3529.7,3848.7,2356.2,2197.9,1615.2,2215.0,788.8,2971.6,895.4,1109.6,1208.5,3887.0,5979.0,4947.1,1188.9,629.5
2026-08-07 05:00:00,666.2,236.4,930.6,540.6,640.5,124.8,34.3,72.3,347.6,6.0,138.4,1576.5,3410.0,3693.5,1127.8,466.2,113.7,40.0,960.6,2642.6,364.0,917.0,5067.5,4994.0,1901.5,783.6,3598.5,3624.4,2377.3,2369.5,1437.9,2220.8,792.1,3047.2,900.8,1117.8,1219.9,3988.0,6013.3,4911.8,1206.9,626.2
2026-08-07 05:15:00,668.8,241.9,959.4,544.0,651.1,130.5,34.0,73.9,349.6,6.0,112.6,1574.7,3420.0,3708.9,1118.1,466.0,93.4,41.0,961.6,2637.0,367.8,925.6,5117.8,5151.1,1917.6,781.1,3581.1,3769.9,2383.8,2361.4,1441.0,2221.6,792.1,3064.3,907.1,1131.8,1225.6,4003.9,6040.8,4899.3,1224.5,620.4
2026-08-07 05:30:00,667.4,248.4,983.2,546.1,665.6,131.8,33.1,72.4,355.2,6.0,103.8,1572.4,3152.9,3668.4,1052.7,475.5,68.1,42.1,965.3,2626.9,372.5,921.7,5067.5,5028.8,1930.1,779.0,3589.7,3784.3,2387.4,2353.2,1440.9,2258.0,792.8,3073.0,911.3,1168.3,1228.6,4115.0,6078.4,4873.4,1233.2,613.4
2026-08-07 05:45:00,677.7,256.6,1001.1,549.5,681.9,137.7,34.2,74.4,363.2,6.0,85.9,1570.3,2421.5,4314.8,1054.2,475.3,67.9,56.6,969.9,2622.8,375.6,919.0,5115.5,4990.1,1958.3,777.5,3600.3,3854.2,2395.8,2336.2,1444.3,2415.1,801.5,3098.0,918.0,1264.7,1228.9,4174.7,6129.3,4869.6,1253.8,614.4
2026-08-07 06:00:00,697.2,269.7,1028.6,555.5,704.0,244.1,21.0,120.8,359.4,36.3,90.8,1595.5,2725.7,4454.3,1118.1,508.1,60.6,145.7,997.2,2680.0,416.0,902.3,5221.8,4893.8,2045.3,753.4,3844.9,4077.8,2439.6,2397.8,1473.4,2606.1,822.1,3077.1,933.4,1272.5,1224.5,4423.0,6297.0,4834.8,1301.9,641.7
2026-08-07 06:15:00,699.5,327.4,1027.6,554.2,715.8,256.4,21.0,120.9,358.5,41.6,90.9,1589.4,1846.3,3812.0,1113.6,531.6,61.4,149.0,1005.0,2681.8,420.5,900.8,5218.2,4855.6,2087.9,782.7,3858.8,4165.1,2454.2,2381.8,1474.8,2669.5,829.7,3106.0,942.0,1277.9,1233.7,4418.1,6383.6,4821.4,1333.3,700.6
2026-08-07 06:30:00,698.2,340.5,1008.1,554.6,729.3,270.2,21.0,121.0,362.7,39.9,98.0,1591.8,1852.9,3802.3,1074.1,552.4,82.0,142.2,1011.8,2674.0,423.1,897.5,5188.7,4761.2,2119.3,778.6,3882.2,4256.9,2465.3,2379.8,1481.2,2676.3,841.5,3138.3,950.4,1277.5,1251.0,4676.1,6493.2,4796.0,1362.2,748.7
2026-08-07 06:45:00,688.4,359.0,974.4,561.4,723.7,336.1,21.0,121.1,368.4,43.0,101.2,1599.4,1879.8,3832.9,1064.9,559.3,82.7,145.7,1016.9,2674.3,424.5,888.6,5220.3,4745.0,2162.5,774.3,3897.1,4342.6,2484.1,2367.5,1489.2,2766.7,847.0,3176.3,957.9,1281.0,1282.0,4684.0,6584.6,4816.4,1390.7,749.1
2026-08-07 07:00:00,721.7,397.8,950.8,667.1,736.4,369.5,23.3,103.5,390.5,22.8,111.7,1560.1,2051.6,4104.1,1096.6,624.1,54.0,172.4,1114.6,2914.1,445.6,886.8,5334.8,5013.5,2262.7,741.7,3840.2,4325.1,2555.2,2356.3,1534.3,2893.9,877.4,3177.4,975.8,1293.2,1245.7,4581.9,6816.7,4818.0,1441.6,742.2
2026-08-07 07:15:00,720.8,416.6,909.2,696.4,733.7,401.6,23.3,110.2,382.8,21.4,115.4,1570.4,2057.7,4085.0,1088.6,648.2,80.2,176.7,1117.5,2898.8,446.8,880.3,5363.9,5061.9,2301.7,737.6,3856.0,4414.7,2570.3,2342.3,1540.0,2898.3,890.2,3222.4,984.1,1291.2,1265.5,4621.4,6891.0,4756.9,1463.6,761.1
2026-08-07 07:30:00,713.3,433.3,854.6,741.4,744.0,433.8,24.8,109.6,368.8,17.1,127.3,1561.3,2325.9,3920.4,1191.0,785.1,101.5,180.0,1119.5,2906.6,447.8,869.0,5396.9,5057.6,2326.1,732.7,3868.1,4272.6,2581.3,2340.3,1544.7,2897.1,900.2,3243.8,991.1,1298.7,1284.6,4665.4,6953.9,4746.7,1479.8,766.8
2026-08-07 07:45:00,704.2,452.8,822.9,819.7,736.1,462.9,25.3,109.5,350.4,17.4,151.3,1573.9,2540.3,3899.3,1359.2,980.3,102.7,182.7,1159.5,2803.2,448.2,849.1,5413.8,5039.6,2355.8,692.6,3877.3,3734.5,2592.1,2322.6,1551.1,2902.6,908.7,3272.3,997.1,1315.8,1299.7,4643.8,7022.0,4740.0,1503.2,773.8
2026-08-07 08:00:00,693.2,465.0,804.9,840.9,752.1,486.9,88.9,52.1,313.2,24.7,153.7,1592.4,3262.0,4845.6,1652.6,1136.1,15.0,147.4,1178.2,2754.7,474.3,874.2,5479.1,5085.2,2418.7,715.6,4016.4,4587.9,2646.6,2249.7,1587.1,3003.4,932.0,3322.4,988.5,1346.3,1323.1,4660.2,7105.3,4772.3,1528.8,806.6
2026-08-07 08:15:00,688.7,483.2,788.8,896.4,753.6,479.7,91.2,52.4,292.7,27.2,158.4,1582.3,3353.2,4194.9,1729.0,1279.7,15.0,187.5,1177.4,2735.4,473.0,869.4,5501.4,5073.1,2441.8,714.2,4023.9,4328.3,2656.5,2245.8,1591.1,2996.3,935.9,3325.1,992.9,1362.3,1325.5,4668.4,7131.0,4770.7,1534.2,808.9
2026-08-07 08:30:00,677.5,501.3,770.0,955.5,753.9,438.2,91.7,52.6,268.8,34.7,156.3,1600.5,4289.0,3747.6,1746.6,1420.5,15.0,188.9,1177.1,2728.5,473.7,869.4,5516.7,5058.7,2457.5,637.1,4027.8,3795.0,2659.9,2245.8,1593.9,3001.7,941.0,3347.9,995.8,1367.0,1314.0,4678.5,7145.2,4737.7,1541.2,811.1
2026-08-07 08:45:00,668.4,518.0,746.0,1013.2,755.9,458.7,91.8,52.7,241.0,32.9,165.1,1609.3,4303.4,3463.5,1715.8,1442.1,15.0,155.0,1223.0,2625.4,477.6,858.4,5530.5,5039.1,2474.3,624.5,4041.5,3178.4,2674.9,2244.6,1596.4,2996.9,942.6,3345.4,1004.1,1356.2,1302.4,4668.1,7170.1,4716.7,1550.4,813.5
2026-08-07 09:00:00,662.8,533.5,720.1,1066.8,764.1,576.2,99.9,53.0,229.4,49.0,293.5,1680.3,4100.5,3687.4,1609.7,1405.3,15.0,348.7,1166.8,2856.5,492.8,854.5,5573.9,4898.2,2514.6,723.3,4108.3,3599.2,2704.6,1987.6,1599.8,3003.6,940.8,3376.3,1007.0,1368.1,1388.1,4867.5,7102.4,4666.9,1527.2,779.2
2026-08-07 09:15:00,656.5,546.5,696.8,1104.1,767.6,497.7,100.9,68.1,206.4,63.0,284.6,1679.6,4088.4,3451.4,1562.6,1134.6,15.0,344.8,1165.5,2800.1,492.7,835.2,5578.0,4898.8,2523.9,701.9,4283.8,3146.2,2715.4,1982.7,1606.1,3009.3,938.4,3367.5,1018.2,1358.0,1378.5,4810.6,7108.0,4678.6,1533.8,777.1
2026-08-07 09:30:00,656.9,554.8,683.5,1163.3,768.2,512.2,101.5,69.7,182.3,81.1,286.0,1701.8,4526.0,3283.6,1547.5,882.1,15.0,298.0,1169.9,2449.9,492.8,820.8,5586.6,4905.5,2541.9,681.0,4287.6,3030.2,2715.2,1979.1,1604.4,2978.6,942.2,2873.9,1019.8,1352.0,1367.2,4780.3,7117.1,4677.5,1526.2,741.1
2026-08-07 09:45:00,651.3,560.5,880.2,1216.6,768.5,530.0,100.1,73.4,157.3,102.7,282.7,1729.0,5700.6,3237.8,1503.9,835.8,15.0,296.1,1191.4,2432.9,497.6,818.8,5591.0,4956.3,2549.4,679.8,4292.1,2880.0,2722.3,1978.7,1606.4,2997.8,938.5,2383.2,1022.2,1358.5,1374.6,4783.4,7110.1,4698.0,1528.8,770.4
2026-08-07 10:00:00,652.4,574.3,864.2,1216.2,775.6,594.0,127.8,51.7,170.2,139.5,269.4,1788.5,5017.9,3739.7,1463.6,859.6,15.0,351.1,1305.8,2484.0,511.4,837.3,5605.4,4904.6,2575.8,698.9,3995.6,2782.9,2741.9,1641.1,1605.8,2963.0,1057.8,1874.5,1014.3,1453.1,1384.1,4768.3,7039.4,4709.1,1546.6,761.4
2026-08-07 10:15:00,650.3,577.6,628.8,1241.6,775.5,490.4,126.2,51.9,152.5,166.5,270.5,1801.6,5815.0,3497.8,1427.9,890.6,15.0,354.8,1299.2,2409.1,511.1,826.4,5606.0,4905.3,2584.5,695.8,3996.0,2579.7,2748.4,1629.0,1609.2,2954.7,1059.7,1789.1,1020.2,1402.8,1396.9,4698.9,7037.0,4720.4,1540.3,750.6
2026-08-07 10:30:00,642.3,584.4,610.6,1276.8,775.7,491.2,126.2,52.1,152.1,201.5,288.3,1833.6,5812.8,3465.7,1426.3,899.3,15.0,353.7,1295.7,2395.6,515.0,820.2,5590.2,4922.7,2589.8,695.3,3997.7,2515.3,2744.1,1583.4,1608.6,2926.6,1058.9,1573.5,1019.6,1395.2,1400.1,4661.5,7007.9,4722.3,1521.7,694.2
2026-08-07 10:45:00,634.2,584.1,597.7,1303.7,771.6,490.9,130.4,52.4,150.9,221.2,299.9,1852.0,5800.3,3493.3,1407.2,904.8,15.0,332.5,1350.8,2385.4,514.7,813.8,5578.0,4952.7,2589.2,695.5,3994.1,2503.8,2747.0,1549.7,1609.1,2922.6,1055.2,1450.1,1017.1,1384.5,1396.3,4552.5,6989.8,4732.3,1515.0,685.2
2026-08-07 11:00:00,638.1,588.9,804.7,1371.4,761.0,497.4,132.1,53.6,157.3,264.6,301.8,2030.6,6063.9,3558.4,1358.5,920.9,15.0,310.1,1438.6,2512.0,518.7,743.9,5551.3,4885.3,2607.8,543.8,3685.1,2468.0,2743.5,1492.5,1602.6,2891.3,1080.3,1463.8,1014.2,1358.7,1388.9,4587.4,6988.4,4736.7,1523.2,728.9
2026-08-07 11:15:00,637.7,588.8,1011.2,1385.3,760.6,509.8,131.7,53.8,156.1,246.4,301.7,2054.1,6133.3,3529.4,1334.6,930.2,15.0,255.0,1432.7,2499.8,519.9,742.8,5541.4,4969.8,2614.6,543.7,3685.5,2443.3,2742.7,1495.3,1606.6,2908.0,1079.0,1452.3,1013.1,1345.5,1383.1,4566.2,6956.1,4750.0,1510.0,730.4
2026-08-07 11:30:00,634.6,588.2,996.8,1388.3,760.4,504.4,130.1,54.0,155.7,254.7,308.7,2060.8,6213.6,3452.6,1324.1,954.1,15.0,275.2,1428.6,2341.9,520.5,736.3,5529.8,4973.0,2615.7,543.8,3678.4,2467.1,2739.9,1497.7,1607.1,2887.8,1078.5,1462.8,1012.7,1323.7,1376.0,4526.3,6927.2,4749.5,1494.7,729.1
2026-08-07 11:45:00,637.0,587.8,1213.8,1392.7,763.9,563.1,133.7,68.4,154.9,265.2,314.8,2054.1,6699.1,3476.9,1316.0,955.2,15.0,254.8,1428.1,2306.6,519.9,720.2,5514.2,5071.7,2621.1,543.6,3684.9,2447.2,2741.8,1500.7,1607.0,2911.5,1078.1,1451.5,1015.4,1313.3,1374.8,4521.4,6909.8,4765.0,1482.9,727.6
2026-08-07 12:00:00,645.7,585.7,1214.2,1393.9,763.5,478.7,134.5,72.6,133.7,272.1,309.3,2188.2,6782.6,3757.4,1504.6,957.1,36.0,309.8,1322.5,2335.2,533.4,693.9,5526.6,5101.8,2632.9,549.6,3637.2,2241.9,2706.2,1629.7,1600.0,2884.0,1048.9,1511.1,1021.5,1323.8,1387.8,4388.9,6839.9,4761.2,1463.2,721.2
2026-08-07 12:15:00,642.7,584.4,1215.9,1406.9,764.1,489.0,149.6,79.9,133.3,264.1,311.0,2188.1,6837.8,3665.3,1522.6,945.7,41.7,289.9,1332.2,2306.5,534.3,680.3,5506.2,5095.1,2629.9,549.8,3629.8,2268.4,2705.4,1635.7,1598.3,2880.7,1046.5,1514.2,1026.4,1323.2,1386.4,4357.8,6828.3,4759.7,1449.2,690.7
2026-08-07 12:30:00,640.6,585.0,1211.3,1432.2,763.9,492.3,148.7,78.6,132.9,262.7,316.6,2193.6,6877.6,3572.1,1517.7,940.3,36.0,300.3,1330.0,2289.2,532.4,674.7,5485.4,5130.2,2632.3,550.0,3630.0,2239.4,2701.1,1629.7,1597.3,2879.1,1045.3,1510.1,1028.3,1326.6,1384.1,4245.1,6814.4,4764.7,1443.0,677.7
2026-08-07 12:45:00,635.4,578.7,1207.9,1456.7,763.3,496.0,150.7,89.4,132.9,260.1,329.7,2211.6,6878.4,3516.2,1522.1,917.5,36.1,300.6,1349.6,2250.4,531.0,661.6,5463.7,5162.0,2631.1,549.8,3629.6,2233.4,2702.2,1605.5,1598.7,2877.2,1040.2,1507.3,1027.9,1324.0,1381.1,4163.1,6809.1,4768.5,1434.3,677.6
2026-08-07 13:00:00,624.3,571.8,1259.9,1474.8,770.9,477.2,123.9,100.9,82.3,253.5,384.8,2340.0,6895.9,3655.6,1459.8,929.8,41.9,278.5,1403.9,2246.5,530.6,656.3,5394.0,5092.7,2614.1,549.6,3788.8,2082.8,2693.4,1573.3,1593.6,2876.5,1017.8,1479.4,1030.1,1337.9,1374.1,4145.0,6869.6,4899.5,1434.9,686.5
2026-08-07 13:15:00,621.9,546.7,1253.4,1472.4,769.2,474.6,121.8,104.9,82.7,247.2,383.3,2331.2,6896.6,3669.1,1476.9,902.1,48.2,278.5,1427.7,2206.2,527.5,618.9,5386.6,5115.3,2613.7,549.5,3801.8,2080.7,2692.7,1565.8,1593.9,2877.1,1018.0,1450.4,1025.7,1339.2,1369.7,4098.3,6846.4,4900.8,1426.9,693.6
2026-08-07 13:30:00,622.6,525.7,1253.9,1466.7,766.4,428.0,125.1,104.9,82.7,243.3,379.2,2335.8,6910.9,3641.5,1477.5,917.5,49.9,278.5,1423.6,2184.4,541.2,604.1,5377.9,5145.4,2615.7,549.8,3800.9,2078.0,2690.4,1561.1,1596.8,2879.5,1020.7,1449.7,1022.0,1338.0,1365.8,4075.4,6825.0,4901.8,1421.4,698.9
2026-08-07 13:45:00,625.0,522.7,1260.5,1459.6,765.0,397.1,125.2,104.9,86.0,238.3,378.7,2346.6,6934.2,3587.3,1488.5,908.0,48.6,279.1,1419.6,2178.6,538.2,591.7,5368.0,5171.4,2610.4,549.3,3799.1,2070.0,2689.2,1519.8,1593.2,2880.8,1013.5,1449.4,1017.4,1333.9,1362.3,4050.8,6808.2,4902.6,1406.4,704.6
2026-08-07 14:00:00,632.8,504.9,1266.3,1455.2,769.4,375.8,93.4,104.9,88.9,229.2,377.3,2342.1,6826.1,3534.1,1438.6,892.2,79.8,241.5,1286.7,2189.5,527.6,587.3,5350.9,5280.9,2603.9,541.7,3811.1,2071.6,2672.7,1361.5,1593.0,2883.2,1030.2,1370.6,1004.1,1312.9,1345.3,3952.5,6806.4,4910.6,1382.2,709.7
2026-08-07 14:15:00,636.4,490.6,1274.9,1447.5,769.2,366.8,90.7,104.9,85.9,224.3,374.2,2347.3,6816.2,3577.1,1415.7,902.0,82.3,241.5,1276.0,2200.1,518.5,586.9,5346.2,5304.9,2601.3,541.6,3822.3,2069.3,2673.7,1361.1,1596.7,2889.9,1029.5,1370.3,997.6,1305.2,1341.0,3929.6,6800.9,4905.9,1375.6,716.1
2026-08-07 14:30:00,632.2,495.8,1285.7,1444.4,771.0,358.8,91.4,104.9,84.6,218.7,374.0,2345.9,6788.7,3647.6,1404.7,922.8,79.7,241.5,1256.4,2196.3,514.3,595.7,5343.2,5324.6,2595.1,541.9,3810.0,2068.1,2664.1,1361.3,1595.2,2899.1,1028.3,1369.7,996.4,1298.6,1338.1,3893.7,6781.4,4899.0,1375.6,722.2
2026-08-07 14:45:00,630.8,481.9,1291.6,1437.6,772.8,370.4,75.6,104.8,84.4,219.1,355.5,2349.7,6771.2,3667.8,1378.1,957.1,74.5,241.5,1233.1,2201.6,510.1,596.5,5344.5,5338.6,2596.4,542.1,3823.3,2066.4,2667.8,1361.5,1592.2,2906.3,1032.7,1365.3,995.9,1294.8,1336.5,3913.3,6791.4,4893.4,1374.7,721.8
2026-08-07 15:00:00,627.4,462.9,1285.4,1391.2,762.1,343.3,101.6,106.1,105.3,221.3,297.9,2213.4,6342.4,3500.4,1269.8,952.3,71.2,212.8,1199.4,2175.9,465.6,592.6,5353.3,5389.5,2586.2,528.4,3842.9,2148.0,2654.3,1377.2,1597.2,2954.2,1028.8,1315.2,998.4,1305.6,1337.3,3869.4,6678.6,4771.6,1375.6,731.6
2026-08-07 15:15:00,634.8,486.1,1302.9,1387.6,771.9,379.4,99.9,106.0,96.0,228.9,295.8,2206.7,6304.7,3478.0,1271.8,953.2,49.7,212.8,1186.0,2174.4,460.1,590.9,5347.3,5387.4,2583.5,528.5,3842.0,2145.9,2671.7,1374.4,1597.0,2954.7,1029.5,1295.7,999.1,1294.6,1334.9,3874.1,6648.5,4759.8,1379.8,730.9
2026-08-07 15:30:00,636.0,480.5,1316.4,1359.5,778.3,365.6,96.1,105.7,96.5,219.0,308.7,2183.8,6271.7,3570.0,1259.7,972.0,32.6,255.2,1178.8,2165.9,458.1,596.6,5347.1,5388.1,2587.2,528.6,3850.9,2144.5,2646.7,1373.6,1600.1,2954.8,1029.1,1347.7,1000.5,1293.8,1331.0,3962.6,6652.0,4753.6,1380.5,731.5
2026-08-07 15:45:00,645.3,466.2,1117.0,1317.7,777.6,352.6,91.3,105.5,96.4,245.0,303.7,2182.5,5940.3,3567.0,1273.9,972.8,32.1,260.2,1174.3,2164.8,461.1,593.7,5331.0,5383.2,2587.4,527.7,3839.5,2150.8,2646.2,1372.6,1598.9,2932.9,1027.2,1367.0,1000.3,1294.0,1328.3,3852.2,6662.2,4742.9,1387.5,753.5
2026-08-07 16:00:00,648.7,405.2,870.9,1275.3,771.7,304.6,61.8,103.6,106.6,242.2,315.0,2003.9,6157.1,3297.4,1274.0,942.1,14.5,225.5,1264.6,2126.4,457.5,628.1,5341.5,5387.3,2581.2,580.9,3913.7,2240.6,2650.0,1550.4,1594.8,2944.5,988.6,1658.7,1002.4,1348.8,1293.1,3807.7,6720.1,4724.7,1422.5,708.9
2026-08-07 16:15:00,655.6,394.6,679.5,1226.9,775.2,285.8,57.8,103.1,102.6,243.6,302.7,2001.0,6124.3,3244.2,1310.7,930.5,14.6,269.9,1204.4,2122.3,459.7,637.3,5336.3,5367.8,2582.9,588.1,3923.8,2271.7,2648.5,1579.7,1588.7,2947.1,995.5,1647.5,1005.9,1336.4,1298.8,3764.2,6725.4,4709.0,1430.6,712.1
2026-08-07 16:30:00,666.7,430.4,706.8,1164.1,791.7,304.0,57.6,102.6,103.8,230.9,295.3,1982.9,5895.0,3272.6,1361.3,919.6,25.0,269.9,1212.2,2101.6,461.9,630.6,5327.3,5348.3,2582.5,588.5,3931.7,2280.1,2642.5,1590.4,1585.7,2951.7,991.7,1642.5,1007.2,1332.6,1308.3,3920.3,6770.0,4695.7,1446.5,735.8
2026-08-07 16:45:00,670.4,417.0,732.6,1107.8,798.9,356.5,58.2,102.2,104.2,218.5,303.1,1970.4,5876.9,3348.3,1400.0,928.6,25.1,246.4,1216.5,2136.0,464.4,628.8,5327.9,5418.3,2581.5,587.9,3928.1,2435.2,2639.9,1659.5,1588.7,2975.0,996.1,1911.6,1004.8,1353.2,1322.1,3950.9,6832.0,4687.4,1460.7,735.0
2026-08-07 17:00:00,745.0,410.9,735.3,1031.9,802.3,254.8,92.2,140.1,149.0,198.5,264.6,1821.5,6019.7,3099.4,1470.7,948.8,14.9,187.5,1146.2,2066.7,440.3,640.8,5320.3,5273.1,2579.2,600.7,3625.0,2586.0,2651.4,1750.1,1596.4,3018.3,1028.4,1987.0,1013.2,1524.1,1277.6,4010.4,6912.2,4651.6,1451.0,713.8
2026-08-07 17:15:00,757.9,392.6,772.8,970.3,810.9,297.1,89.4,139.8,149.8,178.5,261.0,1805.2,4957.4,3171.0,1536.4,895.4,9.9,187.2,1125.5,2060.0,444.9,634.4,5322.9,5332.8,2570.6,594.4,3607.3,2930.4,2648.5,1784.2,1595.2,3042.5,1017.7,2243.4,1009.6,1627.6,1285.1,4045.5,6963.2,4649.2,1472.0,713.2
2026-08-07 17:30:00,767.2,437.9,808.0,1012.5,816.2,265.0,89.1,139.4,151.4,150.7,270.3,1773.7,4498.0,3372.8,1555.4,880.6,10.0,186.9,1132.1,2238.0,443.0,625.2,5331.7,5318.5,2563.4,591.8,3663.3,3187.9,2641.2,1781.3,1583.5,3137.1,987.0,2659.5,1009.5,1624.5,1292.8,4086.2,7016.2,4637.1,1490.8,712.1
2026-08-07 17:45:00,780.2,436.6,870.8,1038.5,812.8,235.1,90.9,139.1,153.4,115.5,295.3,1742.3,4106.8,3455.3,1617.1,834.4,22.0,186.5,1134.4,2249.3,444.4,773.4,5337.9,5297.4,2564.5,600.3,3672.5,3404.2,2642.8,1779.7,1581.8,3288.5,989.9,3123.7,1010.2,1618.8,1286.3,4074.7,7067.3,4623.1,1510.5,694.5
2026-08-07 18:00:00,815.9,332.6,941.0,907.6,802.9,209.9,136.6,164.7,118.9,101.9,199.9,1699.8,4312.6,3305.4,1604.1,867.4,36.2,130.1,1155.2,2169.9,440.0,550.6,5362.6,5198.6,2560.8,596.8,4257.1,3487.7,2691.2,2198.0,1598.4,3075.5,995.8,3118.0,1007.1,1928.1,1331.3,4295.5,6992.5,4628.9,1518.7,710.4
2026-08-07 18:15:00,820.8,355.3,1017.7,1004.1,795.8,211.8,136.6,163.0,144.9,85.7,206.3,1660.2,4319.4,3519.9,1476.2,968.0,38.0,130.1,1119.1,2119.8,444.1,844.7,5368.3,5172.5,2554.2,596.8,4263.2,4151.2,2692.3,2192.0,1597.2,3155.3,994.1,3128.1,1005.2,1926.3,1332.1,4275.7,7023.3,4615.9,1539.9,693.1
2026-08-07 18:30:00,836.2,363.6,1094.6,1003.7,775.7,250.0,136.6,162.9,169.1,65.1,208.5,1628.8,3473.7,3564.9,1337.4,997.7,22.3,140.1,1128.9,2065.4,447.3,800.7,5371.3,5170.0,2556.5,671.0,4273.3,4735.7,2687.1,2188.8,1595.4,3101.3,1000.3,3119.9,1002.9,1930.0,1334.4,4282.1,6982.2,4641.3,1555.0,673.0
2026-08-07 18:45:00,748.4,376.8,1141.1,957.2,778.5,208.7,136.6,162.6,200.1,59.7,199.8,1605.6,2743.5,3603.4,1224.2,806.5,16.0,156.0,1174.7,2056.9,454.4,801.4,5368.5,5214.0,2554.4,671.3,4277.7,4909.5,2686.7,2183.9,1593.9,3174.1,1001.2,3137.4,999.6,1936.2,1346.0,4254.0,7018.3,4648.8,1560.3,655.0
2026-08-07 19:00:00,782.7,319.3,1130.9,1296.0,804.7,410.8,138.4,126.1,248.7,47.5,567.2,1571.7,3278.2,3540.5,1335.0,756.3,103.0,47.3,1437.8,1961.7,485.1,761.2,5339.7,5184.8,2539.7,683.0,4019.1,4987.1,2705.6,2192.0,1597.0,3198.5,1000.8,3177.4,996.5,1930.6,1459.9,4138.7,7049.8,4770.6,1571.9,631.5
2026-08-07 19:15:00,792.1,311.7,1159.3,1344.9,796.4,419.7,138.5,125.8,274.1,40.0,551.6,1551.7,3123.3,3466.8,1358.8,697.2,105.6,47.2,1434.6,1920.6,477.4,746.0,5336.0,5189.2,2537.2,683.4,4028.5,5529.0,2701.8,2186.9,1596.6,3248.9,1004.5,3203.4,993.6,1943.3,1476.7,4116.3,7024.7,4748.2,1572.7,617.5
2026-08-07 19:30:00,753.7,313.6,1184.7,1087.7,793.9,416.1,138.4,123.8,307.8,33.3,559.3,1534.2,3138.0,3517.9,1527.4,783.4,83.3,36.8,1442.5,1873.7,486.4,725.5,5315.6,5220.8,2532.3,683.1,4034.6,5619.6,2738.4,2180.2,1604.3,3212.7,1007.0,3223.6,991.5,1951.7,1484.1,4075.8,7011.2,5023.3,1573.8,595.6
2026-08-07 19:45:00,736.2,297.3,1202.0,1071.1,792.8,405.4,138.4,141.7,336.7,62.7,555.7,1511.7,2935.0,3551.7,1578.2,787.2,85.8,36.6,1418.4,1830.2,482.5,732.1,5296.5,5212.6,2524.7,682.5,4031.8,5715.7,2737.1,2175.8,1597.3,3205.2,1007.8,3224.6,991.7,1963.5,1487.4,4024.6,7008.6,5121.2,1576.3,577.6
2026-08-07 20:00:00,783.8,287.8,1283.8,1176.7,827.0,695.2,100.4,120.5,337.1,117.3,563.9,1538.5,2952.3,3321.5,1387.2,721.3,70.3,44.8,1397.2,1772.5,474.9,732.4,5172.7,5299.3,2499.7,661.2,4548.8,6196.0,2713.6,2171.0,1588.6,3255.8,1010.0,3338.2,987.5,1965.3,1450.4,3777.7,6966.8,4806.0,1574.9,575.9
2026-08-07 20:15:00,788.6,301.6,1367.2,1158.4,814.4,691.8,103.8,124.8,344.2,113.5,546.5,1526.5,2841.7,3354.8,1440.4,697.3,71.0,44.4,1389.4,1728.4,467.1,715.5,5155.0,5287.7,2493.8,661.0,4543.8,6186.7,2711.4,2169.1,1586.1,3256.9,1006.8,3332.4,986.5,1968.4,1443.9,3702.3,6952.3,4938.2,1567.3,563.3
2026-08-07 20:30:00,790.4,303.4,1366.9,1146.2,817.5,689.0,109.0,124.3,355.6,112.0,534.5,1517.6,2942.8,3429.0,1474.9,681.8,71.7,44.0,1386.4,1683.8,459.2,709.4,5135.0,5293.4,2482.7,662.1,4544.3,6183.0,2727.2,2166.0,1591.3,3259.0,1008.0,3336.3,984.7,1966.4,1443.3,3660.5,6914.9,4941.1,1567.3,558.2
2026-08-07 20:45:00,785.3,298.3,1363.4,1103.3,812.9,687.2,109.5,138.8,359.3,108.6,553.2,1512.4,2860.9,3495.3,1533.8,680.2,92.4,58.5,1388.1,1641.6,459.2,696.9,5116.8,5308.3,2482.0,662.9,4548.1,6182.5,2712.1,2166.8,1587.1,3253.4,1001.8,3322.1,984.6,1955.5,1434.7,3597.0,6896.5,4995.1,1563.4,550.1
2026-08-07 21:00:00,793.9,269.0,1287.4,1071.4,811.7,546.4,2.7,135.1,360.0,131.4,502.4,1538.0,2561.3,3402.6,1587.0,734.8,163.6,40.9,1363.1,1548.5,435.6,700.3,5151.6,5297.7,2463.1,693.0,4592.6,6143.3,2729.0,2173.6,1579.5,3306.2,1000.8,3434.1,980.1,1663.6,1371.0,3648.7,6839.4,5073.3,1572.1,521.3
2026-08-07 21:15:00,788.1,268.2,1271.7,1056.5,802.4,546.2,2.7,134.9,356.9,127.2,496.4,1536.1,2563.5,3285.6,1619.8,699.2,164.6,55.7,1365.5,1505.2,435.0,681.2,5183.3,5344.0,2456.0,694.7,4587.5,6131.4,2725.8,2175.4,1579.3,3307.3,992.6,3419.3,977.1,1645.4,1359.6,3646.5,6819.3,5031.1,1565.6,514.4
2026-08-07 21:30:00,772.2,287.1,1248.5,1063.2,808.7,538.1,5.5,121.9,360.3,119.7,486.0,1541.0,2428.4,3246.5,1675.5,681.3,145.7,55.7,1366.0,1480.6,437.1,661.4,5170.2,5326.6,2443.9,695.9,4587.5,6118.7,2721.0,2177.3,1579.9,3389.2,985.2,3405.4,974.2,1629.9,1346.8,3665.4,6803.6,4898.0,1565.2,511.9
2026-08-07 21:45:00,768.2,266.3,1220.4,1004.8,776.4,538.1,2.7,119.9,356.0,119.4,502.4,1546.0,2615.1,3231.0,1690.2,660.8,171.7,40.8,1370.6,1431.7,441.3,654.3,5151.7,5305.1,2442.4,695.8,4583.7,6116.7,2718.3,2177.0,1579.5,3309.4,983.0,3397.7,967.7,1616.9,1329.9,3613.4,6772.7,4962.7,1558.8,508.0
2026-08-07 22:00:00,758.2,278.2,1229.8,993.4,755.1,236.9,4.3,62.6,361.6,85.2,484.1,1564.7,2228.6,3267.0,1560.7,712.7,172.1,43.1,1337.4,1397.8,427.9,624.5,5009.4,5425.1,2427.8,647.4,4358.1,5858.1,2745.8,2179.7,1574.3,3213.7,978.6,3380.1,960.0,1634.5,1309.9,3638.6,6679.9,5008.9,1528.4,500.0
2026-08-07 22:15:00,751.5,271.5,1202.1,981.3,745.3,236.9,5.5,61.5,362.5,8.6,472.8,1565.7,2653.6,3123.0,1545.3,661.2,151.9,43.3,1338.0,1367.4,437.3,606.0,4958.9,5327.0,2415.2,646.4,4350.7,5838.7,2743.4,2180.6,1573.4,3284.7,975.4,3373.0,952.5,1636.2,1294.4,3594.9,6656.4,4925.0,1507.9,499.4
2026-08-07 22:30:00,744.0,267.5,1173.1,920.3,735.4,237.4,4.3,61.5,361.8,8.6,488.9,1583.0,2719.8,3182.6,1537.7,671.7,176.8,43.5,1334.5,1348.8,432.9,596.4,4904.2,5291.2,2391.5,644.5,4342.4,5814.8,2734.6,2181.9,1563.5,3273.2,970.6,3353.1,953.3,1639.5,1283.2,3546.9,6584.8,4857.2,1495.4,500.4
2026-08-07 22:45:00,733.6,281.6,1142.8,887.6,721.8,219.7,4.3,61.5,357.2,8.6,471.4,1588.4,2814.0,3224.4,1515.8,662.2,176.7,43.7,1337.7,1324.9,434.4,586.7,4856.6,5282.6,2373.9,643.4,4327.1,5772.7,2734.1,2184.9,1561.5,3158.2,963.7,3352.9,949.5,1633.5,1274.8,3543.0,6594.9,4865.9,1477.3,502.1
2026-08-07 23:00:00,724.0,283.0,1109.2,704.6,704.4,98.0,7.6,100.5,355.8,7.4,484.3,1562.8,2361.3,3183.4,1442.2,609.1,169.5,70.6,1294.8,1285.3,417.9,562.9,4701.6,5363.4,2304.8,676.6,4396.2,5689.4,2763.7,2181.1,1537.7,3205.2,954.6,3289.8,946.5,1625.0,1276.7,3441.6,6491.7,4881.3,1489.5,497.9
2026-08-07 23:15:00,714.0,280.1,1087.3,668.1,692.9,89.3,12.6,100.5,353.2,7.4,480.5,1555.6,2547.1,3196.4,1422.5,588.6,169.4,70.1,1294.0,1267.5,416.9,558.0,4656.7,5319.2,2277.5,675.6,4382.6,5655.2,2758.5,2185.2,1545.1,3253.4,947.6,3268.1,946.6,1620.4,1269.3,3398.9,6479.6,4864.3,1467.1,500.1
2026-08-07 23:30:00,703.0,270.6,1066.1,649.3,680.2,80.6,12.3,100.5,341.7,7.4,465.4,1558.2,2722.6,3250.7,1432.6,605.0,149.3,79.5,1286.4,1253.3,413.3,546.1,4620.8,5318.2,2244.9,674.8,4377.0,5614.0,2750.5,2188.8,1545.2,3143.9,939.1,3256.2,939.9,1612.6,1254.6,3405.5,6393.1,4817.7,1448.0,494.1
2026-08-07 23:45:00,692.0,270.8,1046.5,592.0,668.4,73.9,6.5,100.5,331.5,7.4,469.0,1571.8,2768.6,3206.8,1409.6,592.7,149.2,84.3,1279.0,1243.1,404.2,546.7,4565.3,5286.9,2210.6,673.6,4364.4,5575.4,2746.6,2193.0,1544.0,3013.3,936.8,3241.2,932.1,1606.7,1233.7,3396.4,6344.9,4827.1,1427.6,490.0
2026-08-08 00:00:00,660.7,181.7,952.1,538.7,668.2,219.4,24.2,108.0,278.7,6.3,135.7,1558.9,2292.8,3801.4,1258.7,412.4,61.7,101.9,959.4,1500.6,410.1,663.2,4530.8,5595.2,2140.2,836.2,4397.2,5357.2,2634.7,2087.3,1500.9,2725.5,912.4,2974.7,975.8,1947.4,1591.3,3489.5,6522.6,4921.9,1326.9,501.9
2026-08-08 00:15:00,654.3,181.1,938.8,505.4,661.4,216.6,23.8,107.1,277.6,6.3,128.6,1561.1,2387.0,3553.6,1522.7,670.1,106.1,101.4,960.3,1505.3,418.9,655.5,4514.6,5603.4,2118.5,836.3,4375.6,5307.3,2631.4,2089.8,1494.9,2550.6,906.5,2970.0,973.1,1957.3,1557.0,3496.5,6429.4,4925.6,1305.9,491.2
2026-08-08 00:30:00,648.6,180.3,924.7,430.9,650.9,216.8,23.6,107.1,271.0,6.3,105.0,1564.3,3044.7,4083.7,1587.2,749.2,85.5,100.8,960.2,1478.2,417.4,626.5,4541.1,5571.3,2089.0,835.5,4354.9,5264.3,2621.7,2091.5,1488.6,2455.8,901.1,2950.2,967.7,1963.6,1525.6,3483.9,6350.9,4923.0,1286.3,488.6
2026-08-08 00:45:00,643.6,179.4,915.8,386.0,645.0,217.1,23.9,107.1,271.4,6.3,106.6,1589.8,3096.2,3700.7,1576.7,749.5,85.0,100.7,969.9,1461.1,420.2,619.1,4535.8,5555.7,2064.3,834.4,4337.6,4738.9,2613.7,2096.7,1487.4,2396.9,893.7,2925.2,963.2,1967.8,1499.5,3471.0,6279.5,4872.6,1264.3,492.6
2026-08-08 01:00:00,644.3,178.5,908.6,369.4,637.5,217.4,31.2,122.1,296.2,7.5,99.6,1586.3,2879.5,3525.9,1532.9,772.7,92.0,35.3,921.3,1442.1,395.5,630.0,4546.6,5519.5,2001.6,794.1,4140.6,5040.6,2588.6,2083.1,1459.0,2387.1,880.6,2883.1,957.9,1995.4,1482.5,3471.5,6205.0,4848.6,1269.7,476.1
2026-08-08 01:15:00,641.5,177.8,902.2,344.8,631.4,217.6,31.2,122.1,291.4,7.5,92.6,1587.9,3058.0,3043.5,1508.8,767.6,91.5,33.5,925.7,1428.6,395.6,625.5,4530.8,5511.9,1977.0,779.3,4131.5,5001.7,2586.5,2089.0,1457.3,2379.5,875.2,2869.3,953.4,1991.9,1468.4,3459.6,6162.7,4831.2,1257.9,467.4
2026-08-08 01:30:00,640.3,177.0,896.3,343.2,625.4,217.8,30.9,122.1,295.1,7.5,96.3,1589.0,3062.5,3048.0,1487.1,767.6,91.0,33.9,924.5,1415.1,395.8,626.4,4526.2,5495.5,1957.0,778.5,4122.6,4660.0,2585.9,2092.7,1454.0,2372.2,868.8,2851.9,950.0,1982.4,1463.7,3442.4,6126.1,4800.0,1247.9,471.4
2026-08-08 01:45:00,639.5,176.1,887.1,344.3,619.5,218.1,30.8,122.1,291.6,7.5,107.7,1590.6,3067.5,3000.8,1475.5,767.1,90.6,34.0,925.0,1405.4,398.2,625.4,4514.0,5484.4,1931.9,778.3,4116.6,4531.2,2584.0,2096.7,1455.3,2409.1,861.7,2828.7,949.0,1969.1,1462.1,3424.8,6091.0,4797.2,1239.4,443.0
2026-08-08 02:00:00,634.0,175.3,884.2,350.1,618.5,167.6,25.8,111.6,306.7,7.9,103.4,1587.5,3082.2,3163.8,1459.9,785.2,65.9,74.2,899.4,1354.3,384.5,633.8,4434.0,5413.9,1891.7,781.0,3787.4,4664.2,2547.5,1994.2,1436.8,2354.3,848.7,2766.6,943.1,1942.7,1466.8,3464.5,6074.3,4790.1,1203.8,473.6
2026-08-08 02:15:00,626.9,174.0,874.4,355.2,612.0,167.5,25.6,111.6,298.7,7.9,103.6,1589.1,3089.6,3101.4,1453.3,783.9,65.9,74.3,876.2,1344.3,386.4,631.1,4429.2,5413.8,1879.9,778.6,3782.0,4574.7,2548.5,1999.5,1435.1,2320.0,845.8,2759.1,940.0,1929.9,1470.3,3437.7,6049.0,4791.8,1202.6,476.1
2026-08-08 02:30:00,629.5,172.9,862.7,361.7,610.6,167.2,25.4,111.7,301.1,7.9,90.4,1592.7,3099.8,3072.6,1431.0,783.7,66.0,74.4,874.4,1334.1,385.4,628.0,4423.0,5416.9,1869.5,778.8,3777.1,4564.3,2545.2,2003.2,1434.7,2306.8,839.4,2745.4,939.4,1924.5,1472.9,3413.7,6032.8,4789.5,1192.7,459.7
2026-08-08 02:45:00,633.6,171.9,852.1,368.4,611.6,166.9,24.4,111.6,301.1,8.0,94.8,1595.1,2958.2,3094.9,1428.7,784.6,65.9,74.5,874.3,1350.4,384.8,625.2,4415.7,5418.2,1856.7,778.1,3771.0,4419.0,2544.1,2007.0,1433.1,2290.9,836.3,2735.2,941.1,1923.3,1476.1,3385.7,6009.0,4787.3,1181.5,450.8
2026-08-08 03:00:00,614.7,171.6,849.6,375.3,609.3,167.0,28.5,96.6,297.7,12.8,100.3,1571.7,2870.6,2971.8,1388.3,751.4,65.8,66.8,851.6,1325.3,362.0,623.2,4382.2,5469.5,1839.4,851.6,3628.1,4473.3,2517.7,1908.4,1420.2,2274.1,826.8,2708.6,939.8,1904.0,1480.1,3308.4,5987.7,4778.4,1177.0,454.5
2026-08-08 03:15:00,620.5,171.0,848.3,382.9,599.0,167.5,28.1,96.6,284.7,12.8,107.5,1571.5,2870.2,2777.0,1397.1,770.4,65.8,67.2,848.6,1313.7,360.3,620.2,4377.5,5472.7,1832.9,851.4,3624.4,4462.9,2517.8,1915.9,1423.1,2272.0,823.9,2700.4,938.7,1914.4,1481.6,3260.4,5966.0,4776.6,1164.6,448.3
2026-08-08 03:30:00,617.8,170.4,847.6,390.9,596.1,168.7,28.1,96.6,295.9,13.1,102.6,1572.7,3040.0,2638.9,1392.3,776.3,65.8,67.5,845.8,1302.2,358.4,613.9,4381.5,5477.8,1826.4,849.5,3624.0,4457.9,2515.1,1920.5,1417.1,2273.0,820.1,2691.7,939.4,1935.9,1480.6,3217.4,5945.8,4773.9,1162.9,441.6
2026-08-08 03:45:00,616.3,170.0,844.1,396.4,593.0,169.6,28.0,96.6,294.4,13.4,86.6,1572.2,3078.7,2634.1,1362.4,752.8,65.8,67.8,842.7,1293.4,357.9,606.5,4378.5,5480.9,1819.8,845.1,3623.4,4455.2,2514.9,1925.8,1415.0,2274.5,817.7,2685.2,938.7,1966.8,1478.5,3178.3,5925.0,4772.7,1157.2,421.8
2026-08-08 04:00:00,599.4,169.7,843.5,366.8,590.7,80.2,23.6,121.6,286.6,7.7,83.8,1616.6,2991.5,2685.3,1403.7,799.1,64.0,72.1,848.3,1271.0,364.3,599.4,4471.9,5519.3,1814.2,852.0,3622.1,4427.5,2453.6,1899.4,1403.3,2108.8,805.9,2622.2,937.4,2356.6,1475.2,2981.5,5910.6,4779.5,1182.5,427.9
2026-08-08 04:15:00,590.8,169.5,844.3,371.2,592.7,80.8,23.3,121.6,297.6,10.6,80.3,1615.1,3108.9,2674.0,1381.7,798.1,64.0,71.5,837.0,1259.4,358.5,591.1,4472.5,5520.3,1808.7,852.1,3620.5,4437.3,2454.4,1908.0,1402.4,2077.1,804.4,2615.3,934.6,2383.7,1471.5,2956.8,5876.6,4776.1,1180.4,412.0
2026-08-08 04:30:00,587.2,170.3,847.3,374.2,597.0,82.3,23.2,121.6,294.2,6.8,108.1,1614.0,3115.2,2658.5,1365.3,802.5,64.0,70.7,842.5,1252.2,356.7,581.3,4476.3,5520.5,1804.4,852.4,3618.2,4430.9,2454.3,1913.4,1402.4,2082.4,800.0,2606.4,936.0,2398.3,1466.9,2932.6,5850.4,4770.3,1173.3,405.7
2026-08-08 04:45:00,584.2,171.6,847.9,399.0,600.9,85.8,23.1,121.6,296.7,8.9,72.9,1622.4,3122.6,2725.4,1524.4,974.0,64.0,70.0,830.8,1246.0,355.3,571.8,4483.0,5518.2,1799.7,852.3,3615.9,4429.2,2454.2,1918.6,1403.2,2221.5,799.7,2596.8,934.0,2399.0,1462.0,2910.5,5827.2,4769.6,1173.8,400.6
2026-08-08 05:00:00,592.8,174.0,858.9,386.3,608.6,89.6,23.8,98.1,310.8,5.4,79.7,1632.9,3165.0,2616.5,1658.9,1069.0,23.0,62.4,831.2,1260.1,351.0,559.5,4482.4,5593.2,1786.1,836.6,3578.2,4470.5,2404.3,1888.2,1404.0,1909.0,802.2,2608.5,936.4,2382.2,1457.9,2884.1,5803.7,4756.1,1160.9,386.0
2026-08-08 05:15:00,588.1,177.2,858.5,388.4,611.6,91.6,23.4,98.1,313.1,7.6,78.8,1647.5,3175.0,2529.7,1654.5,1069.0,23.5,64.6,831.7,1256.5,348.9,550.0,4492.8,5565.2,1782.5,836.5,3577.1,4499.5,2404.6,1895.1,1404.9,2092.7,801.5,2596.1,933.3,2358.0,1453.0,2853.3,5787.8,4761.6,1161.6,375.9
2026-08-08 05:30:00,581.6,181.7,848.6,416.8,611.4,96.1,22.4,98.1,316.3,7.8,78.5,1652.7,2932.4,2126.9,1592.6,1074.1,24.0,67.2,823.4,1257.7,350.1,545.9,4502.4,5541.4,1784.3,836.8,3576.5,4501.2,2394.1,1889.2,1404.5,2150.2,800.9,2591.2,934.5,2327.1,1452.1,2816.9,5788.9,4756.5,1156.8,364.4
2026-08-08 05:45:00,574.3,187.3,831.2,420.4,617.0,102.3,21.1,98.2,318.1,7.6,83.0,1621.3,2932.0,1648.5,1576.6,1105.7,0.0,69.8,823.8,1259.1,352.5,542.7,4521.0,5520.3,1785.1,836.8,3575.8,4502.7,2395.3,1894.8,1405.2,2226.8,803.0,2587.6,937.6,2365.5,1452.3,2815.5,5792.1,4753.0,1161.8,353.2
2026-08-08 06:00:00,571.0,198.1,809.0,426.3,625.9,110.6,1.8,139.4,311.9,16.9,68.1,1631.1,3006.3,1761.0,1671.5,1135.7,97.0,91.9,830.1,1264.7,355.7,530.3,4443.2,5595.5,1798.6,860.1,3613.9,4501.6,2340.8,1880.8,1415.7,1958.8,818.2,2596.1,945.2,2247.7,1452.3,2868.7,5788.5,4742.0,1163.5,338.6
2026-08-08 06:15:00,564.1,207.9,786.1,431.7,625.4,117.0,1.8,139.6,308.2,15.6,66.0,1628.5,3078.5,1641.4,1670.2,1106.8,122.9,91.7,831.3,1234.5,353.6,524.0,4455.7,5591.8,1804.5,860.0,3624.6,4515.6,2342.4,1883.8,1414.6,2008.2,804.4,2581.8,948.6,2277.8,1451.6,2817.4,5781.2,4748.4,1164.3,337.1
2026-08-08 06:30:00,561.4,220.4,767.9,436.6,623.5,122.1,1.8,140.0,305.7,13.8,65.4,1627.4,3126.6,1625.0,1611.3,1109.4,143.8,91.5,835.2,1241.9,353.3,522.8,4463.4,5584.7,1809.6,854.1,3626.5,4502.8,2344.6,1889.5,1417.8,2118.6,806.2,2582.9,952.1,2249.6,1447.3,2747.6,5775.7,4747.1,1153.8,336.0
2026-08-08 06:45:00,551.6,233.6,744.3,445.9,626.1,127.7,4.8,140.3,299.2,14.2,66.8,1620.9,3153.0,1636.8,1573.5,1127.1,144.6,91.3,872.8,1243.5,357.9,269.5,4472.3,5586.2,1816.6,854.4,3631.7,4089.0,2353.3,1885.8,1421.4,2219.0,797.3,2579.1,953.0,2222.3,1444.9,2676.4,5759.3,4754.1,1153.3,317.3
2026-08-08 07:00:00,582.0,260.0,705.7,456.4,622.8,156.0,20.2,109.5,286.5,10.7,72.5,1662.9,3088.6,1945.0,1538.0,1063.1,86.7,189.3,871.4,1286.6,355.9,531.9,4446.9,5541.0,1858.6,849.3,4042.5,4748.8,2359.7,1896.4,1434.5,2217.1,831.8,2795.8,960.8,2244.7,1424.8,2616.1,5737.1,4751.8,1153.1,359.0
2026-08-08 07:15:00,575.3,275.7,671.7,473.6,625.8,158.1,21.5,109.9,269.5,8.4,73.6,1662.2,3094.1,1964.5,1512.2,698.4,89.5,189.5,873.6,1268.2,353.2,515.1,4462.7,5570.7,1874.1,840.5,4043.9,4225.2,2365.1,1889.9,1437.6,2220.1,827.3,2794.1,963.8,2224.9,1414.1,2557.5,5730.3,4771.9,1152.4,354.5
2026-08-08 07:30:00,566.2,292.1,632.0,488.4,627.7,158.0,21.7,110.4,247.6,13.0,81.3,1662.2,3319.0,1841.2,1479.1,517.9,112.4,164.8,869.5,1288.5,392.1,243.7,4476.8,5602.4,1883.8,837.9,4046.1,3743.0,2369.4,1889.0,1441.4,2232.7,834.4,2795.2,962.6,2201.2,1411.5,2501.4,5732.8,4792.5,1149.0,356.1
2026-08-08 07:45:00,564.6,307.3,606.1,527.0,619.4,169.5,22.1,110.9,221.7,21.0,82.7,1642.1,3303.5,1867.7,1431.3,483.6,140.2,165.0,888.5,1115.4,408.4,245.8,4491.2,5628.4,1902.6,841.9,4110.5,3158.1,2374.2,1879.4,1448.6,2278.5,854.2,2813.2,964.3,2173.9,1411.3,2446.0,5736.3,4816.0,1159.9,360.2
2026-08-08 08:00:00,540.4,296.3,600.8,510.6,616.8,176.5,35.2,86.4,195.2,35.1,104.7,1690.4,3350.0,2413.9,1367.6,630.5,123.8,137.3,912.6,1053.7,369.4,536.5,4517.4,5617.3,1944.5,853.5,3989.2,3632.0,2393.3,1807.5,1473.2,2527.5,871.0,2835.1,954.8,2148.1,1415.4,2390.4,5804.1,4854.6,1199.6,382.2
2026-08-08 08:15:00,538.1,308.7,581.5,555.0,617.0,192.0,35.7,87.1,172.1,49.6,119.3,1663.9,4152.5,2790.8,1326.9,659.1,123.5,138.2,911.2,1052.2,413.2,242.7,4529.4,5622.5,1972.9,856.0,4089.2,3347.0,2398.1,1795.1,1475.5,2555.3,872.6,2847.7,961.7,2115.6,1423.2,2355.2,5832.9,4900.0,1214.4,379.3
2026-08-08 08:30:00,543.9,314.4,562.3,602.8,619.2,211.2,36.0,92.7,155.2,70.9,117.4,1687.6,4341.7,2315.2,1271.0,710.5,148.1,135.7,916.9,1095.2,424.7,245.8,4531.2,5617.7,1992.8,858.9,4115.8,3091.3,2399.9,1790.5,1479.0,2564.3,879.6,2508.9,967.5,2081.2,1431.0,2304.3,5858.3,4949.4,1214.4,395.8
2026-08-08 08:45:00,543.3,331.5,546.2,661.0,628.9,228.5,40.2,89.6,131.6,91.4,134.7,1705.3,4313.1,2348.4,1242.9,753.5,152.8,134.8,936.3,1112.5,433.3,233.8,4546.6,5616.0,2020.4,860.7,4172.8,2999.4,2408.0,1784.3,1481.4,2557.8,883.6,2027.7,973.9,2044.2,1449.6,2280.0,5887.7,4996.7,1227.3,411.8
2026-08-08 09:00:00,550.8,339.5,545.8,726.0,650.8,254.3,69.9,69.7,133.7,142.9,117.1,1781.1,4404.0,2890.3,1271.1,950.2,15.0,213.3,1118.3,1048.1,477.6,270.7,4613.9,5587.8,2118.6,978.2,4367.5,3000.5,2456.7,1704.5,1497.8,2551.0,1006.8,2279.5,979.8,2011.7,1442.0,2290.7,5894.1,5071.4,1235.8,436.9
2026-08-08 09:15:00,550.6,347.9,531.2,776.1,657.1,264.9,71.0,70.2,132.5,187.8,114.5,1801.5,4595.6,2827.2,1215.0,960.2,26.3,202.6,1116.4,1026.0,477.6,253.3,4624.0,5589.0,2146.2,979.0,4467.0,2958.8,2452.6,1692.4,1503.4,2555.0,1010.2,1799.2,983.9,1979.6,1447.7,2285.0,5936.4,5124.8,1238.7,449.0
2026-08-08 09:30:00,546.4,355.4,516.2,826.9,663.0,279.0,71.0,70.8,136.3,232.1,144.3,1796.0,4786.7,2849.3,1232.9,1033.3,74.2,174.2,1140.2,1039.0,500.4,245.7,4626.0,5609.2,2163.8,885.3,4489.0,2790.7,2454.7,1627.4,1500.3,2538.0,1132.7,1608.9,986.0,1951.0,1500.8,2275.4,5957.7,5176.8,1243.6,457.9
2026-08-08 09:45:00,539.5,363.1,503.0,873.9,668.1,288.3,72.7,65.8,146.3,284.7,173.5,1819.6,4799.3,2916.3,1206.8,1071.4,72.1,174.2,1245.7,1032.7,510.8,213.4,4631.6,5623.6,2187.6,886.2,4500.0,2793.5,2459.1,1533.7,1503.5,2536.0,1137.1,1555.0,988.7,1927.5,1509.8,2268.7,5984.5,5229.5,1249.2,449.2
2026-08-08 10:00:00,534.2,378.3,728.3,914.9,672.4,307.1,113.4,73.8,191.0,327.6,249.0,1930.1,5754.1,3297.1,1247.8,1102.8,115.0,282.0,1356.3,1069.3,565.1,202.4,4637.4,5637.5,2237.3,860.6,4396.2,2861.2,2496.3,1484.1,1504.0,2660.9,1161.9,1479.1,989.2,1811.5,1463.1,2074.0,6005.3,5302.2,1241.1,486.5
2026-08-08 10:15:00,530.7,385.9,938.5,955.4,675.1,314.8,112.3,74.2,190.2,376.1,278.4,1951.8,5770.0,3244.9,1175.3,1143.7,119.6,252.8,1390.2,791.8,563.0,111.0,4706.7,5620.0,2250.6,863.6,4403.9,2863.6,2583.5,1484.0,1509.4,2634.2,1163.5,1480.8,990.2,1794.3,1461.6,2067.2,6020.3,5341.5,1240.1,480.4
2026-08-08 10:30:00,542.9,373.9,1144.6,978.5,673.6,325.6,111.8,74.4,188.7,419.1,267.9,1984.9,5826.3,2934.0,1149.4,1187.5,119.2,252.2,1375.8,613.9,577.0,116.9,4727.9,5291.1,2262.0,878.0,4432.3,2864.7,2591.3,1470.3,1505.3,2269.8,1163.9,1445.9,989.3,1743.9,1512.6,1964.3,6019.0,5342.9,1239.0,460.9
2026-08-08 10:45:00,541.3,382.8,922.4,999.9,674.5,340.5,112.3,74.7,181.2,455.8,261.3,2003.2,5828.7,2791.4,1094.8,1094.0,138.8,252.2,1441.0,618.3,569.0,124.5,4727.2,5232.2,2279.2,880.8,4469.2,2858.1,2617.4,1451.8,1505.0,2261.3,1167.5,1435.4,991.1,1729.6,1508.3,1935.8,6024.7,5381.5,1231.9,464.9
2026-08-08 11:00:00,542.7,378.7,898.0,1021.6,672.0,352.5,102.0,82.9,100.0,409.5,214.4,1932.2,6087.6,3015.8,979.2,1150.9,118.4,248.0,1619.7,686.5,534.5,120.1,4724.1,5467.2,2294.6,901.4,4186.1,2038.4,2630.7,1512.8,1513.2,2276.0,1189.3,1507.0,990.8,1122.8,1505.4,2024.2,6009.5,5486.0,1218.7,462.0
2026-08-08 11:15:00,539.6,389.0,888.4,1045.3,669.2,362.0,105.0,83.0,94.0,437.6,225.9,1922.2,6251.6,2964.4,928.6,1176.5,138.3,248.0,1622.6,706.8,543.7,119.4,4725.4,5481.1,2302.8,906.0,4188.6,2039.7,2634.5,1509.3,1514.0,2239.3,1188.7,1482.5,988.7,1111.4,1501.8,2009.9,6014.9,5520.3,1212.9,462.4
2026-08-08 11:30:00,534.0,389.0,881.1,1066.1,666.6,367.9,109.2,83.0,91.9,444.1,227.2,1867.1,6372.3,2997.7,884.6,1226.1,138.2,248.1,1629.4,723.1,539.7,119.8,4722.2,5496.6,2302.7,912.1,4184.7,2042.1,2634.8,1512.5,1511.8,2239.4,1186.2,1483.8,989.8,1102.0,1496.8,2026.5,6013.5,5552.1,1216.0,465.6
2026-08-08 11:45:00,540.5,383.8,873.5,1083.2,663.5,384.9,112.7,83.0,92.8,457.5,239.2,1822.1,6368.8,2743.7,847.8,1252.5,138.1,248.0,1631.7,724.0,539.6,119.7,4716.0,5271.2,2307.0,914.2,4186.6,2045.6,2638.0,1515.6,1514.0,2224.2,1189.5,1484.9,988.7,1094.6,1495.2,2040.3,6007.1,5582.5,1212.1,465.2
2026-08-08 12:00:00,542.3,382.4,868.1,1095.7,658.6,380.9,121.0,91.8,110.6,512.1,233.6,1692.8,6503.5,2717.6,731.2,1264.9,71.1,213.7,1598.4,723.2,589.5,117.1,4743.5,5222.9,2313.4,919.2,4000.2,2207.3,2637.7,1472.7,1687.2,2220.7,1208.1,1524.4,988.3,1047.5,1514.9,1786.8,6012.3,5634.3,1196.5,466.5
2026-08-08 12:15:00,544.1,383.1,866.0,1136.0,656.9,385.8,131.5,91.7,110.3,509.0,235.0,1701.6,6530.1,2686.3,709.3,1065.0,70.9,213.7,1602.8,707.6,602.8,116.1,4750.3,5173.7,2312.8,921.8,3993.0,2199.1,2641.4,1469.8,1685.1,2217.2,1205.4,1524.3,986.9,1030.4,1515.1,1753.6,6033.6,5624.4,1201.7,467.9
2026-08-08 12:30:00,550.1,382.1,865.9,1183.9,657.8,381.2,131.5,91.8,109.8,521.4,263.3,1690.4,6556.2,2614.0,682.1,1070.3,70.7,213.7,1606.0,702.4,604.8,114.5,4828.3,5230.7,2311.9,925.8,4036.9,2199.1,2674.8,1432.7,1685.2,2214.9,1208.4,1526.5,986.6,1027.9,1515.1,1749.4,6007.8,5649.2,1190.2,465.8
2026-08-08 12:45:00,546.8,385.6,864.2,1099.0,663.5,375.7,131.5,91.9,109.0,477.3,279.4,1697.2,6564.7,2591.6,671.2,1095.5,70.5,213.7,1615.4,695.7,601.5,115.1,4840.2,5060.5,2317.4,929.1,4035.2,2198.7,2679.9,1434.9,1689.9,2139.7,1204.0,1528.3,995.1,1025.1,1513.8,1766.6,6001.1,5677.2,1178.1,463.8
2026-08-08 13:00:00,534.8,383.7,910.7,1135.3,672.3,371.0,126.9,97.1,91.2,537.6,340.6,1696.6,6521.2,2505.8,671.0,1081.2,120.4,220.8,1625.0,606.5,608.1,116.3,4899.6,4920.2,2310.4,932.5,3977.8,2365.6,2680.1,1427.7,1683.2,1649.8,1160.5,1531.6,1007.5,991.5,1515.3,1770.5,6147.8,5812.8,1157.8,465.8
2026-08-08 13:15:00,533.8,384.6,911.4,1153.9,673.4,369.4,127.9,97.2,90.4,493.7,338.8,1693.0,6527.6,2465.8,670.5,981.0,113.9,220.8,1625.2,611.6,611.4,122.9,4976.3,4972.6,2308.4,933.0,3975.6,2364.5,2684.3,1426.9,1684.4,1532.8,1160.1,1531.6,1005.9,993.2,1513.6,1776.2,6092.1,5869.4,1143.8,464.8
2026-08-08 13:30:00,533.5,386.7,906.4,1173.9,673.2,371.9,127.4,97.3,90.8,495.5,342.3,1679.2,6520.0,2419.7,673.8,977.7,114.1,220.8,1622.6,605.5,608.9,124.0,4901.4,4887.8,2311.8,934.6,3972.0,2363.6,2681.5,1425.7,1685.0,1487.4,1162.5,1531.5,1005.7,995.3,1514.0,1780.5,6082.8,5864.6,1132.2,466.1
2026-08-08 13:45:00,535.4,390.4,906.1,1158.2,673.0,371.0,127.6,97.4,90.4,481.1,328.4,1680.7,6465.0,2358.0,674.4,999.5,114.2,220.8,1618.2,593.5,605.9,121.4,4918.6,4881.9,2307.1,934.3,3964.9,2362.5,2685.6,1425.2,1686.6,1494.3,1157.2,1531.3,1003.7,998.0,1512.8,1786.7,6108.4,5891.0,1124.0,468.3
2026-08-08 14:00:00,543.4,394.1,901.4,1192.7,662.9,362.2,124.3,152.4,88.0,487.7,309.7,1628.8,6392.9,2236.4,684.3,979.7,46.7,232.1,1475.6,621.9,594.6,135.8,4927.8,4891.7,2303.4,752.5,3908.9,2700.4,2673.3,1425.7,1684.1,1469.9,1155.8,1443.1,999.4,1006.4,1512.5,1794.3,6107.9,5953.4,1104.3,462.3
2026-08-08 14:15:00,547.7,394.0,910.7,1190.0,666.5,354.6,110.4,152.3,88.0,492.5,307.6,1634.5,6389.4,2246.9,684.2,972.4,46.8,232.2,1469.4,620.8,591.8,132.7,4935.7,4882.8,2305.6,754.2,3906.7,2700.1,2679.2,1426.5,1686.7,1482.8,1153.2,1442.9,995.0,1010.1,1512.3,1794.8,6108.6,6005.8,1097.9,466.3
2026-08-08 14:30:00,541.8,392.7,919.5,1182.5,671.3,348.0,110.9,152.2,87.6,484.8,306.5,1631.3,6452.1,2316.0,684.0,960.1,46.9,224.9,1466.9,622.5,590.2,130.6,4876.7,4795.5,2301.3,757.2,3902.1,2699.6,2674.4,1427.0,1681.5,1456.5,1150.4,1442.7,995.8,1012.6,1512.6,1793.5,6107.7,6019.1,1110.0,470.6
2026-08-08 14:45:00,536.8,397.5,927.9,1155.5,679.6,345.8,105.9,152.0,88.0,476.3,272.6,1637.1,6374.1,2239.2,684.0,943.9,47.0,232.3,1466.2,625.9,589.9,130.9,4892.2,4782.3,2310.0,757.8,3904.1,2699.9,2677.0,1427.5,1683.3,1522.7,1152.4,1443.2,995.0,1015.5,1512.3,1793.2,6107.9,6032.7,1095.8,465.6
2026-08-08 15:00:00,541.5,385.9,1144.5,1170.9,674.9,344.4,51.3,142.1,87.9,457.6,195.2,1637.7,6354.0,2089.7,669.4,994.9,147.2,235.3,1444.8,615.4,544.0,123.8,4900.1,4813.2,2326.0,761.7,3919.8,2800.7,2679.0,1445.2,1685.1,1929.6,1201.2,1482.2,996.8,1038.1,1517.1,1881.0,6003.9,5962.2,1085.6,457.7
2026-08-08 15:15:00,540.4,381.0,1162.0,1117.3,679.4,329.1,47.6,142.0,88.3,444.2,186.6,1900.9,6218.1,2120.4,691.2,922.1,147.7,242.5,1429.2,612.3,540.1,121.7,4903.8,4938.9,2329.5,764.8,3919.3,2801.4,2679.8,1447.0,1688.9,2221.5,1202.7,1484.5,983.7,1038.0,1518.6,1884.0,6024.3,5968.7,1097.3,449.3
2026-08-08 15:30:00,546.3,374.9,748.5,1081.1,695.2,312.4,43.9,141.8,87.3,477.6,184.8,1835.3,6160.6,2230.3,724.5,992.4,148.2,242.2,1412.0,607.0,539.7,116.2,4928.3,4781.0,2330.4,769.0,3929.4,2798.7,2677.9,1447.3,1688.7,2127.5,1206.4,1483.9,996.3,1037.9,1520.6,1874.9,6028.8,5966.5,1099.0,443.6
2026-08-08 15:45:00,553.7,367.1,767.5,1051.7,698.8,295.8,39.8,141.5,90.9,480.9,181.6,1901.9,6145.2,2447.6,765.8,972.2,168.8,241.9,1429.3,605.4,539.5,108.8,4934.4,4806.8,2341.2,771.9,3933.8,2797.4,2681.9,1448.8,1687.2,2180.3,1206.1,1484.2,991.6,1037.1,1523.5,1869.7,6051.3,5965.9,1107.8,436.7
2026-08-08 16:00:00,632.5,352.9,545.5,1037.6,691.2,295.3,16.1,160.1,84.5,416.2,180.9,1971.4,6099.5,2234.1,778.5,1145.4,123.6,149.3,1239.7,314.5,514.6,89.5,4989.8,4853.3,2351.5,761.9,3969.9,2814.6,2706.0,1455.6,1666.7,2134.8,1192.0,1442.4,1005.0,1658.3,1529.6,1949.6,6110.8,5963.0,1163.6,424.2
2026-08-08 16:15:00,640.7,345.5,561.7,1161.0,699.8,283.1,8.1,159.6,86.2,393.5,183.5,1995.9,6094.1,2292.2,840.3,1096.7,104.4,146.7,1181.0,553.3,520.4,85.3,4971.7,5061.9,2356.8,762.6,3939.9,2813.4,2703.4,1468.5,1663.5,2397.4,1197.1,1444.9,986.9,1656.2,1535.6,1980.5,6145.2,5948.2,1185.8,410.1
2026-08-08 16:30:00,656.1,332.1,588.9,1092.0,704.6,266.4,4.4,158.8,91.3,382.9,180.8,2000.4,6030.6,2381.2,877.1,1108.5,100.3,143.1,1158.7,771.4,518.2,212.5,4990.3,5389.9,2368.2,780.2,3942.4,2824.9,2690.7,1486.7,1663.4,2574.6,1194.4,1495.9,987.8,1677.0,1543.0,2225.4,6190.3,5973.0,1205.7,394.2
2026-08-08 16:45:00,668.5,322.9,620.3,1032.4,711.5,250.1,4.4,158.2,96.4,415.7,182.8,2032.6,5824.4,2621.2,954.8,1106.0,126.1,139.2,1158.8,879.0,535.4,223.9,4872.0,5364.0,2369.9,780.7,3920.2,2820.6,2664.1,1490.9,1668.9,2770.9,1195.9,1496.9,990.5,1678.6,1504.4,2283.0,6240.7,5970.9,1232.9,421.9
2026-08-08 17:00:00,674.2,324.0,651.6,989.3,729.3,231.0,2.6,147.2,140.0,369.1,235.1,1884.5,5203.5,2226.6,1094.5,1085.2,79.9,242.6,1151.5,783.5,564.1,131.8,5016.0,5373.2,2375.4,758.1,3624.5,2022.7,2541.5,1721.0,1441.4,2772.9,1179.3,1637.7,1008.1,1943.2,1569.0,2529.0,6372.3,5958.9,1279.7,389.3
2026-08-08 17:15:00,677.0,297.6,685.8,890.4,737.5,209.8,2.6,146.6,138.2,328.5,228.4,1863.4,4743.4,2232.3,1172.2,1048.0,79.9,265.4,1055.6,1044.1,564.4,259.3,4916.0,5328.2,2383.5,885.2,3607.4,2086.9,2544.9,1798.8,1441.9,2927.1,1178.1,1707.5,1016.2,1942.0,1541.1,2587.6,6434.9,5921.6,1306.5,382.3
2026-08-08 17:30:00,688.4,301.0,720.7,833.0,740.0,261.9,2.6,145.9,129.0,293.6,219.9,1827.7,4476.6,2356.2,1134.6,1024.9,79.9,209.3,1025.2,1081.7,540.4,278.5,4925.6,5392.8,2383.5,920.6,3609.2,2342.5,2543.3,1810.3,1442.3,2953.5,1177.9,2065.7,1022.7,1951.4,1541.9,2752.2,6511.0,5947.5,1335.9,369.1
2026-08-08 17:45:00,700.4,337.5,759.0,848.3,743.8,227.5,2.6,145.0,129.8,239.4,204.9,1854.5,4460.6,3055.8,1222.9,987.5,79.9,232.3,1035.5,1107.4,546.1,283.8,4960.3,5369.6,2390.7,944.9,3579.0,2461.0,2545.1,1827.2,1441.5,3060.9,1065.2,2440.0,1030.9,1948.5,1554.0,2844.3,6586.6,5913.8,1362.0,346.3
2026-08-08 18:00:00,680.4,266.4,771.3,660.6,750.3,194.6,24.8,134.1,109.5,182.7,264.5,1719.5,4708.7,1944.8,1302.8,998.9,122.2,75.0,1066.5,1197.1,551.5,314.5,5033.9,5417.2,2374.0,945.6,3721.0,2863.0,2483.2,2090.0,1441.4,2979.8,934.3,2542.8,1039.5,2067.1,1263.6,3260.3,6644.1,5880.3,1417.6,334.3
2026-08-08 18:15:00,692.4,283.4,853.2,690.2,753.6,161.4,24.8,133.4,109.9,138.2,236.4,1689.9,3757.7,2197.4,1369.8,1119.9,118.4,74.5,1031.0,1150.2,544.7,298.4,5050.8,5369.6,2373.6,941.1,3707.2,3175.5,2483.3,2113.1,1436.2,3129.5,933.2,2878.4,1045.3,2063.4,1273.2,3405.0,6707.4,5843.2,1440.1,312.7
2026-08-08 18:30:00,703.6,275.3,936.3,887.2,757.3,129.7,24.8,132.9,136.7,113.1,250.6,1679.3,3767.9,2188.5,1370.2,1152.1,119.6,74.0,1036.5,1311.0,552.6,296.1,5064.6,5382.7,2375.5,948.0,3598.9,3468.3,2480.0,2132.0,1436.9,3147.8,941.5,3064.6,1050.9,2060.7,1278.2,3425.6,6763.2,5805.6,1467.9,286.0
2026-08-08 18:45:00,709.2,279.6,995.6,833.4,763.5,126.1,26.0,132.4,166.0,102.0,259.4,1663.8,2268.8,2306.2,1397.9,1113.2,100.7,63.4,1073.0,1316.3,558.8,292.2,5077.8,5475.0,2376.6,946.9,3712.5,3800.2,2479.7,2146.4,1437.0,3142.2,934.5,3061.7,1053.6,2058.1,1277.6,3482.0,6756.0,5796.1,1477.7,263.2
2026-08-08 19:00:00,726.9,246.5,1038.3,838.0,768.5,248.6,6.3,137.9,203.7,44.8,226.0,1611.5,2581.4,2483.9,1497.8,1159.9,188.0,28.7,1078.0,1258.5,593.9,201.6,5053.7,5392.7,2358.5,979.6,3744.7,4596.4,2426.7,2326.0,1436.0,3172.6,937.6,2834.8,1056.3,2049.1,1264.9,3633.3,6869.9,5844.4,1501.6,250.8
2026-08-08 19:15:00,730.8,241.5,1070.3,824.8,748.9,237.8,7.6,137.6,236.4,47.9,214.6,1593.0,2301.3,2945.1,1512.5,1126.4,188.6,28.7,1044.4,1229.8,597.4,192.1,5050.6,5416.3,2358.2,981.8,3753.3,4682.6,2426.7,2338.4,1438.1,3134.9,938.8,2827.6,1057.6,2044.5,1259.4,3682.3,6850.5,5855.1,1509.8,232.7
2026-08-08 19:30:00,708.9,246.4,1102.4,788.9,763.9,231.9,5.5,137.4,271.0,93.6,232.6,1557.2,2263.8,3012.9,1422.6,967.4,189.2,28.6,1049.0,1192.9,603.0,182.7,5036.9,5422.6,2352.2,980.4,3755.6,4682.5,2423.5,2342.9,1446.7,3146.6,937.5,2820.8,1054.9,2043.7,1255.2,3726.7,6866.3,5889.1,1519.9,217.8
2026-08-08 19:45:00,717.7,245.3,1126.1,770.3,762.2,244.6,4.9,137.9,298.0,88.9,216.3,1549.4,2284.3,3576.7,1460.3,951.1,164.8,28.6,1046.2,1241.7,605.6,191.4,5022.0,5364.5,2349.8,981.7,3761.1,4686.9,2416.7,2336.8,1444.5,3133.8,934.7,2816.6,1050.8,2046.5,1249.7,3702.7,6862.0,6002.3,1527.7,205.4
2026-08-08 20:00:00,734.6,234.2,1127.6,748.4,772.5,353.2,17.7,107.7,320.1,55.8,235.7,1492.0,2462.0,3382.1,1580.5,904.8,47.8,27.5,1025.0,1172.2,610.9,184.0,4955.5,5341.8,2339.5,995.4,3861.9,4873.6,2378.1,2301.8,1439.7,3082.7,935.9,2788.4,1024.0,2046.2,1250.1,3686.7,6861.7,5921.1,1542.1,224.3
2026-08-08 20:15:00,737.1,235.2,1136.4,714.4,772.7,356.1,15.2,107.7,335.4,96.3,209.8,1513.9,2467.3,3547.4,1590.9,850.9,47.5,26.9,1027.1,1114.8,608.7,177.7,4928.6,5282.0,2339.0,996.8,3864.8,4876.3,2377.9,2298.7,1434.6,3076.4,934.4,2787.4,1017.1,2050.6,1242.2,3668.3,6846.2,5923.1,1541.5,247.6
2026-08-08 20:30:00,735.1,239.6,1144.9,705.3,776.2,369.1,14.0,108.8,345.7,88.5,196.2,1504.3,2380.6,3484.7,1549.2,767.1,47.3,26.3,1029.2,1082.9,615.2,169.4,4903.8,5253.3,2328.4,998.6,3873.7,4878.6,2375.3,2296.5,1438.4,3079.3,933.5,2781.0,1009.7,2055.6,1242.3,3678.4,6841.7,5922.1,1545.6,250.4
2026-08-08 20:45:00,733.9,244.1,1150.0,695.0,775.0,374.2,17.3,108.8,350.9,85.1,195.8,1500.8,2366.5,3765.2,1507.6,713.7,47.0,25.7,1050.8,1076.3,607.4,157.7,4868.2,5246.6,2331.0,1000.1,3878.5,4885.3,2373.2,2294.9,1433.9,3004.3,929.2,2775.4,1005.4,2061.3,1236.2,3672.7,6845.8,5915.4,1552.3,261.6
2026-08-08 21:00:00,743.4,258.6,1128.7,705.3,764.6,378.2,6.5,143.7,371.3,85.0,203.2,1511.8,2211.7,3547.5,1531.8,708.8,138.0,38.2,1010.0,1101.6,593.7,182.4,4966.0,5236.8,2322.9,1022.7,4363.9,5287.3,2346.8,2260.0,1427.9,3138.0,918.0,2766.4,1002.9,2084.2,1240.1,3603.2,6796.4,5923.8,1556.8,219.5
2026-08-08 21:15:00,733.9,265.6,1121.4,700.4,767.7,359.8,6.5,144.8,370.9,83.8,193.9,1509.6,2188.6,3567.5,1529.2,693.1,118.0,38.1,1006.2,1090.2,590.2,181.9,4984.0,5256.1,2316.9,1022.4,4363.1,5284.3,2345.4,2259.5,1429.3,3072.9,913.1,2756.7,994.7,2093.6,1232.0,3642.7,6781.6,5843.9,1548.0,240.2
2026-08-08 21:30:00,727.6,272.2,1104.7,674.5,757.5,352.3,9.0,143.7,368.4,84.2,200.7,1529.4,2248.4,3804.8,1566.5,706.9,118.0,38.2,1004.1,1060.4,587.8,167.4,4981.2,5294.7,2310.6,1024.7,4361.0,5278.1,2343.0,2259.0,1430.2,2985.6,911.1,2747.7,995.2,2095.0,1226.4,3642.8,6771.0,5841.7,1556.3,230.5
2026-08-08 21:45:00,735.6,255.6,1084.4,682.7,752.5,356.7,14.2,143.7,365.9,34.0,200.0,1508.5,2229.7,3781.9,1584.8,681.4,143.1,28.2,1012.6,1013.9,585.0,165.1,4965.6,5354.7,2304.4,1026.6,4362.8,5274.4,2342.0,2257.7,1428.5,2988.6,919.9,2753.7,991.0,2102.0,1231.0,3529.4,6762.9,5752.8,1542.7,244.3
2026-08-08 22:00:00,704.5,280.0,1040.8,624.3,733.6,209.9,63.8,105.1,346.3,60.9,203.9,1521.0,2154.4,4106.6,1478.9,726.4,114.4,23.4,972.4,1124.9,575.0,182.4,4845.9,5428.9,2312.3,1025.8,4338.9,5204.1,2332.7,2244.8,1418.9,3049.4,905.8,2795.6,989.3,1983.8,1255.9,3373.2,6702.4,5760.5,1511.9,209.0
2026-08-08 22:15:00,705.7,269.5,1025.1,636.5,750.2,212.8,63.7,105.1,346.1,10.9,200.2,1494.4,2175.3,4044.7,1492.2,704.3,139.6,23.6,970.0,1068.1,570.9,152.7,4785.2,5455.7,2292.3,1027.9,4331.6,5170.0,2331.0,2256.8,1421.0,2993.2,906.7,2791.5,984.1,1990.9,1254.1,3234.7,6674.2,5730.0,1494.4,216.3
2026-08-08 22:30:00,716.2,229.2,1009.2,621.0,737.1,215.4,64.1,105.1,342.3,11.2,216.7,1487.7,2151.0,3934.0,1513.6,704.7,119.7,23.8,963.8,1059.4,565.8,156.7,4746.3,5392.3,2277.7,1028.2,4317.0,5143.0,2328.9,2259.4,1416.1,2993.2,910.4,2786.9,982.2,1968.2,1250.1,3207.3,6658.9,5742.5,1488.0,218.2
2026-08-08 22:45:00,707.9,220.9,992.2,602.2,718.6,213.4,62.5,105.1,346.3,1.9,213.7,1478.2,2139.4,3824.0,1507.3,693.6,119.9,14.1,961.8,1043.5,561.3,156.8,4691.6,5394.8,2266.0,1028.0,4307.7,5117.9,2326.1,2260.9,1415.9,2821.2,906.8,2782.9,974.6,1973.0,1246.3,3207.5,6614.6,5712.8,1473.0,219.9
2026-08-08 23:00:00,691.8,277.8,975.6,591.6,705.7,80.3,30.1,149.1,336.5,10.6,198.1,1474.2,2024.7,4154.7,1425.3,612.7,142.8,20.3,931.0,901.4,527.0,172.0,4533.1,5498.7,2207.2,1060.7,4233.6,5013.0,2310.1,2259.6,1400.3,2662.0,897.3,2727.1,971.5,1889.3,1244.7,3081.2,6518.0,5733.5,1438.8,185.3
2026-08-08 23:15:00,682.9,277.1,957.2,576.0,695.0,77.7,30.4,149.1,348.5,1.1,191.1,1474.2,2019.2,3978.6,1404.8,605.8,143.0,20.6,929.1,881.3,520.8,156.6,4480.1,5505.4,2183.0,1060.5,4221.3,4982.8,2306.5,2259.4,1393.9,2570.2,887.5,2707.8,967.1,1904.6,1237.5,3053.7,6535.9,5699.8,1419.7,182.0
2026-08-08 23:30:00,680.3,260.3,938.3,575.9,682.9,79.8,30.8,149.1,337.2,1.1,183.0,1474.2,2293.0,4598.3,1414.1,608.8,123.1,21.1,922.1,888.0,515.3,157.1,4444.9,5490.5,2164.7,1060.7,4216.1,4965.9,2301.6,2253.2,1392.2,2531.6,878.1,2691.5,965.2,1925.6,1228.6,3037.2,6451.0,5703.3,1405.3,183.9
2026-08-08 23:45:00,665.9,243.1,923.8,485.2,674.3,81.3,28.4,149.1,333.8,1.1,176.6,1485.3,2396.6,4339.8,1403.9,613.9,123.3,21.8,936.6,876.5,512.5,171.7,4440.1,5490.3,2139.5,1056.8,4198.5,4570.8,2298.0,2244.6,1390.5,2518.1,874.1,2679.5,964.1,1944.8,1219.8,2981.8,6414.2,5720.8,1384.9,198.8
2026-08-09 00:00:00,630.7,244.3,908.8,283.9,658.6,224.0,46.3,22.5,246.3,6.8,208.9,1484.2,2574.6,4123.2,1223.8,658.9,36.6,70.9,921.8,764.7,491.3,113.5,4341.3,5570.2,2070.6,1046.1,3721.0,4579.5,2322.7,2343.9,1420.5,2785.1,907.7,2831.2,924.2,1141.1,1246.1,2968.0,6209.2,5687.1,1375.8,246.3
2026-08-09 00:15:00,625.1,216.3,893.0,284.5,640.6,224.4,46.0,20.9,250.9,6.8,200.2,1490.1,2975.2,3869.9,1241.1,679.9,36.5,45.5,895.9,761.0,485.1,118.1,4331.5,5544.2,2049.7,1046.1,3705.9,4503.2,2318.2,2334.2,1415.3,2697.1,903.7,2825.1,926.2,1163.4,1253.4,2941.6,6151.3,5680.4,1352.7,249.0
2026-08-09 00:30:00,619.5,226.5,877.7,274.9,633.9,225.0,44.2,20.9,246.6,6.8,169.1,1485.3,3119.4,3633.4,1138.9,564.5,36.5,45.4,897.5,767.8,485.5,128.0,4317.1,5511.9,2033.9,1044.0,3691.1,4199.4,2312.6,2328.7,1412.6,2695.5,897.9,2812.8,922.1,1178.8,1257.0,2947.2,6106.7,5581.8,1341.2,242.5
2026-08-09 00:45:00,613.7,221.3,865.3,271.2,640.3,225.6,45.0,19.8,226.1,6.8,171.1,1497.2,3117.8,3756.0,1094.2,537.5,36.5,45.0,905.7,793.2,491.7,135.9,4302.7,5488.8,2008.4,1043.8,3681.8,3900.7,2307.3,2326.2,1413.1,2700.7,895.3,2797.7,920.0,1194.6,1283.2,2897.8,6058.9,5538.4,1322.3,242.8
2026-08-09 01:00:00,615.2,223.6,859.2,282.4,626.4,225.9,79.4,9.0,281.9,4.5,158.5,1490.5,3034.2,3824.1,1196.4,650.6,32.4,29.7,897.5,736.8,475.0,161.1,4235.9,5505.8,1957.9,1028.7,3668.9,4045.6,2321.6,2186.7,1388.4,2709.2,882.5,2749.1,914.7,1125.2,1311.8,2960.6,6009.1,5595.0,1298.6,244.0
2026-08-09 01:15:00,616.4,224.3,852.3,284.1,621.9,226.6,79.0,9.1,275.8,4.5,133.5,1492.3,3023.9,3588.2,1372.2,855.1,32.4,29.7,869.5,737.2,470.9,168.6,4226.2,5479.6,1937.7,1028.9,3657.9,4063.4,2318.7,2186.3,1389.6,2717.0,880.1,2736.3,912.3,1135.4,1308.6,2966.8,5976.7,5536.5,1284.3,246.5
2026-08-09 01:30:00,616.6,225.0,847.6,268.1,616.1,227.4,78.8,9.0,276.9,4.5,135.2,1493.5,2988.4,3243.2,1450.2,966.1,32.4,54.8,864.7,748.7,467.2,180.0,4219.4,5442.3,1919.0,1029.1,3649.2,3790.1,2315.7,2181.9,1384.8,2726.5,876.6,2724.9,909.7,1145.3,1299.9,2966.1,5937.6,5492.1,1274.7,248.5
2026-08-09 01:45:00,614.4,225.7,842.9,269.0,612.9,227.9,77.1,9.1,278.3,4.5,131.0,1499.3,2985.1,3238.9,1418.5,939.1,32.4,30.0,865.5,774.7,463.6,189.9,4218.3,5400.0,1896.6,1029.0,3638.9,3669.7,2313.3,2181.9,1388.6,2742.0,869.8,2707.9,907.0,1156.4,1290.6,2920.8,5903.0,5481.2,1263.7,248.7
2026-08-09 02:00:00,608.7,226.2,839.2,280.8,620.1,178.1,97.1,13.5,284.3,1.6,130.1,1537.2,2997.7,3308.0,1395.7,916.2,38.1,62.4,865.4,795.0,448.1,206.4,4219.7,5418.5,1858.3,1017.8,3650.7,3681.7,2313.1,2130.1,1369.9,2806.0,858.5,2691.6,904.4,1111.6,1279.9,2928.7,5902.4,5473.1,1256.3,247.8
2026-08-09 02:15:00,607.2,226.6,839.6,260.1,617.9,178.3,96.5,13.5,265.1,1.6,130.1,1552.9,2988.0,3290.4,1381.0,898.5,38.1,62.3,838.7,800.8,447.7,215.8,4213.8,5401.2,1844.6,1018.5,3645.7,3574.9,2312.0,2132.8,1367.9,2838.3,854.3,2676.9,901.6,1123.6,1272.8,2930.8,5880.4,5419.8,1253.8,248.9
2026-08-09 02:30:00,603.3,189.6,841.0,261.1,613.8,178.7,96.2,13.6,284.7,1.6,119.0,1572.6,2982.7,3304.8,1448.0,976.4,38.1,62.1,838.7,813.1,440.5,226.4,4219.6,5350.0,1836.9,1021.6,3643.3,3560.3,2310.3,2133.3,1368.2,2849.8,852.0,2669.5,900.0,1137.1,1267.8,2924.7,5855.7,5407.9,1247.5,249.2
2026-08-09 02:45:00,598.4,183.6,838.7,260.8,609.8,178.7,96.5,13.5,285.5,1.6,117.9,1594.7,2978.6,3398.2,1571.6,1091.2,38.1,36.9,835.9,848.7,437.8,237.0,4217.6,5312.0,1820.6,1018.3,3639.8,3478.9,2308.7,2132.9,1366.7,2857.9,848.5,2660.2,896.8,1152.5,1268.9,2915.0,5833.3,5400.4,1247.1,251.1
2026-08-09 03:00:00,589.8,238.1,840.3,263.8,599.6,178.6,74.0,12.5,284.5,2.1,104.0,1620.3,2903.1,3357.8,1623.0,1130.9,26.7,86.0,817.8,848.5,430.5,280.4,4185.3,5256.8,1798.8,1000.3,3666.4,3524.7,2291.0,2132.1,1354.3,2968.7,839.8,2628.6,895.0,1182.4,1275.7,2898.0,5825.2,5386.8,1252.2,256.9
2026-08-09 03:15:00,586.5,239.5,841.6,262.8,597.0,178.7,73.6,12.5,272.7,2.1,103.1,1601.8,2906.5,3352.7,1615.2,1121.1,26.7,85.9,815.2,870.0,428.6,287.7,4181.7,5215.5,1790.0,1000.2,3665.3,3533.8,2290.4,2136.7,1355.0,2980.5,835.8,2617.8,894.3,1195.1,1278.7,2879.9,5807.8,5370.7,1249.9,255.9
2026-08-09 03:30:00,583.1,231.3,840.3,260.5,594.1,178.8,73.5,12.6,283.6,2.1,95.4,1613.3,2906.5,3319.6,1609.5,1116.7,26.7,85.9,815.2,877.0,428.0,295.5,4176.2,5166.9,1785.1,1004.4,3659.3,3487.5,2288.8,2138.8,1350.2,2974.3,836.2,2612.0,892.5,1204.9,1279.3,2836.0,5787.1,5364.6,1255.2,254.9
2026-08-09 03:45:00,580.3,232.5,837.6,260.3,591.6,178.9,73.7,12.5,280.7,2.1,95.0,1624.9,2907.1,3310.4,1613.6,1114.3,26.7,85.8,812.9,890.5,426.0,303.2,4170.7,5140.3,1777.5,1004.9,3654.6,3413.0,2288.3,2143.4,1348.5,2983.7,835.2,2604.6,893.3,1210.5,1274.8,2796.4,5764.8,5352.2,1249.1,255.1
2026-08-09 04:00:00,573.8,233.9,840.1,258.8,590.2,179.1,72.0,12.6,264.1,5.6,88.3,1651.7,3004.6,3302.6,1628.2,1133.8,23.9,114.3,803.7,930.2,421.9,328.4,4158.1,5141.4,1767.5,1045.5,3591.0,3499.9,2272.6,2168.9,1335.2,2943.7,826.5,2595.4,891.8,1119.1,1267.3,2828.1,5743.5,5322.5,1252.4,266.9
2026-08-09 04:15:00,572.4,235.4,835.3,258.0,587.5,180.6,71.4,12.5,265.9,5.6,88.8,1635.4,3016.0,3251.7,1626.8,1129.3,23.9,114.4,802.9,942.6,418.5,333.6,4155.7,5114.2,1760.2,1046.2,3588.9,3561.3,2271.8,2171.8,1334.7,2948.6,826.2,2590.4,891.0,1119.9,1262.8,2815.5,5717.0,5316.6,1244.9,261.2
2026-08-09 04:30:00,570.1,236.8,830.3,256.1,590.0,184.4,69.7,12.6,262.6,5.6,85.9,1623.8,3026.1,3293.9,1588.0,1126.1,23.9,114.5,802.4,948.1,415.6,337.7,4161.9,5092.3,1757.3,1050.9,3586.5,3533.3,2270.5,2169.2,1334.9,2968.8,824.8,2585.7,894.1,1117.4,1259.0,2804.8,5697.0,5309.2,1237.3,255.6
2026-08-09 04:45:00,568.4,238.7,826.0,256.3,589.3,191.2,70.9,12.6,267.3,5.6,85.8,1599.3,3000.7,3286.6,1592.4,1120.4,23.9,114.6,802.4,957.2,419.8,341.0,4165.7,5079.2,1753.4,1051.6,3585.2,3536.8,2269.6,2169.6,1335.1,2980.6,824.4,2582.7,892.3,1115.6,1256.6,2792.3,5686.8,5307.9,1232.5,251.4
2026-08-09 05:00:00,567.0,241.9,823.9,260.9,592.4,107.7,78.7,14.0,290.6,7.9,88.0,1608.8,3047.6,3274.8,1642.2,1099.5,22.0,182.5,810.5,962.1,418.3,296.6,4175.4,5019.9,1740.7,1037.7,3513.2,3617.8,2270.8,2178.8,1333.0,2969.4,818.6,2666.3,893.3,1106.9,1256.4,2763.1,5667.4,5272.4,1210.1,222.9
2026-08-09 05:15:00,559.7,243.9,813.0,269.1,590.5,111.3,78.7,14.0,293.4,7.9,88.3,1618.4,3045.8,3331.7,1649.6,1090.4,22.0,183.3,813.1,972.9,418.6,299.4,4179.5,4994.4,1732.8,1037.5,3511.3,3585.1,2270.2,2177.3,1335.1,2982.9,818.3,2666.2,895.3,1104.2,1255.8,2760.4,5657.1,5266.7,1205.4,214.8
2026-08-09 05:30:00,558.6,247.1,789.0,284.4,590.7,119.0,77.3,14.0,295.5,7.9,88.6,1596.8,3072.6,3125.7,1592.9,1088.4,22.0,184.2,813.6,985.3,418.8,301.6,4187.2,4973.0,1732.6,1037.6,3511.1,3603.1,2269.5,2176.0,1333.5,2979.4,815.9,2665.5,893.5,1107.5,1257.5,2757.3,5645.3,5250.6,1192.1,205.5
2026-08-09 05:45:00,552.5,250.3,758.6,298.1,596.0,128.9,75.2,14.0,295.7,7.9,92.6,1581.3,3085.8,3221.5,1597.0,1071.8,22.0,186.8,814.5,1004.6,426.9,301.6,4201.5,4942.1,1734.4,1037.3,3510.5,3479.8,2270.0,2170.8,1332.4,2975.8,816.8,2672.0,896.0,1117.7,1259.5,2744.0,5625.7,5246.2,1188.8,199.0
2026-08-09 06:00:00,550.7,260.4,716.5,312.9,589.7,170.0,69.6,23.7,287.6,21.9,83.1,1550.4,3016.7,3480.0,1620.7,1096.5,0.0,222.0,817.1,845.6,421.4,314.5,4252.3,4888.6,1733.0,1043.0,3236.5,3836.0,2284.1,2102.8,1343.0,2947.9,813.8,2543.9,899.3,1149.6,1160.5,2584.1,5606.4,5220.8,1166.0,190.3
2026-08-09 06:15:00,542.1,267.3,686.8,334.6,601.2,161.2,72.2,23.8,281.4,17.3,81.3,1546.5,3069.4,3466.4,1611.6,1078.8,0.0,223.8,817.6,869.1,417.6,315.1,4271.9,4873.5,1733.0,1042.6,3249.0,3543.5,2284.8,2097.7,1339.1,2951.9,815.3,2549.2,900.0,1161.9,1160.7,2542.7,5584.3,5214.4,1155.3,186.4
2026-08-09 06:30:00,537.1,278.2,661.9,390.9,595.3,176.1,72.9,24.0,277.3,15.6,80.5,1552.1,3098.6,3412.4,1554.6,801.2,0.0,206.0,820.2,895.8,416.5,311.7,4291.3,4845.2,1735.1,1042.5,3331.3,3309.8,2286.2,2090.8,1341.8,2955.5,819.5,2560.6,901.8,1170.4,1159.5,2515.9,5561.8,5191.3,1144.3,178.7
2026-08-09 06:45:00,525.5,287.6,633.7,449.5,588.8,192.7,73.3,24.5,264.3,13.7,88.6,1556.4,3126.3,3273.5,1540.7,442.5,0.0,208.1,831.4,909.5,425.9,312.7,4302.6,4814.6,1741.6,1041.3,3353.3,3162.0,2288.9,2078.9,1342.7,2972.8,822.5,2567.8,906.0,1170.2,1161.3,2516.2,5553.4,5183.0,1147.7,169.9
2026-08-09 07:00:00,528.9,341.8,580.6,486.8,581.7,276.4,127.0,24.6,271.4,12.8,91.4,1614.0,3069.7,3551.5,1521.6,305.7,15.0,280.6,854.2,815.2,415.2,371.2,4376.3,4760.6,1784.3,1046.7,3400.9,3435.1,2306.6,2023.4,1356.3,3023.3,830.4,2614.4,907.6,1163.1,1163.1,2602.4,5548.9,5173.6,1162.8,156.2
2026-08-09 07:15:00,522.4,351.7,557.8,536.5,576.3,264.5,133.6,25.3,250.1,13.8,90.9,1617.3,3632.8,4045.7,1489.5,326.3,15.1,281.7,865.3,836.4,411.5,366.2,4398.5,4733.0,1793.4,1046.1,3503.1,3027.8,2309.4,2011.1,1358.5,3064.4,835.6,2619.4,911.6,1158.2,1159.4,2599.4,5556.3,5184.2,1175.2,146.1
2026-08-09 07:30:00,511.1,345.8,528.6,573.2,574.8,275.9,133.6,26.3,226.8,19.1,96.5,1605.9,3657.3,3397.0,1453.8,373.9,15.0,257.3,871.5,865.8,407.0,366.3,4419.7,4716.7,1806.6,1045.8,3514.7,2630.4,2312.6,2005.2,1360.8,3068.8,840.1,2622.5,913.7,1140.5,1165.5,2590.5,5557.9,5197.9,1179.5,147.3
2026-08-09 07:45:00,509.0,365.8,498.1,604.5,573.7,308.5,141.0,27.2,201.3,26.7,95.2,1610.3,3794.4,2976.0,1397.6,400.7,15.0,232.4,873.0,873.4,417.3,369.2,4446.1,4697.0,1822.8,1044.9,3537.2,2406.3,2316.0,1989.9,1365.3,3108.7,842.1,2607.1,911.5,1115.6,1172.6,2582.5,5562.9,5200.2,1194.0,154.3
2026-08-09 08:00:00,490.1,380.1,440.5,617.6,592.5,452.0,97.8,48.4,160.7,41.6,189.3,1670.9,3943.9,3410.5,1349.0,532.8,34.9,241.7,978.0,1078.2,420.2,389.5,4525.9,4744.0,1887.8,1131.5,3934.1,2786.8,2338.8,1923.8,1390.7,3033.8,821.8,2688.2,907.1,1043.3,1183.8,2488.8,5631.5,5249.0,1235.0,160.6
2026-08-09 08:15:00,479.8,416.0,407.2,661.1,600.2,390.4,100.0,45.1,136.5,61.1,184.2,1679.7,4165.8,3203.5,1294.8,607.4,34.9,240.4,977.7,1077.8,420.8,379.8,4535.6,4750.2,1910.3,1132.2,3945.1,2702.5,2342.3,1909.0,1391.3,3018.9,823.7,2478.8,905.2,1042.0,1192.3,2463.1,5658.5,5273.9,1234.1,165.7
2026-08-09 08:30:00,464.6,421.1,377.5,700.8,608.3,399.5,101.9,46.0,117.0,75.9,190.1,1677.6,4179.8,2958.7,1237.2,634.3,34.9,213.5,984.1,1089.2,422.5,363.3,4544.9,4752.9,1940.6,1133.9,3973.0,2585.6,2344.0,1896.1,1393.5,3002.9,946.2,2140.9,905.4,1037.6,1194.9,2410.1,5687.6,5297.4,1227.2,159.9
2026-08-09 08:45:00,463.1,431.1,349.0,735.4,614.1,382.2,115.0,47.0,107.0,107.7,199.5,1685.1,4204.8,2895.1,1206.5,699.4,56.9,208.0,998.9,1099.0,439.5,380.9,4549.5,4771.4,1957.8,1039.2,3996.3,2497.7,2349.0,1777.5,1396.0,2998.3,947.3,1997.6,918.3,1037.3,1206.7,2388.2,5713.7,5343.1,1231.1,167.0
2026-08-09 09:00:00,471.1,491.8,327.6,761.4,631.2,492.6,76.9,104.9,171.4,142.8,287.2,1711.6,4486.0,3142.8,1245.9,790.1,70.3,219.2,1116.2,996.5,447.1,330.4,4593.1,4801.4,2036.4,1038.4,4514.2,2681.2,2377.3,1631.2,1424.3,2974.9,1085.8,1826.6,932.0,1037.1,1183.5,2276.8,5744.2,5433.0,1211.7,201.7
2026-08-09 09:15:00,472.5,469.9,317.5,805.7,636.7,440.7,76.6,96.9,180.3,177.4,309.4,1698.4,4578.7,2814.2,1222.9,863.7,70.2,218.1,1142.2,949.9,465.0,311.5,4638.4,4813.9,2066.7,994.5,4544.7,2665.1,2383.5,1539.2,1429.3,2942.6,1087.1,1405.7,935.6,1033.7,1194.9,2218.9,5764.5,5459.8,1208.0,191.2
2026-08-09 09:30:00,464.5,485.8,309.6,846.3,640.9,461.8,76.4,97.7,184.4,220.6,330.5,1722.4,5229.6,2769.3,1249.8,925.9,70.1,245.4,1177.8,881.9,486.7,163.7,4633.8,4884.8,2080.7,997.4,4559.8,2666.5,2431.6,1494.9,1426.1,2871.3,1091.4,1404.8,936.8,1039.3,1190.0,2232.9,5784.1,5509.8,1206.8,219.3
2026-08-09 09:45:00,464.9,493.7,299.6,881.4,644.2,475.8,92.0,98.4,178.3,266.1,292.6,1738.0,5513.5,2759.0,1185.4,980.9,70.0,236.7,1204.6,511.6,534.2,109.2,4620.8,4746.1,2107.3,982.7,4571.1,2624.7,2520.6,1468.8,1428.7,2555.0,1093.2,1354.2,938.9,890.5,1233.0,1918.7,5818.9,5496.1,1216.2,240.7
2026-08-09 10:00:00,465.3,508.0,508.1,910.4,651.0,490.0,108.8,82.5,200.4,301.0,309.9,1763.1,5884.1,2879.4,1128.3,1032.5,98.6,105.7,1565.5,568.1,568.8,85.8,4695.0,4769.1,2146.5,954.6,4456.5,2684.5,2527.3,1495.7,1440.5,2383.9,1096.2,1392.8,940.8,741.7,1233.9,1806.2,5849.0,5551.3,1196.7,273.4
2026-08-09 10:15:00,461.9,501.8,501.6,916.6,651.5,502.9,109.1,72.9,200.0,347.5,306.9,1773.5,5980.3,2888.1,1058.5,1078.0,78.3,105.5,1548.6,500.8,559.8,89.2,4703.1,4619.0,2169.2,955.9,4470.3,2613.2,2558.7,1469.6,1445.3,2346.4,1099.1,1393.3,955.6,743.4,1241.2,1788.8,5868.7,5585.1,1189.7,291.2
2026-08-09 10:30:00,462.6,511.7,712.8,942.1,654.0,510.2,108.9,73.5,199.6,367.2,303.2,1800.2,6003.9,2586.7,1051.6,1135.0,77.9,106.5,1537.0,518.2,556.6,99.4,4719.3,4698.6,2185.0,957.3,4486.4,2604.3,2561.0,1467.7,1443.5,2186.5,1103.2,1394.1,960.4,744.4,1243.1,1807.0,5873.8,5604.7,1187.6,310.1
2026-08-09 10:45:00,454.1,515.3,707.6,966.6,651.8,517.7,125.9,74.2,198.4,364.5,312.5,1811.1,6042.2,2558.3,1012.5,1174.6,77.5,107.5,1596.2,534.9,554.0,109.1,4713.2,4782.5,2202.6,957.4,4493.6,2604.1,2566.3,1462.1,1443.9,1997.1,1104.4,1394.8,958.3,744.3,1244.8,1833.9,5892.6,5634.4,1187.3,328.1
2026-08-09 11:00:00,460.4,500.0,908.9,988.9,654.0,522.6,95.3,106.5,182.9,435.7,319.9,1821.1,6106.6,2489.0,969.0,1121.7,82.0,110.1,1466.3,620.3,528.2,110.3,4882.1,4858.6,2236.1,969.2,4610.9,2649.1,2598.4,1431.2,1456.5,2112.8,1116.1,1414.1,960.9,750.8,1251.7,1867.5,5960.4,5683.7,1163.6,348.2
2026-08-09 11:15:00,459.1,502.5,902.3,1005.2,653.9,523.4,95.9,101.4,182.1,453.8,344.2,1799.4,6117.9,2393.5,943.5,1219.9,81.3,109.2,1456.1,633.4,534.6,112.5,4874.2,4925.3,2249.4,969.1,4615.9,2645.9,2601.3,1427.6,1459.9,1920.7,1117.6,1414.9,958.5,751.2,1252.4,1900.3,5968.5,5702.5,1161.4,360.1
2026-08-09 11:30:00,455.2,510.4,899.9,1023.0,654.7,522.7,113.7,99.9,182.0,407.5,351.6,1812.0,6346.9,2393.1,898.6,1200.6,80.8,105.7,1449.7,645.1,531.6,119.4,4854.5,4995.3,2252.4,969.6,4626.7,2641.6,2608.4,1427.2,1460.9,1722.7,1115.6,1415.4,961.3,752.4,1251.4,1933.0,5975.1,5717.3,1160.4,373.8
2026-08-09 11:45:00,459.7,506.9,897.4,1036.4,654.0,523.6,112.9,100.2,181.7,499.8,362.3,1811.1,6177.1,2133.2,874.7,1140.1,80.2,104.4,1441.8,649.2,527.0,120.7,4843.2,5066.7,2265.0,969.6,4641.5,2639.7,2611.0,1422.7,1463.0,1604.3,1120.2,1372.8,963.2,755.4,1246.1,1968.7,5976.1,5737.8,1153.6,385.4
2026-08-09 12:00:00,463.8,488.3,912.2,1007.4,659.0,522.6,86.6,109.4,171.3,525.8,341.5,1881.3,6410.3,2085.7,646.0,1152.1,87.3,107.2,1551.6,547.6,560.1,189.0,4854.2,5049.8,2278.4,959.9,4667.9,2690.9,2621.0,1490.2,1639.2,1514.1,1119.9,1416.7,968.4,741.2,1249.1,2029.3,5959.7,5754.6,1138.0,398.8
2026-08-09 12:15:00,465.0,476.5,914.5,923.6,657.9,518.7,87.1,104.7,170.2,547.3,325.4,1878.9,6404.8,2066.3,629.9,1126.2,86.9,105.7,1540.1,549.8,556.8,197.9,4853.2,5044.0,2287.0,960.9,4664.8,2678.4,2608.5,1500.6,1641.0,1511.3,1124.0,1425.0,970.6,756.7,1247.0,2062.8,5971.8,5735.2,1130.7,403.3
2026-08-09 12:30:00,467.7,452.0,911.1,911.6,657.2,448.0,101.1,104.8,170.0,559.8,354.1,1860.5,6422.5,2082.8,619.8,995.0,86.4,104.1,1532.7,550.4,547.5,198.8,4852.7,4991.9,2289.7,961.4,4676.0,2667.4,2604.0,1511.8,1641.6,1513.6,1123.5,1441.0,971.0,773.1,1241.9,2096.1,5974.4,5718.3,1121.8,404.9
2026-08-09 12:45:00,474.5,432.8,911.8,904.1,658.0,371.6,100.3,104.8,169.3,552.5,346.7,1871.0,6579.9,2015.8,621.3,974.6,86.0,103.2,1526.8,553.0,544.9,200.4,4844.4,4955.8,2297.2,974.6,4684.0,2659.4,2596.0,1512.9,1645.4,1514.7,1122.0,1445.6,969.1,784.4,1240.5,2128.1,5968.5,5692.5,1117.1,413.7
2026-08-09 13:00:00,473.7,438.1,950.0,904.1,670.7,388.4,72.1,136.9,135.7,531.7,412.0,1850.6,6443.6,1997.0,622.7,1067.1,39.9,226.0,1534.4,552.0,543.4,190.2,4866.5,5059.4,2297.9,962.1,4732.0,2662.9,2631.1,1493.8,1644.2,1510.4,1125.9,1386.8,965.7,771.5,1240.4,2204.8,6108.7,5875.0,1097.5,425.7
2026-08-09 13:15:00,477.4,424.6,950.9,887.2,671.8,336.2,67.9,136.7,135.3,486.4,408.5,1835.9,6485.2,2009.0,619.3,1094.7,44.3,214.6,1531.4,552.9,540.3,190.8,4866.9,5036.8,2301.5,962.0,4737.3,2669.8,2633.6,1490.5,1643.5,1507.4,1124.5,1390.6,963.2,774.2,1240.3,2237.4,6121.9,5868.2,1092.8,435.7
2026-08-09 13:30:00,478.4,417.8,954.3,871.1,671.8,313.7,70.0,136.6,135.3,486.7,402.0,1721.4,6462.2,2065.7,620.4,1083.9,43.6,214.6,1521.3,552.7,539.0,191.2,4868.4,5049.4,2302.7,962.1,4748.8,2670.3,2633.5,1493.0,1647.8,1506.4,1126.2,1402.8,958.5,774.3,1240.3,2271.3,6148.0,5851.8,1086.9,443.8
2026-08-09 13:45:00,475.4,414.1,959.2,851.2,670.7,302.3,54.0,136.4,135.2,483.2,400.6,1721.3,6458.8,2089.3,621.9,1123.7,37.9,214.6,1511.4,539.2,542.2,190.5,4865.9,5079.2,2309.6,963.0,4755.5,2665.1,2634.7,1490.7,1651.7,1504.6,1123.8,1421.4,957.4,768.7,1242.0,2302.1,6147.5,5830.4,1089.9,452.0
2026-08-09 14:00:00,476.0,420.8,952.3,833.6,663.2,323.6,63.8,157.1,147.2,487.9,313.7,1827.2,6421.8,2089.7,625.8,1195.2,87.3,198.0,1485.6,497.4,540.4,173.5,4890.7,5188.0,2317.3,966.0,4781.3,2753.4,2652.3,1495.3,1650.4,1535.8,1131.1,1385.9,954.6,759.1,1244.1,2368.8,6168.9,5884.2,1064.4,463.7
2026-08-09 14:15:00,487.0,421.1,959.1,808.4,661.4,332.6,65.7,156.8,147.4,481.8,311.0,1836.0,6363.6,2220.4,625.5,1210.5,86.4,198.0,1478.7,496.2,541.9,169.7,4901.3,5239.3,2324.8,965.8,4786.1,2760.0,2653.5,1494.7,1648.2,1535.5,1127.7,1386.1,952.5,747.2,1249.0,2392.9,6198.0,5889.6,1074.8,469.0
2026-08-09 14:30:00,493.3,418.8,965.4,780.0,667.1,342.7,50.4,158.5,147.7,468.0,303.0,1868.8,6361.6,2256.6,624.7,1167.1,85.6,198.0,1482.4,498.4,543.7,164.7,4917.8,5284.9,2320.3,966.1,4790.1,2764.4,2651.5,1496.6,1643.5,1532.1,1128.3,1381.9,952.0,735.4,1247.7,2412.9,6177.7,5877.4,1071.0,472.7
2026-08-09 14:45:00,496.2,419.4,974.3,751.4,682.3,350.0,47.5,162.1,148.1,377.7,295.6,1841.9,6072.3,2311.2,626.8,1137.2,84.8,198.0,1478.3,497.7,542.8,159.0,4921.7,5313.0,2327.4,965.8,4789.7,2770.6,2653.5,1495.6,1645.4,1539.7,1129.4,1386.7,953.8,720.5,1249.8,2458.9,6178.4,5849.0,1065.1,475.2
2026-08-09 15:00:00,506.6,406.4,742.6,715.5,675.2,316.3,63.7,156.8,175.0,436.8,380.9,1943.7,5592.7,2423.4,675.3,1115.6,84.0,209.8,1469.5,368.6,515.3,143.7,4950.9,5363.7,2333.8,969.3,4790.0,2513.9,2666.8,1496.9,1649.4,1631.4,1130.6,1356.7,956.2,717.2,1257.8,2516.5,6053.8,5744.6,1092.5,472.4
2026-08-09 15:15:00,510.0,407.4,752.0,680.6,684.9,340.7,47.9,156.3,174.6,350.9,380.8,1938.4,5542.4,2867.2,700.7,1110.5,83.5,209.7,1477.4,424.3,511.0,135.4,4958.5,5433.3,2345.3,968.8,4756.6,2510.7,2667.2,1494.6,1653.1,1642.1,1127.6,1357.5,957.2,702.4,1262.4,2532.5,6074.7,5734.8,1106.4,483.7
2026-08-09 15:30:00,516.4,412.0,767.8,641.7,693.0,372.3,50.3,157.9,174.8,382.8,379.5,1938.1,5628.4,2694.2,733.3,1064.3,83.1,209.7,1496.7,428.5,512.3,127.7,4882.7,5441.7,2346.1,968.7,4767.7,2500.7,2666.7,1495.9,1652.4,1644.7,1134.5,1363.8,958.3,686.5,1269.2,2540.4,6096.1,5753.0,1116.1,483.3
2026-08-09 15:45:00,526.0,408.0,798.1,643.7,699.1,363.5,49.1,155.0,174.7,381.4,384.0,1959.8,5605.3,2627.7,766.8,1046.5,84.8,208.7,1504.1,432.0,500.3,126.3,4844.2,5511.2,2364.2,969.2,4772.1,2501.8,2667.7,1492.1,1654.7,1653.7,1133.6,1372.4,960.7,676.2,1274.1,2588.7,6133.5,5755.4,1132.2,486.2
2026-08-09 16:00:00,535.5,415.3,579.5,572.5,695.8,338.8,34.1,130.8,196.4,383.6,351.3,1901.6,5753.1,2764.4,952.4,1024.0,75.1,267.3,1394.8,655.9,525.1,108.4,4880.6,5580.4,2379.4,1017.2,4659.2,2561.0,2670.4,1552.8,1487.5,1468.1,1130.5,1517.6,965.9,694.7,1285.8,2562.7,6241.1,5772.4,1158.5,468.5
2026-08-09 16:15:00,554.2,395.7,609.8,604.6,709.9,315.9,16.3,130.1,196.6,378.2,351.5,1919.0,5654.8,2700.5,1014.6,956.2,78.2,267.3,1338.1,680.7,531.8,98.1,4881.3,5686.2,2387.5,1016.6,4663.7,2576.3,2672.8,1549.4,1483.8,1697.9,1131.0,1527.4,965.9,686.7,1297.7,2593.7,6301.1,5754.3,1183.5,473.4
2026-08-09 16:30:00,564.2,401.2,439.3,543.3,721.9,291.3,15.6,129.2,196.7,374.5,366.7,1899.1,5600.0,2983.2,1057.8,1018.1,109.0,267.4,1346.9,726.9,537.2,95.7,4895.2,5924.9,2398.1,1033.9,4624.2,2582.5,2645.4,1586.5,1484.8,2324.8,1133.5,1626.8,952.1,683.2,1312.8,2607.4,6377.6,5739.0,1210.2,467.5
2026-08-09 16:45:00,580.0,379.0,480.9,497.2,731.9,270.0,10.3,140.5,197.1,337.0,358.5,1888.4,4740.4,2943.8,1130.2,1000.2,108.4,267.3,1292.3,1293.8,522.3,390.1,4823.9,6024.9,2407.0,1032.8,4600.1,2578.5,2553.4,1615.9,1491.5,2406.2,1135.0,1719.8,953.7,723.4,1338.5,2932.9,6453.5,5753.4,1231.0,458.7
2026-08-09 17:00:00,614.3,385.0,545.1,421.4,741.1,243.2,26.5,126.1,180.5,318.0,346.7,1795.0,4602.2,2918.5,1132.3,973.4,60.7,214.7,1392.1,1198.8,531.3,416.2,4805.1,6081.2,2406.5,1000.0,4344.9,2370.2,2601.2,1687.5,1518.0,2550.0,1145.3,1862.3,958.4,969.1,1366.9,2924.4,6511.3,5656.7,1310.1,434.8
2026-08-09 17:15:00,636.3,360.2,594.1,341.3,750.3,215.8,11.5,125.2,166.3,282.2,343.6,1779.7,4496.5,3123.1,1133.2,958.0,40.8,239.8,1312.8,1333.8,504.3,440.6,4824.6,6298.5,2421.3,1094.6,4326.9,2544.8,2602.1,1746.2,1517.1,2590.6,1147.0,2208.9,959.4,967.6,1384.0,3058.1,6588.3,5613.5,1322.1,414.7
2026-08-09 17:30:00,649.6,338.7,662.5,281.4,769.5,184.8,5.8,124.4,168.3,248.9,342.3,1753.5,4289.9,3328.9,1165.5,947.2,39.8,220.1,1327.1,1392.5,504.3,450.3,4840.1,6360.4,2421.3,1094.1,4319.0,2572.8,2600.8,1759.8,1520.8,2834.8,910.7,2582.0,959.3,987.2,1355.3,3233.2,6681.5,5606.1,1353.2,414.0
2026-08-09 17:45:00,667.2,357.3,743.2,227.5,757.2,190.9,5.8,133.1,169.5,207.9,337.4,1767.5,3725.4,3245.8,1260.6,910.8,33.7,265.3,1342.2,1438.5,507.6,423.1,4738.7,6391.0,2433.8,1094.3,4324.5,2739.3,2601.6,1768.4,1519.4,2830.2,915.5,3091.5,956.6,977.4,1366.6,3350.6,6756.4,5605.6,1376.1,412.3
2026-08-09 18:00:00,697.1,301.6,825.7,234.9,757.5,376.2,13.6,116.2,131.7,162.7,286.8,1713.4,3817.6,3388.9,1340.2,1025.3,21.8,87.8,1096.0,1581.4,516.1,403.6,4835.4,6428.8,2416.4,1088.6,4203.3,3223.4,2631.9,2061.4,1538.9,2666.5,920.1,3078.1,956.9,1079.6,1307.7,3295.7,6860.2,5509.1,1425.2,396.2
2026-08-09 18:15:00,712.4,272.4,924.1,218.9,759.2,377.4,2.1,115.2,133.3,124.4,304.9,1681.1,3781.8,3469.0,1421.1,1298.0,15.0,94.9,1074.2,1575.9,522.9,390.3,4741.4,6455.7,2421.5,1088.7,4242.4,3929.9,2633.8,2063.0,1535.6,2646.3,898.4,3066.6,953.6,1074.8,1316.6,3391.4,6857.8,5501.3,1448.1,389.6
2026-08-09 18:30:00,739.8,278.7,1003.5,272.1,726.3,446.7,2.0,114.4,153.2,83.6,304.7,1653.6,2936.2,3416.5,1414.9,1384.1,15.0,93.6,1090.4,1728.8,531.0,360.1,4843.8,6583.4,2416.3,1085.2,4250.8,4602.5,2631.5,2072.8,1535.8,2637.9,905.8,3075.1,955.2,1069.2,1321.1,3435.2,6902.7,5517.0,1479.3,365.3
2026-08-09 18:45:00,744.9,260.3,1070.9,257.0,729.2,414.6,2.0,113.6,182.4,53.8,305.2,1625.2,2565.0,3686.3,1438.7,1259.2,15.0,112.5,1128.4,1746.2,536.2,343.0,4846.8,6642.3,2424.5,1084.0,4255.1,4813.0,2631.0,2071.6,1536.3,2666.8,902.2,3081.4,955.2,1076.7,1328.0,3434.3,6937.1,5525.9,1504.1,350.9
2026-08-09 19:00:00,752.0,313.0,1136.9,443.7,763.4,361.6,1.9,103.5,200.6,44.5,197.0,1548.5,3335.8,3222.8,1539.8,1132.5,79.4,22.3,1406.6,1627.7,578.5,283.6,4966.2,6826.7,2416.2,1104.4,4191.7,5095.7,2641.0,2015.9,1539.5,2732.9,905.2,3028.9,956.3,1095.8,1281.3,3442.0,7007.4,5535.7,1531.8,355.5
2026-08-09 19:15:00,745.8,325.9,1164.4,449.2,754.3,355.4,2.0,102.9,237.2,35.7,180.8,1534.4,2657.1,3430.1,1562.0,1003.0,70.2,34.4,1373.6,1605.4,587.5,268.1,4968.5,6847.7,2421.8,1105.0,4195.7,5316.9,2637.4,2013.7,1541.3,2709.6,910.6,3046.0,958.6,1089.7,1283.8,3422.3,7025.7,5532.5,1546.6,347.4
2026-08-09 19:30:00,766.0,250.0,1186.1,471.9,742.3,419.8,3.3,102.7,272.8,27.4,209.4,1515.9,2350.7,3162.1,1528.8,889.1,70.2,35.6,1379.8,1579.6,583.4,252.7,4955.6,6870.2,2417.8,1104.5,4203.4,5534.4,2636.4,2015.2,1546.5,2663.3,911.1,3055.0,957.5,1077.3,1282.6,3410.7,7033.3,5514.5,1551.2,341.7
2026-08-09 19:45:00,765.1,249.1,1207.8,472.7,747.3,411.3,4.4,103.6,296.8,89.3,187.8,1504.0,2302.3,3166.8,1595.8,901.0,70.2,36.9,1385.0,1615.2,580.6,244.7,4940.8,6879.4,2420.5,1103.9,4196.7,5577.1,2636.5,2013.2,1546.6,2638.8,908.5,3057.7,957.0,1068.0,1281.0,3392.5,7043.1,5501.5,1549.5,337.3
2026-08-09 20:00:00,772.2,256.2,1216.2,548.7,754.8,402.3,15.2,75.6,315.0,15.9,274.3,1484.5,2281.6,3475.3,1771.3,822.5,11.3,56.8,1414.3,1540.6,615.1,248.5,4881.1,6885.1,2416.0,1103.9,4171.8,5590.8,2641.3,2029.5,1545.2,2577.3,915.4,3038.0,946.8,1078.1,1282.3,3338.5,7051.2,5557.4,1552.6,360.3
2026-08-09 20:15:00,775.0,259.0,1216.8,558.8,759.1,397.1,16.9,75.7,329.9,47.0,256.8,1476.9,2250.6,3407.3,1802.7,800.0,8.4,56.8,1413.9,1537.1,607.0,237.3,4855.5,6890.3,2422.1,1103.8,4168.8,5591.5,2642.4,2028.9,1542.5,2553.1,912.2,3038.7,945.1,1065.8,1276.3,3329.2,7044.5,5558.8,1547.5,357.3
2026-08-09 20:30:00,788.7,272.7,1214.7,566.5,763.2,391.4,19.7,75.6,336.5,87.1,229.7,1484.3,2248.9,3323.7,1819.4,812.4,7.1,58.6,1416.7,1489.4,602.9,226.5,4834.2,6925.2,2413.4,1103.9,4172.5,5589.9,2640.1,2029.1,1545.3,2545.8,912.7,3034.3,944.4,1062.7,1281.7,3276.6,7035.9,5585.0,1549.7,351.4
2026-08-09 20:45:00,787.2,271.2,1220.6,573.2,762.2,389.6,20.9,75.6,342.0,83.8,215.4,1479.6,2245.7,3000.0,1851.0,803.7,7.7,62.1,1420.5,1484.5,600.6,217.2,4832.9,6960.0,2418.8,1103.6,4178.6,5601.3,2640.2,2026.7,1542.3,2541.3,914.0,3038.6,944.0,1057.5,1303.1,3248.4,7019.9,5537.8,1551.5,358.7
2026-08-09 21:00:00,780.9,266.9,1199.4,556.1,758.4,360.9,8.6,117.8,358.7,78.0,254.7,1478.8,2323.2,2943.5,1906.4,822.9,142.1,76.7,1408.8,1451.4,581.6,225.4,4935.9,6884.3,2414.0,1107.4,4185.9,5422.7,2645.7,2030.5,1541.4,2596.5,911.7,3131.5,942.4,1088.8,1387.2,3473.5,6975.7,5479.4,1568.5,394.2
2026-08-09 21:15:00,779.7,266.7,1178.0,576.3,760.0,342.7,7.5,117.9,358.2,77.1,242.5,1474.1,2251.8,2903.8,1917.3,806.8,141.7,76.6,1402.9,1437.4,576.0,222.5,4843.1,6783.0,2411.8,1107.3,4182.4,5417.3,2645.7,2031.0,1541.1,2574.2,907.4,3126.6,943.8,1085.3,1384.3,3476.8,6947.1,5480.2,1564.4,378.6
2026-08-09 21:30:00,772.9,260.9,1159.9,576.1,761.2,325.0,9.4,117.9,355.2,77.2,254.8,1487.6,2241.2,3046.2,1961.7,802.4,117.6,76.7,1400.3,1379.6,569.4,225.1,4848.2,6792.1,2404.6,1107.5,4193.3,5423.4,2644.0,2030.4,1540.0,2551.5,908.0,3124.3,942.4,1073.3,1383.3,3470.9,6930.1,5453.2,1572.7,377.1
2026-08-09 21:45:00,758.3,273.3,1132.7,565.1,788.6,309.2,9.7,117.9,355.5,77.2,246.3,1489.1,2188.7,2923.4,1968.7,808.9,115.3,76.7,1402.7,1342.5,570.6,229.7,4831.6,6819.9,2405.3,1106.3,4188.2,5416.6,2641.1,2029.9,1540.5,2477.7,903.1,3122.1,944.6,1072.7,1375.9,3475.7,6902.6,5430.4,1560.4,377.6
2026-08-09 22:00:00,747.1,236.1,1079.8,621.0,706.9,90.7,19.3,132.5,351.5,75.7,186.8,1505.7,2114.6,3186.8,1885.1,852.2,7.3,184.9,1339.0,1335.7,538.7,233.8,4649.8,6784.8,2390.5,1106.6,4272.5,5474.7,2644.2,1994.8,1528.8,2494.7,903.0,3109.9,944.2,996.1,1366.1,3347.7,6854.2,5377.4,1543.4,322.9
2026-08-09 22:15:00,734.0,223.0,1054.1,660.9,695.7,71.9,20.6,132.5,346.8,75.7,177.2,1511.8,2110.5,3072.9,1861.5,840.0,8.9,162.9,1331.0,1280.9,517.9,237.5,4599.6,6801.8,2373.6,1105.6,4265.1,5451.8,2642.8,1994.1,1531.8,2351.8,902.6,3109.2,940.3,997.5,1350.0,3317.8,6789.6,5366.9,1522.3,320.6
2026-08-09 22:30:00,717.2,276.9,1022.0,605.5,736.4,65.2,20.6,132.4,346.1,9.5,189.5,1491.6,2108.5,3033.1,1861.5,849.1,6.6,182.0,1325.8,1256.8,512.7,243.1,4796.2,6869.2,2343.5,1104.7,4260.9,5425.6,2637.9,1996.4,1525.6,2298.0,899.4,3094.1,937.3,1000.6,1334.6,3258.9,6721.9,5373.3,1508.0,324.4
2026-08-09 22:45:00,705.9,255.0,990.6,563.0,721.4,71.9,21.8,132.4,351.6,7.6,186.5,1491.8,2103.4,2675.6,1837.2,839.1,6.3,183.0,1320.6,1217.9,508.0,249.3,4750.7,6851.3,2325.6,1104.6,4246.4,5393.7,2635.2,1996.6,1523.4,2144.6,894.9,3087.8,931.7,1004.6,1316.4,3227.5,6637.0,5353.1,1488.4,317.1
2026-08-09 23:00:00,700.3,190.3,959.6,580.4,712.9,79.1,12.7,129.4,364.6,6.0,272.4,1491.6,1909.3,2761.1,1770.3,891.1,37.8,228.2,1020.4,1192.5,486.3,247.4,4601.6,6807.0,2249.3,1076.8,4276.4,5415.7,2615.6,1971.9,1510.9,2027.4,882.8,3046.0,919.7,886.3,1302.9,3195.5,6542.2,5374.4,1491.4,320.2
2026-08-09 23:15:00,699.3,190.3,927.2,543.4,708.0,85.9,13.6,129.6,360.6,6.0,264.7,1498.1,1908.4,2466.4,1714.8,883.4,37.9,228.9,995.5,1164.6,496.9,250.0,4572.6,6809.9,2205.3,1076.6,4262.5,5369.4,2616.0,1974.7,1505.5,1868.8,874.9,3027.1,911.7,889.4,1301.7,3179.4,6456.7,5378.2,1467.9,316.9
2026-08-09 23:30:00,679.4,190.5,889.1,549.8,695.1,93.5,12.2,129.5,354.3,6.0,251.4,1502.2,2550.5,2660.5,1699.1,897.3,38.2,249.5,991.6,1152.4,495.7,250.6,4561.9,6827.5,2181.1,1076.7,4260.6,5338.5,2609.9,1978.6,1505.0,1586.5,864.6,3016.9,907.0,882.0,1317.3,3179.7,6377.5,5385.2,1454.3,316.1
2026-08-09 23:45:00,676.9,196.1,850.6,577.9,685.3,100.5,11.1,129.6,344.4,6.0,251.8,1505.8,2868.5,2666.4,1672.2,902.6,38.4,250.1,993.7,1166.4,498.7,251.9,4539.4,6817.0,2146.5,1074.6,4245.1,4901.6,2608.7,1979.2,1499.5,1428.8,857.4,3004.2,900.8,872.6,1301.5,3142.6,6314.0,5399.4,1432.5,282.2
2026-08-10 00:00:00,645.6,227.6,840.2,546.3,653.0,106.7,34.7,76.1,247.3,9.0,219.9,1508.6,2680.6,2835.0,1248.7,541.1,26.3,130.1,998.6,1175.8,502.6,481.3,4579.2,6652.4,2106.7,1046.8,3852.6,4713.9,2672.0,1787.1,1467.5,1627.2,850.3,3095.2,890.1,846.7,1232.8,3447.6,6278.2,5165.2,1369.5,331.3
2026-08-10 00:15:00,639.9,220.9,816.5,579.4,643.1,110.7,35.4,74.9,239.6,9.0,197.9,1509.5,3156.8,2784.3,1226.0,563.8,26.3,154.8,976.2,1173.1,506.9,461.1,4667.8,6746.5,2089.9,1047.1,3842.6,4596.8,2667.5,1789.8,1464.8,1525.8,845.5,3086.2,884.3,847.9,1224.7,3405.4,6230.3,5146.4,1364.9,335.6
2026-08-10 00:30:00,640.7,202.9,792.7,605.3,637.7,114.6,35.5,75.0,236.7,9.0,189.8,1513.2,3191.7,2771.9,1207.4,568.0,26.3,149.4,992.9,1166.4,517.6,441.7,4664.1,6741.1,2062.9,1045.0,3823.7,4065.3,2661.7,1792.3,1464.8,1447.3,844.9,3074.4,881.9,850.7,1218.6,3308.8,6174.5,5138.0,1364.6,338.5
2026-08-10 00:45:00,636.1,204.6,772.4,629.8,631.7,116.0,37.6,75.0,235.2,9.0,197.4,1533.2,3186.3,2905.7,1208.8,580.0,26.3,149.3,1003.1,1184.5,533.6,429.7,4590.5,6667.3,2040.9,1045.1,3811.5,3627.9,2655.5,1798.3,1466.0,1434.7,840.7,3059.2,878.7,843.4,1214.6,3250.0,6129.3,5128.6,1355.0,301.0
2026-08-10 01:00:00,632.7,193.0,784.1,648.1,636.9,116.0,50.3,65.9,272.0,6.0,145.6,1513.4,3061.1,2854.1,1159.2,631.0,24.8,243.4,993.8,1145.4,525.7,421.0,4589.9,6668.8,1980.3,1028.3,3693.9,3877.5,2633.6,1804.9,1432.7,1423.3,836.9,3033.2,875.0,833.6,1220.8,3227.7,6055.8,5098.7,1330.2,327.4
2026-08-10 01:15:00,633.7,196.3,773.9,658.8,630.1,116.2,49.8,65.9,273.6,6.0,138.5,1514.9,3053.2,2861.5,1146.4,626.8,24.9,243.6,968.3,1143.8,534.1,407.4,4594.1,6667.8,1961.7,1027.4,3679.3,3735.5,2630.8,1808.7,1428.9,1403.4,834.0,3021.6,872.3,831.7,1213.8,3184.2,6014.4,5089.3,1328.0,315.9
2026-08-10 01:30:00,630.8,196.4,767.0,667.0,625.9,116.4,49.0,65.8,277.0,6.0,145.1,1515.2,3055.4,2852.9,1130.5,633.0,24.8,243.9,974.8,1156.6,537.0,394.2,4588.6,6664.9,1941.1,1025.6,3666.5,3693.4,2629.9,1810.0,1428.1,1448.5,832.1,3008.5,870.4,831.5,1209.1,3129.0,5994.7,5076.3,1330.0,305.3
2026-08-10 01:45:00,628.6,202.3,760.7,679.1,623.1,116.6,50.7,65.9,278.6,6.0,131.9,1516.8,3068.7,2817.6,1117.2,639.0,24.9,244.0,981.6,1195.1,542.2,382.3,4579.5,6441.8,1919.8,1024.0,3654.3,3441.3,2626.0,1812.0,1428.2,1659.9,829.6,2987.7,868.1,828.5,1202.7,3091.3,5992.2,5078.3,1317.5,308.6
2026-08-10 02:00:00,614.9,204.0,758.5,690.5,628.8,117.1,46.2,66.4,274.6,6.0,126.5,1530.6,3109.9,2881.5,1104.3,674.9,23.1,235.3,982.3,1183.8,525.0,368.8,4582.3,6656.4,1889.4,1014.1,3647.6,3670.6,2619.5,1793.3,1406.6,1523.4,827.5,2986.9,868.1,822.2,1207.9,3042.7,6123.2,5175.9,1296.2,315.0
2026-08-10 02:15:00,613.6,196.6,756.9,699.0,626.4,117.2,47.3,66.4,251.7,6.0,102.3,1532.2,3118.7,2893.4,1093.0,664.1,23.1,215.8,958.0,1195.6,521.1,360.6,4575.0,6645.2,1880.3,1010.7,3629.4,3535.2,2618.7,1798.1,1406.1,1592.6,826.8,2977.8,865.2,812.5,1205.1,2996.1,6081.1,5134.4,1290.1,308.7
2026-08-10 02:30:00,612.4,190.9,756.4,705.8,623.3,117.3,47.1,66.4,271.4,6.0,104.0,1535.9,3137.0,2888.1,1089.2,667.7,23.1,216.1,961.1,1210.0,517.6,355.0,4571.7,6635.3,1871.1,1006.8,3613.3,3462.5,2617.3,1800.6,1405.6,1707.7,824.0,2966.2,866.9,799.4,1202.5,2938.3,6083.4,5116.8,1285.7,306.5
2026-08-10 02:45:00,609.7,195.7,754.8,714.8,621.9,117.4,46.9,66.4,266.4,6.0,68.0,1541.0,3132.7,2997.4,1092.6,674.5,23.1,236.6,969.8,1248.7,511.4,350.6,4577.5,6630.3,1861.0,1004.3,3602.5,3448.1,2617.5,1801.5,1404.6,1704.7,822.3,2959.3,863.2,785.4,1202.0,2885.7,6041.2,5153.8,1279.4,303.8
2026-08-10 03:00:00,612.6,194.7,755.2,722.0,624.0,117.5,45.9,65.4,296.7,1.0,205.7,1537.6,3103.3,3079.8,1130.2,672.6,22.6,275.2,942.3,1237.4,507.4,351.4,4561.7,6539.9,1839.7,980.9,3720.1,3662.9,2616.9,1804.5,1396.8,1941.1,819.9,2968.6,862.2,777.8,1208.5,2806.7,6088.1,5109.5,1281.1,303.7
2026-08-10 03:15:00,610.0,196.2,757.3,729.0,625.3,117.6,45.3,65.4,290.5,1.0,210.0,1537.7,3102.0,2999.0,1107.6,690.6,22.6,274.6,927.3,1243.7,500.2,351.3,4540.8,6634.8,1834.2,975.9,3708.3,3708.5,2617.0,1804.9,1398.3,1860.6,818.6,2970.7,873.3,775.1,1207.2,2751.7,6044.0,5107.3,1270.3,299.1
2026-08-10 03:30:00,609.6,194.9,759.8,734.2,628.1,117.7,46.0,65.4,294.4,1.0,202.8,1538.8,3102.5,3031.5,1098.7,683.1,22.7,274.1,925.5,1245.2,497.2,354.2,4531.7,6621.5,1830.1,970.8,3695.3,3715.0,2615.9,1802.7,1396.7,1930.2,818.5,2969.2,882.0,773.0,1203.9,2699.6,6029.4,5101.1,1270.2,295.4
2026-08-10 03:45:00,606.8,189.5,763.7,737.2,632.6,118.0,46.2,65.4,292.8,1.0,177.7,1538.6,3105.1,3075.8,1084.6,688.9,22.6,273.5,922.4,1243.7,493.9,357.3,4522.8,6588.7,1829.0,966.9,3685.9,3726.8,2617.1,1803.7,1394.6,2043.6,817.1,2965.1,889.1,771.0,1201.1,2649.3,6017.2,5098.5,1274.0,292.7
2026-08-10 04:00:00,628.4,191.9,757.3,704.1,617.4,118.0,46.2,63.4,289.6,6.0,182.5,1529.1,3153.5,3116.8,1180.4,790.9,22.7,184.6,925.1,1057.3,491.6,358.5,4501.6,6610.9,1827.9,1051.7,3717.0,3870.5,2621.6,1803.7,1387.4,2150.3,815.1,2975.8,897.4,783.7,1204.2,2579.4,5916.2,4978.4,1272.1,276.7
2026-08-10 04:15:00,628.1,196.2,767.7,713.9,618.2,118.7,46.3,63.4,292.8,6.0,179.6,1528.2,3139.2,3150.5,1157.5,798.4,22.7,185.3,916.0,1252.4,489.1,365.0,4496.4,6581.9,1831.4,1046.2,3720.6,3898.8,2623.7,1802.2,1388.2,2237.0,814.9,2978.5,902.0,783.4,1202.7,2539.9,5914.2,4978.7,1270.9,270.8
2026-08-10 04:30:00,631.4,201.2,782.7,714.5,630.7,120.7,46.6,63.4,293.6,6.0,158.7,1527.3,3140.1,3155.5,1099.6,804.8,22.7,185.9,916.7,1253.9,490.7,367.9,4509.1,6565.4,1835.0,1038.8,3724.1,3920.5,2626.8,1802.7,1388.8,2341.5,815.1,2981.0,911.0,783.0,1174.3,2494.6,5913.1,4978.2,1273.9,287.3
2026-08-10 04:45:00,629.1,206.9,805.0,714.8,639.8,125.3,46.9,63.4,298.8,6.0,148.4,1525.8,3135.6,3246.9,1089.3,823.8,22.7,186.5,913.7,1251.3,486.7,371.0,4508.8,6561.1,1837.3,1033.4,3728.5,3989.1,2626.5,1800.7,1390.4,2351.5,815.4,2986.5,914.9,782.3,1176.3,2535.2,5914.5,5003.6,1278.7,299.2
2026-08-10 05:00:00,642.8,218.8,847.0,734.1,654.6,130.6,42.7,66.1,298.4,6.0,97.4,1506.1,3227.2,3328.3,1147.9,943.7,0.0,238.7,900.7,1249.4,485.7,373.0,4546.6,6603.4,1854.9,1011.2,3734.0,3865.8,2629.5,1820.8,1402.3,2433.2,814.8,3013.3,922.6,868.6,1194.2,2704.7,5997.0,5004.0,1321.9,291.3
2026-08-10 05:15:00,645.7,276.8,882.3,797.2,656.9,134.3,42.9,66.1,301.1,6.0,95.9,1504.8,3233.0,3326.8,1136.4,944.6,0.0,239.2,895.5,1255.7,481.2,368.4,4569.7,6592.5,1879.7,1006.6,3746.1,4149.1,2636.1,1863.9,1407.2,2416.7,816.8,3019.4,929.7,872.1,1210.2,2747.3,6042.8,5021.1,1325.0,290.0
2026-08-10 05:30:00,655.9,287.9,895.5,955.6,665.4,141.8,42.8,66.1,307.1,6.0,100.2,1510.3,3243.4,3464.7,1101.5,974.9,0.0,285.0,891.4,1252.5,483.2,368.5,4607.6,6716.4,1907.0,1007.1,3763.2,4282.4,2642.6,1863.8,1407.6,2439.5,819.2,3033.7,935.8,870.5,1217.6,2654.6,6096.2,5018.9,1335.7,282.2
2026-08-10 05:45:00,660.8,300.6,902.1,967.8,682.2,156.2,42.5,66.1,318.9,6.0,98.4,1509.5,2724.7,3703.6,1108.1,980.9,0.1,287.3,899.8,1249.9,490.2,370.6,4629.8,6685.7,1942.2,1001.4,3776.2,4320.9,2648.7,1857.1,1411.8,2523.9,823.1,3057.8,943.6,921.7,1227.6,2788.9,6167.9,5017.9,1359.8,275.6
2026-08-10 06:00:00,681.7,321.0,926.6,1017.7,706.5,271.2,18.9,100.4,328.3,23.8,99.9,1469.3,2913.2,4385.6,1223.7,1006.5,42.4,128.8,960.7,1267.9,538.4,367.7,4730.3,6696.3,2060.8,890.4,3967.5,4765.5,2681.6,1936.2,1461.0,2602.7,840.1,3155.5,969.0,1020.0,1256.5,3159.2,6464.4,5092.2,1424.2,277.0
2026-08-10 06:15:00,688.6,402.2,910.8,1113.7,721.4,302.2,18.7,102.7,335.8,29.3,99.6,1477.4,2733.7,4691.0,1223.2,1013.4,42.4,139.3,972.7,1275.7,547.5,368.0,4753.2,6679.1,2117.9,888.7,3992.7,4832.7,2710.1,1935.3,1466.3,2660.1,848.2,3200.1,981.5,1018.8,1275.6,3137.1,6577.5,5094.6,1473.3,261.8
2026-08-10 06:30:00,691.2,420.6,861.4,1125.8,730.2,349.5,18.4,116.6,345.2,30.0,108.0,1473.8,2021.5,4184.9,1190.0,1006.3,42.4,119.7,984.8,1260.5,556.1,361.0,4771.2,6683.2,2160.3,885.8,4024.4,4853.3,2731.1,1940.1,1464.8,2806.6,856.4,3229.1,993.4,1016.8,1300.7,3130.5,6701.4,5098.4,1501.7,246.2
2026-08-10 06:45:00,684.3,437.4,816.4,1149.7,739.5,392.1,18.5,110.4,353.6,30.0,111.4,1473.6,2067.9,4313.8,1190.7,1028.6,42.4,120.1,998.1,1253.1,564.0,357.6,4802.9,6756.7,2214.8,884.1,4043.5,4962.4,2746.8,1924.4,1468.3,2952.0,864.8,3270.4,1003.3,1013.3,1338.8,3096.7,6814.5,5101.6,1541.0,233.4
2026-08-10 07:00:00,720.4,445.3,776.8,1133.1,739.4,497.2,29.5,121.1,403.5,6.5,453.2,1515.2,2265.6,4146.7,1186.1,946.5,5.0,221.0,1124.9,1256.0,582.7,392.9,4905.9,6805.2,2355.1,826.6,4134.8,5285.9,2790.2,2066.3,1531.8,3004.5,897.2,3301.9,1024.7,1134.3,1383.6,3262.3,7123.2,5148.2,1643.0,216.8
2026-08-10 07:15:00,714.1,472.9,761.3,1172.3,749.9,564.1,29.8,118.2,404.7,6.7,456.6,1522.5,2326.4,4183.8,1179.5,987.1,5.0,201.1,1106.5,1245.2,588.9,382.7,4927.5,6819.7,2401.3,825.1,4145.2,5331.3,2804.3,2049.9,1538.5,3074.5,910.3,3347.7,1035.1,1132.0,1414.0,3240.9,7221.6,5201.5,1677.9,218.0
2026-08-10 07:30:00,701.5,495.6,730.8,1173.1,751.9,606.8,30.2,118.8,403.9,7.0,469.1,1526.9,3021.7,4802.0,1239.4,1039.4,5.0,200.8,1125.2,1247.7,592.0,368.2,4954.7,6814.2,2433.6,728.6,4159.1,5423.1,2815.0,2048.6,1544.7,3115.3,918.3,3414.5,1044.1,1130.1,1436.9,3204.8,7314.5,5241.5,1705.6,219.4
2026-08-10 07:45:00,683.7,520.8,696.3,1172.0,753.8,669.5,25.8,118.9,390.5,8.3,482.6,1536.1,3053.2,3777.8,1335.8,1201.5,5.0,174.8,1141.8,1269.8,594.7,354.5,4979.0,6871.8,2466.8,727.2,4159.1,5452.7,2827.9,2032.8,1552.9,3167.7,927.2,3448.4,1050.8,1127.8,1450.6,3187.2,7390.2,5233.9,1738.6,223.4
2026-08-10 08:00:00,680.9,533.0,668.4,1110.9,757.7,721.6,54.3,26.8,376.5,11.6,206.1,1543.4,3374.6,5008.0,1692.5,1340.5,10.0,177.8,1182.7,1344.9,626.2,375.3,4999.1,6802.8,2527.6,707.0,4332.8,5657.6,2854.3,2074.3,1589.9,3379.0,945.5,3453.2,1044.6,1169.3,1469.8,3315.1,7458.1,5299.7,1784.3,227.6
2026-08-10 08:15:00,666.7,582.9,644.3,1152.4,760.0,757.5,55.6,12.5,356.8,15.9,218.4,1548.1,3390.0,4191.9,1765.3,1477.8,10.0,174.0,1186.2,1344.7,624.8,356.8,5006.7,6773.5,2551.4,708.1,4327.7,5670.7,2863.8,2061.9,1589.7,3355.5,950.3,3478.5,1047.6,1166.0,1481.1,3273.2,7494.3,5318.4,1805.5,242.5
2026-08-10 08:30:00,650.3,606.5,611.5,1184.1,763.0,789.5,57.3,13.5,334.3,22.3,236.0,1564.7,3630.2,4138.6,1784.9,1613.5,10.0,169.7,1186.9,1361.6,626.5,344.0,5006.1,6776.2,2560.4,712.2,4324.4,5638.6,2864.8,2058.1,1593.1,3335.4,950.7,3483.5,1051.7,1162.7,1487.1,3241.9,7546.5,5314.6,1815.2,257.2
2026-08-10 08:45:00,632.6,639.7,580.6,1195.9,763.8,811.7,66.9,14.2,305.5,28.5,242.8,1577.6,4179.5,4035.9,1723.2,1660.0,10.0,140.0,1191.3,1388.8,627.3,333.0,5005.4,6730.2,2577.7,709.2,4331.6,4998.2,2873.7,2051.6,1598.3,3321.3,957.9,3496.3,1067.4,1159.3,1488.9,3197.5,7593.7,5341.1,1837.0,273.2
2026-08-10 09:00:00,621.9,666.7,555.5,1191.6,773.3,852.2,117.0,30.5,317.4,50.8,402.2,1506.4,3633.1,4520.2,1689.4,1683.7,108.7,232.4,1426.3,1490.4,625.9,319.9,5038.9,6572.2,2623.4,843.5,4436.6,5041.2,2702.6,2021.8,1609.4,3382.7,962.6,3437.3,1073.4,1085.9,1485.6,2945.0,7543.4,5306.6,1820.4,293.0
2026-08-10 09:15:00,617.5,687.6,533.6,1217.6,777.8,834.7,117.9,23.6,289.5,66.9,390.8,1524.4,4162.6,4519.3,1613.9,1727.4,108.7,207.9,1419.0,1505.4,627.0,312.3,5032.7,6574.3,2629.3,846.0,4379.3,4323.8,2697.7,2010.8,1615.4,3376.8,959.2,3428.5,1075.9,1082.6,1481.3,2912.0,7534.1,5338.6,1824.9,307.8
2026-08-10 09:30:00,607.5,712.2,521.6,1230.8,778.0,794.8,118.9,24.2,264.1,77.6,384.8,1530.1,4248.3,3822.9,1605.0,1502.3,108.7,196.1,1426.5,1346.1,630.7,288.0,5029.8,6482.6,2636.8,849.3,4418.7,3699.7,2697.7,2015.0,1611.6,3340.5,1198.0,3657.0,1073.6,1078.5,1475.7,2863.2,7528.4,5322.1,1825.2,321.8
2026-08-10 09:45:00,603.1,738.9,504.8,1222.3,776.3,795.2,133.2,24.9,236.1,104.2,383.4,1548.3,4983.1,3648.1,1555.0,1171.6,108.7,165.7,1453.1,1397.4,628.9,286.3,5036.4,6457.6,2641.1,850.9,4607.3,3306.0,2705.9,2008.8,1613.2,3352.9,1213.0,3619.5,1071.5,1077.2,1477.3,2820.9,7518.6,5364.1,1830.8,336.7
2026-08-10 10:00:00,610.5,767.1,495.0,1240.6,789.5,756.5,105.2,26.9,306.3,151.9,463.9,1617.8,5059.6,4682.1,1478.5,1065.2,122.0,172.3,1598.0,1409.2,642.8,284.1,5080.8,6591.0,2662.6,966.1,4643.2,3333.6,2713.6,1850.6,1622.5,3272.9,1216.1,3523.0,1061.7,1031.6,1467.4,2652.3,7493.9,5309.7,1824.5,320.5
2026-08-10 10:15:00,604.0,743.0,484.5,1229.2,789.8,752.4,106.0,15.4,279.1,166.1,447.1,1632.9,5137.1,4300.2,1425.6,1085.5,122.0,171.1,1586.2,1423.7,639.9,279.8,5093.4,6538.5,2662.7,894.4,4657.0,3262.4,2717.5,1844.9,1626.3,3286.2,1215.1,3396.6,1055.7,1031.8,1469.9,2608.4,7461.5,5346.0,1825.4,327.9
2026-08-10 10:30:00,598.5,747.5,472.6,1241.3,790.5,757.2,108.4,15.8,255.2,183.6,452.4,1663.6,5998.3,4106.4,1423.3,1138.2,122.0,169.7,1571.5,1490.9,637.3,280.0,5101.8,6535.8,2657.0,898.5,4658.4,3232.1,2774.2,1842.5,1624.4,3253.6,1213.1,3309.8,1050.7,1032.7,1469.0,2585.2,7428.0,5390.9,1822.7,337.6
2026-08-10 10:45:00,595.9,765.0,464.9,1247.1,789.7,765.6,120.8,16.0,248.1,214.0,448.5,1678.1,6044.1,4208.9,1387.8,1138.4,135.5,136.7,1614.8,1554.3,636.1,279.6,5107.6,6548.3,2657.5,902.0,4755.0,3200.9,2899.6,1840.2,1622.9,3189.1,1208.0,2972.0,1050.8,1032.8,1470.0,2565.6,7402.9,5434.0,1823.0,346.2
2026-08-10 11:00:00,588.0,839.5,522.2,1251.2,783.6,690.9,91.1,12.2,155.4,285.6,400.0,1725.1,6229.4,4557.1,1391.8,1079.4,58.8,174.0,1602.9,1640.5,640.6,301.0,5180.9,6538.6,2681.6,915.8,4819.3,3144.7,2888.1,1707.8,1625.0,3115.2,1192.8,3158.9,1032.4,1026.7,1460.8,2510.8,7354.9,5524.2,1842.4,357.9
2026-08-10 11:15:00,594.8,765.3,523.0,1253.5,785.2,696.2,101.2,12.5,154.7,316.2,405.5,1735.9,6295.2,4561.5,1376.0,1092.5,58.8,172.3,1592.1,1708.0,633.9,309.6,5184.5,6523.4,2685.6,919.6,4827.4,3121.7,2890.9,1659.2,1626.8,3103.8,1190.2,2687.4,1028.8,1025.6,1459.8,2504.4,7328.0,5578.7,1836.5,365.5
2026-08-10 11:30:00,595.8,773.8,527.3,1255.5,788.2,706.5,95.8,12.7,154.3,339.4,419.2,1752.2,6310.9,4632.2,1350.8,1106.7,58.8,145.6,1578.9,1774.5,628.8,321.3,5185.5,6512.4,2684.9,921.7,4821.9,3092.1,2886.9,1621.9,1625.3,3089.4,1193.0,2477.4,1027.4,1024.1,1451.1,2500.1,7282.9,5628.2,1816.3,373.1
2026-08-10 11:45:00,596.2,784.2,528.3,1235.3,798.2,714.5,90.9,12.8,153.4,362.8,424.9,1755.4,6371.0,4473.7,1326.0,1089.4,59.1,141.1,1564.5,1835.3,629.7,328.0,5184.5,6476.0,2689.5,917.2,4843.3,3096.2,2890.6,1582.9,1626.1,3084.2,1191.9,2376.2,1023.1,1022.8,1431.9,2491.9,7260.8,5659.2,1805.4,383.6
2026-08-10 12:00:00,623.2,794.3,517.7,1207.0,801.0,713.0,64.8,68.9,153.9,422.2,388.2,1783.3,6169.9,4823.0,1445.5,1213.0,18.0,133.5,1569.3,1813.2,623.0,328.9,5233.3,6313.9,2692.5,944.3,4894.5,3147.8,2882.6,1481.9,1617.6,3083.8,1191.8,2407.0,1021.0,1019.6,1407.9,2504.9,7236.1,5732.3,1781.0,397.3
2026-08-10 12:15:00,627.8,816.6,530.8,1171.5,806.6,705.0,63.3,69.0,153.5,443.5,367.8,1794.0,6237.9,4736.0,1427.2,1197.9,18.0,131.5,1566.7,1874.8,616.3,331.7,5237.1,6277.7,2693.3,946.2,4884.9,3155.9,2891.6,1458.8,1616.7,3086.4,1195.4,2128.5,1020.5,1018.5,1385.9,2508.7,7210.1,5770.9,1762.1,409.2
2026-08-10 12:30:00,611.6,771.3,536.7,1138.5,808.9,684.8,60.5,69.1,153.9,450.0,398.8,1808.4,6265.3,4719.9,1397.5,1159.2,18.0,164.2,1587.5,1930.1,608.4,339.0,5240.9,6214.7,2696.3,948.7,4886.7,3165.9,2888.2,1455.1,1616.9,3118.8,1195.4,2045.0,1017.7,1017.7,1363.5,2501.7,7182.5,5807.5,1736.9,419.3
2026-08-10 12:45:00,620.2,799.9,547.2,1100.2,813.8,665.1,57.7,69.1,153.4,443.2,388.3,1805.5,6322.4,4731.0,1388.7,1141.5,18.0,129.9,1586.7,1974.8,594.0,335.9,5241.2,6160.2,2695.9,950.7,4885.2,3172.6,2893.2,1458.8,1624.2,3148.9,1191.7,2037.4,1014.3,1016.4,1354.3,2508.9,7154.7,5846.2,1725.0,431.3
2026-08-10 13:00:00,628.2,754.1,539.7,1032.1,810.6,629.4,11.4,108.0,151.1,428.1,363.9,1843.2,6468.5,4891.1,1415.5,1107.7,61.9,154.5,1714.7,2077.1,690.0,320.2,5257.2,6081.5,2689.2,948.0,4829.8,3171.7,2872.8,1475.0,1617.2,3321.5,1189.3,2068.1,1007.8,1002.1,1368.5,2468.7,7217.8,6048.0,1707.5,436.8
2026-08-10 13:15:00,628.6,775.3,561.1,984.5,809.4,606.5,14.8,103.3,150.7,402.6,378.5,1845.9,6437.7,4960.5,1417.4,1114.1,61.9,163.8,1723.9,2103.8,707.8,327.4,5265.4,6030.8,2693.5,949.1,4835.0,3178.1,2874.5,1477.3,1619.6,3324.6,1186.6,2065.7,1003.3,1002.1,1366.8,2475.9,7188.6,6072.7,1684.5,458.3
2026-08-10 13:30:00,641.0,786.5,581.0,922.2,804.0,579.4,12.8,102.8,150.7,397.0,375.7,1842.2,6442.0,5073.2,1410.5,1065.8,61.9,122.9,1722.3,2116.0,707.7,337.3,5272.6,5977.9,2694.1,950.0,4831.8,3186.6,2874.6,1472.8,1618.8,3331.4,1188.6,2055.3,995.0,1004.0,1367.7,2485.0,7181.8,6097.0,1672.8,477.8
2026-08-10 13:45:00,642.6,811.4,603.8,857.1,803.9,558.0,13.8,102.5,150.7,396.7,374.1,1847.2,6388.8,5168.6,1406.4,1073.5,61.9,123.9,1733.8,2111.0,705.1,334.5,5282.2,5921.5,2691.8,952.2,4824.1,3195.0,2879.3,1475.4,1623.6,3340.1,1185.5,2029.6,986.9,1006.2,1367.4,2499.7,7158.4,6121.0,1658.3,500.0
2026-08-10 14:00:00,651.7,713.0,587.0,830.3,794.6,539.5,54.8,72.5,154.3,392.9,416.9,1878.6,6398.9,5187.4,1451.8,1080.4,57.9,125.0,1707.4,2194.7,683.3,351.7,5320.1,5927.0,2697.2,977.9,4878.6,3213.0,2864.0,1483.6,1618.8,3317.8,1187.2,2008.2,971.8,984.8,1346.9,2542.0,7133.1,6173.9,1631.7,549.5
2026-08-10 14:15:00,666.3,708.1,619.3,785.2,800.3,523.4,42.2,72.1,153.9,391.9,412.4,1876.0,6340.3,5228.5,1447.4,1094.2,57.9,160.7,1701.5,2235.6,677.7,351.4,5327.1,5877.9,2695.5,979.0,4875.6,3221.9,2864.6,1487.2,1624.5,3334.6,1183.9,1998.4,971.4,998.4,1351.2,2569.2,7133.8,6185.6,1621.0,571.9
2026-08-10 14:30:00,669.8,718.0,647.7,738.2,813.3,514.2,39.1,71.4,153.7,387.3,412.9,1870.4,6337.8,5260.2,1446.9,1100.0,57.9,161.5,1695.7,2290.9,667.2,353.5,5331.5,5828.1,2690.8,980.1,4872.7,3229.9,2863.0,1491.3,1618.9,3339.2,1184.2,1981.0,972.9,1010.8,1348.8,2603.4,7119.4,6194.8,1603.5,596.8
2026-08-10 14:45:00,679.8,723.4,673.2,701.7,827.7,505.8,36.6,70.9,154.0,404.6,412.9,1868.6,6274.4,5274.5,1433.7,1100.2,57.9,187.2,1690.9,2305.6,661.6,365.6,5341.4,5783.1,2696.3,980.4,4877.9,3239.0,2868.8,1496.5,1621.4,3355.9,1186.7,1992.5,975.7,1020.6,1339.9,2642.4,7102.5,6204.7,1586.0,621.5
2026-08-10 15:00:00,683.5,701.0,688.4,672.2,834.1,495.6,30.7,78.3,150.9,366.1,412.8,1806.6,6383.4,5212.1,1374.5,1085.5,93.5,148.4,1587.4,2373.2,521.2,375.3,5336.7,5788.5,2691.7,1003.7,4921.7,3244.2,2851.8,1494.7,1621.5,3377.1,1184.9,1868.2,978.0,1066.6,1338.1,2713.0,6979.6,6123.3,1579.0,663.5
2026-08-10 15:15:00,694.7,691.0,712.6,645.5,840.0,471.8,27.5,78.0,150.1,376.5,387.7,1814.3,6310.7,5341.9,1374.7,1113.7,93.5,177.5,1568.6,2501.4,508.5,392.6,5347.2,5740.0,2690.3,1005.0,4916.9,3251.2,2850.9,1501.5,1624.8,3385.0,1186.9,1852.0,979.1,1081.1,1332.3,2733.1,6968.8,6122.9,1568.9,693.4
2026-08-10 15:30:00,711.9,672.3,731.1,662.2,840.7,435.1,27.4,77.8,149.9,363.7,389.7,1811.7,6290.9,5532.2,1402.2,1170.7,93.5,161.3,1565.7,2560.2,477.7,400.3,5362.8,5740.4,2696.2,1005.2,4924.5,3257.2,2849.2,1507.9,1624.9,3416.9,1189.4,1875.7,979.9,1097.5,1333.8,2747.5,6967.1,6124.5,1558.3,714.7
2026-08-10 15:45:00,720.3,654.3,761.9,639.4,836.4,441.6,21.9,89.1,149.7,350.3,395.3,1817.9,6233.3,5569.8,1426.0,1153.4,93.5,170.5,1552.5,2588.6,481.1,400.5,5379.1,5730.5,2701.1,1005.7,4925.3,3263.2,2853.7,1514.3,1623.1,3434.4,1189.9,1850.0,981.7,1118.5,1340.9,2761.8,6975.3,6162.3,1562.4,737.6
2026-08-10 16:00:00,727.2,619.5,783.7,562.9,844.1,341.5,67.2,67.8,116.5,314.2,423.2,1721.2,6218.5,5492.5,1434.6,1123.3,224.5,62.9,1488.8,2713.5,456.8,422.5,5314.7,5689.1,2710.3,988.8,4933.1,3153.9,2822.3,1526.2,1590.5,3297.4,1187.3,1858.5,978.2,1173.8,1352.2,2978.5,6968.4,6146.7,1559.1,782.6
2026-08-10 16:15:00,748.2,617.8,824.8,564.7,847.1,306.1,52.7,67.3,116.5,318.6,413.0,1729.2,6162.1,5510.5,1463.1,1148.5,224.5,58.0,1444.4,2746.0,433.7,460.8,5314.9,5736.1,2717.1,986.7,4941.6,3163.2,2823.7,1532.4,1588.7,3282.2,1191.0,1918.1,979.1,1201.9,1360.9,3021.9,6991.4,6125.3,1560.3,795.6
2026-08-10 16:30:00,765.4,606.3,868.6,515.8,852.8,307.8,53.2,66.7,116.5,299.3,408.5,1726.7,6151.8,5739.4,1484.8,1136.5,224.5,106.3,1450.0,2769.9,436.3,479.5,5310.1,5750.1,2721.5,984.7,4943.4,3173.6,2811.4,1573.0,1589.6,3264.8,1185.9,2168.3,979.6,1237.7,1367.6,3038.6,7045.5,6156.4,1576.4,810.9
2026-08-10 16:45:00,773.4,593.9,912.6,479.3,856.2,290.8,52.8,76.7,117.0,280.0,407.3,1722.8,6095.3,5902.1,1556.9,1128.3,224.5,105.0,1459.9,2813.1,436.5,492.4,5323.0,5835.4,2718.3,982.8,4918.1,3189.3,2809.5,1657.8,1596.5,3255.0,1187.2,2445.2,982.3,1278.0,1371.1,3070.4,7067.6,6129.1,1593.9,817.3
2026-08-10 17:00:00,781.8,574.7,952.8,483.0,836.5,317.0,69.1,56.4,149.1,244.7,381.6,1682.4,6181.0,5736.6,1551.5,1022.8,235.8,96.1,1563.1,2966.6,451.3,516.3,5301.2,5647.6,2693.9,890.6,4548.8,3295.8,2770.4,1690.1,1581.7,3321.5,1199.5,2351.9,985.0,1388.5,1377.8,3413.1,7170.3,6086.1,1653.8,843.1
2026-08-10 17:15:00,806.7,560.5,1002.2,566.6,824.4,301.8,51.9,55.7,149.3,219.3,383.4,1687.0,6129.8,5697.3,1615.8,1059.7,235.8,66.5,1497.8,2982.3,448.5,527.3,5318.6,5729.3,2690.9,906.3,4526.7,3308.2,2771.2,1760.7,1579.9,3342.3,1198.7,2484.5,985.9,1424.4,1373.5,3433.9,7229.5,6097.9,1656.1,847.6
2026-08-10 17:30:00,810.4,542.4,1059.4,684.8,831.3,256.6,55.7,55.0,150.9,180.9,393.3,1645.1,5670.7,5757.9,1665.4,979.6,235.8,83.7,1521.4,2958.0,455.1,541.8,5337.2,5771.4,2683.4,904.3,4525.3,3304.8,2763.6,1769.1,1578.5,3324.0,1192.5,2611.2,984.9,1451.7,1381.2,3451.6,7237.3,6047.1,1677.5,849.8
2026-08-10 17:45:00,799.5,541.0,1110.3,730.7,812.7,242.8,57.0,55.4,153.0,139.6,406.9,1634.4,5141.1,6344.8,1734.1,950.7,235.8,106.9,1528.4,3033.4,461.1,548.2,5346.3,5832.0,2686.4,902.1,4534.0,3305.2,2765.3,1774.2,1579.1,3306.8,1196.0,2650.0,986.2,1467.4,1386.7,3483.2,7299.8,6001.4,1683.9,849.8
2026-08-10 18:00:00,799.6,492.2,1153.1,537.7,810.8,481.3,75.8,113.0,142.8,108.4,369.4,1559.5,5351.3,5697.9,1769.9,1062.4,91.5,106.2,1602.0,3065.0,443.2,618.1,5355.9,5789.5,2653.8,819.5,4534.6,2978.0,2806.1,1961.3,1581.8,3303.7,920.4,3035.6,979.4,1585.5,1392.1,3777.3,7366.8,5935.0,1683.3,880.3
2026-08-10 18:15:00,810.4,490.6,1196.8,434.2,853.3,435.9,77.4,112.4,171.2,82.4,382.6,1523.7,5049.0,5946.9,1837.8,1343.7,91.5,132.5,1579.1,3107.4,443.8,641.8,5368.1,5923.3,2646.8,815.0,4521.3,3050.5,2815.8,1976.6,1576.4,3273.9,899.4,3188.7,978.7,1589.1,1396.6,3825.8,7366.9,5947.3,1692.8,870.3
2026-08-10 18:30:00,813.0,487.9,1239.6,468.8,838.5,430.4,78.7,113.0,201.1,62.1,413.9,1506.0,4488.6,5383.4,1885.3,1520.2,91.5,116.9,1592.3,3112.1,447.8,640.3,5385.3,5990.2,2649.0,811.0,4527.9,3418.6,2810.0,1985.9,1573.4,3270.8,905.3,3205.9,979.5,1585.5,1393.3,3852.5,7406.6,5891.8,1703.6,859.9
2026-08-10 18:45:00,816.9,456.2,1280.7,731.1,826.3,437.9,79.8,127.8,230.6,46.4,418.2,1491.6,3253.1,5916.2,1930.9,1454.8,91.5,110.1,1634.2,3171.2,459.7,683.2,5397.5,5937.0,2650.0,810.7,4475.0,3512.4,2810.1,1991.3,1573.5,3274.4,906.1,3214.0,980.3,1572.5,1389.8,3859.3,7440.2,5831.4,1708.8,852.0
2026-08-10 19:00:00,828.1,435.7,1305.9,685.9,848.2,483.2,74.9,152.3,229.3,49.6,630.9,1453.6,4177.3,5640.7,2014.0,1508.8,96.0,90.5,1674.9,3002.4,486.0,704.2,5376.9,5719.7,2642.0,796.9,4427.8,3597.1,2779.2,2161.7,1576.9,3472.2,914.1,3130.3,981.0,1688.7,1327.8,3870.4,7513.9,5775.3,1708.4,843.0
2026-08-10 19:15:00,828.7,429.5,1314.5,629.7,874.5,476.4,76.3,153.0,264.2,42.5,617.6,1438.4,3324.0,5821.9,2076.7,1426.6,131.8,65.8,1643.2,3043.1,472.7,741.4,5375.0,5804.0,2644.7,800.0,4336.7,3652.4,2779.1,2167.4,1577.1,3464.0,919.4,3135.1,981.6,1678.8,1317.3,3929.4,7522.7,5738.5,1712.0,829.8
2026-08-10 19:30:00,810.4,412.1,1321.1,718.3,839.1,499.9,77.4,152.8,296.3,49.3,628.1,1428.4,3079.7,5727.0,1911.5,1197.6,138.6,66.5,1643.4,3146.3,498.1,764.0,5373.0,5704.3,2640.4,799.4,4342.9,3796.2,2777.7,2166.5,1584.5,3467.9,919.6,3135.7,981.0,1678.5,1315.8,3962.0,7531.7,5702.9,1708.7,818.2
2026-08-10 19:45:00,810.7,404.2,1323.4,723.8,841.1,498.7,78.3,163.9,317.7,49.2,621.2,1447.8,3028.2,5755.8,1591.6,844.9,140.4,66.8,1649.7,3134.2,507.1,786.9,5351.7,5715.3,2640.8,800.7,4340.3,3917.4,2776.7,2169.8,1582.9,3461.1,921.4,3147.3,978.6,1682.8,1315.8,4019.1,7537.6,5651.4,1709.9,806.3
2026-08-10 20:00:00,817.8,390.4,1323.7,741.6,852.6,490.7,21.2,84.6,392.1,18.2,592.1,1451.9,2937.4,5508.1,1254.5,550.6,143.0,67.7,1576.6,3120.9,540.9,796.7,5259.3,5603.4,2644.8,796.6,4360.1,3882.9,2721.5,2167.5,1578.0,3580.7,927.0,3267.9,972.0,1592.0,1314.7,3933.2,7517.5,5642.2,1717.0,838.0
2026-08-10 20:15:00,800.0,406.9,1320.8,575.5,858.8,487.2,24.9,84.4,395.3,42.6,584.1,1439.1,2890.6,5475.1,1307.8,524.1,142.1,68.0,1575.6,3105.7,546.9,816.3,5238.6,5551.9,2642.6,797.6,4359.7,3961.0,2719.7,2170.6,1579.3,3572.6,928.6,3278.7,968.7,1599.2,1307.5,3990.7,7507.8,5657.9,1716.2,860.7
2026-08-10 20:30:00,807.0,437.4,1309.2,545.7,859.3,482.4,28.6,71.3,402.5,40.4,571.9,1454.4,2892.6,5569.9,1590.2,788.0,136.2,73.0,1576.8,3038.7,543.0,832.6,5229.0,5480.0,2632.1,799.4,4368.9,3996.2,2717.9,2171.1,1581.3,3574.0,930.3,3286.0,966.7,1607.2,1306.4,4045.1,7499.0,5638.4,1714.8,857.6
2026-08-10 20:45:00,798.0,381.4,1289.9,554.2,837.8,480.1,32.2,69.1,404.0,38.2,554.0,1457.3,2858.0,5638.6,1610.4,814.0,155.4,73.9,1578.0,2998.7,547.5,844.6,5212.6,5404.4,2636.9,801.4,4376.0,4047.2,2714.1,2170.2,1577.3,3566.7,929.4,3296.1,966.7,1612.8,1298.1,4095.2,7520.5,5624.6,1708.3,859.4
2026-08-10 21:00:00,800.5,412.5,1228.9,537.3,850.0,419.6,35.9,76.8,390.1,40.3,566.7,1428.1,2827.9,5818.7,1615.6,834.9,188.1,71.9,1550.9,2996.4,523.9,855.2,5258.6,5470.3,2625.2,810.7,4349.1,3877.3,2663.5,2141.8,1571.4,3594.7,924.3,3361.6,965.4,1601.4,1341.9,4220.5,7432.6,5473.4,1689.4,788.1
2026-08-10 21:15:00,791.6,409.0,1215.0,527.8,837.9,397.7,35.4,75.6,389.5,39.6,568.2,1432.3,2785.5,5732.6,1640.9,791.2,169.2,65.5,1547.7,2963.1,520.7,865.0,5310.0,5437.4,2625.5,813.7,4345.5,3888.4,2661.6,2145.2,1571.5,3574.6,921.7,3361.3,964.5,1606.7,1333.6,4289.5,7396.2,5473.3,1676.6,790.9
2026-08-10 21:30:00,808.6,340.1,1186.6,609.0,794.7,428.3,35.0,75.6,395.8,39.3,580.1,1444.5,2763.1,5747.3,1689.1,761.8,170.2,64.7,1542.5,2975.7,522.1,872.2,5317.2,5314.8,2617.8,816.9,4353.6,3907.7,2668.4,2149.8,1575.2,3528.0,921.9,3363.5,961.3,1613.0,1328.3,4345.9,7405.4,5463.6,1669.4,793.4
2026-08-10 21:45:00,789.2,337.8,1164.3,514.6,800.3,391.4,34.4,75.6,393.9,39.2,581.8,1433.3,2723.7,5437.7,1706.3,732.7,196.3,54.0,1562.6,2966.3,515.6,878.5,5300.3,5292.3,2617.5,818.8,4345.8,3964.8,2666.8,2153.8,1575.9,3492.3,912.7,3357.6,957.3,1621.9,1318.6,4426.8,7367.9,5407.1,1658.6,797.9
2026-08-10 22:00:00,732.4,364.2,1122.2,590.3,760.1,149.2,41.6,99.7,383.0,37.8,556.8,1459.5,2579.0,5480.2,1567.3,784.8,101.8,90.7,1492.7,2892.0,472.7,883.2,5186.0,5123.2,2595.6,810.9,4325.2,4047.5,2600.2,2127.8,1555.8,3571.7,909.8,3350.4,947.8,1468.4,1348.8,4223.5,7222.0,5265.5,1622.6,779.7
2026-08-10 22:15:00,733.4,346.2,1095.2,579.8,752.1,143.7,41.0,99.6,382.0,37.7,537.6,1463.6,2567.8,5445.1,1571.7,741.5,100.9,80.0,1487.3,2901.9,468.0,886.8,5140.3,5039.5,2575.2,811.7,4310.3,3977.9,2593.9,2135.8,1569.2,3514.5,908.3,3337.1,942.0,1481.2,1337.5,4277.5,7177.8,5244.2,1595.1,780.5
2026-08-10 22:30:00,736.8,328.2,1072.1,579.6,754.1,144.2,38.3,99.7,390.7,22.0,547.1,1466.1,2544.0,5455.9,1572.6,742.6,105.1,79.4,1480.9,2863.2,460.0,891.8,5083.6,4954.9,2544.2,813.7,4303.0,3888.9,2588.0,2143.9,1564.9,3320.9,903.0,3318.2,938.7,1493.6,1326.9,4340.1,7096.6,5183.7,1570.2,786.3
2026-08-10 22:45:00,744.8,267.5,1047.3,652.7,701.2,150.8,39.1,99.6,381.2,22.0,538.6,1468.2,2564.9,5125.7,1561.5,719.5,104.3,79.0,1474.8,2857.9,454.9,893.2,5025.8,4921.0,2519.9,814.7,4284.9,3754.4,2585.3,2152.6,1562.5,3115.1,897.7,3300.7,935.1,1508.9,1319.4,4325.8,7019.9,5179.5,1545.5,789.6
2026-08-10 23:00:00,713.1,313.9,1039.3,531.3,690.7,85.9,27.2,99.2,437.2,16.5,294.0,1467.4,2364.0,5382.6,1480.4,760.4,23.4,78.9,1309.8,2968.7,436.1,930.2,4883.9,4770.1,2427.2,831.2,4517.9,3751.5,2490.9,2102.9,1546.7,3267.4,889.7,3166.6,930.6,1448.2,1331.1,4092.6,6894.0,5149.9,1509.6,790.5
2026-08-10 23:15:00,722.9,299.9,1011.9,534.9,698.7,86.7,29.0,99.2,435.1,16.5,281.7,1469.9,2598.5,5397.2,1447.4,766.7,21.7,78.6,1305.6,2962.2,432.8,930.0,4849.0,4770.8,2386.1,831.2,4500.5,3717.9,2488.0,2112.5,1539.2,3108.5,876.4,3140.3,927.4,1471.2,1323.2,4114.8,6815.7,5144.8,1480.6,790.8
2026-08-10 23:30:00,720.9,288.0,980.1,515.0,691.7,77.7,28.8,99.2,427.5,16.5,272.4,1471.5,2596.0,4971.3,1449.4,771.5,0.0,78.4,1303.2,2960.1,428.6,930.3,4814.5,4764.3,2352.6,832.2,4507.5,3637.2,2477.9,2122.8,1536.1,3067.3,868.8,3109.7,928.2,1399.4,1310.7,4027.5,6733.7,5141.7,1453.4,789.9
2026-08-10 23:45:00,711.1,282.1,948.2,467.9,682.0,79.3,28.8,99.2,423.1,16.5,262.1,1473.9,3729.4,4932.7,1447.8,737.2,0.0,80.0,1299.3,2959.2,426.2,934.8,4771.8,4666.1,2308.8,832.0,4547.9,3630.3,2472.2,2135.3,1535.2,2979.1,863.2,3082.6,919.8,1401.6,1301.2,4026.4,6647.3,5126.8,1421.4,766.2
