date,EE_buy,EE_sell,LT_buy,LT_sell,LV_buy,LV_sell,AT_buy,AT_sell,BE_buy,BE_sell,FR_buy,FR_sell,GER_buy,GER_sell,NL_buy,NL_sell,PL_buy,PL_sell,DK1_buy,DK1_sell,DK2_buy,DK2_sell,FI_buy,FI_sell,NO1_buy,NO1_sell,NO2_buy,NO2_sell,NO3_buy,NO3_sell,NO4_buy,NO4_sell,NO5_buy,NO5_sell,SE1_buy,SE1_sell,SE2_buy,SE2_sell,SE3_buy,SE3_sell,SE4_buy,SE4_sell
2026-09-14 00:00:00,731.4,319.2,876.2,332.5,586.5,403.2,12.0,47.5,418.8,21.2,413.2,1364.9,3186.2,2649.3,1234.0,986.9,84.3,48.1,955.8,1756.9,398.9,366.1,5046.0,4807.5,2482.8,1138.1,4396.0,6343.8,2603.3,1570.1,1683.4,2852.4,961.3,3390.7,962.1,3098.9,1419.5,3713.4,6912.4,3792.0,1642.4,217.4
2026-09-14 00:15:00,728.2,316.1,867.1,329.0,578.1,389.2,12.0,47.0,415.0,15.5,403.4,1357.0,3181.8,2608.4,1226.9,970.6,96.0,38.8,960.3,1738.4,397.0,371.8,5062.2,4797.9,2462.8,1135.9,4393.6,5973.1,2596.7,1567.4,1678.5,2849.2,957.5,3386.4,959.5,3112.8,1415.9,3702.0,6882.1,3768.8,1640.6,216.0
2026-09-14 00:30:00,719.6,313.2,858.8,318.2,570.4,384.0,12.0,47.1,413.1,12.5,399.3,1351.7,3185.4,2570.5,1218.2,965.2,112.7,40.3,964.0,1720.5,398.6,376.6,5054.3,4772.7,2429.7,1135.6,4383.4,5247.6,2584.4,1569.5,1677.9,2847.1,954.7,3365.1,957.9,3122.0,1409.3,3691.3,6842.0,3769.3,1638.3,214.1
2026-09-14 00:45:00,719.9,310.2,863.3,325.8,571.7,382.2,12.0,47.3,411.9,11.5,389.6,1349.3,3189.5,2553.6,1231.9,950.0,112.9,40.8,971.3,1703.6,398.9,371.0,5048.5,4744.8,2403.2,1135.4,4381.3,4940.6,2568.4,1556.7,1680.1,2846.0,953.7,3338.1,953.0,3124.9,1405.3,3670.0,6808.9,3769.0,1635.0,209.7
2026-09-14 01:00:00,712.0,307.3,858.5,335.4,581.5,375.6,12.0,44.1,304.9,2.6,413.0,1346.4,3193.5,2543.4,1188.6,944.6,102.4,33.0,947.6,1610.4,403.3,341.4,5026.4,4744.3,2348.0,1134.3,4260.6,5122.6,2608.4,1541.2,1652.5,2791.7,930.7,3188.5,955.0,3154.6,1418.2,3752.8,6752.0,3780.1,1605.6,180.2
2026-09-14 01:15:00,708.8,305.6,852.4,316.0,574.6,382.0,12.0,43.6,304.7,2.6,407.3,1348.1,3187.3,2530.0,1182.5,938.3,112.8,33.0,955.0,1596.4,400.4,341.6,5026.3,4713.6,2331.5,1133.0,4259.7,4946.0,2606.6,1551.6,1651.3,2793.0,928.3,3174.9,951.5,3152.4,1411.8,3754.0,6748.5,3781.8,1606.5,179.5
2026-09-14 01:30:00,749.5,304.5,849.1,313.8,577.6,379.9,12.0,44.4,307.0,2.6,405.6,1348.7,3736.6,2505.5,1168.0,955.3,99.9,42.9,948.4,1581.8,400.1,343.6,5014.3,4682.3,2314.2,1131.3,4262.2,5006.8,2602.1,1559.4,1648.5,2787.1,926.3,3118.9,949.6,3148.2,1407.0,3830.0,6730.1,3781.8,1609.7,178.7
2026-09-14 01:45:00,755.2,318.2,862.5,321.0,575.3,375.8,14.7,44.7,335.9,2.6,401.6,1350.3,3772.6,2489.1,1192.0,935.1,100.0,42.9,958.2,1568.7,398.7,342.1,4949.7,4652.4,2293.2,1131.0,4261.7,4670.4,2597.9,1561.1,1653.7,2787.6,923.1,3080.2,949.1,3142.6,1399.7,3802.2,6703.3,3781.8,1606.2,178.1
2026-09-14 02:00:00,774.3,309.3,900.0,324.8,564.0,424.2,12.0,44.7,437.3,2.8,415.3,1336.5,3710.4,2506.0,1138.5,981.6,62.3,49.1,941.4,1561.8,399.1,347.1,4885.7,4609.8,2262.2,1129.8,4127.2,4858.9,2622.6,1585.4,1637.5,2781.5,904.7,3019.7,950.8,3171.5,1467.5,3881.8,6812.5,3904.2,1599.1,181.2
2026-09-14 02:15:00,772.0,306.0,898.3,333.1,564.3,415.5,12.0,44.5,456.5,2.8,407.7,1337.4,3737.9,2492.0,1138.5,988.7,94.5,41.3,937.8,1548.8,397.8,347.8,4830.3,4572.8,2253.6,1129.1,4123.9,4837.9,2621.3,1567.7,1635.9,2777.8,901.8,3044.4,947.6,3160.5,1464.2,3885.7,6848.2,3905.2,1594.9,180.9
2026-09-14 02:30:00,758.5,311.5,906.7,359.6,566.2,380.3,14.7,44.5,462.9,2.8,407.2,1341.0,3820.4,2482.2,1143.1,988.2,94.7,40.8,939.2,1532.3,396.1,347.8,4823.3,4543.3,2244.6,1128.6,4123.7,4742.7,2619.3,1575.7,1636.2,2776.5,904.2,3023.9,949.0,3146.6,1464.2,3952.6,6825.9,3906.9,1598.0,180.9
2026-09-14 02:45:00,765.2,327.2,930.5,406.7,576.1,361.7,14.7,44.8,465.1,2.8,402.4,1351.2,3841.2,2473.4,1138.0,996.7,82.6,48.7,934.0,1516.6,392.7,344.5,4829.4,4501.7,2238.3,1128.7,4123.0,4715.9,2619.4,1567.3,1635.8,2847.9,901.7,3022.1,949.3,3130.1,1468.6,3921.8,6800.6,3899.0,1599.8,176.8
2026-09-14 03:00:00,750.3,323.3,947.1,449.1,597.1,342.1,12.0,35.9,462.0,0.9,103.0,1333.6,3748.4,2472.7,1159.4,1008.8,124.6,43.7,1028.3,1505.6,393.8,342.2,4735.8,4422.6,2220.2,1127.8,4242.3,4754.9,2657.0,1538.2,1634.7,2833.7,900.9,3133.9,951.9,3214.0,1478.7,3912.9,6760.5,3870.9,1606.6,178.4
2026-09-14 03:15:00,745.5,325.5,961.7,459.6,596.7,338.8,14.7,35.8,481.0,0.9,89.3,1334.3,3751.6,2452.6,1159.1,1013.5,122.6,43.4,1016.2,1490.6,385.3,338.6,4743.6,4371.1,2216.4,1125.0,4246.6,4781.2,2658.7,1555.6,1637.8,2839.1,901.3,3121.5,952.5,3194.2,1485.4,4014.0,6740.8,3853.0,1605.0,174.1
2026-09-14 03:30:00,705.6,313.5,987.9,525.6,605.3,321.1,14.8,36.1,483.0,0.9,87.4,1335.7,3755.2,2430.4,1162.2,1021.5,122.6,42.5,1015.4,1472.4,383.5,334.7,4769.3,4322.2,2214.5,1125.0,4246.4,4762.8,2659.0,1558.6,1634.4,2970.2,900.4,3115.7,953.4,3177.3,1492.7,4000.8,6729.3,3854.9,1604.9,177.9
2026-09-14 03:45:00,680.9,345.9,998.6,570.2,613.3,319.3,14.7,36.7,486.8,0.9,84.6,1335.7,3749.0,2410.4,1129.4,1052.5,102.4,42.1,1012.1,1457.6,380.1,331.5,4725.7,4279.1,2213.6,1125.0,4251.6,4774.3,2659.3,1581.2,1634.9,2967.9,900.5,3100.0,955.4,3161.9,1492.9,4006.8,6725.2,3861.0,1610.6,177.8
2026-09-14 04:00:00,728.7,320.3,1001.3,623.7,627.2,336.8,14.7,46.0,546.2,3.3,78.1,1310.5,3167.1,2374.5,1187.4,1025.9,84.7,48.9,878.4,1421.0,380.5,326.1,4867.5,4209.3,2210.9,1131.7,4075.8,4590.6,2687.6,1532.2,1638.3,2870.0,898.5,3241.7,957.5,3500.0,1420.1,4053.9,6714.6,3807.9,1647.9,181.8
2026-09-14 04:15:00,681.9,418.9,1023.8,617.7,641.4,335.2,13.9,45.3,522.1,3.3,76.0,1311.6,3157.5,2397.8,1161.0,1025.2,104.8,48.6,878.8,1405.6,375.1,323.7,4873.9,4148.6,2220.3,1130.7,4082.6,4619.7,2691.2,1561.6,1639.7,2875.6,897.7,3233.8,960.4,3488.2,1428.2,4155.7,6710.7,3815.5,1664.8,181.8
2026-09-14 04:30:00,727.6,322.4,1036.7,623.0,651.0,358.7,12.0,44.9,509.6,3.3,80.6,1311.2,3094.3,2364.7,1104.0,1025.0,104.8,47.5,879.0,1385.0,372.4,321.5,4886.8,4085.2,2224.4,1133.5,4094.0,4696.8,2697.3,1562.7,1640.8,2960.5,897.2,3354.3,964.7,3478.5,1436.5,4141.0,6729.6,3814.6,1671.4,180.9
2026-09-14 04:45:00,739.0,323.2,1070.8,624.2,671.7,357.3,12.0,44.6,516.1,3.3,77.9,1310.3,3072.8,2335.4,1102.5,1048.4,104.5,47.3,875.4,1362.0,372.7,318.8,4897.2,4036.3,2235.2,1130.7,4103.3,5011.4,2699.0,1633.2,1641.8,2996.2,897.5,3343.5,964.9,3468.4,1450.9,4213.7,6764.0,3813.8,1683.9,180.5
2026-09-14 05:00:00,775.8,328.8,1104.6,702.3,668.8,337.1,19.0,30.1,337.5,22.4,75.9,1286.5,3226.3,2357.5,1142.6,1072.2,98.1,52.2,898.9,1345.8,373.1,318.5,5195.5,4067.6,2282.8,1126.3,4188.9,4810.3,2792.0,1615.5,1654.1,2884.9,909.7,3358.5,977.6,3883.4,1465.7,4341.3,6889.3,3927.5,1697.9,175.2
2026-09-14 05:15:00,783.2,370.2,1151.6,701.5,677.5,359.6,19.0,30.1,346.3,24.3,72.3,1284.7,3237.3,2329.8,1132.4,1095.4,97.9,50.9,910.3,1315.7,377.6,324.7,5215.5,4042.7,2323.7,1136.1,4206.8,5259.0,2801.0,1637.3,1658.9,2932.2,917.5,3497.8,982.3,3870.1,1484.0,4440.1,6966.1,3926.2,1724.7,178.5
2026-09-14 05:30:00,799.0,353.0,1168.7,723.7,692.0,402.0,19.0,29.4,357.2,28.0,78.3,1290.2,3251.4,2308.0,1090.1,1109.4,96.8,48.7,921.8,1292.4,378.4,320.9,5287.3,4004.2,2359.9,1126.4,4224.7,6008.7,2805.9,1781.5,1659.6,3001.4,925.6,3527.2,990.0,3851.6,1510.0,4523.3,7073.1,3943.6,1757.0,172.6
2026-09-14 05:45:00,810.8,364.8,1171.8,732.0,704.0,408.8,19.0,28.9,371.5,31.4,83.2,1287.2,3260.5,2284.9,1087.6,1191.3,98.4,40.0,928.6,1291.9,382.8,334.9,5359.9,4015.1,2407.5,1126.4,4247.0,6384.4,2821.6,1899.0,1663.4,3070.0,935.7,3613.5,993.8,3827.1,1539.0,4577.2,7188.3,3972.6,1793.4,169.4
2026-09-14 06:00:00,852.2,408.2,1252.9,707.9,742.5,550.5,12.1,31.5,384.4,26.8,82.9,1255.9,3525.0,2441.2,1188.9,1184.0,245.2,38.5,1051.1,1561.2,421.4,334.6,5597.1,4110.8,2576.5,1254.6,4167.2,6569.3,2881.4,1781.2,1733.7,3011.3,973.9,3349.5,1019.1,3974.3,1551.5,4827.4,7532.4,4057.8,1915.2,211.5
2026-09-14 06:15:00,861.3,417.3,1310.1,870.8,779.4,513.9,12.0,31.5,401.1,33.3,93.8,1254.2,3533.5,2454.6,1207.2,1309.0,225.4,43.0,1054.8,1574.1,427.8,337.5,5593.5,4104.7,2659.0,1264.7,4203.0,6589.6,2906.2,1704.5,1734.5,3026.2,986.4,3648.7,1029.1,3950.5,1574.2,4970.7,7726.8,4112.2,1951.9,212.0
2026-09-14 06:30:00,863.1,427.4,1309.0,868.3,785.1,547.0,12.0,31.5,402.7,31.4,109.8,1252.6,3543.2,3057.7,1184.9,1287.9,226.4,34.8,1071.8,1528.2,432.0,338.5,5620.3,4138.2,2728.4,1262.8,4257.3,6673.2,2923.8,1844.1,1741.7,3088.7,998.9,3670.3,1034.9,3934.5,1597.8,4956.6,7905.5,4250.1,1994.4,203.4
2026-09-14 06:45:00,859.0,467.8,1299.6,893.5,797.5,569.5,12.0,43.4,433.2,36.0,120.4,1254.2,3546.6,3421.6,1211.0,1300.4,208.8,35.8,1079.1,1520.3,437.9,309.4,5640.2,4125.8,2815.4,1263.9,4294.6,6767.4,2950.2,1899.1,1746.5,3114.8,1008.0,3771.7,1046.5,3927.4,1609.4,4972.8,8065.9,4344.3,2060.4,200.3
2026-09-14 07:00:00,890.4,458.6,1319.7,880.8,814.1,756.0,11.0,104.0,488.3,11.2,273.7,1311.4,3741.5,3404.2,1327.0,1341.8,204.0,41.6,1186.6,1457.7,514.6,265.4,5730.7,4147.5,3013.5,1505.2,4595.4,6978.2,3023.3,1957.8,1795.4,3062.8,1067.4,3828.8,1070.8,4273.8,1622.8,5032.9,8342.7,4361.4,2129.6,263.2
2026-09-14 07:15:00,890.4,478.6,1317.3,893.9,828.2,781.0,11.0,120.5,488.1,11.2,271.2,1311.6,3465.1,3253.9,1336.0,1376.9,220.8,42.4,1175.2,1423.5,514.9,260.8,5727.4,4140.2,3072.6,1504.9,4628.5,7012.6,3048.3,2028.0,1799.8,3089.9,1075.0,3882.3,1071.9,4277.9,1624.2,4980.6,8415.7,4433.8,2152.0,261.9
2026-09-14 07:30:00,884.5,529.9,1296.2,894.6,841.5,801.4,11.0,115.3,499.9,11.3,270.7,1313.6,3475.2,3282.5,1379.9,1404.6,226.4,36.2,1190.0,1406.6,517.1,254.6,5735.7,4127.1,3110.4,1507.0,4657.8,7044.1,3062.8,2124.6,1803.8,3131.9,1083.9,3889.8,1073.9,4248.9,1634.7,4930.9,8422.1,4469.0,2173.2,263.8
2026-09-14 07:45:00,876.6,555.7,1269.0,898.9,853.0,828.3,11.0,114.2,510.9,11.4,263.9,1317.5,3476.0,3372.9,1399.9,1419.5,217.9,63.9,1185.1,1390.9,509.6,237.9,5735.6,4109.3,3145.8,1509.7,4670.8,7058.8,3080.4,2215.9,1812.3,3177.2,1089.9,3902.8,1074.1,4206.7,1654.2,4877.7,8456.0,4514.1,2200.6,263.0
2026-09-14 08:00:00,867.5,552.9,1228.8,841.7,861.6,813.9,11.0,218.4,539.3,17.8,275.5,1305.1,3143.1,2923.0,1680.8,1538.6,316.6,31.2,1229.7,1317.1,501.8,242.4,5738.5,4146.6,3185.8,1603.4,4779.3,7045.6,3097.1,2218.9,1768.6,3170.4,1088.4,4090.6,1067.0,4105.4,1688.2,4836.4,8556.8,4301.4,2192.0,286.6
2026-09-14 08:15:00,857.0,561.4,1194.5,837.8,867.9,844.1,11.0,217.1,546.8,17.9,288.4,1318.3,3163.3,2923.8,1670.0,1454.6,332.2,31.2,1249.1,1289.9,523.4,211.7,5744.9,4137.2,3195.4,1579.7,4783.8,6985.4,3103.2,2260.8,1772.4,3201.1,1092.7,4048.2,1059.8,4046.2,1694.0,4833.9,8549.0,4414.5,2193.0,290.5
2026-09-14 08:30:00,851.4,586.5,1149.4,802.6,871.5,873.6,11.0,216.1,547.2,15.8,281.3,1336.1,3155.7,2993.2,1636.4,1436.3,296.6,31.2,1262.4,1291.6,530.0,209.9,5743.8,4103.3,3189.0,1588.0,4783.1,6980.3,3101.4,2318.4,1769.9,3234.9,1101.5,4047.7,1063.5,3986.6,1689.1,4753.1,8536.6,4440.1,2195.4,269.0
2026-09-14 08:45:00,831.9,631.2,1110.0,588.2,872.0,882.8,11.0,198.8,550.8,15.4,308.0,1355.8,3303.9,3030.6,1627.4,1452.9,297.3,49.9,1218.9,1297.9,510.6,207.5,5731.2,4044.0,3186.0,1608.5,4794.5,6977.1,3082.6,2324.2,1763.4,3231.7,1102.6,4101.5,1070.7,3924.1,1669.5,4689.2,8500.6,4482.7,2190.6,248.5
2026-09-14 09:00:00,818.9,634.8,1042.3,675.6,857.0,527.7,13.0,35.0,510.3,104.4,343.2,1342.5,3682.4,3322.7,1582.1,1498.2,283.8,31.1,1206.1,1246.5,474.1,206.7,5629.4,3949.9,3175.6,1691.7,4965.1,7139.8,3080.8,2344.0,1783.7,3234.3,1099.8,3712.2,1084.5,3810.6,1653.0,4677.5,8343.1,4405.6,2161.8,250.4
2026-09-14 09:15:00,810.4,659.2,1018.0,653.7,857.0,525.3,13.0,34.4,503.2,58.1,330.5,1364.3,3659.3,3407.4,1538.1,1525.2,286.0,49.9,1195.6,1238.9,465.4,211.6,5618.5,3959.0,3168.1,1679.5,4957.2,7133.4,3078.9,2341.3,1780.6,3233.6,1106.3,3684.5,1082.6,3767.2,1646.3,4647.1,8306.4,4457.2,2153.9,242.6
2026-09-14 09:30:00,799.4,681.0,992.5,646.5,856.0,541.7,13.2,34.7,488.3,56.3,309.7,1389.7,3971.7,3373.7,1538.5,1501.7,342.3,31.2,1192.6,1226.7,463.3,212.2,5598.0,3980.0,3158.0,1673.7,4955.5,7061.0,3075.4,2341.2,1773.3,3233.0,1106.5,3669.4,1082.9,3733.7,1641.0,4617.1,8288.1,4480.5,2157.8,237.1
2026-09-14 09:45:00,782.6,694.3,955.7,652.9,848.1,558.3,13.3,35.1,482.0,29.2,305.5,1395.1,4141.0,3108.9,1465.3,1509.9,362.9,31.2,1191.0,1230.0,466.2,227.0,5576.2,3985.6,3154.3,1590.2,4945.6,6450.8,3076.7,2340.4,1772.3,3232.3,1102.9,3648.5,1081.6,3713.2,1639.8,4589.8,8250.6,4520.5,2147.8,240.2
2026-09-14 10:00:00,771.9,706.3,912.9,656.4,833.3,530.9,14.3,5.0,407.3,23.6,342.4,1373.0,4272.8,2930.5,1411.5,1636.4,314.0,49.9,1391.5,1159.3,494.0,222.5,5555.4,3934.8,3140.9,1581.3,4919.5,6801.7,3075.8,2340.0,1748.6,3254.8,867.7,3770.9,1073.4,3655.8,1636.8,4549.3,8238.2,4449.8,2129.6,220.5
2026-09-14 10:15:00,762.5,720.2,873.8,662.4,827.1,541.6,14.4,5.3,396.0,19.5,334.9,1392.1,4161.8,2955.0,1373.4,1637.3,301.3,49.9,1370.5,1121.2,479.9,208.2,5532.3,3956.7,3135.9,1580.1,4918.9,6189.4,3073.1,2339.0,1757.1,3251.8,1021.7,3764.5,1070.9,3646.7,1633.8,4545.0,8160.4,4468.5,2122.0,222.8
2026-09-14 10:30:00,751.8,734.7,836.0,667.5,825.5,566.7,14.4,5.4,381.8,18.3,333.5,1421.3,4226.0,2979.7,1359.5,1655.9,322.0,49.9,1372.0,1127.2,479.2,216.2,5513.9,3972.4,3127.6,1578.5,4914.1,5463.7,3068.2,2338.9,1759.6,3233.9,1100.6,3752.5,1075.9,3639.5,1628.8,4539.5,8146.4,4467.8,2121.4,227.2
2026-09-14 10:45:00,747.7,744.1,808.4,667.9,825.3,579.2,14.5,5.6,370.7,21.8,331.2,1437.0,4431.7,3014.7,1317.8,1686.4,347.7,31.2,1353.4,1137.4,473.9,225.9,5497.9,3986.9,3122.6,1563.6,4900.7,4728.9,3069.6,2343.1,1758.2,3230.5,1103.6,3707.1,1085.3,3632.1,1619.7,4535.3,8122.3,4463.6,2118.3,230.3
2026-09-14 11:00:00,737.6,743.6,780.7,657.6,810.3,608.4,14.6,4.9,353.7,27.8,338.9,1476.0,4261.6,3312.7,1223.0,1788.2,210.4,83.1,1309.0,1169.7,492.0,238.3,5512.7,4037.2,3128.1,1509.3,5058.5,5355.9,3058.8,2348.2,1740.3,3257.1,1092.8,3778.9,1091.5,3603.1,1605.5,4529.3,8080.3,4420.1,2103.8,219.8
2026-09-14 11:15:00,734.3,774.2,773.0,667.2,803.9,596.2,14.6,5.1,339.5,37.3,340.1,1485.9,4282.8,3267.3,1174.3,1800.4,199.2,107.6,1320.4,1171.0,483.4,233.4,5485.9,4051.9,3122.0,1497.1,5053.6,4629.8,3053.8,2350.6,1744.8,3256.9,1091.8,3720.4,1102.6,3597.9,1595.5,4532.4,8071.9,4427.9,2094.5,219.4
2026-09-14 11:30:00,725.7,759.7,976.0,587.2,802.3,602.5,15.0,5.5,324.3,46.1,342.9,1526.0,4335.1,3317.2,1127.3,1840.0,198.5,107.6,1314.4,1201.5,482.2,251.4,5473.1,4053.5,3113.5,1444.2,5041.9,4683.9,3047.4,2352.6,1746.5,3237.7,1091.5,3682.3,1107.8,3593.5,1597.3,4537.2,8063.3,4396.1,2084.3,221.7
2026-09-14 11:45:00,725.7,744.3,976.8,589.8,805.0,612.2,20.9,5.5,304.8,56.6,348.3,1524.2,4327.8,3328.6,1080.3,1859.3,200.0,107.6,1316.5,1205.1,483.0,267.5,5439.7,4066.1,3110.4,1426.2,5036.7,4331.8,3050.7,2356.3,1750.4,3246.8,1088.0,3678.2,1111.6,3588.6,1596.3,4542.5,8072.5,4399.5,2078.1,224.0
2026-09-14 12:00:00,724.3,761.8,994.2,589.3,820.3,626.3,5.2,4.5,419.7,53.9,191.9,1591.5,4468.2,3462.8,1045.7,1907.0,139.3,104.2,1479.7,1240.1,491.7,280.2,5268.6,4138.9,3104.9,1337.0,4957.7,4335.5,3044.7,2355.2,1739.2,3231.1,1096.3,3743.3,1111.5,3584.3,1598.9,4655.6,8092.6,4283.1,2070.0,199.6
2026-09-14 12:15:00,721.9,759.9,998.6,600.9,819.4,629.7,7.8,4.4,418.2,56.4,195.1,1604.2,4524.7,3479.3,1013.4,1903.9,201.2,104.2,1471.8,1182.2,481.2,258.8,5242.7,4140.5,3095.0,1291.0,4944.8,4249.3,3041.7,2359.2,1742.3,3219.0,1092.2,3688.6,1113.1,3581.2,1602.7,4664.7,8084.9,4285.4,2071.4,199.6
2026-09-14 12:30:00,804.3,765.6,1017.4,593.6,818.8,633.5,10.1,4.4,412.8,57.3,192.0,1609.5,4588.6,3512.8,992.4,1903.7,205.9,104.2,1478.5,1176.6,480.1,267.2,5206.9,4146.0,3095.6,1318.3,4942.6,4161.4,3038.9,2361.2,1740.9,3228.3,1092.5,3688.8,1111.0,3578.1,1598.1,4674.2,8084.3,4286.0,2069.6,202.0
2026-09-14 12:45:00,806.5,766.1,1035.3,594.9,814.4,633.1,13.5,4.4,407.5,60.9,188.1,1621.7,4656.1,3476.0,988.8,1894.7,206.8,104.2,1483.6,1157.6,478.3,262.0,5187.0,4148.1,3090.1,1246.6,4937.6,4000.5,3037.5,2364.9,1748.2,3211.1,1089.5,3686.7,1110.6,3575.1,1592.7,4683.0,8094.1,4284.4,2073.1,203.5
2026-09-14 13:00:00,793.1,761.0,1073.8,619.3,819.4,649.9,9.3,38.5,437.9,65.7,315.8,1638.8,5115.4,3475.8,978.9,1897.8,316.4,34.3,1585.0,1107.1,494.7,240.2,5221.1,4188.4,3072.0,1288.7,4822.7,4166.4,3032.4,2387.9,1739.3,3216.4,1076.0,3657.5,1103.1,3572.7,1593.7,4701.4,8171.3,4385.7,2075.2,234.7
2026-09-14 13:15:00,791.8,775.2,1076.3,618.8,818.8,652.3,11.5,38.7,433.0,67.6,310.9,1624.2,5137.4,3494.4,962.8,1865.8,318.1,34.3,1591.2,1090.0,505.5,231.8,5212.7,4185.5,3071.7,1233.3,4828.7,3872.1,3033.4,2390.2,1737.9,3205.9,1074.3,3655.4,1102.0,3570.5,1585.3,4712.6,8170.1,4407.0,2058.6,236.4
2026-09-14 13:30:00,787.3,795.5,1082.1,621.3,815.0,652.8,12.5,39.0,458.9,73.0,313.4,1619.8,5204.1,3504.2,1048.3,1903.8,318.0,34.3,1591.0,1079.2,506.3,228.1,5206.7,4181.5,3069.6,1233.9,4830.0,3508.6,3030.4,2392.1,1738.5,3198.2,1073.4,3601.5,1100.7,3567.9,1582.6,4723.5,8176.6,4416.5,2059.5,237.8
2026-09-14 13:45:00,785.4,791.9,1090.6,615.3,807.5,658.8,12.7,39.2,458.6,75.0,311.4,1637.8,5258.1,3495.1,1051.1,1906.6,313.1,31.5,1605.8,1054.5,481.4,236.3,5204.4,4177.5,3067.3,1231.5,4821.4,3308.3,3029.8,2394.6,1741.3,3188.5,1069.4,3548.6,1098.4,3565.7,1584.3,4734.3,8181.8,4378.0,2053.7,237.4
2026-09-14 14:00:00,782.9,760.4,1091.9,573.8,788.5,678.6,13.1,15.5,433.1,81.9,243.1,1674.3,5112.6,3599.2,1091.7,1956.0,242.5,10.6,1540.2,1053.3,463.7,255.9,5134.2,4207.7,3070.7,1219.7,4660.9,3473.4,3057.5,2399.6,1749.1,3186.3,1069.7,3553.8,1095.2,3566.8,1601.1,4758.9,8216.3,4371.5,2081.0,235.5
2026-09-14 14:15:00,793.5,773.8,1121.5,658.7,796.8,631.6,13.7,15.9,433.2,84.2,242.8,1673.3,5118.2,3626.4,1093.9,1959.9,237.2,34.8,1537.4,1037.4,464.0,256.5,5126.0,4197.1,3069.2,1219.2,4664.4,3516.3,3033.1,2401.9,1750.2,3198.8,1071.5,3545.6,1093.8,3564.4,1601.3,4771.1,8220.3,4366.9,2078.4,233.6
2026-09-14 14:30:00,791.1,764.9,1127.5,659.6,804.8,643.7,11.7,16.1,433.1,79.5,246.2,1657.9,5156.5,3603.2,1104.6,1904.3,236.2,34.8,1549.7,1022.1,463.0,253.9,5130.5,4181.7,3060.2,1219.2,4664.1,3416.5,3031.8,2402.1,1748.6,3195.9,1067.2,3514.2,1094.0,3562.2,1603.5,4781.7,8217.7,4407.8,2076.9,231.6
2026-09-14 14:45:00,767.6,751.2,1126.0,676.5,810.8,632.3,12.2,15.9,412.7,84.3,240.7,1667.8,5144.9,3579.6,1031.2,1923.7,235.0,10.6,1540.1,1015.3,458.8,254.6,5141.0,4164.7,3066.6,1220.5,4664.2,3737.1,3032.4,2402.1,1736.3,3192.6,1069.0,3519.7,1092.5,3559.6,1606.0,4795.1,8226.4,4398.2,2078.3,229.0
2026-09-14 15:00:00,693.1,719.1,1122.4,633.4,839.8,658.8,14.8,23.5,224.1,58.9,260.2,1607.6,5025.6,3523.2,1076.5,1864.7,239.0,20.1,1305.6,1002.0,484.0,329.3,5199.2,4196.1,3067.2,1264.3,4298.0,3296.5,3039.0,2407.1,1737.2,3242.2,1092.1,3681.1,1091.6,3564.8,1605.7,4807.4,8108.5,4213.5,2049.9,196.1
2026-09-14 15:15:00,703.0,716.1,1131.4,639.2,839.4,661.6,12.0,23.1,228.6,57.9,253.7,1601.8,4353.5,3538.1,1149.2,1843.4,241.9,20.2,1280.8,989.3,472.4,321.4,5224.1,4173.4,3075.2,1264.7,4298.5,3377.3,3040.1,2408.6,1742.1,3255.5,1092.6,3702.9,1091.5,3562.7,1604.8,4816.3,8117.9,4256.4,2057.0,192.7
2026-09-14 15:30:00,711.3,695.9,959.2,631.2,839.8,602.7,3.1,22.8,230.9,58.0,251.0,1594.0,4099.3,3504.3,1071.5,1863.0,246.7,20.3,1277.3,974.1,469.9,317.9,5250.3,4154.4,3094.5,1352.0,4313.9,3742.0,3041.4,2408.4,1731.4,3262.5,1097.4,3789.0,1093.0,3560.8,1608.0,4825.1,8119.9,4264.3,2065.1,189.3
2026-09-14 15:45:00,726.9,674.0,995.9,647.6,841.6,570.6,3.0,22.6,242.9,63.8,246.0,1594.4,4029.5,3527.9,1092.1,1846.5,252.0,20.1,1269.5,978.7,462.8,312.0,5249.2,4137.8,3104.5,1364.3,4320.7,4164.0,3044.9,2409.6,1729.9,3262.1,1102.1,3915.0,1094.4,3558.7,1612.0,4833.3,8130.1,4296.0,2065.3,185.1
2026-09-14 16:00:00,737.8,630.1,999.9,638.5,835.1,579.1,20.4,28.8,269.7,37.5,239.2,1532.4,4589.1,3301.9,1254.5,1721.5,124.6,90.4,1214.5,992.2,476.2,370.4,5356.7,4096.4,3136.4,1326.5,4306.1,3475.1,3060.3,2450.0,1744.3,3280.8,1113.8,3694.3,1102.4,3649.0,1617.1,4937.8,8162.5,4431.7,2045.9,178.9
2026-09-14 16:15:00,760.5,593.7,1046.9,637.3,835.6,548.9,12.7,28.2,252.5,34.2,236.6,1543.3,4216.8,3248.9,1223.3,1700.3,131.9,75.4,1220.5,987.8,479.5,359.9,5366.6,4071.5,3151.8,1464.0,4316.5,3940.2,3058.2,2452.0,1733.2,3277.7,1117.7,3981.5,1105.2,3646.8,1621.4,4945.1,8169.0,4437.9,2059.1,173.6
2026-09-14 16:30:00,780.3,582.3,1089.2,634.7,836.9,565.4,12.5,28.5,221.4,50.3,235.7,1522.6,4017.0,3127.6,1297.6,1669.4,106.8,87.4,1226.3,973.8,482.4,356.3,5393.7,4045.3,3160.0,1496.8,4323.9,4664.6,3056.2,2452.2,1734.2,3277.8,1100.6,4143.1,1107.4,3644.3,1630.7,4951.3,8234.5,4481.0,2081.0,168.7
2026-09-14 16:45:00,798.0,567.3,1149.4,574.3,844.7,490.8,12.5,29.7,224.2,43.1,241.4,1472.7,3930.4,3068.1,1398.8,1664.7,105.8,68.5,1224.6,959.1,489.8,360.6,5371.4,4024.5,3171.5,1498.5,4318.4,5499.0,3053.6,2449.1,1699.3,3280.4,1100.1,4197.6,1105.6,3641.9,1640.2,4957.1,8297.0,4476.9,2094.0,162.6
2026-09-14 17:00:00,819.5,523.2,1197.4,571.9,819.1,607.0,2.4,23.2,253.0,47.6,156.4,1430.2,4263.6,3063.6,1502.9,1554.4,206.3,84.4,1288.0,1308.5,513.8,405.8,5434.9,4077.7,3163.0,1610.5,4469.6,5244.0,3054.5,2448.2,1734.3,3238.1,1108.5,4038.9,1128.5,3682.3,1662.8,4958.1,8418.8,4568.6,2155.4,202.8
2026-09-14 17:15:00,829.6,549.8,1240.9,566.9,828.3,597.1,2.3,23.8,269.1,53.5,156.1,1408.8,4174.9,3501.0,1575.4,1527.9,160.2,76.0,1283.7,1307.0,527.6,416.7,5449.0,4104.5,3151.6,1628.5,4456.1,6003.9,3050.3,2446.6,1690.1,3238.8,1091.8,4104.1,1125.1,3680.6,1667.8,4971.9,8463.8,4566.5,2174.5,198.8
2026-09-14 17:30:00,840.6,506.9,1283.9,757.9,832.8,557.2,2.0,23.3,281.6,48.8,200.6,1380.1,4035.9,3357.7,1605.8,1497.7,155.5,61.4,1281.2,1296.4,537.1,409.9,5442.2,4128.4,3143.4,1632.0,4452.1,6442.9,3043.8,2446.7,1688.4,3233.1,1091.1,4101.5,1120.1,3678.8,1670.0,4986.9,8500.1,4565.3,2187.6,196.5
2026-09-14 17:45:00,852.6,578.1,1308.5,760.6,837.6,554.9,2.1,29.6,293.3,51.6,172.4,1397.2,3870.3,3307.1,1682.1,1475.4,132.2,75.4,1281.8,1304.3,542.5,423.0,5449.6,4112.2,3142.4,1631.6,4456.6,6661.0,3025.6,2447.6,1687.7,3227.1,1096.2,4103.9,1119.7,3677.2,1665.5,5003.3,8530.9,4595.3,2190.5,196.1
2026-09-14 18:00:00,864.7,457.2,1346.6,855.6,842.1,809.7,12.0,38.8,347.0,37.3,283.9,1345.2,3851.0,3051.9,1807.3,1478.1,284.2,51.9,1321.9,1268.4,563.9,620.1,5568.5,4129.5,3134.6,1581.3,4835.1,7004.8,2945.3,2366.3,1696.5,3234.9,1098.4,3883.4,1114.5,3691.3,1661.4,4993.5,8521.0,4596.4,2201.8,217.3
2026-09-14 18:15:00,878.7,554.7,1360.9,859.2,844.2,835.9,12.0,39.2,353.5,34.0,283.4,1320.1,3507.5,2625.1,1853.0,1444.9,242.0,48.1,1279.9,1280.8,546.2,625.8,5590.6,4135.8,3132.5,1583.2,4832.6,7049.4,2945.6,2367.4,1691.7,3228.3,1096.9,3883.3,1110.1,3691.7,1659.5,5012.1,8498.2,4641.7,2191.9,219.7
2026-09-14 18:30:00,884.5,487.9,1364.2,893.7,840.8,815.5,12.0,43.0,361.8,48.7,308.3,1294.5,3399.3,2693.5,1866.6,1418.9,167.9,48.1,1268.9,1309.3,551.7,692.6,5624.9,4142.5,3134.8,1585.1,4837.1,7014.4,3016.3,2369.5,1690.9,3221.7,1101.9,3893.0,1104.6,3692.2,1657.0,5045.7,8502.5,4645.9,2167.2,219.3
2026-09-14 18:45:00,891.2,497.9,1359.6,928.8,845.1,835.2,12.0,45.9,336.6,120.1,283.5,1306.7,3481.4,2690.0,1867.3,1506.9,162.2,48.1,1262.9,1401.8,548.4,774.8,5637.3,4151.8,3135.8,1585.8,4827.2,7055.0,3036.8,2372.3,1731.9,3214.5,1104.3,3892.9,1100.2,3691.4,1667.1,5083.3,8515.6,4702.1,2162.2,239.3
2026-09-14 19:00:00,922.0,564.5,1421.1,907.9,863.7,896.4,9.0,36.6,366.4,116.2,442.3,1257.3,3489.3,2508.8,2033.8,1483.4,172.7,35.4,1228.0,1371.5,541.6,775.1,5705.6,4230.6,3142.2,1659.9,4533.9,6968.7,3036.5,2388.3,1708.3,3235.2,1116.2,4079.5,1101.6,3777.3,1667.5,5100.9,8536.6,4764.6,2156.0,317.8
2026-09-14 19:15:00,920.3,545.4,1427.5,935.5,870.2,899.1,9.0,36.1,372.8,123.5,447.6,1241.5,3453.4,2474.5,1990.0,1467.3,170.0,35.2,1226.2,1383.3,546.2,774.7,5748.8,4232.4,3148.9,1661.0,4533.9,6993.4,3039.1,2392.2,1730.0,3230.1,1116.8,4068.2,1094.3,3776.8,1670.8,5155.2,8538.1,4784.4,2163.8,335.7
2026-09-14 19:30:00,918.7,539.0,1429.3,946.7,874.6,898.9,9.0,36.2,381.8,148.9,413.9,1272.6,3438.7,2475.6,1981.0,1493.4,168.0,35.3,1223.0,1399.3,546.4,770.8,5746.9,4229.1,3155.3,1662.0,4535.9,6993.8,3036.7,2391.6,1759.9,3216.6,1116.4,4067.0,1095.5,3776.4,1678.3,5206.6,8544.6,4762.2,2166.5,340.0
2026-09-14 19:45:00,918.2,529.2,1422.7,960.5,867.7,880.9,9.1,36.2,380.1,148.8,412.5,1256.8,3435.8,2501.5,1977.1,1522.1,168.1,35.2,1218.6,1434.0,539.0,789.3,5726.2,4194.6,3165.5,1666.1,4523.9,6983.6,3043.0,2390.8,1756.2,3210.6,1116.9,4061.2,1088.9,3775.9,1688.3,5263.1,8526.3,4703.0,2160.5,340.6
2026-09-14 20:00:00,900.4,580.1,1371.0,957.4,849.9,745.8,12.1,126.4,387.8,160.4,374.1,1309.7,3551.9,2571.0,1746.4,1580.2,170.6,35.0,1193.2,1256.1,529.5,766.1,5552.0,4125.1,3193.3,1482.2,4503.2,7039.3,3040.7,2372.4,1766.3,3232.1,1130.8,3868.2,1078.6,3703.1,1664.4,5290.4,8405.6,4772.8,2150.9,313.3
2026-09-14 20:15:00,901.6,580.2,1357.9,951.3,845.6,735.6,12.0,126.5,400.7,38.9,392.9,1287.5,3547.2,2658.2,1730.6,1572.2,172.5,35.0,1194.6,1276.3,531.1,750.1,5561.0,4106.4,3200.6,1484.4,4493.5,7028.2,3042.8,2372.9,1765.9,3224.8,1128.9,3866.3,1079.3,3703.0,1671.1,5324.8,8400.1,4802.2,2142.8,318.3
2026-09-14 20:30:00,894.2,555.6,1330.1,926.1,831.3,735.9,12.0,130.2,398.1,28.2,376.7,1288.0,3616.7,2746.2,1733.9,1514.7,173.9,35.0,1203.0,1244.5,531.9,696.8,5527.0,4059.6,3187.7,1487.3,4489.0,7021.4,3066.2,2352.5,1770.5,3222.0,1131.7,3861.8,1082.3,3702.7,1672.6,5363.8,8385.5,4781.9,2148.8,304.1
2026-09-14 20:45:00,893.5,526.7,1300.2,909.3,816.2,735.9,12.0,145.4,435.0,28.2,363.6,1290.9,3685.5,2794.3,1743.9,1509.9,195.4,39.6,1202.4,1265.0,532.5,686.2,5524.3,4036.1,3184.1,1496.9,4482.1,7010.8,3065.4,2279.6,1767.6,3219.3,1125.1,3869.4,1087.3,3702.0,1670.2,5408.8,8365.4,4736.4,2138.0,297.2
2026-09-14 21:00:00,859.1,491.6,1244.0,832.7,791.7,677.2,2.0,89.6,389.6,32.0,263.6,1335.3,3538.9,2727.1,1676.6,1488.1,161.1,62.9,1157.2,1313.7,520.1,611.5,5525.1,4065.4,3134.4,1382.6,4767.9,7424.7,3053.0,2289.6,1756.0,3219.1,1142.0,3669.4,1083.6,3693.5,1528.1,5504.0,8122.6,4688.3,2080.8,227.2
2026-09-14 21:15:00,840.9,456.9,1216.1,815.5,774.8,675.6,2.0,102.6,406.6,23.3,255.1,1339.4,3627.7,2742.5,1681.2,1427.6,194.3,61.9,1148.7,1340.5,514.8,543.3,5532.4,4066.3,3114.3,1317.0,4744.4,7402.3,3051.8,2275.7,1755.5,3220.0,1135.4,3620.0,1084.6,3692.1,1516.3,5530.0,8035.9,4670.7,2060.5,226.8
2026-09-14 21:30:00,841.8,445.5,1186.8,797.6,761.9,643.3,2.0,84.8,401.2,23.3,242.2,1283.7,3992.3,3096.5,1675.6,1429.5,197.7,43.1,1170.5,1345.6,530.4,528.3,5515.5,4054.4,3084.2,1307.6,4731.7,7385.7,3044.1,2196.0,1754.6,3221.3,1127.9,3618.2,1088.2,3692.7,1508.5,5559.4,7966.1,4600.3,2043.1,226.3
2026-09-14 21:45:00,826.4,433.9,1158.1,791.8,745.8,638.8,2.0,79.4,405.7,23.3,233.9,1285.5,3986.7,3073.1,1673.8,1422.0,236.8,43.1,1134.2,1374.4,511.5,536.2,5500.5,4036.4,3065.1,1328.1,4710.5,7359.1,3039.0,2067.5,1763.7,3215.2,1124.2,3615.7,1091.4,3693.0,1494.7,5582.7,7862.6,4561.0,2009.1,225.8
2026-09-14 22:00:00,787.5,447.1,1113.8,791.3,720.0,480.7,1.1,150.3,375.8,73.0,200.7,1261.8,3633.6,3106.1,1546.7,1496.2,156.8,42.4,1083.4,1565.9,484.6,575.3,5351.1,3941.9,2989.3,1219.9,4173.2,6715.4,2992.8,2295.3,1734.4,3215.9,1086.1,3234.7,1083.8,3696.7,1466.8,5459.9,7708.8,4443.1,1961.6,165.7
2026-09-14 22:15:00,781.2,443.6,1085.9,792.6,702.7,478.7,1.0,148.5,372.5,66.5,193.1,1253.7,3750.2,3083.9,1518.5,1476.1,168.6,42.4,1074.1,1597.3,482.0,581.6,5339.4,3922.0,2954.3,1220.0,4140.8,6678.7,2984.8,2248.9,1743.6,3217.0,1079.1,3209.4,1080.4,3697.6,1457.6,5472.6,7639.6,4406.2,1927.4,164.5
2026-09-14 22:30:00,772.6,432.6,1077.1,788.2,685.9,470.4,1.6,149.8,367.7,69.1,196.8,1252.5,3699.1,3207.6,1533.2,1520.2,149.5,42.4,1066.7,1633.1,475.1,585.9,5319.0,3880.7,2909.6,1227.3,4113.5,6640.7,2976.0,2079.0,1735.3,3188.6,1072.6,3274.9,1082.6,3697.4,1445.4,5480.1,7536.4,4372.4,1901.8,164.1
2026-09-14 22:45:00,761.1,417.1,1056.8,786.5,673.8,448.1,3.7,149.7,363.1,67.7,200.3,1252.6,3746.4,2713.5,1497.7,1505.4,149.4,42.4,1058.6,1660.6,471.3,585.4,5305.3,3858.6,2871.9,1227.3,4079.1,6605.1,2968.3,2043.4,1731.8,3159.9,1064.8,3156.2,1081.5,3699.4,1435.9,5533.8,7480.2,4356.1,1876.0,163.9
2026-09-14 23:00:00,743.8,433.4,1041.8,583.4,649.7,457.8,4.7,65.9,355.5,196.3,144.0,1246.0,3535.4,2782.1,1413.0,1467.7,125.1,41.6,1029.0,1582.0,456.7,578.9,5138.1,3719.7,2754.0,1227.5,4252.3,6109.0,2906.8,2038.1,1707.1,3204.6,1048.3,3168.0,1074.9,3681.0,1424.0,5449.4,7380.2,4189.3,1858.7,162.6
2026-09-14 23:15:00,735.6,428.7,1027.1,581.5,638.4,451.5,4.7,64.3,349.3,196.8,132.5,1246.4,3608.1,2753.5,1374.3,1435.1,125.6,41.6,1011.0,1603.2,451.4,580.2,5113.0,3697.8,2706.8,1225.9,4220.3,6035.9,2896.7,2036.2,1704.1,3195.2,1040.0,3113.2,1070.5,3681.5,1413.8,5443.5,7296.5,4068.4,1832.3,161.9
2026-09-14 23:30:00,734.4,427.4,1009.5,470.4,625.3,446.4,4.7,63.9,342.2,199.3,140.0,1257.6,3502.8,2883.2,1377.3,1442.2,125.5,41.6,1007.4,1642.3,449.4,581.5,5068.2,3685.4,2665.1,1226.9,4197.2,5968.3,2886.5,1941.5,1699.5,3166.1,1035.0,3123.2,1071.6,3684.4,1397.4,5436.4,7225.6,4050.9,1812.3,156.5
2026-09-14 23:45:00,725.7,426.2,992.9,355.1,618.0,441.5,4.7,65.3,334.9,199.3,127.3,1261.1,3504.8,2818.9,1336.0,1443.8,125.8,41.6,1005.5,1684.6,449.0,580.5,5032.8,3661.6,2616.9,1228.0,4167.0,5873.7,2875.0,1886.6,1698.2,3138.3,1030.6,3099.7,1063.3,3685.8,1377.1,5362.6,7106.6,4047.4,1784.7,156.1
2026-09-15 00:00:00,696.3,571.3,951.9,394.0,618.1,351.2,1.0,39.6,335.4,36.4,241.8,1228.6,3462.7,2634.0,1179.0,1299.1,116.2,59.8,1013.5,1409.8,454.5,560.9,4884.7,3843.3,2555.3,1318.7,4157.9,6016.6,2749.3,1771.6,1668.3,3225.5,1019.3,2999.0,1040.7,3562.1,1369.6,5065.9,7024.3,4053.2,1696.8,154.8
2026-09-15 00:15:00,715.7,554.0,970.5,407.1,618.5,338.0,1.0,39.2,327.8,37.7,227.4,1236.0,3629.0,2604.8,1240.8,1287.0,123.4,46.1,1013.2,1454.0,453.6,564.5,4835.9,3866.4,2526.1,1319.1,4143.5,5994.0,2741.5,1769.5,1664.4,3220.5,1006.1,2950.6,1033.1,3563.4,1359.7,5030.1,6966.4,4044.1,1673.8,150.4
2026-09-15 00:30:00,725.8,542.6,975.9,450.4,619.1,318.5,1.0,39.4,321.2,30.8,221.8,1222.5,3542.8,2629.0,1273.2,1271.0,124.3,46.1,1018.7,1486.7,455.0,551.3,4856.0,3897.8,2491.2,1319.7,4119.4,5538.1,2730.5,1778.4,1661.5,3208.1,1001.5,2912.4,1027.7,3563.6,1350.7,5029.6,6928.1,4076.6,1672.5,147.9
2026-09-15 00:45:00,722.1,523.1,976.0,507.5,616.5,317.2,1.0,38.6,318.2,29.2,220.1,1224.8,3730.0,2648.4,1262.2,1244.7,144.8,46.1,1026.3,1512.2,459.5,540.5,4838.7,3893.5,2450.6,1318.9,4099.2,5238.0,2720.2,1762.9,1661.0,3210.8,992.4,2891.6,1025.2,3564.4,1342.5,4998.8,6904.8,4040.1,1667.9,145.5
2026-09-15 01:00:00,715.1,536.9,1026.0,504.8,610.5,318.3,1.0,40.1,319.2,24.1,190.3,1268.1,3337.8,2545.2,1223.2,1271.3,119.8,46.4,1054.4,1528.3,451.9,555.4,4760.7,3851.0,2400.4,1331.8,4169.7,5383.2,2553.7,1584.2,1652.7,3212.2,972.3,3124.9,1018.3,3577.2,1331.8,4855.2,6794.5,3994.2,1653.7,143.1
2026-09-15 01:15:00,722.4,536.0,1032.7,503.1,606.8,317.2,1.0,39.6,317.1,19.0,186.5,1269.9,3361.1,2538.0,1218.4,1229.6,119.2,46.4,1062.9,1539.4,448.5,542.9,4780.1,3852.3,2377.7,1333.1,4155.9,5184.8,2552.3,1586.4,1651.1,3214.2,966.1,3093.0,1015.6,3579.4,1326.4,4846.8,6750.6,3988.8,1657.0,142.1
2026-09-15 01:30:00,721.4,524.9,1028.2,501.8,606.2,317.3,1.0,40.0,325.4,19.0,188.5,1270.3,3347.1,2562.0,1198.8,1239.9,113.0,60.8,1067.0,1553.2,450.4,543.9,4765.0,3858.1,2354.1,1333.4,4146.9,5073.7,2550.1,1594.8,1648.2,3216.4,958.4,3053.5,1014.1,3581.4,1324.6,4834.0,6730.8,3985.4,1652.6,141.6
2026-09-15 01:45:00,722.4,520.8,1027.6,501.1,604.8,317.5,1.0,38.8,320.1,19.0,184.6,1272.1,3658.1,2580.6,1201.6,1213.3,97.7,46.4,1064.5,1560.5,445.6,545.1,4746.5,3875.7,2327.7,1332.2,4134.0,4962.1,2546.1,1607.5,1654.7,3217.9,952.6,2989.0,1012.3,3583.7,1322.4,4803.7,6695.1,3984.0,1650.6,141.3
2026-09-15 02:00:00,725.2,520.7,1023.8,500.3,638.2,321.7,1.0,52.5,322.9,17.1,180.1,1273.4,3627.0,2662.0,1195.2,1209.7,84.7,62.6,1063.8,1558.5,450.5,535.5,4780.7,3881.0,2306.6,1334.3,3972.9,4816.9,2481.5,1641.5,1599.4,3142.8,943.6,2828.3,1009.0,3586.9,1322.5,4779.9,6787.5,4085.3,1639.0,144.1
2026-09-15 02:15:00,722.3,520.8,1023.4,500.4,635.3,321.5,1.0,52.2,304.2,17.1,168.6,1275.2,3780.5,2669.6,1198.0,1199.3,90.8,46.7,1062.0,1561.4,449.2,537.5,4803.7,3902.2,2290.6,1333.4,3964.3,4593.6,2478.2,1647.1,1597.8,3137.8,939.6,2803.1,1007.5,3590.6,1321.7,4773.4,6771.9,4081.8,1639.9,143.1
2026-09-15 02:30:00,720.9,519.4,1050.4,499.4,634.6,320.9,2.9,51.8,315.6,17.1,168.5,1280.1,3680.2,2689.3,1178.4,1211.5,88.8,46.7,1057.9,1558.4,442.0,539.5,4788.8,3925.4,2280.0,1333.6,3958.2,4732.8,2474.0,1643.2,1602.1,3140.3,938.9,2776.3,1006.1,3594.7,1320.9,4771.5,6758.9,4069.9,1636.6,141.4
2026-09-15 02:45:00,723.6,493.7,1076.5,499.0,640.9,320.4,3.7,51.6,319.0,20.0,161.7,1288.4,3733.8,2727.3,1164.6,1220.1,85.0,63.0,1054.4,1550.9,435.8,540.8,4780.5,3944.7,2269.7,1334.7,3952.9,4626.2,2472.5,1629.8,1608.8,3143.6,934.3,2778.2,1006.1,3599.0,1316.6,4764.9,6754.0,4067.8,1638.4,139.3
2026-09-15 03:00:00,718.3,533.7,1068.6,497.7,629.7,321.9,1.0,50.9,320.7,18.7,191.0,1289.2,3892.6,2765.4,1164.2,1215.1,65.6,63.8,979.8,1494.8,430.2,544.6,4771.6,3904.0,2248.5,1345.9,3791.0,4377.0,2440.9,1679.2,1611.2,3144.4,925.4,2763.7,1006.0,3589.8,1309.8,4727.7,6714.1,4054.1,1633.8,175.5
2026-09-15 03:15:00,721.4,533.5,1077.6,497.8,631.1,321.6,3.7,51.1,314.9,18.7,171.0,1289.6,4285.0,2771.4,1154.6,1210.9,63.6,63.5,975.4,1488.5,417.0,548.4,4775.5,3928.0,2238.7,1344.5,3787.0,4379.1,2442.4,1679.8,1613.8,3144.3,921.9,2746.9,1004.4,3595.4,1304.4,4718.2,6695.0,4053.1,1625.7,176.9
2026-09-15 03:30:00,724.2,533.2,1085.8,496.7,633.4,320.4,3.7,51.0,335.8,20.3,170.2,1291.3,4351.3,2797.5,1143.2,1218.2,63.6,63.3,964.3,1490.2,408.8,553.0,4778.7,3945.9,2231.4,1344.7,3785.9,4424.2,2439.2,1677.5,1610.7,3140.1,919.8,2730.9,1004.4,3600.8,1302.4,4705.4,6695.1,4051.2,1625.4,177.9
2026-09-15 03:45:00,726.2,521.2,1094.4,496.8,631.8,320.2,3.8,51.2,339.7,19.9,168.1,1291.8,4349.9,2831.1,1134.0,1214.7,67.7,47.3,962.3,1463.2,406.0,561.0,4784.6,3968.9,2229.1,1346.8,3787.0,4268.5,2436.7,1677.0,1610.4,3137.3,919.0,2731.5,1002.9,3606.9,1300.7,4687.5,6682.7,4043.5,1620.2,179.0
2026-09-15 04:00:00,741.1,518.9,1065.2,495.9,605.6,319.6,3.7,50.8,344.1,17.9,135.8,1278.6,4480.5,2899.4,1166.4,1218.1,107.9,48.2,973.5,1450.3,416.8,560.1,4818.4,4016.3,2219.1,1334.8,3622.0,4583.2,2415.0,1716.9,1610.7,3106.2,905.7,2659.9,1002.1,3611.0,1370.8,4759.4,6572.6,3936.0,1625.1,150.9
2026-09-15 04:15:00,745.7,519.4,1068.4,495.1,615.5,319.6,3.7,51.0,343.8,17.6,133.6,1278.6,4499.9,2901.9,1160.4,1217.5,108.4,48.3,970.6,1445.4,415.6,570.8,4854.5,4040.4,2225.2,1339.9,3627.3,4584.6,2417.5,1695.2,1617.8,3104.9,906.5,2672.2,1000.7,3615.8,1374.8,4750.7,6568.9,3939.6,1636.2,152.7
2026-09-15 04:30:00,755.8,519.4,1069.5,493.3,629.1,319.2,1.0,51.6,335.8,17.6,133.9,1279.0,4356.2,2918.3,1110.3,1214.9,108.7,48.3,968.6,1449.7,413.8,575.9,4876.5,4101.1,2228.7,1342.0,3631.2,4581.7,2419.0,1700.5,1616.1,3103.2,907.8,2675.8,1000.2,3621.4,1379.5,4741.7,6582.6,3942.5,1639.9,153.9
2026-09-15 04:45:00,766.1,534.2,1097.7,493.0,637.3,320.0,1.0,52.8,326.3,17.6,139.5,1279.7,3693.8,2939.1,1136.9,1218.3,153.7,48.2,968.3,1445.2,419.4,582.7,4901.8,4129.0,2237.0,1343.2,3637.3,4498.5,2419.3,1722.4,1616.8,3109.8,906.5,2685.4,999.7,3627.5,1385.4,4732.5,6609.7,3945.1,1655.9,153.4
2026-09-15 05:00:00,799.0,533.7,1171.7,537.7,666.3,424.3,1.0,23.3,353.6,25.6,103.8,1291.9,3763.2,3067.6,1180.2,1237.0,186.6,44.5,911.8,1637.8,397.0,603.1,5223.7,4342.2,2275.6,1217.9,3509.4,4650.7,2489.8,1864.0,1626.7,3097.9,914.9,2772.0,1005.9,3647.1,1318.0,4724.7,6756.6,3957.9,1688.5,151.8
2026-09-15 05:15:00,801.0,544.3,1210.1,537.2,678.1,424.7,1.0,24.7,337.3,25.6,104.4,1290.5,3755.8,3071.1,1165.3,1232.6,206.3,44.6,918.4,1644.4,402.0,609.1,5235.9,4372.5,2315.6,1219.2,3529.4,4806.2,2497.3,1862.2,1637.5,3103.4,919.8,2808.0,1005.0,3653.8,1333.2,4706.5,6837.1,4055.4,1716.4,151.8
2026-09-15 05:30:00,810.2,565.4,1244.0,548.8,696.5,453.5,1.0,26.1,349.9,26.8,107.1,1300.3,3593.2,3078.2,1098.0,1253.4,199.4,30.4,927.0,1681.7,399.2,614.3,5286.1,4431.8,2348.4,1297.7,3546.4,4978.1,2508.2,1878.0,1642.5,3104.5,926.9,2758.7,1005.9,3661.0,1352.2,4722.7,6933.8,4127.7,1752.3,156.6
2026-09-15 05:45:00,805.0,570.8,1264.2,558.4,716.7,473.7,1.2,26.4,361.7,35.2,111.9,1312.8,3593.9,3114.1,1095.7,1278.5,198.3,30.5,935.0,1712.2,402.8,626.9,5342.5,4491.1,2398.0,1342.0,3572.8,5341.3,2522.3,1897.7,1646.6,3108.5,938.8,2758.2,1007.7,3668.4,1368.6,4750.8,7035.0,4169.4,1783.6,157.8
2026-09-15 06:00:00,850.3,569.6,1331.1,766.7,750.0,483.6,2.9,13.8,381.0,53.5,81.4,1298.5,4107.3,3278.8,1183.4,1366.2,367.9,30.2,1043.8,1800.3,442.4,604.7,5539.8,4602.4,2532.5,1288.2,3912.1,6268.3,2544.1,1917.4,1728.8,3091.5,945.4,2861.5,1029.3,3647.5,1423.9,4679.5,7351.3,4269.7,1909.6,187.4
2026-09-15 06:15:00,852.0,576.5,1339.4,772.0,774.2,500.9,2.9,15.0,395.7,53.5,92.9,1290.5,4121.4,3384.3,1199.6,1364.6,339.4,30.3,1058.1,1810.8,466.2,609.1,5580.2,4638.4,2611.8,1386.1,3948.2,6255.2,2567.6,1926.8,1727.3,3120.7,963.5,3085.8,1037.3,3654.2,1443.8,4691.7,7537.5,4277.3,1964.1,195.2
2026-09-15 06:30:00,869.6,582.1,1369.4,787.2,793.7,509.3,3.0,17.6,414.8,47.2,107.3,1276.4,4126.8,4114.3,1182.9,1345.7,352.9,30.4,1083.6,1839.2,477.5,615.1,5602.9,4696.4,2677.5,1389.4,3990.8,6283.0,2585.9,1946.0,1733.0,3126.0,985.5,3187.8,1047.0,3662.7,1467.6,4756.8,7693.7,4395.1,2003.1,192.8
2026-09-15 06:45:00,867.6,583.4,1378.4,817.1,806.7,528.9,6.4,17.8,423.7,53.1,117.0,1286.9,3868.7,4381.4,1228.5,1371.8,371.6,30.5,1073.8,1915.7,484.8,622.0,5610.1,4722.5,2760.3,1391.4,4024.9,6432.6,2611.6,1976.9,1739.4,3140.6,1000.5,3317.8,1060.4,3668.5,1487.9,4793.9,7846.4,4397.6,2055.3,196.2
2026-09-15 07:00:00,870.5,604.6,1383.3,640.3,829.5,686.7,13.5,39.1,470.5,50.3,140.7,1286.6,3509.3,4171.9,1288.6,1435.2,406.6,30.8,1210.9,1823.0,489.6,639.3,5681.7,4776.7,2946.8,1306.8,4558.1,6937.0,2693.1,1954.2,1804.6,3118.7,1049.8,3898.9,1065.2,3879.8,1607.7,4675.3,8125.4,4521.5,2120.9,209.8
2026-09-15 07:15:00,885.3,617.3,1406.5,634.9,844.3,699.9,15.7,39.6,467.0,48.3,137.2,1285.1,3360.5,4104.1,1332.5,1424.9,404.6,31.0,1199.4,1881.0,486.5,633.6,5684.8,4798.9,3016.3,1359.7,4586.1,7135.8,2713.8,1964.6,1810.4,3119.7,1068.5,3930.9,1069.6,3880.2,1621.7,4700.6,8209.6,4595.9,2143.1,241.1
2026-09-15 07:30:00,882.3,608.6,1393.6,634.4,856.1,704.0,15.3,40.2,480.1,49.1,149.1,1302.6,3397.4,4154.8,1350.0,1454.8,403.0,31.0,1202.0,1947.1,492.4,641.0,5695.4,4835.1,3053.1,1376.3,4613.7,7162.7,2726.2,2006.0,1814.5,3128.1,1077.3,3935.8,1074.8,3881.5,1636.7,4688.1,8269.0,4673.9,2153.1,245.9
2026-09-15 07:45:00,877.6,606.6,1388.0,639.9,858.5,732.2,14.1,39.9,484.8,49.6,156.7,1306.9,3962.3,4778.5,1338.4,1450.1,392.2,42.0,1212.0,1970.0,503.0,644.6,5717.1,4859.7,3091.8,1423.4,4618.0,7163.6,2744.3,1985.2,1825.0,3125.3,1088.1,3970.2,1077.9,3883.1,1646.0,4718.3,8298.0,4668.6,2175.2,218.0
2026-09-15 08:00:00,870.4,637.2,1319.1,631.9,853.8,617.0,17.8,19.5,483.7,47.6,213.6,1310.9,4169.0,4885.1,1584.3,1509.3,234.1,66.1,1335.2,1965.8,495.1,714.6,5614.5,4729.9,3142.5,1390.1,4702.5,7167.2,2772.9,2128.9,1820.2,3108.9,1097.5,4005.0,1076.5,3712.1,1663.5,4932.4,8367.3,4718.4,2163.4,277.3
2026-09-15 08:15:00,858.6,648.1,1293.8,582.9,853.6,640.5,14.0,18.0,471.1,41.1,219.7,1294.8,4360.0,4613.1,1700.0,1633.1,205.7,66.1,1344.5,1958.5,504.5,693.7,5612.3,4713.6,3155.8,1406.6,4697.9,7158.8,2781.3,2094.7,1819.6,3096.3,1096.4,4036.5,1076.5,3709.3,1664.6,4973.9,8355.8,4677.6,2166.4,255.1
2026-09-15 08:30:00,851.8,665.9,1267.1,532.7,849.0,678.0,12.6,18.9,459.0,37.2,216.6,1312.7,4393.0,3984.5,1728.3,1751.2,205.2,66.1,1339.4,1983.1,502.9,699.3,5651.6,4717.3,3160.0,1471.7,4700.2,7158.9,2779.4,2077.0,1819.8,3087.5,1099.0,3990.9,1071.2,3707.0,1662.2,4981.0,8341.9,4649.4,2158.4,256.4
2026-09-15 08:45:00,838.6,672.1,1230.0,534.0,843.0,725.2,19.6,20.4,425.2,30.8,232.7,1333.9,4544.1,4062.7,1697.1,1764.6,187.1,66.1,1349.7,1997.1,516.4,690.5,5647.1,4709.0,3169.2,1397.1,4707.6,6603.4,2783.6,2146.5,1820.7,3083.1,1104.8,3957.7,1081.3,3701.9,1649.2,4996.2,8349.2,4587.7,2163.6,263.4
2026-09-15 09:00:00,811.5,725.3,1148.6,536.4,829.9,498.6,45.0,57.7,418.8,51.2,185.9,1332.5,4478.2,4060.6,1618.2,1838.2,60.0,110.1,1490.2,2055.9,502.4,707.3,5526.5,4670.6,3191.7,1414.7,4640.2,5939.5,2770.8,2128.7,1826.6,3053.9,1075.6,4049.5,1090.5,3675.8,1645.1,5044.5,8249.6,4458.8,2099.5,240.6
2026-09-15 09:15:00,796.1,747.4,1091.2,540.5,824.0,541.0,45.2,52.6,381.1,61.0,186.3,1363.3,4522.4,3847.8,1566.5,1840.4,67.7,86.3,1504.1,2080.2,499.3,706.5,5548.8,4643.4,3184.6,1434.2,4624.5,5198.5,2770.4,2145.7,1827.8,3060.3,1070.2,4051.5,1097.2,3677.4,1649.3,5027.2,8224.0,4462.1,2085.2,241.1
2026-09-15 09:30:00,769.5,753.3,1053.1,437.2,819.5,581.2,45.2,53.4,303.2,103.9,167.1,1385.2,4551.7,3750.3,1554.9,1737.7,72.1,86.3,1504.7,2095.0,495.0,708.5,5600.4,4605.7,3180.8,1414.0,4623.4,4477.5,2767.8,2206.2,1824.2,3055.7,1068.8,3972.6,1105.6,3679.9,1639.3,5039.4,8249.5,4425.5,2078.1,247.2
2026-09-15 09:45:00,752.8,763.4,996.2,336.4,811.6,615.4,60.1,54.1,266.8,115.8,166.1,1393.3,4797.5,3664.5,1488.3,1567.0,71.4,86.4,1571.5,2104.5,540.3,703.4,5604.9,4564.9,3183.1,1337.7,4616.9,3756.0,2769.8,2260.9,1822.7,3030.7,1061.5,3846.5,1110.1,3683.2,1635.6,5069.2,8245.6,4409.2,2073.6,256.5
2026-09-15 10:00:00,740.2,829.9,907.8,152.4,799.6,661.0,50.0,91.3,242.1,141.8,385.3,1463.9,4672.8,3704.6,1603.3,1581.7,26.0,123.7,1571.9,2177.7,495.1,713.9,5604.8,4473.6,3188.7,1278.0,4529.3,3454.3,2769.6,2252.0,1811.4,3006.7,1049.3,3902.6,1102.8,3727.6,1612.4,5162.9,8250.2,4279.6,2042.5,258.0
2026-09-15 10:15:00,731.4,790.6,845.8,159.1,795.1,685.5,50.4,79.2,212.5,158.0,384.1,1478.8,5564.6,3783.6,1531.4,1590.4,20.0,152.0,1574.3,2205.6,492.4,706.6,5631.1,4454.6,3187.7,1236.6,4596.5,2920.4,2773.7,2246.5,1814.2,2990.8,1047.7,3869.6,1092.3,3734.5,1616.9,5154.8,8225.8,4290.4,2021.9,266.0
2026-09-15 10:30:00,723.6,807.6,790.4,175.8,793.5,703.4,51.5,79.9,187.4,106.0,405.6,1504.4,5702.0,3835.0,1514.0,1581.2,11.2,166.3,1577.8,1990.5,534.0,309.5,5664.0,4423.3,3181.5,1116.7,4592.9,2807.5,2769.0,2192.7,1807.9,2951.9,1045.4,3468.6,1080.1,3743.9,1622.3,5164.7,8201.8,4305.5,2012.0,276.5
2026-09-15 10:45:00,719.8,675.4,765.4,208.8,787.2,721.3,67.3,80.6,158.5,124.0,389.9,1518.3,5737.4,3887.7,1461.1,1595.8,11.1,128.2,1598.2,2022.2,530.2,290.6,5653.9,4409.9,3171.0,1091.2,4612.2,2731.0,2770.0,2146.6,1804.5,2912.6,1036.5,2957.4,1077.0,3765.0,1617.0,5193.7,8223.8,4231.7,1998.1,281.7
2026-09-15 11:00:00,704.8,757.4,826.7,240.6,772.1,736.2,82.0,81.4,94.7,231.9,382.8,1550.7,5579.0,4091.7,1596.8,1598.2,184.8,25.7,1733.9,2021.4,583.6,332.9,5605.7,4207.6,3193.5,1127.0,4489.6,2976.1,2744.6,2169.5,1847.1,2929.8,1061.7,2464.3,1065.6,3851.7,1637.7,5138.2,8176.0,4209.6,1972.0,273.1
2026-09-15 11:15:00,716.7,680.6,809.3,277.1,767.1,742.3,83.7,70.1,92.3,202.0,382.3,1550.2,6020.5,4101.0,1585.6,1579.2,177.9,64.6,1773.1,2008.8,620.3,306.7,5580.1,4213.0,3187.2,1127.3,4486.2,2959.2,2744.3,2120.5,1844.5,2909.2,1055.2,2489.6,1062.9,3888.4,1639.3,5166.7,8188.7,4205.0,1971.6,274.4
2026-09-15 11:30:00,699.9,735.3,1007.6,308.8,767.0,734.4,86.0,70.2,91.1,205.9,407.5,1572.9,6111.9,4169.7,1573.1,1613.9,178.0,32.0,1878.7,2023.2,622.6,303.4,5545.2,4237.5,3176.7,1131.6,4480.9,2950.9,2737.4,2090.8,1832.7,2877.4,1053.4,2503.8,1062.3,3922.7,1636.2,5145.5,8222.0,4159.2,1955.1,279.0
2026-09-15 11:45:00,708.8,763.4,1055.4,339.1,774.3,730.6,102.8,70.3,89.5,244.1,416.7,1585.2,6324.6,4241.6,1538.9,1598.3,189.7,0.0,1924.1,2006.5,659.4,309.1,5538.0,4253.2,3172.4,1123.3,4482.6,2923.8,2728.2,2028.9,1834.0,2859.1,1052.9,2563.4,1063.9,3954.8,1632.0,5077.5,8243.7,4108.5,1952.6,273.2
2026-09-15 12:00:00,716.9,805.1,1035.0,362.3,819.2,724.4,80.2,49.0,102.0,267.9,363.6,1584.1,6231.7,4358.4,1676.8,1661.2,61.3,143.8,1828.5,2074.0,638.7,321.4,5468.6,4072.2,3166.9,1094.0,4462.7,3068.1,2635.8,2012.5,1817.4,2901.8,1038.0,2564.9,1065.6,3861.4,1633.1,5229.8,8179.3,4111.4,1940.2,266.2
2026-09-15 12:15:00,710.1,712.6,1033.8,365.0,823.9,720.0,96.9,49.1,100.8,288.6,357.6,1593.7,6396.2,4394.1,1646.2,1696.6,61.3,143.0,1900.6,2065.5,641.8,309.7,5444.7,4117.9,3163.9,1085.6,4450.5,3066.7,2633.9,1968.2,1815.2,2891.1,1037.2,2577.0,1066.6,3886.8,1628.4,5216.8,8170.9,4076.3,1927.3,260.3
2026-09-15 12:30:00,711.3,704.3,1028.9,375.5,826.6,711.2,96.9,49.2,100.4,299.6,356.3,1605.7,6504.9,4418.8,1617.1,1708.1,61.4,167.0,1896.7,2087.9,638.2,310.7,5448.2,4134.7,3161.6,1085.4,4448.9,3069.1,2628.9,1918.7,1814.3,2872.7,1033.7,2595.1,1063.7,3908.4,1624.7,5156.6,8187.9,4068.2,1924.2,262.8
2026-09-15 12:45:00,728.1,691.7,1028.0,391.8,830.3,706.0,97.0,49.3,102.4,311.8,357.0,1632.4,6530.3,4425.7,1605.4,1741.7,61.4,166.9,1902.7,2106.0,632.5,306.1,5454.3,4153.5,3165.7,1090.1,4448.3,3071.5,2630.7,1884.3,1817.4,2854.1,1029.1,2612.4,1064.6,3917.9,1621.1,5210.4,8181.1,4044.0,1926.4,265.1
2026-09-15 13:00:00,786.4,681.9,1032.1,417.5,832.6,695.5,107.9,35.5,114.5,271.3,392.4,1622.7,6530.4,4561.0,1433.6,1686.0,182.0,123.2,1946.4,2133.9,636.1,306.7,5346.9,4132.7,3150.8,1093.8,4383.5,3100.2,2620.6,1885.2,1816.4,2904.3,1044.8,2650.0,1068.9,3900.2,1604.2,4704.1,8248.0,4065.7,1886.0,270.6
2026-09-15 13:15:00,789.9,673.6,1035.1,419.6,843.7,695.3,108.0,35.3,115.3,270.0,369.8,1628.5,6514.5,4559.1,1456.4,1698.8,189.0,158.2,1949.4,2140.5,633.5,305.7,5356.2,4163.2,3151.7,1123.4,4389.6,3103.8,2622.8,1873.7,1813.9,2885.6,1042.2,2724.6,1070.7,3907.9,1600.9,4754.9,8233.1,4067.5,1884.0,271.1
2026-09-15 13:30:00,809.4,665.2,1038.6,413.8,843.5,684.6,100.9,34.9,113.1,261.4,370.5,1639.6,6467.4,4551.5,1477.0,1709.2,181.9,186.6,1948.4,2296.4,636.0,304.4,5323.6,4174.2,3153.1,1122.6,4388.4,3102.4,2621.3,1869.2,1814.4,2872.9,1042.7,2772.9,1070.4,3920.1,1598.8,4802.6,8224.4,4070.4,1888.9,271.9
2026-09-15 13:45:00,807.9,655.5,1035.8,407.0,846.3,669.9,91.5,34.4,115.6,255.0,370.5,1639.5,6436.9,4536.1,1499.0,1702.8,181.9,189.1,1947.4,2293.3,636.3,309.4,5319.2,4196.9,3157.2,1121.5,4387.4,3123.7,2623.0,1833.7,1814.2,2818.9,1038.6,2824.4,1067.5,3935.4,1598.0,4842.8,8228.7,4061.4,1883.6,272.9
2026-09-15 14:00:00,813.1,643.5,968.4,396.7,815.7,647.2,99.6,58.8,94.1,262.5,270.8,1652.5,6359.8,4554.2,1493.5,1674.0,61.4,209.0,1786.4,2247.8,612.2,314.5,5372.0,4182.4,3162.7,1126.2,4533.1,3181.6,2631.3,1807.1,1835.1,2823.6,1038.7,2871.3,1064.9,3953.9,1514.2,4998.5,8217.2,4004.8,1880.3,271.8
2026-09-15 14:15:00,818.7,628.4,938.4,429.6,813.3,647.1,82.9,58.3,97.1,236.2,268.1,1649.5,6286.8,4495.6,1521.2,1661.3,58.7,209.7,1778.9,2300.4,606.9,322.5,5432.0,4186.7,3168.2,1126.0,4540.1,3133.0,2633.1,1816.3,1828.2,2856.4,1037.2,2865.4,1063.4,3975.1,1516.4,5053.4,8182.8,4034.9,1880.0,273.0
2026-09-15 14:30:00,822.3,617.2,936.4,378.3,818.6,603.8,82.4,57.8,102.4,218.3,272.1,1637.1,6238.2,4447.9,1551.2,1627.5,51.5,191.2,1774.1,2307.2,608.3,328.2,5381.4,4232.2,3166.0,1124.2,4538.0,3269.2,2629.9,1871.4,1823.4,2822.1,1033.2,2898.0,1062.0,4002.5,1518.0,5187.6,8186.5,4071.7,1872.2,275.0
2026-09-15 14:45:00,767.4,605.6,951.8,359.8,812.1,571.1,79.2,67.7,93.3,205.9,246.4,1638.1,5917.9,4411.4,1559.9,1630.4,51.5,172.4,1706.1,2349.1,613.1,336.6,5383.6,4258.6,3168.3,1117.7,4539.7,3303.6,2633.1,1864.6,1834.4,2834.4,1036.2,2926.7,1060.7,4022.3,1520.6,5173.8,8165.5,4113.6,1868.9,287.5
2026-09-15 15:00:00,777.5,579.1,971.8,345.4,811.3,585.9,53.6,59.5,99.6,158.5,172.6,1606.9,5604.3,4268.3,1407.8,1580.5,51.6,257.6,1495.2,2349.3,532.3,356.0,5441.5,4354.0,3149.8,1237.1,4058.7,2804.6,2655.8,1733.7,1877.6,2845.5,998.6,2523.3,1054.1,4033.5,1524.0,5273.5,8100.6,3860.7,1843.0,285.1
2026-09-15 15:15:00,786.7,563.2,986.1,358.9,801.0,569.2,38.0,58.9,99.5,141.8,183.7,1606.3,5394.5,4188.8,1440.2,1586.2,51.6,304.5,1369.1,2479.1,512.2,368.2,5447.2,4369.7,3155.5,1234.5,4065.5,2814.7,2657.1,1713.7,1883.5,2836.0,1026.8,2605.7,1053.0,4055.0,1527.3,5210.9,8098.3,3896.5,1846.0,286.6
2026-09-15 15:30:00,822.1,526.9,782.1,331.6,805.8,542.3,37.0,58.0,119.3,152.3,206.7,1596.1,5183.8,4219.4,1525.2,1551.5,51.6,300.7,1369.6,2482.2,488.6,381.2,5500.6,4371.3,3180.7,1234.7,4079.8,2861.5,2655.9,1697.7,1881.5,2830.6,1028.1,2662.9,1053.3,4073.6,1530.8,5243.6,8104.9,3903.7,1844.8,291.5
2026-09-15 15:45:00,837.7,498.4,812.0,367.8,806.5,536.7,37.1,74.9,129.4,136.7,208.7,1592.7,4430.4,4075.1,1581.0,1522.4,51.6,277.4,1362.1,2703.0,480.0,689.4,5476.1,4376.5,3203.3,1256.6,4082.4,2960.3,2653.0,1661.8,1881.9,2813.6,1007.5,3214.6,1056.2,4089.8,1535.4,5271.8,8106.2,3919.8,1844.1,286.5
2026-09-15 16:00:00,805.3,487.1,929.2,268.5,819.3,771.0,28.9,88.3,124.4,111.6,290.4,1577.1,4665.0,3745.1,1445.6,1502.8,219.8,57.5,1426.6,2543.7,525.2,339.8,5545.3,4413.3,3222.2,1168.7,4070.8,3205.5,2690.4,1709.9,1832.5,2856.6,1003.3,3089.0,1061.7,4007.5,1534.5,5161.0,8112.4,3965.2,1824.4,350.2
2026-09-15 16:15:00,814.3,490.3,1003.6,254.3,824.3,739.5,12.0,88.9,139.8,84.3,301.4,1567.6,4465.2,3650.2,1489.7,1495.1,239.9,56.9,1404.2,2896.5,499.0,495.0,5506.1,4458.3,3245.6,1279.9,4073.8,3308.8,2689.1,1715.5,1829.8,2866.9,1010.9,3558.0,1064.7,4024.1,1536.8,5149.4,8132.3,4046.5,1831.9,348.1
2026-09-15 16:30:00,832.2,547.2,1061.7,279.4,832.8,717.1,12.0,89.5,149.3,71.9,299.5,1544.9,4810.3,3557.9,1574.1,1582.1,240.0,135.0,1410.3,2731.5,503.1,816.8,5510.6,4478.8,3251.1,1324.2,4066.7,3547.0,2684.8,1668.8,1829.4,2856.6,1010.2,3959.8,1067.2,4040.0,1539.1,5113.6,8156.5,4097.5,1847.4,344.8
2026-09-15 16:45:00,842.7,560.7,1111.4,298.6,831.9,743.7,12.0,99.9,171.2,69.5,266.4,1532.1,4093.6,3430.5,1647.8,1708.3,240.0,155.4,1410.7,2768.3,494.1,850.1,5567.5,4520.4,3259.5,1332.1,3993.8,4062.9,2679.1,1618.8,1832.5,2841.8,1012.9,4105.9,1071.3,4055.9,1537.8,5116.8,8203.7,4127.7,1869.6,342.8
2026-09-15 17:00:00,892.7,444.5,1202.3,274.2,846.1,781.2,12.8,34.9,233.2,43.9,191.8,1492.4,4592.5,3265.7,1792.9,1735.0,43.5,57.8,1354.0,2654.4,528.9,808.2,5561.8,4649.3,3236.4,1181.3,4111.6,4439.9,2674.9,1650.5,1866.1,2811.8,1028.1,4161.7,1071.9,3926.5,1537.1,5149.1,8298.8,4560.7,1923.6,356.5
2026-09-15 17:15:00,874.7,540.7,1286.0,218.2,856.7,653.5,1.1,34.0,259.3,49.8,190.3,1471.3,4340.2,3185.0,1868.4,1731.1,41.9,69.8,1334.1,2689.0,521.8,819.1,5602.9,4745.4,3238.1,1335.7,4105.6,5163.1,2682.4,1624.8,1865.2,2809.5,1024.3,4022.6,1075.0,3934.3,1532.5,5119.1,8326.0,4811.4,1919.3,358.8
2026-09-15 17:30:00,883.5,522.5,1330.2,203.5,863.1,618.4,1.0,34.2,287.2,38.9,224.0,1440.4,4094.9,3673.8,1920.7,1712.6,61.9,71.4,1342.1,2657.7,527.0,815.0,5611.9,4788.1,3229.0,1339.4,4106.0,5887.4,2679.9,1563.0,1868.4,2812.3,1023.2,4084.0,1072.0,3939.3,1528.9,5089.8,8352.0,4758.9,1929.2,365.1
2026-09-15 17:45:00,886.4,541.4,1353.3,192.0,867.0,612.4,1.0,33.8,310.8,32.7,238.4,1415.4,3522.3,3332.1,1992.9,1694.1,41.9,86.9,1342.9,2671.4,524.2,825.6,5649.0,4841.7,3226.1,1339.0,4113.6,6343.8,2679.4,1560.3,1869.4,2805.0,1029.0,4068.6,1071.6,3945.9,1530.5,5064.4,8379.3,4763.6,1943.4,368.5
2026-09-15 18:00:00,937.9,404.9,1427.5,244.4,868.1,762.5,1.0,38.8,285.3,36.4,218.6,1344.0,4010.2,3349.8,1993.3,1565.8,177.9,59.8,1314.7,2719.3,546.2,852.4,5751.3,4961.8,3210.4,1189.5,4528.0,7172.9,2660.6,1646.3,1830.5,3040.4,1022.8,3859.2,1067.1,3406.6,1533.9,5215.2,8364.1,4946.5,1929.8,380.5
2026-09-15 18:15:00,952.0,471.0,1442.2,250.3,873.5,824.9,1.0,41.3,299.2,33.5,219.9,1314.6,3833.8,3314.2,1883.4,1387.2,134.7,59.8,1318.4,2705.8,542.4,860.4,5728.0,5052.1,3210.1,1191.8,4522.8,7092.8,2661.1,1601.5,1824.4,2991.9,1022.5,3887.9,1067.1,3411.9,1537.1,5137.8,8366.5,4966.8,1935.1,393.2
2026-09-15 18:30:00,966.6,485.6,1451.5,337.8,877.2,837.4,1.1,47.9,318.5,50.9,230.9,1282.1,3645.9,3169.2,1905.9,1362.0,84.8,59.8,1339.4,2676.3,547.6,859.0,5735.7,5136.4,3209.8,1192.3,4537.0,7131.8,2657.1,1597.2,1823.6,2902.5,1030.2,3873.4,1067.6,3416.7,1535.7,5148.7,8359.6,4969.9,1942.7,410.4
2026-09-15 18:45:00,954.4,616.4,1479.4,332.2,882.0,838.2,1.0,44.8,326.9,65.2,196.2,1320.9,3472.3,3134.1,1924.3,1423.7,88.7,59.7,1394.0,2634.8,547.8,868.5,5764.2,5214.1,3211.9,1193.4,4540.0,7070.9,2659.3,1589.0,1826.2,2830.7,1029.4,3861.1,1069.8,3421.3,1530.9,5122.6,8369.3,4980.6,1946.1,422.8
2026-09-15 19:00:00,948.6,666.7,1494.0,297.3,892.3,836.9,1.0,46.2,339.9,47.3,286.0,1258.8,3552.7,3240.6,1991.2,1455.4,297.1,50.3,1360.5,2604.4,546.2,890.4,5875.2,5408.0,3200.7,1178.8,4821.1,7556.2,2650.0,1675.6,1830.5,2968.7,1031.2,3787.7,1067.8,3041.7,1524.9,5086.7,8345.9,4846.0,1953.1,494.0
2026-09-15 19:15:00,943.1,669.4,1500.5,297.4,898.1,840.9,1.0,67.2,343.1,50.9,243.1,1250.2,3517.6,3263.5,1987.2,1468.8,237.2,50.2,1349.5,2566.1,545.1,911.0,5902.6,5464.7,3205.2,1179.8,4821.0,7556.8,2652.2,1679.0,1830.6,2963.4,1034.7,3794.5,1067.0,3043.5,1518.9,5095.0,8343.9,4833.5,1956.9,503.1
2026-09-15 19:30:00,941.1,671.4,1494.6,296.3,899.2,833.2,1.0,48.8,348.2,47.7,247.0,1236.9,3506.4,3323.1,1953.8,1455.9,247.7,50.2,1374.4,2542.8,542.2,897.1,5997.6,5547.9,3203.6,1190.0,4825.0,7561.6,2649.8,1677.6,1835.7,2956.1,1036.9,3786.0,1066.6,3044.2,1514.4,5063.2,8330.0,4809.8,1956.1,510.4
2026-09-15 19:45:00,940.2,678.1,1492.6,286.9,892.3,826.1,1.0,46.1,350.4,46.4,245.3,1217.7,3477.1,3168.0,1962.3,1481.9,237.2,50.2,1325.5,2513.9,536.8,936.9,6009.7,5626.4,3209.8,1183.9,4826.1,7562.9,2653.8,1680.4,1834.2,2927.1,1038.8,3800.1,1063.0,3044.1,1513.5,4996.2,8315.1,4818.2,1952.8,522.5
2026-09-15 20:00:00,937.2,675.7,1451.2,277.4,882.5,695.5,1.0,70.8,357.1,15.7,205.0,1377.0,3764.8,3197.8,1697.6,1375.6,258.8,50.0,1241.4,2534.5,527.3,941.4,5869.0,5641.9,3210.6,1158.8,4816.7,7519.7,2659.9,1777.8,1848.7,2832.2,1047.2,3836.4,1058.1,2780.6,1515.1,4909.9,8205.0,4850.3,1926.3,511.2
2026-09-15 20:15:00,931.4,678.7,1424.9,281.3,870.3,694.9,1.0,74.1,350.9,13.8,197.3,1390.0,3735.5,3372.8,1712.5,1331.2,242.6,50.0,1233.4,2497.9,562.4,964.1,5850.0,5688.7,3208.9,1159.8,4820.5,7523.2,2661.9,1782.8,1849.0,2800.7,1046.6,3831.6,1053.5,2779.3,1511.9,4853.2,8179.2,4763.7,1918.9,519.0
2026-09-15 20:30:00,928.1,648.1,1395.9,238.3,856.4,633.8,1.0,78.5,343.0,12.9,193.9,1389.1,3767.5,3596.5,1699.7,1326.7,256.9,50.0,1213.7,2459.9,522.4,988.2,5797.1,5745.6,3192.2,1161.8,4818.1,7521.4,2660.1,1816.1,1856.3,2736.2,1049.0,3791.5,1053.4,2776.6,1510.7,4781.7,8129.1,4729.5,1909.7,519.9
2026-09-15 20:45:00,951.6,511.6,1360.2,232.5,841.2,633.7,1.0,72.4,335.9,13.5,187.7,1366.6,3893.9,3741.4,1684.6,1321.5,242.0,50.0,1206.2,2418.1,517.6,1005.2,5743.4,5791.9,3182.8,1161.9,4815.6,7514.9,2658.8,1779.8,1850.2,2726.7,1046.2,3803.8,1051.4,2765.9,1507.3,4680.2,8101.1,4694.3,1894.8,533.0
2026-09-15 21:00:00,915.5,452.5,1291.9,198.1,814.9,487.7,22.0,15.2,381.1,32.6,197.3,1302.5,3734.7,3705.7,1646.5,1332.8,202.8,126.4,1186.3,2196.6,494.0,1041.3,5730.1,5755.7,3138.7,1150.7,4647.4,7366.9,2660.5,1903.8,1893.5,2763.8,1024.2,3615.6,1046.3,2533.1,1483.2,4732.6,7977.1,4730.2,1812.0,562.6
2026-09-15 21:15:00,901.2,438.2,1261.5,190.1,801.2,451.6,22.0,12.6,377.6,32.4,183.8,1311.6,3731.4,3816.1,1640.5,1345.4,201.1,124.3,1176.3,2175.0,493.3,1063.4,5723.8,5773.8,3111.7,1150.8,4628.7,7343.7,2655.9,1887.1,1890.9,2757.4,1016.0,3589.8,1039.7,2522.9,1472.2,4601.2,7901.2,4732.6,1782.3,570.3
2026-09-15 21:30:00,886.0,410.0,1230.7,189.4,788.1,424.9,22.0,7.6,370.0,36.3,174.1,1323.6,3711.9,3920.6,1648.4,1354.6,179.5,133.0,1171.3,2135.6,490.1,1091.1,5688.5,5810.7,3081.7,1160.9,4618.0,7328.0,2647.3,1854.6,1891.1,2754.2,1014.7,3568.1,1034.3,2517.4,1461.1,4512.3,7813.6,4646.4,1774.0,579.8
2026-09-15 21:45:00,870.4,405.4,1192.5,190.5,767.5,421.4,24.7,7.4,377.5,26.0,165.4,1317.0,3842.8,4045.4,1621.3,1323.0,177.8,122.3,1169.8,2088.8,488.9,1101.1,5646.3,5725.3,3054.0,1161.7,4596.7,7145.2,2641.7,1820.8,1889.4,2734.8,1002.0,3562.9,1029.6,2516.0,1446.6,4557.3,7782.2,4627.9,1745.8,600.1
2026-09-15 22:00:00,839.5,371.5,1134.2,195.4,740.2,266.0,2.0,14.4,351.5,27.2,159.1,1320.3,3600.6,3958.0,1557.6,1317.1,41.1,155.0,1163.8,2014.0,509.3,1114.2,5515.7,5877.2,2974.9,1151.5,4468.5,6951.1,2626.1,1841.9,1849.0,2564.4,984.2,3462.1,1018.9,2402.9,1424.5,4195.4,7602.3,4725.6,1707.3,549.1
2026-09-15 22:15:00,837.0,382.0,1124.0,191.7,729.2,235.5,3.9,13.9,363.6,18.6,154.4,1321.8,3778.0,3948.1,1551.4,1310.5,39.5,154.3,1160.6,1961.9,518.7,1121.2,5465.0,5881.2,2936.7,1149.4,4441.1,6676.6,2624.7,1842.5,1847.2,2533.0,973.7,3436.3,1010.6,2409.2,1408.9,4048.4,7504.7,4723.0,1658.2,554.1
2026-09-15 22:30:00,815.0,360.0,1098.9,195.5,712.1,234.2,4.7,13.8,360.7,18.6,156.0,1321.6,4101.4,4253.1,1580.2,1301.0,17.9,153.5,1160.5,1932.0,507.9,1136.8,5412.5,5818.2,2890.2,1149.2,4422.0,6118.3,2613.2,1806.4,1839.5,2543.9,962.3,3441.0,1003.3,2419.1,1400.8,4001.3,7418.0,4664.9,1653.9,565.3
2026-09-15 22:45:00,779.0,453.0,1078.0,198.4,697.5,233.9,4.7,13.8,357.4,18.6,157.4,1322.3,4212.1,4277.0,1578.1,1277.6,16.3,129.6,1157.4,1885.1,516.4,1144.2,5337.0,5789.1,2842.1,1148.7,4386.1,5351.6,2606.0,1808.2,1835.5,2492.3,948.3,3433.1,994.7,2432.1,1424.2,3989.8,7397.4,4627.0,1631.4,572.2
2026-09-15 23:00:00,774.8,452.8,1044.3,198.5,680.9,143.2,4.7,23.0,347.9,24.7,207.6,1310.2,3989.5,4247.5,1508.6,1252.3,84.7,85.3,1018.2,1840.1,481.6,1122.3,5215.5,5857.5,2765.8,1187.4,4283.7,5271.3,2586.2,1830.6,1800.0,2402.9,925.6,3361.0,981.8,2305.4,1444.1,3757.4,7236.0,4702.6,1590.1,588.9
2026-09-15 23:15:00,767.3,442.3,1020.9,208.3,668.5,145.3,4.7,22.6,346.1,24.5,197.4,1309.8,4078.6,4026.4,1482.6,1246.9,83.6,84.9,1017.5,1813.2,484.7,1116.6,5156.8,5781.2,2712.5,1186.4,4249.1,4644.2,2575.7,1836.1,1790.2,2371.8,911.2,3328.8,983.5,2317.9,1429.7,3704.8,7164.5,4689.0,1568.4,600.8
2026-09-15 23:30:00,760.2,435.2,1004.3,217.4,654.5,148.9,4.7,22.4,339.1,24.5,209.7,1310.7,4120.2,4211.7,1484.1,1224.6,82.6,135.7,1013.1,1774.9,484.9,1109.3,5114.3,5764.8,2674.9,1186.5,4228.8,4276.4,2564.9,1837.1,1786.0,2352.1,898.3,3297.9,976.9,2265.8,1410.0,3667.0,7097.5,4636.3,1555.7,601.6
2026-09-15 23:45:00,752.3,438.3,989.3,225.1,644.9,151.5,4.7,22.7,326.7,24.5,202.3,1317.7,4183.1,4177.2,1450.6,1228.6,81.6,162.0,1010.0,1747.0,491.4,1095.9,5118.2,5782.2,2620.3,1193.3,4194.0,4030.5,2555.7,1806.6,1782.8,2373.8,888.5,3263.0,968.8,2253.3,1385.5,3640.6,7069.2,4574.1,1530.8,609.2
2026-09-16 00:00:00,764.2,299.7,949.3,330.8,621.0,88.7,2.0,42.4,341.8,9.0,214.0,1299.2,3514.0,3580.4,1365.5,1236.3,133.1,66.3,997.2,2148.8,461.1,1118.2,5000.7,5856.3,2524.5,1191.9,4186.9,4683.0,2677.1,1819.6,1745.0,2431.4,883.2,2961.7,972.4,1985.9,1429.6,3415.6,6902.4,4758.6,1498.6,632.8
2026-09-16 00:15:00,759.9,283.3,934.1,348.8,614.0,90.2,2.1,42.8,336.4,1.0,195.4,1299.6,3634.2,3535.1,1505.6,1405.5,152.7,69.0,996.4,2122.6,459.9,1090.4,4997.6,5863.3,2494.2,1192.0,4171.4,4625.6,2666.3,1819.7,1740.3,2415.8,872.7,2924.5,966.4,1983.5,1424.3,3379.0,6853.4,4750.2,1483.7,620.7
2026-09-16 00:30:00,757.1,294.9,925.1,367.5,607.8,91.3,2.0,42.3,332.5,3.9,188.3,1302.9,3700.1,3485.2,1541.4,1489.2,152.3,69.5,1001.6,2091.7,469.1,1057.9,4949.8,5910.5,2462.2,1183.1,4148.2,4382.2,2656.6,1818.6,1736.3,2404.0,866.9,2910.0,964.2,1981.0,1418.1,3337.6,6802.3,4737.9,1475.8,618.3
2026-09-16 00:45:00,752.0,277.3,921.3,384.2,610.4,91.5,2.0,41.8,328.7,10.6,181.0,1305.5,3754.3,3384.5,1530.0,1497.4,151.9,69.2,1003.9,2070.1,471.7,1015.4,4954.5,5907.0,2432.0,1183.1,4133.7,4229.2,2635.6,1816.8,1734.8,2389.1,856.2,2868.0,959.9,1977.9,1412.7,3322.8,6777.8,4713.4,1464.2,607.1
2026-09-16 01:00:00,755.4,289.4,929.4,405.8,630.9,91.5,2.0,15.6,321.2,3.7,211.3,1316.3,3503.6,3209.7,1490.2,1509.0,149.0,64.0,982.3,2027.2,469.3,976.8,4895.5,5881.3,2374.9,1180.7,3943.3,4420.4,2655.6,1856.0,1705.9,2455.7,838.8,2721.8,954.1,1954.7,1406.1,2974.6,6722.9,4716.0,1449.1,598.9
2026-09-16 01:15:00,755.0,284.0,925.3,410.5,636.4,93.2,2.0,14.3,318.6,2.9,200.0,1316.6,3733.2,2970.1,1509.3,1508.5,149.2,61.9,982.2,2017.8,469.3,935.2,4884.7,5899.5,2355.5,1180.6,3932.3,4184.8,2649.2,1859.1,1703.5,2450.8,837.6,2712.7,952.0,1907.9,1402.9,3010.0,6669.1,4708.6,1439.6,582.6
2026-09-16 01:30:00,752.1,282.1,929.4,429.6,651.2,92.0,2.0,14.4,319.5,6.6,191.6,1315.8,3784.5,2857.4,1479.4,1511.6,149.4,61.8,984.1,2013.1,471.5,900.1,4873.8,5917.3,2335.6,1180.6,3925.9,4189.7,2645.7,1857.8,1700.6,2448.9,828.2,2684.4,948.9,1888.9,1401.3,3026.8,6687.4,4699.6,1432.3,568.4
2026-09-16 01:45:00,751.7,285.7,922.3,429.8,659.3,88.8,4.7,14.1,315.2,1.0,177.9,1316.3,3963.1,2761.3,1480.7,1514.6,150.1,45.2,982.5,2008.4,472.0,866.1,4864.0,5934.9,2313.3,1180.6,3918.0,4191.7,2642.1,1848.9,1704.5,2440.4,822.6,2651.3,945.3,1887.9,1400.1,2959.2,6584.1,4741.0,1424.2,578.1
2026-09-16 02:00:00,753.1,286.1,974.3,469.0,642.2,90.5,2.0,14.2,342.7,5.0,171.9,1339.9,3793.2,2753.9,1506.7,1483.8,146.1,57.0,1019.2,1968.4,467.3,835.2,4850.4,5896.1,2282.6,1188.6,3648.6,4212.1,2656.0,1875.6,1684.9,2532.0,816.0,2535.0,940.8,1887.7,1399.9,2876.1,6687.3,4892.4,1420.5,583.6
2026-09-16 02:15:00,755.6,268.0,966.2,485.5,642.7,92.4,2.0,14.3,333.4,5.7,159.3,1339.5,3971.5,2719.4,1500.9,1503.0,146.0,71.9,1017.1,1955.0,466.3,808.0,4846.1,5916.6,2270.7,1188.8,3640.6,4206.5,2651.4,1879.3,1683.6,2526.4,812.8,2507.5,938.7,1888.6,1397.7,2937.7,6679.6,4760.0,1422.9,534.8
2026-09-16 02:30:00,746.6,280.6,964.2,477.4,665.4,94.2,3.9,14.8,336.4,8.2,155.2,1340.7,4779.2,2686.3,1478.5,1506.2,145.9,73.9,1006.2,1946.3,464.6,790.5,4824.7,5945.0,2257.5,1188.7,3697.8,4319.8,2649.1,1875.1,1682.6,2520.8,810.9,2482.9,937.7,1890.4,1394.4,2954.6,6671.6,4753.9,1417.0,509.8
2026-09-16 02:45:00,760.4,328.4,960.3,455.2,683.3,96.4,4.7,15.1,336.3,8.2,143.1,1340.8,4803.1,2652.7,1475.4,1509.9,125.8,90.0,1012.0,1937.7,462.1,773.2,4820.3,5970.3,2250.2,1188.9,3696.3,4321.2,2648.4,1869.8,1681.3,2512.5,808.5,2465.4,936.9,1893.6,1388.5,2908.6,6670.1,4801.6,1417.4,504.7
2026-09-16 03:00:00,798.8,302.8,962.7,511.2,674.2,99.7,1.0,67.3,342.7,1.0,355.2,1359.4,4501.2,2627.7,1466.4,1523.6,125.4,107.2,999.9,1948.1,458.3,765.6,4830.3,5987.8,2227.8,1188.6,3730.1,4454.7,2644.0,1887.4,1637.8,2529.5,804.2,2403.7,938.5,1898.7,1351.1,2999.6,6703.7,4722.4,1460.4,431.9
2026-09-16 03:15:00,839.2,339.2,962.8,518.9,680.9,102.8,3.7,67.7,338.1,1.0,352.9,1358.4,4541.7,2615.0,1476.4,1508.5,125.3,107.3,997.8,1937.7,455.8,751.2,4837.1,6005.8,2220.6,1188.7,3727.9,4428.9,2630.7,1878.3,1639.7,2532.4,800.3,2384.8,937.4,1903.0,1346.3,3100.8,6812.0,4746.5,1469.9,412.7
2026-09-16 03:30:00,842.1,342.3,964.6,528.2,695.3,109.5,3.7,68.2,339.7,1.0,343.8,1357.7,4507.6,2584.4,1483.3,1506.4,125.2,107.4,996.4,1937.7,454.0,739.4,4844.7,6020.0,2214.1,1187.7,3724.5,4395.7,2630.7,1876.3,1636.6,2523.7,801.2,2377.5,938.9,1905.6,1345.8,3101.3,6789.2,4743.0,1463.1,402.9
2026-09-16 03:45:00,797.0,314.0,969.9,527.4,712.6,116.1,1.0,67.7,345.5,3.8,347.7,1355.8,4493.7,2595.3,1458.2,1506.6,125.1,107.9,993.8,1926.6,451.6,727.4,4856.2,6030.7,2210.1,1187.8,3664.9,4390.1,2645.1,1884.4,1636.8,2517.2,801.3,2364.8,939.5,1907.7,1348.3,3074.5,6714.7,4745.6,1453.4,384.8
2026-09-16 04:00:00,766.1,325.1,997.2,517.1,728.3,165.0,3.7,94.4,368.9,1.0,283.7,1357.8,4253.9,2540.7,1472.2,1498.6,126.0,89.0,955.0,1958.0,435.1,726.3,4965.8,6050.1,2199.1,1186.7,3635.3,4587.8,2609.9,1885.7,1666.9,2522.3,800.6,2304.4,912.2,1911.9,1288.1,2987.0,6546.4,4599.8,1426.3,366.1
2026-09-16 04:15:00,768.0,332.0,1000.1,521.0,740.9,168.8,1.0,94.4,372.3,1.0,304.0,1356.1,3773.5,2530.3,1470.7,1493.4,125.8,74.0,956.6,1941.6,428.1,717.6,5000.4,6062.7,2204.7,1186.6,3634.8,4517.7,2613.6,1899.5,1671.7,2523.4,801.1,2308.3,912.1,1912.3,1295.2,3087.1,6565.9,4563.0,1437.2,350.8
2026-09-16 04:30:00,776.1,343.1,1030.1,528.2,755.5,171.3,1.0,94.5,375.9,1.0,323.8,1354.0,3681.1,2520.4,1437.9,1490.1,125.6,81.9,955.2,1927.6,427.5,712.4,5044.7,6081.4,2202.9,1185.6,3638.9,4574.0,2615.9,1906.2,1670.7,2522.8,801.0,2298.5,914.4,1911.7,1300.6,3136.2,6583.2,4597.1,1442.8,339.7
2026-09-16 04:45:00,787.9,306.9,1066.2,582.1,736.2,181.3,1.1,93.7,388.5,1.0,318.4,1353.1,3677.4,2552.2,1432.8,1503.5,161.1,45.4,955.2,1913.5,428.3,713.2,5103.3,6103.4,2211.8,1185.5,3644.4,4589.3,2616.4,1911.8,1670.4,2522.6,799.9,2300.9,916.5,1910.6,1302.8,3185.2,6600.3,4606.8,1457.5,335.5
2026-09-16 05:00:00,837.0,287.6,1067.4,601.3,709.7,274.8,1.0,81.8,340.8,61.2,179.1,1327.9,3836.5,2603.8,1349.0,1397.7,59.6,89.6,939.2,1908.1,405.3,717.3,5371.3,6168.8,2245.7,1181.5,3532.9,4766.1,2584.6,1850.6,1679.3,2335.5,808.4,2418.9,923.7,2119.5,1311.5,3215.1,6663.2,4628.4,1465.2,316.1
2026-09-16 05:15:00,850.9,289.6,1116.4,636.9,697.2,275.7,1.0,82.0,345.5,66.8,165.7,1325.6,3850.1,2590.8,1183.5,1252.3,59.0,125.3,943.9,1906.3,408.0,728.9,5434.6,6192.1,2285.3,1181.4,3554.5,5169.6,2592.2,1855.5,1683.6,2367.5,812.4,2435.9,927.4,2164.4,1322.4,3368.1,6754.5,4628.5,1500.4,298.3
2026-09-16 05:30:00,858.1,370.6,1161.8,615.1,759.1,276.3,1.0,82.8,358.0,61.7,163.2,1321.3,3646.7,2582.8,984.2,1105.2,78.4,126.3,946.9,1897.0,410.6,728.5,5453.4,6258.3,2313.0,1178.8,3573.7,5923.0,2599.2,1861.0,1686.1,2398.1,817.8,2408.7,933.3,2165.8,1335.8,3533.3,6857.2,4618.0,1524.0,282.1
2026-09-16 05:45:00,863.4,374.8,1196.5,650.8,759.3,276.6,1.0,86.4,371.3,85.6,171.5,1316.8,3660.7,2602.1,1007.7,1216.2,77.8,125.3,950.3,1929.3,411.7,755.4,5473.5,6272.6,2360.9,1178.8,3599.2,5949.7,2617.6,1891.2,1690.4,2411.2,829.3,2462.4,940.2,2166.1,1352.2,3694.7,6955.8,4613.0,1558.5,271.6
2026-09-16 06:00:00,905.4,331.1,1233.0,715.8,779.6,401.8,1.0,32.9,374.5,89.9,134.4,1289.0,4185.7,2757.6,1277.1,1374.7,171.2,64.0,1064.3,2081.2,446.0,714.5,5681.2,6442.1,2500.5,1168.1,3870.7,6336.3,2607.6,1906.6,1747.2,2345.5,841.5,2570.2,940.5,2211.7,1377.1,3763.2,7251.9,4881.8,1635.7,289.5
2026-09-16 06:15:00,912.4,335.3,1242.9,735.7,792.9,405.1,1.1,34.0,388.3,90.4,119.4,1277.1,4252.8,3355.4,1292.9,1431.1,151.0,57.3,1072.3,2092.5,450.9,715.5,5655.9,6456.6,2580.3,1168.2,3909.2,6445.4,2622.0,1993.3,1753.1,2278.4,860.6,2611.9,953.2,2217.7,1399.4,3806.3,7368.7,5065.3,1683.0,277.5
2026-09-16 06:30:00,912.1,339.3,1236.8,758.6,790.3,444.2,1.0,36.7,406.5,94.3,119.7,1278.0,4119.3,3589.7,1268.2,1446.1,150.9,58.8,1084.9,2097.8,457.4,717.7,5625.1,6470.6,2635.7,1163.1,3953.7,6491.1,2637.9,2037.6,1761.8,2268.1,880.7,2673.1,961.7,2219.0,1421.8,3878.0,7519.7,5146.6,1716.4,259.5
2026-09-16 06:45:00,890.2,424.2,1227.5,784.3,804.1,458.5,1.0,37.6,433.7,93.1,140.7,1267.3,4127.2,4054.6,1305.2,1474.9,170.8,61.8,1094.8,2123.0,475.4,722.0,5603.6,6481.5,2719.1,1163.3,3988.9,6526.1,2666.1,2062.5,1771.0,2297.7,895.6,2772.6,974.1,2223.0,1442.3,3958.0,7683.9,5136.1,1770.3,247.8
2026-09-16 07:00:00,936.2,346.3,1237.2,882.5,824.2,473.6,1.0,35.3,454.5,47.4,195.3,1294.0,3812.8,3446.6,1392.2,1456.8,109.9,141.6,1186.4,2068.2,494.1,712.1,5628.9,6378.1,2897.7,1152.2,4354.9,7005.5,2679.2,2038.9,1833.8,2402.1,960.4,3074.2,975.6,2288.1,1616.0,4493.1,7956.9,5209.6,1861.9,287.4
2026-09-16 07:15:00,932.7,348.3,1214.5,901.7,832.4,501.8,1.0,35.5,471.9,46.4,184.5,1291.8,3797.1,3444.8,1436.6,1476.7,109.9,141.0,1179.6,2078.5,498.3,696.1,5638.1,6387.1,2954.9,1151.1,4381.9,7031.4,2703.4,2047.8,1842.3,2437.1,978.0,3162.3,982.0,2292.1,1629.8,4497.8,8059.3,5269.8,1892.2,288.2
2026-09-16 07:30:00,904.5,444.2,1171.6,914.3,854.9,500.6,1.0,36.0,486.2,47.3,198.6,1294.9,3731.0,3469.7,1469.7,1478.4,109.9,141.1,1192.0,2044.1,501.5,687.0,5663.7,6423.3,2991.4,1152.6,4403.8,7053.3,2709.2,2039.5,1849.2,2475.4,990.9,3223.3,988.0,2293.8,1642.2,4516.3,8137.4,5251.3,1936.4,289.4
2026-09-16 07:45:00,902.4,426.6,1117.5,923.7,859.3,531.2,1.0,33.8,497.5,48.0,222.3,1298.2,3903.2,3646.7,1476.5,1480.5,117.2,55.5,1200.3,2039.0,508.4,686.6,5676.1,6443.0,3030.7,1201.2,4411.6,7062.2,2727.1,2045.8,1861.8,2512.7,1001.2,3236.8,995.5,2294.3,1659.6,4534.3,8196.1,5281.9,1973.6,290.0
2026-09-16 08:00:00,879.9,532.9,1042.3,882.8,843.8,513.2,0.0,39.0,513.8,19.3,248.7,1198.7,4262.2,4093.8,1706.9,1584.6,0.0,123.6,1212.0,1914.3,508.2,719.0,5672.0,6418.7,3083.7,1124.9,4401.9,7079.3,2695.5,2067.9,1834.0,2342.1,1020.2,3352.9,996.6,2371.6,1671.7,4585.8,8219.4,5259.4,1994.1,295.6
2026-09-16 08:15:00,889.6,466.6,985.9,851.5,843.2,544.0,0.0,38.9,505.2,23.8,235.0,1205.9,4595.5,4171.4,1642.9,1588.3,0.0,121.4,1207.7,1879.2,502.5,682.3,5678.9,6436.1,3082.8,1163.4,4401.0,7080.3,2706.1,2066.8,1836.4,2361.3,1020.4,3327.7,1004.8,2366.2,1680.0,4562.9,8228.0,5314.4,1993.7,299.0
2026-09-16 08:30:00,896.6,453.6,930.7,835.3,842.7,570.0,0.0,37.8,502.9,31.0,246.8,1216.3,4759.3,3438.1,1536.9,1602.7,0.1,235.7,1197.4,1902.5,499.3,692.2,5679.1,6414.0,3079.9,1160.0,4392.2,7073.0,2710.4,2073.3,1838.5,2373.5,1026.5,3338.5,1010.5,2408.3,1683.5,4581.8,8222.7,5260.0,1991.8,292.7
2026-09-16 08:45:00,886.5,443.5,881.0,819.0,842.6,590.2,0.0,40.4,490.7,2.7,317.1,1228.0,4852.0,3207.7,1662.1,1746.7,1.7,314.5,1226.1,1863.1,504.9,672.5,5679.0,6422.7,3084.9,1157.3,4394.8,6603.0,2720.0,2057.9,1836.0,2410.4,1029.9,3410.4,1015.5,2400.8,1683.5,4585.3,8228.5,5221.9,1974.8,300.0
2026-09-16 09:00:00,866.1,459.8,829.9,742.2,827.9,557.2,97.6,86.5,464.9,20.6,268.2,1237.7,4541.3,3365.5,1640.4,1920.7,121.6,170.3,1340.2,1920.0,496.6,704.2,5676.9,6490.3,3100.9,1176.9,4439.4,6685.9,2656.1,2036.4,1837.8,2336.8,1022.5,3338.3,1018.2,2327.0,1685.2,4646.5,8100.2,5042.2,1937.5,293.4
2026-09-16 09:15:00,856.1,479.9,796.6,731.3,828.3,578.7,97.6,87.5,437.3,25.8,265.4,1253.9,4888.1,3102.9,1571.0,1913.9,135.0,200.3,1331.9,1932.8,493.4,694.3,5666.5,6501.7,3091.5,1225.1,4429.5,5944.2,2662.3,2035.3,1840.9,2354.0,1018.3,3346.0,1019.4,2320.5,1686.0,4659.6,8075.6,5026.7,1924.2,294.4
2026-09-16 09:30:00,837.7,494.8,769.6,746.8,826.5,555.8,97.7,89.8,411.3,33.8,252.6,1270.8,4900.0,3117.7,1528.3,1951.8,121.6,282.3,1319.7,1947.8,491.3,699.5,5663.5,6431.8,3093.3,1224.4,4425.1,5208.5,2664.4,2021.0,1836.0,2374.8,1017.7,3420.7,1020.4,2315.7,1684.8,4668.2,8064.5,4993.5,1907.6,301.5
2026-09-16 09:45:00,840.6,488.5,739.5,779.9,830.4,528.7,115.2,89.3,387.4,46.7,247.5,1287.8,4931.4,3048.6,1460.4,2026.5,121.6,254.7,1309.6,1992.8,522.9,704.3,5653.6,6404.8,3084.8,1220.1,4412.3,4464.6,2670.2,2022.1,1833.7,2380.2,1013.8,3477.4,1018.6,2312.6,1674.2,4663.1,8071.1,5007.1,1892.9,311.7
2026-09-16 10:00:00,855.2,527.9,726.7,804.9,825.2,610.2,36.0,91.6,344.7,64.0,217.9,1348.0,4784.2,3111.1,1358.7,2115.2,143.9,229.4,1466.9,2107.7,489.8,749.7,5687.7,6375.1,3069.3,1228.7,4541.1,4517.4,2611.2,2075.9,1830.1,2333.9,989.2,3286.6,1012.7,2309.9,1658.1,4432.3,8038.5,5059.0,1859.1,321.7
2026-09-16 10:15:00,865.3,541.4,696.5,848.5,829.8,506.8,36.3,83.2,316.1,78.3,226.2,1365.6,4927.1,3208.9,1302.0,2146.5,143.9,208.1,1463.6,2125.8,486.7,741.0,5674.4,6384.8,3055.5,1234.5,4543.5,4355.1,2615.0,2082.3,1832.9,2336.7,986.5,3278.5,1010.3,2307.9,1652.8,4412.0,8007.7,5073.0,1837.2,334.0
2026-09-16 10:30:00,859.6,531.7,670.0,885.0,825.8,474.3,37.3,82.9,286.0,88.3,221.0,1389.3,4933.4,3302.5,1305.9,2014.2,143.9,234.4,1458.6,2186.0,484.1,765.8,5666.8,6357.5,3048.0,1234.6,4589.5,4253.4,2616.0,2092.5,1826.4,2325.5,982.7,3301.9,1009.7,2305.6,1653.6,4412.5,7985.6,5045.9,1828.2,357.5
2026-09-16 10:45:00,886.5,518.7,644.3,939.3,814.0,499.4,52.3,86.0,269.4,98.3,220.6,1421.1,5039.5,3368.9,1257.3,1874.9,135.0,238.1,1452.1,2207.3,483.1,768.6,5661.8,6362.3,3037.3,1234.2,4564.1,3946.7,2631.7,2102.3,1824.9,2327.6,973.4,3310.0,1020.8,2300.9,1648.7,4391.5,7993.1,5047.5,1816.7,378.8
2026-09-16 11:00:00,897.4,549.9,859.5,1038.2,781.5,612.6,183.0,85.5,265.1,79.8,263.7,1440.8,5593.0,3537.7,1216.0,1696.5,170.9,263.8,1500.1,2336.6,462.8,801.7,5689.7,6373.2,3026.9,1159.7,4646.9,3516.8,2623.7,2229.5,1814.7,2231.5,963.5,3340.0,1021.0,2256.2,1636.9,4352.1,8003.4,5026.5,1778.2,357.1
2026-09-16 11:15:00,867.3,580.6,850.5,1062.8,775.6,595.6,186.6,73.6,253.0,94.0,262.0,1454.5,5997.9,3564.4,1184.3,1717.6,165.3,263.0,1518.3,2365.5,459.5,485.2,5688.7,6325.3,3023.4,1146.5,4654.1,3458.5,2619.8,2230.2,1813.1,2237.5,974.4,3101.0,1021.4,2248.4,1638.6,4271.6,7993.4,5034.2,1761.6,378.8
2026-09-16 11:30:00,845.2,564.6,1073.5,1077.3,776.9,609.9,187.3,70.8,247.9,96.5,269.6,1472.5,6239.4,3620.9,1159.7,1704.4,155.4,265.6,1514.3,2395.7,470.4,338.1,5695.4,6318.1,3013.2,1147.0,4643.1,3280.2,2617.5,2231.8,1814.5,2294.5,997.9,2637.9,1021.0,2240.0,1628.5,4328.1,7999.7,5055.4,1747.5,404.7
2026-09-16 11:45:00,844.0,562.4,1069.7,1106.3,779.8,619.1,203.5,63.2,234.2,89.8,269.3,1483.9,6279.9,3617.9,1142.0,1721.4,154.4,240.6,1511.9,2295.7,478.2,344.4,5693.7,6311.0,3006.1,1146.2,4641.9,3086.0,2620.7,2196.4,1815.0,2371.3,998.0,2228.2,1017.8,2230.9,1627.1,4249.5,8013.0,5069.8,1736.0,428.7
2026-09-16 12:00:00,860.6,616.3,1066.8,1156.8,791.0,616.9,205.9,14.7,251.5,71.1,252.7,1496.7,6182.5,3866.8,1189.2,1687.5,155.4,248.1,1500.3,2434.1,443.6,381.5,5692.7,6332.5,2992.1,1085.4,4545.3,2947.3,2615.5,2228.2,1799.2,2230.3,994.8,2087.8,1037.2,2207.2,1697.3,4105.8,7954.5,5024.6,1697.3,470.5
2026-09-16 12:15:00,861.0,619.2,1068.1,1160.9,794.6,616.0,222.7,14.9,233.2,72.4,266.9,1503.3,6168.3,3921.6,1179.1,1653.4,156.6,220.8,1497.1,2411.9,444.2,365.9,5693.9,6345.0,2981.1,1119.7,4536.3,2928.0,2613.5,2231.5,1797.3,2228.3,993.6,1887.0,1035.8,2196.1,1693.5,4055.3,7935.2,5033.8,1686.8,484.1
2026-09-16 12:30:00,854.2,621.7,1089.7,1183.1,793.8,560.9,222.6,15.9,229.7,75.4,252.6,1514.0,6224.6,3987.8,1158.5,1674.2,157.7,220.1,1493.7,2383.9,459.6,381.8,5689.5,6348.5,2976.5,1121.7,4539.2,2930.8,2607.1,2239.4,1797.6,2219.7,992.3,1855.4,1033.0,2185.1,1612.0,4025.9,7931.5,5028.0,1676.0,496.4
2026-09-16 12:45:00,858.4,610.0,1102.1,1206.0,801.9,517.0,222.7,16.4,232.0,75.1,248.8,1521.7,6346.9,3995.4,1142.6,1659.8,158.8,220.1,1497.4,2406.4,460.4,394.3,5679.5,6367.8,2971.0,1131.7,4533.8,2933.2,2600.9,2223.4,1801.2,2240.0,984.7,1773.3,1034.8,2173.1,1610.6,4031.6,7937.8,5000.4,1666.8,514.7
2026-09-16 13:00:00,902.8,600.4,1115.7,1161.0,810.2,504.6,136.6,14.7,235.1,56.0,414.3,1532.9,6482.3,4096.5,1164.1,1597.3,160.8,172.5,1506.9,2642.1,467.7,390.5,5611.9,6393.5,2944.0,1128.9,4488.4,2983.3,2596.0,2250.9,1793.8,2166.9,982.8,1814.9,1031.8,2166.6,1608.0,4048.6,8050.6,5113.7,1652.8,550.9
2026-09-16 13:15:00,937.9,603.1,1131.1,1185.5,818.3,485.8,136.6,14.4,230.3,59.2,440.8,1538.9,6524.9,4072.7,1163.8,1583.0,161.4,179.2,1508.3,2670.1,467.5,390.2,5610.0,6408.6,2946.4,1143.5,4492.5,2988.8,2598.4,2246.2,1793.0,2180.4,982.2,1786.8,1034.4,2159.8,1607.3,4051.8,8047.3,5106.1,1647.5,557.7
2026-09-16 13:30:00,943.5,603.6,1356.8,1216.6,814.6,526.5,129.8,14.0,230.9,66.2,440.5,1544.9,6437.6,4130.1,1154.1,1569.9,162.1,178.8,1509.4,2692.0,466.0,399.7,5592.5,6402.6,2949.7,1144.8,4492.1,2994.6,2597.6,2243.2,1795.1,2200.3,984.9,1762.3,1033.8,2155.2,1601.3,4128.3,8088.1,5135.9,1643.1,569.7
2026-09-16 13:45:00,950.7,604.0,1361.2,1235.3,812.2,487.4,119.5,13.5,235.1,70.1,419.6,1552.2,6353.0,4159.1,1190.3,1534.5,162.8,170.1,1507.6,2639.6,466.6,399.5,5570.3,6384.7,2952.4,1165.4,4488.2,2997.6,2599.7,2241.2,1795.8,2217.3,980.2,1667.8,1031.1,2152.2,1600.3,4136.1,8079.8,5123.1,1640.7,577.7
2026-09-16 14:00:00,941.6,565.0,1440.5,1247.5,817.9,489.1,123.3,17.4,217.9,68.0,379.9,1551.6,6271.6,4342.7,1147.8,1549.1,160.9,68.3,1506.1,2567.8,462.0,431.4,5580.2,6570.0,2973.6,1159.4,4524.5,2999.1,2602.0,2321.2,1847.1,2293.2,987.3,1791.5,1025.6,2130.6,1583.3,4141.0,8052.1,5077.5,1673.5,598.9
2026-09-16 14:15:00,847.9,601.1,1436.9,1265.1,824.3,425.0,106.4,16.4,210.4,68.1,376.8,1551.8,6196.8,4348.9,1170.8,1568.5,161.1,97.9,1508.3,2742.8,461.2,427.0,5566.2,6569.5,2984.6,1177.7,4527.0,3002.8,2607.9,2324.2,1851.6,2285.0,985.3,1800.6,1022.0,2077.2,1582.2,4090.0,8072.5,5025.8,1681.7,604.8
2026-09-16 14:30:00,915.5,573.3,1453.1,1243.9,815.3,454.1,106.2,23.3,211.1,66.7,381.0,1549.3,6000.9,4427.7,1157.3,1552.1,161.3,99.4,1507.6,2756.7,456.5,431.3,5555.5,6534.7,2988.5,1166.8,4520.9,3002.2,2604.4,2329.1,1847.2,2312.2,985.0,1812.9,1021.0,2047.9,1582.6,4150.2,8035.6,5040.2,1680.5,619.2
2026-09-16 14:45:00,948.1,592.0,1453.0,1218.8,824.2,425.5,104.2,25.1,208.6,68.7,376.0,1547.7,5931.3,4390.3,1165.1,1547.9,161.3,40.5,1509.0,2770.9,456.1,445.0,5563.1,6549.5,2995.6,1171.9,4527.6,3005.1,2608.4,2332.3,1848.5,2325.5,986.1,1822.5,1018.9,2028.8,1581.1,4128.7,8013.8,5057.9,1678.8,623.5
2026-09-16 15:00:00,915.8,567.4,1446.1,1246.4,865.7,488.8,115.1,23.3,189.5,79.2,342.8,1531.5,5747.3,4387.1,1163.8,1510.9,161.7,95.9,1493.5,2799.6,440.3,429.0,5593.9,6561.8,3004.6,1109.7,4394.4,3028.9,2644.6,2345.8,1853.1,2383.3,992.0,1790.0,1018.8,2057.9,1563.6,4066.0,7917.4,4798.5,1663.3,622.1
2026-09-16 15:15:00,923.5,580.0,1469.7,1186.8,867.0,425.1,102.8,22.3,193.8,75.6,325.3,1525.8,5429.7,4396.1,1189.0,1496.5,160.5,77.4,1493.5,2825.8,440.0,430.1,5605.0,6655.1,3014.6,1100.0,4398.8,3027.3,2648.0,2374.7,1862.1,2349.1,998.0,1901.2,1018.3,2053.3,1566.1,4065.1,7947.2,4797.8,1650.9,618.8
2026-09-16 15:30:00,825.8,571.6,1498.7,1158.7,869.3,441.8,101.2,20.4,197.6,72.1,322.2,1515.2,5257.4,4376.0,1200.6,1522.3,159.4,79.0,1501.8,2939.0,435.2,480.2,5644.1,6645.6,3031.5,1097.9,4414.3,3091.3,2651.0,2353.6,1858.9,2351.6,981.5,2211.8,1018.5,2051.7,1568.9,4109.4,7918.7,4783.9,1657.6,615.7
2026-09-16 15:45:00,826.2,577.3,1530.5,1176.9,876.0,414.8,101.2,21.9,200.8,59.6,344.3,1506.2,4394.9,4444.8,1228.8,1430.6,158.2,71.5,1504.0,3122.1,434.5,477.8,5646.6,6635.5,3050.0,1099.9,4418.1,3161.5,2653.4,2347.5,1860.3,2354.1,982.8,2358.4,1020.2,2053.6,1573.0,4131.8,7935.4,4746.9,1670.4,625.8
2026-09-16 16:00:00,859.6,534.2,1151.8,1123.0,881.9,450.4,96.9,23.5,191.1,97.8,326.6,1455.4,4789.9,4335.0,1330.9,1423.9,0.0,112.0,1494.4,2945.1,449.9,448.5,5667.5,6576.0,3081.6,1156.9,4615.4,3536.0,2664.4,2344.1,1863.2,2313.9,1008.5,2681.3,1043.5,2259.2,1601.2,4036.1,7923.3,4700.4,1680.3,615.0
2026-09-16 16:15:00,875.9,545.1,1188.3,1087.8,883.0,455.8,80.1,26.0,190.4,85.9,335.5,1446.1,4377.5,4341.0,1375.0,1404.4,0.0,79.2,1506.1,3102.4,440.2,671.5,5666.1,6566.3,3096.8,1152.7,4626.7,3704.6,2665.3,2370.7,1861.3,2257.6,1001.5,3172.0,1046.1,2261.0,1610.1,4221.2,7949.3,4648.9,1695.6,607.4
2026-09-16 16:30:00,885.6,547.8,1019.3,1031.8,886.3,433.8,80.0,24.3,201.2,79.7,321.2,1429.9,4235.1,4400.2,1433.4,1412.7,11.9,86.9,1520.6,3197.5,443.7,941.8,5673.4,6625.6,3105.9,1146.2,4574.4,4047.4,2664.8,2364.6,1859.4,2237.8,1001.6,3455.8,1046.7,2260.6,1619.9,4203.2,7955.3,4601.9,1719.7,597.9
2026-09-16 16:45:00,885.3,553.3,1104.7,1003.2,870.0,426.1,80.0,39.0,209.4,74.9,346.3,1418.5,4115.6,4522.6,1508.9,1419.8,0.8,69.2,1532.7,3251.8,446.0,1009.1,5672.0,6611.8,3105.9,1148.1,4546.8,4749.0,2663.6,2291.6,1862.6,2351.6,1002.0,3457.9,1048.8,2253.5,1626.6,4315.1,7989.8,4597.9,1740.1,590.1
2026-09-16 17:00:00,907.3,545.7,1086.2,920.8,853.4,410.4,13.3,79.7,217.2,71.6,256.8,1381.6,4391.7,4345.4,1637.6,1464.0,49.3,86.8,1743.7,3036.3,469.6,919.0,5698.0,6595.3,3086.4,1040.7,4447.3,5502.8,2656.8,2370.7,1852.6,2222.7,995.9,3345.0,1046.7,2414.1,1644.9,4327.5,8134.7,4929.3,1793.0,610.2
2026-09-16 17:15:00,897.0,559.7,1153.7,942.5,839.3,400.0,2.0,83.4,231.5,58.4,285.2,1368.4,4240.4,4331.6,1740.1,1570.5,41.8,85.4,1739.2,3022.8,471.7,938.8,5701.1,6599.4,3093.2,1065.0,4445.1,6228.4,2655.1,2322.9,1851.0,2289.9,994.8,3311.6,1047.3,2405.0,1650.4,4371.6,8145.1,4926.8,1807.0,590.8
2026-09-16 17:30:00,879.1,581.1,1205.3,948.9,840.8,388.2,2.0,81.3,258.4,46.4,299.4,1347.7,4231.3,4349.4,1791.2,1652.6,60.6,64.2,1738.4,2933.5,483.9,924.1,5718.4,6576.8,3088.4,1041.7,4451.1,6542.2,2650.5,2318.3,1852.8,2299.0,995.1,3311.4,1042.2,2398.6,1652.0,4407.3,8195.6,4922.3,1824.4,569.6
2026-09-16 17:45:00,888.5,598.5,1245.9,972.2,853.9,383.7,2.0,80.5,286.9,37.1,275.3,1327.1,3982.3,4420.0,1891.9,1626.6,69.3,82.8,1746.9,2934.8,493.9,954.5,5732.0,6553.8,3094.1,1039.2,4463.8,6822.1,2641.9,2315.5,1847.3,2297.3,1001.2,3307.3,1041.4,2392.3,1649.9,4460.1,8243.0,4903.0,1842.5,558.7
2026-09-16 18:00:00,941.9,559.9,1261.1,1050.2,873.2,575.6,1.1,79.1,295.8,42.3,237.0,1280.9,4823.1,4417.2,1867.4,1556.7,141.5,53.4,1548.8,2787.3,521.0,950.7,5748.8,6585.7,3092.8,1024.3,4405.5,7058.0,2636.4,2203.5,1865.2,2291.1,1005.2,3381.0,1014.2,2462.6,1562.5,4632.8,8241.8,4807.0,1867.3,547.6
2026-09-16 18:15:00,932.7,624.7,1281.2,1073.5,878.2,574.7,1.0,76.2,321.6,35.8,249.0,1256.5,4234.6,4468.3,1776.1,1383.0,157.4,45.2,1558.4,2747.5,519.3,935.3,5773.3,6586.1,3090.4,1023.9,4405.3,7080.8,2645.4,2196.1,1857.2,2297.5,1006.8,3391.7,1013.4,2456.9,1559.7,4660.2,8253.9,4783.8,1887.1,534.8
2026-09-16 18:30:00,939.7,653.7,1294.6,1097.6,882.1,582.7,1.1,75.2,349.7,28.4,278.5,1232.1,3590.1,4097.1,1626.4,1197.8,176.6,45.1,1564.2,2725.6,529.6,939.0,5789.6,6566.2,3100.5,1023.5,4420.3,7121.2,2640.3,2187.0,1857.2,2335.8,1014.2,3412.6,1015.0,2454.0,1558.1,4684.1,8276.0,4786.9,1896.6,531.0
2026-09-16 18:45:00,940.0,665.0,1308.9,1123.5,886.9,595.2,1.0,94.1,366.4,31.2,263.5,1235.9,3478.6,4289.2,1681.6,1249.5,227.6,45.2,1578.6,2719.1,535.8,966.7,5798.9,6534.9,3106.8,1024.1,4422.8,7123.2,2643.3,2175.6,1857.7,2356.7,1015.6,3430.9,1019.8,2452.5,1561.6,4714.5,8295.6,4811.5,1903.9,516.6
2026-09-16 19:00:00,951.9,614.9,1328.8,1155.1,893.0,643.1,21.0,16.8,406.0,53.7,321.6,1250.8,3651.0,4137.8,1928.6,1400.9,261.6,45.6,1453.8,2691.3,556.2,956.4,5754.5,6580.2,3118.9,981.4,4630.6,7320.7,2634.3,2210.0,1869.1,2193.5,1043.9,3501.9,1022.5,2511.6,1562.5,4931.0,8344.9,4769.8,1914.7,538.5
2026-09-16 19:15:00,952.2,635.2,1349.0,1154.1,904.5,633.2,21.1,35.3,413.5,49.4,322.0,1239.9,3556.9,4275.6,1967.7,1400.3,260.7,45.6,1451.6,2659.6,558.0,967.9,5759.1,6519.1,3126.2,983.8,4647.0,7336.7,2635.1,2183.1,1871.1,2190.9,1047.4,3528.0,1023.4,2510.2,1563.7,4973.2,8352.5,4877.8,1918.1,529.6
2026-09-16 19:30:00,954.2,639.2,1353.2,1152.8,906.9,642.9,21.0,35.3,396.6,48.5,308.6,1229.2,3505.0,4382.2,1952.7,1423.9,263.2,45.5,1446.5,2653.7,555.1,979.5,5750.9,6499.3,3134.8,981.2,4655.8,7346.7,2631.2,2185.9,1878.0,2191.6,1050.2,3539.2,1022.5,2504.9,1560.2,4990.4,8347.5,4868.9,1923.1,533.4
2026-09-16 19:45:00,946.2,619.2,1341.3,1161.3,902.1,637.4,21.0,35.4,401.9,47.1,300.1,1215.4,3479.2,4332.2,1955.2,1417.9,264.7,45.3,1440.2,2716.4,547.9,1026.5,5727.6,6472.6,3144.8,1004.1,4650.5,7342.5,2634.4,2174.7,1872.1,2212.9,1051.0,3541.3,1017.0,2494.6,1553.8,5019.0,8343.1,4807.8,1914.2,539.3
2026-09-16 20:00:00,917.5,603.5,1305.4,1145.3,891.0,634.3,0.0,81.6,413.7,42.2,199.0,1390.4,3532.7,4423.5,1702.2,1395.0,150.2,47.1,1198.3,2483.1,525.1,1065.3,5579.7,6441.0,3178.6,1019.6,4657.5,7329.6,2644.2,2134.6,1873.1,2224.0,1044.0,3642.1,1015.4,2241.1,1539.4,4994.7,8291.1,4744.8,1901.0,472.7
2026-09-16 20:15:00,909.7,595.7,1282.3,1100.9,878.0,632.6,0.0,76.1,436.2,44.4,230.2,1392.8,3516.1,4317.1,1692.9,1366.8,150.0,48.3,1193.3,2474.2,520.8,1069.3,5537.1,6386.2,3181.8,1010.4,4659.5,7333.3,2643.3,2127.3,1871.4,2241.8,1043.5,3661.0,1009.0,2223.0,1529.8,5026.6,8262.5,4644.2,1886.6,476.4
2026-09-16 20:30:00,905.7,619.7,1249.0,1070.8,866.2,606.3,0.0,76.1,428.5,43.1,224.5,1393.9,3653.1,4072.0,1678.1,1366.0,155.5,45.0,1188.0,2619.1,518.1,1084.0,5493.5,6361.4,3169.7,1017.9,4667.5,7342.6,2640.4,2117.3,1877.6,2254.5,1047.5,3652.7,1007.9,2199.7,1521.2,4996.2,8223.0,4615.3,1879.8,487.0
2026-09-16 20:45:00,901.1,587.1,1210.7,1050.6,856.8,603.3,0.0,74.9,423.9,42.4,218.2,1374.8,3846.0,3977.0,1645.3,1344.6,209.5,62.9,1182.7,2616.6,515.2,1105.8,5455.2,6317.9,3163.8,1034.2,4675.6,7353.3,2639.3,2134.6,1871.3,2232.7,1042.8,3616.3,1005.9,2173.8,1513.2,5000.2,8186.1,4594.0,1863.1,495.8
2026-09-16 21:00:00,863.3,593.2,1157.1,971.6,815.1,539.7,0.0,60.7,435.7,40.8,200.4,1301.0,3457.1,4034.5,1616.4,1316.1,194.0,94.6,1402.7,2575.0,501.6,1123.8,5429.1,6270.1,3119.5,1023.8,4361.9,7193.6,2630.1,2015.5,1854.7,2390.8,1039.6,3697.4,1000.5,2006.5,1495.7,5065.8,7978.6,4261.7,1798.1,496.0
2026-09-16 21:15:00,852.2,578.9,1118.6,940.1,799.1,532.4,0.0,59.6,395.8,40.3,186.4,1304.9,3465.6,3983.8,1619.1,1324.5,194.6,108.1,1397.1,2579.7,497.9,1158.9,5449.1,6247.2,3097.8,1023.3,4345.0,7178.5,2629.3,2012.4,1853.2,2381.0,1035.2,3674.3,994.7,1976.0,1485.5,5102.0,7899.4,4215.0,1781.8,504.9
2026-09-16 21:30:00,842.5,567.7,1082.1,905.6,785.6,513.0,0.0,59.6,388.2,37.7,182.1,1306.0,3461.5,3921.4,1645.4,1291.0,175.3,97.3,1391.2,2558.3,494.3,1170.5,5433.2,6209.1,3074.4,1024.1,4337.0,7171.7,2619.2,1999.2,1852.8,2366.5,1032.2,3651.3,988.6,1948.3,1475.4,5120.9,7801.3,4158.8,1758.6,515.7
2026-09-16 21:45:00,834.7,559.8,1040.3,838.3,789.6,511.5,2.7,59.6,392.4,23.8,176.8,1305.4,3656.0,4012.3,1628.1,1251.2,176.0,96.6,1426.3,2486.6,490.8,1182.7,5429.5,6170.3,3049.7,1026.0,4317.9,6822.2,2612.6,2034.1,1852.2,2308.6,1021.3,3607.9,983.7,1922.4,1463.6,5126.0,7717.7,4141.0,1728.6,527.2
2026-09-16 22:00:00,796.4,554.4,1002.1,795.6,757.1,366.9,11.0,61.5,379.8,16.0,174.0,1256.7,3286.9,4064.9,1563.4,1263.7,87.3,87.9,1533.0,2422.1,490.7,1209.0,5287.2,6122.5,2980.0,1109.1,3862.3,6369.3,2587.4,1947.8,1801.3,2402.0,1026.9,3671.2,1006.4,1852.3,1487.7,4956.5,7607.2,4149.7,1693.8,522.2
2026-09-16 22:15:00,787.3,536.5,981.9,799.3,746.5,364.9,11.0,63.4,373.9,16.0,163.7,1258.4,3704.2,4033.2,1537.5,1225.3,87.2,91.4,1526.7,2424.6,486.5,1225.8,5226.2,6099.9,2949.2,1017.4,3840.2,6296.9,2579.1,1950.4,1800.7,2229.7,1016.7,3706.1,997.6,1831.3,1474.1,4986.6,7517.0,4118.9,1662.9,530.3
2026-09-16 22:30:00,775.9,523.4,1182.7,790.6,718.9,362.6,13.7,62.6,368.5,16.0,159.1,1249.6,3656.3,4149.3,1552.9,1231.4,121.5,76.5,1522.3,2430.4,483.3,1253.0,5166.8,6065.8,2907.5,1120.2,3828.5,6129.1,2610.3,1905.0,1791.8,2292.6,1005.0,3623.7,994.5,1811.9,1462.1,4956.5,7426.3,4124.6,1635.4,536.2
2026-09-16 22:45:00,767.0,511.2,1166.0,738.5,705.3,359.8,13.7,61.6,362.0,16.0,148.1,1255.9,3776.0,4110.8,1528.9,1241.0,121.7,76.8,1518.9,2426.9,483.0,1258.9,5125.9,6048.6,2870.4,1115.4,3802.3,6013.2,2555.9,1903.6,1787.6,2182.4,996.9,3555.2,989.5,1795.3,1452.1,4987.4,7436.0,4115.1,1626.6,544.4
2026-09-16 23:00:00,752.9,501.9,1173.2,700.5,720.4,264.2,12.9,38.1,349.5,21.1,158.4,1227.0,3674.4,4141.0,1456.7,1203.2,117.4,57.2,1485.7,2524.3,446.8,1285.4,4944.9,6124.2,2786.3,1053.2,3833.9,5401.7,2525.5,1886.2,1754.1,2160.6,953.7,3524.9,969.6,1750.0,1498.5,4950.1,7264.7,3987.9,1589.1,559.4
2026-09-16 23:15:00,743.0,491.5,1156.7,683.8,706.7,259.9,14.7,36.3,344.8,21.0,146.7,1230.1,3863.1,3882.3,1420.0,1174.3,119.8,57.6,1479.5,2466.7,447.8,1292.7,4908.5,6095.8,2740.2,1054.2,3809.4,5368.7,2515.1,1874.8,1743.5,2145.9,940.2,3464.7,965.0,1738.6,1487.5,4975.4,7200.0,3934.1,1584.9,567.4
2026-09-16 23:30:00,737.1,482.8,1144.4,668.6,693.7,255.0,14.7,35.5,338.2,21.0,147.9,1231.0,3912.0,3989.3,1416.1,1184.3,120.1,58.0,1475.2,2474.6,447.3,1298.9,4873.2,6003.0,2701.4,1043.4,3794.7,4836.1,2506.8,1868.9,1739.2,2142.3,931.8,3461.7,959.8,1724.5,1471.4,4965.8,7136.6,3894.6,1572.9,575.9
2026-09-16 23:45:00,730.6,468.8,1136.9,655.6,682.0,249.4,14.7,34.3,330.2,16.7,143.7,1231.6,3938.1,3869.6,1373.6,1177.1,120.1,58.5,1482.7,2429.5,446.7,1286.9,4842.9,5978.6,2658.1,1044.3,3774.7,4287.9,2498.5,1868.7,1736.1,2126.0,922.3,3442.9,953.7,1709.3,1450.7,4969.1,7114.4,3828.0,1551.3,574.9
2026-09-17 00:00:00,716.3,330.0,957.1,541.9,671.7,96.8,27.0,8.7,322.0,18.8,438.1,1196.9,3363.0,2931.4,1263.3,1247.0,93.6,81.6,1005.5,2502.4,437.2,1384.6,4826.0,6334.6,2546.7,1101.0,3588.7,4812.6,2528.7,2007.8,1686.1,1841.3,914.9,3252.8,946.7,1857.4,1374.2,4501.4,6969.4,3831.9,1506.0,637.0
2026-09-17 00:15:00,717.3,319.9,946.3,544.4,673.8,92.8,27.0,8.3,315.0,17.0,432.4,1197.4,3518.0,2946.5,1237.7,1201.7,95.6,62.1,1016.0,2375.9,435.8,1373.4,4822.4,6295.4,2512.6,1019.9,3576.5,4935.0,2514.3,1996.6,1682.5,1828.6,906.4,3274.0,940.1,1854.9,1369.7,4547.5,6915.3,3791.5,1497.3,632.6
2026-09-17 00:30:00,728.6,308.5,938.6,540.5,676.1,88.6,27.0,7.0,309.9,17.0,435.8,1202.3,3672.0,2972.7,1310.9,1291.9,89.8,62.6,1014.7,2369.0,436.2,1360.1,4811.2,6255.9,2479.9,1017.5,3563.5,4904.1,2502.3,1989.8,1679.0,1812.3,899.4,3233.8,936.7,1853.1,1364.2,4549.3,6869.0,3802.2,1502.4,634.6
2026-09-17 00:45:00,785.8,299.8,929.6,545.5,663.4,86.0,27.1,7.6,304.4,17.0,421.7,1209.4,3724.8,2979.9,1411.1,1388.9,87.8,63.0,1013.0,2362.2,436.7,1355.6,4794.2,6216.5,2449.1,1017.5,3554.0,4871.4,2481.2,1975.8,1678.3,1796.2,890.5,3190.3,932.3,1852.5,1357.7,4563.0,6824.6,3782.9,1473.7,635.0
2026-09-17 01:00:00,715.6,296.7,1052.8,551.3,648.8,87.1,26.0,29.9,299.7,15.0,456.3,1251.8,3495.0,2950.1,1467.0,1401.1,122.4,103.8,978.7,2367.6,437.1,1342.5,4752.1,6161.8,2396.8,1035.7,3447.0,4990.1,2514.7,1984.5,1646.4,1852.8,877.4,3031.4,925.9,1894.5,1349.8,4542.7,6819.4,3751.9,1454.7,632.2
2026-09-17 01:15:00,735.7,294.1,1058.6,540.3,644.5,86.4,26.0,30.5,298.4,14.8,442.9,1254.0,3532.8,3006.6,1447.1,1396.4,122.6,84.5,975.4,2438.9,436.8,1337.1,4751.4,6126.3,2376.1,1027.5,3442.2,4905.9,2517.4,1984.1,1644.9,1849.2,873.7,3022.2,926.1,1898.1,1345.4,4549.0,6778.3,3747.3,1449.0,637.8
2026-09-17 01:30:00,700.2,290.5,1085.0,529.6,637.1,84.2,26.0,30.1,300.0,16.0,438.2,1255.0,3566.6,2993.3,1423.4,1414.7,113.7,85.2,973.2,2419.7,436.4,1329.9,4737.9,6115.0,2356.6,1019.0,3439.5,4936.3,2512.7,1978.2,1641.6,1841.2,864.8,3000.1,928.4,1904.2,1340.7,4549.6,6765.5,3741.8,1452.8,637.4
2026-09-17 01:45:00,699.0,292.0,1084.2,504.1,612.6,81.7,26.0,30.7,294.3,16.0,430.7,1257.1,3779.1,3099.2,1429.3,1423.2,113.7,86.0,971.7,2420.7,436.2,1314.3,4731.3,6093.8,2334.8,1020.0,3434.8,4711.1,2506.7,1976.5,1647.1,1836.2,859.5,2984.9,929.8,1910.1,1334.3,4564.4,6746.2,3737.8,1455.9,637.4
2026-09-17 02:00:00,703.7,284.4,1070.2,495.3,603.7,79.9,36.0,7.4,293.3,14.2,310.7,1260.5,3461.6,3047.8,1405.1,1450.1,117.1,87.7,948.5,2466.1,425.4,1294.9,4672.9,5965.2,2299.7,1110.0,3491.0,4264.1,2539.6,1954.7,1624.3,1948.3,855.4,2866.7,928.3,1950.5,1357.9,4583.0,6796.0,3799.9,1475.2,642.1
2026-09-17 02:15:00,708.5,284.2,1069.1,498.9,604.1,80.6,36.0,8.6,285.1,14.4,302.9,1262.2,3402.0,3092.7,1418.2,1448.7,117.2,88.0,946.5,2456.0,423.3,1280.1,4666.7,5940.4,2291.4,1109.9,3487.1,4186.4,2533.9,1953.7,1622.9,1936.3,852.9,2855.6,929.2,1958.1,1353.1,4584.0,6795.6,3795.6,1479.7,646.1
2026-09-17 02:30:00,707.6,280.0,1071.4,502.5,603.7,82.2,36.0,9.3,293.5,16.0,308.4,1266.5,3444.0,3081.4,1411.5,1473.1,115.3,88.2,944.9,2431.0,421.1,1263.3,4658.9,5941.5,2282.2,1109.9,3489.0,4068.7,2527.9,1949.2,1621.9,1925.7,850.8,2848.0,931.0,1966.0,1351.9,4600.2,6779.8,3792.3,1477.6,642.5
2026-09-17 02:45:00,718.9,279.9,1073.4,506.6,597.3,85.1,38.7,11.2,356.6,16.0,303.3,1268.1,3583.6,3186.1,1397.8,1495.0,115.1,108.4,942.7,2404.7,418.8,1245.5,4658.3,5915.7,2277.3,1108.9,3486.4,4059.9,2522.9,1944.3,1622.2,1920.3,848.9,2839.3,933.0,1974.3,1351.3,4605.0,6777.6,3788.7,1476.3,643.8
2026-09-17 03:00:00,742.9,286.1,1069.9,503.4,678.6,191.6,26.3,21.9,374.5,27.5,245.8,1256.0,3332.7,3170.2,1400.4,1544.2,108.6,109.5,956.7,2238.4,427.5,1212.8,4620.5,5843.7,2262.5,1005.5,3255.1,3764.9,2571.4,1932.7,1614.8,2101.9,846.0,2921.4,934.8,1988.5,1425.9,4642.6,6814.1,3802.3,1461.7,642.4
2026-09-17 03:15:00,773.4,291.4,1071.8,507.1,662.8,192.5,28.1,20.8,362.3,32.2,225.7,1256.6,3454.6,3166.3,1383.3,1554.0,108.6,109.7,956.2,2210.1,425.8,1209.1,4574.5,5794.9,2252.5,1005.4,3259.8,3788.1,2570.3,1931.3,1616.7,2095.7,842.5,2901.8,934.3,1999.2,1425.1,4641.4,6787.2,3804.2,1469.9,642.5
2026-09-17 03:30:00,774.3,292.2,1063.2,512.6,677.9,193.6,28.9,21.5,372.1,31.3,222.3,1257.8,3546.2,3178.1,1397.0,1566.7,110.6,109.7,954.7,2179.9,424.1,1204.9,4555.0,5788.7,2250.2,1006.5,3262.8,3873.5,2568.5,1927.3,1614.0,2085.2,844.4,2890.4,934.2,2009.9,1426.3,4644.8,6787.5,3801.3,1466.9,642.8
2026-09-17 03:45:00,784.8,290.9,1068.5,530.1,656.1,194.5,28.9,22.5,372.3,35.1,218.2,1258.5,4113.1,3262.9,1381.3,1584.9,108.4,109.7,954.7,2226.8,422.5,1197.2,4558.6,5770.1,2248.5,1006.5,3267.9,3869.4,2565.3,1924.9,1614.3,2074.6,841.5,2879.9,932.1,2021.3,1426.5,4650.2,6793.8,3803.3,1462.3,643.2
2026-09-17 04:00:00,783.5,295.5,1006.0,518.0,708.3,196.4,39.7,18.3,382.1,34.5,161.2,1265.0,4232.2,3389.6,1447.6,1635.7,101.6,109.7,942.1,2145.4,418.0,1196.6,4680.3,5778.7,2245.1,1043.6,3323.3,3880.9,2573.8,1918.9,1565.0,2255.7,855.0,2672.3,933.9,2088.8,1433.1,4633.8,6706.6,3682.4,1437.7,638.7
2026-09-17 04:15:00,784.8,296.5,1025.5,521.0,718.8,199.2,39.8,18.6,380.8,33.8,177.1,1265.5,4226.3,3409.8,1435.7,1647.6,108.8,109.4,941.2,2117.8,416.7,1181.9,4702.6,5783.0,2255.4,1043.6,3329.6,3968.7,2574.1,1914.0,1567.8,2254.5,855.3,2674.8,930.0,2099.6,1438.0,4641.5,6673.3,3689.9,1441.9,644.8
2026-09-17 04:30:00,769.5,298.5,1041.5,520.2,726.9,202.2,39.8,19.3,368.8,38.6,170.7,1265.4,4204.9,3445.1,1377.0,1663.2,110.7,109.0,940.2,2095.9,415.1,1177.3,4722.9,5763.1,2260.0,1041.5,3342.6,4062.6,2574.5,1910.2,1566.3,2253.5,854.0,2672.6,929.9,2110.0,1441.5,4634.0,6656.4,3685.6,1441.7,643.5
2026-09-17 04:45:00,755.6,303.8,1077.3,520.4,713.6,205.3,37.0,20.0,390.2,39.0,146.1,1265.1,3568.9,3532.5,1375.1,1692.7,110.5,88.7,941.1,2057.6,416.2,1169.4,4765.8,5748.2,2271.4,1041.5,3351.1,4094.0,2584.7,1904.0,1568.5,2271.4,854.9,2691.2,932.7,2124.1,1448.3,4628.1,6677.0,3688.1,1434.4,646.5
2026-09-17 05:00:00,827.4,302.1,1115.7,529.8,715.5,345.4,17.7,24.5,406.9,36.8,126.7,1257.1,3893.2,3841.8,1429.6,1799.7,74.0,108.9,940.4,1987.2,398.6,1150.6,4951.3,5567.8,2321.2,1066.9,3338.7,4293.0,2572.3,1897.3,1577.4,2369.3,851.1,2680.4,938.0,2238.6,1381.7,4626.5,6786.6,3826.4,1476.6,639.2
2026-09-17 05:15:00,809.5,312.7,1166.9,529.9,733.4,350.2,15.0,26.1,412.3,29.8,127.1,1255.7,3851.4,3867.5,1396.4,1797.2,93.9,109.5,946.8,1959.9,399.8,1138.6,5012.1,5542.3,2363.9,1066.0,3365.7,4368.4,2582.3,1894.6,1583.6,2402.5,858.0,2734.6,941.8,2241.8,1395.8,4707.8,6842.7,3819.6,1489.7,645.4
2026-09-17 05:30:00,840.1,314.1,1204.2,523.4,738.8,379.7,15.0,25.8,425.1,31.6,113.8,1252.7,3711.6,3937.2,1196.3,1722.7,69.4,90.0,954.8,1916.6,402.4,1132.2,5073.1,5535.1,2395.0,1121.6,3391.4,4706.9,2592.0,1809.9,1584.2,2518.1,865.4,2746.6,948.9,2256.1,1414.8,4723.8,6920.5,3876.7,1511.0,641.7
2026-09-17 05:45:00,847.0,324.0,1260.1,720.8,763.5,382.6,15.1,29.7,341.2,34.4,107.1,1249.5,3458.3,4048.6,1074.7,1655.7,71.3,90.7,962.8,1888.7,403.4,1124.7,5150.5,5576.6,2447.1,1130.6,3421.9,4867.4,2606.8,1798.3,1585.8,2626.6,874.9,2808.7,957.1,2270.2,1427.8,4670.7,7030.9,3885.6,1542.2,645.6
2026-09-17 06:00:00,880.9,335.4,1307.9,827.9,807.1,541.8,1.0,62.2,361.3,41.5,147.2,1224.2,4215.2,4449.8,1087.6,1610.4,182.5,44.4,1075.3,1818.7,453.7,1086.7,5142.0,5450.2,2600.3,1162.0,3590.4,5440.2,2673.9,1810.6,1635.5,2528.2,910.7,3087.5,982.8,2296.4,1465.6,4866.9,7327.2,3877.2,1637.1,663.1
2026-09-17 06:15:00,875.3,365.9,1331.9,843.2,811.4,594.5,1.0,61.7,375.4,51.7,147.2,1254.1,4062.1,4625.0,1154.9,1712.6,148.0,45.3,1086.4,1756.4,458.6,1076.6,5192.1,5426.5,2679.5,1161.9,3631.7,5644.9,2697.6,1786.3,1640.1,2747.6,928.4,3210.4,997.4,2308.5,1487.4,4867.3,7483.6,3911.4,1675.7,668.3
2026-09-17 06:30:00,871.4,385.7,1347.2,855.1,811.6,606.1,1.0,64.0,391.1,145.7,159.5,1260.5,3894.0,4883.9,1137.5,1725.7,122.1,46.1,1100.7,1758.7,467.1,1071.1,5232.8,5408.9,2747.6,1167.0,3681.2,5792.6,2718.2,1792.4,1648.3,2870.7,948.6,3297.5,1008.8,2319.4,1506.9,4858.0,7635.9,4088.7,1723.7,662.2
2026-09-17 06:45:00,879.7,429.9,1371.0,1075.3,841.7,616.9,1.0,63.7,416.3,145.1,165.2,1252.5,3885.0,5049.0,1165.4,1772.6,101.0,47.0,1116.6,1749.0,473.7,1060.1,5249.1,5466.4,2834.0,1161.8,3716.4,5877.4,2742.9,1840.7,1637.5,2952.3,964.8,3389.5,1023.5,2329.2,1529.3,4861.9,7809.3,3949.7,1768.8,658.7
2026-09-17 07:00:00,892.0,501.7,1389.3,1072.9,835.0,684.0,1.0,52.2,441.4,144.6,115.8,1316.6,3818.4,5191.0,1258.7,1817.6,183.1,28.5,1236.8,1883.4,509.4,1046.9,5374.7,5299.7,3027.0,1251.6,3791.8,5856.3,2846.6,1806.6,1701.6,2995.7,1024.5,3528.3,1040.7,2639.1,1567.7,4852.1,8064.9,4229.0,1842.9,641.8
2026-09-17 07:15:00,891.8,545.2,1398.7,1081.9,857.7,706.8,1.0,51.6,460.4,139.9,115.4,1318.4,3784.3,5805.8,1293.3,1792.7,210.0,28.8,1249.2,1904.8,510.1,1029.0,5394.8,5345.4,3098.7,1251.7,3820.6,5850.3,2870.5,1858.6,1696.9,3009.9,1042.3,3600.3,1049.1,2643.9,1576.8,4862.6,8150.8,4280.9,1874.5,650.8
2026-09-17 07:30:00,893.7,454.7,1384.5,1090.5,861.0,741.8,1.0,51.1,481.1,133.5,131.4,1341.3,4105.9,5878.1,1329.9,1790.1,208.3,28.9,1258.3,1937.6,506.9,1027.9,5401.3,5309.2,3136.2,1252.9,3841.6,5949.9,2887.6,1894.2,1699.6,3032.0,1054.9,3626.4,1056.3,2645.6,1585.7,4818.0,8200.2,4416.6,1881.3,656.4
2026-09-17 07:45:00,904.0,471.2,1350.3,1099.6,865.1,785.1,1.0,48.1,493.3,131.6,136.7,1346.8,4230.5,5673.9,1346.9,1787.8,221.5,29.1,1276.9,1935.6,513.2,1020.7,5430.4,5288.4,3166.6,1259.6,3839.0,6040.1,2906.4,1888.2,1710.1,3020.4,1063.8,3668.0,1062.8,2644.9,1593.8,4862.0,8246.7,4469.6,1893.7,674.4
2026-09-17 08:00:00,887.0,529.0,1329.6,1101.2,863.1,597.2,12.0,18.8,508.8,108.5,191.7,1200.8,4231.1,6228.5,1638.0,1839.5,338.9,24.7,1254.8,1926.6,493.0,1059.2,5469.1,5283.6,3202.4,1243.7,4027.3,6480.8,2994.0,1901.7,1740.6,2914.1,1078.8,3708.0,1053.2,3137.6,1601.3,4932.8,8270.5,4333.5,1879.7,691.9
2026-09-17 08:15:00,872.1,514.1,1310.1,1076.2,866.6,621.1,12.0,17.9,510.7,110.1,194.2,1207.7,4270.1,5869.6,1637.4,1836.0,333.7,24.7,1251.3,1915.4,486.9,1037.3,5426.9,5314.5,3207.8,1244.2,4021.9,6474.6,3002.0,1911.2,1741.7,2903.0,1079.7,3713.6,1053.9,3133.6,1603.4,4882.9,8260.4,4284.8,1878.2,693.2
2026-09-17 08:30:00,873.2,532.2,1268.5,1060.3,866.7,653.2,12.3,15.5,519.3,111.3,196.5,1223.4,4430.4,5577.3,1621.8,1858.7,343.8,24.7,1247.3,1850.5,486.4,1048.5,5409.9,5310.2,3201.2,1247.2,4009.9,6277.3,3002.1,1914.4,1732.7,2925.0,1088.1,3724.4,1055.5,3129.6,1604.4,4960.4,8235.2,4073.5,1858.2,706.0
2026-09-17 08:45:00,864.4,547.5,1210.8,838.0,863.4,699.9,12.3,13.1,521.6,113.8,210.7,1227.8,4445.4,5564.0,1607.0,1869.3,337.5,24.7,1261.3,1818.6,492.4,1025.1,5395.0,5288.8,3195.8,1262.8,3999.9,5548.9,3009.0,1917.9,1739.7,2903.4,1092.0,3737.2,1068.7,3126.4,1606.8,4873.2,8213.1,4305.1,1846.3,717.3
2026-09-17 09:00:00,833.1,573.1,1152.4,752.6,849.1,598.8,32.3,18.9,507.0,74.1,189.3,1261.8,4384.5,5908.3,1582.2,1812.3,174.8,41.1,1277.8,2242.8,487.7,1051.6,5382.1,5254.5,3179.6,1229.2,3883.5,4739.0,3005.4,1853.6,1738.1,2869.3,1087.4,3632.7,1039.8,3311.2,1614.2,4788.4,8106.3,4256.3,1821.0,707.4
2026-09-17 09:15:00,821.3,594.6,1086.8,552.1,845.0,648.3,32.3,21.5,499.4,29.9,193.4,1261.1,4389.7,6020.2,1664.2,1741.5,184.4,49.8,1273.3,2187.0,489.4,1004.8,5364.1,5246.7,3160.6,1216.2,3875.3,4398.0,3009.2,1851.8,1740.2,2864.6,1083.7,3287.2,1042.4,3310.0,1618.5,4793.0,8089.4,4287.9,1802.0,713.3
2026-09-17 09:30:00,809.7,610.4,1042.3,577.1,834.6,656.2,34.7,21.0,487.8,25.8,199.8,1286.1,4600.2,6019.9,1752.6,1727.1,184.8,43.4,1278.3,1995.4,486.9,996.4,5362.9,5253.1,3147.2,1211.7,3873.9,3736.8,3008.0,1850.8,1734.0,2881.3,1089.6,3266.6,1044.4,3309.5,1532.9,4777.9,8073.6,4071.4,1786.6,729.1
2026-09-17 09:45:00,799.4,625.5,955.7,633.9,834.1,676.0,36.5,22.5,467.7,15.3,199.9,1307.6,4829.3,6141.8,1717.7,1676.5,170.0,44.7,1336.7,1816.1,516.2,533.4,5354.3,5239.4,3124.1,1086.7,3898.7,3502.0,3009.2,1877.8,1729.6,2883.7,1083.5,2936.5,1044.5,3307.8,1529.1,4719.9,8091.1,4031.6,1789.1,730.3
2026-09-17 10:00:00,791.3,641.4,936.6,682.6,818.9,608.9,61.5,55.6,443.1,43.7,215.7,1373.8,4588.6,6419.3,1839.1,1873.5,121.7,98.3,1397.6,1989.0,492.8,716.4,5313.7,5217.9,3113.8,1054.5,3898.6,3368.3,3036.3,1891.0,1705.8,2991.6,1076.1,2332.2,1073.2,3218.7,1522.4,4630.3,8106.1,3988.0,1766.7,712.2
2026-09-17 10:15:00,783.4,657.7,901.1,748.4,809.4,639.8,65.5,55.4,429.9,35.3,241.5,1387.8,5672.3,6404.6,1783.7,1856.0,127.3,88.2,1400.0,1794.8,489.3,604.3,5304.8,5181.9,3110.1,1031.9,3890.6,3207.2,3035.9,1908.9,1736.6,2981.5,1142.4,1902.9,1072.2,3216.0,1519.9,4476.6,8082.1,4012.4,1746.6,712.1
2026-09-17 10:30:00,782.0,671.8,866.8,814.8,807.8,667.4,65.6,61.0,410.3,35.0,263.6,1423.0,5669.9,6562.5,1799.0,1857.3,121.7,103.5,1412.8,1688.5,504.9,609.5,5329.7,5172.9,3103.6,1014.4,3880.8,2903.7,3028.0,1920.4,1730.8,2960.0,1163.0,1561.2,1070.0,3211.3,1518.0,4329.2,8044.4,4044.2,1738.0,718.1
2026-09-17 10:45:00,767.2,678.8,831.2,881.3,794.8,664.4,61.0,64.6,400.6,21.8,303.1,1445.1,5868.3,6687.5,1798.1,1812.3,121.7,111.9,1430.8,1657.2,506.6,637.2,5362.1,5147.5,3088.0,1052.1,3864.4,2842.3,3026.6,1936.4,1729.8,2955.6,1157.0,1248.7,1068.9,3205.2,1555.9,4271.9,8053.5,4071.3,1735.0,726.7
2026-09-17 11:00:00,794.0,701.6,803.0,943.3,789.1,627.7,67.7,74.7,378.2,15.1,657.0,1506.5,5824.6,6769.4,2096.5,1888.3,151.1,40.7,1706.3,1596.5,552.9,600.2,5317.3,5086.3,3065.7,1284.5,3768.1,2743.6,3013.3,1935.4,1727.4,2935.9,1176.1,1255.6,1069.7,2874.7,1604.1,4445.9,8002.5,3986.8,1723.3,745.8
2026-09-17 11:15:00,818.7,709.3,786.0,995.2,786.5,633.6,68.2,75.6,372.1,3.9,669.9,1524.2,5945.6,6792.7,2083.5,1888.7,151.5,56.2,1780.1,1442.7,551.2,620.3,5305.5,5105.1,3062.0,1269.6,3763.7,2730.6,3011.9,1953.6,1727.2,2930.7,1174.0,1245.9,1067.2,2869.9,1599.9,4361.5,7995.7,4002.5,1711.7,740.7
2026-09-17 11:30:00,811.5,709.3,772.5,1039.8,788.2,590.2,63.0,76.0,425.5,3.7,658.1,1548.4,5920.9,6911.3,2081.5,1909.8,151.9,63.3,1948.8,1481.4,566.2,642.5,5327.3,5040.0,3049.4,1284.6,3756.0,2639.7,3004.6,1910.3,1724.5,2944.3,1169.4,1243.9,1066.3,2866.7,1592.6,4131.6,7999.7,4019.7,1706.8,743.0
2026-09-17 11:45:00,819.7,687.5,758.8,1080.4,818.6,491.0,63.1,70.5,428.0,3.6,639.1,1561.3,5958.8,7007.4,2126.0,1870.3,152.2,68.8,2014.8,1477.9,594.8,661.4,5315.6,4965.0,3041.6,1294.6,3772.9,2644.3,2999.0,1886.4,1710.7,2944.2,1168.7,1245.2,1067.7,2863.3,1580.4,4051.6,8060.8,4038.0,1719.5,731.9
2026-09-17 12:00:00,863.4,712.3,868.7,1144.9,833.8,601.3,12.2,87.3,376.3,20.8,295.4,1584.3,5991.2,7036.8,2390.2,1918.1,153.6,83.0,2078.6,1501.8,572.3,665.2,5288.8,5062.3,3016.8,1238.2,3809.5,2819.5,2981.8,1864.8,1693.0,2953.2,1108.1,1118.6,1072.8,2662.9,1550.8,3594.0,7959.6,4021.2,1686.4,741.8
2026-09-17 12:15:00,832.1,699.5,863.9,1172.4,850.3,558.7,12.2,85.7,353.4,21.7,269.5,1593.7,6114.5,7079.2,2437.0,1910.4,152.1,88.3,2099.0,1520.4,576.2,689.5,5277.7,4976.3,3012.5,1241.6,3803.1,2823.3,2978.4,1861.3,1692.1,2947.8,1107.6,1113.6,1074.5,2660.6,1538.7,3533.5,7982.4,4027.8,1679.3,729.6
2026-09-17 12:30:00,825.4,702.2,858.3,1194.0,857.3,528.5,19.9,81.5,360.0,24.1,271.2,1601.2,6171.0,7139.1,2432.3,1899.8,150.6,77.8,2108.6,1559.2,577.9,712.5,5270.9,4998.4,3008.4,1242.1,3807.3,2828.7,2971.5,1861.7,1693.1,2936.7,1106.2,1105.6,1072.8,2658.8,1531.5,3484.6,8007.2,4032.0,1687.6,723.6
2026-09-17 12:45:00,824.7,694.0,869.0,1187.3,860.3,527.2,20.3,82.9,361.7,22.0,249.6,1592.6,6212.6,7185.8,2433.0,1905.6,149.1,82.7,2116.9,1589.3,568.4,727.1,5256.5,5014.7,3006.9,1244.5,3804.1,2822.8,2969.9,1862.1,1697.4,2936.3,1101.1,1096.7,1073.5,2658.5,1535.4,3457.5,8040.2,4081.5,1699.2,719.5
2026-09-17 13:00:00,848.9,693.6,863.6,1185.3,871.0,532.6,38.2,61.8,370.7,32.0,535.5,1552.9,6216.2,7233.8,2463.1,1918.1,18.2,132.3,2161.5,1613.8,587.9,730.5,5225.7,5075.4,3002.5,1188.2,3833.6,3060.8,2960.6,1856.3,1693.5,2955.3,1144.5,988.5,1068.4,2537.8,1540.8,3414.7,8143.0,4226.3,1711.3,708.4
2026-09-17 13:15:00,880.7,693.1,867.8,1218.1,875.0,573.3,38.2,57.8,374.4,39.7,527.2,1559.8,6157.2,7208.8,2465.6,1915.8,18.1,138.9,2155.2,1656.4,588.0,749.7,5219.3,5083.1,3011.2,1187.8,3836.6,3072.3,2959.2,1858.2,1692.7,2947.7,1146.8,1033.6,1068.2,2537.4,1546.0,3397.5,8130.4,4229.0,1717.9,701.7
2026-09-17 13:30:00,885.1,684.8,869.3,1198.7,878.6,547.9,44.2,59.3,383.0,41.0,519.7,1559.4,6140.5,7198.5,2446.2,1908.7,18.0,140.9,2155.4,1668.1,594.7,758.3,5196.4,5086.1,3012.3,1204.6,3844.3,3058.0,2962.3,1848.6,1691.5,2962.8,1148.4,981.7,1065.9,2539.1,1549.7,3378.5,8140.0,4222.9,1730.7,695.0
2026-09-17 13:45:00,877.6,671.8,856.9,1189.8,880.6,543.2,43.6,55.7,388.3,42.3,512.9,1561.4,6105.4,7179.4,2461.8,1903.4,48.1,123.8,2173.8,1672.1,602.5,767.1,5193.0,5092.5,3012.4,1203.8,3835.3,3057.0,2962.4,1848.9,1692.3,2958.7,1145.4,996.1,1061.7,2539.5,1550.4,3357.1,8127.4,4181.9,1726.2,683.4
2026-09-17 14:00:00,871.0,644.8,862.8,1144.1,842.5,515.3,11.1,43.8,388.7,57.7,370.4,1565.7,6176.6,7177.1,2472.8,1918.8,17.9,156.2,2131.0,1659.8,592.0,796.1,5246.7,5130.6,3019.9,1284.0,3746.8,2931.3,2984.2,1891.6,1702.7,2940.7,1151.1,991.2,1055.4,2688.9,1560.1,3383.1,8176.5,4150.4,1780.2,674.8
2026-09-17 14:15:00,874.9,633.5,870.2,1128.5,844.3,504.2,8.6,43.7,399.3,57.2,378.8,1570.8,6116.8,7217.0,2489.5,1911.9,18.6,191.1,2129.0,1670.4,589.7,790.5,5232.8,5121.8,3031.9,1287.1,3749.5,2925.7,2982.9,1903.4,1715.9,2941.4,1150.2,1018.6,1052.3,2689.4,1563.1,3367.6,8165.6,4198.9,1793.9,671.6
2026-09-17 14:30:00,875.7,636.2,879.0,1151.5,827.7,557.0,8.0,43.6,399.6,59.3,365.7,1567.8,6077.5,7175.1,2491.0,1893.7,19.4,191.6,2120.4,1704.6,585.6,797.9,5209.2,5153.7,3036.4,1285.2,3747.8,2920.1,2981.2,1885.5,1700.7,2960.1,1145.7,1017.7,1051.7,2686.8,1570.5,3379.5,8093.8,4193.3,1791.5,664.2
2026-09-17 14:45:00,789.5,640.3,889.3,1127.4,810.5,594.2,8.0,43.4,387.4,64.3,375.1,1562.8,5932.1,7132.3,2516.0,1911.7,20.1,174.9,2096.5,1730.2,584.1,799.0,5181.6,5197.0,3046.0,1266.5,3748.7,2933.6,2986.1,1908.4,1701.7,2956.5,1151.0,1078.8,1051.3,2681.7,1580.5,3397.6,8074.4,4186.3,1797.3,666.7
2026-09-17 15:00:00,794.2,601.3,779.4,1092.4,822.6,508.9,55.4,63.6,408.1,75.4,489.6,1589.6,5709.8,7273.2,2156.5,1851.4,142.1,96.1,1859.4,1734.3,572.4,832.4,5186.2,5174.6,3053.5,1238.4,3774.8,2928.3,2994.5,1939.1,1744.8,2913.0,1130.1,1129.9,1053.1,2978.3,1581.3,3610.3,8047.3,3992.4,1779.9,669.9
2026-09-17 15:15:00,806.1,596.7,791.8,1142.6,816.7,563.3,50.4,63.3,383.3,75.4,491.9,1585.3,5574.8,7178.5,2185.8,1845.2,143.5,96.4,1830.5,1774.7,571.6,840.7,5186.1,5214.6,3064.9,1207.3,3773.0,2941.7,2998.5,1935.0,1752.1,2924.0,1131.6,1354.9,1055.4,2970.1,1594.5,3646.4,8023.6,4034.9,1785.3,654.3
2026-09-17 15:30:00,808.0,593.2,861.0,1111.8,806.0,585.1,48.2,63.2,338.4,81.0,485.1,1574.1,5515.6,7069.9,2183.4,1860.7,145.0,86.4,1747.3,1790.2,569.7,840.2,5122.9,5233.4,3086.1,1217.5,3792.7,2947.5,2999.6,1925.3,1748.3,2964.3,1134.5,1445.6,1057.9,2958.2,1606.0,3765.0,8028.6,4024.7,1796.0,642.2
2026-09-17 15:45:00,818.1,571.7,883.7,1102.4,805.2,555.8,44.3,63.4,339.6,79.5,465.5,1564.4,4691.0,6965.3,2190.3,1847.8,146.4,81.1,1637.4,1941.1,574.7,837.4,5135.5,5236.2,3108.7,1224.0,3799.3,2946.7,3004.2,1933.7,1723.4,2991.4,1134.6,1501.5,1062.7,2943.6,1609.2,3783.9,8035.0,4011.5,1804.9,631.2
2026-09-17 16:00:00,848.2,517.1,909.4,1084.3,802.6,540.0,41.1,110.5,357.0,56.9,466.3,1480.5,4847.0,7102.6,1951.5,1686.8,117.4,198.5,1680.8,2134.1,611.2,893.7,5292.9,5225.1,3143.7,1032.7,3847.1,3130.5,2996.9,2112.5,1760.6,2898.3,1163.9,1170.9,1071.2,3764.9,1632.1,4363.2,8073.1,4034.4,1816.6,599.3
2026-09-17 16:15:00,853.4,514.2,948.9,1047.6,803.5,542.5,33.6,110.7,329.6,57.3,475.0,1471.8,4650.5,6921.4,1987.1,1722.9,117.4,163.9,1534.5,2139.4,585.4,893.6,5235.6,5283.2,3172.4,1041.4,3860.3,3176.3,3004.2,2109.1,1759.4,2889.0,1151.2,1578.8,1074.2,3752.3,1644.8,4422.2,8098.2,4001.3,1825.9,578.4
2026-09-17 16:30:00,864.9,512.0,1002.0,1002.3,805.7,503.1,32.8,110.2,326.7,58.9,490.1,1450.3,5362.6,7243.8,2025.6,1740.4,117.4,141.2,1414.4,2397.0,575.2,936.7,5216.9,5346.5,3190.7,1045.7,3867.8,3348.3,2984.7,2111.7,1758.4,2886.2,1149.6,1650.8,1076.5,3740.4,1645.0,4564.8,8148.7,4029.7,1846.3,548.6
2026-09-17 16:45:00,863.7,502.7,1072.1,1176.5,815.3,456.5,31.8,115.2,324.8,61.8,490.6,1434.3,4438.4,7017.9,2122.5,1799.6,117.4,131.6,1416.5,2665.3,549.9,953.4,5216.9,5335.3,3198.0,1048.3,3853.1,3481.4,3000.0,2110.8,1763.1,2887.8,1147.6,1940.7,1080.2,3730.2,1637.6,4622.5,8219.5,4040.8,1868.9,524.5
2026-09-17 17:00:00,873.6,469.7,1146.1,1169.6,826.0,643.5,29.4,32.0,337.0,35.5,261.8,1413.6,4573.4,6465.9,2060.1,1604.2,206.3,25.7,1520.7,2890.0,598.6,881.4,5325.8,5330.1,3206.6,1017.1,3764.7,3677.9,2985.9,2088.8,1758.8,2904.5,1082.9,2342.2,1078.7,3910.4,1680.1,4747.9,8316.6,4049.9,1925.0,537.4
2026-09-17 17:15:00,874.8,454.1,1155.4,1140.0,833.7,620.3,23.3,31.7,345.2,39.2,259.7,1407.1,4395.1,6243.6,2137.6,1673.5,208.9,25.6,1496.3,2945.1,561.6,938.2,5317.3,5288.9,3211.9,1088.7,3694.6,4003.2,2984.6,2058.5,1750.4,2904.4,1042.4,2518.0,1079.6,3902.0,1690.8,4707.9,8372.7,4331.2,1937.0,513.7
2026-09-17 17:30:00,871.8,432.2,1212.4,1326.5,839.9,584.0,22.7,31.4,355.2,39.6,288.9,1366.8,4343.2,6145.9,2149.5,1782.1,235.5,25.5,1485.0,2844.3,568.6,1388.7,5338.7,5287.1,3209.5,1195.1,3692.0,4131.9,2980.4,2028.5,1753.6,2916.9,1040.7,2963.2,1076.1,3894.3,1690.3,4706.1,8404.1,4349.5,1948.3,489.1
2026-09-17 17:45:00,879.6,424.4,1244.3,1132.1,841.1,567.1,22.8,31.1,364.0,48.8,304.7,1346.0,4382.2,6513.9,2207.3,1948.3,194.5,26.3,1481.5,2843.0,569.3,1443.8,5348.7,5311.2,3216.5,1202.5,3694.2,4511.0,2980.2,2036.5,1753.5,2927.8,1043.6,3280.7,1076.4,3886.8,1695.4,4676.2,8435.5,4343.6,1952.1,472.4
2026-09-17 18:00:00,894.3,475.1,1287.0,1369.5,858.5,632.5,32.0,49.9,371.7,49.1,207.3,1300.1,4553.3,5651.3,2133.0,1903.5,277.1,15.5,1481.5,3608.9,590.0,1420.3,5418.4,5275.6,3202.7,1268.0,3949.5,5259.6,2923.7,1995.1,1762.9,2920.0,1043.7,3514.0,1072.7,3977.2,1689.8,4650.5,8437.0,4303.7,1939.4,477.6
2026-09-17 18:15:00,907.2,520.5,1304.9,1356.2,861.8,633.2,32.0,49.8,374.8,61.2,178.0,1277.5,4485.0,5691.2,1976.0,1731.7,256.6,15.4,1473.6,3510.7,587.5,1402.2,5407.3,5286.0,3203.8,1273.7,3952.8,5513.0,2925.9,1998.8,1759.2,2918.5,1036.0,3488.4,1072.9,3969.2,1693.1,4643.6,8442.7,4325.0,1946.0,468.1
2026-09-17 18:30:00,922.7,524.9,1324.3,1362.0,868.3,655.4,32.0,51.4,379.9,85.5,196.8,1268.8,3654.7,5492.8,1793.7,1569.4,226.4,15.2,1470.4,3445.8,593.9,1393.0,5416.2,5302.6,3209.2,1277.3,3964.5,5729.5,2923.8,2001.0,1751.1,2920.6,1039.4,3475.2,1074.8,3960.7,1696.5,4669.1,8451.6,4337.0,1941.7,465.0
2026-09-17 18:45:00,928.2,531.8,1346.3,1390.0,873.8,654.4,32.0,71.4,382.1,115.8,198.8,1237.8,3562.2,5524.0,2004.0,1789.0,210.8,15.1,1514.4,3416.9,602.4,1406.5,5424.9,5315.3,3218.5,1272.2,3961.4,5890.8,2928.7,2004.0,1741.7,2921.7,1038.6,3476.7,1078.5,3950.0,1695.0,4711.3,8477.4,4346.7,1943.8,458.8
2026-09-17 19:00:00,928.6,529.7,1365.9,1229.9,883.0,754.9,52.0,44.3,378.9,107.5,228.2,1227.6,3716.3,5055.8,1999.3,1671.2,259.6,16.2,1587.5,3645.1,607.0,1450.0,5489.3,5289.6,3224.2,1272.1,3891.8,6433.1,2883.7,2056.6,1749.6,3000.7,1063.6,3756.0,1081.2,3957.9,1716.6,4594.4,8506.5,4413.2,1957.9,476.3
2026-09-17 19:15:00,931.3,457.0,1373.9,1246.8,890.5,756.8,52.0,60.3,380.0,105.0,222.2,1214.8,3659.2,4938.9,1983.6,1666.4,221.6,16.0,1583.3,3594.6,594.1,1429.2,5495.3,5300.3,3232.2,1270.6,3897.0,6486.6,2888.2,2059.0,1750.5,2993.8,1064.4,3648.6,1081.9,3949.4,1724.1,4594.2,8514.3,4538.3,1961.9,502.6
2026-09-17 19:30:00,928.1,523.8,1368.3,1280.1,888.8,752.4,52.0,61.5,380.9,113.1,208.8,1225.8,3671.9,5102.7,1910.9,1635.2,184.7,15.8,1581.5,3548.2,600.1,1428.5,5467.2,5315.5,3235.1,1269.4,3908.4,6498.5,2887.0,2060.2,1756.5,3004.5,1068.1,3666.2,1081.1,3942.2,1727.5,4595.5,8513.9,4471.8,1968.7,512.2
2026-09-17 19:45:00,927.1,528.2,1352.4,1285.8,882.6,745.1,52.0,47.2,380.9,126.8,204.0,1229.1,3638.4,5420.6,1912.4,1699.5,188.8,15.6,1610.4,3502.7,619.2,1436.8,5439.1,5297.4,3242.8,1270.7,3905.3,6479.7,2895.4,2062.2,1752.2,2999.1,1067.8,3682.5,1076.9,3935.5,1730.0,4595.7,8506.0,4482.5,1963.4,511.9
2026-09-17 20:00:00,908.8,526.0,1326.9,1285.6,869.9,743.2,44.5,48.1,380.2,126.1,185.1,1324.7,3675.9,5230.6,1703.8,1634.5,185.7,15.1,1536.0,3469.3,556.4,1478.4,5302.7,5223.2,3259.4,1290.3,4088.6,6751.9,2789.4,1996.2,1775.3,2993.4,1059.2,3722.8,1072.4,3964.3,1731.3,4474.4,8464.5,4515.8,1931.1,466.7
2026-09-17 20:15:00,900.3,516.6,1310.5,1282.5,857.9,732.3,44.5,44.5,375.5,126.7,197.6,1323.9,3699.6,5269.3,1697.6,1597.2,208.4,15.1,1537.0,3427.0,555.9,1479.9,5262.4,5215.7,3263.8,1287.2,4086.8,6755.4,2796.4,1999.2,1778.3,2972.8,1060.0,3639.1,1067.3,3958.9,1728.7,4482.4,8428.9,4460.9,1926.6,483.0
2026-09-17 20:30:00,893.0,511.7,1280.8,1245.6,842.4,725.1,44.5,44.5,372.2,135.0,184.2,1323.0,3704.5,5114.0,1696.4,1601.6,206.5,15.1,1539.1,3402.5,558.0,1488.4,5220.4,5203.3,3250.0,1281.6,4081.9,6754.1,2797.2,2001.2,1787.0,2962.7,1062.7,3573.7,1067.9,3951.6,1726.2,4481.4,8379.0,4400.0,1911.5,520.8
2026-09-17 20:45:00,891.5,508.1,1261.5,1242.0,835.6,713.0,44.6,44.5,366.2,139.8,187.7,1326.3,3661.4,4903.0,1698.9,1608.3,284.5,15.1,1533.7,3385.9,554.9,1496.3,5180.2,5173.8,3242.0,1273.3,4077.1,6695.4,2798.1,1999.3,1779.9,2936.9,1061.0,3505.2,1065.5,3946.7,1722.0,4476.5,8339.1,4359.8,1890.4,509.4
2026-09-17 21:00:00,856.6,441.5,1201.2,1146.3,797.8,641.1,12.0,3.8,359.9,141.9,163.6,1327.8,3423.3,5121.6,1634.6,1534.9,84.7,76.5,1386.3,2976.9,524.9,1525.7,5123.2,5175.2,3210.3,1273.9,4190.3,6461.8,2846.2,2013.3,1771.5,2941.4,1053.1,3538.7,1063.6,3880.4,1619.3,4553.5,8142.6,4333.6,1828.3,487.5
2026-09-17 21:15:00,845.2,411.1,1169.0,1123.2,782.2,631.4,12.0,3.8,350.3,140.1,159.3,1325.4,3408.4,5143.4,1622.1,1493.4,93.6,64.6,1381.3,2976.5,522.2,1532.4,5142.0,5191.4,3182.2,1221.4,4170.8,6326.5,2843.6,2030.7,1778.1,2930.2,1046.4,3437.8,1059.0,3875.6,1607.1,4541.5,8055.2,4324.7,1796.3,499.0
2026-09-17 21:30:00,837.6,394.9,1138.6,1117.9,770.4,620.5,12.0,3.8,343.5,138.2,150.6,1301.2,3410.5,4925.2,1648.1,1497.6,64.9,64.6,1376.1,2963.2,516.9,1550.6,5146.4,5176.3,3156.9,1170.4,4161.0,6259.0,2836.4,2013.7,1778.1,2929.9,1043.7,3467.1,1053.7,3870.8,1595.0,4544.2,7979.2,4205.3,1777.9,509.6
2026-09-17 21:45:00,823.3,377.0,1104.1,1114.0,754.0,588.0,14.8,3.8,335.0,93.8,155.1,1314.0,3701.9,4795.1,1637.5,1448.0,62.8,127.5,1379.1,2946.9,508.5,1548.1,5116.5,5150.8,3135.2,1148.1,4140.9,6129.5,2830.2,2015.7,1777.3,2926.5,1034.6,3459.5,1049.1,3866.0,1581.6,4551.7,7909.2,4069.9,1747.1,523.6
2026-09-17 22:00:00,789.8,400.8,1059.0,920.7,723.5,515.6,12.0,30.8,332.9,62.1,466.2,1244.9,3117.4,4659.7,1565.9,1458.6,32.1,117.5,1419.8,2755.7,494.0,1540.8,4932.3,5120.3,3062.1,1261.4,3937.7,5649.1,2737.4,1958.2,1754.9,2878.4,1021.8,3308.6,1040.2,3728.7,1557.0,4496.7,7787.4,4092.7,1697.0,554.7
2026-09-17 22:15:00,794.7,398.7,1030.3,913.1,707.6,496.4,12.0,30.8,329.6,58.7,467.6,1245.8,3410.9,4525.9,1553.2,1433.3,31.0,99.9,1412.1,2765.1,486.6,1548.2,4880.6,5038.8,3028.4,1258.5,3915.3,5544.3,2730.5,1957.2,1755.8,2878.3,1010.4,3268.3,1027.9,3724.5,1544.1,4509.0,7686.6,3940.6,1665.8,563.9
2026-09-17 22:30:00,776.2,376.3,1006.0,900.8,713.0,495.0,14.7,30.8,324.6,66.1,452.7,1244.1,3659.4,4880.1,1580.5,1458.7,9.9,115.1,1399.6,2774.9,478.1,1559.5,4847.7,4981.2,2987.9,1198.6,3894.0,5368.5,2720.3,1913.3,1752.0,2868.3,1002.6,3309.0,1024.5,3720.5,1532.3,4479.4,7590.0,3854.6,1644.7,569.5
2026-09-17 22:45:00,768.3,376.8,984.2,874.4,697.9,494.9,14.7,30.8,320.3,72.9,443.9,1245.1,4209.5,4959.8,1559.6,1448.6,8.9,116.1,1394.5,2773.1,475.9,1557.3,4841.9,4962.5,2949.0,1161.0,3851.4,5293.8,2711.1,1913.5,1749.9,2841.3,992.2,3288.2,1019.3,3715.0,1524.9,4395.2,7539.5,3843.2,1617.3,577.6
2026-09-17 23:00:00,798.1,388.5,961.9,884.3,678.6,354.8,13.2,42.7,315.6,47.0,477.8,1237.7,3939.4,4778.3,1483.9,1433.8,0.1,158.4,1055.3,2300.8,450.0,1558.3,4666.7,5041.1,2852.7,1244.3,3611.1,4961.9,2700.3,1950.9,1707.5,2915.5,972.0,3180.7,1012.0,3278.2,1512.2,4170.0,7390.4,3877.5,1600.1,603.4
2026-09-17 23:15:00,755.9,390.9,947.5,883.8,666.9,354.6,14.7,42.2,314.1,48.5,458.8,1238.2,4041.7,4588.1,1452.2,1432.7,0.0,130.7,1051.7,2319.3,444.1,1559.1,4644.2,4947.1,2810.1,1240.2,3575.1,4869.2,2690.8,1914.5,1697.8,2935.1,960.9,3147.9,1005.9,3273.4,1508.1,4155.8,7322.4,3848.5,1578.7,610.7
2026-09-17 23:30:00,746.9,384.4,931.3,879.4,653.8,354.9,14.7,42.7,308.4,46.3,462.2,1239.5,4064.8,4680.8,1446.7,1430.4,0.0,129.5,1046.0,2335.3,444.1,1567.4,4616.4,4886.0,2770.7,1190.2,3550.3,4737.3,2678.0,1911.8,1700.9,2903.1,950.4,3141.9,999.2,3267.4,1497.5,4100.2,7255.6,3853.3,1563.5,614.0
2026-09-17 23:45:00,740.2,381.4,917.7,875.5,643.8,355.2,14.7,42.3,302.5,39.4,457.1,1241.0,4087.5,4400.7,1408.6,1390.5,0.0,130.0,1043.5,2339.0,443.7,1565.6,4625.0,4832.5,2714.9,1188.0,3519.6,4668.4,2667.1,1911.9,1703.0,2844.5,945.5,3071.7,991.0,3260.1,1475.8,4025.3,7193.9,3895.5,1542.7,619.0
2026-09-18 00:00:00,720.6,352.4,904.7,880.9,628.0,393.8,11.0,73.9,302.1,81.6,162.1,1261.4,3568.5,4977.7,1267.7,1339.0,144.4,25.8,1053.7,2922.9,446.4,1071.3,4673.9,5173.4,2592.7,1120.3,3574.2,4074.0,2639.4,1851.7,1675.7,2813.0,955.2,2532.9,1009.8,2485.4,1381.2,3740.2,7084.6,4160.2,1470.1,798.7
2026-09-18 00:15:00,719.0,398.6,894.7,889.1,621.9,393.1,11.1,73.0,320.4,20.0,144.1,1261.9,3535.6,4892.8,1397.4,1325.3,144.5,16.5,1045.8,2934.3,446.9,1063.6,4667.2,5142.4,2562.1,1115.7,3559.8,3997.1,2630.5,1835.4,1672.6,2752.3,943.9,2518.6,1003.4,2472.4,1386.1,3751.8,7029.5,4157.3,1440.8,799.9
2026-09-18 00:30:00,712.7,353.4,886.5,896.2,615.8,384.2,11.0,73.1,317.1,16.3,137.2,1266.5,3579.2,4815.1,1456.2,1279.7,144.6,17.0,1052.5,2930.3,452.2,1061.5,4681.5,5102.8,2529.1,1112.0,3534.6,3821.7,2616.0,1835.9,1669.3,2743.2,938.8,2213.7,999.6,2460.0,1390.5,3766.0,6964.0,4143.3,1427.8,797.8
2026-09-18 00:45:00,707.1,353.9,877.5,899.6,611.1,383.2,11.0,72.5,316.1,22.1,117.3,1280.3,3629.0,4644.6,1438.0,1293.5,144.7,37.6,1057.8,2755.5,449.9,1055.9,4672.6,5075.6,2497.1,1112.2,3525.5,3548.2,2600.7,1811.6,1664.4,2748.4,930.3,2141.6,995.9,2449.4,1393.9,3777.5,6918.6,4131.4,1412.5,788.5
2026-09-18 01:00:00,712.7,352.7,959.8,920.6,665.4,381.2,11.0,67.6,317.0,16.0,143.5,1269.7,3621.2,4603.6,1408.1,1308.2,140.8,63.9,1082.5,2979.6,453.7,1018.8,4638.2,4933.1,2438.7,1177.2,3486.5,4023.2,2599.5,1827.4,1644.5,2819.0,892.5,1948.3,991.7,2447.8,1457.5,3803.4,6835.8,4101.6,1399.3,761.1
2026-09-18 01:15:00,751.5,353.8,961.1,927.6,659.3,379.2,11.1,67.8,322.1,16.0,128.5,1271.6,3623.0,4632.4,1409.6,1258.4,140.6,33.8,1084.0,2799.9,457.7,1010.0,4660.6,4903.3,2420.3,1173.2,3472.4,4009.1,2592.6,1808.7,1634.5,2847.3,900.2,1913.3,993.2,2440.1,1452.1,3819.5,6809.2,4113.5,1395.2,755.0
2026-09-18 01:30:00,747.0,353.0,965.4,935.5,655.9,377.8,11.0,67.6,320.2,16.0,125.4,1272.1,3634.4,4561.6,1394.5,1268.4,130.8,15.2,1084.3,2801.0,461.7,994.3,4658.1,4883.2,2399.7,1174.0,3457.8,3982.4,2594.1,1792.0,1628.8,2873.7,891.4,1892.9,995.4,2432.5,1446.6,3832.5,6786.6,4113.8,1390.0,750.7
2026-09-18 01:45:00,739.2,353.1,966.2,942.9,653.1,376.7,13.7,67.0,348.5,16.0,105.1,1273.8,3699.5,4421.5,1408.6,1269.2,140.1,34.3,1082.3,2813.7,462.3,987.9,4649.2,4862.3,2379.2,1176.7,3449.6,3985.9,2590.0,1797.4,1634.4,2884.9,888.4,1898.0,997.6,2424.9,1439.4,3847.3,6767.3,4074.8,1394.6,744.7
2026-09-18 02:00:00,771.0,358.0,963.3,945.7,648.5,376.5,11.0,66.9,406.3,6.0,176.4,1287.5,3702.1,4403.6,1411.6,1238.1,24.5,108.2,1170.7,2911.0,459.3,967.7,4608.5,4849.8,2362.1,1182.0,3428.7,4024.6,2610.5,1821.7,1615.4,2910.1,870.1,1833.3,999.2,2464.0,1427.7,3852.3,6840.7,4224.9,1392.3,742.8
2026-09-18 02:15:00,787.2,358.7,960.5,954.2,645.0,384.7,11.0,67.0,416.7,6.0,155.0,1288.6,3720.4,4403.3,1408.1,1233.9,23.7,107.6,1170.7,2900.8,461.9,942.2,4604.3,4822.7,2353.8,1187.4,3421.0,3984.4,2609.2,1814.0,1621.4,2938.8,864.9,1820.1,1003.4,2457.5,1423.1,3868.0,6831.1,4232.1,1397.6,728.6
2026-09-18 02:30:00,785.8,356.3,956.1,958.2,643.8,389.2,13.8,67.4,411.3,6.0,134.6,1292.2,4516.6,4357.3,1420.1,1258.8,22.9,107.1,1165.0,2915.6,450.6,943.2,4586.2,4798.4,2342.0,1190.5,3415.7,4024.1,2608.4,1814.5,1621.0,2942.2,862.4,1835.4,1008.3,2451.2,1420.2,3880.2,6825.3,4249.4,1396.0,710.8
2026-09-18 02:45:00,785.4,347.9,952.7,970.5,643.9,392.6,13.7,67.8,416.4,6.0,132.8,1294.0,4647.0,4376.0,1415.1,1298.3,2.1,106.7,1160.2,2909.3,448.4,931.8,4592.7,4772.2,2335.9,1192.4,3411.3,4013.5,2608.9,1815.6,1622.1,2963.0,858.5,1835.3,1012.3,2443.5,1417.4,3895.7,6817.0,4262.8,1389.2,697.4
2026-09-18 03:00:00,784.5,346.9,951.8,969.7,590.4,391.7,11.0,66.7,427.5,6.0,166.7,1310.6,4607.0,4361.0,1422.9,1219.7,1.3,106.1,1058.1,2997.1,432.1,902.1,4547.3,4681.4,2313.4,1071.1,3320.4,3584.9,2631.6,1868.2,1628.9,2946.4,857.0,1860.6,1019.1,2494.1,1382.1,3909.8,6815.0,4235.8,1381.3,670.0
2026-09-18 03:15:00,779.0,350.2,957.1,961.4,589.6,392.1,13.7,67.0,419.9,6.0,150.6,1310.5,4679.2,4290.1,1440.8,1208.3,1.1,105.6,1056.3,2970.8,429.1,896.1,4545.1,4668.6,2309.4,1078.0,3315.8,3586.1,2630.9,1863.6,1627.6,2968.2,852.2,1864.9,1019.9,2491.3,1381.9,3922.5,6812.3,4222.5,1369.6,653.8
2026-09-18 03:30:00,780.6,344.4,968.7,966.9,590.4,391.7,13.7,67.1,421.1,6.0,145.0,1311.1,4675.2,4295.8,1452.5,1204.9,0.8,105.3,1060.5,2964.3,426.1,875.0,4556.6,4649.7,2304.3,1081.3,3310.6,3582.3,2629.4,1862.1,1628.2,2971.6,854.6,1859.2,1022.4,2488.9,1383.9,3928.9,6788.6,4268.1,1367.9,636.8
2026-09-18 03:45:00,752.6,344.0,978.9,969.0,595.4,391.6,13.7,67.3,419.4,6.0,147.3,1310.9,4725.1,4309.3,1426.4,1245.3,0.6,105.2,1058.9,2911.3,422.7,861.7,4569.3,4633.5,2299.4,1084.6,3310.1,3583.0,2629.5,1867.2,1621.6,2975.3,847.1,1860.4,1022.8,2486.2,1387.7,3935.6,6771.1,4288.7,1364.3,618.8
2026-09-18 04:00:00,773.6,343.0,906.8,982.0,610.9,394.9,12.9,60.8,431.8,6.0,119.0,1298.2,4728.9,4361.1,1428.1,1175.0,62.7,60.0,1040.6,2984.9,417.5,836.0,4684.8,4707.3,2299.2,1088.9,3410.3,3790.4,2639.9,1834.9,1620.0,2972.2,843.3,1883.9,1026.7,2539.2,1405.4,4039.2,6777.9,4195.7,1425.7,589.9
2026-09-18 04:15:00,735.3,351.7,930.8,983.1,623.5,397.1,11.0,60.9,429.5,6.0,140.8,1297.9,4763.4,4310.0,1392.1,1166.7,62.6,59.2,1048.3,2982.0,405.4,828.1,4730.9,4703.4,2303.8,1092.0,3413.3,3826.1,2642.3,1855.0,1619.8,2954.1,843.0,1911.3,1027.7,2537.7,1410.3,4041.9,6721.6,4204.5,1435.8,579.6
2026-09-18 04:30:00,741.0,359.1,966.6,987.9,635.6,398.8,11.0,61.1,434.0,6.0,141.7,1296.7,4361.5,4324.9,1328.4,1162.8,62.4,58.7,1044.5,2966.4,404.4,810.0,4755.0,4705.8,2305.7,1096.1,3416.7,3823.5,2645.2,1842.4,1614.6,2975.9,841.6,1905.6,1031.6,2536.3,1415.2,4045.6,6700.8,4244.1,1445.2,563.6
2026-09-18 04:45:00,728.5,363.2,1003.8,988.1,653.0,399.8,11.0,60.3,440.6,6.0,123.5,1295.8,4297.5,4336.0,1325.5,1198.3,82.3,58.3,1042.4,2980.9,404.5,803.3,4801.4,4691.6,2314.8,1096.5,3420.3,3852.4,2645.6,1847.1,1625.5,2999.9,842.1,2024.7,1035.8,2534.9,1419.0,4117.4,6700.9,4264.4,1461.9,551.9
2026-09-18 05:00:00,769.1,369.1,1075.7,986.9,688.0,399.7,49.5,46.0,353.5,11.0,76.3,1299.5,3778.8,4434.1,1339.6,1222.1,116.6,144.9,1111.2,2949.0,406.5,782.1,5192.4,4659.8,2353.3,1219.2,3418.9,3944.6,2658.7,1845.0,1624.6,2931.8,833.4,2211.4,1043.6,3100.7,1416.7,4485.2,6785.8,4227.4,1464.3,518.7
2026-09-18 05:15:00,776.7,385.5,1125.6,994.8,708.4,400.3,49.5,46.4,350.0,11.0,73.5,1297.5,3771.8,4400.1,1320.1,1211.1,116.9,164.9,1118.6,2945.3,408.4,774.6,5215.3,4660.6,2391.0,1218.3,3439.3,4060.3,2666.0,1819.7,1618.1,3040.6,838.1,2197.2,1049.4,3100.5,1428.9,4501.1,6858.8,4280.7,1501.3,513.6
2026-09-18 05:30:00,792.5,401.3,1163.2,1026.1,726.4,400.4,49.5,46.1,358.8,12.5,73.5,1293.6,3773.2,4398.0,1270.8,1317.0,117.2,164.9,1126.7,2951.9,410.2,829.7,5276.7,4650.5,2421.6,1219.2,3461.9,4120.9,2671.7,1841.9,1610.5,3079.5,843.4,2229.3,1056.8,3100.2,1441.7,4626.3,6952.7,4310.3,1530.4,500.7
2026-09-18 05:45:00,808.7,410.0,1194.5,1037.8,742.4,400.7,49.5,45.8,374.5,13.4,58.7,1289.4,3685.7,4653.3,1264.1,1504.4,137.5,185.0,1136.0,2955.6,412.6,854.4,5337.0,4674.6,2468.3,1223.5,3478.1,4153.2,2681.2,1860.2,1596.9,3206.8,852.1,2337.0,1063.0,3100.1,1455.0,4627.7,7051.6,4373.7,1560.5,490.0
2026-09-18 06:00:00,833.3,408.1,1241.3,1043.4,778.8,493.6,6.0,47.5,375.3,42.4,128.3,1376.2,3954.6,4759.9,1350.8,1675.2,71.1,127.7,1152.8,3172.4,449.2,990.9,5498.3,4585.4,2600.9,1077.2,3561.7,4505.4,2757.8,1927.5,1665.5,3122.4,858.0,2630.2,1086.4,3579.5,1511.6,5018.0,7352.1,4408.9,1663.9,469.3
2026-09-18 06:15:00,847.1,424.8,1257.8,1065.9,793.9,498.3,6.0,51.4,383.2,46.9,137.4,1365.9,3958.6,4857.2,1374.4,1642.9,51.1,116.2,1168.8,3194.2,455.9,980.3,5501.0,4585.5,2672.7,1084.0,3608.5,4806.9,2778.5,1964.0,1660.2,3218.2,871.3,2743.8,1099.1,3579.1,1530.0,5093.5,7490.3,4467.0,1708.0,465.1
2026-09-18 06:30:00,856.0,442.9,1262.7,1096.0,793.3,535.2,6.1,52.9,400.0,81.1,148.6,1349.9,3971.5,5806.2,1361.6,1647.6,51.0,116.8,1180.5,3173.8,460.6,969.7,5499.3,4574.8,2737.3,1083.9,3656.6,4925.9,2798.7,2014.7,1665.1,3225.9,905.1,2800.4,1108.5,3578.9,1548.5,5086.0,7670.7,4585.0,1748.9,455.4
2026-09-18 06:45:00,849.3,547.6,1261.7,1126.9,805.9,544.5,6.0,57.7,426.4,116.1,157.3,1354.9,3976.5,6162.5,1406.2,1706.0,71.0,118.1,1193.6,3130.7,478.9,980.4,5525.7,4569.2,2814.3,1128.8,3682.2,5054.8,2822.1,2012.9,1672.3,3233.9,917.0,2890.0,1121.3,3578.4,1562.9,5102.3,7828.0,4681.4,1794.2,451.5
2026-09-18 07:00:00,868.3,510.5,1261.0,1279.4,825.1,736.7,1.0,38.2,451.6,121.1,133.8,1387.4,4130.8,6059.0,1492.5,1760.8,71.0,197.5,1289.8,3447.2,490.1,971.0,5599.3,4697.7,3006.7,1163.9,4153.9,5669.7,2887.0,2048.2,1740.8,3283.6,931.8,3011.5,1141.5,3589.4,1704.7,5184.0,8082.5,4667.0,1852.0,480.9
2026-09-18 07:15:00,878.9,597.7,1241.5,1253.9,835.8,781.0,1.0,37.2,470.8,125.3,133.8,1385.8,3906.4,5997.9,1544.6,1761.7,51.6,200.4,1301.5,3461.6,494.3,977.1,5624.6,4660.1,3066.9,1164.3,4189.2,5757.7,2914.9,2067.4,1737.5,3283.5,950.6,3087.8,1146.8,3589.0,1709.6,5182.3,8183.7,4763.4,1880.5,483.6
2026-09-18 07:30:00,882.4,612.4,1230.3,1245.5,848.4,814.5,1.0,37.5,488.9,124.4,141.8,1389.0,3917.6,6033.5,1582.2,1784.0,72.2,205.2,1303.8,3474.1,493.4,985.2,5651.1,4652.1,3104.6,1164.2,4219.7,5766.3,2932.9,2066.7,1738.3,3282.7,961.4,3093.8,1151.0,3588.5,1715.7,5182.7,8234.6,4848.9,1890.2,487.0
2026-09-18 07:45:00,884.6,614.0,1191.8,1249.5,855.5,845.1,1.0,34.6,496.9,119.9,147.7,1418.2,3977.4,6068.6,1600.6,1759.6,72.8,228.3,1310.7,3480.7,500.6,1001.1,5682.5,4617.5,3150.0,1162.2,4224.0,5776.9,2952.4,2068.2,1745.5,3288.7,972.2,3080.3,1153.6,3587.8,1720.0,5182.0,8299.5,4946.4,1909.2,490.5
2026-09-18 08:00:00,885.7,597.6,1141.9,1220.3,852.8,778.8,11.0,88.7,493.1,97.8,201.0,1378.9,4011.8,6005.0,1831.6,1834.4,23.4,231.8,1458.2,3404.9,500.1,1066.6,5715.2,4597.1,3209.4,1200.4,4328.1,5847.7,2974.6,2296.9,1771.1,3287.9,1011.1,3436.4,1134.5,3746.1,1713.7,5137.9,8339.2,4871.2,1882.3,450.6
2026-09-18 08:15:00,886.6,607.2,1097.9,1239.5,854.4,807.5,11.0,86.5,478.6,99.9,206.6,1359.6,4308.3,6217.2,1770.4,1795.8,24.7,249.4,1457.9,3426.1,495.4,1029.7,5746.2,4565.3,3226.1,1200.9,4325.8,5821.5,2983.9,2291.1,1770.7,3286.1,1013.5,3425.2,1135.7,3745.8,1703.2,5123.5,8345.1,4853.3,1880.0,469.6
2026-09-18 08:30:00,894.6,615.1,1041.0,1210.5,851.8,837.0,11.0,87.2,463.6,112.0,210.3,1393.8,4355.4,5786.5,1710.5,1864.0,26.0,240.2,1450.8,3490.8,492.6,1051.6,5770.9,4535.5,3224.2,1200.2,4324.3,5824.0,2984.8,2230.8,1776.3,3279.5,1021.9,3384.8,1135.5,3745.4,1708.0,5103.2,8337.2,4854.5,1868.0,491.1
2026-09-18 08:45:00,884.7,606.8,955.7,1187.3,845.9,861.5,17.7,88.0,439.1,114.7,213.0,1391.5,4456.3,4936.5,1647.2,1859.7,7.3,191.5,1445.9,3509.9,503.2,1050.4,5788.3,4506.3,3238.8,1198.6,4323.2,5840.4,2990.3,2194.2,1777.7,3277.9,1026.9,3297.5,1143.7,3745.1,1701.0,5087.3,8327.8,4839.1,1862.0,512.5
2026-09-18 09:00:00,879.4,620.9,898.6,1123.1,838.8,741.6,58.0,36.5,423.5,109.1,222.6,1284.9,4388.2,5408.0,1756.3,1913.5,3.6,251.0,1399.0,3344.9,507.7,1037.5,5773.5,4425.2,3256.7,1179.2,4284.6,5965.1,2983.6,2177.6,1785.5,3240.9,1038.9,2887.4,1145.2,3727.4,1682.8,4946.6,8217.6,5130.7,1843.8,550.1
2026-09-18 09:15:00,876.9,648.3,849.4,1116.9,834.0,772.5,58.2,31.4,389.0,45.9,224.5,1280.7,4454.6,5173.3,1671.7,1886.1,19.4,222.7,1389.7,3692.1,500.2,1039.6,5771.4,4408.0,3255.7,1134.6,4273.9,5579.8,2983.2,2072.6,1786.6,3220.7,1035.6,2801.6,1144.0,3727.1,1675.3,4931.7,8200.8,5054.1,1829.5,577.7
2026-09-18 09:30:00,869.4,659.8,808.8,1129.9,827.6,799.3,59.2,32.2,336.1,20.1,252.1,1285.6,4474.1,4973.7,1628.6,1797.4,6.0,226.0,1378.9,3673.3,499.3,1053.2,5772.6,4392.5,3260.3,1131.7,4339.1,5304.7,2978.6,2069.5,1784.4,3213.1,1038.8,2476.1,1142.9,3727.0,1678.0,4919.8,8185.8,4966.0,1817.6,602.0
2026-09-18 09:45:00,863.4,622.8,739.2,1172.0,823.8,806.0,73.5,32.7,284.0,24.3,288.9,1301.5,4582.7,4938.8,1603.2,1580.2,7.2,231.0,1383.8,3226.9,497.5,813.0,5776.5,4346.3,3261.0,1132.7,4327.3,4717.0,2977.7,2023.9,1783.9,3205.5,1035.3,2401.1,1140.2,3727.1,1675.6,4910.2,8168.0,4925.9,1807.2,623.7
2026-09-18 10:00:00,862.1,595.5,703.4,1114.2,816.3,652.9,48.0,48.4,253.1,57.9,264.2,1357.1,4504.5,5188.2,1800.8,1558.1,8.4,322.5,1705.9,3518.2,500.0,928.2,5750.3,4189.7,3270.7,1062.8,3875.6,3833.6,2974.9,2040.0,1777.5,3132.4,995.3,2062.2,1131.7,3621.3,1644.0,4864.0,8090.2,5129.0,1769.0,697.8
2026-09-18 10:15:00,858.3,592.6,671.0,1156.8,813.5,659.9,49.5,37.7,213.6,43.6,301.8,1362.6,5409.4,5365.6,1747.3,1599.5,8.2,331.4,1695.7,3417.5,491.0,894.4,5748.1,4193.4,3268.3,1051.7,3869.2,3449.7,2976.4,2029.3,1783.5,3133.1,1019.3,1823.1,1126.8,3621.7,1661.2,4867.8,8065.1,5020.3,1757.4,719.1
2026-09-18 10:30:00,855.3,597.3,644.4,1191.1,811.5,672.9,49.4,38.1,183.3,62.7,287.4,1380.9,5466.8,5515.0,1726.0,1638.6,22.5,318.9,1696.2,3185.5,490.6,886.6,5781.1,4179.0,3270.8,1046.5,3863.5,3224.2,2970.4,2049.9,1777.0,3121.4,1171.3,1536.4,1123.2,3622.3,1670.7,4813.4,8028.0,4987.6,1760.6,740.0
2026-09-18 10:45:00,846.4,606.4,621.2,1215.6,808.7,685.0,68.9,41.9,153.8,78.2,294.1,1394.9,5539.2,5536.2,1668.1,1663.1,29.1,248.1,1733.5,3099.4,522.8,878.4,5818.6,4149.0,3267.1,1047.0,3852.9,3148.1,2972.4,1989.4,1776.4,3129.7,1166.9,1280.1,1123.1,3623.1,1667.8,4684.3,8008.1,4961.4,1748.1,750.9
2026-09-18 11:00:00,847.3,624.9,823.7,1216.9,788.9,608.6,54.7,19.8,129.0,99.7,317.8,1401.0,5575.3,5773.8,2013.6,1709.7,37.3,378.6,1531.9,3070.5,489.2,913.8,5772.3,4163.9,3245.3,1026.0,3776.8,3256.2,2983.6,1892.3,1756.4,3182.3,1226.3,1326.6,1115.9,3124.4,1630.6,4493.1,7925.5,5023.9,1716.7,730.2
2026-09-18 11:15:00,843.9,631.4,805.7,1280.2,784.2,611.6,56.8,21.6,117.9,109.8,319.3,1413.6,5627.3,5805.9,1976.0,1717.6,40.2,294.8,1542.8,2931.8,500.3,889.4,5811.4,4158.0,3241.0,1049.8,3772.0,3152.2,2980.6,1884.4,1756.0,3182.9,1220.7,1199.8,1116.0,3126.1,1634.6,4487.0,7916.6,4993.1,1715.3,742.8
2026-09-18 11:30:00,849.5,643.2,802.0,1322.6,783.1,609.2,73.7,23.6,122.9,76.5,324.4,1436.5,5726.3,5946.6,1940.1,1754.3,41.0,283.8,1691.0,2748.5,496.5,901.7,5820.8,4154.0,3227.3,1054.9,3759.5,3158.5,2975.5,1869.4,1757.5,3156.5,1222.7,1157.3,1113.4,3127.6,1626.6,4354.5,7890.5,4980.5,1700.3,757.7
2026-09-18 11:45:00,852.9,636.8,824.8,1324.4,805.3,547.4,74.2,23.4,129.6,93.9,332.4,1448.5,5883.5,6064.7,1931.6,1646.0,48.0,265.1,1761.0,2547.6,524.1,898.4,5851.6,4071.8,3215.6,1038.2,3763.2,3165.2,2972.9,1887.0,1757.2,3152.5,1222.0,1158.4,1109.9,3129.2,1606.5,4311.6,7927.6,4935.8,1694.4,769.4
2026-09-18 12:00:00,850.3,661.3,917.9,1393.7,788.8,594.2,64.0,21.4,128.2,131.6,325.5,1474.3,5901.0,6243.1,1960.8,1752.5,42.0,343.0,2026.8,2473.1,530.8,873.0,5895.8,4145.0,3216.1,1338.3,3725.6,3165.0,2937.3,1667.1,1706.5,3225.1,1202.5,1171.2,1103.3,2222.9,1693.0,3806.7,7823.8,4933.3,1658.9,792.6
2026-09-18 12:15:00,843.9,669.3,919.7,1381.4,794.7,580.7,79.9,21.3,130.1,132.9,325.6,1485.2,5997.4,6241.7,1957.4,1642.2,42.3,318.4,2143.7,2310.5,540.0,837.8,5912.7,4136.5,3208.9,1326.1,3714.4,3116.3,2936.9,1685.1,1705.1,3223.8,1200.5,1171.5,1099.0,2225.6,1674.0,3814.2,7852.9,4935.6,1645.4,786.0
2026-09-18 12:30:00,840.2,669.4,917.3,1316.4,793.0,568.2,79.8,21.3,137.5,137.3,319.9,1499.8,6124.3,6299.4,1947.3,1690.8,41.8,319.6,2102.1,2042.3,536.1,528.6,5916.1,4133.6,3204.7,1324.9,3714.0,3124.8,2931.5,1685.9,1703.9,3206.7,1197.6,1144.5,1095.2,2229.2,1660.3,3819.6,7840.0,4925.0,1634.4,799.9
2026-09-18 12:45:00,841.0,675.4,923.2,1323.9,797.7,524.8,79.7,21.3,137.4,126.1,317.7,1508.0,6242.7,6355.2,1954.3,1677.1,41.2,300.5,2159.7,1471.8,529.1,522.2,5921.0,4132.6,3206.9,1331.8,3710.1,3096.3,2929.0,1685.7,1707.4,3201.8,1193.7,1147.1,1094.5,2233.3,1648.4,3828.7,7814.9,4899.3,1626.6,801.3
2026-09-18 13:00:00,849.8,686.7,930.1,1343.5,863.2,506.7,19.2,21.3,139.7,112.9,393.1,1522.8,6182.2,6541.2,1987.3,1656.8,28.6,259.0,2120.8,1410.5,584.2,505.3,5879.2,4050.8,3188.6,1402.5,3736.2,3223.8,2914.2,1674.1,1691.3,3196.2,1233.1,1122.9,1085.5,1922.0,1635.3,3786.4,7877.8,5004.4,1599.4,825.7
2026-09-18 13:15:00,914.7,687.7,936.8,1346.2,868.4,522.3,12.9,21.3,139.2,115.1,385.3,1534.7,6163.0,6544.3,1986.7,1646.0,40.6,250.5,2158.9,1416.5,587.6,538.1,5874.9,4053.7,3184.8,1403.0,3737.6,3157.2,2913.5,1673.9,1689.3,3192.1,1232.0,1113.2,1083.5,1924.6,1626.3,3795.0,7893.5,5002.4,1583.3,822.9
2026-09-18 13:30:00,925.6,687.0,944.9,1331.8,870.3,515.5,5.4,20.9,139.0,113.7,382.7,1549.5,6144.8,6474.5,2028.6,1624.1,40.5,239.9,2152.7,1423.2,587.8,546.6,5863.5,4053.7,3182.0,1400.8,3732.4,3155.2,2918.7,1684.2,1688.9,3188.5,1233.8,1103.5,1081.6,1927.0,1618.9,3797.0,7884.5,5008.5,1579.0,821.5
2026-09-18 13:45:00,919.3,683.3,957.9,1308.9,868.0,489.3,4.2,20.7,140.0,116.5,377.5,1553.0,6179.4,6323.2,2078.5,1623.2,49.7,215.2,2116.9,1436.9,578.7,506.5,5853.7,4054.2,3180.8,1399.0,3723.7,3157.3,2919.8,1683.6,1687.4,3185.3,1230.3,1102.8,1077.7,1929.2,1613.9,3794.1,7856.1,5020.1,1575.6,820.0
2026-09-18 14:00:00,920.0,677.7,927.7,1292.8,874.3,471.1,21.2,34.9,119.5,137.8,553.8,1593.3,6052.2,6039.7,2083.1,1661.7,48.5,215.4,2102.0,1487.1,582.2,581.4,5875.0,4062.3,3173.1,1309.0,3689.9,3115.0,2915.5,1681.0,1691.7,3475.4,1230.7,1109.7,1071.3,1923.4,1609.0,3789.7,7915.4,5073.8,1573.4,828.3
2026-09-18 14:15:00,919.8,675.2,949.8,1267.1,873.0,453.4,4.7,34.6,121.4,134.0,542.1,1596.2,5988.5,6037.4,2091.1,1661.5,38.9,245.4,2102.0,1490.6,571.1,557.3,5873.6,4065.7,3174.4,1307.7,3691.5,3109.8,2913.3,1680.1,1695.2,3471.3,1228.8,1110.8,1067.2,1924.9,1605.7,3789.2,7914.6,5074.6,1576.7,825.4
2026-09-18 14:30:00,918.8,672.6,976.5,1296.9,872.0,438.8,1.8,34.1,121.8,115.1,562.2,1596.9,5933.2,6007.0,2101.6,1648.7,22.9,260.3,2102.1,1494.3,569.5,540.6,5867.0,4065.5,3176.4,1306.1,3686.0,3065.1,2906.0,1678.0,1690.3,3467.5,1227.8,1111.6,1064.9,1926.8,1602.0,3785.5,7909.5,5084.6,1577.3,823.0
2026-09-18 14:45:00,921.7,665.9,977.1,1293.5,875.1,414.6,1.6,33.6,124.6,122.3,558.5,1598.4,5797.8,6060.1,2088.8,1634.5,22.6,242.9,2098.7,1497.9,569.7,558.0,5881.9,4079.1,3174.6,1303.2,3683.2,3082.1,2906.1,1685.1,1686.8,3467.7,1228.0,1112.8,1065.8,1928.7,1601.1,3775.0,7845.3,5092.9,1582.4,821.0
2026-09-18 15:00:00,908.6,654.0,973.8,1166.0,829.2,472.3,53.5,21.3,144.2,85.0,516.4,1540.5,5749.5,6672.4,2113.9,1685.0,22.3,229.7,1917.5,1432.6,525.8,478.7,5951.2,4152.6,3176.9,1280.9,3680.5,2865.9,2957.6,1760.6,1698.9,3466.4,1221.0,1134.7,1069.6,1948.8,1591.6,3862.9,7696.5,5003.6,1586.4,826.2
2026-09-18 15:15:00,828.9,654.0,1007.6,1198.5,815.3,463.9,35.3,23.0,137.0,73.3,516.4,1530.3,5611.4,6589.0,2139.3,1699.8,24.0,244.1,1902.0,1635.7,511.6,525.3,5957.1,4185.1,3176.3,1281.7,3674.9,2864.6,2954.4,1763.9,1686.7,3472.2,1222.4,1135.7,1070.5,1950.5,1596.9,3868.6,7681.2,5011.0,1590.1,834.9
2026-09-18 15:30:00,824.7,653.0,1055.8,1161.9,816.6,458.0,34.4,21.4,134.0,57.2,510.1,1521.9,5424.6,6517.5,2186.3,1660.5,25.6,248.1,1896.7,2046.6,518.1,609.0,5965.7,4211.9,3183.6,1275.7,3687.5,2876.8,2951.9,1783.9,1681.8,3482.3,1224.2,1151.0,1065.5,1951.6,1605.5,3873.8,7684.7,5101.3,1588.9,844.5
2026-09-18 15:45:00,824.3,645.7,1104.9,1104.0,816.4,444.1,34.3,23.6,138.6,43.0,505.0,1518.0,4453.1,6408.3,2194.3,1623.7,27.3,262.2,1922.3,2295.7,539.5,847.6,5924.0,4239.2,3189.1,1273.4,3686.3,2903.5,2960.9,1806.9,1682.9,3491.1,1225.5,1155.3,1069.4,1955.5,1613.4,3875.0,7658.5,5127.1,1589.1,845.6
2026-09-18 16:00:00,849.1,603.1,909.8,1059.2,839.6,503.3,51.6,64.7,129.8,52.3,355.5,1489.1,4676.5,6483.6,2132.0,1665.0,184.5,208.8,1813.1,2543.2,530.2,868.9,5880.2,4194.7,3216.7,1258.6,3840.8,2926.7,2991.1,2133.2,1705.8,3406.1,1215.0,991.5,1081.9,2551.3,1637.9,3991.1,7774.2,5042.4,1586.2,846.9
2026-09-18 16:15:00,857.2,587.3,984.6,1024.2,840.1,490.7,34.7,66.9,145.6,48.4,361.8,1479.9,4445.2,6419.8,2192.4,1619.3,204.5,174.5,1751.5,2951.4,508.4,883.9,5873.5,4263.0,3228.9,1245.5,3839.6,2921.1,2990.3,2164.7,1703.3,3405.5,1221.4,993.2,1081.9,2552.3,1654.6,4154.3,7799.9,5093.0,1594.0,837.6
2026-09-18 16:30:00,850.1,595.4,1052.9,998.8,816.9,502.5,34.6,66.2,143.4,48.4,369.7,1463.6,5203.8,6386.8,2179.9,1696.0,204.5,199.7,1600.0,3283.9,508.6,880.1,5826.0,4347.2,3241.5,1193.2,3844.6,2964.7,2986.7,2176.9,1702.8,3414.1,1218.5,1198.2,1084.7,2552.7,1661.5,4361.9,7784.3,5266.3,1606.6,824.4
2026-09-18 16:45:00,847.2,591.3,1114.7,991.4,817.5,483.2,34.5,71.4,153.1,32.3,360.1,1452.7,4275.2,6448.7,2261.1,1652.8,204.5,192.3,1617.5,3397.0,504.1,892.0,5764.8,4419.6,3251.5,1221.8,3834.9,3000.3,2988.9,2129.0,1705.3,3420.9,1223.0,1250.7,1084.7,2552.8,1655.1,4389.0,7840.7,5290.1,1619.8,817.1
2026-09-18 17:00:00,872.8,575.5,1172.2,1051.7,831.5,734.2,31.8,72.4,191.7,24.4,247.1,1413.6,4653.6,6011.4,1886.8,1719.4,68.8,114.3,1900.6,3574.3,570.5,880.2,5845.6,4428.9,3227.1,1136.2,3818.2,3088.7,2985.7,2265.1,1745.1,3267.1,1184.3,1435.3,1088.9,3369.4,1692.0,4560.6,7945.3,5339.1,1685.8,811.9
2026-09-18 17:15:00,867.6,565.3,1206.2,1038.2,837.5,716.8,24.5,72.6,205.3,16.2,248.2,1394.9,4534.7,5888.1,1912.7,1647.9,69.0,133.4,1670.0,3579.8,527.8,885.4,5797.7,4519.6,3229.3,1136.6,3823.6,3121.7,2985.8,2403.4,1743.2,3247.0,1181.8,1685.7,1089.9,3369.8,1688.5,4708.2,7988.6,5476.9,1700.4,826.5
2026-09-18 17:30:00,874.5,570.7,1232.9,1030.5,839.4,708.6,24.5,73.6,239.3,8.8,253.6,1364.0,4490.0,5503.5,1935.4,1614.7,89.1,114.7,1660.4,3722.3,516.6,938.3,5714.5,4570.5,3217.8,1133.3,3829.5,3106.3,2957.6,2557.8,1745.2,3230.1,1110.6,1790.3,1086.0,3371.0,1668.2,4791.4,8016.3,5563.5,1717.7,841.1
2026-09-18 17:45:00,879.9,602.5,1254.1,1026.0,851.7,698.8,24.5,89.6,279.6,14.5,232.8,1340.0,4464.1,5392.9,2040.4,1643.6,69.2,99.0,1672.6,3876.8,523.5,1002.0,5680.3,4595.4,3214.9,1140.5,3837.2,3346.2,2974.1,2535.1,1747.6,3230.7,1028.8,2099.8,1085.0,3372.9,1670.7,4817.5,8059.1,5627.4,1733.0,807.1
2026-09-18 18:00:00,885.4,529.9,1262.0,1009.7,863.5,689.5,2.0,54.2,288.8,15.2,534.3,1274.0,4361.2,4954.1,1944.5,1815.7,69.4,63.9,1634.6,3879.7,512.5,1071.1,5713.9,4665.1,3200.8,1148.3,4171.5,4197.8,2973.0,2407.3,1759.9,3291.2,1051.5,2536.1,1079.7,3388.4,1563.7,4841.8,8111.3,5623.2,1758.2,799.8
2026-09-18 18:15:00,900.1,524.4,1277.7,1027.1,871.3,684.2,2.0,56.5,317.7,23.3,519.2,1246.5,3752.0,4840.6,1952.0,1956.3,69.0,62.8,1640.9,3984.5,535.0,1107.1,5776.3,4716.9,3194.5,1151.2,4104.6,4409.2,2974.8,2406.3,1753.2,3282.3,1048.5,2579.2,1084.2,3390.8,1567.9,4873.3,8112.2,5621.8,1763.4,796.2
2026-09-18 18:30:00,902.2,519.8,1303.1,1030.0,876.3,680.7,3.6,59.3,349.1,93.3,493.1,1240.3,3447.7,4766.8,1896.9,2097.7,28.7,70.7,1654.7,3835.5,537.2,1112.7,5823.3,4776.4,3192.4,1152.9,4115.0,4726.6,2969.7,2399.9,1754.4,3281.7,1054.8,2600.0,1084.8,3394.5,1572.7,4886.1,8126.0,5646.0,1770.2,788.8
2026-09-18 18:45:00,911.1,515.9,1323.4,1033.7,881.9,678.6,3.7,74.3,368.7,120.7,502.5,1239.0,3362.6,4912.3,1920.8,2129.8,28.3,71.4,1668.9,3763.5,538.5,1111.0,5823.2,4836.3,3194.7,1154.4,4114.2,4739.7,2971.1,2397.4,1754.5,3278.8,1051.0,2616.7,1081.0,3398.0,1579.8,4874.6,8132.3,5625.8,1780.4,790.0
2026-09-18 19:00:00,917.2,526.7,1330.7,993.1,894.0,626.4,13.6,78.2,373.1,101.8,569.9,1174.8,3502.8,4680.4,1955.7,2053.8,32.9,26.4,1540.5,3737.1,562.8,1104.2,5780.2,4759.3,3188.4,1163.6,4470.1,5062.0,2966.6,2263.9,1771.0,3317.8,1052.3,3143.9,1078.8,3348.8,1572.1,4936.6,8128.8,5670.7,1772.4,753.6
2026-09-18 19:15:00,918.0,519.0,1330.6,987.2,898.3,625.1,13.6,77.6,385.8,106.1,568.5,1159.2,3485.0,4750.6,1873.6,1925.5,27.3,39.5,1539.6,3672.8,569.2,1100.4,5856.2,4807.7,3180.8,1167.5,4476.4,5097.4,2967.7,2272.9,1772.0,3322.6,1053.5,3167.6,1081.2,3351.1,1579.4,4967.9,8113.1,5675.2,1770.9,753.7
2026-09-18 19:30:00,917.2,499.7,1316.9,1000.4,898.7,613.5,13.6,77.7,388.7,112.8,563.5,1169.7,3486.7,4716.2,1701.4,1798.9,28.6,26.3,1567.4,3660.6,567.3,1102.4,5812.2,4840.1,3174.1,1170.6,4486.1,5107.0,2963.9,2251.1,1777.1,3338.8,1053.8,3194.3,1078.0,3351.8,1589.1,4955.0,8108.6,5664.6,1780.7,748.0
2026-09-18 19:45:00,905.6,496.0,1302.0,994.7,895.0,610.8,13.5,77.7,383.1,121.6,553.3,1158.3,3466.7,4658.9,1851.5,2029.6,31.2,26.2,1519.0,3650.5,555.0,1135.7,5769.8,4869.0,3173.8,1174.7,4478.8,5055.3,2966.6,2256.4,1775.9,3336.9,1051.0,3176.7,1079.0,3350.6,1584.9,4874.9,8097.5,5601.7,1770.4,736.5
2026-09-18 20:00:00,893.7,499.7,1278.5,961.2,874.9,461.4,12.6,97.2,378.8,118.9,523.5,1281.0,3394.8,4697.4,1625.0,2026.8,25.0,43.2,1557.3,3514.9,536.1,1116.9,5566.2,4872.6,3163.2,1190.8,4676.1,5253.8,2957.5,2229.2,1736.8,3353.5,1054.0,3255.6,1069.4,3018.7,1552.8,4754.2,7975.8,5513.7,1750.7,712.8
2026-09-18 20:15:00,890.3,489.3,1258.3,964.5,867.5,460.2,12.6,77.3,374.4,123.3,538.7,1280.7,3408.1,4781.6,1618.2,2021.5,82.9,43.9,1554.4,3516.4,534.8,1113.6,5610.3,4877.3,3153.8,1191.4,4667.0,5177.3,2953.6,2215.4,1739.9,3361.7,1033.8,3241.7,1067.2,3014.8,1562.2,4741.8,7940.4,5511.8,1741.0,708.5
2026-09-18 20:30:00,877.5,486.0,1234.7,971.7,853.0,459.4,12.6,76.2,372.3,123.4,536.4,1280.5,3438.4,4761.5,1600.7,2013.7,80.7,40.7,1550.2,3514.4,532.1,1107.3,5572.1,4912.0,3132.9,1192.4,4661.5,5134.7,2949.9,2200.5,1751.2,3339.6,1033.0,3232.0,1065.1,3008.8,1553.6,4658.4,7893.5,5492.2,1722.6,704.2
2026-09-18 20:45:00,886.1,478.0,1207.7,979.9,861.1,458.2,12.6,74.9,370.4,126.5,529.4,1287.0,3415.6,4600.7,1593.9,2002.9,78.6,27.9,1543.8,3536.4,549.7,1103.1,5583.2,4930.6,3117.6,1186.8,4653.5,5066.3,2948.0,2203.0,1744.2,3261.2,1028.8,3228.3,1060.1,3003.4,1546.6,4671.0,7843.5,5420.8,1712.4,703.4
2026-09-18 21:00:00,853.9,479.9,1185.9,987.4,813.2,372.0,12.6,17.0,363.1,125.3,520.3,1270.9,3253.2,4745.4,1543.6,2015.4,167.5,60.9,1498.3,3569.3,510.3,1088.8,5489.5,5002.5,3082.8,1218.7,4467.2,4974.8,2924.5,2211.7,1714.5,3433.7,1020.6,2788.3,1049.7,2335.8,1505.8,4503.1,7763.4,5504.0,1683.6,715.6
2026-09-18 21:15:00,830.0,488.2,1155.0,993.0,796.8,372.8,11.1,17.6,361.2,46.7,509.3,1269.5,3446.1,4805.1,1540.2,2007.5,167.3,59.2,1487.5,3588.2,506.6,1100.0,5503.9,5016.9,3054.3,1211.9,4445.5,4947.7,2921.3,2197.8,1715.2,3388.5,1013.8,2743.0,1041.8,2332.7,1498.8,4391.4,7685.3,5492.1,1658.5,712.9
2026-09-18 21:30:00,812.3,478.4,1124.9,996.6,781.5,374.4,11.0,15.9,354.6,43.3,502.0,1245.5,3522.8,4541.7,1569.3,1992.1,147.2,57.7,1481.6,3607.7,498.3,1103.8,5537.6,5018.4,3031.6,1202.7,4435.1,4883.8,2915.2,2198.5,1709.6,3398.4,1008.7,2615.4,1042.2,2331.0,1489.9,4385.0,7610.6,5445.2,1637.6,714.9
2026-09-18 21:45:00,814.4,474.3,1094.8,1002.5,790.2,375.9,11.0,16.4,358.8,37.3,476.3,1245.3,4014.7,4682.7,1564.8,1979.8,147.1,75.4,1477.0,3628.9,499.1,1116.2,5524.6,4982.4,3011.0,1202.7,4418.8,4671.4,2907.5,2213.9,1716.5,3337.6,1000.0,2595.4,1040.9,2328.5,1482.5,4369.1,7553.7,5400.2,1617.1,717.6
2026-09-18 22:00:00,776.9,478.4,1035.1,1023.2,756.3,377.7,12.0,49.8,344.9,39.2,504.6,1214.5,3834.8,4876.3,1489.7,2015.6,151.6,62.7,1398.9,3687.8,475.2,886.4,5354.2,5058.6,2942.1,1237.9,4339.0,3818.3,2836.1,1986.9,1725.5,3306.4,990.5,2482.5,1033.2,1936.1,1466.4,4128.2,7414.2,5478.2,1606.1,726.1
2026-09-18 22:15:00,769.8,478.4,1005.9,1027.9,754.9,378.7,12.0,49.8,340.2,46.5,490.2,1214.2,3850.6,4825.0,1476.0,2011.7,150.5,60.1,1394.7,3785.3,465.7,909.7,5311.5,5054.5,2919.6,1237.8,4369.2,3686.2,2832.5,2011.1,1732.4,3265.3,982.1,2348.4,1034.1,1933.8,1463.7,4119.2,7343.5,5421.8,1578.7,729.0
2026-09-18 22:30:00,772.5,475.1,974.9,1030.6,752.5,379.6,12.0,51.0,334.3,49.1,489.6,1213.0,3816.8,5057.8,1489.9,2003.3,129.4,59.7,1389.0,3731.7,461.5,917.6,5282.5,4951.4,2885.1,1230.6,4353.7,3675.3,2822.3,1996.9,1727.7,3263.1,974.0,2295.9,1033.6,1931.4,1456.7,4092.5,7274.5,5384.6,1567.6,727.2
2026-09-18 22:45:00,761.8,475.4,944.3,1023.2,737.7,380.9,14.7,50.9,327.3,39.3,510.6,1214.7,3819.6,5101.3,1467.1,1986.4,128.3,58.0,1384.6,3627.9,459.0,931.1,5232.4,4882.9,2859.5,1225.5,4333.9,3664.9,2815.1,1999.9,1720.1,3229.7,966.9,2270.8,1033.0,1928.8,1448.4,4063.4,7249.6,5349.4,1553.2,727.8
2026-09-18 23:00:00,754.6,475.6,918.4,1025.6,716.2,382.5,12.0,87.1,317.1,46.1,229.6,1215.7,3853.5,5230.9,1378.5,1860.2,139.7,53.5,1059.0,3583.4,444.1,917.2,5043.6,5030.4,2777.0,1234.6,3689.1,3447.9,2751.1,1927.4,1690.9,3106.7,954.0,2003.6,1031.1,1866.5,1433.8,3570.2,7112.7,5412.0,1560.3,741.2
2026-09-18 23:15:00,743.3,478.9,911.1,980.9,705.9,384.5,14.7,87.1,313.8,33.2,235.6,1216.2,3845.1,5085.1,1380.3,1822.9,142.9,35.3,1059.6,3581.7,441.2,914.0,5015.5,4986.8,2740.8,1234.6,3660.2,3383.3,2745.6,1931.4,1684.9,3081.9,946.7,2003.6,1024.5,1864.3,1419.5,3550.4,7076.8,5392.7,1545.2,740.9
2026-09-18 23:30:00,742.5,482.0,897.6,970.8,694.4,387.2,14.7,87.5,305.7,32.3,245.4,1217.7,3911.2,5352.8,1408.2,1773.7,173.1,35.3,1067.9,3590.4,436.4,916.0,4973.8,4905.5,2714.9,1236.3,3644.7,3372.6,2737.2,1938.5,1681.8,3063.0,950.5,1916.7,1020.9,1862.1,1404.8,3515.9,7030.0,5371.6,1527.1,742.2
2026-09-18 23:45:00,765.5,485.3,878.9,969.5,686.3,389.6,14.7,87.8,294.6,23.5,230.8,1218.6,4114.4,5444.7,1458.5,1762.5,143.0,35.4,1070.9,3558.9,437.7,917.6,4925.2,4850.9,2683.1,1222.7,3629.7,3259.8,2730.5,1906.7,1682.8,3098.7,946.6,1858.3,1011.0,1858.3,1388.6,3467.3,6975.5,5290.0,1496.0,734.0
