date,EE_buy,EE_sell,LT_buy,LT_sell,LV_buy,LV_sell,AT_buy,AT_sell,BE_buy,BE_sell,FR_buy,FR_sell,GER_buy,GER_sell,NL_buy,NL_sell,PL_buy,PL_sell,DK1_buy,DK1_sell,DK2_buy,DK2_sell,FI_buy,FI_sell,NO1_buy,NO1_sell,NO2_buy,NO2_sell,NO3_buy,NO3_sell,NO4_buy,NO4_sell,NO5_buy,NO5_sell,SE1_buy,SE1_sell,SE2_buy,SE2_sell,SE3_buy,SE3_sell,SE4_buy,SE4_sell
2026-08-29 00:00:00,720.0,249.6,1118.1,1068.1,713.0,106.5,36.8,28.4,250.6,28.3,329.6,1501.1,3579.3,6008.2,1348.2,1837.7,69.2,50.5,1547.9,1187.0,510.3,326.9,4580.8,5488.7,2283.5,1088.4,3220.4,2745.9,2312.6,2092.8,1623.4,1740.0,961.8,2465.4,945.8,1808.2,1369.4,3212.2,6735.4,5477.2,1394.4,439.5
2026-08-29 00:15:00,713.3,252.7,1107.7,1071.9,698.6,114.2,38.7,28.4,247.3,16.0,316.7,1491.3,3592.4,6031.7,1311.3,1852.2,69.2,29.8,1543.6,1206.9,508.9,334.3,4637.1,5433.0,2256.7,1088.8,3206.6,2566.7,2311.6,2095.9,1621.9,1742.1,952.1,2438.8,939.6,1801.4,1366.5,3216.8,6681.8,5455.0,1377.3,431.9
2026-08-29 00:30:00,714.1,246.6,1098.9,1071.5,689.5,114.6,42.0,28.5,241.2,16.0,320.5,1492.2,3562.5,5971.9,1472.2,2043.8,69.8,20.0,1540.6,1237.5,504.7,332.8,4648.1,5424.3,2227.9,976.3,3209.7,2142.0,2302.6,2096.0,1619.4,1743.9,946.2,2376.3,935.9,1795.4,1360.4,3201.4,6630.5,5441.0,1372.0,423.3
2026-08-29 00:45:00,704.3,253.6,1090.3,1070.1,681.9,114.9,42.1,28.5,241.5,16.0,316.7,1517.2,3564.1,5793.5,1562.8,2119.9,70.2,20.0,1536.1,1248.7,513.0,332.8,4619.6,5428.6,2199.2,976.4,3234.5,1986.5,2295.2,2085.4,1622.0,1745.8,939.0,2255.1,928.1,1790.7,1352.5,3166.1,6582.5,5422.1,1354.3,415.3
2026-08-29 01:00:00,717.5,249.1,1074.8,1067.0,697.1,115.3,51.6,53.4,316.9,10.5,167.6,1500.2,3561.5,5963.0,1556.1,2154.3,132.4,99.2,1249.2,1210.3,481.7,294.7,4546.5,5458.7,2131.0,954.9,3223.9,1947.4,2276.3,1994.9,1591.5,1746.4,920.2,2156.4,924.0,1711.3,1335.0,3076.9,6517.5,5392.0,1348.4,393.5
2026-08-29 01:15:00,723.3,249.9,1065.7,1047.6,691.0,115.1,50.7,52.7,314.0,10.5,156.4,1503.9,3569.6,5943.0,1546.5,2164.5,132.5,97.0,1245.3,1247.5,476.1,293.0,4552.8,5432.6,2107.9,951.3,3217.5,1892.9,2270.9,1966.8,1589.2,1747.1,914.2,1830.7,919.4,1705.9,1325.0,3095.3,6480.7,5384.8,1343.0,381.7
2026-08-29 01:30:00,718.2,250.8,1059.0,1043.4,688.4,115.0,54.6,52.6,315.7,10.5,160.6,1506.3,3570.1,6240.5,1522.4,2054.2,130.5,94.9,1242.9,1282.8,478.7,292.6,4545.0,5416.0,2084.8,947.6,3217.8,1884.5,2270.4,1956.3,1588.1,1747.9,911.7,1668.7,915.3,1703.2,1313.6,3073.5,6447.0,5367.5,1334.9,367.7
2026-08-29 01:45:00,715.2,251.7,1054.3,1054.9,686.2,114.9,53.9,52.8,311.6,10.5,149.9,1530.6,3571.0,6117.1,1506.2,1897.1,132.6,92.8,1239.9,1323.1,477.8,291.6,4526.4,5404.8,2066.8,944.0,3216.3,1828.4,2266.3,1955.5,1592.0,1748.6,906.5,1411.1,915.1,1700.3,1299.9,3066.2,6413.0,5354.2,1326.2,353.5
2026-08-29 02:00:00,698.8,252.8,1051.2,1054.1,672.1,165.1,52.8,26.1,286.5,11.5,154.6,1533.1,3514.1,6248.8,1519.1,1829.9,61.3,126.8,1281.1,1467.4,459.8,299.3,4478.7,5411.7,2027.2,937.0,3146.4,1763.7,2253.9,1805.4,1576.2,1743.6,893.2,1360.0,913.8,1699.5,1287.3,3191.9,6383.2,5335.2,1310.4,329.8
2026-08-29 02:15:00,696.6,257.2,1047.5,1052.4,668.4,165.5,51.0,26.1,278.3,11.5,146.3,1540.6,3515.0,6244.8,1511.8,1821.1,61.1,126.6,1278.2,1514.7,458.6,285.5,4469.2,5355.9,2007.4,933.3,3182.4,1699.1,2251.7,1796.7,1573.7,1744.1,890.3,1199.6,910.7,1697.7,1278.8,3214.8,6356.3,5322.2,1308.6,313.3
2026-08-29 02:30:00,693.1,258.0,1041.8,1054.0,665.3,165.8,50.1,26.1,282.0,11.6,140.1,1541.4,3517.4,6273.5,1498.7,1822.9,61.3,126.4,1275.3,1557.7,456.2,284.6,4481.1,5302.8,1994.2,930.7,3215.4,1698.6,2251.0,1784.2,1574.2,1744.6,888.2,1196.9,910.4,1698.3,1274.0,3239.1,6325.3,5307.7,1297.7,297.7
2026-08-29 02:45:00,692.7,254.3,1038.6,1055.5,662.2,166.4,49.7,26.1,281.4,11.5,135.8,1564.7,3502.0,6297.7,1499.9,1811.9,61.3,126.1,1270.9,1573.6,462.2,283.4,4474.3,5296.8,1980.3,924.8,3264.8,1697.2,2283.7,1735.5,1571.6,1745.4,888.0,1177.0,911.5,1700.0,1275.8,3255.8,6304.9,5300.1,1291.6,283.2
2026-08-29 03:00:00,680.6,254.8,1036.4,1063.5,665.3,166.7,23.2,14.2,267.4,17.5,147.8,1585.4,3451.3,6255.8,1590.8,1827.4,43.1,119.5,1144.8,1746.5,462.3,287.6,4472.9,5287.1,1954.1,912.1,3252.5,1748.1,2252.2,1748.7,1561.1,1747.4,877.9,1125.9,911.3,1667.7,1274.2,3255.3,6266.1,5273.3,1289.3,264.8
2026-08-29 03:15:00,676.5,263.1,1035.7,1086.2,665.6,167.1,23.3,14.1,259.1,15.2,138.7,1592.3,3443.6,6307.7,1595.0,1814.5,43.1,118.1,1143.3,1760.4,459.6,291.5,4483.2,5285.5,1946.4,906.4,3246.2,1752.0,2287.4,1717.7,1565.5,1749.2,876.1,1111.7,911.8,1668.4,1276.8,3269.7,6251.0,5262.1,1282.6,249.5
2026-08-29 03:30:00,686.6,266.2,1035.2,1084.5,666.1,167.8,23.2,14.1,265.0,16.5,144.2,1598.5,3472.9,6302.1,1601.2,1813.3,43.1,116.7,1141.5,1808.8,456.3,296.6,4484.5,5289.5,1938.4,904.3,3242.6,1756.6,2283.2,1717.7,1560.2,1751.0,875.3,1110.6,910.2,1670.2,1274.2,3236.2,6239.6,5251.9,1283.9,234.5
2026-08-29 03:45:00,686.0,269.8,1036.9,1087.3,668.2,168.1,23.9,14.2,264.5,17.7,136.6,1607.5,4050.7,6334.1,1595.4,1829.4,43.0,115.3,1149.4,1843.4,452.3,302.3,4483.3,5302.8,1930.4,902.0,3237.2,1762.6,2284.8,1718.7,1560.8,1752.7,872.7,1114.4,909.1,1673.4,1265.6,3255.0,6230.2,5239.6,1276.6,219.5
2026-08-29 04:00:00,683.0,273.9,999.2,1104.9,669.7,168.5,27.0,17.6,240.8,27.2,59.7,1618.7,3488.4,6347.2,1594.0,1822.3,12.7,86.0,1188.8,2010.2,451.7,311.7,4491.0,5314.1,1938.1,925.6,3230.2,1738.1,2238.5,1749.8,1552.5,1751.3,862.9,1140.6,907.8,1690.6,1254.2,3355.0,6221.9,5191.3,1269.1,194.7
2026-08-29 04:15:00,665.2,275.5,1002.3,1098.9,670.5,168.6,28.3,17.7,243.5,25.0,56.7,1620.1,3724.5,6379.5,1587.5,1809.2,12.9,85.3,1188.0,2031.5,447.6,309.1,4490.0,5329.2,1932.9,921.2,3228.2,1746.4,2269.8,1720.9,1552.1,1753.3,861.8,1132.0,906.0,1692.5,1246.2,3367.9,6213.2,5172.6,1268.6,180.3
2026-08-29 04:30:00,663.9,277.2,1221.4,1104.9,672.4,168.6,27.1,17.7,240.2,25.5,51.1,1622.3,4032.8,6364.9,1543.7,1800.3,12.8,84.6,1185.3,2049.7,446.1,308.6,4450.7,5471.1,1926.6,919.0,3226.9,1756.0,2269.6,1719.2,1552.3,1755.1,859.7,1126.7,903.4,1692.6,1245.4,3421.9,6207.7,5153.8,1265.3,161.5
2026-08-29 04:45:00,659.5,278.7,1221.7,1082.7,671.7,168.7,28.0,17.6,243.4,24.3,50.1,1625.9,4139.8,6461.3,1540.4,1785.7,12.8,83.9,1183.5,2058.6,445.1,309.8,4454.5,5479.4,1927.6,916.6,3227.6,1764.8,2278.1,1717.4,1551.7,1756.9,857.3,1125.1,902.9,1690.7,1248.9,3445.9,6204.8,5138.1,1269.8,145.8
2026-08-29 05:00:00,671.5,266.7,1243.9,1051.1,647.6,168.8,26.6,26.7,252.1,32.5,52.1,1635.4,4004.5,6636.2,1567.4,1743.9,108.1,30.1,1221.2,2070.6,438.8,318.6,4482.9,5487.0,1921.9,890.4,3320.0,1906.0,2238.4,1763.9,1546.8,1757.4,853.3,1168.0,903.9,1720.8,1308.5,3641.0,6215.1,5069.8,1283.9,122.7
2026-08-29 05:15:00,670.4,275.6,1024.6,1090.5,655.0,171.7,27.1,26.7,252.2,30.7,53.3,1639.0,4001.4,6489.7,1568.1,1723.0,110.2,30.0,1221.4,2079.1,434.8,319.7,4494.1,5382.3,1928.5,889.1,3323.4,1909.3,2238.5,1744.3,1547.5,1759.2,852.5,1157.1,901.6,1716.9,1315.1,3544.5,6209.1,5053.7,1293.2,113.7
2026-08-29 05:30:00,669.3,278.6,808.0,1091.7,659.5,180.1,27.8,26.7,255.8,28.7,50.0,1631.7,4156.3,6556.7,1528.1,1722.0,112.4,30.0,1220.5,2083.7,432.9,325.3,4563.5,5340.4,1924.9,886.2,3326.7,1916.4,2238.6,1742.7,1547.6,1760.7,853.1,1157.4,904.3,1714.8,1319.2,3520.3,6209.4,5031.3,1303.8,112.2
2026-08-29 05:45:00,667.7,286.7,811.7,1101.1,668.3,189.8,28.4,28.1,260.1,26.2,52.7,1629.5,4148.5,6659.1,1515.5,1760.8,114.6,30.0,1222.8,2098.3,434.8,330.9,4578.6,5339.6,1929.5,885.0,3330.9,1925.2,2240.4,1747.0,1549.6,1762.5,853.4,1162.8,905.1,1713.6,1322.0,3552.1,6212.1,5005.8,1320.3,110.8
2026-08-29 06:00:00,674.5,292.5,1040.7,1135.0,673.8,197.8,21.1,46.4,280.1,23.9,76.9,1592.5,3518.1,6762.6,1622.2,1727.3,80.5,47.0,1317.7,2136.9,435.6,338.5,4580.2,5360.1,1926.7,962.7,3425.4,2050.1,2230.7,1743.8,1566.7,1811.1,851.6,1189.7,911.3,1779.3,1339.3,3697.4,6245.9,4958.1,1338.4,103.5
2026-08-29 06:15:00,673.0,310.6,1039.6,1137.8,681.9,204.5,21.8,45.0,269.3,32.8,80.0,1591.3,3750.5,6815.6,1613.0,1721.2,152.7,47.0,1295.4,2141.5,433.6,350.1,4573.6,5356.2,1936.7,961.4,3431.1,2061.6,2233.0,1746.5,1562.5,1813.6,851.9,1191.8,917.5,1777.4,1342.0,3745.7,6268.4,4932.6,1348.4,102.9
2026-08-29 06:30:00,672.1,331.4,805.3,1144.5,686.9,211.9,22.3,44.0,272.6,32.8,75.9,1597.9,4030.8,6901.5,1574.4,1723.9,153.0,47.0,1299.3,2148.4,433.1,367.3,4619.1,5258.4,1942.6,960.0,3445.0,2071.6,2234.2,1740.5,1566.3,1815.7,854.0,1193.1,921.3,1774.6,1349.7,3771.2,6296.1,4905.6,1363.5,101.5
2026-08-29 06:45:00,669.6,316.9,795.2,1151.6,689.4,219.6,22.7,44.2,278.7,33.0,74.3,1598.7,4035.8,6967.1,1573.6,1745.7,153.5,47.0,1305.9,2173.9,429.8,383.7,4593.7,5305.4,1963.6,958.5,3458.5,2081.5,2242.3,1731.1,1567.3,1817.6,856.2,1192.9,922.5,1769.8,1361.6,3830.5,6327.2,4887.0,1384.8,100.5
2026-08-29 07:00:00,684.8,347.2,783.6,1180.5,705.1,268.0,56.8,17.4,280.1,50.0,90.7,1632.6,3731.4,7346.4,1789.8,1690.8,127.2,67.9,1341.2,2221.8,417.3,441.6,4610.3,5325.4,2026.7,888.7,3508.6,1967.9,2258.8,1756.5,1590.0,1860.4,866.1,1431.0,931.5,1810.3,1386.1,3985.7,6435.7,4807.1,1408.4,102.3
2026-08-29 07:15:00,684.8,350.6,761.9,1190.2,710.8,279.7,57.0,16.2,277.8,51.3,86.3,1638.1,3765.5,7254.1,1780.0,1697.4,127.2,67.1,1349.7,2056.9,409.9,440.9,4633.9,5269.6,2051.8,886.9,3525.2,1940.1,2265.8,1746.2,1591.5,1889.5,870.7,1176.7,936.0,1803.8,1296.2,4063.8,6503.8,4778.6,1423.1,102.6
2026-08-29 07:30:00,683.5,360.7,735.6,1200.8,717.8,293.2,57.7,16.5,274.9,36.9,85.8,1641.8,4034.2,7278.8,1783.8,1714.3,147.1,66.2,1351.4,2084.8,401.9,458.3,4657.2,5206.0,2071.2,883.9,3548.9,1947.7,2268.9,1743.1,1594.8,1894.1,876.7,1178.5,938.6,1790.7,1259.8,4166.1,6553.4,4781.7,1430.4,123.4
2026-08-29 07:45:00,676.8,419.6,719.8,1229.4,718.4,305.3,58.5,16.7,256.1,35.8,94.5,1647.0,4731.8,7201.6,1780.6,1681.9,145.3,71.7,1522.3,2098.3,399.0,475.6,4647.9,5168.9,2099.7,882.0,3554.3,1953.2,2278.5,1735.3,1602.1,1899.5,883.6,1218.5,945.8,1776.8,1267.6,4210.0,6599.0,4774.9,1445.3,124.5
2026-08-29 08:00:00,673.2,419.9,683.6,1218.1,719.4,313.6,95.6,11.6,252.3,36.4,165.5,1677.7,5055.7,7829.3,2026.7,1591.2,182.1,75.3,1455.0,2015.5,438.1,528.8,4733.3,5124.7,2167.3,914.0,3613.5,2045.2,2305.9,1676.0,1625.9,1942.6,904.0,1432.0,945.1,1798.9,1276.4,4275.7,6693.1,4758.4,1479.5,133.2
2026-08-29 08:15:00,668.0,430.6,663.9,1252.6,721.7,320.0,96.0,11.8,230.1,34.7,192.2,1684.9,5057.3,7469.7,2055.6,1601.5,182.1,74.9,1455.1,1660.5,435.8,508.8,4733.5,5106.9,2204.8,913.1,3632.8,2011.5,2316.9,1666.4,1629.0,1948.5,907.3,1472.3,945.1,1785.2,1284.2,4296.2,6751.1,4736.3,1474.3,137.6
2026-08-29 08:30:00,656.9,449.3,646.2,1273.8,735.7,325.1,96.4,12.3,226.7,38.7,215.6,1676.2,5135.4,7209.3,2099.6,1602.6,136.0,74.5,1488.5,1636.4,452.4,504.4,4754.9,5085.3,2229.9,887.3,3645.7,2008.0,2320.7,1657.6,1631.4,2037.6,914.3,1528.4,958.2,1784.6,1295.7,4311.3,6813.4,4723.2,1474.1,141.3
2026-08-29 08:45:00,651.6,458.7,625.9,1296.2,732.4,330.9,101.5,7.7,209.6,53.7,249.8,1697.3,5219.0,7043.6,2120.5,1624.9,82.2,63.3,1766.4,1644.2,494.0,539.8,4757.6,5083.8,2261.1,886.7,3657.6,2005.9,2337.9,1650.8,1634.2,2079.4,921.7,1596.5,972.1,1784.8,1309.6,4337.3,6885.2,4722.8,1481.8,145.9
2026-08-29 09:00:00,621.4,482.1,824.6,1315.8,736.5,340.1,190.8,20.5,224.5,62.6,316.1,1732.1,5320.1,7372.8,2182.1,1633.7,48.0,114.8,1682.2,1555.3,497.4,571.5,4741.7,5094.7,2348.6,918.9,3565.5,1841.7,2374.1,1586.6,1662.8,2090.4,944.0,1750.0,975.0,1768.2,1333.0,4484.5,6972.1,4685.5,1498.4,145.3
2026-08-29 09:15:00,617.6,493.0,804.8,1332.8,735.4,349.8,190.5,20.7,201.5,77.3,345.3,1759.7,5311.6,7154.9,2171.0,1555.3,95.0,114.2,1772.0,1424.9,506.3,204.9,4801.3,5133.6,2377.7,918.2,3576.6,1829.3,2383.3,1579.6,1669.6,2087.5,947.2,1797.8,983.3,1772.5,1347.3,4498.7,7039.2,4688.6,1498.5,155.9
2026-08-29 09:30:00,614.0,502.4,786.1,1342.2,733.8,365.7,189.6,21.0,196.1,107.6,336.2,1796.6,5381.2,6897.9,2168.6,1471.9,60.6,93.7,1771.1,1379.9,507.9,214.4,4812.9,5169.8,2399.6,917.0,3593.2,1810.0,2385.8,1573.1,1666.9,2079.4,956.7,1851.3,989.1,1774.6,1357.7,4391.1,7085.9,4689.0,1489.6,165.3
2026-08-29 09:45:00,607.5,472.0,768.6,1351.6,731.4,381.0,203.8,21.3,196.5,137.2,348.3,1823.1,5497.0,5443.1,2122.2,1487.3,42.0,113.0,1780.5,1342.8,505.0,224.8,4811.5,5208.8,2429.2,917.0,3602.0,1789.8,2399.2,1568.4,1671.1,2074.9,961.0,1905.0,991.5,1780.2,1362.3,4400.2,7141.4,4675.7,1488.3,175.8
2026-08-29 10:00:00,608.0,535.1,762.6,1322.1,730.7,305.6,177.7,4.3,222.3,162.5,441.8,1922.8,5610.2,6762.7,2154.1,1499.1,0.0,119.6,1957.3,1407.5,503.3,181.0,4768.8,5120.0,2489.0,940.6,3720.8,1812.1,2422.2,1526.1,1685.4,2121.9,747.1,1612.2,981.7,1703.8,1387.9,4352.4,7189.4,4646.4,1494.5,189.0
2026-08-29 10:15:00,605.9,483.9,750.8,1318.7,727.4,303.8,177.5,4.6,220.4,172.7,445.1,1932.0,5705.6,6080.2,2090.7,1523.1,0.0,122.4,1967.0,1335.9,499.2,192.0,4831.3,5188.1,2507.6,941.2,3728.6,1793.2,2429.1,1519.8,1692.2,2124.3,749.3,1651.6,984.5,1715.1,1385.9,4353.6,7206.1,4641.1,1481.9,195.0
2026-08-29 10:30:00,616.9,504.4,738.1,1303.3,726.5,295.5,178.0,4.8,219.5,186.7,456.2,1906.3,6172.8,4840.0,2108.4,1505.4,0.0,123.2,1970.8,1150.8,501.1,208.1,4820.9,5255.9,2522.8,941.6,3738.1,1771.9,2426.8,1514.7,1704.4,2133.9,977.7,1911.5,988.2,1723.7,1387.1,4354.5,7222.3,4636.5,1478.2,185.6
2026-08-29 10:45:00,613.1,512.9,729.4,1293.6,725.3,285.1,176.9,5.0,219.3,86.8,466.9,1921.5,6244.6,4840.3,2066.8,1477.6,0.0,124.0,1999.7,1101.8,506.4,222.9,4808.6,5329.1,2542.0,942.2,3737.7,1752.0,2430.7,1508.3,1707.1,2122.8,979.5,1944.2,991.7,1730.1,1384.2,4248.4,7253.1,4640.4,1473.5,195.1
2026-08-29 11:00:00,616.3,513.0,940.8,1274.2,721.3,280.0,179.0,13.8,214.2,208.4,583.6,1898.6,6223.2,4519.4,2045.3,1479.8,49.4,179.4,2069.6,1067.8,541.2,218.0,4824.7,5315.3,2582.1,953.3,3709.4,1635.9,2452.2,1493.5,1692.3,2176.3,979.5,1835.9,992.1,1730.8,1462.3,4383.5,7284.2,4639.5,1442.7,214.2
2026-08-29 11:15:00,616.4,520.5,938.8,1254.5,719.2,276.1,178.3,14.0,211.8,129.0,588.1,1883.8,6219.6,4387.1,2027.6,1491.8,48.0,135.7,2069.5,1051.8,550.4,222.9,4831.0,5397.6,2591.9,954.7,3705.4,1625.7,2452.9,1485.2,1707.0,2118.4,966.4,1838.0,991.6,1744.6,1451.0,4308.1,7293.7,4648.9,1430.6,224.6
2026-08-29 11:30:00,614.1,526.1,940.8,1225.5,716.4,266.7,178.1,14.2,212.0,83.6,591.1,1872.4,6338.8,4344.4,2016.3,1510.9,64.4,93.8,2067.5,1062.8,621.0,224.5,4805.7,5480.8,2595.5,956.9,3704.9,1623.0,2452.3,1476.8,1705.4,2069.2,975.7,1855.1,993.2,1756.2,1435.3,4254.9,7288.6,4654.9,1421.4,231.8
2026-08-29 11:45:00,613.6,529.9,942.4,1195.0,717.2,258.5,192.9,14.1,210.6,76.9,597.3,1885.9,6496.1,4392.5,2007.0,1500.4,59.3,93.8,2094.0,1073.6,644.6,226.9,4800.7,5568.4,2595.0,958.0,3706.0,1621.9,2452.2,1468.3,1710.0,2069.0,975.1,1859.3,989.3,1775.6,1418.2,4139.1,7271.0,4659.6,1405.7,240.2
2026-08-29 12:00:00,620.2,530.2,969.5,1162.6,715.8,248.2,175.1,28.0,228.6,69.2,540.1,1916.1,6448.4,4280.3,2057.8,1452.3,84.2,104.4,2136.8,1080.4,684.9,220.7,4850.8,5610.7,2588.8,998.5,3661.6,1604.3,2457.6,1434.4,1698.0,2217.8,970.6,1951.1,989.3,1763.5,1374.1,4112.4,7397.8,4765.1,1387.9,265.5
2026-08-29 12:15:00,626.3,528.7,978.7,1128.5,715.1,245.6,189.6,28.3,232.0,63.4,540.9,1922.6,6331.4,4277.6,2048.6,1461.9,107.3,98.2,2103.3,1090.4,686.6,185.1,4856.0,5673.6,2590.1,1000.5,3649.3,1603.2,2456.9,1425.5,1695.7,2227.1,976.6,1955.3,988.4,1755.0,1360.2,4049.2,7375.7,4732.2,1377.7,283.4
2026-08-29 12:30:00,629.0,525.5,991.1,1082.6,714.3,241.2,190.5,28.4,239.9,105.3,545.6,1934.1,6395.2,4266.2,2040.6,1476.8,136.7,98.2,2095.1,1098.8,737.5,109.4,4859.9,5725.1,2586.6,1001.5,3654.9,1597.0,2452.4,1417.2,1696.4,2226.9,973.6,1958.0,990.5,1774.1,1359.9,4040.4,7365.0,4734.8,1374.8,298.4
2026-08-29 12:45:00,626.4,538.4,1002.0,1046.3,721.2,236.4,191.5,28.6,242.1,93.2,535.5,1939.9,6430.4,4263.9,2028.9,1491.5,134.9,98.2,2136.2,1103.5,740.5,102.5,4859.6,5685.5,2590.0,998.6,3656.1,1590.9,2457.6,1407.9,1701.1,2229.3,967.4,1985.7,985.3,1788.2,1373.1,4039.3,7365.5,4749.3,1373.2,311.1
2026-08-29 13:00:00,628.5,518.6,975.6,999.3,730.5,230.2,206.3,68.8,243.4,36.7,545.0,1909.1,6172.0,4275.4,2035.1,1451.2,96.7,107.0,2147.5,1086.7,741.5,93.9,4857.8,5812.8,2579.4,1008.2,3691.4,1589.4,2474.9,1383.2,1692.7,2089.4,967.2,1762.2,989.4,1799.5,1409.8,4031.7,7344.2,4745.6,1369.9,333.3
2026-08-29 13:15:00,634.6,514.7,1001.1,901.7,734.3,218.0,193.6,68.8,246.8,50.9,538.2,1905.4,6258.4,4265.4,2028.6,1450.6,155.0,100.9,2171.5,1090.3,725.6,93.0,4857.1,5836.0,2579.8,1007.9,3694.8,1584.8,2474.2,1374.0,1691.9,2091.4,971.0,1776.1,987.3,1823.5,1427.2,4045.6,7342.8,4782.8,1366.6,342.7
2026-08-29 13:30:00,644.4,508.9,1023.2,848.5,734.3,204.5,207.5,68.6,215.3,64.0,522.8,1876.1,6267.8,4266.3,2024.6,1443.4,153.5,100.8,2183.3,1093.6,742.0,91.0,4862.0,5851.1,2580.5,1009.5,3696.0,1582.4,2468.9,1364.6,1695.4,2097.1,966.5,1776.1,986.7,1884.5,1436.1,4078.8,7349.1,4756.2,1368.0,351.6
2026-08-29 13:45:00,654.9,507.0,1045.1,803.9,736.7,194.9,207.5,68.6,211.6,57.6,501.9,1899.7,6272.3,4243.1,2014.9,1450.7,152.4,103.7,2176.6,1092.8,743.7,90.0,4857.7,5853.1,2577.9,1008.4,3687.6,1580.9,2469.6,1354.4,1696.7,2102.0,964.1,1776.5,984.5,1879.2,1431.2,4063.2,7312.6,4780.8,1371.7,355.5
2026-08-29 14:00:00,660.6,498.6,1076.3,752.9,736.1,189.8,211.4,28.7,216.0,38.8,533.1,1982.6,6473.2,4268.9,2030.0,1432.3,62.1,97.6,2104.7,1105.5,725.8,91.2,4867.7,5752.7,2577.9,1015.2,3707.2,1560.5,2516.5,1329.4,1699.2,2239.7,956.4,1705.9,981.5,1846.2,1420.2,4006.4,7188.2,4660.7,1367.7,368.8
2026-08-29 14:15:00,666.9,484.7,1098.9,698.5,736.4,181.2,203.2,28.3,216.4,33.5,527.2,1987.2,6462.5,4225.9,2052.3,1407.9,61.5,103.8,2074.6,1101.9,723.3,89.4,4876.7,5790.6,2574.8,1015.5,3715.9,1561.1,2515.0,1319.9,1700.7,2209.1,956.6,1696.6,977.9,1853.4,1415.3,3993.0,7149.7,4658.3,1371.5,368.6
2026-08-29 14:30:00,682.2,476.2,903.7,646.2,740.1,174.1,201.7,28.2,228.5,35.7,535.0,1994.5,6381.1,4282.3,2054.3,1404.4,61.7,97.7,2071.0,1099.5,722.6,89.8,4883.0,5779.2,2572.5,1015.8,3711.3,1564.8,2510.9,1320.2,1693.7,2125.4,959.2,1694.0,979.7,1860.6,1421.2,3934.8,7134.4,4652.7,1369.2,375.7
2026-08-29 14:45:00,696.1,466.1,926.3,586.8,743.0,166.1,201.7,28.4,235.5,41.4,525.4,1987.1,6271.9,4249.0,2065.0,1404.7,70.1,97.6,2068.9,1130.2,716.6,85.0,4885.1,5814.5,2581.1,1016.4,3713.4,1568.0,2511.2,1314.7,1693.5,2125.3,956.5,1698.8,981.3,1881.1,1440.5,3971.1,7136.0,4643.5,1377.2,377.6
2026-08-29 15:00:00,705.3,497.3,970.0,533.8,735.2,178.5,133.0,28.2,260.8,34.8,564.2,1955.4,5589.2,5533.6,2052.8,1442.1,51.3,89.8,2170.0,1098.5,673.4,83.7,4904.5,5851.5,2540.8,1021.7,3745.9,1623.5,2554.1,1245.3,1692.8,2288.4,958.7,1663.9,988.9,1961.1,1370.9,4101.0,7133.5,4624.8,1387.0,386.0
2026-08-29 15:15:00,715.7,510.4,1025.2,550.0,735.8,166.6,131.5,28.1,269.2,31.1,555.3,1949.2,5547.3,6125.3,2081.2,1427.3,64.5,89.9,2163.7,1089.3,674.6,83.5,4920.7,5845.3,2548.7,1022.7,3743.4,1624.9,2556.3,1238.7,1698.1,2293.6,959.9,1670.7,992.0,1968.4,1394.3,4176.8,7140.5,4619.7,1393.7,381.0
2026-08-29 15:30:00,727.7,497.7,853.0,512.4,745.1,147.0,128.9,27.9,271.9,26.4,552.4,1923.4,5539.8,6031.7,2154.6,1597.3,70.4,89.9,2016.5,1078.8,558.6,140.6,4949.6,5854.4,2554.0,1023.8,3751.1,1624.5,2552.0,1241.7,1697.2,2333.4,966.6,1659.7,995.8,1973.9,1411.5,4246.4,7151.7,4637.6,1410.9,378.6
2026-08-29 15:45:00,737.5,525.0,893.2,485.5,743.6,192.4,128.6,29.3,255.7,23.8,545.3,1926.8,5584.1,5862.9,2166.4,1558.4,49.1,156.3,1909.6,1550.0,581.8,667.2,4822.4,5863.4,2563.4,1027.3,3756.4,1645.2,2556.0,1249.5,1697.5,2109.9,966.4,1653.8,995.6,1971.6,1423.2,4396.7,7161.9,4642.3,1416.0,423.6
2026-08-29 16:00:00,752.2,540.2,928.1,512.8,748.4,180.6,64.9,81.4,277.4,23.0,540.3,1845.0,5645.8,5783.3,2156.6,1425.3,5.8,92.8,1928.6,1109.1,566.9,286.7,4925.3,5908.3,2584.2,881.5,3720.3,1823.3,2633.2,1183.5,1699.2,2324.4,973.9,1624.2,1003.3,2046.5,1380.8,4348.3,7225.5,4707.0,1417.6,367.3
2026-08-29 16:15:00,729.7,505.5,966.7,619.5,755.4,161.9,64.1,90.9,278.1,20.1,535.7,1837.1,5676.6,5884.1,2211.3,1549.5,8.5,116.6,1763.4,1710.0,580.9,543.4,4933.6,5886.9,2596.5,917.6,3730.4,1824.2,2635.5,1194.5,1697.9,2327.9,981.6,1597.9,1004.2,2045.3,1385.8,4335.4,7259.9,4726.4,1428.8,418.3
2026-08-29 16:30:00,734.4,526.4,1010.4,675.0,759.5,144.2,63.9,90.5,283.2,19.0,539.3,1845.8,5627.7,6222.3,2245.2,1587.2,44.0,93.8,1625.4,1784.3,568.3,727.8,4917.6,5867.6,2605.2,925.1,3661.6,1879.5,2631.9,1199.2,1707.0,2160.8,981.8,1579.9,1008.9,2055.3,1389.4,4528.3,7301.0,4718.6,1448.6,455.7
2026-08-29 16:45:00,743.6,535.6,1052.1,680.3,758.5,185.3,59.2,101.0,278.5,16.4,539.9,1850.6,5388.2,6482.3,2282.6,1557.6,67.0,93.5,1618.2,1914.5,564.4,710.5,4923.8,5868.0,2615.3,924.4,3663.3,1881.2,2634.8,1194.6,1703.9,2191.8,981.5,1669.5,1016.8,2055.4,1392.3,4531.4,7341.5,4722.4,1469.9,462.9
2026-08-29 17:00:00,785.6,550.2,1056.3,661.1,743.9,213.7,26.0,146.4,300.8,14.9,352.1,1872.0,5363.0,5601.4,1976.9,1585.4,168.1,81.0,1667.4,1761.3,533.3,710.7,5128.1,5926.1,2640.4,952.2,3502.0,1868.0,2715.4,1463.5,1650.6,2124.6,987.2,1875.9,1022.0,2122.6,1434.5,4380.8,7256.6,4934.2,1470.5,450.2
2026-08-29 17:15:00,757.6,541.6,1071.0,656.6,739.9,198.2,24.2,145.8,305.8,12.2,364.6,1894.5,5254.1,5747.8,2004.5,1566.0,189.9,87.5,1458.5,1748.9,510.6,698.8,5148.4,5932.5,2650.1,960.4,3501.4,2056.7,2715.8,1469.2,1651.8,2371.0,986.6,2334.5,1028.6,2041.1,1507.1,4288.4,7241.0,4955.9,1490.8,439.6
2026-08-29 17:30:00,785.8,521.3,1100.9,853.6,744.8,166.7,24.2,145.3,305.8,10.1,383.0,1874.1,4010.4,5705.4,2025.9,1555.1,186.9,67.8,1456.4,1863.7,504.8,695.1,5164.6,5947.6,2649.4,1064.8,3504.4,2370.8,2721.2,1484.3,1653.1,2369.5,985.7,2541.9,1030.7,2047.9,1394.3,4260.3,7283.5,4944.2,1505.7,425.0
2026-08-29 17:45:00,772.6,512.9,1125.6,841.9,734.4,143.4,22.1,144.9,314.6,17.0,388.4,1890.6,3477.1,5469.7,2084.4,1582.5,167.6,67.7,1454.2,2095.1,501.7,691.5,5215.6,5836.7,2658.6,1278.3,3438.8,2632.9,2722.6,1483.2,1654.5,2480.2,985.4,2677.2,1034.0,2050.7,1391.6,4439.9,7298.1,5025.4,1506.0,413.7
2026-08-29 18:00:00,784.9,509.5,1155.6,873.7,753.7,370.3,14.0,121.3,294.6,8.0,401.4,1901.1,3691.4,5673.2,1875.3,1698.2,209.7,27.2,1811.6,2025.3,500.2,662.9,5187.9,5892.9,2639.3,1344.1,3376.3,2799.9,2751.1,1623.8,1651.8,2391.1,1010.3,2939.9,1025.3,1977.0,1471.5,4319.8,7316.1,5094.8,1510.0,458.7
2026-08-29 18:15:00,783.2,550.3,1169.7,677.1,747.3,393.0,12.8,120.7,301.3,6.0,411.8,1876.1,3050.4,5026.7,1926.8,1733.0,224.6,26.3,1669.2,1965.4,508.7,635.3,5341.6,5750.8,2638.8,1367.7,3356.2,3367.9,2751.7,1624.2,1647.7,2525.1,1008.2,2878.9,1021.5,1985.7,1428.5,4512.7,7300.6,5227.9,1505.1,454.3
2026-08-29 18:30:00,789.2,574.3,1172.9,670.8,754.2,391.4,6.3,115.4,312.0,29.0,422.6,1840.4,2717.4,4704.7,1918.4,1795.2,227.2,28.7,1677.1,1906.9,520.0,631.6,5340.8,5773.9,2635.5,1370.1,3312.1,4018.0,2748.5,1623.7,1642.7,2520.1,1011.3,2836.1,1023.4,2013.7,1435.3,4484.6,7312.1,5251.8,1518.3,448.7
2026-08-29 18:45:00,790.8,588.2,1186.1,664.5,763.9,388.5,6.3,119.4,321.7,36.2,419.9,1813.1,2740.0,4479.3,1934.8,1904.0,227.9,24.4,1636.2,1978.9,517.0,617.8,5324.7,5798.9,2639.7,1373.4,3316.7,4262.1,2751.2,1622.8,1643.1,2525.9,1007.5,2857.1,1017.1,2009.1,1446.3,4456.9,7318.1,5249.9,1518.3,442.9
2026-08-29 19:00:00,790.5,601.9,1195.4,684.0,764.1,428.4,14.1,107.0,320.9,64.6,323.8,1734.3,2702.5,4083.2,1694.3,2091.9,328.7,23.0,1670.7,1721.6,529.8,577.7,5296.0,5687.6,2616.2,1383.6,3270.0,4603.4,2769.4,1654.9,1641.1,2577.8,1017.6,2741.8,1014.6,1938.1,1452.4,4381.3,7335.1,5359.9,1531.5,456.5
2026-08-29 19:15:00,789.9,603.4,1203.0,693.1,770.5,423.9,14.0,106.7,325.6,83.4,297.1,1709.3,2701.3,4151.1,1707.1,2067.7,348.6,23.0,1522.6,1671.8,534.3,572.5,5294.7,5726.5,2615.5,1386.5,3274.1,4844.9,2768.9,1654.7,1644.2,2580.0,1019.7,2721.9,1009.7,1948.9,1454.4,4347.5,7332.1,5375.3,1529.8,454.5
2026-08-29 19:30:00,789.5,596.1,1210.1,710.2,770.5,428.6,17.7,108.0,329.7,119.9,261.7,1681.5,2698.5,4157.7,1683.7,2104.3,360.5,23.0,1515.6,1478.3,530.8,562.9,5283.9,5774.6,2608.1,1391.9,3284.2,5099.1,2764.7,1654.7,1650.0,2584.5,1020.4,2690.6,1008.1,1897.0,1444.4,4319.8,7325.0,5362.4,1539.5,451.4
2026-08-29 19:45:00,790.2,592.3,1217.9,699.3,770.1,419.8,17.6,110.5,330.8,117.7,254.5,1704.5,2620.0,4127.9,1697.5,2138.3,355.8,23.0,1518.2,1624.7,533.7,553.1,5271.8,5791.2,2608.5,1306.6,3284.2,5099.2,2764.3,1653.6,1644.5,2579.2,1018.2,2773.0,1002.5,1888.5,1422.6,4217.8,7334.0,5388.9,1532.5,485.2
2026-08-29 20:00:00,788.2,557.0,1205.8,728.8,772.2,417.6,13.8,124.9,327.1,115.5,271.3,1673.7,2612.5,3910.3,1744.0,2197.9,200.3,36.8,1537.5,1421.7,531.2,555.1,5173.4,5787.2,2602.4,1394.3,3219.6,5149.4,2768.3,1646.4,1644.6,2606.4,1019.4,2785.5,999.1,1551.2,1402.7,4209.9,7339.6,5367.8,1541.2,493.1
2026-08-29 20:15:00,787.3,556.8,1205.3,737.7,770.4,413.8,14.2,122.4,322.9,114.1,267.5,1662.9,2611.8,4000.4,1768.3,2155.9,218.4,36.8,1557.5,1357.4,535.7,522.8,5162.3,5821.2,2595.4,1397.2,3217.5,5150.8,2765.7,1645.5,1641.5,2596.1,1018.0,2742.2,992.9,1534.6,1385.2,4156.6,7325.5,5376.3,1536.5,488.8
2026-08-29 20:30:00,780.6,550.5,1199.9,749.1,767.0,404.7,16.6,126.1,318.6,109.5,221.5,1651.3,2624.3,4087.3,1774.9,2141.1,251.8,55.4,1555.0,1335.0,538.9,496.9,5157.2,5855.4,2585.0,1401.2,3223.8,5155.6,2763.6,1645.4,1646.7,2613.1,1019.0,2792.0,991.8,1519.1,1385.4,4085.0,7310.0,5351.6,1540.6,433.5
2026-08-29 20:45:00,773.4,544.9,1187.6,762.9,761.8,402.4,17.5,127.5,319.0,108.4,228.2,1650.5,2731.2,4262.7,1782.2,2143.3,250.0,36.8,1552.7,1354.2,538.4,486.5,5145.8,5893.7,2586.5,1403.1,3226.5,5161.7,2763.2,1645.6,1641.0,2584.9,1018.3,2679.6,993.9,1506.9,1403.5,4068.0,7297.7,5372.9,1535.9,458.7
2026-08-29 21:00:00,754.9,491.8,1164.0,778.4,744.3,303.8,1.2,87.9,327.8,120.0,237.4,1667.8,2661.1,4214.8,1771.1,2174.9,279.4,42.5,1575.6,1159.9,520.7,482.5,5152.0,5955.1,2582.8,1414.3,3216.3,5123.8,2758.2,1592.2,1634.2,2646.1,1017.5,2813.6,995.7,1547.6,1418.3,3922.5,7211.6,5381.5,1526.5,424.4
2026-08-29 21:15:00,744.6,477.9,1140.9,765.8,730.9,304.6,1.2,88.0,323.8,116.5,258.9,1659.0,2653.4,4177.7,1791.5,2149.3,270.8,40.8,1557.7,1125.9,521.8,457.1,5158.7,6047.4,2572.8,1415.3,3207.9,5117.0,2756.7,1592.1,1633.0,2629.8,1011.7,2714.7,993.7,1539.7,1436.1,3863.2,7162.1,5368.6,1506.9,424.8
2026-08-29 21:30:00,735.2,447.6,1127.3,771.0,716.4,291.3,1.9,87.9,323.5,55.9,241.9,1657.5,2604.1,4249.8,1836.2,2124.0,269.4,40.8,1562.1,1079.5,521.0,433.1,5150.5,6071.1,2552.7,1395.1,3205.7,5116.3,2752.8,1592.1,1634.4,2624.1,1025.8,2684.1,997.3,1555.6,1442.1,3798.5,7097.6,5366.0,1500.9,426.6
2026-08-29 21:45:00,736.1,412.8,1098.5,759.9,708.6,288.2,1.5,82.9,316.2,51.6,247.6,1648.7,2600.9,4043.7,1842.0,2101.9,268.1,43.5,1558.1,1052.5,525.6,418.7,5132.3,6150.2,2539.8,1395.7,3202.7,4626.6,2749.9,1593.7,1633.8,2624.7,1001.5,2672.5,991.8,1550.8,1428.6,3708.3,7049.8,5332.1,1484.1,425.4
2026-08-29 22:00:00,718.8,451.1,1068.5,701.4,684.4,260.0,2.3,115.3,294.5,58.8,215.1,1664.3,2576.3,4544.9,1798.7,2150.2,156.8,43.4,1584.0,986.8,505.8,441.9,5036.0,6170.8,2503.7,1404.2,3285.4,5122.0,2739.3,1597.6,1612.2,2683.7,1005.7,2586.7,979.9,1661.8,1549.2,3550.3,6920.5,5173.8,1456.1,374.9
2026-08-29 22:15:00,707.2,392.5,1040.5,702.1,678.0,277.3,2.2,115.4,289.2,50.4,197.7,1661.0,2573.0,4400.1,1799.3,2135.0,175.5,43.4,1583.7,900.5,503.1,416.2,5013.6,6187.9,2478.3,1388.9,3272.6,4814.3,2735.0,1600.9,1611.8,2685.5,1002.2,2587.9,970.8,1680.3,1524.1,3455.1,6872.1,5135.8,1437.6,373.6
2026-08-29 22:30:00,719.9,386.2,1014.8,704.0,668.2,272.0,4.5,110.4,300.3,50.1,170.4,1678.8,2646.0,4391.7,1824.4,2153.1,134.2,43.4,1581.7,874.4,497.7,403.5,4983.6,6273.1,2455.4,1347.5,3260.6,4643.2,2729.1,1601.2,1604.8,2462.8,998.5,2608.6,969.8,1710.6,1505.9,3403.3,6817.3,5100.0,1434.4,376.0
2026-08-29 22:45:00,748.0,363.2,1008.9,884.1,700.3,270.3,4.7,110.4,292.8,49.2,165.5,1675.5,2761.7,4458.7,1814.8,2136.7,132.9,43.4,1583.6,845.7,502.1,386.2,4950.4,6286.0,2437.3,1304.8,3256.4,4052.5,2726.4,1605.6,1602.5,2115.3,991.7,2655.2,968.0,1735.4,1484.7,3388.4,6813.1,4991.1,1422.4,370.3
2026-08-29 23:00:00,677.7,373.7,957.6,699.2,653.5,74.9,1.4,94.7,280.2,42.0,151.5,1664.7,2661.1,4598.9,1787.9,2156.7,112.2,45.6,1406.7,769.9,488.3,368.8,4839.5,6170.1,2360.7,1369.8,3182.1,3439.7,2706.2,1623.7,1580.3,2706.9,991.0,2572.0,967.5,1662.9,1481.4,3138.5,6718.4,5052.9,1437.1,372.6
2026-08-29 23:15:00,677.7,371.3,946.0,691.2,643.7,74.6,1.0,95.8,275.8,39.7,150.1,1657.9,3053.1,5059.0,1771.6,2149.5,91.6,45.6,1407.5,748.6,483.7,355.9,4798.3,6261.0,2329.2,1353.3,3173.0,3050.6,2702.1,1635.4,1573.9,2458.6,983.6,2563.4,964.1,1689.5,1467.8,3175.0,6663.8,5030.3,1426.0,367.8
2026-08-29 23:30:00,688.5,367.3,933.5,679.4,643.7,73.4,1.5,89.7,268.5,47.2,147.3,1686.7,3085.6,5193.1,1766.3,2179.4,91.0,45.6,1398.0,733.5,482.2,345.7,4764.7,6237.0,2305.0,1342.4,3229.5,3050.1,2693.1,1635.0,1574.3,2448.3,980.8,2541.1,958.6,1692.8,1445.6,3061.3,6605.8,5018.8,1415.1,361.8
2026-08-29 23:45:00,696.3,366.1,944.4,671.5,638.9,72.0,7.3,89.7,256.3,45.2,135.4,1681.8,3122.3,5000.7,1733.2,2180.0,90.2,58.7,1398.4,714.6,482.5,331.7,4724.4,6308.5,2274.6,1306.1,3214.0,2630.6,2689.7,1637.4,1572.4,2118.6,973.7,2555.2,949.6,1751.5,1415.4,3086.0,6543.0,5034.4,1392.3,359.6
2026-08-30 00:00:00,624.0,370.3,889.9,531.6,617.7,65.2,2.9,59.4,299.0,60.9,307.1,1683.0,3434.7,7078.6,1352.3,2016.5,84.8,33.3,1175.6,656.1,502.3,311.9,4743.1,5790.0,2182.5,1018.5,3396.0,2426.1,2647.5,1518.2,1546.0,2531.9,939.3,2661.5,953.7,1952.3,1324.4,3358.3,6424.9,4809.9,1344.3,334.1
2026-08-30 00:15:00,615.9,362.0,881.5,525.0,619.5,65.9,3.1,63.5,299.0,61.8,294.9,1682.9,3379.8,6678.0,1325.3,2021.3,84.5,14.4,1177.3,637.0,507.6,303.4,4738.1,5827.6,2152.6,1020.5,3400.8,1851.7,2639.9,1517.7,1540.7,2407.6,932.2,2537.0,947.8,1939.6,1315.8,3425.5,6398.3,4797.7,1336.7,324.7
2026-08-30 00:30:00,610.8,356.7,872.7,510.2,616.1,66.7,3.1,63.5,290.9,60.6,290.4,1680.6,3463.9,6606.5,1283.2,1953.3,85.0,14.4,1183.7,612.6,500.6,312.6,4643.5,5727.6,2147.6,1020.4,3412.2,1574.8,2630.9,1517.9,1538.9,2367.5,925.4,2149.3,941.2,1924.8,1305.9,3398.8,6367.3,4790.7,1332.3,309.2
2026-08-30 00:45:00,603.7,349.7,866.2,501.9,615.0,67.3,3.1,53.5,289.5,58.5,254.4,1673.3,3392.8,6812.8,1401.9,2062.1,94.4,14.7,1190.7,589.5,506.6,300.1,4637.2,5708.8,2119.9,1020.6,3443.4,1516.4,2625.8,1511.6,1539.6,2374.8,924.9,1661.5,936.8,1907.6,1296.2,3358.6,6332.7,4782.9,1319.0,296.4
2026-08-30 01:00:00,605.7,335.0,861.6,511.1,610.8,66.0,1.5,70.8,273.9,55.8,256.2,1632.1,3533.4,6924.5,1685.2,2182.2,89.5,35.0,1131.6,598.9,473.9,299.7,4583.5,5613.9,2069.4,996.2,3347.3,1342.6,2610.1,1508.8,1515.7,2566.0,915.6,1460.2,932.3,1831.1,1289.2,3306.5,6266.9,4771.9,1313.6,268.9
2026-08-30 01:15:00,606.3,326.0,854.3,508.9,606.9,66.6,1.5,70.8,273.8,55.8,245.8,1631.4,3496.7,6881.8,1678.9,2184.3,90.0,36.0,1128.0,598.4,468.7,301.1,4574.7,5635.2,2054.2,995.3,3356.7,1325.6,2607.6,1502.7,1511.1,2563.0,909.4,1392.9,930.4,1811.6,1280.9,3253.7,6232.6,4789.6,1305.8,263.0
2026-08-30 01:30:00,607.6,320.8,849.9,507.3,603.7,67.1,1.5,70.8,276.3,55.8,250.3,1627.8,3484.1,6981.6,1708.0,2084.2,92.7,36.9,1125.9,581.4,464.6,301.2,4562.0,5648.1,2033.9,989.3,3355.0,1297.0,2603.4,1507.0,1508.3,2564.6,905.4,1303.8,924.2,1790.0,1273.3,3205.1,6195.6,4784.8,1303.1,261.8
2026-08-30 01:45:00,609.6,320.5,841.7,505.8,602.0,67.8,1.5,70.8,275.9,55.8,219.2,1626.6,4036.7,7297.4,1700.9,1915.2,93.0,37.7,1127.5,576.6,461.2,302.3,4556.2,5672.2,2017.2,986.5,3415.3,1248.6,2598.5,1507.2,1510.7,2566.1,898.7,1146.0,920.9,1767.0,1264.0,3160.8,6165.9,4776.4,1294.7,253.6
2026-08-30 02:00:00,600.9,313.0,835.4,505.0,599.7,68.4,2.0,75.8,270.4,47.0,286.2,1648.0,4141.0,7418.1,1937.0,1852.2,139.8,58.2,1120.5,571.1,457.5,319.3,4495.2,5665.2,1991.1,998.4,3450.5,1260.0,2591.3,1341.9,1494.2,2496.0,1009.4,1151.9,920.0,1747.3,1260.9,3169.6,6233.8,4844.5,1291.0,236.1
2026-08-30 02:15:00,599.3,307.4,832.4,505.5,596.6,70.2,2.0,75.8,264.8,41.4,266.6,1644.6,4096.5,7416.1,1947.7,1830.1,139.8,38.4,1126.7,550.7,455.1,311.9,4487.9,5650.9,1977.4,992.8,3519.5,1259.7,2587.7,1334.1,1492.6,2491.7,1005.5,1013.9,919.4,1744.7,1256.9,3129.5,6208.5,4847.7,1288.1,232.8
2026-08-30 02:30:00,589.2,305.5,831.7,502.7,592.0,72.7,2.0,75.8,267.3,37.6,275.3,1644.3,4071.3,7490.5,1950.0,1821.6,140.4,38.3,1125.9,523.5,453.2,311.0,4485.9,5642.3,1965.1,989.8,3515.3,1259.6,2584.3,1334.0,1490.6,2495.7,1004.0,1005.1,918.4,1726.8,1257.7,3092.3,6182.5,4848.2,1280.2,228.1
2026-08-30 02:45:00,585.8,303.4,827.6,503.7,585.2,75.3,2.0,75.8,267.7,34.5,251.1,1641.9,4071.6,7562.6,1950.6,1817.5,142.6,38.3,1125.9,504.5,452.0,302.5,4478.8,5651.8,1955.8,984.0,3510.9,1259.2,2584.8,1334.6,1489.0,2497.3,999.5,996.1,918.8,1711.5,1261.9,3064.9,6160.3,4853.3,1277.1,218.9
2026-08-30 03:00:00,594.3,290.0,828.1,503.2,591.4,166.8,1.0,84.6,273.3,35.6,112.5,1663.2,4045.9,7728.5,2108.9,1796.5,138.4,38.1,1013.2,514.8,438.8,335.4,4398.1,5637.9,1926.7,985.0,3467.2,1318.4,2582.9,1259.4,1480.6,2465.6,991.7,1058.9,916.7,1736.1,1221.1,3011.3,6097.6,4847.1,1287.1,200.8
2026-08-30 03:15:00,590.5,291.0,827.5,504.3,590.8,167.5,1.0,84.6,266.4,29.5,101.4,1657.4,4017.2,7736.5,2092.6,1779.7,141.2,37.7,1012.3,473.6,435.7,335.8,4398.3,5645.6,1920.5,982.2,3467.2,1318.2,2583.2,1258.9,1481.3,2464.8,989.2,968.2,917.3,1727.0,1233.3,2997.0,6082.9,4848.2,1282.3,196.5
2026-08-30 03:30:00,592.3,293.9,828.9,505.0,587.3,168.3,1.0,85.6,272.8,27.8,112.0,1656.1,4018.8,7709.6,2096.4,1767.7,141.5,57.1,1011.6,464.4,435.2,327.9,4394.1,5652.1,1912.4,979.0,3462.5,1318.1,2580.5,1260.2,1477.5,2465.3,986.0,938.4,917.2,1717.7,1238.5,2980.8,6064.7,4854.0,1277.2,192.6
2026-08-30 03:45:00,592.6,299.4,828.9,510.4,585.8,168.7,1.0,84.6,271.3,27.1,98.1,1650.5,4018.1,7657.7,2106.2,1740.9,143.5,36.6,1021.6,444.5,431.2,336.5,4379.8,5656.8,1906.5,976.3,3462.8,1317.8,2579.2,1260.6,1474.0,2466.6,984.3,940.7,917.3,1710.2,1240.4,2959.8,6047.8,4856.5,1276.5,186.9
2026-08-30 04:00:00,597.5,295.8,838.0,512.0,585.6,169.0,3.8,84.5,264.9,22.7,165.2,1649.7,3996.2,7872.1,2134.2,1736.4,139.2,55.6,1009.5,449.0,434.0,347.7,4389.9,5670.3,1891.0,996.9,3445.9,1279.4,2575.6,1255.6,1462.3,2444.8,978.0,906.6,911.8,1697.2,1239.0,2947.6,6055.4,4863.9,1261.8,196.8
2026-08-30 04:15:00,593.1,300.9,842.5,517.4,581.3,169.3,1.5,84.3,267.3,21.2,160.7,1645.5,3975.1,7874.2,2150.2,1726.9,141.3,56.6,1017.6,437.2,427.8,362.9,4385.0,5672.6,1888.5,997.0,3447.5,1279.3,2576.1,1255.9,1461.9,2448.8,977.4,902.6,912.3,1690.2,1234.5,2935.1,6044.2,4861.8,1263.1,190.4
2026-08-30 04:30:00,590.1,299.1,847.6,522.5,581.7,169.9,1.5,84.3,265.4,21.2,162.8,1643.0,3981.7,7948.3,2099.1,1728.9,141.3,57.5,1015.7,433.2,423.4,379.9,4372.9,5671.7,1882.0,997.0,3448.3,1279.3,2575.5,1256.3,1461.4,2453.9,976.9,897.7,910.7,1682.5,1229.9,2921.2,6029.2,4863.9,1264.4,183.9
2026-08-30 04:45:00,588.4,296.5,849.6,529.3,587.5,170.2,1.0,84.8,269.0,21.2,162.2,1639.3,3971.8,8022.9,2091.5,1736.7,141.5,58.4,1016.5,425.3,419.9,399.1,4345.4,5675.1,1874.0,996.2,3463.6,1279.3,2575.9,1257.2,1461.8,2461.9,975.8,904.4,910.4,1673.0,1222.1,2904.0,6014.1,4867.9,1261.4,178.9
2026-08-30 05:00:00,594.9,278.9,854.7,516.1,596.9,169.8,13.4,87.3,230.3,27.4,180.4,1630.3,4013.9,8108.5,2014.7,1705.2,136.0,59.6,1024.9,446.1,407.9,426.2,4329.2,5856.2,1877.7,1021.0,3381.2,1254.0,2576.4,1252.1,1458.3,2477.1,978.0,875.9,907.5,1681.3,1216.2,2691.8,6014.7,4825.0,1270.5,158.4
2026-08-30 05:15:00,592.1,298.7,856.5,518.5,598.7,170.5,12.3,92.4,232.7,27.1,175.7,1624.2,4095.2,8163.8,2031.3,1687.6,136.0,60.2,1035.1,429.3,401.8,441.9,4282.7,5841.1,1877.9,1020.9,3388.5,1254.0,2576.2,1251.7,1460.4,2485.6,977.7,884.1,907.3,1671.1,1211.0,2687.0,6015.0,4804.3,1272.7,162.5
2026-08-30 05:30:00,595.6,293.7,855.0,509.8,603.5,175.4,12.3,92.3,234.7,27.1,178.1,1617.8,4181.3,8237.3,2045.1,1738.7,136.0,60.8,1037.9,415.2,398.7,462.7,4247.8,5870.7,1879.1,1020.0,3389.0,1253.7,2573.7,1252.9,1459.3,2492.3,979.6,887.5,907.0,1660.8,1209.1,2683.1,6016.3,4832.0,1276.7,163.1
2026-08-30 05:45:00,598.3,301.0,854.5,517.8,610.7,181.8,12.4,92.3,238.0,27.1,177.4,1611.3,4191.8,8283.8,2038.0,1735.7,116.0,41.2,1032.7,404.8,395.1,486.2,4252.7,5905.1,1875.0,1020.1,3382.8,1253.8,2576.3,1251.6,1459.3,2497.0,977.5,877.5,909.9,1652.4,1207.8,2677.0,5983.4,4807.4,1280.3,165.6
2026-08-30 06:00:00,599.3,307.5,847.6,526.2,619.5,188.9,1.7,102.3,221.0,22.8,202.6,1593.5,4274.5,8501.3,2112.8,1687.0,110.3,51.1,995.8,536.6,405.8,507.0,4250.2,5930.0,1877.1,1017.1,3411.9,1499.1,2561.8,1242.4,1477.2,2508.4,975.5,900.7,916.8,1676.0,1215.7,2659.4,6036.3,4772.7,1295.8,155.9
2026-08-30 06:15:00,602.8,309.3,844.2,525.6,620.8,196.0,1.1,102.4,224.4,26.4,205.8,1590.2,4311.8,8538.0,2115.3,1678.3,108.8,52.5,974.4,389.7,402.8,538.2,4216.8,5911.3,1882.4,1016.2,3412.1,1503.7,2564.3,1243.3,1473.1,2506.0,976.0,900.3,921.7,1665.0,1219.0,2651.8,6039.2,4774.9,1298.2,159.7
2026-08-30 06:30:00,607.2,313.7,833.8,526.7,617.9,204.5,1.1,102.7,227.8,27.5,201.7,1588.6,4505.8,8669.1,2068.2,1671.5,105.4,53.7,972.7,389.7,399.7,571.0,4126.0,5889.7,1894.6,1017.9,3417.7,1503.7,2566.4,1243.8,1477.6,2515.1,975.6,900.2,925.1,1652.6,1225.5,2640.7,6050.3,4773.7,1296.0,163.8
2026-08-30 06:45:00,605.9,301.3,824.8,540.8,616.5,219.3,1.1,103.3,225.5,27.5,200.6,1585.0,4766.3,8837.1,2040.5,1669.8,102.8,55.1,1141.1,390.2,408.1,602.1,4139.0,5946.5,1907.3,1017.7,3425.1,1503.9,2576.5,1244.8,1478.8,2515.6,978.1,900.0,931.5,1648.8,1233.9,2695.9,6081.2,4770.9,1305.6,165.6
2026-08-30 07:00:00,630.3,309.0,822.3,512.9,629.6,146.3,3.4,61.8,229.4,27.1,186.6,1600.6,4813.6,9027.7,2051.2,1606.5,113.6,55.7,1051.1,355.4,422.7,655.2,4228.1,6027.0,1960.9,1010.3,3475.9,1513.9,2587.8,1316.8,1497.7,2581.3,991.2,978.7,934.9,1719.6,1252.3,2737.5,6153.6,4759.4,1314.0,165.1
2026-08-30 07:15:00,636.0,311.4,790.4,505.2,634.6,169.8,3.4,62.2,225.3,17.2,196.6,1585.7,4840.9,8864.8,2067.2,1578.5,104.3,55.1,1058.2,342.1,422.0,658.0,4247.2,6047.9,1984.8,1013.7,3482.3,1513.9,2594.7,1325.3,1501.0,2596.1,994.6,1115.7,938.1,1706.4,1265.7,2731.2,6203.5,4760.2,1330.5,169.1
2026-08-30 07:30:00,647.2,320.1,749.0,520.1,638.4,198.2,3.4,67.7,220.4,14.1,194.4,1581.3,4856.5,8750.8,2076.5,1566.5,120.9,54.5,1075.7,331.1,422.4,666.7,4265.5,6072.2,2001.7,1036.9,3509.0,1514.2,2598.3,1328.9,1504.0,2606.2,1000.2,1128.8,938.8,1694.0,1281.1,2732.3,6237.8,4752.4,1341.6,179.2
2026-08-30 07:45:00,644.4,325.8,704.9,512.5,646.1,227.0,12.2,63.3,209.2,12.5,205.9,1575.9,4936.3,8915.2,2072.1,1576.1,122.0,54.0,1110.5,311.8,437.7,692.3,4283.8,6138.0,2017.2,1007.0,3521.5,1514.4,2615.9,1314.7,1511.1,2603.3,1004.8,988.8,945.0,1684.1,1296.4,2727.4,6268.7,4751.9,1361.7,183.7
2026-08-30 08:00:00,660.6,326.9,888.5,469.3,650.8,262.3,50.6,15.2,226.4,2.1,348.1,1608.9,5212.2,8952.2,2188.9,1520.1,0.0,134.3,1188.1,432.2,465.3,729.4,4360.7,6170.0,2066.9,1048.5,3551.1,1443.5,2628.2,1477.1,1539.2,2702.8,1008.9,1305.1,941.5,1764.4,1317.8,2621.8,6387.7,4676.8,1396.8,203.6
2026-08-30 08:15:00,658.6,335.3,856.3,497.3,657.6,293.2,53.2,19.7,215.0,7.4,374.8,1611.6,5239.8,9039.4,2206.6,1532.7,20.6,130.0,1193.8,361.5,468.8,741.6,4383.8,6226.0,2091.6,1031.8,3564.5,1443.8,2638.0,1474.8,1541.2,2719.0,1013.5,1305.3,942.1,1754.3,1330.9,2613.0,6448.9,4678.3,1413.1,209.4
2026-08-30 08:30:00,673.6,337.6,836.5,498.9,665.8,302.5,63.2,10.4,205.6,14.5,389.3,1619.9,5278.8,9079.1,2201.3,1415.0,47.5,129.6,1230.4,290.3,486.9,715.8,4393.6,6058.7,2120.4,991.8,3572.3,1370.5,2643.4,1461.6,1544.1,2827.5,1020.3,1211.9,941.3,1742.4,1339.2,2525.1,6512.6,4666.3,1424.7,217.6
2026-08-30 08:45:00,691.5,322.8,807.6,523.8,685.9,276.1,71.1,11.3,198.4,23.5,394.9,1637.3,5350.2,9013.8,2189.3,1339.9,83.4,109.0,1308.8,273.6,525.8,722.5,4413.2,5896.2,2136.9,974.0,3583.0,1370.8,2653.9,1456.3,1548.0,2662.1,1026.8,1058.5,949.4,1728.6,1341.3,2500.8,6612.4,4655.3,1446.6,226.3
2026-08-30 09:00:00,747.6,344.2,831.4,553.4,722.4,310.3,67.8,19.1,182.8,34.2,378.3,1782.8,5551.1,8791.9,2111.1,1336.6,0.0,150.5,1389.3,288.1,493.2,734.2,4518.1,5925.6,2200.7,1026.7,3619.2,1398.2,2685.0,1236.5,1580.4,2928.1,929.0,1142.7,964.4,1676.7,1342.3,2372.6,6720.0,4631.5,1469.0,229.0
2026-08-30 09:15:00,779.1,361.3,803.0,602.8,721.5,345.8,69.1,19.7,169.3,42.8,386.4,1814.2,5621.1,8648.4,2089.2,1269.7,0.0,151.5,1397.1,294.7,491.5,748.0,4538.9,5909.5,2242.8,1026.0,3637.4,1398.5,2695.4,1235.0,1588.1,2998.8,932.1,1217.2,968.8,1660.6,1344.5,2369.7,6766.1,4629.7,1480.5,234.8
2026-08-30 09:30:00,774.7,377.0,770.9,659.6,723.7,365.0,73.0,20.2,158.1,53.0,390.8,1846.4,5646.7,7854.2,2099.5,1292.9,0.1,162.4,1419.0,311.7,491.9,757.6,4561.5,5867.4,2253.6,1028.2,3644.8,1398.9,2701.8,1235.5,1584.1,2959.6,943.9,1251.3,973.5,1644.5,1350.7,2361.6,6816.7,4629.0,1478.1,240.1
2026-08-30 09:45:00,767.1,393.1,735.9,711.4,718.6,403.1,79.0,18.4,170.5,61.6,394.4,1883.3,6032.8,5603.7,2088.3,1249.6,0.0,186.5,1442.1,321.8,509.9,775.3,4586.2,5867.3,2277.2,1027.3,3657.9,1410.0,2710.3,1234.9,1587.1,3021.2,949.1,1291.6,976.9,1627.3,1360.4,2358.6,6870.1,4625.0,1487.2,246.1
2026-08-30 10:00:00,733.7,408.4,930.1,780.6,719.0,475.1,72.5,38.8,182.7,73.3,606.9,1775.5,5563.4,8034.7,2080.8,1189.2,0.0,188.0,1578.8,359.1,519.8,792.4,4631.6,5912.8,2339.0,1051.5,3698.0,1435.8,2726.3,1278.5,1609.5,3072.1,955.9,1405.6,981.8,1614.3,1373.6,2288.9,6885.0,4613.0,1484.9,253.0
2026-08-30 10:15:00,733.6,403.1,902.0,835.5,712.7,498.8,75.3,39.2,179.8,84.5,611.5,1738.8,5624.8,7850.9,2060.4,1202.7,0.0,187.0,1580.6,388.5,524.3,801.9,4644.4,5877.4,2355.4,1053.9,3711.4,1460.7,2733.7,1277.1,1615.8,3068.1,963.4,1422.7,984.0,1599.4,1377.8,2281.7,6914.0,4610.4,1483.5,260.5
2026-08-30 10:30:00,698.4,398.2,863.2,897.3,712.8,486.2,84.1,39.6,180.0,95.4,619.6,1594.3,5642.9,7054.9,2071.3,1223.5,0.0,193.8,1593.2,418.6,528.3,809.8,4657.3,5812.2,2370.6,1053.2,3711.1,1463.2,2734.6,1277.8,1613.9,3044.3,964.8,1438.4,987.5,1584.3,1375.7,2273.2,6984.6,4607.0,1478.0,266.8
2026-08-30 10:45:00,684.0,405.7,834.6,953.7,706.9,483.7,83.3,39.8,178.8,104.4,616.5,1553.5,5685.1,7093.7,2041.3,1240.9,0.0,191.0,1605.5,437.9,537.9,820.3,4660.8,5758.0,2388.5,1053.6,3711.7,1465.2,2740.8,1278.4,1616.4,2982.3,959.4,1454.5,989.7,1571.6,1363.2,2268.2,7000.7,4607.3,1483.2,273.9
2026-08-30 11:00:00,685.1,443.7,818.2,1002.6,695.5,587.0,45.5,44.3,143.1,115.4,437.7,1563.0,5718.4,5829.0,1990.0,1202.5,34.2,162.7,1613.3,342.8,525.9,830.4,4697.3,5805.1,2417.9,1045.7,3705.5,1450.0,2743.2,1322.8,1591.0,3095.3,974.0,1410.3,1020.0,1569.0,1346.5,2145.2,7000.7,4613.8,1484.8,284.6
2026-08-30 11:15:00,691.3,450.5,806.5,1039.3,692.1,602.8,45.0,40.6,141.4,130.4,439.0,1563.7,5769.2,5919.2,1974.4,1235.2,34.6,160.0,1606.5,366.6,527.0,837.1,4709.2,5751.8,2430.9,1046.1,3693.1,1446.3,2748.5,1323.7,1593.0,3089.3,967.0,1408.8,1027.1,1564.7,1331.1,2141.1,7013.8,4615.9,1489.4,296.2
2026-08-30 11:30:00,683.8,443.1,795.4,1070.9,689.3,591.7,56.0,36.5,141.3,147.1,456.9,1573.4,5761.4,5763.1,1955.1,1236.2,34.9,175.2,1604.7,387.2,528.3,842.6,4719.8,5662.3,2429.2,1046.5,3696.3,1449.5,2749.4,1325.2,1594.9,3057.6,970.7,1409.5,1034.7,1560.9,1323.9,2132.4,7036.5,4616.8,1493.0,307.1
2026-08-30 11:45:00,676.6,442.5,784.0,1102.3,688.3,602.4,51.5,36.8,140.8,155.1,476.5,1572.7,5847.9,5421.6,1931.9,1256.5,35.3,172.3,1598.2,413.8,535.5,842.2,4722.4,5621.6,2434.2,1046.9,3704.4,1460.9,2755.3,1327.0,1597.4,3056.7,974.9,1417.7,1036.7,1555.8,1323.5,2134.7,7078.3,4614.9,1501.2,317.0
2026-08-30 12:00:00,675.9,457.9,773.9,1134.4,685.8,661.9,43.5,61.7,155.0,185.6,445.5,1595.8,6444.3,5003.2,1953.2,1296.4,40.6,179.8,1622.5,440.2,570.1,848.2,4733.4,5610.9,2421.3,1050.2,3712.1,1443.0,2758.8,1264.0,1588.7,3072.0,978.7,1462.9,1040.1,1540.1,1328.7,2079.9,7141.4,4610.4,1513.1,324.9
2026-08-30 12:15:00,699.6,462.6,774.7,1154.4,682.9,668.9,53.3,61.7,153.0,233.1,438.1,1595.2,6495.9,4967.4,1933.7,1319.8,39.7,179.0,1616.8,468.2,572.9,849.1,4742.5,5588.7,2427.3,1050.4,3692.1,1439.5,2759.7,1266.4,1589.3,3069.5,965.1,1438.0,1035.9,1536.8,1333.2,2074.3,7169.0,4606.7,1517.3,339.6
2026-08-30 12:30:00,701.7,459.6,776.8,1166.8,681.1,664.8,45.3,61.7,152.2,192.0,478.5,1600.0,6499.0,4917.7,1908.4,1342.5,38.7,158.6,1610.0,495.4,573.8,849.7,4746.1,5529.1,2430.8,1050.7,3704.8,1447.6,2757.4,1267.7,1590.4,3065.4,982.5,1461.5,1037.7,1533.4,1329.8,2067.5,7181.1,4601.9,1518.1,348.4
2026-08-30 12:45:00,699.2,466.0,784.7,1175.9,679.8,612.7,48.4,61.6,151.0,153.5,469.8,1602.3,6566.8,4752.6,1879.9,1363.2,37.7,158.4,1593.3,514.9,568.6,853.7,4747.7,5470.8,2441.2,1050.7,3702.3,1450.7,2762.3,1268.9,1597.1,3061.6,976.4,1464.0,1040.9,1530.8,1323.7,2064.5,7213.5,4598.2,1518.4,357.0
2026-08-30 13:00:00,700.7,441.7,763.4,1184.6,663.5,611.8,76.0,81.5,210.8,161.6,494.6,1597.4,6344.8,4756.3,1869.5,1348.1,36.8,154.5,1610.1,538.7,567.8,854.6,4751.5,5394.0,2423.2,1048.1,3681.1,1469.8,2758.6,1276.1,1588.6,3061.1,966.6,1464.9,1042.6,1546.8,1314.7,2037.8,7312.8,4686.1,1500.1,366.6
2026-08-30 13:15:00,733.9,440.8,774.5,1182.4,663.1,605.4,76.8,81.5,211.4,131.3,512.4,1603.0,6352.4,4656.0,1873.2,1354.9,36.1,154.5,1605.3,567.3,567.4,857.7,4760.1,5303.2,2427.7,1048.2,3674.5,1471.1,2760.2,1277.7,1587.5,3060.4,969.4,1464.8,1039.9,1545.6,1306.4,2035.8,7300.5,4685.6,1496.5,373.2
2026-08-30 13:30:00,736.7,438.2,783.0,1174.8,662.2,597.4,67.7,81.4,217.6,130.3,510.0,1609.6,6346.9,4553.6,1864.7,1360.1,35.4,154.4,1603.7,598.1,574.9,866.7,4768.1,5258.1,2428.6,1048.3,3674.3,1471.3,2758.5,1279.1,1587.2,3059.5,969.1,1463.0,1043.4,1542.4,1303.3,2033.0,7327.8,4680.8,1492.1,377.6
2026-08-30 13:45:00,727.6,436.7,816.8,1162.6,661.7,590.3,67.3,81.2,216.8,128.9,483.0,1611.9,6370.9,4471.7,1861.2,1366.7,34.7,154.4,1607.3,627.4,574.8,873.9,4770.3,5210.8,2441.0,1048.1,3667.3,1471.8,2759.4,1280.0,1590.1,3058.7,964.9,1462.2,1039.5,1540.9,1303.0,2033.0,7329.5,4674.3,1487.2,377.9
2026-08-30 14:00:00,781.9,447.9,817.6,1161.5,660.6,579.8,47.0,47.0,204.7,125.2,484.4,1623.0,6373.8,4313.6,1830.9,1372.3,91.2,22.4,1690.5,671.5,552.2,883.7,4778.6,5211.0,2432.3,1054.4,3664.7,1458.1,2761.9,1283.8,1588.8,3054.3,967.7,1402.9,1039.3,1541.9,1311.0,2081.5,7331.1,4657.1,1510.8,380.2
2026-08-30 14:15:00,789.3,433.6,842.0,1144.0,664.3,617.6,44.9,46.9,206.5,122.2,476.7,1618.0,6301.5,4346.7,1825.3,1385.4,91.1,22.4,1659.1,695.6,549.9,892.6,4815.8,5157.8,2449.1,1054.2,3670.9,1465.4,2765.2,1284.7,1593.5,3054.8,978.5,1428.7,1035.8,1541.2,1312.9,2082.3,7315.4,4652.2,1511.6,385.2
2026-08-30 14:30:00,799.1,430.8,867.8,1133.6,667.3,599.8,31.0,51.8,208.8,117.5,476.8,1618.9,6312.7,4301.0,1798.7,1406.9,91.1,22.3,1651.3,717.5,547.2,895.9,4817.5,5190.0,2443.0,1054.0,3668.1,1466.4,2763.6,1285.6,1590.1,3054.3,983.0,1421.8,1038.7,1540.4,1313.1,2084.9,7316.1,4641.7,1510.6,386.7
2026-08-30 14:45:00,748.8,444.2,895.0,1122.0,675.1,588.8,30.8,46.6,212.1,107.2,476.7,1619.8,6204.8,4226.1,1802.2,1416.2,91.0,15.1,1660.1,729.2,533.9,892.0,4822.9,5178.0,2446.0,1053.9,3664.3,1466.8,2768.1,1286.3,1587.9,3074.4,973.0,1411.7,1037.3,1539.8,1312.2,2092.3,7325.3,4625.9,1509.0,394.9
2026-08-30 15:00:00,749.6,416.4,699.1,1098.6,671.9,504.3,34.2,23.1,207.6,96.5,443.9,1611.7,5675.9,4973.6,1888.5,1396.0,33.7,120.9,1727.7,668.4,551.6,877.1,4838.3,5009.0,2469.6,1008.6,3663.0,1545.0,2765.4,1378.2,1541.2,3112.0,979.5,1312.0,1042.6,1638.4,1308.0,2227.7,7209.9,4490.2,1455.2,390.4
2026-08-30 15:15:00,729.2,422.0,730.1,1050.5,679.4,533.7,21.8,22.6,211.7,92.0,436.3,1612.4,5563.9,5229.0,1895.7,1381.7,37.7,106.7,1718.3,667.3,535.0,875.4,4828.5,5006.7,2489.7,1007.8,3653.0,1547.7,2767.0,1378.5,1548.4,3131.8,978.0,1317.4,1044.9,1637.8,1310.8,2235.3,7196.1,4480.8,1454.1,398.3
2026-08-30 15:30:00,718.4,426.7,734.0,988.7,676.7,529.4,21.0,22.1,185.8,99.7,432.1,1608.2,5539.7,5189.0,1908.9,1350.0,43.5,106.7,1715.9,651.3,534.9,855.0,4849.6,5025.2,2497.7,1006.9,3653.7,1553.1,2762.0,1379.2,1520.7,3196.8,993.2,1330.5,1047.8,1637.6,1319.4,2309.4,7218.3,4465.9,1460.9,395.7
2026-08-30 15:45:00,721.4,431.9,751.2,927.3,684.9,516.2,9.0,26.0,188.4,129.4,425.4,1728.4,5489.9,5321.9,1914.2,1333.5,53.6,106.7,1724.3,703.0,543.4,788.3,4831.1,5077.8,2514.7,1006.4,3653.1,1557.2,2768.9,1389.3,1503.6,3268.9,996.9,1341.2,1049.9,1637.6,1332.3,2337.3,7258.3,4453.4,1463.9,401.6
2026-08-30 16:00:00,740.6,388.7,589.6,861.3,717.0,415.1,24.6,48.1,163.6,53.3,672.6,1898.3,5910.3,4059.9,1946.1,1308.1,20.0,141.5,1757.0,717.6,564.4,439.0,4955.9,4744.9,2548.5,1004.7,3623.0,1510.0,2779.5,1600.7,1569.9,3131.6,983.2,1273.5,1062.9,2393.8,1358.3,2799.7,7337.8,4505.1,1468.5,402.8
2026-08-30 16:15:00,713.3,397.0,624.1,808.8,705.8,405.9,5.3,50.0,153.2,132.7,667.7,1888.8,5428.7,5389.3,1955.0,1336.8,22.4,139.5,1587.2,663.5,555.3,510.4,4945.9,4793.4,2564.3,1003.7,3622.7,1540.0,2782.8,1601.0,1555.9,3174.1,997.1,1273.4,1065.9,2394.1,1378.6,2882.9,7397.4,4506.0,1482.9,395.0
2026-08-30 16:30:00,721.0,398.8,656.4,755.6,715.2,379.3,5.3,51.9,157.9,117.4,670.2,1850.8,5379.9,6037.5,2004.9,1294.5,31.3,137.1,1570.1,979.7,557.9,863.5,4927.1,4841.5,2575.6,1003.0,3591.9,1617.8,2782.8,1615.4,1520.5,3250.7,997.9,1601.6,1071.9,2394.7,1396.6,2928.0,7438.1,4515.4,1500.0,387.6
2026-08-30 16:45:00,726.0,401.1,724.9,727.2,724.4,329.5,5.3,53.3,159.9,103.1,669.8,1882.8,5273.5,6156.9,2080.6,1423.1,36.4,134.6,1556.6,1185.8,550.4,876.3,4926.6,4977.1,2586.9,1002.1,3585.1,1624.1,2787.5,1623.0,1527.3,3246.5,994.2,1736.1,1080.8,2395.1,1418.8,3054.6,7492.9,4554.7,1513.8,376.7
2026-08-30 17:00:00,771.8,338.8,837.6,670.2,751.5,535.0,13.9,84.8,196.9,57.9,393.7,1887.4,5304.6,6025.4,1884.2,1382.6,158.7,111.0,1801.5,1110.8,614.2,866.8,4970.2,4897.2,2605.1,975.8,3585.7,1622.6,2778.0,1833.5,1655.5,2946.7,998.9,1437.0,1097.1,3439.7,1445.4,3783.0,7612.9,4504.6,1545.7,352.4
2026-08-30 17:15:00,755.0,342.2,898.5,682.7,739.4,543.5,3.3,84.1,211.5,56.5,392.2,1877.4,5252.0,5779.3,1930.6,1414.8,166.7,110.2,1589.4,1175.7,565.7,881.0,4978.1,5077.1,2626.5,975.3,3580.5,1635.0,2782.2,1847.8,1654.2,3134.4,996.4,1755.4,1107.3,3441.7,1460.4,3916.4,7629.2,4531.5,1557.2,340.6
2026-08-30 17:30:00,760.9,338.8,968.5,716.4,742.2,503.5,2.9,85.5,215.3,44.8,397.3,1860.8,4629.1,5705.9,1939.4,1362.0,159.7,89.3,1557.4,1212.7,552.2,888.8,4997.0,5230.1,2618.7,974.6,3559.9,1699.6,2755.9,1969.0,1657.7,3144.5,996.8,2073.6,1106.7,3443.6,1470.2,4088.5,7674.0,4659.8,1569.6,332.2
2026-08-30 17:45:00,756.4,344.0,1025.5,718.5,738.9,460.5,3.3,82.4,236.3,46.1,417.4,1852.5,4296.6,5691.9,1958.6,1401.2,125.3,108.4,1525.4,1408.6,521.8,920.9,5016.6,5255.9,2631.3,974.0,3543.2,2004.1,2762.2,2031.2,1656.5,3160.9,1003.0,2389.9,1111.6,3444.5,1479.6,4094.1,7725.3,4781.8,1576.0,320.8
2026-08-30 18:00:00,755.3,400.7,1070.1,957.0,743.8,514.7,1.0,76.3,189.4,53.0,234.1,1795.0,4133.1,4809.0,1747.1,1320.5,157.2,61.4,1517.6,1387.2,517.1,910.6,5059.1,5193.8,2638.8,1136.4,3482.3,2229.4,2813.0,2085.9,1671.7,3189.4,1042.3,2637.4,1119.1,3512.0,1484.4,4157.5,7773.2,4749.4,1579.4,345.0
2026-08-30 18:15:00,764.1,413.0,1104.5,996.1,747.2,500.3,1.1,82.8,205.2,59.0,206.3,1768.0,4051.2,4613.6,1747.5,1391.2,150.1,62.0,1341.6,1583.8,479.6,908.5,5063.4,5168.0,2651.0,1224.9,3416.0,2590.9,2817.0,2087.9,1663.3,3190.7,1040.1,2801.7,1118.4,3513.7,1486.4,4162.1,7791.6,4816.5,1579.9,348.7
2026-08-30 18:30:00,771.8,421.1,1131.8,1015.2,763.6,515.8,1.1,75.4,229.4,58.1,189.9,1765.0,3738.7,4915.4,1768.3,1438.9,152.1,65.4,1339.3,1572.4,484.5,901.7,5070.9,5169.8,2658.0,1225.4,3359.0,3244.8,2818.0,2085.5,1661.9,3189.7,1048.4,2777.6,1120.5,3515.7,1482.1,4165.9,7802.2,4849.9,1587.8,342.0
2026-08-30 18:45:00,775.7,406.9,1149.2,1085.3,781.3,508.8,1.1,76.1,252.7,103.3,178.9,1757.1,3152.0,4038.7,1811.1,1541.1,112.1,63.3,1368.7,1731.9,467.7,922.2,5062.2,5185.3,2666.8,1215.9,3335.5,3933.2,2822.3,2075.8,1663.4,3184.9,1046.0,2760.9,1115.6,3517.5,1479.0,4154.6,7816.7,4887.6,1589.1,337.1
2026-08-30 19:00:00,781.3,425.1,1160.5,1130.5,781.4,550.1,2.0,83.5,258.9,29.4,189.7,1673.8,3094.8,3694.8,1605.6,1597.5,122.4,53.9,1612.6,1518.1,498.4,882.9,5033.0,5064.7,2663.7,1183.4,3312.5,3845.1,2824.3,2059.0,1662.0,3186.6,1059.6,2835.7,1116.1,3529.2,1467.8,4070.4,7849.1,4980.1,1594.5,405.2
2026-08-30 19:15:00,791.6,417.7,1163.1,1161.3,789.9,555.3,2.0,81.6,277.2,25.9,181.4,1651.9,3085.1,3439.9,1609.6,1494.3,122.4,33.8,1445.6,1566.8,491.7,889.4,5027.6,5081.0,2676.7,1183.6,3320.6,4119.0,2832.4,2053.4,1665.6,3183.6,1064.9,2844.3,1110.4,3531.5,1461.5,4079.4,7853.0,4984.8,1599.6,406.2
2026-08-30 19:30:00,794.8,409.4,1161.1,1192.2,796.5,553.5,2.0,81.5,291.2,112.5,181.3,1624.9,3083.6,3373.1,1564.3,1460.2,122.4,33.8,1445.4,1400.0,491.5,882.1,5015.5,5058.9,2680.4,1184.8,3344.1,4414.8,2832.4,2039.6,1671.9,3187.0,1067.1,2840.1,1105.8,3534.0,1459.5,4081.8,7852.0,4981.7,1602.1,404.9
2026-08-30 19:45:00,802.8,406.0,1159.4,1241.0,804.9,553.1,2.0,84.7,301.1,112.0,180.4,1630.1,3082.1,3453.1,1578.2,1495.0,132.6,33.7,1434.8,1529.7,483.0,878.2,5008.6,5062.4,2690.3,1186.6,3347.4,4777.0,2842.2,2049.1,1665.6,3170.7,1067.1,2826.7,1095.4,3536.5,1458.7,4091.2,7846.7,4946.9,1599.3,397.5
2026-08-30 20:00:00,807.9,420.1,1158.8,1341.5,789.8,556.1,12.0,79.3,304.2,96.7,499.7,1578.8,3078.7,2982.1,1629.9,1428.4,144.1,29.6,1487.0,1432.4,525.4,828.4,4973.7,5011.7,2696.1,1194.6,3435.2,5234.0,2841.7,2033.9,1690.6,3201.4,1079.0,2855.2,1086.4,3523.9,1461.0,4012.1,7853.4,4973.5,1603.6,343.2
2026-08-30 20:15:00,802.2,391.5,1155.2,1368.9,797.4,546.4,12.0,79.3,304.5,97.4,489.3,1584.7,3063.9,3065.0,1535.4,1338.4,161.5,29.6,1438.1,1417.3,491.6,797.1,4954.8,5002.3,2704.3,1193.0,3437.6,5249.0,2844.4,2031.4,1693.0,3195.1,1079.5,2850.5,1072.3,3525.5,1461.5,3998.0,7840.9,4987.4,1593.7,339.8
2026-08-30 20:30:00,795.8,377.6,1140.6,1403.6,796.1,539.2,12.0,79.4,307.2,104.2,471.7,1590.0,3069.3,3026.3,1398.1,1237.8,130.9,29.6,1417.3,1395.0,473.0,779.7,4934.8,4993.4,2702.9,1190.9,3442.8,5253.7,2865.3,1950.1,1699.8,3168.5,1064.4,2898.2,1066.4,3526.4,1460.0,3984.0,7828.2,4940.3,1594.7,337.2
2026-08-30 20:45:00,795.7,361.4,1113.9,1413.7,789.3,540.8,12.0,93.8,308.6,111.4,471.4,1597.6,3062.0,2959.3,1422.0,1297.9,122.9,29.6,1400.0,1438.8,478.3,798.2,4910.7,5003.0,2712.5,1191.1,3447.8,5259.1,2866.5,1945.3,1695.4,3149.7,1083.1,2929.1,1059.4,3527.6,1458.9,3969.4,7808.3,4858.0,1587.9,333.2
2026-08-30 21:00:00,770.8,367.0,1076.4,1416.4,780.5,450.5,2.2,49.2,300.5,112.4,536.1,1643.9,2955.3,2965.6,1377.0,1289.8,152.6,33.0,1388.6,1367.8,472.1,747.1,4889.0,4890.3,2713.1,1190.8,3479.1,5298.4,2844.3,2032.4,1693.1,3158.6,1074.7,2847.9,1052.0,3506.6,1453.3,3954.2,7670.5,4839.5,1569.2,309.1
2026-08-30 21:15:00,762.2,359.1,1036.2,1396.3,773.8,441.7,2.2,49.1,299.0,112.9,518.9,1648.1,2946.5,2927.6,1378.3,1250.4,121.7,33.0,1385.1,1346.7,482.2,716.3,4926.6,4906.5,2709.2,1160.0,3467.4,5287.2,2845.9,2032.6,1693.9,3159.8,1071.1,2871.7,1046.7,3507.5,1448.5,3952.0,7611.8,4735.6,1550.7,309.9
2026-08-30 21:30:00,752.5,296.9,990.8,1348.5,758.7,436.1,2.2,49.2,299.1,88.8,510.0,1649.3,2954.4,2721.7,1413.1,1249.7,122.1,33.0,1383.7,1316.8,486.2,669.2,4918.4,4888.7,2695.7,1160.3,3471.9,5292.9,2840.7,1984.9,1696.9,3146.5,1073.2,2886.4,1041.2,3508.1,1445.1,3935.0,7539.6,4704.6,1537.7,313.2
2026-08-30 21:45:00,750.4,295.5,942.9,1340.7,749.0,437.0,3.0,49.2,297.5,48.2,499.7,1631.4,2957.1,2293.0,1386.6,1231.9,128.4,33.0,1395.0,1291.1,505.6,631.0,4901.4,4866.0,2689.0,1160.5,3459.3,5281.6,2861.9,1937.2,1698.9,3128.8,1069.5,2917.3,1039.2,3507.9,1438.4,3893.1,7470.2,4655.5,1513.7,310.2
2026-08-30 22:00:00,721.2,319.5,893.7,1184.6,717.7,229.4,2.0,62.5,281.8,91.9,511.0,1623.5,2826.7,2558.4,1343.8,1344.4,97.5,72.8,1310.0,1246.6,492.4,603.0,4752.4,4963.9,2622.4,1175.2,3435.1,5269.9,2820.1,2021.9,1619.3,3161.3,1068.7,2755.7,1031.5,2982.4,1421.9,3773.2,7337.7,4747.8,1478.9,325.3
2026-08-30 22:15:00,711.2,321.6,869.2,1153.0,702.8,228.9,2.0,61.3,288.0,31.0,482.1,1616.5,2829.3,2421.1,1338.2,1311.0,107.0,54.0,1316.3,1199.8,492.1,546.0,4707.8,4892.2,2595.7,1174.2,3419.4,5255.5,2815.6,1965.4,1622.8,3168.2,1065.1,2759.5,1026.6,2981.6,1411.4,3708.0,7253.0,4702.6,1451.4,336.4
2026-08-30 22:30:00,710.8,311.9,849.5,1151.9,687.9,228.6,2.0,63.6,284.2,32.6,489.7,1631.0,2828.8,2476.9,1368.9,1331.1,106.4,75.1,1310.7,1185.7,491.0,506.3,4669.3,4832.0,2557.9,1174.1,3413.2,5249.7,2829.0,1916.3,1613.3,3153.1,1060.4,2756.2,1022.6,2981.2,1400.9,3655.8,7169.0,4674.4,1434.5,347.3
2026-08-30 22:45:00,704.2,316.8,850.2,1156.1,675.5,228.6,2.0,65.0,278.9,32.5,484.3,1628.1,2805.7,2413.3,1341.3,1299.6,105.9,76.2,1320.3,1151.6,509.6,468.7,4645.7,4758.7,2527.6,1172.2,3397.4,5234.8,2825.2,1912.3,1610.8,3164.9,1051.6,2720.3,1019.2,2978.7,1389.9,3615.7,7099.2,4601.9,1415.2,351.0
2026-08-30 23:00:00,692.5,335.4,831.3,1113.3,652.8,119.0,2.0,44.0,271.0,32.2,471.9,1573.7,2629.6,2647.6,1264.8,1391.0,89.5,56.7,1248.6,1095.5,474.8,420.6,4495.5,4979.7,2430.9,1085.9,3273.9,5119.0,2698.0,1851.3,1556.1,3206.7,1050.9,2686.2,1013.8,2301.2,1380.6,3435.0,6941.1,4630.3,1406.7,370.2
2026-08-30 23:15:00,683.1,334.7,821.6,1111.0,636.3,119.2,2.0,54.9,267.8,28.5,449.9,1567.9,2608.4,2435.2,1241.2,1373.1,89.1,76.4,1261.4,1059.4,474.4,392.5,4464.9,4913.8,2391.5,1085.0,3263.6,5109.1,2713.5,1817.7,1545.8,3207.9,1041.1,2670.1,1009.8,2299.8,1371.8,3386.7,6870.8,4598.2,1391.5,375.5
2026-08-30 23:30:00,680.4,331.3,812.1,1109.1,627.4,119.6,3.4,52.4,261.2,34.0,462.5,1591.5,2612.1,2623.2,1258.2,1405.2,74.2,76.2,1259.6,1041.7,480.5,367.7,4440.3,4830.7,2357.1,1085.6,3249.8,5082.6,2701.6,1809.7,1544.4,3230.6,1027.1,2621.6,1005.0,2297.8,1357.9,3363.4,6814.3,4589.7,1385.9,373.4
2026-08-30 23:45:00,714.3,334.1,820.5,1100.5,624.5,119.9,2.2,49.3,251.8,35.3,457.9,1583.8,2624.7,2515.9,1232.4,1403.6,74.3,75.8,1257.7,1021.5,482.9,345.0,4440.8,4770.2,2315.5,1080.3,3231.4,4808.4,2696.9,1811.9,1537.9,3230.0,1018.9,2590.6,995.4,2295.8,1344.1,3324.9,6721.2,4591.6,1369.7,373.7
2026-08-31 00:00:00,689.4,388.7,1018.0,1171.7,618.5,125.5,5.3,53.9,239.0,66.0,344.7,1665.8,2471.4,2204.6,1208.2,1578.2,116.3,68.6,925.2,956.2,495.5,330.3,4471.3,4780.1,2215.3,1008.6,3311.5,4941.6,2674.2,1792.2,1549.5,3229.0,988.9,2614.8,940.7,2192.4,1323.4,3121.9,6580.3,4808.7,1370.8,529.7
2026-08-31 00:15:00,646.1,392.1,1049.1,1176.5,613.9,125.9,5.0,53.8,235.7,66.1,309.0,1672.7,2617.5,2474.2,1241.4,1637.5,116.7,48.7,926.3,913.2,495.7,310.9,4481.0,4751.8,2191.2,1008.6,3305.6,4950.8,2667.3,1791.8,1541.7,3240.5,981.2,2579.0,937.4,2185.4,1320.8,3114.2,6547.4,4815.7,1369.1,519.0
2026-08-31 00:30:00,640.0,395.1,1078.5,1169.6,608.6,125.7,4.5,53.8,228.5,66.0,307.3,1648.2,2723.8,2462.6,1211.9,1643.0,117.0,48.7,929.6,879.5,498.0,285.7,4434.2,4720.5,2153.5,967.8,3294.0,4940.8,2652.9,1791.1,1538.8,3239.4,976.3,2569.2,934.9,2175.9,1318.3,3108.1,6512.7,4804.0,1362.1,512.2
2026-08-31 00:45:00,730.4,398.7,1068.9,1164.6,602.7,125.2,3.3,53.8,227.0,64.2,300.1,1663.3,2725.5,2541.3,1187.6,1643.2,117.1,48.8,933.9,855.2,500.9,272.0,4435.5,4691.1,2122.7,955.4,3286.3,4627.4,2645.3,1793.1,1534.0,3240.6,969.1,2558.6,933.1,2165.2,1317.3,3107.5,6476.2,4841.1,1352.3,502.9
2026-08-31 01:00:00,737.6,403.7,1083.0,1165.0,621.5,125.3,5.9,54.8,239.3,64.6,194.9,1681.4,2628.5,2840.2,1171.2,1754.6,96.2,52.4,903.9,814.4,500.8,259.8,4371.8,4705.6,2069.3,959.4,3350.3,5026.4,2624.5,1788.7,1505.8,3214.7,954.5,2465.5,930.5,2137.2,1313.7,3124.4,6422.1,4843.1,1341.1,488.3
2026-08-31 01:15:00,741.0,405.4,1080.7,1134.7,616.0,125.8,5.5,54.8,237.9,62.8,199.7,1653.2,2618.0,3002.1,1159.9,1759.5,96.3,50.8,913.8,796.0,498.3,248.0,4333.2,4663.6,2047.7,959.4,3343.8,4579.5,2621.1,1791.3,1503.5,3219.0,948.3,2462.3,933.7,2129.3,1312.7,3120.7,6395.5,4873.5,1340.8,471.7
2026-08-31 01:30:00,737.7,407.5,1066.6,1117.4,611.2,126.4,5.4,54.8,239.4,60.5,206.3,1657.0,2639.4,3125.2,1265.5,1891.9,96.6,69.1,913.5,777.5,500.7,236.1,4349.1,4629.9,2024.6,958.2,3338.4,4150.2,2617.6,1791.2,1488.1,3228.8,941.4,2459.0,938.5,2125.3,1311.9,3118.1,6385.7,4902.8,1338.0,465.1
2026-08-31 01:45:00,733.9,408.9,1079.9,1097.8,608.8,131.6,6.0,54.8,235.9,57.8,193.3,1664.8,3079.1,3114.4,1351.1,1991.8,96.6,47.6,914.3,759.5,505.6,225.2,4295.1,4594.6,2006.9,958.0,3331.8,4022.0,2614.7,1792.9,1489.9,3229.1,939.8,2448.4,945.7,2121.2,1311.2,3110.4,6362.2,4899.6,1325.7,451.6
2026-08-31 02:00:00,708.8,414.1,1077.3,1033.9,596.7,133.6,3.5,53.8,266.2,55.9,209.4,1727.2,2689.6,3249.4,1363.7,2066.1,107.4,63.0,895.9,814.2,499.3,209.4,4262.4,4596.7,1974.2,950.0,3350.2,4308.4,2602.0,1797.0,1483.7,3212.7,922.8,2381.6,957.7,2153.9,1314.0,3188.2,6495.4,5080.9,1320.6,423.9
2026-08-31 02:15:00,714.4,422.1,1043.1,1026.4,593.6,136.4,3.1,53.8,255.6,54.1,220.5,1681.6,2666.5,3447.6,1352.1,2029.5,107.5,41.7,905.9,796.6,498.2,196.6,4260.8,4558.8,1959.1,950.0,3348.1,3657.9,2603.1,1798.5,1470.1,3216.8,924.0,2406.1,962.1,2150.0,1314.2,3186.0,6480.5,5081.0,1316.1,409.8
2026-08-31 02:30:00,714.9,423.2,1035.0,1023.9,589.7,137.8,4.1,53.8,258.6,51.2,224.4,1689.1,3138.9,3555.0,1350.3,2036.2,109.6,40.1,907.0,782.2,497.2,180.8,4267.6,4536.7,1944.4,950.0,3347.2,3434.9,2601.2,1798.8,1468.8,3232.7,922.1,2404.4,965.3,2147.2,1313.5,3185.5,6448.0,5083.3,1317.4,395.9
2026-08-31 02:45:00,703.2,423.2,1029.4,1013.9,586.4,138.0,5.8,53.8,258.2,44.5,236.7,1685.5,3115.1,3714.7,1361.6,2045.3,109.8,38.8,906.4,767.8,495.7,169.8,4243.8,4513.0,1939.2,950.1,3348.9,3318.2,2601.9,1799.2,1468.4,3233.5,917.5,2405.3,965.9,2144.7,1313.5,3184.7,6431.2,5086.1,1314.9,381.3
2026-08-31 03:00:00,719.4,404.3,784.4,1018.0,587.0,138.7,7.3,54.8,291.3,50.7,343.4,1691.1,3213.2,3859.4,1364.0,2062.6,151.2,23.1,886.7,829.3,488.3,165.5,4225.5,4516.6,1929.3,955.1,3403.2,3380.4,2592.4,1781.9,1459.5,3274.7,911.5,2384.7,968.8,2155.4,1307.8,3047.3,6397.1,5015.3,1319.4,370.5
2026-08-31 03:15:00,692.1,404.5,787.1,1027.2,588.6,139.5,7.1,54.8,282.9,47.6,349.8,1692.8,3369.9,3985.4,1370.0,2068.3,153.2,23.6,885.9,815.7,482.9,155.4,4218.1,4483.3,1915.3,955.3,3407.4,3247.7,2593.4,1782.2,1461.7,3291.9,910.2,2377.2,969.3,2154.3,1306.5,3046.9,6381.2,5013.3,1323.9,359.6
2026-08-31 03:30:00,676.0,416.5,792.5,1018.3,590.9,140.5,7.3,54.8,286.8,47.3,350.3,1691.7,3581.7,4109.4,1365.6,2075.5,153.2,24.0,885.1,814.2,479.2,145.9,4200.5,4459.3,1911.8,954.5,3411.2,3174.3,2591.1,1781.9,1458.0,3290.6,908.5,2371.6,972.3,2152.7,1307.6,3045.6,6378.3,5018.3,1329.6,349.0
2026-08-31 03:45:00,638.1,417.6,798.7,1008.2,594.5,141.4,7.3,54.8,336.1,47.9,348.2,1680.8,3587.5,4254.9,1357.3,2064.9,153.2,24.7,884.3,811.0,475.2,138.1,4240.2,4433.7,1905.0,954.6,3408.9,3156.7,2593.1,1781.2,1444.2,3297.7,907.0,2361.8,971.9,2151.2,1306.2,3046.0,6375.4,5048.0,1331.7,341.3
2026-08-31 04:00:00,660.9,413.4,789.7,1000.7,590.9,142.3,6.5,46.8,286.7,35.9,341.5,1678.9,3727.7,4480.4,1391.3,2084.8,153.8,24.5,871.4,773.1,470.9,130.3,4341.6,4405.2,1898.3,954.1,3371.6,2812.4,2591.0,1808.4,1456.5,3271.8,903.8,2382.7,967.8,2250.6,1313.7,3234.2,6350.6,4955.8,1335.6,329.8
2026-08-31 04:15:00,637.1,428.0,806.1,983.5,591.3,143.5,6.1,46.8,325.4,36.2,341.1,1676.0,3696.7,4583.4,1398.4,2091.7,153.9,24.2,870.5,773.5,466.4,126.9,4362.4,4409.4,1903.9,954.2,3376.8,2792.6,2595.4,1807.8,1451.7,3286.9,900.8,2385.4,972.8,2250.0,1316.7,3243.5,6363.5,4958.9,1341.0,315.4
2026-08-31 04:30:00,645.0,436.5,812.3,975.4,590.0,144.1,5.4,46.8,290.8,35.7,342.1,1680.1,3689.8,4693.7,1339.6,2102.2,153.8,23.8,871.7,777.9,467.2,126.6,4375.8,4414.3,1903.2,954.1,3380.6,2796.0,2598.9,1810.7,1444.7,3287.7,899.6,2382.8,976.7,2248.6,1320.5,3256.0,6366.9,5004.8,1349.3,311.4
2026-08-31 04:45:00,650.9,451.8,840.1,957.5,605.6,144.4,4.2,46.8,241.7,35.1,341.7,1676.9,3699.0,4857.1,1319.9,2113.1,153.6,23.6,873.1,785.0,467.7,125.6,4395.5,4415.8,1915.3,953.1,3388.8,2805.9,2600.9,1816.0,1446.7,3283.2,898.5,2392.4,984.3,2247.1,1326.9,3332.0,6370.2,5013.2,1362.2,304.7
2026-08-31 05:00:00,727.0,425.9,904.8,893.2,663.0,146.3,13.8,62.8,327.3,42.8,295.6,1671.2,3910.5,5050.6,1354.1,2121.9,136.6,26.9,901.3,803.9,477.8,109.6,4741.0,4270.4,1956.7,956.3,3440.5,2807.1,2606.9,1879.9,1521.5,3109.6,908.1,2366.1,997.3,3244.6,1329.0,3684.1,6435.6,4968.3,1408.8,279.4
2026-08-31 05:15:00,715.0,449.1,943.2,882.8,659.6,148.6,14.0,62.9,251.9,41.2,289.3,1671.0,3463.9,5127.4,1337.2,2123.1,137.0,28.3,905.9,779.2,473.1,114.7,4768.3,4373.9,1992.5,956.3,3454.5,2786.2,2616.4,1887.2,1529.6,3163.4,912.1,2412.7,1009.2,3243.6,1344.8,3686.0,6507.7,4995.4,1429.1,268.8
2026-08-31 05:30:00,718.5,463.6,966.6,911.8,665.8,155.2,14.3,68.8,252.1,40.2,293.2,1670.0,3450.6,5228.9,1304.1,2129.2,125.3,29.9,913.4,796.2,477.8,113.3,4829.9,4437.7,2024.4,956.3,3469.1,2797.3,2621.6,1900.8,1528.5,3166.8,916.4,2446.3,1019.0,3242.9,1362.4,3767.5,6585.4,5042.1,1452.7,258.3
2026-08-31 05:45:00,724.4,474.4,994.1,891.6,674.0,163.4,15.1,68.8,264.1,42.6,289.2,1668.1,3461.0,5373.8,1305.0,2135.4,125.2,31.3,922.4,825.0,484.3,123.7,4906.9,4472.2,2068.7,956.3,3482.8,3176.3,2612.3,1965.2,1528.9,3167.4,925.6,2438.1,1026.7,3242.0,1381.1,3868.1,6687.3,5056.6,1482.6,244.1
2026-08-31 06:00:00,767.7,489.1,1015.0,1109.0,703.4,292.1,7.8,88.8,277.4,57.5,139.4,1664.0,3825.6,5644.6,1334.2,2196.1,196.9,59.1,1033.8,875.6,546.2,115.3,5166.5,4488.6,2214.9,1032.5,3528.0,3255.3,2750.4,2356.1,1616.9,3126.3,956.8,2344.5,1056.0,3728.2,1421.3,4127.1,7048.7,5056.3,1574.6,204.9
2026-08-31 06:15:00,768.5,518.5,1032.0,1112.2,716.1,322.5,8.1,90.4,287.3,52.6,178.3,1644.8,3335.5,5767.6,1371.0,2191.2,198.9,59.2,1036.3,1020.7,553.4,117.7,5215.0,4514.4,2288.8,1088.6,3549.2,3387.6,2752.3,2427.9,1618.4,3136.8,972.7,2330.1,1067.5,3727.3,1444.7,4235.9,7187.4,5151.0,1623.4,183.2
2026-08-31 06:30:00,775.6,529.7,1034.9,1090.6,721.3,368.7,8.5,92.3,298.2,55.9,161.3,1641.8,3293.9,5966.5,1345.0,2206.7,192.0,59.6,1043.2,1047.5,560.1,126.2,5286.3,4528.9,2356.0,1096.6,3579.4,3750.1,2769.5,2469.8,1630.1,3171.4,991.1,2370.1,1069.6,3726.8,1468.6,4255.7,7314.9,5375.4,1663.1,166.1
2026-08-31 06:45:00,781.2,541.4,1022.8,1069.0,731.9,424.8,8.7,89.2,298.3,77.6,177.9,1674.0,3315.6,6112.7,1347.2,2226.1,191.3,59.7,1051.2,1068.0,569.0,131.2,5321.1,4512.2,2430.9,1111.5,3600.5,3865.0,2794.1,2463.5,1638.2,3213.4,1009.3,2674.4,1079.4,3726.2,1489.5,4254.1,7468.0,5425.1,1710.9,153.2
2026-08-31 07:00:00,829.1,608.0,1003.0,1049.3,756.2,601.3,9.3,88.0,340.6,68.1,171.6,1700.8,3571.6,6184.5,1341.4,2204.1,145.6,54.4,1141.8,1149.3,599.6,141.7,5451.0,4757.8,2608.9,1054.3,3608.4,4731.1,2877.9,2633.5,1692.6,3226.8,1027.8,2599.2,1098.9,3767.0,1550.4,4358.2,7798.6,5488.0,1811.3,238.6
2026-08-31 07:15:00,838.9,675.9,973.9,1042.3,770.5,656.9,7.5,89.4,339.5,109.3,175.4,1702.3,3572.1,6418.9,1371.2,2232.9,148.7,52.8,1162.2,1015.1,598.5,147.7,5501.8,4738.3,2667.8,1060.8,3618.4,4861.5,2900.3,2622.9,1701.7,3252.4,1044.4,2770.4,1104.5,3766.8,1563.5,4359.7,7903.8,5500.6,1846.3,241.6
2026-08-31 07:30:00,839.3,687.8,915.6,1039.3,782.8,705.0,9.5,92.4,351.0,140.2,192.0,1708.3,3831.8,6135.6,1396.3,2256.1,234.5,51.2,1164.1,1026.4,596.5,154.3,5527.8,4748.7,2702.1,1062.8,3628.2,4742.6,2914.7,2616.1,1710.9,3270.6,1074.1,2920.8,1108.5,3766.9,1576.8,4352.6,7968.5,5495.8,1874.1,243.0
2026-08-31 07:45:00,835.2,721.4,855.7,1016.3,790.2,753.2,11.2,85.7,371.2,67.9,200.3,1714.8,3915.7,6179.5,1417.4,2283.4,236.0,49.7,1316.7,1022.2,594.9,162.4,5560.2,4773.4,2740.1,1071.4,3623.5,4308.2,2931.5,2611.3,1722.7,3279.0,1083.6,3003.2,1112.4,3766.8,1593.0,4348.0,8039.1,5524.1,1902.8,244.0
2026-08-31 08:00:00,845.5,654.9,781.0,941.8,794.1,804.2,42.5,82.2,355.1,140.6,270.3,1652.9,4443.9,6498.8,1692.6,2213.5,281.9,43.0,1205.1,1221.0,616.3,184.4,5633.3,4802.9,2799.4,1052.7,3712.9,4631.9,2952.8,2585.7,1683.9,3304.7,1109.2,3446.2,1109.2,3540.8,1600.8,4311.7,8083.7,5567.3,1930.3,226.2
2026-08-31 08:15:00,844.1,650.0,740.1,937.3,795.6,853.0,42.6,76.4,354.7,111.5,295.4,1666.3,4676.4,6520.8,1696.2,2197.1,285.8,43.0,1215.1,1076.4,608.9,192.1,5645.0,4798.7,2813.3,1057.2,3709.4,3933.2,2960.4,2581.0,1681.7,3302.8,1110.5,3497.8,1108.4,3541.0,1608.7,4311.0,8102.9,5575.5,1940.7,229.7
2026-08-31 08:30:00,839.9,658.8,693.0,963.1,798.1,899.9,43.4,66.8,353.9,69.3,302.1,1682.1,4672.4,6639.8,1666.8,2058.7,308.0,43.0,1220.5,1063.7,602.0,192.0,5660.9,4792.7,2814.6,1057.5,3802.0,3308.2,2961.1,2580.4,1698.4,3293.5,1117.0,3426.8,1111.4,3540.7,1612.5,4309.7,8105.4,5578.6,1941.7,247.8
2026-08-31 08:45:00,843.4,671.8,646.1,957.2,795.0,944.7,49.4,57.6,340.1,56.2,313.9,1673.5,4488.9,6548.0,1656.6,1905.7,334.6,43.0,1384.4,771.9,604.9,182.1,5674.9,4789.4,2816.0,1058.8,3884.5,2670.4,2970.7,2577.5,1701.2,3295.7,1124.9,3499.8,1119.5,3540.9,1615.8,4308.8,8106.5,5551.2,1948.4,237.8
2026-08-31 09:00:00,837.6,687.8,631.0,763.6,786.9,884.8,40.4,38.8,377.9,64.4,382.5,1643.6,4673.1,7323.9,1770.8,1928.3,203.5,13.6,1358.7,846.8,596.9,239.7,5689.6,4780.4,2829.7,1169.6,3926.2,2822.3,2968.6,2583.9,1676.8,3274.8,1116.3,3275.2,1133.3,3479.2,1611.6,4238.9,8009.6,5400.9,1942.5,212.8
2026-08-31 09:15:00,833.3,698.8,606.5,751.8,783.3,919.1,47.2,38.6,364.6,68.6,422.9,1646.4,4834.1,7635.9,1730.8,1915.4,217.7,15.3,1369.3,664.4,601.0,222.0,5696.9,4776.8,2823.6,1161.9,3970.8,2159.3,2973.6,2581.4,1682.4,3272.2,1114.1,3270.4,1133.5,3479.2,1606.2,4239.5,7997.6,5385.0,1946.3,221.9
2026-08-31 09:30:00,829.4,704.1,585.9,787.7,781.7,947.3,50.9,39.2,346.5,58.1,444.0,1676.8,5376.0,7690.2,1756.8,1911.1,234.2,16.3,1360.0,622.5,593.9,223.3,5707.9,4752.8,2824.7,1029.6,3981.8,1986.8,2972.8,2575.6,1699.7,3258.0,1118.6,2804.6,1133.6,3478.4,1597.7,4176.2,7985.8,5369.7,1946.6,226.7
2026-08-31 09:45:00,814.1,700.5,559.7,821.2,773.6,974.4,57.8,39.7,338.4,62.3,470.1,1704.4,5399.5,7633.7,1753.2,1949.1,215.7,16.2,1500.8,599.4,600.7,241.8,5713.2,4688.7,2828.3,940.2,3990.8,1679.8,2976.7,2572.1,1723.3,3241.3,1112.3,2457.8,1132.8,3478.4,1587.2,4175.2,7974.6,5331.0,1953.5,233.6
2026-08-31 10:00:00,819.3,708.7,552.3,877.8,763.7,866.7,44.4,25.9,328.4,35.2,531.1,1769.3,5342.4,8172.8,2163.9,1958.5,277.0,18.0,1268.2,830.9,585.4,258.0,5754.7,4410.4,2825.0,884.3,3951.0,1605.7,2978.6,2436.7,1710.0,3241.5,1110.3,2381.2,1088.8,3480.3,1517.0,4042.9,7957.1,5076.8,1962.6,182.3
2026-08-31 10:15:00,804.9,714.7,531.9,910.7,759.7,882.0,48.2,21.8,332.0,45.3,521.7,1790.2,5410.7,7871.2,2152.6,1988.3,291.7,18.0,1264.2,557.0,585.7,270.7,5745.7,4411.4,2818.6,885.1,3951.1,1503.6,2981.2,2435.7,1722.5,3233.6,1112.6,2355.5,1085.9,3479.9,1475.6,4033.8,7926.2,5078.9,1958.3,185.9
2026-08-31 10:30:00,803.1,724.0,505.2,947.1,760.3,898.6,55.7,22.0,316.1,50.6,507.8,1864.8,5456.8,8270.8,2326.1,1863.3,294.0,19.0,1262.3,576.6,591.2,279.4,5737.5,4399.5,2820.1,886.2,3938.0,1504.2,2977.5,2392.0,1723.9,3224.1,1110.5,2284.8,1085.3,3480.2,1462.4,4008.6,7891.0,5074.9,1961.3,191.3
2026-08-31 10:45:00,795.9,731.9,481.4,979.8,759.1,900.9,43.0,23.5,301.8,59.3,500.8,1880.3,5499.7,8284.5,2288.7,1832.5,296.2,20.0,1417.8,568.2,601.9,288.7,5734.6,4366.0,2817.8,878.2,3922.1,1504.2,2981.7,2373.7,1729.3,3220.3,1106.2,2207.1,1086.9,3480.3,1447.7,3982.3,7863.4,5060.5,1973.1,194.6
2026-08-31 11:00:00,791.7,740.3,516.8,983.9,751.4,894.5,47.7,23.0,276.4,79.5,493.1,1867.9,5585.8,8043.6,2460.2,1705.5,302.8,21.1,1333.1,629.3,601.8,290.4,5730.8,4229.8,2809.8,892.9,4023.9,1702.5,2897.9,2169.1,1713.1,3212.1,1083.0,2260.4,1086.9,3299.9,1487.4,3748.3,7856.9,5057.7,1952.8,195.6
2026-08-31 11:15:00,789.1,743.7,501.9,1006.5,753.3,903.7,45.2,23.2,256.9,88.5,480.9,1878.8,5583.4,7823.9,2436.7,1724.4,307.1,22.2,1330.3,641.2,606.7,295.4,5732.9,4213.6,2811.0,885.8,4021.9,1703.5,2895.3,2158.5,1709.2,3210.3,1076.1,2262.1,1088.1,3299.9,1519.9,3743.1,7839.2,5053.8,1950.4,197.4
2026-08-31 11:30:00,781.2,746.1,493.0,1001.3,755.9,902.7,49.6,23.0,246.9,97.3,504.0,1873.1,5583.8,7843.6,2416.1,1739.8,307.2,22.2,1357.3,651.7,601.9,302.6,5706.2,4187.1,2802.8,886.6,4012.2,1703.9,2892.9,2134.0,1708.8,3208.5,1073.5,2254.5,1088.3,3300.5,1516.2,3727.5,7821.5,5046.8,1958.8,199.5
2026-08-31 11:45:00,813.4,750.7,485.9,1015.7,758.5,909.7,53.2,23.1,257.9,61.9,514.5,1868.1,5652.6,7696.3,2392.6,1746.4,309.2,21.8,1353.5,661.6,602.2,309.6,5702.5,4183.9,2798.4,887.1,4005.4,1704.5,2896.2,2113.6,1714.7,3209.1,1072.0,2255.8,1089.3,3300.6,1517.0,3728.4,7801.5,5045.6,1958.1,201.8
2026-08-31 12:00:00,845.2,763.4,486.0,1022.5,793.8,897.1,30.8,24.3,159.2,102.2,334.4,1873.2,5628.7,7864.8,2389.6,1263.7,345.5,5.9,1402.2,439.9,566.7,317.1,5742.2,4078.3,2791.8,882.0,4024.1,1697.1,2891.3,1955.4,1692.5,3232.8,1063.2,2355.7,1091.6,3224.4,1529.5,3670.1,7814.2,5026.4,1955.5,209.0
2026-08-31 12:15:00,846.3,766.1,491.6,1011.0,795.6,900.9,38.7,24.1,168.4,70.5,328.0,1877.5,5625.2,7700.4,2381.1,1274.7,329.6,6.3,1396.8,443.1,568.7,318.7,5812.0,4091.7,2788.1,882.4,4013.5,1671.9,2891.7,1971.8,1684.9,3232.8,1066.6,2356.2,1092.5,3228.2,1531.3,3681.7,7807.9,5021.3,1953.7,209.7
2026-08-31 12:30:00,840.4,767.4,496.6,994.7,797.2,897.2,38.5,24.2,186.5,72.9,340.1,1886.3,5652.2,7505.4,2351.8,1282.7,331.0,6.3,1394.4,439.4,566.6,319.2,5795.6,4079.6,2784.6,882.5,4013.2,1674.1,2886.5,1937.2,1689.7,3230.1,1063.6,2355.8,1092.7,3225.4,1528.6,3679.9,7786.8,5007.9,1963.6,212.9
2026-08-31 12:45:00,776.7,757.2,501.6,960.9,794.9,894.3,37.1,24.2,187.0,75.5,306.9,1882.5,5712.6,7337.9,2344.0,1284.0,328.6,6.2,1402.4,434.8,565.2,325.1,5787.1,4066.5,2781.7,882.7,4009.0,1666.6,2910.9,1927.0,1695.3,3227.8,1054.7,2355.1,1093.1,3221.6,1521.4,3673.4,7786.6,5004.6,1967.7,215.0
2026-08-31 13:00:00,781.4,753.8,499.0,940.8,813.8,881.3,66.7,31.0,183.8,69.1,431.2,1852.2,6334.7,6121.7,2275.3,1915.7,313.9,15.9,1388.1,447.2,573.0,330.6,5755.8,4119.6,2766.6,880.6,3975.3,1663.6,2907.8,1925.2,1688.4,3205.1,1050.1,2361.8,1091.4,3185.4,1506.9,3651.3,7854.2,5065.3,1988.0,214.3
2026-08-31 13:15:00,819.5,753.2,512.7,910.1,800.7,885.8,66.6,30.8,185.1,72.3,455.7,1850.5,6324.3,6115.4,2286.1,1913.3,314.4,16.0,1385.7,450.0,571.5,335.3,5750.6,4128.7,2767.2,880.5,3974.1,1670.0,2908.5,1929.2,1685.3,3204.0,1051.1,2362.4,1092.4,3191.2,1502.0,3653.2,7836.6,5044.1,1986.7,215.8
2026-08-31 13:30:00,817.1,756.5,527.8,911.1,815.6,854.4,66.2,30.5,183.7,75.6,465.7,1851.1,6326.4,6179.5,2286.7,1913.6,311.6,16.0,1380.7,430.1,569.1,341.5,5749.9,4142.6,2759.0,880.5,3970.8,1660.4,2892.6,1935.1,1685.6,3206.2,1049.0,2353.0,1091.9,3197.1,1503.1,3664.4,7825.7,5026.9,1992.8,215.3
2026-08-31 13:45:00,831.3,750.1,547.5,882.1,809.5,833.0,65.1,30.2,184.2,79.6,448.4,1863.8,6375.2,6155.2,2262.9,1925.2,309.2,16.0,1380.2,422.4,565.2,345.0,5743.5,4147.6,2767.4,880.7,3961.3,1646.3,2885.3,1965.9,1684.0,3212.7,1045.4,2338.2,1088.9,3202.7,1507.1,3682.0,7823.1,5011.0,1996.0,220.3
2026-08-31 14:00:00,825.4,713.8,536.8,833.4,795.8,825.4,85.8,31.9,163.3,91.4,396.5,1858.8,6382.0,6007.9,2192.7,1965.9,307.7,24.2,1330.3,575.4,546.0,353.7,5707.7,4178.6,2774.9,881.9,3961.4,1652.7,2905.5,2010.9,1688.8,3176.1,1050.4,2403.5,1081.3,3257.1,1515.7,3753.9,7809.6,4986.9,1968.2,209.6
2026-08-31 14:15:00,824.3,715.7,606.9,795.1,800.3,801.8,77.7,31.3,157.8,93.8,402.4,1858.7,6367.0,6109.6,2163.9,1980.4,307.8,24.8,1290.0,563.5,534.3,360.5,5704.3,4191.7,2779.0,882.0,3963.8,1631.2,2883.1,2047.6,1696.6,3202.4,1047.8,2403.0,1080.2,3257.7,1523.5,3768.2,7792.6,4993.8,1966.1,209.1
2026-08-31 14:30:00,828.7,707.2,625.8,768.8,803.8,762.6,75.2,29.4,158.9,93.8,425.0,1855.3,6342.8,6148.8,2163.1,1974.5,293.8,24.9,1283.4,558.8,528.0,366.9,5656.7,4209.7,2777.4,881.9,3960.7,1629.4,2879.6,2054.7,1688.8,3200.6,1041.9,2396.2,1080.7,3258.0,1528.5,3798.1,7803.8,4979.7,1956.1,208.8
2026-08-31 14:45:00,772.1,695.1,647.5,717.5,808.6,746.5,74.1,34.7,158.4,95.9,414.8,1853.6,6380.2,6165.9,2154.5,1979.3,296.2,24.6,1276.5,580.5,522.2,372.9,5655.1,4233.2,2786.3,881.3,3967.2,1632.1,2883.2,2065.7,1690.3,3193.1,1046.9,2411.4,1080.4,3258.2,1530.5,3837.0,7815.1,4962.3,1956.9,207.3
2026-08-31 15:00:00,789.7,666.2,637.1,659.1,773.5,794.9,63.6,28.2,149.3,92.9,346.0,1872.9,5762.1,6083.3,2108.5,1948.6,285.1,17.4,1347.0,561.1,571.0,380.5,5562.9,4320.1,2786.0,889.6,4012.2,1635.3,2938.4,2148.1,1702.1,3152.4,1046.7,2372.7,1078.7,3424.4,1515.0,3879.1,7760.7,4809.2,1967.7,209.6
2026-08-31 15:15:00,786.6,652.9,628.8,595.1,779.8,745.9,56.9,26.2,151.9,89.3,318.1,1869.7,5623.2,7522.0,2117.8,1951.1,290.6,17.6,1285.0,563.3,562.5,382.1,5576.8,4335.3,2796.9,889.0,4006.9,1647.3,2938.9,2158.5,1707.8,3156.2,1050.2,2382.1,1078.3,3424.2,1514.2,3945.8,7776.9,4799.7,1966.4,208.9
2026-08-31 15:30:00,759.3,642.5,659.7,530.8,777.6,695.1,54.6,27.1,121.2,108.4,318.2,1864.3,5622.1,8285.1,2141.7,1948.8,303.4,17.7,1259.3,555.4,541.0,380.3,5615.9,4422.4,2809.9,888.4,4017.3,1630.3,2912.2,2221.9,1709.7,3163.9,1053.3,2380.3,1077.3,3424.2,1515.3,4097.5,7805.2,4789.8,1961.1,210.3
2026-08-31 15:45:00,766.5,622.0,693.4,459.0,780.2,644.4,53.3,33.8,117.3,141.8,314.5,1857.0,5641.1,8517.4,2159.7,1931.0,300.7,17.6,1207.7,569.5,511.9,408.1,5608.7,4430.3,2823.1,887.4,4019.6,1632.4,2916.1,2262.9,1706.7,3162.4,1055.0,2388.4,1072.1,3424.2,1517.4,4128.1,7829.8,4974.9,1969.5,209.3
2026-08-31 16:00:00,767.0,606.3,740.4,353.8,777.2,680.9,27.8,31.6,167.2,90.5,321.1,1837.1,5492.8,8542.7,2179.3,1881.1,113.1,84.2,1380.7,502.5,492.6,410.5,5590.2,4625.3,2858.7,884.2,3789.2,1602.0,2976.2,2444.5,1703.4,3179.5,1060.9,2231.2,1076.7,3517.8,1521.9,4342.3,7856.8,4756.8,1948.0,208.8
2026-08-31 16:15:00,770.6,593.0,818.3,312.1,783.3,629.3,19.3,31.1,149.6,138.9,320.6,1833.6,5456.7,8516.4,2218.8,1901.8,110.7,82.5,1212.2,485.4,485.9,417.7,5572.4,4640.9,2872.0,883.1,3797.0,1606.6,2974.2,2486.9,1700.1,3181.6,1065.1,2264.9,1071.5,3517.6,1528.2,4373.4,7912.6,4875.2,1959.6,204.9
2026-08-31 16:30:00,784.4,564.6,922.9,289.9,788.4,576.5,2.9,33.7,153.0,130.7,336.9,1855.8,5443.8,8594.8,2275.7,1869.2,116.5,80.3,1220.0,487.7,493.0,438.6,5557.1,4655.6,2878.4,882.2,3793.0,1737.3,2970.9,2490.2,1695.7,3198.1,1060.0,2294.4,1070.0,3517.3,1541.7,4387.5,7982.1,4983.9,1973.0,200.5
2026-08-31 16:45:00,791.1,558.2,1008.5,286.6,787.6,522.8,9.4,33.3,150.8,123.3,345.4,1857.8,5401.6,8832.4,2329.9,1832.9,135.0,74.9,1251.9,610.2,488.8,429.3,5550.3,4650.2,2884.3,881.2,3779.7,1949.6,2963.8,2491.3,1696.2,3238.3,1061.5,2373.4,1072.0,3517.8,1555.6,4398.7,8065.9,4965.5,1992.4,193.3
2026-08-31 17:00:00,803.2,518.5,1077.9,446.2,793.2,602.1,6.4,45.1,146.7,125.9,359.6,1787.1,5451.3,8659.3,2003.4,1689.9,278.7,4.4,1544.5,561.3,500.2,428.7,5522.0,4794.4,2880.7,908.1,3748.4,1553.7,2953.1,2449.8,1605.7,3168.1,1082.0,2454.8,1074.8,3524.0,1573.0,4563.1,8175.0,4965.3,2007.3,242.7
2026-08-31 17:15:00,810.7,535.3,1134.0,447.5,797.5,562.8,3.7,50.7,142.8,112.1,376.2,1763.5,5289.5,8574.0,1993.7,1811.9,262.3,1.8,1326.7,552.3,506.2,421.6,5529.7,4794.7,2875.8,907.2,3745.8,1761.2,2948.9,2452.4,1603.0,3170.1,1075.8,2624.4,1074.3,3525.5,1583.0,4578.5,8250.0,4945.2,2025.4,236.4
2026-08-31 17:30:00,822.2,504.6,1193.6,613.7,802.2,503.1,5.4,50.4,137.9,95.8,400.4,1728.9,5292.8,8425.1,1970.1,1784.2,195.5,4.5,1314.2,544.7,518.4,415.7,5528.7,4862.9,2871.4,906.3,3723.6,1945.5,2945.5,2452.4,1600.0,3171.4,1074.3,2650.5,1072.9,3527.0,1591.3,4595.6,8310.4,4924.0,2037.4,230.7
2026-08-31 17:45:00,823.0,541.4,1234.8,617.9,801.6,503.5,7.6,53.2,160.6,84.5,355.8,1733.1,4734.1,8335.0,2041.1,1752.1,188.5,4.4,1301.0,707.8,520.3,417.7,5534.2,4864.7,2867.6,1017.0,3656.9,2274.3,2945.4,2453.2,1600.2,3173.6,1076.3,2895.2,1072.7,3528.5,1594.6,4611.6,8367.1,4937.8,2052.4,223.9
2026-08-31 18:00:00,833.5,497.2,1263.8,661.4,812.4,531.5,20.3,74.3,180.4,80.6,305.6,1652.5,5342.0,7527.0,1911.7,1829.3,217.6,36.8,1468.5,682.4,560.3,436.1,5583.6,4929.1,2834.3,1046.0,3571.1,2261.9,2939.7,2420.4,1606.5,3182.8,1084.8,3133.7,1068.2,3574.3,1588.1,4694.1,8304.5,5020.7,2044.8,217.3
2026-08-31 18:15:00,831.0,540.4,1287.0,676.6,808.3,535.6,21.8,70.9,193.8,78.2,229.9,1617.7,4500.8,7218.0,1959.3,1976.6,212.6,36.3,1302.1,961.6,537.6,533.1,5597.7,4935.1,2833.8,1054.3,3558.2,2807.7,2943.3,2421.6,1602.0,3183.1,1081.9,3481.7,1066.5,3575.6,1585.3,4698.5,8310.4,5025.3,2050.7,212.8
2026-08-31 18:30:00,837.4,563.1,1306.8,694.2,814.6,524.5,22.5,70.1,226.3,77.2,265.7,1604.9,3967.9,7487.0,1949.9,2095.0,217.6,35.8,1293.1,859.1,528.6,673.2,5603.4,4943.3,2836.1,1061.5,3452.4,3386.7,2939.2,2420.4,1599.6,3184.0,1087.6,3520.2,1065.1,3576.6,1581.3,4654.7,8327.0,5025.7,2056.6,208.1
2026-08-31 18:45:00,844.5,557.7,1314.8,708.3,814.1,537.4,23.3,72.9,253.2,144.6,269.0,1590.0,3927.3,7205.0,1947.8,2051.2,207.1,35.4,1279.8,1063.5,519.3,687.2,5611.0,4945.7,2839.9,1106.3,3459.0,4033.2,2939.2,2374.0,1599.0,3185.3,1065.1,3524.7,1063.4,3577.4,1574.3,4668.4,8340.8,5057.7,2056.0,204.4
2026-08-31 19:00:00,847.4,537.6,1326.8,738.1,829.2,552.7,62.2,37.8,268.1,37.9,643.6,1445.1,3864.8,7058.5,1791.7,1893.4,156.7,40.8,1722.2,988.1,527.3,680.8,5594.8,4859.8,2852.9,1078.8,3468.8,4478.5,2925.6,2282.7,1601.1,3189.9,1076.7,3711.3,1057.8,3514.0,1564.0,4663.0,8357.9,5174.8,2053.4,199.9
2026-08-31 19:15:00,856.5,538.1,1331.9,756.9,832.2,550.6,61.8,36.4,286.4,95.7,598.2,1434.8,3572.4,6706.2,1827.1,1854.1,201.5,22.0,1552.1,1026.8,526.2,683.9,5601.2,4840.3,2857.5,1078.0,3478.5,4730.5,2928.0,2272.8,1601.0,3189.7,1084.4,3682.4,1055.4,3514.6,1557.5,4693.0,8343.7,5185.8,2047.8,197.2
2026-08-31 19:30:00,864.8,533.1,1337.8,765.0,829.5,559.0,62.5,37.9,306.4,103.7,612.2,1428.7,3563.0,6680.4,1775.5,1765.8,204.7,21.3,1552.4,964.3,530.6,685.1,5583.8,4812.6,2858.1,1077.6,3483.6,4979.8,2923.8,2267.6,1606.6,3189.9,1087.0,3580.1,1051.3,3514.9,1555.7,4720.3,8326.9,5203.9,2039.5,196.8
2026-08-31 19:45:00,865.8,528.3,1343.5,781.7,829.8,552.5,63.9,36.6,316.6,100.2,635.2,1422.7,3567.5,6948.4,1770.1,1795.3,208.2,20.8,1544.0,1186.5,497.6,689.9,5555.8,4815.9,2864.1,1077.5,3531.5,5268.5,2941.2,2238.0,1603.1,3190.0,1088.7,3615.7,1048.4,3514.4,1558.4,4743.6,8320.4,5245.3,2028.3,221.1
2026-08-31 20:00:00,863.1,514.6,1332.1,797.6,840.6,548.3,33.1,80.6,349.2,91.6,631.8,1441.6,3437.6,6617.9,1467.8,1617.3,283.4,15.4,1529.4,875.1,526.3,691.3,5465.4,4763.0,2859.7,1073.0,3518.7,5477.1,2900.8,2101.2,1605.6,3174.0,1099.9,3890.7,1041.8,3522.4,1558.7,4701.4,8320.9,5171.7,2032.5,254.7
2026-08-31 20:15:00,867.4,497.7,1325.4,788.6,835.7,529.8,33.4,78.1,340.4,89.6,629.1,1451.6,3424.7,6915.8,1543.7,1653.9,302.3,15.4,1503.0,910.4,515.0,693.5,5453.6,4776.9,2856.1,1069.4,3555.5,5512.0,2923.6,2068.2,1605.6,3174.2,1097.7,3936.9,1041.3,3521.6,1564.8,4721.5,8311.0,5134.6,2016.8,254.3
2026-08-31 20:30:00,871.3,496.8,1306.9,789.8,830.5,531.2,33.3,78.1,339.5,89.5,629.4,1454.9,3420.8,6984.5,1559.0,1644.3,301.3,15.3,1506.2,906.6,500.2,695.6,5424.6,4778.8,2856.8,1068.5,3565.6,5521.9,2923.6,2062.4,1602.6,3170.4,1100.7,3942.7,1043.6,3522.0,1567.7,4703.2,8293.5,5103.2,2012.4,254.2
2026-08-31 20:45:00,869.4,467.5,1281.1,764.6,824.7,507.7,30.6,78.1,340.5,89.5,634.9,1441.7,3418.6,7009.5,1584.7,1629.8,280.3,15.3,1488.4,927.9,501.6,699.4,5391.5,4762.2,2863.4,1068.2,3568.7,5525.0,2926.8,2066.5,1604.3,3149.4,1104.1,3955.4,1042.4,3521.9,1568.6,4710.0,8272.6,5076.7,1998.6,229.0
2026-08-31 21:00:00,849.9,407.8,1240.3,544.2,807.0,459.2,21.2,59.1,344.1,104.6,646.7,1460.0,3297.0,6911.7,1494.5,1588.5,173.9,52.3,1479.9,771.3,475.6,758.2,5369.6,4753.3,2861.7,1085.1,3540.3,5512.5,2926.4,2158.0,1595.6,3176.2,1122.5,4006.0,1032.1,3486.0,1465.2,4812.7,8117.4,5086.7,1967.4,230.0
2026-08-31 21:15:00,839.3,339.3,1201.2,517.9,806.3,456.6,21.0,59.1,336.7,96.2,629.2,1439.2,3285.3,6734.7,1489.8,1533.0,170.0,52.5,1476.3,736.3,472.9,729.4,5396.2,4766.1,2853.8,1080.4,3530.8,5501.0,2928.5,2172.2,1593.5,3176.2,1121.8,3932.1,1029.2,3486.8,1459.6,4846.1,8063.3,5088.5,1935.6,230.4
2026-08-31 21:30:00,834.4,334.4,1158.1,527.4,789.4,456.2,1.0,59.1,332.1,96.3,634.7,1419.9,3276.8,6654.5,1529.2,1483.7,168.3,52.4,1471.3,741.7,470.3,729.4,5389.6,4746.5,2835.1,1080.5,3530.3,5500.2,2923.3,2147.6,1594.5,3175.8,1119.9,3938.3,1028.8,3485.2,1455.0,4826.0,7987.1,5060.6,1923.2,230.4
2026-08-31 21:45:00,823.5,323.5,1116.4,519.1,770.9,454.5,1.0,59.1,329.4,54.1,626.3,1416.8,3275.5,6569.4,1597.1,1510.7,178.6,52.5,1474.5,727.1,471.3,729.8,5355.3,4710.7,2825.9,1082.3,3519.3,5332.5,2923.8,2148.8,1593.5,3175.7,1112.1,3739.7,1021.2,3484.6,1447.0,4813.4,7920.8,5017.4,1895.3,230.4
2026-08-31 22:00:00,792.5,288.8,1077.7,474.5,752.1,388.1,16.2,49.3,318.6,87.8,591.0,1395.5,3000.1,6845.5,1474.5,1478.3,57.3,45.1,1329.1,704.3,455.0,758.0,5177.2,4563.4,2760.9,1222.6,3538.1,5457.3,2908.4,2122.9,1576.0,3178.8,1094.6,4018.8,1003.4,3414.1,1429.5,4693.8,7761.6,4995.7,1841.3,215.2
2026-08-31 22:15:00,781.4,286.6,1057.5,486.0,724.8,386.6,15.8,49.3,317.5,63.9,576.3,1401.7,2981.1,6834.8,1493.5,1483.2,73.2,45.1,1333.7,700.2,451.6,764.7,5117.2,4519.4,2730.2,1144.4,3518.5,5313.8,2903.4,2105.7,1575.4,3168.8,1088.2,3900.2,994.8,3414.1,1420.1,4672.0,7672.9,4960.2,1810.5,211.2
2026-08-31 22:30:00,780.4,284.4,1038.9,497.0,705.7,377.9,2.4,46.3,326.8,13.2,585.1,1394.9,3263.6,7165.0,1521.1,1503.7,76.4,45.1,1328.8,723.2,448.1,781.1,5068.2,4491.1,2688.4,1117.5,3504.4,5299.4,2891.9,2111.0,1568.9,3153.7,1077.0,3872.2,989.2,3413.8,1413.2,4617.6,7569.1,4937.1,1789.4,207.5
2026-08-31 22:45:00,775.8,274.1,1020.2,486.1,688.2,376.4,16.4,46.3,321.2,13.2,576.8,1394.1,3268.4,7202.2,1505.6,1462.4,84.7,62.5,1325.8,746.7,445.4,785.1,5009.9,4481.0,2658.3,1116.9,3475.8,5273.0,2909.2,2092.4,1577.4,3146.0,1071.0,3724.4,983.3,3413.0,1410.1,4565.0,7480.7,4934.1,1764.1,204.6
2026-08-31 23:00:00,794.2,294.2,1007.5,292.8,657.7,348.9,18.1,37.6,303.5,21.9,273.1,1433.1,3390.5,7605.5,1461.4,1382.4,124.2,53.1,1016.3,737.7,419.2,778.6,4890.5,4376.2,2543.8,1089.9,3535.9,4504.6,2802.3,2030.6,1542.2,3186.2,1039.1,3535.8,978.6,3283.8,1403.6,4558.6,7382.3,4892.0,1718.3,192.5
2026-08-31 23:15:00,788.8,288.8,986.7,302.0,643.4,348.7,19.6,31.6,301.1,20.9,260.5,1415.1,3569.1,7536.9,1435.3,1367.4,113.8,70.1,1021.7,725.6,425.5,782.4,4842.6,4351.9,2498.6,1088.8,3511.3,4018.8,2793.6,2028.4,1537.4,3186.1,1029.5,3151.8,973.6,3280.2,1393.6,4544.1,7304.5,4877.0,1692.7,193.1
2026-08-31 23:30:00,786.7,286.7,972.4,319.6,629.8,348.3,19.9,31.6,293.7,25.0,270.6,1439.0,3034.3,6988.3,1453.5,1365.7,102.2,53.6,1017.5,729.3,423.9,780.1,4799.9,4350.4,2457.0,1068.9,3499.6,3570.7,2807.6,2011.9,1540.8,3179.6,1023.1,3023.7,969.1,3279.8,1371.3,4532.1,7211.5,4822.1,1672.7,193.1
2026-08-31 23:45:00,785.0,285.0,952.0,326.8,624.4,347.7,20.1,31.6,287.2,20.9,257.6,1419.4,3572.2,6948.3,1408.1,1364.1,101.7,54.0,1014.3,737.9,422.5,491.8,4759.4,4336.9,2402.0,1063.8,3438.4,3250.9,2797.3,2005.0,1543.8,3178.9,1015.7,2914.3,964.9,3279.3,1338.0,4487.0,7063.8,4795.6,1632.1,192.6
2026-09-01 00:00:00,742.6,295.5,942.6,195.8,618.4,38.2,8.8,34.4,276.0,45.4,153.6,1307.8,3424.7,6722.5,1291.2,1319.3,112.1,66.3,1176.1,733.0,423.2,678.9,4745.6,4265.5,2349.4,1097.8,3390.5,3728.1,2777.4,1965.9,1576.0,3318.0,987.6,2782.4,1019.1,3030.5,1358.2,4863.1,7069.8,4702.9,1642.5,182.8
2026-09-01 00:15:00,738.1,287.7,929.1,199.4,613.4,28.1,9.7,34.4,275.2,48.6,138.4,1319.0,3426.6,6719.4,1265.6,1302.6,119.9,66.5,1180.4,741.0,415.1,677.9,4729.2,4257.7,2319.7,1058.3,3379.7,3309.2,2766.2,1951.3,1573.4,3303.9,974.0,2709.3,1009.8,3029.7,1350.3,4869.3,7024.8,4702.7,1624.6,175.6
2026-09-01 00:30:00,729.4,280.3,933.4,196.7,609.0,28.3,10.0,34.5,276.9,44.6,138.9,1300.5,3427.9,6709.4,1242.4,1265.3,121.0,66.5,1188.4,738.3,414.7,638.2,4704.1,4249.2,2283.5,1034.1,3358.5,3008.8,2751.5,1928.6,1571.4,3298.4,968.8,2709.9,1002.9,3029.0,1343.7,4831.6,6993.3,4700.2,1618.6,173.6
2026-09-01 00:45:00,721.7,274.7,917.1,203.0,604.6,29.6,10.6,34.4,272.3,44.6,124.0,1312.4,3428.4,6695.6,1226.4,1260.1,129.2,66.6,1186.0,744.9,418.1,370.7,4690.0,4223.4,2253.7,1029.0,3343.2,2938.9,2738.7,1929.1,1574.3,3301.3,959.0,2671.2,994.6,3027.1,1337.4,4833.4,6950.7,4598.1,1602.4,172.3
2026-09-01 01:00:00,708.0,270.2,928.7,211.6,629.3,31.4,7.1,34.4,272.0,45.9,145.5,1308.5,3587.0,6652.9,1203.8,1245.5,108.5,64.5,1166.7,703.6,434.8,623.9,4699.7,4239.1,2207.2,1019.1,3400.8,3062.1,2689.7,1892.5,1549.4,3275.4,939.2,2585.2,984.8,2996.5,1339.3,4827.7,6858.5,4651.8,1582.9,160.0
2026-09-01 01:15:00,705.8,267.9,929.8,211.7,624.5,27.6,6.9,34.4,269.5,42.4,136.6,1309.9,3586.3,6623.1,1181.4,1231.0,110.9,64.6,1167.7,706.5,433.4,361.9,4688.6,4234.4,2184.9,1018.3,3388.0,2894.7,2686.1,1894.3,1545.8,3270.9,938.3,2571.9,978.7,2996.0,1335.3,4838.6,6833.2,4637.5,1579.7,158.6
2026-09-01 01:30:00,705.1,265.3,930.4,212.5,624.6,27.5,7.1,34.4,266.1,47.6,139.2,1309.6,3587.6,6559.6,1167.0,1234.5,102.5,64.6,1165.3,715.4,434.8,358.9,4674.1,4231.6,2164.6,1018.3,3378.1,2850.0,2683.0,1893.8,1542.8,3268.0,926.4,2541.4,973.2,2995.5,1331.9,4847.8,6820.7,4619.2,1578.2,162.2
2026-09-01 01:45:00,704.7,263.2,929.6,207.0,619.8,27.4,8.5,34.4,265.8,51.4,129.0,1339.6,3621.2,6518.6,1161.4,1227.9,102.8,64.7,1165.9,716.1,434.4,355.3,4694.6,4233.4,2142.2,1018.0,3366.6,2826.1,2681.3,1895.3,1546.7,3271.0,923.2,2487.7,968.3,2995.3,1328.7,4823.4,6787.3,4592.9,1580.5,162.2
2026-09-01 02:00:00,780.3,265.7,930.4,202.9,614.9,28.4,7.5,34.4,259.5,35.3,140.3,1289.8,3522.8,6491.0,1165.2,1232.6,104.7,65.4,1181.0,695.6,430.3,336.8,4613.5,4237.8,2118.4,1029.6,3374.1,3073.4,2675.1,1893.7,1529.3,3252.3,932.5,2343.6,963.7,2975.2,1324.8,4810.4,6876.7,4681.2,1580.5,156.1
2026-09-01 02:15:00,778.4,262.8,929.0,199.5,612.2,27.7,7.0,34.5,263.7,35.2,124.9,1299.6,4069.8,6438.2,1162.5,1230.7,106.4,65.5,1178.7,703.1,430.9,344.3,4605.5,4236.7,2104.6,1030.2,3365.6,3114.9,2674.5,1895.9,1526.9,3256.8,927.5,2431.6,962.8,2974.2,1322.6,4819.6,6862.5,4689.2,1586.0,154.8
2026-09-01 02:30:00,771.8,259.9,920.0,199.5,617.6,27.2,7.2,34.4,257.9,35.2,128.4,1295.4,4063.7,6409.3,1157.3,1212.4,141.1,65.5,1170.7,700.6,428.1,343.2,4604.6,4237.2,2094.4,1029.5,3360.0,3082.3,2672.7,1894.6,1526.2,3252.1,924.8,2343.8,963.3,2973.7,1318.7,4828.7,6853.0,4671.9,1586.7,153.8
2026-09-01 02:45:00,769.3,254.9,908.9,198.0,615.4,27.2,8.4,34.4,258.2,35.2,119.7,1302.2,4055.4,6375.1,1146.9,1212.6,140.6,65.6,1162.8,709.5,425.9,349.1,4601.6,4232.6,2087.9,1032.0,3356.4,3093.4,2673.0,1894.0,1525.9,3250.4,922.3,2343.9,967.7,2973.4,1312.7,4833.3,6836.9,4637.4,1587.1,153.2
2026-09-01 03:00:00,675.3,252.2,934.7,180.3,612.6,62.9,29.3,34.4,261.9,26.5,133.4,1303.6,3945.6,6168.0,1147.6,1202.4,41.6,66.3,1100.1,714.9,423.5,362.0,4620.9,4272.1,2066.9,1032.0,3350.7,2848.3,2673.8,1883.4,1525.5,3244.4,902.1,2353.5,972.8,2918.0,1316.4,4804.0,6821.5,4729.0,1595.0,148.5
2026-09-01 03:15:00,674.2,248.9,938.7,175.7,612.0,62.3,29.1,34.5,266.1,26.5,128.2,1306.2,4044.0,6088.5,1138.1,1193.3,51.2,66.4,1096.5,719.5,419.9,369.8,4637.4,4270.9,2054.3,1032.0,3347.7,2892.1,2673.9,1882.8,1530.4,3253.2,898.4,2370.9,981.1,2918.2,1312.8,4830.6,6835.3,4733.4,1587.5,147.6
2026-09-01 03:30:00,684.0,246.3,939.6,175.5,612.9,63.0,28.8,34.4,265.2,26.5,133.0,1314.0,3951.1,6062.1,1128.7,1201.6,71.6,66.4,1094.3,715.5,416.9,377.0,4641.6,4275.5,2051.7,1032.1,3344.1,2905.6,2669.3,1882.4,1524.5,3248.5,898.2,2367.2,980.7,2918.2,1313.8,4834.4,6832.2,4738.6,1590.6,147.3
2026-09-01 03:45:00,686.6,244.2,947.1,189.5,618.5,62.1,28.5,34.4,270.2,26.5,130.1,1310.3,3949.0,6020.1,1122.9,1195.0,71.8,66.5,1091.5,701.9,413.6,381.7,4651.1,4274.9,2044.3,1031.9,3342.9,2903.5,2670.1,1882.2,1523.6,3245.1,874.5,2339.5,982.0,2918.2,1317.7,4853.0,6829.5,4729.1,1587.2,147.1
2026-09-01 04:00:00,704.4,243.3,945.0,185.9,602.2,201.6,27.4,34.4,274.0,11.1,128.3,1333.1,3905.1,5840.1,1160.9,1155.7,113.8,65.9,1056.2,721.4,402.6,397.4,4663.2,4289.4,2018.4,1018.1,3359.1,3280.9,2673.3,1881.0,1524.0,3227.3,881.5,2317.3,984.4,2984.8,1330.0,4881.1,6700.2,4578.1,1594.5,144.8
2026-09-01 04:15:00,700.3,246.0,966.4,182.8,614.1,202.1,26.9,34.4,278.6,11.0,126.3,1331.6,3352.1,5799.7,1158.1,1155.6,113.4,65.8,1052.6,713.2,400.4,410.5,4678.3,4287.7,2025.0,1018.6,3343.1,3158.1,2676.5,1881.3,1523.4,3228.9,882.7,2330.0,984.8,2984.7,1337.7,4877.3,6709.0,4656.9,1598.1,145.3
2026-09-01 04:30:00,709.8,246.2,990.9,180.0,621.4,203.4,25.6,34.4,282.4,11.0,128.7,1326.5,3309.9,5763.2,1116.2,1135.3,112.7,65.8,1049.9,712.9,399.6,417.3,4695.9,4288.7,2025.1,1018.8,3370.1,3207.8,2676.2,1881.0,1524.1,3228.6,884.1,2333.1,985.9,2984.2,1345.1,4903.6,6724.3,4655.3,1602.5,145.5
2026-09-01 04:45:00,720.4,251.4,1023.2,179.6,636.1,205.0,24.6,34.6,296.3,11.0,128.7,1327.1,3302.7,5714.8,1112.3,1143.1,92.0,65.9,1048.7,712.2,399.8,501.8,4709.9,4309.1,2033.9,1018.6,3351.7,3282.6,2679.1,1880.4,1524.4,3231.9,885.7,2334.9,986.8,2983.7,1350.5,4919.6,6746.1,4652.7,1616.5,144.4
2026-09-01 05:00:00,752.5,244.8,1050.8,181.2,656.2,306.5,1.9,48.4,312.1,18.9,108.5,1293.8,3429.4,5572.2,1163.1,1137.6,84.5,68.1,982.2,719.3,407.1,671.4,5006.2,4202.3,2062.8,1018.0,3327.9,3239.9,2714.3,1928.6,1534.9,3206.3,902.1,2453.7,965.0,3280.6,1363.3,5045.8,6846.8,4686.5,1652.5,171.3
2026-09-01 05:15:00,760.3,248.6,1088.1,181.2,658.7,308.4,1.6,48.5,317.5,18.9,110.2,1294.9,3436.0,5488.4,1166.1,1138.1,102.9,68.8,975.5,728.9,409.2,750.1,5041.6,4224.2,2098.1,1018.9,3340.2,3420.3,2721.8,1943.9,1537.8,3229.7,908.0,2580.0,970.2,3279.7,1376.3,5052.9,6896.8,4693.2,1681.8,175.5
2026-09-01 05:30:00,767.0,251.1,1123.2,186.2,675.6,315.7,1.3,48.4,328.7,18.9,111.5,1304.3,3445.8,5417.5,1125.6,1155.4,72.0,69.6,979.4,743.1,407.6,762.7,5076.2,4233.6,2117.3,1023.2,3354.4,4069.5,2727.9,1955.9,1526.1,3268.9,912.3,2829.9,976.8,3279.9,1397.6,5076.2,6995.7,4690.5,1705.4,177.3
2026-09-01 05:45:00,764.9,254.8,1149.1,193.7,686.8,327.2,1.2,48.4,342.4,18.9,114.7,1305.8,3451.8,5339.8,1117.7,1158.8,90.1,70.3,987.3,752.2,411.1,771.6,5131.1,4283.8,2158.4,1130.1,3369.8,4642.4,2743.0,1951.6,1512.9,3267.1,921.5,2868.7,984.6,3279.5,1420.1,5099.1,7098.1,4686.8,1738.8,176.8
2026-09-01 06:00:00,813.3,258.2,1199.5,620.5,711.4,521.5,2.0,22.8,364.5,38.4,153.2,1319.9,3822.7,5191.3,1207.8,1221.7,202.9,28.6,1073.5,754.8,419.5,751.9,5258.1,4210.2,2303.0,1294.8,3365.3,4838.4,2764.3,1849.5,1540.4,3242.4,955.8,3521.1,1013.5,3314.4,1421.8,4840.4,7394.9,4702.5,1838.1,202.4
2026-09-01 06:15:00,802.0,263.5,1227.4,822.4,725.8,556.8,2.1,24.2,379.4,44.2,159.2,1309.3,3842.3,5883.8,1212.7,1244.6,193.5,29.4,1058.8,773.7,425.1,764.7,5300.1,4263.2,2378.1,1353.8,3386.6,4880.6,2788.4,1849.9,1527.5,3238.1,969.4,3872.1,1023.5,3314.3,1449.0,4831.7,7540.9,4697.8,1890.4,203.2
2026-09-01 06:30:00,801.0,280.7,1229.8,844.8,740.9,603.9,2.0,24.6,398.3,44.6,170.3,1304.3,3847.9,6019.5,1186.7,1258.6,196.6,30.2,1069.2,833.2,431.8,756.4,5325.9,4314.4,2439.7,1354.0,3440.5,4762.7,2804.5,1859.3,1534.0,3235.0,990.0,4052.1,1035.1,3316.1,1476.5,4921.7,7699.3,4701.1,1939.1,203.6
2026-09-01 06:45:00,797.1,295.0,1233.4,849.3,753.8,650.8,2.0,24.9,420.2,44.8,174.9,1299.1,3861.8,6537.9,1199.4,1265.5,206.6,31.0,1084.8,795.6,445.7,760.8,5355.8,4330.9,2518.1,1353.9,3483.9,4782.9,2828.5,1857.9,1538.9,3232.5,1003.1,4295.6,1046.9,3315.8,1496.3,4953.7,7849.0,4752.4,1995.5,204.5
2026-09-01 07:00:00,832.7,307.5,1251.0,677.0,775.8,710.4,2.4,25.4,468.8,28.7,183.6,1371.8,4007.4,6319.2,1248.7,1275.4,195.7,21.2,1182.1,879.4,455.0,779.6,5431.2,4377.0,2717.7,1325.2,3709.5,5206.4,2875.1,1923.7,1563.3,3239.4,1054.5,4130.6,1066.7,3577.6,1529.6,4771.1,8123.0,4946.4,2082.6,234.6
2026-09-01 07:15:00,838.7,327.9,1249.0,665.4,793.3,743.2,2.4,25.8,479.0,29.6,192.3,1370.3,3493.6,5762.1,1259.6,1281.1,197.3,23.4,1185.2,803.2,453.6,772.9,5467.3,4399.8,2770.0,1325.3,3742.3,5125.1,2895.3,1960.7,1566.8,3261.5,1070.7,4152.3,1072.4,3577.2,1538.2,4832.4,8216.3,4957.9,2114.6,249.4
2026-09-01 07:30:00,833.6,343.3,1234.0,654.7,804.5,773.8,2.3,25.9,475.0,63.6,200.3,1363.8,3769.0,6081.7,1271.1,1302.5,189.4,25.0,1183.9,815.1,447.8,771.7,5480.7,4426.7,2798.1,1324.3,3770.3,4915.4,2906.5,2038.3,1571.9,3256.9,1080.7,4160.9,1076.5,3576.9,1542.0,4813.2,8266.0,4983.4,2133.3,238.8
2026-09-01 07:45:00,827.7,359.1,1207.0,642.1,809.4,803.5,3.5,25.1,491.5,23.4,208.0,1355.4,4046.2,6358.1,1280.0,1313.1,186.8,25.1,1203.0,831.3,457.0,755.3,5499.5,4442.1,2828.5,1324.3,3784.2,4602.7,2922.8,2069.5,1581.4,3252.4,1089.8,4188.3,1084.3,3577.8,1548.3,4790.4,8323.8,4951.6,2164.4,215.3
2026-09-01 08:00:00,840.3,363.8,1170.4,640.2,813.2,716.0,4.9,23.9,495.6,67.7,352.7,1326.8,4243.0,6224.6,1563.8,1393.9,217.6,36.5,1447.5,1086.2,439.0,786.9,5487.6,4616.0,2864.0,1219.2,3872.3,4830.4,2944.8,2249.8,1593.1,3195.4,1108.7,4119.5,1088.3,3625.2,1549.5,4623.0,8349.0,5090.5,2155.8,314.4
2026-09-01 08:15:00,827.3,382.3,1139.2,631.8,815.0,745.5,8.1,25.0,489.7,67.8,358.2,1311.9,4275.4,5483.3,1535.2,1340.0,194.0,38.0,1445.5,890.9,435.3,751.7,5499.6,4623.5,2876.8,1220.7,3869.6,4709.3,2950.3,2281.5,1592.0,3193.9,1111.0,4151.7,1088.5,3625.5,1548.6,4576.2,8328.8,5096.4,2170.0,264.3
2026-09-01 08:30:00,823.8,401.1,1084.3,624.3,812.2,777.0,8.8,26.3,482.3,17.2,354.6,1316.8,4295.2,5067.3,1560.7,1424.1,212.9,38.7,1436.7,906.9,430.3,734.2,5514.0,4589.4,2876.9,1221.2,3867.9,4843.6,2945.5,2298.0,1592.9,3192.4,1117.6,4129.2,1090.7,3625.9,1547.9,4567.6,8321.3,5047.8,2157.7,269.8
2026-09-01 08:45:00,807.9,421.1,1051.6,428.3,811.0,787.5,9.6,27.4,468.9,13.8,366.9,1336.5,4304.7,5076.9,1646.6,1565.0,212.5,38.7,1612.6,890.8,435.1,728.1,5511.5,4601.0,2884.4,1220.5,3876.8,4451.6,2948.2,2348.6,1594.7,3191.0,1129.7,4162.0,1096.8,3626.0,1548.5,4530.1,8313.6,5020.7,2153.6,276.8
2026-09-01 09:00:00,812.2,431.2,1010.0,387.2,807.8,543.1,71.3,15.1,439.3,11.5,290.5,1290.9,4458.2,5417.4,1661.0,1724.5,120.9,151.1,1664.7,1114.3,507.7,785.9,5524.3,4604.3,2885.3,1282.0,3855.3,4260.0,2940.9,2451.8,1600.7,3105.9,1121.9,3923.7,1102.1,3635.5,1529.3,4514.4,8259.2,4906.4,2119.9,226.2
2026-09-01 09:15:00,789.6,446.2,992.8,392.0,809.4,560.1,72.0,16.0,428.4,23.6,293.0,1337.9,4472.0,5507.5,1608.7,1737.7,120.8,148.4,1675.2,981.6,509.2,753.3,5531.9,4611.9,2881.4,1282.4,3842.6,3533.7,2938.7,2452.6,1604.5,3106.0,1121.9,3867.7,1101.2,3636.6,1525.6,4484.4,8229.0,4917.7,2102.2,233.1
2026-09-01 09:30:00,788.9,462.1,978.3,197.4,806.8,582.5,72.5,16.6,417.0,23.2,280.9,1338.0,4488.0,5465.7,1586.3,1618.2,120.8,134.2,1693.6,795.4,525.7,451.2,5529.3,4592.5,2882.0,1230.0,3840.9,2694.1,2933.5,2454.9,1599.9,3106.2,1124.8,3498.7,1099.8,3638.2,1519.9,4454.3,8205.3,4926.9,2087.6,239.8
2026-09-01 09:45:00,774.7,473.6,965.2,205.5,804.4,586.6,73.0,17.2,402.7,26.5,297.6,1362.1,4553.8,5369.0,1515.3,1509.1,120.8,138.6,1874.1,839.5,547.0,470.1,5531.3,4566.7,2878.0,1139.5,3911.2,2034.1,2929.8,2451.4,1602.6,3104.6,1118.3,3131.5,1099.2,3639.8,1509.0,4422.8,8181.2,4895.4,2077.6,246.7
2026-09-01 10:00:00,769.9,482.3,953.8,211.6,800.0,508.6,90.1,11.0,384.0,48.0,235.0,1391.6,4527.2,6024.4,1691.2,1476.1,153.2,81.3,1673.9,873.3,470.9,479.5,5503.2,4489.9,2871.2,1096.9,3903.3,2074.7,2931.0,2472.9,1602.8,3108.5,1104.9,2861.5,1092.1,3627.8,1495.2,4467.0,8182.8,4894.0,2073.7,160.4
2026-09-01 10:15:00,762.6,502.3,929.1,223.5,796.1,514.8,88.5,11.8,352.3,39.2,245.2,1401.4,4791.7,6079.8,1638.6,1503.1,174.5,81.6,1660.9,736.1,470.9,480.5,5486.7,4468.7,2872.3,1037.6,3899.2,1687.2,2927.5,2473.9,1609.8,3082.1,1122.6,2459.6,1089.8,3630.4,1481.9,4448.4,8155.0,4856.1,2064.3,168.1
2026-09-01 10:30:00,757.3,517.8,926.7,240.8,794.8,522.8,88.3,13.4,324.9,45.3,239.2,1442.3,5339.4,6099.1,1621.8,1565.2,155.4,81.9,1659.6,777.6,470.3,490.3,5478.0,4451.6,2871.7,955.8,3885.8,1472.3,2922.2,2477.0,1612.6,3077.9,1138.4,2217.9,1089.0,3632.1,1475.6,4430.1,8135.5,4876.4,2053.2,174.9
2026-09-01 10:45:00,748.8,514.5,898.6,255.4,784.2,522.3,90.2,23.2,306.7,55.0,244.7,1456.9,5345.5,6138.3,1566.9,1602.3,168.4,82.1,1805.5,799.8,469.9,509.8,5480.7,4444.3,2860.1,953.0,3870.9,1331.9,2923.8,2473.4,1642.7,3052.8,1137.3,1942.8,1090.0,3634.4,1471.6,4402.1,8094.7,4893.1,2041.6,181.9
2026-09-01 11:00:00,735.0,512.5,1125.6,275.2,770.3,518.7,69.2,17.5,298.9,86.7,279.6,1526.5,5422.7,6604.8,1740.6,1652.5,161.7,56.6,1761.5,1036.3,494.7,543.2,5457.4,4421.5,2850.9,1031.0,3873.3,1429.6,2912.4,2402.4,1601.0,3078.8,1110.6,1901.3,1082.8,3463.9,1473.9,4205.7,8013.1,4729.0,2018.2,196.1
2026-09-01 11:15:00,728.9,513.4,1101.1,304.9,766.8,514.8,70.0,14.5,282.6,90.7,283.0,1529.5,5410.7,6602.8,1692.4,1679.9,161.9,24.1,1750.2,863.4,484.1,522.7,5460.4,4412.8,2849.7,1031.8,3870.7,1404.3,2910.8,2366.7,1617.3,3076.3,1106.0,1852.3,1080.8,3465.2,1470.3,4190.2,7995.7,4739.1,2004.1,202.1
2026-09-01 11:30:00,729.1,526.5,1293.9,336.1,771.7,499.5,69.9,19.9,272.4,101.4,297.6,1549.8,5474.2,6591.7,1661.3,1703.4,165.8,8.7,1748.9,869.6,487.6,527.1,5414.4,4434.8,2843.4,1032.8,3855.7,1392.3,2907.2,2401.7,1616.6,3076.3,1106.5,1817.7,1079.4,3467.6,1467.2,4178.5,7968.7,4751.4,1988.4,206.6
2026-09-01 11:45:00,734.6,512.2,1271.3,366.5,780.6,474.1,71.1,14.9,262.8,48.3,312.5,1557.4,5400.3,6468.0,1614.5,1709.0,167.5,8.4,1916.1,874.1,493.5,542.3,5406.3,4428.6,2841.5,1033.9,3851.2,1399.0,2907.2,2353.7,1625.8,3074.9,1106.7,1832.2,1078.0,3469.9,1460.9,4166.2,7942.0,4726.6,1968.1,210.8
2026-09-01 12:00:00,738.5,518.9,1302.8,395.5,787.6,461.6,59.9,31.1,220.4,75.6,337.6,1571.5,5535.7,6907.8,1801.6,1756.0,175.8,47.4,1655.7,874.8,515.1,540.5,5372.6,4399.1,2830.4,1051.4,3823.6,1668.0,2901.2,2307.0,1590.4,3075.4,1097.8,1754.2,1064.3,3368.7,1458.8,3912.6,7923.8,4673.5,1978.9,225.9
2026-09-01 12:15:00,740.5,521.5,1295.6,415.2,797.3,451.8,59.7,30.3,208.2,60.6,347.1,1556.0,5714.8,6639.0,1765.5,1764.2,175.4,42.9,1653.9,865.3,514.5,529.6,5357.9,4401.9,2827.6,1052.2,3816.5,1666.3,2898.2,2310.2,1589.6,3064.0,1094.5,1723.7,1062.9,3371.2,1457.3,3903.1,7909.6,4679.5,1958.8,233.3
2026-09-01 12:30:00,730.4,517.1,1283.6,432.6,798.0,446.3,59.4,30.4,205.6,62.3,349.6,1563.8,5753.7,6508.5,1722.8,1744.0,175.1,39.9,1657.9,871.9,514.3,545.6,5379.4,4404.9,2827.3,1052.3,3818.7,1663.1,2891.3,2316.1,1596.3,3061.7,1093.2,1669.2,1061.6,3373.6,1452.8,3896.2,7890.7,4679.3,1952.0,239.5
2026-09-01 12:45:00,729.8,511.9,1274.6,448.8,806.6,438.0,59.4,31.0,209.4,65.6,368.2,1586.5,5786.7,6423.6,1695.7,1763.0,174.9,35.8,1660.4,882.8,516.5,547.3,5375.7,4397.4,2828.1,1051.8,3813.2,1665.6,2892.1,2299.8,1603.2,3061.3,1091.2,1652.5,1060.8,3376.3,1451.8,3887.6,7894.8,4668.4,1942.9,245.9
2026-09-01 13:00:00,731.5,519.9,1299.0,453.9,843.6,429.6,12.8,28.8,203.7,73.3,453.3,1601.8,5913.0,6665.5,1683.1,1767.5,172.2,91.1,1687.1,903.1,504.3,554.7,5314.6,4363.9,2824.0,1062.0,3772.0,1476.0,2878.9,2307.1,1589.6,3081.7,1082.3,1854.5,1054.5,3386.3,1440.3,3805.3,7993.0,4797.4,1906.9,260.1
2026-09-01 13:15:00,736.2,511.6,1292.1,482.4,855.6,422.3,12.7,28.0,203.6,67.1,448.6,1604.4,5928.6,6537.1,1671.1,1771.0,169.8,91.1,1689.5,911.0,503.2,553.8,5326.4,4359.8,2831.1,1062.0,3777.0,1514.5,2881.9,2304.2,1586.8,3080.0,1082.5,1840.4,1053.4,3389.4,1436.6,3800.0,8012.9,4799.3,1898.8,267.0
2026-09-01 13:30:00,738.0,500.5,1291.5,487.2,862.9,416.8,17.5,24.0,207.1,69.6,451.6,1609.0,5936.6,6366.5,1660.7,1789.0,167.5,91.2,1711.1,917.2,500.9,555.8,5360.5,4363.3,2832.6,1062.1,3779.0,1517.4,2879.6,2297.1,1587.9,3072.3,1084.4,1843.0,1049.5,3391.9,1431.9,3791.8,7990.9,4786.4,1885.6,264.2
2026-09-01 13:45:00,741.4,474.9,1299.6,512.4,860.7,414.3,31.1,28.0,206.7,68.3,451.9,1609.7,5958.9,6271.8,1657.1,1798.6,165.2,91.0,1712.3,929.8,505.6,571.9,5352.2,4350.1,2831.7,1062.2,3775.6,1533.8,2881.0,2268.5,1588.4,3064.6,1079.7,1833.3,1044.2,3395.4,1425.7,3781.3,7988.5,4782.8,1869.2,267.6
2026-09-01 14:00:00,778.4,463.5,1292.7,530.6,859.9,412.0,23.7,54.1,204.6,58.2,461.4,1587.8,5780.4,6277.7,1646.1,1797.2,164.7,120.8,1637.7,980.8,519.5,570.9,5465.1,4316.3,2834.9,1062.4,3805.9,1510.6,2872.2,2361.9,1645.6,3010.7,1084.6,1881.0,1035.4,3566.3,1412.8,3809.4,7990.1,4813.7,1844.9,283.3
2026-09-01 14:15:00,785.9,451.4,1301.7,540.7,862.0,393.7,16.2,49.0,210.1,56.1,467.4,1580.0,5755.0,6323.7,1650.0,1799.6,165.4,134.6,1614.2,988.4,510.9,562.6,5461.8,4308.7,2840.6,1061.9,3807.3,1513.1,2872.9,2366.7,1649.8,3014.8,1083.6,1898.8,1028.5,3570.0,1408.4,3802.3,7986.4,4812.9,1830.5,286.1
2026-09-01 14:30:00,790.1,437.1,1295.3,539.6,859.2,367.3,16.2,44.8,204.4,52.1,497.5,1572.9,5743.3,6375.1,1656.5,1789.5,166.2,136.1,1595.8,1009.9,511.0,564.6,5466.4,4315.4,2837.1,1061.3,3803.8,1512.2,2863.3,2408.0,1643.0,3030.1,1088.2,1887.7,1020.9,3573.9,1406.8,3797.2,7978.1,4814.5,1827.0,289.1
2026-09-01 14:45:00,796.0,422.0,1297.4,533.9,860.6,341.8,12.8,53.8,200.6,61.4,446.8,1573.3,5696.6,6438.0,1670.5,1817.1,166.9,128.7,1591.1,1070.6,510.6,572.3,5433.7,4306.5,2848.8,1060.6,3806.7,1514.9,2868.3,2410.7,1642.6,3026.1,1082.3,1902.4,1013.5,3576.8,1411.5,3788.8,7954.8,4811.5,1821.7,288.7
2026-09-01 15:00:00,826.7,396.2,1251.6,532.4,845.1,317.2,40.2,51.6,200.1,51.2,416.6,1567.3,5475.0,6258.6,1416.3,1768.9,162.3,112.6,1765.7,1076.2,532.2,581.1,5441.1,4459.5,2863.1,1064.8,3759.2,1486.6,2901.0,2458.2,1672.1,3003.7,1083.4,1983.4,998.3,3616.4,1411.4,3860.2,7831.9,4711.0,1822.0,297.8
2026-09-01 15:15:00,833.3,385.0,1272.4,556.5,832.4,294.3,40.3,51.3,197.9,55.5,416.2,1565.5,5388.2,6340.5,1444.0,1758.7,160.4,107.3,1569.7,1087.1,505.1,583.0,5437.9,4450.9,2868.7,1064.3,3757.7,1481.2,2900.4,2503.7,1674.1,3021.5,1085.9,2011.6,994.4,3624.1,1418.4,3850.7,7846.7,4709.9,1824.8,298.1
2026-09-01 15:30:00,839.3,361.9,1070.4,555.7,830.0,271.9,37.8,56.4,201.1,114.6,416.8,1549.2,5359.9,6653.2,1464.3,1727.9,158.3,122.7,1542.6,1117.3,494.5,583.6,5460.6,4433.2,2887.2,1063.5,3762.9,1485.1,2900.4,2503.0,1676.4,3021.1,1090.1,2061.1,996.3,3637.8,1426.5,3841.0,7866.3,4695.7,1826.6,286.9
2026-09-01 15:45:00,849.7,351.9,1100.3,561.6,822.0,252.7,37.0,68.9,205.3,103.9,376.0,1540.1,4581.8,6709.3,1497.9,1690.1,156.3,119.2,1535.2,1296.4,486.5,594.3,5425.5,4428.7,2896.0,1062.8,3767.4,1486.0,2902.7,2505.6,1677.2,3046.0,1096.0,2180.7,997.4,3649.2,1433.0,3830.7,7881.0,4693.5,1817.3,281.0
2026-09-01 16:00:00,785.0,316.6,872.3,570.7,795.2,386.6,39.9,68.8,242.5,102.1,330.8,1517.4,4606.4,6239.8,1393.6,1661.5,130.0,55.4,1807.2,1183.7,555.5,591.5,5531.9,4566.8,2935.5,1021.3,3791.9,1518.9,2907.7,2388.7,1689.4,2956.6,1096.7,1948.9,1001.6,3704.7,1447.1,4119.1,7910.4,4688.8,1791.4,273.9
2026-09-01 16:15:00,792.2,311.8,924.5,568.1,796.6,364.7,26.4,65.5,246.1,94.4,297.1,1507.1,4502.8,6301.6,1436.1,1619.6,130.0,65.2,1620.9,1214.1,527.8,588.0,5531.9,4567.9,2950.0,1020.5,3793.2,1518.1,2907.2,2450.7,1687.4,2962.5,1106.8,1958.6,1005.8,3715.4,1453.5,4127.7,7944.1,4708.6,1802.1,268.0
2026-09-01 16:30:00,800.5,300.3,967.3,565.8,800.4,344.1,26.1,65.7,232.0,86.4,293.3,1517.7,5221.3,6442.5,1474.4,1596.7,130.0,47.1,1636.8,1290.6,516.1,591.1,5531.2,4578.7,2958.0,1023.6,3794.0,1580.4,2902.9,2460.0,1682.1,2982.7,1101.0,2213.7,1010.0,3719.8,1474.3,4134.5,7986.9,4884.7,1817.1,258.6
2026-09-01 16:45:00,811.1,289.7,1028.2,567.5,806.6,324.4,26.1,64.1,227.4,79.1,292.5,1510.1,4288.0,6344.0,1555.0,1531.1,130.0,25.3,1646.5,1599.0,534.7,615.9,5536.9,4603.7,2950.2,1103.2,3789.5,1813.7,2900.5,2468.0,1679.4,3067.1,1064.0,2561.4,1018.9,3723.5,1496.5,4123.3,8044.9,4874.0,1837.9,248.2
2026-09-01 17:00:00,822.3,286.8,1084.0,563.6,808.2,322.9,2.0,63.0,208.6,71.5,267.2,1442.2,4310.8,5646.4,1405.4,1455.9,31.5,87.9,1584.1,1478.4,556.8,612.7,5390.5,4918.5,2952.6,1107.7,3756.0,1727.7,2892.8,2453.3,1652.6,2928.4,1104.0,3022.5,1025.9,3816.3,1524.6,4218.6,8215.1,5020.4,1895.0,308.7
2026-09-01 17:15:00,830.1,272.4,1128.6,775.7,810.1,299.8,2.0,62.1,214.5,57.5,266.7,1426.3,4300.3,5609.6,1502.5,1489.8,35.3,86.3,1415.0,1513.5,566.7,611.5,5405.1,4946.3,2951.4,1213.8,3675.0,2189.6,2890.7,2460.7,1645.6,3037.0,1095.9,3692.7,1031.2,3816.1,1543.8,4206.2,8276.1,5023.1,1921.2,305.5
2026-09-01 17:30:00,832.2,277.3,1166.5,744.4,810.6,278.3,2.0,61.3,229.7,43.7,269.2,1404.7,4255.8,5587.6,1545.5,1596.9,52.0,84.5,1426.6,1608.1,560.2,915.3,5419.1,4955.2,2945.4,1367.4,3682.3,2971.8,2899.6,2466.7,1646.2,3102.1,1093.2,3791.5,1030.2,3816.0,1557.9,4191.1,8329.0,5023.6,1943.9,302.0
2026-09-01 17:45:00,846.1,298.8,1182.4,754.8,809.4,262.1,2.0,60.4,252.8,31.3,289.0,1392.4,4311.8,5891.8,1612.7,1704.6,7.3,84.3,1415.3,2072.2,557.6,927.9,5432.6,4934.1,2946.7,1393.4,3692.7,3662.4,2901.8,2469.3,1639.7,3104.7,1095.2,3814.4,1032.1,3817.3,1562.5,4170.9,8381.5,5052.3,1963.1,293.8
2026-09-01 18:00:00,849.2,275.5,1223.5,785.7,829.7,470.1,2.0,59.4,262.6,37.8,320.2,1338.1,4286.3,5198.3,1663.7,1536.2,201.8,0.7,1534.5,1839.6,537.9,602.2,5487.0,4919.3,2929.0,1341.3,3647.3,3515.3,2946.9,2353.9,1634.7,3160.2,1083.6,4215.2,1026.3,3866.3,1559.3,4268.5,8369.1,5152.2,1956.0,305.1
2026-09-01 18:15:00,860.8,271.4,1233.5,785.9,843.0,468.4,2.0,58.8,275.0,31.7,297.3,1318.0,3751.2,5476.7,1530.6,1330.8,237.8,0.4,1347.3,1860.6,539.1,911.6,5506.9,4926.2,2931.1,1342.9,3646.5,4241.5,2948.6,2312.1,1631.0,3157.9,1083.5,4265.9,1024.3,3870.1,1559.2,4270.8,8384.2,5170.3,1960.2,301.0
2026-09-01 18:30:00,872.8,275.1,1240.7,809.5,839.0,471.8,2.0,58.3,299.2,25.2,330.4,1289.8,3422.6,5337.3,1412.2,1129.1,212.1,0.5,1354.6,1921.5,541.4,909.5,5512.9,4940.4,2939.2,1343.4,3668.2,4770.1,2943.4,2311.8,1629.5,3156.7,1084.2,4242.2,1023.2,3875.3,1562.1,4258.8,8395.7,5181.7,1965.5,298.5
2026-09-01 18:45:00,875.5,275.1,1239.9,806.3,845.3,463.2,2.0,60.9,324.2,50.0,360.5,1272.7,3415.7,5238.2,1619.9,1250.6,221.0,0.3,1352.2,2093.6,533.6,934.8,5511.0,4920.7,2943.4,1343.0,3675.7,4878.8,2944.6,2311.4,1629.9,3154.6,1085.8,4244.1,1023.7,3880.9,1569.2,4252.1,8407.0,5229.2,1963.4,294.8
2026-09-01 19:00:00,867.9,255.1,1258.7,1051.9,856.1,492.7,12.0,11.2,332.3,26.2,432.2,1261.9,3367.1,4885.1,1766.2,1229.6,220.4,10.1,1429.1,1883.6,557.8,926.3,5585.1,4846.4,2940.6,1396.6,3670.2,4873.1,2951.9,2288.4,1609.1,3149.4,1091.2,4291.1,1019.3,3825.4,1573.9,4267.0,8425.5,5349.4,1965.6,303.0
2026-09-01 19:15:00,871.7,255.1,1269.8,1066.5,860.3,504.9,12.0,11.1,353.7,95.2,439.1,1247.8,3359.8,5053.5,1822.0,1209.7,239.4,9.9,1270.3,1876.0,545.5,934.0,5583.4,4824.4,2944.9,1419.0,3679.5,4849.4,2954.4,2313.1,1612.8,3148.9,1098.4,4255.8,1018.9,3827.5,1575.6,4270.2,8400.9,5352.8,1963.0,303.7
2026-09-01 19:30:00,872.8,254.7,1278.9,1080.2,861.6,505.1,12.0,11.1,371.2,90.9,445.7,1263.4,3276.5,5224.1,1842.3,1207.3,234.0,9.5,1227.0,1864.3,542.2,934.0,5572.4,4804.3,2949.0,1421.1,3691.7,4850.3,2951.6,2322.6,1622.5,3147.7,1100.7,4241.1,1017.3,3838.7,1575.8,4261.7,8382.1,5342.5,1961.3,304.8
2026-09-01 19:45:00,884.6,255.1,1284.6,1095.3,862.3,504.9,12.0,11.1,377.0,87.6,441.3,1253.5,3275.2,5251.6,1899.5,1228.1,251.2,9.3,1219.9,2035.0,534.0,939.5,5552.3,4814.2,2951.7,1423.0,3692.1,4886.0,2956.5,2285.6,1628.9,3145.2,1104.7,4290.8,1015.3,3851.0,1570.2,4235.1,8387.3,5255.7,1953.9,304.7
2026-09-01 20:00:00,892.4,244.0,1262.7,1100.8,861.1,497.0,2.4,33.0,384.9,88.0,388.8,1342.4,3231.5,5018.7,1737.1,1215.0,273.4,8.2,1273.2,1822.4,523.9,937.2,5518.7,4745.0,2953.8,1416.2,3739.1,4930.4,2963.3,2261.5,1606.5,3154.6,1112.5,4326.5,1013.3,3806.2,1567.9,4255.1,8408.5,5291.5,1948.5,271.5
2026-09-01 20:15:00,894.4,244.4,1260.7,1099.5,854.1,495.3,2.4,33.1,379.4,86.5,366.9,1336.8,3224.5,4941.3,1758.2,1230.3,274.1,8.2,1229.8,1817.1,522.0,941.7,5504.4,4761.8,2954.6,1418.3,3727.1,4900.7,2965.9,2264.5,1615.0,3154.3,1114.7,4313.5,1012.5,3816.3,1563.3,4231.8,8382.8,5248.2,1928.2,273.6
2026-09-01 20:30:00,887.3,253.6,1254.8,1117.9,843.9,502.7,2.4,33.1,378.3,85.9,339.7,1335.6,3218.9,4784.4,1759.1,1234.3,280.0,8.2,1222.1,1824.5,520.5,949.0,5481.3,4783.4,2949.8,1421.2,3730.3,4831.8,2972.4,2249.2,1646.5,3151.3,1118.2,4263.2,1010.9,3826.7,1562.9,4203.2,8351.2,5223.7,1924.4,286.6
2026-09-01 20:45:00,879.3,266.2,1233.6,1121.8,827.6,505.5,4.1,33.1,376.0,86.0,337.9,1343.6,3213.4,4819.0,1755.6,1236.7,264.3,8.2,1269.4,1861.1,518.4,946.8,5446.2,4795.3,2960.5,1424.2,3733.4,4749.4,2965.2,2226.6,1643.4,3110.9,1121.1,4200.2,1008.9,3836.3,1559.2,4127.5,8309.7,5226.7,1907.2,304.0
2026-09-01 21:00:00,879.3,246.2,1197.1,920.4,813.4,449.4,2.3,19.5,380.9,92.4,327.3,1329.4,3107.4,4800.7,1696.5,1272.8,277.8,4.1,1166.2,1859.4,485.5,977.8,5495.0,4784.7,2939.6,1469.4,3771.7,4760.2,2972.5,2166.7,1605.0,3118.8,1125.9,4193.9,1007.3,3780.4,1495.4,4202.2,8151.6,5228.3,1872.8,359.2
2026-09-01 21:15:00,864.8,239.9,1167.5,916.1,795.5,441.1,2.3,19.4,374.8,92.9,319.7,1336.4,3099.5,4724.4,1677.7,1253.6,256.6,4.2,1160.4,1847.4,483.2,958.0,5519.5,4801.6,2932.5,1413.7,3757.4,4733.1,2971.1,2148.1,1638.7,3114.9,1122.0,4092.6,1001.0,3785.6,1484.7,4200.0,8057.5,5193.0,1840.7,374.1
2026-09-01 21:30:00,851.6,251.2,1134.3,924.4,775.7,441.9,2.3,19.5,389.7,30.6,307.6,1322.7,3091.6,4613.8,1700.0,1252.5,257.2,4.2,1155.3,1861.4,480.3,945.2,5500.4,4813.3,2913.3,1393.0,3746.7,4727.4,2968.2,2149.4,1648.1,3073.4,1120.0,3829.5,996.1,3790.6,1473.7,4164.8,7950.8,5209.6,1819.7,388.1
2026-09-01 21:45:00,833.0,243.8,1092.9,940.7,751.6,443.5,3.6,19.4,383.4,29.4,298.5,1333.8,3093.5,4316.7,1685.1,1230.9,257.7,4.2,1201.8,1861.8,477.2,939.4,5459.2,4806.8,2897.3,1334.0,3726.5,4713.9,2956.6,2130.4,1652.1,3021.0,1112.3,3569.3,989.8,3794.9,1456.2,4127.1,7846.1,5230.4,1789.9,399.1
2026-09-01 22:00:00,806.2,253.2,1066.0,941.7,733.8,234.4,2.0,23.0,358.9,27.3,238.8,1246.2,2873.5,4257.5,1567.4,1289.2,90.2,65.7,1101.4,1838.5,469.3,937.1,5351.9,4825.2,2810.9,1284.9,3649.2,4648.1,2939.1,2076.1,1652.8,3055.9,1095.4,3481.5,977.8,3710.5,1454.9,4106.3,7652.0,5230.3,1749.9,364.2
2026-09-01 22:15:00,791.2,253.0,1038.3,743.6,711.4,238.0,2.0,23.9,373.0,27.3,234.8,1262.2,2873.5,4203.6,1572.5,1265.2,89.7,65.9,1096.4,1824.8,466.6,916.1,5290.0,4779.3,2779.8,1285.9,3616.5,4610.2,2931.3,2035.3,1653.5,3046.0,1091.8,3460.1,970.6,3711.6,1433.1,4007.4,7546.8,5258.9,1715.2,373.7
2026-09-01 22:30:00,782.0,245.6,1011.8,772.6,692.1,235.9,2.0,22.3,360.7,27.3,235.5,1250.7,2871.2,4251.4,1595.0,1266.3,89.5,65.8,1091.9,1836.7,463.5,892.8,5225.8,4769.5,2735.9,1225.3,3593.5,4589.8,2921.2,1986.8,1647.7,2981.2,1082.9,3219.8,965.1,3711.3,1415.0,3974.2,7435.4,5284.4,1685.7,385.8
2026-09-01 22:45:00,769.4,243.5,991.6,746.9,677.4,231.1,2.7,21.8,357.5,27.3,229.7,1259.5,2880.4,4240.1,1566.6,1254.3,68.7,65.9,1086.0,1844.1,460.9,889.3,5184.1,4790.3,2700.8,1179.0,3554.9,4551.4,2914.2,2004.8,1650.2,2963.2,1074.4,3050.4,959.9,3710.2,1401.1,3912.2,7356.5,5303.4,1656.8,393.8
2026-09-01 23:00:00,756.4,245.6,960.3,662.2,649.1,102.5,2.4,37.8,360.5,15.7,226.7,1257.8,3062.8,4203.0,1463.2,1231.5,211.0,31.9,1031.7,1816.8,448.9,883.7,5035.8,4761.2,2597.9,1217.1,3452.4,4415.1,2868.9,2009.4,1667.9,2965.9,1050.4,2874.5,949.4,3648.2,1405.4,3716.8,7216.0,5352.6,1654.1,412.1
2026-09-01 23:15:00,747.2,232.9,938.2,656.2,643.4,102.0,2.9,37.8,343.7,15.7,216.7,1260.8,3227.3,4088.6,1432.8,1206.2,175.8,32.2,1027.8,1812.1,447.6,876.8,4988.7,4766.7,2545.5,1154.5,3418.8,4377.2,2857.4,2047.9,1662.5,2941.7,1036.1,2789.4,943.9,3646.3,1390.7,3680.8,7122.2,5257.2,1628.1,417.9
2026-09-01 23:30:00,732.7,232.1,908.1,624.9,635.8,101.5,3.3,37.8,341.3,15.7,217.8,1257.8,3292.4,4076.4,1448.2,1209.1,195.5,32.2,1023.4,1819.3,446.3,873.4,4976.3,4792.7,2508.1,1132.0,3394.9,4350.4,2845.6,2057.6,1665.8,2928.5,1023.8,2714.5,937.8,3643.6,1370.9,3617.7,7032.2,5174.9,1598.5,421.1
2026-09-01 23:45:00,725.5,232.7,885.9,605.5,626.7,100.9,3.8,37.8,337.8,15.7,197.5,1274.9,3679.9,4069.9,1426.5,1213.9,195.0,32.4,1016.3,1828.0,448.5,869.0,4936.6,4710.8,2463.5,1136.6,3366.4,4315.3,2836.1,1957.0,1666.2,2911.0,1014.7,2647.1,930.5,3640.3,1347.8,3596.7,6946.2,5209.3,1567.2,432.5
2026-09-02 00:00:00,699.0,234.7,878.4,721.8,608.0,46.3,14.5,40.7,302.1,18.4,142.6,1292.7,3162.8,4194.9,1336.4,1320.0,60.0,112.6,1038.3,1826.4,437.1,826.8,4551.2,4741.2,2350.3,1284.4,3542.4,3893.7,2648.1,1918.0,1619.3,2834.4,994.8,2463.5,931.4,3324.6,1335.5,3613.8,6889.0,5189.9,1484.4,327.5
2026-09-02 00:15:00,704.3,234.1,878.3,715.9,598.8,46.0,14.6,40.7,300.8,18.4,128.9,1284.0,3168.7,4139.9,1331.0,1299.8,80.2,94.5,1033.2,1835.8,440.4,802.6,4521.3,4753.7,2320.0,1246.2,3530.5,3920.2,2638.5,1922.4,1615.2,2808.0,981.8,2384.3,924.3,3317.9,1324.8,3565.4,6826.5,5206.2,1467.4,336.1
2026-09-02 00:30:00,698.3,233.4,870.1,681.7,596.9,45.7,14.5,40.7,314.2,18.4,114.6,1281.7,3377.3,4180.8,1321.3,1289.0,80.3,67.4,1033.6,1853.2,454.1,789.7,4501.3,4730.0,2284.1,1227.6,3501.7,3876.1,2625.1,1911.4,1612.9,2800.6,971.4,2331.7,919.4,3311.7,1316.5,3559.3,6781.1,5209.3,1469.5,341.0
2026-09-02 00:45:00,689.9,234.0,859.6,674.9,591.8,45.4,14.5,40.7,306.1,18.4,126.7,1288.4,3385.9,4167.7,1345.5,1291.3,116.1,61.2,1035.4,1853.1,463.5,780.9,4485.6,4726.3,2249.0,1225.0,3485.8,3718.8,2613.4,1882.2,1614.7,2786.1,960.3,2238.9,914.2,3304.6,1306.7,3539.7,6732.7,5234.7,1454.6,344.2
2026-09-02 01:00:00,692.5,223.2,852.8,649.7,601.6,44.5,24.5,41.7,330.4,16.1,128.9,1294.7,3414.0,4125.7,1277.5,1267.4,18.1,97.1,1021.2,1826.3,437.9,762.0,4526.2,4686.8,2206.1,1186.4,3485.0,3913.2,2530.5,1892.1,1550.3,2799.9,923.2,2109.0,907.7,3146.1,1289.8,3665.9,6647.5,5289.2,1430.4,355.8
2026-09-02 01:15:00,689.9,223.7,855.0,642.3,609.5,41.8,24.5,41.7,325.4,16.1,114.9,1296.1,3459.0,4099.7,1256.3,1269.6,1.3,97.3,1020.6,1826.0,442.7,741.0,4518.1,4623.3,2183.8,1183.2,3474.4,3873.7,2528.1,1896.4,1548.0,2829.3,941.7,2103.1,905.2,3139.1,1284.3,3659.9,6632.2,5300.3,1420.2,365.1
2026-09-02 01:30:00,693.8,224.9,852.6,622.2,616.4,39.1,24.5,41.7,317.2,16.1,115.3,1297.0,3514.0,4110.2,1242.1,1274.0,3.7,97.5,1018.6,1834.1,443.6,726.6,4535.2,4582.4,2158.0,1178.9,3466.3,3816.7,2524.4,1893.9,1544.3,2852.5,930.6,2071.2,903.4,3132.7,1280.7,3656.5,6591.3,5303.6,1413.2,371.0
2026-09-02 01:45:00,693.1,226.6,854.2,604.8,618.9,36.5,24.6,41.7,319.4,16.1,103.4,1297.9,3543.9,4100.2,1239.7,1277.5,1.6,97.7,1016.6,1838.5,446.0,712.6,4528.2,4563.8,2137.3,1176.5,3460.4,3772.0,2520.8,1895.9,1549.0,2866.0,926.7,2045.3,900.5,3126.0,1275.7,3655.2,6568.7,5300.8,1406.3,372.8
2026-09-02 02:00:00,753.1,236.7,876.6,597.4,642.9,35.1,29.5,39.7,310.9,8.3,116.4,1302.6,3486.7,4113.4,1239.2,1258.1,4.2,97.1,1010.3,1814.8,426.1,695.6,4503.7,4514.6,2106.9,1209.1,3444.7,3829.7,2486.5,1882.0,1528.5,2846.0,937.8,1966.4,898.6,3039.1,1276.9,3809.1,6723.5,5481.0,1404.2,370.8
2026-09-02 02:15:00,753.6,238.8,885.9,594.6,641.4,34.9,30.8,39.7,325.4,8.3,108.2,1304.1,3472.8,4110.7,1250.8,1261.2,12.5,97.1,1011.7,1815.8,436.9,653.0,4498.5,4489.7,2092.4,1192.0,3442.6,3695.2,2483.1,1883.3,1526.4,2857.1,933.2,1967.0,897.5,3031.5,1275.4,3802.6,6700.0,5490.7,1407.4,363.5
2026-09-02 02:30:00,751.2,239.6,917.7,595.7,639.3,35.0,32.2,39.7,308.7,8.3,109.2,1307.6,3505.9,4115.7,1243.7,1264.7,4.1,96.9,1008.0,1821.6,432.7,497.9,4497.2,4481.4,2080.9,1169.1,3443.4,3691.8,2480.0,1887.2,1524.8,2863.3,930.4,1968.3,896.5,3024.2,1275.0,3798.4,6686.5,5500.9,1402.4,370.9
2026-09-02 02:45:00,750.3,239.8,917.4,595.9,637.5,35.2,32.2,39.7,307.1,8.3,100.6,1312.1,3670.2,4126.7,1238.3,1268.1,19.2,96.7,1003.6,1828.2,428.9,429.7,4497.7,4463.2,2067.3,1160.9,3445.4,3688.0,2478.0,1886.8,1525.1,2874.5,927.1,1958.9,898.1,3017.2,1274.7,3793.9,6682.9,5508.4,1399.3,368.5
2026-09-02 03:00:00,691.1,239.9,953.2,595.5,632.5,35.4,20.7,39.8,309.6,7.1,115.6,1318.6,3395.2,4125.8,1279.4,1229.8,33.5,96.0,1008.2,1836.5,423.7,389.5,4485.2,4528.3,2035.2,1129.0,3414.1,3678.6,2488.6,1871.5,1517.0,2887.4,898.0,1915.7,899.6,3037.1,1280.0,3802.0,6691.9,5473.7,1404.3,364.1
2026-09-02 03:15:00,694.6,240.9,956.9,593.5,635.8,35.5,20.7,39.7,313.8,7.1,111.9,1319.4,3510.2,4056.6,1265.3,1230.7,25.2,96.4,1001.0,1840.5,416.4,382.1,4507.4,4512.9,2021.0,1131.6,3419.4,3680.5,2488.0,1867.9,1523.2,2915.8,895.0,1897.5,898.9,3028.9,1279.3,3805.4,6676.4,5481.9,1397.4,369.2
2026-09-02 03:30:00,705.6,233.8,962.7,591.1,625.6,35.7,20.7,39.7,306.4,7.1,110.7,1321.3,3594.6,4075.1,1260.9,1234.0,25.3,96.7,998.1,1840.8,413.6,512.6,4521.1,4507.7,2015.5,1132.4,3426.7,3677.4,2483.8,1871.2,1514.7,2923.7,895.5,1886.2,900.6,3022.8,1279.3,3808.8,6658.1,5505.1,1399.4,369.5
2026-09-02 03:45:00,702.0,235.7,967.8,589.6,629.3,35.9,20.7,39.7,314.2,7.1,107.7,1321.8,3495.2,4086.0,1250.3,1230.4,25.3,77.0,996.9,1839.6,409.6,366.6,4535.9,4486.0,2011.1,1133.7,3431.4,3672.7,2482.7,1866.6,1515.0,2944.2,892.4,1879.7,901.8,3016.9,1278.8,3809.9,6640.0,5505.5,1397.7,370.9
2026-09-02 04:00:00,708.2,237.7,983.3,605.7,635.5,36.2,14.1,43.7,305.5,2.6,89.8,1318.4,3472.3,4029.5,1247.0,1212.7,38.1,84.5,996.0,1818.1,398.9,581.1,4625.9,4582.0,2007.4,1130.3,3438.9,3575.7,2552.9,1841.1,1513.3,2965.6,888.8,1919.0,904.3,3050.9,1259.9,3815.9,6535.7,5405.4,1400.8,367.2
2026-09-02 04:15:00,711.3,248.8,997.6,606.5,644.4,36.5,12.7,43.7,309.0,2.6,87.9,1318.1,3406.1,4031.6,1246.2,1212.5,38.1,74.3,992.6,1807.6,394.5,603.6,4664.3,4571.0,2012.7,1128.1,3449.2,3572.6,2554.9,1867.4,1514.5,2990.2,890.1,1912.0,905.2,3044.8,1264.7,3822.3,6517.9,5417.9,1408.1,364.7
2026-09-02 04:30:00,722.3,249.2,980.3,606.0,657.9,36.8,12.0,43.7,314.2,2.6,91.2,1317.9,3361.8,4033.0,1197.0,1212.5,38.0,94.0,989.6,1793.8,396.1,393.8,4644.3,4564.8,2012.1,1131.0,3454.7,3578.7,2553.6,1872.0,1514.7,2997.8,887.0,1901.3,906.8,3037.4,1273.6,3839.8,6520.7,5430.9,1415.5,362.8
2026-09-02 04:45:00,725.2,249.8,1010.3,622.3,667.8,37.1,12.0,43.7,332.0,2.6,91.1,1317.5,3358.2,4038.7,1197.9,1212.1,37.9,93.8,990.2,1789.0,395.9,600.3,4699.3,4570.8,2019.4,1134.1,3463.2,3561.5,2554.5,1877.1,1515.8,3030.0,888.4,1904.9,908.7,3028.7,1280.5,3892.8,6516.1,5459.4,1425.5,359.7
2026-09-02 05:00:00,762.5,246.5,1015.4,605.7,669.5,111.1,14.6,59.7,341.8,11.5,92.0,1313.5,3465.1,4120.8,1236.2,1205.0,32.0,52.3,1020.7,1771.5,388.5,598.3,5012.1,4471.8,2056.8,1112.8,3474.0,3386.2,2608.3,1859.0,1526.3,2918.4,894.0,1991.6,912.8,3578.7,1262.3,4030.5,6579.3,5386.0,1441.8,346.0
2026-09-02 05:15:00,768.2,252.7,1056.8,623.8,674.6,112.1,14.5,59.7,343.4,11.5,94.3,1316.7,3469.8,4131.9,1219.6,1211.1,12.1,58.7,1026.6,1757.5,381.7,606.9,5090.5,4489.2,2091.4,1149.5,3489.2,3420.6,2614.6,1869.7,1531.6,2934.2,898.4,1991.0,918.2,3566.6,1278.6,4088.0,6610.6,5474.8,1468.7,357.9
2026-09-02 05:30:00,770.5,275.3,1082.7,618.0,693.3,142.2,14.5,59.7,356.3,11.5,96.6,1310.5,3486.5,4178.2,1175.7,1221.4,13.1,61.8,1026.1,1735.0,384.0,617.5,5145.0,4531.4,2122.4,1160.4,3507.9,3555.5,2617.9,1907.7,1548.9,2969.5,908.4,1991.6,923.9,3553.8,1294.9,4174.8,6684.8,5558.0,1477.2,354.2
2026-09-02 05:45:00,783.2,287.9,1104.2,631.4,707.3,164.4,14.5,61.1,368.4,13.6,99.0,1324.1,3295.7,4186.0,1162.8,1239.2,34.2,60.9,1033.6,1711.0,386.4,633.8,5217.1,4540.9,2164.4,1171.8,3533.4,3622.8,2631.0,1962.5,1553.1,3002.7,914.7,2041.3,929.3,3538.9,1315.8,4229.1,6774.6,5657.7,1500.9,352.2
2026-09-02 06:00:00,817.8,296.7,1135.9,683.5,738.4,275.7,62.1,31.2,401.4,28.8,129.8,1263.0,3611.7,4314.5,1215.0,1242.0,40.0,73.7,1134.0,1709.1,414.0,615.4,5370.3,4500.4,2293.6,1160.5,3524.8,4118.3,2704.1,2070.6,1567.3,2981.6,970.1,2261.3,945.0,3595.7,1352.6,4293.0,7048.7,5740.3,1581.2,355.2
2026-09-02 06:15:00,819.7,299.7,1150.8,683.0,755.3,285.5,62.0,31.2,415.7,27.7,137.0,1253.1,3635.8,5356.2,1234.4,1251.0,39.5,73.9,1119.3,1692.9,419.3,634.4,5373.2,4489.4,2361.4,1264.4,3555.7,4181.2,2726.1,2071.6,1566.2,3026.8,960.7,2458.6,957.0,3576.5,1378.5,4318.5,7199.0,5733.9,1628.0,348.1
2026-09-02 06:30:00,818.8,306.8,1158.9,699.8,762.4,297.3,62.0,35.8,430.8,27.2,147.6,1248.3,3091.4,5138.7,1212.7,1251.4,14.2,73.7,1130.0,1661.4,429.0,632.6,5314.4,4488.0,2420.3,1306.2,3599.7,4327.1,2744.5,2083.4,1574.8,3081.2,980.6,2687.9,969.4,3555.4,1405.2,4352.5,7367.6,5725.0,1670.3,336.4
2026-09-02 06:45:00,815.4,306.3,1158.1,749.7,772.9,318.4,62.0,33.2,455.4,29.7,154.0,1262.5,2827.8,5214.7,1226.5,1268.6,12.1,73.9,1141.1,1661.8,443.6,655.8,5344.7,4521.6,2505.8,1389.2,3636.5,4321.3,2767.2,2122.8,1582.2,3118.7,981.6,2765.9,979.2,3532.6,1429.2,4409.3,7511.2,5720.7,1723.7,351.0
2026-09-02 07:00:00,855.6,384.9,1181.5,720.2,793.2,424.8,47.0,27.5,473.7,32.7,156.6,1317.7,3024.5,5332.6,1271.5,1305.6,0.0,138.1,1236.5,1641.1,462.8,722.9,5409.7,4618.1,2676.1,1439.4,3792.8,4634.5,2841.1,2159.8,1614.5,3101.5,1034.4,3165.2,1004.0,3689.1,1563.3,4535.4,7791.2,5827.9,1804.3,310.1
2026-09-02 07:15:00,857.0,386.2,1179.7,720.9,811.9,449.5,47.0,28.6,485.2,32.8,174.4,1315.5,3009.2,5363.1,1295.1,1296.5,0.0,137.0,1238.4,1628.4,462.4,699.7,5422.5,4625.4,2735.9,1436.7,3809.5,4666.2,2862.3,2203.6,1622.2,3137.4,1053.1,3287.5,1023.9,3676.5,1577.5,4577.2,7884.6,5832.6,1848.2,357.3
2026-09-02 07:30:00,853.2,409.1,1159.9,721.1,827.5,480.8,47.1,27.0,495.3,28.7,193.6,1318.8,2983.9,5344.2,1306.5,1308.5,0.0,137.5,1241.7,1618.9,461.0,700.5,5437.5,4691.8,2761.5,1433.5,3821.0,4677.4,2875.4,2222.7,1619.0,3149.8,1062.7,3307.4,1040.0,3664.9,1585.5,4588.1,7941.2,5864.2,1866.2,346.6
2026-09-02 07:45:00,842.0,386.0,1129.6,671.5,833.3,509.3,47.0,23.9,494.3,25.3,210.8,1327.1,3100.0,5239.9,1298.8,1319.6,33.2,82.5,1253.3,1601.9,472.6,717.9,5447.8,4693.2,2789.8,1431.0,3816.9,4670.7,2891.4,2260.8,1619.5,3183.3,1071.6,3417.3,1055.8,3650.9,1592.8,4601.6,7988.6,5884.1,1889.8,339.3
2026-09-02 08:00:00,835.4,350.1,1116.7,636.3,834.7,476.3,2.0,40.2,488.7,23.2,241.7,1259.4,3384.3,5631.3,1591.3,1421.4,50.1,99.6,1364.4,1778.7,468.3,766.8,5457.1,4668.5,2824.5,1427.6,3852.4,4265.3,2915.3,2275.2,1617.2,3200.6,1089.0,3737.0,1055.8,3569.1,1570.7,4650.5,8015.9,5926.9,1888.4,314.3
2026-09-02 08:15:00,835.0,366.0,1072.0,625.2,837.6,496.3,2.0,40.6,467.9,20.1,252.1,1267.8,3369.1,5375.6,1566.3,1404.5,50.6,100.0,1359.8,1579.6,465.4,744.6,5453.7,4671.7,2833.5,1422.2,3839.6,4398.5,2922.3,2318.2,1611.4,3198.4,1091.6,3632.5,1061.2,3563.1,1570.5,4641.7,8009.8,5899.0,1895.5,326.3
2026-09-02 08:30:00,819.8,373.5,1006.4,615.0,835.4,521.9,2.0,39.0,445.3,22.2,256.9,1287.1,4188.0,5677.1,1549.4,1395.9,6.2,100.4,1360.1,1581.8,462.1,738.2,5446.4,4674.5,2831.6,1417.6,3830.6,4330.0,2920.1,2312.0,1613.9,3190.3,1098.2,3551.0,1067.9,3558.1,1567.3,4623.6,8000.4,5902.0,1888.2,339.9
2026-09-02 08:45:00,807.3,394.6,950.1,615.8,831.3,547.8,2.0,39.7,431.1,28.3,260.9,1309.3,4364.5,4994.5,1521.0,1418.4,0.0,108.9,1550.6,1571.2,473.3,741.7,5430.1,4687.3,2830.6,1400.8,3823.5,4276.6,2903.0,2358.3,1616.1,3186.7,1106.4,3385.1,1076.6,3552.6,1563.8,4608.4,7985.5,5900.6,1887.2,355.0
2026-09-02 09:00:00,797.6,428.4,922.9,589.6,822.4,377.0,1.9,38.6,410.2,23.4,230.2,1305.2,4300.3,4985.4,1446.8,1572.2,0.0,176.7,1459.3,1742.0,495.4,739.5,5347.5,4784.2,2815.2,1453.7,3828.8,4212.1,2912.1,2375.5,1628.3,3175.4,1099.9,3077.7,1083.3,3372.1,1568.4,4477.2,7915.2,5877.0,1853.0,390.1
2026-09-02 09:15:00,784.5,460.1,871.7,611.0,816.1,407.2,2.6,39.3,378.4,30.6,226.6,1337.3,4299.7,4606.2,1535.3,1673.6,0.0,216.1,1461.0,1545.7,492.9,726.9,5316.2,4835.4,2813.1,1449.8,3814.2,3997.0,2914.3,2373.1,1638.6,3158.6,1097.6,2925.9,1084.1,3369.6,1567.7,4449.6,7899.6,5861.2,1846.1,409.6
2026-09-02 09:30:00,775.6,476.4,847.5,659.7,808.5,443.5,4.1,40.1,345.3,37.6,198.5,1361.4,4343.2,4004.4,1608.6,1790.7,0.0,340.4,1461.0,1546.8,495.7,747.9,5295.0,4852.2,2813.0,1380.2,3813.6,3456.2,2910.0,2370.7,1644.1,3129.3,1104.8,2817.5,1084.6,3367.3,1559.5,4420.9,7884.4,5884.7,1842.0,429.1
2026-09-02 09:45:00,759.4,495.8,819.9,693.4,801.8,475.0,4.8,40.6,310.9,43.8,204.5,1369.7,4583.8,3476.7,1560.6,1820.6,0.0,378.4,1654.6,1543.0,566.2,545.2,5279.4,4867.5,2809.6,1353.8,3867.9,3012.6,2913.7,2366.8,1652.4,3101.5,1104.8,2665.1,1084.4,3365.3,1548.1,4394.1,7863.2,5924.3,1841.6,448.0
2026-09-02 10:00:00,747.2,528.4,782.4,689.2,792.6,479.7,14.0,37.7,277.2,57.8,425.3,1442.5,4742.8,3710.4,1494.7,1754.5,45.8,369.5,1649.5,1537.8,599.6,556.5,5230.8,4763.8,2798.8,1366.3,3764.8,2593.7,2927.8,2215.7,1669.6,3102.7,1098.1,2671.8,1059.5,3362.1,1577.2,4239.3,7824.2,5901.7,1823.8,401.6
2026-09-02 10:15:00,738.2,537.5,741.0,750.3,791.1,508.3,12.0,37.9,247.1,52.9,429.8,1460.1,5012.5,3686.6,1486.4,1611.8,45.3,374.8,1631.1,1350.1,584.9,559.3,5216.1,4736.7,2801.6,1389.3,3750.6,2387.5,2952.8,2168.4,1676.5,3100.7,1103.2,2705.2,1055.9,3360.8,1565.5,4235.5,7793.1,5795.2,1818.4,412.5
2026-09-02 10:30:00,733.6,554.9,716.4,816.3,801.2,536.4,15.1,38.3,224.6,53.5,430.4,1484.9,5494.9,3746.1,1485.1,1562.4,44.9,367.7,1614.0,1370.8,580.1,575.8,5302.0,4742.5,2799.5,1315.5,3738.4,2193.7,2949.5,2121.3,1669.7,3083.7,1100.8,2685.0,1055.0,3359.5,1558.3,4229.3,7761.2,5714.2,1818.0,422.2
2026-09-02 10:45:00,723.6,552.9,691.1,869.0,799.1,562.6,30.1,38.5,225.0,55.3,429.0,1500.4,5633.2,3706.8,1452.1,1572.7,44.5,377.7,1787.0,1357.9,589.4,592.0,5281.5,4740.7,2792.8,1227.6,3719.3,1895.6,2954.8,2075.0,1666.6,3062.7,1097.4,2416.0,1059.4,3358.4,1554.2,4189.6,7781.6,5691.8,1813.8,430.8
2026-09-02 11:00:00,715.4,608.2,704.2,977.6,789.2,585.9,43.6,10.7,221.4,69.7,289.7,1545.9,5762.5,4153.6,1415.1,1711.2,54.0,266.0,1665.9,1549.4,571.9,611.0,5288.5,4489.9,2807.0,1212.6,3786.2,1497.8,2944.7,2089.2,1647.8,3072.2,1086.4,2144.5,1052.8,3216.2,1543.6,4053.2,7678.3,5809.1,1801.8,440.6
2026-09-02 11:15:00,716.6,618.9,691.5,1013.2,783.4,610.2,45.9,10.8,217.6,64.1,290.9,1527.1,5910.2,4151.6,1387.4,1688.3,53.8,245.8,1644.6,1356.3,568.3,615.2,5301.5,4488.0,2813.6,1207.2,3785.9,1439.6,2949.0,2110.6,1645.8,3073.2,1080.4,2038.7,1053.0,3215.7,1514.4,4044.0,7690.7,5744.5,1793.2,446.6
2026-09-02 11:30:00,705.2,613.8,903.7,1057.8,785.8,629.3,63.8,10.9,236.1,46.6,294.3,1542.1,5914.5,4128.1,1373.4,1644.7,53.4,248.4,1637.3,1351.0,566.1,628.5,5257.7,4492.7,2813.1,1209.7,3768.9,1438.9,2935.1,2109.7,1645.7,3066.3,1093.3,2022.1,1052.7,3215.0,1508.8,4060.4,7675.4,5767.1,1790.0,450.3
2026-09-02 11:45:00,715.8,613.2,899.7,1071.1,787.3,650.6,66.0,11.0,235.8,47.7,309.4,1553.1,6071.7,4135.1,1356.9,1626.2,53.1,248.7,1813.0,1355.4,566.1,630.7,5241.7,4489.3,2813.7,1200.3,3771.4,1419.9,2933.8,2123.8,1646.9,3071.5,1088.9,1850.1,1052.3,3214.5,1502.7,3975.8,7655.6,5788.6,1788.6,454.5
2026-09-02 12:00:00,761.6,638.8,902.5,1124.6,797.4,655.4,66.8,11.0,228.4,45.0,236.3,1587.8,5834.8,4466.7,1338.6,1666.9,55.9,222.2,1565.4,1306.9,563.2,643.6,5169.2,4478.9,2823.9,1160.9,3842.0,1416.8,2932.4,2186.6,1661.5,3090.9,1101.6,1685.2,1064.8,3018.8,1494.4,3928.0,7679.6,5905.1,1781.7,465.8
2026-09-02 12:15:00,756.2,625.1,898.2,1169.6,805.7,672.9,74.1,10.9,228.9,44.0,240.2,1598.3,5975.3,4396.0,1340.8,1658.9,55.1,204.4,1547.9,1309.2,559.9,655.1,5154.4,4484.0,2822.3,1163.0,3830.4,1417.2,2926.2,2170.1,1661.2,3096.2,1098.1,1674.4,1064.8,3018.6,1487.8,3884.9,7680.2,5910.2,1774.4,476.7
2026-09-02 12:30:00,748.0,623.4,884.8,1205.0,814.6,680.3,85.3,10.9,259.1,19.1,237.2,1610.3,6087.2,4349.5,1330.0,1670.2,54.3,196.6,1558.6,1302.7,562.9,658.9,5134.6,4475.8,2820.6,1167.2,3829.2,1414.0,2921.4,2158.4,1660.3,3100.3,1095.6,1671.4,1064.0,3018.0,1482.5,3849.8,7670.5,5878.6,1777.7,488.8
2026-09-02 12:45:00,744.9,619.6,879.3,1256.8,819.2,693.8,82.2,10.8,251.6,66.4,243.8,1638.4,5899.3,4366.7,1334.6,1661.0,53.5,196.0,1552.4,1319.5,555.9,669.7,5122.6,4413.3,2820.7,1170.5,3825.8,1410.3,2923.4,2154.3,1668.0,3102.8,1089.4,1664.7,1064.0,3017.4,1478.3,3822.8,7687.2,5886.5,1784.5,498.5
2026-09-02 13:00:00,803.1,621.0,934.7,1306.3,854.8,693.1,82.9,20.5,254.1,20.9,400.1,1644.4,5890.0,4538.2,1393.5,1627.2,52.7,202.7,1645.6,1304.5,570.5,680.4,5187.8,4503.0,2813.5,1192.6,3883.9,1480.0,2924.7,2142.5,1619.6,3101.9,1070.2,1623.1,1059.2,2750.0,1472.3,3860.9,7750.8,6077.0,1782.8,495.8
2026-09-02 13:15:00,794.2,617.3,983.1,1305.9,853.8,687.2,75.2,20.4,268.0,23.0,424.8,1647.7,5944.5,4511.8,1410.4,1609.4,52.5,189.0,1657.6,1283.9,587.8,681.6,5194.2,4517.3,2818.8,1195.7,3888.4,1478.3,2929.0,2149.6,1616.5,3097.6,1065.9,1623.7,1059.5,2749.0,1466.1,3872.9,7746.2,6091.9,1788.3,500.9
2026-09-02 13:30:00,793.1,600.4,979.4,1312.1,850.6,682.8,64.4,20.4,268.7,21.8,441.4,1658.0,5929.3,4429.0,1414.1,1599.7,52.4,184.0,1658.6,1277.2,589.3,679.0,5192.5,4518.3,2819.7,1198.6,3891.4,1480.1,2927.3,2146.2,1616.4,3100.1,1066.8,1623.5,1058.8,2748.0,1459.5,3863.0,7745.7,6092.4,1781.0,508.2
2026-09-02 13:45:00,801.4,592.8,984.7,1321.0,847.4,676.8,63.1,20.0,295.9,18.8,441.9,1662.5,5854.0,4406.3,1419.8,1588.7,52.2,207.3,1667.5,1254.8,607.1,670.6,5155.3,4480.8,2817.5,1202.8,3885.7,1481.6,2930.5,2148.9,1617.9,3099.2,1060.4,1602.1,1056.7,2746.1,1453.8,3835.8,7737.7,6086.8,1776.8,512.6
2026-09-02 14:00:00,801.2,582.6,1208.3,1274.6,836.3,685.2,48.9,49.7,294.6,24.4,411.0,1658.2,5709.5,4504.8,1469.3,1601.3,52.1,207.3,1514.8,1285.4,563.6,673.6,5209.6,4552.5,2839.5,1208.4,3900.3,1486.7,2927.6,2180.3,1625.0,3087.4,1070.2,1574.8,1049.7,2838.0,1447.8,3918.9,7774.4,6122.9,1765.8,526.9
2026-09-02 14:15:00,811.4,578.3,1214.5,1270.4,839.7,678.7,41.6,49.5,304.5,26.0,408.4,1653.7,5628.5,4597.8,1477.9,1577.0,53.0,209.7,1511.4,1257.8,567.1,649.4,5259.7,4562.1,2843.6,1211.0,3895.5,1487.7,2930.0,2180.3,1630.5,3089.7,1069.0,1568.6,1048.8,2837.9,1443.9,3921.9,7765.5,6152.7,1765.0,530.4
2026-09-02 14:30:00,817.4,569.7,1217.3,1258.2,830.6,665.5,32.9,49.2,313.2,28.4,398.5,1644.7,5512.5,4700.4,1490.8,1532.2,53.9,205.8,1509.5,1245.7,566.1,642.1,5273.1,4556.7,2840.6,1214.5,3891.4,1486.6,2927.4,2178.0,1622.2,3084.5,1064.4,1555.0,1048.7,2837.7,1441.8,3946.0,7743.8,6160.9,1763.8,534.7
2026-09-02 14:45:00,826.9,562.4,1222.6,1242.5,829.8,641.8,29.9,48.6,274.2,35.7,401.6,1648.5,5334.4,4785.0,1505.9,1510.8,54.8,202.7,1508.7,1254.8,564.4,648.2,5250.7,4550.4,2846.6,1216.4,3896.3,1485.7,2931.9,2179.1,1620.4,3079.0,1070.8,1601.2,1047.8,2837.3,1442.5,3962.9,7736.4,6156.6,1759.0,539.0
2026-09-02 15:00:00,826.0,547.2,1165.4,1265.2,822.3,614.2,50.8,45.1,280.6,53.3,293.0,1616.7,5544.7,4544.8,1463.1,1612.5,55.6,176.3,1730.9,1248.5,575.7,622.7,5332.6,4555.2,2852.0,1223.5,3855.4,1423.3,2914.3,2080.6,1627.0,3107.0,1063.1,1793.2,1045.9,2873.3,1484.9,4013.5,7630.4,6035.0,1746.9,545.9
2026-09-02 15:15:00,823.7,535.6,1166.1,1246.9,826.6,578.1,47.2,44.8,284.2,14.9,244.8,1616.3,5144.0,4645.1,1497.2,1557.3,55.5,175.7,1571.2,1237.8,556.1,627.1,5278.7,4542.3,2856.5,1230.4,3849.4,1466.1,2916.9,2078.0,1631.9,3107.9,1065.1,1896.1,1046.1,2873.2,1463.9,4022.7,7611.5,6040.1,1751.1,534.4
2026-09-02 15:30:00,827.4,523.5,1171.1,1232.7,830.7,537.5,41.1,44.2,304.3,26.7,240.5,1611.0,5098.9,4676.5,1531.2,1505.7,55.2,174.9,1551.5,1236.3,552.9,620.5,5317.9,4553.9,2874.5,1274.5,3852.0,1554.3,2916.6,2072.9,1630.6,3104.9,1073.4,1971.1,1047.7,2873.0,1453.7,4107.0,7618.2,6092.6,1754.4,522.2
2026-09-02 15:45:00,829.9,516.4,1183.9,1215.9,824.9,489.7,40.9,43.7,311.6,30.0,241.7,1604.4,4469.5,4714.5,1552.7,1466.4,54.9,155.6,1555.0,1373.3,558.9,619.2,5330.5,4552.6,2885.5,1276.4,3852.7,1554.4,2922.6,2087.1,1628.8,3082.2,1074.6,1957.7,1048.2,2875.0,1458.6,4170.6,7633.1,6104.4,1754.7,519.1
2026-09-02 16:00:00,749.7,470.9,1171.9,1160.1,797.8,446.7,9.0,115.9,308.6,35.9,363.0,1565.1,4316.3,4362.0,1543.5,1522.2,214.3,58.4,1686.0,1335.8,571.3,588.9,5423.6,4675.3,2923.2,1353.1,3745.4,1733.4,2921.5,2000.3,1632.7,3078.3,1087.3,2454.1,1053.5,3083.1,1463.6,4255.3,7639.2,6022.1,1763.5,504.0
2026-09-02 16:15:00,730.8,454.0,1203.3,1152.0,801.3,408.0,6.4,115.1,325.9,27.3,339.2,1562.6,4244.1,4377.5,1585.6,1511.1,215.3,64.9,1506.3,1385.3,538.3,576.7,5395.5,4714.9,2934.3,1408.4,3756.4,2026.3,2922.5,1957.0,1631.1,3070.4,1092.0,2813.1,1056.3,3083.3,1468.7,4299.7,7655.0,6032.3,1772.3,493.7
2026-09-02 16:30:00,749.2,438.6,1015.9,1084.5,806.3,364.8,5.7,114.3,318.4,25.3,315.8,1554.3,4312.9,4472.3,1631.5,1526.0,216.4,25.3,1517.3,1551.3,543.3,565.7,5365.0,4709.6,2944.0,1402.3,3764.7,2655.1,2928.6,1966.0,1630.3,3067.8,1054.4,2747.8,1057.5,3083.4,1474.8,4298.2,7695.5,6015.7,1785.7,486.2
2026-09-02 16:45:00,767.1,419.3,1074.6,1056.4,804.8,322.5,3.5,113.5,315.5,24.2,316.3,1576.5,3998.8,4400.7,1691.2,1503.7,237.4,22.4,1530.2,1686.4,520.2,853.2,5378.0,4746.9,2940.1,1398.5,3700.0,3102.4,2928.3,2015.8,1639.3,3065.3,1054.5,2685.5,1060.8,3100.1,1484.8,4414.4,7756.7,6081.3,1795.3,475.8
2026-09-02 17:00:00,791.5,368.2,918.9,1004.1,812.0,276.2,14.8,70.2,274.3,28.2,186.8,1507.3,4335.3,4135.6,1785.2,1455.6,198.1,0.0,1471.5,1363.0,563.4,561.2,5380.3,4843.4,2959.1,1329.4,3737.2,2939.5,2909.5,1987.2,1679.0,3035.0,1092.0,2873.1,1063.5,3553.5,1494.2,4537.8,7866.5,6046.8,1842.2,468.0
2026-09-02 17:15:00,803.3,366.3,1002.4,978.8,813.7,236.4,15.2,69.6,275.4,34.3,187.6,1519.5,4147.4,4246.5,1848.6,1527.4,211.6,5.3,1300.7,1334.7,533.0,830.0,5404.6,4877.6,2963.1,1328.2,3730.3,3593.0,2904.6,2080.0,1680.3,3040.6,1086.8,2766.4,1063.3,3570.9,1500.0,4656.9,7914.8,6107.0,1851.8,450.4
2026-09-02 17:30:00,817.3,341.1,1082.2,1134.9,812.3,196.4,14.8,69.0,287.5,26.6,189.9,1459.8,4127.7,4462.1,1873.8,1650.1,190.2,0.7,1314.5,1295.3,543.5,822.4,5435.6,4933.3,2957.9,1364.6,3734.5,4068.0,2900.5,2144.8,1681.1,3053.4,1081.4,2650.0,1062.0,3571.8,1506.2,4651.5,7968.3,6098.1,1859.3,432.5
2026-09-02 17:45:00,828.5,317.9,1150.6,1117.6,809.6,159.0,14.6,69.7,295.9,21.8,192.9,1434.9,4150.4,5238.8,1927.7,1781.5,186.4,0.5,1330.2,1435.2,540.7,842.3,5459.4,4934.1,2955.6,1374.4,3744.1,4053.6,2877.3,2201.7,1681.1,3073.2,1083.4,2610.9,1061.8,3573.3,1512.2,4651.3,8012.0,6264.2,1869.6,417.2
2026-09-02 18:00:00,837.4,289.3,1187.7,1105.9,812.7,241.8,49.5,24.3,319.9,32.5,220.6,1373.8,4586.4,4496.9,1902.5,1758.8,253.2,1.0,1460.3,1418.7,502.3,795.7,5524.3,4897.4,2925.0,1313.3,3635.8,4687.1,2884.6,2295.9,1631.9,3098.2,1072.2,2558.2,1063.1,3583.5,1511.6,4713.8,8069.1,6283.7,1868.6,499.5
2026-09-02 18:15:00,844.5,282.2,1226.1,1017.4,825.4,228.7,49.5,23.7,328.8,29.1,193.8,1348.0,3635.1,4729.3,1772.7,1589.5,255.4,0.7,1276.6,1386.4,494.7,777.9,5549.8,4912.1,2930.8,1479.9,3639.0,4684.1,2886.4,2189.7,1622.3,3107.0,1068.8,2725.5,1061.6,3585.5,1516.7,4713.7,8100.1,6295.4,1875.0,485.6
2026-09-02 18:30:00,856.4,286.1,1297.0,1170.3,836.9,227.2,49.6,24.7,350.1,25.4,245.2,1315.7,3666.8,4722.9,1627.0,1424.4,248.3,0.5,1283.8,1352.5,501.9,765.4,5569.8,4916.3,2936.6,1422.3,3658.2,4704.6,2882.5,2247.0,1620.5,3118.7,1072.3,2750.7,1060.7,3587.1,1518.1,4724.4,8115.7,6257.5,1874.0,472.0
2026-09-02 18:45:00,865.9,284.5,1319.6,1132.5,851.2,223.3,49.5,44.3,350.4,101.9,231.4,1290.4,3601.4,4888.7,1867.7,1691.4,266.4,0.3,1285.6,1508.2,500.4,811.7,5570.6,4910.5,2940.6,1504.3,3668.0,4713.8,2882.2,2244.2,1621.5,3141.1,1070.7,2795.6,1061.2,3588.6,1518.3,4733.2,8133.5,6261.7,1875.2,460.0
2026-09-02 19:00:00,867.8,284.1,1332.6,1095.9,859.0,321.9,74.5,53.7,356.6,26.2,364.3,1268.2,3826.0,4401.6,1915.2,1736.4,211.5,21.9,1405.9,1339.1,512.5,760.9,5630.8,4814.3,2933.0,1422.5,3813.6,4864.0,2872.8,2201.0,1626.1,3208.2,1077.8,3095.4,1077.9,3556.4,1512.8,4628.2,8173.8,6272.2,1879.1,460.2
2026-09-02 19:15:00,866.8,287.0,1335.6,1097.0,864.3,322.3,74.5,69.2,361.1,101.6,362.6,1247.5,3660.9,4671.7,1932.8,1748.6,259.1,1.3,1249.1,1308.9,504.7,756.9,5621.6,4837.9,2938.3,1424.5,3832.4,4883.5,2875.6,2109.0,1628.0,3184.8,1082.9,3172.3,1076.9,3558.5,1512.1,4636.1,8167.2,6283.8,1877.6,451.0
2026-09-02 19:30:00,879.8,291.3,1305.6,1096.3,865.3,321.7,74.4,74.6,367.7,98.3,317.9,1264.5,3612.0,4783.4,1892.6,1781.5,238.2,1.0,1244.5,1281.0,508.0,750.8,5594.7,4815.5,2940.8,1428.2,3847.3,4899.5,2874.2,2109.3,1635.1,3196.2,1081.8,3192.4,1075.5,3561.0,1512.4,4649.1,8166.4,6217.3,1872.7,441.4
2026-09-02 19:45:00,898.7,295.5,1312.7,1097.6,863.9,318.7,74.4,74.7,377.7,95.7,317.7,1237.3,3635.6,4865.1,1922.4,1765.2,224.1,0.8,1238.6,1431.9,503.4,777.8,5559.9,4816.5,2944.2,1430.8,3855.8,4908.8,2874.4,2084.9,1627.2,3186.7,1084.6,3240.4,1073.6,3551.7,1518.4,4637.7,8166.5,6205.3,1868.0,430.6
2026-09-02 20:00:00,907.9,311.9,1301.4,1146.2,864.8,326.7,52.0,67.3,386.1,102.3,292.5,1337.1,3406.8,4553.5,1710.6,1886.5,138.7,11.8,1288.6,1197.2,490.4,780.9,5488.5,4777.1,2959.3,1438.3,3884.9,4879.1,2876.7,2178.6,1634.7,3272.3,1084.5,3263.5,1073.5,3388.7,1526.2,4667.2,8136.4,6119.2,1873.7,420.2
2026-09-02 20:15:00,906.4,310.4,1284.0,1163.8,857.7,332.0,52.0,67.2,384.4,101.2,259.5,1327.9,3401.8,4409.2,1731.2,1847.4,138.4,11.8,1260.5,1149.2,488.2,782.3,5465.4,4804.7,2964.4,1437.8,3892.4,4888.9,2879.3,2096.6,1634.2,3234.5,1083.4,3250.2,1074.5,3387.6,1529.1,4661.2,8136.5,6113.8,1861.5,415.5
2026-09-02 20:30:00,906.1,310.1,1260.6,1181.5,845.8,329.1,52.0,51.8,377.8,102.8,250.9,1331.0,3460.1,4471.4,1737.8,1846.5,139.0,16.1,1250.5,1142.2,485.7,787.2,5463.4,4818.7,2962.6,1415.3,3908.0,4907.4,2872.8,2070.5,1642.0,3230.9,1085.0,3225.4,1073.3,3369.8,1524.9,4674.4,8122.0,6079.2,1853.8,414.7
2026-09-02 20:45:00,894.2,301.2,1228.2,1188.6,827.9,328.2,52.0,46.1,377.4,94.7,250.8,1341.1,3453.0,4367.9,1731.8,1861.2,103.6,39.4,1243.8,1166.1,483.1,792.5,5442.8,4833.9,2977.8,1391.9,3922.1,4925.3,2874.9,2052.2,1637.3,3197.8,1085.4,3162.5,1071.7,3360.1,1511.1,4637.3,8090.9,6077.4,1837.8,412.8
2026-09-02 21:00:00,871.3,309.8,1186.8,986.0,804.7,309.5,47.1,47.7,376.5,99.2,256.5,1325.2,3326.9,4464.6,1702.2,1870.8,134.7,19.6,1153.1,1186.1,468.6,838.8,5369.4,4927.4,2962.5,1552.3,3800.0,4767.4,2878.4,2076.6,1635.8,3243.8,1080.3,3007.6,1038.2,3339.7,1384.9,4442.5,8015.2,6088.8,1799.3,385.4
2026-09-02 21:15:00,858.6,312.2,1151.7,996.2,788.3,310.9,47.0,28.1,372.4,35.8,245.2,1315.5,3305.5,4355.0,1716.8,1821.5,170.3,19.6,1151.7,1180.7,466.0,825.9,5389.1,4945.3,2959.5,1538.3,3791.0,4763.9,2878.0,2060.1,1638.7,3209.3,1078.5,2857.6,1035.1,3334.6,1370.9,4454.9,7941.9,6074.0,1777.3,390.6
2026-09-02 21:30:00,846.4,311.6,1114.1,810.4,767.7,314.5,47.0,28.1,386.6,32.3,229.3,1290.1,3361.2,4172.8,1759.8,1827.4,170.4,15.3,1145.0,1179.9,462.7,827.2,5424.0,4890.8,2941.8,1544.0,3790.2,4762.4,2872.9,2037.9,1641.1,3222.1,1074.3,2902.5,1031.8,3310.5,1360.7,4451.8,7862.7,6072.7,1756.9,395.8
2026-09-02 21:45:00,828.9,307.6,1076.6,819.9,745.5,316.4,47.0,27.0,375.2,32.3,219.8,1289.9,3644.8,4222.1,1754.1,1809.4,170.2,15.4,1152.6,1163.7,461.5,818.3,5383.4,4883.5,2923.0,1538.2,3774.6,4753.7,2870.2,2024.8,1641.8,3180.4,1066.0,2665.9,1027.3,3311.7,1357.6,4437.7,7779.3,6074.6,1732.2,399.4
2026-09-02 22:00:00,799.9,318.0,1035.7,790.0,719.7,223.4,14.5,62.8,373.8,25.2,218.2,1238.5,3200.1,4229.0,1670.9,1838.9,111.9,29.5,1094.4,1122.4,448.8,846.2,5196.1,4898.1,2847.0,1536.2,3728.0,4666.1,2854.1,1980.4,1605.2,3318.5,1049.2,2787.7,1013.0,3033.0,1396.5,4255.2,7648.2,6049.8,1686.5,356.1
2026-09-02 22:15:00,784.2,318.9,1004.8,790.9,708.2,214.4,14.5,61.7,370.4,25.2,208.5,1238.6,3622.4,4422.0,1676.5,1844.5,129.2,30.7,1084.3,1105.3,445.5,818.8,5130.3,4889.8,2818.0,1454.4,3698.7,4641.8,2855.5,1951.2,1616.7,3292.3,1044.6,2681.0,1007.0,3025.0,1393.6,4247.0,7555.8,6048.0,1661.0,353.6
2026-09-02 22:30:00,778.5,318.1,984.7,784.0,689.8,211.7,14.5,61.7,345.5,25.2,207.3,1239.9,3836.1,4685.7,1704.0,1910.0,107.7,29.8,1079.6,1115.9,442.4,822.8,5064.1,4864.4,2777.0,1420.3,3686.8,4630.3,2842.7,1943.0,1616.8,3252.9,1034.8,2611.6,1004.0,3017.4,1386.8,4182.4,7465.9,5943.6,1639.6,346.7
2026-09-02 22:45:00,771.9,319.5,953.9,776.1,684.4,207.6,14.5,61.7,347.5,25.2,199.3,1237.0,3823.7,4199.4,1674.7,1901.4,107.5,29.8,1074.7,1094.2,440.0,818.5,5033.4,4787.8,2743.2,1328.9,3658.3,4601.7,2834.6,1940.9,1614.0,3238.1,1024.5,2653.2,999.2,3017.1,1374.7,4172.8,7399.8,5841.9,1610.7,343.5
2026-09-02 23:00:00,746.4,325.8,951.2,800.0,654.9,100.7,47.1,73.7,345.6,14.0,234.3,1221.1,3928.3,4348.5,1569.4,1848.3,206.7,13.1,1039.3,1031.1,425.4,787.0,4849.2,4827.3,2640.3,1432.0,3601.7,4401.2,2722.8,1877.6,1590.5,3285.6,1041.2,2535.4,988.2,2338.5,1412.6,4337.4,7253.2,5928.6,1602.4,326.9
2026-09-02 23:15:00,733.2,324.8,941.7,769.4,644.3,101.5,47.0,73.7,326.5,14.0,227.7,1221.6,3905.6,4396.3,1580.2,1860.6,196.8,13.3,1052.1,1025.3,422.6,774.4,4814.6,4797.2,2586.0,1373.6,3576.0,4254.7,2713.4,1879.3,1588.6,3285.6,1015.7,2515.0,981.2,2338.2,1396.2,4313.0,7166.6,5811.6,1580.5,331.2
2026-09-02 23:30:00,725.5,326.6,925.1,737.9,642.1,102.2,48.4,73.7,332.9,14.0,241.2,1222.6,3883.6,4456.4,1593.1,1865.0,197.1,13.4,1051.2,1024.1,419.9,771.0,4771.9,4724.4,2550.2,1315.3,3560.9,4010.2,2700.0,1877.5,1587.2,3280.6,987.2,2518.1,974.1,2337.8,1376.8,4326.8,7094.7,5743.5,1558.8,334.0
2026-09-02 23:45:00,715.4,328.3,913.9,723.7,649.8,102.8,49.7,73.8,330.2,14.0,230.2,1226.1,3874.2,4447.1,1581.3,1844.5,217.1,13.6,1054.1,1018.5,426.5,765.2,4749.6,4697.6,2492.6,1303.7,3531.2,3501.9,2689.9,1874.8,1586.3,3200.4,989.5,2499.9,966.1,2337.4,1355.4,4323.0,7012.4,5661.5,1525.6,335.0
