date,EE_buy,EE_sell,LT_buy,LT_sell,LV_buy,LV_sell,AT_buy,AT_sell,BE_buy,BE_sell,FR_buy,FR_sell,GER_buy,GER_sell,NL_buy,NL_sell,PL_buy,PL_sell,DK1_buy,DK1_sell,DK2_buy,DK2_sell,FI_buy,FI_sell,NO1_buy,NO1_sell,NO2_buy,NO2_sell,NO3_buy,NO3_sell,NO4_buy,NO4_sell,NO5_buy,NO5_sell,SE1_buy,SE1_sell,SE2_buy,SE2_sell,SE3_buy,SE3_sell,SE4_buy,SE4_sell
2026-08-13 00:00:00,649.6,394.7,923.7,767.1,617.7,87.7,56.0,55.0,301.2,31.3,226.4,1495.2,2663.1,5668.7,1268.0,918.5,120.6,46.6,1203.4,378.8,567.0,47.5,4893.7,4966.9,2279.8,1035.4,4425.0,5316.3,2579.7,2676.7,1587.7,2611.1,960.4,2903.6,967.4,2494.9,1289.6,4270.9,6628.0,4910.9,1580.4,88.0
2026-08-13 00:15:00,640.2,389.9,914.3,742.2,611.7,89.4,56.1,53.9,294.5,31.3,213.2,1493.6,3032.3,5383.0,1316.3,975.8,120.6,43.7,1186.7,382.9,564.9,44.7,4896.6,4943.7,2256.6,1030.8,4415.9,4835.4,2583.7,2669.9,1583.6,2603.8,951.5,2869.0,981.6,2497.6,1284.6,4277.6,6578.7,4915.4,1581.2,86.6
2026-08-13 00:30:00,633.3,386.7,895.3,538.9,602.5,90.6,56.1,53.9,290.2,31.3,200.2,1492.2,3034.7,5301.4,1270.5,953.1,120.6,63.3,1187.0,377.1,566.7,44.8,4933.0,4916.1,2221.5,1023.2,4399.6,4582.4,2559.7,2678.3,1574.7,2597.8,947.6,2895.8,975.0,2498.6,1278.8,4248.6,6527.1,4917.2,1579.5,85.1
2026-08-13 00:45:00,630.6,381.9,880.3,525.4,594.5,91.9,56.3,53.9,289.3,31.3,169.7,1491.0,3041.4,5421.9,1263.8,948.3,122.2,39.4,1202.9,404.2,573.6,42.6,4882.1,4882.2,2194.3,978.7,4389.1,4095.5,2555.1,2674.7,1576.2,2596.6,936.5,2862.3,976.2,2497.1,1273.8,4245.2,6490.7,4879.2,1569.3,84.3
2026-08-13 01:00:00,625.3,379.4,863.4,514.9,589.3,92.9,67.8,47.8,335.8,27.0,179.9,1509.1,2871.5,5282.7,1235.3,971.8,109.6,39.0,1170.1,394.9,559.6,43.7,4875.4,4890.6,2145.6,1020.0,4199.6,4517.9,2514.4,2613.2,1544.6,2550.5,933.0,2811.8,972.0,2491.7,1297.3,4296.2,6386.0,4900.3,1548.8,73.7
2026-08-13 01:15:00,618.5,374.2,856.7,499.2,583.1,93.3,67.7,47.9,336.2,27.0,167.3,1507.9,2870.1,5227.9,1223.7,959.9,109.9,38.8,1170.2,400.5,560.0,41.7,4872.6,4869.5,2121.0,964.7,4192.2,4092.2,2510.1,2616.3,1543.7,2549.2,927.2,2794.0,963.0,2486.6,1293.7,4304.7,6353.8,4901.8,1544.6,72.8
2026-08-13 01:30:00,617.1,369.5,853.5,492.3,576.4,93.8,67.5,47.8,330.7,27.0,171.6,1506.2,2869.4,5173.5,1187.6,936.2,109.9,38.6,1166.0,401.6,557.4,41.7,4870.0,4854.9,2094.8,963.3,4184.1,4088.5,2506.9,2600.1,1537.9,2542.5,921.6,2766.0,960.3,2480.0,1291.6,4329.3,6321.0,4903.5,1539.7,71.9
2026-08-13 01:45:00,618.7,365.2,845.1,488.2,574.0,94.1,66.6,47.7,331.4,27.0,159.1,1505.0,2879.8,5079.9,1198.7,927.4,110.1,38.3,1170.6,400.4,562.3,41.8,4820.9,4829.1,2069.4,958.1,4171.7,3887.0,2503.5,2598.9,1542.0,2548.0,916.7,2749.3,962.2,2472.5,1291.0,4322.3,6291.7,4866.9,1537.6,69.9
2026-08-13 02:00:00,619.9,362.1,840.4,513.5,566.9,94.4,71.5,22.3,330.3,26.5,146.8,1514.7,2844.9,5046.9,1186.9,926.2,113.3,43.2,1132.0,414.9,556.0,42.3,4738.4,4812.2,2039.3,940.0,3799.8,4103.4,2488.9,2574.7,1524.6,2538.3,910.7,2756.2,962.0,2466.2,1272.6,4316.4,6230.5,4793.2,1532.1,68.9
2026-08-13 02:15:00,619.8,355.2,838.3,514.7,563.0,94.6,71.4,22.3,327.7,26.5,133.0,1513.5,2849.2,4827.9,1163.7,918.2,110.6,47.1,1130.2,426.4,553.2,42.4,4777.7,4803.8,2029.9,937.9,3790.9,4103.0,2487.8,2568.2,1521.0,2534.8,908.2,2748.6,962.8,2457.0,1273.2,4372.4,6215.0,4794.1,1532.6,68.2
2026-08-13 02:30:00,618.3,348.8,841.1,517.2,560.1,94.8,71.3,22.4,328.4,26.5,122.5,1515.6,2872.7,4772.2,1164.7,914.9,110.6,46.8,1124.8,433.1,549.5,42.4,4737.0,4787.2,2019.5,936.1,3782.5,4144.8,2486.6,2564.7,1520.3,2534.4,903.8,2738.0,963.5,2448.5,1272.5,4356.8,6194.7,4794.9,1530.6,67.5
2026-08-13 02:45:00,614.0,341.7,845.4,517.5,558.5,94.8,71.1,22.3,326.2,26.5,111.1,1514.8,2895.7,4709.0,1169.3,908.1,110.6,64.7,1122.0,438.4,549.2,42.8,4734.6,4773.6,2007.2,933.2,3777.4,4102.5,2484.4,2558.4,1518.4,2530.7,900.8,2727.7,961.2,2439.6,1270.4,4380.5,6175.1,4795.3,1531.8,66.3
2026-08-13 03:00:00,601.8,336.2,847.1,516.8,560.2,270.1,40.4,98.4,333.0,26.5,123.9,1525.1,2895.5,4570.9,1089.9,878.8,98.3,37.2,1106.8,434.8,544.2,43.7,4692.6,4778.0,1987.9,928.6,4222.5,3907.0,2499.9,2513.3,1508.1,2517.4,898.4,2681.9,959.5,2471.0,1284.6,4444.4,6289.4,4908.4,1541.6,64.8
2026-08-13 03:15:00,599.0,331.5,846.7,514.7,562.5,269.4,40.5,98.2,330.4,26.5,116.8,1524.6,2854.5,4517.4,1080.6,862.7,98.3,57.0,1102.8,439.4,540.5,44.3,4701.0,4760.2,1980.3,926.9,4217.4,3946.2,2500.1,2514.7,1510.5,2517.6,893.2,2677.1,960.2,2467.8,1278.7,4474.7,6287.8,4910.9,1542.7,63.7
2026-08-13 03:30:00,601.9,326.8,851.4,519.4,564.8,268.7,40.1,95.8,334.2,26.5,111.5,1524.5,2844.7,4440.9,1082.8,860.1,98.3,56.8,1093.8,452.6,534.4,45.3,4703.2,4735.7,1975.5,924.8,4210.9,3964.6,2497.6,2519.3,1506.9,2512.1,891.6,2683.3,964.8,2464.9,1269.5,4475.2,6303.0,4912.1,1550.7,63.2
2026-08-13 03:45:00,599.3,321.6,850.3,517.3,568.6,268.0,40.1,98.2,387.0,26.5,106.6,1523.6,2844.8,4399.3,1089.6,855.4,98.3,56.6,1090.9,457.8,531.5,46.2,4757.9,4721.2,1967.2,922.9,4207.7,4035.3,2497.9,2514.4,1505.0,2508.1,892.0,2679.7,973.2,2462.2,1256.8,4518.9,6277.0,4913.6,1551.4,63.1
2026-08-13 04:00:00,607.5,316.8,859.3,527.5,574.8,267.5,56.7,65.3,393.7,26.5,101.8,1521.0,2949.8,4334.8,1123.3,770.7,102.8,61.4,1079.0,450.0,531.2,65.0,4672.9,4657.6,1959.6,892.3,3941.0,4072.6,2492.6,2510.7,1508.0,2515.0,887.9,2725.0,974.0,2525.0,1224.2,4486.0,6342.5,4919.9,1564.8,66.1
2026-08-13 04:15:00,605.2,312.7,867.9,523.0,577.1,267.2,56.5,65.4,395.4,26.5,97.9,1520.0,2959.3,4278.6,1122.3,756.4,105.7,61.3,1077.2,454.8,528.6,67.9,4680.8,4640.6,1962.0,891.3,3940.8,4124.6,2492.5,2498.8,1507.7,2513.1,886.9,2716.9,978.1,2522.1,1222.2,4503.2,6332.4,4960.4,1571.8,66.2
2026-08-13 04:30:00,609.4,307.5,879.0,517.1,585.1,267.2,56.3,67.8,341.4,26.5,97.7,1518.8,2949.2,4270.0,1070.3,748.4,99.6,63.3,1074.6,460.3,526.0,71.2,4697.9,4642.5,1961.4,906.6,3939.9,4236.8,2492.9,2502.2,1507.5,2505.8,883.5,2730.9,988.9,2519.4,1233.8,4560.2,6312.2,4962.8,1573.5,66.2
2026-08-13 04:45:00,614.0,303.5,901.9,513.0,597.7,269.3,55.9,65.4,346.0,26.5,94.0,1517.6,2940.0,4215.2,1077.5,743.3,99.6,83.4,1072.9,473.5,525.8,72.7,4742.0,4632.9,1963.9,919.4,3942.3,4441.1,2493.1,2504.7,1508.1,2496.5,885.0,2759.7,994.0,2516.9,1255.4,4647.3,6314.8,4965.0,1584.0,65.6
2026-08-13 05:00:00,642.2,296.8,945.6,514.3,608.0,276.7,59.8,46.9,338.6,26.5,85.1,1522.5,3037.9,4306.2,1159.6,718.1,111.1,128.6,1101.8,478.1,540.0,61.6,4954.4,4537.0,1973.8,910.2,4119.0,4209.7,2496.3,2470.1,1516.6,2491.0,888.5,2724.9,1000.0,2825.9,1297.7,4786.2,6225.8,5068.7,1608.1,59.4
2026-08-13 05:15:00,644.5,310.4,964.3,508.2,614.3,286.1,59.6,46.8,347.4,26.5,83.5,1521.1,3040.6,4302.5,1168.5,708.1,87.9,141.1,1098.9,490.3,540.9,63.5,5013.8,4529.0,1996.1,965.9,4130.7,4641.7,2502.2,2496.6,1520.7,2487.8,892.7,2775.5,1012.2,2823.9,1324.9,4811.3,6262.4,5072.0,1632.1,59.6
2026-08-13 05:30:00,652.4,303.6,974.8,702.3,626.1,302.7,59.5,46.8,356.7,26.5,93.9,1518.8,3054.7,4550.9,1146.5,714.7,87.9,163.8,1096.3,493.8,544.2,57.8,5029.1,4527.3,2014.2,970.1,4153.7,4919.8,2507.5,2501.9,1522.9,2484.1,898.3,2725.1,1018.6,2821.8,1347.2,4925.8,6319.2,5074.6,1647.9,59.2
2026-08-13 05:45:00,660.2,304.6,969.9,708.7,644.1,332.5,59.0,47.0,368.8,26.5,103.6,1518.0,2537.8,4507.0,1163.8,710.2,87.9,174.4,1093.9,498.4,542.1,58.6,5076.9,4536.9,2045.8,979.2,4167.7,5141.7,2513.9,2556.0,1532.6,2474.3,904.3,2744.3,1030.7,2820.8,1354.8,5036.2,6385.2,5107.7,1680.1,59.6
2026-08-13 06:00:00,684.0,325.3,976.7,676.4,667.8,372.0,32.6,29.2,373.4,33.6,134.2,1505.0,2754.9,4937.4,1159.7,698.4,188.8,153.4,1048.3,569.9,553.1,71.7,5258.5,4682.7,2157.1,997.8,4364.8,5704.8,2507.6,2528.2,1575.6,2467.5,902.0,2965.4,1048.4,2988.4,1370.4,5161.7,6718.5,5164.2,1770.6,63.9
2026-08-13 06:15:00,686.8,340.5,965.9,660.6,688.5,421.8,32.2,30.3,378.9,33.6,141.4,1505.7,2158.4,5110.4,1179.3,726.3,208.9,154.7,1056.4,577.6,557.3,75.3,5299.3,4700.9,2211.7,1042.2,4385.6,5782.4,2522.6,2531.9,1580.0,2469.8,913.0,3021.1,1061.3,2987.6,1379.6,5248.6,6821.6,5168.2,1811.1,66.1
2026-08-13 06:30:00,687.9,368.8,922.4,660.1,703.9,476.3,31.7,29.7,389.4,33.7,137.5,1509.2,2170.8,5047.4,1154.5,733.1,208.9,155.4,1060.6,581.8,559.8,76.0,5332.8,4715.2,2260.2,1087.1,4415.6,5780.6,2535.5,2575.9,1587.4,2465.4,929.3,3006.1,1072.6,2987.1,1390.4,5298.8,6938.4,5224.3,1845.7,68.5
2026-08-13 06:45:00,680.6,377.7,867.1,657.8,721.6,531.5,31.6,30.1,401.1,34.0,148.9,1507.9,2216.6,5113.2,1154.3,732.3,208.9,159.1,1057.5,582.1,558.5,74.6,5337.1,4772.5,2316.9,1088.6,4434.5,5819.8,2532.3,2635.8,1594.1,2462.0,936.1,3009.6,1082.8,2987.6,1400.8,5306.9,7049.8,5219.7,1882.3,70.7
2026-08-13 07:00:00,723.3,414.1,846.7,653.0,746.9,591.7,31.9,68.1,461.4,27.0,121.6,1522.3,2327.5,5114.1,1193.4,754.4,135.2,180.3,1267.7,631.5,613.4,101.4,5448.0,4879.4,2466.0,1092.0,4465.5,5944.7,2585.2,2764.8,1592.9,2510.4,974.1,3029.3,1070.3,3036.3,1500.4,5313.3,7326.6,5302.7,1979.2,69.6
2026-08-13 07:15:00,714.0,417.6,798.0,664.8,766.1,648.9,33.2,68.6,459.3,32.3,129.6,1529.2,2355.9,5109.8,1194.3,749.7,135.2,159.5,1244.6,597.9,612.2,92.5,5457.8,4892.6,2506.3,1093.2,4477.6,5904.3,2593.5,2761.0,1599.1,2517.0,992.1,3026.0,1078.5,3036.8,1508.3,5312.7,7391.9,5401.5,1999.9,74.8
2026-08-13 07:30:00,722.7,446.9,744.5,689.6,779.2,708.5,32.9,70.6,465.8,89.7,136.7,1523.5,3006.6,4954.0,1245.6,854.5,135.2,163.8,1250.2,608.9,610.9,92.7,5464.3,4941.8,2538.2,1082.7,4491.3,5602.6,2611.4,2761.9,1605.2,2523.9,1001.0,3035.0,1081.3,3037.1,1519.8,5310.3,7445.2,5347.6,2006.3,97.7
2026-08-13 07:45:00,692.7,470.4,692.7,693.5,780.8,767.0,33.0,73.9,464.1,27.8,158.2,1530.7,3441.5,4469.2,1320.4,1015.0,158.7,160.9,1280.1,663.2,618.0,93.4,5469.0,4960.7,2566.8,987.0,4490.5,5015.6,2615.6,2764.0,1613.7,2536.8,1008.6,3085.4,1085.5,3037.6,1529.1,5305.2,7492.8,5294.3,2015.8,87.3
2026-08-13 08:00:00,685.6,492.5,659.4,747.0,768.5,643.9,71.7,54.1,449.0,100.6,204.2,1493.1,3271.8,5314.6,1638.6,1216.1,51.4,198.5,1356.5,694.2,593.5,108.8,5444.0,4958.2,2634.4,1003.2,4575.3,5617.3,2660.6,2775.9,1638.9,2550.7,1028.7,3068.4,1084.1,3038.7,1544.0,5275.2,7542.1,5322.6,2027.0,127.3
2026-08-13 08:15:00,676.0,522.5,622.8,775.3,758.1,692.2,72.2,55.4,427.3,37.5,217.6,1502.3,3297.8,4669.6,1708.4,1371.0,51.4,191.2,1326.8,707.0,592.5,102.4,5447.9,4963.6,2651.9,909.8,4572.0,5172.3,2670.2,2766.6,1641.4,2554.9,1037.6,3129.4,1082.7,3039.4,1546.5,5252.7,7576.5,5238.4,2020.9,110.9
2026-08-13 08:30:00,659.8,553.7,589.2,616.0,746.7,729.3,71.0,56.3,406.0,43.6,222.9,1522.5,4065.5,4049.1,1714.1,1523.5,51.4,191.3,1316.4,739.3,593.2,112.1,5448.2,4962.7,2655.6,899.9,4564.6,4575.5,2670.7,2767.6,1644.3,2560.2,1043.0,3123.6,1082.7,3040.2,1544.4,5230.9,7565.5,5269.7,2000.8,118.0
2026-08-13 08:45:00,638.6,572.1,554.6,623.4,746.1,761.4,69.7,57.5,380.5,50.4,234.5,1534.3,4082.2,3660.2,1630.8,1577.3,54.9,189.5,1323.7,774.2,601.2,131.9,5467.4,4963.2,2669.7,873.9,4563.9,3915.3,2681.0,2752.8,1646.4,2557.0,1040.7,3109.7,1080.6,3040.2,1530.9,5208.6,7548.7,5225.6,1990.1,126.0
2026-08-13 09:00:00,639.5,613.5,537.8,713.2,745.6,809.1,173.2,87.7,316.7,63.5,427.4,1565.0,3797.1,3731.9,1516.9,1703.0,15.0,367.7,1457.9,859.3,583.5,154.6,5501.8,4794.3,2712.6,975.4,4702.0,4149.0,2688.9,2739.3,1653.3,2535.7,1060.1,2955.0,1079.9,2899.4,1525.4,5059.2,7444.1,5100.2,1936.9,131.6
2026-08-13 09:15:00,634.7,633.5,511.4,708.4,749.5,845.1,173.9,93.6,283.0,76.6,427.6,1587.3,3839.5,3330.1,1442.3,1648.8,15.0,349.5,1424.5,837.0,580.1,148.6,5507.5,4759.9,2713.4,927.4,4741.0,3527.7,2691.9,2707.1,1660.9,2532.2,1057.9,2936.3,1085.6,2898.7,1513.4,5034.6,7418.0,5113.9,1912.7,141.0
2026-08-13 09:30:00,640.1,648.8,488.3,745.9,748.7,876.9,174.1,94.6,248.9,97.3,417.6,1592.0,4665.3,3459.5,1417.5,1323.6,15.0,324.3,1425.6,667.5,577.8,154.8,5501.4,4765.3,2718.4,827.9,4831.4,3089.7,2692.1,2705.3,1656.4,2526.5,1050.6,2944.4,1088.5,2899.7,1508.0,4945.8,7405.7,5092.8,1883.5,150.1
2026-08-13 09:45:00,630.2,663.9,461.6,783.3,750.6,901.1,178.3,87.8,213.7,125.7,418.5,1614.8,5507.6,2825.4,1338.4,1128.1,15.0,322.1,1465.6,731.8,585.1,159.0,5493.9,4771.6,2724.2,815.4,5032.2,3040.3,2700.4,2702.6,1657.0,2530.2,1062.2,2916.5,1085.0,2900.6,1508.7,4891.6,7396.7,5026.0,1870.0,159.4
2026-08-13 10:00:00,613.9,678.5,431.2,830.1,752.8,918.5,100.4,59.7,191.3,160.8,454.4,1694.6,5411.8,3203.4,1255.7,1139.9,113.6,295.5,1471.6,680.7,582.7,199.4,5533.3,4728.6,2754.6,802.6,4976.1,3450.2,2702.3,2628.9,1693.2,2529.5,1042.9,2848.4,1082.5,2544.2,1438.7,4789.7,7358.2,5006.6,1874.8,169.5
2026-08-13 10:15:00,611.7,684.1,412.8,860.5,749.7,925.9,101.4,60.3,161.0,179.6,445.1,1710.6,5467.9,3184.0,1181.9,1194.0,113.6,294.1,1464.2,647.5,578.0,194.3,5525.3,4730.9,2762.0,801.7,5017.7,2898.8,2705.5,2625.9,1696.1,2532.3,1046.5,2802.5,1071.3,2546.3,1445.1,4710.2,7330.6,4942.7,1860.6,172.9
2026-08-13 10:30:00,603.7,690.6,623.1,891.5,745.4,927.2,99.2,61.1,133.5,190.9,462.3,1735.1,5469.9,3187.6,1150.1,1224.9,113.6,290.5,1460.2,657.9,573.5,173.2,5514.3,4737.1,2764.9,802.9,5014.1,2742.4,2718.9,2616.5,1692.2,2524.7,1060.1,2327.6,1075.7,2548.9,1446.2,4720.3,7295.5,4967.2,1841.1,183.8
2026-08-13 10:45:00,598.5,700.3,828.2,922.4,740.8,930.1,96.2,60.9,127.9,222.3,471.6,1732.8,5557.4,3206.0,1076.7,1236.6,137.4,270.2,1550.2,664.3,585.3,174.1,5507.2,4746.7,2768.1,804.9,5015.6,2650.6,2729.2,2485.6,1692.4,2512.1,1052.8,1844.9,1076.1,2550.3,1440.8,4731.7,7273.9,4992.3,1824.1,195.5
2026-08-13 11:00:00,591.0,702.9,1057.7,964.2,749.3,934.2,103.7,61.4,122.7,340.6,414.2,1843.6,5566.7,3710.4,1181.7,1316.9,123.1,304.8,1517.6,691.0,580.0,179.7,5494.8,4674.2,2783.4,787.8,4866.6,2750.0,2701.4,2303.8,1675.6,2495.7,1057.3,1870.7,1050.0,2352.5,1508.0,4446.7,7235.5,4934.0,1805.7,207.5
2026-08-13 11:15:00,583.4,699.2,1058.2,944.7,754.0,933.0,108.9,61.4,124.1,357.0,426.2,1836.6,5617.3,3649.6,1143.5,1316.3,123.1,274.1,1522.0,677.9,574.3,162.5,5487.1,4662.9,2785.7,788.8,4878.6,2739.8,2726.3,2113.3,1676.9,2483.9,1051.3,1695.1,1048.8,2354.7,1505.7,4342.6,7223.7,4936.7,1799.3,212.6
2026-08-13 11:30:00,583.1,690.7,1060.7,938.1,761.7,932.7,112.1,61.7,127.9,380.3,437.2,1842.7,5976.8,3467.6,1093.4,1263.7,156.9,243.5,1533.2,679.9,570.9,161.4,5476.1,4653.5,2784.6,789.1,4868.5,2739.0,2720.3,2086.3,1676.9,2480.8,1051.0,1633.0,1052.1,2357.1,1502.1,4260.2,7198.6,4949.9,1783.6,218.5
2026-08-13 11:45:00,592.1,666.1,1065.6,941.0,772.5,933.8,119.2,62.0,123.4,373.9,441.4,1854.2,6161.2,3504.8,1108.1,1244.1,156.9,228.0,1547.8,692.1,573.9,160.4,5465.7,4650.5,2786.7,787.3,4870.2,2736.5,2724.3,2085.2,1676.9,2485.4,1050.4,1633.3,1055.4,2359.4,1495.8,4255.3,7184.9,4965.1,1774.7,224.0
2026-08-13 12:00:00,598.5,683.8,1091.9,957.5,775.6,933.2,101.5,57.2,110.0,453.6,600.4,1847.3,6146.7,3769.4,1130.8,1281.5,20.9,318.1,1521.7,688.0,577.5,192.2,5528.7,4490.9,2796.2,836.2,4866.9,2692.1,2720.7,1946.9,1673.2,2486.3,1048.6,1693.9,1046.0,2191.6,1492.8,3911.5,7167.6,4982.1,1730.6,232.1
2026-08-13 12:15:00,684.1,662.3,1107.8,944.9,779.5,934.7,114.1,57.5,108.8,476.5,615.4,1856.0,6275.3,3726.6,1113.6,1308.9,20.8,316.2,1521.8,694.1,575.5,190.9,5585.0,4484.2,2796.6,838.5,4858.0,2693.3,2718.9,1945.8,1672.5,2487.5,1047.7,1694.4,1053.9,2194.7,1484.8,3914.4,7162.5,5002.7,1716.9,234.3
2026-08-13 12:30:00,690.4,681.7,1120.2,959.8,778.0,929.0,101.5,57.7,108.0,462.0,609.8,1865.4,6200.5,3450.1,1099.6,1295.6,20.8,317.6,1542.8,698.6,573.6,201.9,5590.4,4506.9,2798.0,842.0,4864.5,2692.4,2714.4,1925.6,1669.0,2482.9,1045.6,1679.5,1043.4,2197.4,1477.6,3917.8,7150.2,5024.5,1697.4,235.9
2026-08-13 12:45:00,690.8,673.4,1137.7,961.3,779.3,922.3,98.3,57.8,107.6,462.2,616.1,1869.3,6267.3,3363.4,1130.0,1250.5,20.8,317.6,1540.3,707.5,572.6,202.5,5574.4,4509.7,2801.6,843.2,4863.2,2694.0,2717.9,1942.4,1672.9,2486.8,1042.4,1693.9,1034.7,2200.6,1470.6,3918.7,7128.9,5034.8,1695.3,240.6
2026-08-13 13:00:00,691.1,666.9,1179.2,929.7,788.8,907.8,64.5,99.2,148.3,443.2,372.7,1879.0,6211.4,3418.6,1134.8,1291.4,12.0,351.6,1569.5,770.8,575.9,203.5,5566.7,4454.7,2789.1,816.1,4863.2,2703.4,2714.6,1995.3,1708.6,2524.0,1030.2,1675.7,1043.9,2165.6,1464.0,3803.7,7281.4,5146.3,1689.6,244.4
2026-08-13 13:15:00,708.8,659.7,1196.5,935.8,788.0,895.8,60.1,97.3,149.9,439.8,383.5,1878.1,6262.2,3464.9,1131.1,1309.6,20.8,344.4,1573.7,775.5,573.9,198.4,5607.7,4451.6,2791.1,818.5,4866.6,2704.7,2717.2,2018.5,1707.2,2525.5,1027.6,1675.4,1038.4,2169.1,1464.1,3787.6,7319.9,5152.5,1699.4,246.1
2026-08-13 13:30:00,713.6,633.4,1213.6,897.0,785.4,880.1,73.9,97.1,153.0,440.4,392.1,1881.3,6269.2,3397.8,1148.3,1302.4,20.7,344.5,1564.3,774.3,572.8,197.8,5608.3,4451.9,2797.6,820.4,4864.0,2707.0,2715.2,2039.9,1707.9,2527.8,1034.3,1675.3,1025.6,2172.1,1458.9,3785.7,7300.8,5161.0,1692.1,248.4
2026-08-13 13:45:00,713.5,623.7,1237.4,855.8,782.5,866.2,76.9,97.0,154.9,441.3,399.0,1883.3,6314.9,3370.6,1151.9,1302.8,45.7,344.7,1560.8,763.7,570.2,196.9,5600.8,4452.9,2795.8,820.0,4861.9,2707.2,2717.0,2024.0,1708.4,2525.4,1027.4,1675.4,1024.9,2175.3,1455.3,3780.2,7278.1,5165.4,1693.9,245.5
2026-08-13 14:00:00,702.0,620.8,1249.2,877.4,772.3,843.6,67.7,108.8,111.8,444.3,311.9,1987.0,6240.4,3268.9,1201.7,1243.9,140.4,193.9,1591.8,729.4,569.3,202.7,5600.5,4653.8,2796.4,839.0,4920.8,2757.3,2744.9,2105.1,1712.2,2539.9,1034.4,1677.1,1019.7,2181.9,1455.0,3797.0,7313.3,5185.6,1646.6,253.7
2026-08-13 14:15:00,702.1,601.4,1268.0,878.5,770.1,820.2,76.9,106.0,111.4,444.1,301.7,1985.6,6160.9,3329.5,1123.4,1260.2,140.4,198.7,1604.0,730.4,569.0,198.5,5602.4,4650.6,2797.2,840.2,4925.1,2757.7,2746.0,2106.0,1712.5,2540.4,1033.6,1677.8,1015.1,2186.6,1461.8,3795.2,7296.1,5176.5,1644.5,249.3
2026-08-13 14:30:00,712.3,586.8,1278.3,872.6,764.7,801.1,70.3,105.6,111.4,439.2,316.2,1984.3,6290.4,3496.5,1136.3,1282.3,140.4,172.5,1607.1,724.6,566.5,201.6,5533.8,4649.1,2799.8,842.8,4922.3,2758.0,2741.3,2087.9,1707.8,2532.5,1031.2,1678.4,1004.9,2190.7,1464.5,3794.4,7297.6,5182.0,1639.5,245.8
2026-08-13 14:45:00,709.3,593.3,1293.8,894.5,761.3,787.6,64.2,106.2,111.4,449.0,287.5,1982.1,6129.5,3578.5,1135.8,1320.8,140.4,172.7,1583.7,722.2,565.8,204.7,5538.3,4660.1,2804.2,844.2,4923.8,2758.3,2745.0,2155.1,1709.7,2537.1,1035.7,1679.3,1003.8,2196.6,1461.6,3811.5,7321.0,5194.2,1634.4,245.6
2026-08-13 15:00:00,720.2,558.5,1051.3,885.4,738.7,747.5,52.9,130.7,95.6,402.7,238.9,1838.9,5994.5,3382.6,1046.1,1279.1,269.7,184.3,1484.6,729.4,542.1,169.5,5493.6,4685.3,2801.4,845.0,4911.6,2634.4,2788.1,2243.2,1708.9,2554.9,1031.0,1674.8,1002.4,2333.6,1463.8,4047.0,7181.1,5067.4,1638.2,234.0
2026-08-13 15:15:00,704.9,558.6,857.3,864.7,747.4,717.1,51.9,130.2,96.4,392.9,241.5,1834.3,5772.1,3439.2,1042.0,1312.5,224.7,187.9,1459.3,726.0,552.8,167.8,5549.1,4674.2,2804.3,851.3,4899.5,2638.9,2788.1,2342.4,1713.5,2566.4,1035.1,1700.3,1001.9,2342.6,1469.9,4044.7,7173.4,5043.2,1656.0,228.3
2026-08-13 15:30:00,631.9,543.1,648.8,864.5,757.8,686.1,51.8,130.2,96.8,413.2,250.9,1806.6,5525.3,3506.7,1072.0,1362.2,224.7,187.6,1460.0,732.4,547.8,163.0,5542.9,4673.7,2811.2,852.7,4891.4,2639.1,2784.7,2412.7,1709.4,2566.3,1038.1,1836.5,1006.6,2349.2,1470.0,4058.3,7198.1,5025.3,1660.7,220.5
2026-08-13 15:45:00,643.5,529.8,670.5,889.1,760.8,646.7,51.8,130.7,96.8,432.1,222.5,1810.9,5461.1,3735.5,1112.3,1340.0,199.7,187.2,1466.1,729.0,543.8,158.9,5551.0,4674.7,2817.9,853.4,4894.2,2656.5,2781.9,2447.8,1709.6,2567.7,1034.5,1906.5,1008.8,2354.1,1470.8,4156.5,7206.2,5012.5,1678.5,217.1
2026-08-13 16:00:00,665.3,492.9,635.1,803.5,752.7,605.9,168.0,115.5,93.8,375.1,253.1,1769.0,5851.1,3146.8,1056.3,1338.8,217.2,190.1,1430.1,875.5,543.1,167.7,5477.0,4689.5,2817.0,841.9,4805.8,2355.4,2831.5,2568.6,1703.0,2548.6,1039.6,2107.1,1013.6,2956.6,1466.4,4637.5,7260.2,5072.1,1696.4,219.9
2026-08-13 16:15:00,676.8,474.4,658.4,787.6,758.2,565.8,167.1,124.6,85.2,356.2,239.5,1804.4,5729.0,3451.6,1113.1,1346.5,192.1,216.2,1349.7,904.5,534.1,181.8,5465.8,4686.6,2823.6,846.8,4805.2,2458.3,2831.1,2706.6,1699.7,2557.1,1027.7,2565.8,1016.5,2957.7,1471.3,4707.4,7298.1,5051.4,1729.4,211.1
2026-08-13 16:30:00,695.1,445.4,688.6,783.6,765.7,524.9,172.5,123.6,86.0,324.0,244.6,1790.7,5726.2,3449.3,1147.2,1268.3,192.0,213.1,1363.7,869.2,540.2,183.3,5466.7,4676.8,2831.5,847.2,4801.6,2807.5,2802.4,2715.8,1696.4,2557.3,1020.9,2846.8,1022.2,2957.1,1482.2,4831.0,7351.6,5105.4,1751.8,206.6
2026-08-13 16:45:00,707.8,418.2,715.9,851.3,769.1,474.0,162.0,117.8,86.8,300.3,243.1,1787.0,5472.3,3410.7,1259.9,1245.4,172.0,209.9,1374.5,916.4,545.6,206.6,5466.5,4697.6,2823.5,845.3,4752.8,3410.1,2803.9,2734.0,1700.1,2572.8,1017.0,2933.2,1023.4,2956.1,1494.3,4833.5,7415.4,5136.0,1781.2,197.8
2026-08-13 17:00:00,728.2,384.6,738.9,846.3,779.1,424.6,51.9,173.1,113.4,257.1,183.6,1669.6,5623.8,2991.5,1422.4,1288.4,196.7,89.0,1523.6,807.4,549.4,137.6,5542.4,4841.3,2805.0,829.3,4770.9,3368.9,2816.6,2806.8,1693.2,2572.5,1016.6,2850.3,1040.4,3153.4,1509.5,5095.4,7485.9,5367.8,1820.9,179.2
2026-08-13 17:15:00,735.3,368.2,795.5,814.4,787.6,371.4,51.5,166.9,114.6,216.1,190.6,1639.3,4119.6,3108.2,1529.7,1444.0,196.7,70.4,1461.9,980.7,555.5,137.3,5537.7,4835.3,2802.3,937.3,4596.9,3971.3,2815.0,2813.2,1693.6,2580.3,1019.9,2952.4,1041.8,3151.8,1517.8,5097.7,7538.9,5337.9,1849.0,170.2
2026-08-13 17:30:00,745.9,339.7,845.9,840.0,798.8,313.1,52.9,165.9,115.4,169.4,204.4,1634.9,4085.0,3586.3,1580.2,1721.7,173.0,83.3,1469.0,958.5,560.7,127.9,5550.8,4852.7,2795.5,961.6,4600.1,4792.2,2806.7,2805.0,1696.1,2590.7,1018.8,3069.3,1041.6,3149.9,1530.3,5100.4,7613.7,5339.2,1883.4,159.9
2026-08-13 17:45:00,757.4,309.9,911.2,1037.2,802.4,256.2,52.0,164.8,136.3,141.9,214.9,1630.3,3499.3,3844.0,1672.8,1738.8,173.0,115.1,1481.1,1036.1,566.7,161.8,5568.0,4874.1,2793.8,974.2,4598.3,5450.6,2811.0,2803.8,1694.6,2587.9,1019.3,3086.8,1040.5,3148.7,1533.0,5102.7,7677.0,5317.3,1914.0,149.2
2026-08-13 18:00:00,772.1,289.6,969.0,1081.8,804.2,386.9,106.5,100.9,132.5,120.2,261.6,1599.6,3719.7,3570.8,1683.5,1555.0,278.3,78.2,1406.5,902.1,577.5,135.1,5609.3,4917.1,2778.3,1003.8,4681.4,5731.4,2848.8,2737.2,1695.0,2586.8,1012.9,3225.4,1038.5,3178.8,1535.1,5159.5,7659.2,5335.7,1922.1,138.7
2026-08-13 18:15:00,785.1,364.8,1040.6,1060.6,807.5,342.4,106.6,99.9,157.7,98.1,261.4,1581.5,2733.6,3906.3,1593.1,1352.0,253.2,82.6,1337.0,879.5,581.3,143.5,5621.8,4916.0,2779.3,1132.8,4679.3,6353.4,2824.7,2746.8,1689.7,2565.7,1010.8,3214.5,1036.7,3178.3,1532.0,5164.7,7695.8,5316.9,1945.8,131.5
2026-08-13 18:30:00,788.3,354.7,1086.6,1068.1,809.5,306.2,108.2,98.7,190.1,72.3,288.7,1569.8,2652.1,3607.4,1420.1,1057.4,257.2,81.4,1334.1,838.3,585.5,147.9,5631.7,4938.5,2779.2,1163.0,4686.3,6470.7,2817.1,2737.8,1689.2,2555.5,1017.1,3288.0,1040.0,3177.2,1536.2,5169.4,7723.1,5296.6,1960.9,122.4
2026-08-13 18:45:00,793.3,364.1,1136.0,1075.8,811.8,328.0,101.6,96.5,237.4,95.0,287.5,1575.6,2601.8,3594.1,1491.4,1094.1,253.1,88.4,1360.1,917.4,594.4,179.2,5645.0,4926.1,2776.5,1298.8,4698.1,6702.1,2842.9,2738.2,1687.7,2557.3,1017.5,3258.5,1040.3,3174.1,1529.9,5171.4,7725.1,5332.2,1969.6,114.8
2026-08-13 19:00:00,801.5,321.5,1173.8,1065.9,807.2,459.8,60.8,62.2,276.1,89.4,262.0,1490.7,2849.6,3359.5,1487.1,854.6,249.6,66.0,1237.4,810.3,612.4,127.1,5624.2,4865.2,2766.9,1321.6,4761.9,6714.0,2857.6,2738.7,1697.0,2555.7,1026.5,3327.6,1043.1,3154.8,1522.0,5157.8,7778.7,5434.0,1982.9,136.2
2026-08-13 19:15:00,828.9,220.2,1198.9,1461.7,809.3,404.4,61.6,61.8,312.7,97.8,264.2,1503.3,2657.0,3503.3,1723.8,1019.1,268.8,70.9,1240.3,805.7,601.3,127.9,5624.3,4867.3,2764.8,1324.5,4776.4,6716.4,2831.5,2752.9,1697.1,2557.1,1032.4,3245.1,1033.5,3154.4,1522.0,5171.2,7791.9,5470.1,1988.9,132.3
2026-08-13 19:30:00,798.4,337.4,1208.8,1119.3,801.3,442.9,56.9,61.4,345.1,144.9,273.5,1528.3,2629.6,3647.7,1716.1,1038.3,208.1,83.0,1224.9,793.6,603.4,166.6,5623.9,4828.8,2757.4,1397.6,4773.8,6738.1,2825.1,2751.1,1704.0,2552.9,1033.3,3267.7,1034.1,3154.9,1515.9,5187.0,7783.1,5496.1,1972.6,129.7
2026-08-13 19:45:00,799.9,333.4,1219.6,1114.2,802.5,429.9,45.7,64.6,373.9,138.3,275.1,1510.2,2588.3,3752.6,1802.2,1060.2,207.4,83.3,1233.8,819.9,608.0,225.3,5615.0,4800.6,2752.5,1400.4,4771.5,6741.3,2826.1,2750.9,1702.8,2548.3,1030.4,3270.0,1033.6,3157.0,1514.7,5202.4,7776.2,5516.7,1967.1,130.5
2026-08-13 20:00:00,796.9,325.2,1220.5,1108.4,797.6,432.6,102.0,61.7,397.7,125.9,283.1,1565.5,2623.4,3782.4,1602.3,968.3,269.1,53.5,1216.3,773.0,580.5,171.6,5515.8,4713.6,2737.2,1463.4,4755.9,6725.4,2823.8,2717.7,1702.3,2566.2,1038.2,3297.4,1027.0,3125.7,1503.1,5192.9,7750.6,5371.1,1976.3,203.2
2026-08-13 20:15:00,831.9,265.9,1238.2,1446.4,817.4,383.5,110.3,61.7,400.5,123.6,282.9,1553.8,2546.6,3962.6,1653.6,931.5,268.5,53.2,1213.9,749.1,580.6,184.8,5500.7,4697.7,2738.2,1399.8,4777.5,6709.6,2821.8,2716.8,1698.6,2568.3,1030.3,3257.8,1024.8,3131.2,1492.5,5215.8,7767.2,5376.2,1986.4,173.9
2026-08-13 20:30:00,831.9,265.9,1239.9,1447.8,813.6,376.4,111.5,62.8,407.2,121.3,271.2,1525.4,2536.1,4197.7,1697.1,893.2,268.0,69.3,1213.5,749.4,578.7,187.7,5491.0,4707.8,2726.2,1347.5,4780.6,6713.4,2840.4,2691.7,1702.3,2585.1,1033.2,3274.3,1021.9,3136.2,1490.9,5206.8,7741.6,5387.5,1976.5,175.0
2026-08-13 20:45:00,823.8,257.8,1232.4,1447.4,811.3,370.7,114.9,62.2,408.4,118.4,266.7,1496.2,2493.3,4345.7,1750.9,863.9,353.7,40.8,1242.5,736.0,574.4,175.8,5462.4,4727.2,2725.9,1321.8,4777.3,6716.1,2837.5,2620.0,1698.8,2606.8,1026.7,3291.0,1021.3,3142.1,1485.6,5125.4,7732.6,5391.4,1975.3,175.4
2026-08-13 21:00:00,811.2,186.3,1198.4,1275.1,797.0,357.1,72.6,64.4,418.2,116.4,349.2,1518.4,2504.0,4691.3,1857.8,936.5,294.0,74.2,1191.6,882.4,592.7,204.8,5512.2,4672.7,2697.9,1422.8,4803.9,6816.7,2810.5,2621.2,1698.9,2597.6,1015.7,3225.3,1021.3,3049.2,1412.7,5106.1,7667.4,5395.8,1938.8,205.2
2026-08-13 21:15:00,803.0,179.8,1171.9,1257.2,790.1,347.9,73.3,63.4,415.7,114.9,341.2,1495.2,2423.1,4859.5,1890.8,834.2,273.2,55.8,1199.8,885.8,588.8,197.5,5548.2,4693.6,2692.6,1360.5,4797.4,6817.9,2829.2,2603.2,1697.8,2606.1,1012.4,3239.1,1020.2,3055.6,1416.2,5132.8,7641.0,5410.8,1927.9,197.9
2026-08-13 21:30:00,785.0,285.3,1139.1,1052.3,777.0,334.1,74.5,62.3,412.1,112.6,337.1,1460.6,2419.5,5197.5,1944.5,782.2,272.3,52.1,1193.7,891.9,590.1,190.7,5540.4,4712.5,2680.7,1337.3,4799.1,6821.9,2823.3,2563.3,1697.6,2620.0,1019.3,3256.9,1019.2,3061.4,1408.6,5054.7,7614.4,5423.5,1914.7,214.7
2026-08-13 21:45:00,780.8,177.2,1104.0,1227.0,759.5,349.9,73.3,62.3,406.5,49.1,329.2,1442.5,2389.0,5162.6,1963.1,783.8,271.4,47.3,1193.1,885.3,595.2,178.5,5514.3,4731.6,2676.1,1267.5,4786.3,6739.7,2822.9,2499.3,1692.5,2640.7,1017.7,3224.2,1015.5,3065.9,1395.3,5034.2,7568.9,5403.3,1909.1,208.3
2026-08-13 22:00:00,762.7,172.3,1069.2,1214.6,746.5,174.6,80.1,110.3,407.9,50.2,326.1,1499.8,2300.1,5807.6,1792.2,835.0,142.1,56.2,1170.8,991.4,522.9,229.6,5348.1,4717.7,2633.4,1155.3,4829.9,6531.3,2809.2,2591.0,1679.3,2664.5,1031.8,3139.3,1008.9,2905.1,1384.7,5023.7,7449.7,5438.8,1847.8,165.1
2026-08-13 22:15:00,748.5,177.0,1034.9,1203.9,723.9,176.8,79.9,110.3,407.1,44.1,294.5,1498.1,2290.6,5961.8,1782.7,829.2,165.8,64.5,1163.0,1006.3,514.7,235.0,5314.2,4732.8,2609.9,1155.3,4813.6,6413.5,2801.6,2529.9,1677.4,2677.9,1027.2,3078.3,1007.7,2908.2,1378.2,4974.5,7370.5,5415.8,1816.8,157.2
2026-08-13 22:30:00,735.1,167.1,1006.8,1180.2,702.5,178.5,78.5,110.9,412.7,36.5,303.9,1498.5,2286.3,6139.6,1797.8,843.6,144.6,49.7,1156.6,1036.1,508.2,245.5,5257.2,4735.5,2580.2,1090.9,4808.0,6340.4,2790.0,2473.2,1670.9,2693.2,1018.1,3035.3,1001.2,2914.8,1365.4,4840.8,7278.8,5429.8,1800.1,159.4
2026-08-13 22:45:00,711.1,169.7,979.8,990.2,690.7,180.4,78.8,112.8,410.6,36.5,294.4,1474.4,2362.7,6232.2,1783.6,840.5,143.3,66.8,1148.9,1040.8,501.5,248.6,5208.0,4697.0,2557.2,1131.8,4791.3,6330.7,2788.9,2400.4,1669.5,2705.1,1010.8,3052.4,993.4,2922.3,1354.0,4806.7,7190.7,5426.6,1778.7,160.5
2026-08-13 23:00:00,713.1,169.9,958.3,952.5,666.0,185.8,86.5,49.9,383.1,43.6,302.2,1509.4,2257.2,6577.4,1675.6,821.6,120.4,64.6,1129.3,989.3,492.1,243.7,5064.5,4688.5,2476.1,1088.5,4547.3,6002.3,2748.9,2602.9,1644.7,2706.8,986.6,2769.6,983.7,2447.4,1380.6,4910.5,7070.7,5431.0,1747.9,144.5
2026-08-13 23:15:00,702.0,152.4,943.3,927.8,654.4,179.1,86.9,49.9,384.3,34.7,277.8,1509.5,2294.4,6571.5,1670.2,817.1,119.1,68.5,1103.6,992.4,485.5,246.1,5019.5,4721.2,2436.1,1088.3,4529.7,5932.5,2742.2,2608.3,1637.7,2702.9,974.6,2715.0,980.2,2454.6,1367.2,4775.1,6984.1,5383.0,1726.3,145.8
2026-08-13 23:30:00,692.0,150.5,926.3,820.9,637.9,179.6,87.2,49.9,370.1,34.7,280.7,1513.5,2999.8,6831.7,1692.6,818.7,110.5,116.1,1103.8,1018.0,484.9,249.6,5000.5,4672.3,2403.4,1087.5,4520.0,5905.6,2726.9,2583.0,1636.6,2702.6,963.6,2694.7,973.4,2462.5,1347.5,4751.8,6900.5,5387.0,1712.3,143.3
2026-08-13 23:45:00,681.4,150.5,918.1,705.8,626.0,179.9,87.8,49.9,365.7,34.7,257.2,1509.6,3193.7,6381.9,1665.4,819.2,116.5,66.7,1104.7,1069.8,484.9,259.3,4955.8,4614.4,2359.5,1081.7,4498.6,5588.5,2718.5,2523.5,1633.0,2694.0,959.3,2694.2,966.4,2469.3,1323.1,4749.6,6818.0,5394.5,1692.5,149.6
2026-08-14 00:00:00,640.8,135.7,921.6,881.1,619.5,117.5,69.5,89.8,325.6,85.5,661.1,1443.1,2789.1,5596.5,1155.4,547.1,67.4,38.0,1238.4,1026.8,412.4,487.7,4869.6,4519.5,2268.1,1006.6,4188.2,4946.4,2633.9,2211.5,1601.1,2629.3,938.9,2877.5,972.9,2540.0,1292.5,5035.5,6718.2,5087.7,1598.1,109.4
2026-08-14 00:15:00,636.8,131.8,910.5,879.3,606.2,118.6,67.3,89.8,329.6,85.5,670.6,1442.9,2909.8,5150.7,1218.3,648.9,62.4,52.0,1217.2,1052.8,412.4,491.8,4842.9,4518.8,2240.4,996.8,4181.2,4645.1,2630.1,2189.3,1595.1,2631.4,931.5,2850.7,968.3,2538.1,1279.3,4995.2,6659.9,5087.8,1584.0,111.5
2026-08-14 00:30:00,638.7,130.7,897.5,878.0,601.3,120.5,66.6,89.7,320.4,85.5,648.4,1442.1,3493.4,5159.0,1241.0,700.4,62.5,75.5,1213.3,1082.3,412.1,499.0,4828.0,4487.3,2206.1,983.2,4165.0,4585.9,2619.0,2176.5,1591.9,2627.4,923.0,2826.2,966.1,2537.7,1268.7,5015.7,6609.7,5091.7,1581.4,112.7
2026-08-14 00:45:00,637.4,129.7,888.6,866.9,594.2,121.3,68.6,89.8,319.3,85.5,629.6,1441.5,3499.2,5187.2,1223.7,706.1,70.8,40.0,1212.5,1134.8,412.1,505.3,4802.6,4471.5,2177.6,976.9,4155.1,4306.1,2606.2,2182.7,1592.8,2621.3,911.6,2794.6,964.2,2536.9,1258.4,5035.8,6565.5,5031.9,1572.1,114.7
2026-08-14 01:00:00,625.3,129.4,875.7,669.5,589.1,121.7,86.5,13.3,337.4,44.7,578.5,1453.9,3357.2,5141.9,1222.8,706.1,57.2,66.8,1267.7,1142.0,414.8,525.3,4754.2,4437.1,2114.7,987.9,4085.8,4682.6,2613.0,2179.1,1564.2,2593.1,909.5,2750.6,957.1,2311.7,1249.4,5077.2,6456.4,5071.5,1517.9,113.3
2026-08-14 01:15:00,630.5,128.6,871.0,668.9,580.7,120.2,86.7,13.3,337.6,41.5,582.0,1450.2,3500.9,5046.4,1182.0,709.7,57.2,68.1,1264.7,1154.4,414.1,526.7,4751.7,4434.2,2089.7,986.1,4076.3,4452.1,2609.5,2182.2,1560.7,2587.2,901.8,2702.8,956.3,2311.3,1241.9,5083.2,6421.8,5036.2,1506.4,115.2
2026-08-14 01:30:00,630.0,128.1,866.2,668.7,577.7,117.3,86.4,13.3,339.6,41.5,595.3,1449.8,3546.5,5041.4,1174.4,700.7,57.2,69.3,1262.2,1177.3,413.7,533.6,4736.5,4439.7,2063.3,984.1,4067.3,4275.1,2608.0,2170.3,1558.6,2581.8,891.8,2685.8,955.2,2310.6,1236.6,5115.5,6379.6,5014.5,1499.6,116.6
2026-08-14 01:45:00,632.1,127.5,860.2,646.0,574.3,114.8,87.1,13.3,335.3,41.5,571.7,1450.0,3581.4,5020.9,1159.1,613.6,57.2,45.8,1258.1,1196.7,413.1,422.6,4738.0,4435.8,2038.5,980.4,4056.0,4217.0,2603.0,2162.2,1560.6,2582.6,869.6,2655.7,955.3,2310.3,1231.3,5125.1,6352.4,5011.3,1498.5,118.5
2026-08-14 02:00:00,615.1,127.3,858.0,630.0,566.7,111.0,71.1,15.3,332.8,2.0,490.4,1430.9,3468.7,5057.2,1127.1,528.1,78.3,70.5,1240.7,1212.3,402.9,547.2,4763.8,4435.1,1993.7,978.1,4111.4,4045.2,2614.3,2144.4,1541.0,2562.9,863.5,2672.2,954.0,2224.3,1290.9,5226.9,6406.9,5099.5,1480.0,117.4
2026-08-14 02:15:00,624.0,126.5,855.7,629.3,564.0,110.2,70.6,15.3,323.8,2.0,469.0,1431.0,3492.9,4984.6,1118.1,477.0,76.5,51.0,1213.9,1225.2,402.6,382.7,4766.5,4439.8,1979.3,977.5,4102.6,4023.8,2608.3,2140.3,1536.5,2557.6,841.7,2643.7,954.2,2223.8,1286.4,5230.4,6415.2,5103.8,1479.1,119.2
2026-08-14 02:30:00,625.8,125.7,855.8,604.4,560.3,109.7,69.7,15.3,326.0,2.0,457.6,1434.2,3532.5,4955.8,1098.4,474.2,76.7,51.3,1212.5,1227.1,398.9,304.3,4761.8,4447.0,1966.2,976.9,4092.3,4026.1,2605.6,2129.3,1535.5,2554.0,839.0,2639.4,954.3,2223.5,1282.8,5264.4,6391.5,5107.0,1472.9,120.5
2026-08-14 02:45:00,623.4,124.9,856.1,599.6,572.3,109.2,69.7,15.3,356.6,2.0,460.8,1434.7,3580.1,4912.6,1106.0,471.4,78.7,71.8,1210.1,1259.3,413.6,275.8,4769.2,4422.2,1952.5,974.1,4086.3,3911.3,2604.8,2122.1,1534.0,2550.0,836.5,2631.4,954.5,2222.9,1277.5,5269.3,6344.7,5102.5,1469.3,114.5
2026-08-14 03:00:00,649.2,133.2,866.1,595.8,561.5,109.0,70.0,16.3,375.2,1.5,451.0,1440.3,3397.2,4728.9,1088.2,466.2,54.1,76.5,1216.4,1238.2,413.2,277.9,4686.8,4328.6,1933.6,959.2,4057.2,3865.6,2615.3,2120.1,1523.7,2539.2,836.8,2648.8,956.2,2224.2,1276.1,5233.5,6307.4,5070.9,1472.9,117.5
2026-08-14 03:15:00,649.1,133.1,868.9,588.5,565.1,110.4,69.2,16.3,371.0,1.5,457.8,1439.0,3413.3,4659.8,1073.6,465.8,54.1,96.7,1214.8,1239.5,411.0,278.0,4688.2,4325.0,1924.5,957.4,4052.2,3768.0,2614.0,2102.6,1526.2,2546.0,836.1,2646.4,956.8,2223.2,1271.8,5232.5,6292.6,5066.0,1467.9,117.2
2026-08-14 03:30:00,648.7,132.7,875.6,611.6,569.3,113.1,68.2,16.4,371.8,1.5,447.6,1439.4,3477.4,4622.7,1060.9,462.5,54.1,97.2,1209.5,1239.2,407.6,277.6,4680.7,4331.1,1918.7,957.7,4047.8,3768.0,2611.1,2094.3,1521.8,2538.8,832.2,2642.6,957.2,2223.0,1269.4,5253.6,6288.8,5044.1,1470.3,116.6
2026-08-14 03:45:00,648.6,132.6,879.4,602.7,574.4,115.7,67.6,16.3,373.4,1.5,454.4,1439.4,3503.9,4583.6,1051.9,460.6,54.1,77.6,1214.5,1233.3,406.1,277.1,4686.6,4332.4,1910.7,957.7,4046.7,3770.9,2613.7,2097.6,1521.3,2536.9,830.6,2637.5,959.3,2222.8,1266.8,5253.7,6276.2,5041.0,1467.4,116.3
2026-08-14 04:00:00,620.4,124.6,892.7,457.5,584.1,208.7,66.5,45.4,376.0,1.0,490.2,1434.7,3495.0,4510.9,1018.8,458.7,58.5,37.3,1056.8,1180.7,398.9,279.7,4781.7,4343.1,1900.3,912.8,3798.0,3646.2,2619.0,2064.9,1511.8,2521.9,814.7,2738.4,960.6,2197.7,1271.9,5223.7,6199.9,5007.6,1467.9,119.4
2026-08-14 04:15:00,624.9,124.4,903.1,457.3,583.1,215.8,65.9,45.3,376.3,1.0,473.5,1433.6,3523.6,4481.5,1016.7,457.7,79.0,37.5,1055.2,1171.7,395.9,279.0,4799.1,4348.3,1900.6,943.5,3797.5,3751.3,2620.1,2063.0,1511.9,2520.3,817.0,2730.9,961.4,2197.8,1271.5,5230.4,6192.2,5010.6,1470.6,118.5
2026-08-14 04:30:00,631.4,125.0,913.6,465.7,593.4,216.4,65.5,45.4,375.1,1.0,479.4,1433.3,3492.4,4435.8,968.9,456.4,79.5,37.6,1050.7,1161.7,392.3,277.9,4826.8,4354.2,1899.0,946.6,3797.8,3909.9,2619.4,2055.7,1510.8,2517.4,813.2,2730.3,962.0,2199.6,1273.7,5240.2,6185.0,5016.0,1473.6,117.9
2026-08-14 04:45:00,637.0,126.5,932.7,465.6,601.8,219.8,65.9,45.3,338.1,1.0,474.3,1432.3,3530.6,4383.7,962.0,456.4,80.0,37.8,1047.9,1152.8,370.4,547.1,4851.7,4369.4,1901.7,948.3,3795.4,4024.0,2619.0,2057.4,1511.9,2517.2,812.9,2730.8,960.4,2200.7,1275.9,5252.5,6179.7,5022.4,1478.7,117.3
2026-08-14 05:00:00,664.7,133.1,979.2,579.3,631.1,286.4,45.7,28.8,339.3,9.0,480.0,1441.5,3580.7,4510.3,1009.4,467.1,99.8,88.4,1025.5,1143.8,370.0,298.2,5077.5,4535.1,1915.9,957.7,3975.3,3922.2,2618.1,2113.1,1516.9,2492.3,817.2,2682.3,962.3,2269.7,1285.2,5434.6,6236.2,4926.8,1496.2,107.2
2026-08-14 05:15:00,665.6,148.6,1002.8,592.2,632.7,300.8,46.0,28.8,345.4,9.0,475.4,1440.3,3594.3,4431.6,1012.2,470.0,75.1,107.2,1017.2,1142.4,367.6,539.6,5119.6,4554.1,1933.9,964.8,3987.6,4132.8,2624.9,2117.6,1521.4,2495.9,818.9,2691.4,965.8,2270.4,1295.0,5442.6,6284.6,4960.6,1509.3,106.7
2026-08-14 05:30:00,673.6,164.6,1016.3,642.6,642.7,318.6,45.2,28.8,355.1,9.0,476.8,1438.7,3378.2,4391.4,990.1,479.1,55.4,108.3,1018.1,1132.6,368.9,528.3,5158.4,4588.6,1951.0,967.3,3996.8,4403.4,2628.0,2149.0,1523.2,2491.3,836.2,2705.0,968.3,2269.3,1305.2,5460.5,6332.4,4975.8,1519.3,104.6
2026-08-14 05:45:00,677.5,161.5,1025.8,646.8,656.0,337.7,43.4,28.9,366.4,9.0,480.1,1438.1,2904.6,4376.2,994.1,481.7,55.7,111.7,1017.9,1124.1,370.5,523.8,5169.3,4601.4,1979.9,969.4,4007.1,4572.1,2635.0,2140.1,1527.0,2496.6,842.6,2731.6,973.3,2267.5,1317.6,5458.6,6333.8,5035.8,1548.6,103.3
2026-08-14 06:00:00,704.4,198.4,1037.5,898.1,682.3,298.8,42.7,48.1,375.3,11.7,466.2,1437.3,2990.2,4467.6,992.5,499.5,56.1,161.2,985.6,1064.4,399.6,539.0,5334.0,4593.9,2095.2,958.3,4190.8,5074.6,2674.8,2147.0,1559.4,2526.9,841.1,2860.6,1002.5,2283.3,1331.2,5641.4,6632.5,5180.5,1659.0,138.8
2026-08-14 06:15:00,710.9,204.9,1012.1,922.7,698.1,344.3,42.7,48.3,382.1,11.7,464.9,1436.9,2953.4,5205.1,996.0,503.9,56.4,183.8,996.0,1063.2,400.4,538.2,5360.9,4673.8,2148.4,973.2,4210.2,5427.0,2690.5,2140.0,1561.4,2534.2,851.4,2900.1,1012.3,2281.6,1349.8,5666.7,6727.1,5216.0,1705.5,138.7
2026-08-14 06:30:00,714.7,207.7,972.6,933.6,713.1,389.0,41.5,48.6,378.9,43.8,471.4,1443.4,2120.5,4642.8,964.8,518.2,76.6,184.1,1003.1,1065.9,400.6,531.1,5365.6,4711.9,2193.5,972.4,4242.8,5495.9,2710.8,2177.8,1572.0,2539.7,868.5,2938.7,1022.7,2279.6,1373.8,5701.3,6845.3,5235.4,1735.3,139.2
2026-08-14 06:45:00,711.3,212.2,923.0,932.9,730.1,418.6,42.0,49.0,396.8,44.9,480.0,1450.0,2365.0,4674.0,964.3,539.5,76.9,191.8,1009.8,1061.9,400.2,527.6,5378.0,4741.4,2247.8,971.5,4262.2,5535.7,2727.2,2186.4,1578.4,2545.2,882.0,2970.6,1028.0,2277.0,1390.5,5695.6,6953.3,5297.0,1777.4,164.0
2026-08-14 07:00:00,743.0,236.0,890.4,940.0,748.3,485.8,25.3,77.6,407.6,42.8,313.5,1440.3,2259.6,4539.2,1069.3,589.6,57.1,221.0,1116.3,1096.6,416.2,511.3,5448.2,4726.1,2384.8,1029.2,4229.7,5640.9,2779.7,2253.5,1628.5,2606.3,919.8,2994.2,1028.7,2377.5,1462.0,5765.4,7252.1,5413.9,1863.5,195.9
2026-08-14 07:15:00,749.3,247.5,842.5,934.8,764.4,539.4,26.5,78.8,412.6,43.8,321.8,1444.9,2287.3,4533.7,1061.4,594.5,78.3,224.0,1101.1,1083.7,413.3,496.9,5457.3,4742.8,2430.5,1027.1,4246.4,5554.5,2800.4,2281.2,1635.2,2607.7,935.9,3021.9,1037.0,2376.0,1474.0,5797.5,7334.7,5412.2,1889.9,200.0
2026-08-14 07:30:00,745.4,271.1,819.0,742.4,775.5,598.6,27.1,80.7,412.4,46.3,335.6,1453.2,2944.6,4388.4,1157.2,708.7,79.3,229.6,1105.2,1102.0,411.6,494.8,5481.0,4768.4,2465.8,1023.2,4262.9,5146.9,2809.9,2281.0,1641.8,2612.7,943.1,3135.5,1048.0,2375.3,1492.1,5781.6,7402.9,5369.1,1922.2,149.0
2026-08-14 07:45:00,738.6,302.5,802.9,761.2,781.2,650.6,26.8,84.2,402.8,50.8,348.9,1463.6,4172.6,4343.4,1262.7,886.3,105.4,231.3,1136.9,1135.1,414.6,495.9,5493.7,4789.2,2499.6,1012.6,4262.2,4710.8,2832.9,2288.3,1652.2,2622.7,951.0,3169.9,1055.7,2373.8,1486.4,5763.7,7470.0,5372.4,1941.0,153.2
2026-08-14 08:00:00,730.1,298.4,747.3,743.4,776.9,719.9,44.6,51.4,377.7,40.5,217.3,1420.7,3666.1,4581.9,1640.0,1060.6,0.0,297.3,1303.0,1125.9,430.4,503.4,5545.4,4626.9,2571.9,882.8,4382.4,5085.0,2867.2,2340.0,1692.4,2637.5,968.7,3151.0,1086.0,2686.3,1513.5,5676.7,7569.5,5362.2,1952.2,208.0
2026-08-14 08:15:00,724.0,335.1,703.1,755.1,765.3,765.2,41.7,52.6,355.1,12.0,228.6,1412.4,3868.0,4397.4,1688.7,1228.3,0.0,276.8,1290.4,1134.8,432.9,501.2,5537.4,4597.4,2599.7,872.7,4376.7,4721.0,2874.8,2367.4,1694.8,2634.4,975.9,3129.8,1093.2,2684.3,1519.1,5701.5,7599.3,5384.6,1961.9,159.0
2026-08-14 08:30:00,714.4,373.8,670.4,786.6,754.2,759.3,41.7,53.5,335.8,18.1,248.5,1429.9,4689.7,3926.5,1692.0,1280.1,0.0,256.8,1290.1,1152.0,483.6,267.9,5540.0,4616.4,2614.4,863.3,4381.8,4035.5,2876.4,2407.8,1697.2,2631.8,978.9,3083.3,1093.2,2682.2,1502.4,5650.3,7602.8,5375.5,1953.9,164.3
2026-08-14 08:45:00,710.6,395.2,634.8,819.4,744.1,814.3,41.8,54.6,315.0,24.7,271.4,1448.1,4848.1,3456.5,1664.1,1142.3,0.0,239.5,1307.7,991.1,501.6,278.5,5565.0,4615.6,2631.4,855.7,4567.9,3535.6,2884.5,2445.4,1700.8,2629.7,986.4,3046.8,1091.9,2680.2,1483.5,5627.3,7621.8,5257.9,1962.0,169.7
2026-08-14 09:00:00,715.0,401.9,593.6,681.7,753.2,761.3,138.0,58.2,260.6,42.0,404.1,1485.6,4581.0,3414.7,1508.1,1171.7,0.0,456.3,1382.6,1279.5,440.4,544.8,5517.4,4598.1,2672.0,999.2,4565.7,4109.1,2867.6,2481.7,1717.2,2635.4,983.4,2999.0,1087.2,2676.2,1493.5,5547.0,7543.9,5069.9,1921.3,168.6
2026-08-14 09:15:00,702.4,428.5,564.3,736.0,755.9,804.7,137.6,64.2,229.3,57.2,391.4,1504.7,4707.1,3305.3,1431.6,1262.7,0.0,457.3,1350.7,1244.1,490.1,294.9,5520.9,4629.5,2678.7,994.0,4604.6,3353.9,2872.9,2536.3,1725.7,2634.7,980.0,2872.8,1083.4,2674.7,1473.1,5504.5,7505.7,4990.5,1908.1,174.8
2026-08-14 09:30:00,703.9,443.7,542.6,777.9,761.5,851.2,137.8,65.1,200.7,76.3,397.4,1521.9,5719.4,3413.2,1412.2,1174.6,0.0,381.9,1349.0,1080.6,488.9,297.8,5530.2,4705.5,2687.7,908.0,4774.9,2949.9,2872.9,2530.7,1719.1,2625.5,982.5,2848.8,1081.1,2673.3,1472.5,5457.0,7495.9,5006.5,1886.6,182.7
2026-08-14 09:45:00,695.7,459.7,514.2,801.2,774.9,882.7,143.4,65.8,172.0,96.1,396.3,1542.8,6796.5,2961.1,1337.4,1080.9,0.0,374.7,1391.7,1135.2,484.9,291.5,5534.0,4709.0,2700.8,909.0,4767.6,2842.9,2880.7,2502.3,1721.4,2629.8,979.3,2856.8,1080.0,2673.0,1466.2,5409.8,7496.4,5017.5,1876.3,191.9
2026-08-14 10:00:00,680.3,490.2,483.7,769.8,774.8,928.5,198.4,77.7,142.2,146.0,386.4,1619.0,5785.4,3184.2,1198.7,1046.9,69.4,350.0,1478.0,1080.4,489.2,309.0,5504.2,4762.9,2726.1,921.2,4908.5,2858.7,2833.0,2431.8,1727.6,2618.5,972.5,2656.2,1076.9,2394.4,1435.6,5353.5,7454.9,4973.6,1880.8,170.5
2026-08-14 10:15:00,675.7,476.5,460.7,805.8,777.0,963.5,201.2,78.4,114.0,164.6,396.2,1642.3,6562.2,3235.2,1134.4,1117.8,80.3,374.9,1475.3,1022.5,485.4,297.6,5507.4,4746.1,2733.6,925.5,4916.9,2625.3,2861.6,2390.3,1730.7,2618.3,985.4,2653.5,1079.5,2394.3,1447.5,5324.2,7437.8,4991.3,1859.7,181.0
2026-08-14 10:30:00,674.7,483.1,442.0,842.7,776.2,982.9,203.6,79.0,90.0,172.2,401.8,1670.2,6823.7,3210.2,1108.9,1172.1,80.4,371.6,1475.0,1049.0,485.2,299.6,5504.6,4737.8,2740.7,932.0,4954.0,2420.8,2858.0,2319.9,1726.5,2608.3,983.2,2279.1,1083.8,2394.6,1447.5,5290.0,7410.0,5005.0,1839.8,191.8
2026-08-14 10:45:00,664.3,488.3,420.0,876.2,772.9,1001.1,208.8,72.3,89.5,189.9,402.7,1660.0,6934.5,3191.3,1057.3,1125.4,100.5,368.6,1551.5,1066.5,492.8,297.3,5513.7,4715.5,2745.5,924.9,4955.6,2348.9,2853.8,2253.6,1727.5,2602.6,977.9,1963.5,1090.5,2395.0,1448.9,5253.5,7406.6,4997.8,1815.6,200.7
2026-08-14 11:00:00,657.0,518.3,419.2,931.7,782.8,1027.4,143.1,60.7,99.9,218.7,387.8,1785.2,6559.3,3336.1,1130.5,1267.9,0.0,408.7,1596.8,1083.8,510.6,287.2,5527.4,4713.2,2760.1,857.8,4859.8,2397.9,2763.9,1964.6,1722.2,2576.8,971.1,1921.7,1083.9,2044.8,1446.2,5245.9,7336.1,5035.4,1795.9,218.2
2026-08-14 11:15:00,655.0,514.8,405.0,951.6,782.6,1031.5,144.3,56.0,98.6,238.5,388.9,1796.7,6713.1,3389.0,1100.3,1257.8,0.0,369.9,1603.0,1079.3,518.4,270.2,5521.5,4686.8,2763.5,849.4,4855.0,2389.5,2764.1,1895.2,1722.0,2573.1,964.3,1880.9,1090.3,2046.1,1449.5,5237.9,7312.6,5045.5,1775.8,227.9
2026-08-14 11:30:00,647.8,508.8,622.4,975.3,785.5,1034.0,144.7,56.5,98.4,243.8,408.5,1798.0,7243.5,3338.4,1056.8,1300.0,40.2,349.8,1594.7,1094.9,521.3,267.6,5491.1,4698.0,2764.1,853.5,4840.6,2388.8,2762.0,1892.1,1725.0,2579.1,964.7,1845.4,1093.3,2047.7,1444.2,5220.2,7280.2,5063.0,1753.8,235.6
2026-08-14 11:45:00,651.7,512.2,834.4,992.5,789.9,1028.1,145.8,55.6,97.9,280.4,420.8,1804.9,7306.6,3292.0,1061.3,1308.0,50.7,328.1,1614.8,1118.4,527.8,264.7,5525.5,4649.0,2763.9,856.2,4838.9,2387.8,2765.3,1892.9,1730.4,2590.7,965.3,1844.0,1094.2,2049.5,1433.2,5170.6,7250.3,5037.2,1731.0,238.2
2026-08-14 12:00:00,651.5,526.0,1091.5,990.6,796.4,1034.1,138.0,56.0,93.7,324.0,420.0,1815.2,7160.4,3516.0,977.9,1376.0,41.8,394.8,1479.4,1158.5,523.5,261.3,5602.4,4726.9,2767.4,898.4,4843.3,2465.7,2736.8,1692.4,1711.5,2586.6,959.8,1882.6,1094.3,1607.9,1418.6,4479.6,7187.2,5082.6,1686.6,255.0
2026-08-14 12:15:00,659.5,522.2,1092.2,999.9,801.1,1022.3,143.3,53.9,92.6,347.6,429.4,1784.9,7234.7,3462.6,959.9,1309.1,55.9,318.4,1509.5,1163.4,532.4,258.4,5605.2,4696.1,2764.6,899.9,4837.6,2464.9,2737.6,1688.2,1711.6,2588.8,958.8,1878.8,1093.6,1607.7,1406.7,4467.4,7166.6,5079.1,1666.3,259.6
2026-08-14 12:30:00,651.6,521.7,1094.0,1013.9,799.4,1017.2,148.9,54.0,91.9,333.9,492.5,1795.4,7308.9,3341.6,942.3,1330.7,53.1,287.8,1519.5,1181.8,534.9,257.8,5613.2,4706.4,2770.6,902.8,4835.2,2468.8,2742.0,1688.3,1709.3,2590.8,954.7,1868.7,1094.0,1609.9,1399.0,4444.3,7188.9,5090.8,1649.9,265.9
2026-08-14 12:45:00,653.2,516.4,1097.8,1024.7,797.9,1010.8,148.6,54.0,89.9,342.7,492.9,1799.3,7394.4,3279.7,937.8,1304.9,33.5,281.4,1517.0,1197.3,534.2,259.7,5601.4,4701.5,2772.2,904.1,4834.1,2472.0,2746.8,1687.7,1710.4,2592.1,951.7,1868.9,1093.4,1613.9,1394.0,4433.8,7164.7,5108.7,1639.9,269.5
2026-08-14 13:00:00,727.0,513.5,1102.2,1029.2,798.3,1005.3,133.9,103.1,96.6,352.1,558.7,1822.7,7355.1,3432.4,946.5,1336.6,54.5,307.3,1558.2,1219.3,532.9,260.2,5604.8,4721.2,2755.5,871.6,4765.7,2399.1,2738.9,1656.5,1703.9,2614.6,944.8,1863.1,1092.7,1571.1,1392.0,3872.2,7202.5,5298.8,1613.0,282.6
2026-08-14 13:15:00,724.4,516.3,1109.7,1031.0,797.7,981.2,133.8,100.7,97.2,348.7,541.6,1823.8,7359.1,3409.9,949.4,1325.2,52.8,365.3,1557.8,1231.2,533.7,262.9,5599.8,4721.0,2757.1,871.9,4771.9,2395.6,2740.1,1655.9,1702.0,2613.7,943.5,1873.0,1090.9,1573.7,1389.4,3861.9,7194.5,5295.7,1604.1,286.6
2026-08-14 13:30:00,722.7,510.0,1113.3,1031.3,797.4,960.0,133.5,100.5,96.6,344.9,558.6,1824.1,7364.0,3391.5,950.4,1332.4,51.8,370.2,1550.9,1234.5,536.2,265.7,5589.4,4729.7,2756.1,871.9,4769.4,2392.0,2736.5,1655.7,1702.3,2616.9,949.0,1876.1,1089.7,1575.8,1387.0,3850.9,7179.1,5312.6,1592.5,289.8
2026-08-14 13:45:00,727.6,499.0,1123.3,1027.4,792.9,942.9,133.4,100.3,95.8,346.4,535.7,1823.2,7382.6,3363.8,954.6,1314.0,54.9,365.2,1543.8,1207.0,524.0,270.0,5579.2,4739.0,2753.8,872.6,4763.2,2392.7,2738.3,1655.9,1700.6,2616.5,941.4,1858.3,1090.7,1577.4,1383.4,3839.4,7200.1,5326.9,1575.9,292.0
2026-08-14 14:00:00,755.1,495.9,1120.1,1033.8,780.2,901.1,137.8,161.2,83.1,360.0,299.8,1828.4,7404.1,3166.3,995.4,1299.2,79.3,324.0,1533.8,1137.8,526.7,280.0,5560.0,4770.7,2752.3,910.8,4817.6,2389.7,2745.3,1661.0,1698.6,2601.0,948.0,1865.4,1075.2,1663.1,1375.1,4248.7,7163.5,5372.2,1517.2,294.2
2026-08-14 14:15:00,759.0,484.0,1139.5,1016.4,778.8,871.2,139.7,158.0,81.1,357.6,282.9,1834.4,7339.0,3249.7,995.5,1300.6,87.6,325.9,1529.1,1232.9,523.5,287.7,5560.7,4781.0,2752.1,910.6,4820.3,2386.4,2745.4,1661.1,1704.6,2608.6,947.8,1869.6,1071.5,1664.6,1373.9,4239.3,7140.1,5378.3,1507.0,293.4
2026-08-14 14:30:00,768.4,489.3,1156.5,995.9,776.7,855.1,127.6,157.6,81.5,344.9,266.7,1812.6,7335.4,3296.2,1009.5,1288.9,87.7,330.8,1524.3,1224.4,527.8,280.5,5531.9,4843.1,2748.7,911.0,4819.5,2383.0,2740.2,1660.9,1699.8,2600.7,940.8,1860.4,1071.3,1664.3,1375.7,4253.6,7092.1,5398.2,1500.0,295.4
2026-08-14 14:45:00,769.1,476.7,1168.1,970.2,767.4,836.8,124.1,160.2,81.9,358.8,262.4,1813.9,7018.7,3299.4,992.9,1341.1,79.5,331.9,1466.7,1223.2,497.0,305.9,5504.2,4877.2,2751.7,910.9,4824.9,2380.2,2743.0,1662.3,1699.1,2598.5,942.9,1873.5,1069.8,1664.4,1380.4,4271.3,7065.0,5431.1,1494.3,302.5
2026-08-14 15:00:00,766.6,445.5,1146.7,958.5,735.3,735.4,84.4,144.4,88.2,352.2,450.5,1786.1,7261.0,3028.9,992.7,1280.0,164.8,241.2,1482.9,1246.7,462.4,336.1,5489.9,4911.5,2754.9,887.0,4774.3,2355.1,2772.5,1851.2,1708.4,2613.3,972.4,1900.9,1070.4,2106.2,1384.1,4939.5,6962.9,5291.0,1471.1,301.7
2026-08-14 15:15:00,771.9,437.6,1176.0,923.1,728.8,753.4,83.4,146.1,88.2,337.6,450.8,1780.7,6930.6,3042.6,994.0,1372.9,92.1,249.2,1450.8,1244.9,445.3,348.3,5460.3,5007.7,2753.4,886.8,4768.8,2350.1,2771.3,1851.4,1712.7,2611.9,974.9,1901.7,1070.7,2106.3,1393.7,4992.0,6963.4,5332.4,1470.5,300.2
2026-08-14 15:30:00,774.1,424.5,1199.4,888.3,733.8,723.2,84.2,145.6,88.6,323.3,450.3,1772.6,6702.0,3140.9,1013.3,1358.3,89.7,246.8,1444.3,1247.9,431.1,359.9,5454.7,5060.6,2757.3,889.2,4771.4,2344.1,2763.4,1854.5,1711.4,2610.7,978.8,1909.7,1070.0,2107.1,1401.3,5004.8,6966.3,5330.1,1473.6,306.1
2026-08-14 15:45:00,783.8,410.7,1227.3,834.5,737.2,679.4,84.9,149.8,88.2,310.9,432.6,1777.0,6507.3,3110.0,1042.4,1342.8,89.7,274.0,1443.4,1231.5,427.3,385.2,5432.1,5110.2,2758.1,889.2,4762.6,2390.4,2765.7,1962.7,1711.7,2621.5,971.3,2134.6,1070.6,2108.4,1398.1,4997.2,6968.6,5319.7,1469.8,305.5
2026-08-14 16:00:00,746.8,370.1,1060.6,718.8,746.0,618.9,48.7,96.2,95.9,286.4,221.6,1734.1,6305.1,2798.5,905.6,1276.1,84.7,230.9,1487.9,1206.0,444.3,386.4,5430.2,5155.9,2762.2,893.9,4831.9,2123.0,2815.1,2202.2,1678.7,2601.9,972.0,2138.3,1073.3,2095.2,1411.0,5028.7,6999.4,5283.1,1494.3,297.1
2026-08-14 16:15:00,763.1,352.4,886.6,665.7,758.0,573.0,49.1,105.0,95.9,282.4,214.2,1757.3,6268.4,2763.1,951.0,1259.3,84.7,220.6,1417.1,1198.1,435.8,389.0,5426.2,5177.4,2760.2,894.9,4838.4,2483.6,2815.3,2229.0,1674.5,2601.4,977.1,2423.9,1075.3,2095.5,1418.7,5032.8,7028.9,5268.8,1500.5,293.5
2026-08-14 16:30:00,765.3,333.3,703.7,595.7,767.0,532.9,45.8,104.2,96.7,276.3,220.1,1722.7,6279.7,2792.6,1040.5,1234.6,84.5,222.2,1426.9,1164.2,428.9,393.3,5421.9,5194.9,2755.2,895.8,4690.6,2783.0,2816.1,2245.2,1672.7,2602.8,971.6,2609.2,1078.5,2095.5,1427.0,5034.3,7073.8,5262.0,1520.3,289.2
2026-08-14 16:45:00,775.1,335.0,744.6,548.6,770.7,484.6,42.5,98.3,97.9,256.4,215.1,1728.6,5242.7,3283.9,1144.7,1201.1,64.6,219.8,1429.8,1224.9,433.6,436.8,5412.0,5316.1,2746.8,974.0,4596.8,3201.7,2816.3,2312.5,1679.5,2607.8,963.4,2619.7,1079.2,2096.2,1423.7,5048.3,7157.7,5252.7,1551.6,281.1
2026-08-14 17:00:00,753.6,286.4,721.9,471.5,775.8,434.3,90.3,130.4,116.4,196.5,253.3,1684.3,6532.9,2562.0,1362.2,1211.1,112.4,82.9,1438.6,1213.0,455.8,401.7,5440.1,5167.1,2714.4,803.4,4569.6,3236.7,2826.5,2359.9,1663.5,3476.5,976.7,2673.2,1082.3,2096.5,1443.7,4714.4,7196.0,5193.5,1556.2,285.2
2026-08-14 17:15:00,765.2,267.4,784.0,434.7,776.6,388.9,90.6,124.4,117.2,157.9,254.7,1663.1,5022.7,2603.8,1449.4,1362.5,131.3,84.5,1398.3,1385.1,464.2,411.2,5432.2,5261.2,2710.5,886.8,4494.1,3588.8,2826.8,2454.3,1662.7,3492.2,968.7,2592.8,1081.8,2097.6,1448.2,4759.3,7243.6,5210.9,1580.5,281.5
2026-08-14 17:30:00,766.5,249.5,865.2,608.4,778.7,350.8,90.3,123.2,128.6,125.3,275.4,1641.5,5026.4,2898.9,1497.6,1642.9,110.3,82.9,1407.8,1344.3,463.5,694.0,5428.5,5296.9,2704.2,898.0,4450.7,3812.0,2821.1,2445.8,1663.2,3501.0,972.0,2601.0,1081.0,2098.2,1450.6,4786.5,7268.8,5191.2,1616.6,275.3
2026-08-14 17:45:00,765.7,248.7,969.8,783.2,785.7,297.0,90.1,122.2,156.7,105.1,265.4,1623.3,4252.4,3096.8,1578.3,1844.8,147.0,83.6,1404.2,1398.3,464.5,713.9,5424.9,5333.2,2705.6,907.1,4458.6,4540.4,2821.0,2417.4,1663.1,3495.6,974.7,2659.4,1078.8,2097.7,1447.9,4761.1,7306.6,5167.5,1641.9,263.2
2026-08-14 18:00:00,772.5,208.2,1082.8,925.5,789.3,463.7,90.1,128.5,159.2,95.2,339.9,1542.1,5178.1,3167.3,1594.3,1706.0,198.3,28.3,1293.9,1319.4,484.0,669.6,5496.0,5221.1,2684.5,922.2,4413.4,4783.5,2823.2,2526.3,1635.6,3475.4,974.6,2649.1,1070.6,2196.3,1445.8,4598.7,7345.1,5241.9,1668.5,265.5
2026-08-14 18:15:00,771.8,205.8,1157.5,921.7,787.9,434.2,88.0,127.4,171.6,79.6,348.5,1523.2,3477.9,3184.6,1497.9,1559.9,175.0,29.2,1246.1,1285.3,484.6,669.8,5494.3,5223.7,2683.2,927.6,4418.1,5452.5,2821.7,2504.0,1630.1,3474.4,974.3,2667.6,1066.9,2195.2,1441.7,4570.6,7344.4,5424.9,1675.1,256.2
2026-08-14 18:30:00,773.8,207.8,1211.7,905.2,792.5,412.8,91.1,123.8,199.1,93.1,354.1,1502.2,3396.9,2992.8,1343.0,1273.7,204.7,28.9,1254.5,1230.8,495.0,662.6,5481.2,5259.5,2677.9,1007.6,4434.5,6155.5,2814.6,2469.2,1628.7,3471.9,982.5,2707.3,1062.1,2193.9,1445.8,4551.0,7365.4,5490.7,1691.7,252.9
2026-08-14 18:45:00,779.0,213.0,1253.8,891.2,795.9,380.6,92.3,142.1,236.2,85.9,349.6,1482.5,3399.6,2835.1,1419.1,1215.6,142.3,28.6,1268.6,1239.4,488.6,680.2,5462.0,5260.8,2671.9,1068.6,4443.2,6412.9,2817.8,2490.8,1638.1,3469.8,982.8,2732.0,1070.1,2192.2,1444.8,4516.9,7370.6,5468.5,1686.2,250.8
2026-08-14 19:00:00,779.0,213.0,1282.0,914.2,798.2,398.3,30.2,110.1,270.5,83.2,352.4,1496.2,3892.1,2864.2,1472.2,1106.2,86.7,27.9,1266.0,1207.9,521.8,642.9,5445.8,5395.7,2653.0,943.5,4719.1,6941.6,2819.6,2472.4,1626.8,3488.6,1026.7,2910.5,1065.2,2032.1,1450.0,4306.9,7402.7,5669.7,1681.3,255.1
2026-08-14 19:15:00,785.2,219.2,1304.1,912.8,805.4,395.9,28.1,110.8,300.7,83.3,345.6,1487.4,3610.3,2893.2,1685.8,1207.5,83.9,27.8,1233.4,1180.8,518.5,638.7,5432.7,5402.7,2643.0,944.9,4734.3,6935.2,2817.8,2414.2,1626.2,3495.7,1029.1,2918.8,1058.0,2029.8,1453.4,4290.5,7372.1,5693.6,1679.0,285.6
2026-08-14 19:30:00,799.2,233.2,1321.1,910.6,812.0,389.9,23.0,110.3,332.1,91.7,349.7,1489.7,3621.8,2999.8,1708.9,1203.8,72.6,27.7,1207.5,1149.4,512.6,695.0,5424.2,5447.8,2629.0,947.2,4747.3,6942.1,2810.3,2363.7,1643.3,3494.8,1028.9,2929.5,1051.7,2026.0,1451.2,4266.6,7360.1,5686.9,1666.7,306.3
2026-08-14 19:45:00,794.0,228.0,1328.5,908.0,819.1,384.4,17.4,125.9,349.9,95.7,323.3,1488.7,3574.6,2973.3,1780.5,1193.5,71.5,27.6,1187.4,1187.6,497.2,714.9,5400.2,5450.3,2618.1,949.6,4750.2,6965.1,2809.5,2347.6,1645.2,3483.5,1027.3,2946.4,1045.2,2023.4,1445.3,4229.2,7350.6,5663.7,1669.2,299.3
2026-08-14 20:00:00,786.3,220.3,1307.7,956.0,817.8,380.8,19.2,57.8,382.2,88.2,317.8,1546.7,3374.6,2975.7,1538.0,1092.3,133.3,47.8,1193.7,1129.2,522.3,696.5,5360.4,5630.4,2587.4,1039.4,4740.4,6776.0,2801.7,2470.0,1616.2,3495.3,1026.9,2859.3,1024.5,1730.7,1437.8,4133.0,7307.9,5544.0,1673.9,276.1
2026-08-14 20:15:00,784.8,392.4,1312.2,577.0,808.7,405.3,19.4,57.7,382.5,85.7,304.9,1535.2,3286.5,3039.8,1573.7,1062.9,120.0,47.7,1244.4,1081.0,514.4,695.8,5367.0,5642.2,2581.5,1051.4,4741.6,6857.0,2795.1,2406.4,1625.3,3495.7,1020.2,2927.5,1014.0,1729.3,1425.4,4109.8,7285.3,5558.9,1654.1,294.2
2026-08-14 20:30:00,783.1,287.4,1305.4,594.5,801.5,413.9,31.0,57.8,392.7,83.5,283.5,1531.8,3244.5,3137.0,1595.4,1056.0,128.7,47.7,1250.0,1065.9,523.2,695.8,5336.9,5642.2,2568.5,1054.5,4747.5,6829.5,2788.1,2348.4,1639.6,3480.4,1023.3,2924.9,1010.6,1728.5,1418.8,4077.3,7259.3,5541.6,1652.1,314.2
2026-08-14 20:45:00,782.3,371.0,1308.9,586.2,806.1,409.1,36.3,57.7,396.6,81.2,286.3,1531.9,3147.3,3102.9,1641.8,1043.5,127.2,47.7,1273.3,1051.5,518.4,638.2,5302.6,5643.8,2563.3,1043.6,4754.5,6796.9,2787.3,2345.7,1635.7,3437.8,1017.2,2892.2,1011.3,1727.5,1413.6,4070.2,7241.6,5560.3,1651.9,332.5
2026-08-14 21:00:00,785.7,295.7,1284.5,711.0,793.2,325.7,49.6,94.4,406.8,80.7,289.4,1469.0,3146.2,2895.9,1586.2,1065.4,124.9,66.3,1248.8,1041.6,479.8,664.3,5312.9,5800.6,2532.4,1077.4,4517.2,6373.6,2771.1,2406.6,1605.2,3512.2,1019.3,2853.1,1008.3,1644.7,1378.5,3870.6,7165.5,5514.0,1669.0,415.3
2026-08-14 21:15:00,775.1,285.1,1260.9,701.3,790.1,308.7,68.5,78.5,412.6,80.5,294.9,1468.2,2970.2,2943.3,1616.7,1041.2,157.9,64.4,1256.1,1026.9,480.4,668.6,5348.9,5846.6,2521.4,1077.5,4510.8,6363.6,2768.7,2389.0,1613.4,3512.8,1015.7,2852.2,1006.8,1643.9,1380.3,3880.2,7150.3,5442.4,1657.4,427.6
2026-08-14 21:30:00,762.3,272.3,1241.7,701.3,780.5,279.9,66.0,78.4,409.5,80.1,284.7,1456.6,2786.1,3010.9,1632.5,1038.6,123.6,64.4,1232.4,1032.0,478.3,696.1,5337.7,5888.5,2509.9,1077.5,4515.8,6360.9,2764.3,2399.2,1613.9,3513.1,1012.1,2838.8,1009.7,1642.8,1378.8,3887.8,7116.8,5395.4,1647.9,438.2
2026-08-14 21:45:00,756.2,223.9,1209.7,693.8,763.5,280.7,64.5,77.3,402.2,53.6,296.2,1457.3,2934.9,3062.5,1646.2,1031.5,131.6,64.5,1242.3,1026.6,474.0,702.3,5307.7,5866.0,2500.4,1078.4,4506.5,6352.2,2759.3,2346.6,1624.7,3500.9,1007.4,2853.2,1005.6,1641.8,1369.4,3864.7,7090.0,5302.3,1637.3,449.1
2026-08-14 22:00:00,731.9,239.9,1163.8,674.0,740.5,193.3,41.0,126.4,398.8,43.0,281.0,1475.2,2562.9,3095.1,1549.2,1045.6,148.8,80.5,1108.6,1030.7,450.7,761.5,5119.4,5936.3,2455.5,1067.3,4575.7,6179.9,2752.6,2474.0,1587.7,3507.1,988.1,2892.7,1000.0,1549.2,1365.5,3522.3,6934.3,5239.4,1599.2,399.0
2026-08-14 22:15:00,720.3,223.8,1137.3,650.3,728.5,183.0,39.7,113.4,399.4,42.8,256.6,1474.9,2789.7,3036.6,1546.0,1040.9,160.1,86.8,1081.1,1025.2,448.9,782.8,5114.1,5909.4,2435.8,1067.4,4563.9,6167.2,2748.1,2391.3,1597.4,3507.2,985.1,2918.8,994.1,1548.5,1355.3,3493.0,6875.6,5227.2,1576.6,408.1
2026-08-14 22:30:00,720.5,198.4,1111.0,643.5,720.3,180.9,36.5,115.9,395.0,42.8,267.1,1474.5,2859.4,3028.9,1546.8,1043.4,125.0,96.8,1077.5,1031.5,446.3,813.1,5060.7,5801.0,2412.2,1057.0,4555.8,6155.3,2741.8,2353.4,1598.0,3507.2,992.7,2938.2,994.7,1549.0,1344.1,3457.3,6831.0,5216.8,1555.5,415.0
2026-08-14 22:45:00,729.8,199.1,1085.8,635.0,724.3,176.8,34.8,115.9,388.3,42.9,258.2,1474.1,3080.4,3004.5,1515.9,1044.8,123.1,96.9,1071.7,1058.5,444.1,553.5,5009.7,5705.5,2390.3,1056.0,4539.4,6124.5,2743.5,2352.9,1596.9,3478.0,970.4,2913.3,990.9,1548.2,1332.3,3426.6,6774.6,5207.9,1538.3,422.3
2026-08-14 23:00:00,697.1,204.1,1053.5,379.8,665.3,204.2,42.2,80.1,357.5,39.5,255.4,1481.1,2626.7,3103.6,1407.6,978.5,64.8,116.3,1198.5,968.9,472.6,598.9,4842.2,6016.4,2321.4,1030.9,4348.2,5885.0,2718.7,2353.8,1559.7,3523.0,954.7,2929.9,984.6,1178.2,1319.1,3074.3,6709.6,5242.0,1528.4,445.9
2026-08-14 23:15:00,694.6,201.6,1039.6,386.1,653.6,203.9,41.7,80.0,351.1,23.8,241.0,1487.9,2576.1,3111.2,1381.1,979.5,63.6,135.9,1172.0,973.8,469.2,626.2,4819.1,5970.8,2291.7,1024.9,4331.7,5852.4,2715.8,2356.1,1559.1,3523.3,945.0,2911.9,984.1,1178.6,1308.4,3054.2,6648.0,5234.4,1507.8,448.3
2026-08-14 23:30:00,695.8,202.8,1022.1,389.8,640.1,204.2,39.7,82.5,341.8,5.2,239.5,1485.8,3089.9,3398.9,1387.4,977.7,42.4,135.7,1166.2,972.2,465.7,639.7,4778.1,5856.2,2268.2,1021.9,4323.2,5829.3,2712.5,2355.4,1567.2,3522.6,937.9,2897.7,981.5,1177.1,1298.4,3017.9,6568.6,5201.7,1483.3,457.2
2026-08-14 23:45:00,691.9,204.5,1005.9,392.9,630.4,190.9,42.3,82.5,333.0,5.5,234.7,1493.7,3100.5,3245.1,1361.6,966.6,61.2,123.7,1162.5,1003.0,462.3,653.9,4748.1,5751.4,2231.6,1018.5,4303.8,5741.6,2708.7,2358.4,1565.2,3484.3,936.8,2883.7,980.9,1175.6,1290.5,2994.2,6481.2,5194.3,1455.3,466.1
2026-08-15 00:00:00,636.9,146.1,989.9,446.9,605.2,130.4,49.5,66.8,284.5,3.0,350.5,1434.4,1880.1,3408.4,1093.1,603.0,0.0,190.7,1083.7,1194.3,431.3,1134.3,4610.3,5694.1,2161.6,1054.0,4306.7,5421.5,2626.7,2181.7,1506.5,3423.9,938.2,3067.4,959.3,1014.7,1328.6,3369.8,6495.5,5174.6,1413.3,475.9
2026-08-15 00:15:00,632.8,144.3,981.6,454.5,597.8,117.9,50.7,68.3,280.2,3.0,342.5,1434.0,2040.3,3427.9,1189.0,723.8,0.0,211.2,1090.6,1171.4,429.8,1129.6,4610.5,5634.7,2137.2,1048.3,4294.2,5399.4,2618.7,2170.8,1496.7,3426.0,930.6,3057.9,959.3,1015.6,1330.6,3336.6,6436.1,5170.8,1393.4,482.7
2026-08-15 00:30:00,627.0,142.3,972.5,444.3,597.2,118.4,50.5,68.4,271.7,3.1,325.6,1433.2,2199.3,3406.8,1264.2,824.9,0.0,232.2,1082.4,1164.1,429.9,1124.6,4612.8,5594.1,2105.1,1042.6,4281.5,5372.0,2606.1,2166.0,1490.8,3425.0,928.5,3045.3,955.6,1015.0,1326.8,3330.2,6413.1,5175.2,1382.7,489.1
2026-08-15 00:45:00,625.7,140.6,961.4,429.9,596.4,120.9,50.5,68.4,270.0,3.0,312.0,1432.9,2712.2,3111.4,1375.7,924.5,0.0,233.2,1086.4,1148.6,436.0,1123.2,4608.2,5540.3,2077.9,1020.8,4270.3,5155.3,2602.1,2173.1,1493.1,3426.9,922.8,3036.3,948.1,1013.1,1323.2,3321.0,6352.8,5185.5,1367.8,491.9
2026-08-15 01:00:00,623.8,139.8,948.0,407.4,595.2,123.8,51.0,81.6,311.3,1.0,203.3,1447.0,2656.6,3386.0,1430.5,926.8,51.5,144.5,1050.5,1136.8,427.5,1107.2,4538.9,5558.9,2022.4,1009.4,4322.1,5416.7,2588.5,2169.9,1440.9,3345.4,913.8,2940.1,934.9,1021.3,1322.1,3157.8,6254.8,5172.7,1338.2,486.9
2026-08-15 01:15:00,621.9,138.9,934.9,391.9,595.0,126.0,51.0,81.6,307.3,1.0,196.4,1447.4,2652.7,3335.2,1409.2,834.5,51.5,122.4,1057.6,1112.0,433.6,1097.6,4532.0,5489.7,1998.1,1004.7,4308.0,5213.0,2588.6,2175.3,1440.6,3340.3,908.5,2926.4,925.3,1018.9,1323.2,3152.2,6213.0,5177.2,1319.2,487.5
2026-08-15 01:30:00,618.7,138.3,921.7,403.8,608.4,128.0,51.0,81.6,310.1,1.0,195.1,1448.0,3189.8,3269.6,1377.4,790.8,51.5,142.2,1048.5,1108.1,431.8,1091.0,4530.8,5477.1,1975.2,999.0,4295.6,5186.4,2586.2,2177.5,1435.9,3336.3,903.3,2914.0,922.0,1016.7,1325.2,3147.0,6182.5,5167.7,1309.1,486.7
2026-08-15 01:45:00,613.3,137.3,903.7,423.7,604.9,130.8,51.0,81.6,303.0,1.0,188.0,1448.0,3253.9,2994.6,1377.7,787.7,51.5,140.1,1049.7,1107.4,437.9,1084.2,4530.8,5408.0,1949.5,961.8,4271.5,4717.9,2581.5,2183.8,1440.5,3342.0,896.4,2907.2,919.9,1014.8,1324.0,3142.2,6148.1,5160.2,1308.3,487.4
2026-08-15 02:00:00,612.7,136.8,911.4,443.8,609.2,134.5,67.2,67.6,293.0,1.0,147.0,1458.2,2768.2,3185.6,1356.7,781.7,47.7,154.9,1066.3,1105.0,432.2,1065.7,4426.4,5422.4,1901.2,981.5,4102.9,4888.9,2568.1,2162.1,1416.2,3304.8,880.5,2882.9,919.0,1008.1,1329.4,3091.0,6114.0,5176.4,1300.8,489.0
2026-08-15 02:15:00,610.1,136.0,900.2,463.7,603.9,140.6,67.2,67.6,284.7,1.0,140.6,1458.5,3062.3,3170.3,1337.9,784.3,47.7,156.3,1064.5,1110.1,433.4,1058.5,4424.7,5373.4,1887.0,977.4,4082.3,4849.1,2557.1,2159.2,1412.9,3303.1,879.1,2875.4,920.5,1005.3,1328.4,3091.2,6085.4,5171.6,1299.3,488.1
2026-08-15 02:30:00,609.7,136.0,887.6,482.7,599.7,148.4,67.3,67.6,287.4,1.0,131.0,1463.1,3058.5,2982.2,1325.7,782.6,47.7,153.7,1060.9,1117.2,431.0,1050.8,4444.0,5323.4,1874.0,884.2,4062.5,4604.9,2552.2,2161.7,1412.2,3302.3,875.8,2903.8,917.7,1002.4,1327.0,3092.3,6062.4,5169.0,1282.2,485.8
2026-08-15 02:45:00,603.4,135.2,877.3,501.6,598.2,154.6,67.2,67.6,288.1,1.0,126.0,1462.8,3055.6,3108.0,1325.9,783.4,47.7,151.0,1056.4,1125.3,432.0,1042.4,4442.6,5277.2,1858.1,879.4,4046.2,4456.6,2549.4,2162.5,1410.9,3303.3,868.7,2890.1,921.8,999.7,1330.5,3093.6,6041.8,5161.5,1273.3,484.4
2026-08-15 03:00:00,596.0,135.7,869.4,521.4,598.2,107.3,72.1,47.6,288.6,1.0,95.1,1470.7,3059.2,2941.2,1302.1,779.6,45.2,145.8,987.3,1156.1,423.8,1039.7,4385.9,5253.1,1837.5,875.6,4085.3,4634.6,2546.5,2126.0,1399.1,3335.9,866.9,2920.0,915.1,985.4,1332.0,3094.0,6023.6,5141.1,1268.4,479.2
2026-08-15 03:15:00,597.7,136.1,864.2,536.1,596.0,108.5,72.1,47.6,278.0,1.0,100.0,1475.3,3045.8,2906.6,1291.6,786.1,45.2,147.2,975.2,1182.1,423.6,1032.0,4386.4,5212.8,1830.2,922.2,4073.2,4890.3,2542.9,2126.1,1401.5,3340.0,864.5,2896.7,915.7,982.5,1331.0,3101.5,5999.1,5134.3,1259.0,472.6
2026-08-15 03:30:00,596.1,136.2,860.3,551.0,590.8,109.3,72.0,47.6,283.9,1.0,90.5,1478.2,3093.1,2873.7,1283.2,786.7,45.2,144.7,971.7,1204.9,423.4,1020.7,4378.2,5193.3,1821.9,871.4,4057.7,4656.2,2538.5,2127.9,1397.4,3335.3,863.0,2909.1,916.3,979.6,1329.0,3113.1,6011.6,5131.4,1257.9,464.4
2026-08-15 03:45:00,590.7,136.6,858.4,565.3,588.8,110.6,71.7,47.6,282.6,1.0,89.5,1478.9,3106.2,2862.0,1277.0,788.3,45.2,146.3,969.8,1227.9,423.8,1007.8,4389.9,5130.3,1811.1,869.8,4040.9,4657.7,2542.3,2130.8,1394.0,3329.8,863.7,2907.3,914.6,976.4,1325.1,3123.2,5949.9,5120.8,1253.5,455.9
2026-08-15 04:00:00,586.4,136.5,858.6,550.3,588.1,111.7,70.2,39.6,276.4,6.0,110.7,1472.3,3062.4,2731.4,1277.7,791.2,44.8,154.5,957.2,1215.9,423.9,976.2,4377.2,5089.3,1796.2,865.3,3981.8,4583.1,2516.9,2129.3,1382.2,3368.8,855.7,2838.2,903.1,985.4,1321.3,3150.0,5951.5,5119.3,1250.6,449.5
2026-08-15 04:15:00,584.6,137.2,858.9,564.0,588.8,113.2,69.8,39.6,278.9,6.0,103.1,1466.7,2985.6,2585.2,1269.1,790.1,44.7,149.5,957.2,1238.3,423.5,961.4,4382.5,5058.0,1790.9,863.4,4013.2,4526.5,2517.0,2130.7,1381.9,3370.3,855.7,2836.0,905.2,982.4,1317.5,3167.0,5923.2,5104.4,1238.1,439.8
2026-08-15 04:30:00,584.8,137.7,858.1,575.0,591.5,114.9,69.4,39.6,272.1,6.0,105.8,1468.2,3085.4,2379.4,1224.5,786.0,44.7,149.3,955.0,1259.8,425.8,945.2,4390.8,5015.2,1786.4,859.8,3999.9,4571.8,2531.5,2147.6,1382.2,3365.7,853.2,2832.7,910.7,979.4,1314.6,3180.6,5895.0,5092.0,1232.6,430.9
2026-08-15 04:45:00,579.1,139.3,864.4,586.5,590.0,118.3,69.2,39.6,275.2,6.0,98.1,1464.9,3052.7,2365.1,1225.0,789.4,44.8,149.1,954.8,1278.8,427.6,926.1,4401.1,4987.1,1784.5,858.5,3985.8,4549.9,2526.6,2150.6,1383.3,3366.1,854.6,2830.0,910.3,977.5,1311.2,3192.5,5882.9,5089.8,1229.4,426.0
2026-08-15 05:00:00,576.6,141.4,875.2,597.0,590.3,124.3,44.7,48.7,275.3,6.1,85.9,1464.4,3082.8,2573.0,1267.6,783.7,39.5,174.7,855.0,1295.6,435.9,912.5,4445.0,5060.9,1778.6,859.0,3969.0,4162.6,2491.0,2135.9,1382.6,3403.2,859.3,2829.0,918.9,990.0,1310.4,3281.7,5943.4,5034.8,1226.5,413.0
2026-08-15 05:15:00,580.7,144.2,878.9,608.7,589.9,131.7,44.5,48.6,277.1,6.0,86.5,1465.0,3092.0,2422.7,1260.6,783.5,39.5,181.5,854.9,1321.3,434.8,890.8,4445.4,5014.2,1777.1,856.6,3960.2,4352.5,2493.5,2142.4,1383.4,3405.9,860.3,2829.6,924.0,986.9,1308.5,3295.4,5887.2,5027.2,1226.2,399.4
2026-08-15 05:30:00,577.6,149.9,875.0,622.2,587.9,145.5,44.7,48.6,280.3,6.0,82.1,1465.1,3103.0,2060.1,1215.2,786.5,39.5,182.6,852.3,1360.3,435.0,868.2,4452.1,5001.3,1778.3,852.3,3959.8,4665.1,2492.6,2149.5,1385.5,3408.1,858.9,2830.1,930.1,983.9,1307.3,3299.2,5883.0,5013.7,1217.3,388.7
2026-08-15 05:45:00,575.1,156.9,866.6,637.6,592.0,169.9,44.3,48.7,282.8,6.0,84.3,1480.5,3118.7,1610.0,1206.9,792.3,39.5,185.5,852.8,1396.2,440.6,851.8,4456.5,4966.2,1782.4,853.5,3965.5,4956.7,2491.8,2151.1,1386.9,3410.7,862.5,2836.5,935.8,980.7,1308.7,3327.9,5881.0,5006.3,1216.5,379.1
2026-08-15 06:00:00,582.3,167.7,858.6,693.2,606.8,194.4,72.7,74.4,292.0,11.2,106.5,1482.5,3007.4,1544.6,1344.8,811.0,0.0,244.3,867.6,1430.8,451.4,682.1,4473.6,4907.6,1793.7,856.8,3958.5,4959.3,2491.9,2182.5,1402.7,3399.6,869.5,2834.9,947.4,1087.8,1167.9,3319.3,5875.8,4975.5,1205.2,390.1
2026-08-15 06:15:00,586.9,181.5,837.9,702.5,608.7,225.1,72.8,74.6,289.1,11.2,106.1,1482.6,3060.8,1598.3,1345.4,807.0,0.0,242.2,869.9,1453.5,454.3,664.3,4494.5,4880.0,1807.0,853.9,3969.5,4976.3,2491.7,2183.0,1398.6,3392.7,870.5,2842.5,946.8,1085.8,1168.8,3330.2,5867.8,4961.4,1205.7,375.9
2026-08-15 06:30:00,579.4,201.2,796.7,712.3,604.0,260.3,72.4,74.9,291.5,11.2,104.3,1486.5,3195.5,1657.3,1301.1,807.7,0.0,239.3,870.9,1473.9,454.8,634.6,4507.5,4844.8,1818.7,849.4,3979.6,4736.7,2494.5,2187.3,1404.6,3399.5,878.2,2855.7,953.0,1082.8,1163.4,3341.3,5878.6,4945.6,1205.2,358.5
2026-08-15 06:45:00,572.7,223.2,748.3,722.0,606.4,302.9,72.2,75.4,291.7,11.4,123.1,1492.7,3285.4,1697.3,1308.2,812.0,0.0,237.1,890.3,1491.3,464.2,610.4,4532.8,4830.0,1835.7,818.2,3992.5,4368.7,2501.5,2182.3,1407.0,3406.3,877.5,2868.6,960.3,1080.8,1166.2,3339.5,5869.3,4934.6,1207.1,345.5
2026-08-15 07:00:00,605.1,225.6,726.0,732.7,624.3,308.2,71.9,60.4,269.7,8.5,96.5,1523.1,3138.2,1836.9,1318.3,868.8,0.1,339.3,906.6,1577.7,468.6,473.8,4652.1,4726.2,1881.4,875.2,3883.1,4814.7,2511.0,2204.7,1422.6,3394.5,892.2,2930.1,982.9,1162.4,1184.9,3765.4,5927.0,4917.3,1223.0,329.7
2026-08-15 07:15:00,609.3,241.9,693.1,738.2,633.0,378.8,71.3,60.9,250.9,8.8,100.7,1517.9,3324.7,1876.1,1311.5,872.7,0.0,337.6,906.1,1603.7,464.6,440.6,4682.2,4738.4,1904.2,863.6,3889.0,4436.4,2516.4,2199.7,1426.0,3407.4,897.7,2950.3,984.8,1161.3,1186.4,3737.2,5953.5,4905.9,1232.3,312.2
2026-08-15 07:30:00,604.0,259.6,669.7,761.4,633.4,449.2,71.6,61.9,237.0,10.2,106.4,1517.8,3352.0,1872.4,1298.2,866.5,0.0,314.2,914.0,1623.3,466.2,419.7,4719.4,4733.3,1926.7,849.7,3922.8,3827.2,2522.4,2202.6,1429.9,3417.9,903.3,2956.7,997.7,1160.5,1193.1,3723.9,5961.1,4905.5,1234.6,296.0
2026-08-15 07:45:00,608.7,276.0,647.9,787.0,635.4,509.2,71.5,62.9,223.9,15.8,135.7,1525.5,3921.3,2215.9,1300.4,880.2,0.0,253.4,917.2,1665.2,468.7,400.6,4748.0,4744.1,1946.1,769.0,3968.4,3583.5,2527.4,2209.4,1436.8,3428.2,906.8,2993.1,1003.7,1159.8,1207.5,3709.6,5998.6,4926.5,1235.6,283.0
2026-08-15 08:00:00,607.4,294.2,587.1,763.8,640.0,534.6,104.1,83.9,195.7,41.2,109.1,1599.3,3730.0,2177.7,1290.6,1244.7,0.0,408.9,1010.6,1466.3,474.7,340.3,4839.2,4724.9,2005.2,913.4,3850.7,4058.6,2475.3,2168.7,1464.0,3384.2,925.8,3064.2,1001.6,1344.1,1224.8,3909.3,6119.6,4858.5,1282.3,254.1
2026-08-15 08:15:00,596.7,311.7,556.9,754.9,640.5,621.4,104.7,85.1,171.0,45.4,111.6,1583.2,4484.6,2628.5,1312.6,1103.7,0.0,383.8,1009.1,1491.4,474.0,325.0,4872.7,4717.8,2042.5,934.1,3868.7,3809.1,2484.7,2163.3,1467.0,3393.5,930.6,3069.7,1007.1,1343.6,1237.8,3874.5,6130.4,4867.3,1288.3,239.2
2026-08-15 08:30:00,592.5,331.8,522.0,747.7,626.6,681.9,109.6,86.0,151.1,51.8,117.3,1589.4,4485.0,2544.6,1413.9,940.8,0.1,318.6,1005.6,1515.2,472.3,299.0,4889.4,4741.3,2062.1,780.5,3973.1,3345.8,2489.1,2165.6,1470.9,3401.7,936.0,3135.6,1014.5,1343.1,1245.2,3858.6,6172.1,4870.4,1293.6,225.8
2026-08-15 08:45:00,590.2,340.3,487.8,727.2,631.7,688.1,110.5,82.2,134.9,61.4,131.1,1601.3,4765.7,2078.8,1480.9,738.7,0.0,292.9,1003.0,1524.3,477.7,294.9,4917.5,4671.3,2092.9,754.3,4018.6,2988.2,2502.4,2155.8,1473.9,3411.2,942.3,3163.3,1023.2,1343.1,1249.9,3802.8,6229.6,4838.6,1307.5,216.0
2026-08-15 09:00:00,591.6,372.7,468.7,750.9,647.7,819.7,100.1,96.6,138.6,72.2,367.6,1670.3,4811.5,2694.8,1494.3,665.3,0.0,456.7,1432.8,1557.4,472.7,326.9,4991.8,4757.2,2164.2,844.3,4086.0,3333.5,2548.5,2058.4,1501.7,3434.8,1108.8,3307.4,1042.5,1299.5,1251.0,3717.3,6258.4,4885.4,1317.8,194.2
2026-08-15 09:15:00,589.0,385.4,438.2,788.8,655.2,864.6,99.8,90.2,117.5,75.9,361.4,1669.9,4932.9,2505.2,1463.2,682.1,6.6,348.8,1433.5,1526.3,478.1,319.8,5035.5,4706.7,2188.9,844.0,4094.7,3139.9,2556.4,2043.5,1508.9,3447.1,1110.0,3316.4,1045.0,1299.3,1255.2,3677.0,6283.4,4848.2,1323.1,197.6
2026-08-15 09:30:00,586.5,388.4,409.9,833.0,656.7,813.6,99.8,91.0,101.3,86.8,366.9,1703.1,5131.9,2522.9,1472.5,707.9,7.7,270.5,1452.1,1564.6,476.2,296.1,5048.7,4649.2,2211.0,839.5,4129.6,2648.3,2564.2,2043.4,1504.4,3452.5,1121.2,3286.0,1052.6,1299.2,1256.6,3640.8,6334.8,4843.6,1325.5,200.1
2026-08-15 09:45:00,579.5,409.3,379.4,878.0,659.3,831.9,102.4,91.9,92.9,104.6,364.9,1729.3,5970.2,2585.4,1431.4,756.2,8.8,240.2,1512.8,1592.0,474.5,295.5,5074.7,4604.9,2243.5,840.4,4143.9,2508.1,2576.2,2041.9,1506.5,3460.0,1135.7,3082.8,1045.8,1299.1,1259.8,3624.6,6357.0,4861.7,1332.7,201.9
2026-08-15 10:00:00,576.8,431.3,581.3,927.6,670.9,1003.8,109.6,107.8,148.5,115.3,394.9,1803.3,5934.8,2899.3,1572.4,907.4,14.9,292.8,1461.1,1664.6,486.4,309.7,5099.7,4670.0,2293.5,814.3,4553.2,2636.6,2599.9,1683.4,1527.0,3399.9,1149.9,2889.4,1051.5,1127.8,1262.5,3483.2,6372.4,4953.3,1339.8,209.9
2026-08-15 10:15:00,573.0,436.9,560.2,984.0,670.5,1022.3,109.3,108.5,147.3,82.3,423.4,1807.7,5945.3,2920.6,1552.8,876.7,19.2,292.4,1461.2,1616.6,480.9,295.0,5120.9,4635.2,2313.0,815.2,4563.1,2562.0,2602.7,1681.2,1530.5,3407.4,1157.9,2344.3,1057.8,1127.5,1262.5,3482.3,6377.0,4929.2,1329.9,217.9
2026-08-15 10:30:00,571.9,442.1,764.3,1049.9,669.2,1062.5,114.7,109.1,146.5,101.6,429.3,1819.8,6223.7,2897.8,1554.3,1108.7,18.5,292.1,1461.7,1634.5,481.1,284.1,5097.2,4663.6,2326.2,749.8,4572.7,2504.2,2600.0,1637.1,1528.9,3409.8,1156.3,1863.0,1058.1,1127.2,1262.6,3483.2,6360.9,4959.4,1323.4,226.3
2026-08-15 10:45:00,564.3,441.7,756.0,1110.1,666.2,1047.8,122.8,109.8,146.1,111.4,434.2,1830.1,6372.6,2906.9,1524.1,1123.9,37.8,246.9,1546.4,1643.5,479.4,284.8,5119.3,4631.3,2341.3,749.8,4595.8,2465.4,2606.9,1632.0,1529.7,3410.0,1157.1,1673.6,1062.2,1127.0,1262.0,3482.0,6374.5,4967.9,1298.1,232.6
2026-08-15 11:00:00,561.4,468.4,749.4,1159.4,663.1,1134.8,110.6,108.6,139.6,132.2,417.3,1887.8,6507.6,2925.4,1467.7,1203.3,23.2,261.8,1471.7,1700.4,472.4,272.8,5119.5,4567.2,2361.2,750.9,4541.9,2498.5,2590.9,1559.1,1533.6,3406.2,1166.0,1523.6,1037.5,1110.6,1252.0,2875.4,6316.7,5019.3,1255.1,251.8
2026-08-15 11:15:00,559.6,466.0,744.2,1206.9,665.8,1144.1,115.1,109.1,141.9,154.2,418.5,1901.7,6560.0,3006.2,1436.8,1244.9,20.1,291.6,1508.0,1697.1,464.5,266.5,5158.9,4542.3,2369.7,751.6,4546.8,2501.6,2592.1,1560.6,1535.1,3405.0,1167.1,1499.4,1035.4,1110.7,1244.3,2869.7,6310.8,5036.8,1236.8,260.5
2026-08-15 11:30:00,555.7,478.9,741.5,1243.2,669.1,1053.0,116.9,109.6,145.0,171.1,421.8,1919.9,6681.0,3075.9,1423.9,1234.4,18.2,279.9,1521.2,1704.8,463.7,242.3,5162.8,4467.9,2368.3,752.2,4541.0,2507.0,2593.1,1561.0,1533.5,3420.7,1168.5,1487.0,1049.4,1110.4,1244.5,2838.5,6332.3,5039.8,1222.8,272.8
2026-08-15 11:45:00,554.1,457.1,737.6,1284.4,672.2,934.4,116.9,109.7,133.2,188.4,424.7,1936.0,6724.6,3165.0,1390.6,1312.1,16.2,271.4,1564.8,1722.6,494.6,245.3,5178.6,4408.6,2364.7,753.3,4545.4,2513.1,2593.2,1559.9,1533.5,3424.8,1171.9,1484.2,1048.8,1110.4,1238.4,2830.3,6359.2,5066.3,1222.5,293.2
2026-08-15 12:00:00,605.0,484.4,976.5,1324.5,695.3,1100.9,152.2,36.0,98.9,220.3,492.4,2003.1,6805.0,3217.5,1397.3,1383.0,99.1,164.2,1552.5,1487.7,482.6,251.3,5247.9,4301.0,2367.7,754.4,4579.5,2510.7,2594.9,1557.2,1499.6,3408.7,1174.1,1472.8,1030.8,942.0,1268.5,2461.6,6306.6,5131.0,1191.7,320.9
2026-08-15 12:15:00,608.6,478.6,974.3,1353.6,696.4,1039.4,152.5,36.3,98.5,226.0,496.5,2006.9,6811.0,3252.4,1364.3,1376.4,97.9,155.5,1561.0,1447.3,491.7,254.4,5257.3,4245.1,2363.6,754.9,4574.7,2513.7,2593.8,1557.3,1502.7,3408.5,1174.1,1460.8,1047.0,942.2,1265.0,2456.4,6301.2,5158.4,1186.8,343.2
2026-08-15 12:30:00,605.8,475.7,974.9,1373.9,697.3,965.9,152.7,36.5,98.9,235.8,508.5,2014.6,6743.5,3293.7,1351.0,1229.0,96.8,163.5,1570.9,1460.9,489.9,265.0,5281.5,4228.6,2357.5,755.5,4575.2,2516.3,2586.5,1552.3,1503.0,3408.9,1176.9,1452.5,1035.9,942.6,1260.0,2453.5,6344.3,5189.2,1170.0,369.2
2026-08-15 12:45:00,600.5,460.2,975.7,1388.7,695.1,918.6,165.5,36.5,98.9,245.1,503.8,2012.5,6837.3,3323.1,1337.7,1137.0,95.6,167.2,1596.4,1474.4,487.6,278.1,5290.0,4176.0,2359.3,755.6,4576.9,2519.4,2590.0,1548.6,1507.1,3406.8,1174.3,1454.1,1021.4,943.0,1257.7,2446.8,6343.8,5218.5,1173.5,379.0
2026-08-15 13:00:00,627.1,460.5,1004.2,1410.9,698.2,906.6,159.3,29.1,103.9,254.3,477.3,2000.5,6763.2,2994.5,1333.6,1198.9,91.3,108.7,1642.5,1313.9,511.2,293.0,5357.3,4074.8,2357.1,755.7,4508.6,2497.5,2608.1,1519.3,1521.1,3389.7,1176.2,1464.5,1044.0,883.5,1257.7,2342.6,6466.7,5406.5,1151.0,423.6
2026-08-15 13:15:00,625.7,460.0,1006.0,1408.8,700.4,893.4,159.3,29.1,103.9,258.6,475.0,2000.7,6736.1,3008.0,1336.6,1192.8,91.8,126.2,1641.8,1309.2,512.1,297.9,5376.4,4067.0,2355.0,755.5,4512.9,2504.8,2610.5,1518.1,1518.9,3389.0,1177.7,1464.3,1033.3,883.7,1255.0,2343.4,6466.4,5383.7,1149.8,443.5
2026-08-15 13:30:00,625.7,453.4,1006.8,1391.8,701.0,871.5,173.6,29.0,106.3,257.1,490.4,1998.4,6773.5,3026.0,1344.7,1179.4,92.3,126.0,1639.1,1250.7,514.2,291.6,5371.7,4060.2,2357.4,755.8,4513.5,2513.1,2607.6,1515.4,1520.3,3388.4,1181.1,1462.4,1028.4,883.9,1253.7,2346.0,6507.2,5385.3,1138.9,468.8
2026-08-15 13:45:00,624.7,443.6,1009.5,1379.0,699.5,815.7,173.1,28.8,106.1,257.2,484.0,1999.8,6866.9,3036.4,1337.8,1195.8,92.8,115.9,1637.6,1251.7,506.4,301.4,5366.2,4024.6,2357.4,755.7,4510.1,2521.0,2608.3,1507.8,1522.9,3387.2,1175.1,1451.2,1028.5,883.5,1254.6,2346.7,6452.1,5405.3,1132.1,490.4
2026-08-15 14:00:00,538.7,446.8,1014.7,1367.8,692.1,828.8,159.1,24.2,93.0,273.3,459.5,2041.9,6800.0,2984.7,1338.1,1227.3,11.7,241.7,1669.0,1311.8,506.7,328.3,5334.0,4155.6,2352.5,753.7,4592.9,2571.4,2621.3,1506.7,1522.6,3385.3,1160.1,1442.0,1028.4,890.0,1255.9,2350.1,6429.0,5451.1,1114.7,520.1
2026-08-15 14:15:00,546.0,430.7,1023.5,1352.4,685.3,819.5,157.2,23.9,92.9,259.7,445.1,2013.5,6703.7,3174.9,1342.9,1223.7,12.8,237.7,1621.8,1404.8,510.6,331.6,5340.1,4167.3,2354.6,753.5,4592.4,2580.8,2623.3,1508.6,1529.0,3385.4,1161.1,1434.2,1018.9,890.2,1259.3,2354.8,6474.8,5432.7,1115.2,527.9
2026-08-15 14:30:00,550.9,422.9,1030.6,1325.4,683.4,777.0,156.4,23.4,92.6,258.9,443.8,2006.8,6699.0,3137.8,1349.4,1207.3,13.9,196.4,1618.1,1534.1,515.0,345.1,5343.0,4159.1,2351.5,753.4,4589.2,2589.3,2618.5,1509.8,1521.1,3385.5,1156.8,1412.6,1020.2,890.0,1255.3,2360.5,6447.0,5439.1,1107.7,548.7
2026-08-15 14:45:00,557.7,413.4,1036.9,1277.2,683.1,724.3,154.8,23.0,92.6,257.8,437.3,2010.4,6626.8,3089.6,1353.8,1201.2,15.0,196.2,1576.3,1610.8,512.9,369.0,5337.9,4163.3,2355.8,752.9,4595.4,2597.8,2620.2,1510.8,1521.5,3385.8,1159.3,1417.3,1021.3,890.0,1255.3,2366.4,6421.9,5481.6,1114.2,564.9
2026-08-15 15:00:00,655.2,398.2,776.2,1228.4,665.9,680.4,152.0,40.5,112.5,243.9,226.8,1964.4,6468.2,2992.3,1392.5,1191.1,11.1,273.4,1424.6,1919.9,481.3,382.9,5330.0,4305.9,2374.1,757.7,4674.1,2531.5,2657.1,1517.3,1500.1,3378.2,1157.7,1452.9,1018.0,981.0,1260.7,2530.7,6325.2,5416.5,1124.9,580.6
2026-08-15 15:15:00,662.1,392.8,804.5,1202.6,661.7,659.0,150.2,39.9,114.9,239.0,228.3,1954.5,6418.7,3030.7,1410.1,1378.3,12.0,273.0,1396.0,1983.0,480.6,403.4,5288.6,4343.4,2379.0,757.1,4671.9,2531.1,2661.6,1533.1,1503.3,3380.5,1157.6,1449.0,1021.9,981.0,1266.4,2541.7,6316.1,5467.9,1127.5,604.8
2026-08-15 15:30:00,666.0,396.0,616.6,1160.7,671.6,759.1,149.4,39.2,114.6,226.1,203.7,1945.6,6409.9,3079.4,1429.2,1736.8,12.9,272.7,1367.8,2055.3,482.0,416.9,5294.1,4388.9,2384.1,757.4,4674.1,2528.6,2619.7,1558.1,1500.9,3387.2,1161.9,1422.1,1035.7,981.1,1269.4,2553.0,6304.6,5480.2,1140.2,614.8
2026-08-15 15:45:00,661.0,385.2,648.6,1104.4,670.3,781.7,147.2,39.1,112.3,219.1,203.2,1939.3,6299.9,3114.3,1456.1,1771.7,0.0,283.6,1355.0,2091.0,445.5,441.2,5272.5,4461.4,2394.2,757.4,4676.9,2527.7,2625.3,1566.0,1479.3,3409.2,1159.7,1429.7,1038.0,980.6,1264.6,2583.1,6305.8,5513.2,1153.5,623.9
2026-08-15 16:00:00,601.9,336.7,430.7,1068.6,666.3,675.9,85.2,71.0,97.4,208.5,245.1,1851.6,6411.2,2948.2,1325.6,1188.5,9.7,231.2,1511.3,2171.4,443.7,471.0,5194.5,4392.9,2415.8,673.3,4576.9,2534.0,2628.1,1625.9,1525.4,3384.0,1162.8,1497.5,1062.2,1339.9,1285.8,3453.5,6396.1,5522.5,1193.1,643.7
2026-08-15 16:15:00,616.0,330.7,468.6,983.2,678.6,721.5,82.5,69.9,92.9,195.9,229.4,1843.7,6157.1,2930.2,1361.4,1175.5,0.0,269.1,1413.2,2211.5,434.9,468.3,5165.9,4457.3,2419.5,672.6,4588.5,2530.4,2612.3,1626.8,1521.9,3386.1,1172.0,1735.6,1060.2,1340.1,1294.6,3469.1,6398.4,5522.3,1212.8,646.8
2026-08-15 16:30:00,615.5,321.8,511.1,923.5,679.4,694.2,83.0,69.1,83.9,217.3,212.6,1863.4,5598.6,3015.0,1411.6,1225.0,0.0,332.5,1386.6,2245.6,421.6,493.2,5172.3,4539.7,2430.0,737.4,4561.1,2596.6,2614.4,1669.8,1520.5,3390.7,1170.2,2215.0,1059.6,1339.9,1296.5,3507.3,6439.9,5523.5,1233.9,645.2
2026-08-15 16:45:00,607.9,307.6,558.7,835.4,682.7,668.6,76.0,78.1,84.2,212.9,204.9,1860.0,4756.3,3013.8,1467.3,1220.5,0.0,350.1,1384.7,2335.8,426.6,486.4,5153.8,4630.6,2433.9,736.4,4564.7,2679.6,2619.5,1714.7,1522.3,3390.9,1174.1,2776.5,1060.9,1339.4,1307.0,3559.6,6475.4,5569.3,1249.1,644.4
2026-08-15 17:00:00,634.3,271.6,631.0,714.9,698.5,519.8,34.3,46.1,79.7,209.6,188.7,1778.5,4776.0,2816.3,1473.0,1234.3,87.9,81.1,1348.4,2385.2,457.0,494.4,5247.0,4454.8,2445.3,749.0,4353.5,2602.8,2630.8,2089.8,1482.2,3307.1,1177.0,2929.6,1075.3,1599.2,1323.8,4342.8,6617.0,5505.9,1304.0,636.5
2026-08-15 17:15:00,649.0,264.1,680.7,621.1,716.3,563.7,35.0,55.1,80.8,182.1,192.4,1772.9,4617.0,2991.7,1534.6,1191.4,84.5,106.0,1241.1,2389.4,460.3,503.1,5244.2,4612.4,2454.2,749.3,4358.0,2779.6,2634.4,2094.9,1486.0,3313.6,1162.5,3409.2,1082.4,1599.1,1335.2,4397.0,6639.9,5505.4,1319.3,631.0
2026-08-15 17:30:00,654.8,255.5,755.9,574.2,714.3,525.2,34.2,48.9,82.3,159.2,201.7,1762.3,4608.3,3863.3,1548.0,1364.4,82.1,58.3,1228.8,2548.1,463.5,517.1,5247.9,4725.9,2453.5,758.0,4339.3,3328.4,2634.4,2163.5,1486.1,3308.4,1165.6,3462.3,1087.5,1598.9,1350.4,4467.8,6694.6,5530.6,1352.1,622.4
2026-08-15 17:45:00,654.1,255.9,856.8,539.7,721.2,468.4,33.5,48.0,109.6,145.4,210.2,1747.8,4560.4,3917.2,1604.2,1654.4,82.6,74.3,1237.2,2592.4,457.2,542.8,5248.4,4744.1,2458.0,838.9,4295.2,3895.2,2635.6,2184.9,1486.3,3308.8,1162.8,3433.1,1092.7,1598.8,1347.8,4481.3,6748.5,5661.2,1368.8,641.9
2026-08-15 18:00:00,680.0,210.6,1006.9,499.0,737.7,527.8,41.3,62.0,119.5,112.8,240.7,1691.7,3929.4,3127.7,1634.5,1898.9,126.2,52.7,1315.9,2763.5,487.0,542.2,5285.8,4683.0,2430.5,819.7,4038.8,4060.3,2594.2,2170.8,1481.8,3270.7,1067.3,3368.0,1075.9,1903.4,1360.0,4820.2,6830.8,5541.7,1419.8,653.1
2026-08-15 18:15:00,701.7,204.5,1088.4,501.1,739.4,488.4,42.2,56.2,135.7,108.1,240.1,1658.0,3839.0,3605.1,1697.7,1843.1,140.6,43.1,1275.3,2741.0,491.2,540.6,5275.7,4771.5,2427.8,820.5,4052.8,4447.4,2594.6,2217.3,1478.2,3265.1,1078.5,3370.2,1081.0,1903.4,1376.3,4890.1,6879.6,5553.2,1438.2,679.7
2026-08-15 18:30:00,694.1,199.6,1155.2,502.3,749.0,451.1,42.9,54.9,156.1,96.0,248.2,1640.9,3843.3,3667.9,1612.7,1695.1,140.1,49.9,1285.1,2713.5,501.5,554.6,5267.8,4778.7,2428.9,821.9,4062.7,4702.7,2593.6,2219.9,1478.0,3262.8,1086.8,3387.9,1071.6,1903.4,1383.3,4928.4,6917.5,5578.9,1450.0,635.8
2026-08-15 18:45:00,693.4,213.4,1202.0,513.0,739.4,422.4,44.4,54.1,180.6,79.2,251.0,1605.9,2620.1,4079.5,1512.6,1471.3,139.5,47.0,1294.3,2743.6,499.1,562.3,5250.0,4777.2,2435.5,823.8,4075.0,4811.3,2595.6,2219.6,1477.2,3264.1,1081.1,3396.2,1069.8,1903.7,1382.3,4961.8,6907.2,5559.0,1467.3,628.6
2026-08-15 19:00:00,699.7,186.7,1212.9,505.3,731.2,432.8,21.9,160.3,208.6,118.7,268.6,1575.1,2747.9,3566.5,1431.2,1323.7,145.5,18.0,1423.3,2663.4,511.2,539.4,5247.6,4796.7,2426.4,877.8,3841.1,5113.0,2589.8,2227.7,1476.1,3360.7,1072.3,3452.9,1056.6,1830.1,1362.9,4761.2,6912.3,5737.2,1474.2,633.4
2026-08-15 19:15:00,703.1,188.1,1226.9,557.8,752.0,417.1,19.5,158.6,231.9,111.5,267.1,1558.9,2603.8,3547.8,1622.3,1407.3,144.8,18.0,1331.5,2625.2,515.3,545.2,5258.5,4813.0,2425.5,879.8,3857.0,5268.8,2590.4,2223.8,1477.0,3362.2,1073.8,3464.1,1067.6,1831.3,1368.4,4802.1,6921.4,5694.9,1481.2,632.0
2026-08-15 19:30:00,702.2,188.3,1227.4,555.3,745.7,412.7,15.9,158.1,257.1,107.2,267.0,1567.5,2592.0,4144.1,1610.1,1392.2,148.9,18.0,1310.9,2593.7,523.3,564.2,5242.5,4799.0,2422.1,883.1,3864.9,5281.7,2588.2,2175.3,1484.8,3376.3,1070.2,3479.2,1057.2,1831.6,1358.2,4810.1,6963.1,5711.3,1488.8,626.4
2026-08-15 19:45:00,711.2,188.2,1222.2,573.5,757.5,410.2,14.0,158.6,269.3,106.9,247.7,1561.5,2479.9,4118.0,1614.0,1369.9,118.1,18.1,1316.1,2628.6,521.1,595.4,5224.0,4806.6,2417.4,884.3,3871.7,5290.1,2590.5,2172.4,1481.1,3372.1,1067.8,3476.9,1058.0,1831.0,1355.7,4834.8,6973.0,5638.9,1495.8,626.4
2026-08-15 20:00:00,717.1,204.1,1228.6,608.2,761.1,379.5,18.0,143.7,286.8,94.7,293.2,1548.5,2339.3,3509.0,1397.1,1204.2,203.2,18.0,1586.5,2431.8,528.2,569.2,5136.2,4802.5,2412.8,923.6,4087.2,5587.4,2546.8,2228.6,1472.3,3439.7,1071.6,3359.8,1053.8,1581.5,1324.7,4619.7,6966.9,5681.2,1491.9,635.1
2026-08-15 20:15:00,723.2,204.7,1211.0,641.9,775.9,348.5,18.1,144.8,296.1,92.9,274.2,1542.2,2292.9,3529.9,1283.9,1111.9,202.0,18.0,1587.7,2313.6,532.6,585.5,5137.7,4825.7,2410.6,929.8,4086.5,5589.6,2545.4,2186.5,1468.2,3436.1,1078.9,3383.2,1045.9,1582.3,1327.2,4661.9,6969.4,5655.8,1485.7,637.6
2026-08-15 20:30:00,732.0,208.0,1198.9,673.5,793.3,352.7,18.8,147.9,305.1,92.4,247.5,1543.2,2248.9,3729.4,1474.2,1298.6,198.9,18.0,1579.9,2291.9,533.1,596.3,5119.8,4785.8,2396.0,936.1,4085.1,5577.2,2542.5,2174.8,1476.9,3429.8,1078.6,3381.0,1050.1,1582.5,1321.7,4691.3,6973.5,5610.7,1490.6,643.6
2026-08-15 20:45:00,731.8,215.5,1181.8,731.3,790.2,357.3,21.2,149.7,310.8,90.3,231.3,1531.1,2220.6,3595.4,1489.3,1315.8,197.8,18.0,1605.6,2282.2,526.2,613.3,5087.2,4662.4,2395.1,941.8,4084.1,5570.6,2546.9,2177.2,1475.4,3407.0,1062.1,3366.8,1060.6,1583.4,1309.5,4698.6,7003.5,5581.1,1496.7,646.9
2026-08-15 21:00:00,726.6,231.7,1152.3,814.0,755.2,204.0,28.9,48.9,363.0,71.3,246.2,1541.1,2185.4,3640.3,1308.8,1296.9,184.9,18.6,1589.5,2225.1,525.8,580.5,5236.2,5005.2,2391.2,1000.9,4139.8,5530.2,2484.5,2225.6,1420.6,3445.9,1071.4,3311.0,1060.9,1345.4,1294.3,4265.6,6912.2,5617.7,1488.8,667.3
2026-08-15 21:15:00,727.6,249.7,1123.9,837.4,765.1,208.9,27.6,48.8,361.3,71.2,231.7,1545.1,2147.2,3637.4,1318.0,1283.4,182.0,18.5,1588.8,2180.7,529.7,579.0,5298.9,4983.9,2387.6,1006.3,4136.7,5523.0,2482.6,2178.6,1424.1,3429.1,1070.5,3332.8,1059.7,1346.0,1282.1,4296.0,6923.5,5595.4,1482.1,676.3
2026-08-15 21:30:00,735.2,240.4,1084.8,890.6,766.1,214.0,24.4,48.8,366.6,71.3,234.5,1527.5,2143.6,3654.3,1357.9,1257.2,181.3,18.5,1588.7,2146.3,532.4,581.6,5312.6,4938.6,2378.9,1013.2,4136.4,5511.1,2483.4,2177.7,1440.8,3424.5,1071.7,3333.2,1065.3,1346.2,1269.5,4311.5,6906.0,5606.6,1477.3,685.1
2026-08-15 21:45:00,729.4,249.0,1049.3,957.5,757.0,215.9,26.8,48.8,364.4,71.5,220.8,1526.1,2122.8,3461.3,1361.6,1236.8,178.5,18.6,1608.1,2126.3,529.6,582.6,5292.0,4749.0,2371.6,1017.5,4134.4,5498.3,2467.6,2179.9,1447.0,3382.5,1069.1,3321.0,1058.4,1346.3,1258.0,4325.6,6910.4,5603.2,1462.9,695.2
2026-08-15 22:00:00,700.4,269.4,999.2,992.4,736.3,107.8,34.5,73.8,342.8,71.4,178.5,1531.1,2065.3,3527.8,1326.1,1221.1,0.0,90.4,1623.5,2169.8,512.7,602.1,5184.3,5020.9,2369.9,1022.2,4247.9,5449.0,2438.6,2153.9,1442.5,3420.9,1064.7,3359.8,1052.6,976.2,1241.6,3854.6,6791.8,5635.3,1417.8,671.6
2026-08-15 22:15:00,706.2,259.7,975.4,1023.7,729.8,107.8,35.4,73.8,342.4,71.6,169.2,1530.4,2070.0,3290.5,1325.0,1197.9,0.0,93.1,1596.1,2081.2,515.0,600.0,5139.6,4878.0,2344.6,1029.2,4242.9,5421.9,2440.4,2155.4,1462.8,3405.9,1060.2,3347.1,1039.2,976.9,1227.6,3858.7,6762.0,5632.5,1398.8,679.5
2026-08-15 22:30:00,700.6,263.3,952.8,996.7,719.8,100.2,33.4,74.5,341.4,71.8,180.5,1529.6,2079.5,3291.7,1360.0,1202.7,0.0,113.4,1594.4,2075.7,506.8,596.7,5085.0,4770.8,2328.3,1036.2,4232.6,5393.2,2429.5,2158.0,1456.0,3361.7,1042.1,3315.4,1029.0,977.6,1213.6,3900.0,6740.6,5576.8,1384.2,688.9
2026-08-15 22:45:00,699.5,266.6,926.6,914.0,705.5,100.5,32.7,77.0,336.1,36.0,173.8,1534.3,2210.5,3167.0,1360.6,1173.2,0.0,113.8,1589.3,2086.8,508.5,585.7,5031.0,4649.4,2314.8,1042.4,4226.0,5371.5,2428.0,2162.3,1454.3,3268.6,1036.2,3303.9,1029.1,978.0,1202.3,3912.3,6667.8,5584.7,1358.0,696.5
2026-08-15 23:00:00,678.1,270.7,911.7,1052.0,701.1,100.9,47.7,76.4,278.3,19.4,209.3,1585.3,1949.6,3144.8,1279.3,1058.0,0.1,111.5,1185.5,1940.4,477.6,578.4,4918.2,4722.8,2250.3,1057.9,4118.8,5200.7,2398.8,2123.0,1438.1,3277.4,1037.1,3271.6,1015.9,897.9,1192.0,3654.3,6575.4,5588.4,1358.9,708.3
2026-08-15 23:15:00,671.8,283.5,888.2,972.6,688.3,97.7,47.6,76.3,274.3,19.5,201.2,1573.9,1950.9,3057.0,1248.6,1018.7,0.0,108.3,1181.1,1917.0,486.8,574.6,4894.7,4590.0,2220.7,1060.5,4108.6,5170.0,2402.4,2128.5,1430.2,3265.9,1025.8,3244.0,1019.4,898.9,1186.5,3676.9,6520.2,5580.0,1335.3,714.8
2026-08-15 23:30:00,671.8,279.7,869.6,956.8,674.5,97.3,47.4,76.4,270.2,19.6,199.2,1585.1,2232.2,3425.9,1269.2,1017.7,0.0,127.3,1174.7,1957.4,477.3,567.0,4864.2,4551.6,2200.5,1060.7,4102.8,5150.4,2390.7,2131.0,1428.5,3225.0,1018.9,3221.8,1020.4,901.1,1183.4,3683.5,6463.6,5577.8,1321.3,718.5
2026-08-15 23:45:00,660.3,250.6,854.1,962.5,664.5,97.0,47.1,77.0,262.1,19.8,192.6,1575.1,2282.2,3100.5,1167.5,1032.0,0.0,129.3,1170.4,1963.9,480.9,561.6,4828.7,4505.7,2165.7,1061.1,4087.2,5109.4,2391.9,2137.8,1425.7,3182.3,1014.1,3202.3,1017.8,902.5,1182.2,3619.5,6404.8,5578.2,1318.8,722.5
2026-08-16 00:00:00,630.8,269.7,825.1,1055.9,638.6,287.4,61.2,20.6,293.6,5.5,264.5,1537.3,2668.3,4393.3,972.4,1083.6,39.6,97.4,1055.0,1898.5,471.5,533.4,4768.0,4387.9,2088.7,994.0,4290.9,4973.2,2362.5,2236.7,1425.7,3148.0,993.0,3161.4,948.9,796.5,1182.8,3206.4,6304.2,5824.5,1255.0,715.8
2026-08-16 00:15:00,629.3,275.6,816.5,1038.2,633.1,286.6,63.7,20.6,289.6,4.9,257.5,1533.6,2675.1,4197.1,1204.3,1314.0,39.6,96.8,1053.7,1875.3,470.7,525.1,4753.9,4351.2,2067.2,996.0,4281.3,4937.2,2358.2,2242.0,1418.3,3096.8,989.2,3151.6,956.5,798.0,1180.8,3236.1,6257.7,5813.7,1245.3,725.4
2026-08-16 00:30:00,625.7,282.3,805.1,985.8,625.7,277.9,63.6,20.6,282.8,4.9,232.8,1526.1,2671.0,3497.2,1266.7,1379.6,39.6,96.6,1051.7,1864.4,471.4,517.0,4731.2,4312.6,2045.5,997.3,4275.1,4919.4,2352.4,2231.9,1413.3,3084.9,986.3,3139.7,943.9,799.8,1177.4,3267.5,6199.8,5753.9,1242.6,731.6
2026-08-16 00:45:00,631.3,288.6,795.9,884.6,620.0,277.3,63.6,20.6,282.9,4.9,218.0,1518.1,2994.3,3393.8,1244.2,1366.0,39.6,96.4,1048.6,1859.3,472.9,504.7,4703.0,4311.0,2020.0,992.4,4263.6,4894.7,2351.6,2234.4,1417.3,3036.6,979.9,3124.2,943.7,800.4,1169.3,3268.8,6154.6,5754.7,1233.2,740.4
2026-08-16 01:00:00,621.7,294.4,793.6,1017.6,617.9,276.9,62.0,8.5,278.5,8.8,171.8,1500.0,2855.3,3515.2,1205.3,1412.1,36.3,101.8,1024.8,1896.6,471.7,501.4,4672.0,4240.6,1969.3,997.4,4189.7,4857.1,2321.0,2172.5,1386.3,3027.2,970.9,3070.9,945.3,788.1,1197.2,3324.1,6106.8,5692.6,1212.2,744.4
2026-08-16 01:15:00,624.7,296.3,787.2,919.7,614.2,276.8,61.9,8.5,277.2,4.0,152.9,1492.3,2836.4,3238.5,1200.9,1414.7,36.3,101.5,1023.1,1899.1,473.3,492.3,4637.0,4229.9,1946.9,997.7,4182.8,4840.2,2320.7,2176.1,1385.6,3015.8,966.8,3055.0,946.3,790.0,1190.6,3325.9,6069.0,5693.3,1202.0,749.5
2026-08-16 01:30:00,625.0,297.8,1005.2,990.2,609.6,276.7,61.5,8.5,276.8,2.1,163.4,1480.5,2985.5,3360.1,1162.0,1379.3,36.4,99.1,1019.4,1893.6,473.8,482.9,4598.3,4218.4,1930.0,997.2,4181.8,4833.5,2316.0,2176.5,1379.4,2982.0,961.3,3036.5,937.6,793.6,1181.3,3366.1,6028.3,5700.0,1195.9,754.2
2026-08-16 01:45:00,623.6,299.5,1000.6,905.5,604.9,276.6,61.2,8.5,276.3,2.1,151.8,1470.8,3091.8,3311.1,1149.9,1366.4,36.3,99.0,1015.4,1888.2,474.5,465.2,4548.6,4208.0,1907.5,997.5,4177.1,4591.0,2312.8,2179.4,1385.5,2968.1,958.4,3017.5,933.1,795.7,1171.0,3404.4,5996.9,5696.8,1184.1,757.0
2026-08-16 02:00:00,603.5,301.9,771.2,915.2,601.5,276.7,60.5,8.0,276.9,1.5,269.5,1517.0,3027.8,3397.0,1126.9,1404.8,34.3,114.1,869.0,1906.7,467.5,469.2,4454.9,4135.7,1874.6,994.9,4044.1,4778.9,2307.5,2104.7,1372.4,2745.4,951.7,3001.3,936.2,821.0,1160.0,3374.4,5982.7,5607.5,1169.4,754.5
2026-08-16 02:15:00,610.5,297.8,770.2,878.2,599.2,275.9,60.3,8.0,270.0,8.2,267.7,1543.4,3021.7,3389.0,1110.4,1421.4,34.3,114.2,868.8,1916.7,466.3,471.7,4438.3,4118.2,1862.0,995.1,4040.9,4769.3,2307.6,2106.9,1366.7,2736.3,949.7,2993.1,931.8,824.4,1155.1,3386.1,5967.6,5606.6,1165.6,758.6
2026-08-16 02:30:00,608.9,295.4,768.9,861.6,596.0,275.3,60.1,8.0,272.9,6.2,258.0,1537.9,3018.5,3257.6,1093.8,1410.4,34.4,112.2,866.7,1921.6,464.5,467.4,4428.9,4108.5,1853.7,994.5,4037.9,4763.5,2304.6,2105.9,1365.8,2734.1,945.9,2984.0,930.0,827.2,1153.0,3410.8,5952.2,5602.9,1158.9,760.1
2026-08-16 02:45:00,604.1,292.8,767.7,846.0,593.7,274.4,59.9,8.1,273.3,1.5,255.2,1533.5,3017.9,3198.9,1083.8,1393.5,34.3,90.4,866.0,1914.5,464.1,459.0,4415.4,4101.2,1840.5,993.7,4033.8,4536.4,2302.4,2103.9,1364.5,2730.3,944.3,2975.1,928.7,830.0,1156.5,3437.4,5938.0,5597.7,1156.7,759.8
2026-08-16 03:00:00,596.8,291.7,764.8,881.4,584.4,115.3,57.3,7.3,268.0,1.5,113.3,1511.0,2967.4,3275.8,1060.4,1322.3,32.3,108.6,821.2,1926.0,465.6,461.6,4346.3,4120.8,1824.0,980.4,4037.8,4786.5,2307.9,2014.0,1354.4,2737.4,938.4,3006.6,927.2,855.2,1168.1,3509.2,5932.7,5474.5,1156.7,753.7
2026-08-16 03:15:00,594.4,297.7,774.8,846.2,584.1,114.4,57.1,7.3,258.9,1.5,112.0,1508.5,2968.7,3252.4,1042.7,1314.6,32.3,107.1,820.8,1922.9,462.3,461.4,4320.7,4092.4,1815.7,989.2,4038.6,4511.5,2305.7,2011.4,1357.9,2729.0,937.9,2996.6,926.0,858.6,1173.7,3543.9,5926.5,5484.4,1157.5,756.0
2026-08-16 03:30:00,590.0,303.6,782.5,812.0,585.5,112.7,56.9,7.3,265.6,1.5,108.1,1508.9,2963.1,3249.5,1032.8,1307.7,32.3,105.7,816.4,1927.8,459.8,463.6,4301.1,4076.5,1811.9,988.6,4036.6,4482.4,2303.9,2010.5,1352.0,2679.7,938.3,3000.3,921.1,862.4,1175.3,3584.5,5912.7,5485.6,1158.5,757.3
2026-08-16 03:45:00,584.8,309.4,787.1,746.1,582.5,110.8,56.7,7.3,263.6,1.5,107.9,1506.0,2960.1,3157.5,1032.7,1305.5,32.3,102.1,813.9,1927.1,457.1,465.1,4280.3,4035.4,1800.7,979.9,4035.2,4417.9,2303.1,2011.1,1350.6,2660.6,934.8,2995.5,923.7,865.8,1170.1,3625.3,5893.3,5488.4,1154.9,759.1
2026-08-16 04:00:00,571.6,314.7,788.5,719.1,582.5,91.2,45.9,7.8,265.6,2.1,291.3,1513.9,2978.9,3161.4,1047.7,1273.1,28.1,103.1,930.9,1937.3,456.1,468.6,4270.6,3968.4,1801.1,995.4,4038.5,4497.3,2303.4,2009.0,1382.0,2685.8,934.9,2972.8,908.2,870.3,1162.4,3715.6,5903.5,5485.4,1154.0,759.6
2026-08-16 04:15:00,572.7,314.0,787.8,652.6,581.4,90.3,45.8,7.8,267.5,1.5,291.1,1508.3,2978.7,3102.7,1045.8,1264.3,28.1,103.5,932.3,1929.7,454.6,472.9,4254.7,3953.9,1793.1,992.3,4038.3,4365.5,2305.3,2007.5,1380.6,2686.2,934.1,2970.0,911.9,872.5,1154.6,3717.1,5868.1,5480.3,1145.4,760.5
2026-08-16 04:30:00,564.7,313.3,785.2,625.2,584.5,89.8,45.6,7.8,264.8,1.5,288.9,1509.2,2980.9,3105.4,1005.0,1260.0,28.1,102.0,931.5,1928.3,454.9,475.8,4254.2,3924.9,1789.9,990.5,4041.5,4398.1,2302.8,2005.2,1380.6,2687.6,933.6,2967.7,914.3,867.8,1145.4,3741.6,5838.3,5473.3,1139.6,760.5
2026-08-16 04:45:00,568.8,313.1,785.8,604.1,583.2,91.3,45.3,7.8,268.9,1.5,289.3,1510.3,2976.3,3078.6,1005.8,1255.9,51.6,62.7,930.3,1926.3,453.8,476.3,4258.4,3913.4,1785.0,988.5,4041.7,4422.6,2301.6,2003.5,1338.7,2641.0,931.5,2964.2,910.1,868.1,1137.4,3779.7,5811.5,5476.8,1130.7,763.9
2026-08-16 05:00:00,571.4,315.5,789.8,580.9,583.8,94.2,43.5,7.8,257.9,1.5,78.1,1507.6,2973.7,3052.6,1029.9,1262.2,30.1,74.1,897.9,1906.4,449.5,470.2,4293.0,3850.6,1762.8,1011.0,3984.0,4084.4,2302.4,1965.4,1337.2,2649.8,906.0,2974.1,909.1,868.4,1131.4,3914.7,5792.0,5486.5,1121.3,759.6
2026-08-16 05:15:00,566.6,320.2,794.1,549.3,587.8,99.2,43.2,7.8,260.1,1.5,79.9,1509.6,2972.6,2889.7,1029.6,1258.5,30.1,75.5,899.5,1909.6,449.0,471.8,4310.4,3838.9,1760.6,1009.8,3983.8,4346.2,2300.5,1966.5,1339.4,2637.8,905.4,2977.2,901.8,868.9,1126.6,3936.2,5781.8,5488.1,1114.0,756.9
2026-08-16 05:30:00,566.5,325.3,789.1,527.6,586.5,105.4,42.9,7.8,262.5,1.5,78.0,1508.6,2979.4,2436.7,990.2,1263.4,30.1,79.1,901.5,1929.2,449.5,478.4,4327.2,3839.0,1759.9,1007.6,3982.0,4673.2,2299.5,1966.1,1338.7,2641.9,905.3,2981.3,905.6,868.8,1125.9,3954.1,5768.2,5471.9,1108.9,751.7
2026-08-16 05:45:00,566.9,330.5,776.3,506.5,593.8,114.8,41.2,7.8,265.2,1.5,79.3,1512.4,2980.9,2215.1,986.8,1263.7,30.1,80.8,902.9,1928.6,449.9,479.3,4380.2,3824.4,1763.5,1005.3,3984.5,4727.7,2299.1,1959.9,1379.9,2681.3,905.0,2987.7,906.9,869.5,1129.2,3972.0,5773.2,5474.3,1111.2,748.2
2026-08-16 06:00:00,571.6,261.1,769.4,466.6,601.4,125.8,38.2,6.7,268.3,14.0,221.5,1511.2,2973.0,2268.3,1063.6,1240.3,33.8,98.3,956.0,1930.7,443.3,487.2,4426.6,3877.7,1771.0,968.6,3716.9,4492.1,2312.8,1945.1,1350.6,2895.8,943.8,3057.1,912.6,888.4,1137.2,3852.4,5799.7,5475.8,1108.0,737.5
2026-08-16 06:15:00,567.4,266.2,754.5,481.7,604.9,140.1,38.3,7.1,266.6,15.4,221.0,1509.4,3023.5,2276.2,1041.6,1215.7,33.7,101.8,958.1,1932.6,441.7,492.1,4457.2,3852.6,1779.6,965.5,3723.3,4505.7,2315.5,1942.4,1347.8,2895.4,943.0,3064.3,911.6,893.4,1143.7,3859.0,5793.9,5470.3,1105.9,739.8
2026-08-16 06:30:00,563.1,332.9,954.2,469.7,604.0,158.8,40.5,7.4,264.4,12.3,218.8,1518.7,3031.6,2300.1,1020.8,1240.5,33.7,97.4,958.6,1929.6,437.7,485.2,4487.5,3825.9,1787.9,951.8,3728.3,4185.1,2316.9,1942.2,1350.9,2895.6,950.3,3076.3,908.7,892.2,1146.8,4082.5,5791.7,5461.5,1100.0,739.1
2026-08-16 06:45:00,557.0,360.7,931.3,467.1,616.7,179.5,42.0,7.8,257.1,12.5,220.9,1523.9,3081.6,2163.2,1117.8,1370.5,33.7,79.7,959.7,1945.8,437.9,476.1,4517.3,3803.7,1801.6,951.5,3748.2,4017.6,2318.4,1937.1,1350.9,2933.8,950.8,3082.7,914.6,890.4,1148.4,4092.5,5801.2,5456.4,1103.6,742.9
2026-08-16 07:00:00,578.1,341.3,708.9,477.3,619.7,204.7,33.5,8.4,250.3,10.0,96.3,1525.4,3084.0,2260.3,1202.8,1453.8,37.6,116.3,992.6,1977.0,439.0,485.2,4566.5,3682.7,1837.1,937.0,4067.8,4673.3,2360.1,1915.5,1368.9,2920.7,987.7,3084.2,929.0,900.2,1100.6,4039.9,5842.5,5472.2,1112.1,758.4
2026-08-16 07:15:00,574.1,370.5,688.0,496.4,629.0,232.5,34.2,6.9,232.2,9.6,100.1,1527.6,3130.4,2234.7,1182.3,1475.3,37.6,118.0,997.6,1994.5,438.1,474.8,4593.3,3663.8,1844.4,921.5,4043.5,4218.4,2362.9,1910.8,1411.3,2956.3,990.4,3098.0,937.0,897.8,1103.0,4075.3,5884.4,5461.1,1115.0,765.5
2026-08-16 07:30:00,575.2,377.1,672.5,538.6,642.4,261.6,38.1,7.6,217.5,15.1,102.2,1530.9,3126.8,2178.3,1163.8,1485.9,37.6,114.3,994.6,2007.5,432.8,470.7,4623.5,3635.9,1859.6,915.2,4045.7,3856.5,2365.6,1908.7,1374.2,2989.7,998.2,3102.0,947.4,896.1,1111.6,4055.4,5902.7,5448.9,1112.0,773.1
2026-08-16 07:45:00,557.6,384.4,656.4,587.2,648.4,293.5,41.9,8.5,202.0,21.3,108.8,1538.8,3179.0,1935.8,1126.0,1519.3,37.6,94.6,1007.5,2034.3,431.5,474.2,4649.9,3614.5,1879.8,911.6,4049.8,3727.8,2370.2,1904.7,1424.8,3004.8,1003.8,3114.7,952.6,895.2,1116.9,4060.7,5936.4,5440.1,1123.4,784.5
2026-08-16 08:00:00,557.2,388.9,628.3,624.6,668.6,324.4,44.2,13.3,226.9,53.5,96.5,1633.5,3548.9,2293.9,1084.5,1655.8,43.5,112.7,1031.1,2094.6,430.5,491.5,4751.4,3613.5,1931.9,1020.8,4025.1,4237.6,2410.2,1904.7,1407.5,2978.5,1008.6,3144.0,950.5,883.1,1077.9,4003.3,5997.0,5418.5,1127.4,813.6
2026-08-16 08:15:00,569.3,409.7,604.0,687.1,677.3,363.2,43.7,8.2,203.2,60.8,99.4,1611.2,3607.2,2014.0,1050.9,1697.9,43.5,112.5,1025.9,2120.0,429.9,488.6,4783.4,3614.4,1961.5,1018.8,4035.9,3609.1,2413.5,1900.3,1409.2,3014.3,1009.7,3147.2,959.9,882.3,1086.1,4001.9,6029.3,5402.9,1129.3,823.4
2026-08-16 08:30:00,552.9,426.0,581.8,756.8,672.5,392.5,50.0,9.4,182.0,73.0,101.9,1619.1,4165.5,2441.7,1002.2,1493.4,43.5,86.6,1019.1,2149.7,428.5,473.8,4810.1,3618.4,1987.0,1015.4,4126.2,3059.7,2415.1,1900.4,1411.9,3029.5,1015.2,3149.9,950.5,881.3,1092.3,3997.5,6077.4,5396.0,1136.6,831.0
2026-08-16 08:45:00,549.0,442.3,560.3,804.5,656.4,425.8,53.8,10.4,161.1,85.1,114.3,1617.1,4229.3,1817.6,949.7,1146.3,43.5,78.4,1024.4,1969.9,431.2,472.0,4848.6,3620.4,2005.2,1004.8,4239.4,2896.7,2423.1,1885.4,1414.7,3043.5,1022.3,3165.6,955.6,880.8,1095.4,3992.9,6133.3,5396.8,1146.6,836.6
2026-08-16 09:00:00,567.6,460.7,770.4,863.8,655.6,451.6,72.9,24.1,162.9,83.3,309.7,1659.1,4308.0,2062.0,947.8,904.4,66.2,83.7,1156.5,1892.9,456.8,521.5,4975.5,3571.7,2060.0,936.6,4221.7,3106.0,2447.5,1760.1,1442.2,3092.0,1005.2,3272.2,978.1,861.8,1119.6,4036.8,6187.9,5403.2,1148.7,852.2
2026-08-16 09:15:00,559.8,496.1,742.2,941.4,655.2,485.0,80.1,12.1,138.8,96.3,327.7,1667.2,4456.9,2043.8,897.6,938.9,66.2,84.5,1164.4,1890.8,456.2,510.9,4998.3,3575.0,2081.0,934.2,4518.7,2836.6,2457.1,1757.1,1447.6,3120.7,1005.6,3271.0,975.9,862.4,1126.4,4033.0,6219.6,5395.1,1154.2,861.4
2026-08-16 09:30:00,552.2,539.3,936.4,1027.2,655.2,520.9,92.3,13.0,135.4,125.5,323.1,1693.4,5132.5,1879.1,898.5,990.7,66.2,62.8,1193.1,1921.3,455.8,514.6,5019.7,3597.0,2092.7,929.1,4526.7,2721.6,2466.0,1751.1,1445.9,3192.2,1016.1,3181.5,983.6,863.4,1129.7,4048.1,6268.7,5395.3,1153.4,869.0
2026-08-16 09:45:00,542.9,533.0,915.5,1092.1,656.3,550.8,96.7,14.0,135.0,155.8,322.6,1718.3,5401.1,1883.1,862.8,1033.0,66.2,59.4,1213.4,1944.9,457.3,514.3,5035.9,3604.9,2124.5,928.4,4538.6,2595.6,2476.9,1747.6,1448.8,3191.1,1024.5,2725.9,979.1,864.6,1141.6,4032.7,6335.3,5393.2,1162.0,873.2
2026-08-16 10:00:00,521.5,536.4,1118.9,1171.6,658.4,577.8,96.1,24.0,156.2,187.4,353.2,1733.0,5599.5,2274.3,909.5,980.7,10.0,187.9,1385.0,1946.9,474.0,516.7,5089.3,3690.1,2173.1,905.2,4485.5,2639.2,2467.3,1611.6,1464.0,3199.9,1041.9,2859.4,975.2,883.5,1261.2,4080.2,6361.6,5363.0,1163.7,878.5
2026-08-16 10:15:00,519.4,534.8,1099.5,1238.2,657.7,606.0,100.2,15.2,157.3,210.6,356.5,1751.1,5629.8,2229.8,884.6,1037.3,10.1,187.8,1393.2,1947.1,472.5,524.6,5094.0,3686.7,2192.8,904.8,4493.0,2602.6,2475.1,1607.1,1470.5,3175.4,1048.9,2284.8,988.0,885.0,1266.1,4073.9,6376.4,5358.8,1157.6,876.0
2026-08-16 10:30:00,514.8,545.2,1079.5,1276.7,659.0,620.6,96.9,15.5,156.9,231.7,360.8,1770.0,5699.0,2160.0,912.1,1076.1,10.0,177.7,1400.0,1943.6,470.1,501.8,5091.4,3657.4,2204.0,903.6,4506.5,2571.0,2477.6,1603.9,1466.7,3136.7,1047.5,1689.4,986.7,886.3,1270.6,4065.7,6394.3,5357.1,1156.9,877.0
2026-08-16 10:45:00,506.1,563.3,1060.4,1327.3,658.9,640.4,93.6,15.6,156.1,246.0,366.0,1788.4,5705.7,2224.1,896.4,1104.4,10.1,157.7,1430.8,1954.4,470.3,504.6,5081.9,3655.2,2225.7,903.4,4510.9,2515.6,2484.0,1585.0,1468.1,3133.1,1051.3,1578.1,978.3,888.6,1272.4,4055.9,6436.8,5312.9,1154.9,879.1
2026-08-16 11:00:00,505.1,577.4,1095.1,1414.4,677.2,651.0,139.1,14.7,163.3,261.7,444.4,1896.3,5811.0,2244.9,1136.1,1135.4,15.0,228.2,1466.5,2004.9,492.5,502.5,5163.1,3773.4,2247.8,894.3,4596.3,2471.9,2483.5,1559.7,1474.9,3134.7,1060.7,1737.1,989.8,875.5,1272.5,4002.7,6458.9,5304.1,1164.7,882.3
2026-08-16 11:15:00,502.2,579.9,1077.7,1389.9,671.3,666.6,143.7,15.0,162.1,216.7,468.0,1886.3,6015.3,2252.8,1143.4,1154.9,15.0,214.3,1484.2,1973.7,489.5,496.8,5170.7,3780.0,2260.8,893.7,4607.9,2467.4,2485.6,1558.1,1477.4,3114.4,1059.3,1604.0,973.5,878.1,1268.8,3999.7,6460.8,5298.8,1165.4,882.1
2026-08-16 11:30:00,500.1,583.0,1064.6,1421.9,668.7,670.0,146.1,15.4,163.3,237.9,466.5,1921.3,5991.9,2248.7,1142.8,1182.1,15.0,216.6,1482.8,1975.7,489.2,506.0,5182.0,3786.3,2264.2,892.2,4604.9,2466.2,2488.3,1559.8,1477.1,3105.8,1061.3,1606.4,988.6,880.5,1265.8,3983.9,6464.6,5292.3,1165.0,880.5
2026-08-16 11:45:00,506.5,564.7,1055.0,1453.3,668.7,679.8,151.2,15.7,162.9,235.9,473.4,1929.4,6027.3,2266.8,1156.6,1160.5,15.0,208.0,1505.9,1791.4,487.1,505.9,5187.0,3786.7,2274.4,891.4,4603.6,2465.8,2494.6,1525.7,1482.4,3101.0,1065.2,1449.1,986.7,883.0,1264.5,3975.1,6473.9,5314.7,1163.1,880.0
2026-08-16 12:00:00,502.6,585.0,1054.2,1479.8,668.1,697.0,250.6,17.8,130.8,239.9,472.6,1959.4,5932.3,2415.2,1297.6,1103.3,12.0,277.3,1430.4,1964.8,480.9,532.4,5185.0,3834.7,2278.1,883.8,4546.3,2473.4,2487.1,1549.1,1475.4,3114.2,1068.4,1491.8,983.5,852.7,1262.8,3931.4,6484.9,5291.3,1158.6,876.1
2026-08-16 12:15:00,502.9,601.6,1055.2,1471.5,667.7,705.3,256.5,17.9,130.8,252.8,472.3,1973.1,5918.7,2480.1,1298.7,1097.6,12.0,267.5,1432.7,1942.8,478.7,540.4,5183.1,3842.2,2287.6,883.0,4536.5,2473.2,2489.3,1541.4,1474.5,3115.1,1073.2,1448.7,983.4,854.8,1264.5,3937.8,6504.0,5292.2,1157.9,875.2
2026-08-16 12:30:00,499.8,602.2,1065.3,1455.3,667.1,711.3,260.1,17.9,131.2,246.8,489.2,1965.8,5994.5,2541.2,1308.9,1048.6,12.0,256.7,1434.4,1727.6,476.7,534.8,5179.9,3850.5,2288.0,882.8,4535.0,2474.3,2482.8,1542.4,1475.4,3115.2,1073.7,1437.2,981.0,857.2,1261.1,3931.8,6491.3,5285.6,1154.5,871.9
2026-08-16 12:45:00,498.7,602.5,1075.1,1432.7,666.6,720.9,248.7,18.0,141.6,257.2,520.5,1958.0,6031.5,2590.1,1344.3,1009.2,12.0,250.4,1517.8,1708.5,499.2,533.6,5169.1,3855.8,2296.5,882.6,4534.9,2474.7,2488.4,1542.8,1480.1,3115.7,1069.4,1442.2,983.9,859.4,1257.6,3929.0,6475.0,5278.7,1151.4,874.4
2026-08-16 13:00:00,499.1,612.2,1045.7,1421.1,651.8,714.4,277.1,15.4,154.5,256.7,580.7,1994.1,5899.3,2578.7,1401.0,1007.3,12.0,271.6,1558.8,1689.4,498.1,521.4,5197.9,3918.8,2298.3,873.8,4452.3,2493.4,2469.7,1569.6,1473.2,3137.3,1075.7,1425.2,987.4,862.9,1253.6,3901.3,6621.6,5372.0,1138.4,861.3
2026-08-16 13:15:00,512.0,608.8,1065.3,1410.3,653.2,713.5,277.0,15.2,156.8,252.1,579.7,1996.3,5936.3,2624.8,1414.5,961.7,12.0,272.0,1569.1,1689.4,499.6,522.3,5186.9,3926.3,2304.9,872.7,4445.8,2493.6,2470.1,1571.7,1473.0,3149.4,1075.5,1424.1,990.0,865.0,1250.8,3903.2,6613.9,5366.0,1126.2,851.8
2026-08-16 13:30:00,504.7,605.4,1080.0,1401.1,654.6,697.4,276.9,15.0,154.8,248.4,572.8,2005.5,5923.9,2652.6,1429.2,958.6,12.0,272.1,1559.5,1701.9,485.8,528.2,5166.3,3934.3,2309.2,872.5,4446.7,2493.2,2467.8,1574.3,1475.9,3151.6,1076.7,1427.2,984.3,866.9,1245.5,3904.9,6604.9,5354.3,1123.8,846.1
2026-08-16 13:45:00,503.3,602.7,1105.2,1417.6,654.8,679.6,264.8,14.6,152.7,243.1,554.0,2023.7,5944.4,2669.8,1439.0,950.7,12.0,272.3,1546.3,1702.6,478.8,537.9,5151.9,3946.3,2317.0,872.2,4439.4,2493.3,2468.4,1575.6,1478.2,3160.4,1075.6,1426.2,980.7,868.7,1247.1,3905.3,6596.3,5347.5,1121.6,841.6
2026-08-16 14:00:00,502.5,558.1,898.8,1301.3,647.4,653.7,271.0,12.7,154.2,209.7,522.4,2014.2,5866.2,2694.5,1403.1,908.4,12.0,236.5,1559.3,1730.5,467.8,550.2,5132.2,3959.9,2317.7,864.5,4462.9,2504.3,2470.0,1576.5,1483.8,3134.0,1084.4,1459.0,977.6,893.7,1248.0,3886.4,6614.4,5345.2,1126.8,822.2
2026-08-16 14:15:00,511.4,585.7,931.4,1277.4,649.5,628.5,270.8,11.8,154.2,204.4,510.2,2027.6,5802.7,2695.3,1420.0,895.2,12.0,248.6,1547.8,1735.1,464.1,555.7,5137.0,3983.4,2325.4,862.8,4457.3,2504.4,2473.2,1577.7,1485.5,3158.0,1082.5,1461.6,982.4,895.7,1254.0,3912.4,6598.5,5333.1,1127.0,805.9
2026-08-16 14:30:00,514.6,576.4,964.6,1360.2,649.5,596.8,255.9,11.0,155.0,199.3,504.9,2031.2,5781.6,2711.3,1409.1,890.0,12.0,239.0,1507.9,1743.7,462.6,569.8,5149.7,3995.4,2325.4,862.6,4457.7,2507.0,2471.4,1577.9,1484.6,3172.1,1080.2,1455.0,973.6,897.3,1251.2,3925.7,6594.9,5319.0,1125.8,793.4
2026-08-16 14:45:00,517.7,603.8,985.4,1324.0,650.8,562.6,254.5,17.1,155.4,221.2,485.7,2039.0,5703.6,2690.9,1416.7,889.6,12.0,245.4,1499.0,1767.2,469.2,574.0,5152.5,4024.5,2331.9,861.2,4459.6,2511.6,2472.5,1589.9,1483.5,3228.4,1083.8,1456.0,981.3,899.2,1250.1,3944.2,6598.6,5306.5,1132.0,781.4
2026-08-16 15:00:00,575.8,539.8,598.9,1140.2,643.3,528.9,194.5,9.9,170.0,185.7,461.5,2011.4,5681.1,2722.3,1317.3,887.8,71.4,74.4,1401.6,1857.7,459.4,578.6,5179.4,3910.7,2360.4,858.3,4412.7,2508.1,2465.7,1628.0,1487.1,3177.9,1083.8,1447.5,977.0,930.1,1255.4,3985.3,6484.9,5161.0,1137.2,760.0
2026-08-16 15:15:00,584.0,537.7,629.0,1166.6,657.8,501.4,198.2,9.5,169.6,239.6,427.6,2005.0,5621.5,2943.1,1298.4,886.0,71.4,89.0,1385.6,1969.8,456.0,590.2,5164.6,3929.6,2373.9,856.5,4410.4,2520.2,2468.8,1664.2,1495.5,3190.7,1081.1,1619.1,976.7,932.4,1257.4,4020.1,6494.4,5141.8,1143.2,745.9
2026-08-16 15:30:00,595.9,553.1,663.5,1210.0,666.9,471.8,195.1,9.0,170.4,251.0,416.6,1984.3,5533.1,2998.5,1315.3,877.5,71.4,91.6,1385.7,1996.2,456.4,595.1,5152.4,3958.5,2380.0,855.9,4402.7,2532.4,2467.7,1664.8,1493.1,3227.7,1085.3,1752.6,988.3,933.8,1262.3,4056.3,6517.8,5120.6,1155.4,719.7
2026-08-16 15:45:00,606.6,547.4,694.8,1171.0,672.9,441.4,194.6,8.9,170.4,245.6,409.6,1977.3,5483.7,2977.4,1338.5,856.5,71.4,81.9,1395.2,1976.2,460.7,586.5,5135.3,3980.9,2394.2,855.3,4403.4,2594.2,2473.5,1682.9,1494.9,3243.5,1082.4,1816.7,997.5,934.6,1270.6,4098.9,6554.5,5093.6,1171.9,698.7
2026-08-16 16:00:00,584.4,476.6,743.7,1124.0,688.3,416.2,126.3,8.5,146.3,239.7,347.4,1909.2,5523.7,3066.3,1112.4,837.3,89.7,73.7,1305.0,1959.0,457.8,593.4,5145.3,3969.3,2407.3,817.0,4557.0,2706.8,2470.9,1906.7,1510.6,3244.3,1083.8,1899.3,994.0,1061.3,1196.7,4394.8,6613.3,5068.9,1230.2,665.4
2026-08-16 16:15:00,601.4,481.1,768.3,1074.6,696.6,385.6,126.4,7.8,146.4,235.0,343.6,1908.5,5478.3,3148.9,1134.5,828.9,71.3,73.2,1285.9,1946.5,457.7,596.8,5140.0,3996.8,2415.6,815.9,4556.6,2740.1,2474.7,1908.7,1507.9,3266.6,1089.8,2534.8,985.0,1064.1,1210.8,4462.3,6677.5,5035.4,1258.2,636.8
2026-08-16 16:30:00,620.1,475.1,805.2,1186.5,712.8,389.3,125.5,7.1,145.9,213.6,351.0,1880.5,5018.9,3179.0,1175.4,817.3,69.4,42.1,1279.9,1936.8,460.6,603.8,5148.1,4067.0,2425.7,815.2,4562.1,2824.8,2476.1,1918.6,1505.1,3280.1,1089.8,3115.5,1002.2,1068.5,1223.2,4488.2,6730.3,5001.6,1290.5,609.3
2026-08-16 16:45:00,633.6,467.6,850.5,1208.1,710.4,424.3,125.7,17.5,146.2,204.3,349.3,1876.4,4558.1,3225.3,1217.9,838.3,69.6,68.2,1288.2,1968.1,454.4,602.0,5153.8,4193.4,2440.3,818.7,4316.0,3065.3,2483.5,1934.4,1516.2,3293.1,1084.8,3285.8,1004.4,1071.8,1234.6,4511.2,6811.0,5003.6,1323.0,578.6
2026-08-16 17:00:00,666.8,434.7,888.6,1073.4,726.1,306.5,134.1,9.1,152.5,167.1,354.5,1787.4,4727.7,3039.0,1254.5,1005.7,103.3,43.1,1269.3,2106.0,488.8,661.9,5178.4,4241.0,2446.3,881.3,4340.4,3053.6,2491.5,2245.5,1532.9,3193.7,1093.6,3290.6,1002.8,1135.3,1248.5,5268.4,6917.6,4900.2,1386.6,542.2
2026-08-16 17:15:00,678.3,425.5,919.1,1123.0,730.5,322.2,120.7,8.2,152.4,149.0,360.5,1775.7,4607.3,3229.3,1308.8,1125.3,86.2,52.8,1241.1,2183.5,499.4,650.7,5194.0,4326.3,2464.2,886.5,4170.7,3464.7,2492.9,2259.5,1534.8,3202.4,1095.2,3305.9,1010.0,1141.4,1259.0,5282.9,6999.3,4905.0,1418.1,514.9
2026-08-16 17:30:00,689.8,424.5,945.1,1085.9,731.5,301.5,120.4,7.3,152.4,125.4,373.0,1763.3,4560.3,4146.6,1329.6,1357.7,73.9,45.2,1185.2,2262.0,499.7,645.9,5191.6,4502.8,2468.6,886.1,4142.2,4100.5,2490.2,2261.5,1519.0,3203.7,1062.1,3285.1,1025.6,1148.0,1266.8,5330.0,7091.0,4893.5,1449.6,486.6
2026-08-16 17:45:00,692.7,409.6,972.6,1056.4,736.9,271.8,119.9,6.4,165.4,108.3,391.6,1750.6,3702.5,3528.0,1365.7,1504.8,71.4,31.6,1192.4,2287.8,487.7,645.0,5159.2,4632.4,2475.2,879.7,4139.7,4757.8,2492.4,2317.6,1512.6,3203.3,1072.4,3290.7,1016.8,1154.5,1274.2,5362.0,7157.3,4902.1,1480.2,459.7
2026-08-16 18:00:00,721.6,357.9,977.3,1225.2,747.2,276.0,52.0,37.2,185.3,87.6,186.3,1675.5,3757.2,3621.7,1370.9,1733.7,114.9,36.1,1490.2,2162.1,483.6,880.6,5197.1,4440.5,2471.8,817.9,4345.7,4629.0,2494.3,2318.6,1559.5,3237.8,1118.5,3345.7,1002.1,1220.8,1276.5,5733.8,7218.0,4849.0,1528.0,451.8
2026-08-16 18:15:00,737.0,339.3,1005.4,1183.8,753.3,243.9,52.0,36.8,198.4,108.0,201.5,1640.6,3736.4,3873.1,1421.4,1674.0,126.9,15.9,1467.7,2083.9,502.9,873.1,5137.4,4548.3,2482.1,824.0,4368.6,5219.5,2496.5,2316.8,1547.5,3240.2,1117.4,3359.8,986.2,1231.5,1278.9,5781.2,7234.8,4832.4,1548.0,421.8
2026-08-16 18:30:00,744.1,337.0,1034.9,1167.4,743.3,220.7,51.8,36.3,221.1,98.2,205.2,1616.1,3185.3,3927.0,1347.9,1566.7,121.9,35.9,1472.9,2047.2,510.4,872.4,5127.5,4668.5,2485.2,823.4,4379.8,5579.1,2494.1,2348.5,1528.9,3239.7,1120.8,3354.5,993.9,1242.3,1280.3,5807.9,7305.2,4829.7,1568.9,386.7
2026-08-16 18:45:00,750.1,327.8,1061.4,1212.0,744.7,203.8,51.9,36.0,251.4,92.7,201.7,1592.4,2527.8,4264.2,1290.2,1428.9,123.9,35.8,1481.5,2056.5,507.5,870.4,5107.4,4654.4,2494.7,822.9,4388.2,5655.0,2497.2,2310.2,1536.7,3239.9,1116.2,3362.1,982.9,1253.2,1281.0,5815.1,7351.8,4891.2,1579.0,361.6
2026-08-16 19:00:00,748.7,311.9,1034.2,1332.7,779.6,372.2,44.2,15.8,264.0,85.1,262.8,1609.2,3280.7,3523.9,1300.2,1408.7,154.7,40.9,1509.7,1995.7,511.0,855.8,5099.3,4624.0,2490.4,778.7,4392.8,5708.8,2508.6,2265.6,1502.7,3235.2,1125.3,3373.9,983.0,1259.3,1278.6,5922.5,7425.8,4983.1,1592.4,332.4
2026-08-16 19:15:00,747.2,303.3,1057.6,1382.6,770.1,365.5,44.3,15.7,289.7,77.9,253.0,1594.6,2640.8,3755.8,1216.2,1254.3,154.9,20.0,1475.7,1953.3,508.4,849.6,5083.4,4695.6,2496.8,778.4,4405.0,5725.7,2512.4,2264.7,1505.7,3235.4,1126.0,3379.7,978.9,1276.7,1276.5,5958.5,7494.9,4888.9,1603.1,315.5
2026-08-16 19:30:00,768.4,310.9,1081.2,1403.7,764.3,386.5,44.1,15.4,312.4,70.6,252.2,1580.9,2251.0,3769.0,910.0,939.3,154.9,19.3,1468.6,1914.9,502.1,843.5,5053.4,4544.4,2496.0,777.8,4418.9,5739.8,2510.3,2259.3,1513.6,3235.9,1125.5,3380.4,963.2,1302.8,1278.3,5917.0,7476.6,4990.3,1609.8,298.3
2026-08-16 19:45:00,767.4,307.8,1100.7,1393.5,762.2,398.8,44.1,15.3,326.8,68.2,256.6,1568.8,2218.9,3775.7,967.5,985.6,154.9,38.6,1472.7,1930.1,492.1,838.0,5023.9,4478.9,2497.7,777.4,4422.9,5747.9,2513.5,2243.8,1528.6,3237.1,1122.9,3388.3,965.2,1328.4,1276.0,5923.5,7476.0,5041.0,1610.1,287.6
2026-08-16 20:00:00,763.4,310.8,1105.2,1409.2,761.8,392.3,41.7,9.3,306.5,56.6,302.4,1500.1,2232.3,3219.7,1238.0,1163.6,151.2,18.1,1559.5,1909.7,496.8,827.5,4916.6,4605.2,2506.8,767.8,4308.3,5798.4,2515.5,2163.1,1540.2,3234.8,1123.4,3452.7,966.1,1229.5,1266.2,5696.2,7527.1,5199.8,1645.0,268.1
2026-08-16 20:15:00,772.0,302.5,1107.6,1408.7,763.6,392.0,41.3,9.4,317.5,56.2,276.1,1495.6,2206.4,3531.2,1247.9,1148.0,172.1,18.1,1547.9,1857.9,488.1,823.0,4880.7,4519.2,2514.0,767.3,4310.0,5805.9,2517.9,2148.0,1545.9,3235.1,1121.5,3462.5,953.8,1259.1,1264.9,5697.9,7522.9,5200.3,1644.6,263.5
2026-08-16 20:30:00,771.2,302.1,1115.1,1429.4,760.6,390.6,40.8,9.4,322.1,54.1,269.1,1506.8,2212.0,3543.1,1250.2,1167.0,151.0,18.1,1546.6,1833.4,480.1,824.4,4845.2,4484.3,2504.5,767.3,4310.5,5800.0,2515.5,2145.8,1571.3,3234.0,1122.9,3460.4,956.2,1287.9,1266.5,5686.9,7514.9,5172.0,1647.5,257.8
2026-08-16 20:45:00,769.5,302.1,1116.3,1418.9,757.3,387.8,40.5,9.4,326.3,54.5,252.9,1500.0,2190.2,3491.7,1253.7,1191.1,100.0,18.1,1569.7,1837.1,480.7,825.2,4814.0,4494.7,2507.7,767.1,4310.8,5802.7,2517.5,2144.5,1566.9,3232.2,1122.6,3462.5,958.1,1316.0,1266.5,5569.8,7507.9,5178.7,1646.6,252.5
2026-08-16 21:00:00,774.1,309.6,1120.5,1393.1,748.2,291.1,38.0,9.4,327.3,50.6,224.2,1476.8,2287.2,3308.6,1235.3,1194.3,185.7,18.4,1467.2,1798.2,464.6,814.5,4897.3,4545.3,2508.2,796.0,4349.4,5755.1,2519.8,2118.8,1571.5,3223.5,1123.0,3509.5,957.6,1331.7,1326.8,5528.0,7462.1,5178.6,1649.0,288.1
2026-08-16 21:15:00,765.8,313.8,1098.2,1373.8,753.5,287.8,37.8,9.4,327.0,50.6,215.4,1490.0,2227.9,3448.4,1239.9,1189.8,186.4,18.4,1463.6,1761.0,469.2,811.6,4934.1,4538.8,2507.3,797.7,4342.8,5746.7,2528.4,2117.6,1578.4,3222.2,1118.3,3508.9,963.2,1358.6,1330.6,5547.2,7421.5,5122.8,1640.5,289.3
2026-08-16 21:30:00,757.1,290.0,1071.8,1361.3,746.8,269.4,37.9,9.4,328.6,50.7,211.0,1501.4,2224.9,3409.8,1274.2,1181.1,167.2,18.4,1463.3,1747.9,470.0,805.1,4975.5,4519.3,2501.5,798.5,4348.4,5750.9,2534.3,2116.3,1579.4,3221.2,1121.0,3512.3,953.8,1385.9,1329.3,5565.6,7387.1,5063.9,1638.4,293.3
2026-08-16 21:45:00,749.1,289.5,1046.6,1321.0,748.7,260.0,37.6,9.4,330.0,50.6,202.5,1504.3,2208.1,3383.3,1278.3,1164.3,166.2,18.4,1486.5,1724.8,473.2,802.4,4966.1,4486.6,2496.4,799.3,4341.7,5737.5,2529.1,2116.6,1583.4,3173.6,1119.5,3507.6,945.9,1408.0,1326.3,5549.8,7387.7,5050.5,1629.9,299.6
2026-08-16 22:00:00,729.9,289.2,1004.3,1391.1,697.5,163.0,36.7,7.4,344.5,46.4,180.8,1486.2,2037.2,3218.8,1229.8,1269.1,116.5,21.5,1430.5,1722.8,453.7,823.5,4933.7,4581.6,2470.1,842.5,4339.1,5624.2,2519.5,2082.5,1559.5,3202.8,1118.5,3537.9,941.4,1297.6,1322.0,5285.5,7187.5,4919.7,1574.5,261.3
2026-08-16 22:15:00,726.7,292.2,976.7,1361.8,694.5,156.7,36.8,7.4,342.2,46.4,171.7,1498.0,2043.3,3132.2,1225.6,1238.7,114.3,21.5,1406.3,1697.6,452.8,822.4,4872.6,4542.2,2453.0,821.4,4329.6,5615.3,2525.2,2083.6,1570.4,3203.7,1112.8,3536.2,933.1,1319.6,1315.2,5241.6,7143.9,4855.5,1557.9,267.9
2026-08-16 22:30:00,710.1,294.9,953.7,1155.5,677.4,157.6,36.9,7.4,344.1,46.5,186.1,1466.1,2036.1,3230.2,1252.2,1244.2,114.3,41.6,1404.7,1696.9,451.1,819.6,4806.1,4559.5,2424.2,824.1,4323.9,5590.9,2511.1,2081.8,1564.8,3204.9,1110.0,3511.8,927.9,1344.2,1308.2,5056.9,7060.7,4867.0,1540.4,276.9
2026-08-16 22:45:00,698.5,289.5,932.6,1079.7,687.4,158.2,37.3,7.4,340.1,46.5,179.1,1471.4,2042.9,2903.3,1235.5,1240.1,114.3,41.7,1395.2,1728.9,448.9,819.2,4771.6,4575.5,2399.2,827.9,4316.5,5561.3,2510.0,2093.9,1563.4,3100.6,1105.7,3491.7,925.6,1369.2,1298.7,5012.6,6979.7,4807.9,1521.6,283.3
2026-08-16 23:00:00,689.4,281.4,898.7,917.5,631.9,164.3,38.7,33.9,326.3,46.8,178.3,1456.9,1850.4,2848.4,1156.0,1146.4,86.8,21.3,1367.3,1649.8,436.7,815.3,4712.4,4497.0,2316.6,860.0,4435.7,5428.9,2520.7,2073.0,1539.5,3217.2,1098.2,3500.0,913.8,1356.7,1288.4,4808.1,6922.3,4862.9,1527.1,278.1
2026-08-16 23:15:00,677.3,269.3,884.2,875.0,628.3,162.6,40.5,33.9,325.6,46.9,169.1,1475.8,1839.2,2857.2,1127.3,1127.2,86.9,21.2,1337.0,1639.0,434.8,811.1,4707.8,4482.1,2282.4,862.9,4425.2,5395.6,2517.6,2076.3,1534.2,3200.4,1089.8,3471.5,916.5,1354.8,1282.1,4757.8,6867.3,4840.5,1517.3,269.2
2026-08-16 23:30:00,668.0,256.0,867.3,846.4,620.7,160.6,40.9,33.9,319.9,47.0,166.3,1469.0,1834.6,2942.0,1133.2,1120.9,87.0,41.2,1333.2,1648.1,433.7,806.0,4680.5,4519.5,2255.3,835.0,4417.5,5383.2,2503.1,2076.4,1533.8,3132.6,1079.5,3457.2,913.5,1306.2,1274.0,4716.4,6815.9,4822.9,1506.4,269.0
2026-08-16 23:45:00,655.4,247.4,855.9,839.5,648.1,158.7,41.3,33.9,312.1,47.0,160.4,1477.2,2184.7,2893.7,1103.2,1119.7,87.1,47.9,1329.4,1685.7,432.2,806.7,4650.1,4554.5,2214.4,837.7,4393.0,5316.0,2504.0,2089.5,1527.4,3047.5,1072.6,3441.9,915.8,1309.8,1267.3,4622.7,6753.4,4818.4,1485.8,273.9
2026-08-17 00:00:00,644.4,368.9,885.3,736.2,647.6,74.4,47.0,54.7,311.6,11.4,173.4,1477.4,3141.1,2846.1,941.9,1524.9,55.2,60.0,1047.1,1439.2,406.7,547.3,4626.4,4638.0,2168.6,943.8,4154.1,5242.0,2374.7,2056.2,1509.8,2909.3,981.2,3341.6,872.1,1211.3,1298.8,4472.5,6695.2,4774.7,1398.8,227.6
2026-08-17 00:15:00,637.0,372.2,881.6,703.7,641.4,72.9,48.2,54.6,311.6,9.5,169.6,1475.0,3150.0,2685.3,969.6,1574.0,55.7,59.4,1047.5,1428.7,404.2,547.2,4616.5,4654.3,2140.4,939.4,4140.0,5212.6,2369.7,2057.6,1497.0,2778.1,973.5,3320.0,864.6,1237.7,1295.4,4480.9,6668.0,4777.8,1395.2,221.5
2026-08-17 00:30:00,621.0,384.8,1094.9,722.1,607.9,71.1,48.4,54.7,305.1,8.9,146.6,1467.7,3152.9,2684.7,968.0,1581.8,55.6,58.7,1046.7,1429.5,399.6,544.2,4646.1,4645.4,2111.5,940.0,4120.9,5201.5,2358.4,2058.3,1494.9,3041.7,969.5,3271.7,862.1,1264.4,1290.7,4267.6,6580.8,4786.1,1388.1,218.3
2026-08-17 00:45:00,616.5,388.4,1089.5,716.1,605.7,69.5,48.7,54.6,303.4,8.9,137.3,1460.1,3146.8,2773.8,934.0,1543.1,56.5,39.0,1059.4,1427.9,399.7,535.3,4635.7,4658.9,2083.7,942.6,4108.6,5169.9,2350.3,2061.2,1495.9,2986.7,960.2,3245.4,858.2,1290.6,1284.1,4215.8,6582.3,4793.8,1383.3,207.1
2026-08-17 01:00:00,620.9,399.2,889.5,713.4,632.4,67.5,49.4,29.9,297.2,4.6,178.3,1454.6,3043.2,2825.5,922.2,1578.0,56.3,55.9,1036.4,1437.8,400.7,524.2,4589.4,4636.1,2027.0,944.4,3908.6,5116.1,2329.5,2020.8,1471.0,2876.4,950.5,3214.7,855.6,1318.0,1276.7,4289.5,6611.0,4876.8,1381.3,192.1
2026-08-17 01:15:00,612.1,395.5,880.1,706.2,626.2,64.7,50.0,30.0,297.3,3.5,171.4,1453.1,3016.7,2816.4,901.5,1563.2,57.3,37.8,1033.1,1441.3,401.2,518.4,4573.4,4644.0,2006.2,948.5,3900.5,5094.6,2326.6,2023.0,1466.8,2847.6,946.1,3197.2,854.6,1338.4,1273.0,4231.4,6617.2,4880.3,1381.1,185.2
2026-08-17 01:30:00,611.1,397.0,869.8,697.8,622.4,59.5,50.3,29.9,300.3,4.7,170.1,1453.3,3028.3,2811.8,882.8,1559.5,59.0,58.4,1031.3,1444.8,401.6,513.6,4556.4,4644.0,1991.4,952.6,3895.6,5080.4,2323.6,2023.7,1465.3,2850.0,940.5,3180.5,853.6,1351.9,1267.5,4174.5,6590.9,4850.9,1372.0,179.5
2026-08-17 01:45:00,616.2,383.8,857.0,690.8,621.9,56.6,50.2,29.9,299.3,3.5,165.6,1450.4,3033.2,2790.7,872.4,1551.0,59.3,59.7,1038.1,1444.5,408.6,509.1,4543.7,4647.2,1970.0,945.3,3890.4,5067.3,2317.8,2026.9,1467.9,2844.4,937.2,3166.4,854.5,1360.4,1265.0,4119.8,6592.3,4881.6,1367.3,174.3
2026-08-17 02:00:00,607.0,401.4,850.8,724.2,619.9,54.5,56.1,9.9,318.0,1.0,235.4,1466.0,3043.2,2785.2,838.7,1499.1,34.8,60.7,1014.6,1424.5,400.9,505.7,4578.7,4658.6,1938.5,944.2,3958.2,5047.6,2302.1,2028.9,1446.0,2838.6,914.9,3108.4,856.3,1369.4,1265.2,4183.1,6602.4,4816.7,1373.2,168.9
2026-08-17 02:15:00,609.2,390.9,851.6,711.9,616.8,53.3,55.6,9.9,340.4,1.0,233.0,1464.6,3024.4,2779.1,850.1,1518.3,35.0,39.7,1027.3,1424.6,408.5,501.5,4574.0,4650.6,1926.1,947.5,3952.7,5032.5,2301.0,2032.0,1444.5,2845.8,912.3,3096.1,856.7,1369.9,1264.9,4190.1,6567.9,4817.5,1364.8,164.8
2026-08-17 02:30:00,604.0,391.1,850.4,703.6,614.4,52.3,55.4,9.9,342.5,1.1,226.6,1474.2,3047.1,2767.7,844.6,1514.1,37.4,38.6,1029.4,1427.7,410.3,496.9,4571.5,4657.1,1914.2,950.9,3952.8,4918.5,2300.0,2034.1,1444.1,2836.1,911.6,3084.9,859.5,1377.0,1264.8,4112.5,6567.2,4813.9,1362.6,159.9
2026-08-17 02:45:00,601.5,390.9,853.4,694.0,614.0,51.2,55.3,9.9,344.7,1.0,224.8,1469.5,3059.7,2761.0,845.7,1516.3,38.4,38.2,1028.2,1430.3,409.5,492.2,4563.9,4700.8,1901.8,945.4,3943.7,4844.6,2299.6,2034.7,1443.9,2842.8,909.9,3077.3,856.0,1390.4,1268.0,4028.2,6549.9,4813.5,1360.4,155.8
2026-08-17 03:00:00,606.5,380.5,851.2,705.9,593.2,50.0,43.6,20.4,346.4,1.0,221.7,1485.1,3046.6,2769.9,856.8,1473.1,36.7,55.6,1014.2,1426.7,399.7,486.5,4586.1,4749.8,1883.6,915.6,3915.6,4974.6,2278.9,2046.8,1435.7,2751.1,906.5,3100.1,855.6,1390.9,1270.8,4078.0,6405.1,4680.5,1355.1,144.2
2026-08-17 03:15:00,644.4,219.4,857.0,722.7,558.6,49.2,43.5,20.4,340.5,1.0,221.0,1486.9,3099.3,2760.5,847.9,1474.5,36.7,55.8,1009.7,1429.3,400.1,480.3,4584.1,4758.0,1876.7,920.5,3911.1,4985.9,2279.2,2044.3,1437.6,2966.3,905.2,3070.9,855.3,1397.2,1272.2,3843.3,6335.4,4740.6,1350.4,154.4
2026-08-17 03:30:00,611.5,385.5,862.4,681.3,594.9,48.3,43.4,20.4,345.0,1.0,219.0,1484.8,3165.0,2685.4,822.4,1458.2,58.9,55.9,1005.5,1437.0,398.2,474.5,4580.8,4768.9,1873.8,911.1,3908.0,4861.3,2278.6,2047.1,1435.2,2768.1,904.7,3081.8,856.1,1411.2,1272.0,3997.4,6380.8,4694.7,1367.8,150.5
2026-08-17 03:45:00,609.6,379.6,869.1,667.7,594.9,46.0,43.3,20.5,347.0,1.5,217.9,1488.5,3197.9,2709.5,809.6,1460.9,60.6,37.8,998.8,1446.7,393.5,469.2,4579.7,4774.4,1870.0,910.6,3908.7,4939.8,2279.1,2049.5,1433.7,2819.3,904.4,3073.7,852.3,1419.3,1269.9,3909.1,6351.7,4700.9,1375.7,149.2
2026-08-17 04:00:00,611.1,393.5,862.5,581.2,607.5,62.3,41.3,19.9,352.8,1.0,201.6,1487.8,3149.0,2676.6,803.2,1440.5,73.2,54.1,985.5,1454.8,399.1,461.9,4571.7,4836.5,1870.6,904.6,3956.7,4906.0,2279.0,2047.8,1440.1,2619.6,906.8,3102.7,853.0,1429.9,1269.8,4014.1,6356.6,4673.8,1392.3,147.4
2026-08-17 04:15:00,613.6,389.6,878.4,571.2,610.6,61.0,41.1,19.9,354.8,1.0,201.2,1487.1,3140.9,2668.8,814.0,1433.9,74.2,36.0,990.4,1464.0,399.7,462.1,4590.6,4840.7,1878.9,905.1,3965.8,4864.8,2280.7,2048.4,1439.3,2718.2,909.1,3091.0,855.7,1438.9,1267.2,3959.6,6350.0,4680.7,1404.4,146.0
2026-08-17 04:30:00,612.1,401.0,897.5,561.7,619.9,59.9,40.9,19.9,354.4,1.0,200.9,1487.5,3072.8,2709.3,761.0,1427.0,73.5,36.0,984.6,1476.4,394.5,461.0,4628.4,4839.9,1879.6,903.6,3968.8,4959.9,2281.9,2048.9,1438.2,2819.0,907.2,3082.1,858.0,1448.3,1268.5,3920.0,6334.1,4687.5,1408.4,144.8
2026-08-17 04:45:00,612.2,397.6,928.7,563.8,605.8,59.0,40.7,19.9,361.0,1.0,200.8,1492.4,3048.6,2712.5,744.7,1424.5,72.9,56.3,979.2,1503.7,388.4,461.0,4667.3,4844.3,1885.1,904.1,3970.1,5037.6,2281.6,2046.4,1439.7,2974.4,907.4,3077.7,858.8,1453.2,1269.9,3833.2,6319.7,4710.9,1421.6,147.6
2026-08-17 05:00:00,671.9,219.3,952.5,674.2,605.4,71.3,38.4,35.9,357.9,2.5,178.8,1464.2,3089.0,2729.6,787.5,1460.4,59.0,40.6,1033.3,1537.0,372.2,463.3,4862.5,4791.2,1896.8,919.2,3959.8,4946.7,2287.6,1988.7,1458.1,3036.5,915.3,3128.9,865.4,1503.0,1277.9,3984.4,6363.9,4864.0,1412.2,170.5
2026-08-17 05:15:00,670.5,243.5,986.0,706.0,616.6,75.1,37.9,35.9,365.7,2.5,178.2,1475.2,3043.6,2731.9,798.2,1462.1,59.1,41.2,1038.0,1547.1,369.1,466.2,4904.4,4785.2,1923.0,919.8,3969.1,4963.6,2296.4,2011.6,1462.0,3079.9,919.7,3136.0,870.6,1510.1,1290.0,4116.7,6425.4,4857.7,1442.5,164.3
2026-08-17 05:30:00,680.6,221.8,1008.5,747.7,623.2,96.4,37.4,35.9,345.8,3.7,183.0,1480.0,3041.4,2825.7,761.6,1466.6,62.5,59.7,1038.1,1562.7,371.3,462.1,4853.0,4794.5,1946.2,919.5,3984.6,4993.4,2301.3,1983.2,1464.6,3056.3,924.8,3166.1,875.0,1518.7,1300.8,4147.5,6490.2,5003.0,1474.0,161.6
2026-08-17 05:45:00,665.4,431.0,1031.2,695.3,639.5,103.9,37.0,35.9,359.6,5.9,187.2,1488.2,3052.0,2844.0,755.0,1489.0,59.3,59.4,1031.8,1575.4,374.3,477.8,4866.7,4798.3,1984.3,918.2,3997.4,5024.0,2309.4,2000.1,1471.3,3085.8,932.7,3185.8,881.0,1528.1,1312.9,4218.5,6583.2,4917.4,1513.7,159.6
2026-08-17 06:00:00,724.6,476.4,1034.4,842.6,670.9,111.8,34.8,58.9,367.8,11.3,189.5,1449.7,3384.3,2842.7,838.5,1449.6,64.0,59.3,1005.3,1564.8,404.5,461.0,5173.1,4822.3,2108.4,943.7,4203.2,5123.4,2358.3,1955.9,1524.5,3146.5,965.0,3308.3,902.0,1564.3,1654.4,5108.4,6901.3,5021.5,1623.7,154.8
2026-08-17 06:15:00,725.6,514.1,1049.2,831.8,683.2,144.1,34.1,59.1,377.4,12.5,192.3,1449.0,3395.9,3091.7,861.8,1460.6,45.3,59.4,1014.2,1567.8,410.9,464.1,5189.8,4806.7,2172.5,945.3,4225.8,5186.7,2384.3,1931.3,1528.6,3127.8,975.5,3369.7,906.8,1648.3,1673.0,5129.0,6970.9,5135.9,1677.0,152.6
2026-08-17 06:30:00,727.4,541.4,1038.9,869.2,696.8,189.0,33.2,59.3,389.6,12.2,196.3,1455.1,3085.0,3335.3,837.8,1457.1,29.8,46.2,1027.4,1564.9,414.6,459.1,5219.4,4781.8,2229.8,950.7,4264.0,5257.4,2407.9,1917.5,1538.7,3142.8,994.3,3428.6,916.7,1657.6,1693.5,5284.7,7104.7,5197.7,1729.9,147.8
2026-08-17 06:45:00,723.7,562.7,1026.4,858.5,715.0,228.1,32.0,59.5,405.4,13.2,200.8,1457.9,3111.4,3506.6,848.2,1467.7,28.4,47.7,1029.8,1578.9,417.0,461.1,5253.1,4836.5,2298.6,954.1,4291.7,5359.3,2432.3,1904.4,1545.6,3142.2,1007.3,3514.0,927.5,1667.9,1714.5,5284.5,7219.3,5246.5,1777.4,147.2
2026-08-17 07:00:00,759.1,598.1,1012.6,722.4,740.9,506.4,29.7,30.3,457.8,4.5,181.2,1448.2,2856.7,3245.1,887.0,1493.4,11.3,74.2,1218.5,1634.9,456.6,429.6,5397.2,4824.1,2460.5,1033.8,4627.7,5614.8,2538.5,1885.1,1616.7,3209.0,1061.1,3732.7,957.1,1710.8,1726.9,5558.4,7516.9,5310.5,1889.7,203.3
2026-08-17 07:15:00,760.1,618.1,991.6,726.6,761.4,550.6,29.0,30.6,472.4,53.0,186.3,1455.8,2836.1,3284.0,904.4,1503.0,59.1,66.6,1230.3,1644.0,458.4,429.0,5393.8,4917.2,2516.6,1042.7,4647.1,5690.7,2561.5,1881.7,1625.2,3214.1,1077.7,3803.9,966.9,1720.0,1734.9,5535.1,7600.8,5294.4,1922.4,195.6
2026-08-17 07:30:00,757.7,613.7,948.9,687.9,776.4,592.8,28.9,30.7,484.7,53.1,199.6,1461.7,2881.2,3533.1,934.7,1485.0,46.0,75.6,1231.5,1675.8,456.0,428.2,5421.2,4981.6,2552.5,1036.9,4660.2,5719.3,2571.3,1904.5,1632.2,3216.5,1081.6,3816.8,971.1,1722.5,1744.9,5524.7,7663.4,5336.2,1943.5,221.8
2026-08-17 07:45:00,738.7,577.7,900.2,688.3,782.7,642.6,29.1,32.2,492.6,54.5,205.3,1453.7,2902.2,3610.9,949.2,1479.6,55.3,66.6,1259.5,1712.1,454.7,434.0,5439.9,5060.2,2589.7,1034.5,4660.3,5809.5,2588.5,1894.8,1642.2,3228.3,1086.6,3906.7,978.0,1718.0,1755.0,5519.0,7737.4,5263.6,1974.8,176.0
2026-08-17 08:00:00,739.3,603.3,872.1,641.5,783.5,683.0,24.7,55.2,489.5,54.1,217.5,1407.3,2785.1,3737.2,1308.0,1579.5,53.7,84.0,1293.4,1754.7,450.2,427.5,5464.0,5087.2,2653.9,1075.2,4607.0,5961.3,2626.7,2333.4,1708.7,2628.0,1100.1,3871.4,974.4,1692.4,1788.4,5687.2,7795.8,5367.8,2005.1,240.0
2026-08-17 08:15:00,738.1,597.1,828.9,661.4,778.7,720.0,23.4,56.9,491.2,56.6,225.2,1428.4,3352.5,3493.5,1306.6,1573.5,57.7,82.3,1264.7,1798.7,444.7,430.3,5477.1,5111.9,2678.6,1074.4,4593.1,5946.7,2636.8,2325.3,1711.0,2621.4,1101.8,3880.0,972.5,1687.4,1789.5,5706.0,7804.1,5334.7,2013.2,189.5
2026-08-17 08:30:00,728.5,570.5,792.2,679.8,778.6,753.8,26.4,57.2,492.0,63.2,225.3,1454.1,3661.1,3367.3,1322.2,1643.2,71.6,80.6,1246.9,1845.8,440.7,442.9,5528.9,5139.1,2692.9,1072.5,4591.5,5905.2,2637.1,2323.1,1714.3,2621.6,1106.5,3853.7,973.0,1686.3,1790.3,5718.9,7800.3,5316.1,2005.9,194.5
2026-08-17 08:45:00,731.0,581.8,752.2,707.6,768.5,769.2,30.3,57.5,486.9,63.4,230.7,1453.4,3664.7,3315.1,1505.9,1881.3,75.7,78.9,1244.8,1894.1,435.4,443.8,5523.9,5147.1,2711.4,1071.7,4597.2,5878.0,2646.8,2319.2,1717.3,2629.2,1113.2,3837.3,984.4,1685.9,1787.3,5727.3,7803.2,5299.6,2010.4,199.3
2026-08-17 09:00:00,735.2,582.2,727.8,728.2,751.1,691.0,42.4,55.5,470.8,59.8,251.2,1473.5,3831.9,3615.4,1596.7,2067.2,63.6,94.7,1160.2,1977.7,463.2,471.9,5494.3,5060.1,2752.4,1061.3,4600.4,5818.9,2628.4,2180.9,1730.1,2822.3,1120.9,3638.3,999.2,1710.8,1781.5,5700.8,7764.8,5275.6,1991.9,250.8
2026-08-17 09:15:00,720.1,588.1,703.0,750.1,748.9,712.8,46.8,55.9,457.1,11.6,256.0,1489.1,3954.0,3589.3,1556.1,2096.5,62.1,95.5,1122.9,1956.7,463.1,471.3,5493.6,5058.6,2758.3,1059.9,4591.0,5763.0,2623.6,2170.6,1738.2,2812.9,1114.9,3599.7,1003.2,1715.6,1783.2,5685.5,7760.6,5288.5,1987.2,253.1
2026-08-17 09:30:00,716.3,609.0,680.2,762.2,746.2,726.2,49.8,56.2,443.4,9.3,247.1,1504.0,4206.6,3494.0,1544.3,2118.2,17.3,139.6,1123.8,1985.4,463.1,485.7,5494.3,5057.4,2767.2,1047.2,4581.7,5748.5,2619.5,2165.6,1733.3,2788.5,1116.8,3596.5,1003.7,1723.1,1779.2,5671.9,7761.0,5258.7,1979.3,257.5
2026-08-17 09:45:00,711.0,567.7,665.2,827.6,744.2,763.9,50.9,56.7,435.1,6.3,242.9,1515.5,4400.7,3483.5,1506.6,2158.1,16.7,149.5,1170.9,2034.7,464.2,485.5,5497.3,4962.2,2775.8,1058.3,4568.6,5743.4,2626.5,2152.2,1738.1,2867.9,1112.0,3597.0,1018.2,1637.6,1787.1,5611.8,7754.8,5299.7,1984.3,265.1
2026-08-17 10:00:00,705.7,620.4,655.1,1040.0,746.0,761.5,81.0,49.3,438.9,18.1,418.0,1573.3,4343.5,3775.9,1424.9,2074.0,46.0,199.5,1149.1,2123.5,466.4,475.3,5611.1,5030.4,2783.2,1006.4,4337.1,6117.7,2606.1,1987.0,1739.8,2833.5,1100.8,3528.9,1001.0,1677.5,1780.4,5482.2,7767.8,5181.0,2011.5,199.2
2026-08-17 10:15:00,693.1,627.7,648.8,1076.3,745.7,763.8,82.0,49.4,424.3,21.4,416.9,1588.8,4432.0,3836.4,1379.1,2083.4,45.7,199.4,1160.0,2057.3,467.5,482.7,5595.1,5024.5,2788.9,1005.6,4331.2,6033.6,2614.6,1990.7,1742.6,2808.6,1100.7,3473.0,997.2,1708.3,1779.2,5449.8,7733.3,5178.3,2000.4,196.8
2026-08-17 10:30:00,694.6,637.2,641.7,1089.5,748.5,749.7,82.7,49.5,412.9,24.2,418.8,1607.9,4447.2,3877.3,1378.3,2119.8,45.3,174.3,1182.5,2081.8,471.6,495.7,5581.9,5040.3,2782.5,1001.4,4332.8,5468.8,2612.1,1993.4,1739.2,2803.1,1095.1,3446.9,996.0,1745.0,1780.7,5420.1,7725.5,5150.7,1995.7,203.7
2026-08-17 10:45:00,686.8,644.4,640.5,1088.8,749.9,750.6,78.8,49.5,399.7,26.8,421.8,1624.1,4455.6,3976.3,1348.3,2135.4,45.0,174.2,1270.3,2099.1,470.1,504.4,5581.0,5053.1,2789.1,953.0,4321.0,4839.7,2617.6,1998.5,1738.8,2809.5,1088.2,3439.4,1002.9,1700.2,1774.8,5399.5,7713.4,5156.6,1979.8,206.9
2026-08-17 11:00:00,684.2,648.9,840.8,1168.1,740.8,620.8,86.6,6.3,335.7,50.1,448.3,1718.6,4495.8,4000.2,1317.9,2136.1,0.0,201.4,1214.0,2127.2,468.1,553.0,5578.1,5022.8,2798.3,940.4,4489.9,5557.1,2609.1,2029.3,1734.1,2779.4,861.0,3186.8,1003.4,1768.9,1764.3,5331.6,7705.1,5154.1,1957.5,218.0
2026-08-17 11:15:00,678.3,662.4,828.6,1190.0,740.5,615.4,88.7,6.4,313.0,52.9,448.0,1734.1,4761.7,4183.2,1302.4,2154.2,0.0,202.0,1206.8,2120.6,464.8,562.2,5573.4,5032.3,2799.3,938.3,4487.3,4974.5,2608.6,2020.8,1736.1,2793.5,929.4,3237.7,1005.8,1765.2,1759.4,5312.2,7692.8,5160.6,1944.8,221.8
2026-08-17 11:30:00,686.0,657.8,821.7,1201.9,746.2,597.6,83.8,6.5,300.6,55.8,460.5,1753.5,4804.7,4297.9,1292.8,2170.9,0.0,201.8,1215.1,2140.4,462.0,566.3,5569.9,5032.2,2786.5,936.3,4482.7,4313.7,2604.9,2022.6,1734.7,2791.9,1085.1,3361.8,1005.7,1764.2,1757.3,5294.1,7673.3,5139.5,1931.6,226.0
2026-08-17 11:45:00,689.7,661.2,813.1,1219.7,750.1,585.8,85.4,6.7,284.9,58.2,456.1,1759.2,4819.1,4320.4,1279.4,2188.9,0.0,201.1,1231.7,2153.0,458.0,569.7,5558.1,5059.1,2788.9,928.5,4483.0,3997.1,2608.9,2034.6,1736.0,2791.8,1085.4,3344.6,1004.9,1764.2,1755.9,5273.6,7666.4,5066.5,1915.5,230.0
2026-08-17 12:00:00,719.7,637.2,800.3,1204.0,751.9,565.7,110.1,6.8,264.3,51.9,313.2,1783.6,4653.0,4452.8,1364.8,2180.6,0.0,202.9,1312.6,2203.8,457.1,565.0,5508.7,4974.5,2791.3,919.8,4356.9,3585.3,2602.4,1982.1,1730.5,2848.4,1043.8,3450.7,1015.1,1677.5,1440.3,5133.1,7654.8,5063.6,1868.2,237.3
2026-08-17 12:15:00,717.0,637.6,805.1,1208.4,756.3,554.6,109.2,6.8,248.7,56.7,298.8,1792.1,5369.1,4972.6,1352.0,2190.8,0.0,200.0,1311.4,2203.9,453.1,566.1,5496.2,4971.9,2785.7,918.6,4356.2,3509.9,2602.9,1984.7,1729.9,2835.4,1048.3,3447.4,1014.5,1676.9,1444.1,5113.1,7671.7,5054.7,1855.1,240.1
2026-08-17 12:30:00,712.8,637.2,802.9,1221.0,756.9,538.3,112.6,6.8,248.1,62.6,308.1,1806.1,5919.6,4953.4,1384.5,2271.1,0.0,199.0,1305.6,2226.6,451.0,571.2,5541.4,5003.2,2781.8,913.9,4356.9,3481.5,2597.8,1986.0,1730.0,2829.6,1049.5,3441.4,1014.9,1676.4,1443.6,5089.7,7653.7,5061.8,1839.8,243.6
2026-08-17 12:45:00,709.0,638.9,802.0,1239.1,760.9,534.0,117.6,6.9,257.0,59.8,297.8,1816.3,5977.2,4362.6,1367.8,2254.3,0.0,210.3,1346.5,2247.7,442.9,518.3,5523.2,4996.7,2784.4,821.2,4404.9,3316.7,2600.0,1987.0,1735.6,2835.4,1059.4,3474.7,1013.8,1675.6,1444.3,5067.3,7677.3,5051.9,1834.9,247.0
2026-08-17 13:00:00,738.8,636.1,837.7,1264.6,777.9,511.0,104.2,6.9,279.5,68.8,324.6,1865.3,5821.4,4169.0,1266.5,2274.0,0.0,169.2,1310.5,2381.3,440.4,589.7,5513.6,4982.3,2768.3,926.3,4361.1,3579.8,2589.7,2094.1,1668.1,2655.9,1037.2,3308.8,1005.1,1803.5,1443.1,5007.0,7753.4,5180.5,1864.8,256.2
2026-08-17 13:15:00,730.3,631.3,844.2,1268.6,776.9,491.9,106.8,6.7,315.8,72.9,319.8,1885.4,5874.4,4269.2,1259.0,2256.0,0.0,164.0,1311.2,2562.1,441.7,598.2,5499.6,5016.0,2776.9,927.2,4357.5,3578.3,2594.3,2095.4,1672.6,2664.7,1050.0,3327.2,1006.1,1800.7,1443.8,4982.9,7780.6,5181.6,1865.9,258.1
2026-08-17 13:30:00,730.9,621.9,857.9,1075.1,779.8,475.2,105.1,6.3,318.2,68.2,323.5,1884.3,5868.9,4359.6,1245.1,2273.5,0.0,164.2,1307.6,2586.9,442.9,598.9,5490.6,5029.6,2768.4,826.1,4411.6,3369.0,2589.5,2096.0,1681.0,2674.0,1062.9,3357.8,1006.1,1798.1,1440.4,4956.0,7777.8,5170.5,1861.0,259.9
2026-08-17 13:45:00,729.9,614.5,866.5,1080.3,777.4,457.4,101.5,6.0,316.1,62.6,340.7,1902.5,5914.2,4393.4,1231.8,2223.9,0.0,163.9,1312.3,2610.6,475.9,329.4,5483.0,5065.4,2763.2,826.0,4412.8,3327.4,2593.3,2098.1,1689.2,2683.1,1045.7,3336.5,1011.8,1793.3,1440.7,4935.7,7765.7,5158.4,1854.6,258.5
2026-08-17 14:00:00,748.1,602.4,863.8,1080.1,768.4,426.5,101.5,7.6,316.9,76.1,372.4,1960.8,5735.9,4405.6,1277.0,2286.0,0.0,162.8,1388.5,2738.9,447.3,353.7,5476.8,5111.6,2749.9,829.6,4403.2,3407.2,2597.8,2156.4,1696.7,2643.2,1037.3,3179.5,1000.8,1788.2,1440.9,5030.8,7848.4,5156.0,1800.5,268.9
2026-08-17 14:15:00,736.8,594.9,881.0,1082.1,776.8,407.8,98.9,7.4,313.5,74.7,368.3,1967.5,5770.6,4238.2,1271.0,2261.2,0.0,164.3,1361.3,2759.4,450.4,355.6,5471.8,5140.1,2750.9,834.4,4413.8,3320.6,2598.1,2143.8,1704.1,2657.0,1053.5,3196.8,1000.4,1780.7,1446.1,5009.0,7839.9,5144.2,1801.8,268.7
2026-08-17 14:30:00,726.7,584.7,896.1,1089.2,782.3,389.7,98.8,7.2,314.4,78.4,367.0,1973.3,5756.9,4339.6,1265.3,2277.1,0.0,164.6,1352.4,2762.0,457.7,363.2,5465.0,5169.2,2743.1,834.2,4391.4,3407.0,2595.0,2135.8,1706.2,2670.4,1051.4,3196.0,1000.1,1771.3,1443.0,4987.0,7820.9,5137.4,1792.5,268.7
2026-08-17 14:45:00,702.1,588.2,914.5,1079.7,784.2,369.3,98.8,6.9,309.6,81.7,364.9,1996.9,5804.9,4441.6,1255.9,2274.9,0.0,170.0,1350.6,2806.8,452.4,368.0,5460.7,5212.3,2748.0,834.4,4395.1,3432.8,2601.6,2137.4,1703.0,2669.0,1058.5,3206.3,993.6,1757.9,1449.9,4968.0,7828.2,5128.8,1793.5,269.5
2026-08-17 15:00:00,693.7,567.0,928.2,1023.3,778.4,347.3,98.5,6.8,319.2,87.1,570.5,1981.0,5786.0,4490.3,1277.3,2282.6,3.1,91.3,1370.7,2805.2,445.3,377.3,5448.2,5164.1,2758.4,853.7,4440.8,3488.0,2614.7,2403.1,1728.3,2661.4,1068.5,3090.5,1005.8,1612.0,1385.2,4976.9,7707.6,5089.7,1782.0,258.0
2026-08-17 15:15:00,695.8,551.2,944.3,988.1,780.7,320.5,98.5,6.7,319.2,88.6,566.8,1965.7,5754.1,4482.3,1282.1,2249.6,2.7,92.0,1346.0,2811.3,442.0,375.1,5460.7,5207.6,2762.0,848.6,4437.2,3468.7,2615.6,2403.1,1735.8,2665.4,1042.2,3066.5,1007.8,1625.6,1385.7,4964.7,7689.8,5091.6,1777.5,256.9
2026-08-17 15:30:00,709.2,529.5,961.1,950.2,782.4,289.2,98.6,6.7,316.7,86.6,564.9,1948.6,5736.1,4774.3,1244.7,2200.8,7.3,93.3,1344.2,2810.6,440.7,375.2,5468.3,5254.2,2761.1,844.4,4446.2,3464.7,2609.5,2404.3,1735.8,2648.4,1043.4,3064.7,1006.5,1619.5,1380.5,4977.8,7716.9,5075.8,1777.2,252.1
2026-08-17 15:45:00,696.9,517.3,980.7,904.5,783.2,257.3,99.9,6.7,310.8,87.8,533.8,1945.7,5691.5,4888.9,1262.3,2188.0,6.9,93.4,1346.5,2848.1,441.3,372.2,5479.7,5279.5,2772.7,848.8,4441.6,3483.1,2612.1,2411.4,1735.0,2635.6,1043.7,3066.8,1008.1,1641.4,1377.3,4971.2,7740.3,5061.0,1784.9,247.7
2026-08-17 16:00:00,713.2,486.4,775.5,864.6,762.1,232.1,76.6,22.8,305.6,92.0,373.3,1876.1,5668.4,4871.0,1299.0,2145.0,44.7,71.8,1411.5,2877.5,435.9,355.4,5408.8,5203.9,2799.0,861.7,4393.7,3326.4,2625.0,2288.6,1725.7,2674.1,1074.5,3218.3,1008.4,1769.3,1377.2,5003.6,7730.8,5035.2,1781.7,240.7
2026-08-17 16:15:00,729.2,462.5,809.5,801.4,772.3,209.3,76.3,22.4,300.2,92.8,372.0,1876.5,5601.8,4958.9,1348.1,2153.5,49.3,72.0,1347.6,2880.9,438.0,355.4,5391.8,5213.9,2813.4,866.0,4374.7,3444.6,2627.2,2286.0,1720.3,2661.3,1058.6,3208.4,1002.4,1770.9,1375.9,4995.6,7755.4,5033.6,1791.2,241.0
2026-08-17 16:30:00,740.7,449.9,843.3,731.6,777.8,185.8,75.2,22.1,302.9,88.5,373.0,1841.2,5627.1,5111.3,1413.7,2133.8,25.7,83.6,1352.9,2886.5,443.9,357.5,5397.1,5266.1,2804.6,856.7,4318.2,3447.9,2622.3,2274.7,1722.1,2655.7,1054.2,3211.0,1002.6,1764.8,1383.0,5041.1,7792.3,5021.5,1805.3,234.1
2026-08-17 16:45:00,747.2,430.6,896.0,672.9,788.3,163.7,75.2,21.9,299.5,77.5,372.6,1825.2,4361.0,5174.0,1495.5,2118.7,10.3,82.1,1366.6,2957.7,437.1,354.5,5401.5,5265.0,2810.9,855.8,4307.8,3510.9,2631.0,2308.3,1728.9,2668.8,1054.0,3206.1,1002.8,1754.7,1376.1,5089.3,7857.2,5007.9,1829.7,228.4
2026-08-17 17:00:00,782.7,397.4,876.0,625.3,795.4,242.2,107.1,57.4,292.2,63.7,262.1,1783.6,5152.8,5652.3,1608.7,2135.4,85.7,55.8,1665.7,2958.1,480.8,341.7,5448.8,5271.7,2786.5,795.8,4222.3,3301.4,2626.6,2415.3,1714.9,2591.6,1071.0,3121.0,1015.0,1590.6,1429.0,5577.8,7932.8,5006.0,1885.8,217.1
2026-08-17 17:15:00,775.6,423.0,929.8,575.4,800.1,225.8,106.1,57.2,258.9,56.9,258.2,1773.9,4684.9,5579.7,1669.5,2121.7,76.4,56.4,1613.7,2944.9,484.7,507.6,5463.6,5308.2,2788.2,795.2,4220.2,3568.3,2624.7,2425.5,1715.8,2506.7,1066.1,3128.6,1005.1,1723.8,1429.9,5614.7,7989.5,4995.8,1907.1,208.7
2026-08-17 17:30:00,786.2,395.6,992.1,546.6,800.5,213.1,106.1,58.2,280.9,44.9,266.5,1747.0,4008.8,5623.3,1694.0,2088.6,62.6,65.7,1604.3,2921.4,491.7,646.9,5466.0,5314.3,2778.8,813.1,4222.1,3838.7,2615.0,2389.1,1718.8,2517.1,1068.8,3189.0,999.4,1707.3,1428.5,5647.1,8028.1,4997.0,1919.8,201.5
2026-08-17 17:45:00,795.1,393.1,1056.2,535.3,800.7,205.6,106.1,57.9,281.7,34.1,268.4,1735.8,3973.5,5820.0,1743.8,2052.4,51.7,64.9,1596.7,2981.4,485.8,659.5,5480.8,5285.5,2775.0,903.1,4228.7,4367.7,2615.3,2408.9,1714.4,2523.1,1072.5,3243.8,997.3,1687.1,1427.8,5635.6,8085.9,5027.5,1944.9,193.2
2026-08-17 18:00:00,798.7,355.2,1119.3,721.2,798.4,360.6,82.2,97.9,247.6,36.1,306.0,1605.4,4100.9,5324.1,1723.1,2064.8,40.9,44.0,1700.8,2780.8,497.3,699.5,5550.7,5207.0,2743.0,963.5,4292.0,4613.7,2613.2,2255.7,1713.3,2647.7,1077.3,3280.0,992.2,1717.6,1368.6,5669.8,8073.9,4994.6,1936.9,256.9
2026-08-17 18:15:00,806.8,335.2,1179.2,696.6,797.3,344.6,82.7,97.6,256.5,30.8,306.4,1577.7,4056.8,5374.9,1764.3,2044.6,41.8,43.4,1658.8,2755.9,497.5,702.3,5563.5,5196.2,2741.9,967.9,4298.6,5389.6,2613.4,2261.5,1707.2,2650.1,1076.7,3385.8,989.7,1696.2,1365.8,5662.2,8099.9,5020.7,1958.7,249.8
2026-08-17 18:30:00,815.1,326.9,1236.2,673.2,804.4,337.4,82.9,97.5,278.2,25.2,326.8,1565.9,3189.5,5347.8,1558.1,1820.7,57.1,37.1,1667.6,2822.3,492.2,706.1,5574.5,5172.6,2742.7,992.8,4309.5,6040.7,2604.4,2275.0,1706.3,2675.2,1080.1,3512.4,987.8,1673.6,1362.0,5660.3,8117.8,5032.6,1968.0,242.5
2026-08-17 18:45:00,821.4,356.2,1286.6,660.4,801.8,370.2,83.8,99.1,299.0,20.1,332.9,1541.8,2769.4,5201.8,1268.0,1472.8,67.6,35.4,1677.8,2843.4,488.4,718.4,5573.4,5153.8,2750.3,1030.0,4311.8,6059.4,2603.2,2310.1,1703.7,2677.1,1079.8,3492.7,983.3,1651.2,1355.2,5633.2,8127.4,5090.3,1982.4,235.5
2026-08-17 19:00:00,824.0,404.6,1317.7,613.7,811.5,466.7,57.6,40.8,315.8,47.8,266.8,1471.2,3108.2,4573.7,1035.2,1217.5,91.3,36.5,1706.9,2762.4,500.2,725.7,5522.9,5173.5,2742.7,1091.5,4501.7,6245.1,2616.5,2298.9,1710.4,2688.0,1084.9,3587.2,987.0,1612.2,1347.1,5415.3,8131.1,5098.6,2001.7,221.7
2026-08-17 19:15:00,829.6,404.5,1338.1,601.1,815.1,468.2,57.8,42.3,331.9,44.7,257.8,1451.4,2779.2,4806.5,1443.0,1564.4,92.2,36.2,1631.2,2722.9,487.1,734.4,5529.3,5174.2,2743.0,1100.8,4517.3,6287.6,2607.3,2260.0,1712.7,2698.5,1085.0,3605.8,990.7,1594.4,1346.8,5434.2,8122.5,5136.0,1988.1,217.9
2026-08-17 19:30:00,833.7,414.0,1351.6,574.3,813.4,482.4,57.8,43.3,347.2,44.1,268.3,1455.4,2754.8,4810.2,1451.5,1574.4,98.7,35.9,1635.1,2690.8,487.1,747.3,5521.7,5155.8,2740.0,1105.7,4537.2,6370.2,2609.6,2225.8,1713.1,2703.0,1084.5,3641.3,987.3,1580.1,1344.8,5420.0,8130.9,5185.1,1993.7,214.3
2026-08-17 19:45:00,839.2,414.4,1360.3,561.7,818.3,479.3,57.6,43.5,353.1,96.6,268.0,1440.5,2706.9,4750.8,1477.4,1561.2,87.5,35.7,1643.6,2673.1,491.5,768.5,5502.9,5129.9,2742.1,1113.0,4543.9,6367.4,2610.0,2209.4,1710.0,2700.0,1085.9,3653.3,985.1,1572.2,1349.3,5432.6,8125.4,5194.6,1998.2,265.9
2026-08-17 20:00:00,836.8,398.0,1356.6,590.6,815.0,482.7,34.3,23.1,369.5,74.2,332.9,1482.7,2579.1,4448.5,1262.9,1494.1,118.9,34.7,1166.9,2279.9,518.6,776.5,5381.3,5112.3,2736.4,1217.2,4447.8,6276.3,2613.4,2216.3,1708.3,2776.8,1074.0,3397.2,983.0,1550.3,1407.8,5334.6,8096.1,5154.4,2019.0,211.8
2026-08-17 20:15:00,847.1,290.1,1353.8,784.1,811.4,478.9,33.9,23.2,370.3,73.9,321.1,1478.0,2567.0,4420.6,1301.2,1520.5,119.3,34.6,1167.4,2223.9,514.6,792.2,5362.9,5067.1,2740.7,1223.0,4460.6,6274.3,2609.6,2152.7,1706.3,2773.0,1067.7,3440.7,980.5,1551.6,1412.8,5343.9,8078.9,5178.4,2017.9,211.7
2026-08-17 20:30:00,846.7,289.7,1339.1,778.6,806.6,469.4,33.8,22.1,378.9,73.7,317.0,1466.9,2568.2,4489.7,1324.5,1488.7,119.7,34.6,1176.9,2188.0,509.8,808.8,5343.7,5050.7,2730.3,1230.1,4475.3,6274.7,2610.6,2135.1,1710.3,2776.6,1072.5,3452.9,978.6,1547.7,1413.0,5371.5,8061.2,5142.5,2017.2,211.7
2026-08-17 20:45:00,845.2,288.2,1315.4,774.4,797.7,467.9,33.4,21.9,381.2,73.6,318.8,1458.2,2586.5,4513.8,1333.1,1507.3,118.1,34.6,1190.4,2157.0,504.6,821.1,5316.7,5005.6,2739.7,1234.3,4488.1,6272.6,2607.4,2127.7,1706.0,2780.9,1073.0,3460.2,977.7,1559.8,1418.2,5386.9,8033.3,5130.1,2011.0,266.1
2026-08-17 21:00:00,823.1,322.9,1281.9,529.0,781.6,462.7,28.6,21.6,408.2,70.4,255.0,1444.0,2519.1,4235.9,1292.5,1528.7,185.3,31.6,1212.5,2203.9,486.9,835.1,5376.6,5151.8,2728.3,1239.6,4533.7,6276.8,2618.7,2143.6,1703.6,2631.7,1077.6,3754.1,968.4,1537.9,1444.3,5384.1,7940.2,5233.1,2003.3,292.4
2026-08-17 21:15:00,812.9,317.8,1242.6,523.3,771.1,464.0,28.7,20.1,415.0,70.4,241.3,1444.7,2520.8,4302.9,1303.5,1503.0,165.7,31.8,1208.6,2153.8,481.4,852.2,5404.4,5157.2,2732.3,1243.7,4534.5,6273.5,2616.9,2136.5,1708.4,2631.2,1077.5,3663.0,965.2,1546.1,1447.9,5440.3,7883.1,5210.3,1989.6,322.8
2026-08-17 21:30:00,805.6,328.1,1207.5,518.2,757.6,455.1,28.3,20.1,412.7,70.4,227.2,1437.5,2521.4,4161.6,1339.1,1497.7,156.2,31.7,1205.4,2120.1,479.9,873.6,5396.2,5169.6,2727.6,1249.3,4546.6,6271.3,2607.4,2108.6,1706.1,2618.4,1079.8,3521.5,961.6,1553.6,1449.5,5494.6,7836.1,5194.6,1974.9,269.2
2026-08-17 21:45:00,792.2,284.2,1169.9,512.8,741.5,452.8,27.8,20.1,410.1,15.4,223.9,1436.9,2504.0,3813.6,1371.6,1446.7,164.4,31.8,1228.5,2070.0,485.5,886.5,5369.8,5147.2,2720.0,1247.7,4545.1,6177.8,2612.2,2108.8,1702.6,2616.4,1073.3,3407.2,959.9,1562.0,1450.0,5516.1,7786.9,5165.3,1973.9,270.5
2026-08-17 22:00:00,755.7,298.5,1127.2,477.3,719.0,350.3,15.5,68.2,409.2,13.8,195.8,1434.8,2358.9,4065.7,1301.7,1434.9,129.8,22.4,1502.7,1986.2,447.5,930.5,5229.6,5171.5,2683.6,1270.4,4510.7,5993.6,2623.7,1972.9,1686.1,2649.0,1080.6,3598.6,945.2,1520.6,1379.6,5484.3,7638.7,5150.4,1901.0,216.0
2026-08-17 22:15:00,749.0,246.0,1096.0,472.8,699.6,350.2,14.7,68.2,405.6,13.8,180.1,1448.4,2999.7,3979.7,1297.6,1433.4,130.0,24.7,1477.6,1920.2,444.4,935.8,5177.7,5117.5,2662.5,1266.9,4500.6,5962.5,2619.1,1969.9,1686.2,2669.4,1075.8,3564.8,940.3,1523.0,1374.1,5457.5,7553.1,5127.3,1876.3,209.2
2026-08-17 22:30:00,743.7,240.7,1071.6,479.2,682.9,348.4,16.9,68.2,401.6,13.8,193.8,1461.3,3022.7,3987.0,1297.4,1444.7,110.2,24.8,1468.0,1903.8,441.5,947.4,5119.6,5052.2,2624.4,1263.9,4500.8,5949.1,2608.4,1951.9,1678.3,2693.0,1069.7,3552.6,942.5,1429.3,1366.9,5437.8,7455.6,5146.0,1853.0,210.9
2026-08-17 22:45:00,741.3,238.3,1048.5,475.4,667.0,341.7,16.9,68.3,396.2,13.8,187.0,1442.0,3123.2,3859.4,1296.5,1420.2,110.3,25.0,1461.9,1887.2,444.5,949.4,5061.7,5001.5,2596.7,1206.6,4485.2,5854.4,2602.4,1951.8,1677.9,2742.4,1065.3,3484.5,936.4,1317.9,1356.8,5468.0,7360.3,5136.9,1829.6,212.7
2026-08-17 23:00:00,706.0,275.0,1013.1,457.9,649.6,204.8,13.7,58.2,397.5,1.0,185.3,1427.0,3216.2,4129.9,1202.3,1340.3,18.5,60.1,1312.3,1745.7,425.0,977.5,4905.6,4922.5,2496.0,1297.2,4413.0,5818.7,2592.5,1873.2,1649.8,2669.1,1052.0,3595.9,927.5,1316.6,1374.9,5318.0,7219.8,5201.7,1838.9,241.7
2026-08-17 23:15:00,698.2,271.7,997.4,435.9,638.0,197.7,14.4,58.2,396.3,1.0,176.6,1436.4,3221.6,3659.3,1180.4,1331.5,18.1,49.8,1304.3,1711.9,422.8,989.5,4859.0,4996.1,2459.6,1179.7,4400.4,5712.4,2584.3,1899.1,1645.9,2773.0,1042.8,3494.8,922.9,1226.4,1362.8,5332.0,7118.2,5195.0,1812.1,241.6
2026-08-17 23:30:00,689.7,258.3,984.6,445.8,624.4,197.3,14.7,58.2,390.7,1.0,172.8,1432.4,3225.1,3646.1,1186.1,1314.0,0.0,51.7,1309.9,1664.9,428.9,994.6,4855.6,5005.3,2424.7,1178.8,4394.1,5582.5,2576.6,1920.3,1644.6,2823.3,1030.6,3379.4,917.4,1209.9,1351.0,5341.5,7027.1,5206.4,1789.6,243.8
2026-08-17 23:45:00,681.9,254.7,973.7,422.0,614.8,191.8,14.8,58.2,384.0,1.0,171.3,1432.5,3228.6,3523.5,1157.0,1309.4,0.0,64.1,1311.8,1645.3,430.9,996.3,4824.3,4914.2,2380.7,1178.6,4374.8,4980.8,2566.9,1895.3,1640.1,2832.1,1030.3,3352.2,913.0,1172.0,1337.8,5355.7,6924.6,5180.2,1757.8,248.9
