date,EE_buy,EE_sell,LT_buy,LT_sell,LV_buy,LV_sell,AT_buy,AT_sell,BE_buy,BE_sell,FR_buy,FR_sell,GER_buy,GER_sell,NL_buy,NL_sell,PL_buy,PL_sell,DK1_buy,DK1_sell,DK2_buy,DK2_sell,FI_buy,FI_sell,NO1_buy,NO1_sell,NO2_buy,NO2_sell,NO3_buy,NO3_sell,NO4_buy,NO4_sell,NO5_buy,NO5_sell,SE1_buy,SE1_sell,SE2_buy,SE2_sell,SE3_buy,SE3_sell,SE4_buy,SE4_sell
2026-09-03 00:00:00,701.7,323.9,1155.4,772.7,623.5,100.9,2.0,23.1,244.3,39.6,113.9,1349.8,3760.0,2937.0,1429.7,2020.3,221.6,38.4,1016.3,746.3,432.3,719.6,4554.8,5064.8,2397.7,1412.0,3433.3,3774.3,2738.1,1970.2,1548.8,3160.5,907.0,2456.6,968.0,2405.2,1392.5,3587.2,6913.1,5774.7,1496.7,321.3
2026-09-03 00:15:00,707.5,324.3,1149.7,773.8,614.4,104.0,2.0,23.1,240.0,33.1,98.6,1321.6,3736.6,2955.9,1422.2,1989.1,240.8,38.6,1033.0,720.9,433.2,705.6,4549.6,5040.1,2372.3,1410.9,3423.1,4007.2,2728.7,1962.1,1552.3,3104.9,896.2,2405.7,964.3,2403.8,1388.2,3590.5,6857.2,5744.4,1488.7,321.6
2026-09-03 00:30:00,708.1,324.9,1147.0,732.3,623.8,103.5,2.0,23.1,245.1,33.1,95.6,1323.4,3714.5,2971.9,1400.9,1987.6,250.2,38.5,1031.4,696.1,431.2,693.0,4533.9,5002.5,2335.5,1411.4,3402.7,4005.4,2714.5,1955.3,1548.6,3097.7,889.0,2357.7,960.3,2402.4,1382.0,3594.4,6819.8,5735.6,1477.3,319.2
2026-09-03 00:45:00,703.9,326.1,1149.3,733.5,616.5,103.8,2.0,23.1,239.7,33.1,87.6,1337.9,3685.9,3012.2,1391.6,1978.2,249.5,38.6,1035.9,683.1,431.4,673.2,4518.0,4961.0,2310.7,1414.6,3390.9,3675.0,2705.4,1954.6,1560.7,3069.7,879.6,2339.1,954.5,2401.0,1375.7,3619.0,6786.4,5723.9,1471.3,312.4
2026-09-03 01:00:00,707.3,326.7,1179.0,699.8,623.6,95.4,2.0,40.7,259.5,36.0,110.8,1339.4,3632.8,3060.2,1354.4,2025.3,159.2,37.1,1008.9,708.1,429.5,683.0,4533.3,4980.0,2257.2,1399.8,3496.7,4129.8,2666.3,1957.4,1528.0,3164.5,862.1,2268.1,944.4,2387.6,1360.0,3515.2,6697.6,5685.0,1463.1,306.4
2026-09-03 01:15:00,710.9,330.6,1173.7,700.0,628.8,95.0,2.0,40.8,258.7,36.0,100.9,1332.4,3582.1,3133.8,1329.6,2018.0,159.1,38.5,1008.3,697.3,428.1,665.1,4533.4,4957.3,2235.4,1400.6,3489.0,4008.7,2663.4,1952.5,1525.0,3136.7,856.5,2251.1,938.8,2387.2,1354.5,3518.1,6678.0,5673.2,1460.0,311.1
2026-09-03 01:30:00,713.3,332.5,1165.0,695.9,624.2,94.3,2.0,40.8,248.2,36.0,101.8,1341.2,3542.5,3220.3,1305.0,2032.2,161.4,59.7,1007.4,694.5,429.2,655.9,4527.9,4915.1,2212.4,1402.4,3553.4,4185.5,2659.7,1947.4,1521.3,3130.9,848.0,2212.9,933.9,2386.9,1348.9,3519.9,6642.5,5663.0,1449.7,314.8
2026-09-03 01:45:00,711.8,335.6,1156.6,692.1,621.9,93.6,2.0,40.8,250.4,36.0,90.1,1345.2,3514.9,3323.7,1293.4,2025.7,159.2,61.0,1006.2,689.0,429.2,642.2,4519.6,4909.0,2193.0,1404.1,3546.1,3920.5,2656.5,1949.2,1524.2,3134.9,842.7,2203.3,927.8,2386.3,1343.3,3522.7,6613.2,5606.0,1445.4,315.1
2026-09-03 02:00:00,706.3,338.1,1155.5,706.9,612.4,92.7,12.0,74.8,247.6,33.4,97.1,1365.7,3585.1,3570.0,1293.4,2021.3,107.3,62.5,999.4,668.6,419.9,623.5,4566.4,4940.1,2174.7,1406.5,3393.9,3988.9,2632.0,1946.3,1511.9,3138.9,863.0,2136.1,922.6,2380.5,1262.1,3457.6,6736.2,5731.3,1439.1,321.4
2026-09-03 02:15:00,703.6,339.1,1151.5,697.9,609.4,92.5,12.0,74.8,251.4,33.4,83.3,1350.4,3520.0,3633.1,1288.6,1999.0,109.0,43.1,997.2,655.2,419.0,609.7,4550.2,4935.0,2162.4,1406.7,3444.2,3428.0,2628.9,1946.8,1508.9,3136.2,856.5,2153.7,920.4,2380.5,1259.9,3464.0,6728.4,5685.0,1438.8,323.1
2026-09-03 02:30:00,702.8,339.7,1150.6,689.4,607.7,92.7,13.4,74.8,246.2,33.4,84.7,1352.5,3461.8,3738.1,1279.6,1987.8,108.7,43.6,995.3,647.3,417.2,594.6,4582.4,4913.8,2150.9,1408.1,3443.1,3057.9,2626.1,1944.0,1508.1,3141.0,852.8,2158.1,918.9,2380.2,1259.6,3470.0,6730.8,5715.7,1434.2,328.3
2026-09-03 02:45:00,703.8,339.9,1146.8,689.7,607.2,95.7,14.7,74.7,243.4,33.4,77.7,1357.9,3509.0,3864.7,1271.2,1992.6,106.4,44.2,992.5,620.3,414.9,334.9,4567.4,4885.7,2140.2,1409.3,3440.1,3018.7,2625.3,1941.3,1507.7,3128.5,849.2,2145.7,922.1,2380.4,1262.7,3479.1,6715.9,5710.4,1429.7,326.1
2026-09-03 03:00:00,752.4,338.9,1150.2,653.7,585.8,99.0,13.3,74.9,246.5,31.3,158.0,1382.9,3440.7,4002.8,1267.8,2015.2,67.3,65.2,975.3,638.4,410.5,334.9,4568.7,4921.9,2106.4,1256.0,3343.0,2735.2,2618.0,1962.8,1502.2,3168.4,817.3,2245.4,930.8,2383.1,1346.7,3577.1,6692.7,5646.8,1422.9,326.3
2026-09-03 03:15:00,756.3,335.1,1155.5,660.1,601.6,99.5,14.7,74.8,245.5,31.3,145.2,1390.5,4059.0,4076.2,1262.1,2023.5,69.6,45.0,972.4,632.4,406.4,582.7,4573.8,4911.2,2099.8,1250.4,3344.5,2740.2,2618.2,1962.6,1508.1,3169.2,812.3,2241.6,932.6,2383.3,1351.0,3595.4,6668.5,5642.8,1418.6,323.7
2026-09-03 03:30:00,770.1,331.8,1166.5,665.4,602.6,98.7,14.7,74.8,243.0,31.3,150.8,1384.2,4130.1,4163.8,1257.4,2020.8,67.8,44.7,970.0,626.1,404.6,440.3,4573.5,4901.9,2095.6,1250.5,3344.8,2730.1,2616.5,1961.8,1503.5,3169.5,812.4,2238.9,933.2,2383.1,1357.3,3609.5,6666.4,5675.3,1421.7,324.1
2026-09-03 03:45:00,775.3,328.4,1178.1,672.1,610.3,97.6,14.7,74.7,250.6,31.3,157.8,1384.9,4172.7,4276.2,1272.9,2015.8,69.9,44.6,968.2,620.4,400.6,319.6,4579.9,4901.3,2093.2,1252.2,3347.6,2687.9,2619.1,1963.4,1500.9,3167.6,823.3,2250.4,934.6,2382.6,1363.4,3618.8,6664.0,5670.4,1422.1,317.2
2026-09-03 04:00:00,728.1,325.9,1180.4,668.2,595.4,97.1,14.7,83.8,257.9,28.7,117.1,1365.0,4324.9,4421.7,1305.1,2008.7,185.4,23.1,954.2,775.6,389.1,313.5,4586.3,4845.3,2094.4,1298.9,3380.7,2709.9,2616.2,1970.9,1504.4,3133.8,792.7,2174.1,935.8,2384.6,1388.9,3695.4,6563.9,5534.2,1424.0,301.4
2026-09-03 04:15:00,719.3,325.3,1194.7,679.0,605.8,96.5,14.7,83.7,259.4,28.7,80.3,1365.2,4328.7,4479.9,1299.5,2006.5,185.6,23.3,949.9,770.0,386.8,309.6,4614.9,4872.4,2099.0,1308.1,3387.1,2695.5,2618.6,1970.7,1500.3,3151.9,791.8,2173.9,936.4,2384.6,1396.8,3710.0,6577.6,5528.1,1432.6,300.6
2026-09-03 04:30:00,729.0,324.9,1212.3,703.5,609.2,96.0,13.4,83.8,262.5,28.7,72.7,1364.4,4338.1,4550.1,1240.1,1975.6,165.6,23.3,948.3,762.9,386.0,305.5,4599.3,4895.3,2098.9,1314.1,3390.0,2675.5,2619.3,1969.5,1501.9,3155.0,791.3,2173.9,937.8,2384.5,1403.0,3723.6,6580.4,5524.5,1439.0,295.5
2026-09-03 04:45:00,730.5,324.4,1238.6,775.9,636.0,95.7,12.0,83.8,276.9,28.7,76.0,1365.8,3705.1,4623.0,1273.0,1975.3,163.6,23.4,946.7,735.9,385.9,298.8,4645.9,4916.3,2108.7,1321.0,3397.0,2480.3,2621.8,1974.0,1497.0,3205.7,791.9,2190.6,939.7,2384.2,1406.7,3731.4,6611.8,5524.1,1451.8,286.8
2026-09-03 05:00:00,768.7,324.1,1036.4,738.2,682.4,96.9,2.0,99.9,284.0,28.5,77.2,1368.2,3782.1,4672.3,1268.9,1967.6,133.1,16.8,1117.2,745.9,394.4,304.0,4938.0,4688.2,2134.3,1245.3,3401.6,2734.2,2613.9,1978.3,1516.5,3054.0,805.3,2309.2,950.2,2434.0,1353.2,4222.7,6695.1,5562.3,1477.2,259.9
2026-09-03 05:15:00,756.6,322.3,1083.2,743.9,673.9,97.4,2.0,99.9,291.7,28.5,82.9,1368.0,3581.2,4714.4,1290.2,1967.2,132.1,36.9,971.9,720.6,396.7,306.1,5001.5,4780.3,2170.5,1245.5,3421.1,2695.7,2621.9,1979.0,1511.9,3154.7,809.2,2358.3,956.9,2433.4,1366.0,4247.9,6758.3,5557.4,1503.1,264.6
2026-09-03 05:30:00,759.8,322.9,1128.2,775.3,687.8,101.1,2.0,99.9,303.7,28.5,80.2,1366.4,3414.1,4768.5,1203.2,1959.2,132.7,38.0,979.8,717.5,400.0,307.4,5024.7,4874.1,2195.8,1242.1,3440.0,2736.8,2626.5,1995.7,1496.4,3252.4,820.6,2396.8,964.2,2433.1,1384.0,4218.7,6834.0,5586.5,1524.4,258.3
2026-09-03 05:45:00,772.8,320.7,1159.7,830.1,695.8,128.3,2.1,101.2,312.7,28.5,83.9,1373.8,3380.5,4852.9,1205.4,1976.0,153.1,39.9,991.7,883.9,400.4,565.8,5081.8,4918.9,2235.2,1262.6,3465.1,3146.4,2634.4,1997.3,1498.4,3292.4,830.0,2411.2,971.0,2432.4,1403.2,4232.7,6914.1,5661.7,1541.3,249.7
2026-09-03 06:00:00,821.3,320.4,1182.5,1039.7,731.0,283.7,2.0,53.8,330.0,31.7,109.5,1326.2,3670.8,5026.4,1271.1,1951.6,155.2,29.7,1119.2,913.0,435.0,544.8,5294.1,4878.9,2388.5,1474.0,3624.0,3747.4,2649.8,1977.1,1550.2,3126.3,826.4,2404.3,1037.3,2662.3,1388.9,4465.1,7225.2,5570.4,1626.3,296.8
2026-09-03 06:15:00,819.2,322.1,1197.7,1056.4,738.0,314.4,2.0,55.2,340.3,31.7,117.7,1332.1,3656.4,5095.7,1300.8,1983.3,155.6,44.5,1095.5,970.7,436.4,557.7,5326.2,4953.7,2463.7,1473.3,3582.6,3998.7,2672.5,1996.0,1543.2,3163.0,842.1,2462.3,1051.7,2661.5,1415.0,4428.8,7376.9,5803.8,1675.6,284.5
2026-09-03 06:30:00,822.9,324.4,1180.3,1087.1,750.2,337.7,2.0,56.7,357.0,31.7,127.8,1335.6,3674.7,5479.5,1277.7,1990.1,156.0,52.9,1105.8,971.8,443.3,578.3,5370.5,5014.4,2524.8,1526.7,3623.4,3984.6,2690.6,2004.5,1536.2,3254.5,861.6,2592.5,1065.3,2660.6,1439.7,4433.0,7546.4,5838.1,1715.5,267.9
2026-09-03 06:45:00,821.0,332.7,1165.7,1133.2,768.2,367.8,2.1,57.1,379.1,31.7,128.7,1333.4,3698.5,5735.7,1290.0,1987.7,176.5,56.4,1125.9,985.8,448.5,586.8,5411.2,5043.2,2600.8,1538.2,3657.3,4014.1,2714.3,1999.7,1535.4,3267.5,872.9,2807.6,1078.0,2659.6,1459.4,4536.3,7691.9,5819.9,1764.0,251.2
2026-09-03 07:00:00,876.0,368.0,1152.0,1172.1,790.9,433.6,2.9,47.5,405.1,39.6,129.2,1378.3,3917.4,6475.0,1341.4,2013.1,125.2,80.1,1199.4,919.7,475.5,588.2,5542.7,4914.6,2797.6,1535.4,3698.4,3994.6,2775.4,2082.1,1588.1,2944.9,945.7,3135.0,1102.3,3287.1,1599.3,4591.5,7902.2,5844.7,1850.5,221.7
2026-09-03 07:15:00,877.7,369.7,1131.0,1168.7,807.3,465.7,3.4,46.9,420.9,38.2,134.4,1378.7,3930.2,6537.2,1360.9,1981.2,126.9,83.6,1189.7,902.4,476.9,605.7,5549.1,4990.0,2854.4,1533.8,3722.9,3987.1,2796.4,2080.5,1586.1,2962.6,959.2,3282.4,1110.0,3286.4,1610.1,4591.2,7971.5,5852.3,1894.4,237.4
2026-09-03 07:30:00,876.1,368.1,1084.7,1152.6,820.0,497.6,4.0,46.3,428.1,47.1,144.1,1379.4,3941.7,6572.9,1380.2,1988.6,128.5,86.8,1198.1,900.6,478.1,623.1,5575.3,4996.5,2879.6,1530.0,3740.2,4002.7,2811.6,2092.3,1579.6,3027.8,966.6,3361.5,1115.4,3285.9,1618.6,4605.0,8016.2,5840.9,1930.3,235.3
2026-09-03 07:45:00,867.9,378.0,1033.9,1108.5,826.3,521.3,6.7,45.1,439.7,96.7,151.2,1381.8,3964.3,6533.1,1506.7,2099.4,130.2,94.3,1237.0,903.5,489.7,634.8,5595.1,4998.1,2908.9,1529.1,3741.7,4001.3,2831.4,2144.0,1584.8,3045.1,973.3,3494.4,1122.4,3285.3,1630.7,4624.8,8041.5,5803.7,1968.3,211.8
2026-09-03 08:00:00,885.1,374.7,1009.5,1094.8,829.6,508.6,7.4,56.5,450.2,100.6,194.9,1386.6,4154.8,6876.0,1850.0,2248.6,206.0,107.5,1314.6,761.9,516.7,712.9,5578.6,4954.4,2950.5,1510.3,3745.1,4566.0,2852.7,2110.5,1622.7,2937.6,969.8,3201.4,1110.2,3546.5,1644.1,4685.7,8028.4,5860.8,1992.9,234.3
2026-09-03 08:15:00,871.6,390.1,941.2,1087.2,827.8,538.4,8.0,53.6,455.1,102.0,199.9,1384.1,4132.1,6376.9,1860.7,2157.1,188.8,97.5,1303.5,871.1,516.7,695.8,5587.1,4958.0,2952.5,1498.7,3741.7,4571.0,2861.8,2102.4,1616.2,2959.5,969.8,3087.2,1109.4,3546.5,1649.5,4677.2,8018.2,5867.6,2003.4,236.6
2026-09-03 08:30:00,854.3,443.8,871.1,1137.7,825.4,562.9,8.8,53.3,474.0,45.1,199.4,1396.4,4127.8,6233.0,1857.9,2165.8,191.6,92.9,1303.4,735.3,515.7,697.5,5571.8,4984.2,2948.3,1472.9,3740.0,3896.2,2862.1,2169.4,1611.4,2991.1,976.2,2893.6,1112.0,3546.7,1653.5,4684.2,7998.6,5831.2,2001.8,214.0
2026-09-03 08:45:00,855.4,427.2,812.0,1163.9,811.5,600.2,10.8,53.4,472.3,34.3,203.6,1395.8,4145.1,6220.2,1851.5,2151.3,194.3,96.0,1338.9,741.2,540.8,702.6,5575.8,5024.6,2946.7,1480.9,3814.7,3248.7,2868.7,2146.4,1614.4,2986.9,980.8,2912.0,1118.7,3546.6,1656.3,4644.9,7969.1,5786.7,2006.6,216.1
2026-09-03 09:00:00,853.7,444.5,782.2,1167.6,801.4,493.7,17.0,42.5,450.4,37.8,188.7,1446.4,4322.3,6556.0,1836.8,2055.4,118.4,194.3,1315.6,908.8,517.4,796.7,5537.8,5027.0,2949.9,1471.1,3776.5,3784.4,2848.7,2066.2,1603.1,2888.1,962.8,2866.2,1130.3,3577.3,1656.5,4639.9,7919.3,5661.7,1984.8,215.8
2026-09-03 09:15:00,846.9,462.4,755.2,1180.5,796.8,531.0,17.0,37.3,446.7,25.4,189.7,1444.5,4373.0,6544.1,1823.3,1861.0,118.4,219.1,1309.1,547.5,517.1,792.3,5522.0,5034.3,2941.1,1463.5,3828.8,3120.4,2852.1,2058.3,1608.4,2885.4,997.0,2833.6,1134.7,3577.9,1656.4,4626.8,7881.5,5636.8,1984.7,218.4
2026-09-03 09:30:00,839.9,481.5,736.6,1215.8,789.1,556.1,15.2,37.2,445.4,25.6,178.9,1458.2,4369.1,6560.7,1820.5,1767.1,118.5,216.9,1308.0,559.1,527.1,501.4,5507.8,5040.9,2944.8,1462.4,3824.0,2412.9,2790.0,2053.1,1612.0,2880.5,985.8,2760.4,1135.0,3578.5,1656.2,4605.7,7839.7,5538.2,1980.9,224.0
2026-09-03 09:45:00,831.6,507.8,709.4,1192.4,791.3,593.3,28.4,37.4,440.5,25.6,189.3,1488.3,4389.8,6599.1,1776.0,1771.6,118.4,217.1,1486.2,598.9,529.1,516.5,5484.8,5054.9,2941.5,1447.2,3812.0,1963.6,2756.5,2064.9,1608.6,2881.0,992.0,2530.3,1136.7,3578.6,1655.2,4602.5,7837.3,5365.5,1990.6,227.1
2026-09-03 10:00:00,826.3,532.3,688.6,1096.5,776.9,622.0,80.5,15.5,441.3,10.1,165.0,1490.6,4452.8,6883.7,1916.6,1812.1,0.0,252.4,1527.9,568.6,535.0,528.3,5427.7,4907.3,2930.6,1478.7,3738.9,1838.7,2738.3,2141.0,1598.3,2864.4,973.0,2564.7,1124.8,3567.4,1579.0,4571.4,7848.2,5293.8,2001.5,159.3
2026-09-03 10:15:00,819.1,549.3,652.7,1079.8,773.3,655.3,87.7,10.4,437.1,13.5,168.9,1507.5,5031.2,6962.1,1883.4,1845.7,0.0,256.2,1491.9,578.5,520.1,542.0,5420.2,4916.1,2928.7,1392.7,3736.8,1583.1,2814.3,2140.6,1621.6,2857.2,975.0,2295.1,1122.3,3568.0,1573.0,4555.1,7817.8,5281.8,2006.3,161.8
2026-09-03 10:30:00,818.9,577.2,845.1,1051.7,771.5,681.4,86.5,10.5,425.9,13.9,160.5,1554.2,5295.9,7072.6,1876.1,1896.8,0.0,254.2,1478.0,611.5,515.3,563.1,5403.0,4939.3,2926.1,1221.5,3725.3,1427.9,2841.0,2150.4,1619.2,2827.1,969.7,2133.3,1119.5,3568.8,1565.4,4565.7,7799.6,5320.3,2008.8,163.9
2026-09-03 10:45:00,802.9,591.9,809.6,1077.2,769.2,697.2,100.6,10.5,423.6,17.5,164.6,1554.2,5303.4,7128.5,1826.3,1917.3,0.1,232.0,1493.5,643.7,511.2,579.6,5414.6,4874.2,2912.2,1199.5,3706.7,1428.1,2844.4,2151.0,1615.5,2826.0,968.6,2121.8,1119.9,3569.5,1555.7,4560.7,7774.3,5273.6,2017.5,169.4
2026-09-03 11:00:00,784.8,628.8,1004.1,1168.1,755.6,716.6,112.4,46.9,379.5,5.8,187.4,1645.0,5344.1,7565.3,2081.3,1974.6,63.3,165.7,1549.0,718.1,533.7,640.2,5373.8,4849.9,2909.6,1335.3,3746.1,1528.8,2817.4,2104.3,1663.8,2801.0,970.8,2017.0,1093.4,3556.5,1591.9,4471.9,7777.9,5318.3,2023.9,168.4
2026-09-03 11:15:00,778.7,642.9,995.8,1167.8,754.1,748.1,112.5,47.1,371.8,8.1,189.9,1648.8,5363.0,7551.5,2040.6,2023.0,61.0,161.4,1535.4,697.9,522.4,625.6,5388.0,4846.1,2902.6,1335.8,3746.9,1524.0,2817.3,2091.7,1663.7,2798.0,965.1,2017.6,1089.7,3557.4,1613.8,4472.4,7761.0,5294.4,2017.1,170.7
2026-09-03 11:30:00,762.0,655.7,986.9,1178.1,756.7,766.6,126.7,47.3,363.0,11.3,202.1,1633.8,5363.7,7489.6,1999.3,2016.5,58.7,157.8,1547.7,702.4,538.1,633.9,5393.4,4825.4,2892.1,1340.9,3734.2,1543.7,2811.4,2078.6,1664.4,2799.9,965.2,2037.1,1085.7,3558.6,1605.6,4468.6,7755.5,5268.9,2013.1,170.8
2026-09-03 11:45:00,768.3,675.6,993.9,1232.5,762.2,792.4,126.5,47.3,375.9,2.5,211.8,1645.6,5376.2,7355.4,1973.3,2040.4,56.4,155.8,1607.4,758.7,541.1,650.3,5396.3,4803.3,2889.7,1336.8,3733.9,1543.3,2811.7,2079.3,1667.0,2803.1,965.7,2027.9,1080.4,3559.9,1599.7,4445.6,7773.7,5262.2,2011.0,174.3
2026-09-03 12:00:00,795.3,707.8,1031.5,1304.9,772.3,811.3,97.6,66.2,342.3,19.2,180.6,1742.8,5469.2,7789.0,2262.1,2136.5,42.1,173.5,1675.7,816.2,540.3,687.0,5358.4,4771.7,2882.8,1423.9,3700.0,1404.8,2778.1,2056.0,1705.3,2806.2,973.1,2061.0,1077.6,3400.2,1593.2,4368.5,7760.1,5317.9,2008.0,180.0
2026-09-03 12:15:00,796.7,724.1,1036.1,1281.8,773.8,829.7,112.4,65.9,340.8,2.7,183.7,1708.4,5513.8,7556.0,2230.1,2139.4,41.2,144.4,1699.1,837.0,554.0,687.9,5345.8,4775.5,2880.4,1377.0,3690.4,1404.7,2776.7,2065.1,1702.8,2800.3,974.8,2060.4,1074.1,3401.5,1590.2,4382.6,7748.6,5309.7,2006.1,180.7
2026-09-03 12:30:00,798.0,730.9,1034.6,1376.9,769.5,844.6,112.4,66.0,363.1,2.9,188.6,1716.4,5527.3,7655.6,2204.7,2158.6,40.3,139.2,1728.3,859.4,565.7,700.9,5329.6,4742.3,2882.6,1372.1,3696.0,1402.8,2770.1,2057.9,1703.1,2798.2,973.0,2067.1,1070.9,3402.6,1582.9,4317.4,7753.3,5262.2,2015.4,182.0
2026-09-03 12:45:00,795.7,744.3,1042.2,1380.1,767.9,858.6,112.2,65.6,351.2,2.9,179.7,1725.5,5586.0,7754.5,2184.9,2177.1,39.4,144.1,1733.4,909.1,570.3,725.5,5317.8,4713.4,2884.2,1372.2,3700.3,1401.8,2772.8,2058.1,1708.0,2801.7,965.2,2067.2,1069.3,3403.4,1576.1,4320.3,7786.9,5226.7,2027.3,189.4
2026-09-03 13:00:00,817.9,763.5,1057.1,1293.9,799.3,862.6,81.0,73.5,358.2,18.5,277.0,1759.0,5637.2,7908.5,2307.8,2178.3,47.6,103.7,1818.5,949.8,572.7,728.9,5286.1,4759.9,2864.3,1428.6,3777.1,1524.4,2747.5,1964.5,1611.7,2824.9,964.3,2030.6,1065.1,2865.6,1560.9,4178.9,7858.6,5320.6,2040.5,193.4
2026-09-03 13:15:00,820.6,761.3,1113.3,1277.5,802.6,860.5,84.1,73.1,348.2,14.9,264.8,1761.9,5768.6,7913.5,2314.8,2181.6,47.8,103.7,1821.2,983.4,572.4,735.0,5331.4,4734.0,2864.7,1430.3,3781.2,1550.1,2748.8,1962.9,1610.7,2834.4,962.2,2057.9,1066.8,2866.3,1553.9,4166.5,7873.8,5277.5,2047.3,191.6
2026-09-03 13:30:00,820.9,753.7,1118.4,1243.2,808.7,851.3,71.6,72.6,335.7,3.8,289.9,1768.5,5830.3,7941.9,2314.0,2195.1,70.8,103.7,1828.3,1017.4,590.5,741.6,5331.7,4698.8,2870.2,1429.5,3782.8,1572.6,2746.2,1953.0,1611.7,2836.3,964.8,2067.8,1066.6,2867.0,1550.3,4171.7,7889.2,5232.3,2056.5,192.7
2026-09-03 13:45:00,827.9,753.2,1127.5,1216.2,799.2,835.9,65.9,72.5,334.8,3.9,288.3,1769.5,5863.7,7950.8,2311.5,2194.4,76.3,103.7,1840.3,1052.3,593.0,745.1,5331.3,4700.0,2866.7,1430.0,3778.4,1582.4,2748.6,1960.6,1613.0,2836.3,956.5,2068.3,1065.5,2867.6,1547.5,4184.9,7882.8,5212.1,2058.1,194.2
2026-09-03 14:00:00,814.7,748.4,1124.5,1172.5,784.2,816.6,89.6,82.4,325.7,19.9,292.4,1784.2,5873.2,8060.5,2234.8,2189.0,62.2,105.1,1665.6,1109.4,570.8,766.6,5342.2,4771.6,2873.6,1424.9,3804.0,1795.4,2743.9,1965.3,1612.5,2810.8,974.8,2127.3,1061.3,2903.3,1543.7,4229.7,7957.9,5154.1,2051.5,205.8
2026-09-03 14:15:00,817.2,740.2,1142.5,1140.1,796.2,792.5,71.6,81.9,312.7,9.1,300.9,1784.4,5865.3,8079.7,2245.0,2193.5,46.2,105.2,1661.4,1126.6,573.1,764.5,5345.7,4740.7,2881.8,1423.6,3803.6,1800.4,2745.6,1962.9,1613.9,2818.8,974.0,2146.5,1061.2,2903.4,1544.3,4234.7,7971.2,5137.0,2048.2,209.5
2026-09-03 14:30:00,827.2,730.2,1153.2,1030.0,804.8,756.2,63.0,81.5,300.0,9.1,310.3,1786.0,5863.0,8094.7,2233.4,2209.6,41.4,104.9,1634.0,1155.3,554.4,770.1,5343.2,4772.2,2880.3,1423.9,3807.0,1799.5,2741.6,1968.7,1608.5,2814.6,972.4,2169.5,1062.5,2904.0,1545.7,4255.7,7977.9,5120.6,2054.7,218.1
2026-09-03 14:45:00,839.4,721.2,1174.6,995.0,804.0,720.8,62.8,81.3,287.4,9.7,305.9,1783.8,5849.3,8100.1,2233.4,2208.4,43.6,105.0,1623.2,1191.7,547.2,776.3,5353.8,4767.2,2888.9,1432.8,3821.7,1814.7,2743.9,1982.5,1602.6,2816.0,976.6,2177.0,1063.7,2904.8,1546.1,4303.6,7974.2,5105.2,2057.7,220.8
2026-09-03 15:00:00,815.1,695.4,1192.6,951.3,799.1,685.9,78.5,51.2,256.3,9.1,257.7,1746.6,5677.3,8096.0,2171.8,2169.3,92.9,118.2,1672.6,1252.8,587.9,784.3,5460.8,4785.5,2889.1,1414.9,3800.1,1806.3,2753.0,1935.1,1621.3,2753.5,977.1,2153.1,1063.4,3108.1,1539.8,4503.9,7841.8,4855.5,2051.8,222.6
2026-09-03 15:15:00,817.5,676.7,1190.1,898.9,800.3,648.9,74.5,50.8,242.5,9.2,251.8,1743.8,5620.0,8164.2,2180.2,2168.9,91.1,118.2,1620.6,1276.7,569.5,782.3,5464.1,4789.8,2892.3,1422.2,3800.2,1824.8,2754.3,1941.1,1624.7,2757.3,979.3,2153.5,1065.6,3108.4,1539.3,4528.5,7868.5,4846.6,2050.6,225.0
2026-09-03 15:30:00,814.0,658.5,1204.0,868.6,790.3,617.7,74.2,50.5,239.8,20.4,224.1,1736.2,5538.5,8252.5,2176.0,2138.3,36.6,118.2,1594.4,1302.1,547.4,781.7,5434.3,4827.4,2908.7,1421.6,3809.7,1819.7,2752.7,1942.4,1624.2,2754.0,984.4,2221.7,1069.7,3108.6,1539.8,4605.1,7892.3,4814.7,2058.9,230.2
2026-09-03 15:45:00,816.9,639.4,1229.5,813.2,787.3,584.6,71.0,58.7,231.1,53.0,218.5,1729.4,4581.7,8281.7,2205.9,2110.9,111.0,118.2,1574.9,1335.3,534.2,782.1,5452.2,4847.2,2919.2,1422.4,3818.8,1790.5,2758.0,1953.8,1624.1,2751.4,986.5,2287.5,1073.7,3109.3,1541.1,4639.4,7910.0,4835.3,2062.8,234.7
2026-09-03 16:00:00,792.5,615.1,1204.3,787.0,764.4,538.8,42.6,77.9,230.7,17.5,223.6,1708.9,4850.4,8047.4,1913.9,2076.9,81.3,120.5,1614.2,1446.6,563.9,792.6,5409.4,4751.1,2945.0,1373.4,3779.5,1834.8,2806.9,2066.1,1651.7,2945.5,980.1,2228.1,1105.7,3420.8,1540.2,4756.4,7985.5,4720.5,2044.6,232.8
2026-09-03 16:15:00,778.8,595.5,1025.2,767.0,769.1,490.2,31.6,77.4,238.4,30.3,219.9,1712.4,4695.2,8123.9,1944.4,2044.6,75.8,120.2,1439.8,1469.5,555.8,800.0,5420.2,4772.2,2958.9,1417.0,3785.7,1898.8,2806.1,2069.8,1650.3,2944.8,987.1,2261.3,1109.9,3421.4,1543.1,4786.0,8034.0,4701.9,2052.8,230.5
2026-09-03 16:30:00,793.0,576.4,838.9,689.1,776.5,432.3,31.0,76.6,243.0,46.7,217.7,1703.3,5453.6,8405.8,1945.8,1965.3,55.7,118.5,1434.3,1512.6,542.6,806.4,5435.2,4770.4,2969.2,1415.7,3786.7,1906.1,2802.3,2075.1,1645.6,2937.8,983.8,2228.1,1109.6,3422.2,1547.7,4843.8,8070.1,4737.6,2062.0,223.8
2026-09-03 16:45:00,802.8,559.2,896.7,626.5,785.1,371.8,31.0,88.0,238.9,44.8,217.2,1698.1,4597.0,8380.1,2002.0,1946.5,0.0,144.1,1421.6,1697.3,540.9,829.8,5437.8,4755.5,2969.8,1416.8,3778.8,1921.0,2801.4,2120.0,1650.9,2957.4,983.6,2227.6,1109.5,3422.9,1554.3,4859.1,8147.2,4743.2,2076.5,222.8
2026-09-03 17:00:00,823.9,516.9,965.4,609.9,787.5,312.3,33.2,25.8,245.8,59.0,165.8,1608.4,4559.2,7864.1,1798.3,1948.0,45.0,107.6,1785.5,1679.9,573.6,874.9,5487.9,4806.8,2989.9,1315.8,3881.3,1733.9,2831.1,2080.3,1627.1,2934.0,1000.8,2337.9,1109.4,3617.4,1554.5,4917.0,8280.9,4649.5,2114.3,278.3
2026-09-03 17:15:00,834.5,490.8,1047.9,574.5,791.9,256.6,41.0,25.3,259.2,62.3,164.1,1609.0,4472.1,8160.6,1871.5,1924.5,50.1,107.7,1586.6,1718.9,556.3,876.1,5499.9,4792.4,2988.7,1315.9,3879.3,1771.4,2820.4,2081.6,1625.0,2935.8,996.2,2328.5,1105.3,3618.0,1560.1,4962.0,8338.8,4812.4,2131.8,283.7
2026-09-03 17:30:00,847.6,468.9,1132.0,738.2,800.3,206.5,36.2,24.9,271.5,60.5,166.0,1591.0,4367.5,8135.3,1885.6,1908.8,0.1,110.2,1580.9,1743.4,549.4,911.5,5526.0,4778.9,2976.0,1422.7,3875.4,2072.0,2814.7,2147.4,1619.0,2968.8,962.0,2480.1,1102.9,3620.2,1565.2,4948.8,8404.4,4908.7,2134.4,282.7
2026-09-03 17:45:00,850.4,448.9,1187.8,749.9,800.7,191.4,33.2,43.0,284.5,54.6,169.1,1569.6,4312.9,8028.9,1942.7,1880.7,0.0,111.4,1594.9,2135.7,544.9,955.6,5529.0,4747.5,2976.8,1423.4,3812.1,2651.7,2825.7,2188.6,1619.1,3002.5,968.5,2613.0,1103.0,3620.9,1572.8,4977.5,8466.3,4889.7,2135.7,278.4
2026-09-03 18:00:00,857.6,419.9,1266.3,932.8,804.8,314.6,16.3,24.7,260.3,44.3,212.8,1489.2,4380.4,7479.8,1746.4,1846.1,27.5,96.1,1694.4,2371.3,568.8,929.9,5627.9,4796.4,2954.0,1392.0,3995.4,2783.7,2835.7,2179.3,1621.2,2966.4,974.4,2611.9,1109.8,3727.1,1565.2,4984.3,8479.6,4877.5,2122.2,322.7
2026-09-03 18:15:00,865.9,403.4,1309.4,871.7,814.9,289.8,13.2,24.5,270.6,39.0,216.4,1471.9,4330.6,7433.1,1649.9,1822.8,99.1,96.3,1541.2,2390.5,560.5,1162.9,5633.0,4788.7,2950.2,1489.1,3989.9,3322.7,2847.6,2239.6,1607.2,3004.6,976.0,2729.4,1109.4,3727.7,1569.4,5003.3,8506.9,4857.3,2121.7,323.2
2026-09-03 18:30:00,874.2,392.1,1375.4,859.8,820.7,319.9,14.4,25.2,289.0,38.3,235.7,1439.3,4325.8,7722.7,1510.4,1815.1,108.7,96.4,1545.1,2422.1,562.8,1266.0,5651.5,4818.5,2956.8,1506.9,3998.6,3735.3,2842.8,2210.4,1606.5,3026.9,984.2,2860.6,1108.7,3728.5,1572.1,4990.3,8526.9,4845.5,2105.8,323.6
2026-09-03 18:45:00,883.1,384.4,1394.6,858.1,825.5,355.4,16.8,43.5,302.5,125.3,252.7,1417.1,3772.5,7230.3,1749.8,2059.3,41.4,76.8,1569.5,2592.2,558.7,1262.3,5664.1,4806.2,2962.5,1500.3,3992.3,3936.8,2835.5,2211.1,1607.0,3006.7,983.6,2807.6,1107.4,3729.7,1573.3,5011.7,8555.7,4867.5,2104.4,319.8
2026-09-03 19:00:00,889.2,378.1,1405.4,862.0,832.7,374.7,58.6,11.1,333.7,34.0,250.0,1340.9,3749.7,6791.8,1857.9,1885.5,39.9,91.6,1663.9,2610.7,529.4,1299.9,5701.6,4827.6,2953.0,1529.5,3839.0,3853.0,2858.6,2198.6,1694.0,3078.1,1009.3,3472.2,1101.1,3676.5,1567.1,4917.0,8538.8,4994.6,2106.1,341.0
2026-09-03 19:15:00,886.9,389.9,1424.4,872.9,837.9,375.4,59.0,11.3,340.6,65.1,254.8,1319.8,3459.0,6834.3,1888.3,1915.0,39.4,73.1,1479.9,2586.3,532.8,1299.8,5717.1,4833.7,2959.5,1530.5,3848.5,4204.1,2860.8,2197.9,1703.1,3074.1,1010.5,3453.9,1096.9,3678.6,1565.7,4949.5,8533.5,5008.7,2106.3,336.8
2026-09-03 19:30:00,886.2,388.2,1410.0,876.2,844.1,364.9,61.2,14.3,353.8,108.6,262.4,1339.1,3449.5,7044.7,1868.0,1958.1,39.3,74.1,1469.7,2629.0,537.5,1305.7,5710.5,4833.4,2961.9,1531.4,3855.6,4231.9,2858.5,2153.2,1710.3,3075.1,1011.5,3499.8,1091.7,3681.0,1565.4,4953.1,8535.3,4995.2,2109.1,335.6
2026-09-03 19:45:00,890.2,392.2,1419.1,885.9,841.8,362.0,62.3,29.2,362.4,117.4,263.4,1333.7,3366.9,7116.7,1877.0,2025.8,40.1,75.7,1456.8,2868.5,543.6,1310.1,5696.5,4827.7,2968.5,1534.0,3850.5,3950.8,2863.0,2125.4,1700.8,3060.5,1012.3,3533.7,1085.9,3683.6,1568.7,4976.2,8540.7,4951.0,2102.2,358.8
2026-09-03 20:00:00,900.5,361.8,1399.9,884.4,831.8,398.3,10.7,76.8,365.5,101.3,282.7,1386.3,3231.3,6973.7,1665.4,1953.5,57.5,49.2,1397.0,2701.4,520.7,1320.8,5627.7,4704.8,2968.9,1531.6,3854.3,4367.4,2880.3,2054.1,1711.4,3067.1,1017.1,3399.6,1108.3,3614.7,1571.4,4975.7,8527.9,5076.2,2103.5,372.1
2026-09-03 20:15:00,893.2,358.4,1378.8,892.0,827.0,362.8,10.9,74.4,361.6,105.1,261.8,1376.4,3219.6,6923.7,1677.6,1946.3,62.8,49.2,1393.3,2710.9,518.0,1325.4,5609.6,4713.4,2971.0,1533.4,3850.0,4370.4,2881.6,1994.9,1710.1,3065.5,1017.9,3498.1,1104.0,3616.7,1570.0,4995.2,8537.1,5071.1,2084.5,371.6
2026-09-03 20:30:00,887.4,358.7,1356.0,893.9,821.8,345.8,10.7,74.5,356.8,106.3,250.5,1367.0,3209.6,6779.6,1683.7,1936.3,55.5,49.2,1389.6,2734.7,514.0,1371.3,5580.2,4674.1,2972.3,1535.2,3860.6,4336.5,2880.6,1976.8,1717.4,3064.9,1023.1,3506.9,1098.8,3618.3,1565.1,4983.0,8526.2,5058.3,2073.1,370.3
2026-09-03 20:45:00,878.7,379.7,1326.8,915.4,810.3,336.9,8.1,74.4,354.6,103.5,260.4,1368.8,3253.2,6597.9,1683.7,1918.2,36.7,49.5,1385.7,2762.4,510.7,1356.6,5556.1,4678.0,2984.2,1536.6,3862.4,4271.1,2878.7,1987.5,1713.1,3055.2,1026.0,3492.8,1092.6,3619.8,1556.3,4955.3,8500.7,4956.2,2048.6,345.4
2026-09-03 21:00:00,857.1,360.1,1281.4,935.7,785.4,289.7,15.4,66.4,347.7,107.9,207.0,1414.1,2964.8,6701.8,1671.5,1931.4,0.0,117.5,1389.5,2594.7,489.4,1368.1,5550.7,4670.5,2972.9,1604.3,3850.2,4002.4,2911.1,2070.5,1689.1,3140.7,1032.3,3432.6,1082.1,3280.0,1473.4,5012.9,8335.7,4945.2,1997.8,341.9
2026-09-03 21:15:00,843.7,359.7,1235.4,969.5,770.2,285.0,15.8,65.1,340.6,107.9,200.4,1409.5,3037.1,6486.4,1671.7,1899.8,18.3,115.3,1382.1,2587.1,487.5,1349.5,5571.4,4673.1,2967.8,1566.1,3834.0,3957.6,2911.5,2134.6,1692.1,3139.6,1027.2,3327.5,1073.2,3282.0,1461.3,5026.8,8262.6,4823.0,1956.0,341.9
2026-09-03 21:30:00,823.9,355.9,1183.8,815.5,751.4,278.0,14.4,65.1,352.6,45.3,188.3,1388.6,3042.8,6346.4,1710.2,1881.2,42.6,116.0,1378.6,2683.8,484.0,1352.8,5558.4,4627.4,2955.2,1568.2,3826.2,3798.1,2905.7,2125.8,1694.1,3138.3,1026.0,3310.2,1064.9,3283.7,1449.8,5014.3,8203.7,4820.7,1922.3,344.4
2026-09-03 21:45:00,810.1,363.1,1137.9,858.4,730.4,278.7,14.9,65.1,344.6,42.9,179.4,1381.8,3070.8,6146.8,1702.8,1881.2,11.2,116.3,1370.3,2690.5,483.2,1353.5,5522.1,4597.5,2939.6,1566.5,3806.1,3519.7,2903.3,2092.3,1703.2,3137.2,1021.5,3292.8,1055.5,3285.6,1439.2,4961.0,8127.7,4820.0,1889.7,347.5
2026-09-03 22:00:00,774.1,375.8,1101.4,660.9,707.5,225.0,2.0,55.2,314.7,37.5,189.4,1297.9,2856.7,5988.3,1629.6,1888.8,150.2,60.3,1328.3,2613.3,466.9,1367.4,5363.0,4656.4,2887.1,1642.9,3992.3,3813.5,2880.0,1942.5,1613.9,3175.6,1015.8,3299.7,1042.9,2853.5,1417.0,4901.3,8002.1,4788.9,1836.6,325.1
2026-09-03 22:15:00,768.0,373.4,1078.0,692.9,690.5,221.3,2.0,55.1,323.3,25.4,179.7,1274.3,3066.2,5876.7,1640.0,1862.4,150.8,61.3,1322.4,2500.5,461.8,1371.5,5298.3,4651.3,2857.2,1581.1,3965.0,3809.7,2872.7,1881.0,1627.5,3131.2,1011.9,3114.6,1038.0,2861.3,1404.8,4888.2,7889.2,4788.1,1795.8,329.0
2026-09-03 22:30:00,758.8,362.2,1063.0,727.7,672.4,221.9,2.0,55.1,312.8,31.7,177.0,1286.8,3242.9,5970.6,1647.3,1900.7,139.5,82.3,1317.7,2622.8,456.0,1375.4,5250.4,4588.8,2818.9,1579.8,3945.2,3451.8,2861.0,1865.0,1623.6,3112.6,1003.4,3025.8,1034.6,2869.0,1387.7,4849.9,7802.2,4786.0,1766.5,332.7
2026-09-03 22:45:00,789.8,311.4,1044.6,765.5,657.2,221.9,3.4,55.1,309.3,36.7,170.4,1292.1,3406.6,5906.8,1638.3,1955.5,141.9,83.4,1312.5,2627.2,453.6,1378.3,5222.0,4533.3,2790.3,1578.9,3890.9,3194.5,2855.2,1858.7,1620.9,3089.9,999.7,3005.2,1027.2,2876.8,1371.2,4838.4,7707.9,4779.6,1729.5,336.8
2026-09-03 23:00:00,732.3,339.0,1050.2,845.8,637.8,194.1,12.0,60.4,307.6,46.7,156.4,1284.5,3585.0,6124.2,1618.3,1889.7,93.9,68.4,1186.3,2620.8,440.3,1054.1,4973.2,4486.0,2691.6,1593.6,3601.3,3070.2,2815.4,1884.8,1650.2,3152.6,973.7,2561.8,1014.8,2688.3,1452.2,4772.2,7516.0,4728.3,1669.0,325.0
2026-09-03 23:15:00,723.9,333.8,1029.6,880.1,620.2,201.3,13.3,60.1,293.1,46.2,143.2,1282.0,3745.0,5591.7,1590.7,1928.4,101.2,89.0,1183.9,2572.7,438.4,1054.8,4931.9,4425.0,2645.9,1552.6,3573.9,3059.3,2806.4,1879.8,1649.7,3143.5,962.8,2417.5,1006.6,2694.5,1437.1,4758.8,7434.6,4721.0,1632.2,331.2
2026-09-03 23:30:00,714.9,328.0,1006.0,916.4,608.2,204.3,14.8,60.1,292.9,47.7,151.6,1302.4,3778.7,5675.2,1597.4,1983.8,96.1,89.6,1182.5,2565.0,437.3,1050.6,4892.3,4422.2,2610.4,1503.1,3556.5,2995.1,2795.1,1884.9,1649.4,3142.8,951.4,2308.8,1000.5,2699.5,1420.4,4734.4,7347.5,4563.5,1607.5,336.9
2026-09-03 23:45:00,747.4,308.8,983.4,961.6,599.5,206.3,14.7,60.1,289.5,36.6,138.2,1273.8,3805.7,5598.7,1576.7,1918.0,98.1,70.2,1180.8,2604.3,437.5,1042.5,4902.9,4332.3,2560.3,1501.1,3528.9,2968.5,2786.9,1880.3,1650.0,3137.8,944.2,2203.7,995.0,2702.6,1405.4,4728.5,7254.9,4544.9,1571.6,342.1
2026-09-04 00:00:00,711.2,283.4,902.0,1258.0,610.5,103.5,2.1,21.4,260.2,61.0,133.5,1355.3,3350.4,5702.3,1232.7,1788.9,38.3,155.7,1443.0,2116.1,486.5,994.2,4839.8,4319.9,2462.3,1251.6,3405.0,2090.1,2735.7,1974.0,1576.5,3188.1,959.3,2157.5,1030.7,3202.0,1390.0,4342.4,7115.3,4539.0,1458.4,419.7
2026-09-04 00:15:00,705.0,275.4,896.6,1285.1,622.2,105.0,2.0,25.4,257.5,61.0,149.2,1325.8,3389.8,5624.8,1259.8,1773.0,38.4,135.7,1416.6,2211.6,448.6,1027.8,4807.0,4315.0,2442.4,1253.9,3431.6,1991.5,2726.1,1969.0,1572.5,3164.1,950.4,1914.3,1023.1,3203.4,1396.1,4324.8,7080.6,4521.3,1443.3,428.7
2026-09-04 00:30:00,700.7,271.3,1119.8,1343.1,596.4,106.3,2.0,29.9,247.3,61.0,148.3,1329.2,3360.0,5520.0,1354.1,1763.0,46.8,135.7,1416.4,2200.1,448.8,1032.9,4779.9,4318.9,2398.8,1254.4,3402.1,1994.1,2712.8,1942.2,1570.6,3142.3,946.0,1867.0,1014.4,3203.7,1401.0,4274.3,7016.0,4533.6,1423.5,439.5
2026-09-04 00:45:00,699.9,267.7,1118.0,1368.4,606.8,106.6,2.0,26.1,246.8,51.1,139.4,1331.6,3366.8,5524.3,1512.5,1768.3,47.3,135.8,1418.7,2188.5,449.9,1031.4,4759.1,4313.7,2365.3,1255.0,3385.1,1977.2,2703.7,1932.7,1581.8,3143.2,948.8,1881.7,1004.9,3203.0,1401.1,4258.6,7001.6,4513.6,1420.7,446.6
2026-09-04 01:00:00,706.5,262.3,1108.8,1427.0,610.4,95.2,1.0,61.6,234.1,54.3,158.0,1339.5,3324.9,5520.5,1572.7,1745.0,13.7,149.4,1404.7,2137.0,443.5,1037.5,4750.3,4278.2,2311.2,1204.9,3373.5,1964.8,2679.2,1978.2,1518.1,3181.2,939.1,1904.0,988.9,3089.1,1394.2,4278.3,6998.1,4453.9,1416.6,458.6
2026-09-04 01:15:00,709.2,259.6,1097.7,1433.5,611.9,93.9,1.0,61.6,233.2,52.3,158.9,1342.1,3382.3,5454.6,1573.6,1746.1,13.4,149.4,1406.1,2081.1,444.1,1032.5,4731.4,4278.6,2291.5,1204.6,3360.0,1956.7,2672.8,1978.3,1516.5,3181.9,974.5,1999.5,983.3,3088.9,1389.3,4227.4,6981.7,4453.9,1408.7,455.1
2026-09-04 01:30:00,707.6,257.0,1084.0,1448.3,614.2,95.4,1.0,61.6,240.8,54.4,164.0,1343.2,3422.4,5438.0,1555.0,1753.6,23.1,169.4,1405.4,1991.6,441.5,1029.9,4714.4,4280.7,2266.6,1208.8,3347.3,1946.4,2668.5,1951.1,1511.9,3167.9,964.2,1994.0,976.0,3089.3,1382.6,4165.7,6949.0,4444.7,1397.3,472.6
2026-09-04 01:45:00,710.5,254.4,1072.4,1465.9,631.1,101.4,1.0,61.6,235.9,47.4,150.3,1350.7,3447.3,5273.4,1555.2,1729.8,20.6,169.4,1407.4,1930.5,441.5,1026.2,4778.9,4284.7,2242.3,1230.6,3337.3,1947.7,2664.3,1938.5,1513.9,3186.0,960.4,2075.8,969.1,3090.2,1372.8,4148.2,6924.1,4427.6,1392.4,474.8
2026-09-04 02:00:00,732.2,259.9,1083.6,1482.3,618.9,104.3,32.0,59.0,239.9,31.7,156.1,1338.3,3359.8,5278.6,1551.9,1710.7,31.1,169.1,1275.9,1989.3,420.7,998.1,4750.7,4283.2,2227.7,1252.9,3312.0,1884.4,2642.7,1967.7,1502.0,3213.1,938.8,1783.8,962.1,2916.2,1351.1,4067.2,6963.4,4494.7,1374.7,508.8
2026-09-04 02:15:00,731.1,259.2,1074.5,1480.1,624.2,104.9,33.3,60.3,225.9,32.2,136.7,1340.5,3355.8,5287.8,1549.1,1727.9,31.7,148.7,1277.8,1922.0,420.2,994.4,4744.3,4285.0,2211.5,1253.0,3316.2,1878.7,2641.0,1971.5,1500.2,3211.8,900.2,1801.1,960.9,2923.3,1343.2,4014.6,6954.9,4496.0,1372.4,519.9
2026-09-04 02:30:00,732.1,252.3,1069.3,1480.2,623.5,106.7,34.7,63.7,234.3,37.1,129.4,1345.4,3361.8,5352.7,1538.7,1736.1,32.3,148.3,1276.2,1851.9,417.2,981.8,4742.2,4282.0,2200.1,1253.5,3316.3,1871.4,2638.4,1937.9,1499.7,3206.0,893.8,1922.3,960.3,2929.5,1340.6,3995.9,6957.3,4489.2,1370.6,534.9
2026-09-04 02:45:00,731.4,243.1,1066.4,1484.1,621.0,103.0,34.7,57.5,243.7,35.3,111.4,1347.4,3575.4,5347.2,1530.5,1745.9,30.7,147.8,1273.2,1792.1,414.6,977.8,4692.4,4250.7,2192.9,1256.8,3319.6,1864.1,2634.5,1937.4,1498.9,3208.1,892.3,2011.1,961.0,2934.6,1342.4,3981.9,6935.7,4482.8,1368.0,530.2
2026-09-04 03:00:00,733.5,240.8,1097.9,1471.0,619.0,102.8,33.5,58.2,240.0,41.6,133.2,1358.9,4186.2,5645.2,1492.9,1760.5,49.3,152.1,1027.1,1560.4,412.1,971.0,4648.8,4298.8,2155.7,1286.4,3301.9,1803.7,2629.7,1972.7,1499.8,3192.0,883.1,2193.5,962.8,2931.7,1285.1,3882.1,6874.6,4472.7,1371.1,550.3
2026-09-04 03:15:00,734.2,239.2,1118.5,1480.1,622.8,104.4,34.7,60.8,226.0,44.6,119.2,1360.6,4512.3,5677.4,1479.4,1763.9,49.9,152.1,1024.3,1493.6,409.0,953.7,4663.4,4298.6,2149.7,1286.7,3308.3,1797.3,2630.7,1977.3,1503.3,3196.5,880.2,2194.0,961.2,2934.7,1286.0,3872.2,6853.5,4479.1,1360.6,555.8
2026-09-04 03:30:00,748.0,243.8,1120.7,1490.0,632.8,105.9,34.7,61.2,244.5,41.8,119.8,1361.8,4527.6,5756.2,1480.1,1766.8,50.6,151.9,1021.6,1426.1,404.3,943.4,4613.4,4284.2,2149.0,1290.2,3348.1,1773.8,2627.9,1953.1,1498.2,3179.1,879.4,2083.8,959.7,2936.6,1284.8,3852.9,6854.4,4479.1,1367.4,565.1
2026-09-04 03:45:00,750.5,237.3,1125.2,1504.4,637.9,105.9,34.7,62.8,241.2,46.4,96.3,1362.9,4576.8,5822.5,1476.4,1771.6,66.8,131.8,1018.3,1379.1,401.0,934.0,4623.6,4254.1,2140.6,1290.7,3364.1,1773.9,2628.6,1976.1,1497.9,3189.0,875.1,2190.0,959.0,2935.9,1280.8,3841.1,6833.7,4485.2,1358.7,565.6
2026-09-04 04:00:00,737.7,237.6,1144.5,1506.3,643.5,106.3,3.7,100.4,260.0,44.2,129.8,1382.6,4776.0,5783.1,1483.9,1792.4,52.3,150.4,1103.3,1330.4,388.9,914.1,4830.6,4432.7,2135.4,1256.0,3465.1,1732.7,2621.7,1915.4,1496.6,3189.1,877.2,2038.4,956.3,2943.4,1260.1,3908.7,6772.1,4378.1,1357.7,567.6
2026-09-04 04:15:00,721.0,239.5,1159.0,1513.6,659.5,105.9,2.4,101.7,261.0,42.8,117.9,1383.4,4699.7,5815.1,1487.3,1788.7,52.4,150.3,1100.4,1278.1,388.0,900.0,4811.2,4414.8,2143.6,1255.7,3473.1,1726.8,2622.8,1916.7,1495.9,3184.4,876.6,2040.3,955.5,2941.3,1259.0,3891.7,6777.5,4383.8,1362.9,573.9
2026-09-04 04:30:00,730.3,241.0,956.5,1503.5,675.1,105.4,1.0,105.4,253.9,42.1,118.1,1384.4,4670.1,5884.3,1451.0,1785.1,42.4,150.0,1098.6,1220.0,386.8,884.4,4900.5,4395.1,2141.1,1256.2,3486.4,1718.0,2619.9,1911.2,1496.2,3194.5,875.7,2028.1,956.7,2938.4,1263.6,3873.1,6785.2,4382.6,1366.0,581.4
2026-09-04 04:45:00,739.7,244.9,990.4,1498.8,692.0,104.9,1.0,102.1,254.5,45.5,113.1,1386.5,4388.7,5971.8,1477.9,1745.6,42.2,149.7,1099.6,1177.7,385.9,867.0,4879.3,4390.3,2147.3,1255.7,3496.5,1708.0,2621.2,1948.1,1496.0,3202.1,870.8,2043.6,960.4,2935.8,1272.0,3872.5,6778.5,4396.0,1365.6,588.3
2026-09-04 05:00:00,795.2,242.8,1012.1,1491.9,707.6,104.1,21.0,92.6,263.5,41.0,101.5,1372.3,4382.2,6282.0,1465.9,1787.2,88.0,69.1,1189.2,1167.2,394.1,845.3,5267.8,4459.5,2166.9,1205.3,3515.1,1728.6,2739.4,2010.7,1542.5,3063.3,887.4,2233.3,968.2,3447.2,1295.7,4013.4,6840.5,4436.3,1391.2,595.8
2026-09-04 05:15:00,778.7,244.7,1056.1,1467.9,712.6,104.6,21.0,93.0,271.0,42.0,105.6,1372.2,4217.0,6352.0,1485.4,1771.2,107.3,69.7,1045.5,1128.7,400.9,841.4,5266.6,4502.7,2202.8,1210.8,3540.6,1793.9,2701.6,2016.6,1542.7,3132.0,892.0,2260.7,976.2,3445.6,1314.5,4032.1,6903.6,4460.6,1412.6,606.7
2026-09-04 05:30:00,786.1,258.8,1074.0,1457.4,706.9,109.2,21.0,90.2,281.9,32.5,120.2,1370.7,3637.6,6217.5,1450.9,1870.4,106.4,69.9,1054.4,1077.3,408.4,820.8,5277.3,4505.4,2224.6,1210.1,3563.6,1716.3,2705.9,2065.1,1534.7,3137.0,930.7,2258.9,984.0,3445.5,1334.7,4093.7,6982.1,4509.8,1437.9,606.5
2026-09-04 05:45:00,794.1,267.4,1112.0,1444.9,721.2,115.3,21.0,91.6,293.6,39.8,121.1,1372.0,3657.4,6275.9,1508.0,2003.8,125.6,70.4,1065.9,1198.9,417.5,807.1,5341.6,4516.7,2267.2,1237.8,3585.9,1923.5,2718.2,2169.7,1537.2,3150.3,922.7,2379.1,987.3,3446.8,1351.6,4154.9,7068.8,4543.0,1461.9,610.2
2026-09-04 06:00:00,842.2,258.9,1156.6,1469.1,757.2,197.9,1.0,61.9,304.1,74.2,142.5,1358.9,3905.8,6898.6,1530.4,2148.6,37.3,66.1,1154.8,1037.4,451.6,782.3,5572.3,4506.3,2391.3,1335.0,3773.4,2367.7,2750.1,2423.8,1539.0,3170.3,880.9,2296.1,1015.9,3746.1,1378.0,4378.5,7359.7,4492.9,1538.9,609.4
2026-09-04 06:15:00,852.0,276.0,1176.4,1475.4,776.0,204.7,1.0,63.3,318.9,85.5,123.4,1356.8,3905.0,7015.6,1548.5,2179.2,41.9,66.4,1141.4,1114.9,462.2,776.0,5566.3,4494.1,2454.7,1332.3,3839.6,2888.3,2774.9,2454.6,1538.6,3171.9,894.0,2332.6,1029.4,3749.6,1395.5,4454.7,7477.6,4583.3,1574.8,604.8
2026-09-04 06:30:00,875.2,264.8,1183.7,1664.7,793.9,212.5,1.0,65.5,333.9,84.9,131.1,1354.2,3925.9,7755.5,1546.6,2183.8,38.9,66.3,1158.4,1070.2,475.2,748.7,5588.1,4497.0,2520.0,1332.5,3884.8,2981.1,2792.1,2517.3,1545.5,3189.0,911.5,2379.9,1033.7,3753.1,1418.0,4471.5,7615.3,4625.7,1631.6,592.6
2026-09-04 06:45:00,876.5,286.5,1183.9,1670.1,808.7,223.3,1.0,65.7,355.5,156.9,154.5,1352.6,3961.2,8091.6,1556.7,2165.3,56.0,60.7,1176.5,1031.8,498.3,707.3,5617.6,4514.5,2593.4,1332.4,3863.0,3036.1,2802.5,2530.3,1551.1,3192.7,925.2,2457.4,1042.9,3757.2,1439.8,4456.8,7751.7,4807.6,1673.6,582.8
2026-09-04 07:00:00,921.1,299.5,1213.4,1657.8,817.8,367.3,12.0,59.1,381.8,140.4,136.6,1431.7,4156.2,8187.1,1622.7,2130.5,57.6,105.1,1179.7,778.3,536.2,693.5,5707.1,4496.5,2796.5,1331.2,3718.1,3879.2,2887.7,2613.9,1597.3,3117.5,987.2,2207.2,1050.6,3937.5,1577.6,4660.9,8054.7,5009.1,1746.1,626.9
2026-09-04 07:15:00,927.1,375.8,1221.7,1654.9,836.6,387.9,12.0,59.5,394.3,165.9,145.0,1435.4,4172.1,8643.0,1616.8,2132.4,19.0,106.1,1200.8,730.0,544.0,627.1,5726.1,4490.8,2857.4,1330.7,3745.2,3585.6,2914.1,2687.6,1592.9,3133.0,1003.1,2311.2,1055.1,3940.3,1588.6,4641.5,8128.3,5033.9,1783.6,613.8
2026-09-04 07:30:00,938.1,383.1,1214.4,1643.7,849.1,408.3,12.0,57.8,407.3,166.7,161.9,1431.5,4189.3,8819.1,1639.7,2158.4,67.9,105.8,1205.4,721.4,550.1,586.3,5745.7,4511.8,2890.2,1331.9,3762.4,3557.8,2908.1,2729.7,1597.9,3161.0,1016.8,2388.9,1059.8,3940.8,1598.8,4619.1,8190.7,5084.5,1805.9,593.7
2026-09-04 07:45:00,948.5,388.4,1204.2,1645.8,855.8,432.3,12.0,57.0,416.4,161.6,178.6,1434.6,4134.2,8878.0,1659.6,2176.5,96.8,105.0,1226.2,708.9,569.3,537.5,5766.2,4505.1,2928.2,1331.9,3775.0,3478.2,2940.8,2734.8,1608.5,3189.1,1023.0,2572.3,1063.5,3939.5,1610.7,4597.9,8252.0,5094.8,1844.3,608.0
2026-09-04 08:00:00,970.8,394.0,1168.4,1639.0,862.6,472.0,12.8,47.7,417.0,161.9,184.7,1345.9,4321.3,8866.0,1981.0,2155.4,210.7,43.8,1397.7,898.1,597.1,528.5,5795.3,4631.3,2986.8,1387.8,3920.5,3468.7,2961.8,2794.9,1634.5,3164.9,1043.9,2596.3,1055.5,3916.7,1611.1,4570.0,8277.0,5172.9,1870.7,571.3
2026-09-04 08:15:00,967.0,400.1,1153.0,1663.1,867.2,483.4,12.8,46.4,411.3,159.6,189.1,1340.0,4315.1,8630.8,1962.9,2159.7,225.3,44.4,1399.5,707.0,596.3,490.2,5782.5,4680.7,3000.4,1388.4,3920.7,3477.7,2972.3,2758.6,1635.6,3164.2,1046.5,2662.3,1061.8,3913.2,1613.7,4552.4,8281.3,5162.0,1887.1,533.7
2026-09-04 08:30:00,955.7,409.1,1131.4,1684.2,868.4,495.7,13.4,47.0,410.0,160.1,187.0,1364.7,4337.5,8084.1,1974.1,2178.5,230.2,45.0,1404.5,706.8,597.9,460.1,5778.6,4693.6,3009.4,1388.4,3918.0,3140.5,2974.0,2799.2,1637.4,3171.5,1053.5,2613.0,1081.8,3909.9,1614.1,4534.3,8268.7,5187.8,1885.0,521.6
2026-09-04 08:45:00,949.3,416.2,1106.9,1682.2,864.6,512.9,23.9,47.7,411.0,158.3,196.4,1388.7,4401.5,7720.3,1990.5,2192.7,237.7,65.5,1583.5,702.9,616.1,447.0,5768.0,4700.4,3018.8,1388.7,4022.5,2926.1,2981.2,2797.6,1638.3,3162.3,1063.4,2618.5,1080.6,3906.0,1613.2,4516.6,8250.4,5153.1,1891.9,513.5
2026-09-04 09:00:00,929.6,336.9,1082.7,1463.8,863.1,485.9,5.7,35.5,396.3,104.5,184.4,1448.4,4569.6,8170.2,1997.3,2221.4,107.4,78.7,1385.5,925.8,636.6,474.4,5740.0,4696.0,3038.9,1395.3,4034.2,2925.8,2985.1,2742.6,1638.6,3163.0,1042.5,2870.0,1081.4,3911.3,1607.8,4442.7,8171.2,5131.6,1899.1,511.8
2026-09-04 09:15:00,931.3,356.8,1079.3,1481.4,860.0,501.8,10.7,27.6,402.0,40.3,185.3,1450.0,4592.2,7921.9,1969.3,2240.9,128.0,79.1,1387.5,743.0,643.6,457.0,5728.6,4703.5,3038.6,1396.4,4022.5,2718.3,2997.6,2758.0,1643.8,3165.1,1038.3,2859.0,1092.1,3911.4,1604.3,4436.8,8142.7,5105.9,1901.4,499.1
2026-09-04 09:30:00,925.8,363.7,1073.9,1506.1,857.0,508.4,12.9,28.1,391.3,35.0,188.3,1465.9,4610.8,7735.4,1971.7,2158.6,130.1,78.8,1387.0,743.1,643.7,464.8,5719.9,4710.1,3046.9,1396.4,4030.4,2333.5,2980.3,2783.0,1637.6,3146.1,1048.3,2741.9,1095.4,3912.0,1601.7,4430.9,8124.4,5124.1,1903.8,482.6
2026-09-04 09:45:00,917.0,357.0,1059.2,1532.0,854.0,516.4,24.3,28.4,382.8,28.7,200.9,1496.9,4668.6,7963.8,1943.2,2013.5,148.1,86.3,1574.2,760.2,655.7,504.1,5711.0,4719.5,3044.7,1397.5,4020.5,2405.1,2981.4,2738.1,1649.8,3110.6,1046.3,2524.4,1095.6,3912.6,1600.2,4423.2,8112.4,5138.1,1911.2,470.0
2026-09-04 10:00:00,914.6,375.0,1052.5,1546.6,846.4,517.3,60.0,17.2,388.0,42.0,228.6,1565.1,4519.6,8561.5,2159.2,1862.0,128.2,98.9,1377.2,946.3,658.5,456.4,5689.3,4635.5,3042.0,1362.1,3860.2,1736.0,2991.6,2692.1,1670.6,3113.6,1017.5,2774.6,1091.1,3927.5,1598.8,4379.3,8072.7,5135.3,1927.0,361.4
2026-09-04 10:15:00,910.8,386.7,1036.2,1556.3,843.0,531.4,59.8,8.7,377.6,35.6,222.7,1586.5,4979.7,8306.6,2154.3,1861.8,108.4,100.3,1378.3,793.5,657.8,470.8,5664.7,4643.5,3035.6,1359.6,3858.3,1500.3,2979.0,2632.4,1681.8,3064.5,1018.7,2288.5,1088.4,3928.1,1591.8,4377.7,8040.0,5149.0,1931.3,348.0
2026-09-04 10:30:00,904.3,395.5,1021.0,1559.9,844.3,540.6,61.4,9.5,359.3,35.0,220.8,1627.0,5222.5,8415.3,2162.1,1883.5,99.3,100.7,1374.4,799.3,654.6,508.0,5653.5,4652.3,3041.1,1360.4,3850.6,1458.5,2997.2,2620.4,1684.0,3049.9,1014.8,2144.8,1089.0,3928.9,1586.7,4376.7,8009.7,5161.3,1937.5,338.5
2026-09-04 10:45:00,896.2,399.8,997.6,1556.1,847.4,546.1,71.2,10.1,341.6,33.7,207.2,1650.3,5286.3,8293.3,2138.3,1901.9,96.1,101.3,1531.6,809.9,651.6,519.9,5634.0,4595.7,3035.1,1360.2,3838.8,1429.7,2999.1,2586.8,1684.9,3043.7,1003.5,1994.7,1091.5,3929.7,1578.6,4374.9,7986.3,5166.8,1937.7,328.7
2026-09-04 11:00:00,877.0,389.3,969.0,1590.6,842.7,369.2,73.4,67.7,337.8,32.4,427.5,1674.6,5463.5,8782.0,2612.2,1869.4,144.9,109.2,1389.0,896.3,677.3,499.2,5599.9,4490.4,3049.5,1384.9,3913.7,1381.9,2993.4,2420.5,1680.7,3017.7,1039.3,2025.1,1083.9,3907.5,1579.0,4191.5,7955.7,5067.9,1971.7,299.1
2026-09-04 11:15:00,874.2,391.5,961.8,1601.7,838.2,369.5,67.2,58.6,321.4,38.9,432.7,1707.4,5538.5,8645.0,2582.5,1902.0,146.7,109.2,1374.7,872.2,674.7,510.4,5600.3,4491.5,3056.3,1381.3,3904.8,1381.4,2994.1,2414.6,1680.3,3008.6,1036.3,2027.9,1081.8,3908.1,1569.6,4187.0,7930.7,4967.8,1951.6,283.2
2026-09-04 11:30:00,869.8,397.3,1181.7,1617.1,840.4,375.3,65.2,60.4,317.5,41.7,442.4,1715.3,5546.8,8239.1,2572.0,1899.6,139.3,107.7,1380.4,862.9,669.9,523.9,5583.6,4492.8,3041.8,1382.0,3903.7,1370.3,2988.8,2395.3,1678.9,3009.6,1037.2,2032.7,1085.2,3909.2,1560.6,4181.6,7904.5,4876.9,1946.2,273.1
2026-09-04 11:45:00,860.6,402.1,1188.7,1632.3,844.8,379.2,81.6,60.0,308.3,48.3,451.0,1725.2,5555.6,7952.5,2565.9,1894.4,141.9,109.9,1409.5,844.2,663.9,523.0,5587.4,4489.9,3041.9,1382.3,3902.1,1374.5,2987.8,2364.1,1682.0,3008.4,1037.2,2045.9,1083.7,3910.5,1546.8,4179.1,7887.7,4864.3,1963.6,262.6
2026-09-04 12:00:00,862.1,431.4,1415.5,1627.3,848.9,383.5,87.8,22.4,273.3,26.1,219.2,1791.3,5664.4,7963.9,2746.4,1884.7,104.0,120.4,1465.1,733.8,651.6,558.5,5554.9,4463.9,3030.5,1383.4,3831.3,1445.3,2970.5,2191.6,1708.7,3034.0,1018.5,1968.9,1083.6,3814.1,1548.7,3965.3,7833.3,4848.2,1930.6,245.0
2026-09-04 12:15:00,862.4,426.8,1414.3,1642.5,849.9,385.0,84.7,22.4,265.1,30.8,220.2,1798.4,5695.2,7982.0,2743.6,1887.6,105.9,120.7,1443.2,724.5,648.9,556.8,5558.6,4467.0,3022.8,1383.5,3820.2,1448.8,2969.6,2161.2,1709.2,3027.2,1021.0,1965.7,1080.8,3816.3,1537.0,3948.1,7809.6,4843.6,1926.2,236.9
2026-09-04 12:30:00,858.6,423.3,1409.1,1656.4,848.6,383.0,101.3,22.6,259.6,38.0,223.2,1799.3,5719.3,7966.6,2720.0,1893.4,107.5,120.7,1457.3,722.0,647.4,554.6,5540.6,4465.9,3021.5,1383.6,3823.7,1451.4,2964.8,2149.4,1707.5,3021.0,1017.6,1965.3,1079.9,3818.5,1530.1,3927.0,7793.5,4837.8,1940.3,228.6
2026-09-04 12:45:00,851.5,429.0,1407.1,1666.7,849.8,382.0,93.0,22.7,316.7,38.3,217.6,1796.5,5783.6,7929.0,2707.3,1890.5,109.6,120.6,1465.5,747.0,655.3,565.3,5525.0,4463.8,3018.1,1383.2,3822.8,1450.6,2965.4,2144.3,1711.5,3005.5,1012.5,1959.7,1081.8,3821.1,1524.6,3924.2,7762.6,4834.1,1924.6,221.2
2026-09-04 13:00:00,851.0,432.8,1448.1,1757.2,889.7,378.4,36.8,48.5,254.1,13.5,295.5,1807.1,5972.9,7935.5,2671.3,1815.6,162.4,117.5,1459.0,683.8,646.4,575.7,5559.6,4386.6,3001.2,1384.4,3796.4,1445.2,2957.5,2069.0,1714.9,3086.9,1008.6,1977.2,1092.2,3760.5,1519.0,3850.2,7814.8,5001.7,1936.0,210.7
2026-09-04 13:15:00,853.2,435.4,1451.6,1754.4,892.0,371.8,36.9,48.4,323.8,14.4,323.4,1811.7,6069.9,7685.3,2663.6,1841.2,164.7,117.5,1451.2,692.7,648.8,571.4,5632.7,4384.7,2999.2,1384.3,3793.5,1438.1,2954.6,2062.2,1714.0,3088.9,1002.4,1976.7,1092.7,3763.2,1513.9,3848.8,7817.5,4998.3,1918.7,205.9
2026-09-04 13:30:00,850.3,417.7,1449.6,1735.9,897.1,366.1,45.7,47.6,327.2,16.2,306.8,1816.6,6119.8,7471.8,2627.4,1844.7,165.6,117.5,1438.8,710.0,650.1,564.2,5634.7,4377.1,2996.5,1384.1,3787.3,1438.1,2951.9,2050.4,1713.1,3095.9,1006.5,1976.0,1091.0,3765.9,1505.8,3837.8,7767.0,4983.5,1913.9,201.8
2026-09-04 13:45:00,868.3,409.6,1444.8,1720.9,895.3,358.4,53.2,47.5,325.5,15.8,301.3,1833.9,6120.5,7250.2,2625.7,1834.0,113.7,117.5,1481.0,723.9,647.3,561.0,5633.9,4369.5,2993.2,1383.4,3776.5,1426.6,2955.0,2048.0,1711.6,3094.5,1005.1,1975.7,1086.0,3768.3,1495.4,3833.0,7781.8,4973.5,1897.9,196.4
2026-09-04 14:00:00,897.9,411.9,1433.6,1647.9,898.5,353.1,21.7,68.7,325.1,35.0,263.9,1839.0,6099.4,6526.1,2650.8,1784.8,80.5,119.7,1393.2,902.6,623.6,583.2,5585.9,4363.4,2989.4,1383.9,3794.7,1485.3,2958.2,2088.4,1712.3,3074.4,1013.6,1890.3,1079.5,3780.9,1489.4,3877.6,7794.4,5010.4,1886.2,191.0
2026-09-04 14:15:00,892.8,404.2,1438.0,1642.1,891.4,346.7,20.4,65.4,329.4,28.0,262.1,1833.1,6304.2,6422.2,2651.6,1787.9,121.0,120.4,1384.5,936.7,623.2,580.6,5584.1,4350.4,2990.0,1383.3,3794.2,1482.8,2957.2,2083.0,1714.3,3075.6,1012.6,1877.8,1077.5,3784.7,1480.3,3874.5,7786.6,4995.3,1881.3,188.0
2026-09-04 14:30:00,908.1,398.4,1442.9,1626.8,886.5,339.4,4.6,65.0,349.2,22.2,273.8,1832.8,6408.5,6407.5,2650.0,1786.1,122.2,120.3,1377.3,991.8,623.4,582.4,5575.2,4347.2,2984.3,1383.3,3790.2,1479.0,2950.1,2076.0,1709.8,3078.8,1009.2,1867.2,1077.7,3788.4,1475.3,3875.5,7763.2,4953.4,1875.5,187.7
2026-09-04 14:45:00,916.5,391.7,1452.8,1609.5,880.9,330.4,2.8,64.5,367.4,22.1,260.6,1838.3,6206.1,6404.4,2657.9,1779.5,133.6,120.2,1366.9,1062.6,620.2,594.7,5583.1,4338.4,2985.0,1383.2,3797.6,1481.9,2951.1,2073.2,1707.2,3073.3,1012.5,1876.8,1072.6,3792.9,1472.3,3875.8,7766.9,4943.2,1863.5,185.6
2026-09-04 15:00:00,867.6,374.5,1441.7,1581.6,863.8,321.4,33.6,74.4,368.2,15.6,263.1,1850.7,6263.2,6591.3,2492.9,1751.4,40.7,108.9,1388.6,963.4,607.1,603.7,5677.5,4403.9,2990.7,1390.3,3818.0,1529.4,2946.7,2043.0,1710.3,3082.8,1008.9,1988.7,1071.5,3841.8,1465.0,3978.7,7655.2,4808.6,1855.0,181.5
2026-09-04 15:15:00,873.0,365.2,1455.8,1540.9,858.9,310.8,23.1,73.8,360.7,10.2,232.5,1842.2,5961.0,7026.3,2541.3,1751.0,49.2,109.0,1321.6,1088.6,579.9,621.1,5674.5,4395.0,2996.7,1390.1,3811.0,1538.0,2945.6,2034.6,1716.0,3081.6,1050.9,2093.4,1073.3,3850.0,1467.4,4000.6,7657.4,4794.7,1846.1,182.6
2026-09-04 15:30:00,840.8,369.1,1467.7,1514.2,851.1,300.1,17.8,73.2,359.7,8.5,244.9,1831.9,5862.8,7690.6,2563.9,1747.7,49.5,109.0,1314.4,1166.3,574.1,650.7,5595.3,4399.5,3004.1,1389.8,3813.2,1550.2,2940.7,2061.5,1718.3,3063.4,1013.5,2206.5,1072.4,3860.6,1469.2,4007.0,7649.7,4831.9,1835.0,184.1
2026-09-04 15:45:00,846.9,353.2,1482.4,1489.2,852.5,287.9,14.5,85.8,282.0,8.5,233.5,1827.7,4953.8,7687.4,2548.6,1736.9,49.9,109.0,1315.9,1281.7,564.3,683.2,5600.1,4394.8,3006.1,1389.9,3812.0,1571.3,2945.3,2099.9,1715.6,3062.1,1011.1,2324.1,1074.4,3874.6,1471.0,4039.9,7655.1,4845.5,1829.1,184.1
2026-09-04 16:00:00,852.4,335.7,1248.3,1447.8,834.6,265.9,21.6,98.1,316.9,21.6,253.3,1734.2,5123.6,7866.1,2556.7,1706.9,62.1,143.3,1457.6,1440.9,566.0,676.0,5576.5,4474.4,3037.1,1352.7,3716.5,1833.9,2948.5,2196.1,1714.3,3009.9,1038.4,1774.3,1079.4,3917.1,1478.1,4198.9,7680.4,4873.9,1818.6,184.6
2026-09-04 16:15:00,857.0,333.2,1270.2,1383.6,835.3,246.1,3.6,97.4,309.2,7.7,252.0,1737.7,5082.2,8111.0,2576.3,1697.2,83.0,146.1,1317.3,1476.8,555.6,684.6,5565.7,4463.3,3046.6,1352.8,3722.1,1871.3,2947.2,2167.4,1712.8,3018.7,1044.2,1911.0,1082.6,3933.9,1488.6,4179.7,7717.2,4859.4,1815.4,183.9
2026-09-04 16:30:00,860.3,320.0,1071.9,1309.7,837.7,225.1,9.7,96.6,324.8,2.4,261.1,1715.8,5850.0,8024.9,2609.9,1663.0,60.0,147.3,1324.6,1527.4,570.7,689.0,5581.3,4457.8,3053.6,1352.1,3717.0,1881.5,2943.4,2143.7,1711.7,3022.2,1031.0,1952.1,1084.8,3950.0,1507.7,4177.6,7782.1,4845.1,1827.7,185.6
2026-09-04 16:45:00,866.0,312.1,1089.4,1236.3,838.1,206.1,3.5,107.5,331.7,2.0,225.8,1711.7,4971.9,7955.7,2670.4,1652.9,45.9,129.6,1348.1,1736.4,567.8,710.6,5602.6,4479.6,3050.4,1351.6,3710.2,1888.1,2942.4,2144.7,1720.0,3033.0,989.6,2073.3,1085.3,3965.5,1520.0,4178.2,7837.3,4837.7,1834.8,186.6
2026-09-04 17:00:00,869.0,281.7,1123.3,1158.8,841.8,186.2,4.3,98.8,303.3,5.0,202.5,1683.8,4786.3,8559.9,2610.7,1582.8,240.2,28.1,1772.3,1449.0,602.2,722.8,5596.7,4467.1,3040.5,1275.1,3776.5,1752.8,2985.2,2209.6,1714.2,2995.3,1078.2,1947.1,1094.9,4065.1,1556.8,4234.3,7934.7,4921.3,1867.2,194.9
2026-09-04 17:15:00,876.1,275.3,1154.2,1115.6,843.6,167.7,9.9,98.0,309.4,5.0,218.4,1661.5,4703.4,9133.7,2663.6,1585.1,264.1,28.0,1573.6,1552.8,572.2,730.7,5581.3,4469.4,3036.5,1274.7,3764.0,1786.4,2939.8,2264.5,1712.1,3011.2,1040.6,1810.2,1095.0,4078.9,1569.0,4264.7,7972.0,4913.3,1881.4,199.6
2026-09-04 17:30:00,872.0,262.1,1185.5,1054.1,847.4,155.1,6.1,98.1,310.7,4.9,185.2,1625.4,4658.3,9173.3,2671.3,1597.5,228.5,28.0,1550.0,1591.6,569.1,736.6,5596.0,4573.8,3028.9,1275.3,3762.1,1809.1,2945.8,2318.5,1713.0,3010.8,1038.2,1791.8,1092.4,4091.3,1584.8,4289.8,8005.2,4937.7,1887.3,201.0
2026-09-04 17:45:00,871.6,257.4,1212.8,992.9,853.3,143.9,8.0,115.3,327.0,19.8,182.5,1631.3,4656.2,9252.8,2687.4,1620.3,208.6,31.8,1529.6,1825.7,539.1,750.1,5607.1,4572.7,3019.1,1266.4,3763.1,1826.3,2945.9,2334.4,1711.8,2995.5,1020.0,1792.7,1092.9,4101.4,1601.0,4379.9,8016.1,5134.2,1887.9,198.8
2026-09-04 18:00:00,868.8,247.2,1220.6,934.3,857.6,435.9,13.8,74.7,291.7,19.9,231.2,1552.1,4927.0,8608.4,2435.7,1612.3,197.0,84.2,1746.9,1675.5,589.5,778.6,5632.8,4668.1,2984.6,1395.3,3970.6,1612.3,2947.9,2433.8,1728.2,3045.7,1000.5,1916.3,1082.7,4169.1,1605.5,4392.9,8101.7,4989.6,1873.7,268.3
2026-09-04 18:15:00,875.3,258.5,1253.7,878.4,858.6,439.9,14.3,72.7,306.8,22.2,216.1,1525.1,4857.0,8506.8,2427.1,1651.2,155.2,84.3,1575.8,1752.1,547.5,785.5,5647.3,4693.8,2972.1,1389.2,3964.9,1630.3,2966.9,2434.5,1721.9,3020.3,1004.6,1921.1,1083.3,4179.6,1618.2,4418.2,8082.4,5197.7,1856.9,271.8
2026-09-04 18:30:00,883.0,280.6,1289.8,1024.3,864.8,444.2,9.6,90.3,322.2,22.2,223.7,1479.2,4853.6,8614.1,2404.8,1634.8,169.9,85.1,1573.7,1919.6,544.9,828.0,5655.9,4684.9,2963.1,1397.7,3970.4,1669.0,2959.3,2433.4,1721.0,3029.8,1008.9,2286.5,1084.8,4191.9,1627.0,4401.7,8092.8,5187.1,1857.2,275.0
2026-09-04 18:45:00,890.3,294.1,1310.1,973.0,863.1,460.2,15.8,91.3,328.1,22.1,255.9,1443.7,3980.2,8242.3,2417.5,1634.8,159.4,65.0,1585.7,2143.4,547.8,825.5,5659.4,4677.4,2965.5,1401.7,3965.0,1748.4,2958.7,2431.2,1720.6,3028.7,1005.3,2318.5,1081.7,4206.0,1632.4,4404.8,8092.8,5242.7,1860.6,278.2
2026-09-04 19:00:00,896.9,364.8,1343.4,1178.2,873.6,540.3,9.8,77.0,332.9,22.6,239.7,1425.2,3813.1,8221.3,2197.3,1719.9,24.8,128.0,1613.8,2164.8,516.9,867.0,5660.1,4568.1,2944.5,1400.5,4014.1,1999.7,2937.6,2416.2,1728.1,3023.5,1034.4,2547.8,1074.6,4167.3,1626.2,4349.4,8061.5,5310.3,1854.3,359.0
2026-09-04 19:15:00,899.6,353.4,1369.4,1159.9,873.2,537.0,8.0,92.8,333.4,66.5,245.6,1369.1,3807.2,8296.3,2220.3,1869.5,14.4,127.8,1610.7,2190.5,522.4,858.7,5666.7,4566.4,2941.4,1400.1,4018.5,2143.5,2935.8,2402.7,1730.6,3024.3,1036.7,2667.2,1073.2,4184.3,1625.9,4327.5,8037.3,5343.4,1840.2,376.9
2026-09-04 19:30:00,907.1,368.4,1387.2,1128.8,873.8,540.4,11.2,93.0,334.8,95.5,278.8,1366.0,3776.7,8466.2,2191.0,1914.2,35.9,107.6,1607.6,2203.2,521.4,857.3,5659.1,4479.2,2937.8,1400.0,4016.2,2268.8,2932.3,2404.1,1735.1,3023.9,1038.6,2669.6,1071.2,4201.6,1620.0,4333.3,8006.3,5338.6,1831.3,389.5
2026-09-04 19:45:00,921.8,381.1,1397.6,1106.8,871.5,536.9,12.4,87.4,334.2,94.5,261.4,1349.9,3655.2,8462.8,2191.6,1943.0,17.3,107.5,1614.9,2263.4,521.6,880.1,5651.1,4484.8,2934.9,1399.8,4008.9,2219.1,2920.9,2380.9,1728.7,3003.4,1036.1,2582.7,1071.1,4220.1,1606.9,4312.1,8000.3,5306.4,1818.7,426.8
2026-09-04 20:00:00,925.8,322.1,1382.9,1125.2,869.2,528.5,5.2,34.3,340.4,132.6,253.4,1437.5,3969.0,8494.3,1935.4,1956.0,0.0,122.6,1514.8,2525.8,509.1,898.2,5594.8,4527.3,2924.8,1352.8,4154.0,2145.9,2924.0,2246.3,1736.7,3031.1,1038.3,2660.1,1063.6,4162.5,1593.2,4274.1,7922.5,5203.6,1807.3,386.5
2026-09-04 20:15:00,920.0,322.0,1371.6,1110.0,860.2,518.1,5.2,16.0,332.4,132.4,241.4,1441.0,3909.6,8335.0,1935.3,1942.2,0.0,124.3,1509.3,2536.9,507.1,915.2,5581.4,4524.3,2920.4,1348.2,4148.2,1941.2,2923.6,2230.3,1735.8,3018.7,1033.9,2549.7,1061.1,4179.7,1582.2,4251.9,7890.6,5159.3,1794.6,426.4
2026-09-04 20:30:00,910.8,298.0,1358.3,1093.1,852.9,512.9,5.7,13.5,327.7,132.3,231.5,1439.0,3923.6,8249.9,1936.5,1941.9,10.2,111.0,1503.9,2573.7,504.8,936.1,5563.5,4527.4,2913.7,1348.1,4177.8,1892.0,2951.0,2204.7,1739.2,3002.9,1034.7,2500.9,1062.4,4196.2,1578.7,4224.4,7863.6,5142.7,1788.6,437.2
2026-09-04 20:45:00,905.9,292.5,1333.5,1085.8,839.1,507.5,9.2,12.4,328.3,132.4,231.4,1436.6,3957.9,8120.8,1933.5,1963.4,10.9,132.5,1497.5,2624.9,502.4,959.7,5539.5,4522.0,2909.9,1348.4,4141.4,1903.1,2954.3,2187.7,1736.0,2992.2,1029.7,2516.6,1058.6,4211.5,1569.3,4165.9,7823.5,5024.7,1767.4,438.0
2026-09-04 21:00:00,878.1,269.3,1285.4,1049.8,820.5,477.8,3.0,54.6,333.6,150.0,227.1,1385.5,3812.7,7880.4,1886.8,1969.6,154.0,28.8,1476.7,2651.7,488.7,996.7,5536.5,4454.7,2872.9,1382.6,4510.4,1894.9,2903.7,2126.9,1738.8,3076.8,1034.9,2582.2,1053.5,3906.0,1534.7,4169.8,7666.3,5088.8,1729.5,464.5
2026-09-04 21:15:00,862.1,257.0,1266.4,1051.8,805.9,473.2,3.0,48.5,331.9,150.1,227.7,1380.0,3808.4,7665.8,1887.5,1940.2,165.4,28.8,1472.1,2701.7,486.7,983.3,5556.6,4456.6,2854.1,1383.0,4546.4,2016.3,2912.5,2078.5,1739.3,3056.7,1026.1,2507.4,1046.2,3916.0,1525.9,4147.9,7620.1,5071.1,1701.2,479.5
2026-09-04 21:30:00,847.6,262.3,1227.0,1045.9,786.4,461.7,3.0,48.4,327.5,150.2,216.3,1349.4,3792.5,7392.4,1919.6,1961.3,158.9,40.5,1465.1,2693.6,484.2,992.5,5536.1,4451.7,2829.4,1382.8,4538.6,1928.0,2898.5,2066.6,1741.4,3059.7,1019.9,2490.0,1043.4,3925.0,1511.9,4071.2,7541.8,4954.8,1677.0,496.5
2026-09-04 21:45:00,831.1,245.3,1188.2,1046.3,769.2,449.2,3.1,48.4,323.1,75.4,210.0,1348.8,3944.1,7246.8,1916.6,1945.2,144.0,39.1,1459.6,2712.6,481.9,1006.7,5522.1,4450.4,2812.5,1382.7,4481.5,1847.1,2920.1,2047.9,1742.7,3053.6,1008.7,2491.8,1041.8,3930.6,1503.1,4058.7,7470.1,4859.8,1650.9,514.7
2026-09-04 22:00:00,802.8,278.8,1158.5,815.2,746.1,234.2,3.0,20.4,325.3,36.1,208.5,1451.3,3642.2,7027.8,1886.0,1889.1,81.8,75.5,1424.4,2579.2,467.1,1016.1,5329.9,4505.0,2771.2,1419.8,4522.3,1833.9,2893.1,1978.8,1722.2,3106.9,979.5,2621.9,1023.3,3461.0,1484.6,4006.9,7324.3,4996.6,1639.2,471.1
2026-09-04 22:15:00,790.7,263.2,1140.3,844.3,726.6,227.5,3.0,20.4,322.3,36.1,197.2,1448.4,3857.3,6947.0,1895.8,1888.8,81.7,73.9,1419.4,2583.8,464.7,1025.3,5263.3,4467.3,2738.8,1419.6,4498.8,1865.4,2887.4,1975.4,1722.3,3113.5,972.8,2518.5,1022.8,3465.5,1471.7,3943.1,7234.0,4883.1,1611.2,484.7
2026-09-04 22:30:00,778.7,253.5,1115.9,679.2,709.1,226.9,3.0,20.4,320.8,36.1,180.3,1446.5,4018.5,6850.9,1920.9,1927.4,81.7,94.0,1414.8,2573.0,463.7,1019.6,5258.8,4424.3,2708.6,1419.9,4485.1,1731.0,2877.9,1975.1,1716.9,3108.5,963.9,2371.7,1015.4,3470.8,1457.6,3901.0,7157.9,4792.4,1592.9,498.2
2026-09-04 22:45:00,759.0,249.5,1094.3,705.3,698.7,226.6,3.0,20.5,315.6,36.1,172.9,1445.1,4065.2,6684.0,1919.0,1931.1,81.7,94.1,1417.2,2423.9,484.1,1002.7,5226.3,4367.0,2685.3,1414.9,4456.1,1734.8,2872.9,1980.1,1714.6,3105.7,979.3,2300.9,1011.9,3477.3,1443.8,3876.0,7087.8,4783.2,1569.0,510.4
2026-09-04 23:00:00,739.9,266.0,1073.1,740.7,675.3,215.6,14.0,35.0,303.3,50.2,160.1,1352.1,4005.2,6692.8,1831.3,1986.2,18.1,164.8,1267.0,2438.9,463.8,984.7,5018.1,4495.4,2601.0,1400.3,4258.9,1877.2,2834.5,2121.7,1689.6,3106.2,970.1,1509.8,1006.2,3189.8,1428.7,3662.7,7001.7,4772.6,1501.8,508.8
2026-09-04 23:15:00,727.3,259.0,1051.4,759.0,661.3,210.3,14.0,35.0,304.1,50.2,176.3,1351.2,4021.5,6469.6,1804.8,1963.7,18.3,184.2,1260.9,2394.8,470.2,978.1,4982.8,4470.3,2579.7,1400.1,4230.3,1886.1,2829.0,2151.6,1682.1,3092.8,980.7,1409.7,998.7,3197.3,1413.8,3611.7,6943.4,4760.0,1476.0,523.0
2026-09-04 23:30:00,718.6,252.8,1024.5,770.1,651.6,212.2,14.0,35.0,295.3,50.2,194.4,1351.1,4037.4,6400.0,1811.4,1967.9,18.4,163.5,1246.2,2391.8,469.7,974.3,5015.6,4465.3,2551.7,1399.0,4212.2,1903.0,2820.0,2182.3,1682.2,3086.1,994.8,1307.1,994.8,3205.1,1401.1,3607.2,6875.0,4757.1,1457.9,540.6
2026-09-04 23:45:00,746.5,240.2,1004.4,781.5,665.9,214.0,15.4,35.0,280.4,50.2,173.3,1359.1,4211.8,6343.3,1783.7,1989.7,18.5,162.8,1241.8,2391.2,483.2,975.0,4986.9,4378.9,2506.2,1399.3,4188.1,1924.8,2802.9,2160.0,1680.3,3072.5,988.4,1266.5,990.3,3212.0,1393.5,3591.8,6792.4,4715.3,1426.8,556.3
2026-09-05 00:00:00,710.2,274.3,1019.8,281.2,653.3,448.6,11.0,70.1,281.3,19.5,228.2,1302.1,3676.1,7485.1,1791.4,1414.0,67.9,107.5,1178.2,2440.3,425.0,1001.4,4845.6,4336.1,2507.7,1097.9,4082.8,1775.8,2687.7,1988.1,1700.6,2984.9,1140.1,1414.4,1078.6,3859.1,1402.9,3594.9,6812.4,4543.4,1363.0,594.7
2026-09-05 00:15:00,708.2,264.7,1014.4,283.6,644.2,449.0,11.0,71.7,277.5,18.9,211.9,1300.2,4227.3,7584.6,1849.3,1436.7,87.8,107.5,1191.4,2545.6,425.3,1011.2,4868.8,4341.0,2485.9,1097.8,4071.7,1841.5,2684.1,1975.7,1695.8,2988.4,1129.2,1434.4,1071.2,3854.3,1394.6,3603.3,6771.0,4528.4,1356.8,612.1
2026-09-05 00:30:00,722.9,261.8,1006.4,296.4,636.6,449.3,11.0,70.1,286.3,14.8,220.0,1302.1,4225.4,7491.8,1938.7,1436.1,87.5,107.5,1198.8,2549.1,435.2,1014.6,4860.5,4274.9,2448.1,1098.0,4049.0,1849.1,2672.8,1957.4,1695.6,2990.3,1128.2,1432.0,1066.5,3852.6,1385.8,3571.1,6748.0,4499.0,1347.0,625.2
2026-09-05 00:45:00,725.9,260.2,997.0,303.7,635.9,449.9,11.0,70.2,274.4,14.8,204.1,1303.3,4222.3,7274.5,1909.7,1440.0,87.6,107.5,1196.0,2472.7,435.7,1015.4,4844.6,4176.0,2415.2,1097.8,4050.1,1819.2,2663.6,1951.3,1698.0,2994.9,1119.6,1345.5,1058.5,3849.8,1380.1,3550.4,6706.3,4495.0,1334.8,629.0
2026-09-05 01:00:00,703.3,258.8,991.0,310.0,622.8,451.4,22.0,21.7,265.0,38.6,199.4,1309.7,4049.8,7312.5,2089.1,1437.9,70.5,55.6,1235.2,2557.8,438.3,1005.8,4790.3,4250.8,2358.3,1076.1,4059.4,1953.2,2642.2,1908.7,1673.7,2988.1,1030.9,997.6,1054.6,3835.7,1367.5,3092.5,6584.4,4516.1,1326.0,628.0
2026-09-05 01:15:00,704.6,257.2,983.7,342.8,618.6,454.7,22.0,15.3,262.5,41.8,160.1,1311.0,4079.5,7077.3,2053.0,1435.2,70.3,56.5,1233.2,2564.7,436.1,1010.5,4823.4,4245.9,2332.7,1076.1,4046.4,1971.4,2637.7,1902.0,1672.8,2997.8,1026.6,946.0,1051.6,3835.6,1362.3,3093.4,6557.8,4495.4,1321.1,640.8
2026-09-05 01:30:00,722.3,255.4,978.3,369.3,617.3,459.3,22.0,15.3,264.3,41.8,182.5,1310.7,4074.5,6954.0,2033.6,1433.6,70.3,57.4,1230.4,2568.8,437.7,1014.3,4806.7,4173.0,2308.0,1076.3,4034.9,1997.0,2641.7,1886.9,1670.2,2998.2,1023.2,938.7,1048.2,3836.6,1358.8,3065.8,6552.6,4488.3,1320.3,653.8
2026-09-05 01:45:00,726.9,253.6,969.0,397.6,613.2,463.9,22.0,15.2,261.9,36.1,183.1,1311.6,4071.1,6907.8,1997.5,1457.4,70.0,58.3,1227.9,2577.0,431.1,1015.0,4790.0,4074.2,2284.8,1076.3,4024.9,2022.9,2648.6,1889.5,1674.3,3006.0,1019.0,938.6,1048.1,3840.0,1353.6,3036.7,6504.4,4493.3,1306.7,665.6
2026-09-05 02:00:00,678.4,252.1,957.1,422.0,608.5,411.1,22.1,13.2,265.0,9.1,187.4,1311.8,4018.0,6860.1,2189.0,1429.2,64.5,99.3,1159.1,2378.2,426.8,1019.7,4775.5,4287.2,2235.7,1081.4,3899.5,2041.4,2634.4,1785.6,1627.4,2985.4,1013.5,929.8,1047.9,3592.7,1348.1,2790.6,6429.8,4511.0,1299.2,688.3
2026-09-05 02:15:00,684.0,250.8,947.1,467.8,604.8,413.1,22.1,10.9,258.1,9.1,169.3,1312.4,4012.5,6785.4,2194.0,1427.6,64.6,99.7,1157.8,2381.4,426.2,1022.9,4764.9,4272.4,2219.0,1081.6,3897.1,2068.0,2613.2,1788.7,1626.0,2979.2,1010.1,929.8,1045.1,3598.6,1344.1,2783.7,6428.3,4484.1,1289.3,701.6
2026-09-05 02:30:00,692.1,248.2,932.8,517.4,603.2,415.4,22.0,10.9,266.8,9.1,182.8,1316.4,4021.3,6699.4,2203.6,1427.4,64.6,120.1,1155.9,2389.8,423.1,1024.1,4755.8,4194.0,2204.8,1081.4,3886.2,2088.2,2625.7,1788.1,1626.9,2982.0,1005.4,929.6,1045.2,3605.3,1338.4,2737.8,6398.8,4479.9,1278.3,715.5
2026-09-05 02:45:00,701.3,246.5,922.7,569.2,606.1,417.4,22.0,10.9,259.7,9.1,163.7,1318.5,4229.4,6665.7,2186.0,1427.1,64.7,100.6,1154.1,2537.1,420.5,1025.4,4746.6,4109.3,2196.0,1081.3,3881.0,2112.4,2629.9,1782.2,1623.8,2981.7,1004.8,929.6,1042.9,3612.3,1332.7,2710.4,6369.4,4478.1,1268.7,729.3
2026-09-05 03:00:00,685.3,244.8,917.0,625.5,596.5,328.7,11.0,19.4,283.8,8.3,176.9,1325.4,3927.0,6556.5,2008.3,1231.7,0.0,222.0,1129.4,2366.8,411.3,1027.1,4765.9,4209.5,2174.4,1077.9,3732.7,2227.9,2611.2,1759.7,1602.3,3006.2,998.8,923.1,1043.2,3433.5,1325.2,2709.7,6385.8,4484.0,1247.0,744.1
2026-09-05 03:15:00,685.4,251.4,911.1,667.7,598.1,329.5,11.0,19.4,274.0,8.3,165.4,1325.4,4080.2,6520.5,1995.8,1231.9,0.0,222.0,1135.6,2459.1,408.3,1027.3,4764.4,4152.2,2165.6,1078.1,3728.3,2248.2,2620.5,1760.8,1600.0,3004.4,996.6,923.2,1041.4,3439.1,1321.3,2689.8,6364.1,4487.6,1237.8,751.2
2026-09-05 03:30:00,703.3,243.3,911.2,716.6,598.4,329.9,11.1,19.4,284.2,8.3,174.4,1326.8,4210.3,6485.8,2012.9,1236.6,0.0,221.9,1134.9,2488.8,403.5,1027.1,4758.6,4101.5,2160.1,1078.0,3727.2,2269.1,2626.2,1759.5,1596.3,3002.1,997.4,923.0,1042.5,3441.5,1317.5,2673.2,6356.1,4491.1,1231.0,759.5
2026-09-05 03:45:00,711.4,243.5,908.0,764.8,608.9,331.2,11.0,19.6,271.3,8.3,160.8,1326.5,4221.8,6452.2,1972.2,1239.1,0.0,201.9,1134.0,2491.3,400.7,1026.9,4757.0,4052.1,2150.0,1077.8,3719.3,2289.9,2626.8,1752.7,1594.2,3000.7,992.8,923.0,1042.1,3444.3,1314.8,2651.4,6340.6,4494.1,1233.0,768.8
2026-09-05 04:00:00,704.2,243.8,911.7,824.1,606.2,152.5,11.0,20.3,283.0,8.2,161.9,1326.1,4037.7,6582.6,1815.9,1032.2,58.2,121.3,1134.0,2494.1,396.5,1026.3,4811.0,4144.0,2137.0,1077.2,3619.0,2309.4,2623.8,1734.5,1587.9,3012.4,985.8,989.3,1043.4,3404.0,1326.4,2667.7,6367.0,4496.0,1225.2,781.5
2026-09-05 04:15:00,696.0,243.4,919.6,883.2,612.8,153.4,11.0,20.9,281.4,8.2,150.0,1325.3,4051.7,6562.0,1798.9,1032.0,58.1,141.0,1132.8,2498.5,393.1,1025.5,4810.8,4105.2,2132.2,1077.0,3614.3,2319.8,2621.6,1738.7,1587.3,3011.9,985.0,989.4,1044.0,3406.3,1325.3,2649.4,6360.3,4491.8,1223.3,790.0
2026-09-05 04:30:00,693.9,243.1,921.7,953.9,620.9,154.5,11.0,20.9,282.6,8.2,153.7,1324.8,3978.7,6556.1,1773.7,1029.8,58.1,140.7,1131.4,2479.3,390.7,1021.0,4809.0,4053.3,2127.3,1077.1,3613.9,2323.3,2624.1,1735.6,1587.2,3008.7,983.9,989.4,1041.7,3408.0,1321.0,2632.9,6354.4,4487.1,1220.9,797.6
2026-09-05 04:45:00,697.4,250.9,929.3,1028.2,632.1,155.7,11.0,21.8,288.9,8.2,160.9,1323.2,3864.0,6540.2,1788.5,1027.5,58.1,140.6,1130.7,2467.9,388.3,1017.6,4815.9,3992.6,2129.4,1076.8,3610.7,2325.7,2625.3,1735.5,1598.6,2982.6,980.5,989.5,1041.4,3411.1,1314.9,2626.1,6341.4,4488.6,1219.0,805.6
2026-09-05 05:00:00,696.9,241.4,940.1,1086.4,641.3,107.4,11.0,30.9,278.8,7.6,165.7,1320.6,4009.2,6493.4,1621.7,855.2,74.7,119.8,1105.6,2282.0,395.8,1030.3,4888.0,4012.3,2120.2,1102.0,3446.2,2267.4,2634.1,1717.0,1590.5,3047.0,981.9,1001.4,1040.8,3375.1,1312.0,2659.9,6355.0,4467.9,1222.3,807.1
2026-09-05 05:15:00,697.8,247.6,944.1,1117.0,652.7,109.8,11.0,30.9,286.3,7.6,168.0,1320.3,4003.6,6503.1,1616.7,848.1,56.5,119.9,1104.8,2282.9,397.2,1027.0,4921.7,4016.2,2123.4,1101.8,3452.7,2266.6,2637.6,1718.9,1595.3,3045.7,982.7,1001.7,1041.3,3376.5,1311.3,2668.0,6344.7,4468.8,1215.9,808.0
2026-09-05 05:30:00,698.6,240.5,937.6,1164.1,656.3,114.1,11.0,30.8,294.0,7.6,163.1,1318.6,4004.1,6533.0,1583.3,851.2,56.4,120.1,1104.2,2278.3,396.4,1023.6,4938.3,3992.2,2128.9,1101.2,3452.7,2265.5,2637.4,1718.8,1594.6,3057.6,983.3,1001.8,1043.3,3373.6,1315.7,2661.5,6345.3,4464.3,1217.6,806.4
2026-09-05 05:45:00,698.2,248.2,926.2,1201.5,669.1,118.7,11.0,32.0,299.4,7.6,170.8,1316.4,4006.1,6680.8,1583.3,855.9,56.2,100.2,1105.3,2274.1,398.1,1020.7,4964.2,3986.7,2139.5,1101.8,3459.5,2265.4,2640.5,1719.3,1592.2,3055.4,985.6,1002.0,1042.9,3369.6,1326.7,2659.0,6353.7,4462.3,1214.9,806.7
2026-09-05 06:00:00,704.5,236.0,934.7,1253.6,685.4,123.9,12.0,17.3,280.7,10.0,216.2,1310.8,4070.7,7078.0,1600.1,850.7,5.2,199.8,1106.0,2691.4,402.9,1029.1,5017.4,4131.1,2168.3,1195.7,3537.9,2352.4,2649.8,1697.5,1613.2,3063.6,992.9,1001.0,1053.7,3421.0,1431.0,2736.0,6405.3,4474.5,1207.1,810.2
2026-09-05 06:15:00,703.1,237.8,931.4,1299.7,694.4,126.4,12.0,17.3,284.4,10.0,217.4,1309.1,4075.5,7215.3,1602.1,850.0,5.2,206.1,1113.0,2682.9,411.3,1022.1,5033.3,4140.5,2180.3,1195.3,3543.6,2356.9,2652.3,1700.1,1608.0,3058.8,995.9,1001.6,1059.3,3417.8,1441.3,2740.9,6426.4,4471.8,1212.8,816.6
2026-09-05 06:30:00,704.9,243.5,917.2,1336.2,699.7,128.8,12.0,20.6,299.6,10.0,224.5,1306.5,4077.0,7340.0,1596.1,851.6,5.2,205.8,1125.0,2661.8,411.1,1017.8,5051.6,4167.4,2203.5,1195.7,3559.5,2364.8,2650.9,1701.7,1611.2,3070.3,998.3,1006.2,1063.9,3415.2,1449.5,2752.2,6451.3,4462.5,1213.0,816.9
2026-09-05 06:45:00,705.4,260.5,898.9,1344.5,710.1,136.8,12.0,21.1,310.7,10.0,232.3,1306.7,4080.7,7250.8,1593.3,835.5,4.0,185.2,1144.0,2661.8,413.4,1015.3,5062.9,4183.4,2225.5,1195.3,3567.3,2372.5,2647.5,1698.8,1611.7,3067.7,1002.5,1006.7,1065.5,3412.2,1451.3,2760.0,6473.9,4459.9,1218.8,820.7
2026-09-05 07:00:00,721.2,270.9,899.1,1419.3,723.2,147.8,12.0,22.8,315.5,1.1,216.9,1296.0,4150.8,7374.8,1574.8,828.3,0.0,265.9,1166.0,2496.0,414.4,1023.5,5146.3,4191.2,2294.3,1221.0,3534.8,2416.9,2688.0,1712.3,1586.7,3051.0,1017.6,1012.8,1078.7,3416.8,1470.3,2769.1,6537.5,4461.3,1232.1,827.0
2026-09-05 07:15:00,725.7,272.1,879.1,1433.4,733.4,156.7,12.1,23.2,321.5,1.2,232.3,1304.2,4203.8,7263.9,1570.2,843.7,0.0,267.1,1170.9,2503.9,410.9,1026.8,5158.5,4229.5,2324.7,1220.7,3548.4,2420.7,2692.7,1720.5,1588.5,3049.9,1022.8,1030.7,1082.2,3416.5,1466.4,2767.7,6587.8,4463.1,1244.1,831.4
2026-09-05 07:30:00,742.8,280.9,845.4,1445.6,748.3,169.6,12.3,23.7,299.8,1.4,239.0,1300.7,4209.5,7272.4,1553.1,865.3,0.0,264.2,1181.1,2496.1,412.5,1020.8,5168.9,4266.6,2347.1,1220.0,3562.5,2419.4,2686.1,1720.0,1589.7,3077.8,1030.0,997.3,1084.8,3418.7,1464.7,2761.9,6634.2,4465.4,1244.1,834.9
2026-09-05 07:45:00,745.4,293.3,819.9,1472.6,757.0,189.5,15.1,23.9,299.7,3.1,256.7,1306.3,4512.9,7127.8,1529.0,894.4,0.0,255.6,1186.8,2364.2,418.0,1022.2,5178.8,4302.8,2377.9,1220.1,3573.3,2418.0,2691.0,1731.8,1586.4,3102.4,1036.0,996.8,1087.2,3420.8,1466.3,2755.0,6676.8,4469.0,1255.6,838.9
2026-09-05 08:00:00,748.8,301.0,810.3,1395.5,767.0,207.0,89.0,16.1,234.4,38.3,166.9,1316.9,4901.8,7299.7,1532.1,884.6,65.7,171.0,1303.7,2310.4,444.8,955.3,5240.2,4303.1,2429.5,1062.5,3520.9,2995.7,2770.0,1590.6,1597.3,3106.7,1059.4,956.8,1085.9,3207.3,1471.8,2613.4,6752.3,4471.8,1280.1,839.7
2026-09-05 08:15:00,761.3,311.1,775.6,1421.2,778.0,212.6,89.6,10.5,207.7,31.4,222.8,1328.0,4946.5,7227.1,1507.4,942.7,65.7,172.7,1302.1,2329.0,441.5,944.1,5242.2,4278.0,2474.0,1063.2,3531.9,2995.5,2804.9,1563.5,1610.3,3031.9,1063.1,956.1,1076.8,3207.2,1476.1,2596.4,6783.9,4478.7,1289.0,852.9
2026-09-05 08:30:00,757.2,303.8,733.7,1454.4,788.8,195.7,89.6,6.9,197.0,39.9,239.6,1348.4,4952.4,7238.9,1517.0,1002.0,65.7,139.1,1474.6,2204.9,483.6,897.7,5237.8,4171.4,2504.1,1064.0,3550.6,2994.2,2807.7,1516.3,1612.6,3020.7,1071.0,950.9,1086.4,3204.0,1484.5,2555.9,6826.4,4487.8,1292.8,863.9
2026-09-05 08:45:00,759.7,314.1,710.3,1510.2,791.7,214.5,89.7,7.2,161.3,49.1,236.1,1364.5,5084.8,7374.4,1491.7,1040.9,65.7,109.8,1612.4,1767.0,465.3,904.6,5243.0,4125.5,2521.4,1064.6,3561.9,2997.6,2795.1,1684.5,1614.7,3014.4,1079.1,955.8,1091.5,3197.3,1493.4,2465.5,6862.1,4499.9,1295.6,873.8
2026-09-05 09:00:00,750.0,325.4,682.1,1518.5,793.4,229.4,142.7,22.2,122.7,96.8,186.6,1428.7,5177.6,7698.4,1492.9,964.8,78.0,60.5,1832.8,861.5,517.6,585.6,5244.6,4235.7,2620.3,1089.2,3462.7,2651.4,2838.4,1499.7,1627.1,3053.0,979.5,1707.6,1095.3,2650.7,1495.7,2239.5,6947.0,4481.7,1311.9,879.0
2026-09-05 09:15:00,738.0,335.7,660.8,1568.1,789.0,242.8,142.7,17.5,99.0,118.6,198.0,1448.4,5354.1,7602.5,1459.5,912.8,98.0,27.4,1864.3,954.1,510.7,311.0,5238.0,4220.7,2643.8,1090.0,3467.6,2654.2,2819.7,1587.8,1646.4,3001.9,985.3,1594.7,1100.3,2640.8,1497.7,2186.6,6965.2,4501.9,1317.4,891.2
2026-09-05 09:30:00,732.6,344.4,640.5,1587.7,783.5,225.7,142.7,19.1,77.5,130.7,205.9,1482.2,5410.5,6850.5,1408.0,901.8,98.0,50.8,1873.9,1176.2,503.1,256.4,5253.7,4204.3,2651.4,1091.1,3481.8,2656.6,2820.6,1583.2,1643.0,3011.8,993.1,1606.0,1101.4,2630.4,1495.2,2151.7,7063.1,4524.1,1309.9,901.0
2026-09-05 09:45:00,725.9,352.8,613.3,1602.2,782.4,223.6,143.0,15.5,69.0,156.3,201.4,1503.4,5532.5,6025.9,1383.2,948.2,78.0,50.9,1836.0,1117.3,506.3,272.8,5264.5,4218.7,2671.9,1092.2,3486.3,2658.8,2827.7,1590.8,1644.4,3011.6,997.2,1611.0,1101.0,2624.4,1485.5,2106.8,7082.5,4547.9,1318.2,909.9
2026-09-05 10:00:00,720.6,368.4,823.6,1726.3,777.6,287.9,79.2,40.4,77.6,177.5,220.4,1627.2,5453.4,6325.8,1364.3,1046.4,77.5,191.7,2319.0,1385.8,566.0,334.6,5248.7,4427.8,2729.2,1091.6,3447.0,2952.4,2866.5,1609.7,1639.2,3017.7,784.6,1265.4,1103.5,2356.7,1474.7,1954.0,7022.6,4617.0,1324.1,918.9
2026-09-05 10:15:00,717.7,372.6,803.6,1729.3,771.3,274.7,79.2,47.1,75.6,211.6,213.5,1650.4,5546.3,5445.9,1327.6,972.1,77.5,131.0,2315.0,1403.9,540.1,336.4,5230.7,4444.8,2738.6,1092.5,3443.7,2957.8,2868.4,1610.3,1645.5,3017.4,789.5,1272.4,1102.2,2351.6,1462.9,1930.3,7064.0,4640.2,1332.3,925.6
2026-09-05 10:30:00,710.5,379.9,1002.7,1764.8,772.0,291.4,80.0,47.0,74.8,248.0,186.5,1686.3,6456.6,4854.4,1314.3,1032.4,77.5,112.0,2284.5,1417.7,541.2,371.5,5222.3,4426.7,2746.7,1093.4,3447.4,2961.7,2863.2,1606.9,1644.4,3000.7,995.1,1484.5,1104.7,2348.6,1455.8,1896.0,7062.8,4661.7,1323.3,923.9
2026-09-05 10:45:00,702.2,385.8,985.3,1657.4,771.8,320.3,80.2,46.8,74.8,273.0,171.8,1715.8,6589.8,4784.6,1286.5,1059.9,77.5,111.3,2272.2,1309.3,542.2,354.2,5207.5,4432.6,2758.1,1094.0,3441.3,2966.5,2865.1,1609.4,1643.0,2988.9,997.7,1496.1,1105.8,2341.7,1456.7,1862.7,7059.4,4682.8,1328.3,927.3
2026-09-05 11:00:00,692.5,394.5,983.1,1682.7,772.3,338.4,37.5,58.1,79.1,280.9,174.5,1837.9,6263.0,3817.7,1202.6,678.9,86.3,64.9,1904.1,1273.2,589.6,527.9,5229.5,4404.8,2765.9,1092.8,3732.3,3126.0,2815.7,1521.4,1660.1,3011.1,1022.1,1580.9,1106.7,2192.9,1453.6,1836.5,7076.0,4702.1,1327.0,926.6
2026-09-05 11:15:00,697.0,402.0,975.4,1695.5,763.9,347.2,37.5,58.3,78.7,293.4,177.3,1863.2,6340.2,3656.6,1165.9,566.4,86.3,64.0,1900.4,1161.7,577.9,543.8,5233.7,4434.3,2777.8,1093.7,3730.9,3131.4,2814.3,1514.6,1660.7,3008.8,998.5,1569.4,1107.3,2186.2,1456.9,1809.2,7075.1,4718.8,1327.2,933.2
2026-09-05 11:30:00,683.6,407.0,968.3,1675.8,754.5,349.9,37.6,53.4,78.4,323.5,180.6,1894.5,6429.8,3710.5,1127.5,623.7,86.3,80.8,1889.2,903.4,577.1,541.1,5240.0,4480.0,2762.5,1094.5,3734.1,3139.1,2811.7,1504.9,1659.4,3003.5,999.2,1573.2,1110.9,2183.3,1457.2,1796.7,7065.2,4734.2,1321.4,942.9
2026-09-05 11:45:00,676.6,400.9,962.6,1558.0,747.4,354.4,38.8,50.3,77.2,280.4,192.1,1898.4,6456.4,3582.9,1106.5,598.2,86.3,83.1,1893.5,1065.0,586.6,551.7,5229.7,4524.4,2763.0,1095.3,3728.6,3145.8,2812.2,1516.1,1664.6,2980.2,1001.0,1556.4,1109.4,2182.0,1459.3,1788.2,7054.2,4746.5,1318.0,954.5
2026-09-05 12:00:00,677.9,403.2,986.0,1541.4,741.4,358.6,68.2,32.5,79.4,374.5,173.7,1961.3,6369.0,3695.0,1112.8,637.2,82.0,80.8,1987.6,1436.9,536.5,562.4,5246.4,4544.8,2747.2,1094.5,3654.5,3142.1,2806.7,1493.6,1640.7,2990.9,1009.3,1620.0,1110.1,2081.9,1370.7,1616.4,7053.4,4763.4,1306.8,967.0
2026-09-05 12:15:00,677.6,379.2,985.1,1549.7,741.9,361.0,66.6,32.5,78.4,374.6,177.2,1989.5,6405.2,3601.0,1072.4,554.1,82.0,82.5,1964.7,1464.2,535.0,571.7,5197.3,4547.1,2748.0,1094.9,3646.1,3153.6,2806.4,1495.2,1637.7,2981.7,993.4,1591.5,1109.6,2080.1,1369.9,1602.7,7045.5,4758.5,1311.2,973.3
2026-09-05 12:30:00,676.7,375.6,982.5,1562.4,739.4,358.3,68.7,32.5,78.4,355.7,178.1,1991.2,6607.0,3538.8,1040.5,559.2,82.1,57.7,1961.8,1451.2,532.7,561.4,5191.5,4578.9,2737.6,1094.9,3646.9,3165.4,2800.0,1488.2,1638.2,2981.9,993.9,1580.5,1111.4,2057.3,1368.5,1604.6,7038.7,4736.7,1308.6,977.2
2026-09-05 12:45:00,675.1,375.9,979.3,1572.9,736.7,355.2,78.9,32.5,77.3,312.3,173.5,2002.1,6746.7,3426.9,1022.8,577.7,94.3,45.2,1964.6,1446.5,522.2,534.7,5181.6,4624.4,2736.5,1095.1,3646.0,3176.9,2801.3,1488.5,1643.8,2987.5,988.7,1567.1,1105.7,2048.7,1366.8,1583.6,7050.1,4737.8,1304.7,972.9
2026-09-05 13:00:00,712.8,373.9,1248.5,1590.4,756.9,352.7,58.1,39.1,110.9,322.4,209.2,1900.9,6642.3,3399.0,1038.1,588.7,76.0,137.8,2045.5,1362.0,558.2,580.7,5197.8,4692.4,2726.3,1095.0,3620.0,3237.5,2794.2,1475.8,1634.4,2971.3,1004.7,1578.9,1094.6,1964.5,1325.2,1592.5,7143.4,4916.7,1287.0,992.0
2026-09-05 13:15:00,711.2,375.7,1250.5,1596.4,757.6,349.3,59.1,32.8,109.8,347.1,228.2,1893.3,6765.5,3399.5,1016.4,592.7,76.0,137.8,2045.3,1310.9,554.2,571.9,5227.2,4714.7,2728.2,1095.3,3616.9,3245.0,2795.1,1476.2,1633.0,2967.2,1004.5,1573.2,1091.6,1950.5,1359.2,1590.9,7134.9,4913.3,1286.8,982.5
2026-09-05 13:30:00,723.4,374.6,1251.5,1594.0,755.4,307.0,70.4,32.9,109.0,354.0,226.8,1859.0,6831.0,3389.9,988.3,619.9,76.0,148.3,2041.9,1056.8,559.0,535.2,5229.5,4770.3,2720.9,1095.2,3616.5,3250.0,2798.7,1477.5,1633.7,2968.4,988.4,1553.9,1091.0,1941.1,1358.0,1591.2,7123.7,4880.9,1282.6,999.8
2026-09-05 13:45:00,736.9,373.9,1255.5,1589.0,755.6,305.6,73.3,32.7,110.0,366.9,236.3,1843.1,6869.4,3406.1,984.4,630.8,76.0,149.3,2058.9,812.1,571.4,491.3,5224.6,4762.0,2723.7,1095.0,3607.9,3254.7,2800.0,1479.3,1633.0,2966.5,983.3,1543.9,1088.5,1930.3,1357.4,1591.2,7114.3,4881.0,1283.4,984.3
2026-09-05 14:00:00,740.8,372.6,1261.7,1577.9,769.9,300.7,63.0,33.1,108.6,383.4,321.6,1872.8,6649.4,3371.4,1036.0,640.9,67.5,170.9,2113.7,1156.7,579.0,435.7,5284.3,4932.8,2713.9,1095.0,3601.2,3124.6,2782.3,1476.2,1653.8,2958.2,1006.7,1613.2,1087.1,1860.4,1356.5,1601.5,7123.2,4916.3,1273.7,918.5
2026-09-05 14:15:00,748.9,371.1,1278.9,1580.3,771.7,291.4,69.3,33.1,107.8,391.3,331.5,1870.5,6598.6,3369.2,1026.9,650.0,67.5,172.9,2117.4,1049.8,578.9,409.8,5213.5,4949.1,2713.4,1094.4,3601.5,3128.1,2787.3,1479.0,1658.8,2960.9,1008.8,1613.6,1082.1,1850.7,1324.0,1604.1,7098.4,4910.0,1278.6,918.7
2026-09-05 14:30:00,755.0,367.0,1296.7,1563.4,774.8,282.6,69.6,33.2,107.8,389.6,350.8,1869.2,6588.8,3362.0,1022.9,662.9,67.5,168.8,2114.3,1170.8,573.4,390.9,5229.7,4995.4,2706.1,1094.0,3600.2,3131.7,2790.9,1481.1,1654.1,2955.5,1008.0,1597.6,1082.0,1841.0,1356.4,1605.1,7099.5,4902.4,1282.1,959.0
2026-09-05 14:45:00,769.8,362.2,1311.1,1466.1,777.6,309.1,69.9,33.3,107.8,390.9,319.3,1863.8,6736.0,3348.2,1025.5,674.1,67.5,169.1,2106.5,1325.5,654.9,320.4,5179.4,5119.6,2725.9,1094.8,3600.9,3135.5,2820.4,1461.4,1663.1,2950.8,1008.6,1688.5,1082.9,1831.6,1318.9,1641.2,7096.7,4835.0,1299.7,851.4
2026-09-05 15:00:00,815.2,353.8,1084.7,1522.1,779.3,261.7,21.6,35.7,123.7,371.6,313.4,1920.3,6467.3,3446.7,968.8,682.9,67.5,186.2,1976.5,1144.3,569.0,350.1,5246.6,5088.6,2681.2,1070.3,3706.2,2647.5,2800.0,1541.9,1655.0,2951.1,1019.3,1258.2,1089.5,1808.0,1359.5,1472.6,7015.5,4748.5,1304.8,1009.5
2026-09-05 15:15:00,813.2,346.7,1110.7,1493.9,785.0,248.1,20.7,38.5,124.2,357.7,266.3,1901.9,6317.1,3474.3,988.8,747.8,67.5,174.2,1969.3,1155.4,555.5,347.6,5235.3,5151.6,2717.6,1069.8,3706.3,2636.2,2798.3,1544.7,1660.1,2951.4,1015.5,1284.7,1092.5,1800.4,1362.1,1478.8,7012.0,4734.3,1310.6,1010.4
2026-09-05 15:30:00,816.4,336.5,897.4,1453.7,794.8,229.6,5.9,36.7,123.7,337.4,255.1,1919.3,6057.0,3619.7,997.3,734.0,67.5,170.4,1975.2,1292.3,545.5,352.0,5256.0,5191.8,2713.8,1069.2,3712.1,2640.4,2802.6,1546.9,1662.6,2950.6,1017.7,1286.0,1094.4,1794.0,1370.2,1479.9,7029.9,4708.7,1324.9,1006.5
2026-09-05 15:45:00,825.3,327.3,923.9,1409.4,802.0,227.2,5.2,34.7,122.9,348.2,249.7,1914.8,6059.1,3659.8,1029.3,724.4,67.5,154.0,1977.4,1456.1,542.2,352.9,5229.0,5338.8,2726.0,1068.9,3717.0,2645.0,2802.5,1547.9,1668.0,2952.4,1012.7,1282.1,1095.2,1786.9,1377.6,1478.0,7055.4,4671.2,1334.6,957.3
2026-09-05 16:00:00,827.0,317.2,697.6,1380.1,767.6,226.9,18.4,11.3,126.2,401.8,245.4,1845.2,6256.8,3927.8,1041.5,810.9,67.5,169.3,2058.5,1322.5,606.7,224.6,5265.3,5413.1,2734.2,1074.8,3937.1,2314.9,2784.9,1587.7,1667.1,2948.2,1021.9,1185.4,1101.3,1956.3,1391.5,1622.2,7134.6,4669.3,1318.5,998.5
2026-09-05 16:15:00,801.2,308.1,729.7,1319.6,770.5,212.2,4.7,10.8,127.0,375.1,240.9,1823.8,6276.0,3942.8,1075.8,767.8,67.5,164.4,2065.5,1552.2,609.3,277.2,5264.8,5513.6,2744.2,1074.2,3942.6,2320.6,2800.3,1586.2,1664.2,2943.8,1024.1,1327.9,1103.0,1952.0,1404.6,1647.8,7186.8,4643.5,1340.9,986.3
2026-09-05 16:30:00,798.1,340.2,759.4,1524.0,772.7,195.3,2.5,10.5,125.4,346.3,240.5,1802.4,6290.0,4159.6,1138.4,700.0,67.5,142.0,1894.3,1613.7,537.5,298.0,5266.8,5620.4,2745.4,1073.6,3934.0,2331.2,2800.4,1575.6,1665.4,2938.5,1025.1,1453.6,1106.2,1951.8,1392.8,1710.6,7245.1,4625.1,1363.3,968.2
2026-09-05 16:45:00,799.8,324.8,789.9,1588.0,773.7,208.3,2.0,16.3,127.0,315.0,240.9,1784.8,6345.1,4287.4,1202.3,670.3,67.5,185.3,2034.8,1619.5,511.4,329.4,5278.7,5741.7,2758.3,1072.8,3947.2,2325.5,2806.3,1593.0,1670.4,2939.0,1027.1,1401.4,1113.0,1942.9,1415.6,1722.3,7243.7,4610.3,1380.3,950.8
2026-09-05 17:00:00,790.6,350.4,837.7,1541.6,776.9,181.1,13.1,58.1,138.1,287.4,208.6,1726.9,5499.7,6084.7,1290.4,920.1,69.4,178.7,2038.4,1079.6,548.9,271.6,5347.1,5713.3,2790.8,1101.2,4212.9,2886.4,2776.1,1726.5,1629.9,2821.8,1146.7,1052.3,1121.2,2473.5,1442.0,1854.1,7404.6,4580.0,1399.4,932.5
2026-09-05 17:15:00,799.8,335.5,919.9,1578.6,780.9,174.2,2.1,63.4,139.3,242.9,209.0,1716.2,5384.3,7685.6,1338.4,1054.6,69.4,206.9,2018.9,1247.3,534.6,303.6,5326.8,5853.7,2799.5,1100.5,4219.1,2899.5,2776.8,1732.8,1630.9,2813.8,1146.7,1054.8,1126.9,2466.9,1462.1,1891.6,7399.3,4566.3,1421.5,923.3
2026-09-05 17:30:00,813.4,336.3,1004.9,1544.2,781.5,165.1,1.0,59.0,142.5,201.1,214.2,1671.5,5349.1,8273.9,1357.8,1067.6,69.4,204.8,2051.7,1364.9,550.9,336.2,5313.7,6014.4,2806.5,1100.4,4218.7,2938.3,2776.9,1731.5,1633.4,2811.4,1146.5,1074.6,1130.5,2461.8,1481.7,1929.4,7464.7,4554.9,1436.3,911.9
2026-09-05 17:45:00,815.2,341.3,1075.2,1508.8,775.5,148.6,1.1,60.2,144.1,151.4,231.8,1649.7,5132.9,8313.6,1403.7,1064.6,69.4,264.8,2059.7,1486.6,568.4,571.1,5321.7,6128.7,2809.8,1100.5,4224.7,3016.7,2785.5,1733.0,1625.7,2854.3,1151.5,1096.4,1132.7,2457.0,1500.2,1952.3,7533.7,4552.4,1457.2,902.4
2026-09-05 18:00:00,829.1,319.2,1139.4,1470.0,803.8,261.7,17.3,50.8,145.9,118.2,218.6,1611.2,5385.4,8814.8,1411.9,1287.4,69.9,142.2,1839.2,516.3,622.4,911.1,5359.9,5950.8,2812.0,1072.5,4280.4,3226.4,2768.2,1860.0,1641.6,2791.4,1151.1,991.3,1134.0,2875.9,1547.0,2618.9,7590.0,4544.4,1496.1,892.8
2026-09-05 18:15:00,840.1,317.6,1162.1,1434.9,804.9,255.1,12.0,48.4,173.8,91.9,213.2,1590.2,5145.8,8474.1,1483.1,1272.6,69.9,143.6,1836.4,1400.3,609.4,965.1,5357.8,6093.2,2823.9,1072.0,4277.9,3334.2,2769.5,1862.5,1638.6,2791.3,1151.0,1012.9,1135.0,2888.1,1560.4,2631.2,7607.1,4533.7,1509.9,885.4
2026-09-05 18:30:00,832.6,319.8,1171.9,1406.5,803.6,254.8,12.1,42.3,223.1,79.2,228.9,1557.6,4855.7,8147.9,1514.8,1207.9,93.6,112.6,1748.8,2408.7,622.7,966.7,5355.4,6302.7,2820.8,1071.2,4279.6,3487.0,2766.5,1863.0,1632.8,2857.5,1155.0,1038.9,1138.2,2887.5,1563.8,2663.7,7613.3,4526.0,1509.1,878.7
2026-09-05 18:45:00,814.5,326.1,1174.7,1378.3,805.1,247.7,12.1,46.7,262.6,68.4,254.3,1530.0,4813.2,7964.4,1574.4,1183.5,102.6,113.1,1476.0,2548.2,615.4,962.3,5346.9,6413.5,2813.5,1072.7,4267.4,3493.8,2769.4,1886.0,1622.8,2886.2,1151.1,1017.8,1133.4,2887.2,1561.6,2733.7,7632.5,4601.1,1514.0,863.8
2026-09-05 19:00:00,824.1,387.1,1187.4,1409.1,806.3,319.9,7.0,32.4,286.7,47.2,251.7,1428.6,4448.9,7274.0,1629.7,1332.3,0.0,164.2,1457.2,3014.6,558.5,974.6,5342.3,6330.3,2779.1,1137.2,4737.7,3463.3,2722.1,1939.4,1704.2,2808.7,1150.9,1120.5,1133.5,3165.0,1551.2,2999.3,7688.1,4682.3,1513.0,918.0
2026-09-05 19:15:00,828.1,383.1,1192.1,1382.5,810.6,314.1,7.0,32.9,311.0,78.2,243.4,1406.5,4329.8,7250.9,1688.1,1397.7,0.0,167.5,1426.7,3210.4,536.8,977.1,5336.4,6334.4,2782.5,1138.5,4737.7,3464.4,2713.8,1945.9,1707.5,2792.3,1151.7,1173.4,1127.1,3167.8,1541.7,3005.2,7684.7,4731.8,1520.0,911.6
2026-09-05 19:30:00,844.2,387.2,1203.2,1373.0,808.5,321.2,7.0,32.6,333.3,131.3,255.9,1412.1,4332.1,7884.7,1678.2,1520.5,0.0,203.9,1425.2,3153.0,546.8,976.7,5331.8,6332.5,2780.2,1139.1,4740.5,3461.0,2711.2,1955.8,1713.9,2787.6,1150.7,1117.2,1126.7,3172.2,1534.8,3015.4,7678.0,4740.6,1523.6,881.9
2026-09-05 19:45:00,856.8,389.8,1207.9,1345.9,807.5,319.0,7.0,35.7,344.2,132.2,247.0,1417.1,3439.9,7276.3,1711.1,1609.5,0.0,185.5,1425.6,3011.2,549.4,976.8,5322.5,6311.1,2786.0,1140.0,4735.5,3457.8,2713.7,1951.8,1709.6,2782.6,1125.9,1161.4,1123.1,3177.3,1529.7,3032.3,7675.3,4772.5,1527.5,880.1
2026-09-05 20:00:00,848.0,419.7,1218.7,1314.5,804.9,319.6,15.0,12.5,356.1,125.2,259.4,1366.8,3405.4,7081.1,1806.2,1535.0,64.7,142.7,1377.2,3047.5,538.9,982.4,5257.4,6382.0,2793.3,1268.5,4386.0,3199.0,2679.4,1911.0,1725.3,2788.9,1174.2,1585.7,1122.6,2978.5,1525.0,3445.8,7680.2,4720.8,1542.4,835.4
2026-09-05 20:15:00,857.3,394.1,1198.6,1287.6,799.9,313.9,15.0,12.4,357.1,121.1,255.5,1355.1,3401.0,7105.2,1823.0,1532.5,64.8,141.0,1373.9,3042.9,533.5,983.5,5237.8,6366.6,2794.8,1269.7,4385.5,3193.2,2690.0,1917.2,1725.1,2791.1,1171.4,1608.8,1121.9,2987.9,1521.9,3430.1,7674.2,4762.2,1542.2,826.9
2026-09-05 20:30:00,855.6,380.5,1171.7,1262.7,793.0,315.0,15.0,12.4,358.3,123.1,237.3,1358.8,3399.8,6935.5,1833.9,1520.6,64.7,159.0,1370.5,3036.5,528.6,976.4,5242.3,6321.6,2793.9,1270.7,4334.3,3143.9,2689.5,1917.5,1732.3,2802.3,1172.8,1608.8,1122.4,2999.9,1520.1,3425.1,7649.9,4723.6,1545.7,822.4
2026-09-05 20:45:00,846.4,381.6,1136.2,1236.7,782.3,316.5,15.0,12.4,359.2,117.0,238.2,1359.3,3355.7,6838.5,1832.1,1506.5,64.7,155.3,1367.5,3021.1,526.5,978.4,5243.9,6280.6,2794.7,1271.6,4330.8,3136.4,2690.7,1928.4,1727.4,2796.7,1147.3,1511.8,1122.5,3012.6,1514.0,3402.4,7633.7,4681.5,1532.7,808.7
2026-09-05 21:00:00,825.5,449.5,1050.2,1244.8,765.2,307.6,2.1,37.1,346.3,144.6,237.3,1403.1,3275.6,6637.6,1827.4,1567.3,53.7,138.0,1322.8,3008.6,500.0,984.8,5245.1,6265.9,2763.3,1244.5,4371.3,3175.5,2661.0,1853.6,1730.8,2842.5,1159.8,1307.5,1115.8,2928.1,1506.2,3126.8,7472.8,4674.1,1514.2,790.4
2026-09-05 21:15:00,829.1,404.5,1020.2,1196.2,753.0,310.5,2.0,33.2,344.7,144.5,217.2,1377.0,3276.6,6509.4,1836.2,1546.6,53.7,118.2,1319.0,3008.9,493.7,986.9,5277.0,6173.7,2753.5,1246.8,4354.9,3165.3,2658.9,1857.7,1729.4,2836.9,1151.8,1264.5,1115.1,2940.1,1495.2,3141.6,7401.9,4668.4,1492.9,791.9
2026-09-05 21:30:00,817.2,405.9,999.2,1170.6,741.8,300.6,2.0,33.2,346.5,144.6,209.8,1366.6,3274.6,6380.9,1871.7,1528.4,53.7,136.5,1314.7,3010.6,489.0,995.6,5269.7,6130.3,2731.8,1248.9,4407.3,3203.9,2655.1,1863.7,1729.8,2839.2,1150.6,1122.7,1112.5,2952.5,1488.0,3107.0,7346.4,4625.3,1473.3,791.7
2026-09-05 21:45:00,805.3,395.8,977.6,1152.2,738.9,299.5,2.0,36.6,343.1,139.0,197.2,1370.6,3804.8,6402.9,1872.3,1501.3,53.7,136.0,1310.2,3022.8,479.1,996.6,5247.1,6080.5,2722.6,1256.2,4394.7,3193.5,2651.8,1844.3,1730.9,2841.8,1144.9,1185.0,1107.6,2962.4,1478.6,3052.5,7289.1,4603.4,1472.5,787.9
2026-09-05 22:00:00,792.3,398.9,954.9,1089.9,713.2,232.7,2.1,37.1,338.9,130.8,204.9,1363.1,3177.4,6183.2,1832.4,1510.5,44.2,173.8,1289.6,3134.1,477.1,1000.7,5130.6,6170.3,2697.4,1268.7,4544.7,3311.5,2615.2,1744.8,1678.6,2847.3,1125.3,1367.4,1100.7,2624.5,1468.7,2925.1,7162.4,4686.9,1437.4,783.8
2026-09-05 22:15:00,781.7,398.2,937.0,1068.0,700.3,229.2,2.1,36.5,339.6,133.8,181.7,1374.8,3637.7,6502.4,1825.6,1499.5,44.2,175.3,1282.9,3135.7,476.0,1001.1,5080.4,6065.6,2667.8,1271.8,4526.2,3298.6,2613.8,1751.9,1680.7,2849.2,1121.1,1250.5,1093.3,2631.7,1459.5,2916.7,7107.5,4630.3,1422.3,778.2
2026-09-05 22:30:00,762.8,388.3,925.6,1042.2,699.8,229.3,2.0,36.9,338.8,136.5,186.3,1387.4,3646.7,6549.3,1845.1,1494.1,44.2,196.7,1278.3,3135.8,467.5,1001.7,5033.5,6009.1,2644.7,1273.8,4508.0,3283.0,2607.0,1756.0,1673.4,2842.4,1113.8,1106.8,1094.1,2633.7,1449.1,2878.6,7041.4,4593.1,1418.0,773.3
2026-09-05 22:45:00,766.6,390.1,923.4,1022.2,690.3,229.8,3.4,36.7,333.3,71.5,174.5,1400.2,3969.2,6631.7,1825.5,1472.9,44.2,198.1,1275.2,3071.9,466.9,1002.5,4991.1,5974.3,2627.1,1276.9,4495.6,3267.8,2618.4,1763.4,1654.9,2825.7,1107.1,1074.0,1090.6,2634.2,1439.9,2856.5,7009.5,4597.6,1404.8,764.4
2026-09-05 23:00:00,732.8,392.3,915.9,1009.2,672.6,231.8,12.0,35.1,316.0,83.4,160.7,1401.6,3721.5,6516.2,1758.7,1448.8,37.0,190.2,1243.7,3003.1,452.3,1007.2,4860.9,5928.3,2569.2,1304.7,4461.7,3501.1,2566.7,1740.8,1664.4,2840.6,1093.4,1070.7,1089.6,2261.1,1432.4,2842.9,6889.4,4642.3,1413.0,768.8
2026-09-05 23:15:00,719.2,403.2,908.2,986.2,668.2,230.0,12.0,30.7,313.7,83.5,144.0,1393.7,3837.5,6293.1,1738.2,1449.9,37.0,191.4,1238.3,3014.4,449.0,1007.1,4820.2,5917.4,2544.4,1307.6,4441.4,3485.3,2558.5,1729.1,1655.5,2830.1,1085.8,1040.1,1084.5,2262.7,1420.0,2827.3,6842.3,4597.1,1394.1,766.7
2026-09-05 23:30:00,710.2,391.5,902.6,967.5,665.7,228.9,13.4,30.3,316.7,52.7,155.7,1411.1,3917.6,6001.2,1749.5,1460.3,37.0,192.4,1234.1,3086.8,443.1,1014.5,4778.2,5847.7,2523.7,1311.8,4433.8,3472.8,2573.7,1731.0,1652.4,2826.3,1080.3,1084.5,1079.6,2256.8,1404.5,2778.0,6804.1,4588.8,1389.3,764.9
2026-09-05 23:45:00,702.2,391.1,899.9,890.4,662.1,227.1,14.7,32.9,306.1,40.8,142.2,1387.0,3965.0,5887.5,1725.9,1464.9,37.0,215.5,1231.2,3095.1,441.7,1028.0,4841.7,5886.8,2491.9,1315.7,4407.0,3459.7,2568.2,1721.4,1651.2,2823.9,1073.1,1081.0,1074.4,2257.1,1383.5,2779.2,6779.0,4583.8,1365.4,762.6
2026-09-06 00:00:00,716.1,325.5,834.1,837.7,634.6,97.9,6.5,21.6,305.8,42.5,151.0,1459.9,3317.2,6264.7,1311.4,1062.2,0.1,247.6,1268.9,3330.8,423.8,1027.2,4901.4,5872.8,2427.4,1426.5,4768.0,2901.1,2455.0,1582.3,1618.4,2673.8,960.5,1956.3,985.2,1973.2,1350.7,3025.3,6727.7,4569.1,1319.9,746.9
2026-09-06 00:15:00,717.7,325.3,834.1,824.8,629.5,96.5,6.5,21.0,303.1,32.6,135.0,1441.2,3316.0,6118.3,1464.9,1279.8,0.0,227.9,1261.5,3357.1,424.4,1027.6,4922.4,5896.5,2403.9,1428.6,4754.6,2881.8,2447.6,1581.7,1597.7,2651.7,951.5,1823.5,979.0,1979.2,1336.5,3029.2,6746.3,4581.0,1323.0,741.7
2026-09-06 00:30:00,720.7,289.3,843.4,865.7,621.5,94.9,6.5,19.9,296.7,27.5,132.7,1447.8,3330.4,6008.5,1530.7,1327.9,0.0,228.3,1254.3,3355.1,430.0,1023.8,4940.6,5846.1,2388.2,1422.0,4740.3,2852.3,2437.6,1581.8,1594.6,2647.4,946.3,1664.3,971.7,1963.7,1323.1,2999.0,6712.8,4577.3,1321.2,732.3
2026-09-06 00:45:00,715.2,288.6,855.2,852.4,617.1,94.8,6.5,19.9,295.7,42.5,115.3,1481.0,3373.2,5634.8,1512.9,1335.1,0.0,228.7,1251.7,3337.5,431.5,1019.6,5030.0,5928.2,2360.9,1425.1,4731.9,2833.3,2429.5,1580.4,1593.8,2644.5,943.6,1516.7,968.0,1939.4,1341.0,2955.0,6691.4,4583.5,1311.9,724.8
2026-09-06 01:00:00,718.2,307.7,856.9,711.8,625.0,94.4,21.6,12.4,259.5,35.0,136.3,1424.3,3246.1,5672.4,1462.6,1348.8,0.0,225.0,1208.3,3386.0,418.9,1023.6,4986.4,5919.8,2321.2,1421.4,4572.4,2725.1,2399.0,1558.7,1570.8,2535.8,920.5,1560.9,961.8,1836.2,1309.7,2978.2,6620.3,4523.4,1299.0,691.3
2026-09-06 01:15:00,725.2,287.1,844.7,675.1,621.2,93.8,21.6,12.4,259.4,29.7,123.2,1425.8,3244.2,5484.0,1450.1,1351.3,0.0,225.9,1205.8,3407.7,427.5,1020.0,4970.1,5918.7,2303.6,1423.4,4563.3,2708.6,2394.3,1562.2,1566.9,2517.3,914.7,1544.7,960.1,1820.0,1305.2,2981.3,6582.8,4527.4,1293.1,683.7
2026-09-06 01:30:00,731.2,286.5,835.9,621.0,620.1,94.0,21.6,10.5,258.6,36.6,125.5,1438.6,3262.2,5440.7,1436.5,1384.1,0.0,246.7,1199.9,3400.7,431.5,1015.8,4960.6,5916.1,2285.4,1427.3,4557.2,2690.6,2389.4,1563.1,1564.9,2504.0,911.0,1531.1,957.4,1800.9,1326.8,2983.1,6546.6,4537.8,1290.8,675.5
2026-09-06 01:45:00,739.0,286.2,822.5,569.9,618.2,93.9,22.1,10.5,256.0,24.1,109.9,1439.4,3293.3,5359.7,1426.7,1388.2,0.0,247.5,1198.4,3402.3,430.2,1016.4,4940.3,5874.9,2266.6,1428.3,4554.8,2678.4,2385.7,1566.3,1569.5,2501.5,908.6,1526.2,954.9,1810.8,1362.5,2973.1,6516.7,4533.2,1278.8,665.7
2026-09-06 02:00:00,676.2,298.3,814.5,684.2,604.5,93.6,75.0,24.8,264.7,25.4,106.8,1481.0,3105.0,5399.6,1414.6,1386.7,0.1,215.9,1210.2,3224.1,417.0,1020.4,4897.5,5875.6,2237.7,1394.9,4745.1,2866.8,2358.9,1575.4,1554.2,2448.5,910.8,1754.0,955.8,1675.3,1336.4,2977.2,6510.1,4479.9,1249.9,659.5
2026-09-06 02:15:00,681.4,287.1,806.9,666.6,601.3,93.7,75.0,24.8,257.5,27.3,95.8,1490.3,3102.5,5274.6,1414.1,1385.1,26.0,205.2,1208.8,3225.2,415.5,1020.6,4886.1,5853.7,2223.6,1396.0,4736.8,2855.4,2358.5,1576.5,1553.5,2413.4,908.8,1981.0,955.5,1687.7,1329.4,2975.6,6457.1,4483.8,1245.5,653.5
2026-09-06 02:30:00,682.6,288.0,797.0,636.7,598.8,93.8,75.0,24.8,260.7,29.3,97.6,1499.0,3123.8,5219.6,1408.2,1378.8,15.7,205.2,1203.4,3223.6,417.4,1016.8,4877.3,5768.6,2212.0,1396.1,4732.5,2840.9,2356.2,1575.8,1552.2,2419.1,907.7,1942.1,953.6,1691.9,1331.3,2946.9,6424.9,4488.7,1245.0,646.5
2026-09-06 02:45:00,691.4,288.7,783.7,604.8,589.0,93.9,75.0,24.8,263.4,23.0,78.1,1498.3,3158.6,5160.1,1395.9,1366.4,25.4,185.3,1202.5,3216.9,416.7,1017.5,4866.2,5809.2,2203.8,1396.2,4727.6,2829.4,2354.7,1577.2,1550.3,2375.4,903.6,2182.2,954.5,1704.2,1359.8,2938.5,6376.3,4485.7,1247.0,638.1
2026-09-06 03:00:00,678.7,330.9,773.8,579.1,591.3,183.7,64.1,12.8,271.2,10.8,96.8,1525.6,3028.6,4846.0,1395.2,1323.0,45.7,204.6,1152.8,3287.9,401.4,1020.7,4992.5,5859.3,2181.1,1450.2,4764.2,2887.8,2352.0,1595.6,1543.9,2324.8,897.5,2348.9,953.4,1684.7,1336.3,3035.0,6428.7,4453.6,1246.4,628.3
2026-09-06 03:15:00,668.8,332.7,780.7,564.4,590.5,184.2,64.0,12.8,263.9,7.4,91.8,1527.7,3023.6,4670.5,1392.2,1308.2,43.9,184.3,1152.2,3279.0,399.4,1019.0,4902.3,5762.9,2171.6,1527.8,4766.1,2894.7,2352.1,1614.9,1545.2,2272.3,896.3,2436.1,955.3,1690.1,1337.5,3050.7,6367.3,4458.2,1245.5,618.2
2026-09-06 03:30:00,682.4,342.0,786.8,543.2,582.2,185.0,64.0,12.8,270.7,7.4,94.3,1535.1,3040.7,4846.6,1387.1,1303.8,45.9,204.0,1145.0,3279.1,402.7,1013.0,4889.2,5743.3,2166.4,1526.5,4761.7,2931.3,2352.6,1597.1,1543.5,2291.6,891.4,2438.3,956.3,1705.5,1334.1,3042.6,6355.2,4465.4,1244.4,607.9
2026-09-06 03:45:00,687.8,344.7,799.6,536.1,579.9,185.6,64.0,12.8,269.0,14.0,90.7,1538.7,3069.7,4926.7,1385.8,1321.1,43.8,183.8,1139.0,3265.4,398.8,1010.6,4874.0,5757.7,2158.6,1444.7,4757.9,2871.7,2350.3,1596.2,1540.1,2306.7,889.5,2378.9,956.2,1708.7,1328.4,2996.9,6316.4,4467.6,1245.2,598.7
2026-09-06 04:00:00,689.5,340.2,816.7,552.5,586.6,188.8,64.5,3.8,269.7,8.0,89.9,1557.4,2985.6,4716.8,1435.1,1266.2,29.4,203.0,1064.6,3193.4,386.8,1014.8,4992.2,5897.9,2145.4,1522.4,4801.0,3049.1,2352.3,1578.8,1532.4,2302.1,885.7,2460.7,953.5,1667.2,1322.3,3019.2,6336.8,4441.8,1236.8,578.4
2026-09-06 04:15:00,673.3,344.1,832.0,541.2,583.3,190.2,64.5,3.8,270.2,9.0,88.6,1559.6,2981.1,4573.5,1430.3,1266.2,19.3,201.9,1063.6,3183.8,384.9,1011.9,4991.0,5861.3,2142.0,1519.1,4801.7,3117.0,2353.4,1581.4,1532.4,2303.6,887.4,2433.0,953.3,1667.2,1325.1,2996.6,6319.2,4451.3,1223.5,566.3
2026-09-06 04:30:00,677.7,320.4,850.0,532.1,580.4,192.5,64.5,3.8,264.7,14.5,86.2,1564.3,2988.8,4497.1,1367.0,1271.7,3.4,200.8,1055.0,3189.5,387.7,1005.1,4993.6,5889.7,2138.6,1516.5,4801.9,3171.7,2352.9,1578.9,1531.6,2305.1,884.4,2424.5,953.8,1666.4,1340.0,3008.9,6291.3,4454.9,1207.1,555.2
2026-09-06 04:45:00,678.4,348.1,866.3,517.2,577.8,195.2,64.5,3.8,266.8,20.0,83.3,1567.6,2809.2,4190.1,1369.2,1308.3,3.5,199.7,1056.8,3198.9,386.9,1002.4,4993.3,5847.8,2132.2,1518.8,4803.0,3200.9,2352.4,1562.9,1532.4,2321.4,885.9,2433.6,954.5,1671.1,1358.7,3001.3,6272.3,4467.1,1204.7,549.3
2026-09-06 05:00:00,681.4,332.3,877.2,511.2,579.2,188.3,34.0,6.8,256.1,16.3,60.8,1560.0,2652.4,4600.6,1433.4,1294.5,0.0,218.4,1097.4,2970.2,377.1,1027.1,4949.1,6143.8,2127.7,1504.6,4787.2,3009.6,2343.2,1539.3,1533.6,2381.3,884.3,2422.1,954.9,1682.9,1369.0,2900.8,6309.0,4503.8,1226.2,529.8
2026-09-06 05:15:00,679.8,320.0,876.7,513.7,584.5,192.2,34.0,6.8,256.6,17.7,60.8,1561.5,2649.0,4523.1,1423.6,1293.1,0.0,217.9,1098.8,2950.2,368.0,1022.9,4845.8,5928.9,2128.5,1503.7,4790.7,3017.1,2342.2,1540.5,1536.0,2386.3,887.4,2431.9,955.4,1675.6,1374.1,2949.7,6299.7,4517.3,1226.8,516.9
2026-09-06 05:30:00,682.2,322.6,868.2,523.6,584.5,201.0,34.0,6.9,260.0,22.4,56.4,1561.6,2657.2,4401.9,1384.3,1314.1,0.0,227.3,1085.5,2931.7,369.9,1014.3,4747.0,5884.6,2128.9,1508.7,4792.8,3125.0,2340.2,1544.7,1535.8,2362.1,887.9,2518.1,955.5,1671.8,1376.5,2946.2,6305.9,4528.1,1232.8,502.6
2026-09-06 05:45:00,676.3,332.1,871.2,528.5,591.3,211.2,34.0,6.8,262.0,19.3,56.4,1560.8,2644.9,4301.5,1378.8,1288.5,0.0,186.9,1086.6,2883.2,372.0,1009.7,4743.9,5838.4,2132.9,1506.6,4797.2,3074.9,2340.8,1524.1,1536.4,2400.8,889.0,2468.8,955.6,1668.9,1372.2,2943.2,6310.0,4531.8,1235.8,490.1
2026-09-06 06:00:00,695.3,327.7,877.4,524.4,591.6,279.6,32.0,25.8,275.6,18.7,57.3,1488.3,2747.5,4301.0,1456.8,1171.3,0.0,213.7,1033.3,2700.8,370.3,1014.5,4723.7,5868.2,2152.7,1499.2,4224.9,2910.3,2330.3,1481.2,1552.0,2489.7,890.4,2290.8,957.4,1675.3,1373.1,2977.1,6360.6,4500.1,1254.1,496.3
2026-09-06 06:15:00,672.6,323.0,880.2,521.6,594.2,289.2,32.0,25.8,273.1,18.7,60.3,1487.1,2216.7,3673.9,1455.9,1001.4,0.0,214.1,1036.5,2658.2,371.5,1012.7,4735.7,5910.1,2159.0,1499.2,4229.9,2935.1,2331.4,1489.7,1548.2,2445.1,892.7,2488.3,960.9,1669.0,1371.9,2958.9,6371.3,4564.3,1258.7,513.2
2026-09-06 06:30:00,675.1,328.8,877.9,537.5,601.2,310.5,32.0,25.8,277.0,19.5,59.2,1486.9,2264.0,3584.4,1403.7,922.4,0.0,216.0,1027.4,2613.0,377.7,999.1,4741.9,5997.9,2166.0,1498.8,4238.2,2971.2,2331.7,1483.7,1550.5,2456.0,896.8,2511.2,962.6,1660.3,1379.6,2942.2,6381.8,4634.5,1257.9,440.0
2026-09-06 06:45:00,674.7,336.4,867.5,537.3,611.6,338.4,32.0,26.1,274.3,18.7,59.7,1473.1,2275.5,3583.3,1397.2,925.2,0.0,197.7,1041.3,2550.7,390.0,1002.6,4745.6,5997.1,2175.0,1493.2,4258.2,2916.1,2347.1,1474.3,1551.1,2539.6,897.9,2282.2,965.9,1652.9,1351.5,2944.9,6402.5,4592.7,1260.5,426.4
2026-09-06 07:00:00,684.6,382.6,862.3,560.6,627.5,415.3,36.0,8.4,277.5,13.9,44.3,1537.7,2351.0,3751.8,1417.9,958.4,0.0,243.1,1167.1,2265.7,377.0,1017.8,4712.6,5926.7,2228.6,1474.8,3972.4,2925.2,2351.3,1479.7,1579.5,2509.5,907.4,2530.9,975.0,1863.7,1415.2,2879.9,6401.7,4575.2,1286.5,455.9
2026-09-06 07:15:00,689.9,424.4,839.0,578.8,639.6,424.1,36.1,6.3,271.4,14.0,47.5,1537.0,2351.6,3625.6,1410.9,951.0,0.0,244.5,1177.8,2201.5,375.9,989.0,4727.2,5941.4,2236.6,1431.6,3980.2,2841.5,2342.4,1517.5,1600.1,2560.3,914.4,2086.0,981.3,1845.5,1365.9,2873.7,6421.1,4529.3,1294.6,443.1
2026-09-06 07:30:00,694.8,426.1,805.5,564.6,649.0,466.6,36.0,7.0,257.3,14.2,47.3,1529.6,2332.8,3562.3,1386.0,963.1,0.0,265.4,1176.3,2156.8,374.9,979.7,4631.5,5944.1,2252.1,1385.9,4001.3,2789.1,2363.6,1494.9,1600.5,2647.6,920.7,2000.5,984.9,1828.0,1374.7,2835.9,6430.8,4541.2,1296.3,374.6
2026-09-06 07:45:00,692.1,427.6,765.8,568.7,660.0,510.6,38.6,7.4,237.1,16.9,49.9,1519.6,2922.8,3526.9,1358.1,957.6,0.0,266.2,1174.4,2114.0,383.5,978.5,4618.0,5976.0,2268.8,1347.3,4027.2,2568.1,2355.3,1513.2,1608.3,2654.0,925.9,1866.0,991.8,1814.4,1377.6,2906.2,6454.0,4545.9,1311.4,361.0
2026-09-06 08:00:00,702.4,427.8,732.5,595.8,671.2,574.1,78.0,18.7,213.9,12.3,77.4,1478.1,3255.3,3787.9,1536.6,988.1,0.0,472.1,1265.8,2127.0,378.6,943.6,4739.1,5971.0,2305.5,1375.3,3654.8,3035.6,2364.7,1504.5,1625.1,2685.7,1062.2,1840.8,993.7,1969.7,1376.6,2964.0,6482.7,4600.7,1338.7,343.2
2026-09-06 08:15:00,701.9,440.6,676.0,598.6,679.7,585.4,78.2,6.4,180.5,22.0,81.2,1488.9,3538.6,3880.6,1498.9,1037.2,0.0,496.4,1255.5,2065.9,379.8,936.3,4728.2,6092.5,2321.3,1365.4,3672.8,2752.6,2375.2,1567.3,1625.8,2680.7,1065.5,1483.6,991.2,1987.3,1375.4,2941.2,6518.9,4414.7,1350.3,340.0
2026-09-06 08:30:00,702.4,519.0,643.7,637.4,691.8,613.6,83.8,8.8,151.6,32.6,87.9,1486.5,3547.2,3749.2,1497.2,1055.5,0.0,467.1,1235.4,1903.8,391.4,881.9,4733.0,6172.7,2347.2,1331.0,3759.8,2594.1,2380.0,1597.5,1628.6,2684.1,1072.8,1394.4,1001.4,1969.0,1381.5,2917.5,6558.1,4272.7,1354.0,333.6
2026-09-06 08:45:00,704.9,532.6,622.9,664.8,698.9,649.3,93.9,9.7,134.2,50.9,108.7,1498.5,4417.9,3495.3,1475.0,1108.6,0.0,461.3,1237.3,1881.2,399.8,893.3,4752.3,6192.2,2360.5,1330.5,3770.9,2583.7,2389.8,1632.3,1630.6,2687.5,1078.9,1183.8,1007.1,1952.1,1390.1,2891.0,6601.2,4272.7,1367.4,325.4
2026-09-06 09:00:00,697.4,554.1,614.7,717.9,700.4,547.7,95.3,9.4,164.6,77.2,187.2,1505.3,4629.3,3883.5,1623.3,1163.5,0.0,514.8,1206.0,1711.6,456.3,859.6,4772.9,6150.8,2411.4,1193.8,3486.2,1877.5,2396.1,1648.8,1648.3,2660.7,1105.4,1226.5,1014.4,1929.2,1402.6,2907.1,6634.4,4186.9,1365.4,328.0
2026-09-06 09:15:00,688.4,583.2,585.3,783.8,712.1,521.3,93.6,10.3,151.7,113.1,199.3,1514.3,4634.9,3606.2,1581.1,1227.3,0.9,456.3,1261.4,1702.4,462.7,846.6,4786.5,6184.8,2434.8,1194.4,3501.7,1865.0,2404.3,1659.6,1655.9,2676.8,1106.4,976.4,1019.4,1914.5,1407.7,2770.1,6652.4,4161.3,1373.8,334.7
2026-09-06 09:30:00,689.7,590.3,554.8,832.1,711.9,416.2,96.8,11.0,151.9,157.7,239.0,1534.5,4700.2,3546.2,1556.4,1271.9,0.0,443.9,1438.3,1651.9,514.9,822.9,4798.2,6152.6,2443.1,1193.0,3529.5,1855.0,2440.7,1528.2,1649.9,2702.3,1116.1,959.3,1019.1,1897.5,1402.5,2622.8,6725.9,4143.5,1361.6,340.3
2026-09-06 09:45:00,684.0,536.0,521.3,894.5,708.0,432.7,108.4,12.1,151.2,197.4,236.1,1545.6,4727.4,3556.4,1519.3,1292.6,0.0,440.9,1391.9,1581.0,505.6,821.0,4889.4,5912.7,2464.4,1192.7,3541.8,1849.0,2485.8,1535.5,1651.3,2739.2,1117.9,962.4,1017.4,1863.0,1431.2,2501.5,6713.4,4151.0,1357.2,344.5
2026-09-06 10:00:00,688.2,547.9,514.1,894.2,710.1,451.2,101.8,30.6,139.8,233.8,183.1,1774.8,4919.8,3865.8,1690.5,1442.5,0.1,441.5,1780.0,846.7,504.1,417.5,4992.0,5881.7,2490.5,1191.5,3781.3,2178.3,2505.0,1440.0,1660.2,2768.3,1110.7,937.1,1011.1,1724.1,1407.8,2126.9,6704.6,4075.4,1345.0,358.8
2026-09-06 10:15:00,684.6,559.5,495.4,921.1,704.9,410.2,102.2,30.9,130.7,269.2,179.1,1786.9,4926.6,3907.2,1653.8,1486.0,0.0,459.7,1931.3,805.8,510.8,227.0,5003.2,5871.9,2501.0,1192.4,3819.6,2111.4,2511.8,1445.2,1665.4,2774.1,1113.9,937.0,1008.5,1715.5,1385.1,2100.6,6688.6,4093.9,1338.5,368.0
2026-09-06 10:30:00,676.9,541.8,697.3,999.5,703.2,485.7,103.0,26.2,128.3,314.5,162.5,1810.5,4947.6,3889.3,1637.7,1553.3,0.0,487.5,1908.2,774.8,619.9,149.6,5012.8,5860.9,2504.1,1192.3,3824.9,2107.4,2519.0,1449.9,1661.7,2768.5,1113.2,936.9,1005.9,1708.0,1370.1,2104.4,6675.9,4109.9,1326.3,376.2
2026-09-06 10:45:00,672.0,541.2,676.8,1058.0,699.1,451.9,104.1,26.8,127.0,322.6,157.3,1834.3,5026.5,3558.7,1593.7,1557.2,0.1,410.1,1908.3,763.3,624.4,161.1,5014.1,5844.0,2513.9,1193.1,3821.5,2104.2,2527.8,1455.3,1662.1,2772.7,1114.1,937.1,1003.4,1701.8,1356.4,2071.9,6680.3,4124.8,1327.9,384.6
2026-09-06 11:00:00,684.3,554.9,885.5,1117.0,695.4,419.2,95.1,45.0,108.9,365.9,229.7,1755.3,5130.8,3776.9,1578.4,1615.2,6.9,308.9,1855.1,727.4,615.6,167.2,5030.9,5841.3,2532.1,1187.1,3793.2,2562.6,2553.3,1400.9,1661.3,2636.5,1119.9,950.7,1004.9,1478.5,1349.6,2034.3,6641.9,4076.4,1321.4,357.2
2026-09-06 11:15:00,670.4,565.5,871.4,1163.0,690.3,422.8,95.7,51.9,108.6,373.2,218.2,1754.5,5178.2,3731.5,1509.5,1631.4,7.7,304.3,1848.6,682.2,624.8,179.6,5030.4,5821.4,2543.4,1186.9,3787.0,2559.8,2557.1,1408.0,1662.1,2631.1,1119.7,950.6,1004.4,1476.0,1344.6,1968.4,6638.3,4077.0,1319.9,370.0
2026-09-06 11:30:00,666.6,574.0,858.2,1195.2,693.0,421.6,97.1,49.8,108.0,317.5,229.5,1761.0,5188.7,3740.1,1503.4,1648.3,8.5,303.7,1843.7,654.7,622.9,187.8,5165.8,5943.1,2540.2,1186.0,3790.5,2557.2,2557.2,1416.8,1662.2,2606.2,1119.3,950.4,1004.5,1473.3,1342.6,1932.4,6629.8,4076.5,1314.9,368.0
2026-09-06 11:45:00,662.0,582.5,848.0,1243.9,694.6,427.9,97.3,35.3,107.2,373.2,239.9,1766.7,5392.3,3246.6,1488.9,1677.4,9.3,324.2,1846.7,651.0,621.1,193.4,5175.3,5944.8,2546.8,1187.1,3791.3,2555.0,2560.1,1424.8,1666.8,2597.2,1122.2,950.4,1004.6,1471.2,1344.2,1920.7,6651.0,4077.1,1315.1,368.5
2026-09-06 12:00:00,668.4,595.9,859.2,1274.4,727.8,426.9,78.8,64.6,110.0,479.3,134.2,1726.5,5778.9,3323.7,1472.4,1569.7,51.9,155.6,1945.1,663.3,646.6,169.3,5178.2,5954.4,2537.9,1184.3,3763.5,2682.9,2564.6,1462.1,1657.0,2311.2,1138.3,968.1,1008.9,1378.8,1348.6,1829.8,6667.2,3837.9,1311.2,418.2
2026-09-06 12:15:00,676.0,606.4,849.6,1294.6,727.0,455.1,87.8,73.4,110.1,498.1,143.6,1733.8,5585.4,3200.5,1462.4,1573.0,52.4,150.0,1940.1,648.5,652.9,175.3,5138.9,5882.2,2542.3,1184.5,3759.0,2682.7,2564.4,1465.8,1655.8,2301.6,1141.8,965.2,1007.8,1373.8,1351.7,1826.1,6657.0,3834.7,1316.0,427.4
2026-09-06 12:30:00,667.5,615.4,857.2,1300.7,724.3,450.8,95.7,53.4,111.6,432.4,165.0,1732.5,5584.5,3199.3,1448.5,1466.7,52.8,145.0,1938.2,636.9,650.2,175.5,5121.2,5827.7,2538.1,1184.5,3770.2,2684.5,2563.0,1469.2,1655.3,2285.6,1140.9,965.2,1010.8,1369.6,1351.9,1825.2,6648.7,3844.6,1304.3,436.7
2026-09-06 12:45:00,670.8,623.8,849.8,1316.1,719.1,440.2,95.7,53.5,110.4,446.5,149.9,1743.2,5587.8,3167.4,1438.6,1466.4,53.2,144.1,1929.9,621.0,647.4,176.3,5122.6,5777.1,2544.5,1184.8,3773.0,2686.7,2565.9,1472.3,1662.0,2290.2,1137.3,965.0,1013.2,1371.5,1352.8,1823.1,6643.1,3851.1,1299.6,445.7
2026-09-06 13:00:00,678.9,632.3,875.5,1321.9,721.4,429.5,121.6,20.3,103.3,456.7,212.6,1691.4,5491.9,3260.1,1441.5,1417.5,53.8,79.8,1886.0,599.5,658.8,200.3,5122.7,5556.6,2534.3,1184.8,3839.5,2834.7,2565.6,1503.1,1653.0,2240.8,1124.4,992.2,1009.3,1399.0,1354.4,1823.6,6797.8,3971.5,1273.1,453.9
2026-09-06 13:15:00,674.0,637.4,880.9,1296.6,725.3,432.3,121.6,16.7,102.5,470.0,203.0,1679.6,5481.3,3199.3,1442.0,1421.9,53.1,150.0,1873.3,592.3,658.5,199.6,5121.4,5546.0,2542.4,1184.4,3840.6,2835.2,2570.4,1500.7,1651.8,2256.4,1124.4,992.2,1007.4,1395.5,1350.3,1828.9,6798.0,3974.8,1273.6,465.9
2026-09-06 13:30:00,681.4,638.8,885.6,1259.8,730.9,435.4,121.6,16.4,102.1,464.6,196.9,1649.1,5479.8,3287.6,1445.6,1384.0,52.5,177.3,1870.5,583.9,657.4,197.0,5126.4,5545.4,2545.1,1184.6,3851.3,2835.1,2566.0,1497.5,1651.8,2259.5,1126.7,992.1,1006.6,1390.8,1348.6,1837.8,6793.0,3986.5,1265.3,477.3
2026-09-06 13:45:00,693.7,640.2,891.9,1224.9,731.6,436.9,120.2,16.0,101.7,463.2,195.5,1652.0,5477.8,3292.5,1443.3,1384.8,51.9,179.9,1877.4,581.9,653.4,195.6,5188.5,5585.9,2550.2,1185.6,3851.3,2835.3,2567.1,1493.6,1654.9,2269.5,1125.1,992.1,999.2,1387.1,1347.2,1841.3,6776.8,3981.3,1262.2,482.9
2026-09-06 14:00:00,732.3,644.6,888.2,1209.1,719.9,434.7,116.1,40.4,95.6,469.3,191.0,1554.2,5414.5,3310.6,1414.3,1589.0,19.2,326.3,1868.5,565.2,645.2,177.1,5217.8,5716.5,2555.0,1189.9,3807.6,2853.9,2568.1,1483.4,1660.5,2398.6,1154.1,934.3,992.8,1372.2,1350.1,1894.5,6755.2,4006.3,1251.4,496.9
2026-09-06 14:15:00,745.2,641.8,906.6,1189.7,720.3,429.2,98.8,40.2,93.6,462.2,193.7,1570.9,5350.1,3369.7,1419.0,1604.5,18.9,341.3,1879.6,554.5,645.6,169.4,5148.2,5736.1,2561.7,1189.7,3812.4,2854.6,2570.5,1476.7,1665.9,2422.6,1154.6,934.4,988.5,1368.8,1350.6,1901.6,6799.6,4024.9,1253.7,504.5
2026-09-06 14:30:00,746.0,636.7,896.8,1169.1,722.4,421.8,98.9,40.0,93.2,453.5,222.9,1556.7,5145.2,3387.7,1420.5,1568.3,18.7,341.3,1894.4,552.9,647.1,162.1,5017.5,5642.2,2561.8,1190.2,3813.9,2855.0,2568.3,1470.4,1658.6,2417.6,1152.5,934.3,990.9,1367.7,1360.3,1921.1,6827.6,4020.8,1253.1,529.7
2026-09-06 14:45:00,764.1,702.9,911.3,1219.5,729.0,410.9,96.7,39.6,93.2,441.5,200.9,1667.2,5208.8,3552.5,1431.3,1533.2,18.4,341.3,1903.8,554.8,642.9,157.1,5011.9,5671.3,2568.5,1189.7,3824.0,2855.5,2570.8,1463.9,1658.8,2445.1,1158.0,934.2,994.6,1365.5,1373.4,1893.8,6825.7,3996.2,1254.3,527.9
2026-09-06 15:00:00,717.6,665.7,708.3,1187.9,708.7,506.1,60.7,15.2,84.0,346.2,160.6,1801.9,5052.3,3556.3,1425.4,1520.2,18.1,403.6,1658.2,594.7,616.7,161.0,5118.9,5580.8,2568.5,1188.5,3951.0,2318.8,2554.1,1561.1,1656.1,2661.6,1127.8,888.3,1013.6,1685.6,1386.4,2051.0,6787.2,3974.6,1260.2,591.2
2026-09-06 15:15:00,722.2,689.9,732.7,1203.2,710.8,492.1,59.6,14.6,84.0,432.3,159.0,1837.0,5068.0,3637.1,1437.6,1521.0,19.3,403.0,1675.4,610.3,609.8,152.9,5048.5,5557.5,2579.4,1187.3,3935.6,2321.2,2548.0,1549.8,1662.0,2674.4,1128.8,888.8,1024.9,1683.7,1400.9,2057.9,6816.0,3962.7,1268.1,597.3
2026-09-06 15:30:00,728.0,687.5,749.7,1186.0,713.7,517.7,59.5,13.9,84.0,454.0,166.8,1854.2,5084.6,3704.7,1465.0,1506.2,20.5,372.3,1699.1,628.0,571.6,138.3,5044.6,5586.7,2586.1,1186.3,3945.9,2323.4,2524.7,1539.8,1662.2,2672.9,1136.6,889.0,1031.6,1684.4,1412.8,2133.1,6853.6,3949.2,1288.4,595.3
2026-09-06 15:45:00,735.6,724.1,783.6,1159.6,721.4,494.4,59.5,13.2,84.4,446.3,170.7,1857.3,5063.2,3842.1,1496.3,1508.2,21.8,362.9,1738.0,619.1,582.0,156.3,4985.7,5656.7,2603.6,1187.0,3954.3,2326.1,2500.1,1530.7,1658.7,2665.4,1137.4,889.0,1038.7,1684.8,1416.5,2168.5,6890.0,3933.8,1309.2,592.7
2026-09-06 16:00:00,726.5,673.5,614.6,1182.4,725.8,437.5,49.4,14.7,89.5,385.2,202.0,1866.1,4916.7,3505.2,1229.2,1397.6,10.0,379.9,1454.8,652.1,538.3,174.8,5166.7,5372.9,2642.3,1198.9,4422.0,2581.4,2494.1,1739.7,1681.8,2617.0,1152.2,883.1,1053.6,2535.7,1438.8,2508.7,6974.0,3943.3,1376.1,583.8
2026-09-06 16:15:00,703.4,751.1,650.9,1242.3,735.2,457.4,33.5,13.9,90.3,362.9,204.4,1856.1,4907.9,3480.8,1295.2,1364.6,10.0,355.3,1462.4,691.3,574.2,225.4,5135.7,5469.3,2661.1,1198.4,4428.8,2586.8,2498.4,1760.6,1682.0,2612.6,1155.2,883.1,1061.4,2535.6,1449.8,2456.2,7055.9,3923.2,1413.5,570.6
2026-09-06 16:30:00,724.1,763.2,694.0,1287.9,737.4,558.9,31.0,17.0,92.1,345.8,205.8,1832.1,4933.9,3401.4,1361.6,1340.7,10.0,354.8,1408.1,1183.5,547.1,369.0,5167.5,5757.9,2671.5,1199.6,4434.1,2591.9,2497.0,1817.9,1680.9,2697.5,1159.4,883.5,1070.4,2531.9,1433.0,2816.9,7075.3,3919.4,1445.2,561.3
2026-09-06 16:45:00,726.1,771.1,734.3,1220.2,734.7,549.8,31.0,12.7,79.5,320.2,187.6,1818.1,4822.3,3364.9,1397.4,1292.4,10.0,436.8,1254.8,1190.3,523.4,365.4,5109.7,5981.9,2684.1,1198.7,4433.4,2602.9,2500.7,1865.4,1691.1,2736.5,1160.0,1066.4,1081.1,2527.7,1456.8,3032.4,7162.5,3937.5,1476.0,547.9
2026-09-06 17:00:00,770.0,737.0,797.1,1172.1,738.4,498.6,16.9,47.7,94.9,260.3,174.0,1564.1,3978.5,2811.4,1358.1,1268.3,3.3,234.1,1228.2,1338.0,532.9,380.1,5183.5,5775.7,2682.6,1133.7,3684.0,2106.5,2553.1,2112.4,1714.5,2658.0,1020.5,1397.6,1097.7,3387.6,1489.2,3702.0,7277.7,4007.3,1482.9,519.9
2026-09-06 17:15:00,760.8,705.6,853.8,1116.0,742.0,443.3,2.0,48.5,91.4,214.9,165.8,1545.2,3914.1,2746.8,1437.3,1211.4,0.0,264.2,1218.1,1324.5,544.7,359.8,5210.0,5814.0,2701.4,1171.2,3656.7,2298.7,2554.4,2061.6,1715.8,2656.7,1015.2,1843.2,1105.6,3384.3,1507.3,3786.4,7357.2,4187.4,1515.4,504.6
2026-09-06 17:30:00,774.7,679.6,941.4,1279.2,745.3,405.9,2.0,46.2,83.9,158.0,140.1,1521.3,3803.3,2680.7,1415.9,1302.8,0.0,301.5,1181.2,1296.3,524.8,341.0,5188.1,5776.4,2702.5,1257.9,3659.4,2394.9,2553.4,1993.1,1718.2,2692.5,1004.0,2356.0,1106.8,3381.4,1519.2,3854.2,7445.7,4345.7,1541.6,478.4
2026-09-06 17:45:00,778.1,659.0,1020.7,1472.9,754.2,354.4,2.0,45.8,93.1,115.4,145.5,1528.6,2960.7,2701.7,1509.0,1414.4,0.0,312.7,1178.7,1283.4,534.3,348.5,5224.1,5704.1,2712.7,1280.4,3655.6,2843.6,2556.7,1975.7,1719.8,2743.1,974.2,2645.4,1111.5,3378.6,1528.3,3965.2,7544.0,4358.0,1573.2,454.7
2026-09-06 18:00:00,791.1,610.4,1074.2,1426.9,762.0,369.5,12.1,42.1,131.8,66.2,191.6,1437.1,3481.4,2133.1,1455.4,1574.7,0.0,118.3,1398.2,1199.4,565.6,620.6,5325.9,5631.6,2730.8,1326.6,3918.4,3473.7,2632.1,1844.4,1730.3,2880.0,999.9,3255.1,1111.2,3417.1,1533.1,4080.7,7674.6,4422.4,1606.3,430.0
2026-09-06 18:15:00,803.9,591.0,1121.9,1428.0,769.1,345.2,12.1,41.5,170.1,48.8,195.6,1418.2,3002.9,2208.0,1453.7,1483.7,0.1,145.6,1396.7,1153.0,571.6,605.4,5352.5,5549.5,2747.0,1473.1,3913.3,4310.0,2635.5,1769.3,1726.0,2990.7,999.3,3516.0,1108.9,3416.2,1534.6,4059.5,7713.0,4432.5,1631.7,441.0
2026-09-06 18:30:00,813.0,580.7,1161.8,1400.6,786.7,325.2,12.1,41.0,214.3,34.7,211.9,1390.3,3032.6,2221.6,1445.7,1412.3,0.0,145.2,1379.7,1122.7,567.0,588.7,5369.0,5462.3,2752.8,1527.1,3919.5,4497.7,2632.3,1765.9,1720.3,3051.4,1005.8,3593.1,1110.8,3416.1,1535.1,4089.1,7762.5,4431.0,1652.0,425.1
2026-09-06 18:45:00,815.7,573.9,1188.3,1375.0,802.5,315.6,12.8,40.5,245.7,114.8,220.2,1395.3,3055.1,2232.8,1481.2,1434.6,0.0,139.0,1391.6,1150.6,591.7,617.2,5389.6,5415.2,2769.4,1603.1,3918.0,4539.1,2635.9,1764.9,1713.2,3089.5,1002.0,3622.6,1106.2,3416.5,1536.5,4156.4,7817.7,4434.2,1672.6,410.9
2026-09-06 19:00:00,822.6,571.0,1202.2,1358.7,798.2,625.1,9.5,20.1,255.3,21.2,213.9,1343.9,3336.1,1956.7,1536.5,1414.3,96.3,94.8,1360.0,1323.6,592.5,586.3,5390.7,5478.8,2786.4,1555.6,4226.6,5001.2,2720.4,1706.3,1684.3,3089.2,1024.5,3812.1,1102.0,3415.4,1536.5,4109.0,7845.6,4488.7,1678.6,428.7
2026-09-06 19:15:00,831.8,569.7,1211.2,1376.1,801.4,637.9,10.5,20.0,270.5,82.2,209.4,1367.7,3309.3,1988.4,1472.1,1340.8,95.0,94.1,1340.7,1285.5,582.0,565.5,5397.0,5441.2,2799.2,1560.8,4220.2,4986.1,2723.8,1700.5,1683.7,3096.7,1025.1,3810.4,1100.0,3417.3,1537.2,4144.8,7854.2,4504.3,1686.5,426.2
2026-09-06 19:30:00,842.9,572.6,1229.1,1387.8,805.0,639.2,11.5,21.4,288.0,88.3,221.0,1341.3,3202.1,1962.5,1331.8,1217.0,37.0,73.4,1347.4,1270.3,593.6,551.1,5402.4,5402.8,2804.7,1567.1,4224.5,4969.4,2723.4,1689.7,1689.9,3094.6,1028.9,3802.6,1102.3,3419.4,1541.4,4167.6,7863.0,4527.9,1691.2,446.6
2026-09-06 19:45:00,839.3,566.1,1239.8,1379.8,805.3,638.0,12.5,25.3,300.1,90.3,220.7,1340.0,3151.4,2364.3,1346.8,1270.4,16.2,72.7,1333.0,1276.5,588.7,562.4,5394.5,5375.8,2816.2,1572.3,4214.4,4959.3,2717.9,1676.2,1688.5,3088.4,1029.8,3808.6,1100.0,3421.5,1545.0,4197.6,7866.2,4576.4,1696.3,445.3
2026-09-06 20:00:00,847.2,563.3,1234.8,1423.4,801.1,749.0,22.2,25.0,328.3,83.8,238.0,1387.2,3307.0,2059.7,1441.4,1197.5,67.5,47.8,1328.0,1238.7,613.4,537.2,5313.0,5272.1,2836.3,1587.5,4314.0,5047.1,2791.9,1703.5,1703.4,3116.1,1031.5,3793.4,1104.0,3444.0,1553.4,4282.3,7860.8,4650.7,1694.9,422.7
2026-09-06 20:15:00,848.0,562.1,1222.6,1415.6,793.3,745.9,23.1,23.6,331.0,85.4,232.2,1379.2,3274.7,2183.1,1433.6,1195.5,67.2,47.5,1324.2,1223.6,615.7,536.2,5305.7,5242.7,2847.3,1590.7,4308.9,5042.6,2796.5,1697.6,1700.5,3114.3,1033.5,3802.5,1105.3,3447.4,1550.1,4310.2,7865.2,4642.5,1697.0,422.6
2026-09-06 20:30:00,840.1,560.8,1209.7,1409.1,781.9,745.7,24.2,23.0,333.6,94.0,217.0,1388.4,3244.8,2302.8,1419.8,1238.6,67.0,47.2,1301.6,1231.1,615.4,522.7,5297.7,5212.2,2844.8,1593.9,4307.8,5060.2,2795.7,1692.0,1702.9,3121.4,1032.4,3815.2,1110.0,3449.8,1540.1,4324.4,7854.4,4587.3,1701.3,398.0
2026-09-06 20:45:00,830.1,558.9,1191.3,1399.9,768.2,740.3,24.1,23.0,330.7,82.3,210.5,1373.7,3214.8,2311.6,1412.6,1230.2,65.3,67.0,1308.2,1238.9,618.3,514.4,5292.9,5199.1,2844.6,1596.0,4299.0,5028.2,2797.7,1683.8,1706.5,3079.0,1033.2,3802.1,1110.5,3452.5,1520.3,4331.9,7827.9,4584.7,1695.9,392.5
2026-09-06 21:00:00,808.6,556.2,1158.7,1390.9,754.9,555.3,10.1,35.0,312.6,94.9,195.4,1402.8,3063.2,2472.0,1395.5,1286.8,120.4,61.6,1269.3,1201.5,565.8,527.6,5343.9,5054.8,2831.8,1571.9,4290.3,5041.8,2795.9,1650.3,1700.9,3107.0,1026.0,3883.5,1108.0,3419.3,1491.4,4339.8,7678.0,4567.6,1667.0,371.7
2026-09-06 21:15:00,798.4,550.8,1124.5,1357.9,741.6,556.5,11.0,35.0,308.6,80.0,185.8,1359.3,3049.5,2627.8,1409.4,1244.6,121.0,61.1,1273.8,1207.7,576.2,506.7,5383.6,5031.8,2822.5,1543.6,4270.8,5014.0,2797.9,1652.3,1700.6,3099.2,1022.6,3876.3,1110.5,3422.0,1470.5,4349.3,7611.0,4572.5,1647.7,367.9
2026-09-06 21:30:00,784.9,544.9,1078.0,1328.8,722.7,558.5,11.2,35.0,315.8,9.5,169.4,1359.2,3015.7,2544.0,1442.6,1233.6,101.5,50.5,1261.6,1229.0,575.2,497.3,5388.7,5003.7,2803.9,1545.9,4261.6,4923.8,2794.2,1653.6,1705.9,3071.3,1018.8,3804.5,1110.2,3424.5,1456.3,4344.4,7523.6,4575.1,1629.5,365.0
2026-09-06 21:45:00,772.6,539.0,1035.1,1328.4,705.2,559.1,11.7,35.0,314.2,9.5,151.8,1359.4,3004.1,2767.2,1439.0,1238.2,102.0,41.8,1265.7,1236.4,581.2,502.7,5383.6,4972.8,2789.2,1547.0,4246.0,4815.1,2792.8,1686.2,1707.1,3055.3,1013.3,3711.6,1108.1,3426.7,1445.7,4328.4,7453.7,4584.2,1615.3,365.1
2026-09-06 22:00:00,752.6,552.1,994.6,1312.5,685.6,372.3,11.5,24.8,309.3,14.9,139.9,1310.6,2735.5,3165.4,1372.4,1277.3,70.4,73.7,1197.7,1264.0,546.4,500.9,5262.8,4917.8,2736.9,1601.1,4290.2,4829.8,2757.1,1609.5,1708.8,3062.8,1004.0,3670.8,1102.9,3325.6,1433.7,4307.0,7426.5,4588.3,1590.1,357.2
2026-09-06 22:15:00,734.0,527.2,961.8,1305.1,668.5,373.4,12.4,24.8,314.2,6.1,130.5,1322.5,2702.4,3327.5,1371.8,1245.9,50.5,92.7,1207.9,1270.3,546.9,498.0,5215.9,4871.8,2713.2,1601.1,4263.4,4708.8,2752.6,1619.9,1711.4,3048.6,1004.9,3592.3,1101.6,3328.4,1425.6,4285.0,7345.3,4597.2,1563.2,350.2
2026-09-06 22:30:00,722.8,522.7,933.8,1103.3,652.8,373.4,12.5,24.8,310.0,6.1,131.2,1308.7,2683.2,3366.3,1397.6,1257.6,50.7,91.7,1197.3,1304.0,542.6,494.1,5216.0,4836.8,2675.3,1601.2,4244.8,4735.0,2743.6,1605.0,1708.4,3020.7,996.0,3624.0,1100.5,3331.1,1414.4,4249.5,7255.2,4599.8,1548.7,344.5
2026-09-06 22:45:00,737.8,518.0,916.7,1098.1,639.2,373.6,13.6,24.8,304.9,6.1,122.3,1319.1,2674.7,3218.6,1396.4,1261.4,50.7,90.7,1196.6,1318.5,545.6,491.0,5188.0,4809.5,2651.1,1552.9,4215.9,4623.0,2738.2,1616.8,1706.7,2984.3,985.7,3544.3,1099.3,3333.8,1398.8,4226.4,7172.7,4608.6,1530.7,335.3
2026-09-06 23:00:00,717.6,512.9,899.4,1046.6,634.3,297.9,17.5,7.1,277.5,20.3,106.4,1306.3,2485.5,3654.2,1302.9,1192.7,35.9,45.5,1152.3,1227.2,531.8,486.2,5048.1,4715.7,2555.9,1633.2,4252.0,4593.2,2634.6,1616.4,1712.5,3055.9,931.9,3260.1,1094.2,3317.1,1383.3,4149.4,7007.3,4586.5,1555.5,325.3
2026-09-06 23:15:00,708.6,508.4,880.0,836.2,619.3,296.7,24.2,7.1,274.5,20.3,91.3,1314.4,2761.2,3549.9,1288.4,1179.3,25.9,44.7,1159.6,1254.8,529.2,489.9,5025.0,4692.7,2517.6,1627.2,4231.8,4437.0,2630.0,1639.0,1707.8,3050.4,923.1,3135.2,1086.6,3320.3,1369.3,4113.5,6925.8,4579.5,1534.8,317.5
2026-09-06 23:30:00,703.8,503.9,863.5,829.6,606.2,296.6,26.3,7.1,268.3,20.3,101.6,1327.7,2767.5,3776.9,1293.3,1178.0,26.8,44.7,1143.5,1281.1,527.0,495.7,4992.3,4659.2,2483.9,1569.9,4215.6,4354.9,2618.1,1687.5,1708.5,3034.3,910.7,3051.5,1081.2,3321.7,1356.5,4076.5,6849.4,4552.0,1524.5,309.4
2026-09-06 23:45:00,706.0,499.3,853.5,818.7,599.3,289.0,27.1,7.1,260.0,20.4,87.8,1336.7,2814.0,3680.6,1307.8,1175.6,37.9,44.7,1150.4,1302.7,531.1,485.8,4979.8,4622.4,2443.1,1564.0,4186.8,4256.1,2613.7,1717.3,1705.8,3021.5,905.4,2978.8,1070.1,3325.2,1343.7,4036.4,6800.1,4557.3,1512.0,307.1
2026-09-07 00:00:00,690.8,452.9,850.0,850.2,605.1,279.3,69.3,50.8,266.1,15.2,136.2,1302.6,2635.1,4532.5,1132.6,1142.5,26.9,60.7,930.1,1569.1,445.8,390.2,4936.0,4991.3,2389.2,1598.9,3969.4,4168.8,2505.8,1698.8,1691.7,2927.0,873.7,2895.4,1033.3,2850.4,1328.8,3908.6,6741.6,4520.5,1442.3,305.9
2026-09-07 00:15:00,693.9,445.4,844.4,842.3,599.5,272.9,69.3,50.9,269.1,15.5,131.3,1306.1,3170.3,4304.3,1137.4,1114.4,26.9,60.8,930.1,1744.6,449.5,390.1,4941.5,4968.7,2361.9,1601.8,3957.4,4089.1,2498.1,1716.6,1686.9,2923.6,864.4,2818.5,1029.9,2852.4,1330.1,3860.2,6706.9,4527.2,1435.3,315.6
2026-09-07 00:30:00,681.7,438.0,839.9,803.1,588.0,269.2,68.9,50.8,264.8,15.6,136.3,1312.9,3166.5,4396.3,1131.3,1108.7,26.9,61.0,936.9,1785.5,452.6,388.0,4914.3,4953.9,2325.5,1513.7,3935.8,3729.1,2486.3,1735.7,1687.0,2978.9,857.0,2730.0,1030.0,2854.7,1331.9,3833.4,6673.2,4490.0,1422.5,302.7
2026-09-07 00:45:00,673.3,430.2,837.3,808.9,583.7,267.9,70.1,50.8,262.1,15.9,105.2,1318.0,3165.6,4451.7,1172.2,1108.7,27.0,60.9,939.6,1766.3,454.8,115.5,4887.7,4938.8,2296.6,1492.3,3922.5,3575.4,2478.9,1755.7,1689.6,2984.9,852.4,2615.3,1027.0,2857.2,1338.4,3794.0,6627.6,4386.8,1410.8,298.5
2026-09-07 01:00:00,669.1,422.4,839.9,806.0,597.7,268.7,86.1,37.5,248.7,20.8,149.5,1336.2,3159.8,4570.8,1068.6,1083.1,27.1,67.1,914.6,1857.8,430.4,400.0,4872.7,4933.7,2244.4,1566.7,3906.4,3944.4,2319.1,1780.6,1630.7,2937.1,831.0,2672.3,1024.2,2850.9,1340.7,3753.2,6593.9,4477.5,1407.3,316.9
2026-09-07 01:15:00,665.6,416.3,832.5,794.8,595.5,266.3,87.1,37.5,249.5,20.9,143.0,1339.8,3157.4,4380.8,1057.8,1061.1,27.5,66.9,919.3,1869.4,437.3,401.3,4863.1,4920.8,2226.5,1572.5,3894.4,3913.5,2315.8,1799.3,1629.2,2951.1,835.7,2655.5,1021.6,2854.3,1349.2,3731.3,6569.1,4480.5,1404.4,314.4
2026-09-07 01:30:00,663.4,410.4,829.6,785.2,598.7,264.2,86.8,37.5,250.1,21.0,135.8,1342.0,3167.5,4333.7,1037.5,1057.9,27.9,66.9,921.1,1887.5,435.8,402.4,4850.8,4900.3,2207.3,1579.3,3884.9,3884.5,2312.0,1816.1,1627.4,2968.8,829.2,2627.4,1016.0,2858.0,1357.4,3704.9,6546.5,4463.5,1401.7,311.8
2026-09-07 01:45:00,662.6,404.6,822.8,776.4,599.1,263.9,88.3,37.5,250.1,20.9,103.5,1345.6,3191.9,4368.2,1025.0,1054.4,28.5,66.8,916.0,1901.4,433.8,308.0,4805.6,4884.7,2188.1,1583.4,3876.3,3540.3,2309.3,1834.7,1632.8,2984.9,825.4,2593.9,1014.9,2861.2,1366.8,3669.3,6523.1,4363.3,1394.1,307.7
2026-09-07 02:00:00,660.2,403.9,885.7,730.6,601.5,263.4,74.5,15.5,252.9,17.5,136.7,1362.2,3229.8,4290.0,1021.7,1063.1,28.9,87.8,905.5,1912.3,429.1,406.4,4800.4,4898.8,2164.8,1617.1,3889.8,3778.6,2250.2,1954.6,1585.0,2945.8,815.5,2595.7,1018.5,2870.1,1373.9,3604.4,6651.8,4444.9,1381.8,308.0
2026-09-07 02:15:00,658.3,392.1,881.3,716.3,601.0,262.5,77.0,15.5,242.0,17.6,113.7,1365.2,3246.1,4254.5,1012.5,1062.2,29.6,88.0,905.7,1921.9,427.5,411.6,4804.1,4885.2,2148.7,1620.6,3886.8,3784.2,2249.9,1965.3,1585.2,2958.9,815.3,2582.1,1013.1,2875.0,1383.5,3587.3,6638.1,4536.6,1378.5,304.8
2026-09-07 02:30:00,663.2,385.3,874.9,709.2,609.5,262.3,79.6,15.5,242.5,17.7,110.2,1370.7,3262.1,4281.9,998.4,1061.2,30.2,73.3,905.2,1928.0,421.6,415.2,4788.2,4870.3,2138.8,1623.5,3878.8,3696.6,2247.0,1974.7,1584.5,2969.3,810.2,2563.6,1007.5,2879.7,1391.6,3572.6,6626.3,4559.9,1379.0,300.6
2026-09-07 02:45:00,661.9,378.3,870.6,707.7,609.6,262.0,80.4,15.5,242.4,14.8,92.5,1381.2,3287.2,4272.8,996.2,1057.7,30.9,73.9,905.3,1938.1,418.6,293.3,4752.3,4856.2,2131.1,1626.6,3877.3,3548.7,2244.8,1986.6,1586.1,2969.5,808.3,2546.6,1003.1,2884.5,1400.6,3564.6,6604.0,4541.7,1375.4,297.2
2026-09-07 03:00:00,679.5,371.0,868.9,689.0,613.2,261.4,75.2,17.5,247.8,19.4,182.1,1420.6,3122.2,4317.1,1018.2,1071.3,31.5,84.7,911.2,1926.3,409.0,414.5,4743.1,4924.7,2111.8,1630.8,3830.5,3681.2,2237.1,2077.9,1646.3,2925.4,825.3,2489.6,996.7,2898.4,1409.6,3590.9,6581.5,4616.0,1368.6,305.9
2026-09-07 03:15:00,677.2,364.1,873.4,677.4,613.5,261.0,76.7,17.5,294.2,13.5,179.1,1421.4,3124.9,4269.6,1011.7,1052.4,32.0,105.2,909.9,1922.5,411.4,433.8,4721.9,4909.9,2103.9,1614.5,3831.3,3688.5,2237.4,2080.1,1651.4,2922.1,822.9,2489.2,991.1,2903.0,1417.3,3607.0,6551.3,4516.4,1365.5,296.5
2026-09-07 03:30:00,677.9,358.0,883.7,666.5,613.4,259.9,75.1,17.5,299.9,13.5,174.8,1424.0,3124.4,4202.3,999.9,1066.2,32.4,90.4,909.6,1921.4,413.6,442.2,4747.2,4898.6,2095.4,1609.8,3829.8,3687.3,2235.3,2079.4,1648.6,2926.9,826.4,2489.3,984.6,2907.2,1420.0,3616.7,6542.7,4519.0,1366.1,298.9
2026-09-07 03:45:00,672.9,371.3,896.8,651.0,620.2,259.5,73.0,17.5,288.5,13.5,165.0,1425.1,3141.3,4227.2,997.1,1066.5,32.9,106.0,911.9,1916.7,412.8,451.5,4797.0,4886.4,2091.1,1601.7,3826.1,3687.8,2234.9,2079.0,1647.8,2938.7,824.1,2487.7,977.7,2911.9,1419.7,3615.2,6537.5,4525.1,1368.9,296.0
2026-09-07 04:00:00,685.7,346.7,857.9,632.0,609.2,260.8,72.1,20.5,303.3,14.3,154.7,1432.3,3176.7,4041.7,1000.7,1056.8,33.3,86.6,884.4,1948.1,403.9,446.4,4872.6,4806.4,2075.3,1635.9,3838.8,3687.4,2228.5,2123.5,1647.4,2955.1,793.6,2405.0,973.5,2941.1,1424.2,3658.0,6493.9,4489.5,1380.3,291.7
2026-09-07 04:15:00,700.4,341.7,880.6,623.3,622.3,260.6,71.2,20.5,303.0,14.3,150.1,1433.2,3174.7,4170.1,1005.7,1055.4,33.1,64.6,887.1,1947.0,404.0,456.5,4916.9,4796.7,2080.8,1635.9,3841.6,3701.4,2230.7,2123.4,1647.6,2953.6,794.8,2408.2,973.2,2950.8,1425.5,3710.0,6495.0,4551.0,1390.6,290.2
2026-09-07 04:30:00,700.6,336.8,908.9,615.5,631.6,273.9,66.9,20.6,254.1,20.3,153.1,1434.8,3158.2,4175.9,968.8,1055.3,32.9,47.5,887.2,1945.1,405.1,465.5,4956.0,4794.0,2083.6,1644.3,3851.5,3754.7,2232.1,2122.4,1648.1,2952.1,793.0,2403.8,974.2,2963.8,1429.0,3760.1,6514.3,4545.9,1397.8,290.8
2026-09-07 04:45:00,713.3,332.6,944.4,607.7,647.0,273.6,66.9,20.5,262.3,20.4,146.2,1435.3,3157.8,4240.8,931.3,1070.3,32.8,64.5,890.1,1947.0,402.6,473.7,5017.4,4790.9,2086.9,1641.6,3855.1,3762.9,2232.3,2122.7,1649.2,2950.4,829.4,2440.9,977.8,2977.8,1436.3,3814.1,6534.6,4556.6,1413.0,285.7
2026-09-07 05:00:00,753.2,328.4,1019.9,598.4,659.6,352.5,74.9,54.3,265.7,27.7,106.2,1408.9,3249.0,4116.4,1011.1,1083.7,65.6,41.2,944.3,1908.7,394.2,475.0,5312.6,4771.3,2129.5,1649.0,3874.8,3791.8,2238.6,2156.2,1652.2,2908.6,832.1,2460.5,985.2,3225.8,1450.9,3950.2,6668.5,4679.0,1453.4,278.9
2026-09-07 05:15:00,768.6,323.7,1068.0,589.1,680.7,352.6,74.6,54.2,275.8,27.8,106.8,1415.8,3254.3,4282.9,997.6,1082.7,45.5,42.1,952.2,1901.3,393.9,484.4,5392.0,4753.9,2159.1,1729.7,3895.5,4042.0,2246.5,2151.7,1657.3,2977.4,838.7,2649.7,991.8,3234.4,1466.3,4010.8,6742.7,4679.9,1481.6,267.8
2026-09-07 05:30:00,779.5,319.5,1106.5,783.4,697.8,358.2,74.7,54.7,286.5,31.9,106.7,1427.2,2737.3,4270.3,956.4,1104.1,45.0,42.8,950.2,1904.0,394.6,495.0,5468.5,4752.7,2190.2,1751.0,3914.6,4208.6,2251.4,2152.6,1654.9,3020.8,848.1,2777.5,1000.0,3243.1,1483.4,4100.2,6833.2,4685.1,1507.2,257.4
2026-09-07 05:45:00,787.1,317.1,1141.0,782.4,717.4,367.8,74.6,55.3,300.3,40.0,106.2,1432.6,2717.1,4246.9,954.3,1156.1,34.4,43.3,928.4,1913.2,399.7,512.3,5554.5,4750.4,2232.7,1753.4,3939.1,4323.6,2266.4,2144.6,1656.7,3019.1,858.8,2894.5,1003.1,3248.9,1495.6,4221.3,6949.4,4690.9,1534.8,245.6
2026-09-07 06:00:00,816.5,322.7,1166.1,939.4,735.3,382.0,37.0,60.7,319.8,37.9,109.7,1350.0,3121.3,4264.2,1052.4,1151.6,43.9,44.0,1032.5,1892.2,430.2,502.3,5717.9,4873.6,2386.3,1794.6,3992.7,4100.7,2305.6,2061.0,1683.8,2968.9,858.7,3015.8,1023.4,3453.1,1548.0,4282.3,7254.4,4780.6,1623.5,245.6
2026-09-07 06:15:00,816.1,336.3,1169.9,938.7,752.3,406.1,37.0,76.2,333.5,42.3,124.7,1347.8,3135.9,4227.6,1059.9,1177.6,50.1,45.2,1031.5,1900.7,436.0,523.6,5781.2,4865.3,2455.1,1801.2,4024.1,4399.1,2329.6,2047.4,1682.3,2976.5,878.5,3161.1,1034.6,3457.4,1570.0,4377.5,7413.6,4797.1,1669.1,235.6
2026-09-07 06:30:00,814.0,353.8,1158.1,1135.0,769.9,433.8,37.0,80.7,349.3,41.7,135.9,1345.5,2985.3,4457.9,1033.2,1181.5,39.5,45.6,1046.7,1906.0,442.9,526.1,5835.7,4865.2,2518.5,1824.7,4064.7,4430.2,2347.9,2046.7,1690.0,2988.1,894.5,3176.2,1043.3,3462.1,1590.3,4499.7,7576.1,4826.8,1712.4,219.1
2026-09-07 06:45:00,810.5,370.5,1132.5,1133.7,786.4,470.8,37.0,80.8,368.5,44.2,148.5,1341.9,2879.0,4492.5,1048.2,1198.1,35.1,59.1,1055.7,1904.2,449.5,538.4,5876.2,4855.4,2597.8,1829.1,4102.0,4546.7,2370.9,2031.3,1696.1,2980.7,909.0,3282.6,1053.0,3467.6,1602.6,4595.5,7737.1,4832.2,1770.3,242.5
2026-09-07 07:00:00,846.6,455.5,1109.4,1149.3,806.1,550.6,37.4,39.5,400.7,29.3,139.6,1392.3,3037.8,4361.7,1101.8,1195.8,35.5,87.5,1153.0,1855.1,512.4,529.0,5999.5,4877.8,2797.0,1787.2,4242.4,4720.1,2445.0,1936.5,1746.2,3092.3,954.0,3367.2,1067.8,3483.0,1646.1,4748.7,7977.0,5062.6,1855.5,325.7
2026-09-07 07:15:00,841.0,480.1,1083.4,1151.3,821.3,598.7,37.4,39.6,414.9,29.4,147.1,1394.7,3071.3,4390.9,1114.0,1215.2,36.9,164.0,1161.0,1874.7,508.2,541.7,6018.9,4893.0,2860.0,1794.4,4270.8,4768.8,2469.6,1923.5,1752.9,3109.8,972.9,3418.7,1072.7,3483.3,1649.7,4832.0,8078.3,5098.8,1890.6,325.2
2026-09-07 07:30:00,833.1,510.1,1036.9,1131.3,832.3,653.0,39.3,24.4,426.9,103.1,157.7,1395.2,3078.7,4395.9,1123.1,1246.3,38.2,167.2,1162.5,1887.9,506.8,551.0,6029.6,4885.0,2892.6,1796.9,4286.1,4800.1,2486.0,1907.5,1758.6,3125.5,984.7,3458.5,1076.1,3481.3,1650.8,4892.7,8154.4,5067.1,1914.7,271.7
2026-09-07 07:45:00,813.6,539.5,980.1,1095.2,836.5,703.6,37.4,20.3,429.4,56.6,164.9,1395.1,3119.9,4548.8,1127.5,1247.5,39.5,165.4,1170.2,2054.0,519.5,547.7,6040.6,4874.0,2932.4,1720.3,4293.5,4749.7,2503.8,1884.6,1770.0,3140.5,989.2,3395.2,1080.3,3475.6,1651.6,4958.2,8225.4,5098.5,1945.2,279.7
2026-09-07 08:00:00,808.0,560.5,914.1,959.7,835.5,675.3,62.0,37.4,425.9,108.9,208.5,1266.3,3170.2,4581.2,1414.0,1302.4,40.8,207.3,1448.2,2142.5,491.9,575.1,5989.1,4738.0,2987.2,1667.8,4378.5,5345.4,2534.7,1844.9,1799.6,3090.4,1024.7,3233.6,1068.7,3451.8,1651.5,5120.9,8291.6,4964.3,1973.8,303.1
2026-09-07 08:15:00,793.3,593.3,876.4,949.4,843.3,656.9,62.0,19.9,418.9,111.1,215.5,1272.1,3204.9,4560.7,1395.9,1322.4,43.0,193.8,1443.3,2121.9,490.0,554.7,5985.3,4729.1,2993.4,1666.4,4374.8,5340.4,2540.9,1836.6,1799.4,3102.8,1024.6,3218.6,1065.3,3448.9,1649.5,5199.8,8327.9,4885.7,1970.8,244.2
2026-09-07 08:30:00,785.3,624.8,812.4,757.0,835.6,756.8,62.0,20.3,406.8,42.6,214.4,1281.2,3239.5,4457.4,1506.1,1513.5,55.9,98.5,1445.1,2131.0,491.6,551.5,6005.7,4718.2,2996.8,1731.6,4370.1,5335.7,2540.8,1795.4,1799.2,3114.2,1031.8,3242.7,1065.6,3452.5,1650.0,5172.1,8332.8,4962.5,1974.6,267.2
2026-09-07 08:45:00,764.8,650.3,778.7,752.7,837.3,762.3,62.0,20.9,386.7,48.5,229.6,1291.9,3552.8,4314.1,1620.4,1737.7,47.5,114.8,1433.9,2071.4,477.1,548.8,5993.3,4705.8,3007.8,1661.6,4379.6,5347.8,2548.9,1822.0,1808.6,3073.1,1035.4,3130.5,1075.2,3460.1,1648.9,5240.6,8346.7,4868.6,1970.1,252.8
2026-09-07 09:00:00,756.4,689.0,742.9,567.5,825.5,844.3,124.9,17.2,352.8,55.9,222.3,1300.5,3581.0,4557.5,1668.4,1822.4,49.8,221.7,1340.7,2126.1,506.7,569.4,5907.8,4543.9,3002.7,1630.1,4426.3,5429.4,2555.5,1737.0,1805.1,3125.4,1027.7,3187.3,1091.1,3358.4,1645.1,5293.3,8275.4,4735.7,1956.0,260.0
2026-09-07 09:15:00,741.5,706.8,701.6,593.2,829.9,848.4,132.6,11.3,325.5,73.0,223.9,1319.3,3608.4,4294.3,1606.1,1858.9,50.3,220.6,1335.0,1989.0,506.3,568.1,5883.0,4516.0,2993.3,1624.3,4420.7,5423.2,2559.8,1724.9,1808.3,3119.7,1023.8,3175.9,1091.0,3376.3,1643.3,5263.5,8260.2,4702.2,1944.9,253.9
2026-09-07 09:30:00,721.4,728.7,667.4,619.0,824.6,882.8,128.5,11.9,284.2,63.9,220.2,1330.8,3665.1,3990.3,1583.1,1772.8,50.8,225.4,1330.3,1963.7,525.7,575.4,5860.6,4509.9,2984.6,1625.0,4422.7,4950.5,2555.3,1719.6,1804.5,3078.2,1024.8,3192.9,1092.2,3395.0,1637.1,5199.4,8269.6,4587.7,1934.7,254.5
2026-09-07 09:45:00,699.2,745.8,622.1,641.8,820.0,910.4,131.0,12.3,240.5,72.3,221.6,1346.1,4231.5,3721.3,1555.1,1645.0,51.3,222.4,1321.0,1989.4,594.3,351.5,5876.7,4491.5,2974.3,1625.5,4420.6,4474.4,2559.4,1693.9,1810.5,3047.7,1017.5,3218.7,1090.8,3415.4,1631.1,5195.0,8302.4,4516.0,1927.0,260.5
2026-09-07 10:00:00,692.5,813.3,612.3,705.6,802.9,760.0,153.6,10.3,211.0,90.5,382.1,1362.4,4415.9,4320.0,1403.1,1625.1,51.8,320.5,1363.5,1931.5,517.0,592.5,5820.3,4551.6,2994.8,1638.3,4275.3,4315.3,2588.9,1635.7,1806.4,3076.6,982.1,3212.4,1082.1,3350.7,1615.3,4951.8,8303.6,4654.2,1914.9,230.6
2026-09-07 10:15:00,684.1,794.3,591.0,744.6,800.4,781.4,152.6,10.5,184.6,99.1,382.7,1363.4,4434.4,4202.2,1336.8,1673.4,51.5,319.9,1352.1,1954.5,541.8,367.3,5802.3,4566.3,2989.9,1639.0,4266.5,3877.3,2589.7,1615.0,1817.1,3038.8,982.3,3243.7,1077.9,3365.3,1606.5,4925.0,8287.3,4561.9,1895.4,240.9
2026-09-07 10:30:00,673.2,825.3,793.2,777.3,798.9,800.9,154.4,10.6,169.7,117.7,365.2,1391.6,5287.9,4607.5,1298.9,1720.9,51.2,328.9,1336.5,1976.9,563.6,382.4,5777.2,4590.6,2978.8,1498.4,4331.0,3656.9,2585.7,1605.3,1812.8,3059.6,975.5,3212.7,1077.0,3370.8,1600.8,4923.6,8298.1,4556.1,1885.0,251.6
2026-09-07 10:45:00,668.2,841.7,770.1,804.9,790.4,815.5,169.1,10.9,158.4,127.0,375.2,1390.3,5358.2,3725.5,1219.6,1755.6,50.9,316.8,1372.7,1786.1,567.9,403.7,5787.3,4600.3,2983.9,1415.1,4320.4,3577.5,2588.1,1562.2,1810.8,3002.5,971.1,2954.5,1077.4,3366.9,1594.4,4903.3,8303.2,4518.9,1870.1,260.3
2026-09-07 11:00:00,657.5,862.7,983.6,864.8,778.7,831.1,144.8,45.8,161.0,161.4,376.2,1486.4,5463.8,4793.8,1340.5,1783.3,50.6,344.7,1379.7,2041.1,542.5,425.5,5685.4,4601.3,2990.8,1377.2,4091.1,3317.4,2602.5,1569.0,1797.7,3038.5,994.7,2888.0,1079.4,3355.1,1587.7,4818.3,8292.8,4707.0,1831.4,274.6
2026-09-07 11:15:00,655.9,863.7,974.3,886.3,776.5,835.7,153.6,34.5,146.7,168.8,375.4,1503.2,5455.8,4617.6,1282.6,1805.3,50.6,354.2,1375.6,1800.9,544.6,416.4,5658.0,4623.5,2985.3,1350.1,4086.4,2994.0,2598.7,1560.1,1796.8,3034.1,990.0,2792.0,1079.3,3347.3,1579.2,4774.4,8287.6,4647.3,1805.2,282.5
2026-09-07 11:30:00,659.9,863.6,1184.4,933.0,770.4,842.4,169.7,34.5,123.6,170.0,387.5,1496.5,5455.6,4012.0,1209.9,1857.7,50.6,350.1,1370.0,1809.0,540.3,416.9,5620.2,4647.9,2975.5,1349.5,4081.2,2983.8,2593.8,1555.4,1797.9,3031.9,991.5,2792.1,1077.6,3345.8,1569.5,4781.8,8281.0,4660.8,1786.3,291.9
2026-09-07 11:45:00,668.0,861.7,1224.1,959.4,772.1,844.5,169.7,34.5,100.6,152.2,392.3,1511.8,5499.7,3980.1,1167.8,1878.5,50.8,348.5,1352.9,1805.8,530.2,429.1,5612.2,4671.4,2978.9,1348.9,4075.2,2966.7,2594.2,1547.8,1802.2,3032.7,989.5,2812.4,1077.1,3347.6,1556.7,4780.7,8263.2,4628.0,1773.6,306.4
2026-09-07 12:00:00,704.0,863.7,1251.6,937.9,761.9,840.5,162.0,34.0,112.8,253.2,346.7,1529.5,5714.3,4002.3,1432.4,1909.0,50.7,289.9,1306.6,1951.1,514.9,440.1,5559.0,4521.5,2987.5,1298.0,3790.3,3116.7,2595.9,1507.0,1779.2,3050.3,985.7,2499.0,1074.1,3123.7,1587.9,5139.0,8328.4,4719.2,1712.4,343.0
2026-09-07 12:15:00,715.6,860.3,1254.2,931.7,770.3,831.8,160.9,33.9,111.8,224.0,349.7,1549.0,5721.8,4043.4,1415.7,1922.1,50.9,279.5,1319.1,1926.4,527.7,426.4,5550.5,4549.4,2987.7,1298.0,3780.9,3075.6,2594.1,1496.5,1782.6,3028.1,984.6,2539.7,1073.6,3133.3,1580.9,5107.5,8324.7,4689.4,1703.1,361.2
2026-09-07 12:30:00,698.3,853.7,1258.1,920.0,774.5,834.1,174.0,33.9,111.9,227.5,346.3,1541.0,5746.4,3854.2,1397.5,1919.5,51.1,234.8,1329.6,1888.2,539.1,418.2,5551.6,4580.6,2988.2,1298.7,3781.3,3106.0,2588.0,1467.0,1787.5,2983.8,984.5,2566.1,1071.6,3145.2,1575.9,5107.2,8305.7,4696.7,1694.4,375.9
2026-09-07 12:45:00,705.0,841.8,1267.1,917.3,776.8,832.8,171.5,33.9,111.1,228.7,343.4,1554.9,5837.2,3849.5,1387.4,1946.4,51.4,220.1,1350.2,1871.0,545.8,414.6,5525.6,4611.9,2985.2,1299.4,3778.9,3096.5,2585.1,1461.9,1793.4,2938.8,981.0,2573.0,1071.0,3157.5,1575.7,5104.1,8301.3,4706.9,1689.3,392.6
2026-09-07 13:00:00,757.9,811.6,1294.9,953.9,814.5,823.0,115.3,9.1,109.9,240.1,425.8,1598.2,5600.7,4038.5,1572.2,2019.1,56.6,188.5,1402.9,1829.9,502.7,409.9,5494.6,4515.1,2975.6,1306.3,3628.2,3003.8,2586.0,1517.9,1784.8,3074.7,981.7,2336.5,1067.8,3145.5,1572.9,5203.8,8412.2,4788.9,1689.6,410.5
2026-09-07 13:15:00,757.2,801.8,1309.7,934.8,825.5,811.7,113.3,9.1,112.1,242.4,429.2,1613.8,5651.8,3998.7,1581.9,2015.3,56.8,190.5,1419.3,1809.0,511.7,405.8,5500.1,4554.3,2982.9,1306.8,3640.0,3001.4,2587.7,1479.7,1786.9,3022.9,979.3,2370.7,1068.5,3162.7,1571.7,5139.6,8378.6,4791.1,1677.7,422.8
2026-09-07 13:30:00,762.2,785.8,1322.1,924.1,826.7,793.5,102.5,9.0,112.1,229.4,426.5,1625.1,5633.6,3995.7,1585.9,2001.3,56.1,234.9,1558.0,1801.4,511.7,399.5,5509.9,4591.2,2982.8,1306.2,3636.5,2985.1,2587.0,1479.2,1787.1,2971.8,979.4,2403.3,1069.6,3171.7,1500.1,5119.7,8364.6,4792.7,1683.7,430.7
2026-09-07 13:45:00,766.9,776.1,1340.6,911.2,831.0,769.4,97.0,9.0,111.2,219.8,424.0,1623.9,5712.7,3957.0,1593.1,1946.1,55.9,218.4,1568.8,1790.5,516.9,397.0,5500.8,4620.8,2979.4,1307.1,3628.8,2953.1,2590.0,1478.3,1791.4,2952.1,975.3,2455.2,1067.8,3177.4,1496.6,5106.2,8350.7,4699.0,1661.2,438.9
2026-09-07 14:00:00,768.2,760.5,1291.1,877.2,823.3,746.8,111.3,8.7,108.1,221.1,382.1,1680.8,5757.2,4116.5,1626.2,1978.8,50.6,240.6,1492.4,1727.9,514.2,373.9,5494.9,4692.2,2986.1,1303.0,3572.4,3053.6,2599.7,1507.6,1795.4,3017.1,975.9,2113.9,1065.0,3032.4,1494.8,5041.8,8359.8,4754.6,1705.5,436.6
2026-09-07 14:15:00,787.8,748.6,1312.8,851.3,827.7,723.4,96.2,8.5,109.2,207.7,377.9,1688.9,5698.7,4192.6,1703.0,1943.3,50.1,240.3,1493.0,1710.0,521.4,365.7,5485.4,4731.2,2989.6,1306.7,3574.5,3068.8,2601.6,1506.5,1800.8,3017.4,977.4,2210.3,1064.5,3034.5,1492.4,5029.3,8333.4,4765.5,1694.7,431.8
2026-09-07 14:30:00,792.8,728.9,1325.6,829.8,828.4,692.7,94.0,8.3,108.5,196.1,390.7,1692.0,5712.7,4227.1,1726.3,1900.0,49.5,291.2,1494.8,1694.1,522.8,354.6,5475.2,4766.0,2985.2,1304.9,3576.8,3153.7,2601.1,1484.4,1795.0,3019.0,972.8,2178.9,1065.5,3036.6,1522.6,5015.0,8322.9,4787.5,1695.8,428.7
2026-09-07 14:45:00,803.6,704.7,1339.4,806.9,826.8,657.7,92.2,18.0,108.6,185.4,382.6,1696.1,5668.8,4274.9,1693.9,1910.3,49.0,265.5,1503.6,1688.1,513.3,346.6,5474.4,4815.1,2993.5,1312.7,3589.5,3177.8,2604.4,1470.4,1796.1,3039.7,975.1,2223.9,1063.5,3041.7,1563.2,5006.5,8288.8,4843.7,1698.7,430.9
2026-09-07 15:00:00,756.0,672.9,1083.6,795.7,827.2,622.9,117.2,7.6,99.2,180.7,416.1,1699.5,5503.9,4241.9,1534.1,1922.8,164.6,214.0,1440.1,1781.5,531.9,342.7,5512.5,4945.4,2990.9,1310.7,3626.1,2661.5,2628.9,1483.9,1803.1,2981.1,977.6,2376.3,1063.1,3135.6,1474.7,4814.3,8197.8,4747.1,1662.4,431.7
2026-09-07 15:15:00,771.7,644.5,1115.8,760.0,818.2,589.1,118.2,7.2,105.7,155.4,380.0,1685.4,5393.4,4310.6,1566.6,2021.2,163.9,197.0,1405.6,1768.7,507.4,330.7,5516.3,4970.6,2994.0,1316.8,3621.4,2752.3,2634.2,1450.7,1807.3,2960.0,978.0,2387.6,1063.2,3145.9,1483.3,4789.1,8106.6,4826.6,1668.5,436.7
2026-09-07 15:30:00,784.4,621.2,927.4,695.1,823.2,549.1,117.2,6.9,109.7,153.6,382.7,1697.6,5347.5,4468.4,1603.2,2008.4,163.1,209.7,1395.7,1749.1,493.6,323.9,5511.7,4999.7,3010.2,1314.3,3635.4,2740.1,2633.2,1474.7,1810.9,2996.8,982.0,2536.4,1067.2,3161.9,1492.7,4759.3,8128.2,4797.1,1686.6,429.8
2026-09-07 15:45:00,767.2,584.7,970.6,660.1,827.0,509.1,117.2,20.9,120.5,201.2,368.9,1693.0,4454.2,4568.9,1669.2,1988.3,162.3,135.1,1398.1,1725.8,499.6,311.0,5529.1,5034.1,3025.0,1342.0,3645.9,2921.2,2638.2,1439.7,1807.4,3003.0,981.1,2553.8,1068.2,3180.5,1502.4,4727.4,8100.2,4867.1,1693.7,429.6
2026-09-07 16:00:00,742.1,547.9,823.7,599.0,807.1,464.4,110.7,39.9,171.3,94.7,394.5,1620.0,4402.1,4261.6,1385.4,2149.4,161.6,80.3,1284.5,1769.6,527.9,319.5,5586.8,5134.6,3063.3,1377.5,3603.9,2949.8,2706.4,1475.1,1797.5,2977.6,975.3,2913.5,1073.2,3309.1,1512.0,4688.7,8065.5,4775.7,1706.8,425.2
2026-09-07 16:15:00,764.2,526.5,888.3,580.5,806.6,418.9,94.5,39.3,172.9,136.2,356.7,1611.4,4324.6,4471.9,1416.1,2086.6,161.1,68.2,1237.7,1755.8,505.1,312.4,5575.1,5183.9,3078.2,1395.8,3612.9,2858.7,2706.6,1473.1,1797.3,2980.3,980.7,3208.0,1078.7,3332.2,1520.9,4649.7,8075.0,4815.4,1720.4,416.3
2026-09-07 16:30:00,795.3,500.3,977.2,545.0,812.4,369.5,94.5,38.6,181.6,144.3,350.9,1632.2,5110.5,5532.1,1505.1,2017.2,160.7,134.3,1231.8,1864.8,485.0,313.5,5562.6,5230.1,3084.3,1522.6,3621.6,2940.3,2703.4,1473.1,1793.4,2951.3,978.7,3351.8,1080.9,3352.0,1528.9,4608.9,8097.0,4859.9,1737.2,410.9
2026-09-07 16:45:00,821.2,477.6,1056.2,513.2,816.6,323.0,94.5,48.0,193.7,133.1,345.7,1627.3,4228.6,4735.7,1576.4,2043.2,160.3,119.5,1239.3,1942.4,457.2,604.2,5547.2,5276.5,3085.7,1597.4,3624.8,3377.9,2704.9,1444.6,1800.7,3011.9,964.2,3287.3,1079.9,3370.2,1534.3,4498.1,8156.7,4959.7,1758.6,399.5
2026-09-07 17:00:00,833.3,460.1,1147.0,435.1,823.1,526.0,89.6,99.6,226.5,93.4,185.9,1545.8,4390.9,4213.1,1606.0,2078.3,182.5,33.8,1299.7,1762.2,515.6,328.4,5528.1,5431.5,3063.8,1523.3,3906.2,3115.3,2748.8,1505.9,1777.7,3049.9,965.5,3367.8,1079.7,3440.9,1579.9,4714.4,8276.2,4869.0,1813.7,423.0
2026-09-07 17:15:00,847.1,441.3,1195.1,487.9,826.9,528.1,78.9,99.0,222.4,75.7,178.9,1555.9,4229.7,4139.9,1689.2,2189.5,176.9,33.4,1310.3,1916.1,479.3,414.7,5531.1,5533.1,3067.1,1630.6,3842.2,3270.3,2744.8,1503.8,1791.9,3004.7,958.3,3477.7,1078.0,3452.8,1576.7,4622.3,8309.3,4993.8,1826.3,412.8
2026-09-07 17:30:00,884.9,418.5,1257.0,636.0,834.7,456.9,76.5,99.3,232.3,56.8,198.2,1526.5,3687.3,4350.4,1790.7,2250.6,176.3,31.8,1311.9,1899.0,491.3,613.2,5559.3,5617.3,3061.8,1663.7,3844.8,3745.5,2731.1,1491.5,1790.7,2919.7,956.4,3417.5,1075.4,3466.1,1576.1,4587.9,8330.1,5111.1,1835.5,399.7
2026-09-07 17:45:00,894.2,396.5,1300.7,655.3,839.0,470.3,76.0,105.7,244.8,53.5,204.1,1520.7,3613.3,4307.2,1869.0,2303.4,175.8,31.3,1307.0,1937.9,483.1,666.0,5564.9,5676.7,3060.7,1670.8,3848.3,4076.3,2728.4,1478.8,1790.7,2844.2,960.5,3466.8,1070.1,3476.7,1578.6,4561.6,8361.5,5123.3,1855.0,390.4
2026-09-07 18:00:00,867.0,381.8,1339.1,795.6,843.2,567.7,71.7,72.7,257.1,41.0,234.7,1392.0,3845.9,3671.2,1920.8,2178.4,160.1,32.3,1404.3,1983.6,520.5,659.2,5609.4,5823.5,3038.1,1718.4,4515.2,4999.2,2728.1,1504.4,1799.7,2946.1,951.2,3287.3,1063.7,3430.9,1576.8,4275.1,8362.8,5225.8,1865.1,405.5
2026-09-07 18:15:00,886.8,369.6,1357.1,800.3,848.0,570.6,71.3,73.2,281.9,35.5,231.1,1363.8,3810.6,3805.3,1823.2,1984.8,169.7,31.7,1398.9,1964.0,502.8,673.1,5639.1,5953.9,3039.5,1718.7,4520.1,5065.4,2729.1,1500.0,1794.5,2923.2,947.3,3345.0,1061.3,3437.6,1580.4,4134.0,8370.4,5246.8,1871.0,409.0
2026-09-07 18:30:00,921.6,362.0,1382.1,788.7,862.0,565.8,65.6,92.0,309.1,31.1,260.4,1317.9,3532.3,3851.5,1695.8,1811.2,154.6,40.8,1406.8,1935.7,511.7,692.9,5673.2,6048.3,3042.0,1719.9,4533.7,5082.1,2722.8,1497.6,1793.1,2797.1,951.8,3347.4,1060.0,3445.2,1580.6,4157.4,8376.5,5328.1,1876.0,411.3
2026-09-07 18:45:00,934.3,358.1,1395.8,787.0,869.7,582.8,68.0,93.2,322.1,95.3,271.8,1352.4,3498.4,3886.2,1729.9,1905.8,212.0,30.7,1400.0,1968.5,501.1,766.5,5673.7,6110.5,3044.2,1722.7,4532.9,5317.8,2768.8,1493.9,1793.8,2801.0,949.1,3450.8,1060.1,3450.0,1582.2,4151.9,8389.7,5252.3,1875.7,412.7
2026-09-07 19:00:00,903.9,363.0,1425.3,771.5,879.0,588.4,84.6,39.6,349.2,32.5,290.0,1296.1,3593.6,3632.4,1825.3,1805.2,224.4,24.0,1371.6,1914.2,540.5,749.4,5663.1,6328.0,3033.4,1682.1,4735.9,5486.0,2740.0,1532.0,1823.6,3010.0,951.3,3235.3,1054.5,2567.4,1548.9,4093.9,8365.9,5477.1,1872.7,478.1
2026-09-07 19:15:00,919.4,368.4,1437.2,770.9,880.2,584.9,82.6,39.6,354.2,102.1,295.2,1285.6,3560.7,3753.4,1841.6,1816.2,221.1,23.6,1355.5,1889.6,519.8,774.6,5689.8,6399.7,3039.0,1683.1,4757.9,5565.1,2737.5,1526.9,1825.1,2880.9,956.1,3242.5,1053.5,2569.9,1543.7,4122.1,8367.8,5477.6,1868.9,486.1
2026-09-07 19:30:00,920.7,373.7,1449.8,772.0,891.9,592.7,85.3,39.7,356.5,106.3,310.3,1279.3,3566.6,4058.5,1818.5,1877.6,157.2,22.8,1354.7,1896.2,506.6,823.1,5678.2,6438.6,3041.3,1683.0,4768.5,5592.2,2725.4,1513.3,1831.6,2821.4,958.3,3245.8,1052.1,2561.3,1538.5,4144.4,8362.4,5461.7,1870.8,491.7
2026-09-07 19:45:00,927.6,379.6,1446.5,771.8,889.9,588.6,86.4,39.8,363.0,95.5,311.9,1243.6,3559.6,4199.1,1809.8,1794.6,145.2,30.6,1352.7,1849.7,516.0,825.3,5653.7,6350.6,3043.6,1683.1,4764.6,5587.7,2770.0,1514.5,1829.6,2811.1,958.3,3274.0,1048.9,2554.1,1536.1,4219.2,8354.6,5429.8,1869.7,493.3
2026-09-07 20:00:00,954.4,379.9,1440.4,893.4,871.9,551.2,60.0,59.1,368.6,99.0,288.5,1317.1,3441.9,4168.8,1616.2,1772.9,171.2,30.3,1368.8,1773.2,502.4,864.9,5516.5,6595.1,3051.3,1744.5,4754.2,5625.0,2769.5,1518.8,1833.8,2807.5,970.5,3184.9,1039.3,2328.0,1527.7,3936.5,8247.8,5413.7,1868.7,476.4
2026-09-07 20:15:00,952.0,383.5,1422.9,826.6,862.5,550.8,59.2,44.8,361.0,98.4,283.2,1312.3,3408.2,4291.0,1623.1,1766.2,170.1,30.3,1364.4,1763.9,498.6,896.9,5481.8,6411.3,3054.3,1744.3,4756.8,5612.0,2777.2,1530.0,1834.2,2812.4,968.2,3182.4,1037.8,2325.4,1523.2,4001.0,8235.9,5404.5,1865.1,489.5
2026-09-07 20:30:00,947.0,350.8,1370.3,755.7,845.9,552.5,57.1,43.5,361.3,100.1,281.6,1313.1,3415.2,4296.3,1619.0,1784.2,169.1,30.2,1313.4,1744.5,496.2,931.3,5441.6,6336.2,3054.0,1739.1,4768.3,5607.7,2776.8,1532.9,1836.8,2818.3,969.3,3185.0,1035.5,2322.4,1517.5,4029.7,8230.4,5391.5,1867.3,503.2
2026-09-07 20:45:00,938.5,352.3,1328.8,696.1,827.1,551.8,57.6,42.7,358.2,98.6,281.1,1297.9,3391.0,4188.3,1626.9,1730.2,168.5,30.2,1359.4,1720.9,495.8,950.6,5403.2,6351.1,3050.8,1738.8,4778.3,5573.9,2778.9,1534.4,1833.5,2798.0,969.9,3182.0,1034.0,2315.7,1507.3,3906.3,8173.8,5289.4,1859.2,516.7
2026-09-07 21:00:00,916.9,394.4,1270.7,614.5,798.7,468.9,47.9,10.2,360.3,75.2,281.5,1286.8,3172.8,4290.9,1601.2,1761.6,117.3,118.8,1268.5,1668.7,484.4,999.0,5384.6,6565.6,3015.6,1650.1,4706.0,5339.4,2757.3,1562.9,1824.1,2715.8,949.5,3152.2,1027.2,2296.9,1544.8,3973.2,8069.2,5013.4,1811.5,546.5
2026-09-07 21:15:00,903.1,397.4,1232.9,584.2,782.8,454.6,49.1,9.1,360.0,73.8,292.4,1275.3,3175.6,4139.7,1630.7,1693.3,116.3,117.4,1282.8,1627.3,483.2,997.2,5429.1,6608.3,3000.2,1427.7,4681.6,5248.3,2716.4,1585.6,1823.4,2644.7,945.3,3294.2,1022.2,2286.5,1530.1,3914.2,8015.4,4940.1,1789.2,556.0
2026-09-07 21:30:00,896.9,395.6,1195.6,579.5,763.6,443.7,49.3,9.1,370.0,8.6,291.3,1284.7,3179.3,3958.1,1682.3,1695.9,115.4,116.1,1286.2,1597.6,480.0,1012.7,5448.0,6642.2,2978.5,1328.3,4683.4,5284.1,2710.7,1591.7,1823.7,2630.7,939.6,3346.5,1017.3,2272.6,1516.3,3844.0,7976.7,4888.3,1774.8,554.8
2026-09-07 21:45:00,880.5,358.9,1173.8,561.3,747.8,412.3,51.8,9.1,372.9,8.6,290.9,1283.9,3170.1,3932.7,1697.2,1695.0,114.5,117.1,1337.7,1569.6,508.7,1022.0,5418.0,6580.0,2950.7,1328.3,4663.8,5297.8,2708.8,1598.7,1812.9,2610.2,933.5,3304.1,1011.3,2256.7,1500.2,3853.7,7886.7,4899.5,1746.4,562.3
2026-09-07 22:00:00,838.6,360.4,1119.0,557.9,718.1,261.0,46.3,29.1,338.8,10.3,273.1,1211.4,3004.0,4004.6,1628.9,1671.0,100.5,132.3,1230.6,1492.9,443.4,1041.2,5224.8,6587.3,2879.6,1404.1,4415.0,5002.5,2682.2,1648.2,1790.4,2536.7,916.7,3136.1,996.4,2162.9,1453.2,3613.0,7714.7,4835.9,1737.4,517.7
2026-09-07 22:15:00,827.0,360.7,1095.2,560.5,698.7,241.1,48.5,29.1,346.2,10.0,254.3,1219.3,3353.4,3741.1,1624.8,1672.2,100.2,142.0,1224.8,1462.8,447.2,1060.8,5239.7,6591.3,2842.1,1404.0,4386.8,4982.6,2678.5,1653.4,1792.4,2518.5,910.8,3083.7,987.1,2143.5,1433.3,3451.1,7609.1,4844.2,1704.1,524.0
2026-09-07 22:30:00,817.2,361.0,1083.0,559.8,682.6,225.8,49.4,29.3,341.4,10.0,250.9,1220.6,3381.9,3846.9,1634.9,1676.7,99.8,116.9,1211.3,1433.8,445.1,1072.2,5294.0,6567.8,2800.0,1404.0,4364.5,5034.2,2668.1,1654.6,1783.1,2492.6,898.0,3015.9,982.1,2115.1,1415.4,3366.6,7507.5,4847.4,1678.3,530.6
2026-09-07 22:45:00,803.3,330.5,1053.0,381.8,658.7,243.5,48.7,29.1,333.5,10.0,245.0,1221.9,3387.7,3738.5,1593.3,1681.9,99.5,138.7,1209.1,1427.4,448.8,1077.2,5256.3,6586.4,2769.5,1379.1,4326.7,4945.5,2659.6,1659.0,1780.2,2468.3,885.6,2988.2,974.4,2095.4,1398.3,3250.8,7461.7,4835.7,1644.0,533.1
2026-09-07 23:00:00,779.5,329.0,1022.8,350.9,645.6,151.3,57.6,50.1,327.5,17.3,256.5,1209.3,3112.6,4018.3,1491.3,1625.2,93.1,141.8,1190.8,1431.9,431.3,1063.3,5081.9,6629.7,2661.0,1475.5,4207.4,4791.4,2597.4,1638.7,1743.5,2491.9,882.1,2799.2,961.6,1784.2,1343.5,3075.4,7316.3,4802.4,1572.1,535.2
2026-09-07 23:15:00,772.1,329.8,1007.1,364.4,632.0,153.2,59.0,50.1,323.3,17.3,235.0,1210.2,3111.3,3670.2,1448.3,1607.3,92.8,141.5,1188.8,1416.0,428.6,1056.0,5055.1,6581.2,2618.7,1477.3,4172.3,4650.7,2584.8,1642.0,1735.2,2464.0,869.0,2738.4,954.9,1761.7,1333.0,3012.1,7223.1,4770.9,1545.1,528.1
2026-09-07 23:30:00,763.7,330.5,987.9,377.4,619.5,150.5,58.8,50.1,313.8,18.9,244.7,1231.0,3172.0,3770.9,1449.3,1609.0,92.4,141.2,1201.1,1425.8,429.6,1054.9,5059.4,6493.3,2579.3,1478.9,4149.7,4626.5,2575.2,1643.8,1730.8,2449.5,863.4,2685.9,949.8,1739.1,1330.3,3025.6,7172.6,4763.7,1526.1,524.4
2026-09-07 23:45:00,754.7,331.2,971.5,395.3,608.3,152.4,55.8,50.1,305.6,17.3,230.5,1236.3,3192.7,3537.6,1397.7,1613.9,92.1,141.1,1202.2,1401.3,428.4,1030.7,5086.7,6408.6,2530.5,1477.8,4114.2,4115.5,2560.4,1651.7,1727.1,2427.9,852.4,2638.1,946.7,1695.8,1333.2,3027.3,7116.0,4773.4,1502.1,524.1
