date,EE_buy,EE_sell,LT_buy,LT_sell,LV_buy,LV_sell,AT_buy,AT_sell,BE_buy,BE_sell,FR_buy,FR_sell,GER_buy,GER_sell,NL_buy,NL_sell,PL_buy,PL_sell,DK1_buy,DK1_sell,DK2_buy,DK2_sell,FI_buy,FI_sell,NO1_buy,NO1_sell,NO2_buy,NO2_sell,NO3_buy,NO3_sell,NO4_buy,NO4_sell,NO5_buy,NO5_sell,SE1_buy,SE1_sell,SE2_buy,SE2_sell,SE3_buy,SE3_sell,SE4_buy,SE4_sell
2026-09-12 00:00:00,683.4,462.5,969.5,410.6,605.4,349.2,12.0,57.6,342.7,16.0,254.9,1275.8,3105.0,2800.6,1257.0,985.3,208.9,53.6,954.1,1059.4,423.1,560.4,4989.0,3394.1,2556.9,1088.6,4450.2,5839.9,2517.8,1977.1,1684.7,2888.3,1004.5,3033.9,994.0,3825.1,1423.1,4800.0,6805.8,4121.6,1483.5,156.7
2026-09-12 00:15:00,694.5,435.8,958.9,407.6,597.9,351.5,12.0,57.9,339.8,16.0,243.4,1270.7,3167.5,2748.5,1278.0,1002.2,221.4,45.8,959.1,1040.6,427.4,568.6,4958.9,3394.1,2539.5,1088.1,4442.9,5831.8,2509.5,1951.4,1681.9,2886.9,996.4,3017.7,991.2,3830.7,1434.2,4793.7,6781.9,4092.2,1473.9,156.3
2026-09-12 00:30:00,697.2,424.6,951.0,401.2,590.3,353.2,12.0,59.5,337.4,16.0,233.6,1273.1,3216.6,2641.4,1284.3,1001.6,221.4,45.8,960.5,1024.7,429.9,569.0,4927.3,3397.1,2505.4,1086.3,4429.2,5817.6,2500.0,1934.7,1677.8,2885.4,990.9,2983.8,987.2,3835.5,1440.2,4775.4,6740.3,4068.3,1468.1,154.7
2026-09-12 00:45:00,696.9,422.9,944.6,396.7,587.1,352.7,12.0,59.6,335.9,16.0,223.5,1278.9,3391.1,2431.9,1298.0,1000.6,211.2,55.3,966.5,996.5,433.2,569.0,4901.7,3382.0,2479.3,1085.2,4418.7,5805.6,2488.3,1851.4,1682.2,2884.6,981.2,2992.3,981.9,3842.5,1448.3,4758.5,6706.1,4045.6,1454.1,153.9
2026-09-12 01:00:00,675.8,422.8,934.6,194.4,582.7,444.2,12.0,19.6,326.6,21.0,226.4,1285.2,3065.7,2302.1,1225.0,997.6,165.2,55.0,926.6,966.3,430.3,577.0,4903.5,3417.6,2421.3,1125.6,4352.8,5729.4,2491.3,1857.8,1656.6,2893.3,944.4,2852.1,978.2,3852.2,1440.5,4703.6,6574.7,4004.0,1433.7,146.2
2026-09-12 01:15:00,674.2,421.2,932.2,193.2,578.0,443.9,12.0,18.0,323.3,21.1,220.0,1286.7,3071.8,2236.8,1214.2,997.3,167.5,55.1,926.2,953.3,434.5,575.1,4887.7,3417.3,2403.3,1124.4,4346.6,5722.2,2488.4,1778.1,1653.6,2885.6,940.9,2879.0,977.6,3858.7,1441.5,4710.7,6543.4,3974.8,1424.6,147.7
2026-09-12 01:30:00,669.2,415.2,928.1,181.7,575.4,445.1,12.0,18.4,324.1,21.0,220.9,1288.9,3076.7,2222.8,1192.2,996.2,168.0,55.2,921.5,943.6,433.0,573.1,4866.7,3415.6,2381.3,1124.4,4344.5,5719.7,2485.3,1753.9,1650.8,2886.7,937.1,2867.4,977.8,3864.9,1437.8,4699.8,6512.6,3956.9,1420.1,149.2
2026-09-12 01:45:00,661.9,408.9,924.2,195.4,571.7,446.0,12.0,18.2,320.1,21.0,211.8,1296.3,3079.7,2171.9,1178.3,995.8,168.0,55.3,926.7,936.4,434.2,574.2,4854.4,3406.5,2361.3,1124.3,4340.0,5715.3,2482.2,1752.0,1656.2,2897.2,945.3,2855.2,975.4,3870.4,1427.1,4686.7,6497.2,3942.9,1413.1,148.8
2026-09-12 02:00:00,661.9,405.9,922.6,194.4,567.6,396.0,11.0,20.2,317.5,23.0,212.9,1291.8,3291.5,2408.7,1178.0,998.9,166.8,55.3,880.8,973.5,411.1,576.9,4909.0,3481.3,2314.6,1153.1,4308.5,5693.2,2496.6,1751.3,1641.6,2920.8,935.1,2742.6,971.9,3850.4,1408.1,4622.3,6455.8,3909.0,1399.3,153.2
2026-09-12 02:15:00,662.3,406.3,918.1,194.3,566.1,395.8,11.0,21.1,309.8,23.0,204.1,1307.4,3559.0,2654.6,1174.8,1001.0,167.0,55.4,877.8,976.7,411.4,579.1,4902.9,3455.9,2297.3,1153.1,4304.9,5688.9,2493.5,1748.6,1631.7,2913.6,932.2,2721.4,969.3,3855.0,1398.5,4598.9,6441.5,3889.5,1403.4,153.5
2026-09-12 02:30:00,661.5,405.5,913.7,193.3,564.2,395.1,11.0,20.8,313.7,23.0,202.9,1314.2,3562.5,2642.7,1164.8,1008.3,167.5,55.6,875.1,969.6,410.4,574.0,4891.6,3444.1,2283.8,1152.1,4302.5,5685.9,2491.5,1742.5,1626.3,2921.5,929.2,2707.5,969.9,3859.1,1388.1,4607.2,6424.1,3868.7,1392.2,153.5
2026-09-12 02:45:00,656.6,400.6,911.0,196.5,562.4,394.5,11.0,20.4,312.6,24.8,198.5,1324.8,3578.0,2631.3,1149.7,1006.1,167.4,55.7,872.3,1046.0,406.8,576.0,4886.7,3442.5,2276.1,1150.6,4297.8,5680.7,2497.4,1737.4,1624.2,2923.0,926.4,2704.5,969.1,3862.5,1380.3,4611.4,6405.4,3857.2,1386.1,149.4
2026-09-12 03:00:00,662.6,377.6,911.5,170.8,559.9,405.6,11.0,29.6,313.0,21.0,183.4,1308.5,3533.5,2477.9,1128.4,1011.0,188.9,55.9,859.1,1030.5,400.3,573.5,4866.5,3460.3,2247.4,1133.2,4314.6,5652.5,2522.7,1733.2,1622.0,2996.0,920.5,2710.4,971.4,3861.4,1390.5,4624.0,6391.2,3849.2,1375.7,148.1
2026-09-12 03:15:00,660.9,377.9,910.8,182.1,571.7,403.4,11.0,29.4,304.6,21.0,177.5,1314.6,3604.6,2204.9,1121.2,1015.6,189.7,55.7,857.2,948.3,397.9,570.5,4861.8,3462.8,2238.6,1114.4,4313.3,5651.7,2522.4,1728.6,1624.3,2997.5,919.7,2720.4,971.5,3862.8,1391.7,4631.4,6366.2,3828.2,1370.7,150.2
2026-09-12 03:30:00,660.9,384.9,911.3,183.5,572.3,396.1,11.0,30.0,312.2,21.0,179.1,1320.0,3599.1,2213.1,1122.5,1020.5,190.0,55.7,855.1,1056.2,393.4,579.2,4853.5,3457.5,2232.4,1111.3,4308.5,5646.5,2520.8,1723.7,1620.6,3004.3,920.1,2719.0,973.7,3863.5,1394.1,4638.8,6354.7,3819.3,1372.5,154.0
2026-09-12 03:45:00,654.8,394.8,921.4,186.4,577.9,392.9,11.0,29.9,309.3,23.9,176.7,1324.8,3763.4,2203.1,1111.0,1025.3,189.7,55.5,853.2,1098.2,390.5,585.6,4857.6,3449.0,2223.8,1105.0,4305.6,5642.9,2519.2,1718.0,1616.0,2999.7,916.9,2715.9,975.8,3862.7,1397.8,4643.3,6355.3,3818.3,1368.1,156.4
2026-09-12 04:00:00,656.6,381.6,917.2,177.9,583.5,417.8,12.0,56.0,306.3,23.0,183.6,1328.7,3662.9,2242.3,1197.6,1067.3,170.7,55.6,846.6,928.3,399.6,578.0,4777.9,3398.3,2213.6,1115.4,3900.3,5239.0,2539.9,1710.9,1609.2,3009.7,914.8,2746.4,978.9,3867.5,1441.8,4672.5,6338.5,3802.5,1359.5,155.3
2026-09-12 04:15:00,652.7,418.7,938.5,174.9,594.0,413.1,12.0,55.9,308.2,23.0,182.2,1326.3,3669.1,2243.9,1189.3,1056.1,170.8,55.2,846.7,926.3,400.8,564.4,4779.6,3405.3,2207.0,1115.5,3899.4,5237.8,2538.3,1706.7,1609.5,3014.4,912.6,2739.1,980.7,3864.8,1446.2,4664.3,6334.2,3798.9,1358.9,159.2
2026-09-12 04:30:00,653.4,418.4,938.1,178.9,601.2,415.4,12.0,55.9,303.6,23.0,180.0,1334.2,3773.6,2243.3,1143.6,1069.9,170.6,54.9,842.8,928.0,395.4,562.4,4760.2,3389.0,2202.4,1115.5,3901.7,5240.0,2536.9,1703.9,1609.0,3015.1,910.8,2733.7,979.9,3861.7,1446.9,4674.6,6333.8,3797.9,1356.3,159.6
2026-09-12 04:45:00,655.8,437.8,951.8,200.1,610.8,414.6,12.0,56.3,309.3,23.0,179.7,1329.5,3691.4,2249.0,1140.2,1071.9,170.6,54.6,842.9,926.1,395.8,563.1,4761.9,3379.1,2204.0,1115.4,3904.9,5244.1,2534.0,1701.7,1609.5,3019.3,909.5,2733.1,980.9,3858.5,1444.6,4667.8,6329.4,3817.3,1358.9,157.7
2026-09-12 05:00:00,659.5,440.5,959.2,211.9,617.8,404.1,11.0,67.4,308.6,23.4,161.5,1339.9,3576.8,2213.3,1194.5,1086.7,194.6,30.9,839.7,1031.9,382.5,543.2,4828.7,3420.6,2190.1,1108.3,3562.1,4838.2,2563.4,1679.7,1569.2,2987.9,910.9,2765.6,983.2,3890.4,1396.7,4740.4,6365.9,3737.1,1352.9,144.1
2026-09-12 05:15:00,662.5,443.5,966.8,212.6,612.8,406.0,11.0,67.6,310.6,23.0,162.2,1335.3,3571.5,2106.6,1189.8,1082.5,194.7,31.1,915.4,1023.0,379.9,551.2,4829.0,3412.5,2194.4,1108.4,3569.8,4847.4,2564.0,1677.6,1575.1,2993.2,915.4,2775.7,985.2,3886.1,1394.9,4717.1,6369.9,3735.2,1361.4,141.1
2026-09-12 05:30:00,660.8,441.8,979.7,222.5,617.8,414.0,11.0,70.6,313.7,23.0,161.9,1323.4,3580.2,2034.6,1144.2,1081.1,195.6,31.3,846.9,1015.2,378.0,559.5,4839.7,3413.3,2202.9,1107.3,3576.1,4855.3,2564.2,1675.6,1570.5,2993.7,919.3,2789.7,985.7,3880.7,1390.0,4736.7,6369.1,3752.5,1362.8,137.7
2026-09-12 05:45:00,657.9,441.9,979.5,216.7,623.0,421.8,11.0,69.4,318.7,23.6,165.8,1315.6,3586.9,1940.6,1096.1,1123.3,216.0,31.3,857.5,1022.9,377.4,551.7,4844.3,3416.1,2211.2,1107.3,3582.3,4863.5,2567.5,1684.2,1571.7,2998.6,923.9,2798.4,986.5,3874.5,1391.8,4715.7,6370.5,3771.2,1363.7,138.3
2026-09-12 06:00:00,658.9,425.9,997.8,410.5,629.7,269.0,11.0,63.4,322.0,14.4,204.0,1310.4,3654.3,1904.2,1179.3,1137.0,218.2,31.8,880.4,1147.6,386.4,575.6,4928.8,3457.0,2225.9,1048.1,3583.4,4840.7,2582.8,1708.8,1587.8,3022.4,935.9,2894.5,993.2,3937.9,1387.0,4802.9,6430.4,3771.0,1392.1,129.5
2026-09-12 06:15:00,657.1,426.1,1006.7,419.4,642.9,280.2,11.0,63.4,323.5,13.4,208.8,1299.9,3774.5,1909.8,1180.2,1143.7,216.0,31.3,887.4,1146.4,389.9,574.2,4936.7,3457.5,2239.7,1048.1,3583.2,4842.6,2584.4,1724.5,1585.3,3018.5,941.0,2903.3,998.7,3930.1,1394.0,4764.2,6450.2,3803.1,1397.9,125.8
2026-09-12 06:30:00,653.4,455.9,1018.3,427.8,651.7,289.9,11.0,63.4,329.8,13.4,213.4,1292.7,3778.5,1924.9,1153.6,1145.6,217.4,31.3,893.2,1154.8,392.5,572.4,4938.2,3462.7,2263.2,1051.7,3596.1,4861.0,2587.6,1868.2,1589.5,3049.0,949.2,2845.5,1002.3,3921.1,1396.2,4747.9,6486.1,3823.8,1405.9,122.2
2026-09-12 06:45:00,652.3,472.7,1023.5,445.4,658.1,313.7,11.0,64.0,340.7,13.4,216.1,1284.4,3771.0,1951.3,1335.2,1309.6,237.5,31.3,912.0,1132.0,411.9,572.0,4963.1,3454.3,2285.1,1048.1,3604.4,4874.5,2553.3,1954.4,1591.3,3076.7,952.3,2799.7,1003.8,3911.0,1395.5,4711.4,6506.1,3854.2,1424.9,123.7
2026-09-12 07:00:00,667.6,435.6,1013.6,458.8,668.7,310.7,11.0,57.9,347.7,8.0,162.3,1356.6,3918.3,2258.4,1455.2,1400.3,141.4,39.2,957.3,1015.3,408.9,566.3,4995.3,3567.6,2342.6,1024.0,3627.1,4991.2,2644.0,2060.1,1614.7,3098.1,969.3,2841.7,1008.1,3860.4,1408.0,4774.4,6537.1,3859.6,1429.6,120.7
2026-09-12 07:15:00,668.3,434.8,997.0,486.3,675.6,357.5,11.0,57.8,348.4,8.1,167.7,1369.1,3899.9,2120.3,1473.8,1398.5,139.3,39.2,963.6,1006.8,411.7,542.3,5019.6,3568.1,2369.9,1024.1,3633.5,5000.0,2643.9,2101.0,1616.3,3111.0,973.5,2846.0,1012.6,3846.3,1417.6,4723.9,6577.6,3976.1,1452.3,120.6
2026-09-12 07:30:00,668.1,447.4,965.0,308.0,679.1,402.1,11.0,57.8,345.1,8.2,170.0,1368.3,3868.7,2166.8,1485.5,1394.6,143.0,39.2,968.2,1013.7,414.1,544.5,5038.5,3592.6,2395.8,1024.2,3655.8,5027.8,2658.8,2291.0,1620.6,3158.5,980.7,2769.9,1011.9,3831.1,1418.5,4681.6,6645.9,4077.0,1477.7,119.9
2026-09-12 07:45:00,665.1,522.6,932.0,324.7,681.7,457.0,11.1,58.5,335.9,8.4,173.3,1379.2,3832.2,2208.6,1497.8,1414.0,140.4,39.2,969.6,1017.9,418.9,548.7,5060.2,3586.5,2418.2,1020.7,3661.0,5033.5,2667.3,2312.2,1630.0,3151.2,987.6,2794.7,1015.7,3824.0,1424.3,4638.6,6684.8,4077.3,1502.2,119.8
2026-09-12 08:00:00,653.9,487.2,878.8,340.5,687.1,498.7,11.0,53.7,313.9,9.7,204.2,1312.6,3912.0,2484.9,1488.3,1336.9,215.7,30.2,1031.7,1034.0,416.0,601.5,5086.2,3740.4,2481.2,1012.3,3611.6,4890.5,2677.0,2286.4,1655.2,3132.6,997.6,2917.4,1026.3,3860.6,1458.3,4607.2,6772.8,4182.0,1533.3,145.7
2026-09-12 08:15:00,648.7,573.1,839.8,350.5,696.4,546.0,11.0,54.6,304.4,16.1,207.8,1326.1,4034.2,2350.6,1448.0,1179.8,235.2,30.2,1035.4,1041.1,415.9,573.6,5108.3,3740.3,2511.0,1012.5,3622.7,4831.4,2687.2,2367.0,1657.8,3146.4,989.0,2899.9,1036.3,3853.7,1451.3,4571.8,6822.4,4152.3,1548.5,147.0
2026-09-12 08:30:00,650.0,614.8,783.8,332.1,699.9,569.0,11.0,55.5,301.9,23.0,224.6,1347.3,4291.5,2382.0,1455.4,1106.3,234.7,30.2,1056.8,1052.6,431.3,577.1,5126.1,3749.1,2536.6,1027.6,3635.4,4363.4,2669.3,2463.8,1660.3,3175.8,1010.9,2894.6,1056.5,3847.5,1453.9,4533.3,6850.3,4200.7,1561.7,152.1
2026-09-12 08:45:00,640.1,729.8,730.7,346.5,704.0,589.7,20.5,56.3,271.4,30.0,246.8,1366.7,4340.1,2444.7,1394.1,1123.3,237.9,37.7,1073.0,1072.1,440.1,417.0,5157.3,3741.9,2565.9,1086.6,3646.5,3891.7,2681.4,2484.9,1663.7,3186.7,1005.6,2913.7,1069.9,3839.3,1465.2,4502.3,6888.2,4167.5,1577.1,149.5
2026-09-12 09:00:00,633.0,638.4,755.6,354.1,701.9,603.8,32.0,52.5,226.3,50.4,217.3,1456.1,4125.9,2409.5,1522.8,1239.4,74.6,119.8,1123.1,1132.0,428.7,573.0,5193.7,3766.2,2646.4,1004.4,3487.4,2985.7,2687.4,2463.5,1685.2,3196.4,1009.6,2938.0,1081.9,3838.2,1493.4,4465.8,6925.7,4308.2,1588.5,151.5
2026-09-12 09:15:00,629.0,653.1,713.2,386.1,695.2,627.6,32.2,46.0,197.0,51.6,216.9,1449.8,4466.6,2438.3,1502.7,1237.5,74.3,104.5,1144.9,1128.0,448.6,563.4,5210.2,3769.1,2676.0,1004.8,3489.6,2881.1,2718.1,2333.0,1692.4,3173.8,1023.7,2734.6,1089.6,3834.5,1503.1,4449.8,6944.6,4319.8,1597.4,189.8
2026-09-12 09:30:00,621.9,623.4,673.5,417.1,695.3,645.3,33.2,46.7,165.7,61.4,220.0,1487.1,5100.2,2539.2,1487.9,1263.6,66.9,119.6,1131.2,1145.2,447.9,134.3,5213.5,3707.4,2692.4,968.1,3562.0,2713.4,2720.1,2333.4,1687.6,3159.4,1020.3,2581.7,1085.4,3831.1,1506.0,4436.5,6963.7,4314.8,1591.6,211.4
2026-09-12 09:45:00,616.2,624.8,637.1,449.7,694.2,666.4,47.7,47.3,135.3,82.7,285.0,1513.1,5424.8,2623.3,1450.7,1289.8,38.3,119.5,1124.5,988.4,486.0,145.6,5217.9,3704.8,2723.1,972.9,3555.5,2514.1,2727.7,2218.8,1690.5,3143.2,1037.8,2460.0,1085.1,3828.3,1514.0,4423.4,6981.0,4333.4,1592.9,216.4
2026-09-12 10:00:00,620.4,641.6,824.3,469.6,685.9,681.2,23.0,42.7,123.8,76.5,261.0,1577.9,5265.9,2931.0,1609.5,1325.1,0.0,160.9,1193.4,833.3,466.1,154.5,5276.6,3604.0,2798.6,1076.6,3572.0,2563.9,2700.4,2108.7,1704.7,3116.7,913.4,1820.5,1085.1,3760.8,1498.0,4403.8,7005.0,4270.1,1590.1,195.3
2026-09-12 10:15:00,620.4,647.2,804.3,506.8,681.0,687.2,26.3,31.7,104.8,91.5,301.0,1598.1,5478.5,2960.0,1579.2,1377.2,0.0,181.1,1204.7,862.6,467.8,136.0,5276.1,3607.8,2817.1,1078.1,3557.5,2550.1,2706.5,2049.4,1709.3,3099.3,1002.7,1531.4,1082.0,3760.3,1492.0,4402.2,7000.7,4227.3,1579.1,146.1
2026-09-12 10:30:00,622.3,639.9,1002.9,538.4,678.3,684.9,24.5,31.9,105.5,117.1,296.3,1635.2,5514.9,3072.3,1565.5,1414.6,0.0,161.3,1205.2,892.3,472.1,137.5,5284.3,3577.5,2817.7,1076.0,3549.0,2519.7,2734.8,1935.2,1707.6,3083.2,1042.1,1600.0,1083.7,3759.8,1483.3,4401.0,6980.9,4060.6,1562.6,152.7
2026-09-12 10:45:00,624.8,617.0,989.5,564.3,682.3,684.3,38.8,32.0,115.3,146.9,298.3,1663.3,5627.2,3133.1,1519.7,1455.3,0.0,143.2,1335.0,933.6,501.9,141.7,5308.2,3573.2,2826.3,1076.5,3533.2,2536.3,2743.8,1790.9,1706.7,3080.3,1036.8,1643.5,1083.5,3759.7,1502.3,4347.3,6995.1,3933.2,1558.8,159.4
2026-09-12 11:00:00,631.9,606.8,1035.4,598.9,703.4,697.4,180.0,23.4,126.5,178.4,298.9,1713.4,5544.7,3567.9,1641.8,1537.4,61.2,81.7,1353.5,926.2,484.2,142.8,5423.7,3468.3,2821.8,1000.8,3698.4,2175.8,2654.3,1679.5,1705.8,3092.2,1037.0,2022.2,1069.5,3675.9,1490.3,3973.4,6980.2,3998.4,1519.5,170.2
2026-09-12 11:15:00,648.8,587.5,1030.5,596.7,699.0,697.0,181.3,12.1,125.0,193.1,288.6,1727.6,5739.7,3481.3,1583.5,1567.5,55.5,81.6,1427.5,939.6,482.0,144.3,5431.7,3438.8,2830.8,981.6,3684.3,2191.9,2652.2,1608.7,1705.2,3083.1,1029.2,2044.7,1070.6,3676.0,1498.6,3935.5,6981.1,3970.0,1505.6,176.5
2026-09-12 11:30:00,705.2,581.5,1021.1,613.6,696.8,688.4,182.5,12.0,123.2,219.3,270.0,1748.5,5803.5,3552.6,1548.7,1582.9,58.6,81.6,1595.4,982.7,488.5,151.5,5455.3,3448.4,2821.4,984.2,3672.6,2206.8,2648.8,1557.9,1705.5,3080.7,1028.5,2041.8,1071.9,3676.6,1496.7,3812.3,6965.8,3945.0,1489.8,180.9
2026-09-12 11:45:00,720.6,573.8,1013.6,620.7,697.8,689.3,193.5,11.9,123.0,172.0,272.1,1759.7,5923.2,3589.6,1514.6,1575.5,52.8,98.9,1627.6,934.6,470.4,163.9,5447.4,3452.2,2822.7,985.7,3659.6,2220.9,2648.5,1567.4,1708.2,3080.4,1029.1,2022.0,1068.2,3676.8,1493.0,3828.5,6976.2,3968.3,1475.4,176.8
2026-09-12 12:00:00,728.0,562.8,1002.5,562.1,695.5,663.2,31.6,19.4,109.7,239.2,293.8,1778.3,6072.3,3989.2,1626.3,1660.2,113.9,83.8,1782.4,812.1,475.2,216.1,5471.9,3516.0,2809.1,1038.8,3604.6,2285.7,2642.3,1640.7,1695.2,3195.6,1028.4,1851.3,1067.0,3145.6,1484.6,3638.8,7008.4,4021.9,1442.4,184.5
2026-09-12 12:15:00,734.5,555.9,1006.5,549.7,696.2,658.6,32.3,19.4,107.9,189.6,281.7,1784.1,6174.1,3747.8,1557.2,1654.2,112.8,97.6,1848.3,670.9,473.9,245.0,5459.2,3526.9,2806.6,1042.4,3589.8,2299.9,2640.1,1636.4,1693.1,3195.1,1028.6,1831.2,1068.2,3145.8,1479.3,3588.1,6995.9,4045.2,1440.6,187.2
2026-09-12 12:30:00,681.0,548.7,1019.8,541.2,694.6,653.0,46.9,19.3,104.4,209.4,286.0,1771.9,6283.4,3768.4,1538.7,1664.2,86.1,97.6,1839.4,700.8,473.6,261.2,5486.4,3535.2,2796.0,1046.0,3586.6,2312.8,2634.4,1602.5,1695.3,3198.1,1030.8,1827.9,1067.7,3146.3,1468.0,3545.3,6992.9,4063.6,1428.0,187.3
2026-09-12 12:45:00,703.2,538.6,1012.0,566.6,686.9,644.3,47.4,19.2,93.7,213.7,271.8,1775.4,6358.1,3734.1,1534.1,1656.7,82.7,97.6,1830.1,741.3,483.6,268.3,5488.1,3532.6,2792.0,1053.8,3575.4,2326.5,2635.2,1560.2,1701.0,3196.7,1027.5,1819.1,1059.7,3146.5,1457.2,3538.2,6995.2,4085.9,1423.5,188.9
2026-09-12 13:00:00,732.8,517.3,1029.1,581.1,701.8,633.0,139.4,77.3,98.6,223.1,434.5,1800.8,6374.8,3762.6,1556.9,1653.1,72.5,111.2,1928.5,768.4,488.3,263.4,5394.2,3477.1,2772.5,1103.6,3655.7,2382.7,2612.5,1635.5,1636.3,3308.4,1031.4,1575.1,1051.4,2493.3,1442.5,3402.8,7026.6,4217.4,1396.2,196.6
2026-09-12 13:15:00,693.0,514.3,1033.9,572.3,704.9,626.5,139.3,76.4,96.9,167.3,429.4,1803.6,6373.6,3581.5,1540.9,1579.3,72.5,111.5,1908.8,796.1,479.9,250.8,5411.0,3483.7,2772.0,1114.4,3653.1,2403.9,2615.0,1619.9,1634.6,3306.5,1028.6,1558.3,1049.6,2493.8,1426.2,3323.2,7008.3,4223.5,1387.1,197.6
2026-09-12 13:30:00,670.4,505.2,1039.4,565.2,706.0,621.0,139.2,75.6,89.3,171.3,426.7,1810.1,6324.6,3594.6,1565.9,1597.5,72.5,159.1,1910.8,837.7,488.1,247.2,5384.7,3484.4,2764.2,1124.4,3657.1,2428.1,2611.4,1580.5,1636.8,3309.2,1022.2,1545.1,1044.9,2494.1,1408.9,3336.4,6983.3,4246.0,1381.4,201.3
2026-09-12 13:45:00,663.0,498.6,1042.9,560.8,706.4,609.6,139.1,75.2,83.9,172.2,425.5,1810.3,6300.4,3440.8,1570.1,1612.0,72.5,134.2,1918.3,863.9,490.0,245.8,5385.4,3487.0,2768.3,1137.6,3653.0,2446.1,2613.8,1571.1,1636.7,3285.0,1017.1,1525.0,1041.0,2494.3,1387.7,3357.9,7018.6,4270.4,1377.4,198.6
2026-09-12 14:00:00,762.4,478.1,1014.2,561.0,680.9,586.9,189.0,52.2,68.8,171.8,364.2,1818.6,6712.4,3404.0,1597.1,1650.8,67.5,123.0,2098.2,884.5,467.9,249.2,5372.0,3550.4,2767.5,1308.1,3563.5,2516.3,2612.3,1473.4,1636.6,3294.5,1026.2,1565.9,1038.3,2361.8,1367.2,3482.6,7023.9,4335.7,1354.6,203.8
2026-09-12 14:15:00,691.2,467.8,1025.4,552.5,680.6,569.7,181.6,51.9,72.2,166.7,360.1,1821.0,6625.2,3467.3,1608.2,1646.5,67.5,123.0,2101.9,910.8,467.1,248.0,5408.3,3554.9,2765.8,1311.9,3563.1,2528.7,2612.2,1465.6,1641.2,3285.7,1024.4,1555.5,1034.1,2362.2,1357.5,3480.6,7029.0,4347.4,1356.2,200.7
2026-09-12 14:30:00,691.4,472.1,1035.6,575.2,681.8,547.5,172.8,52.5,76.6,220.9,363.3,1813.4,6200.0,3498.6,1595.0,1761.1,67.4,115.0,2107.8,938.8,477.3,245.3,5417.4,3557.5,2764.5,1316.9,3564.5,2533.4,2608.0,1456.8,1633.2,3202.7,1023.7,1548.2,1033.3,2362.9,1360.5,3516.0,7017.9,4359.4,1358.7,198.0
2026-09-12 14:45:00,695.7,495.3,1050.6,581.8,680.9,522.7,171.1,62.1,78.0,217.0,358.3,1826.3,6288.1,3575.4,1610.5,1754.2,67.4,79.9,1966.5,968.6,479.5,236.6,5394.8,3549.8,2768.7,1321.3,3563.5,2538.5,2609.7,1459.0,1634.6,3156.1,1031.2,1546.5,1033.6,2363.5,1377.7,3569.4,6984.4,4372.2,1374.3,194.1
2026-09-12 15:00:00,702.0,443.5,1091.9,582.1,676.4,524.2,185.9,82.7,83.8,179.4,330.6,1741.5,5865.0,3865.0,1680.1,1732.8,182.4,1.6,1733.3,977.9,465.0,240.6,5415.5,3678.9,2780.2,1233.9,3885.2,2685.5,2614.9,1511.2,1676.4,3288.1,1028.2,1362.3,1037.9,2566.4,1407.5,3894.3,6883.7,4327.5,1375.3,187.8
2026-09-12 15:15:00,707.8,485.2,1058.4,557.9,682.6,520.1,172.4,82.5,84.2,158.8,314.6,1735.7,5718.1,3927.4,1683.4,1739.0,192.3,1.7,1701.3,1089.4,459.2,218.4,5435.9,3671.9,2791.1,1236.3,3880.8,2692.4,2618.0,1526.0,1681.1,3300.9,1029.8,1352.1,1042.5,2567.7,1436.0,3942.9,6903.3,4357.3,1391.5,184.4
2026-09-12 15:30:00,710.2,491.5,898.7,509.3,690.8,442.7,171.7,82.0,85.4,176.8,312.8,1722.2,5500.9,3987.6,1721.0,1729.0,192.7,1.3,1713.9,1112.8,454.1,207.0,5457.1,3678.3,2790.1,1238.5,3892.2,2701.9,2616.9,1504.6,1682.0,3302.4,1030.0,1359.3,1046.3,2568.9,1459.6,4012.9,6933.7,4384.1,1417.3,179.5
2026-09-12 15:45:00,719.2,509.7,899.4,478.6,694.7,452.5,171.5,82.1,86.6,203.6,314.0,1715.7,5450.0,4179.7,1746.8,1739.1,171.1,8.8,1741.4,1365.1,453.0,213.3,5466.3,3704.0,2804.9,1243.6,3891.8,2721.7,2621.1,1509.7,1683.1,3303.5,1027.6,1369.2,1049.2,2570.2,1475.0,4054.6,6958.7,4383.8,1435.7,180.1
2026-09-12 16:00:00,722.5,470.6,737.8,458.1,706.2,460.0,152.2,63.7,107.7,143.0,286.2,1708.1,5352.8,4241.3,1575.5,1698.5,92.2,20.5,1645.1,1143.0,495.3,177.7,5549.2,3668.1,2827.8,1316.8,3825.5,2573.5,2612.6,1602.0,1696.6,3108.8,1054.2,1664.3,1062.6,3360.3,1492.9,4423.5,7051.8,4425.4,1466.0,169.0
2026-09-12 16:15:00,729.5,502.7,790.2,432.0,713.3,439.4,137.5,72.2,108.1,169.7,284.7,1679.0,5274.9,4270.9,1562.8,1770.1,94.7,20.5,1570.0,1588.5,495.2,167.3,5499.8,3685.5,2844.4,1321.8,3830.2,2582.9,2618.7,1596.1,1695.7,3121.5,1059.1,1779.9,1066.0,3363.1,1503.4,4495.7,7103.5,4424.2,1486.2,165.4
2026-09-12 16:30:00,737.4,499.2,841.5,599.3,723.9,402.8,137.0,72.6,107.7,150.3,301.0,1655.6,5163.2,4221.7,1608.8,1827.4,165.0,20.4,1361.4,1636.8,480.2,159.0,5524.0,3680.3,2847.0,1326.7,3838.6,2592.7,2619.9,1626.4,1696.0,3181.1,1061.5,1963.9,1069.8,3367.7,1513.4,4691.0,7149.6,4445.8,1509.0,160.0
2026-09-12 16:45:00,740.8,515.5,894.8,586.4,729.2,399.8,137.0,80.4,108.9,124.8,319.0,1641.5,4955.5,4290.7,1653.4,1798.7,172.7,9.1,1257.5,1700.2,463.3,167.1,5480.8,3699.0,2864.9,1329.6,3840.0,2610.8,2623.9,1683.6,1699.4,3168.5,1062.8,1995.7,1069.9,3371.1,1517.7,4798.7,7195.2,4469.9,1535.1,158.7
2026-09-12 17:00:00,750.6,486.3,973.9,539.5,739.5,557.7,60.9,121.2,121.4,107.0,317.8,1576.1,5131.2,4172.9,1559.9,1781.2,182.2,44.1,1238.8,2007.8,482.8,166.5,5613.2,3783.2,2854.5,1185.6,3770.0,2737.9,2661.8,1828.8,1691.2,3036.1,1062.3,1984.2,1080.0,3727.5,1530.3,5290.2,7273.5,4497.8,1588.2,154.2
2026-09-12 17:15:00,757.7,504.2,1046.2,526.7,748.1,554.1,51.0,122.2,129.4,88.4,306.8,1554.7,4953.9,4104.0,1592.9,1738.2,183.6,44.3,1208.8,2040.0,472.2,186.7,5597.4,3854.4,2868.3,1203.5,3769.6,2873.4,2666.8,1845.0,1692.2,3036.4,1064.2,2277.7,1079.3,3734.8,1530.4,5323.7,7326.1,4497.0,1611.6,152.3
2026-09-12 17:30:00,771.0,509.3,1104.1,716.2,754.3,513.3,51.0,120.3,151.8,71.8,283.2,1516.3,4580.2,3958.6,1660.7,1749.4,174.0,35.3,1196.0,2150.4,486.7,191.1,5613.4,3852.4,2873.0,1206.0,3776.3,2979.9,2666.5,1893.5,1695.3,3048.7,1048.2,2573.1,1074.7,3742.3,1528.1,5353.0,7379.6,4483.5,1638.6,151.6
2026-09-12 17:45:00,782.1,534.2,1144.6,755.0,761.7,482.2,51.0,118.0,185.9,64.1,286.7,1537.1,3892.4,4031.2,1766.7,1762.3,125.5,44.5,1187.9,2473.0,481.3,669.4,5629.1,3851.1,2881.5,1209.0,3709.8,3195.0,2670.5,1909.0,1696.9,3042.7,1039.9,2720.9,1066.2,3749.9,1526.9,5385.1,7424.7,4472.1,1648.4,145.6
2026-09-12 18:00:00,789.0,593.3,1175.8,749.6,764.8,480.9,12.0,65.2,201.2,65.1,503.8,1459.5,4159.7,3733.0,1683.7,1856.5,206.2,35.1,1297.2,2546.8,501.7,697.6,5725.4,3908.6,2865.6,1226.8,3869.8,3586.9,2629.9,2061.6,1703.9,3075.1,1050.8,3129.4,1069.3,3736.8,1519.4,5469.6,7473.4,4659.4,1673.7,144.8
2026-09-12 18:15:00,799.3,633.1,1203.0,764.7,772.4,487.6,12.0,64.9,229.0,59.4,506.6,1435.7,3966.8,3702.5,1736.8,2012.7,200.5,45.1,1286.1,2652.3,484.7,710.6,5700.6,3934.7,2879.7,1228.8,3867.4,4066.7,2639.3,1970.6,1705.2,3034.6,1034.9,3154.0,1058.4,3749.3,1522.0,5490.1,7491.6,4655.7,1667.8,145.7
2026-09-12 18:30:00,807.2,637.4,1218.8,792.5,780.5,488.0,12.0,65.9,256.8,84.5,528.6,1387.8,4011.3,3989.1,1707.8,2063.5,217.0,35.0,1283.5,2704.4,489.3,731.2,5649.1,3944.6,2880.4,1230.8,3876.2,4559.9,2640.0,1916.1,1703.2,3020.2,1038.9,3158.4,1044.2,3762.3,1514.2,5505.8,7507.8,4657.0,1666.9,147.6
2026-09-12 18:45:00,814.7,639.9,1232.4,808.1,788.5,479.4,12.0,69.7,282.1,115.1,550.2,1353.7,3200.1,3854.4,1706.2,1979.6,208.4,35.0,1279.5,2668.4,517.8,726.8,5650.4,3963.1,2892.8,1232.7,3873.7,5043.5,2640.0,1878.9,1703.6,2998.3,1053.1,3171.5,1032.0,3784.2,1506.5,5462.2,7524.0,4673.9,1664.9,154.1
2026-09-12 19:00:00,834.3,630.9,1249.1,876.0,794.7,538.9,1.0,102.1,315.0,35.2,448.9,1351.7,3244.9,3569.2,1728.5,1973.8,272.1,15.0,1346.4,2938.8,488.0,777.7,5707.1,3934.0,2876.1,1227.3,4114.6,5555.5,2536.6,2048.9,1719.9,3168.9,1063.6,3069.3,1032.4,3347.3,1487.6,5538.2,7547.7,4653.1,1659.8,154.5
2026-09-12 19:15:00,835.6,619.4,1249.4,881.6,795.5,541.6,1.0,104.4,322.5,112.5,452.1,1332.4,3185.8,3834.4,1650.5,1871.7,230.6,15.1,1338.4,2941.2,486.1,786.6,5681.5,3918.4,2879.8,1229.1,4119.7,5559.8,2538.7,1924.6,1722.5,3119.0,1068.1,3155.0,1033.2,3388.5,1483.6,5552.1,7554.6,4668.3,1654.0,156.5
2026-09-12 19:30:00,833.6,608.3,1253.0,889.5,795.2,554.3,1.0,105.9,326.6,105.5,456.0,1327.4,3304.8,3973.5,1587.3,1873.1,229.8,15.0,1327.6,2933.3,482.4,787.5,5687.9,3928.1,2879.8,1230.7,4128.7,5570.4,2537.6,1911.2,1731.8,3111.0,1066.9,3163.1,1035.1,3426.1,1474.6,5489.8,7547.4,4642.5,1660.6,171.3
2026-09-12 19:45:00,834.7,606.6,1239.3,895.4,790.2,556.4,1.0,106.5,331.4,102.3,455.7,1304.3,3191.5,4058.2,1601.3,1926.3,209.4,15.0,1323.7,2940.8,481.3,803.3,5725.4,3957.1,2886.0,1232.4,4131.5,5573.9,2541.2,1857.5,1724.5,3072.9,1062.8,3201.6,1032.9,3460.8,1466.3,5509.1,7539.0,4584.4,1650.6,191.2
2026-09-12 20:00:00,834.8,578.6,1229.0,897.5,788.5,530.5,2.0,64.6,342.0,102.2,461.0,1407.6,3188.2,3788.6,1724.2,1857.5,197.8,25.0,1289.4,2971.9,468.2,828.7,5627.2,3888.2,2889.8,1232.2,4513.1,6056.6,2537.3,2095.5,1720.0,3180.8,1060.4,3037.0,1030.5,3095.1,1463.8,5581.6,7524.8,4567.1,1657.9,223.2
2026-09-12 20:15:00,824.5,498.9,1214.0,886.0,780.7,528.6,2.0,62.7,344.1,104.0,457.8,1398.9,3178.8,3885.8,1708.6,1863.1,257.5,25.0,1283.8,2960.9,461.3,850.1,5598.5,3895.9,2897.4,1235.8,4504.2,6047.7,2540.7,2088.4,1718.4,3150.7,1057.9,3048.8,1031.8,3122.3,1463.4,5513.6,7517.9,4557.0,1651.9,231.1
2026-09-12 20:30:00,826.4,417.2,1189.6,825.2,766.6,523.4,2.0,61.0,342.7,106.4,462.2,1399.4,3170.1,3860.2,1682.1,1878.9,257.4,25.0,1279.4,2979.9,459.3,852.8,5558.3,3931.5,2890.0,1237.3,4506.7,6049.8,2542.7,2065.6,1724.1,3121.1,1067.9,3071.0,1032.0,3145.9,1458.6,5487.2,7525.2,4526.1,1643.8,231.6
2026-09-12 20:45:00,829.1,409.1,1166.3,826.0,754.2,527.6,2.0,60.7,342.1,107.1,457.0,1406.3,3159.5,3874.6,1666.9,1880.8,255.4,25.0,1278.3,2981.0,455.9,861.8,5548.3,3939.9,2881.8,1237.3,4493.9,6036.7,2541.3,2051.0,1722.1,3041.5,1065.4,3072.1,1027.0,3165.6,1451.6,5508.1,7520.4,4514.2,1635.0,234.5
2026-09-12 21:00:00,783.0,434.8,1132.8,870.2,739.5,347.4,0.0,44.0,339.2,98.8,450.1,1299.5,3060.1,4061.1,1631.5,1900.3,236.2,35.2,1201.4,3158.7,439.5,886.8,5531.8,3810.7,2856.5,1236.8,4436.6,6044.2,2527.2,2157.3,1709.5,3213.5,1040.5,3098.1,1014.2,2636.2,1430.9,5296.6,7344.7,4522.2,1632.2,208.0
2026-09-12 21:15:00,788.0,418.7,1104.5,874.6,727.8,350.8,0.0,41.1,338.0,98.7,444.2,1303.3,3048.3,3858.8,1606.2,1859.8,228.5,35.3,1193.0,3118.8,437.4,884.6,5540.7,3849.4,2841.1,1237.6,4421.7,6028.0,2528.9,2131.4,1708.9,3137.6,1032.8,3094.6,1011.9,2650.3,1416.2,5254.9,7298.4,4509.8,1609.4,207.0
2026-09-12 21:30:00,789.5,422.2,1078.8,687.2,710.3,356.9,0.0,40.9,338.9,102.5,435.7,1283.6,3044.3,3866.6,1627.9,1868.7,228.1,35.3,1184.1,3106.5,434.4,900.9,5561.6,3865.4,2813.7,1237.2,4410.7,6016.5,2522.0,2127.9,1710.5,2995.7,1029.2,3061.6,1006.7,2662.8,1403.1,5247.1,7232.0,4509.3,1593.5,211.1
2026-09-12 21:45:00,780.7,426.8,1072.0,686.8,697.3,356.7,1.4,41.2,334.6,84.6,414.5,1286.8,3144.0,3960.1,1630.1,1822.9,205.4,35.3,1182.1,3071.5,432.5,906.1,5560.2,3912.2,2793.8,1236.9,4394.0,5999.9,2518.1,2124.6,1708.0,2761.2,1021.6,3028.9,1000.7,2674.0,1388.3,5242.4,7175.1,4514.6,1573.8,214.5
2026-09-12 22:00:00,736.6,445.6,1021.5,612.6,676.8,309.2,6.0,14.2,320.9,91.3,402.5,1289.4,2905.9,3796.8,1549.2,1797.3,107.9,37.9,1162.4,2994.0,426.5,923.1,5442.9,3825.6,2765.2,1234.2,4465.3,5942.2,2506.6,2176.6,1680.5,3077.2,1034.3,3032.7,992.6,2555.8,1370.0,4941.7,7077.0,4412.6,1518.8,224.6
2026-09-12 22:15:00,797.6,430.2,1009.3,623.9,663.3,304.9,6.0,13.1,317.5,65.9,396.4,1306.6,2982.7,3853.9,1521.5,1771.6,109.8,38.2,1157.5,2930.8,424.5,943.4,5423.6,3814.6,2736.2,1232.9,4447.7,5920.1,2503.7,2173.8,1687.0,2943.6,1029.5,2998.4,984.0,2564.9,1354.1,4919.4,7019.5,4394.8,1499.9,224.1
2026-09-12 22:30:00,719.5,430.5,985.0,457.7,648.5,314.4,7.4,13.4,322.2,23.0,401.6,1299.6,3081.9,3894.6,1544.9,1757.0,107.9,58.4,1154.2,2903.5,420.8,974.3,5384.8,3871.8,2710.9,1231.5,4431.4,5590.9,2497.9,2178.8,1676.6,2698.0,1007.1,2959.2,982.2,2572.3,1338.7,4899.5,6936.8,4389.8,1480.9,230.5
2026-09-12 22:45:00,721.7,430.7,965.6,475.0,634.4,315.4,8.7,13.3,316.4,23.0,396.9,1305.0,3764.9,3941.8,1539.5,1747.3,109.9,58.7,1149.2,2862.2,417.7,985.5,5305.3,3912.7,2686.7,1231.1,4419.8,5407.0,2496.8,2189.8,1675.0,2462.8,1003.2,2928.0,978.1,2581.0,1325.2,4876.5,6911.1,4386.2,1468.8,240.6
2026-09-12 23:00:00,695.7,454.7,943.6,473.2,620.3,177.4,39.3,21.6,299.6,24.3,418.8,1321.4,3322.3,3767.8,1484.1,1762.9,37.7,55.1,1208.0,2724.3,405.3,1001.3,5195.4,3933.1,2619.4,1289.3,4373.8,5924.2,2470.9,2147.3,1648.9,2522.9,998.2,2843.4,973.9,2462.5,1311.2,4563.2,6784.5,4369.7,1442.1,258.1
2026-09-12 23:15:00,685.5,469.5,923.4,493.8,609.5,169.4,40.7,20.9,297.7,24.2,410.5,1324.3,3669.5,3808.3,1458.0,1740.9,35.9,75.9,1204.3,2677.1,403.4,1027.7,5145.2,3975.1,2595.0,1287.2,4359.0,5744.8,2467.5,2154.3,1641.5,2337.7,978.1,2800.3,966.4,2469.6,1297.0,4533.6,6736.8,4347.8,1421.0,273.8
2026-09-12 23:30:00,680.4,449.4,899.5,523.6,598.5,180.3,40.7,20.6,293.5,21.5,418.5,1322.8,3791.0,3801.5,1475.1,1718.9,36.0,76.7,1201.5,2611.2,402.3,1058.9,5080.2,3995.7,2573.4,1285.2,4356.9,5329.3,2461.7,2159.2,1639.2,2131.8,971.2,2789.7,961.6,2475.5,1279.2,4482.5,6677.1,4342.9,1410.8,284.3
2026-09-12 23:45:00,673.4,442.4,877.9,553.0,590.6,178.3,38.0,19.5,284.0,22.9,409.3,1332.9,3820.7,3819.4,1461.9,1719.0,36.1,57.4,1198.3,2562.3,400.4,1073.5,5019.5,3970.1,2545.3,1282.2,4335.4,4823.8,2459.7,2164.5,1646.4,2130.5,960.3,2785.7,954.8,2480.6,1262.1,4381.5,6631.7,4336.9,1393.1,294.0
2026-09-13 00:00:00,674.5,458.5,916.7,441.4,584.0,125.5,12.0,10.6,287.9,23.0,179.1,1309.3,3462.3,3983.3,1246.8,1210.1,73.0,82.2,1468.4,2274.8,397.0,977.4,4791.2,4586.7,2452.9,1266.2,4193.8,5152.4,2422.3,2231.4,1599.9,1887.6,944.7,2774.0,964.1,2227.6,1362.5,3949.1,6628.4,4655.6,1380.2,348.6
2026-09-13 00:15:00,671.0,455.0,900.0,463.2,577.5,128.0,12.0,10.7,283.3,16.9,168.7,1308.4,3516.3,3923.3,1234.7,1175.7,82.7,63.0,1468.2,2191.1,383.8,1010.8,4754.3,4592.9,2427.5,1264.1,4185.8,4658.9,2416.1,2219.6,1594.8,1878.0,935.7,2773.6,966.8,2188.9,1343.6,3916.5,6585.7,4640.3,1370.3,357.2
2026-09-13 00:30:00,673.4,457.4,889.2,487.0,569.9,129.3,12.0,10.7,280.0,18.2,162.9,1312.9,3514.1,3957.8,1229.3,1163.9,82.6,63.6,1469.7,2118.4,382.9,1057.7,4717.4,4609.2,2412.2,1261.1,4177.5,3921.0,2408.4,2220.6,1604.3,1857.9,931.3,2805.3,959.9,2181.9,1327.8,3848.9,6542.6,4625.4,1363.2,360.5
2026-09-13 00:45:00,673.9,457.9,874.3,507.1,566.1,130.3,12.0,10.6,275.2,15.5,153.3,1332.6,3570.7,3960.5,1234.3,1163.7,81.4,84.3,1468.9,2033.9,383.1,1092.5,4683.9,4652.3,2384.8,1259.0,4177.1,3556.0,2402.7,2242.3,1604.3,1861.3,927.3,2784.6,957.4,2174.1,1316.1,3664.1,6505.1,4612.5,1349.5,365.7
2026-09-13 01:00:00,668.0,452.0,870.1,556.0,561.5,142.9,12.0,15.7,309.1,20.3,170.2,1318.3,3282.4,3804.1,1203.0,1159.1,87.0,85.5,1466.0,1946.1,389.2,1127.9,4589.0,4681.3,2334.2,1260.4,4190.5,3895.0,2398.6,2213.0,1601.7,1875.0,914.1,2707.6,951.7,2103.5,1306.3,3530.2,6425.3,4586.8,1330.4,347.0
2026-09-13 01:15:00,669.9,453.9,857.2,589.2,559.6,141.8,12.0,15.6,309.3,14.2,163.8,1310.2,3318.7,3796.0,1168.3,1112.9,69.6,85.0,1464.2,1869.9,387.1,1150.2,4592.7,4708.4,2313.9,1257.2,4186.5,3576.4,2391.4,2215.8,1597.5,1875.4,912.2,2701.8,947.9,2096.3,1303.4,3493.6,6390.5,4571.8,1319.6,357.5
2026-09-13 01:30:00,666.5,450.5,847.5,624.0,557.3,142.7,12.0,15.6,307.9,13.5,165.9,1314.7,3310.3,3845.6,1164.6,1101.8,67.2,84.5,1460.7,1831.2,386.3,1175.9,4635.7,4744.7,2295.4,1252.9,4184.9,3443.0,2389.5,2218.6,1596.1,1876.8,907.8,2692.3,947.4,2091.5,1310.2,3476.4,6356.3,4556.6,1315.4,364.2
2026-09-13 01:45:00,667.0,448.0,838.2,660.3,554.2,132.1,12.0,15.6,307.2,15.3,153.6,1333.5,3924.6,3829.9,1181.2,1113.9,67.0,84.0,1458.0,1799.0,385.8,1201.1,4637.7,4759.9,2281.0,1250.6,4180.6,3360.5,2384.8,2222.1,1600.1,1878.8,902.6,2675.3,944.1,2089.9,1319.2,3449.1,6325.4,4538.8,1300.5,366.9
2026-09-13 02:00:00,676.7,455.7,856.0,671.0,552.4,141.4,12.0,16.9,312.4,15.5,365.1,1332.0,3836.3,3706.3,1166.8,1064.8,90.4,66.2,1385.1,1725.1,378.7,1224.8,4603.6,4811.3,2251.5,1256.2,4203.6,3654.4,2374.6,2258.1,1585.2,1876.4,896.4,2603.0,944.4,2062.7,1404.3,3483.6,6316.7,4508.1,1302.2,378.4
2026-09-13 02:15:00,675.5,455.5,847.1,670.2,550.8,130.7,12.0,16.9,305.0,14.7,356.4,1337.2,4048.7,3678.6,1165.1,1042.9,90.5,65.5,1381.7,1683.2,376.8,1240.0,4623.7,4844.3,2238.5,1253.0,4198.5,3392.8,2369.7,2257.1,1585.0,1880.6,894.2,2606.8,943.5,2062.1,1407.6,3473.1,6293.6,4484.9,1297.1,387.7
2026-09-13 02:30:00,678.6,454.6,843.9,683.8,558.9,126.0,12.1,16.9,305.8,13.4,355.8,1343.4,4113.6,3671.1,1257.8,1037.0,90.5,64.9,1379.7,1634.7,374.3,1247.7,4653.2,4866.1,2228.0,1249.5,4191.7,3238.7,2369.1,2256.9,1584.8,1884.8,894.5,2609.4,940.5,2060.8,1403.7,3469.8,6273.5,4460.1,1290.4,394.1
2026-09-13 02:45:00,678.6,454.6,838.4,699.8,580.4,126.0,12.1,16.9,307.7,14.0,331.6,1348.9,4159.9,3678.6,1262.5,1033.8,90.4,44.4,1377.7,1458.1,371.4,1255.0,4664.9,4879.7,2220.1,1245.3,4184.6,3205.9,2368.9,2255.2,1583.4,1888.9,890.0,2603.9,939.6,2056.8,1393.6,3467.3,6253.9,4431.9,1285.0,397.0
2026-09-13 03:00:00,671.7,454.7,1057.1,797.7,546.8,208.2,42.0,15.6,454.1,15.3,377.5,1362.1,4037.7,3619.9,1143.0,998.1,87.2,63.6,1094.5,1442.7,363.8,1251.5,4670.6,4909.8,2200.3,1281.3,4173.4,3412.5,2369.4,2247.4,1579.4,1892.9,884.8,2567.7,938.5,2020.5,1382.6,3477.2,6336.4,4480.8,1281.6,398.4
2026-09-13 03:15:00,670.5,453.5,1051.8,797.1,547.9,204.6,48.8,15.6,446.5,15.3,370.1,1365.5,4062.9,3599.7,1176.7,969.9,87.6,43.0,1094.0,1418.9,362.8,1255.6,4652.6,4917.2,2193.3,1272.7,4169.7,3387.6,2370.3,2245.5,1581.4,1894.9,885.5,2575.0,939.2,2013.3,1374.6,3488.4,6318.3,4441.9,1276.5,398.8
2026-09-13 03:30:00,670.1,453.1,1048.4,792.6,547.5,205.3,48.2,15.6,451.6,14.7,370.3,1369.8,4076.9,3604.2,1234.5,961.5,89.6,52.3,1090.2,1408.1,361.0,1257.6,4701.8,4938.4,2187.4,1262.2,4166.9,3373.4,2369.3,2243.9,1581.0,1896.6,883.1,2576.8,940.0,2003.1,1373.1,3502.0,6306.1,4416.0,1273.4,401.3
2026-09-13 03:45:00,669.0,452.0,1046.0,796.9,548.8,199.9,44.6,15.6,450.7,12.7,351.6,1372.9,4158.9,3587.0,1240.1,951.5,89.0,41.6,1091.3,1388.8,359.3,1258.4,4680.0,4946.3,2183.3,1253.7,4166.6,3275.8,2369.2,2241.8,1578.3,1898.5,882.8,2592.3,938.9,1990.0,1380.0,3519.6,6298.1,4381.9,1276.0,399.4
2026-09-13 04:00:00,668.2,452.2,1054.1,808.6,553.5,200.0,12.0,18.1,448.9,18.3,322.4,1380.3,3836.7,3510.3,1136.9,938.2,75.3,60.9,993.4,1291.4,362.5,1259.6,4657.4,4943.1,2175.5,1229.6,4133.5,3551.6,2360.8,2249.6,1570.8,1892.1,878.3,2665.4,938.0,1971.2,1394.2,3615.4,6299.8,4291.3,1269.0,396.9
2026-09-13 04:15:00,670.4,454.4,1060.5,818.6,557.4,200.3,12.0,18.5,448.4,18.3,314.2,1381.7,3824.5,3504.2,1300.4,1083.0,80.7,60.3,994.1,1279.3,362.6,1252.2,4679.4,4947.6,2173.6,1225.0,4134.9,3469.0,2363.5,2252.5,1571.8,1886.9,877.5,2675.5,936.8,1955.5,1401.3,3667.8,6272.4,4252.0,1270.5,389.2
2026-09-13 04:30:00,669.5,453.5,1065.8,829.4,562.2,199.6,12.0,18.3,443.8,18.3,305.2,1384.0,3832.8,3494.6,1337.7,1155.6,82.9,59.6,993.4,1270.6,361.2,1240.9,4602.2,4954.5,2169.1,1221.5,4135.6,3454.0,2362.5,2252.6,1572.0,1881.5,877.6,2676.2,937.9,1941.5,1403.0,3740.8,6272.4,4174.4,1267.8,372.2
2026-09-13 04:45:00,670.2,454.2,1074.8,843.7,567.1,199.2,12.0,17.9,446.9,18.3,304.7,1384.7,3849.7,3511.9,1355.0,1155.9,76.1,59.0,993.9,1264.3,360.3,1222.9,4632.4,4956.8,2165.3,1217.8,4139.0,3594.0,2363.7,2252.6,1572.6,1876.0,878.7,2675.7,936.0,1934.9,1399.6,3798.3,6270.1,4143.4,1265.2,366.1
2026-09-13 05:00:00,667.8,451.8,1063.6,840.7,573.8,198.7,12.0,21.2,397.0,20.0,258.1,1377.7,3871.7,3456.7,1371.7,1136.8,79.5,40.1,935.3,1256.3,361.0,1208.2,4604.6,4935.3,2168.5,1209.2,4099.9,3681.3,2368.3,2268.4,1571.6,1869.2,882.7,2708.6,935.7,1914.9,1352.3,3839.6,6233.5,3926.8,1286.0,338.1
2026-09-13 05:15:00,665.4,449.4,1069.2,848.1,575.0,198.1,12.0,21.0,395.9,20.0,255.2,1376.8,3879.3,3440.4,1371.0,1130.4,85.7,40.1,936.0,1261.0,358.1,1189.6,4643.8,4916.5,2172.6,1208.8,4102.7,3729.9,2369.5,2269.0,1574.9,1870.8,884.3,2718.9,932.3,1906.2,1347.7,3936.2,6224.3,3890.7,1285.2,323.5
2026-09-13 05:30:00,667.2,451.2,1072.5,845.3,580.9,210.1,12.0,20.7,400.5,20.0,247.6,1375.8,3901.8,3422.2,1332.7,1123.9,105.0,40.2,939.6,1269.8,356.5,1169.2,4728.2,4891.4,2177.4,1208.1,4105.7,3768.3,2371.0,2269.6,1574.3,1872.1,887.5,2727.3,932.0,1899.5,1347.4,4044.0,6204.1,3887.7,1289.2,308.3
2026-09-13 05:45:00,673.7,457.7,1075.8,842.7,582.5,217.6,12.0,19.8,401.9,20.0,249.6,1373.4,3853.0,3424.8,1334.2,1126.9,104.0,40.2,943.4,1273.8,355.0,1151.9,4743.1,4854.8,2182.8,1207.6,4110.9,3842.0,2376.1,2270.1,1575.2,1873.3,887.9,2734.2,931.2,1896.9,1352.2,4152.9,6217.8,3850.3,1291.1,296.5
2026-09-13 06:00:00,680.0,464.0,1078.0,835.2,592.4,235.4,12.0,5.3,447.4,20.0,198.0,1371.8,3956.1,4002.5,1390.7,1103.9,59.2,41.3,1012.2,1282.1,364.0,1112.6,4736.7,4768.4,2199.0,1206.3,4292.5,3875.1,2375.7,2328.3,1584.5,1855.7,897.2,2762.9,937.3,1904.0,1715.2,4612.5,6212.9,3776.0,1303.7,271.3
2026-09-13 06:15:00,683.2,467.2,1083.0,834.8,600.4,245.4,12.0,5.4,450.3,20.0,202.6,1369.1,3960.4,3985.2,1389.6,1098.1,65.8,60.8,1014.3,1299.3,368.5,1084.7,4746.8,4730.2,2207.7,1206.9,4294.9,3976.1,2379.5,2337.9,1581.3,1855.1,898.3,2764.8,941.2,1904.7,1723.2,4743.1,6242.4,3748.6,1310.8,248.4
2026-09-13 06:30:00,684.4,468.4,1081.4,829.8,607.6,255.7,12.1,5.3,451.5,20.0,199.1,1370.2,3975.5,3963.6,1351.0,1094.9,64.9,60.2,1018.5,1314.6,369.3,1062.1,4662.6,4703.3,2215.6,1207.5,4297.0,4178.2,2381.0,2343.9,1585.2,1854.7,903.2,2764.5,941.7,1904.4,1727.1,4846.6,6265.4,3725.8,1317.9,230.4
2026-09-13 06:45:00,687.6,471.6,1075.5,827.8,617.3,266.6,12.0,5.8,452.2,20.0,201.0,1367.7,4069.2,3963.6,1352.1,1087.0,70.2,40.2,1033.8,1337.3,381.5,1040.9,4659.2,4680.7,2230.6,1209.2,4304.5,4591.7,2388.3,2341.7,1585.9,1854.8,905.4,2762.2,949.1,1905.2,1726.9,4945.1,6319.9,3704.1,1323.4,211.6
2026-09-13 07:00:00,697.7,479.7,845.1,727.7,654.0,183.4,77.0,3.6,347.6,20.0,151.4,1372.6,4090.7,3928.2,1401.0,1043.5,0.0,106.4,1102.0,1364.8,383.9,1019.1,4700.5,4643.9,2280.7,1116.3,4259.8,4963.9,2400.1,2315.8,1596.3,1870.2,905.7,2851.0,952.9,2041.6,1713.2,5144.7,6354.7,3631.6,1322.8,187.3
2026-09-13 07:15:00,703.1,463.1,821.2,729.2,673.4,199.4,77.0,4.1,343.2,20.0,155.7,1378.4,4108.0,3953.8,1411.5,1032.9,0.0,102.1,1108.4,1376.4,386.1,987.8,4725.7,4683.9,2293.3,1119.3,4301.0,5027.8,2407.0,2317.5,1585.1,1929.9,912.4,2874.3,952.4,2074.3,1713.4,5141.4,6417.4,3612.2,1340.4,174.2
2026-09-13 07:30:00,706.3,490.3,1015.8,791.1,660.7,283.8,77.3,4.8,341.9,20.1,155.9,1384.5,4107.5,3955.2,1422.9,1033.9,0.1,104.0,1113.0,1408.2,386.5,968.1,4757.6,4660.4,2309.7,1122.7,4315.6,4775.2,2412.2,2316.2,1588.4,2010.1,918.2,2920.4,955.8,2088.5,1726.0,5113.8,6413.2,3597.0,1352.5,160.0
2026-09-13 07:45:00,709.6,493.6,999.3,777.5,669.7,301.5,77.5,5.2,337.7,20.1,158.4,1387.2,4128.3,3987.5,1431.6,1020.3,7.6,102.0,1128.1,1428.9,397.3,945.1,4783.6,4649.0,2329.8,1123.9,4329.5,4060.9,2422.0,2323.9,1592.6,2078.3,920.8,3009.7,963.1,2103.7,1744.6,5089.5,6431.4,3587.2,1373.4,156.1
2026-09-13 08:00:00,717.6,501.6,1008.2,748.9,683.8,354.1,75.0,5.0,490.3,19.8,232.0,1382.2,4290.3,4054.0,1445.7,923.5,0.0,126.1,1415.9,1513.1,392.4,970.6,4876.0,4579.1,2370.0,1128.5,4168.0,4810.0,2444.5,2273.9,1627.7,2505.3,931.7,2993.4,958.3,2193.2,1770.2,5116.6,6632.1,3718.7,1454.9,155.8
2026-09-13 08:15:00,722.5,506.5,990.2,717.3,691.5,375.4,75.7,5.6,485.9,19.9,238.6,1392.3,4286.5,4045.9,1455.0,721.3,0.0,106.6,1421.6,1493.1,392.7,905.6,4904.7,4565.2,2392.4,1129.0,4181.3,4097.0,2455.6,2283.5,1627.0,2513.7,931.9,3077.7,961.2,2223.3,1789.2,5123.7,6674.4,3714.3,1477.0,149.7
2026-09-13 08:30:00,733.9,494.9,969.9,701.7,699.2,401.4,75.9,6.3,481.6,16.3,237.6,1417.5,4584.9,3438.8,1450.6,584.8,0.0,108.6,1418.1,1529.5,390.1,875.9,4932.8,4514.6,2421.1,1205.8,4200.1,3388.5,2459.4,2282.0,1629.5,2597.9,939.3,3101.1,970.9,2243.6,1805.0,5079.3,6732.4,3801.9,1504.2,145.2
2026-09-13 08:45:00,730.8,498.3,947.8,710.3,700.5,442.4,82.5,6.8,479.1,20.0,237.4,1433.6,4536.2,3494.2,1489.7,592.3,0.0,113.1,1429.7,1563.0,398.4,856.8,4959.1,4453.2,2436.7,1212.1,4211.0,3124.5,2471.1,2298.4,1632.6,2611.7,956.8,3147.7,975.1,2251.9,1814.5,5054.8,6796.5,3935.5,1535.3,144.7
2026-09-13 09:00:00,763.6,501.2,936.9,604.1,702.1,545.9,74.0,13.6,296.3,25.4,496.1,1461.4,4648.1,3523.5,1470.7,627.5,55.0,73.3,1243.9,1575.1,438.7,829.4,5005.6,4510.7,2483.4,1232.4,4459.6,3449.0,2450.6,2275.2,1662.0,2616.6,949.1,3070.1,986.8,2312.6,1810.0,5146.9,6862.2,3826.4,1538.6,139.5
2026-09-13 09:15:00,772.4,485.1,918.7,669.2,693.8,589.3,75.0,8.0,295.6,36.0,495.5,1470.9,4724.0,3473.6,1478.2,603.9,55.7,72.4,1255.3,1623.4,443.6,796.3,5022.7,4482.5,2511.9,1234.9,4472.5,3054.7,2491.0,2266.0,1670.2,2596.5,964.3,3038.9,989.2,2333.1,1809.5,5150.7,6902.3,3850.5,1554.2,139.4
2026-09-13 09:30:00,762.1,506.1,904.9,637.8,696.3,606.4,75.1,8.6,297.7,42.0,532.3,1471.8,4738.8,3446.5,1507.8,674.9,66.2,30.2,1258.1,1691.2,434.5,492.6,5045.9,4456.5,2525.4,1219.4,4466.8,2932.9,2495.2,2263.5,1665.5,2568.8,972.5,2690.7,989.9,2358.8,1811.6,5115.8,6938.5,3851.3,1559.8,139.9
2026-09-13 09:45:00,764.8,500.4,887.7,635.9,698.2,618.0,75.2,8.5,295.1,43.3,534.6,1497.2,4795.3,3462.1,1498.2,710.9,37.0,44.6,1273.1,1745.6,451.1,491.6,5065.0,4430.6,2542.5,1217.1,4599.1,2923.5,2504.3,2254.9,1667.4,2568.3,973.8,2602.6,993.7,2392.0,1811.3,5130.9,6968.4,3894.0,1568.7,140.4
2026-09-13 10:00:00,780.4,508.4,879.7,615.7,703.6,618.6,57.1,8.1,282.2,48.3,541.8,1563.5,4803.8,3498.4,1452.5,723.8,32.2,63.8,1390.2,1777.0,466.5,361.6,5122.6,4472.6,2570.4,1224.6,4657.0,2931.0,2516.6,2223.3,1676.0,2569.0,980.0,2343.4,997.2,2480.2,1812.3,5238.2,6909.4,3640.1,1593.3,141.7
2026-09-13 10:15:00,772.0,481.9,872.1,640.5,700.9,636.5,57.2,8.2,279.7,48.7,549.5,1582.9,4882.3,3529.8,1448.2,729.7,32.2,100.3,1389.8,1809.1,465.5,338.7,5134.3,4454.7,2575.5,1233.4,4654.8,2951.7,2537.4,2205.5,1683.2,2556.6,981.8,2339.9,1004.1,2512.5,1809.9,5240.2,6920.5,3657.3,1600.1,143.9
2026-09-13 10:30:00,772.3,508.1,1084.3,651.0,703.3,647.6,57.1,8.2,275.5,46.9,548.2,1613.0,4847.9,3606.3,1486.5,711.9,32.2,109.6,1390.5,1672.6,464.2,328.3,5137.7,4445.6,2580.1,1232.5,4658.2,2944.3,2522.8,2219.0,1678.0,2580.6,983.0,2340.0,1003.9,2541.8,1804.2,5262.1,6937.5,3676.4,1601.6,147.1
2026-09-13 10:45:00,769.1,508.9,1087.2,641.8,704.8,652.9,57.1,8.3,276.0,47.9,556.4,1635.6,4872.5,3557.6,1476.5,729.5,32.2,79.0,1400.0,1716.9,477.3,320.1,5139.0,4428.5,2583.1,1233.5,4654.1,2950.1,2528.0,2215.8,1678.3,2571.6,983.9,2338.0,1006.2,2569.9,1798.9,5259.6,6948.8,3666.3,1608.8,150.2
2026-09-13 11:00:00,789.5,483.3,1112.5,626.0,728.0,655.5,13.1,44.3,281.6,58.0,630.6,1660.8,4979.6,3461.2,1472.0,755.3,76.0,123.0,1415.5,1764.1,491.6,293.7,5178.0,4315.2,2581.0,1223.8,4627.5,3064.3,2574.5,2195.9,1678.9,2582.6,986.7,2245.6,1009.3,2595.7,1800.6,5330.3,6962.2,3707.2,1605.9,163.2
2026-09-13 11:15:00,776.8,480.8,1133.9,615.8,720.3,649.6,13.1,44.3,283.9,59.1,626.2,1674.6,5004.7,3468.6,1478.4,762.2,76.0,126.6,1412.7,1810.6,482.6,276.1,5179.8,4297.0,2584.1,1223.4,4622.4,3063.2,2542.3,2194.5,1680.8,2588.3,983.3,2223.2,1012.3,2618.0,1800.8,5306.4,6981.7,3716.4,1603.6,165.3
2026-09-13 11:30:00,793.1,504.3,1153.8,616.9,715.0,636.3,13.1,44.2,284.7,55.8,625.2,1683.6,5023.0,3459.9,1471.4,777.6,76.2,128.4,1404.3,1848.4,481.5,269.4,5176.1,4285.1,2583.8,1224.1,4624.8,3049.7,2531.6,2203.4,1681.4,2582.7,985.7,2229.0,1008.9,2636.3,1803.9,5277.8,6988.3,3712.1,1600.7,168.5
2026-09-13 11:45:00,769.7,496.1,1154.8,616.8,714.1,625.7,28.3,44.2,287.1,56.7,627.6,1675.3,5196.3,3442.5,1463.8,790.5,76.1,126.4,1400.1,1878.5,491.5,282.3,5172.8,4267.8,2585.2,1223.5,4620.0,3020.5,2532.8,2230.5,1685.1,2583.0,985.5,2238.9,1009.3,2655.3,1809.3,5251.8,6993.9,3697.1,1590.1,171.4
2026-09-13 12:00:00,785.1,458.6,1135.1,597.9,717.7,626.9,2.0,43.6,297.5,45.9,622.4,1708.2,5096.4,3524.3,1484.4,806.6,76.7,75.9,1490.5,1806.0,470.5,280.5,5246.4,4285.4,2580.0,1054.2,4587.8,3230.1,2589.0,2166.1,1676.7,2570.2,988.5,1972.0,1014.8,2675.9,1659.4,5150.0,7206.0,3883.1,1572.2,208.5
2026-09-13 12:15:00,799.4,460.0,1136.7,602.4,717.5,623.8,14.1,43.5,291.3,45.7,623.0,1709.7,5133.6,3541.2,1477.2,825.5,76.9,79.9,1487.9,1840.3,475.4,272.3,5242.5,4269.3,2580.0,1053.4,4578.6,3321.2,2567.1,2172.8,1676.8,2572.3,985.5,2158.9,1014.2,2694.7,1663.0,5116.6,7210.0,3881.8,1562.4,212.1
2026-09-13 12:30:00,771.8,479.5,913.9,580.0,719.9,611.6,16.2,43.5,288.5,42.9,622.7,1698.6,5150.9,3486.2,1459.9,808.6,77.1,73.3,1486.0,1859.8,474.1,269.4,5239.5,4248.9,2573.7,1052.5,4581.0,3222.9,2529.7,2170.8,1677.0,2566.3,990.8,2066.5,1012.8,2713.5,1663.1,5079.5,7210.6,3848.1,1550.2,218.0
2026-09-13 12:45:00,795.9,470.9,910.4,572.9,723.4,602.0,15.7,43.5,284.5,43.6,619.3,1703.1,5174.2,3486.7,1444.6,823.7,77.4,73.3,1484.9,1873.4,483.6,268.5,5237.0,4231.6,2578.9,1035.1,4581.4,3134.7,2526.0,2220.8,1683.6,2597.1,990.4,1979.2,1013.7,2733.0,1662.5,5045.2,7208.7,3824.0,1542.1,221.3
2026-09-13 13:00:00,793.9,435.1,874.3,547.1,737.7,590.2,15.1,65.7,261.9,41.9,799.5,1709.8,5432.9,3342.4,1417.7,816.7,63.4,101.7,1446.6,1896.6,460.5,261.4,5237.7,4252.8,2559.9,993.3,4553.2,3199.6,2575.2,2154.8,1682.2,2549.9,969.7,1956.9,1010.4,2768.9,1570.4,4946.1,7185.7,3842.6,1536.1,202.0
2026-09-13 13:15:00,791.0,434.7,868.5,554.4,740.9,580.9,14.3,65.6,254.7,42.9,791.3,1712.8,5326.6,3325.7,1381.5,837.2,64.5,109.9,1443.7,1908.7,480.4,250.2,5233.6,4249.2,2562.9,993.4,4551.3,3171.1,2576.2,2153.0,1680.3,2550.3,969.9,1925.7,1008.6,2788.4,1564.1,4919.2,7183.8,3822.2,1530.1,204.8
2026-09-13 13:30:00,786.0,449.4,875.3,554.4,741.5,563.0,13.7,65.5,252.9,47.1,781.5,1718.9,5330.6,3304.3,1353.9,892.8,75.6,109.9,1434.7,1913.9,479.7,249.3,5238.0,4258.8,2561.7,993.3,4553.3,3163.4,2574.6,2151.2,1680.0,2553.1,972.1,1765.6,1005.4,2804.9,1562.4,4903.8,7180.1,3798.7,1526.0,207.7
2026-09-13 13:45:00,785.4,440.9,884.9,527.7,742.4,545.4,12.7,65.4,243.6,48.8,775.4,1720.9,5290.2,3283.5,1339.7,911.4,71.9,101.7,1431.0,1917.9,495.5,254.9,5242.5,4255.9,2562.1,992.0,4547.8,3165.5,2577.2,2149.8,1682.6,2564.8,969.9,1760.2,1004.4,2815.5,1563.3,4874.6,7181.5,3796.1,1525.2,210.8
2026-09-13 14:00:00,787.7,433.0,874.3,509.0,721.8,584.0,33.4,65.1,225.3,50.4,724.1,1703.9,5261.5,3253.4,1292.2,893.7,98.8,99.7,1332.5,1919.6,473.7,269.8,5151.3,4258.3,2555.6,1233.2,4557.8,2904.7,2584.2,2126.1,1688.2,2553.1,974.1,1733.0,1003.2,2842.5,1551.7,4872.8,7098.8,3667.5,1511.7,211.9
2026-09-13 14:15:00,804.4,426.3,891.2,479.2,727.6,562.6,28.9,65.1,214.9,52.4,724.6,1704.8,5202.8,3221.5,1282.3,911.1,117.8,115.9,1330.9,1925.8,472.3,256.0,5156.5,4267.2,2564.7,1232.7,4555.1,2908.7,2578.4,2125.0,1693.8,2607.4,974.5,1732.6,1004.4,2852.6,1553.1,4851.1,7103.4,3681.9,1515.3,211.5
2026-09-13 14:30:00,798.5,417.4,910.1,443.5,728.9,537.7,22.0,65.0,211.3,51.6,727.7,1702.7,5143.7,3181.9,1255.7,894.0,120.7,91.6,1326.5,1927.0,470.1,248.1,5170.1,4238.5,2560.7,1232.3,4557.2,2942.3,2530.4,2139.7,1684.7,2551.1,973.0,1965.7,1003.4,2862.1,1561.2,4794.7,7114.5,3704.6,1510.6,209.4
2026-09-13 14:45:00,739.3,430.8,930.5,405.8,729.4,514.5,21.9,64.6,211.7,54.8,720.9,1701.2,4928.4,3191.3,1265.3,895.6,136.3,91.6,1324.6,1930.9,480.2,240.1,5180.2,4241.6,2570.1,1231.8,4558.7,2919.1,2537.3,2188.1,1686.8,2718.5,976.4,1916.2,1004.3,2870.8,1565.9,4776.3,7115.0,3713.3,1509.7,207.5
2026-09-13 15:00:00,737.7,419.7,945.3,359.2,716.8,585.2,2.4,17.9,190.5,60.1,516.5,1697.0,4870.7,3210.9,1196.9,892.5,109.2,80.9,1317.7,2040.7,466.3,249.6,5148.2,4318.2,2595.1,1119.9,4756.4,2996.8,2595.2,2123.7,1694.3,2606.4,979.6,1845.2,1008.4,2945.7,1569.9,4967.5,7177.8,3614.6,1559.5,206.0
2026-09-13 15:15:00,742.5,413.9,991.2,342.5,719.2,561.4,1.8,17.6,182.9,62.4,512.0,1698.4,4817.8,3162.3,1199.6,888.3,114.2,80.9,1317.2,2039.7,461.7,240.3,5161.4,4297.1,2601.6,1119.2,4758.2,3037.5,2549.1,2188.8,1700.7,2645.4,980.0,2020.9,1012.3,2945.7,1577.1,4939.0,7183.5,3664.6,1569.8,202.5
2026-09-13 15:30:00,810.2,383.6,814.3,329.0,720.9,537.3,1.7,20.3,179.1,65.7,511.4,1687.7,4809.4,3186.7,1194.9,915.7,119.2,80.9,1320.0,2050.0,456.7,242.8,5168.6,4278.8,2610.6,1118.5,4768.7,3158.8,2546.0,2201.9,1701.0,2694.0,983.8,2129.5,1015.0,2940.0,1584.7,4905.8,7210.5,3742.8,1587.4,199.1
2026-09-13 15:45:00,747.8,462.2,856.0,319.6,730.8,515.7,1.0,26.2,175.6,65.5,505.8,1692.4,4842.2,3084.7,1201.0,890.1,119.3,80.9,1327.2,2270.7,452.7,260.2,5181.0,4285.5,2626.1,1126.5,4776.2,3235.3,2506.4,2232.3,1700.9,2834.7,982.8,2354.6,1014.9,2930.4,1594.1,4828.2,7232.9,3845.9,1606.2,196.0
2026-09-13 16:00:00,828.5,361.5,903.5,367.3,736.4,558.6,18.5,60.2,180.5,48.4,359.8,1683.6,4636.9,2960.1,1281.9,790.7,91.6,83.5,1367.3,2243.9,460.5,238.6,5236.3,4244.3,2658.8,1166.4,4522.9,3025.5,2524.4,2212.0,1720.5,2748.6,981.9,2460.2,1026.2,3050.1,1614.7,5023.4,7272.4,3848.1,1595.0,184.6
2026-09-13 16:15:00,825.9,356.2,918.2,383.3,738.8,611.7,12.4,55.8,185.3,46.5,363.4,1687.4,4659.1,2962.9,1278.6,755.6,80.5,102.9,1379.6,2229.4,449.4,322.4,5243.8,4242.0,2669.5,1172.5,4529.7,3156.1,2515.1,2229.8,1715.8,2828.3,984.0,2833.6,1027.3,3031.4,1626.5,4944.1,7329.9,3870.3,1621.6,182.1
2026-09-13 16:30:00,796.5,348.7,934.8,387.5,735.5,621.8,12.3,57.4,195.0,45.1,379.7,1664.7,4613.3,2917.9,1318.2,715.2,53.2,102.3,1391.4,2236.1,447.0,616.5,5257.7,4230.5,2680.3,1174.0,4541.2,3472.7,2523.5,2253.3,1716.1,2889.0,972.5,3105.7,1031.1,3009.6,1636.0,4916.4,7388.1,4011.2,1651.9,178.5
2026-09-13 16:45:00,800.8,342.1,1024.2,541.4,745.8,566.6,12.0,61.8,200.5,29.4,382.7,1649.5,4508.9,3213.0,1376.9,674.0,58.7,67.1,1402.9,2218.5,446.2,635.4,5243.1,4242.8,2689.6,1166.7,4545.6,3966.7,2526.2,2291.8,1724.3,2911.4,971.6,3061.5,1029.0,2986.5,1649.8,4919.5,7470.6,4057.1,1688.3,172.9
2026-09-13 17:00:00,831.4,337.3,1085.7,554.3,751.9,620.3,4.8,37.5,224.1,42.0,322.6,1587.6,4765.1,3011.2,1448.8,722.0,150.6,54.6,1761.4,2274.5,466.3,619.0,5354.5,4389.4,2680.9,1140.5,4290.0,4444.9,2521.1,2182.5,1745.1,2897.3,994.8,3148.9,1041.7,3017.2,1670.4,4985.2,7557.2,4017.5,1738.6,246.5
2026-09-13 17:15:00,808.5,348.5,1122.9,549.3,762.9,613.5,1.1,37.2,236.4,40.4,321.1,1565.9,3937.2,3079.7,1521.2,828.9,150.3,67.8,1770.2,2243.4,459.6,600.7,5361.3,4393.7,2700.9,1140.8,4297.7,5171.9,2525.3,2189.3,1746.0,2981.2,992.4,3498.5,1044.3,2993.1,1679.6,4938.7,7627.0,4028.3,1775.8,242.9
2026-09-13 17:30:00,833.4,383.4,1154.2,550.7,767.9,638.4,1.1,36.4,258.0,32.2,301.6,1587.4,3792.4,3061.0,1563.2,940.2,164.7,54.4,1781.9,2201.7,469.0,585.8,5389.4,4390.6,2704.8,1248.4,4310.3,5899.5,2523.6,2195.6,1746.2,3044.9,973.0,3799.4,1039.7,2972.1,1687.4,4883.4,7700.6,4041.7,1805.8,238.4
2026-09-13 17:45:00,816.0,520.0,1165.4,395.1,763.7,647.0,1.0,41.3,277.3,26.5,303.7,1560.3,3780.9,3212.4,1644.9,924.4,154.0,54.4,1789.8,2259.3,475.4,614.3,5382.3,4412.7,2721.8,1248.7,4321.7,6641.4,2528.6,2201.2,1745.1,3105.0,979.2,3887.3,1043.1,2953.5,1695.0,4838.2,7769.2,4040.1,1834.1,234.8
2026-09-13 18:00:00,828.4,534.1,1241.7,589.6,779.9,543.3,12.0,60.8,316.7,21.6,468.4,1505.9,4007.3,3394.3,1698.4,889.9,160.1,45.9,1719.5,2175.3,516.9,592.0,5455.9,4505.4,2752.6,1256.7,4361.1,6548.4,2531.6,2099.8,1716.3,3091.8,997.7,4025.4,1043.3,3008.4,1691.7,4706.5,7850.0,4069.1,1872.1,255.8
2026-09-13 18:15:00,855.3,418.3,1230.2,662.8,776.1,597.5,12.0,66.4,330.3,11.8,487.7,1465.9,3568.8,3380.1,1715.0,785.8,146.0,45.9,1723.9,2141.0,513.9,575.0,5458.2,4555.4,2766.8,1263.6,4367.0,6877.2,2535.5,2085.7,1712.6,3107.5,997.9,4082.2,1044.6,2991.0,1695.4,4682.0,7879.7,4067.8,1890.2,254.0
2026-09-13 18:30:00,856.2,429.2,1245.2,675.6,779.4,593.0,12.1,65.7,351.8,7.7,504.0,1414.6,3608.5,3323.6,1692.6,697.3,160.1,45.8,1725.5,2117.3,525.4,574.0,5455.0,4590.0,2782.1,1264.1,4384.3,6898.4,2534.3,2049.5,1712.4,3124.6,1005.6,4223.2,1050.0,2977.6,1696.6,4651.6,7913.1,4067.9,1899.1,251.9
2026-09-13 18:45:00,867.1,440.1,1269.5,691.3,784.3,606.5,12.0,60.4,355.4,3.9,515.0,1394.5,3666.8,3354.9,1595.3,586.0,170.8,45.8,1734.8,2109.9,524.0,582.2,5469.0,4615.0,2803.1,1309.3,4397.0,6913.1,2530.9,2040.1,1713.9,3138.2,1006.5,4242.6,1046.4,2967.2,1703.7,4620.5,7940.9,4092.2,1918.7,249.9
2026-09-13 19:00:00,880.0,456.0,1260.4,703.5,782.1,578.0,1.0,80.1,383.5,35.3,249.9,1399.8,3765.3,3122.3,1657.6,563.6,167.8,42.4,1650.7,2051.9,510.5,578.5,5435.5,4600.4,2836.1,1359.8,4518.7,7009.0,2536.7,2000.2,1716.1,3193.6,1026.4,4361.0,1052.2,2885.0,1712.0,4478.5,7963.1,4177.7,1921.3,294.9
2026-09-13 19:15:00,869.1,534.4,1297.1,690.1,801.8,558.5,1.0,80.9,389.1,87.0,254.2,1379.5,3692.6,3098.4,1720.8,596.1,169.6,25.0,1649.0,2039.1,507.9,588.8,5441.1,4619.6,2854.9,1391.2,4526.4,7018.5,2540.9,1996.3,1718.9,3201.2,1035.1,4375.2,1052.8,2882.5,1716.7,4469.5,7979.3,4178.3,1921.3,298.2
2026-09-13 19:30:00,862.4,546.0,1300.9,680.5,803.3,555.1,1.0,81.9,390.1,84.2,262.8,1371.9,3608.8,3440.7,1713.4,663.6,156.6,25.0,1646.4,2015.5,503.4,593.4,5470.1,4661.9,2867.2,1366.9,4538.8,7034.4,2542.7,1995.7,1727.6,3151.5,1043.0,4374.4,1054.3,2886.5,1719.6,4454.7,7980.8,4285.6,1927.5,351.9
2026-09-13 19:45:00,862.5,538.6,1297.8,687.6,801.2,550.3,1.0,82.4,390.5,123.1,262.4,1350.4,3606.7,3470.7,1707.4,669.3,155.0,25.0,1642.1,1998.0,499.6,627.9,5444.8,4696.1,2882.8,1418.2,4544.1,7038.5,2548.6,1965.3,1721.4,3120.9,1043.9,4385.1,1052.8,2897.9,1720.6,4440.6,7986.2,4215.9,1925.5,359.9
2026-09-13 20:00:00,846.7,562.4,1232.8,503.1,786.4,617.4,1.0,174.4,383.6,121.7,252.7,1365.2,3624.3,3438.6,1761.5,595.3,195.5,35.0,1679.7,1962.1,485.4,620.0,5275.0,4662.2,2925.8,1488.8,4605.6,7065.3,2564.6,1986.1,1795.2,3218.4,1055.1,4341.2,1052.2,2798.1,1724.6,4285.1,7969.8,4208.4,1930.2,292.1
2026-09-13 20:15:00,842.1,554.4,1235.4,494.6,785.9,631.4,1.0,173.1,385.1,121.7,249.6,1363.0,3559.5,3465.5,1743.7,603.6,195.9,35.0,1666.3,1943.0,480.8,638.2,5267.8,4673.7,2942.9,1488.9,4609.9,7069.9,2571.4,1957.8,1793.7,3176.9,1042.9,4362.9,1049.4,2816.3,1725.0,4273.5,7953.8,4182.7,1919.0,322.8
2026-09-13 20:30:00,833.3,545.3,1207.5,455.3,774.5,631.7,1.0,173.5,382.5,124.2,253.6,1366.7,3561.1,3458.1,1719.4,621.1,194.4,35.0,1663.7,1941.2,478.4,657.6,5247.7,4709.1,2936.7,1489.9,4612.4,7073.6,2572.0,1922.7,1800.0,3111.2,1044.0,4353.2,1047.7,2833.7,1729.2,4260.8,7925.3,4212.4,1913.3,298.6
2026-09-13 20:45:00,828.9,528.1,1184.3,444.7,766.9,624.3,1.0,173.6,381.2,117.1,248.4,1368.1,3559.5,3434.0,1686.7,608.1,185.8,35.0,1660.2,1937.4,475.1,668.4,5222.7,4715.2,2933.6,1490.0,4611.4,7074.6,2575.2,1881.3,1795.2,3070.2,1045.7,4345.7,1046.9,2852.9,1737.0,4249.6,7907.3,4188.3,1896.4,307.8
2026-09-13 21:00:00,796.9,542.4,1134.3,392.3,747.1,561.6,1.0,51.8,391.6,86.3,258.3,1369.3,3438.1,3442.8,1643.8,620.7,245.3,35.1,1597.0,1916.5,450.2,681.0,5246.2,4706.3,2917.1,1488.0,4623.4,7052.3,2583.5,1856.5,1787.8,3113.7,1068.2,4287.0,1040.4,2815.4,1741.1,4181.9,7731.6,4161.6,1842.0,284.0
2026-09-13 21:15:00,791.8,532.7,1104.3,377.0,739.3,543.7,1.0,51.5,390.1,88.3,243.1,1377.8,3450.2,3053.0,1641.7,617.3,245.8,35.1,1586.8,1953.8,449.0,687.9,5290.1,4721.4,2902.6,1488.0,4610.6,7041.4,2583.3,1820.9,1786.1,3074.2,1068.5,4263.9,1036.7,2831.4,1745.7,4172.7,7659.9,4157.4,1812.5,281.3
2026-09-13 21:30:00,779.4,524.6,1073.9,363.0,727.3,511.0,1.0,51.4,389.2,88.0,234.8,1356.0,3493.4,3046.6,1674.8,598.5,226.0,35.1,1580.2,1925.5,443.8,698.0,5274.2,4712.2,2884.1,1487.7,4617.2,7048.6,2578.0,1756.2,1786.7,3055.6,1067.7,4255.3,1034.4,2842.0,1743.2,4157.7,7573.9,4156.6,1789.2,293.8
2026-09-13 21:45:00,764.6,522.1,1041.1,372.8,710.9,510.0,1.0,50.3,386.9,87.1,227.5,1357.6,3498.4,3012.2,1670.3,599.4,224.3,55.0,1576.2,1942.8,441.6,712.2,5254.6,4706.1,2867.0,1435.9,4604.0,7037.8,2574.2,1711.5,1784.9,3029.0,1066.3,4232.7,1028.5,2849.9,1732.8,4139.0,7499.3,4158.2,1765.6,282.6
2026-09-13 22:00:00,741.4,525.4,1008.3,337.2,689.1,406.3,1.0,64.0,358.9,80.1,198.5,1327.4,3380.1,2870.0,1576.0,609.7,99.0,45.0,1414.4,1897.3,428.1,723.4,5156.9,4735.8,2824.5,1359.0,4491.8,7072.1,2581.0,1685.0,1760.2,3060.9,1070.0,4208.0,1021.4,2790.4,1711.4,3950.3,7378.3,4068.6,1718.9,245.3
2026-09-13 22:15:00,729.3,513.3,979.2,353.5,671.4,404.3,1.0,60.5,357.3,45.0,192.4,1334.9,3430.2,2888.9,1564.9,587.8,119.5,65.0,1409.5,1882.6,421.5,711.1,5111.9,4725.9,2799.5,1355.3,4472.2,7052.3,2578.3,1641.8,1762.8,3031.2,1062.9,4106.5,1014.1,2795.1,1694.9,3933.6,7300.3,4063.0,1688.3,245.0
2026-09-13 22:30:00,721.4,505.4,955.0,334.9,654.9,403.3,1.0,59.8,355.1,45.4,196.3,1332.7,3426.1,2874.5,1573.7,615.5,115.8,61.0,1406.1,1883.6,416.2,725.1,5062.9,4711.2,2763.3,1346.1,4463.1,7043.7,2567.7,1613.5,1754.5,3002.1,1053.8,4009.2,1008.5,2800.2,1680.7,3915.5,7216.4,4066.6,1686.9,244.7
2026-09-13 22:45:00,713.3,497.3,937.0,332.8,639.3,400.6,1.0,59.2,361.4,5.5,190.3,1334.3,3371.6,2782.1,1555.0,596.2,115.9,61.0,1403.3,1877.4,416.7,725.0,5016.6,4684.0,2735.1,1324.6,4442.1,7023.0,2562.7,1592.8,1752.3,2983.4,1045.6,3948.1,1005.7,2805.5,1669.3,3910.4,7164.3,4076.9,1692.6,243.6
2026-09-13 23:00:00,710.5,494.5,916.7,331.5,626.6,398.3,1.0,67.7,355.5,55.3,185.6,1345.3,3167.3,2588.7,1471.8,562.2,80.1,45.3,1387.4,1899.6,407.0,712.7,4874.5,4693.1,2644.3,1190.3,4170.8,6783.3,2550.5,1569.9,1728.9,2925.2,1024.5,3867.0,999.2,2735.1,1651.3,3789.3,7095.1,4045.4,1686.7,195.7
2026-09-13 23:15:00,703.6,487.6,897.8,324.2,615.1,390.3,1.0,67.5,351.7,50.8,177.9,1340.9,3175.4,2542.3,1439.3,528.7,73.9,61.1,1379.7,1888.1,406.9,712.6,4834.1,4653.3,2608.6,1189.0,4154.9,6767.8,2544.1,1560.1,1719.2,2900.9,1015.3,3755.3,994.9,2740.2,1643.9,3774.7,7038.6,4047.5,1669.4,195.1
2026-09-13 23:30:00,697.0,481.0,885.4,319.3,600.5,388.8,1.0,68.0,348.7,54.2,186.0,1351.2,3263.7,2525.2,1445.5,543.0,74.1,60.9,1364.8,1885.9,404.2,722.6,4786.2,4627.5,2577.2,1188.9,4144.3,6755.3,2532.1,1544.6,1717.7,2906.3,1004.3,3747.1,991.7,2744.9,1629.3,3762.3,6964.0,3943.9,1683.1,190.8
2026-09-13 23:45:00,688.9,472.9,875.8,309.1,592.3,387.6,3.7,70.7,339.6,58.7,177.0,1357.4,3831.2,2468.1,1405.9,553.7,78.9,45.4,1366.1,1902.2,402.5,730.6,4733.1,4608.7,2539.5,1186.2,4124.7,6735.2,2525.6,1533.2,1714.0,2882.7,991.7,3619.6,986.5,2747.5,1609.2,3748.4,6901.0,3935.8,1651.8,190.4
2026-09-14 00:00:00,731.4,319.2,876.2,332.5,586.5,403.2,12.0,47.5,418.8,21.2,413.2,1364.9,3186.2,2649.3,1234.0,986.9,84.3,48.1,955.8,1756.9,398.9,366.1,5046.0,4807.5,2482.8,1138.1,4396.0,6343.8,2603.3,1570.1,1683.4,2852.4,961.3,3390.7,962.1,3098.9,1419.5,3713.4,6912.4,3792.0,1642.4,217.4
2026-09-14 00:15:00,728.2,316.1,867.1,329.0,578.1,389.2,12.0,47.0,415.0,15.5,403.4,1357.0,3181.8,2608.4,1226.9,970.6,96.0,38.8,960.3,1738.4,397.0,371.8,5062.2,4797.9,2462.8,1135.9,4393.6,5973.1,2596.7,1567.4,1678.5,2849.2,957.5,3386.4,959.5,3112.8,1415.9,3702.0,6882.1,3768.8,1640.6,216.0
2026-09-14 00:30:00,719.6,313.2,858.8,318.2,570.4,384.0,12.0,47.1,413.1,12.5,399.3,1351.7,3185.4,2570.5,1218.2,965.2,112.7,40.3,964.0,1720.5,398.6,376.6,5054.3,4772.7,2429.7,1135.6,4383.4,5247.6,2584.4,1569.5,1677.9,2847.1,954.7,3365.1,957.9,3122.0,1409.3,3691.3,6842.0,3769.3,1638.3,214.1
2026-09-14 00:45:00,719.9,310.2,863.3,325.8,571.7,382.2,12.0,47.3,411.9,11.5,389.6,1349.3,3189.5,2553.6,1231.9,950.0,112.9,40.8,971.3,1703.6,398.9,371.0,5048.5,4744.8,2403.2,1135.4,4381.3,4940.6,2568.4,1556.7,1680.1,2846.0,953.7,3338.1,953.0,3124.9,1405.3,3670.0,6808.9,3769.0,1635.0,209.7
2026-09-14 01:00:00,712.0,307.3,858.5,335.4,581.5,375.6,12.0,44.1,304.9,2.6,413.0,1346.4,3193.5,2543.4,1188.6,944.6,102.4,33.0,947.6,1610.4,403.3,341.4,5026.4,4744.3,2348.0,1134.3,4260.6,5122.6,2608.4,1541.2,1652.5,2791.7,930.7,3188.5,955.0,3154.6,1418.2,3752.8,6752.0,3780.1,1605.6,180.2
2026-09-14 01:15:00,708.8,305.6,852.4,316.0,574.6,382.0,12.0,43.6,304.7,2.6,407.3,1348.1,3187.3,2530.0,1182.5,938.3,112.8,33.0,955.0,1596.4,400.4,341.6,5026.3,4713.6,2331.5,1133.0,4259.7,4946.0,2606.6,1551.6,1651.3,2793.0,928.3,3174.9,951.5,3152.4,1411.8,3754.0,6748.5,3781.8,1606.5,179.5
2026-09-14 01:30:00,749.5,304.5,849.1,313.8,577.6,379.9,12.0,44.4,307.0,2.6,405.6,1348.7,3736.6,2505.5,1168.0,955.3,99.9,42.9,948.4,1581.8,400.1,343.6,5014.3,4682.3,2314.2,1131.3,4262.2,5006.8,2602.1,1559.4,1648.5,2787.1,926.3,3118.9,949.6,3148.2,1407.0,3830.0,6730.1,3781.8,1609.7,178.7
2026-09-14 01:45:00,755.2,318.2,862.5,321.0,575.3,375.8,14.7,44.7,335.9,2.6,401.6,1350.3,3772.6,2489.1,1192.0,935.1,100.0,42.9,958.2,1568.7,398.7,342.1,4949.7,4652.4,2293.2,1131.0,4261.7,4670.4,2597.9,1561.1,1653.7,2787.6,923.1,3080.2,949.1,3142.6,1399.7,3802.2,6703.3,3781.8,1606.2,178.1
2026-09-14 02:00:00,774.3,309.3,900.0,324.8,564.0,424.2,12.0,44.7,437.3,2.8,415.3,1336.5,3710.4,2506.0,1138.5,981.6,62.3,49.1,941.4,1561.8,399.1,347.1,4885.7,4609.8,2262.2,1129.8,4127.2,4858.9,2622.6,1585.4,1637.5,2781.5,904.7,3019.7,950.8,3171.5,1467.5,3881.8,6812.5,3904.2,1599.1,181.2
2026-09-14 02:15:00,772.0,306.0,898.3,333.1,564.3,415.5,12.0,44.5,456.5,2.8,407.7,1337.4,3737.9,2492.0,1138.5,988.7,94.5,41.3,937.8,1548.8,397.8,347.8,4830.3,4572.8,2253.6,1129.1,4123.9,4837.9,2621.3,1567.7,1635.9,2777.8,901.8,3044.4,947.6,3160.5,1464.2,3885.7,6848.2,3905.2,1594.9,180.9
2026-09-14 02:30:00,758.5,311.5,906.7,359.6,566.2,380.3,14.7,44.5,462.9,2.8,407.2,1341.0,3820.4,2482.2,1143.1,988.2,94.7,40.8,939.2,1532.3,396.1,347.8,4823.3,4543.3,2244.6,1128.6,4123.7,4742.7,2619.3,1575.7,1636.2,2776.5,904.2,3023.9,949.0,3146.6,1464.2,3952.6,6825.9,3906.9,1598.0,180.9
2026-09-14 02:45:00,765.2,327.2,930.5,406.7,576.1,361.7,14.7,44.8,465.1,2.8,402.4,1351.2,3841.2,2473.4,1138.0,996.7,82.6,48.7,934.0,1516.6,392.7,344.5,4829.4,4501.7,2238.3,1128.7,4123.0,4715.9,2619.4,1567.3,1635.8,2847.9,901.7,3022.1,949.3,3130.1,1468.6,3921.8,6800.6,3899.0,1599.8,176.8
2026-09-14 03:00:00,750.3,323.3,947.1,449.1,597.1,342.1,12.0,35.9,462.0,0.9,103.0,1333.6,3748.4,2472.7,1159.4,1008.8,124.6,43.7,1028.3,1505.6,393.8,342.2,4735.8,4422.6,2220.2,1127.8,4242.3,4754.9,2657.0,1538.2,1634.7,2833.7,900.9,3133.9,951.9,3214.0,1478.7,3912.9,6760.5,3870.9,1606.6,178.4
2026-09-14 03:15:00,745.5,325.5,961.7,459.6,596.7,338.8,14.7,35.8,481.0,0.9,89.3,1334.3,3751.6,2452.6,1159.1,1013.5,122.6,43.4,1016.2,1490.6,385.3,338.6,4743.6,4371.1,2216.4,1125.0,4246.6,4781.2,2658.7,1555.6,1637.8,2839.1,901.3,3121.5,952.5,3194.2,1485.4,4014.0,6740.8,3853.0,1605.0,174.1
2026-09-14 03:30:00,705.6,313.5,987.9,525.6,605.3,321.1,14.8,36.1,483.0,0.9,87.4,1335.7,3755.2,2430.4,1162.2,1021.5,122.6,42.5,1015.4,1472.4,383.5,334.7,4769.3,4322.2,2214.5,1125.0,4246.4,4762.8,2659.0,1558.6,1634.4,2970.2,900.4,3115.7,953.4,3177.3,1492.7,4000.8,6729.3,3854.9,1604.9,177.9
2026-09-14 03:45:00,680.9,345.9,998.6,570.2,613.3,319.3,14.7,36.7,486.8,0.9,84.6,1335.7,3749.0,2410.4,1129.4,1052.5,102.4,42.1,1012.1,1457.6,380.1,331.5,4725.7,4279.1,2213.6,1125.0,4251.6,4774.3,2659.3,1581.2,1634.9,2967.9,900.5,3100.0,955.4,3161.9,1492.9,4006.8,6725.2,3861.0,1610.6,177.8
2026-09-14 04:00:00,728.7,320.3,1001.3,623.7,627.2,336.8,14.7,46.0,546.2,3.3,78.1,1310.5,3167.1,2374.5,1187.4,1025.9,84.7,48.9,878.4,1421.0,380.5,326.1,4867.5,4209.3,2210.9,1131.7,4075.8,4590.6,2687.6,1532.2,1638.3,2870.0,898.5,3241.7,957.5,3500.0,1420.1,4053.9,6714.6,3807.9,1647.9,181.8
2026-09-14 04:15:00,681.9,418.9,1023.8,617.7,641.4,335.2,13.9,45.3,522.1,3.3,76.0,1311.6,3157.5,2397.8,1161.0,1025.2,104.8,48.6,878.8,1405.6,375.1,323.7,4873.9,4148.6,2220.3,1130.7,4082.6,4619.7,2691.2,1561.6,1639.7,2875.6,897.7,3233.8,960.4,3488.2,1428.2,4155.7,6710.7,3815.5,1664.8,181.8
2026-09-14 04:30:00,727.6,322.4,1036.7,623.0,651.0,358.7,12.0,44.9,509.6,3.3,80.6,1311.2,3094.3,2364.7,1104.0,1025.0,104.8,47.5,879.0,1385.0,372.4,321.5,4886.8,4085.2,2224.4,1133.5,4094.0,4696.8,2697.3,1562.7,1640.8,2960.5,897.2,3354.3,964.7,3478.5,1436.5,4141.0,6729.6,3814.6,1671.4,180.9
2026-09-14 04:45:00,739.0,323.2,1070.8,624.2,671.7,357.3,12.0,44.6,516.1,3.3,77.9,1310.3,3072.8,2335.4,1102.5,1048.4,104.5,47.3,875.4,1362.0,372.7,318.8,4897.2,4036.3,2235.2,1130.7,4103.3,5011.4,2699.0,1633.2,1641.8,2996.2,897.5,3343.5,964.9,3468.4,1450.9,4213.7,6764.0,3813.8,1683.9,180.5
2026-09-14 05:00:00,775.8,328.8,1104.6,702.3,668.8,337.1,19.0,30.1,337.5,22.4,75.9,1286.5,3226.3,2357.5,1142.6,1072.2,98.1,52.2,898.9,1345.8,373.1,318.5,5195.5,4067.6,2282.8,1126.3,4188.9,4810.3,2792.0,1615.5,1654.1,2884.9,909.7,3358.5,977.6,3883.4,1465.7,4341.3,6889.3,3927.5,1697.9,175.2
2026-09-14 05:15:00,783.2,370.2,1151.6,701.5,677.5,359.6,19.0,30.1,346.3,24.3,72.3,1284.7,3237.3,2329.8,1132.4,1095.4,97.9,50.9,910.3,1315.7,377.6,324.7,5215.5,4042.7,2323.7,1136.1,4206.8,5259.0,2801.0,1637.3,1658.9,2932.2,917.5,3497.8,982.3,3870.1,1484.0,4440.1,6966.1,3926.2,1724.7,178.5
2026-09-14 05:30:00,799.0,353.0,1168.7,723.7,692.0,402.0,19.0,29.4,357.2,28.0,78.3,1290.2,3251.4,2308.0,1090.1,1109.4,96.8,48.7,921.8,1292.4,378.4,320.9,5287.3,4004.2,2359.9,1126.4,4224.7,6008.7,2805.9,1781.5,1659.6,3001.4,925.6,3527.2,990.0,3851.6,1510.0,4523.3,7073.1,3943.6,1757.0,172.6
2026-09-14 05:45:00,810.8,364.8,1171.8,732.0,704.0,408.8,19.0,28.9,371.5,31.4,83.2,1287.2,3260.5,2284.9,1087.6,1191.3,98.4,40.0,928.6,1291.9,382.8,334.9,5359.9,4015.1,2407.5,1126.4,4247.0,6384.4,2821.6,1899.0,1663.4,3070.0,935.7,3613.5,993.8,3827.1,1539.0,4577.2,7188.3,3972.6,1793.4,169.4
2026-09-14 06:00:00,852.2,408.2,1252.9,707.9,742.5,550.5,12.1,31.5,384.4,26.8,82.9,1255.9,3525.0,2441.2,1188.9,1184.0,245.2,38.5,1051.1,1561.2,421.4,334.6,5597.1,4110.8,2576.5,1254.6,4167.2,6569.3,2881.4,1781.2,1733.7,3011.3,973.9,3349.5,1019.1,3974.3,1551.5,4827.4,7532.4,4057.8,1915.2,211.5
2026-09-14 06:15:00,861.3,417.3,1310.1,870.8,779.4,513.9,12.0,31.5,401.1,33.3,93.8,1254.2,3533.5,2454.6,1207.2,1309.0,225.4,43.0,1054.8,1574.1,427.8,337.5,5593.5,4104.7,2659.0,1264.7,4203.0,6589.6,2906.2,1704.5,1734.5,3026.2,986.4,3648.7,1029.1,3950.5,1574.2,4970.7,7726.8,4112.2,1951.9,212.0
2026-09-14 06:30:00,863.1,427.4,1309.0,868.3,785.1,547.0,12.0,31.5,402.7,31.4,109.8,1252.6,3543.2,3057.7,1184.9,1287.9,226.4,34.8,1071.8,1528.2,432.0,338.5,5620.3,4138.2,2728.4,1262.8,4257.3,6673.2,2923.8,1844.1,1741.7,3088.7,998.9,3670.3,1034.9,3934.5,1597.8,4956.6,7905.5,4250.1,1994.4,203.4
2026-09-14 06:45:00,859.0,467.8,1299.6,893.5,797.5,569.5,12.0,43.4,433.2,36.0,120.4,1254.2,3546.6,3421.6,1211.0,1300.4,208.8,35.8,1079.1,1520.3,437.9,309.4,5640.2,4125.8,2815.4,1263.9,4294.6,6767.4,2950.2,1899.1,1746.5,3114.8,1008.0,3771.7,1046.5,3927.4,1609.4,4972.8,8065.9,4344.3,2060.4,200.3
2026-09-14 07:00:00,890.4,458.6,1319.7,880.8,814.1,756.0,11.0,104.0,488.3,11.2,273.7,1311.4,3741.5,3404.2,1327.0,1341.8,204.0,41.6,1186.6,1457.7,514.6,265.4,5730.7,4147.5,3013.5,1505.2,4595.4,6978.2,3023.3,1957.8,1795.4,3062.8,1067.4,3828.8,1070.8,4273.8,1622.8,5032.9,8342.7,4361.4,2129.6,263.2
2026-09-14 07:15:00,890.4,478.6,1317.3,893.9,828.2,781.0,11.0,120.5,488.1,11.2,271.2,1311.6,3465.1,3253.9,1336.0,1376.9,220.8,42.4,1175.2,1423.5,514.9,260.8,5727.4,4140.2,3072.6,1504.9,4628.5,7012.6,3048.3,2028.0,1799.8,3089.9,1075.0,3882.3,1071.9,4277.9,1624.2,4980.6,8415.7,4433.8,2152.0,261.9
2026-09-14 07:30:00,884.5,529.9,1296.2,894.6,841.5,801.4,11.0,115.3,499.9,11.3,270.7,1313.6,3475.2,3282.5,1379.9,1404.6,226.4,36.2,1190.0,1406.6,517.1,254.6,5735.7,4127.1,3110.4,1507.0,4657.8,7044.1,3062.8,2124.6,1803.8,3131.9,1083.9,3889.8,1073.9,4248.9,1634.7,4930.9,8422.1,4469.0,2173.2,263.8
2026-09-14 07:45:00,876.6,555.7,1269.0,898.9,853.0,828.3,11.0,114.2,510.9,11.4,263.9,1317.5,3476.0,3372.9,1399.9,1419.5,217.9,63.9,1185.1,1390.9,509.6,237.9,5735.6,4109.3,3145.8,1509.7,4670.8,7058.8,3080.4,2215.9,1812.3,3177.2,1089.9,3902.8,1074.1,4206.7,1654.2,4877.7,8456.0,4514.1,2200.6,263.0
2026-09-14 08:00:00,867.5,552.9,1228.8,841.7,861.6,813.9,11.0,218.4,539.3,17.8,275.5,1305.1,3143.1,2923.0,1680.8,1538.6,316.6,31.2,1229.7,1317.1,501.8,242.4,5738.5,4146.6,3185.8,1603.4,4779.3,7045.6,3097.1,2218.9,1768.6,3170.4,1088.4,4090.6,1067.0,4105.4,1688.2,4836.4,8556.8,4301.4,2192.0,286.6
2026-09-14 08:15:00,857.0,561.4,1194.5,837.8,867.9,844.1,11.0,217.1,546.8,17.9,288.4,1318.3,3163.3,2923.8,1670.0,1454.6,332.2,31.2,1249.1,1289.9,523.4,211.7,5744.9,4137.2,3195.4,1579.7,4783.8,6985.4,3103.2,2260.8,1772.4,3201.1,1092.7,4048.2,1059.8,4046.2,1694.0,4833.9,8549.0,4414.5,2193.0,290.5
2026-09-14 08:30:00,851.4,586.5,1149.4,802.6,871.5,873.6,11.0,216.1,547.2,15.8,281.3,1336.1,3155.7,2993.2,1636.4,1436.3,296.6,31.2,1262.4,1291.6,530.0,209.9,5743.8,4103.3,3189.0,1588.0,4783.1,6980.3,3101.4,2318.4,1769.9,3234.9,1101.5,4047.7,1063.5,3986.6,1689.1,4753.1,8536.6,4440.1,2195.4,269.0
2026-09-14 08:45:00,831.9,631.2,1110.0,588.2,872.0,882.8,11.0,198.8,550.8,15.4,308.0,1355.8,3303.9,3030.6,1627.4,1452.9,297.3,49.9,1218.9,1297.9,510.6,207.5,5731.2,4044.0,3186.0,1608.5,4794.5,6977.1,3082.6,2324.2,1763.4,3231.7,1102.6,4101.5,1070.7,3924.1,1669.5,4689.2,8500.6,4482.7,2190.6,248.5
2026-09-14 09:00:00,818.9,634.8,1042.3,675.6,857.0,527.7,13.0,35.0,510.3,104.4,343.2,1342.5,3682.4,3322.7,1582.1,1498.2,283.8,31.1,1206.1,1246.5,474.1,206.7,5629.4,3949.9,3175.6,1691.7,4965.1,7139.8,3080.8,2344.0,1783.7,3234.3,1099.8,3712.2,1084.5,3810.6,1653.0,4677.5,8343.1,4405.6,2161.8,250.4
2026-09-14 09:15:00,810.4,659.2,1018.0,653.7,857.0,525.3,13.0,34.4,503.2,58.1,330.5,1364.3,3659.3,3407.4,1538.1,1525.2,286.0,49.9,1195.6,1238.9,465.4,211.6,5618.5,3959.0,3168.1,1679.5,4957.2,7133.4,3078.9,2341.3,1780.6,3233.6,1106.3,3684.5,1082.6,3767.2,1646.3,4647.1,8306.4,4457.2,2153.9,242.6
2026-09-14 09:30:00,799.4,681.0,992.5,646.5,856.0,541.7,13.2,34.7,488.3,56.3,309.7,1389.7,3971.7,3373.7,1538.5,1501.7,342.3,31.2,1192.6,1226.7,463.3,212.2,5598.0,3980.0,3158.0,1673.7,4955.5,7061.0,3075.4,2341.2,1773.3,3233.0,1106.5,3669.4,1082.9,3733.7,1641.0,4617.1,8288.1,4480.5,2157.8,237.1
2026-09-14 09:45:00,782.6,694.3,955.7,652.9,848.1,558.3,13.3,35.1,482.0,29.2,305.5,1395.1,4141.0,3108.9,1465.3,1509.9,362.9,31.2,1191.0,1230.0,466.2,227.0,5576.2,3985.6,3154.3,1590.2,4945.6,6450.8,3076.7,2340.4,1772.3,3232.3,1102.9,3648.5,1081.6,3713.2,1639.8,4589.8,8250.6,4520.5,2147.8,240.2
2026-09-14 10:00:00,771.9,706.3,912.9,656.4,833.3,530.9,14.3,5.0,407.3,23.6,342.4,1373.0,4272.8,2930.5,1411.5,1636.4,314.0,49.9,1391.5,1159.3,494.0,222.5,5555.4,3934.8,3140.9,1581.3,4919.5,6801.7,3075.8,2340.0,1748.6,3254.8,867.7,3770.9,1073.4,3655.8,1636.8,4549.3,8238.2,4449.8,2129.6,220.5
2026-09-14 10:15:00,762.5,720.2,873.8,662.4,827.1,541.6,14.4,5.3,396.0,19.5,334.9,1392.1,4161.8,2955.0,1373.4,1637.3,301.3,49.9,1370.5,1121.2,479.9,208.2,5532.3,3956.7,3135.9,1580.1,4918.9,6189.4,3073.1,2339.0,1757.1,3251.8,1021.7,3764.5,1070.9,3646.7,1633.8,4545.0,8160.4,4468.5,2122.0,222.8
2026-09-14 10:30:00,751.8,734.7,836.0,667.5,825.5,566.7,14.4,5.4,381.8,18.3,333.5,1421.3,4226.0,2979.7,1359.5,1655.9,322.0,49.9,1372.0,1127.2,479.2,216.2,5513.9,3972.4,3127.6,1578.5,4914.1,5463.7,3068.2,2338.9,1759.6,3233.9,1100.6,3752.5,1075.9,3639.5,1628.8,4539.5,8146.4,4467.8,2121.4,227.2
2026-09-14 10:45:00,747.7,744.1,808.4,667.9,825.3,579.2,14.5,5.6,370.7,21.8,331.2,1437.0,4431.7,3014.7,1317.8,1686.4,347.7,31.2,1353.4,1137.4,473.9,225.9,5497.9,3986.9,3122.6,1563.6,4900.7,4728.9,3069.6,2343.1,1758.2,3230.5,1103.6,3707.1,1085.3,3632.1,1619.7,4535.3,8122.3,4463.6,2118.3,230.3
2026-09-14 11:00:00,737.6,743.6,780.7,657.6,810.3,608.4,14.6,4.9,353.7,27.8,338.9,1476.0,4261.6,3312.7,1223.0,1788.2,210.4,83.1,1309.0,1169.7,492.0,238.3,5512.7,4037.2,3128.1,1509.3,5058.5,5355.9,3058.8,2348.2,1740.3,3257.1,1092.8,3778.9,1091.5,3603.1,1605.5,4529.3,8080.3,4420.1,2103.8,219.8
2026-09-14 11:15:00,734.3,774.2,773.0,667.2,803.9,596.2,14.6,5.1,339.5,37.3,340.1,1485.9,4282.8,3267.3,1174.3,1800.4,199.2,107.6,1320.4,1171.0,483.4,233.4,5485.9,4051.9,3122.0,1497.1,5053.6,4629.8,3053.8,2350.6,1744.8,3256.9,1091.8,3720.4,1102.6,3597.9,1595.5,4532.4,8071.9,4427.9,2094.5,219.4
2026-09-14 11:30:00,725.7,759.7,976.0,587.2,802.3,602.5,15.0,5.5,324.3,46.1,342.9,1526.0,4335.1,3317.2,1127.3,1840.0,198.5,107.6,1314.4,1201.5,482.2,251.4,5473.1,4053.5,3113.5,1444.2,5041.9,4683.9,3047.4,2352.6,1746.5,3237.7,1091.5,3682.3,1107.8,3593.5,1597.3,4537.2,8063.3,4396.1,2084.3,221.7
2026-09-14 11:45:00,725.7,744.3,976.8,589.8,805.0,612.2,20.9,5.5,304.8,56.6,348.3,1524.2,4327.8,3328.6,1080.3,1859.3,200.0,107.6,1316.5,1205.1,483.0,267.5,5439.7,4066.1,3110.4,1426.2,5036.7,4331.8,3050.7,2356.3,1750.4,3246.8,1088.0,3678.2,1111.6,3588.6,1596.3,4542.5,8072.5,4399.5,2078.1,224.0
2026-09-14 12:00:00,724.3,761.8,994.2,589.3,820.3,626.3,5.2,4.5,419.7,53.9,191.9,1591.5,4468.2,3462.8,1045.7,1907.0,139.3,104.2,1479.7,1240.1,491.7,280.2,5268.6,4138.9,3104.9,1337.0,4957.7,4335.5,3044.7,2355.2,1739.2,3231.1,1096.3,3743.3,1111.5,3584.3,1598.9,4655.6,8092.6,4283.1,2070.0,199.6
2026-09-14 12:15:00,721.9,759.9,998.6,600.9,819.4,629.7,7.8,4.4,418.2,56.4,195.1,1604.2,4524.7,3479.3,1013.4,1903.9,201.2,104.2,1471.8,1182.2,481.2,258.8,5242.7,4140.5,3095.0,1291.0,4944.8,4249.3,3041.7,2359.2,1742.3,3219.0,1092.2,3688.6,1113.1,3581.2,1602.7,4664.7,8084.9,4285.4,2071.4,199.6
2026-09-14 12:30:00,804.3,765.6,1017.4,593.6,818.8,633.5,10.1,4.4,412.8,57.3,192.0,1609.5,4588.6,3512.8,992.4,1903.7,205.9,104.2,1478.5,1176.6,480.1,267.2,5206.9,4146.0,3095.6,1318.3,4942.6,4161.4,3038.9,2361.2,1740.9,3228.3,1092.5,3688.8,1111.0,3578.1,1598.1,4674.2,8084.3,4286.0,2069.6,202.0
2026-09-14 12:45:00,806.5,766.1,1035.3,594.9,814.4,633.1,13.5,4.4,407.5,60.9,188.1,1621.7,4656.1,3476.0,988.8,1894.7,206.8,104.2,1483.6,1157.6,478.3,262.0,5187.0,4148.1,3090.1,1246.6,4937.6,4000.5,3037.5,2364.9,1748.2,3211.1,1089.5,3686.7,1110.6,3575.1,1592.7,4683.0,8094.1,4284.4,2073.1,203.5
2026-09-14 13:00:00,793.1,761.0,1073.8,619.3,819.4,649.9,9.3,38.5,437.9,65.7,315.8,1638.8,5115.4,3475.8,978.9,1897.8,316.4,34.3,1585.0,1107.1,494.7,240.2,5221.1,4188.4,3072.0,1288.7,4822.7,4166.4,3032.4,2387.9,1739.3,3216.4,1076.0,3657.5,1103.1,3572.7,1593.7,4701.4,8171.3,4385.7,2075.2,234.7
2026-09-14 13:15:00,791.8,775.2,1076.3,618.8,818.8,652.3,11.5,38.7,433.0,67.6,310.9,1624.2,5137.4,3494.4,962.8,1865.8,318.1,34.3,1591.2,1090.0,505.5,231.8,5212.7,4185.5,3071.7,1233.3,4828.7,3872.1,3033.4,2390.2,1737.9,3205.9,1074.3,3655.4,1102.0,3570.5,1585.3,4712.6,8170.1,4407.0,2058.6,236.4
2026-09-14 13:30:00,787.3,795.5,1082.1,621.3,815.0,652.8,12.5,39.0,458.9,73.0,313.4,1619.8,5204.1,3504.2,1048.3,1903.8,318.0,34.3,1591.0,1079.2,506.3,228.1,5206.7,4181.5,3069.6,1233.9,4830.0,3508.6,3030.4,2392.1,1738.5,3198.2,1073.4,3601.5,1100.7,3567.9,1582.6,4723.5,8176.6,4416.5,2059.5,237.8
2026-09-14 13:45:00,785.4,791.9,1090.6,615.3,807.5,658.8,12.7,39.2,458.6,75.0,311.4,1637.8,5258.1,3495.1,1051.1,1906.6,313.1,31.5,1605.8,1054.5,481.4,236.3,5204.4,4177.5,3067.3,1231.5,4821.4,3308.3,3029.8,2394.6,1741.3,3188.5,1069.4,3548.6,1098.4,3565.7,1584.3,4734.3,8181.8,4378.0,2053.7,237.4
2026-09-14 14:00:00,782.9,760.4,1091.9,573.8,788.5,678.6,13.1,15.5,433.1,81.9,243.1,1674.3,5112.6,3599.2,1091.7,1956.0,242.5,10.6,1540.2,1053.3,463.7,255.9,5134.2,4207.7,3070.7,1219.7,4660.9,3473.4,3057.5,2399.6,1749.1,3186.3,1069.7,3553.8,1095.2,3566.8,1601.1,4758.9,8216.3,4371.5,2081.0,235.5
2026-09-14 14:15:00,793.5,773.8,1121.5,658.7,796.8,631.6,13.7,15.9,433.2,84.2,242.8,1673.3,5118.2,3626.4,1093.9,1959.9,237.2,34.8,1537.4,1037.4,464.0,256.5,5126.0,4197.1,3069.2,1219.2,4664.4,3516.3,3033.1,2401.9,1750.2,3198.8,1071.5,3545.6,1093.8,3564.4,1601.3,4771.1,8220.3,4366.9,2078.4,233.6
2026-09-14 14:30:00,791.1,764.9,1127.5,659.6,804.8,643.7,11.7,16.1,433.1,79.5,246.2,1657.9,5156.5,3603.2,1104.6,1904.3,236.2,34.8,1549.7,1022.1,463.0,253.9,5130.5,4181.7,3060.2,1219.2,4664.1,3416.5,3031.8,2402.1,1748.6,3195.9,1067.2,3514.2,1094.0,3562.2,1603.5,4781.7,8217.7,4407.8,2076.9,231.6
2026-09-14 14:45:00,767.6,751.2,1126.0,676.5,810.8,632.3,12.2,15.9,412.7,84.3,240.7,1667.8,5144.9,3579.6,1031.2,1923.7,235.0,10.6,1540.1,1015.3,458.8,254.6,5141.0,4164.7,3066.6,1220.5,4664.2,3737.1,3032.4,2402.1,1736.3,3192.6,1069.0,3519.7,1092.5,3559.6,1606.0,4795.1,8226.4,4398.2,2078.3,229.0
2026-09-14 15:00:00,693.1,719.1,1122.4,633.4,839.8,658.8,14.8,23.5,224.1,58.9,260.2,1607.6,5025.6,3523.2,1076.5,1864.7,239.0,20.1,1305.6,1002.0,484.0,329.3,5199.2,4196.1,3067.2,1264.3,4298.0,3296.5,3039.0,2407.1,1737.2,3242.2,1092.1,3681.1,1091.6,3564.8,1605.7,4807.4,8108.5,4213.5,2049.9,196.1
2026-09-14 15:15:00,703.0,716.1,1131.4,639.2,839.4,661.6,12.0,23.1,228.6,57.9,253.7,1601.8,4353.5,3538.1,1149.2,1843.4,241.9,20.2,1280.8,989.3,472.4,321.4,5224.1,4173.4,3075.2,1264.7,4298.5,3377.3,3040.1,2408.6,1742.1,3255.5,1092.6,3702.9,1091.5,3562.7,1604.8,4816.3,8117.9,4256.4,2057.0,192.7
2026-09-14 15:30:00,711.3,695.9,959.2,631.2,839.8,602.7,3.1,22.8,230.9,58.0,251.0,1594.0,4099.3,3504.3,1071.5,1863.0,246.7,20.3,1277.3,974.1,469.9,317.9,5250.3,4154.4,3094.5,1352.0,4313.9,3742.0,3041.4,2408.4,1731.4,3262.5,1097.4,3789.0,1093.0,3560.8,1608.0,4825.1,8119.9,4264.3,2065.1,189.3
2026-09-14 15:45:00,726.9,674.0,995.9,647.6,841.6,570.6,3.0,22.6,242.9,63.8,246.0,1594.4,4029.5,3527.9,1092.1,1846.5,252.0,20.1,1269.5,978.7,462.8,312.0,5249.2,4137.8,3104.5,1364.3,4320.7,4164.0,3044.9,2409.6,1729.9,3262.1,1102.1,3915.0,1094.4,3558.7,1612.0,4833.3,8130.1,4296.0,2065.3,185.1
2026-09-14 16:00:00,737.8,630.1,999.9,638.5,835.1,579.1,20.4,28.8,269.7,37.5,239.2,1532.4,4589.1,3301.9,1254.5,1721.5,124.6,90.4,1214.5,992.2,476.2,370.4,5356.7,4096.4,3136.4,1326.5,4306.1,3475.1,3060.3,2450.0,1744.3,3280.8,1113.8,3694.3,1102.4,3649.0,1617.1,4937.8,8162.5,4431.7,2045.9,178.9
2026-09-14 16:15:00,760.5,593.7,1046.9,637.3,835.6,548.9,12.7,28.2,252.5,34.2,236.6,1543.3,4216.8,3248.9,1223.3,1700.3,131.9,75.4,1220.5,987.8,479.5,359.9,5366.6,4071.5,3151.8,1464.0,4316.5,3940.2,3058.2,2452.0,1733.2,3277.7,1117.7,3981.5,1105.2,3646.8,1621.4,4945.1,8169.0,4437.9,2059.1,173.6
2026-09-14 16:30:00,780.3,582.3,1089.2,634.7,836.9,565.4,12.5,28.5,221.4,50.3,235.7,1522.6,4017.0,3127.6,1297.6,1669.4,106.8,87.4,1226.3,973.8,482.4,356.3,5393.7,4045.3,3160.0,1496.8,4323.9,4664.6,3056.2,2452.2,1734.2,3277.8,1100.6,4143.1,1107.4,3644.3,1630.7,4951.3,8234.5,4481.0,2081.0,168.7
2026-09-14 16:45:00,798.0,567.3,1149.4,574.3,844.7,490.8,12.5,29.7,224.2,43.1,241.4,1472.7,3930.4,3068.1,1398.8,1664.7,105.8,68.5,1224.6,959.1,489.8,360.6,5371.4,4024.5,3171.5,1498.5,4318.4,5499.0,3053.6,2449.1,1699.3,3280.4,1100.1,4197.6,1105.6,3641.9,1640.2,4957.1,8297.0,4476.9,2094.0,162.6
2026-09-14 17:00:00,819.5,523.2,1197.4,571.9,819.1,607.0,2.4,23.2,253.0,47.6,156.4,1430.2,4263.6,3063.6,1502.9,1554.4,206.3,84.4,1288.0,1308.5,513.8,405.8,5434.9,4077.7,3163.0,1610.5,4469.6,5244.0,3054.5,2448.2,1734.3,3238.1,1108.5,4038.9,1128.5,3682.3,1662.8,4958.1,8418.8,4568.6,2155.4,202.8
2026-09-14 17:15:00,829.6,549.8,1240.9,566.9,828.3,597.1,2.3,23.8,269.1,53.5,156.1,1408.8,4174.9,3501.0,1575.4,1527.9,160.2,76.0,1283.7,1307.0,527.6,416.7,5449.0,4104.5,3151.6,1628.5,4456.1,6003.9,3050.3,2446.6,1690.1,3238.8,1091.8,4104.1,1125.1,3680.6,1667.8,4971.9,8463.8,4566.5,2174.5,198.8
2026-09-14 17:30:00,840.6,506.9,1283.9,757.9,832.8,557.2,2.0,23.3,281.6,48.8,200.6,1380.1,4035.9,3357.7,1605.8,1497.7,155.5,61.4,1281.2,1296.4,537.1,409.9,5442.2,4128.4,3143.4,1632.0,4452.1,6442.9,3043.8,2446.7,1688.4,3233.1,1091.1,4101.5,1120.1,3678.8,1670.0,4986.9,8500.1,4565.3,2187.6,196.5
2026-09-14 17:45:00,852.6,578.1,1308.5,760.6,837.6,554.9,2.1,29.6,293.3,51.6,172.4,1397.2,3870.3,3307.1,1682.1,1475.4,132.2,75.4,1281.8,1304.3,542.5,423.0,5449.6,4112.2,3142.4,1631.6,4456.6,6661.0,3025.6,2447.6,1687.7,3227.1,1096.2,4103.9,1119.7,3677.2,1665.5,5003.3,8530.9,4595.3,2190.5,196.1
2026-09-14 18:00:00,864.7,457.2,1346.6,855.6,842.1,809.7,12.0,38.8,347.0,37.3,283.9,1345.2,3851.0,3051.9,1807.3,1478.1,284.2,51.9,1321.9,1268.4,563.9,620.1,5568.5,4129.5,3134.6,1581.3,4835.1,7004.8,2945.3,2366.3,1696.5,3234.9,1098.4,3883.4,1114.5,3691.3,1661.4,4993.5,8521.0,4596.4,2201.8,217.3
2026-09-14 18:15:00,878.7,554.7,1360.9,859.2,844.2,835.9,12.0,39.2,353.5,34.0,283.4,1320.1,3507.5,2625.1,1853.0,1444.9,242.0,48.1,1279.9,1280.8,546.2,625.8,5590.6,4135.8,3132.5,1583.2,4832.6,7049.4,2945.6,2367.4,1691.7,3228.3,1096.9,3883.3,1110.1,3691.7,1659.5,5012.1,8498.2,4641.7,2191.9,219.7
2026-09-14 18:30:00,884.5,487.9,1364.2,893.7,840.8,815.5,12.0,43.0,361.8,48.7,308.3,1294.5,3399.3,2693.5,1866.6,1418.9,167.9,48.1,1268.9,1309.3,551.7,692.6,5624.9,4142.5,3134.8,1585.1,4837.1,7014.4,3016.3,2369.5,1690.9,3221.7,1101.9,3893.0,1104.6,3692.2,1657.0,5045.7,8502.5,4645.9,2167.2,219.3
2026-09-14 18:45:00,891.2,497.9,1359.6,928.8,845.1,835.2,12.0,45.9,336.6,120.1,283.5,1306.7,3481.4,2690.0,1867.3,1506.9,162.2,48.1,1262.9,1401.8,548.4,774.8,5637.3,4151.8,3135.8,1585.8,4827.2,7055.0,3036.8,2372.3,1731.9,3214.5,1104.3,3892.9,1100.2,3691.4,1667.1,5083.3,8515.6,4702.1,2162.2,239.3
2026-09-14 19:00:00,922.0,564.5,1421.1,907.9,863.7,896.4,9.0,36.6,366.4,116.2,442.3,1257.3,3489.3,2508.8,2033.8,1483.4,172.7,35.4,1228.0,1371.5,541.6,775.1,5705.6,4230.6,3142.2,1659.9,4533.9,6968.7,3036.5,2388.3,1708.3,3235.2,1116.2,4079.5,1101.6,3777.3,1667.5,5100.9,8536.6,4764.6,2156.0,317.8
2026-09-14 19:15:00,920.3,545.4,1427.5,935.5,870.2,899.1,9.0,36.1,372.8,123.5,447.6,1241.5,3453.4,2474.5,1990.0,1467.3,170.0,35.2,1226.2,1383.3,546.2,774.7,5748.8,4232.4,3148.9,1661.0,4533.9,6993.4,3039.1,2392.2,1730.0,3230.1,1116.8,4068.2,1094.3,3776.8,1670.8,5155.2,8538.1,4784.4,2163.8,335.7
2026-09-14 19:30:00,918.7,539.0,1429.3,946.7,874.6,898.9,9.0,36.2,381.8,148.9,413.9,1272.6,3438.7,2475.6,1981.0,1493.4,168.0,35.3,1223.0,1399.3,546.4,770.8,5746.9,4229.1,3155.3,1662.0,4535.9,6993.8,3036.7,2391.6,1759.9,3216.6,1116.4,4067.0,1095.5,3776.4,1678.3,5206.6,8544.6,4762.2,2166.5,340.0
2026-09-14 19:45:00,918.2,529.2,1422.7,960.5,867.7,880.9,9.1,36.2,380.1,148.8,412.5,1256.8,3435.8,2501.5,1977.1,1522.1,168.1,35.2,1218.6,1434.0,539.0,789.3,5726.2,4194.6,3165.5,1666.1,4523.9,6983.6,3043.0,2390.8,1756.2,3210.6,1116.9,4061.2,1088.9,3775.9,1688.3,5263.1,8526.3,4703.0,2160.5,340.6
2026-09-14 20:00:00,900.4,580.1,1371.0,957.4,849.9,745.8,12.1,126.4,387.8,160.4,374.1,1309.7,3551.9,2571.0,1746.4,1580.2,170.6,35.0,1193.2,1256.1,529.5,766.1,5552.0,4125.1,3193.3,1482.2,4503.2,7039.3,3040.7,2372.4,1766.3,3232.1,1130.8,3868.2,1078.6,3703.1,1664.4,5290.4,8405.6,4772.8,2150.9,313.3
2026-09-14 20:15:00,901.6,580.2,1357.9,951.3,845.6,735.6,12.0,126.5,400.7,38.9,392.9,1287.5,3547.2,2658.2,1730.6,1572.2,172.5,35.0,1194.6,1276.3,531.1,750.1,5561.0,4106.4,3200.6,1484.4,4493.5,7028.2,3042.8,2372.9,1765.9,3224.8,1128.9,3866.3,1079.3,3703.0,1671.1,5324.8,8400.1,4802.2,2142.8,318.3
2026-09-14 20:30:00,894.2,555.6,1330.1,926.1,831.3,735.9,12.0,130.2,398.1,28.2,376.7,1288.0,3616.7,2746.2,1733.9,1514.7,173.9,35.0,1203.0,1244.5,531.9,696.8,5527.0,4059.6,3187.7,1487.3,4489.0,7021.4,3066.2,2352.5,1770.5,3222.0,1131.7,3861.8,1082.3,3702.7,1672.6,5363.8,8385.5,4781.9,2148.8,304.1
2026-09-14 20:45:00,893.5,526.7,1300.2,909.3,816.2,735.9,12.0,145.4,435.0,28.2,363.6,1290.9,3685.5,2794.3,1743.9,1509.9,195.4,39.6,1202.4,1265.0,532.5,686.2,5524.3,4036.1,3184.1,1496.9,4482.1,7010.8,3065.4,2279.6,1767.6,3219.3,1125.1,3869.4,1087.3,3702.0,1670.2,5408.8,8365.4,4736.4,2138.0,297.2
2026-09-14 21:00:00,859.1,491.6,1244.0,832.7,791.7,677.2,2.0,89.6,389.6,32.0,263.6,1335.3,3538.9,2727.1,1676.6,1488.1,161.1,62.9,1157.2,1313.7,520.1,611.5,5525.1,4065.4,3134.4,1382.6,4767.9,7424.7,3053.0,2289.6,1756.0,3219.1,1142.0,3669.4,1083.6,3693.5,1528.1,5504.0,8122.6,4688.3,2080.8,227.2
2026-09-14 21:15:00,840.9,456.9,1216.1,815.5,774.8,675.6,2.0,102.6,406.6,23.3,255.1,1339.4,3627.7,2742.5,1681.2,1427.6,194.3,61.9,1148.7,1340.5,514.8,543.3,5532.4,4066.3,3114.3,1317.0,4744.4,7402.3,3051.8,2275.7,1755.5,3220.0,1135.4,3620.0,1084.6,3692.1,1516.3,5530.0,8035.9,4670.7,2060.5,226.8
2026-09-14 21:30:00,841.8,445.5,1186.8,797.6,761.9,643.3,2.0,84.8,401.2,23.3,242.2,1283.7,3992.3,3096.5,1675.6,1429.5,197.7,43.1,1170.5,1345.6,530.4,528.3,5515.5,4054.4,3084.2,1307.6,4731.7,7385.7,3044.1,2196.0,1754.6,3221.3,1127.9,3618.2,1088.2,3692.7,1508.5,5559.4,7966.1,4600.3,2043.1,226.3
2026-09-14 21:45:00,826.4,433.9,1158.1,791.8,745.8,638.8,2.0,79.4,405.7,23.3,233.9,1285.5,3986.7,3073.1,1673.8,1422.0,236.8,43.1,1134.2,1374.4,511.5,536.2,5500.5,4036.4,3065.1,1328.1,4710.5,7359.1,3039.0,2067.5,1763.7,3215.2,1124.2,3615.7,1091.4,3693.0,1494.7,5582.7,7862.6,4561.0,2009.1,225.8
2026-09-14 22:00:00,787.5,447.1,1113.8,791.3,720.0,480.7,1.1,150.3,375.8,73.0,200.7,1261.8,3633.6,3106.1,1546.7,1496.2,156.8,42.4,1083.4,1565.9,484.6,575.3,5351.1,3941.9,2989.3,1219.9,4173.2,6715.4,2992.8,2295.3,1734.4,3215.9,1086.1,3234.7,1083.8,3696.7,1466.8,5459.9,7708.8,4443.1,1961.6,165.7
2026-09-14 22:15:00,781.2,443.6,1085.9,792.6,702.7,478.7,1.0,148.5,372.5,66.5,193.1,1253.7,3750.2,3083.9,1518.5,1476.1,168.6,42.4,1074.1,1597.3,482.0,581.6,5339.4,3922.0,2954.3,1220.0,4140.8,6678.7,2984.8,2248.9,1743.6,3217.0,1079.1,3209.4,1080.4,3697.6,1457.6,5472.6,7639.6,4406.2,1927.4,164.5
2026-09-14 22:30:00,772.6,432.6,1077.1,788.2,685.9,470.4,1.6,149.8,367.7,69.1,196.8,1252.5,3699.1,3207.6,1533.2,1520.2,149.5,42.4,1066.7,1633.1,475.1,585.9,5319.0,3880.7,2909.6,1227.3,4113.5,6640.7,2976.0,2079.0,1735.3,3188.6,1072.6,3274.9,1082.6,3697.4,1445.4,5480.1,7536.4,4372.4,1901.8,164.1
2026-09-14 22:45:00,761.1,417.1,1056.8,786.5,673.8,448.1,3.7,149.7,363.1,67.7,200.3,1252.6,3746.4,2713.5,1497.7,1505.4,149.4,42.4,1058.6,1660.6,471.3,585.4,5305.3,3858.6,2871.9,1227.3,4079.1,6605.1,2968.3,2043.4,1731.8,3159.9,1064.8,3156.2,1081.5,3699.4,1435.9,5533.8,7480.2,4356.1,1876.0,163.9
2026-09-14 23:00:00,743.8,433.4,1041.8,583.4,649.7,457.8,4.7,65.9,355.5,196.3,144.0,1246.0,3535.4,2782.1,1413.0,1467.7,125.1,41.6,1029.0,1582.0,456.7,578.9,5138.1,3719.7,2754.0,1227.5,4252.3,6109.0,2906.8,2038.1,1707.1,3204.6,1048.3,3168.0,1074.9,3681.0,1424.0,5449.4,7380.2,4189.3,1858.7,162.6
2026-09-14 23:15:00,735.6,428.7,1027.1,581.5,638.4,451.5,4.7,64.3,349.3,196.8,132.5,1246.4,3608.1,2753.5,1374.3,1435.1,125.6,41.6,1011.0,1603.2,451.4,580.2,5113.0,3697.8,2706.8,1225.9,4220.3,6035.9,2896.7,2036.2,1704.1,3195.2,1040.0,3113.2,1070.5,3681.5,1413.8,5443.5,7296.5,4068.4,1832.3,161.9
2026-09-14 23:30:00,734.4,427.4,1009.5,470.4,625.3,446.4,4.7,63.9,342.2,199.3,140.0,1257.6,3502.8,2883.2,1377.3,1442.2,125.5,41.6,1007.4,1642.3,449.4,581.5,5068.2,3685.4,2665.1,1226.9,4197.2,5968.3,2886.5,1941.5,1699.5,3166.1,1035.0,3123.2,1071.6,3684.4,1397.4,5436.4,7225.6,4050.9,1812.3,156.5
2026-09-14 23:45:00,725.7,426.2,992.9,355.1,618.0,441.5,4.7,65.3,334.9,199.3,127.3,1261.1,3504.8,2818.9,1336.0,1443.8,125.8,41.6,1005.5,1684.6,449.0,580.5,5032.8,3661.6,2616.9,1228.0,4167.0,5873.7,2875.0,1886.6,1698.2,3138.3,1030.6,3099.7,1063.3,3685.8,1377.1,5362.6,7106.6,4047.4,1784.7,156.1
2026-09-15 00:00:00,696.3,571.3,951.9,394.0,618.1,351.2,1.0,39.6,335.4,36.4,241.8,1228.6,3462.7,2634.0,1179.0,1299.1,116.2,59.8,1013.5,1409.8,454.5,560.9,4884.7,3843.3,2555.3,1318.7,4157.9,6016.6,2749.3,1771.6,1668.3,3225.5,1019.3,2999.0,1040.7,3562.1,1369.6,5065.9,7024.3,4053.2,1696.8,154.8
2026-09-15 00:15:00,715.7,554.0,970.5,407.1,618.5,338.0,1.0,39.2,327.8,37.7,227.4,1236.0,3629.0,2604.8,1240.8,1287.0,123.4,46.1,1013.2,1454.0,453.6,564.5,4835.9,3866.4,2526.1,1319.1,4143.5,5994.0,2741.5,1769.5,1664.4,3220.5,1006.1,2950.6,1033.1,3563.4,1359.7,5030.1,6966.4,4044.1,1673.8,150.4
2026-09-15 00:30:00,725.8,542.6,975.9,450.4,619.1,318.5,1.0,39.4,321.2,30.8,221.8,1222.5,3542.8,2629.0,1273.2,1271.0,124.3,46.1,1018.7,1486.7,455.0,551.3,4856.0,3897.8,2491.2,1319.7,4119.4,5538.1,2730.5,1778.4,1661.5,3208.1,1001.5,2912.4,1027.7,3563.6,1350.7,5029.6,6928.1,4076.6,1672.5,147.9
2026-09-15 00:45:00,722.1,523.1,976.0,507.5,616.5,317.2,1.0,38.6,318.2,29.2,220.1,1224.8,3730.0,2648.4,1262.2,1244.7,144.8,46.1,1026.3,1512.2,459.5,540.5,4838.7,3893.5,2450.6,1318.9,4099.2,5238.0,2720.2,1762.9,1661.0,3210.8,992.4,2891.6,1025.2,3564.4,1342.5,4998.8,6904.8,4040.1,1667.9,145.5
2026-09-15 01:00:00,715.1,536.9,1026.0,504.8,610.5,318.3,1.0,40.1,319.2,24.1,190.3,1268.1,3337.8,2545.2,1223.2,1271.3,119.8,46.4,1054.4,1528.3,451.9,555.4,4760.7,3851.0,2400.4,1331.8,4169.7,5383.2,2553.7,1584.2,1652.7,3212.2,972.3,3124.9,1018.3,3577.2,1331.8,4855.2,6794.5,3994.2,1653.7,143.1
2026-09-15 01:15:00,722.4,536.0,1032.7,503.1,606.8,317.2,1.0,39.6,317.1,19.0,186.5,1269.9,3361.1,2538.0,1218.4,1229.6,119.2,46.4,1062.9,1539.4,448.5,542.9,4780.1,3852.3,2377.7,1333.1,4155.9,5184.8,2552.3,1586.4,1651.1,3214.2,966.1,3093.0,1015.6,3579.4,1326.4,4846.8,6750.6,3988.8,1657.0,142.1
2026-09-15 01:30:00,721.4,524.9,1028.2,501.8,606.2,317.3,1.0,40.0,325.4,19.0,188.5,1270.3,3347.1,2562.0,1198.8,1239.9,113.0,60.8,1067.0,1553.2,450.4,543.9,4765.0,3858.1,2354.1,1333.4,4146.9,5073.7,2550.1,1594.8,1648.2,3216.4,958.4,3053.5,1014.1,3581.4,1324.6,4834.0,6730.8,3985.4,1652.6,141.6
2026-09-15 01:45:00,722.4,520.8,1027.6,501.1,604.8,317.5,1.0,38.8,320.1,19.0,184.6,1272.1,3658.1,2580.6,1201.6,1213.3,97.7,46.4,1064.5,1560.5,445.6,545.1,4746.5,3875.7,2327.7,1332.2,4134.0,4962.1,2546.1,1607.5,1654.7,3217.9,952.6,2989.0,1012.3,3583.7,1322.4,4803.7,6695.1,3984.0,1650.6,141.3
2026-09-15 02:00:00,725.2,520.7,1023.8,500.3,638.2,321.7,1.0,52.5,322.9,17.1,180.1,1273.4,3627.0,2662.0,1195.2,1209.7,84.7,62.6,1063.8,1558.5,450.5,535.5,4780.7,3881.0,2306.6,1334.3,3972.9,4816.9,2481.5,1641.5,1599.4,3142.8,943.6,2828.3,1009.0,3586.9,1322.5,4779.9,6787.5,4085.3,1639.0,144.1
2026-09-15 02:15:00,722.3,520.8,1023.4,500.4,635.3,321.5,1.0,52.2,304.2,17.1,168.6,1275.2,3780.5,2669.6,1198.0,1199.3,90.8,46.7,1062.0,1561.4,449.2,537.5,4803.7,3902.2,2290.6,1333.4,3964.3,4593.6,2478.2,1647.1,1597.8,3137.8,939.6,2803.1,1007.5,3590.6,1321.7,4773.4,6771.9,4081.8,1639.9,143.1
2026-09-15 02:30:00,720.9,519.4,1050.4,499.4,634.6,320.9,2.9,51.8,315.6,17.1,168.5,1280.1,3680.2,2689.3,1178.4,1211.5,88.8,46.7,1057.9,1558.4,442.0,539.5,4788.8,3925.4,2280.0,1333.6,3958.2,4732.8,2474.0,1643.2,1602.1,3140.3,938.9,2776.3,1006.1,3594.7,1320.9,4771.5,6758.9,4069.9,1636.6,141.4
2026-09-15 02:45:00,723.6,493.7,1076.5,499.0,640.9,320.4,3.7,51.6,319.0,20.0,161.7,1288.4,3733.8,2727.3,1164.6,1220.1,85.0,63.0,1054.4,1550.9,435.8,540.8,4780.5,3944.7,2269.7,1334.7,3952.9,4626.2,2472.5,1629.8,1608.8,3143.6,934.3,2778.2,1006.1,3599.0,1316.6,4764.9,6754.0,4067.8,1638.4,139.3
2026-09-15 03:00:00,718.3,533.7,1068.6,497.7,629.7,321.9,1.0,50.9,320.7,18.7,191.0,1289.2,3892.6,2765.4,1164.2,1215.1,65.6,63.8,979.8,1494.8,430.2,544.6,4771.6,3904.0,2248.5,1345.9,3791.0,4377.0,2440.9,1679.2,1611.2,3144.4,925.4,2763.7,1006.0,3589.8,1309.8,4727.7,6714.1,4054.1,1633.8,175.5
2026-09-15 03:15:00,721.4,533.5,1077.6,497.8,631.1,321.6,3.7,51.1,314.9,18.7,171.0,1289.6,4285.0,2771.4,1154.6,1210.9,63.6,63.5,975.4,1488.5,417.0,548.4,4775.5,3928.0,2238.7,1344.5,3787.0,4379.1,2442.4,1679.8,1613.8,3144.3,921.9,2746.9,1004.4,3595.4,1304.4,4718.2,6695.0,4053.1,1625.7,176.9
2026-09-15 03:30:00,724.2,533.2,1085.8,496.7,633.4,320.4,3.7,51.0,335.8,20.3,170.2,1291.3,4351.3,2797.5,1143.2,1218.2,63.6,63.3,964.3,1490.2,408.8,553.0,4778.7,3945.9,2231.4,1344.7,3785.9,4424.2,2439.2,1677.5,1610.7,3140.1,919.8,2730.9,1004.4,3600.8,1302.4,4705.4,6695.1,4051.2,1625.4,177.9
2026-09-15 03:45:00,726.2,521.2,1094.4,496.8,631.8,320.2,3.8,51.2,339.7,19.9,168.1,1291.8,4349.9,2831.1,1134.0,1214.7,67.7,47.3,962.3,1463.2,406.0,561.0,4784.6,3968.9,2229.1,1346.8,3787.0,4268.5,2436.7,1677.0,1610.4,3137.3,919.0,2731.5,1002.9,3606.9,1300.7,4687.5,6682.7,4043.5,1620.2,179.0
2026-09-15 04:00:00,741.1,518.9,1065.2,495.9,605.6,319.6,3.7,50.8,344.1,17.9,135.8,1278.6,4480.5,2899.4,1166.4,1218.1,107.9,48.2,973.5,1450.3,416.8,560.1,4818.4,4016.3,2219.1,1334.8,3622.0,4583.2,2415.0,1716.9,1610.7,3106.2,905.7,2659.9,1002.1,3611.0,1370.8,4759.4,6572.6,3936.0,1625.1,150.9
2026-09-15 04:15:00,745.7,519.4,1068.4,495.1,615.5,319.6,3.7,51.0,343.8,17.6,133.6,1278.6,4499.9,2901.9,1160.4,1217.5,108.4,48.3,970.6,1445.4,415.6,570.8,4854.5,4040.4,2225.2,1339.9,3627.3,4584.6,2417.5,1695.2,1617.8,3104.9,906.5,2672.2,1000.7,3615.8,1374.8,4750.7,6568.9,3939.6,1636.2,152.7
2026-09-15 04:30:00,755.8,519.4,1069.5,493.3,629.1,319.2,1.0,51.6,335.8,17.6,133.9,1279.0,4356.2,2918.3,1110.3,1214.9,108.7,48.3,968.6,1449.7,413.8,575.9,4876.5,4101.1,2228.7,1342.0,3631.2,4581.7,2419.0,1700.5,1616.1,3103.2,907.8,2675.8,1000.2,3621.4,1379.5,4741.7,6582.6,3942.5,1639.9,153.9
2026-09-15 04:45:00,766.1,534.2,1097.7,493.0,637.3,320.0,1.0,52.8,326.3,17.6,139.5,1279.7,3693.8,2939.1,1136.9,1218.3,153.7,48.2,968.3,1445.2,419.4,582.7,4901.8,4129.0,2237.0,1343.2,3637.3,4498.5,2419.3,1722.4,1616.8,3109.8,906.5,2685.4,999.7,3627.5,1385.4,4732.5,6609.7,3945.1,1655.9,153.4
2026-09-15 05:00:00,799.0,533.7,1171.7,537.7,666.3,424.3,1.0,23.3,353.6,25.6,103.8,1291.9,3763.2,3067.6,1180.2,1237.0,186.6,44.5,911.8,1637.8,397.0,603.1,5223.7,4342.2,2275.6,1217.9,3509.4,4650.7,2489.8,1864.0,1626.7,3097.9,914.9,2772.0,1005.9,3647.1,1318.0,4724.7,6756.6,3957.9,1688.5,151.8
2026-09-15 05:15:00,801.0,544.3,1210.1,537.2,678.1,424.7,1.0,24.7,337.3,25.6,104.4,1290.5,3755.8,3071.1,1165.3,1232.6,206.3,44.6,918.4,1644.4,402.0,609.1,5235.9,4372.5,2315.6,1219.2,3529.4,4806.2,2497.3,1862.2,1637.5,3103.4,919.8,2808.0,1005.0,3653.8,1333.2,4706.5,6837.1,4055.4,1716.4,151.8
2026-09-15 05:30:00,810.2,565.4,1244.0,548.8,696.5,453.5,1.0,26.1,349.9,26.8,107.1,1300.3,3593.2,3078.2,1098.0,1253.4,199.4,30.4,927.0,1681.7,399.2,614.3,5286.1,4431.8,2348.4,1297.7,3546.4,4978.1,2508.2,1878.0,1642.5,3104.5,926.9,2758.7,1005.9,3661.0,1352.2,4722.7,6933.8,4127.7,1752.3,156.6
2026-09-15 05:45:00,805.0,570.8,1264.2,558.4,716.7,473.7,1.2,26.4,361.7,35.2,111.9,1312.8,3593.9,3114.1,1095.7,1278.5,198.3,30.5,935.0,1712.2,402.8,626.9,5342.5,4491.1,2398.0,1342.0,3572.8,5341.3,2522.3,1897.7,1646.6,3108.5,938.8,2758.2,1007.7,3668.4,1368.6,4750.8,7035.0,4169.4,1783.6,157.8
2026-09-15 06:00:00,850.3,569.6,1331.1,766.7,750.0,483.6,2.9,13.8,381.0,53.5,81.4,1298.5,4107.3,3278.8,1183.4,1366.2,367.9,30.2,1043.8,1800.3,442.4,604.7,5539.8,4602.4,2532.5,1288.2,3912.1,6268.3,2544.1,1917.4,1728.8,3091.5,945.4,2861.5,1029.3,3647.5,1423.9,4679.5,7351.3,4269.7,1909.6,187.4
2026-09-15 06:15:00,852.0,576.5,1339.4,772.0,774.2,500.9,2.9,15.0,395.7,53.5,92.9,1290.5,4121.4,3384.3,1199.6,1364.6,339.4,30.3,1058.1,1810.8,466.2,609.1,5580.2,4638.4,2611.8,1386.1,3948.2,6255.2,2567.6,1926.8,1727.3,3120.7,963.5,3085.8,1037.3,3654.2,1443.8,4691.7,7537.5,4277.3,1964.1,195.2
2026-09-15 06:30:00,869.6,582.1,1369.4,787.2,793.7,509.3,3.0,17.6,414.8,47.2,107.3,1276.4,4126.8,4114.3,1182.9,1345.7,352.9,30.4,1083.6,1839.2,477.5,615.1,5602.9,4696.4,2677.5,1389.4,3990.8,6283.0,2585.9,1946.0,1733.0,3126.0,985.5,3187.8,1047.0,3662.7,1467.6,4756.8,7693.7,4395.1,2003.1,192.8
2026-09-15 06:45:00,867.6,583.4,1378.4,817.1,806.7,528.9,6.4,17.8,423.7,53.1,117.0,1286.9,3868.7,4381.4,1228.5,1371.8,371.6,30.5,1073.8,1915.7,484.8,622.0,5610.1,4722.5,2760.3,1391.4,4024.9,6432.6,2611.6,1976.9,1739.4,3140.6,1000.5,3317.8,1060.4,3668.5,1487.9,4793.9,7846.4,4397.6,2055.3,196.2
2026-09-15 07:00:00,870.5,604.6,1383.3,640.3,829.5,686.7,13.5,39.1,470.5,50.3,140.7,1286.6,3509.3,4171.9,1288.6,1435.2,406.6,30.8,1210.9,1823.0,489.6,639.3,5681.7,4776.7,2946.8,1306.8,4558.1,6937.0,2693.1,1954.2,1804.6,3118.7,1049.8,3898.9,1065.2,3879.8,1607.7,4675.3,8125.4,4521.5,2120.9,209.8
2026-09-15 07:15:00,885.3,617.3,1406.5,634.9,844.3,699.9,15.7,39.6,467.0,48.3,137.2,1285.1,3360.5,4104.1,1332.5,1424.9,404.6,31.0,1199.4,1881.0,486.5,633.6,5684.8,4798.9,3016.3,1359.7,4586.1,7135.8,2713.8,1964.6,1810.4,3119.7,1068.5,3930.9,1069.6,3880.2,1621.7,4700.6,8209.6,4595.9,2143.1,241.1
2026-09-15 07:30:00,882.3,608.6,1393.6,634.4,856.1,704.0,15.3,40.2,480.1,49.1,149.1,1302.6,3397.4,4154.8,1350.0,1454.8,403.0,31.0,1202.0,1947.1,492.4,641.0,5695.4,4835.1,3053.1,1376.3,4613.7,7162.7,2726.2,2006.0,1814.5,3128.1,1077.3,3935.8,1074.8,3881.5,1636.7,4688.1,8269.0,4673.9,2153.1,245.9
2026-09-15 07:45:00,877.6,606.6,1388.0,639.9,858.5,732.2,14.1,39.9,484.8,49.6,156.7,1306.9,3962.3,4778.5,1338.4,1450.1,392.2,42.0,1212.0,1970.0,503.0,644.6,5717.1,4859.7,3091.8,1423.4,4618.0,7163.6,2744.3,1985.2,1825.0,3125.3,1088.1,3970.2,1077.9,3883.1,1646.0,4718.3,8298.0,4668.6,2175.2,218.0
2026-09-15 08:00:00,870.4,637.2,1319.1,631.9,853.8,617.0,17.8,19.5,483.7,47.6,213.6,1310.9,4169.0,4885.1,1584.3,1509.3,234.1,66.1,1335.2,1965.8,495.1,714.6,5614.5,4729.9,3142.5,1390.1,4702.5,7167.2,2772.9,2128.9,1820.2,3108.9,1097.5,4005.0,1076.5,3712.1,1663.5,4932.4,8367.3,4718.4,2163.4,277.3
2026-09-15 08:15:00,858.6,648.1,1293.8,582.9,853.6,640.5,14.0,18.0,471.1,41.1,219.7,1294.8,4360.0,4613.1,1700.0,1633.1,205.7,66.1,1344.5,1958.5,504.5,693.7,5612.3,4713.6,3155.8,1406.6,4697.9,7158.8,2781.3,2094.7,1819.6,3096.3,1096.4,4036.5,1076.5,3709.3,1664.6,4973.9,8355.8,4677.6,2166.4,255.1
2026-09-15 08:30:00,851.8,665.9,1267.1,532.7,849.0,678.0,12.6,18.9,459.0,37.2,216.6,1312.7,4393.0,3984.5,1728.3,1751.2,205.2,66.1,1339.4,1983.1,502.9,699.3,5651.6,4717.3,3160.0,1471.7,4700.2,7158.9,2779.4,2077.0,1819.8,3087.5,1099.0,3990.9,1071.2,3707.0,1662.2,4981.0,8341.9,4649.4,2158.4,256.4
2026-09-15 08:45:00,838.6,672.1,1230.0,534.0,843.0,725.2,19.6,20.4,425.2,30.8,232.7,1333.9,4544.1,4062.7,1697.1,1764.6,187.1,66.1,1349.7,1997.1,516.4,690.5,5647.1,4709.0,3169.2,1397.1,4707.6,6603.4,2783.6,2146.5,1820.7,3083.1,1104.8,3957.7,1081.3,3701.9,1649.2,4996.2,8349.2,4587.7,2163.6,263.4
2026-09-15 09:00:00,811.5,725.3,1148.6,536.4,829.9,498.6,45.0,57.7,418.8,51.2,185.9,1332.5,4478.2,4060.6,1618.2,1838.2,60.0,110.1,1490.2,2055.9,502.4,707.3,5526.5,4670.6,3191.7,1414.7,4640.2,5939.5,2770.8,2128.7,1826.6,3053.9,1075.6,4049.5,1090.5,3675.8,1645.1,5044.5,8249.6,4458.8,2099.5,240.6
2026-09-15 09:15:00,796.1,747.4,1091.2,540.5,824.0,541.0,45.2,52.6,381.1,61.0,186.3,1363.3,4522.4,3847.8,1566.5,1840.4,67.7,86.3,1504.1,2080.2,499.3,706.5,5548.8,4643.4,3184.6,1434.2,4624.5,5198.5,2770.4,2145.7,1827.8,3060.3,1070.2,4051.5,1097.2,3677.4,1649.3,5027.2,8224.0,4462.1,2085.2,241.1
2026-09-15 09:30:00,769.5,753.3,1053.1,437.2,819.5,581.2,45.2,53.4,303.2,103.9,167.1,1385.2,4551.7,3750.3,1554.9,1737.7,72.1,86.3,1504.7,2095.0,495.0,708.5,5600.4,4605.7,3180.8,1414.0,4623.4,4477.5,2767.8,2206.2,1824.2,3055.7,1068.8,3972.6,1105.6,3679.9,1639.3,5039.4,8249.5,4425.5,2078.1,247.2
2026-09-15 09:45:00,752.8,763.4,996.2,336.4,811.6,615.4,60.1,54.1,266.8,115.8,166.1,1393.3,4797.5,3664.5,1488.3,1567.0,71.4,86.4,1571.5,2104.5,540.3,703.4,5604.9,4564.9,3183.1,1337.7,4616.9,3756.0,2769.8,2260.9,1822.7,3030.7,1061.5,3846.5,1110.1,3683.2,1635.6,5069.2,8245.6,4409.2,2073.6,256.5
2026-09-15 10:00:00,740.2,829.9,907.8,152.4,799.6,661.0,50.0,91.3,242.1,141.8,385.3,1463.9,4672.8,3704.6,1603.3,1581.7,26.0,123.7,1571.9,2177.7,495.1,713.9,5604.8,4473.6,3188.7,1278.0,4529.3,3454.3,2769.6,2252.0,1811.4,3006.7,1049.3,3902.6,1102.8,3727.6,1612.4,5162.9,8250.2,4279.6,2042.5,258.0
2026-09-15 10:15:00,731.4,790.6,845.8,159.1,795.1,685.5,50.4,79.2,212.5,158.0,384.1,1478.8,5564.6,3783.6,1531.4,1590.4,20.0,152.0,1574.3,2205.6,492.4,706.6,5631.1,4454.6,3187.7,1236.6,4596.5,2920.4,2773.7,2246.5,1814.2,2990.8,1047.7,3869.6,1092.3,3734.5,1616.9,5154.8,8225.8,4290.4,2021.9,266.0
2026-09-15 10:30:00,723.6,807.6,790.4,175.8,793.5,703.4,51.5,79.9,187.4,106.0,405.6,1504.4,5702.0,3835.0,1514.0,1581.2,11.2,166.3,1577.8,1990.5,534.0,309.5,5664.0,4423.3,3181.5,1116.7,4592.9,2807.5,2769.0,2192.7,1807.9,2951.9,1045.4,3468.6,1080.1,3743.9,1622.3,5164.7,8201.8,4305.5,2012.0,276.5
2026-09-15 10:45:00,719.8,675.4,765.4,208.8,787.2,721.3,67.3,80.6,158.5,124.0,389.9,1518.3,5737.4,3887.7,1461.1,1595.8,11.1,128.2,1598.2,2022.2,530.2,290.6,5653.9,4409.9,3171.0,1091.2,4612.2,2731.0,2770.0,2146.6,1804.5,2912.6,1036.5,2957.4,1077.0,3765.0,1617.0,5193.7,8223.8,4231.7,1998.1,281.7
2026-09-15 11:00:00,704.8,757.4,826.7,240.6,772.1,736.2,82.0,81.4,94.7,231.9,382.8,1550.7,5579.0,4091.7,1596.8,1598.2,184.8,25.7,1733.9,2021.4,583.6,332.9,5605.7,4207.6,3193.5,1127.0,4489.6,2976.1,2744.6,2169.5,1847.1,2929.8,1061.7,2464.3,1065.6,3851.7,1637.7,5138.2,8176.0,4209.6,1972.0,273.1
2026-09-15 11:15:00,716.7,680.6,809.3,277.1,767.1,742.3,83.7,70.1,92.3,202.0,382.3,1550.2,6020.5,4101.0,1585.6,1579.2,177.9,64.6,1773.1,2008.8,620.3,306.7,5580.1,4213.0,3187.2,1127.3,4486.2,2959.2,2744.3,2120.5,1844.5,2909.2,1055.2,2489.6,1062.9,3888.4,1639.3,5166.7,8188.7,4205.0,1971.6,274.4
2026-09-15 11:30:00,699.9,735.3,1007.6,308.8,767.0,734.4,86.0,70.2,91.1,205.9,407.5,1572.9,6111.9,4169.7,1573.1,1613.9,178.0,32.0,1878.7,2023.2,622.6,303.4,5545.2,4237.5,3176.7,1131.6,4480.9,2950.9,2737.4,2090.8,1832.7,2877.4,1053.4,2503.8,1062.3,3922.7,1636.2,5145.5,8222.0,4159.2,1955.1,279.0
2026-09-15 11:45:00,708.8,763.4,1055.4,339.1,774.3,730.6,102.8,70.3,89.5,244.1,416.7,1585.2,6324.6,4241.6,1538.9,1598.3,189.7,0.0,1924.1,2006.5,659.4,309.1,5538.0,4253.2,3172.4,1123.3,4482.6,2923.8,2728.2,2028.9,1834.0,2859.1,1052.9,2563.4,1063.9,3954.8,1632.0,5077.5,8243.7,4108.5,1952.6,273.2
2026-09-15 12:00:00,716.9,805.1,1035.0,362.3,819.2,724.4,80.2,49.0,102.0,267.9,363.6,1584.1,6231.7,4358.4,1676.8,1661.2,61.3,143.8,1828.5,2074.0,638.7,321.4,5468.6,4072.2,3166.9,1094.0,4462.7,3068.1,2635.8,2012.5,1817.4,2901.8,1038.0,2564.9,1065.6,3861.4,1633.1,5229.8,8179.3,4111.4,1940.2,266.2
2026-09-15 12:15:00,710.1,712.6,1033.8,365.0,823.9,720.0,96.9,49.1,100.8,288.6,357.6,1593.7,6396.2,4394.1,1646.2,1696.6,61.3,143.0,1900.6,2065.5,641.8,309.7,5444.7,4117.9,3163.9,1085.6,4450.5,3066.7,2633.9,1968.2,1815.2,2891.1,1037.2,2577.0,1066.6,3886.8,1628.4,5216.8,8170.9,4076.3,1927.3,260.3
2026-09-15 12:30:00,711.3,704.3,1028.9,375.5,826.6,711.2,96.9,49.2,100.4,299.6,356.3,1605.7,6504.9,4418.8,1617.1,1708.1,61.4,167.0,1896.7,2087.9,638.2,310.7,5448.2,4134.7,3161.6,1085.4,4448.9,3069.1,2628.9,1918.7,1814.3,2872.7,1033.7,2595.1,1063.7,3908.4,1624.7,5156.6,8187.9,4068.2,1924.2,262.8
2026-09-15 12:45:00,728.1,691.7,1028.0,391.8,830.3,706.0,97.0,49.3,102.4,311.8,357.0,1632.4,6530.3,4425.7,1605.4,1741.7,61.4,166.9,1902.7,2106.0,632.5,306.1,5454.3,4153.5,3165.7,1090.1,4448.3,3071.5,2630.7,1884.3,1817.4,2854.1,1029.1,2612.4,1064.6,3917.9,1621.1,5210.4,8181.1,4044.0,1926.4,265.1
2026-09-15 13:00:00,786.4,681.9,1032.1,417.5,832.6,695.5,107.9,35.5,114.5,271.3,392.4,1622.7,6530.4,4561.0,1433.6,1686.0,182.0,123.2,1946.4,2133.9,636.1,306.7,5346.9,4132.7,3150.8,1093.8,4383.5,3100.2,2620.6,1885.2,1816.4,2904.3,1044.8,2650.0,1068.9,3900.2,1604.2,4704.1,8248.0,4065.7,1886.0,270.6
2026-09-15 13:15:00,789.9,673.6,1035.1,419.6,843.7,695.3,108.0,35.3,115.3,270.0,369.8,1628.5,6514.5,4559.1,1456.4,1698.8,189.0,158.2,1949.4,2140.5,633.5,305.7,5356.2,4163.2,3151.7,1123.4,4389.6,3103.8,2622.8,1873.7,1813.9,2885.6,1042.2,2724.6,1070.7,3907.9,1600.9,4754.9,8233.1,4067.5,1884.0,271.1
2026-09-15 13:30:00,809.4,665.2,1038.6,413.8,843.5,684.6,100.9,34.9,113.1,261.4,370.5,1639.6,6467.4,4551.5,1477.0,1709.2,181.9,186.6,1948.4,2296.4,636.0,304.4,5323.6,4174.2,3153.1,1122.6,4388.4,3102.4,2621.3,1869.2,1814.4,2872.9,1042.7,2772.9,1070.4,3920.1,1598.8,4802.6,8224.4,4070.4,1888.9,271.9
2026-09-15 13:45:00,807.9,655.5,1035.8,407.0,846.3,669.9,91.5,34.4,115.6,255.0,370.5,1639.5,6436.9,4536.1,1499.0,1702.8,181.9,189.1,1947.4,2293.3,636.3,309.4,5319.2,4196.9,3157.2,1121.5,4387.4,3123.7,2623.0,1833.7,1814.2,2818.9,1038.6,2824.4,1067.5,3935.4,1598.0,4842.8,8228.7,4061.4,1883.6,272.9
2026-09-15 14:00:00,813.1,643.5,968.4,396.7,815.7,647.2,99.6,58.8,94.1,262.5,270.8,1652.5,6359.8,4554.2,1493.5,1674.0,61.4,209.0,1786.4,2247.8,612.2,314.5,5372.0,4182.4,3162.7,1126.2,4533.1,3181.6,2631.3,1807.1,1835.1,2823.6,1038.7,2871.3,1064.9,3953.9,1514.2,4998.5,8217.2,4004.8,1880.3,271.8
2026-09-15 14:15:00,818.7,628.4,938.4,429.6,813.3,647.1,82.9,58.3,97.1,236.2,268.1,1649.5,6286.8,4495.6,1521.2,1661.3,58.7,209.7,1778.9,2300.4,606.9,322.5,5432.0,4186.7,3168.2,1126.0,4540.1,3133.0,2633.1,1816.3,1828.2,2856.4,1037.2,2865.4,1063.4,3975.1,1516.4,5053.4,8182.8,4034.9,1880.0,273.0
2026-09-15 14:30:00,822.3,617.2,936.4,378.3,818.6,603.8,82.4,57.8,102.4,218.3,272.1,1637.1,6238.2,4447.9,1551.2,1627.5,51.5,191.2,1774.1,2307.2,608.3,328.2,5381.4,4232.2,3166.0,1124.2,4538.0,3269.2,2629.9,1871.4,1823.4,2822.1,1033.2,2898.0,1062.0,4002.5,1518.0,5187.6,8186.5,4071.7,1872.2,275.0
2026-09-15 14:45:00,767.4,605.6,951.8,359.8,812.1,571.1,79.2,67.7,93.3,205.9,246.4,1638.1,5917.9,4411.4,1559.9,1630.4,51.5,172.4,1706.1,2349.1,613.1,336.6,5383.6,4258.6,3168.3,1117.7,4539.7,3303.6,2633.1,1864.6,1834.4,2834.4,1036.2,2926.7,1060.7,4022.3,1520.6,5173.8,8165.5,4113.6,1868.9,287.5
2026-09-15 15:00:00,777.5,579.1,971.8,345.4,811.3,585.9,53.6,59.5,99.6,158.5,172.6,1606.9,5604.3,4268.3,1407.8,1580.5,51.6,257.6,1495.2,2349.3,532.3,356.0,5441.5,4354.0,3149.8,1237.1,4058.7,2804.6,2655.8,1733.7,1877.6,2845.5,998.6,2523.3,1054.1,4033.5,1524.0,5273.5,8100.6,3860.7,1843.0,285.1
2026-09-15 15:15:00,786.7,563.2,986.1,358.9,801.0,569.2,38.0,58.9,99.5,141.8,183.7,1606.3,5394.5,4188.8,1440.2,1586.2,51.6,304.5,1369.1,2479.1,512.2,368.2,5447.2,4369.7,3155.5,1234.5,4065.5,2814.7,2657.1,1713.7,1883.5,2836.0,1026.8,2605.7,1053.0,4055.0,1527.3,5210.9,8098.3,3896.5,1846.0,286.6
2026-09-15 15:30:00,822.1,526.9,782.1,331.6,805.8,542.3,37.0,58.0,119.3,152.3,206.7,1596.1,5183.8,4219.4,1525.2,1551.5,51.6,300.7,1369.6,2482.2,488.6,381.2,5500.6,4371.3,3180.7,1234.7,4079.8,2861.5,2655.9,1697.7,1881.5,2830.6,1028.1,2662.9,1053.3,4073.6,1530.8,5243.6,8104.9,3903.7,1844.8,291.5
2026-09-15 15:45:00,837.7,498.4,812.0,367.8,806.5,536.7,37.1,74.9,129.4,136.7,208.7,1592.7,4430.4,4075.1,1581.0,1522.4,51.6,277.4,1362.1,2703.0,480.0,689.4,5476.1,4376.5,3203.3,1256.6,4082.4,2960.3,2653.0,1661.8,1881.9,2813.6,1007.5,3214.6,1056.2,4089.8,1535.4,5271.8,8106.2,3919.8,1844.1,286.5
2026-09-15 16:00:00,805.3,487.1,929.2,268.5,819.3,771.0,28.9,88.3,124.4,111.6,290.4,1577.1,4665.0,3745.1,1445.6,1502.8,219.8,57.5,1426.6,2543.7,525.2,339.8,5545.3,4413.3,3222.2,1168.7,4070.8,3205.5,2690.4,1709.9,1832.5,2856.6,1003.3,3089.0,1061.7,4007.5,1534.5,5161.0,8112.4,3965.2,1824.4,350.2
2026-09-15 16:15:00,814.3,490.3,1003.6,254.3,824.3,739.5,12.0,88.9,139.8,84.3,301.4,1567.6,4465.2,3650.2,1489.7,1495.1,239.9,56.9,1404.2,2896.5,499.0,495.0,5506.1,4458.3,3245.6,1279.9,4073.8,3308.8,2689.1,1715.5,1829.8,2866.9,1010.9,3558.0,1064.7,4024.1,1536.8,5149.4,8132.3,4046.5,1831.9,348.1
2026-09-15 16:30:00,832.2,547.2,1061.7,279.4,832.8,717.1,12.0,89.5,149.3,71.9,299.5,1544.9,4810.3,3557.9,1574.1,1582.1,240.0,135.0,1410.3,2731.5,503.1,816.8,5510.6,4478.8,3251.1,1324.2,4066.7,3547.0,2684.8,1668.8,1829.4,2856.6,1010.2,3959.8,1067.2,4040.0,1539.1,5113.6,8156.5,4097.5,1847.4,344.8
2026-09-15 16:45:00,842.7,560.7,1111.4,298.6,831.9,743.7,12.0,99.9,171.2,69.5,266.4,1532.1,4093.6,3430.5,1647.8,1708.3,240.0,155.4,1410.7,2768.3,494.1,850.1,5567.5,4520.4,3259.5,1332.1,3993.8,4062.9,2679.1,1618.8,1832.5,2841.8,1012.9,4105.9,1071.3,4055.9,1537.8,5116.8,8203.7,4127.7,1869.6,342.8
2026-09-15 17:00:00,892.7,444.5,1202.3,274.2,846.1,781.2,12.8,34.9,233.2,43.9,191.8,1492.4,4592.5,3265.7,1792.9,1735.0,43.5,57.8,1354.0,2654.4,528.9,808.2,5561.8,4649.3,3236.4,1181.3,4111.6,4439.9,2674.9,1650.5,1866.1,2811.8,1028.1,4161.7,1071.9,3926.5,1537.1,5149.1,8298.8,4560.7,1923.6,356.5
2026-09-15 17:15:00,874.7,540.7,1286.0,218.2,856.7,653.5,1.1,34.0,259.3,49.8,190.3,1471.3,4340.2,3185.0,1868.4,1731.1,41.9,69.8,1334.1,2689.0,521.8,819.1,5602.9,4745.4,3238.1,1335.7,4105.6,5163.1,2682.4,1624.8,1865.2,2809.5,1024.3,4022.6,1075.0,3934.3,1532.5,5119.1,8326.0,4811.4,1919.3,358.8
2026-09-15 17:30:00,883.5,522.5,1330.2,203.5,863.1,618.4,1.0,34.2,287.2,38.9,224.0,1440.4,4094.9,3673.8,1920.7,1712.6,61.9,71.4,1342.1,2657.7,527.0,815.0,5611.9,4788.1,3229.0,1339.4,4106.0,5887.4,2679.9,1563.0,1868.4,2812.3,1023.2,4084.0,1072.0,3939.3,1528.9,5089.8,8352.0,4758.9,1929.2,365.1
2026-09-15 17:45:00,886.4,541.4,1353.3,192.0,867.0,612.4,1.0,33.8,310.8,32.7,238.4,1415.4,3522.3,3332.1,1992.9,1694.1,41.9,86.9,1342.9,2671.4,524.2,825.6,5649.0,4841.7,3226.1,1339.0,4113.6,6343.8,2679.4,1560.3,1869.4,2805.0,1029.0,4068.6,1071.6,3945.9,1530.5,5064.4,8379.3,4763.6,1943.4,368.5
2026-09-15 18:00:00,937.9,404.9,1427.5,244.4,868.1,762.5,1.0,38.8,285.3,36.4,218.6,1344.0,4010.2,3349.8,1993.3,1565.8,177.9,59.8,1314.7,2719.3,546.2,852.4,5751.3,4961.8,3210.4,1189.5,4528.0,7172.9,2660.6,1646.3,1830.5,3040.4,1022.8,3859.2,1067.1,3406.6,1533.9,5215.2,8364.1,4946.5,1929.8,380.5
2026-09-15 18:15:00,952.0,471.0,1442.2,250.3,873.5,824.9,1.0,41.3,299.2,33.5,219.9,1314.6,3833.8,3314.2,1883.4,1387.2,134.7,59.8,1318.4,2705.8,542.4,860.4,5728.0,5052.1,3210.1,1191.8,4522.8,7092.8,2661.1,1601.5,1824.4,2991.9,1022.5,3887.9,1067.1,3411.9,1537.1,5137.8,8366.5,4966.8,1935.1,393.2
2026-09-15 18:30:00,966.6,485.6,1451.5,337.8,877.2,837.4,1.1,47.9,318.5,50.9,230.9,1282.1,3645.9,3169.2,1905.9,1362.0,84.8,59.8,1339.4,2676.3,547.6,859.0,5735.7,5136.4,3209.8,1192.3,4537.0,7131.8,2657.1,1597.2,1823.6,2902.5,1030.2,3873.4,1067.6,3416.7,1535.7,5148.7,8359.6,4969.9,1942.7,410.4
2026-09-15 18:45:00,954.4,616.4,1479.4,332.2,882.0,838.2,1.0,44.8,326.9,65.2,196.2,1320.9,3472.3,3134.1,1924.3,1423.7,88.7,59.7,1394.0,2634.8,547.8,868.5,5764.2,5214.1,3211.9,1193.4,4540.0,7070.9,2659.3,1589.0,1826.2,2830.7,1029.4,3861.1,1069.8,3421.3,1530.9,5122.6,8369.3,4980.6,1946.1,422.8
2026-09-15 19:00:00,948.6,666.7,1494.0,297.3,892.3,836.9,1.0,46.2,339.9,47.3,286.0,1258.8,3552.7,3240.6,1991.2,1455.4,297.1,50.3,1360.5,2604.4,546.2,890.4,5875.2,5408.0,3200.7,1178.8,4821.1,7556.2,2650.0,1675.6,1830.5,2968.7,1031.2,3787.7,1067.8,3041.7,1524.9,5086.7,8345.9,4846.0,1953.1,494.0
2026-09-15 19:15:00,943.1,669.4,1500.5,297.4,898.1,840.9,1.0,67.2,343.1,50.9,243.1,1250.2,3517.6,3263.5,1987.2,1468.8,237.2,50.2,1349.5,2566.1,545.1,911.0,5902.6,5464.7,3205.2,1179.8,4821.0,7556.8,2652.2,1679.0,1830.6,2963.4,1034.7,3794.5,1067.0,3043.5,1518.9,5095.0,8343.9,4833.5,1956.9,503.1
2026-09-15 19:30:00,941.1,671.4,1494.6,296.3,899.2,833.2,1.0,48.8,348.2,47.7,247.0,1236.9,3506.4,3323.1,1953.8,1455.9,247.7,50.2,1374.4,2542.8,542.2,897.1,5997.6,5547.9,3203.6,1190.0,4825.0,7561.6,2649.8,1677.6,1835.7,2956.1,1036.9,3786.0,1066.6,3044.2,1514.4,5063.2,8330.0,4809.8,1956.1,510.4
2026-09-15 19:45:00,940.2,678.1,1492.6,286.9,892.3,826.1,1.0,46.1,350.4,46.4,245.3,1217.7,3477.1,3168.0,1962.3,1481.9,237.2,50.2,1325.5,2513.9,536.8,936.9,6009.7,5626.4,3209.8,1183.9,4826.1,7562.9,2653.8,1680.4,1834.2,2927.1,1038.8,3800.1,1063.0,3044.1,1513.5,4996.2,8315.1,4818.2,1952.8,522.5
2026-09-15 20:00:00,937.2,675.7,1451.2,277.4,882.5,695.5,1.0,70.8,357.1,15.7,205.0,1377.0,3764.8,3197.8,1697.6,1375.6,258.8,50.0,1241.4,2534.5,527.3,941.4,5869.0,5641.9,3210.6,1158.8,4816.7,7519.7,2659.9,1777.8,1848.7,2832.2,1047.2,3836.4,1058.1,2780.6,1515.1,4909.9,8205.0,4850.3,1926.3,511.2
2026-09-15 20:15:00,931.4,678.7,1424.9,281.3,870.3,694.9,1.0,74.1,350.9,13.8,197.3,1390.0,3735.5,3372.8,1712.5,1331.2,242.6,50.0,1233.4,2497.9,562.4,964.1,5850.0,5688.7,3208.9,1159.8,4820.5,7523.2,2661.9,1782.8,1849.0,2800.7,1046.6,3831.6,1053.5,2779.3,1511.9,4853.2,8179.2,4763.7,1918.9,519.0
2026-09-15 20:30:00,928.1,648.1,1395.9,238.3,856.4,633.8,1.0,78.5,343.0,12.9,193.9,1389.1,3767.5,3596.5,1699.7,1326.7,256.9,50.0,1213.7,2459.9,522.4,988.2,5797.1,5745.6,3192.2,1161.8,4818.1,7521.4,2660.1,1816.1,1856.3,2736.2,1049.0,3791.5,1053.4,2776.6,1510.7,4781.7,8129.1,4729.5,1909.7,519.9
2026-09-15 20:45:00,951.6,511.6,1360.2,232.5,841.2,633.7,1.0,72.4,335.9,13.5,187.7,1366.6,3893.9,3741.4,1684.6,1321.5,242.0,50.0,1206.2,2418.1,517.6,1005.2,5743.4,5791.9,3182.8,1161.9,4815.6,7514.9,2658.8,1779.8,1850.2,2726.7,1046.2,3803.8,1051.4,2765.9,1507.3,4680.2,8101.1,4694.3,1894.8,533.0
2026-09-15 21:00:00,915.5,452.5,1291.9,198.1,814.9,487.7,22.0,15.2,381.1,32.6,197.3,1302.5,3734.7,3705.7,1646.5,1332.8,202.8,126.4,1186.3,2196.6,494.0,1041.3,5730.1,5755.7,3138.7,1150.7,4647.4,7366.9,2660.5,1903.8,1893.5,2763.8,1024.2,3615.6,1046.3,2533.1,1483.2,4732.6,7977.1,4730.2,1812.0,562.6
2026-09-15 21:15:00,901.2,438.2,1261.5,190.1,801.2,451.6,22.0,12.6,377.6,32.4,183.8,1311.6,3731.4,3816.1,1640.5,1345.4,201.1,124.3,1176.3,2175.0,493.3,1063.4,5723.8,5773.8,3111.7,1150.8,4628.7,7343.7,2655.9,1887.1,1890.9,2757.4,1016.0,3589.8,1039.7,2522.9,1472.2,4601.2,7901.2,4732.6,1782.3,570.3
2026-09-15 21:30:00,886.0,410.0,1230.7,189.4,788.1,424.9,22.0,7.6,370.0,36.3,174.1,1323.6,3711.9,3920.6,1648.4,1354.6,179.5,133.0,1171.3,2135.6,490.1,1091.1,5688.5,5810.7,3081.7,1160.9,4618.0,7328.0,2647.3,1854.6,1891.1,2754.2,1014.7,3568.1,1034.3,2517.4,1461.1,4512.3,7813.6,4646.4,1774.0,579.8
2026-09-15 21:45:00,870.4,405.4,1192.5,190.5,767.5,421.4,24.7,7.4,377.5,26.0,165.4,1317.0,3842.8,4045.4,1621.3,1323.0,177.8,122.3,1169.8,2088.8,488.9,1101.1,5646.3,5725.3,3054.0,1161.7,4596.7,7145.2,2641.7,1820.8,1889.4,2734.8,1002.0,3562.9,1029.6,2516.0,1446.6,4557.3,7782.2,4627.9,1745.8,600.1
2026-09-15 22:00:00,839.5,371.5,1134.2,195.4,740.2,266.0,2.0,14.4,351.5,27.2,159.1,1320.3,3600.6,3958.0,1557.6,1317.1,41.1,155.0,1163.8,2014.0,509.3,1114.2,5515.7,5877.2,2974.9,1151.5,4468.5,6951.1,2626.1,1841.9,1849.0,2564.4,984.2,3462.1,1018.9,2402.9,1424.5,4195.4,7602.3,4725.6,1707.3,549.1
2026-09-15 22:15:00,837.0,382.0,1124.0,191.7,729.2,235.5,3.9,13.9,363.6,18.6,154.4,1321.8,3778.0,3948.1,1551.4,1310.5,39.5,154.3,1160.6,1961.9,518.7,1121.2,5465.0,5881.2,2936.7,1149.4,4441.1,6676.6,2624.7,1842.5,1847.2,2533.0,973.7,3436.3,1010.6,2409.2,1408.9,4048.4,7504.7,4723.0,1658.2,554.1
2026-09-15 22:30:00,815.0,360.0,1098.9,195.5,712.1,234.2,4.7,13.8,360.7,18.6,156.0,1321.6,4101.4,4253.1,1580.2,1301.0,17.9,153.5,1160.5,1932.0,507.9,1136.8,5412.5,5818.2,2890.2,1149.2,4422.0,6118.3,2613.2,1806.4,1839.5,2543.9,962.3,3441.0,1003.3,2419.1,1400.8,4001.3,7418.0,4664.9,1653.9,565.3
2026-09-15 22:45:00,779.0,453.0,1078.0,198.4,697.5,233.9,4.7,13.8,357.4,18.6,157.4,1322.3,4212.1,4277.0,1578.1,1277.6,16.3,129.6,1157.4,1885.1,516.4,1144.2,5337.0,5789.1,2842.1,1148.7,4386.1,5351.6,2606.0,1808.2,1835.5,2492.3,948.3,3433.1,994.7,2432.1,1424.2,3989.8,7397.4,4627.0,1631.4,572.2
2026-09-15 23:00:00,774.8,452.8,1044.3,198.5,680.9,143.2,4.7,23.0,347.9,24.7,207.6,1310.2,3989.5,4247.5,1508.6,1252.3,84.7,85.3,1018.2,1840.1,481.6,1122.3,5215.5,5857.5,2765.8,1187.4,4283.7,5271.3,2586.2,1830.6,1800.0,2402.9,925.6,3361.0,981.8,2305.4,1444.1,3757.4,7236.0,4702.6,1590.1,588.9
2026-09-15 23:15:00,767.3,442.3,1020.9,208.3,668.5,145.3,4.7,22.6,346.1,24.5,197.4,1309.8,4078.6,4026.4,1482.6,1246.9,83.6,84.9,1017.5,1813.2,484.7,1116.6,5156.8,5781.2,2712.5,1186.4,4249.1,4644.2,2575.7,1836.1,1790.2,2371.8,911.2,3328.8,983.5,2317.9,1429.7,3704.8,7164.5,4689.0,1568.4,600.8
2026-09-15 23:30:00,760.2,435.2,1004.3,217.4,654.5,148.9,4.7,22.4,339.1,24.5,209.7,1310.7,4120.2,4211.7,1484.1,1224.6,82.6,135.7,1013.1,1774.9,484.9,1109.3,5114.3,5764.8,2674.9,1186.5,4228.8,4276.4,2564.9,1837.1,1786.0,2352.1,898.3,3297.9,976.9,2265.8,1410.0,3667.0,7097.5,4636.3,1555.7,601.6
2026-09-15 23:45:00,752.3,438.3,989.3,225.1,644.9,151.5,4.7,22.7,326.7,24.5,202.3,1317.7,4183.1,4177.2,1450.6,1228.6,81.6,162.0,1010.0,1747.0,491.4,1095.9,5118.2,5782.2,2620.3,1193.3,4194.0,4030.5,2555.7,1806.6,1782.8,2373.8,888.5,3263.0,968.8,2253.3,1385.5,3640.6,7069.2,4574.1,1530.8,609.2
2026-09-16 00:00:00,764.2,299.7,949.3,330.8,621.0,88.7,2.0,42.4,341.8,9.0,214.0,1299.2,3514.0,3580.4,1365.5,1236.3,133.1,66.3,997.2,2148.8,461.1,1118.2,5000.7,5856.3,2524.5,1191.9,4186.9,4683.0,2677.1,1819.6,1745.0,2431.4,883.2,2961.7,972.4,1985.9,1429.6,3415.6,6902.4,4758.6,1498.6,632.8
2026-09-16 00:15:00,759.9,283.3,934.1,348.8,614.0,90.2,2.1,42.8,336.4,1.0,195.4,1299.6,3634.2,3535.1,1505.6,1405.5,152.7,69.0,996.4,2122.6,459.9,1090.4,4997.6,5863.3,2494.2,1192.0,4171.4,4625.6,2666.3,1819.7,1740.3,2415.8,872.7,2924.5,966.4,1983.5,1424.3,3379.0,6853.4,4750.2,1483.7,620.7
2026-09-16 00:30:00,757.1,294.9,925.1,367.5,607.8,91.3,2.0,42.3,332.5,3.9,188.3,1302.9,3700.1,3485.2,1541.4,1489.2,152.3,69.5,1001.6,2091.7,469.1,1057.9,4949.8,5910.5,2462.2,1183.1,4148.2,4382.2,2656.6,1818.6,1736.3,2404.0,866.9,2910.0,964.2,1981.0,1418.1,3337.6,6802.3,4737.9,1475.8,618.3
2026-09-16 00:45:00,752.0,277.3,921.3,384.2,610.4,91.5,2.0,41.8,328.7,10.6,181.0,1305.5,3754.3,3384.5,1530.0,1497.4,151.9,69.2,1003.9,2070.1,471.7,1015.4,4954.5,5907.0,2432.0,1183.1,4133.7,4229.2,2635.6,1816.8,1734.8,2389.1,856.2,2868.0,959.9,1977.9,1412.7,3322.8,6777.8,4713.4,1464.2,607.1
2026-09-16 01:00:00,755.4,289.4,929.4,405.8,630.9,91.5,2.0,15.6,321.2,3.7,211.3,1316.3,3503.6,3209.7,1490.2,1509.0,149.0,64.0,982.3,2027.2,469.3,976.8,4895.5,5881.3,2374.9,1180.7,3943.3,4420.4,2655.6,1856.0,1705.9,2455.7,838.8,2721.8,954.1,1954.7,1406.1,2974.6,6722.9,4716.0,1449.1,598.9
2026-09-16 01:15:00,755.0,284.0,925.3,410.5,636.4,93.2,2.0,14.3,318.6,2.9,200.0,1316.6,3733.2,2970.1,1509.3,1508.5,149.2,61.9,982.2,2017.8,469.3,935.2,4884.7,5899.5,2355.5,1180.6,3932.3,4184.8,2649.2,1859.1,1703.5,2450.8,837.6,2712.7,952.0,1907.9,1402.9,3010.0,6669.1,4708.6,1439.6,582.6
2026-09-16 01:30:00,752.1,282.1,929.4,429.6,651.2,92.0,2.0,14.4,319.5,6.6,191.6,1315.8,3784.5,2857.4,1479.4,1511.6,149.4,61.8,984.1,2013.1,471.5,900.1,4873.8,5917.3,2335.6,1180.6,3925.9,4189.7,2645.7,1857.8,1700.6,2448.9,828.2,2684.4,948.9,1888.9,1401.3,3026.8,6687.4,4699.6,1432.3,568.4
2026-09-16 01:45:00,751.7,285.7,922.3,429.8,659.3,88.8,4.7,14.1,315.2,1.0,177.9,1316.3,3963.1,2761.3,1480.7,1514.6,150.1,45.2,982.5,2008.4,472.0,866.1,4864.0,5934.9,2313.3,1180.6,3918.0,4191.7,2642.1,1848.9,1704.5,2440.4,822.6,2651.3,945.3,1887.9,1400.1,2959.2,6584.1,4741.0,1424.2,578.1
2026-09-16 02:00:00,753.1,286.1,974.3,469.0,642.2,90.5,2.0,14.2,342.7,5.0,171.9,1339.9,3793.2,2753.9,1506.7,1483.8,146.1,57.0,1019.2,1968.4,467.3,835.2,4850.4,5896.1,2282.6,1188.6,3648.6,4212.1,2656.0,1875.6,1684.9,2532.0,816.0,2535.0,940.8,1887.7,1399.9,2876.1,6687.3,4892.4,1420.5,583.6
2026-09-16 02:15:00,755.6,268.0,966.2,485.5,642.7,92.4,2.0,14.3,333.4,5.7,159.3,1339.5,3971.5,2719.4,1500.9,1503.0,146.0,71.9,1017.1,1955.0,466.3,808.0,4846.1,5916.6,2270.7,1188.8,3640.6,4206.5,2651.4,1879.3,1683.6,2526.4,812.8,2507.5,938.7,1888.6,1397.7,2937.7,6679.6,4760.0,1422.9,534.8
2026-09-16 02:30:00,746.6,280.6,964.2,477.4,665.4,94.2,3.9,14.8,336.4,8.2,155.2,1340.7,4779.2,2686.3,1478.5,1506.2,145.9,73.9,1006.2,1946.3,464.6,790.5,4824.7,5945.0,2257.5,1188.7,3697.8,4319.8,2649.1,1875.1,1682.6,2520.8,810.9,2482.9,937.7,1890.4,1394.4,2954.6,6671.6,4753.9,1417.0,509.8
2026-09-16 02:45:00,760.4,328.4,960.3,455.2,683.3,96.4,4.7,15.1,336.3,8.2,143.1,1340.8,4803.1,2652.7,1475.4,1509.9,125.8,90.0,1012.0,1937.7,462.1,773.2,4820.3,5970.3,2250.2,1188.9,3696.3,4321.2,2648.4,1869.8,1681.3,2512.5,808.5,2465.4,936.9,1893.6,1388.5,2908.6,6670.1,4801.6,1417.4,504.7
2026-09-16 03:00:00,798.8,302.8,962.7,511.2,674.2,99.7,1.0,67.3,342.7,1.0,355.2,1359.4,4501.2,2627.7,1466.4,1523.6,125.4,107.2,999.9,1948.1,458.3,765.6,4830.3,5987.8,2227.8,1188.6,3730.1,4454.7,2644.0,1887.4,1637.8,2529.5,804.2,2403.7,938.5,1898.7,1351.1,2999.6,6703.7,4722.4,1460.4,431.9
2026-09-16 03:15:00,839.2,339.2,962.8,518.9,680.9,102.8,3.7,67.7,338.1,1.0,352.9,1358.4,4541.7,2615.0,1476.4,1508.5,125.3,107.3,997.8,1937.7,455.8,751.2,4837.1,6005.8,2220.6,1188.7,3727.9,4428.9,2630.7,1878.3,1639.7,2532.4,800.3,2384.8,937.4,1903.0,1346.3,3100.8,6812.0,4746.5,1469.9,412.7
2026-09-16 03:30:00,842.1,342.3,964.6,528.2,695.3,109.5,3.7,68.2,339.7,1.0,343.8,1357.7,4507.6,2584.4,1483.3,1506.4,125.2,107.4,996.4,1937.7,454.0,739.4,4844.7,6020.0,2214.1,1187.7,3724.5,4395.7,2630.7,1876.3,1636.6,2523.7,801.2,2377.5,938.9,1905.6,1345.8,3101.3,6789.2,4743.0,1463.1,402.9
2026-09-16 03:45:00,797.0,314.0,969.9,527.4,712.6,116.1,1.0,67.7,345.5,3.8,347.7,1355.8,4493.7,2595.3,1458.2,1506.6,125.1,107.9,993.8,1926.6,451.6,727.4,4856.2,6030.7,2210.1,1187.8,3664.9,4390.1,2645.1,1884.4,1636.8,2517.2,801.3,2364.8,939.5,1907.7,1348.3,3074.5,6714.7,4745.6,1453.4,384.8
2026-09-16 04:00:00,766.1,325.1,997.2,517.1,728.3,165.0,3.7,94.4,368.9,1.0,283.7,1357.8,4253.9,2540.7,1472.2,1498.6,126.0,89.0,955.0,1958.0,435.1,726.3,4965.8,6050.1,2199.1,1186.7,3635.3,4587.8,2609.9,1885.7,1666.9,2522.3,800.6,2304.4,912.2,1911.9,1288.1,2987.0,6546.4,4599.8,1426.3,366.1
2026-09-16 04:15:00,768.0,332.0,1000.1,521.0,740.9,168.8,1.0,94.4,372.3,1.0,304.0,1356.1,3773.5,2530.3,1470.7,1493.4,125.8,74.0,956.6,1941.6,428.1,717.6,5000.4,6062.7,2204.7,1186.6,3634.8,4517.7,2613.6,1899.5,1671.7,2523.4,801.1,2308.3,912.1,1912.3,1295.2,3087.1,6565.9,4563.0,1437.2,350.8
2026-09-16 04:30:00,776.1,343.1,1030.1,528.2,755.5,171.3,1.0,94.5,375.9,1.0,323.8,1354.0,3681.1,2520.4,1437.9,1490.1,125.6,81.9,955.2,1927.6,427.5,712.4,5044.7,6081.4,2202.9,1185.6,3638.9,4574.0,2615.9,1906.2,1670.7,2522.8,801.0,2298.5,914.4,1911.7,1300.6,3136.2,6583.2,4597.1,1442.8,339.7
2026-09-16 04:45:00,787.9,306.9,1066.2,582.1,736.2,181.3,1.1,93.7,388.5,1.0,318.4,1353.1,3677.4,2552.2,1432.8,1503.5,161.1,45.4,955.2,1913.5,428.3,713.2,5103.3,6103.4,2211.8,1185.5,3644.4,4589.3,2616.4,1911.8,1670.4,2522.6,799.9,2300.9,916.5,1910.6,1302.8,3185.2,6600.3,4606.8,1457.5,335.5
2026-09-16 05:00:00,837.0,287.6,1067.4,601.3,709.7,274.8,1.0,81.8,340.8,61.2,179.1,1327.9,3836.5,2603.8,1349.0,1397.7,59.6,89.6,939.2,1908.1,405.3,717.3,5371.3,6168.8,2245.7,1181.5,3532.9,4766.1,2584.6,1850.6,1679.3,2335.5,808.4,2418.9,923.7,2119.5,1311.5,3215.1,6663.2,4628.4,1465.2,316.1
2026-09-16 05:15:00,850.9,289.6,1116.4,636.9,697.2,275.7,1.0,82.0,345.5,66.8,165.7,1325.6,3850.1,2590.8,1183.5,1252.3,59.0,125.3,943.9,1906.3,408.0,728.9,5434.6,6192.1,2285.3,1181.4,3554.5,5169.6,2592.2,1855.5,1683.6,2367.5,812.4,2435.9,927.4,2164.4,1322.4,3368.1,6754.5,4628.5,1500.4,298.3
2026-09-16 05:30:00,858.1,370.6,1161.8,615.1,759.1,276.3,1.0,82.8,358.0,61.7,163.2,1321.3,3646.7,2582.8,984.2,1105.2,78.4,126.3,946.9,1897.0,410.6,728.5,5453.4,6258.3,2313.0,1178.8,3573.7,5923.0,2599.2,1861.0,1686.1,2398.1,817.8,2408.7,933.3,2165.8,1335.8,3533.3,6857.2,4618.0,1524.0,282.1
2026-09-16 05:45:00,863.4,374.8,1196.5,650.8,759.3,276.6,1.0,86.4,371.3,85.6,171.5,1316.8,3660.7,2602.1,1007.7,1216.2,77.8,125.3,950.3,1929.3,411.7,755.4,5473.5,6272.6,2360.9,1178.8,3599.2,5949.7,2617.6,1891.2,1690.4,2411.2,829.3,2462.4,940.2,2166.1,1352.2,3694.7,6955.8,4613.0,1558.5,271.6
2026-09-16 06:00:00,905.4,331.1,1233.0,715.8,779.6,401.8,1.0,32.9,374.5,89.9,134.4,1289.0,4185.7,2757.6,1277.1,1374.7,171.2,64.0,1064.3,2081.2,446.0,714.5,5681.2,6442.1,2500.5,1168.1,3870.7,6336.3,2607.6,1906.6,1747.2,2345.5,841.5,2570.2,940.5,2211.7,1377.1,3763.2,7251.9,4881.8,1635.7,289.5
2026-09-16 06:15:00,912.4,335.3,1242.9,735.7,792.9,405.1,1.1,34.0,388.3,90.4,119.4,1277.1,4252.8,3355.4,1292.9,1431.1,151.0,57.3,1072.3,2092.5,450.9,715.5,5655.9,6456.6,2580.3,1168.2,3909.2,6445.4,2622.0,1993.3,1753.1,2278.4,860.6,2611.9,953.2,2217.7,1399.4,3806.3,7368.7,5065.3,1683.0,277.5
2026-09-16 06:30:00,912.1,339.3,1236.8,758.6,790.3,444.2,1.0,36.7,406.5,94.3,119.7,1278.0,4119.3,3589.7,1268.2,1446.1,150.9,58.8,1084.9,2097.8,457.4,717.7,5625.1,6470.6,2635.7,1163.1,3953.7,6491.1,2637.9,2037.6,1761.8,2268.1,880.7,2673.1,961.7,2219.0,1421.8,3878.0,7519.7,5146.6,1716.4,259.5
2026-09-16 06:45:00,890.2,424.2,1227.5,784.3,804.1,458.5,1.0,37.6,433.7,93.1,140.7,1267.3,4127.2,4054.6,1305.2,1474.9,170.8,61.8,1094.8,2123.0,475.4,722.0,5603.6,6481.5,2719.1,1163.3,3988.9,6526.1,2666.1,2062.5,1771.0,2297.7,895.6,2772.6,974.1,2223.0,1442.3,3958.0,7683.9,5136.1,1770.3,247.8
2026-09-16 07:00:00,936.2,346.3,1237.2,882.5,824.2,473.6,1.0,35.3,454.5,47.4,195.3,1294.0,3812.8,3446.6,1392.2,1456.8,109.9,141.6,1186.4,2068.2,494.1,712.1,5628.9,6378.1,2897.7,1152.2,4354.9,7005.5,2679.2,2038.9,1833.8,2402.1,960.4,3074.2,975.6,2288.1,1616.0,4493.1,7956.9,5209.6,1861.9,287.4
2026-09-16 07:15:00,932.7,348.3,1214.5,901.7,832.4,501.8,1.0,35.5,471.9,46.4,184.5,1291.8,3797.1,3444.8,1436.6,1476.7,109.9,141.0,1179.6,2078.5,498.3,696.1,5638.1,6387.1,2954.9,1151.1,4381.9,7031.4,2703.4,2047.8,1842.3,2437.1,978.0,3162.3,982.0,2292.1,1629.8,4497.8,8059.3,5269.8,1892.2,288.2
2026-09-16 07:30:00,904.5,444.2,1171.6,914.3,854.9,500.6,1.0,36.0,486.2,47.3,198.6,1294.9,3731.0,3469.7,1469.7,1478.4,109.9,141.1,1192.0,2044.1,501.5,687.0,5663.7,6423.3,2991.4,1152.6,4403.8,7053.3,2709.2,2039.5,1849.2,2475.4,990.9,3223.3,988.0,2293.8,1642.2,4516.3,8137.4,5251.3,1936.4,289.4
2026-09-16 07:45:00,902.4,426.6,1117.5,923.7,859.3,531.2,1.0,33.8,497.5,48.0,222.3,1298.2,3903.2,3646.7,1476.5,1480.5,117.2,55.5,1200.3,2039.0,508.4,686.6,5676.1,6443.0,3030.7,1201.2,4411.6,7062.2,2727.1,2045.8,1861.8,2512.7,1001.2,3236.8,995.5,2294.3,1659.6,4534.3,8196.1,5281.9,1973.6,290.0
2026-09-16 08:00:00,879.9,532.9,1042.3,882.8,843.8,513.2,0.0,39.0,513.8,19.3,248.7,1198.7,4262.2,4093.8,1706.9,1584.6,0.0,123.6,1212.0,1914.3,508.2,719.0,5672.0,6418.7,3083.7,1124.9,4401.9,7079.3,2695.5,2067.9,1834.0,2342.1,1020.2,3352.9,996.6,2371.6,1671.7,4585.8,8219.4,5259.4,1994.1,295.6
2026-09-16 08:15:00,889.6,466.6,985.9,851.5,843.2,544.0,0.0,38.9,505.2,23.8,235.0,1205.9,4595.5,4171.4,1642.9,1588.3,0.0,121.4,1207.7,1879.2,502.5,682.3,5678.9,6436.1,3082.8,1163.4,4401.0,7080.3,2706.1,2066.8,1836.4,2361.3,1020.4,3327.7,1004.8,2366.2,1680.0,4562.9,8228.0,5314.4,1993.7,299.0
2026-09-16 08:30:00,896.6,453.6,930.7,835.3,842.7,570.0,0.0,37.8,502.9,31.0,246.8,1216.3,4759.3,3438.1,1536.9,1602.7,0.1,235.7,1197.4,1902.5,499.3,692.2,5679.1,6414.0,3079.9,1160.0,4392.2,7073.0,2710.4,2073.3,1838.5,2373.5,1026.5,3338.5,1010.5,2408.3,1683.5,4581.8,8222.7,5260.0,1991.8,292.7
2026-09-16 08:45:00,886.5,443.5,881.0,819.0,842.6,590.2,0.0,40.4,490.7,2.7,317.1,1228.0,4852.0,3207.7,1662.1,1746.7,1.7,314.5,1226.1,1863.1,504.9,672.5,5679.0,6422.7,3084.9,1157.3,4394.8,6603.0,2720.0,2057.9,1836.0,2410.4,1029.9,3410.4,1015.5,2400.8,1683.5,4585.3,8228.5,5221.9,1974.8,300.0
2026-09-16 09:00:00,866.1,459.8,829.9,742.2,827.9,557.2,97.6,86.5,464.9,20.6,268.2,1237.7,4541.3,3365.5,1640.4,1920.7,121.6,170.3,1340.2,1920.0,496.6,704.2,5676.9,6490.3,3100.9,1176.9,4439.4,6685.9,2656.1,2036.4,1837.8,2336.8,1022.5,3338.3,1018.2,2327.0,1685.2,4646.5,8100.2,5042.2,1937.5,293.4
2026-09-16 09:15:00,856.1,479.9,796.6,731.3,828.3,578.7,97.6,87.5,437.3,25.8,265.4,1253.9,4888.1,3102.9,1571.0,1913.9,135.0,200.3,1331.9,1932.8,493.4,694.3,5666.5,6501.7,3091.5,1225.1,4429.5,5944.2,2662.3,2035.3,1840.9,2354.0,1018.3,3346.0,1019.4,2320.5,1686.0,4659.6,8075.6,5026.7,1924.2,294.4
2026-09-16 09:30:00,837.7,494.8,769.6,746.8,826.5,555.8,97.7,89.8,411.3,33.8,252.6,1270.8,4900.0,3117.7,1528.3,1951.8,121.6,282.3,1319.7,1947.8,491.3,699.5,5663.5,6431.8,3093.3,1224.4,4425.1,5208.5,2664.4,2021.0,1836.0,2374.8,1017.7,3420.7,1020.4,2315.7,1684.8,4668.2,8064.5,4993.5,1907.6,301.5
2026-09-16 09:45:00,840.6,488.5,739.5,779.9,830.4,528.7,115.2,89.3,387.4,46.7,247.5,1287.8,4931.4,3048.6,1460.4,2026.5,121.6,254.7,1309.6,1992.8,522.9,704.3,5653.6,6404.8,3084.8,1220.1,4412.3,4464.6,2670.2,2022.1,1833.7,2380.2,1013.8,3477.4,1018.6,2312.6,1674.2,4663.1,8071.1,5007.1,1892.9,311.7
2026-09-16 10:00:00,855.2,527.9,726.7,804.9,825.2,610.2,36.0,91.6,344.7,64.0,217.9,1348.0,4784.2,3111.1,1358.7,2115.2,143.9,229.4,1466.9,2107.7,489.8,749.7,5687.7,6375.1,3069.3,1228.7,4541.1,4517.4,2611.2,2075.9,1830.1,2333.9,989.2,3286.6,1012.7,2309.9,1658.1,4432.3,8038.5,5059.0,1859.1,321.7
2026-09-16 10:15:00,865.3,541.4,696.5,848.5,829.8,506.8,36.3,83.2,316.1,78.3,226.2,1365.6,4927.1,3208.9,1302.0,2146.5,143.9,208.1,1463.6,2125.8,486.7,741.0,5674.4,6384.8,3055.5,1234.5,4543.5,4355.1,2615.0,2082.3,1832.9,2336.7,986.5,3278.5,1010.3,2307.9,1652.8,4412.0,8007.7,5073.0,1837.2,334.0
2026-09-16 10:30:00,859.6,531.7,670.0,885.0,825.8,474.3,37.3,82.9,286.0,88.3,221.0,1389.3,4933.4,3302.5,1305.9,2014.2,143.9,234.4,1458.6,2186.0,484.1,765.8,5666.8,6357.5,3048.0,1234.6,4589.5,4253.4,2616.0,2092.5,1826.4,2325.5,982.7,3301.9,1009.7,2305.6,1653.6,4412.5,7985.6,5045.9,1828.2,357.5
2026-09-16 10:45:00,886.5,518.7,644.3,939.3,814.0,499.4,52.3,86.0,269.4,98.3,220.6,1421.1,5039.5,3368.9,1257.3,1874.9,135.0,238.1,1452.1,2207.3,483.1,768.6,5661.8,6362.3,3037.3,1234.2,4564.1,3946.7,2631.7,2102.3,1824.9,2327.6,973.4,3310.0,1020.8,2300.9,1648.7,4391.5,7993.1,5047.5,1816.7,378.8
2026-09-16 11:00:00,897.4,549.9,859.5,1038.2,781.5,612.6,183.0,85.5,265.1,79.8,263.7,1440.8,5593.0,3537.7,1216.0,1696.5,170.9,263.8,1500.1,2336.6,462.8,801.7,5689.7,6373.2,3026.9,1159.7,4646.9,3516.8,2623.7,2229.5,1814.7,2231.5,963.5,3340.0,1021.0,2256.2,1636.9,4352.1,8003.4,5026.5,1778.2,357.1
2026-09-16 11:15:00,867.3,580.6,850.5,1062.8,775.6,595.6,186.6,73.6,253.0,94.0,262.0,1454.5,5997.9,3564.4,1184.3,1717.6,165.3,263.0,1518.3,2365.5,459.5,485.2,5688.7,6325.3,3023.4,1146.5,4654.1,3458.5,2619.8,2230.2,1813.1,2237.5,974.4,3101.0,1021.4,2248.4,1638.6,4271.6,7993.4,5034.2,1761.6,378.8
2026-09-16 11:30:00,845.2,564.6,1073.5,1077.3,776.9,609.9,187.3,70.8,247.9,96.5,269.6,1472.5,6239.4,3620.9,1159.7,1704.4,155.4,265.6,1514.3,2395.7,470.4,338.1,5695.4,6318.1,3013.2,1147.0,4643.1,3280.2,2617.5,2231.8,1814.5,2294.5,997.9,2637.9,1021.0,2240.0,1628.5,4328.1,7999.7,5055.4,1747.5,404.7
2026-09-16 11:45:00,844.0,562.4,1069.7,1106.3,779.8,619.1,203.5,63.2,234.2,89.8,269.3,1483.9,6279.9,3617.9,1142.0,1721.4,154.4,240.6,1511.9,2295.7,478.2,344.4,5693.7,6311.0,3006.1,1146.2,4641.9,3086.0,2620.7,2196.4,1815.0,2371.3,998.0,2228.2,1017.8,2230.9,1627.1,4249.5,8013.0,5069.8,1736.0,428.7
2026-09-16 12:00:00,860.6,616.3,1066.8,1156.8,791.0,616.9,205.9,14.7,251.5,71.1,252.7,1496.7,6182.5,3866.8,1189.2,1687.5,155.4,248.1,1500.3,2434.1,443.6,381.5,5692.7,6332.5,2992.1,1085.4,4545.3,2947.3,2615.5,2228.2,1799.2,2230.3,994.8,2087.8,1037.2,2207.2,1697.3,4105.8,7954.5,5024.6,1697.3,470.5
2026-09-16 12:15:00,861.0,619.2,1068.1,1160.9,794.6,616.0,222.7,14.9,233.2,72.4,266.9,1503.3,6168.3,3921.6,1179.1,1653.4,156.6,220.8,1497.1,2411.9,444.2,365.9,5693.9,6345.0,2981.1,1119.7,4536.3,2928.0,2613.5,2231.5,1797.3,2228.3,993.6,1887.0,1035.8,2196.1,1693.5,4055.3,7935.2,5033.8,1686.8,484.1
2026-09-16 12:30:00,854.2,621.7,1089.7,1183.1,793.8,560.9,222.6,15.9,229.7,75.4,252.6,1514.0,6224.6,3987.8,1158.5,1674.2,157.7,220.1,1493.7,2383.9,459.6,381.8,5689.5,6348.5,2976.5,1121.7,4539.2,2930.8,2607.1,2239.4,1797.6,2219.7,992.3,1855.4,1033.0,2185.1,1612.0,4025.9,7931.5,5028.0,1676.0,496.4
2026-09-16 12:45:00,858.4,610.0,1102.1,1206.0,801.9,517.0,222.7,16.4,232.0,75.1,248.8,1521.7,6346.9,3995.4,1142.6,1659.8,158.8,220.1,1497.4,2406.4,460.4,394.3,5679.5,6367.8,2971.0,1131.7,4533.8,2933.2,2600.9,2223.4,1801.2,2240.0,984.7,1773.3,1034.8,2173.1,1610.6,4031.6,7937.8,5000.4,1666.8,514.7
2026-09-16 13:00:00,902.8,600.4,1115.7,1161.0,810.2,504.6,136.6,14.7,235.1,56.0,414.3,1532.9,6482.3,4096.5,1164.1,1597.3,160.8,172.5,1506.9,2642.1,467.7,390.5,5611.9,6393.5,2944.0,1128.9,4488.4,2983.3,2596.0,2250.9,1793.8,2166.9,982.8,1814.9,1031.8,2166.6,1608.0,4048.6,8050.6,5113.7,1652.8,550.9
2026-09-16 13:15:00,937.9,603.1,1131.1,1185.5,818.3,485.8,136.6,14.4,230.3,59.2,440.8,1538.9,6524.9,4072.7,1163.8,1583.0,161.4,179.2,1508.3,2670.1,467.5,390.2,5610.0,6408.6,2946.4,1143.5,4492.5,2988.8,2598.4,2246.2,1793.0,2180.4,982.2,1786.8,1034.4,2159.8,1607.3,4051.8,8047.3,5106.1,1647.5,557.7
2026-09-16 13:30:00,943.5,603.6,1356.8,1216.6,814.6,526.5,129.8,14.0,230.9,66.2,440.5,1544.9,6437.6,4130.1,1154.1,1569.9,162.1,178.8,1509.4,2692.0,466.0,399.7,5592.5,6402.6,2949.7,1144.8,4492.1,2994.6,2597.6,2243.2,1795.1,2200.3,984.9,1762.3,1033.8,2155.2,1601.3,4128.3,8088.1,5135.9,1643.1,569.7
2026-09-16 13:45:00,950.7,604.0,1361.2,1235.3,812.2,487.4,119.5,13.5,235.1,70.1,419.6,1552.2,6353.0,4159.1,1190.3,1534.5,162.8,170.1,1507.6,2639.6,466.6,399.5,5570.3,6384.7,2952.4,1165.4,4488.2,2997.6,2599.7,2241.2,1795.8,2217.3,980.2,1667.8,1031.1,2152.2,1600.3,4136.1,8079.8,5123.1,1640.7,577.7
2026-09-16 14:00:00,941.6,565.0,1440.5,1247.5,817.9,489.1,123.3,17.4,217.9,68.0,379.9,1551.6,6271.6,4342.7,1147.8,1549.1,160.9,68.3,1506.1,2567.8,462.0,431.4,5580.2,6570.0,2973.6,1159.4,4524.5,2999.1,2602.0,2321.2,1847.1,2293.2,987.3,1791.5,1025.6,2130.6,1583.3,4141.0,8052.1,5077.5,1673.5,598.9
2026-09-16 14:15:00,847.9,601.1,1436.9,1265.1,824.3,425.0,106.4,16.4,210.4,68.1,376.8,1551.8,6196.8,4348.9,1170.8,1568.5,161.1,97.9,1508.3,2742.8,461.2,427.0,5566.2,6569.5,2984.6,1177.7,4527.0,3002.8,2607.9,2324.2,1851.6,2285.0,985.3,1800.6,1022.0,2077.2,1582.2,4090.0,8072.5,5025.8,1681.7,604.8
2026-09-16 14:30:00,915.5,573.3,1453.1,1243.9,815.3,454.1,106.2,23.3,211.1,66.7,381.0,1549.3,6000.9,4427.7,1157.3,1552.1,161.3,99.4,1507.6,2756.7,456.5,431.3,5555.5,6534.7,2988.5,1166.8,4520.9,3002.2,2604.4,2329.1,1847.2,2312.2,985.0,1812.9,1021.0,2047.9,1582.6,4150.2,8035.6,5040.2,1680.5,619.2
2026-09-16 14:45:00,948.1,592.0,1453.0,1218.8,824.2,425.5,104.2,25.1,208.6,68.7,376.0,1547.7,5931.3,4390.3,1165.1,1547.9,161.3,40.5,1509.0,2770.9,456.1,445.0,5563.1,6549.5,2995.6,1171.9,4527.6,3005.1,2608.4,2332.3,1848.5,2325.5,986.1,1822.5,1018.9,2028.8,1581.1,4128.7,8013.8,5057.9,1678.8,623.5
2026-09-16 15:00:00,915.8,567.4,1446.1,1246.4,865.7,488.8,115.1,23.3,189.5,79.2,342.8,1531.5,5747.3,4387.1,1163.8,1510.9,161.7,95.9,1493.5,2799.6,440.3,429.0,5593.9,6561.8,3004.6,1109.7,4394.4,3028.9,2644.6,2345.8,1853.1,2383.3,992.0,1790.0,1018.8,2057.9,1563.6,4066.0,7917.4,4798.5,1663.3,622.1
2026-09-16 15:15:00,923.5,580.0,1469.7,1186.8,867.0,425.1,102.8,22.3,193.8,75.6,325.3,1525.8,5429.7,4396.1,1189.0,1496.5,160.5,77.4,1493.5,2825.8,440.0,430.1,5605.0,6655.1,3014.6,1100.0,4398.8,3027.3,2648.0,2374.7,1862.1,2349.1,998.0,1901.2,1018.3,2053.3,1566.1,4065.1,7947.2,4797.8,1650.9,618.8
2026-09-16 15:30:00,825.8,571.6,1498.7,1158.7,869.3,441.8,101.2,20.4,197.6,72.1,322.2,1515.2,5257.4,4376.0,1200.6,1522.3,159.4,79.0,1501.8,2939.0,435.2,480.2,5644.1,6645.6,3031.5,1097.9,4414.3,3091.3,2651.0,2353.6,1858.9,2351.6,981.5,2211.8,1018.5,2051.7,1568.9,4109.4,7918.7,4783.9,1657.6,615.7
2026-09-16 15:45:00,826.2,577.3,1530.5,1176.9,876.0,414.8,101.2,21.9,200.8,59.6,344.3,1506.2,4394.9,4444.8,1228.8,1430.6,158.2,71.5,1504.0,3122.1,434.5,477.8,5646.6,6635.5,3050.0,1099.9,4418.1,3161.5,2653.4,2347.5,1860.3,2354.1,982.8,2358.4,1020.2,2053.6,1573.0,4131.8,7935.4,4746.9,1670.4,625.8
2026-09-16 16:00:00,859.6,534.2,1151.8,1123.0,881.9,450.4,96.9,23.5,191.1,97.8,326.6,1455.4,4789.9,4335.0,1330.9,1423.9,0.0,112.0,1494.4,2945.1,449.9,448.5,5667.5,6576.0,3081.6,1156.9,4615.4,3536.0,2664.4,2344.1,1863.2,2313.9,1008.5,2681.3,1043.5,2259.2,1601.2,4036.1,7923.3,4700.4,1680.3,615.0
2026-09-16 16:15:00,875.9,545.1,1188.3,1087.8,883.0,455.8,80.1,26.0,190.4,85.9,335.5,1446.1,4377.5,4341.0,1375.0,1404.4,0.0,79.2,1506.1,3102.4,440.2,671.5,5666.1,6566.3,3096.8,1152.7,4626.7,3704.6,2665.3,2370.7,1861.3,2257.6,1001.5,3172.0,1046.1,2261.0,1610.1,4221.2,7949.3,4648.9,1695.6,607.4
2026-09-16 16:30:00,885.6,547.8,1019.3,1031.8,886.3,433.8,80.0,24.3,201.2,79.7,321.2,1429.9,4235.1,4400.2,1433.4,1412.7,11.9,86.9,1520.6,3197.5,443.7,941.8,5673.4,6625.6,3105.9,1146.2,4574.4,4047.4,2664.8,2364.6,1859.4,2237.8,1001.6,3455.8,1046.7,2260.6,1619.9,4203.2,7955.3,4601.9,1719.7,597.9
2026-09-16 16:45:00,885.3,553.3,1104.7,1003.2,870.0,426.1,80.0,39.0,209.4,74.9,346.3,1418.5,4115.6,4522.6,1508.9,1419.8,0.8,69.2,1532.7,3251.8,446.0,1009.1,5672.0,6611.8,3105.9,1148.1,4546.8,4749.0,2663.6,2291.6,1862.6,2351.6,1002.0,3457.9,1048.8,2253.5,1626.6,4315.1,7989.8,4597.9,1740.1,590.1
2026-09-16 17:00:00,907.3,545.7,1086.2,920.8,853.4,410.4,13.3,79.7,217.2,71.6,256.8,1381.6,4391.7,4345.4,1637.6,1464.0,49.3,86.8,1743.7,3036.3,469.6,919.0,5698.0,6595.3,3086.4,1040.7,4447.3,5502.8,2656.8,2370.7,1852.6,2222.7,995.9,3345.0,1046.7,2414.1,1644.9,4327.5,8134.7,4929.3,1793.0,610.2
2026-09-16 17:15:00,897.0,559.7,1153.7,942.5,839.3,400.0,2.0,83.4,231.5,58.4,285.2,1368.4,4240.4,4331.6,1740.1,1570.5,41.8,85.4,1739.2,3022.8,471.7,938.8,5701.1,6599.4,3093.2,1065.0,4445.1,6228.4,2655.1,2322.9,1851.0,2289.9,994.8,3311.6,1047.3,2405.0,1650.4,4371.6,8145.1,4926.8,1807.0,590.8
2026-09-16 17:30:00,879.1,581.1,1205.3,948.9,840.8,388.2,2.0,81.3,258.4,46.4,299.4,1347.7,4231.3,4349.4,1791.2,1652.6,60.6,64.2,1738.4,2933.5,483.9,924.1,5718.4,6576.8,3088.4,1041.7,4451.1,6542.2,2650.5,2318.3,1852.8,2299.0,995.1,3311.4,1042.2,2398.6,1652.0,4407.3,8195.6,4922.3,1824.4,569.6
2026-09-16 17:45:00,888.5,598.5,1245.9,972.2,853.9,383.7,2.0,80.5,286.9,37.1,275.3,1327.1,3982.3,4420.0,1891.9,1626.6,69.3,82.8,1746.9,2934.8,493.9,954.5,5732.0,6553.8,3094.1,1039.2,4463.8,6822.1,2641.9,2315.5,1847.3,2297.3,1001.2,3307.3,1041.4,2392.3,1649.9,4460.1,8243.0,4903.0,1842.5,558.7
2026-09-16 18:00:00,941.9,559.9,1261.1,1050.2,873.2,575.6,1.1,79.1,295.8,42.3,237.0,1280.9,4823.1,4417.2,1867.4,1556.7,141.5,53.4,1548.8,2787.3,521.0,950.7,5748.8,6585.7,3092.8,1024.3,4405.5,7058.0,2636.4,2203.5,1865.2,2291.1,1005.2,3381.0,1014.2,2462.6,1562.5,4632.8,8241.8,4807.0,1867.3,547.6
2026-09-16 18:15:00,932.7,624.7,1281.2,1073.5,878.2,574.7,1.0,76.2,321.6,35.8,249.0,1256.5,4234.6,4468.3,1776.1,1383.0,157.4,45.2,1558.4,2747.5,519.3,935.3,5773.3,6586.1,3090.4,1023.9,4405.3,7080.8,2645.4,2196.1,1857.2,2297.5,1006.8,3391.7,1013.4,2456.9,1559.7,4660.2,8253.9,4783.8,1887.1,534.8
2026-09-16 18:30:00,939.7,653.7,1294.6,1097.6,882.1,582.7,1.1,75.2,349.7,28.4,278.5,1232.1,3590.1,4097.1,1626.4,1197.8,176.6,45.1,1564.2,2725.6,529.6,939.0,5789.6,6566.2,3100.5,1023.5,4420.3,7121.2,2640.3,2187.0,1857.2,2335.8,1014.2,3412.6,1015.0,2454.0,1558.1,4684.1,8276.0,4786.9,1896.6,531.0
2026-09-16 18:45:00,940.0,665.0,1308.9,1123.5,886.9,595.2,1.0,94.1,366.4,31.2,263.5,1235.9,3478.6,4289.2,1681.6,1249.5,227.6,45.2,1578.6,2719.1,535.8,966.7,5798.9,6534.9,3106.8,1024.1,4422.8,7123.2,2643.3,2175.6,1857.7,2356.7,1015.6,3430.9,1019.8,2452.5,1561.6,4714.5,8295.6,4811.5,1903.9,516.6
2026-09-16 19:00:00,951.9,614.9,1328.8,1155.1,893.0,643.1,21.0,16.8,406.0,53.7,321.6,1250.8,3651.0,4137.8,1928.6,1400.9,261.6,45.6,1453.8,2691.3,556.2,956.4,5754.5,6580.2,3118.9,981.4,4630.6,7320.7,2634.3,2210.0,1869.1,2193.5,1043.9,3501.9,1022.5,2511.6,1562.5,4931.0,8344.9,4769.8,1914.7,538.5
2026-09-16 19:15:00,952.2,635.2,1349.0,1154.1,904.5,633.2,21.1,35.3,413.5,49.4,322.0,1239.9,3556.9,4275.6,1967.7,1400.3,260.7,45.6,1451.6,2659.6,558.0,967.9,5759.1,6519.1,3126.2,983.8,4647.0,7336.7,2635.1,2183.1,1871.1,2190.9,1047.4,3528.0,1023.4,2510.2,1563.7,4973.2,8352.5,4877.8,1918.1,529.6
2026-09-16 19:30:00,954.2,639.2,1353.2,1152.8,906.9,642.9,21.0,35.3,396.6,48.5,308.6,1229.2,3505.0,4382.2,1952.7,1423.9,263.2,45.5,1446.5,2653.7,555.1,979.5,5750.9,6499.3,3134.8,981.2,4655.8,7346.7,2631.2,2185.9,1878.0,2191.6,1050.2,3539.2,1022.5,2504.9,1560.2,4990.4,8347.5,4868.9,1923.1,533.4
2026-09-16 19:45:00,946.2,619.2,1341.3,1161.3,902.1,637.4,21.0,35.4,401.9,47.1,300.1,1215.4,3479.2,4332.2,1955.2,1417.9,264.7,45.3,1440.2,2716.4,547.9,1026.5,5727.6,6472.6,3144.8,1004.1,4650.5,7342.5,2634.4,2174.7,1872.1,2212.9,1051.0,3541.3,1017.0,2494.6,1553.8,5019.0,8343.1,4807.8,1914.2,539.3
2026-09-16 20:00:00,917.5,603.5,1305.4,1145.3,891.0,634.3,0.0,81.6,413.7,42.2,199.0,1390.4,3532.7,4423.5,1702.2,1395.0,150.2,47.1,1198.3,2483.1,525.1,1065.3,5579.7,6441.0,3178.6,1019.6,4657.5,7329.6,2644.2,2134.6,1873.1,2224.0,1044.0,3642.1,1015.4,2241.1,1539.4,4994.7,8291.1,4744.8,1901.0,472.7
2026-09-16 20:15:00,909.7,595.7,1282.3,1100.9,878.0,632.6,0.0,76.1,436.2,44.4,230.2,1392.8,3516.1,4317.1,1692.9,1366.8,150.0,48.3,1193.3,2474.2,520.8,1069.3,5537.1,6386.2,3181.8,1010.4,4659.5,7333.3,2643.3,2127.3,1871.4,2241.8,1043.5,3661.0,1009.0,2223.0,1529.8,5026.6,8262.5,4644.2,1886.6,476.4
2026-09-16 20:30:00,905.7,619.7,1249.0,1070.8,866.2,606.3,0.0,76.1,428.5,43.1,224.5,1393.9,3653.1,4072.0,1678.1,1366.0,155.5,45.0,1188.0,2619.1,518.1,1084.0,5493.5,6361.4,3169.7,1017.9,4667.5,7342.6,2640.4,2117.3,1877.6,2254.5,1047.5,3652.7,1007.9,2199.7,1521.2,4996.2,8223.0,4615.3,1879.8,487.0
2026-09-16 20:45:00,901.1,587.1,1210.7,1050.6,856.8,603.3,0.0,74.9,423.9,42.4,218.2,1374.8,3846.0,3977.0,1645.3,1344.6,209.5,62.9,1182.7,2616.6,515.2,1105.8,5455.2,6317.9,3163.8,1034.2,4675.6,7353.3,2639.3,2134.6,1871.3,2232.7,1042.8,3616.3,1005.9,2173.8,1513.2,5000.2,8186.1,4594.0,1863.1,495.8
2026-09-16 21:00:00,863.3,593.2,1157.1,971.6,815.1,539.7,0.0,60.7,435.7,40.8,200.4,1301.0,3457.1,4034.5,1616.4,1316.1,194.0,94.6,1402.7,2575.0,501.6,1123.8,5429.1,6270.1,3119.5,1023.8,4361.9,7193.6,2630.1,2015.5,1854.7,2390.8,1039.6,3697.4,1000.5,2006.5,1495.7,5065.8,7978.6,4261.7,1798.1,496.0
2026-09-16 21:15:00,852.2,578.9,1118.6,940.1,799.1,532.4,0.0,59.6,395.8,40.3,186.4,1304.9,3465.6,3983.8,1619.1,1324.5,194.6,108.1,1397.1,2579.7,497.9,1158.9,5449.1,6247.2,3097.8,1023.3,4345.0,7178.5,2629.3,2012.4,1853.2,2381.0,1035.2,3674.3,994.7,1976.0,1485.5,5102.0,7899.4,4215.0,1781.8,504.9
2026-09-16 21:30:00,842.5,567.7,1082.1,905.6,785.6,513.0,0.0,59.6,388.2,37.7,182.1,1306.0,3461.5,3921.4,1645.4,1291.0,175.3,97.3,1391.2,2558.3,494.3,1170.5,5433.2,6209.1,3074.4,1024.1,4337.0,7171.7,2619.2,1999.2,1852.8,2366.5,1032.2,3651.3,988.6,1948.3,1475.4,5120.9,7801.3,4158.8,1758.6,515.7
2026-09-16 21:45:00,834.7,559.8,1040.3,838.3,789.6,511.5,2.7,59.6,392.4,23.8,176.8,1305.4,3656.0,4012.3,1628.1,1251.2,176.0,96.6,1426.3,2486.6,490.8,1182.7,5429.5,6170.3,3049.7,1026.0,4317.9,6822.2,2612.6,2034.1,1852.2,2308.6,1021.3,3607.9,983.7,1922.4,1463.6,5126.0,7717.7,4141.0,1728.6,527.2
2026-09-16 22:00:00,796.4,554.4,1002.1,795.6,757.1,366.9,11.0,61.5,379.8,16.0,174.0,1256.7,3286.9,4064.9,1563.4,1263.7,87.3,87.9,1533.0,2422.1,490.7,1209.0,5287.2,6122.5,2980.0,1109.1,3862.3,6369.3,2587.4,1947.8,1801.3,2402.0,1026.9,3671.2,1006.4,1852.3,1487.7,4956.5,7607.2,4149.7,1693.8,522.2
2026-09-16 22:15:00,787.3,536.5,981.9,799.3,746.5,364.9,11.0,63.4,373.9,16.0,163.7,1258.4,3704.2,4033.2,1537.5,1225.3,87.2,91.4,1526.7,2424.6,486.5,1225.8,5226.2,6099.9,2949.2,1017.4,3840.2,6296.9,2579.1,1950.4,1800.7,2229.7,1016.7,3706.1,997.6,1831.3,1474.1,4986.6,7517.0,4118.9,1662.9,530.3
2026-09-16 22:30:00,775.9,523.4,1182.7,790.6,718.9,362.6,13.7,62.6,368.5,16.0,159.1,1249.6,3656.3,4149.3,1552.9,1231.4,121.5,76.5,1522.3,2430.4,483.3,1253.0,5166.8,6065.8,2907.5,1120.2,3828.5,6129.1,2610.3,1905.0,1791.8,2292.6,1005.0,3623.7,994.5,1811.9,1462.1,4956.5,7426.3,4124.6,1635.4,536.2
2026-09-16 22:45:00,767.0,511.2,1166.0,738.5,705.3,359.8,13.7,61.6,362.0,16.0,148.1,1255.9,3776.0,4110.8,1528.9,1241.0,121.7,76.8,1518.9,2426.9,483.0,1258.9,5125.9,6048.6,2870.4,1115.4,3802.3,6013.2,2555.9,1903.6,1787.6,2182.4,996.9,3555.2,989.5,1795.3,1452.1,4987.4,7436.0,4115.1,1626.6,544.4
2026-09-16 23:00:00,752.9,501.9,1173.2,700.5,720.4,264.2,12.9,38.1,349.5,21.1,158.4,1227.0,3674.4,4141.0,1456.7,1203.2,117.4,57.2,1485.7,2524.3,446.8,1285.4,4944.9,6124.2,2786.3,1053.2,3833.9,5401.7,2525.5,1886.2,1754.1,2160.6,953.7,3524.9,969.6,1750.0,1498.5,4950.1,7264.7,3987.9,1589.1,559.4
2026-09-16 23:15:00,743.0,491.5,1156.7,683.8,706.7,259.9,14.7,36.3,344.8,21.0,146.7,1230.1,3863.1,3882.3,1420.0,1174.3,119.8,57.6,1479.5,2466.7,447.8,1292.7,4908.5,6095.8,2740.2,1054.2,3809.4,5368.7,2515.1,1874.8,1743.5,2145.9,940.2,3464.7,965.0,1738.6,1487.5,4975.4,7200.0,3934.1,1584.9,567.4
2026-09-16 23:30:00,737.1,482.8,1144.4,668.6,693.7,255.0,14.7,35.5,338.2,21.0,147.9,1231.0,3912.0,3989.3,1416.1,1184.3,120.1,58.0,1475.2,2474.6,447.3,1298.9,4873.2,6003.0,2701.4,1043.4,3794.7,4836.1,2506.8,1868.9,1739.2,2142.3,931.8,3461.7,959.8,1724.5,1471.4,4965.8,7136.6,3894.6,1572.9,575.9
2026-09-16 23:45:00,730.6,468.8,1136.9,655.6,682.0,249.4,14.7,34.3,330.2,16.7,143.7,1231.6,3938.1,3869.6,1373.6,1177.1,120.1,58.5,1482.7,2429.5,446.7,1286.9,4842.9,5978.6,2658.1,1044.3,3774.7,4287.9,2498.5,1868.7,1736.1,2126.0,922.3,3442.9,953.7,1709.3,1450.7,4969.1,7114.4,3828.0,1551.3,574.9
