date,EE_buy,EE_sell,LT_buy,LT_sell,LV_buy,LV_sell,AT_buy,AT_sell,BE_buy,BE_sell,FR_buy,FR_sell,GER_buy,GER_sell,NL_buy,NL_sell,PL_buy,PL_sell,DK1_buy,DK1_sell,DK2_buy,DK2_sell,FI_buy,FI_sell,NO1_buy,NO1_sell,NO2_buy,NO2_sell,NO3_buy,NO3_sell,NO4_buy,NO4_sell,NO5_buy,NO5_sell,SE1_buy,SE1_sell,SE2_buy,SE2_sell,SE3_buy,SE3_sell,SE4_buy,SE4_sell
2026-08-17 00:00:00,644.4,368.9,885.3,736.2,647.6,74.4,47.0,54.7,311.6,11.4,173.4,1477.4,3141.1,2846.1,941.9,1524.9,55.2,60.0,1047.1,1439.2,406.7,547.3,4626.4,4638.0,2168.6,943.8,4154.1,5242.0,2374.7,2056.2,1509.8,2909.3,981.2,3341.6,872.1,1211.3,1298.8,4472.5,6695.2,4774.7,1398.8,227.6
2026-08-17 00:15:00,637.0,372.2,881.6,703.7,641.4,72.9,48.2,54.6,311.6,9.5,169.6,1475.0,3150.0,2685.3,969.6,1574.0,55.7,59.4,1047.5,1428.7,404.2,547.2,4616.5,4654.3,2140.4,939.4,4140.0,5212.6,2369.7,2057.6,1497.0,2778.1,973.5,3320.0,864.6,1237.7,1295.4,4480.9,6668.0,4777.8,1395.2,221.5
2026-08-17 00:30:00,621.0,384.8,1094.9,722.1,607.9,71.1,48.4,54.7,305.1,8.9,146.6,1467.7,3152.9,2684.7,968.0,1581.8,55.6,58.7,1046.7,1429.5,399.6,544.2,4646.1,4645.4,2111.5,940.0,4120.9,5201.5,2358.4,2058.3,1494.9,3041.7,969.5,3271.7,862.1,1264.4,1290.7,4267.6,6580.8,4786.1,1388.1,218.3
2026-08-17 00:45:00,616.5,388.4,1089.5,716.1,605.7,69.5,48.7,54.6,303.4,8.9,137.3,1460.1,3146.8,2773.8,934.0,1543.1,56.5,39.0,1059.4,1427.9,399.7,535.3,4635.7,4658.9,2083.7,942.6,4108.6,5169.9,2350.3,2061.2,1495.9,2986.7,960.2,3245.4,858.2,1290.6,1284.1,4215.8,6582.3,4793.8,1383.3,207.1
2026-08-17 01:00:00,620.9,399.2,889.5,713.4,632.4,67.5,49.4,29.9,297.2,4.6,178.3,1454.6,3043.2,2825.5,922.2,1578.0,56.3,55.9,1036.4,1437.8,400.7,524.2,4589.4,4636.1,2027.0,944.4,3908.6,5116.1,2329.5,2020.8,1471.0,2876.4,950.5,3214.7,855.6,1318.0,1276.7,4289.5,6611.0,4876.8,1381.3,192.1
2026-08-17 01:15:00,612.1,395.5,880.1,706.2,626.2,64.7,50.0,30.0,297.3,3.5,171.4,1453.1,3016.7,2816.4,901.5,1563.2,57.3,37.8,1033.1,1441.3,401.2,518.4,4573.4,4644.0,2006.2,948.5,3900.5,5094.6,2326.6,2023.0,1466.8,2847.6,946.1,3197.2,854.6,1338.4,1273.0,4231.4,6617.2,4880.3,1381.1,185.2
2026-08-17 01:30:00,611.1,397.0,869.8,697.8,622.4,59.5,50.3,29.9,300.3,4.7,170.1,1453.3,3028.3,2811.8,882.8,1559.5,59.0,58.4,1031.3,1444.8,401.6,513.6,4556.4,4644.0,1991.4,952.6,3895.6,5080.4,2323.6,2023.7,1465.3,2850.0,940.5,3180.5,853.6,1351.9,1267.5,4174.5,6590.9,4850.9,1372.0,179.5
2026-08-17 01:45:00,616.2,383.8,857.0,690.8,621.9,56.6,50.2,29.9,299.3,3.5,165.6,1450.4,3033.2,2790.7,872.4,1551.0,59.3,59.7,1038.1,1444.5,408.6,509.1,4543.7,4647.2,1970.0,945.3,3890.4,5067.3,2317.8,2026.9,1467.9,2844.4,937.2,3166.4,854.5,1360.4,1265.0,4119.8,6592.3,4881.6,1367.3,174.3
2026-08-17 02:00:00,607.0,401.4,850.8,724.2,619.9,54.5,56.1,9.9,318.0,1.0,235.4,1466.0,3043.2,2785.2,838.7,1499.1,34.8,60.7,1014.6,1424.5,400.9,505.7,4578.7,4658.6,1938.5,944.2,3958.2,5047.6,2302.1,2028.9,1446.0,2838.6,914.9,3108.4,856.3,1369.4,1265.2,4183.1,6602.4,4816.7,1373.2,168.9
2026-08-17 02:15:00,609.2,390.9,851.6,711.9,616.8,53.3,55.6,9.9,340.4,1.0,233.0,1464.6,3024.4,2779.1,850.1,1518.3,35.0,39.7,1027.3,1424.6,408.5,501.5,4574.0,4650.6,1926.1,947.5,3952.7,5032.5,2301.0,2032.0,1444.5,2845.8,912.3,3096.1,856.7,1369.9,1264.9,4190.1,6567.9,4817.5,1364.8,164.8
2026-08-17 02:30:00,604.0,391.1,850.4,703.6,614.4,52.3,55.4,9.9,342.5,1.1,226.6,1474.2,3047.1,2767.7,844.6,1514.1,37.4,38.6,1029.4,1427.7,410.3,496.9,4571.5,4657.1,1914.2,950.9,3952.8,4918.5,2300.0,2034.1,1444.1,2836.1,911.6,3084.9,859.5,1377.0,1264.8,4112.5,6567.2,4813.9,1362.6,159.9
2026-08-17 02:45:00,601.5,390.9,853.4,694.0,614.0,51.2,55.3,9.9,344.7,1.0,224.8,1469.5,3059.7,2761.0,845.7,1516.3,38.4,38.2,1028.2,1430.3,409.5,492.2,4563.9,4700.8,1901.8,945.4,3943.7,4844.6,2299.6,2034.7,1443.9,2842.8,909.9,3077.3,856.0,1390.4,1268.0,4028.2,6549.9,4813.5,1360.4,155.8
2026-08-17 03:00:00,606.5,380.5,851.2,705.9,593.2,50.0,43.6,20.4,346.4,1.0,221.7,1485.1,3046.6,2769.9,856.8,1473.1,36.7,55.6,1014.2,1426.7,399.7,486.5,4586.1,4749.8,1883.6,915.6,3915.6,4974.6,2278.9,2046.8,1435.7,2751.1,906.5,3100.1,855.6,1390.9,1270.8,4078.0,6405.1,4680.5,1355.1,144.2
2026-08-17 03:15:00,644.4,219.4,857.0,722.7,558.6,49.2,43.5,20.4,340.5,1.0,221.0,1486.9,3099.3,2760.5,847.9,1474.5,36.7,55.8,1009.7,1429.3,400.1,480.3,4584.1,4758.0,1876.7,920.5,3911.1,4985.9,2279.2,2044.3,1437.6,2966.3,905.2,3070.9,855.3,1397.2,1272.2,3843.3,6335.4,4740.6,1350.4,154.4
2026-08-17 03:30:00,611.5,385.5,862.4,681.3,594.9,48.3,43.4,20.4,345.0,1.0,219.0,1484.8,3165.0,2685.4,822.4,1458.2,58.9,55.9,1005.5,1437.0,398.2,474.5,4580.8,4768.9,1873.8,911.1,3908.0,4861.3,2278.6,2047.1,1435.2,2768.1,904.7,3081.8,856.1,1411.2,1272.0,3997.4,6380.8,4694.7,1367.8,150.5
2026-08-17 03:45:00,609.6,379.6,869.1,667.7,594.9,46.0,43.3,20.5,347.0,1.5,217.9,1488.5,3197.9,2709.5,809.6,1460.9,60.6,37.8,998.8,1446.7,393.5,469.2,4579.7,4774.4,1870.0,910.6,3908.7,4939.8,2279.1,2049.5,1433.7,2819.3,904.4,3073.7,852.3,1419.3,1269.9,3909.1,6351.7,4700.9,1375.7,149.2
2026-08-17 04:00:00,611.1,393.5,862.5,581.2,607.5,62.3,41.3,19.9,352.8,1.0,201.6,1487.8,3149.0,2676.6,803.2,1440.5,73.2,54.1,985.5,1454.8,399.1,461.9,4571.7,4836.5,1870.6,904.6,3956.7,4906.0,2279.0,2047.8,1440.1,2619.6,906.8,3102.7,853.0,1429.9,1269.8,4014.1,6356.6,4673.8,1392.3,147.4
2026-08-17 04:15:00,613.6,389.6,878.4,571.2,610.6,61.0,41.1,19.9,354.8,1.0,201.2,1487.1,3140.9,2668.8,814.0,1433.9,74.2,36.0,990.4,1464.0,399.7,462.1,4590.6,4840.7,1878.9,905.1,3965.8,4864.8,2280.7,2048.4,1439.3,2718.2,909.1,3091.0,855.7,1438.9,1267.2,3959.6,6350.0,4680.7,1404.4,146.0
2026-08-17 04:30:00,612.1,401.0,897.5,561.7,619.9,59.9,40.9,19.9,354.4,1.0,200.9,1487.5,3072.8,2709.3,761.0,1427.0,73.5,36.0,984.6,1476.4,394.5,461.0,4628.4,4839.9,1879.6,903.6,3968.8,4959.9,2281.9,2048.9,1438.2,2819.0,907.2,3082.1,858.0,1448.3,1268.5,3920.0,6334.1,4687.5,1408.4,144.8
2026-08-17 04:45:00,612.2,397.6,928.7,563.8,605.8,59.0,40.7,19.9,361.0,1.0,200.8,1492.4,3048.6,2712.5,744.7,1424.5,72.9,56.3,979.2,1503.7,388.4,461.0,4667.3,4844.3,1885.1,904.1,3970.1,5037.6,2281.6,2046.4,1439.7,2974.4,907.4,3077.7,858.8,1453.2,1269.9,3833.2,6319.7,4710.9,1421.6,147.6
2026-08-17 05:00:00,671.9,219.3,952.5,674.2,605.4,71.3,38.4,35.9,357.9,2.5,178.8,1464.2,3089.0,2729.6,787.5,1460.4,59.0,40.6,1033.3,1537.0,372.2,463.3,4862.5,4791.2,1896.8,919.2,3959.8,4946.7,2287.6,1988.7,1458.1,3036.5,915.3,3128.9,865.4,1503.0,1277.9,3984.4,6363.9,4864.0,1412.2,170.5
2026-08-17 05:15:00,670.5,243.5,986.0,706.0,616.6,75.1,37.9,35.9,365.7,2.5,178.2,1475.2,3043.6,2731.9,798.2,1462.1,59.1,41.2,1038.0,1547.1,369.1,466.2,4904.4,4785.2,1923.0,919.8,3969.1,4963.6,2296.4,2011.6,1462.0,3079.9,919.7,3136.0,870.6,1510.1,1290.0,4116.7,6425.4,4857.7,1442.5,164.3
2026-08-17 05:30:00,680.6,221.8,1008.5,747.7,623.2,96.4,37.4,35.9,345.8,3.7,183.0,1480.0,3041.4,2825.7,761.6,1466.6,62.5,59.7,1038.1,1562.7,371.3,462.1,4853.0,4794.5,1946.2,919.5,3984.6,4993.4,2301.3,1983.2,1464.6,3056.3,924.8,3166.1,875.0,1518.7,1300.8,4147.5,6490.2,5003.0,1474.0,161.6
2026-08-17 05:45:00,665.4,431.0,1031.2,695.3,639.5,103.9,37.0,35.9,359.6,5.9,187.2,1488.2,3052.0,2844.0,755.0,1489.0,59.3,59.4,1031.8,1575.4,374.3,477.8,4866.7,4798.3,1984.3,918.2,3997.4,5024.0,2309.4,2000.1,1471.3,3085.8,932.7,3185.8,881.0,1528.1,1312.9,4218.5,6583.2,4917.4,1513.7,159.6
2026-08-17 06:00:00,724.6,476.4,1034.4,842.6,670.9,111.8,34.8,58.9,367.8,11.3,189.5,1449.7,3384.3,2842.7,838.5,1449.6,64.0,59.3,1005.3,1564.8,404.5,461.0,5173.1,4822.3,2108.4,943.7,4203.2,5123.4,2358.3,1955.9,1524.5,3146.5,965.0,3308.3,902.0,1564.3,1654.4,5108.4,6901.3,5021.5,1623.7,154.8
2026-08-17 06:15:00,725.6,514.1,1049.2,831.8,683.2,144.1,34.1,59.1,377.4,12.5,192.3,1449.0,3395.9,3091.7,861.8,1460.6,45.3,59.4,1014.2,1567.8,410.9,464.1,5189.8,4806.7,2172.5,945.3,4225.8,5186.7,2384.3,1931.3,1528.6,3127.8,975.5,3369.7,906.8,1648.3,1673.0,5129.0,6970.9,5135.9,1677.0,152.6
2026-08-17 06:30:00,727.4,541.4,1038.9,869.2,696.8,189.0,33.2,59.3,389.6,12.2,196.3,1455.1,3085.0,3335.3,837.8,1457.1,29.8,46.2,1027.4,1564.9,414.6,459.1,5219.4,4781.8,2229.8,950.7,4264.0,5257.4,2407.9,1917.5,1538.7,3142.8,994.3,3428.6,916.7,1657.6,1693.5,5284.7,7104.7,5197.7,1729.9,147.8
2026-08-17 06:45:00,723.7,562.7,1026.4,858.5,715.0,228.1,32.0,59.5,405.4,13.2,200.8,1457.9,3111.4,3506.6,848.2,1467.7,28.4,47.7,1029.8,1578.9,417.0,461.1,5253.1,4836.5,2298.6,954.1,4291.7,5359.3,2432.3,1904.4,1545.6,3142.2,1007.3,3514.0,927.5,1667.9,1714.5,5284.5,7219.3,5246.5,1777.4,147.2
2026-08-17 07:00:00,759.1,598.1,1012.6,722.4,740.9,506.4,29.7,30.3,457.8,4.5,181.2,1448.2,2856.7,3245.1,887.0,1493.4,11.3,74.2,1218.5,1634.9,456.6,429.6,5397.2,4824.1,2460.5,1033.8,4627.7,5614.8,2538.5,1885.1,1616.7,3209.0,1061.1,3732.7,957.1,1710.8,1726.9,5558.4,7516.9,5310.5,1889.7,203.3
2026-08-17 07:15:00,760.1,618.1,991.6,726.6,761.4,550.6,29.0,30.6,472.4,53.0,186.3,1455.8,2836.1,3284.0,904.4,1503.0,59.1,66.6,1230.3,1644.0,458.4,429.0,5393.8,4917.2,2516.6,1042.7,4647.1,5690.7,2561.5,1881.7,1625.2,3214.1,1077.7,3803.9,966.9,1720.0,1734.9,5535.1,7600.8,5294.4,1922.4,195.6
2026-08-17 07:30:00,757.7,613.7,948.9,687.9,776.4,592.8,28.9,30.7,484.7,53.1,199.6,1461.7,2881.2,3533.1,934.7,1485.0,46.0,75.6,1231.5,1675.8,456.0,428.2,5421.2,4981.6,2552.5,1036.9,4660.2,5719.3,2571.3,1904.5,1632.2,3216.5,1081.6,3816.8,971.1,1722.5,1744.9,5524.7,7663.4,5336.2,1943.5,221.8
2026-08-17 07:45:00,738.7,577.7,900.2,688.3,782.7,642.6,29.1,32.2,492.6,54.5,205.3,1453.7,2902.2,3610.9,949.2,1479.6,55.3,66.6,1259.5,1712.1,454.7,434.0,5439.9,5060.2,2589.7,1034.5,4660.3,5809.5,2588.5,1894.8,1642.2,3228.3,1086.6,3906.7,978.0,1718.0,1755.0,5519.0,7737.4,5263.6,1974.8,176.0
2026-08-17 08:00:00,739.3,603.3,872.1,641.5,783.5,683.0,24.7,55.2,489.5,54.1,217.5,1407.3,2785.1,3737.2,1308.0,1579.5,53.7,84.0,1293.4,1754.7,450.2,427.5,5464.0,5087.2,2653.9,1075.2,4607.0,5961.3,2626.7,2333.4,1708.7,2628.0,1100.1,3871.4,974.4,1692.4,1788.4,5687.2,7795.8,5367.8,2005.1,240.0
2026-08-17 08:15:00,738.1,597.1,828.9,661.4,778.7,720.0,23.4,56.9,491.2,56.6,225.2,1428.4,3352.5,3493.5,1306.6,1573.5,57.7,82.3,1264.7,1798.7,444.7,430.3,5477.1,5111.9,2678.6,1074.4,4593.1,5946.7,2636.8,2325.3,1711.0,2621.4,1101.8,3880.0,972.5,1687.4,1789.5,5706.0,7804.1,5334.7,2013.2,189.5
2026-08-17 08:30:00,728.5,570.5,792.2,679.8,778.6,753.8,26.4,57.2,492.0,63.2,225.3,1454.1,3661.1,3367.3,1322.2,1643.2,71.6,80.6,1246.9,1845.8,440.7,442.9,5528.9,5139.1,2692.9,1072.5,4591.5,5905.2,2637.1,2323.1,1714.3,2621.6,1106.5,3853.7,973.0,1686.3,1790.3,5718.9,7800.3,5316.1,2005.9,194.5
2026-08-17 08:45:00,731.0,581.8,752.2,707.6,768.5,769.2,30.3,57.5,486.9,63.4,230.7,1453.4,3664.7,3315.1,1505.9,1881.3,75.7,78.9,1244.8,1894.1,435.4,443.8,5523.9,5147.1,2711.4,1071.7,4597.2,5878.0,2646.8,2319.2,1717.3,2629.2,1113.2,3837.3,984.4,1685.9,1787.3,5727.3,7803.2,5299.6,2010.4,199.3
2026-08-17 09:00:00,735.2,582.2,727.8,728.2,751.1,691.0,42.4,55.5,470.8,59.8,251.2,1473.5,3831.9,3615.4,1596.7,2067.2,63.6,94.7,1160.2,1977.7,463.2,471.9,5494.3,5060.1,2752.4,1061.3,4600.4,5818.9,2628.4,2180.9,1730.1,2822.3,1120.9,3638.3,999.2,1710.8,1781.5,5700.8,7764.8,5275.6,1991.9,250.8
2026-08-17 09:15:00,720.1,588.1,703.0,750.1,748.9,712.8,46.8,55.9,457.1,11.6,256.0,1489.1,3954.0,3589.3,1556.1,2096.5,62.1,95.5,1122.9,1956.7,463.1,471.3,5493.6,5058.6,2758.3,1059.9,4591.0,5763.0,2623.6,2170.6,1738.2,2812.9,1114.9,3599.7,1003.2,1715.6,1783.2,5685.5,7760.6,5288.5,1987.2,253.1
2026-08-17 09:30:00,716.3,609.0,680.2,762.2,746.2,726.2,49.8,56.2,443.4,9.3,247.1,1504.0,4206.6,3494.0,1544.3,2118.2,17.3,139.6,1123.8,1985.4,463.1,485.7,5494.3,5057.4,2767.2,1047.2,4581.7,5748.5,2619.5,2165.6,1733.3,2788.5,1116.8,3596.5,1003.7,1723.1,1779.2,5671.9,7761.0,5258.7,1979.3,257.5
2026-08-17 09:45:00,711.0,567.7,665.2,827.6,744.2,763.9,50.9,56.7,435.1,6.3,242.9,1515.5,4400.7,3483.5,1506.6,2158.1,16.7,149.5,1170.9,2034.7,464.2,485.5,5497.3,4962.2,2775.8,1058.3,4568.6,5743.4,2626.5,2152.2,1738.1,2867.9,1112.0,3597.0,1018.2,1637.6,1787.1,5611.8,7754.8,5299.7,1984.3,265.1
2026-08-17 10:00:00,705.7,620.4,655.1,1040.0,746.0,761.5,81.0,49.3,438.9,18.1,418.0,1573.3,4343.5,3775.9,1424.9,2074.0,46.0,199.5,1149.1,2123.5,466.4,475.3,5611.1,5030.4,2783.2,1006.4,4337.1,6117.7,2606.1,1987.0,1739.8,2833.5,1100.8,3528.9,1001.0,1677.5,1780.4,5482.2,7767.8,5181.0,2011.5,199.2
2026-08-17 10:15:00,693.1,627.7,648.8,1076.3,745.7,763.8,82.0,49.4,424.3,21.4,416.9,1588.8,4432.0,3836.4,1379.1,2083.4,45.7,199.4,1160.0,2057.3,467.5,482.7,5595.1,5024.5,2788.9,1005.6,4331.2,6033.6,2614.6,1990.7,1742.6,2808.6,1100.7,3473.0,997.2,1708.3,1779.2,5449.8,7733.3,5178.3,2000.4,196.8
2026-08-17 10:30:00,694.6,637.2,641.7,1089.5,748.5,749.7,82.7,49.5,412.9,24.2,418.8,1607.9,4447.2,3877.3,1378.3,2119.8,45.3,174.3,1182.5,2081.8,471.6,495.7,5581.9,5040.3,2782.5,1001.4,4332.8,5468.8,2612.1,1993.4,1739.2,2803.1,1095.1,3446.9,996.0,1745.0,1780.7,5420.1,7725.5,5150.7,1995.7,203.7
2026-08-17 10:45:00,686.8,644.4,640.5,1088.8,749.9,750.6,78.8,49.5,399.7,26.8,421.8,1624.1,4455.6,3976.3,1348.3,2135.4,45.0,174.2,1270.3,2099.1,470.1,504.4,5581.0,5053.1,2789.1,953.0,4321.0,4839.7,2617.6,1998.5,1738.8,2809.5,1088.2,3439.4,1002.9,1700.2,1774.8,5399.5,7713.4,5156.6,1979.8,206.9
2026-08-17 11:00:00,684.2,648.9,840.8,1168.1,740.8,620.8,86.6,6.3,335.7,50.1,448.3,1718.6,4495.8,4000.2,1317.9,2136.1,0.0,201.4,1214.0,2127.2,468.1,553.0,5578.1,5022.8,2798.3,940.4,4489.9,5557.1,2609.1,2029.3,1734.1,2779.4,861.0,3186.8,1003.4,1768.9,1764.3,5331.6,7705.1,5154.1,1957.5,218.0
2026-08-17 11:15:00,678.3,662.4,828.6,1190.0,740.5,615.4,88.7,6.4,313.0,52.9,448.0,1734.1,4761.7,4183.2,1302.4,2154.2,0.0,202.0,1206.8,2120.6,464.8,562.2,5573.4,5032.3,2799.3,938.3,4487.3,4974.5,2608.6,2020.8,1736.1,2793.5,929.4,3237.7,1005.8,1765.2,1759.4,5312.2,7692.8,5160.6,1944.8,221.8
2026-08-17 11:30:00,686.0,657.8,821.7,1201.9,746.2,597.6,83.8,6.5,300.6,55.8,460.5,1753.5,4804.7,4297.9,1292.8,2170.9,0.0,201.8,1215.1,2140.4,462.0,566.3,5569.9,5032.2,2786.5,936.3,4482.7,4313.7,2604.9,2022.6,1734.7,2791.9,1085.1,3361.8,1005.7,1764.2,1757.3,5294.1,7673.3,5139.5,1931.6,226.0
2026-08-17 11:45:00,689.7,661.2,813.1,1219.7,750.1,585.8,85.4,6.7,284.9,58.2,456.1,1759.2,4819.1,4320.4,1279.4,2188.9,0.0,201.1,1231.7,2153.0,458.0,569.7,5558.1,5059.1,2788.9,928.5,4483.0,3997.1,2608.9,2034.6,1736.0,2791.8,1085.4,3344.6,1004.9,1764.2,1755.9,5273.6,7666.4,5066.5,1915.5,230.0
2026-08-17 12:00:00,719.7,637.2,800.3,1204.0,751.9,565.7,110.1,6.8,264.3,51.9,313.2,1783.6,4653.0,4452.8,1364.8,2180.6,0.0,202.9,1312.6,2203.8,457.1,565.0,5508.7,4974.5,2791.3,919.8,4356.9,3585.3,2602.4,1982.1,1730.5,2848.4,1043.8,3450.7,1015.1,1677.5,1440.3,5133.1,7654.8,5063.6,1868.2,237.3
2026-08-17 12:15:00,717.0,637.6,805.1,1208.4,756.3,554.6,109.2,6.8,248.7,56.7,298.8,1792.1,5369.1,4972.6,1352.0,2190.8,0.0,200.0,1311.4,2203.9,453.1,566.1,5496.2,4971.9,2785.7,918.6,4356.2,3509.9,2602.9,1984.7,1729.9,2835.4,1048.3,3447.4,1014.5,1676.9,1444.1,5113.1,7671.7,5054.7,1855.1,240.1
2026-08-17 12:30:00,712.8,637.2,802.9,1221.0,756.9,538.3,112.6,6.8,248.1,62.6,308.1,1806.1,5919.6,4953.4,1384.5,2271.1,0.0,199.0,1305.6,2226.6,451.0,571.2,5541.4,5003.2,2781.8,913.9,4356.9,3481.5,2597.8,1986.0,1730.0,2829.6,1049.5,3441.4,1014.9,1676.4,1443.6,5089.7,7653.7,5061.8,1839.8,243.6
2026-08-17 12:45:00,709.0,638.9,802.0,1239.1,760.9,534.0,117.6,6.9,257.0,59.8,297.8,1816.3,5977.2,4362.6,1367.8,2254.3,0.0,210.3,1346.5,2247.7,442.9,518.3,5523.2,4996.7,2784.4,821.2,4404.9,3316.7,2600.0,1987.0,1735.6,2835.4,1059.4,3474.7,1013.8,1675.6,1444.3,5067.3,7677.3,5051.9,1834.9,247.0
2026-08-17 13:00:00,738.8,636.1,837.7,1264.6,777.9,511.0,104.2,6.9,279.5,68.8,324.6,1865.3,5821.4,4169.0,1266.5,2274.0,0.0,169.2,1310.5,2381.3,440.4,589.7,5513.6,4982.3,2768.3,926.3,4361.1,3579.8,2589.7,2094.1,1668.1,2655.9,1037.2,3308.8,1005.1,1803.5,1443.1,5007.0,7753.4,5180.5,1864.8,256.2
2026-08-17 13:15:00,730.3,631.3,844.2,1268.6,776.9,491.9,106.8,6.7,315.8,72.9,319.8,1885.4,5874.4,4269.2,1259.0,2256.0,0.0,164.0,1311.2,2562.1,441.7,598.2,5499.6,5016.0,2776.9,927.2,4357.5,3578.3,2594.3,2095.4,1672.6,2664.7,1050.0,3327.2,1006.1,1800.7,1443.8,4982.9,7780.6,5181.6,1865.9,258.1
2026-08-17 13:30:00,730.9,621.9,857.9,1075.1,779.8,475.2,105.1,6.3,318.2,68.2,323.5,1884.3,5868.9,4359.6,1245.1,2273.5,0.0,164.2,1307.6,2586.9,442.9,598.9,5490.6,5029.6,2768.4,826.1,4411.6,3369.0,2589.5,2096.0,1681.0,2674.0,1062.9,3357.8,1006.1,1798.1,1440.4,4956.0,7777.8,5170.5,1861.0,259.9
2026-08-17 13:45:00,729.9,614.5,866.5,1080.3,777.4,457.4,101.5,6.0,316.1,62.6,340.7,1902.5,5914.2,4393.4,1231.8,2223.9,0.0,163.9,1312.3,2610.6,475.9,329.4,5483.0,5065.4,2763.2,826.0,4412.8,3327.4,2593.3,2098.1,1689.2,2683.1,1045.7,3336.5,1011.8,1793.3,1440.7,4935.7,7765.7,5158.4,1854.6,258.5
2026-08-17 14:00:00,748.1,602.4,863.8,1080.1,768.4,426.5,101.5,7.6,316.9,76.1,372.4,1960.8,5735.9,4405.6,1277.0,2286.0,0.0,162.8,1388.5,2738.9,447.3,353.7,5476.8,5111.6,2749.9,829.6,4403.2,3407.2,2597.8,2156.4,1696.7,2643.2,1037.3,3179.5,1000.8,1788.2,1440.9,5030.8,7848.4,5156.0,1800.5,268.9
2026-08-17 14:15:00,736.8,594.9,881.0,1082.1,776.8,407.8,98.9,7.4,313.5,74.7,368.3,1967.5,5770.6,4238.2,1271.0,2261.2,0.0,164.3,1361.3,2759.4,450.4,355.6,5471.8,5140.1,2750.9,834.4,4413.8,3320.6,2598.1,2143.8,1704.1,2657.0,1053.5,3196.8,1000.4,1780.7,1446.1,5009.0,7839.9,5144.2,1801.8,268.7
2026-08-17 14:30:00,726.7,584.7,896.1,1089.2,782.3,389.7,98.8,7.2,314.4,78.4,367.0,1973.3,5756.9,4339.6,1265.3,2277.1,0.0,164.6,1352.4,2762.0,457.7,363.2,5465.0,5169.2,2743.1,834.2,4391.4,3407.0,2595.0,2135.8,1706.2,2670.4,1051.4,3196.0,1000.1,1771.3,1443.0,4987.0,7820.9,5137.4,1792.5,268.7
2026-08-17 14:45:00,702.1,588.2,914.5,1079.7,784.2,369.3,98.8,6.9,309.6,81.7,364.9,1996.9,5804.9,4441.6,1255.9,2274.9,0.0,170.0,1350.6,2806.8,452.4,368.0,5460.7,5212.3,2748.0,834.4,4395.1,3432.8,2601.6,2137.4,1703.0,2669.0,1058.5,3206.3,993.6,1757.9,1449.9,4968.0,7828.2,5128.8,1793.5,269.5
2026-08-17 15:00:00,693.7,567.0,928.2,1023.3,778.4,347.3,98.5,6.8,319.2,87.1,570.5,1981.0,5786.0,4490.3,1277.3,2282.6,3.1,91.3,1370.7,2805.2,445.3,377.3,5448.2,5164.1,2758.4,853.7,4440.8,3488.0,2614.7,2403.1,1728.3,2661.4,1068.5,3090.5,1005.8,1612.0,1385.2,4976.9,7707.6,5089.7,1782.0,258.0
2026-08-17 15:15:00,695.8,551.2,944.3,988.1,780.7,320.5,98.5,6.7,319.2,88.6,566.8,1965.7,5754.1,4482.3,1282.1,2249.6,2.7,92.0,1346.0,2811.3,442.0,375.1,5460.7,5207.6,2762.0,848.6,4437.2,3468.7,2615.6,2403.1,1735.8,2665.4,1042.2,3066.5,1007.8,1625.6,1385.7,4964.7,7689.8,5091.6,1777.5,256.9
2026-08-17 15:30:00,709.2,529.5,961.1,950.2,782.4,289.2,98.6,6.7,316.7,86.6,564.9,1948.6,5736.1,4774.3,1244.7,2200.8,7.3,93.3,1344.2,2810.6,440.7,375.2,5468.3,5254.2,2761.1,844.4,4446.2,3464.7,2609.5,2404.3,1735.8,2648.4,1043.4,3064.7,1006.5,1619.5,1380.5,4977.8,7716.9,5075.8,1777.2,252.1
2026-08-17 15:45:00,696.9,517.3,980.7,904.5,783.2,257.3,99.9,6.7,310.8,87.8,533.8,1945.7,5691.5,4888.9,1262.3,2188.0,6.9,93.4,1346.5,2848.1,441.3,372.2,5479.7,5279.5,2772.7,848.8,4441.6,3483.1,2612.1,2411.4,1735.0,2635.6,1043.7,3066.8,1008.1,1641.4,1377.3,4971.2,7740.3,5061.0,1784.9,247.7
2026-08-17 16:00:00,713.2,486.4,775.5,864.6,762.1,232.1,76.6,22.8,305.6,92.0,373.3,1876.1,5668.4,4871.0,1299.0,2145.0,44.7,71.8,1411.5,2877.5,435.9,355.4,5408.8,5203.9,2799.0,861.7,4393.7,3326.4,2625.0,2288.6,1725.7,2674.1,1074.5,3218.3,1008.4,1769.3,1377.2,5003.6,7730.8,5035.2,1781.7,240.7
2026-08-17 16:15:00,729.2,462.5,809.5,801.4,772.3,209.3,76.3,22.4,300.2,92.8,372.0,1876.5,5601.8,4958.9,1348.1,2153.5,49.3,72.0,1347.6,2880.9,438.0,355.4,5391.8,5213.9,2813.4,866.0,4374.7,3444.6,2627.2,2286.0,1720.3,2661.3,1058.6,3208.4,1002.4,1770.9,1375.9,4995.6,7755.4,5033.6,1791.2,241.0
2026-08-17 16:30:00,740.7,449.9,843.3,731.6,777.8,185.8,75.2,22.1,302.9,88.5,373.0,1841.2,5627.1,5111.3,1413.7,2133.8,25.7,83.6,1352.9,2886.5,443.9,357.5,5397.1,5266.1,2804.6,856.7,4318.2,3447.9,2622.3,2274.7,1722.1,2655.7,1054.2,3211.0,1002.6,1764.8,1383.0,5041.1,7792.3,5021.5,1805.3,234.1
2026-08-17 16:45:00,747.2,430.6,896.0,672.9,788.3,163.7,75.2,21.9,299.5,77.5,372.6,1825.2,4361.0,5174.0,1495.5,2118.7,10.3,82.1,1366.6,2957.7,437.1,354.5,5401.5,5265.0,2810.9,855.8,4307.8,3510.9,2631.0,2308.3,1728.9,2668.8,1054.0,3206.1,1002.8,1754.7,1376.1,5089.3,7857.2,5007.9,1829.7,228.4
2026-08-17 17:00:00,782.7,397.4,876.0,625.3,795.4,242.2,107.1,57.4,292.2,63.7,262.1,1783.6,5152.8,5652.3,1608.7,2135.4,85.7,55.8,1665.7,2958.1,480.8,341.7,5448.8,5271.7,2786.5,795.8,4222.3,3301.4,2626.6,2415.3,1714.9,2591.6,1071.0,3121.0,1015.0,1590.6,1429.0,5577.8,7932.8,5006.0,1885.8,217.1
2026-08-17 17:15:00,775.6,423.0,929.8,575.4,800.1,225.8,106.1,57.2,258.9,56.9,258.2,1773.9,4684.9,5579.7,1669.5,2121.7,76.4,56.4,1613.7,2944.9,484.7,507.6,5463.6,5308.2,2788.2,795.2,4220.2,3568.3,2624.7,2425.5,1715.8,2506.7,1066.1,3128.6,1005.1,1723.8,1429.9,5614.7,7989.5,4995.8,1907.1,208.7
2026-08-17 17:30:00,786.2,395.6,992.1,546.6,800.5,213.1,106.1,58.2,280.9,44.9,266.5,1747.0,4008.8,5623.3,1694.0,2088.6,62.6,65.7,1604.3,2921.4,491.7,646.9,5466.0,5314.3,2778.8,813.1,4222.1,3838.7,2615.0,2389.1,1718.8,2517.1,1068.8,3189.0,999.4,1707.3,1428.5,5647.1,8028.1,4997.0,1919.8,201.5
2026-08-17 17:45:00,795.1,393.1,1056.2,535.3,800.7,205.6,106.1,57.9,281.7,34.1,268.4,1735.8,3973.5,5820.0,1743.8,2052.4,51.7,64.9,1596.7,2981.4,485.8,659.5,5480.8,5285.5,2775.0,903.1,4228.7,4367.7,2615.3,2408.9,1714.4,2523.1,1072.5,3243.8,997.3,1687.1,1427.8,5635.6,8085.9,5027.5,1944.9,193.2
2026-08-17 18:00:00,798.7,355.2,1119.3,721.2,798.4,360.6,82.2,97.9,247.6,36.1,306.0,1605.4,4100.9,5324.1,1723.1,2064.8,40.9,44.0,1700.8,2780.8,497.3,699.5,5550.7,5207.0,2743.0,963.5,4292.0,4613.7,2613.2,2255.7,1713.3,2647.7,1077.3,3280.0,992.2,1717.6,1368.6,5669.8,8073.9,4994.6,1936.9,256.9
2026-08-17 18:15:00,806.8,335.2,1179.2,696.6,797.3,344.6,82.7,97.6,256.5,30.8,306.4,1577.7,4056.8,5374.9,1764.3,2044.6,41.8,43.4,1658.8,2755.9,497.5,702.3,5563.5,5196.2,2741.9,967.9,4298.6,5389.6,2613.4,2261.5,1707.2,2650.1,1076.7,3385.8,989.7,1696.2,1365.8,5662.2,8099.9,5020.7,1958.7,249.8
2026-08-17 18:30:00,815.1,326.9,1236.2,673.2,804.4,337.4,82.9,97.5,278.2,25.2,326.8,1565.9,3189.5,5347.8,1558.1,1820.7,57.1,37.1,1667.6,2822.3,492.2,706.1,5574.5,5172.6,2742.7,992.8,4309.5,6040.7,2604.4,2275.0,1706.3,2675.2,1080.1,3512.4,987.8,1673.6,1362.0,5660.3,8117.8,5032.6,1968.0,242.5
2026-08-17 18:45:00,821.4,356.2,1286.6,660.4,801.8,370.2,83.8,99.1,299.0,20.1,332.9,1541.8,2769.4,5201.8,1268.0,1472.8,67.6,35.4,1677.8,2843.4,488.4,718.4,5573.4,5153.8,2750.3,1030.0,4311.8,6059.4,2603.2,2310.1,1703.7,2677.1,1079.8,3492.7,983.3,1651.2,1355.2,5633.2,8127.4,5090.3,1982.4,235.5
2026-08-17 19:00:00,824.0,404.6,1317.7,613.7,811.5,466.7,57.6,40.8,315.8,47.8,266.8,1471.2,3108.2,4573.7,1035.2,1217.5,91.3,36.5,1706.9,2762.4,500.2,725.7,5522.9,5173.5,2742.7,1091.5,4501.7,6245.1,2616.5,2298.9,1710.4,2688.0,1084.9,3587.2,987.0,1612.2,1347.1,5415.3,8131.1,5098.6,2001.7,221.7
2026-08-17 19:15:00,829.6,404.5,1338.1,601.1,815.1,468.2,57.8,42.3,331.9,44.7,257.8,1451.4,2779.2,4806.5,1443.0,1564.4,92.2,36.2,1631.2,2722.9,487.1,734.4,5529.3,5174.2,2743.0,1100.8,4517.3,6287.6,2607.3,2260.0,1712.7,2698.5,1085.0,3605.8,990.7,1594.4,1346.8,5434.2,8122.5,5136.0,1988.1,217.9
2026-08-17 19:30:00,833.7,414.0,1351.6,574.3,813.4,482.4,57.8,43.3,347.2,44.1,268.3,1455.4,2754.8,4810.2,1451.5,1574.4,98.7,35.9,1635.1,2690.8,487.1,747.3,5521.7,5155.8,2740.0,1105.7,4537.2,6370.2,2609.6,2225.8,1713.1,2703.0,1084.5,3641.3,987.3,1580.1,1344.8,5420.0,8130.9,5185.1,1993.7,214.3
2026-08-17 19:45:00,839.2,414.4,1360.3,561.7,818.3,479.3,57.6,43.5,353.1,96.6,268.0,1440.5,2706.9,4750.8,1477.4,1561.2,87.5,35.7,1643.6,2673.1,491.5,768.5,5502.9,5129.9,2742.1,1113.0,4543.9,6367.4,2610.0,2209.4,1710.0,2700.0,1085.9,3653.3,985.1,1572.2,1349.3,5432.6,8125.4,5194.6,1998.2,265.9
2026-08-17 20:00:00,836.8,398.0,1356.6,590.6,815.0,482.7,34.3,23.1,369.5,74.2,332.9,1482.7,2579.1,4448.5,1262.9,1494.1,118.9,34.7,1166.9,2279.9,518.6,776.5,5381.3,5112.3,2736.4,1217.2,4447.8,6276.3,2613.4,2216.3,1708.3,2776.8,1074.0,3397.2,983.0,1550.3,1407.8,5334.6,8096.1,5154.4,2019.0,211.8
2026-08-17 20:15:00,847.1,290.1,1353.8,784.1,811.4,478.9,33.9,23.2,370.3,73.9,321.1,1478.0,2567.0,4420.6,1301.2,1520.5,119.3,34.6,1167.4,2223.9,514.6,792.2,5362.9,5067.1,2740.7,1223.0,4460.6,6274.3,2609.6,2152.7,1706.3,2773.0,1067.7,3440.7,980.5,1551.6,1412.8,5343.9,8078.9,5178.4,2017.9,211.7
2026-08-17 20:30:00,846.7,289.7,1339.1,778.6,806.6,469.4,33.8,22.1,378.9,73.7,317.0,1466.9,2568.2,4489.7,1324.5,1488.7,119.7,34.6,1176.9,2188.0,509.8,808.8,5343.7,5050.7,2730.3,1230.1,4475.3,6274.7,2610.6,2135.1,1710.3,2776.6,1072.5,3452.9,978.6,1547.7,1413.0,5371.5,8061.2,5142.5,2017.2,211.7
2026-08-17 20:45:00,845.2,288.2,1315.4,774.4,797.7,467.9,33.4,21.9,381.2,73.6,318.8,1458.2,2586.5,4513.8,1333.1,1507.3,118.1,34.6,1190.4,2157.0,504.6,821.1,5316.7,5005.6,2739.7,1234.3,4488.1,6272.6,2607.4,2127.7,1706.0,2780.9,1073.0,3460.2,977.7,1559.8,1418.2,5386.9,8033.3,5130.1,2011.0,266.1
2026-08-17 21:00:00,823.1,322.9,1281.9,529.0,781.6,462.7,28.6,21.6,408.2,70.4,255.0,1444.0,2519.1,4235.9,1292.5,1528.7,185.3,31.6,1212.5,2203.9,486.9,835.1,5376.6,5151.8,2728.3,1239.6,4533.7,6276.8,2618.7,2143.6,1703.6,2631.7,1077.6,3754.1,968.4,1537.9,1444.3,5384.1,7940.2,5233.1,2003.3,292.4
2026-08-17 21:15:00,812.9,317.8,1242.6,523.3,771.1,464.0,28.7,20.1,415.0,70.4,241.3,1444.7,2520.8,4302.9,1303.5,1503.0,165.7,31.8,1208.6,2153.8,481.4,852.2,5404.4,5157.2,2732.3,1243.7,4534.5,6273.5,2616.9,2136.5,1708.4,2631.2,1077.5,3663.0,965.2,1546.1,1447.9,5440.3,7883.1,5210.3,1989.6,322.8
2026-08-17 21:30:00,805.6,328.1,1207.5,518.2,757.6,455.1,28.3,20.1,412.7,70.4,227.2,1437.5,2521.4,4161.6,1339.1,1497.7,156.2,31.7,1205.4,2120.1,479.9,873.6,5396.2,5169.6,2727.6,1249.3,4546.6,6271.3,2607.4,2108.6,1706.1,2618.4,1079.8,3521.5,961.6,1553.6,1449.5,5494.6,7836.1,5194.6,1974.9,269.2
2026-08-17 21:45:00,792.2,284.2,1169.9,512.8,741.5,452.8,27.8,20.1,410.1,15.4,223.9,1436.9,2504.0,3813.6,1371.6,1446.7,164.4,31.8,1228.5,2070.0,485.5,886.5,5369.8,5147.2,2720.0,1247.7,4545.1,6177.8,2612.2,2108.8,1702.6,2616.4,1073.3,3407.2,959.9,1562.0,1450.0,5516.1,7786.9,5165.3,1973.9,270.5
2026-08-17 22:00:00,755.7,298.5,1127.2,477.3,719.0,350.3,15.5,68.2,409.2,13.8,195.8,1434.8,2358.9,4065.7,1301.7,1434.9,129.8,22.4,1502.7,1986.2,447.5,930.5,5229.6,5171.5,2683.6,1270.4,4510.7,5993.6,2623.7,1972.9,1686.1,2649.0,1080.6,3598.6,945.2,1520.6,1379.6,5484.3,7638.7,5150.4,1901.0,216.0
2026-08-17 22:15:00,749.0,246.0,1096.0,472.8,699.6,350.2,14.7,68.2,405.6,13.8,180.1,1448.4,2999.7,3979.7,1297.6,1433.4,130.0,24.7,1477.6,1920.2,444.4,935.8,5177.7,5117.5,2662.5,1266.9,4500.6,5962.5,2619.1,1969.9,1686.2,2669.4,1075.8,3564.8,940.3,1523.0,1374.1,5457.5,7553.1,5127.3,1876.3,209.2
2026-08-17 22:30:00,743.7,240.7,1071.6,479.2,682.9,348.4,16.9,68.2,401.6,13.8,193.8,1461.3,3022.7,3987.0,1297.4,1444.7,110.2,24.8,1468.0,1903.8,441.5,947.4,5119.6,5052.2,2624.4,1263.9,4500.8,5949.1,2608.4,1951.9,1678.3,2693.0,1069.7,3552.6,942.5,1429.3,1366.9,5437.8,7455.6,5146.0,1853.0,210.9
2026-08-17 22:45:00,741.3,238.3,1048.5,475.4,667.0,341.7,16.9,68.3,396.2,13.8,187.0,1442.0,3123.2,3859.4,1296.5,1420.2,110.3,25.0,1461.9,1887.2,444.5,949.4,5061.7,5001.5,2596.7,1206.6,4485.2,5854.4,2602.4,1951.8,1677.9,2742.4,1065.3,3484.5,936.4,1317.9,1356.8,5468.0,7360.3,5136.9,1829.6,212.7
2026-08-17 23:00:00,706.0,275.0,1013.1,457.9,649.6,204.8,13.7,58.2,397.5,1.0,185.3,1427.0,3216.2,4129.9,1202.3,1340.3,18.5,60.1,1312.3,1745.7,425.0,977.5,4905.6,4922.5,2496.0,1297.2,4413.0,5818.7,2592.5,1873.2,1649.8,2669.1,1052.0,3595.9,927.5,1316.6,1374.9,5318.0,7219.8,5201.7,1838.9,241.7
2026-08-17 23:15:00,698.2,271.7,997.4,435.9,638.0,197.7,14.4,58.2,396.3,1.0,176.6,1436.4,3221.6,3659.3,1180.4,1331.5,18.1,49.8,1304.3,1711.9,422.8,989.5,4859.0,4996.1,2459.6,1179.7,4400.4,5712.4,2584.3,1899.1,1645.9,2773.0,1042.8,3494.8,922.9,1226.4,1362.8,5332.0,7118.2,5195.0,1812.1,241.6
2026-08-17 23:30:00,689.7,258.3,984.6,445.8,624.4,197.3,14.7,58.2,390.7,1.0,172.8,1432.4,3225.1,3646.1,1186.1,1314.0,0.0,51.7,1309.9,1664.9,428.9,994.6,4855.6,5005.3,2424.7,1178.8,4394.1,5582.5,2576.6,1920.3,1644.6,2823.3,1030.6,3379.4,917.4,1209.9,1351.0,5341.5,7027.1,5206.4,1789.6,243.8
2026-08-17 23:45:00,681.9,254.7,973.7,422.0,614.8,191.8,14.8,58.2,384.0,1.0,171.3,1432.5,3228.6,3523.5,1157.0,1309.4,0.0,64.1,1311.8,1645.3,430.9,996.3,4824.3,4914.2,2380.7,1178.6,4374.8,4980.8,2566.9,1895.3,1640.1,2832.1,1030.3,3352.2,913.0,1172.0,1337.8,5355.7,6924.6,5180.2,1757.8,248.9
2026-08-18 00:00:00,691.6,208.4,965.6,183.9,600.7,43.8,63.3,18.3,322.5,21.5,215.0,1497.3,3055.1,3636.7,881.2,1334.5,94.8,55.6,989.2,1547.3,415.1,954.3,4902.6,4639.1,2302.0,972.7,4183.3,5327.8,2531.3,1804.5,1592.9,2931.8,1007.5,3486.8,909.7,1717.9,1331.9,4599.4,6837.7,4744.0,1657.3,194.4
2026-08-18 00:15:00,684.9,204.3,956.8,174.0,591.0,43.5,63.7,18.3,321.2,21.5,203.0,1494.2,3056.9,3618.4,915.1,1379.9,120.4,44.1,994.0,1520.3,415.1,942.9,4905.4,4594.1,2275.7,971.8,4177.1,5196.9,2518.3,1800.5,1587.9,2927.9,997.5,3385.5,902.1,1674.9,1322.0,4615.9,6781.7,4755.0,1639.0,195.3
2026-08-18 00:30:00,680.8,199.8,946.4,167.7,586.2,41.9,64.1,19.0,320.9,21.5,191.7,1487.1,3060.0,3598.0,883.8,1370.7,94.3,55.2,1007.2,1502.2,419.2,936.2,4942.2,4573.8,2239.5,962.2,4161.5,4721.1,2514.0,1797.5,1584.9,2923.8,989.8,3356.3,895.9,1632.5,1314.1,4639.3,6729.8,4724.1,1630.9,199.7
2026-08-18 00:45:00,673.5,195.5,939.0,161.5,583.9,40.2,64.5,19.0,325.2,21.5,169.3,1486.9,3054.2,3389.3,877.2,1374.3,114.1,53.1,1011.9,1484.8,430.2,929.7,4948.0,4561.5,2210.6,882.2,4154.0,4135.4,2503.9,1797.5,1583.2,2919.3,979.5,3338.9,890.1,1591.7,1307.0,4661.8,6682.2,4737.1,1612.3,200.3
2026-08-18 01:00:00,671.7,192.6,929.4,149.3,579.2,40.4,24.7,24.5,356.4,1.0,171.4,1473.6,2942.0,3710.0,883.2,1231.5,93.9,55.1,983.9,1458.2,428.0,946.4,4943.1,4559.5,2152.3,886.2,3816.2,4371.6,2482.7,1760.6,1553.7,2884.5,966.0,3379.4,883.2,1639.1,1262.1,4692.9,6615.6,4755.5,1625.6,239.9
2026-08-18 01:15:00,667.8,190.0,922.1,146.0,572.9,39.7,25.1,24.7,352.8,1.0,163.7,1473.6,2939.2,3693.6,851.1,1220.5,92.2,55.0,981.8,1441.1,427.6,941.2,4934.8,4544.8,2129.5,887.3,3809.2,4246.6,2477.7,1761.2,1550.7,2882.1,961.8,3360.3,880.1,1604.9,1257.2,4706.8,6581.7,4762.4,1615.3,240.2
2026-08-18 01:30:00,713.9,191.9,938.3,141.9,565.6,37.9,25.5,24.5,353.1,1.0,170.4,1474.0,2940.7,3575.8,819.4,1225.9,90.6,54.9,978.5,1424.3,426.8,939.0,4919.1,4576.7,2110.5,888.4,3804.0,4052.6,2472.8,1760.7,1548.8,2880.6,954.9,3339.3,876.8,1573.8,1254.7,4727.0,6549.5,4764.8,1609.5,236.4
2026-08-18 01:45:00,707.7,185.7,938.1,135.4,570.6,37.0,26.1,24.5,352.6,1.0,159.2,1474.8,2948.5,3359.9,799.4,1229.2,89.0,54.9,990.4,1407.6,433.3,929.7,4909.7,4560.1,2085.9,889.5,3797.4,3917.2,2469.9,1760.0,1553.2,2885.3,952.3,3319.8,874.1,1547.1,1251.7,4739.8,6557.1,4776.3,1603.0,238.2
2026-08-18 02:00:00,712.9,190.9,940.2,134.9,559.9,44.8,26.5,83.0,351.5,10.2,129.4,1532.4,2904.9,3339.9,833.0,1245.3,87.4,57.8,994.6,1391.8,431.6,927.4,4843.8,4522.4,2051.4,887.2,3521.6,4118.2,2467.8,1749.1,1533.8,2867.6,950.2,3333.6,874.5,1562.9,1230.9,4718.9,6630.1,4912.8,1601.2,235.2
2026-08-18 02:15:00,710.8,188.8,939.6,133.3,563.9,44.3,26.9,83.0,344.7,10.2,116.0,1533.6,2954.0,3319.4,813.9,1246.5,86.8,57.7,997.0,1370.5,435.0,918.1,4841.1,4526.6,2042.0,882.4,3517.5,4076.4,2461.7,1748.3,1532.1,2866.0,943.9,3322.4,873.5,1546.2,1230.3,4733.2,6657.5,4912.5,1603.0,235.1
2026-08-18 02:30:00,711.1,189.1,938.6,132.9,561.2,39.4,27.5,83.0,343.8,10.2,107.8,1538.6,2917.5,3299.7,803.0,1251.3,106.2,57.6,994.1,1348.4,430.5,911.5,4808.9,4480.6,2031.5,882.3,3516.0,4068.0,2460.4,1745.2,1530.5,2864.6,944.5,3320.6,872.5,1535.6,1229.4,4740.4,6595.5,4902.1,1593.7,235.2
2026-08-18 02:45:00,705.8,183.8,937.7,131.0,566.1,35.8,27.7,83.0,341.4,10.2,93.9,1540.1,2987.7,3278.0,795.0,1263.9,85.6,57.6,983.0,1329.1,426.4,905.4,4805.8,4500.1,2017.8,881.2,3515.9,4091.2,2459.7,1745.3,1528.9,2863.3,941.7,3313.2,871.8,1531.8,1228.5,4756.5,6643.8,4913.2,1590.1,234.1
2026-08-18 03:00:00,636.7,201.7,941.3,114.3,567.0,34.3,27.5,57.9,343.4,7.9,110.3,1504.2,2895.2,3237.6,818.6,1283.2,85.0,57.7,971.2,1306.3,424.2,890.9,4737.9,4519.8,1995.9,881.2,3539.3,4079.5,2471.5,1735.1,1519.6,2858.9,937.9,3294.1,873.1,1512.0,1258.4,4781.6,6559.1,4937.0,1589.0,233.7
2026-08-18 03:15:00,632.2,208.0,949.0,112.6,570.7,34.1,27.8,57.8,335.5,7.9,104.5,1504.9,2926.3,3206.2,797.8,1286.6,84.9,57.8,969.9,1281.4,422.3,879.8,4740.0,4528.2,1990.4,881.2,3539.6,4056.3,2471.1,1734.0,1523.1,2862.5,939.0,3293.4,873.7,1519.2,1257.3,4789.2,6589.0,4937.2,1581.2,235.8
2026-08-18 03:30:00,631.4,205.4,957.2,114.1,572.6,33.7,27.7,57.8,335.8,7.9,101.4,1506.1,3035.7,3181.3,790.9,1293.8,84.7,57.6,958.0,1246.3,416.7,869.3,4744.9,4503.3,1988.3,880.2,3538.1,4075.5,2468.9,1731.1,1518.8,2858.6,938.6,3294.8,873.9,1528.3,1258.7,4789.3,6556.4,4925.5,1580.5,232.6
2026-08-18 03:45:00,630.9,209.0,937.9,114.2,577.0,33.9,27.7,57.9,335.9,7.9,92.1,1506.5,3077.9,3105.7,787.9,1310.6,84.6,57.7,954.0,1220.7,409.8,858.0,4753.2,4472.9,1984.4,879.3,3539.5,4107.1,2471.3,1728.5,1515.8,2855.9,937.7,3297.2,875.7,1541.6,1261.1,4789.8,6561.1,4930.8,1575.6,230.5
2026-08-18 04:00:00,706.1,184.1,955.0,118.5,587.3,123.5,23.0,77.3,341.2,3.0,75.1,1508.5,3155.9,3075.2,798.6,1340.1,84.5,81.3,931.5,1193.4,404.5,842.1,4806.4,4433.2,1982.8,856.2,3512.8,4166.4,2503.1,1730.6,1510.8,2853.1,935.2,3336.1,881.2,1667.3,1268.7,4879.3,6412.2,4809.2,1577.2,228.0
2026-08-18 04:15:00,692.5,181.4,969.4,116.0,587.3,130.4,22.9,78.0,342.7,3.0,78.3,1508.5,3099.7,3042.4,782.5,1342.0,84.4,82.0,931.2,1165.2,403.4,840.0,4823.9,4445.2,1991.7,854.0,3515.8,4142.2,2504.6,1729.2,1510.2,2852.5,938.0,3345.0,882.9,1679.6,1272.5,4873.5,6414.7,4808.9,1581.4,227.2
2026-08-18 04:30:00,686.0,164.0,987.2,115.6,599.5,130.1,22.6,78.0,339.2,3.0,79.1,1508.7,2997.0,3052.4,731.2,1353.3,104.2,82.7,927.9,1135.5,402.2,832.1,4810.9,4458.5,1988.8,851.8,3517.7,4175.8,2503.9,1729.1,1508.5,2851.0,934.9,3342.7,884.8,1687.2,1276.7,4877.3,6414.4,4809.9,1582.9,225.2
2026-08-18 04:45:00,689.0,167.0,1004.1,116.8,602.9,132.2,22.1,78.0,344.7,3.0,77.1,1508.4,2971.3,3021.5,719.6,1370.5,84.1,83.6,926.2,1106.3,401.4,822.7,4843.1,4496.6,1995.1,866.7,3523.0,4231.1,2507.7,1749.7,1511.4,2854.2,933.1,3331.2,885.7,1691.2,1281.6,4881.1,6430.0,4816.8,1591.0,225.5
2026-08-18 05:00:00,687.4,197.2,1058.1,137.6,639.0,197.6,13.2,39.0,365.4,10.7,182.9,1428.1,3155.4,3068.2,760.3,1441.3,104.0,140.5,925.8,1271.6,400.4,815.2,5146.7,4237.4,2020.5,872.5,3607.5,4189.6,2548.4,1822.3,1522.4,2844.3,941.0,3402.7,890.6,2116.9,1240.4,5132.8,6478.5,4785.5,1586.3,190.0
2026-08-18 05:15:00,695.1,192.4,1085.0,139.3,642.1,209.5,12.6,38.3,337.1,10.7,173.9,1427.7,3033.1,3102.8,761.8,1444.3,83.2,152.0,921.1,1259.9,387.6,815.3,5179.8,4281.0,2047.7,870.0,3619.6,4370.6,2553.7,1830.6,1523.6,2845.9,945.3,3421.6,896.0,2115.7,1251.8,5120.4,6530.9,4812.0,1614.8,188.1
2026-08-18 05:30:00,701.1,211.1,1106.1,141.0,648.9,223.0,12.2,38.4,345.6,10.7,178.5,1427.0,3026.1,3216.3,731.3,1452.8,82.4,152.6,927.7,1218.4,388.3,800.8,5177.6,4358.8,2075.0,864.5,3635.5,4393.3,2558.3,1841.8,1525.4,2849.2,951.3,3438.2,901.8,2117.4,1266.0,5129.4,6610.0,4809.9,1634.5,189.9
2026-08-18 05:45:00,710.5,188.5,1125.0,142.8,659.0,282.2,11.9,38.3,350.2,10.7,176.0,1433.7,3030.3,3339.0,736.4,1508.0,81.5,79.3,933.6,1199.5,390.1,813.5,5203.1,4378.6,2112.7,876.6,3649.1,4621.3,2570.7,1848.5,1523.5,2850.9,957.2,3552.4,908.6,2121.2,1282.3,5158.8,6703.5,4860.7,1668.0,190.1
2026-08-18 06:00:00,740.8,218.8,1173.2,210.4,687.4,291.2,7.6,73.8,375.0,12.4,153.6,1419.5,3236.4,3350.4,835.6,1513.5,80.7,162.2,1019.5,1050.7,404.2,802.4,5372.7,4084.0,2239.4,818.5,3659.9,4558.3,2611.6,1993.4,1525.2,2834.1,986.2,3591.9,937.0,2642.8,1326.8,5317.8,6971.2,4864.4,1771.0,191.5
2026-08-18 06:15:00,746.3,224.3,1186.9,216.2,706.2,317.9,7.1,74.1,383.9,12.4,155.8,1422.6,3240.9,3410.5,862.4,1512.8,81.3,185.0,1031.9,1044.8,406.9,798.8,5415.6,4235.9,2302.6,916.8,3688.7,4767.2,2637.3,1996.8,1522.9,2836.2,998.6,3740.5,948.6,2641.0,1350.0,5274.5,7087.5,4901.1,1813.0,192.6
2026-08-18 06:30:00,744.9,222.9,1198.7,222.4,722.3,339.6,7.0,74.5,398.4,12.4,159.8,1430.5,3240.0,3622.6,862.6,1517.6,101.8,164.5,1043.5,1009.0,409.1,776.8,5421.5,4351.4,2352.3,913.7,3720.6,4871.4,2648.2,1994.6,1530.6,2842.7,1017.9,3816.9,961.3,2631.7,1374.9,5246.8,7210.7,4929.0,1838.4,186.8
2026-08-18 06:45:00,756.1,331.1,1220.1,256.9,742.0,298.8,6.6,74.9,413.4,12.5,161.1,1433.6,3241.6,3757.9,857.5,1527.6,102.3,84.6,1047.6,983.0,408.3,750.1,5454.3,4359.2,2417.1,927.2,3737.7,4877.8,2673.2,2082.0,1534.8,2843.2,1030.9,3793.9,968.4,2613.6,1393.4,5268.3,7305.8,5004.1,1875.4,185.8
2026-08-18 07:00:00,773.1,387.2,1251.3,193.5,766.7,327.4,6.9,42.8,457.6,27.3,148.6,1442.3,3454.0,3951.4,908.7,1555.4,40.4,56.0,1139.8,990.4,444.2,701.2,5470.3,4548.9,2569.2,1054.4,4138.7,5431.6,2825.0,2281.5,1681.9,2440.5,1068.2,3962.6,990.4,2872.0,1429.1,5305.1,7632.2,5124.0,1965.5,179.4
2026-08-18 07:15:00,774.5,424.5,1267.0,192.4,785.5,327.1,6.9,43.3,466.7,27.4,154.0,1448.4,3462.8,3932.2,894.0,1587.4,39.3,58.5,1149.6,929.5,446.9,683.4,5493.1,4554.1,2615.9,1062.2,4148.8,5431.1,2844.4,2319.0,1688.5,2451.2,1082.7,3961.5,993.1,2847.9,1439.0,5322.9,7685.9,5079.4,1981.3,178.9
2026-08-18 07:30:00,784.5,445.9,1263.7,192.3,802.0,337.4,7.1,43.7,481.3,31.1,159.7,1456.6,3470.5,3988.6,913.2,1621.0,80.8,58.5,1156.2,917.2,445.8,663.1,5513.8,4545.3,2644.6,1061.1,4159.8,5444.2,2832.0,2353.6,1694.9,2466.4,1087.0,3946.2,999.0,2825.7,1449.7,5350.9,7705.4,5187.7,1988.0,184.4
2026-08-18 07:45:00,771.8,419.8,1259.8,194.5,808.7,361.1,6.7,44.1,491.7,33.3,164.3,1466.1,3477.9,3865.3,929.9,1611.1,57.5,76.9,1212.3,916.3,442.5,648.4,5515.5,4538.6,2674.1,1055.8,4157.5,5412.0,2849.6,2357.9,1707.5,2473.9,1091.0,3936.0,1003.8,2804.4,1463.1,5413.9,7748.2,5131.9,2002.1,184.4
2026-08-18 08:00:00,748.8,415.1,1263.1,180.9,810.0,342.9,10.2,23.2,472.0,18.7,169.3,1417.9,3747.4,4095.8,1332.3,1709.8,243.3,37.2,1203.1,903.3,441.9,617.0,5561.5,4546.1,2715.0,920.8,4054.8,5571.7,2905.6,2473.7,1708.0,2485.0,1121.3,3866.4,996.9,2866.4,1465.6,5345.5,7788.7,5103.0,1985.0,194.6
2026-08-18 08:15:00,738.4,394.8,1261.9,178.4,812.7,356.8,11.1,23.7,473.4,20.9,176.0,1425.0,3834.3,4036.4,1339.3,1692.4,194.0,37.2,1177.6,899.9,440.4,605.8,5563.5,4571.4,2728.5,917.7,4040.0,5536.0,2890.5,2486.7,1709.7,2489.1,1122.1,3840.8,997.4,2857.2,1468.5,5357.5,7805.2,5052.7,1993.8,196.6
2026-08-18 08:30:00,731.2,408.6,1254.4,171.6,814.0,382.5,12.8,24.3,473.2,15.0,170.9,1428.9,3818.2,3951.6,1349.0,1675.9,145.1,42.5,1179.5,877.3,439.9,583.6,5578.0,4586.2,2729.8,910.2,4033.0,5410.4,2889.6,2507.4,1711.6,2491.7,1125.0,3792.6,999.7,2857.7,1473.0,5432.2,7808.6,4945.7,1991.5,200.8
2026-08-18 08:45:00,738.3,423.2,1239.7,172.0,811.3,391.5,14.4,25.4,471.2,11.2,179.5,1449.8,4043.1,3931.6,1386.3,1670.2,154.1,37.2,1201.7,891.3,437.3,574.7,5578.4,4606.2,2740.7,876.4,4039.6,4673.0,2898.6,2512.1,1713.7,2493.2,1133.1,3713.9,1010.4,2865.3,1477.3,5456.0,7800.2,4957.7,1989.3,201.8
2026-08-18 09:00:00,728.6,437.4,1219.6,133.8,804.3,401.7,115.1,7.8,470.8,2.6,192.1,1491.3,3868.2,4159.5,1362.1,1724.9,123.4,57.9,1198.6,858.6,476.8,541.2,5453.4,4547.4,2739.7,909.0,4209.9,5133.5,2879.4,2529.5,1750.4,2498.4,1124.9,3690.6,1026.8,2841.4,1541.8,5439.1,7697.1,4938.4,1937.6,232.8
2026-08-18 09:15:00,721.4,447.3,1200.6,133.8,795.4,428.3,115.3,8.1,471.5,1.8,192.0,1522.1,3946.6,4099.6,1365.6,1726.6,120.4,68.2,1195.5,818.9,477.8,533.8,5445.2,4571.0,2738.8,887.2,4203.5,4464.2,2810.7,2527.7,1752.1,2495.0,1124.8,3625.4,1029.2,2858.3,1540.5,5403.9,7657.4,4811.9,1919.7,225.3
2026-08-18 09:30:00,717.3,461.3,1187.2,131.6,791.5,450.4,118.9,10.9,466.2,1.9,174.8,1546.3,4059.1,4089.4,1368.1,1696.9,137.6,37.1,1191.8,817.3,478.8,534.5,5425.5,4591.4,2746.5,877.5,4136.6,3751.9,2846.5,2525.7,1747.9,2474.1,1127.5,3548.9,1029.0,2872.7,1538.7,5403.1,7619.0,4829.0,1897.1,232.0
2026-08-18 09:45:00,711.3,467.0,1155.8,137.2,780.5,468.1,121.1,11.2,460.7,2.0,177.7,1574.0,4050.6,4078.4,1545.6,1924.0,172.0,17.2,1244.1,820.4,489.8,523.1,5415.7,4614.1,2748.1,874.1,4183.2,3656.9,2886.3,2527.3,1751.2,2484.8,1122.7,3539.3,1028.6,2886.2,1533.7,5413.0,7599.4,4840.4,1891.7,238.4
2026-08-18 10:00:00,714.1,485.2,1105.7,159.6,766.3,382.4,154.4,6.4,458.3,1.2,424.2,1674.9,4052.4,4602.7,1553.8,1976.6,116.3,130.7,1232.9,883.0,495.9,514.7,5542.2,4576.7,2767.0,818.0,4010.8,3660.0,2890.6,2512.3,1754.6,2453.4,1119.1,3599.8,1023.2,2933.7,1408.2,5363.4,7562.0,4863.0,1899.1,277.6
2026-08-18 10:15:00,712.9,498.7,1077.4,169.3,760.0,408.2,152.7,6.3,447.6,1.3,427.6,1698.8,4100.0,4249.9,1514.1,1996.7,116.3,130.1,1241.8,810.7,500.7,493.6,5533.1,4589.6,2767.0,817.1,4020.6,3582.0,2888.2,2507.0,1761.4,2439.9,1122.0,3575.4,1020.0,2946.4,1397.3,5281.4,7505.8,4877.2,1879.9,285.0
2026-08-18 10:30:00,708.3,489.5,1065.7,172.0,757.8,420.9,152.8,6.3,439.8,1.4,434.3,1729.9,4102.4,4144.6,1520.7,1907.2,116.3,128.4,1242.7,816.4,502.5,489.5,5543.9,4606.8,2767.9,814.7,4098.9,3350.8,2883.4,2509.8,1755.8,2435.7,1114.7,3548.6,1020.4,2952.8,1399.0,5274.8,7484.9,4887.3,1867.2,291.9
2026-08-18 10:45:00,705.3,490.3,1042.5,175.4,754.4,426.7,153.2,6.2,431.9,1.5,426.8,1748.7,4108.4,4255.4,1485.8,1713.2,116.3,105.0,1305.8,821.7,547.3,246.5,5537.1,4618.5,2768.4,813.7,4091.5,3239.7,2886.4,2507.5,1755.2,2432.1,1110.1,3537.0,1023.7,2956.3,1394.3,5259.5,7446.6,4900.0,1854.7,295.2
2026-08-18 11:00:00,678.6,480.3,990.8,152.7,745.7,439.8,210.0,6.1,401.8,15.2,317.6,1863.7,4254.7,4586.6,1477.6,1631.3,121.0,165.2,1255.6,763.5,486.0,503.3,5473.1,4650.7,2770.7,808.7,4472.8,3347.7,2834.6,2539.6,1753.4,2445.8,1114.1,3473.8,1032.8,3008.7,1448.5,5158.2,7399.4,4904.8,1835.7,316.0
2026-08-18 11:15:00,682.2,489.7,962.0,185.4,744.5,456.7,210.6,6.1,405.1,15.2,319.1,1870.6,4305.5,4577.8,1449.2,1663.3,121.0,142.8,1258.3,744.7,529.4,260.5,5472.0,4653.6,2777.1,808.8,4527.8,3326.6,2835.2,2541.4,1753.6,2432.2,1126.3,3482.3,1035.1,3012.4,1454.8,5130.5,7385.7,4910.9,1829.2,320.2
2026-08-18 11:30:00,682.6,479.8,921.6,188.8,749.3,463.6,211.6,6.1,425.0,15.0,327.0,1896.0,4835.6,4533.1,1427.1,1681.7,121.0,171.3,1257.5,747.3,525.3,262.7,5467.1,4657.2,2770.7,808.9,4525.0,3316.5,2839.5,2549.3,1754.0,2453.3,1124.1,3477.7,1035.6,3005.0,1460.5,5137.6,7367.2,4918.0,1822.2,325.0
2026-08-18 11:45:00,686.0,479.4,899.5,197.2,754.8,467.8,209.9,6.1,426.1,17.5,327.8,1879.3,5505.7,4930.6,1382.6,1714.7,121.0,151.1,1277.0,754.9,519.8,264.1,5465.9,4655.9,2771.9,808.0,4522.3,3315.3,2832.1,2545.4,1753.7,2443.0,1125.8,3477.8,1035.8,2985.9,1467.8,5115.3,7359.5,4923.3,1814.2,330.4
2026-08-18 12:00:00,696.1,476.4,883.3,209.9,764.5,461.1,212.2,6.1,385.7,11.4,201.7,2022.0,5569.1,4794.9,1368.7,1695.1,123.0,142.0,1262.4,749.5,504.3,265.5,5408.8,4721.8,2773.8,809.4,4301.9,3089.0,2826.6,2525.6,1745.0,2459.3,1118.5,3447.0,1036.9,2972.3,1517.2,5227.2,7489.1,5036.9,1809.3,334.7
2026-08-18 12:15:00,696.1,474.9,874.9,207.3,771.3,462.9,225.2,5.9,380.0,12.7,201.8,2028.9,5594.8,5130.9,1342.8,1715.7,123.1,207.3,1264.1,718.5,502.5,267.2,5400.3,4723.4,2771.6,809.6,4292.2,3089.3,2825.2,2545.7,1744.5,2449.3,1124.2,3441.8,1037.9,2957.7,1522.4,5178.7,7492.8,5039.1,1800.0,337.3
2026-08-18 12:30:00,696.0,471.6,883.9,200.4,771.6,450.8,212.3,5.8,385.8,12.1,206.8,2039.8,5484.3,5163.1,1315.5,1709.5,123.0,208.1,1265.0,711.8,502.2,269.2,5393.1,4723.8,2776.4,809.0,4290.9,3080.9,2814.7,2544.5,1743.8,2453.4,1121.3,3436.1,1038.8,2947.6,1518.4,5177.8,7480.4,5042.6,1788.5,341.9
2026-08-18 12:45:00,685.2,463.1,896.8,202.4,769.7,441.3,213.1,5.7,403.6,11.6,204.9,2060.5,5528.0,5243.6,1298.6,1712.8,123.0,233.3,1285.1,704.6,500.9,268.3,5381.1,4723.1,2780.4,813.2,4352.8,3055.5,2818.3,2547.9,1750.7,2468.1,1117.0,3428.0,1037.7,2941.2,1510.6,5158.1,7475.8,5041.4,1786.9,344.6
2026-08-18 13:00:00,688.3,448.4,907.2,202.2,795.1,432.8,215.8,5.5,427.7,10.4,191.2,2082.9,5437.8,5328.8,1309.2,1707.6,121.4,175.7,1266.2,707.9,498.4,269.9,5373.9,4794.2,2765.3,813.8,4520.5,2926.1,2762.8,2515.5,1741.2,2450.6,1127.4,3380.8,1034.4,2951.3,1470.5,5098.4,7484.1,4989.6,1792.5,353.8
2026-08-18 13:15:00,691.0,443.9,940.5,206.0,799.9,428.8,227.6,5.2,446.3,10.0,187.9,2068.0,5666.6,5464.6,1303.0,1715.1,121.4,174.8,1275.8,496.8,497.4,265.5,5359.1,4793.9,2770.7,814.2,4522.7,2830.3,2761.1,2518.0,1739.9,2452.9,1127.3,3373.3,1034.6,2948.7,1466.9,5119.2,7475.9,4987.3,1797.0,358.9
2026-08-18 13:30:00,691.3,446.1,936.5,179.6,812.1,426.2,227.9,4.9,448.6,7.7,188.3,2068.9,5688.0,5553.9,1318.9,1717.3,121.5,173.9,1276.6,492.5,498.2,263.7,5357.7,4789.6,2770.9,814.9,4517.8,2807.8,2758.3,2519.9,1739.1,2455.1,1127.8,3362.4,1033.1,2948.9,1463.1,5104.5,7477.8,4969.1,1790.1,362.3
2026-08-18 13:45:00,692.1,440.4,932.5,182.0,812.2,421.9,227.4,4.6,445.4,6.3,189.9,2095.5,5728.6,5663.1,1331.3,1725.6,121.5,173.3,1270.6,489.7,497.8,266.1,5360.7,4785.3,2771.1,814.6,4507.1,2806.3,2762.0,2525.8,1740.7,2460.9,1121.0,3365.3,1030.9,2946.6,1468.4,5090.4,7494.4,4996.0,1785.8,362.7
2026-08-18 14:00:00,697.2,430.5,938.2,172.9,812.7,413.1,239.2,4.4,463.2,5.3,182.9,1998.3,5837.7,5803.0,1325.8,1688.1,129.7,237.1,1282.4,494.7,497.4,261.2,5375.4,4732.3,2769.6,813.7,4347.7,2972.1,2745.9,2555.6,1748.9,2463.4,1112.0,3330.4,1024.3,2973.5,1478.6,5074.5,7381.6,4900.1,1777.0,366.7
2026-08-18 14:15:00,699.4,416.0,940.4,175.6,814.1,412.3,237.9,4.8,469.1,5.1,180.7,1986.5,5757.8,5868.0,1327.1,1699.7,129.7,238.9,1256.8,491.2,500.3,258.0,5376.9,4732.4,2772.8,814.9,4347.1,3001.5,2749.1,2567.7,1748.4,2465.2,1109.6,3325.6,1023.2,2971.1,1487.0,5065.6,7384.9,4897.3,1766.2,366.8
2026-08-18 14:30:00,702.5,406.1,957.4,155.6,815.0,406.1,236.4,4.9,466.2,6.0,203.2,1986.7,5748.6,5925.1,1323.7,1698.5,129.7,238.4,1260.2,489.0,502.2,257.5,5383.9,4733.7,2770.3,815.1,4342.4,3008.4,2746.0,2574.7,1741.5,2457.5,1105.2,3323.6,1021.6,2964.1,1479.7,5059.1,7365.7,4938.0,1751.2,366.6
2026-08-18 14:45:00,711.3,394.5,973.5,159.5,810.4,396.7,235.0,4.8,463.4,4.3,199.7,1987.0,5659.8,5770.5,1307.5,1695.2,129.7,228.2,1258.0,509.2,503.3,254.4,5379.9,4731.3,2770.6,811.1,4346.6,3002.0,2759.6,2581.4,1741.5,2454.1,1107.3,3330.7,1021.4,2952.2,1479.0,5060.0,7367.7,4927.4,1759.7,364.2
2026-08-18 15:00:00,709.7,378.4,974.7,164.2,806.1,388.1,194.6,13.5,463.4,8.7,195.4,2029.5,5763.7,5895.8,1328.9,1701.1,128.5,272.7,1229.5,585.9,502.7,252.5,5401.5,4764.4,2783.0,808.6,4058.3,3144.3,2779.1,2725.9,1746.9,2261.4,1107.8,3270.3,1021.9,3036.4,1474.3,5123.2,7428.3,4931.0,1776.9,353.5
2026-08-18 15:15:00,715.5,364.9,985.8,169.1,807.4,372.9,194.3,13.3,438.2,7.0,194.6,2017.9,5679.4,5981.5,1332.5,1684.8,128.5,272.2,1228.5,598.9,502.2,246.5,5416.4,4744.5,2788.9,808.8,4057.3,3151.8,2778.8,2727.2,1750.4,2264.4,1112.2,3328.8,1022.8,3017.4,1468.6,5114.3,7440.9,4918.6,1778.3,349.5
2026-08-18 15:30:00,720.1,357.4,986.2,192.2,792.4,353.4,192.5,12.9,430.9,6.7,194.0,2006.0,5669.8,6004.1,1317.9,1655.2,128.5,260.9,1221.4,606.4,507.3,247.5,5428.4,4723.8,2800.5,808.8,4067.2,3206.6,2783.0,2735.1,1751.8,2283.0,1098.9,3346.4,1024.3,2997.6,1466.3,5102.7,7460.8,4905.5,1777.7,344.0
2026-08-18 15:45:00,727.4,336.9,966.7,198.8,787.5,335.1,191.5,12.6,416.7,7.6,188.4,2000.4,5595.6,6127.6,1337.1,1668.7,128.5,258.2,1218.1,781.1,512.4,240.8,5438.0,4695.2,2810.3,809.1,4065.1,3267.2,2789.5,2736.3,1753.4,2290.6,1098.5,3392.7,1026.9,2978.0,1463.7,5089.1,7473.6,4912.0,1778.9,340.4
2026-08-18 16:00:00,736.4,326.4,972.3,228.2,766.0,337.9,186.5,5.3,446.8,5.4,186.7,1933.6,5652.0,6161.5,1328.1,1625.3,0.1,314.8,1335.7,592.8,567.8,238.7,5521.5,4599.8,2820.5,721.2,4213.8,2946.6,2796.6,2701.2,1602.7,2941.6,1108.9,3114.5,1033.0,3234.5,1477.6,4952.9,7557.6,4905.3,1786.3,331.4
2026-08-18 16:15:00,748.0,311.5,994.8,226.9,769.3,317.4,185.5,4.9,432.3,1.6,185.8,1899.4,4977.4,6217.5,1335.8,1613.9,0.0,339.5,1268.7,771.6,569.9,235.5,5520.7,4589.5,2829.0,731.9,4226.7,3112.1,2794.8,2694.5,1596.3,2941.8,1113.2,3123.2,1036.3,3212.8,1478.7,5032.8,7551.9,4912.9,1798.6,325.9
2026-08-18 16:30:00,751.3,305.7,1019.2,229.7,776.8,295.1,185.0,4.5,416.3,4.2,163.0,1900.1,4367.3,6339.9,1361.7,1613.9,0.0,330.8,1276.7,761.2,575.9,230.3,5527.2,4573.1,2834.6,729.3,4156.1,3149.5,2787.8,2718.2,1576.2,2942.2,1113.7,3113.6,1037.7,3194.8,1482.1,5060.0,7614.1,4923.8,1814.8,319.0
2026-08-18 16:45:00,762.9,296.8,1039.6,226.5,780.7,274.0,183.9,4.2,362.7,7.5,162.8,1889.0,4034.7,6660.0,1393.0,1617.8,0.0,330.6,1267.3,821.3,530.9,477.8,5540.7,4538.9,2838.7,728.2,4123.2,3343.1,2788.7,2720.2,1576.9,2941.6,1111.0,3140.6,1039.7,3177.3,1487.3,5050.9,7691.1,4900.6,1845.6,310.7
2026-08-18 17:00:00,793.3,281.4,1081.2,291.2,795.3,349.8,208.1,49.3,385.7,105.2,174.1,1823.3,4185.9,6089.2,1539.3,1773.9,0.0,184.1,1367.9,782.3,577.3,224.2,5588.6,4530.4,2836.9,746.1,3799.8,3377.6,2793.3,2754.9,1576.9,2970.7,1120.9,3144.1,1042.6,3171.5,1547.0,5086.0,7775.3,4997.7,1809.5,212.3
2026-08-18 17:15:00,812.5,257.8,1112.6,289.5,800.7,319.7,207.3,49.0,337.3,105.1,175.4,1795.5,4060.0,6300.2,1588.8,1949.3,0.0,183.7,1314.2,741.7,536.8,471.6,5597.8,4506.4,2838.6,745.1,3675.7,3904.0,2791.0,2767.7,1567.1,2969.6,1112.0,3152.6,1040.8,3134.6,1545.6,5079.3,7827.1,4980.0,1838.7,201.1
2026-08-18 17:30:00,813.3,247.3,1157.3,298.4,799.6,341.5,206.9,46.3,346.7,105.1,177.4,1759.8,4038.7,6331.8,1587.2,2030.5,0.0,123.7,1318.5,718.6,541.4,452.9,5614.2,4478.2,2833.5,757.3,3685.2,4059.0,2783.4,2767.6,1559.4,2972.5,1112.5,3182.6,1038.0,3118.2,1553.9,5064.3,7875.0,4955.3,1872.1,190.9
2026-08-18 17:45:00,810.8,244.8,1191.0,326.3,792.4,340.1,206.6,46.1,357.1,105.0,215.8,1736.9,3996.9,6460.6,1662.5,2005.4,6.8,100.1,1353.7,762.5,550.5,461.9,5635.3,4453.5,2835.9,760.7,3703.1,4563.6,2783.8,2766.6,1560.6,2988.1,1115.4,3247.0,1036.5,3100.1,1554.6,5048.5,7937.2,4928.0,1899.5,178.4
2026-08-18 18:00:00,812.1,241.6,1239.6,252.8,800.7,473.0,146.8,40.7,367.7,61.4,223.1,1736.3,3993.5,6119.2,1582.4,1948.5,0.0,87.9,1394.9,693.7,576.9,455.4,5655.6,4464.4,2837.8,707.0,3884.1,4579.2,2787.0,2785.8,1563.4,2972.9,1118.1,3199.4,1031.3,3053.9,1520.9,5036.8,8005.2,5047.2,1918.0,196.3
2026-08-18 18:15:00,817.2,241.0,1264.3,260.1,802.4,497.8,145.3,39.0,374.1,61.4,242.3,1709.9,3957.6,6159.6,1425.0,1729.2,0.0,86.0,1347.4,674.9,586.7,443.1,5673.0,4458.8,2838.6,799.5,3893.6,5232.6,2786.1,2783.7,1557.5,2983.2,1114.8,3215.2,1027.5,3038.9,1523.4,5018.3,8036.1,5029.1,1945.5,187.4
2026-08-18 18:30:00,824.6,258.1,1281.7,264.0,800.7,499.9,144.7,38.8,373.1,61.4,245.2,1681.1,3936.5,6386.9,1440.9,1744.0,0.0,138.7,1345.1,658.6,594.5,440.3,5674.7,4482.2,2843.3,812.3,3905.2,5913.9,2778.9,2781.7,1559.5,2989.5,1117.7,3250.0,1026.7,3025.7,1524.2,5000.3,8058.3,5024.6,1964.7,179.2
2026-08-18 18:45:00,831.4,265.4,1295.7,304.1,803.9,476.5,144.0,41.6,390.6,61.3,261.6,1652.2,3405.3,6700.6,1487.1,1707.6,0.0,135.5,1363.9,676.0,592.2,433.1,5688.4,4472.8,2847.6,919.9,3904.8,5995.4,2780.5,2779.0,1556.8,2988.0,1112.5,3238.3,1024.5,3012.0,1524.7,4984.2,8082.2,5010.0,1982.0,170.1
2026-08-18 19:00:00,845.0,279.0,1309.3,289.6,814.5,514.2,130.8,12.3,382.3,63.1,356.3,1516.2,3452.4,6306.9,1421.8,1757.9,192.6,77.5,1390.6,641.1,582.9,440.9,5655.8,4623.0,2828.8,921.5,4396.7,6185.7,2818.9,2761.3,1563.2,2992.9,1122.3,3322.7,1020.1,2996.0,1520.1,4920.3,8112.1,5112.6,1982.7,162.6
2026-08-18 19:15:00,848.3,282.3,1321.2,294.5,817.3,524.0,130.8,12.3,401.3,63.0,363.5,1492.5,2945.7,5976.3,1458.7,1736.5,214.3,76.4,1314.6,622.1,596.9,432.3,5656.6,4618.9,2828.5,923.5,4404.3,6192.6,2820.3,2757.6,1566.5,2990.2,1124.1,3325.5,1018.4,2982.5,1517.7,4915.2,8114.2,5176.0,1994.7,182.7
2026-08-18 19:30:00,857.2,291.2,1322.7,300.6,815.5,517.6,129.8,12.3,415.3,62.9,376.6,1493.1,2895.1,6016.5,1441.9,1712.1,216.1,73.4,1314.8,611.3,594.0,421.3,5645.4,4619.8,2828.4,940.8,4408.1,6219.9,2815.6,2754.3,1561.8,2988.2,1124.6,3314.4,1017.0,2971.7,1516.5,4913.4,8123.2,5193.9,1992.6,178.6
2026-08-18 19:45:00,843.3,277.3,1325.4,305.8,816.1,515.7,130.2,12.2,421.7,62.8,378.1,1468.4,2840.4,6213.6,1475.9,1707.5,197.9,82.6,1306.4,675.4,603.0,403.5,5631.0,4665.3,2825.8,943.6,4401.5,6232.1,2819.2,2751.8,1557.1,2985.4,1124.6,3313.3,1013.3,2959.9,1518.7,4909.7,8138.9,5191.0,1988.1,174.3
2026-08-18 20:00:00,841.0,275.0,1316.9,291.5,810.6,517.0,48.6,87.0,407.2,91.7,328.7,1489.6,2807.3,5992.1,1191.8,1681.1,197.1,21.2,1281.2,591.9,607.5,406.2,5537.3,4744.4,2821.3,979.9,4541.4,6023.1,2866.0,2748.4,1547.7,2984.3,1112.1,3429.4,1006.3,2937.5,1512.4,4810.3,8123.0,5185.6,2022.0,143.5
2026-08-18 20:15:00,840.1,323.9,1319.1,292.3,818.4,476.4,48.2,84.3,404.6,91.5,325.6,1485.1,2788.7,6089.0,1206.8,1658.7,220.1,3.1,1280.7,565.9,605.0,392.3,5506.7,4747.1,2821.6,1002.3,4538.4,6034.9,2865.8,2748.6,1544.6,2982.9,1110.1,3406.8,1002.8,2929.5,1507.6,4824.7,8118.5,5140.8,2015.7,166.2
2026-08-18 20:30:00,838.6,323.4,1309.6,297.9,822.6,478.5,48.4,86.0,405.0,91.4,322.9,1476.1,2781.9,6179.7,1228.9,1636.6,218.3,20.3,1278.5,563.8,595.2,397.2,5475.1,4740.9,2810.7,1003.4,4544.0,6033.4,2861.2,2734.6,1548.5,2981.1,1113.6,3388.5,1004.6,2923.1,1500.9,4840.7,8097.2,5143.1,2017.8,139.9
2026-08-18 20:45:00,833.1,325.7,1292.5,309.4,819.9,475.9,48.6,82.7,408.2,91.3,318.7,1462.3,2780.7,6196.1,1235.5,1630.4,218.9,21.9,1305.1,557.8,593.2,378.1,5448.2,4725.2,2809.6,981.2,4549.1,6021.9,2859.3,2741.5,1547.7,2979.4,1113.4,3374.1,1007.8,2918.2,1497.1,4854.9,8093.1,5144.6,2011.3,139.5
2026-08-18 21:00:00,829.1,316.1,1248.2,313.9,798.1,361.4,52.9,46.5,419.0,3.8,287.9,1555.6,2723.7,5962.2,1192.5,1635.2,186.4,23.8,1237.3,652.8,556.2,382.0,5516.2,4589.3,2794.9,1001.2,4490.0,6120.9,2886.8,2729.3,1521.6,2979.9,1121.8,3422.1,1013.1,2909.5,1409.1,4843.1,8009.7,5114.5,1981.8,135.6
2026-08-18 21:15:00,819.4,285.0,1224.7,314.1,781.1,342.1,53.1,46.7,391.8,20.7,260.7,1554.2,2723.8,6076.8,1174.6,1611.2,187.2,23.5,1216.3,625.3,554.8,404.4,5551.8,4591.6,2791.5,1059.8,4487.8,6152.4,2885.8,2725.2,1521.8,2979.2,1120.1,3404.9,1014.9,2904.2,1396.9,4853.3,7960.2,5068.5,1960.1,135.1
2026-08-18 21:30:00,811.7,283.8,1194.1,274.5,767.4,330.9,53.4,46.5,402.1,3.8,264.0,1537.5,2717.0,5844.2,1206.1,1596.9,188.0,13.2,1219.9,607.0,554.8,397.9,5544.2,4587.7,2779.4,989.3,4494.8,6093.3,2882.1,2721.5,1521.5,2977.7,1122.7,3402.5,1015.7,2898.8,1390.0,4860.2,7938.2,5068.9,1952.8,134.8
2026-08-18 21:45:00,784.0,230.0,1159.0,280.7,749.5,297.8,54.0,46.4,394.2,3.8,258.0,1537.9,2712.0,5883.2,1213.5,1592.3,208.7,13.0,1250.1,621.1,550.2,388.1,5517.4,4542.1,2767.2,972.9,4487.3,6042.8,2881.7,2718.8,1523.4,2975.5,1114.6,3386.8,1011.9,2894.1,1377.9,4867.8,7890.0,5070.3,1926.6,136.0
2026-08-18 22:00:00,762.0,237.9,1116.1,276.9,727.6,219.0,51.6,45.5,359.2,19.2,209.2,1433.2,2451.7,5955.7,1132.9,1583.3,56.8,82.4,1164.7,581.4,521.9,385.2,5392.1,4292.9,2740.4,992.8,4457.6,6189.4,2896.5,2701.9,1511.5,2972.3,1110.5,3445.2,998.4,2885.4,1433.3,4956.9,7764.9,5016.1,1865.8,119.5
2026-08-18 22:15:00,740.9,233.5,1083.8,279.1,709.6,215.2,52.0,45.5,354.3,21.4,191.8,1433.1,3002.8,6051.2,1120.3,1574.8,56.7,84.5,1157.1,595.6,516.6,378.9,5349.2,4297.6,2714.5,967.0,4443.5,6116.7,2891.7,2699.9,1506.3,2972.5,1107.4,3395.0,992.8,2881.6,1418.9,4954.2,7686.7,5019.0,1848.7,119.5
2026-08-18 22:30:00,730.3,226.2,1053.6,279.7,691.0,216.4,51.9,45.5,374.2,1.6,219.3,1434.6,3054.2,6490.9,1142.1,1557.5,36.6,70.3,1153.4,604.5,511.1,378.7,5317.1,4291.1,2678.4,966.0,4436.6,6035.8,2882.6,2697.4,1499.2,2971.1,1097.3,3325.8,989.1,2877.2,1407.8,4955.0,7599.5,5024.4,1819.7,120.2
2026-08-18 22:45:00,717.8,226.4,1026.0,284.9,673.9,216.7,52.0,45.5,367.2,1.6,207.2,1437.2,3469.4,5851.0,1143.1,1555.3,36.5,70.1,1146.1,613.5,506.0,378.7,5285.0,4283.5,2648.1,963.2,4418.8,6007.2,2877.6,2682.6,1532.9,2967.7,1089.5,3326.5,987.1,2871.1,1398.9,4947.7,7519.3,5010.2,1789.3,118.7
2026-08-18 23:00:00,705.3,215.1,984.3,290.7,651.0,88.2,52.2,18.5,358.7,1.0,181.6,1481.9,2916.9,5994.5,1061.2,1498.1,188.0,40.4,1075.0,570.3,478.6,383.6,5060.3,4188.2,2551.8,918.7,3802.5,5582.5,2782.6,2533.0,1523.4,2979.9,1072.8,3421.1,979.3,2806.1,1405.1,4853.3,7403.3,5017.5,1773.2,169.9
2026-08-18 23:15:00,716.9,194.1,966.2,291.9,638.0,81.0,52.2,18.6,354.2,1.0,175.4,1481.8,3458.3,5969.1,1045.2,1477.2,187.6,76.6,1083.6,563.8,472.2,374.5,5038.4,4187.3,2507.1,918.9,3782.8,5539.1,2771.4,2531.4,1514.6,2978.8,1062.3,3391.7,975.0,2801.6,1397.1,4834.5,7332.8,5006.3,1738.6,171.8
2026-08-18 23:30:00,709.4,195.0,946.8,294.6,625.8,84.5,52.2,18.5,344.4,1.0,184.1,1481.7,3557.8,5997.8,1059.8,1464.5,167.2,76.1,1076.8,572.9,465.9,374.5,5045.7,4185.2,2472.2,915.4,3774.5,5084.3,2767.0,2523.7,1510.4,2978.1,1052.3,3346.1,970.2,2798.4,1386.2,4787.0,7252.7,4986.0,1718.2,166.7
2026-08-18 23:45:00,718.9,195.9,929.8,296.9,617.4,82.4,52.3,21.2,336.3,1.0,169.8,1488.1,3569.5,5814.1,1060.2,1487.6,186.7,88.0,1081.7,582.5,464.8,375.3,5002.7,4185.9,2425.3,819.9,3754.9,4474.7,2756.5,2524.3,1507.8,2977.5,1047.9,3210.7,965.2,2796.0,1373.7,4789.7,7131.6,4847.1,1688.1,161.9
2026-08-19 00:00:00,629.2,404.1,892.9,247.2,601.8,78.0,47.9,24.4,290.0,4.8,219.2,1448.4,3537.0,4451.9,938.2,1245.3,174.2,12.7,1060.0,552.9,428.0,381.0,4947.2,4132.7,2348.4,737.0,3764.8,5120.3,2769.6,2371.9,1511.5,2936.2,1064.8,3694.9,933.1,2836.0,1333.9,4744.7,7051.5,4670.2,1721.3,133.2
2026-08-19 00:15:00,634.3,402.2,874.6,248.4,592.3,79.2,48.1,23.8,286.2,4.8,208.8,1433.9,3501.5,4380.6,953.5,1264.2,190.9,12.8,1048.4,542.8,423.8,379.0,4925.5,4133.3,2319.5,740.0,3756.5,5226.9,2760.3,2382.6,1507.2,2934.5,1055.2,3529.7,933.8,2831.3,1324.9,4735.2,7001.7,4675.9,1708.6,133.4
2026-08-19 00:30:00,630.6,403.5,853.6,250.5,582.6,80.3,48.1,23.7,277.5,4.8,202.3,1432.3,3475.0,4413.2,928.8,1259.3,178.9,16.3,1046.9,543.0,420.0,375.6,4896.8,4129.6,2290.7,698.4,3740.5,4655.8,2744.0,2381.4,1502.6,2934.6,1050.0,3427.6,935.4,2823.1,1315.5,4728.1,6976.2,4672.8,1707.3,136.4
2026-08-19 00:45:00,623.5,404.6,837.4,252.2,583.1,81.2,48.3,27.4,278.6,4.8,170.9,1423.8,3557.2,4384.9,908.5,1227.5,183.1,13.0,1050.2,517.6,415.6,364.6,4885.3,4125.3,2260.7,697.2,3729.3,4253.4,2733.5,2386.6,1499.4,2933.8,1039.4,3367.4,932.4,2819.2,1306.6,4713.7,6950.2,4673.3,1701.7,134.9
2026-08-19 01:00:00,620.8,408.1,827.6,257.7,577.2,82.0,40.6,13.7,327.0,1.0,192.7,1441.4,3172.1,4299.1,903.4,1230.5,91.2,24.1,1033.1,505.9,421.3,354.6,4903.3,4214.4,2201.9,684.2,3517.3,4495.3,2714.9,2376.5,1477.3,2921.4,1020.9,3336.2,931.5,2816.4,1319.0,4726.5,6808.8,4649.5,1651.8,133.2
2026-08-19 01:15:00,615.9,394.4,822.6,261.0,573.2,83.0,40.8,16.3,326.7,1.0,183.3,1441.5,3391.6,4274.2,882.4,1214.3,91.3,24.2,1033.1,499.4,420.3,352.0,4860.4,4208.3,2179.4,684.0,3508.4,4274.0,2708.9,2366.8,1473.9,2921.8,1019.2,3323.6,930.5,2813.7,1312.5,4696.8,6777.9,4620.0,1647.7,128.3
2026-08-19 01:30:00,616.1,393.3,817.7,264.4,569.0,84.2,40.8,16.2,327.4,1.0,189.8,1442.0,3368.0,4310.3,895.6,1239.2,91.4,24.3,1025.7,503.4,419.3,355.6,4865.1,4205.5,2157.5,683.8,3499.3,4120.1,2706.5,2367.2,1470.0,2922.4,1014.3,3306.1,929.4,2810.9,1304.7,4685.0,6743.3,4623.3,1644.8,127.2
2026-08-19 01:45:00,621.2,395.2,816.5,267.0,566.1,85.2,41.0,16.2,322.3,1.0,172.8,1443.6,3502.6,4289.6,876.6,1236.1,93.1,24.4,1023.3,510.2,418.7,359.9,4876.4,4203.2,2131.8,683.6,3489.3,3869.4,2704.5,2382.1,1477.4,2922.0,1009.6,3279.4,925.0,2809.0,1291.3,4675.8,6714.9,4622.9,1644.4,127.3
2026-08-19 02:00:00,615.2,406.4,818.0,270.7,564.6,85.4,48.4,16.2,320.1,1.0,174.6,1452.2,3402.1,4202.1,851.3,1222.5,167.8,12.9,1009.8,517.1,425.5,371.2,4805.1,4223.8,2102.6,696.7,3478.4,4193.1,2697.0,2400.1,1447.6,2903.9,1010.0,3271.2,928.0,2787.3,1289.8,4636.6,6710.5,4618.7,1637.3,124.9
2026-08-19 02:15:00,615.0,408.4,824.6,271.2,561.5,84.7,48.2,16.3,314.9,1.0,173.3,1454.2,3295.8,4188.5,842.5,1210.7,169.6,13.0,1009.6,514.3,423.7,375.9,4762.2,4218.4,2092.2,696.7,3473.9,3849.5,2692.6,2393.0,1446.3,2904.0,1005.9,3256.6,926.6,2785.6,1286.6,4610.1,6703.3,4618.2,1639.7,122.3
2026-08-19 02:30:00,614.3,409.1,828.1,271.8,559.6,83.7,48.2,16.3,316.8,1.0,169.9,1457.6,3406.6,4167.9,846.6,1212.3,169.4,13.2,1006.5,522.0,421.7,386.3,4785.0,4218.7,2079.3,696.6,3473.6,3817.5,2689.1,2409.4,1442.6,2904.3,1006.2,3242.2,925.1,2784.5,1283.6,4612.2,6695.4,4617.9,1640.7,121.9
2026-08-19 02:45:00,613.3,408.8,831.9,272.1,568.5,82.6,48.0,16.3,318.3,1.0,169.5,1459.4,3617.5,4197.3,837.9,1209.4,169.3,13.4,1003.1,525.3,419.4,381.4,4775.0,4216.1,2069.8,694.7,3473.8,3764.0,2687.8,2415.5,1440.9,2904.2,1004.0,3232.9,921.5,2785.7,1281.9,4602.7,6676.3,4617.1,1639.0,121.3
2026-08-19 03:00:00,616.1,387.1,868.9,253.8,590.5,81.5,45.0,26.2,322.9,1.0,185.8,1454.0,3575.6,4166.1,846.6,1211.7,54.2,26.2,988.4,519.2,412.9,415.1,4738.4,4227.1,2055.2,694.1,3437.9,3787.1,2685.5,2422.6,1435.4,2873.1,997.6,3054.3,922.7,2783.5,1251.8,4552.8,6837.7,4732.6,1643.4,119.6
2026-08-19 03:15:00,683.2,302.1,865.3,254.9,593.3,80.8,46.1,26.3,314.0,1.0,181.8,1455.1,3627.2,4181.3,830.4,1214.3,54.4,26.4,985.7,531.3,410.1,425.3,4788.4,4216.9,2045.8,693.9,3438.8,3793.6,2684.3,2397.2,1437.4,2872.9,997.9,3063.5,925.4,2782.3,1258.4,4511.4,6815.6,4730.7,1643.2,123.3
2026-08-19 03:30:00,623.6,302.5,853.7,261.8,597.3,79.9,47.5,26.2,316.5,1.0,181.4,1457.1,3586.8,4183.3,831.4,1213.8,54.7,26.5,980.2,532.8,407.7,407.6,4738.4,4213.2,2043.0,693.9,3437.1,3771.1,2679.5,2412.4,1433.5,2873.4,997.3,3051.3,924.9,2781.3,1259.4,4517.0,6823.9,4729.2,1646.2,118.8
2026-08-19 03:45:00,624.9,303.4,844.2,265.9,602.6,78.9,46.1,26.2,317.8,1.0,178.9,1457.4,3641.8,4178.2,816.1,1212.0,54.8,26.5,976.7,539.1,404.8,447.8,4788.5,4206.3,2039.9,694.0,3437.9,3784.1,2678.9,2410.3,1430.4,2873.7,997.0,3051.1,926.5,2780.3,1258.2,4492.0,6797.0,4727.0,1644.7,118.2
2026-08-19 04:00:00,616.4,409.1,846.7,272.2,613.5,95.9,48.4,16.7,322.8,1.0,179.7,1459.4,3556.3,4139.6,835.2,1198.9,93.2,27.1,963.7,578.9,393.8,451.7,4723.3,4153.9,2038.1,692.3,3438.7,3755.9,2680.5,2413.1,1425.4,2868.6,994.7,2869.0,929.3,2841.8,1270.4,4594.1,6857.6,4731.1,1650.1,117.3
2026-08-19 04:15:00,624.1,409.1,864.1,277.1,620.6,101.7,47.3,16.7,324.5,1.1,181.3,1460.0,3446.4,4118.1,828.8,1200.9,83.3,27.3,961.4,586.4,392.6,465.7,4692.0,4150.8,2042.3,692.3,3440.8,3766.2,2681.9,2414.8,1424.0,2870.1,996.7,2873.0,931.1,2840.9,1271.6,4577.4,6830.3,4730.2,1654.9,116.3
2026-08-19 04:30:00,622.6,410.3,887.2,286.9,626.3,100.5,47.3,16.7,324.2,1.0,180.0,1460.6,3544.1,4150.0,790.0,1200.9,83.4,27.3,957.9,594.9,391.5,477.4,4686.2,4154.8,2044.6,698.5,3442.6,3780.4,2681.2,2427.2,1425.0,2871.1,995.8,2865.1,933.3,2839.8,1273.8,4565.9,6828.8,4727.9,1659.7,115.9
2026-08-19 04:45:00,628.5,416.0,916.4,294.2,631.2,100.1,47.4,16.8,332.7,1.0,185.1,1460.6,3449.7,4155.7,793.1,1203.7,83.4,27.5,954.1,603.3,390.7,488.4,4697.5,4154.9,2051.0,692.6,3447.9,3768.6,2681.7,2427.5,1382.3,2872.3,997.1,2867.2,931.1,2839.3,1273.4,4551.0,6827.8,4734.9,1669.2,114.8
2026-08-19 05:00:00,685.4,310.0,929.7,328.2,635.4,102.0,43.5,51.7,331.8,1.0,105.7,1456.8,3440.3,4170.5,817.6,1239.5,163.9,78.6,964.2,653.2,377.3,513.2,5027.3,4160.4,2067.8,682.3,3447.5,4093.4,2670.5,2481.2,1443.9,2873.5,997.0,2911.2,935.9,3170.8,1296.0,4578.2,6767.9,4630.1,1684.1,117.5
2026-08-19 05:15:00,695.3,315.5,953.4,334.4,641.5,106.7,43.6,49.2,341.0,1.0,112.9,1456.0,3395.9,4183.7,822.1,1229.5,144.6,60.2,954.1,649.3,377.6,536.2,5006.6,4166.9,2092.7,682.3,3514.4,4191.9,2678.0,2497.1,1447.5,2874.5,1002.0,2922.7,938.7,3169.8,1306.9,4573.5,6830.3,4632.0,1713.2,111.3
2026-08-19 05:30:00,699.1,323.9,970.2,346.0,643.7,116.6,43.8,49.2,349.8,1.0,110.2,1455.0,3350.3,4220.3,772.4,1244.4,145.3,60.9,960.7,674.8,379.0,552.4,5029.0,4169.2,2119.6,682.3,3528.3,4600.6,2682.5,2499.5,1406.7,2874.9,1007.8,3120.1,944.9,3169.0,1323.3,4554.3,6903.8,4659.8,1738.3,113.5
2026-08-19 05:45:00,684.2,460.4,977.8,354.8,653.2,138.8,44.2,49.2,361.1,1.0,109.4,1455.3,3347.3,4312.4,784.4,1286.6,146.0,63.1,966.5,691.7,382.2,581.5,4973.6,4195.4,2154.3,684.1,3540.1,5092.2,2697.6,2499.3,1411.4,2875.5,1014.0,3195.7,950.1,3168.6,1343.1,4544.4,6999.3,4660.0,1780.9,113.5
2026-08-19 06:00:00,724.5,477.7,1005.9,361.3,680.6,368.4,44.6,53.9,362.9,5.9,211.1,1443.9,3637.9,4330.3,847.0,1274.7,166.8,35.4,1055.7,690.1,409.9,568.6,5157.4,4409.0,2268.8,766.3,3653.2,4951.7,2731.9,2565.8,1465.2,2874.4,1042.1,3593.7,958.4,3187.8,1383.5,4646.9,7298.1,4932.9,1865.0,143.0
2026-08-19 06:15:00,727.4,494.6,1014.7,367.6,700.2,411.5,44.4,54.0,374.4,13.2,215.9,1455.9,3684.8,4436.8,864.2,1289.3,167.4,47.1,1066.6,687.0,415.0,588.1,5161.5,4425.8,2330.7,798.3,3682.8,5182.3,2756.2,2572.7,1424.1,2882.2,1037.9,3585.4,967.1,3187.4,1400.0,4639.5,7421.4,4937.9,1917.0,145.5
2026-08-19 06:30:00,726.1,590.1,1015.8,371.8,716.8,462.7,44.6,54.3,387.4,15.8,220.7,1467.1,3692.7,4617.9,842.1,1298.0,188.0,52.2,1075.9,693.0,418.3,597.0,5255.2,4455.8,2382.9,832.6,3707.8,5373.2,2770.6,2574.0,1434.4,2882.8,1060.2,3725.8,979.0,3186.6,1422.0,4615.6,7544.5,4930.9,1977.8,143.4
2026-08-19 06:45:00,724.8,621.9,1008.1,374.8,730.6,512.4,44.7,55.9,405.8,18.0,223.6,1466.7,3729.0,4726.2,862.7,1316.4,233.8,21.1,1111.4,700.5,433.2,608.2,5277.3,4468.0,2445.3,841.7,3733.3,5514.1,2799.4,2566.1,1441.1,2883.0,1071.7,3829.3,988.9,3185.3,1441.6,4594.3,7663.6,4932.8,2020.3,145.7
2026-08-19 07:00:00,760.5,573.8,1012.1,396.3,752.7,600.6,47.0,57.8,439.4,17.5,200.8,1463.2,3786.0,4798.7,918.6,1385.9,171.3,26.0,1174.1,846.9,465.7,625.2,5330.8,4658.1,2612.8,843.0,3797.6,5630.3,2863.1,2597.4,1471.0,2847.4,1137.1,3997.6,1021.9,3211.0,1529.8,4610.9,7891.0,5031.2,2089.7,152.1
2026-08-19 07:15:00,762.0,583.4,993.1,392.6,771.0,646.5,47.7,57.8,451.4,14.7,206.9,1459.6,3862.2,4906.5,951.6,1361.9,169.7,27.1,1182.2,863.8,470.1,627.5,5348.0,4664.7,2655.4,918.9,3809.2,5671.2,2882.4,2590.1,1478.2,2846.9,1153.3,4046.6,1023.6,3210.5,1539.4,4591.6,7950.7,5061.5,2114.2,156.5
2026-08-19 07:30:00,749.7,599.0,948.2,389.6,780.5,692.5,49.1,58.7,467.3,15.1,214.6,1471.6,3904.6,4900.4,983.3,1343.5,190.1,27.1,1187.0,896.6,471.5,641.5,5362.4,4672.9,2689.2,931.1,3818.2,5712.6,2895.1,2589.8,1485.0,2846.6,1157.1,4080.0,1028.2,3210.0,1542.8,4573.1,7973.3,5071.1,2131.6,160.2
2026-08-19 07:45:00,730.5,624.9,893.3,387.9,786.0,741.6,49.9,59.4,477.1,15.9,219.1,1468.5,3934.8,4832.3,993.1,1353.0,189.5,27.1,1190.7,925.4,482.7,658.4,5373.7,4711.2,2720.4,945.5,3812.8,5763.9,2919.3,2581.7,1497.0,2847.8,1164.5,4143.4,1034.2,3209.5,1548.3,4555.2,8008.0,5041.9,2162.5,164.4
2026-08-19 08:00:00,719.4,654.2,850.2,381.3,781.1,739.1,30.5,36.8,485.7,17.1,273.2,1442.8,4244.0,5642.5,1371.4,1431.0,212.3,27.1,1262.8,1004.0,496.7,667.6,5431.6,4628.8,2768.9,1027.3,4055.2,6525.2,2954.2,2537.3,1510.3,2851.4,1176.5,4059.9,1040.4,3247.5,1554.0,4537.2,8022.9,5165.7,2152.4,173.9
2026-08-19 08:15:00,705.2,685.9,800.3,392.8,773.5,787.5,32.3,37.7,487.4,14.3,277.3,1431.7,4362.1,5429.3,1389.4,1426.8,219.4,27.1,1237.2,1035.8,494.2,668.5,5448.3,4627.6,2784.7,1025.1,4050.4,6340.0,2963.5,2531.8,1513.3,2851.6,1177.9,4084.1,1038.4,3247.1,1554.7,4521.8,8011.5,5149.5,2169.3,177.3
2026-08-19 08:30:00,703.8,706.6,763.5,423.2,768.0,826.2,34.5,38.7,487.1,12.9,272.7,1446.1,4327.3,4951.1,1351.0,1363.1,215.0,27.1,1233.2,1063.9,487.9,666.8,5441.0,4634.0,2792.0,957.7,4041.9,6062.6,2947.5,2540.3,1515.2,2851.3,1180.5,4092.6,1040.2,3246.6,1554.1,4507.5,7993.5,5084.9,2176.5,180.8
2026-08-19 08:45:00,683.4,749.3,733.6,452.8,753.9,860.1,36.4,39.7,483.2,9.5,275.2,1483.2,4386.2,4960.8,1554.2,1583.0,215.1,27.1,1231.5,1129.4,482.0,673.4,5440.5,4640.0,2810.3,942.5,4038.8,5633.4,2956.1,2537.7,1519.2,2851.7,1182.0,4069.7,1047.4,3245.9,1555.1,4493.2,7979.8,5109.4,2177.6,186.9
2026-08-19 09:00:00,684.2,779.3,709.8,459.6,752.0,715.9,138.0,13.7,474.2,11.1,227.3,1503.8,4355.3,5426.6,1700.4,1695.7,8.8,115.2,1271.7,1243.1,491.7,715.5,5420.1,4566.2,2806.8,1051.0,4306.0,5649.3,2949.1,2532.3,1527.2,2917.1,1170.1,4072.2,1058.4,3235.6,1558.8,4453.7,7901.4,5039.7,2154.4,162.9
2026-08-19 09:15:00,675.6,800.4,682.2,495.7,751.8,745.8,138.0,14.5,470.2,2.0,212.3,1508.9,4492.6,5452.8,1853.6,1837.7,5.3,117.2,1268.9,1266.5,499.9,708.2,5416.0,4577.4,2801.6,939.1,4297.8,4944.8,2951.9,2533.4,1535.1,2916.7,1165.0,4004.6,1057.0,3234.9,1558.0,4449.0,7876.7,5063.9,2148.5,166.9
2026-08-19 09:30:00,667.9,819.9,662.6,547.9,754.0,776.1,139.0,20.3,471.5,2.1,203.5,1511.2,4502.6,5430.8,1964.4,1900.5,16.6,124.8,1282.4,1285.3,502.6,712.2,5412.9,4574.0,2811.1,806.7,4293.4,4164.8,2969.4,2524.4,1528.2,2916.5,1168.3,3915.7,1055.7,3234.5,1552.6,4443.2,7856.4,5090.4,2143.3,169.3
2026-08-19 09:45:00,648.4,833.8,636.7,589.8,756.8,804.8,139.3,20.7,468.1,2.1,217.8,1533.2,4717.3,5472.1,1939.0,1914.6,16.1,128.3,1288.6,1216.5,527.1,453.8,5404.6,4575.8,2817.6,749.5,4478.9,3534.0,2976.1,2525.1,1531.1,2915.7,1178.8,3779.5,1054.5,3234.3,1552.8,4434.2,7851.0,5115.2,2150.7,170.4
2026-08-19 10:00:00,645.5,858.4,616.5,618.3,759.9,829.0,272.3,10.7,436.3,32.0,365.5,1623.7,4559.9,5742.8,1899.2,1991.0,70.7,168.9,1375.4,1357.6,544.7,749.6,5429.6,4538.5,2836.3,790.4,4531.1,3975.5,2994.4,2481.8,1528.2,2868.4,1147.0,3776.8,1051.0,3233.8,1546.0,4369.8,7811.9,4955.7,2143.7,179.1
2026-08-19 10:15:00,643.1,869.4,598.5,640.2,758.0,845.7,272.3,11.1,432.1,33.4,372.8,1641.7,4593.0,5587.3,1870.1,2035.2,69.4,199.3,1394.5,1264.2,543.1,756.7,5427.5,4538.1,2840.6,783.5,4549.7,3450.3,2998.6,2482.0,1535.3,2867.9,1166.2,3713.0,1048.4,3233.8,1537.7,4369.6,7779.8,4975.0,2137.4,182.5
2026-08-19 10:30:00,635.7,884.2,581.8,700.9,761.3,859.3,275.2,11.8,425.7,32.4,373.4,1672.8,4557.8,5132.0,1878.3,1947.0,68.1,171.5,1395.8,1281.8,537.6,545.1,5431.1,4551.7,2837.1,754.3,4702.6,3239.5,2993.2,2481.9,1531.8,2867.4,1161.3,3630.5,1048.6,3234.3,1537.8,4369.8,7761.2,4991.1,2134.3,185.2
2026-08-19 10:45:00,631.3,882.8,566.6,744.2,759.5,875.5,272.2,11.8,425.3,37.1,376.7,1703.3,5708.9,5216.5,1837.5,1801.9,67.0,170.4,1420.7,1310.9,542.9,511.5,5438.6,4561.1,2837.3,755.0,4759.5,3156.3,2999.2,2484.0,1527.9,2866.0,1146.9,3529.1,1049.6,3234.8,1534.8,4370.7,7733.5,5004.7,2127.8,188.2
2026-08-19 11:00:00,623.8,885.2,778.5,770.7,754.3,865.5,220.7,13.6,411.9,89.8,404.3,1722.3,5011.6,4783.5,1790.2,1776.1,19.5,147.2,1368.2,1391.0,549.7,537.0,5313.3,4452.5,2829.9,750.4,4728.4,3251.5,2982.7,2463.3,1511.8,2827.2,1152.2,3541.3,1052.2,3224.1,1525.1,4297.0,7720.2,4910.8,2116.8,196.4
2026-08-19 11:15:00,624.7,895.5,764.0,781.4,751.2,869.8,218.2,13.7,412.0,91.5,413.8,1744.6,5727.6,4770.9,1751.8,1829.9,37.3,149.8,1366.9,1462.8,547.8,546.3,5307.3,4449.2,2835.7,753.7,4731.5,3242.4,2980.6,2465.6,1510.9,2828.0,1144.4,3497.4,1052.4,3224.9,1522.7,4297.8,7712.9,4916.7,2106.4,198.3
2026-08-19 11:30:00,620.7,885.9,752.5,786.1,751.7,870.8,221.7,12.3,401.9,91.1,407.6,1761.6,5944.6,4859.9,1714.0,1876.2,40.1,151.6,1364.3,1397.9,546.6,560.9,5302.5,4454.5,2831.9,754.7,4780.9,3062.1,2977.4,2465.8,1511.0,2828.3,1142.2,3460.6,1053.0,3224.8,1526.9,4299.7,7702.7,4920.4,2097.5,197.9
2026-08-19 11:45:00,622.2,864.7,757.3,792.7,752.4,857.7,221.6,12.5,437.5,83.4,406.3,1768.1,5994.9,4980.7,1689.0,1888.1,32.4,153.1,1388.2,1407.1,545.5,565.7,5289.5,4457.6,2829.9,752.4,4775.4,3010.0,2979.3,2467.8,1513.2,2828.8,1143.2,3446.6,1054.2,3224.3,1520.6,4302.8,7693.4,4918.8,2091.1,200.1
2026-08-19 12:00:00,627.7,892.4,793.2,864.1,752.8,855.0,272.9,12.6,358.6,14.3,261.5,1795.0,5907.2,4947.0,1666.0,1844.4,43.5,141.5,1741.2,1538.5,504.1,585.8,5350.9,4365.1,2822.2,729.5,5049.6,3286.9,2974.9,2468.8,1498.4,2871.8,1137.9,3458.4,1080.8,3124.9,1522.8,4226.2,7692.3,4901.8,2069.8,205.2
2026-08-19 12:15:00,638.7,867.8,791.6,871.2,755.8,847.3,273.0,12.6,375.9,2.5,264.8,1794.0,5941.7,5018.0,1636.3,1828.2,43.7,143.0,1738.1,1500.8,505.6,589.6,5338.1,4366.6,2820.4,730.1,5096.6,2996.7,2974.5,2489.3,1497.3,2873.0,1138.5,3215.3,1083.0,3124.2,1523.6,4230.0,7700.4,4901.1,2067.6,205.6
2026-08-19 12:30:00,628.4,872.1,787.2,895.3,754.3,855.2,273.0,12.7,381.7,2.6,271.6,1807.9,5937.6,5045.6,1592.1,1841.3,43.8,144.1,1738.6,1507.8,506.6,599.6,5324.5,4377.1,2820.9,730.3,5096.7,2912.7,2969.2,2489.8,1496.0,2875.6,1138.1,3196.5,1083.9,3123.5,1520.8,4231.9,7709.4,4891.6,2052.5,207.9
2026-08-19 12:45:00,628.2,868.2,784.9,910.8,752.9,854.0,273.1,12.6,386.6,2.7,262.6,1825.3,5974.9,5013.7,1561.1,1868.0,44.0,145.1,1761.5,1329.3,507.4,604.6,5311.9,4379.0,2821.6,730.1,5145.7,2797.2,2971.3,2489.8,1500.5,2877.2,1134.8,3161.6,1083.1,3122.7,1517.1,4235.3,7731.3,4882.6,2055.9,211.5
2026-08-19 13:00:00,622.9,861.5,815.2,884.8,767.3,842.4,371.2,13.5,403.0,2.8,262.9,1846.1,5884.6,5034.0,1425.0,1931.5,93.8,135.3,1741.7,1387.3,498.2,608.0,5373.6,4408.1,2816.7,725.9,5093.3,2869.0,2969.9,2483.6,1494.4,2890.7,1142.4,3207.1,1077.0,3123.4,1515.6,4229.4,7824.4,5001.0,2052.1,241.9
2026-08-19 13:15:00,623.1,885.9,813.2,885.3,778.9,830.9,371.1,13.3,393.3,2.9,277.6,1849.0,5909.7,4973.3,1393.4,1926.9,83.4,137.2,1751.4,1040.9,497.0,600.0,5366.1,4405.3,2813.4,726.0,5104.7,2776.1,2968.9,2483.8,1490.5,2884.7,1140.2,3182.2,1075.5,3123.1,1513.8,4231.0,7839.1,4954.4,2053.3,243.4
2026-08-19 13:30:00,621.7,868.4,817.1,876.6,780.4,809.3,368.4,13.3,368.5,20.1,273.7,1831.9,5907.8,4949.1,1370.6,1919.3,88.0,138.7,1745.1,1054.1,496.9,598.5,5358.6,4405.9,2812.3,725.7,5103.8,2654.7,2966.5,2484.6,1491.8,2882.2,1143.3,3085.8,1074.4,3122.6,1513.3,4231.9,7863.6,4946.7,2048.6,245.7
2026-08-19 13:45:00,622.0,865.6,827.3,866.9,774.9,789.9,370.0,13.2,391.1,3.1,272.2,1854.4,5933.0,4898.9,1351.3,1917.0,87.7,140.6,1740.6,1066.4,497.6,595.2,5367.0,4400.1,2809.2,723.4,5098.5,2527.9,2967.8,2485.4,1492.4,2879.5,1133.9,2978.2,1071.0,3119.6,1515.7,4231.7,7859.2,4939.0,2044.9,247.1
2026-08-19 14:00:00,619.1,879.1,834.4,862.2,764.8,762.8,379.6,13.1,502.1,2.0,312.0,1876.7,5796.5,4862.2,1425.2,1901.3,54.5,136.5,1708.5,1072.3,488.0,610.7,5361.0,4507.3,2826.0,756.2,5026.3,2552.8,2964.1,2483.9,1503.7,2870.8,1099.1,3159.2,1063.6,3116.0,1525.9,4249.5,7846.3,4978.6,2023.4,247.8
2026-08-19 14:15:00,623.3,858.5,851.3,836.0,765.3,737.4,379.6,13.0,499.5,2.0,302.9,1885.0,5796.3,4863.2,1416.9,1908.2,59.6,137.6,1672.5,1089.8,487.4,608.3,5361.2,4526.6,2827.0,759.5,5025.2,2548.8,2965.1,2485.1,1504.5,2871.1,1093.4,3153.8,1061.9,3115.3,1528.7,4248.2,7864.7,4965.5,2022.8,249.6
2026-08-19 14:30:00,628.1,853.6,839.0,812.3,765.4,708.6,378.6,12.9,503.7,2.0,304.1,1868.8,5791.3,4855.0,1409.8,1906.8,60.0,137.2,1665.7,1101.4,490.8,600.6,5350.7,4545.7,2820.2,759.2,5024.0,2538.9,2961.0,2485.4,1496.5,2873.5,1092.4,3144.8,1061.7,3114.7,1532.0,4245.1,7865.4,4951.7,2011.1,249.7
2026-08-19 14:45:00,628.4,835.0,841.0,783.0,764.1,675.5,379.6,12.7,511.4,2.0,299.6,1881.4,5776.1,4836.3,1402.2,1920.2,53.4,136.6,1656.1,1137.9,491.3,594.8,5348.6,4560.9,2823.1,758.6,5032.8,2547.6,2965.6,2486.2,1496.3,2868.9,1096.1,3154.3,1059.0,3113.8,1535.2,4241.7,7877.8,4937.6,2011.0,250.4
2026-08-19 15:00:00,643.4,812.9,825.5,786.1,771.7,651.7,289.1,12.5,425.5,3.1,320.6,1863.8,5629.7,4611.0,1317.2,1897.1,21.9,108.0,1549.3,1098.3,479.0,578.8,5319.5,4668.7,2828.8,712.4,5152.8,2667.9,2992.4,2528.2,1500.0,2872.0,1102.2,3225.9,1060.8,3113.2,1528.4,4260.3,7794.5,4808.6,2005.2,249.4
2026-08-19 15:15:00,647.8,789.2,847.8,767.6,768.5,619.8,288.5,12.2,430.4,3.1,295.4,1863.3,5593.3,4588.1,1323.8,1910.2,21.7,106.3,1543.6,1109.4,467.6,578.2,5316.4,4666.8,2841.0,712.2,5143.6,2684.4,2990.8,2528.7,1502.2,2873.4,1100.6,3246.7,1061.7,3112.6,1533.7,4253.6,7828.1,4802.1,2011.6,247.8
2026-08-19 15:30:00,654.3,762.1,872.7,754.4,766.0,584.8,288.4,11.9,425.1,3.0,302.1,1845.6,5579.3,4618.2,1333.8,1897.9,21.7,104.7,1539.7,1124.4,468.4,567.1,5327.2,4671.5,2852.1,712.0,5149.3,2937.5,2987.8,2529.0,1502.1,2874.9,1104.4,3302.4,1064.3,3112.2,1538.9,4246.5,7848.4,4827.8,2009.6,245.0
2026-08-19 15:45:00,655.0,748.3,907.8,729.6,765.6,553.3,288.5,11.2,415.0,3.0,296.0,1851.7,5533.4,4723.9,1349.7,1886.2,35.2,103.2,1541.7,1468.8,460.3,564.6,5334.0,4672.2,2858.3,708.0,5099.0,3146.0,2995.0,2530.9,1500.8,2875.7,1102.6,3434.2,1068.0,3111.7,1544.2,4238.7,7875.0,4813.4,2017.4,242.9
2026-08-19 16:00:00,661.3,730.4,673.7,687.7,745.5,530.2,141.2,50.7,394.4,2.9,321.6,1793.8,5407.3,4498.4,1339.6,1881.4,28.7,79.4,1516.3,1366.1,531.5,553.6,5323.7,4641.0,2863.9,654.6,4925.7,2459.6,2995.1,2512.8,1502.4,2909.6,1134.8,3307.5,1075.6,3208.8,1560.2,4505.6,7883.2,4927.9,2007.4,236.5
2026-08-19 16:15:00,666.0,699.1,714.7,627.6,754.8,485.6,140.6,49.8,385.4,2.9,318.5,1788.2,5179.9,4568.1,1368.2,1857.7,33.5,78.8,1384.3,1589.9,527.8,549.8,5337.2,4629.5,2872.6,652.2,4883.9,2993.9,2997.1,2515.3,1502.1,2910.2,1142.0,3594.0,1080.1,3208.8,1567.9,4500.2,7935.0,5050.4,2012.8,236.5
2026-08-19 16:30:00,681.9,692.9,755.9,563.6,765.8,436.8,139.6,48.8,331.4,21.3,333.7,1755.8,5269.6,5232.5,1422.0,1841.3,33.5,77.8,1388.7,1594.6,526.7,565.8,5338.8,4616.6,2876.9,651.8,4848.4,3257.8,2991.7,2515.2,1494.7,2911.8,1135.8,3687.8,1079.5,3208.5,1567.9,4498.0,7993.8,5035.5,2025.6,236.6
2026-08-19 16:45:00,700.3,664.9,806.7,489.7,775.9,387.3,139.5,42.9,325.0,22.2,330.5,1745.6,4456.9,4726.8,1491.9,1816.7,43.3,76.8,1393.3,1738.1,501.0,869.7,5357.3,4610.5,2882.9,685.1,4819.1,3618.1,2990.6,2515.7,1501.9,2912.5,1138.6,3739.6,1084.5,3208.4,1570.0,4494.1,8045.1,5021.5,2036.3,230.2
2026-08-19 17:00:00,734.1,587.1,851.2,412.5,786.8,345.5,157.5,79.0,333.6,20.0,298.9,1713.4,5372.5,4736.2,1623.0,1872.4,151.7,30.8,1394.5,1722.2,502.0,583.9,5454.6,4768.6,2870.9,612.2,4447.3,3570.2,2999.9,2546.6,1493.0,2943.9,1125.6,3813.1,1090.9,3231.2,1574.6,4530.3,8124.6,5063.5,1997.1,148.0
2026-08-19 17:15:00,738.4,575.0,924.4,385.6,795.0,293.7,157.4,78.2,339.7,18.1,301.1,1688.9,4313.1,4813.9,1695.5,2030.5,138.2,31.3,1407.6,1748.1,477.7,880.0,5471.0,4755.2,2872.7,653.1,4371.2,3856.1,2998.0,2546.8,1490.4,2944.2,1122.7,3825.9,1090.6,3231.3,1570.0,4523.3,8185.5,5049.6,2005.5,146.8
2026-08-19 17:30:00,751.1,538.7,1022.8,372.5,796.8,244.0,156.8,74.7,343.2,16.2,306.0,1668.0,3896.1,4948.9,1614.9,2015.3,125.7,54.5,1413.0,1742.6,476.2,881.3,5485.1,4767.6,2870.2,790.1,4377.2,4518.6,2990.1,2546.0,1491.1,2944.2,1126.1,3891.0,1088.2,3231.3,1570.7,4514.6,8228.9,5036.1,2008.1,142.8
2026-08-19 17:45:00,755.8,550.5,1113.7,353.4,796.5,210.0,156.0,74.1,347.0,14.6,329.5,1661.8,3878.3,4948.2,1505.2,1836.9,119.7,54.4,1403.0,1750.8,462.4,904.1,5491.6,4792.0,2869.5,806.3,4386.0,4881.2,2991.1,2545.4,1488.4,2943.9,1131.8,3909.8,1090.5,3231.1,1574.0,4507.0,8268.7,5022.8,2019.2,139.9
2026-08-19 18:00:00,768.9,470.8,1181.3,317.8,800.3,397.4,115.4,177.3,342.6,18.4,275.6,1599.5,4339.4,4722.1,1381.7,1691.0,118.6,121.8,1397.1,1533.3,519.1,910.7,5592.6,4854.4,2858.1,879.1,4294.0,4859.6,2984.6,2587.8,1489.1,2983.8,1145.4,3807.3,1084.0,3268.9,1574.6,4538.1,8245.3,5004.4,2033.6,149.7
2026-08-19 18:15:00,780.7,458.8,1221.4,331.8,802.2,373.8,114.7,176.4,347.1,16.2,277.6,1576.6,4154.5,4560.6,1259.2,1517.8,118.6,119.1,1291.3,1571.1,514.4,918.2,5606.9,4867.8,2856.5,908.8,4297.3,5527.2,2984.5,2586.3,1481.8,2982.6,1140.2,3807.5,1083.4,3268.8,1578.3,4535.9,8262.1,4994.0,2044.9,146.1
2026-08-19 18:30:00,790.5,453.3,1254.6,367.8,803.2,372.0,113.6,176.8,355.4,16.4,297.2,1552.4,3812.2,4791.2,1297.7,1538.6,118.6,108.1,1295.8,1478.0,514.5,928.1,5678.3,4899.2,2860.4,979.9,4306.4,6143.0,2975.5,2584.0,1480.6,2981.5,1141.3,3799.8,1083.6,3269.7,1581.6,4534.9,8269.3,4982.5,2047.3,142.3
2026-08-19 18:45:00,790.4,447.7,1281.4,389.8,803.8,377.4,113.1,180.9,363.4,12.7,300.9,1521.6,3535.2,4600.0,1336.9,1514.2,118.6,92.6,1316.5,1565.0,507.9,948.4,5689.7,4942.2,2861.1,984.5,4300.9,6387.1,2976.7,2582.6,1490.4,2980.8,1137.3,3802.4,1081.6,3269.4,1569.7,4535.2,8270.4,4972.1,2052.1,139.4
2026-08-19 19:00:00,782.4,436.4,1289.8,430.7,809.9,401.8,128.1,81.6,354.9,12.9,310.8,1479.3,3918.9,4267.8,1388.5,1530.6,0.0,166.5,1291.5,1406.2,536.7,972.3,5663.9,5080.1,2857.7,1041.2,4125.6,6803.0,2976.8,2657.7,1480.2,2991.3,1135.8,3825.6,1078.4,3256.3,1567.0,4505.7,8299.3,5091.6,2042.7,137.0
2026-08-19 19:15:00,793.6,431.4,1298.0,472.3,818.5,397.0,127.5,84.4,362.8,56.2,300.6,1461.8,3399.7,3962.8,1419.4,1520.1,31.3,147.0,1248.1,1375.2,515.2,979.4,5663.5,5086.1,2854.5,1040.7,4135.8,7002.4,2977.1,2656.7,1483.3,2989.9,1137.1,3832.8,1076.1,3256.8,1563.0,4509.3,8284.0,5066.0,2041.2,135.3
2026-08-19 19:30:00,803.8,436.8,1296.6,528.5,823.1,414.3,126.9,81.2,369.8,86.2,318.1,1476.8,3074.6,3984.1,1407.3,1522.7,31.2,146.3,1242.3,1344.5,503.0,987.7,5648.9,5086.7,2853.7,1040.2,4142.2,6965.8,2973.3,2655.6,1490.6,2987.7,1138.6,3820.1,1073.8,3257.5,1561.6,4508.9,8254.9,5097.5,2031.7,134.7
2026-08-19 19:45:00,800.3,525.0,1292.6,556.5,826.0,413.1,126.8,83.4,375.4,86.6,313.9,1467.9,3074.8,3915.8,1446.5,1534.0,31.2,133.5,1253.1,1358.2,512.3,1009.2,5628.6,5071.6,2853.9,1039.8,4136.0,6907.1,2977.5,2655.5,1482.9,2986.1,1135.3,3803.2,1072.6,3257.9,1561.9,4510.1,8245.0,5170.7,2018.4,159.4
2026-08-19 20:00:00,809.5,422.4,1284.9,610.2,825.3,403.8,36.0,59.1,397.2,12.1,339.2,1486.3,3129.2,3746.9,1316.8,1496.5,146.5,46.4,1279.0,1328.7,554.7,1000.7,5529.2,5018.2,2853.9,1082.1,4031.8,7199.9,2973.9,2662.2,1486.7,2974.8,1138.6,3436.1,1070.3,3262.6,1563.0,4522.4,8255.5,5135.2,2009.8,168.3
2026-08-19 20:15:00,830.3,385.6,1269.3,646.7,820.0,403.7,35.9,61.4,401.3,16.6,302.0,1474.6,3152.4,3779.8,1323.4,1470.4,144.9,55.4,1274.9,1274.2,533.8,1007.6,5503.5,5013.6,2852.5,1037.8,4027.3,7145.2,2972.5,2661.9,1482.1,2973.5,1128.9,3404.0,1070.6,3263.6,1563.9,4526.4,8243.3,5143.5,1992.3,169.1
2026-08-19 20:30:00,822.8,385.9,1241.1,690.2,817.4,406.3,36.0,60.3,383.3,33.8,294.9,1464.1,3274.1,3911.0,1354.7,1476.1,115.4,66.5,1273.1,1257.5,530.3,1014.2,5478.2,5049.6,2847.6,1019.1,4030.0,7111.4,2967.9,2661.2,1487.8,2972.3,1137.8,3398.0,1069.6,3264.4,1564.2,4531.6,8213.6,5099.8,1981.6,170.6
2026-08-19 20:45:00,822.8,386.5,1208.9,734.5,806.7,415.8,36.1,60.5,378.8,83.8,284.3,1455.8,3198.9,3752.9,1353.4,1481.1,115.4,87.0,1295.8,1229.6,524.3,1030.2,5451.3,4998.3,2851.8,1019.1,4033.7,7123.4,2968.3,2660.9,1483.7,2971.0,1135.8,3397.6,1069.4,3265.3,1564.7,4536.8,8198.9,5038.8,1967.0,147.7
2026-08-19 21:00:00,791.3,528.5,1168.5,779.3,789.4,417.1,39.5,43.6,417.0,24.3,329.6,1468.0,3343.7,3444.3,1311.4,1466.1,167.1,39.9,1249.0,1174.0,519.8,1018.5,5434.1,4925.3,2845.1,1146.1,4202.8,7033.6,2972.1,2569.7,1526.1,2964.5,1157.3,3668.5,1069.8,3259.5,1483.6,4559.7,8146.1,5048.7,1953.8,147.2
2026-08-19 21:15:00,792.8,453.1,1133.7,807.8,780.3,420.5,39.7,42.5,417.8,77.7,303.0,1469.3,3239.6,3325.7,1315.0,1452.7,166.8,49.7,1241.2,1104.3,520.3,1022.8,5500.4,4936.2,2846.3,1145.8,4201.5,7016.2,2971.3,2569.0,1527.5,2963.3,1156.0,3665.3,1069.3,3259.6,1484.3,4562.6,8108.7,5050.6,1928.7,149.0
2026-08-19 21:30:00,784.9,403.8,1094.2,829.3,759.8,421.8,40.1,42.5,418.5,66.4,305.7,1446.8,3224.0,3261.9,1347.8,1436.0,166.5,39.5,1242.2,1062.9,519.7,1022.6,5491.9,4907.2,2842.0,1145.8,4205.2,7008.7,2968.5,2571.7,1529.4,2962.3,1158.7,3664.5,1067.6,3259.5,1478.1,4563.3,8065.2,5042.7,1910.7,151.7
2026-08-19 21:45:00,767.5,388.5,1051.9,873.5,744.6,418.9,40.0,42.5,430.6,4.6,296.3,1443.7,3285.8,3229.8,1346.2,1440.2,166.2,39.5,1260.7,1040.3,530.6,1025.4,5505.3,4899.2,2826.9,1077.2,4198.6,6927.5,2967.9,2590.4,1489.7,2961.3,1151.2,3608.7,1062.2,3259.5,1469.6,4560.6,8005.4,5044.6,1880.0,153.6
2026-08-19 22:00:00,741.1,399.9,1009.3,856.4,719.9,184.1,36.7,47.0,385.8,39.3,307.2,1443.2,2853.8,3135.5,1273.2,1472.4,125.3,45.0,1160.6,988.2,479.1,1061.5,5345.6,4737.7,2782.3,1148.6,4107.2,7013.1,2966.4,2615.7,1476.9,2956.2,1145.2,3688.1,1048.7,3216.4,1454.6,4380.7,7784.4,4999.8,1799.0,146.2
2026-08-19 22:15:00,735.1,369.0,980.2,873.8,702.3,184.7,36.2,47.1,401.6,5.9,273.3,1442.2,2901.3,3099.0,1251.8,1468.6,125.1,45.1,1154.7,961.8,486.4,1043.9,5313.6,4729.3,2757.8,1149.6,4097.7,6882.7,2960.0,2614.8,1476.1,2954.9,1138.6,3649.9,1041.4,3216.8,1440.7,4369.8,7694.0,5000.9,1761.9,148.3
2026-08-19 22:30:00,722.3,279.0,949.3,888.7,683.7,186.2,36.2,47.2,395.9,5.9,284.4,1440.9,3140.0,3105.8,1270.7,1473.5,124.9,63.9,1145.0,942.9,486.4,1033.0,5262.6,4741.6,2723.3,1148.0,4092.5,6680.3,2952.5,2612.5,1465.9,2953.8,1129.2,3577.1,1035.4,3217.1,1425.1,4343.9,7599.6,5002.2,1728.5,151.1
2026-08-19 22:45:00,712.9,266.5,920.0,906.0,663.8,187.5,37.6,47.0,390.0,6.0,282.2,1439.9,4152.9,3599.9,1256.6,1476.9,104.6,73.7,1145.2,931.4,503.7,1021.2,5253.2,4748.2,2693.5,1088.9,4077.2,6509.9,2946.3,2593.2,1504.2,2953.3,1120.6,3545.3,1031.4,3217.1,1409.2,4336.4,7497.3,5005.0,1687.7,154.0
2026-08-19 23:00:00,666.4,399.6,893.1,893.9,647.8,186.9,45.9,27.1,370.5,3.9,273.9,1454.9,3823.7,3544.5,1162.6,1481.1,166.0,75.1,1060.4,895.8,462.6,1000.1,5019.8,4723.1,2603.2,727.5,4008.3,6297.2,2909.4,2594.7,1448.1,2969.1,1061.4,3522.1,1024.3,3063.9,1395.2,4296.5,7380.3,4851.6,1630.3,178.5
2026-08-19 23:15:00,661.3,396.3,870.3,901.3,631.0,188.1,46.2,26.9,363.2,3.9,254.3,1457.3,4328.9,3521.0,1145.8,1477.4,165.6,74.2,1054.1,887.1,469.1,974.4,4958.3,4719.7,2559.5,727.5,3987.1,6166.9,2900.2,2594.4,1483.0,2967.8,1052.5,3434.5,1019.3,3064.5,1384.1,4260.8,7281.3,4799.2,1599.1,188.6
2026-08-19 23:30:00,652.8,397.2,852.1,903.1,614.3,189.1,46.2,27.0,353.4,3.9,251.2,1457.4,4311.3,3497.0,1168.8,1473.7,145.1,73.6,1055.3,878.8,467.0,954.6,4944.3,4731.4,2521.9,725.6,3974.0,6043.4,2885.2,2574.3,1477.0,2967.2,1047.3,3356.5,1014.0,3064.3,1378.1,4241.0,7196.7,4800.7,1578.5,195.5
2026-08-19 23:45:00,644.4,398.9,838.2,905.1,604.2,189.8,46.2,26.9,339.3,3.9,241.8,1450.8,4744.6,2973.7,1152.0,1469.5,144.7,75.4,1059.9,856.3,473.0,924.4,4905.2,4731.6,2480.2,715.0,3953.3,5468.1,2875.6,2563.2,1476.1,2947.0,1062.3,3281.3,1007.9,3064.4,1379.3,4216.5,7070.4,4769.1,1547.0,206.2
2026-08-20 00:00:00,658.1,188.7,882.6,816.1,604.0,44.9,58.8,9.1,298.4,26.5,306.0,1486.5,3765.0,3245.5,985.4,1395.8,158.4,0.2,1022.1,1017.9,481.8,875.3,4592.6,4844.9,2369.8,819.5,3924.9,5427.7,2857.2,2441.3,1563.3,3141.3,1089.2,3430.3,970.4,2566.5,1403.6,4091.3,7020.1,4706.9,1541.1,215.9
2026-08-20 00:15:00,657.2,186.4,870.4,804.9,595.4,44.0,58.8,9.2,296.3,26.5,279.5,1486.5,3768.1,3201.2,1002.4,1422.0,181.7,0.2,1024.6,998.7,473.3,875.4,4578.5,4850.9,2339.4,792.0,3917.2,5217.2,2874.9,2403.4,1539.7,3167.7,1065.7,3394.4,957.3,2566.7,1412.5,4074.6,6963.7,4674.3,1520.7,214.9
2026-08-20 00:30:00,672.5,185.6,861.4,795.8,587.5,45.4,59.4,9.2,291.3,26.5,270.2,1486.7,3975.4,3203.2,982.5,1419.7,184.4,0.2,1034.8,982.3,480.4,879.0,4562.8,4871.2,2307.9,772.0,3897.7,4687.6,2864.4,2395.0,1540.7,3158.8,1063.4,3336.1,949.0,2567.3,1417.5,4061.8,6920.0,4653.9,1511.8,213.8
2026-08-20 00:45:00,647.2,189.2,844.3,785.0,582.1,47.9,59.8,9.2,292.6,26.5,241.9,1490.0,3980.0,3197.0,998.2,1419.5,187.2,0.3,1045.0,967.9,489.0,880.5,4546.7,4879.1,2273.7,715.7,3887.6,4045.8,2855.1,2362.3,1539.6,3151.0,1053.8,3330.1,943.6,2567.9,1424.2,4045.8,6884.6,4652.5,1493.5,208.2
2026-08-20 01:00:00,637.4,205.4,855.4,774.8,576.5,49.8,79.8,2.2,313.0,5.8,199.6,1492.1,3874.9,3161.7,955.6,1424.7,143.4,0.1,1017.4,857.4,474.9,859.6,4503.6,4929.6,2227.0,720.0,3610.0,4610.2,2825.3,2393.7,1510.1,3100.1,1048.6,3236.1,932.1,2546.5,1414.2,3833.3,6817.3,4583.4,1466.9,244.0
2026-08-20 01:15:00,656.6,195.0,847.9,767.0,570.1,49.7,79.8,2.2,310.3,5.8,178.0,1491.5,3807.2,3152.3,929.6,1430.2,163.0,0.1,1018.0,847.1,477.5,852.8,4499.2,4947.6,2203.5,720.0,3601.0,4327.4,2819.8,2341.8,1505.8,3098.6,1032.7,3230.5,928.6,2547.0,1411.8,3826.1,6795.8,4581.6,1454.1,239.9
2026-08-20 01:30:00,653.2,191.2,839.3,757.8,564.8,51.0,79.6,2.2,308.8,5.8,183.0,1491.7,3890.1,3119.2,905.3,1438.4,142.5,0.1,1014.9,832.0,477.7,844.4,4483.5,4957.0,2185.2,720.0,3594.4,4254.0,2815.8,2328.9,1504.3,3095.4,1027.6,3223.1,926.3,2547.6,1411.2,3816.0,6797.9,4581.1,1445.4,243.0
2026-08-20 01:45:00,649.6,190.7,836.5,749.2,562.1,46.9,80.8,2.3,306.7,5.8,152.4,1492.1,3917.3,3110.2,897.1,1445.4,161.8,0.1,1014.5,812.9,479.0,834.5,4471.3,4964.6,2161.1,710.6,3586.6,4094.0,2811.7,2330.0,1505.5,3097.3,1038.1,3222.8,929.0,2548.3,1402.1,3754.1,6774.6,4580.1,1435.7,238.8
2026-08-20 02:00:00,631.5,205.7,831.2,737.0,559.4,47.7,66.3,9.7,308.2,4.9,189.9,1500.0,3909.1,3074.6,904.1,1471.1,68.7,20.9,1002.6,815.3,488.6,819.4,4466.3,5002.6,2132.7,708.6,3459.8,4102.3,2799.4,2353.1,1535.4,3087.7,1030.4,3141.1,931.5,2541.6,1397.8,3721.6,6705.5,4560.5,1419.7,238.9
2026-08-20 02:15:00,647.9,206.7,826.6,713.1,554.6,48.4,66.2,9.7,298.8,4.9,177.6,1500.7,3906.4,3059.5,886.5,1473.4,70.9,20.9,1006.0,806.8,493.9,807.3,4467.8,5008.5,2121.2,708.6,3455.7,4030.6,2793.4,2335.3,1532.0,3083.7,1024.7,3135.9,932.0,2542.4,1389.7,3715.6,6689.5,4547.7,1420.1,240.1
2026-08-20 02:30:00,648.1,208.3,823.4,705.1,554.2,48.6,66.3,9.7,301.3,4.9,165.5,1503.1,3907.0,3067.8,893.9,1481.2,71.2,20.9,1005.7,797.8,496.3,794.6,4455.3,5012.9,2109.2,708.6,3453.7,3911.4,2791.6,2311.7,1528.8,3080.0,1024.4,3140.4,932.8,2543.3,1389.0,3697.9,6673.9,4509.0,1411.7,240.1
2026-08-20 02:45:00,644.9,210.0,814.8,698.8,567.4,48.2,66.7,12.2,300.9,4.9,159.7,1503.6,3909.1,3085.7,892.3,1488.5,71.3,20.9,1001.0,792.7,497.2,777.9,4440.2,5024.2,2101.1,708.7,3454.6,3675.0,2789.9,2312.4,1527.3,3076.9,1019.9,3127.3,929.6,2544.0,1385.7,3654.9,6652.4,4500.6,1409.2,237.2
2026-08-20 03:00:00,640.7,230.2,801.0,689.1,593.0,48.4,74.2,2.2,309.2,5.7,196.4,1505.1,3787.9,3101.4,851.7,1516.8,77.4,18.7,986.9,786.3,491.3,765.4,4491.1,5032.6,2085.2,706.1,3445.6,3894.2,2776.9,2324.5,1517.6,3065.4,992.8,2850.1,925.8,2544.9,1383.3,3677.8,6765.5,4662.4,1409.6,236.2
2026-08-20 03:15:00,642.1,231.3,794.2,680.6,595.5,48.8,74.6,2.2,300.6,5.7,190.5,1505.1,3802.7,3105.5,847.5,1520.8,77.4,18.7,984.8,773.5,489.3,748.8,4490.5,5041.0,2078.0,707.4,3447.0,3809.2,2776.3,2309.0,1521.8,3067.5,993.7,2853.5,921.8,2545.6,1381.0,3675.6,6746.3,4631.0,1407.7,233.6
2026-08-20 03:30:00,642.1,229.3,786.0,669.3,600.1,53.5,75.1,2.3,309.3,5.7,181.7,1506.5,3827.3,3108.2,819.2,1532.4,77.3,18.7,977.8,763.0,485.7,732.0,4494.5,5048.9,2074.1,707.4,3447.2,3869.4,2773.1,2309.0,1517.1,3063.5,991.1,2849.7,918.3,2546.3,1379.4,3669.1,6739.3,4618.8,1412.8,230.9
2026-08-20 03:45:00,638.7,226.9,790.4,673.5,606.5,54.4,74.2,2.2,343.5,5.7,180.8,1505.9,3916.2,3132.1,811.9,1547.5,77.3,18.7,977.6,751.8,485.3,717.1,4498.6,5049.9,2070.9,707.4,3450.3,3807.6,2771.2,2310.1,1515.6,3061.2,989.6,2844.4,919.7,2546.7,1382.0,3659.1,6720.8,4627.3,1415.0,229.4
2026-08-20 04:00:00,637.5,234.5,819.2,636.0,617.2,54.1,33.5,9.4,324.4,63.1,365.0,1539.6,4157.9,3126.1,856.8,1555.1,107.9,17.5,965.2,770.4,475.8,692.7,4512.4,5075.0,2055.7,703.3,3433.6,3618.3,2759.2,2307.7,1509.6,3060.6,987.3,2784.2,920.4,2541.2,1382.0,3644.9,6772.5,4653.0,1426.6,224.9
2026-08-20 04:15:00,638.0,235.3,831.6,616.3,623.9,54.1,35.3,9.2,374.4,63.1,372.3,1538.5,4177.6,3133.5,839.1,1562.2,128.2,17.7,963.1,761.9,467.7,677.3,4524.3,5077.0,2058.1,702.6,3437.1,3648.0,2760.8,2311.6,1510.1,3059.7,987.2,2785.7,921.4,2541.6,1381.1,3652.1,6771.0,4654.5,1434.7,223.2
2026-08-20 04:30:00,636.8,235.5,849.7,599.3,630.6,53.9,34.2,9.2,361.2,63.1,361.1,1538.0,4141.5,3151.1,784.7,1571.5,128.4,17.6,961.7,753.5,467.9,661.4,4549.3,5082.4,2061.3,704.0,3439.5,3819.3,2760.1,2315.1,1509.9,3060.0,985.2,2787.5,921.6,2541.7,1376.4,3659.5,6779.6,4683.4,1445.0,221.9
2026-08-20 04:45:00,621.9,232.9,883.4,586.3,628.1,54.2,34.5,9.2,312.3,63.1,354.6,1536.3,4113.2,3165.1,779.1,1590.4,108.6,17.6,961.6,739.8,467.0,648.8,4582.5,5080.2,2069.0,704.0,3445.4,4004.7,2762.1,2334.4,1511.2,3060.6,974.1,2774.8,924.3,2541.9,1377.4,3664.1,6773.7,4705.3,1459.9,220.6
2026-08-20 05:00:00,643.0,250.5,918.5,600.6,633.4,58.3,64.0,9.2,361.6,4.7,167.0,1559.9,4081.4,3159.4,804.8,1624.5,150.9,0.5,992.3,731.3,482.9,642.3,4667.9,5128.6,2091.2,680.3,3472.7,3776.7,2742.1,2329.7,1488.3,3123.2,991.9,2895.4,930.8,2601.2,1383.2,3696.6,6718.2,4580.3,1478.3,217.9
2026-08-20 05:15:00,630.6,254.5,961.4,592.2,643.0,64.0,64.0,9.3,319.6,4.7,160.8,1558.5,4002.3,3193.8,803.2,1644.4,131.3,0.5,965.7,725.5,483.3,637.6,4725.4,5130.9,2114.8,690.8,3485.4,4177.7,2745.2,2386.3,1481.1,3138.6,996.3,2922.3,937.4,2600.7,1390.1,3705.7,6779.8,4620.9,1506.9,216.4
2026-08-20 05:30:00,615.4,259.9,999.2,585.8,655.9,74.6,64.1,9.2,329.8,4.7,147.7,1556.7,3947.0,3259.7,748.9,1659.4,141.6,0.6,963.9,716.7,483.4,624.3,4765.0,5146.0,2143.4,699.9,3501.1,4614.7,2747.8,2392.6,1481.3,3152.4,1002.6,2995.4,943.6,2600.1,1401.0,3712.5,6852.8,4623.2,1527.3,215.0
2026-08-20 05:45:00,611.5,264.1,1028.2,570.5,669.0,90.1,64.3,10.5,339.9,4.7,150.9,1555.5,3818.0,3327.7,748.3,1683.1,190.9,0.6,961.6,752.0,478.3,616.5,4806.4,5153.1,2179.3,700.1,3515.2,5351.7,2757.8,2398.8,1484.9,3149.5,1002.5,3169.5,947.6,2599.0,1413.6,3721.8,6954.9,4673.6,1562.5,211.7
2026-08-20 06:00:00,655.3,278.3,1089.0,765.6,689.7,130.5,56.6,36.9,361.1,20.4,269.8,1448.2,4150.9,3587.7,855.4,1667.3,214.9,0.4,1040.7,767.9,518.5,619.1,5018.5,5207.5,2308.3,775.4,3594.0,5252.6,2782.1,2406.3,1471.6,3171.9,1032.2,3629.9,968.8,2615.7,1438.7,3921.5,7253.4,4761.0,1650.2,210.9
2026-08-20 06:15:00,636.4,287.8,1108.0,745.6,707.3,162.8,56.8,37.2,372.6,20.3,270.3,1446.2,3949.4,3773.0,847.6,1682.4,218.7,0.5,1052.9,783.6,525.8,616.8,5048.2,5206.5,2369.7,910.9,3611.8,5473.0,2805.7,2415.0,1472.3,3206.2,1046.3,3764.6,979.2,2614.9,1456.3,3923.0,7375.6,4764.2,1700.7,210.4
2026-08-20 06:30:00,629.1,297.8,1122.2,740.2,727.8,187.1,54.5,37.6,384.6,28.7,261.0,1448.0,3939.4,4236.3,822.2,1697.2,214.2,0.6,1063.8,764.9,532.4,618.4,5054.8,5202.5,2424.5,912.6,3641.4,5576.3,2819.0,2434.5,1472.1,3215.4,1064.7,3831.2,988.9,2614.0,1476.4,3934.1,7517.1,4921.1,1740.3,209.4
2026-08-20 06:45:00,631.9,316.7,1131.4,729.2,744.6,216.2,53.3,38.0,395.9,31.3,261.3,1459.1,3930.5,4417.3,833.3,1712.6,212.7,0.7,1065.5,734.9,539.6,610.6,5134.3,5299.6,2485.9,965.9,3670.5,5707.2,2842.8,2424.4,1478.5,3215.8,1074.4,3924.5,997.6,2613.6,1490.9,3955.6,7645.7,4923.9,1782.0,205.6
2026-08-20 07:00:00,681.3,334.7,1161.7,707.6,769.2,245.8,36.4,53.2,411.5,7.2,217.0,1423.8,4263.7,4664.0,866.5,1759.7,148.9,27.9,1144.3,651.1,573.5,609.3,5150.5,5134.4,2654.0,932.6,3790.9,5794.9,2858.8,2647.0,1508.5,3233.5,1122.7,3982.2,1019.4,2907.7,1603.2,4053.8,7917.4,5027.7,1861.8,215.2
2026-08-20 07:15:00,670.3,342.5,1168.3,697.1,784.0,281.6,36.6,54.5,402.7,63.9,222.0,1430.9,4237.2,4470.8,870.6,1772.1,147.9,28.0,1150.2,650.6,574.0,592.6,5161.9,5149.7,2694.9,933.4,3803.3,5623.7,2878.9,2649.4,1507.4,3236.0,1137.6,4035.0,1024.4,2906.4,1614.3,4101.1,7997.3,5034.9,1885.9,216.7
2026-08-20 07:30:00,672.9,349.4,1151.1,688.0,793.8,317.8,36.7,54.4,408.6,64.0,228.6,1429.5,4213.4,4350.1,876.5,1763.3,144.9,28.0,1164.5,663.0,571.5,586.8,5179.7,5175.0,2725.4,926.5,3815.9,5259.8,2884.0,2655.7,1513.2,3242.8,1144.5,4052.9,1030.0,2905.6,1622.5,4120.8,8051.4,5046.0,1890.1,219.6
2026-08-20 07:45:00,675.7,356.4,1132.6,679.2,800.4,349.2,37.2,54.5,420.1,3.1,242.0,1431.5,4401.0,4234.4,853.5,1773.6,139.2,28.0,1179.8,654.9,582.3,575.8,5179.5,5178.4,2750.6,891.5,3806.2,5082.6,2889.2,2661.7,1524.7,3251.3,1148.2,4056.1,1037.0,2904.3,1622.8,4118.9,8064.2,5075.5,1899.7,226.1
2026-08-20 08:00:00,677.1,357.2,1123.4,641.9,806.4,371.2,78.8,59.8,394.5,83.1,400.5,1410.4,4589.5,4683.6,1169.6,1704.9,255.2,1.0,1295.8,793.4,581.3,583.3,5184.6,5144.7,2794.5,894.8,4272.5,5626.6,2877.7,2674.1,1540.4,3216.2,1158.8,3888.2,1032.2,3024.2,1627.1,4122.1,8091.4,5130.4,1905.2,227.1
2026-08-20 08:15:00,680.4,362.4,1107.2,633.7,807.1,407.7,79.8,62.0,386.2,10.3,412.2,1414.8,4824.4,4688.4,1331.6,1902.9,254.9,1.0,1274.8,685.0,580.1,568.9,5183.1,5154.8,2805.4,835.3,4267.2,5074.5,2887.3,2673.2,1550.1,3215.7,1160.1,3879.1,1029.6,3024.2,1626.0,4146.0,8093.0,5125.6,1900.8,231.9
2026-08-20 08:30:00,681.4,368.4,1083.2,425.8,802.9,448.0,80.6,62.7,374.0,14.1,446.1,1425.6,4768.3,4685.6,1392.4,1906.5,259.9,1.0,1283.5,709.5,587.9,564.4,5169.8,5160.7,2801.3,720.2,4265.4,4478.2,2888.7,2682.3,1551.2,3215.7,1161.2,3893.6,1032.1,3024.5,1620.0,4154.6,8086.8,5066.2,1888.5,237.9
2026-08-20 08:45:00,676.5,373.7,1047.2,427.7,799.2,491.2,81.2,63.5,356.9,18.4,463.9,1436.6,4784.2,4745.8,1527.0,1962.2,282.6,1.0,1380.7,743.4,594.1,567.1,5174.1,5167.2,2807.7,680.2,4269.3,3905.9,2900.3,2687.2,1553.1,3215.7,1166.8,3889.2,1040.1,3025.1,1619.9,4158.0,8068.3,5053.0,1878.2,243.4
2026-08-20 09:00:00,687.5,391.5,978.3,397.2,796.0,523.8,153.2,37.6,340.2,37.0,446.9,1418.2,4604.8,5148.5,1495.3,2063.7,174.5,0.6,1454.0,900.1,591.6,596.3,5126.4,5174.9,2831.9,831.4,4289.0,4397.3,2876.8,2670.3,1637.8,3256.9,1167.5,3861.4,1049.3,3078.5,1615.2,4059.7,8040.2,4864.7,1843.1,246.2
2026-08-20 09:15:00,683.3,398.2,922.5,405.2,798.1,561.9,155.2,38.2,318.2,44.7,467.1,1430.5,4628.2,4986.3,1424.2,2106.5,192.2,0.7,1444.5,821.3,591.7,589.3,5116.3,5173.4,2822.6,712.2,4270.6,4070.5,2882.0,2675.4,1642.4,3239.4,1165.9,3807.5,1050.7,3079.2,1613.5,4065.2,8009.4,4881.3,1825.8,251.9
2026-08-20 09:30:00,682.9,406.8,892.9,447.5,795.3,582.7,155.8,38.9,300.5,42.6,480.4,1446.7,4810.6,4544.8,1402.0,2010.1,144.2,43.7,1455.2,827.7,594.9,595.2,5111.3,5180.9,2823.7,697.3,4260.6,3487.3,2881.9,2680.9,1637.9,3216.1,1167.3,3720.3,1050.8,3079.7,1608.4,4068.2,7974.5,4896.4,1803.1,259.9
2026-08-20 09:45:00,680.9,416.4,856.6,491.3,793.9,606.8,156.2,39.4,270.0,44.7,471.6,1466.2,5983.7,4166.6,1358.9,1846.8,143.1,71.6,1559.1,835.1,597.4,575.9,5109.4,5188.2,2829.8,702.6,4361.2,2997.2,2888.2,2691.3,1645.3,3201.5,1165.2,3660.0,1048.9,3079.7,1602.1,4066.5,7961.2,4787.3,1785.5,267.5
2026-08-20 10:00:00,678.7,423.6,818.6,522.3,785.0,630.6,194.8,44.0,263.2,59.6,370.2,1531.5,4501.4,4631.8,1214.3,1951.4,5.4,146.2,1473.2,969.5,588.0,530.4,5157.3,5194.4,2834.4,742.6,4581.9,3579.4,2856.2,2647.9,1651.6,3134.7,1153.8,3740.9,1044.9,3072.7,1588.8,4065.2,7965.9,4807.8,1771.6,276.7
2026-08-20 10:15:00,679.1,432.1,786.5,564.2,780.5,651.1,194.8,45.3,250.3,62.7,392.6,1535.9,5077.4,4738.8,1157.6,1980.9,3.8,155.5,1474.4,863.5,586.4,526.0,5160.7,5186.1,2840.7,747.2,4657.9,2983.5,2858.2,2644.3,1657.8,3131.1,1157.2,3632.2,1044.7,3072.9,1580.3,4062.9,7920.2,4776.6,1751.6,282.1
2026-08-20 10:30:00,677.6,444.1,762.6,610.0,776.7,671.4,201.2,45.5,242.3,76.6,385.4,1561.2,5891.3,4803.4,1131.4,2057.5,2.2,107.7,1474.7,678.5,582.9,526.9,5151.4,5188.0,2842.9,751.8,4706.4,2528.4,2854.4,2649.4,1661.2,3117.4,1154.1,3379.3,1045.4,3072.9,1577.6,4061.7,7880.0,4797.5,1734.5,290.8
2026-08-20 10:45:00,669.4,455.7,740.8,650.0,770.4,681.0,201.6,47.2,234.7,77.7,380.1,1560.2,6082.6,4875.4,1083.0,2041.8,0.6,112.3,1575.1,647.6,586.8,528.1,5151.2,5191.6,2842.3,664.8,4695.4,2107.7,2859.0,2654.8,1669.7,3079.2,1170.0,2830.2,1047.0,3073.4,1574.4,4062.7,7859.8,4817.4,1717.1,294.0
2026-08-20 11:00:00,662.9,483.9,719.5,700.9,758.0,694.3,196.9,34.8,254.8,103.2,491.6,1612.7,5939.1,5265.2,1224.8,2113.9,25.1,99.8,1565.6,672.9,587.6,353.8,5194.3,5000.7,2838.7,776.2,4756.7,2504.5,2835.4,2628.6,1652.9,3095.2,1160.3,3199.5,1050.5,2973.6,1572.2,4079.0,7802.4,4809.4,1700.3,303.8
2026-08-20 11:15:00,660.9,491.1,717.5,760.0,752.8,712.9,212.3,34.8,247.1,106.4,499.0,1604.4,5940.6,5309.6,1197.0,2086.2,3.5,100.2,1576.4,618.9,584.1,338.2,5199.8,5002.5,2834.9,772.8,4756.8,1997.0,2835.7,2633.4,1655.2,3083.7,1153.4,2801.5,1050.4,2973.0,1566.0,4070.2,7787.9,4824.3,1688.1,309.3
2026-08-20 11:30:00,656.3,492.1,931.9,813.2,757.8,732.2,198.7,34.5,240.4,110.9,504.1,1607.8,5981.9,5310.6,1172.9,2121.9,0.0,116.8,1578.0,616.3,584.8,336.7,5205.3,5002.4,2826.9,774.6,4745.1,1999.1,2830.7,2636.4,1655.0,3084.9,1154.4,2837.2,1048.6,2972.8,1558.6,4048.9,7757.6,4799.1,1677.6,315.7
2026-08-20 11:45:00,653.6,486.6,920.5,877.5,762.9,739.9,213.3,34.4,230.4,91.7,505.9,1617.9,6183.7,5236.8,1170.6,2100.8,5.1,112.2,1606.1,612.1,588.0,331.4,5228.7,4977.8,2823.9,776.2,4739.9,2002.7,2856.6,2640.4,1655.9,3090.9,1148.4,2934.4,1048.9,2972.5,1542.1,4003.2,7743.8,4795.1,1689.9,313.7
2026-08-20 12:00:00,734.3,492.2,899.6,937.5,769.2,744.2,203.4,12.6,155.7,117.2,266.3,1636.8,5888.5,5634.4,1447.8,2178.2,0.0,171.2,1545.9,616.2,590.3,377.8,5246.0,5034.0,2816.2,783.4,4755.2,2072.2,2797.6,2543.9,1648.2,3106.1,1116.8,2671.1,1048.6,2634.8,1520.6,3952.8,7772.6,4781.3,1679.8,321.6
2026-08-20 12:15:00,740.9,496.2,889.2,981.4,770.0,744.6,203.0,12.5,139.3,95.7,270.4,1639.6,5951.8,5699.7,1460.5,2150.1,0.0,156.6,1547.2,572.6,589.4,368.9,5273.0,5039.4,2814.4,783.5,4741.9,2075.0,2821.8,2545.8,1647.1,3119.0,1119.7,2729.9,1047.8,2634.3,1509.0,3926.4,7747.2,4781.7,1674.9,322.1
2026-08-20 12:30:00,735.2,504.7,1102.1,1028.1,781.5,741.9,182.4,12.6,135.4,86.9,276.0,1647.3,5883.2,5602.8,1460.0,2114.4,0.0,155.1,1551.2,574.9,580.6,368.5,5270.9,5045.9,2818.5,785.7,4744.8,2075.9,2818.6,2548.7,1645.5,3105.8,1120.1,2750.0,1047.5,2633.8,1502.3,3945.1,7742.9,4791.8,1663.9,324.5
2026-08-20 12:45:00,736.3,513.8,1086.6,1077.1,774.8,735.7,202.6,12.4,159.4,58.1,271.9,1654.0,6139.1,5594.6,1465.7,2098.4,0.0,153.9,1580.3,559.6,591.2,369.6,5268.7,5051.0,2820.7,785.7,4736.9,2076.7,2821.0,2548.6,1646.8,3116.6,1118.2,2689.3,1047.5,2632.9,1506.7,3919.5,7695.7,4788.1,1663.9,328.9
2026-08-20 13:00:00,675.2,534.7,1140.4,1135.8,799.8,730.5,179.0,24.8,204.2,71.4,540.4,1747.3,5883.9,5789.6,1692.6,2078.3,0.0,183.4,1553.0,542.4,610.1,273.3,5294.0,5054.0,2809.8,788.9,4548.2,1905.8,2834.6,2516.6,1640.1,3095.3,1127.7,2589.4,1044.1,2621.4,1522.9,3820.1,7758.5,4877.8,1649.6,272.2
2026-08-20 13:15:00,668.3,544.4,1130.1,1186.8,798.7,725.8,177.1,24.5,232.5,38.4,535.0,1754.3,6173.0,5813.5,1696.1,2059.8,0.0,177.1,1564.1,542.1,608.6,267.7,5339.9,5057.6,2809.0,789.9,4543.0,1907.8,2833.4,2516.4,1638.4,3091.8,1126.4,2662.0,1044.3,2620.6,1519.8,3824.7,7731.0,4883.7,1648.7,275.4
2026-08-20 13:30:00,664.7,553.0,1124.9,1211.8,799.7,721.0,185.3,24.2,240.5,37.5,535.4,1757.2,6327.4,5705.2,1711.4,2056.3,0.0,176.5,1565.7,534.5,607.8,260.7,5342.4,5065.1,2806.9,789.9,4539.3,1909.4,2829.8,2517.3,1637.0,3094.0,1126.6,2672.8,1043.7,2620.0,1519.9,3824.0,7710.8,4888.4,1635.8,273.7
2026-08-20 13:45:00,664.4,557.5,1125.8,1257.8,788.5,714.9,171.2,22.4,241.6,37.2,517.9,1760.0,6484.1,5650.6,1714.1,2057.3,0.0,187.8,1562.9,534.7,609.1,260.9,5338.3,5072.6,2810.4,791.7,4532.0,1910.7,2832.3,2519.5,1638.4,3095.2,1124.0,2657.9,1040.9,2619.3,1509.9,3822.6,7703.6,4882.7,1640.9,271.9
2026-08-20 14:00:00,745.5,562.7,1114.2,1292.4,782.1,718.8,176.9,42.9,217.9,53.3,324.5,1757.4,5796.1,5789.3,1737.9,2050.7,0.0,201.4,1635.3,482.1,595.9,250.4,5331.0,5099.0,2815.8,801.8,4413.7,1905.6,2840.3,2535.9,1657.5,3115.9,1111.0,2432.8,1032.9,2622.6,1491.4,3855.8,7712.1,4887.2,1630.5,271.0
2026-08-20 14:15:00,747.4,563.8,1105.2,1319.6,782.1,723.6,172.7,42.6,210.2,54.4,314.4,1760.1,5835.0,5868.1,1760.2,2045.4,0.0,228.0,1605.6,477.0,596.3,247.6,5272.5,5092.0,2816.3,802.5,4407.8,1910.2,2840.3,2540.5,1658.4,3115.8,1107.1,2488.3,1030.0,2621.9,1479.3,3859.2,7677.4,4888.3,1630.1,270.7
2026-08-20 14:30:00,742.6,563.9,1103.2,1353.3,776.9,729.8,170.2,42.3,203.9,56.3,320.4,1772.3,5645.6,5958.5,1772.7,2066.9,0.0,218.9,1589.4,487.9,589.1,247.7,5265.1,5086.0,2812.7,804.2,4403.4,1911.3,2834.8,2543.1,1656.8,3103.9,1105.3,2551.3,1028.3,2621.4,1465.4,3868.2,7671.7,4895.1,1627.6,275.4
2026-08-20 14:45:00,736.8,553.5,1104.4,1384.8,778.2,731.9,169.3,41.9,200.2,58.5,307.8,1772.3,5589.4,6036.7,1790.8,2050.6,0.0,208.6,1578.4,508.4,584.0,248.2,5291.2,5066.8,2814.1,804.5,4408.9,1913.6,2816.4,2544.1,1656.2,3113.7,1106.1,2588.3,1025.8,2620.8,1457.7,3870.4,7678.9,4895.2,1631.7,275.3
2026-08-20 15:00:00,684.9,548.0,1090.7,1415.4,781.0,730.4,173.3,41.7,200.7,78.6,254.3,1734.4,5659.8,5691.7,1549.9,2070.6,0.5,99.9,1620.5,514.8,591.8,301.1,5203.2,5183.7,2819.5,811.3,4618.4,2011.8,2858.8,2577.5,1675.5,3088.8,1106.1,2508.4,1025.8,2633.7,1467.6,3938.4,7607.5,4784.8,1648.6,266.5
2026-08-20 15:15:00,685.0,548.3,1105.5,1432.0,785.0,721.1,172.5,40.4,202.3,79.9,262.3,1735.5,5568.2,5713.3,1562.5,2058.8,1.4,99.1,1598.6,537.4,573.9,294.4,5232.3,5167.9,2827.1,810.6,4595.5,2114.2,2855.9,2579.1,1677.6,3095.8,1107.4,2608.0,1027.3,2633.2,1459.7,3948.7,7602.7,4778.3,1664.7,260.9
2026-08-20 15:30:00,688.9,535.0,895.2,1475.3,786.2,699.7,167.8,39.9,189.8,116.2,312.5,1723.3,5587.5,5745.8,1578.8,2063.9,2.3,113.2,1597.8,543.5,564.7,288.6,5240.8,5144.8,2836.7,811.8,4602.7,2177.9,2853.8,2580.8,1677.7,3096.0,1112.0,2653.0,1030.0,2632.6,1456.0,3955.5,7626.9,4781.1,1672.8,253.2
2026-08-20 15:45:00,692.1,519.8,913.1,1480.1,785.2,669.4,167.8,39.5,185.7,136.0,288.6,1715.8,5527.1,5759.3,1603.5,2049.4,3.2,101.8,1597.9,561.4,563.4,285.9,5176.6,5118.0,2844.4,811.7,4606.7,2162.1,2838.6,2580.3,1676.4,3087.4,1114.2,2631.1,1035.3,2632.3,1454.6,3968.2,7608.7,4775.9,1685.9,255.1
2026-08-20 16:00:00,681.1,532.3,932.7,1525.6,759.1,639.8,128.4,20.4,165.6,104.7,240.8,1685.5,5752.8,5443.4,1433.6,1971.0,56.5,174.8,1716.7,546.7,557.8,319.1,5293.3,5166.1,2857.1,707.2,4382.0,2058.4,2891.6,2630.2,1619.0,3117.3,1114.5,2694.9,1040.6,2649.6,1454.8,4098.4,7570.4,4799.2,1693.4,240.8
2026-08-20 16:15:00,680.6,538.3,961.2,1502.1,763.2,619.8,127.4,17.6,164.0,115.5,240.9,1676.5,5669.9,5425.5,1429.0,1965.3,37.6,189.5,1592.1,562.2,550.6,317.2,5293.1,5155.7,2866.3,714.1,4383.6,2287.2,2898.0,2678.5,1617.0,3125.3,1122.1,2777.8,1046.3,2649.5,1451.8,4152.4,7616.1,4801.8,1709.5,231.8
2026-08-20 16:30:00,675.2,526.8,774.5,1442.6,766.7,585.8,126.9,17.2,158.9,119.5,252.2,1658.2,5523.0,5436.1,1465.3,1962.0,38.7,170.0,1594.9,755.7,547.5,315.1,5254.2,5122.3,2869.0,723.3,4395.1,2581.5,2893.9,2678.0,1611.4,3118.0,1110.3,2836.7,1048.8,2649.4,1459.9,4153.7,7667.0,4781.4,1734.7,220.5
2026-08-20 16:45:00,679.1,514.4,805.8,1386.0,769.6,555.6,126.9,16.8,152.7,113.0,195.6,1651.6,4184.5,5385.6,1520.8,1973.1,39.8,140.3,1598.9,888.0,547.0,324.0,5238.0,5118.4,2870.9,722.5,4325.5,2814.5,2871.2,2680.4,1617.4,3121.1,1093.8,2895.7,1053.1,2650.0,1456.1,4227.4,7709.1,4803.5,1757.0,209.2
2026-08-20 17:00:00,728.8,543.5,773.0,1309.4,779.0,622.8,117.4,93.1,220.6,111.6,273.8,1623.5,5494.6,5023.7,1438.1,1947.9,85.8,44.9,1588.8,547.7,563.9,252.0,5265.8,5066.4,2865.7,674.6,4209.0,2789.8,2910.4,2866.3,1607.5,3147.5,1138.2,2929.3,1055.8,3057.5,1467.1,4262.5,7837.8,4773.9,1816.6,248.5
2026-08-20 17:15:00,719.9,536.8,810.8,1222.0,781.2,571.7,117.6,92.6,228.4,104.8,252.5,1607.5,4614.1,4976.7,1513.3,1910.5,77.7,44.9,1499.0,747.0,570.5,256.7,5260.7,5064.7,2866.4,694.7,4102.1,3205.0,2883.9,2911.6,1604.7,3151.7,1133.9,2989.5,1052.4,3058.0,1464.3,4370.0,7877.5,4796.6,1842.8,240.8
2026-08-20 17:30:00,730.8,524.4,873.0,1151.3,786.6,515.4,119.1,92.4,240.4,99.5,251.4,1601.9,3941.1,5115.1,1540.3,2092.9,47.0,45.2,1489.1,736.6,574.5,256.8,5271.1,5121.5,2858.4,696.8,3996.0,3585.2,2875.9,2910.1,1606.1,3171.3,1124.5,3059.1,1049.3,3059.0,1469.6,4398.9,7922.3,4825.3,1875.3,229.7
2026-08-20 17:45:00,739.0,512.5,944.5,1070.3,789.3,457.7,113.1,91.8,248.5,86.9,255.1,1586.9,3921.7,5121.3,1605.3,2384.0,50.1,45.2,1494.7,838.8,575.4,280.5,5347.8,5198.8,2854.3,696.5,4001.8,4182.2,2875.7,2908.0,1604.3,3187.2,1127.1,3187.8,1049.5,3060.5,1478.6,4405.0,7982.5,4867.0,1906.5,218.4
2026-08-20 18:00:00,749.5,485.9,1024.5,1017.8,787.8,396.6,120.4,110.0,184.0,57.0,324.8,1531.6,4423.7,4908.4,1636.0,2551.9,168.5,38.5,1461.9,700.2,623.9,502.0,5342.9,5298.8,2843.5,718.4,4045.1,3904.1,2889.1,2912.7,1621.9,3210.2,1129.7,3256.6,1044.2,3130.4,1484.8,4369.2,7973.4,5192.6,1930.8,209.1
2026-08-20 18:15:00,759.1,476.5,1089.6,961.5,790.8,336.7,120.1,109.7,185.5,42.2,333.5,1510.9,4521.7,5007.0,1661.7,2507.6,181.4,26.1,1349.7,662.9,629.1,511.2,5358.8,5257.8,2842.9,728.8,4050.8,4483.6,2886.9,2907.8,1613.7,3228.4,1126.5,3384.5,1043.5,3131.7,1494.0,4390.0,8010.5,5230.7,1960.6,202.9
2026-08-20 18:30:00,768.7,482.8,1140.2,913.8,791.0,281.5,120.7,109.2,206.5,35.5,335.8,1489.7,4536.7,5021.3,1566.7,2393.4,180.3,26.6,1351.4,651.1,625.1,515.4,5439.9,5391.7,2847.3,731.6,4065.5,5269.4,2901.3,2903.8,1612.3,3214.2,1131.4,3500.6,1044.7,3132.8,1500.4,4402.5,8035.1,5226.6,1978.2,193.1
2026-08-20 18:45:00,765.4,508.2,1178.2,1071.7,794.0,248.4,120.2,127.8,239.7,29.2,374.0,1476.4,3723.8,4913.9,1485.9,2196.4,188.2,21.3,1376.8,749.6,620.6,535.7,5353.6,5399.3,2849.8,744.6,4067.3,5501.8,2901.6,2904.5,1613.5,3215.6,1130.1,3470.3,1043.4,3134.0,1502.6,4410.3,8067.0,5259.8,2010.4,184.2
2026-08-20 19:00:00,776.4,449.2,1186.8,1097.9,793.2,362.2,124.6,53.1,286.6,17.0,604.6,1442.4,3615.6,4562.4,1454.7,1981.0,173.7,7.7,1403.9,734.1,606.0,538.0,5446.9,5349.4,2841.1,1034.5,4465.2,5652.9,2912.3,2755.1,1558.2,3178.0,1136.8,3657.2,1044.6,3132.6,1511.5,4393.7,8111.8,5355.8,2021.6,181.2
2026-08-20 19:15:00,777.9,435.2,1208.1,1064.5,804.2,358.6,125.0,51.9,304.7,10.9,576.9,1421.6,3369.3,4403.2,1357.3,1780.8,193.0,7.7,1275.4,724.2,604.8,547.6,5449.0,5297.1,2839.1,1061.4,4472.6,6278.6,2912.3,2752.7,1561.0,3173.7,1137.1,3686.4,1043.7,3135.0,1519.0,4407.2,8119.0,5407.4,2036.8,195.2
2026-08-20 19:30:00,777.4,453.1,1227.7,1031.7,816.1,349.9,123.8,52.8,316.0,4.5,581.1,1400.8,3421.5,4303.7,1398.7,1791.1,202.9,7.7,1272.4,709.8,605.2,558.9,5421.4,5334.1,2838.7,1143.4,4479.4,6661.2,2908.5,2751.0,1565.9,3185.4,1138.8,3615.8,1038.9,3137.5,1532.2,4443.1,8122.5,5402.3,2035.7,193.5
2026-08-20 19:45:00,772.3,573.1,1246.9,1000.2,822.8,344.4,124.1,54.2,333.5,69.4,539.9,1382.8,3288.4,4207.4,1455.7,1776.9,183.1,7.7,1281.6,839.3,602.0,590.4,5397.4,5352.5,2839.6,1149.4,4472.3,6872.7,2890.3,2750.7,1559.3,3186.3,1136.5,3538.9,1032.6,3140.3,1549.6,4466.7,8122.9,5426.5,2031.6,191.4
2026-08-20 20:00:00,773.2,581.6,1247.3,976.3,820.9,343.1,84.7,155.9,364.3,61.7,419.8,1446.3,3089.6,4129.1,1225.4,1826.2,309.4,0.0,1263.3,805.5,592.2,579.3,5242.9,5179.9,2829.5,1193.7,4235.5,6602.4,2895.0,2769.7,1584.1,3207.1,1147.1,3576.2,1022.1,3142.4,1563.9,4364.4,8113.6,5425.2,2030.4,208.3
2026-08-20 20:15:00,773.2,585.2,1259.1,967.8,817.4,340.4,83.4,155.9,357.3,103.8,413.5,1447.4,3018.5,4191.7,1256.5,1780.0,308.8,0.0,1263.4,788.2,583.6,608.9,5287.6,5204.7,2829.9,1196.2,4230.2,6635.5,2919.4,2767.1,1581.7,3203.2,1137.4,3606.1,1016.5,3147.1,1583.0,4397.7,8105.7,5349.3,2015.7,193.2
2026-08-20 20:30:00,774.5,589.5,1263.7,955.2,820.3,325.2,83.0,155.9,356.1,128.7,398.4,1446.5,3137.2,4233.0,1287.3,1730.6,308.2,0.0,1261.9,788.3,582.2,626.3,5271.6,5171.4,2829.5,1199.2,4233.0,6637.9,2917.6,2763.6,1586.6,3209.0,1149.0,3619.1,1011.6,3151.6,1589.3,4416.2,8075.1,5356.0,2012.8,193.2
2026-08-20 20:45:00,771.3,594.4,1253.1,947.9,811.3,321.6,83.6,157.0,353.4,128.1,382.2,1452.8,3176.5,4203.9,1315.6,1748.9,307.6,0.0,1292.0,784.0,585.4,639.5,5268.7,5187.0,2833.4,1201.6,4237.9,6613.2,2894.3,2763.2,1582.5,3207.1,1149.6,3589.9,1010.5,3154.8,1593.6,4392.4,8066.1,5351.3,2004.1,194.9
2026-08-20 21:00:00,761.9,534.0,1207.2,927.8,797.9,326.7,38.2,74.8,384.8,77.4,236.9,1486.2,3319.8,3976.3,1267.0,1584.0,189.1,9.0,1228.9,758.6,547.1,658.6,5269.9,5139.0,2837.4,1202.2,4411.7,6832.8,2880.4,2689.5,1553.4,3231.2,1158.1,3593.2,1008.2,3033.2,1521.3,4381.9,8018.9,5323.5,1985.4,201.5
2026-08-20 21:15:00,750.0,527.6,1184.0,928.4,788.8,319.7,38.4,74.8,375.9,77.4,230.6,1485.1,3186.0,3853.9,1276.0,1579.6,187.9,9.0,1229.1,733.0,547.3,674.1,5241.5,5097.8,2842.0,1203.6,4410.3,6732.5,2880.7,2688.0,1548.1,3230.0,1159.5,3567.0,1006.7,3036.5,1512.2,4400.5,7975.6,5323.5,1970.7,191.6
2026-08-20 21:30:00,740.7,502.7,1152.9,931.1,761.6,321.4,39.7,73.7,375.0,77.1,229.8,1484.7,3181.5,3887.0,1315.8,1555.0,188.8,9.0,1220.0,735.1,544.3,690.2,5238.7,5116.8,2836.2,1188.2,4414.0,6604.5,2898.0,2686.1,1561.4,3227.1,1160.2,3532.0,1005.7,3040.0,1502.7,4404.0,7924.5,5331.2,1961.7,193.8
2026-08-20 21:45:00,780.7,441.8,1123.5,934.9,742.0,322.6,40.2,73.7,389.2,13.8,224.8,1483.5,3505.7,3892.6,1327.5,1526.1,165.4,9.0,1242.2,733.8,542.4,695.7,5227.3,5098.6,2823.6,1187.6,4404.8,6112.7,2898.4,2643.2,1564.8,3193.5,1151.2,3421.7,1000.7,3043.8,1497.2,4370.6,7867.6,5288.1,1943.0,195.3
2026-08-20 22:00:00,717.6,487.6,1097.3,931.8,724.5,195.0,19.5,16.6,353.3,68.2,246.8,1440.7,3094.9,4024.3,1292.7,1489.9,192.7,0.1,1170.4,685.7,509.4,723.3,5016.8,5191.6,2770.8,1106.0,4351.3,6313.1,2861.9,2657.8,1546.3,3203.9,1145.7,3421.4,1009.1,2766.3,1484.2,4313.3,7725.9,5278.9,1869.4,164.7
2026-08-20 22:15:00,709.0,470.0,1063.3,927.0,703.7,200.2,22.0,16.6,370.6,5.0,222.5,1447.3,3150.5,4123.9,1272.9,1482.5,184.0,0.1,1164.5,676.3,504.0,724.6,4994.1,5211.1,2744.1,1102.0,4337.9,6128.4,2855.3,2641.8,1556.4,3202.2,1141.9,3374.6,1005.0,2769.4,1473.9,4313.6,7642.7,5162.6,1830.5,166.9
2026-08-20 22:30:00,700.1,461.1,1030.7,724.3,682.9,200.5,20.4,16.6,362.6,5.0,234.3,1443.2,3487.2,4403.4,1283.0,1483.1,182.5,0.1,1158.5,678.9,498.9,737.8,4962.8,5181.2,2709.9,1099.9,4329.7,5869.8,2871.0,2599.6,1545.5,3202.7,1132.3,3445.8,1000.2,2773.6,1463.5,4298.5,7554.1,5037.8,1809.7,170.4
2026-08-20 22:45:00,733.5,459.9,1004.5,712.9,666.5,200.9,20.5,16.6,356.4,5.0,236.1,1425.8,3996.9,4734.2,1275.3,1480.3,176.0,0.3,1152.9,666.6,496.6,738.8,4900.1,5134.1,2680.7,978.4,4308.0,5487.4,2864.5,2583.9,1551.3,3146.1,1125.9,3248.9,998.1,2778.2,1459.2,4220.8,7469.6,5039.7,1780.1,172.1
2026-08-20 23:00:00,675.6,461.6,981.9,657.5,645.3,196.1,22.5,16.6,322.5,61.7,236.6,1419.2,3579.3,4623.9,1136.9,1454.6,126.3,17.0,1083.5,565.1,478.8,754.2,4785.5,5221.0,2580.1,972.0,3935.5,5552.0,2867.9,2567.1,1583.2,3227.9,1134.7,3363.2,987.9,2628.4,1447.9,4186.3,7322.5,5015.1,1730.4,180.2
2026-08-20 23:15:00,666.8,425.8,956.7,647.9,633.0,200.8,25.4,16.6,317.8,61.7,226.0,1423.3,4171.1,4660.6,1106.3,1451.9,123.4,17.0,1078.7,565.5,476.2,747.0,4727.0,5172.1,2538.2,960.3,3913.1,5457.8,2859.3,2531.4,1574.0,3195.4,1124.1,3291.8,982.6,2633.3,1438.7,4165.6,7234.2,5014.7,1710.0,184.0
2026-08-20 23:30:00,660.6,419.6,935.0,639.5,619.6,201.2,25.9,16.6,310.8,61.7,225.1,1422.8,4227.0,4808.1,1125.2,1439.5,99.9,17.1,1074.6,567.0,474.4,757.9,4691.5,5162.5,2501.7,928.1,3903.0,5140.0,2845.1,2515.5,1577.1,3181.7,1116.3,3219.3,978.2,2637.6,1416.3,4116.0,7146.8,5017.3,1693.8,187.7
2026-08-20 23:45:00,695.9,416.7,917.0,636.4,612.3,195.8,24.8,16.6,305.6,61.7,215.8,1422.7,4149.8,4379.3,1117.2,1436.3,106.1,17.1,1078.0,571.7,471.5,767.1,4690.9,5059.2,2458.0,906.5,3879.5,4698.5,2836.7,2456.4,1579.8,3175.6,1109.3,3222.4,970.5,2641.7,1386.1,3978.1,7012.5,4979.6,1650.6,190.2
2026-08-21 00:00:00,693.6,394.0,924.1,784.9,608.2,89.1,43.0,8.9,273.9,23.1,180.5,1416.6,2958.9,4367.4,874.9,1363.8,147.1,16.6,1088.8,504.1,424.4,643.9,4743.0,4906.9,2367.2,869.7,3749.3,4746.4,2788.6,2544.0,1480.5,3302.1,1096.4,3335.0,945.8,2195.6,1313.6,4219.8,6891.9,5104.2,1596.7,143.8
2026-08-21 00:15:00,711.3,384.9,922.4,767.7,607.4,87.9,43.0,8.9,272.3,21.3,169.7,1418.7,2956.2,4260.7,882.8,1376.3,165.6,10.2,1094.4,500.3,414.0,656.5,4719.5,4917.5,2340.4,864.6,3741.4,4949.6,2782.0,2543.0,1470.6,3301.5,1083.6,3333.6,939.3,2213.2,1300.8,4210.0,6827.2,5060.2,1597.8,144.6
2026-08-21 00:30:00,716.3,374.2,916.5,750.1,600.7,87.7,43.1,8.9,265.0,21.3,144.1,1418.0,3119.6,4242.3,877.1,1362.6,156.3,10.2,1105.1,503.5,418.6,669.3,4707.6,4913.5,2306.1,860.4,3726.9,4593.3,2769.6,2539.0,1473.8,3300.9,1079.0,3306.8,935.8,2228.3,1289.9,4208.7,6782.5,5010.2,1599.8,145.5
2026-08-21 00:45:00,709.8,370.5,909.1,724.3,595.3,87.6,43.0,9.0,265.4,21.3,135.9,1434.4,3013.4,4260.9,884.1,1359.4,171.2,10.2,1113.6,491.2,429.8,681.5,4677.7,4930.5,2273.0,818.0,3716.4,4039.0,2759.4,2535.0,1479.9,3299.9,1072.0,3284.2,929.8,2241.4,1280.1,4160.6,6749.7,4999.8,1596.9,146.7
2026-08-21 01:00:00,698.1,364.0,899.3,706.5,602.4,87.0,52.0,4.1,296.3,16.4,136.0,1426.1,2924.2,4347.1,860.2,1319.5,128.9,44.3,1092.5,474.4,441.3,713.5,4707.5,4937.9,2215.8,871.2,3704.5,4443.9,2735.1,2559.2,1455.1,3310.6,1059.1,3208.6,923.6,2168.6,1309.8,4111.8,6667.0,4938.0,1551.5,145.9
2026-08-21 01:15:00,706.8,362.2,891.6,684.6,601.0,86.7,52.1,4.1,295.8,17.1,129.2,1426.0,2923.9,4291.2,847.1,1311.8,130.2,44.3,1092.6,480.7,444.4,714.9,4696.2,4933.7,2193.6,865.1,3692.6,4155.0,2730.7,2559.4,1452.4,3309.9,1057.3,3192.4,917.9,2180.7,1305.9,4092.9,6640.5,4927.9,1542.5,140.5
2026-08-21 01:30:00,704.5,360.2,882.6,664.2,594.6,86.3,52.0,4.1,299.0,17.9,129.2,1426.3,3010.2,4230.7,864.2,1332.9,129.5,44.3,1096.3,489.7,447.4,725.2,4694.9,4944.2,2174.3,850.3,3682.5,4024.5,2725.5,2557.8,1456.3,3309.1,1053.3,3182.5,914.2,2191.3,1303.5,4077.7,6608.8,4889.1,1530.2,132.7
2026-08-21 01:45:00,705.1,358.8,877.5,645.2,599.6,85.9,52.0,4.2,293.6,16.3,123.3,1436.4,3166.1,4245.2,858.5,1321.5,121.5,44.3,1098.5,497.2,451.3,734.5,4686.6,4950.8,2149.0,844.2,3673.2,3847.1,2720.0,2551.5,1463.6,3309.5,1052.6,3171.8,911.9,2199.7,1302.7,4049.3,6593.4,4875.6,1517.0,133.4
2026-08-21 02:00:00,682.4,357.2,879.3,624.6,616.1,85.0,28.0,31.1,296.8,13.1,139.1,1425.3,3093.8,4124.6,839.5,1275.8,91.6,71.0,1085.9,502.9,447.0,739.4,4676.6,4964.2,2119.4,803.8,3776.2,3901.3,2709.6,2547.6,1440.5,3286.0,1044.1,3089.2,913.0,2192.4,1297.1,3971.6,6525.0,4879.7,1494.5,132.4
2026-08-21 02:15:00,680.6,354.4,879.6,591.5,616.1,84.8,28.1,31.1,289.2,13.2,127.5,1426.3,3113.5,4092.3,835.6,1267.6,91.6,71.5,1086.3,504.3,448.7,749.5,4709.5,4981.1,2104.1,791.9,3766.8,3848.5,2705.1,2550.7,1439.9,3286.4,1040.2,3080.5,909.7,2198.6,1298.5,3955.1,6504.3,4884.0,1487.1,136.9
2026-08-21 02:30:00,667.1,351.4,879.3,587.8,617.0,84.2,29.4,31.1,293.5,13.1,124.4,1435.3,3112.1,4048.3,826.0,1267.6,91.7,72.1,1081.5,511.8,446.4,755.0,4703.1,5007.0,2089.3,785.2,3760.6,3823.8,2700.7,2560.7,1441.4,3286.0,1035.7,3066.1,908.4,2202.7,1297.0,3917.9,6498.9,4867.1,1474.5,138.1
2026-08-21 02:45:00,668.1,350.0,880.5,576.6,618.3,83.5,30.7,31.1,297.1,13.1,114.3,1439.8,3239.1,4054.2,811.4,1264.8,91.9,72.7,1077.6,519.2,442.9,757.3,4688.6,5010.2,2077.2,781.1,3753.1,3833.3,2698.2,2560.7,1443.4,3286.2,1030.0,3057.6,908.3,2205.6,1296.1,3884.5,6490.8,4885.8,1465.3,134.4
2026-08-21 03:00:00,662.7,346.2,911.2,558.4,641.3,82.1,51.7,28.0,295.5,16.4,127.9,1431.4,3182.4,3986.8,786.2,1243.1,154.4,38.6,1093.9,526.6,436.0,751.1,4612.6,5059.8,2049.4,771.5,3689.2,3879.0,2701.8,2568.0,1432.3,3279.5,1023.7,2948.0,908.2,2305.9,1303.9,3899.1,6663.2,4923.2,1473.2,135.6
2026-08-21 03:15:00,664.8,343.2,928.3,540.0,634.4,81.1,51.8,28.0,291.8,16.3,127.7,1432.1,3205.3,3944.3,785.1,1237.3,154.4,38.3,1091.4,534.6,433.8,744.2,4613.1,5057.9,2040.0,768.4,3678.7,3853.2,2702.6,2571.1,1436.5,3279.7,1019.9,2941.1,907.6,2308.2,1300.7,3869.1,6640.6,4933.7,1467.8,135.6
2026-08-21 03:30:00,642.7,340.5,926.0,527.2,627.6,80.1,51.7,28.0,328.6,16.3,125.4,1433.5,3313.6,3891.7,774.5,1234.6,154.4,38.2,1086.9,548.6,427.8,738.2,4595.5,5070.7,2036.7,764.2,3674.3,3867.6,2696.8,2571.8,1434.2,3280.2,1020.7,2941.0,908.0,2309.8,1299.3,3839.7,6635.2,4943.9,1470.4,135.5
2026-08-21 03:45:00,640.3,337.6,926.5,510.4,619.5,79.2,51.7,28.0,347.4,16.3,123.7,1433.2,3382.6,3876.2,765.1,1229.9,154.2,18.0,1084.8,552.9,425.9,732.4,4605.7,5071.1,2035.9,761.1,3672.3,3853.0,2695.0,2571.9,1436.2,3280.8,1016.8,2937.3,907.2,2313.8,1297.7,3827.6,6601.8,4937.0,1469.2,135.3
2026-08-21 04:00:00,684.2,336.1,874.6,494.7,600.8,80.3,53.2,60.6,354.6,19.2,153.5,1429.5,3183.3,3837.8,769.0,1252.9,154.5,37.7,1035.0,553.3,415.5,732.8,4602.2,5087.8,2034.4,751.1,3591.3,3935.2,2707.4,2539.2,1427.5,3268.5,1015.0,2967.0,906.7,2303.5,1305.8,3725.1,6657.3,4935.7,1470.2,201.9
2026-08-21 04:15:00,694.1,333.6,889.9,486.9,601.1,80.3,53.2,60.6,356.0,19.2,154.1,1429.1,3107.7,3810.2,754.7,1248.8,154.6,18.1,1033.4,555.3,410.1,723.5,4614.9,5078.6,2044.0,747.6,3593.6,3944.9,2708.7,2548.0,1428.8,3269.3,1015.9,2765.2,908.8,2304.1,1306.9,3751.3,6651.4,4943.8,1473.4,200.6
2026-08-21 04:30:00,696.7,331.5,911.0,477.8,595.5,80.3,52.7,60.6,306.2,19.2,153.0,1429.2,3003.7,3781.7,703.3,1242.4,154.4,18.3,1028.7,564.4,406.0,715.3,4541.3,5074.8,2039.4,740.8,3603.2,3982.0,2705.8,2543.4,1437.9,3269.3,1012.8,2778.5,909.0,2305.3,1311.2,3732.1,6652.0,4978.8,1478.4,199.2
2026-08-21 04:45:00,671.0,328.8,922.9,465.9,605.2,80.7,51.2,60.6,316.3,19.2,154.2,1435.3,3014.3,3710.7,682.3,1242.3,154.3,38.5,1012.9,569.6,398.5,708.5,4564.8,5077.3,2043.2,737.6,3653.5,4157.8,2707.5,2538.2,1432.6,3270.2,1013.3,2977.8,908.1,2302.4,1317.6,3727.5,6638.2,4971.8,1492.9,197.6
2026-08-21 05:00:00,670.4,328.5,987.6,442.8,643.8,195.9,33.6,9.4,320.2,20.1,96.1,1436.9,3259.6,3733.4,739.0,1257.1,230.2,20.4,1047.3,562.7,408.3,694.9,4800.3,5146.6,2044.7,749.6,3406.6,4264.2,2726.3,2634.3,1495.6,3224.7,1011.9,3001.9,914.8,2553.5,1301.2,4042.2,6569.8,4822.0,1537.2,190.0
2026-08-21 05:15:00,651.6,352.5,1028.2,444.8,645.4,205.1,33.6,9.4,331.4,22.2,98.3,1435.3,3301.6,3662.0,730.1,1255.1,232.0,20.4,1019.2,577.3,402.6,690.8,4836.1,5129.7,2070.8,756.6,3414.7,4376.1,2733.4,2637.2,1499.7,3222.7,1016.8,3017.9,921.0,2549.4,1311.3,4048.7,6613.3,4867.4,1553.5,188.5
2026-08-21 05:30:00,667.4,343.5,1064.8,449.4,658.7,216.1,33.5,9.5,342.9,26.5,104.7,1437.9,3133.4,3634.3,667.2,1258.0,211.6,20.4,1017.0,580.5,393.7,681.2,4862.8,5136.9,2090.5,761.7,3424.8,4799.1,2739.4,2634.6,1499.3,3234.2,1018.8,3082.7,923.0,2547.1,1315.5,4045.5,6678.0,4911.2,1567.2,186.9
2026-08-21 05:45:00,670.6,343.5,1080.2,453.5,659.0,231.9,33.5,9.4,356.1,29.7,109.0,1433.3,3156.4,3589.1,663.2,1290.1,258.5,20.5,1015.6,629.2,397.4,679.4,4928.0,5113.9,2124.5,759.4,3427.5,5000.4,2754.0,2622.8,1478.4,3240.0,1026.0,3223.6,924.3,2539.4,1323.1,4030.2,6764.0,4902.6,1593.9,183.6
2026-08-21 06:00:00,744.4,402.3,1083.2,529.7,690.6,361.2,12.6,32.8,382.1,20.6,148.9,1421.9,3472.3,3668.6,746.6,1300.6,252.6,20.4,1104.5,695.4,420.3,657.2,5164.2,5021.2,2251.6,787.7,3579.3,5291.2,2788.3,2606.6,1500.5,3283.7,1038.3,3513.7,952.7,2384.6,1338.8,3961.0,7021.1,4990.9,1699.8,151.1
2026-08-21 06:15:00,726.5,414.3,1087.2,566.1,714.4,402.1,12.6,34.3,394.8,20.6,154.4,1424.1,3486.7,3808.5,759.7,1287.2,264.1,20.4,1118.2,709.7,424.7,645.6,5180.2,5033.0,2314.3,798.6,3592.0,5558.1,2812.2,2622.5,1484.1,3289.7,1049.6,3699.0,961.8,2375.9,1347.6,3957.7,7138.2,4986.6,1731.6,151.7
2026-08-21 06:30:00,690.2,474.2,1067.4,581.7,728.8,425.6,12.6,34.6,410.4,20.6,160.7,1418.4,3494.5,4031.6,745.7,1286.9,243.1,20.5,1128.0,710.8,426.6,654.5,5166.2,5059.6,2364.7,797.6,3620.1,5543.1,2828.9,2645.0,1482.6,3291.1,1065.3,3681.3,973.7,2373.0,1363.8,4066.5,7282.2,5041.1,1795.3,150.4
2026-08-21 06:45:00,691.3,491.7,1026.2,594.5,744.4,466.7,12.5,34.9,413.1,20.7,162.2,1424.1,3507.4,4135.7,742.3,1309.0,226.9,20.5,1129.0,707.4,438.7,628.9,5172.9,5139.0,2429.8,829.1,3647.9,5641.6,2833.8,2652.3,1487.0,3291.7,1076.9,3739.5,982.1,2369.4,1390.3,4055.7,7419.1,5040.9,1848.2,145.5
2026-08-21 07:00:00,723.8,526.8,1017.0,588.2,770.3,513.5,24.5,47.9,447.5,23.2,255.2,1428.2,3664.0,4116.1,846.0,1354.4,68.2,54.7,1205.4,659.9,446.6,621.0,5283.3,5067.7,2591.5,888.2,3804.3,5988.9,2916.9,2777.9,1541.3,3283.9,1085.6,3888.2,1003.8,2642.5,1506.0,4147.9,7748.1,5237.2,1944.7,186.5
2026-08-21 07:15:00,726.0,546.3,963.7,576.5,793.4,558.5,24.5,48.2,445.3,60.5,262.2,1438.0,3771.6,4051.4,854.4,1369.5,23.7,54.8,1208.0,672.2,447.5,593.4,5272.1,5072.0,2638.6,891.7,3814.6,6038.8,2939.1,2788.2,1542.0,3287.7,1099.2,3935.2,1012.4,2636.2,1518.7,4138.0,7834.3,5256.1,1982.5,207.8
2026-08-21 07:30:00,720.2,559.2,903.5,564.6,797.3,594.6,24.5,49.3,452.6,63.5,270.8,1428.3,3783.5,3992.2,842.1,1386.3,22.3,54.8,1209.1,705.9,442.7,583.7,5303.4,5145.9,2667.7,891.4,3826.2,6034.9,2929.2,2789.7,1542.0,3290.8,1108.6,3929.5,1017.0,2624.8,1526.9,4123.6,7913.9,5297.0,2001.1,178.0
2026-08-21 07:45:00,710.7,564.6,847.8,576.4,801.8,650.7,24.6,49.1,461.6,24.1,276.5,1424.6,3791.6,4036.5,798.5,1411.3,21.5,54.8,1211.5,727.6,451.8,575.1,5330.2,5075.7,2704.3,901.2,3823.3,6142.2,2950.8,2785.7,1546.7,3293.2,1114.4,4021.7,1008.2,2614.4,1529.8,4111.9,7970.5,5302.1,2007.7,155.9
2026-08-21 08:00:00,700.1,564.1,772.7,540.8,800.6,612.2,137.0,23.7,448.0,62.4,333.1,1395.7,4179.4,4285.4,1096.3,1470.8,157.4,26.0,1203.8,790.1,448.6,574.5,5338.3,5169.5,2766.0,927.3,3820.8,6064.5,2982.0,2802.6,1586.2,3300.9,1118.4,3956.9,996.7,2655.6,1524.9,4153.3,8003.5,5307.2,2009.5,216.1
2026-08-21 08:15:00,684.0,611.0,730.0,532.4,803.3,664.6,137.1,24.5,439.4,16.6,340.2,1398.8,4174.5,4141.7,1072.9,1477.3,169.2,20.9,1179.1,796.2,441.1,541.8,5361.1,5198.7,2786.1,918.9,3813.8,6047.8,2990.6,2816.1,1580.7,3304.7,1121.9,3951.5,1002.8,2631.0,1519.3,4142.2,8014.8,5292.3,2001.2,196.5
2026-08-21 08:30:00,675.9,637.9,682.2,542.1,793.8,717.0,137.7,25.0,433.3,20.4,345.5,1393.1,4234.6,3990.7,1051.2,1517.1,194.8,20.9,1177.7,829.7,445.3,529.4,5366.8,5190.4,2788.4,915.7,3803.3,5711.8,2990.8,2818.8,1581.0,3308.1,1145.7,3934.7,1016.6,2621.3,1517.6,4131.1,7999.3,5240.7,1974.7,201.2
2026-08-21 08:45:00,666.0,661.1,639.9,564.3,785.1,749.9,137.8,25.6,432.8,23.9,380.0,1397.5,4531.4,3969.1,1043.4,1548.8,228.3,20.9,1185.4,882.7,468.5,535.9,5367.5,5152.8,2805.6,852.6,3801.2,5128.2,3000.0,2799.7,1569.0,3310.3,1153.5,3933.6,1027.6,2578.0,1517.6,4120.4,8011.8,5251.5,1956.3,207.2
2026-08-21 09:00:00,664.8,687.4,615.0,575.1,775.1,773.1,153.2,8.5,421.3,15.6,344.0,1453.2,4415.0,4153.2,949.2,1624.8,166.3,0.6,1162.2,1102.1,464.2,554.6,5295.8,5150.7,2825.2,962.2,4215.4,5653.1,3006.9,2796.3,1589.3,3293.7,1160.1,3781.0,1026.2,2538.2,1519.7,4110.8,7956.6,5086.0,1902.4,227.7
2026-08-21 09:15:00,655.6,706.9,593.4,588.9,774.8,795.3,154.0,8.8,404.9,19.6,351.7,1455.9,4489.8,4185.6,928.4,1639.3,186.4,0.7,1164.4,951.6,464.4,523.6,5284.8,5106.4,2830.1,867.1,4204.4,5031.0,3009.3,2799.8,1580.7,3293.6,1161.0,3780.9,1030.6,2510.2,1520.9,4110.7,7954.1,5094.1,1885.0,233.1
2026-08-21 09:30:00,647.2,708.9,566.9,655.0,774.9,824.6,154.1,9.1,397.3,23.1,358.9,1462.0,4680.9,4176.0,922.1,1654.9,184.5,21.8,1164.1,975.4,478.2,534.9,5293.1,5051.2,2840.3,826.9,4195.4,4344.0,3007.0,2802.3,1584.4,3294.3,1167.5,3748.2,1027.5,2492.5,1524.8,4108.8,7939.4,5104.0,1867.4,240.7
2026-08-21 09:45:00,635.4,722.7,540.1,697.8,770.0,855.7,155.5,9.4,379.7,27.4,371.5,1484.4,4819.6,4178.6,1091.4,1862.5,184.8,94.8,1340.2,1020.4,509.5,311.8,5282.0,5082.4,2842.4,790.7,4146.5,3749.7,3011.9,2803.4,1602.0,3292.1,1169.0,3681.7,1025.9,2488.0,1520.0,4107.9,7940.5,5128.0,1863.5,248.5
2026-08-21 10:00:00,629.8,702.0,506.8,676.9,765.4,781.0,162.5,17.0,352.4,31.9,395.3,1511.0,4504.2,4298.0,1151.2,1988.2,184.8,53.2,1214.2,1115.9,467.3,555.1,5263.7,5083.8,2853.7,812.6,3831.5,4168.2,3014.9,2822.8,1594.9,3294.8,1163.7,3493.1,1022.5,2390.7,1508.2,4102.1,7942.1,5056.9,1846.4,255.3
2026-08-21 10:15:00,623.3,717.3,490.2,715.5,765.4,807.8,163.8,17.1,341.7,35.7,401.4,1519.9,4772.7,4059.4,1126.5,2011.5,183.9,52.1,1233.0,1135.0,481.3,538.6,5258.4,5119.0,2861.2,801.5,3916.1,3731.7,3014.6,2824.0,1625.3,3285.1,1165.7,3382.5,1020.6,2393.4,1500.5,4107.4,7915.9,5079.6,1835.2,262.8
2026-08-21 10:30:00,615.2,728.8,478.8,788.8,761.9,825.1,164.4,17.1,331.4,39.7,395.2,1533.4,4802.8,3912.2,1156.3,2044.4,183.0,54.4,1239.5,1169.9,559.4,316.5,5242.6,5160.3,2856.4,775.6,3938.1,3127.7,3007.5,2825.5,1628.8,3263.1,1166.1,3275.4,1018.2,2394.6,1491.6,4113.2,7894.0,5069.5,1815.6,269.8
2026-08-21 10:45:00,611.3,723.1,466.8,836.9,758.1,841.1,164.6,17.2,323.3,42.3,395.5,1552.8,4908.6,3904.5,1170.6,2063.4,182.1,53.3,1248.0,1010.8,575.4,321.9,5237.4,5192.4,2860.1,779.1,3991.1,3015.5,3033.2,2822.9,1627.3,3247.7,1163.3,2959.4,1021.9,2392.6,1493.3,4102.4,7894.9,5025.9,1801.4,276.5
2026-08-21 11:00:00,612.2,743.4,457.2,869.8,740.4,861.9,260.6,7.7,310.8,47.7,301.5,1586.5,5053.6,4034.7,1099.1,2067.5,117.2,90.2,1261.0,1297.2,563.9,353.6,5202.4,5107.7,2875.1,826.4,3881.8,2800.7,2998.5,2823.2,1601.9,3278.3,1164.3,3068.4,1023.9,2219.9,1486.5,4021.4,7832.1,5010.9,1758.0,285.9
2026-08-21 11:15:00,613.7,748.4,452.1,855.7,735.9,873.3,263.9,7.5,294.6,49.8,301.0,1618.2,5786.3,4098.9,1064.5,2092.3,117.2,91.9,1259.2,1295.2,556.8,339.5,5204.3,5128.7,2880.9,830.3,3872.4,2822.3,2999.2,2823.9,1605.7,3278.1,1159.5,3047.6,1024.3,2217.5,1482.7,4024.5,7820.7,4999.0,1747.1,286.6
2026-08-21 11:30:00,613.4,749.1,667.4,897.3,742.0,886.6,264.0,9.0,292.3,51.0,301.9,1633.7,5890.1,4097.8,1055.4,2088.3,117.2,93.9,1261.2,1320.6,559.6,345.3,5190.8,5159.0,2873.3,830.9,3857.4,2805.5,2993.1,2824.8,1604.9,3277.6,1178.8,2987.4,1024.0,2217.1,1477.4,4034.5,7801.1,5039.9,1727.1,292.3
2026-08-21 11:45:00,616.8,738.4,667.0,905.5,748.0,887.8,265.3,8.9,283.8,30.2,302.1,1637.1,5928.2,4078.4,1085.1,2078.2,117.2,94.7,1281.8,1348.8,557.9,346.8,5182.7,5178.7,2873.7,831.4,3857.5,2829.5,3019.8,2812.6,1608.8,3277.9,1177.8,2984.0,1027.9,2217.6,1471.2,4003.8,7794.7,5001.5,1732.5,301.0
2026-08-21 12:00:00,637.0,738.6,749.9,903.7,751.4,882.1,278.6,7.2,270.0,50.9,266.7,1692.9,5931.3,4119.6,1074.4,2133.6,0.0,207.9,1242.5,1353.7,567.0,349.5,5155.3,5196.5,2860.0,842.8,3796.2,3006.3,2980.8,2816.7,1601.7,3269.9,1171.4,2801.7,1023.9,2160.0,1465.3,4001.9,7749.2,5024.2,1678.4,315.4
2026-08-21 12:15:00,638.7,743.8,762.0,895.8,756.7,879.3,296.6,8.5,256.3,28.4,249.2,1705.1,5981.0,4075.8,1076.6,2114.3,0.0,206.7,1237.0,1344.8,567.1,343.8,5160.7,5208.5,2855.1,843.2,3783.0,2998.0,2983.2,2819.1,1600.4,3269.9,1155.0,2774.9,1025.5,2162.2,1454.2,4008.3,7724.1,5033.2,1666.3,317.2
2026-08-21 12:30:00,645.1,740.0,763.4,882.2,759.5,879.6,297.9,8.4,259.3,21.8,254.3,1718.8,6007.7,4014.2,1091.5,2087.5,0.0,205.5,1231.9,1378.4,568.4,342.2,5150.4,5206.0,2855.4,843.7,3781.7,3012.2,2998.0,2811.2,1604.3,3268.0,1165.7,2780.9,1026.3,2164.6,1449.6,4003.6,7717.0,4998.3,1656.5,321.9
2026-08-21 12:45:00,642.0,737.8,768.5,857.0,757.8,883.5,297.6,8.2,292.0,6.7,250.1,1734.6,6179.1,3974.4,1058.9,2081.2,0.0,209.3,1254.2,1397.4,566.4,338.8,5175.5,5214.3,2853.9,844.1,3778.1,3009.0,3002.5,2808.3,1606.1,3268.1,1138.9,2753.8,1024.5,2169.2,1441.2,3998.2,7684.5,5000.9,1655.1,324.2
2026-08-21 13:00:00,715.2,725.0,767.0,851.0,769.8,849.7,299.7,8.1,267.5,19.8,332.2,1756.2,6035.8,3966.6,1062.8,2120.6,0.0,214.5,1147.4,1463.1,548.8,359.2,5154.1,5155.1,2833.3,852.8,3903.2,3088.2,2995.4,2830.5,1593.5,3259.8,1165.4,2831.5,1019.1,2118.7,1413.9,3995.5,7688.4,5129.4,1597.4,276.7
2026-08-21 13:15:00,720.6,723.0,774.0,843.4,772.6,836.7,314.4,7.9,317.8,4.7,333.5,1741.2,6032.1,3940.1,1092.8,2108.2,0.0,211.9,1154.7,1483.6,549.9,355.1,5113.0,5130.4,2832.1,853.0,3907.0,3090.0,2997.1,2822.3,1597.2,3258.0,1162.6,2833.9,1016.4,2122.6,1412.7,3993.4,7661.0,5114.9,1592.4,278.6
2026-08-21 13:30:00,722.8,715.6,781.6,831.0,777.9,823.5,295.6,6.1,325.2,4.7,351.5,1739.3,6063.8,3918.3,1117.0,2107.2,0.0,187.4,1143.2,1522.6,549.7,344.7,5156.0,5131.8,2829.8,853.2,3910.6,3088.0,2990.6,2833.3,1596.4,3257.6,1164.2,2824.3,1010.1,2124.9,1403.8,3994.1,7624.2,5128.7,1585.7,279.7
2026-08-21 13:45:00,730.6,699.7,785.6,819.4,769.8,811.4,295.7,5.6,333.4,4.6,376.9,1742.1,6041.3,3908.5,1115.6,2092.0,0.0,193.6,1147.2,1543.8,550.3,332.2,5160.1,5129.6,2820.2,853.3,3916.6,3083.2,2990.5,2835.9,1597.6,3257.7,1156.3,2811.6,1010.6,2125.9,1402.1,3992.7,7606.9,5133.8,1569.2,279.7
2026-08-21 14:00:00,746.1,682.9,770.0,795.7,770.6,793.6,310.4,5.5,330.6,10.1,236.9,1804.3,5694.4,3869.3,1156.2,2079.7,0.0,167.3,1383.0,1549.1,549.0,324.4,5211.3,5126.5,2824.4,859.5,3868.7,3124.2,2979.5,2822.5,1579.8,3249.3,1143.0,2828.0,1001.2,2126.6,1415.4,3990.7,7522.6,5147.9,1550.7,279.0
2026-08-21 14:15:00,747.7,659.3,784.6,777.4,779.8,779.7,301.6,5.4,330.7,10.1,254.2,1773.8,5502.5,3824.6,1138.2,2085.7,0.0,157.1,1189.7,1576.1,535.1,314.8,5219.2,5123.4,2823.8,859.4,3868.7,3123.7,2976.8,2848.3,1574.8,3247.5,1143.1,2827.4,996.3,2124.1,1408.8,4009.5,7505.4,5158.2,1537.3,279.2
2026-08-21 14:30:00,757.8,637.5,797.3,762.8,782.9,760.8,301.6,5.3,334.0,10.1,282.1,1779.1,5511.1,3781.0,1127.8,2082.4,0.0,149.1,1184.9,1602.0,535.1,303.4,5205.5,5103.9,2812.7,855.5,3864.9,3184.8,2964.9,2859.9,1562.5,3246.0,1139.4,2891.9,996.7,2120.6,1404.1,4016.3,7466.2,5169.8,1515.7,276.9
2026-08-21 14:45:00,759.8,631.6,810.3,731.2,784.2,737.3,301.7,4.9,335.7,9.8,287.9,1779.4,5582.8,3762.0,1150.9,2082.3,8.3,139.9,1172.2,1806.1,534.1,310.6,5176.3,5084.5,2816.4,855.0,3870.2,3170.0,2945.3,2861.8,1558.4,3244.2,1143.3,2841.4,994.2,2115.3,1398.4,4018.6,7445.6,5200.0,1510.5,278.1
2026-08-21 15:00:00,711.0,592.9,820.7,695.4,783.4,713.2,311.6,11.8,322.2,12.9,183.3,1823.9,5680.7,3757.0,1122.8,2091.5,74.2,94.4,1218.3,1691.8,522.1,290.4,5259.3,5114.6,2808.6,839.3,3802.5,3498.8,2970.3,2797.9,1564.1,3254.8,1143.9,3011.9,998.5,2287.6,1393.3,3999.7,7296.1,5089.6,1509.8,335.6
2026-08-21 15:15:00,716.1,572.8,837.6,656.1,790.0,678.1,311.3,10.7,325.9,12.8,234.0,1792.1,5103.3,3688.8,1133.2,2113.4,77.1,93.7,1070.2,1711.1,519.1,277.5,5208.5,5074.8,2808.3,838.5,3797.9,3507.6,2969.9,2811.5,1571.1,3254.2,1124.6,2987.1,998.7,2280.3,1390.7,4041.9,7274.6,5093.1,1508.4,332.0
2026-08-21 15:30:00,710.3,545.5,857.3,628.5,784.9,639.0,309.7,9.9,299.0,24.6,253.0,1777.5,4624.1,3614.5,1190.3,2077.1,84.7,93.7,1068.9,1726.1,508.3,267.8,5229.6,5044.8,2812.4,837.8,3803.7,3503.9,2963.5,2812.0,1571.4,3253.9,1128.6,2995.3,992.0,2274.6,1385.3,4067.6,7247.7,5138.9,1500.5,333.6
2026-08-21 15:45:00,668.0,530.9,880.9,588.3,781.6,624.8,309.3,9.7,288.8,30.4,255.6,1779.4,4333.9,3536.5,1168.0,2072.7,100.9,93.7,1063.2,1926.8,461.6,519.9,5222.6,5011.3,2821.2,884.7,3691.6,4018.3,2968.8,2815.7,1571.9,3252.5,1126.5,3002.6,991.3,2268.1,1388.0,4069.6,7239.1,5180.2,1509.0,333.9
2026-08-21 16:00:00,688.8,490.8,841.3,532.6,752.9,582.4,249.4,13.1,293.9,24.9,259.5,1746.9,4503.7,3515.4,1213.5,2019.5,196.7,13.3,1105.6,1784.8,463.3,516.6,5204.9,4936.8,2829.2,871.0,3763.6,3825.9,2964.7,2789.0,1599.1,3223.1,1120.9,3106.0,1001.9,2637.7,1385.5,4162.6,7238.4,5215.1,1530.4,322.9
2026-08-21 16:15:00,704.8,472.4,869.7,475.8,759.2,547.5,249.4,11.2,284.4,22.2,251.4,1739.8,4278.2,3541.3,1214.8,2015.8,197.5,13.2,1077.9,1794.4,465.0,510.9,5221.0,4899.6,2834.3,871.3,3702.3,4265.7,2964.0,2790.2,1580.8,3224.2,1124.4,3234.2,1009.6,2635.4,1394.7,4183.0,7263.6,5240.1,1554.8,315.6
2026-08-21 16:30:00,712.5,453.0,695.7,415.6,768.1,500.3,249.3,12.7,292.3,39.2,245.3,1721.6,4300.5,3605.1,1251.4,1993.2,195.9,13.2,1085.4,1830.2,468.2,501.7,5228.7,4865.9,2828.9,867.3,3654.6,4382.2,2960.1,2791.4,1585.5,3222.1,1121.9,3294.7,1019.2,2633.1,1403.0,4232.0,7301.8,5271.5,1585.1,305.7
2026-08-21 16:45:00,721.6,445.5,766.3,374.9,775.8,447.9,249.3,12.6,290.1,35.7,237.9,1712.1,4317.3,3799.2,1291.6,1995.1,168.5,30.2,1096.2,1865.0,472.5,514.1,5204.7,4849.6,2832.4,865.6,3650.3,4654.6,2958.9,2792.5,1602.5,3217.2,1120.5,3407.0,1025.4,2631.2,1406.4,4247.2,7341.8,5259.4,1621.8,296.8
2026-08-21 17:00:00,750.8,485.2,799.7,317.6,776.4,557.9,239.6,46.0,284.4,41.4,264.7,1736.0,4568.1,3484.4,1362.4,1924.5,117.5,37.8,1159.9,1881.9,481.1,438.6,5284.5,5018.4,2810.9,748.3,3705.0,4825.8,2930.0,2913.1,1607.2,3193.4,1131.0,3476.8,1029.7,2999.6,1421.9,4370.7,7372.6,5409.5,1667.8,284.2
2026-08-21 17:15:00,757.4,476.7,888.5,293.7,782.8,509.3,239.6,45.7,288.2,38.1,199.2,1722.7,4336.3,3453.5,1388.9,1923.3,152.9,46.7,1170.1,1897.9,482.7,425.2,5274.2,5093.4,2810.2,755.0,3709.1,5107.1,2938.7,2908.5,1597.3,3193.4,1127.7,3558.3,1033.2,2996.9,1424.9,4370.4,7429.9,5410.6,1707.0,272.1
2026-08-21 17:30:00,767.7,457.8,978.3,462.0,790.9,454.4,239.6,46.6,298.9,34.4,193.8,1691.7,4357.0,3466.5,1401.6,1900.4,130.8,37.7,1181.4,1888.6,487.6,404.1,5283.0,5074.9,2803.9,828.9,3715.4,5403.8,2943.8,2910.1,1612.1,3191.1,1127.4,3645.7,1034.2,2995.1,1429.8,4352.1,7474.2,5389.7,1740.3,261.1
2026-08-21 17:45:00,774.1,442.3,1061.1,434.7,792.2,413.6,239.6,46.5,308.0,31.4,197.0,1670.4,4311.3,3446.6,1473.3,1872.3,136.3,54.8,1176.0,1912.4,487.8,416.8,5295.6,5105.1,2804.8,836.8,3724.9,5689.1,2947.1,2912.4,1623.5,3178.3,1130.5,3772.1,1038.2,2993.6,1437.2,4339.0,7517.4,5371.5,1765.2,249.9
2026-08-21 18:00:00,779.1,414.6,1137.8,454.2,794.8,566.9,117.1,46.3,318.7,30.7,218.8,1593.3,4417.9,3468.3,1395.2,1719.1,291.9,3.1,1187.2,1891.8,480.7,383.1,5358.1,5215.2,2788.7,806.0,3947.6,5686.5,2906.3,2915.1,1630.9,3172.5,1127.2,3990.3,1049.1,3107.6,1436.7,4345.5,7543.7,5360.2,1815.8,232.7
2026-08-21 18:15:00,790.7,405.4,1188.8,429.3,802.9,516.2,117.1,45.7,322.9,27.9,224.7,1565.2,4212.1,3406.3,1280.3,1523.1,310.2,20.2,1190.9,1868.0,489.4,372.9,5371.4,5188.5,2784.6,806.1,3946.6,5890.5,2931.2,2918.0,1649.5,3166.2,1123.2,4148.5,1049.4,3107.0,1443.9,4346.2,7572.8,5333.4,1841.4,221.8
2026-08-21 18:30:00,792.2,413.7,1219.4,421.5,804.9,472.0,117.1,45.4,336.9,24.7,203.4,1529.4,4498.0,4424.8,1163.5,1366.1,317.7,20.2,1211.0,1838.6,507.3,352.5,5382.7,5202.0,2786.3,808.1,3958.3,5971.3,2921.8,2920.1,1652.2,3154.3,1126.6,4203.6,1045.5,3107.1,1449.3,4347.6,7612.2,5349.1,1853.9,236.0
2026-08-21 18:45:00,795.2,422.2,1241.3,415.1,805.2,480.4,117.1,60.6,350.3,21.9,215.2,1506.0,4236.2,3942.6,1356.7,1481.1,304.4,19.2,1241.8,1840.0,508.3,371.1,5363.1,5190.7,2784.9,808.2,3959.4,5997.1,2924.0,2900.0,1654.6,3158.0,1123.8,4229.8,1040.9,3107.5,1454.0,4349.3,7614.4,5340.3,1887.9,256.8
2026-08-21 19:00:00,803.0,472.6,1256.6,458.7,816.7,511.1,73.6,79.3,371.9,11.4,307.5,1452.4,4324.9,4107.9,1372.8,1462.5,310.7,3.1,1211.4,1879.0,520.3,334.6,5368.4,5170.0,2766.1,815.6,4054.1,6144.0,2892.7,2918.6,1656.9,3182.4,1102.7,4250.6,1031.2,3100.4,1459.1,4364.9,7676.1,5432.8,1885.9,188.9
2026-08-21 19:15:00,811.8,461.1,1275.6,475.7,825.6,503.9,73.6,79.2,381.6,8.9,299.3,1437.9,3558.6,3379.0,1420.6,1459.8,330.9,3.2,1188.6,1847.6,528.2,332.3,5363.0,5181.4,2764.7,815.0,4061.1,6109.4,2892.8,2918.7,1654.2,3182.8,1106.2,4221.7,1018.7,3103.4,1461.3,4373.1,7677.4,5469.4,1891.6,232.9
2026-08-21 19:30:00,820.8,456.6,1287.4,472.7,836.4,497.6,73.6,78.9,385.3,85.6,281.3,1421.1,3435.2,3345.8,1413.0,1458.4,330.7,3.1,1202.8,1830.4,533.0,331.1,5337.3,5195.2,2754.1,814.5,4063.1,6124.6,2886.0,2918.8,1657.8,3182.1,1104.1,4225.4,1006.0,3106.1,1459.3,4378.6,7671.4,5415.1,1885.9,200.1
2026-08-21 19:45:00,833.1,472.6,1289.1,479.3,828.7,549.1,73.6,81.5,380.4,82.6,266.4,1405.9,3400.5,3436.3,1433.7,1452.8,312.5,3.1,1197.1,1868.9,536.7,356.9,5319.9,5152.9,2748.2,813.9,4053.8,6023.2,2914.0,2916.7,1639.7,3184.3,1103.0,4160.0,995.8,3109.1,1454.2,4384.9,7672.2,5397.4,1881.8,176.3
2026-08-21 20:00:00,832.7,423.9,1288.9,480.5,824.6,541.2,68.6,65.4,402.3,55.1,316.5,1512.5,3167.2,3500.2,1212.8,1494.9,278.0,3.0,1169.7,1675.7,536.3,336.0,5226.2,5043.9,2725.2,792.8,4189.8,6130.1,2902.3,2916.7,1629.1,3207.4,1102.1,4150.0,981.7,3058.7,1442.9,4357.0,7635.1,5314.8,1878.8,183.9
2026-08-21 20:15:00,822.8,482.8,1288.3,475.9,839.2,500.9,68.5,66.7,399.0,82.9,289.3,1519.9,3202.7,3538.6,1240.7,1483.8,278.7,3.0,1178.8,1662.3,539.0,336.2,5198.3,5071.1,2717.7,792.7,4180.3,6113.4,2877.8,2915.4,1631.3,3206.5,1091.5,4125.0,977.0,3066.6,1434.8,4355.4,7617.3,5314.4,1868.1,183.5
2026-08-21 20:30:00,817.7,488.4,1282.6,473.7,842.1,496.7,68.5,65.3,390.9,81.2,275.1,1523.9,3188.5,3574.9,1242.2,1473.0,279.3,3.0,1165.9,1658.6,535.3,342.2,5167.0,5094.9,2707.5,791.6,4179.4,6035.2,2897.7,2915.0,1617.8,3206.7,1097.9,4075.5,977.1,3074.1,1429.8,4355.9,7598.9,5321.6,1856.6,184.2
2026-08-21 20:45:00,818.6,491.1,1269.4,459.2,831.9,498.2,68.6,56.9,378.9,80.2,271.3,1515.2,3537.3,3865.0,1230.5,1468.0,337.9,3.0,1157.2,1675.5,527.8,355.1,5140.1,5030.9,2706.5,791.5,4179.3,6012.7,2897.9,2913.1,1613.7,3205.7,1094.4,4055.7,976.7,3077.3,1426.7,4352.7,7574.5,5311.4,1842.8,184.4
2026-08-21 21:00:00,787.8,421.6,1256.2,427.7,811.3,361.5,26.5,11.7,374.4,89.0,264.9,1501.1,3221.9,3470.8,1211.5,1374.4,261.8,13.1,1131.8,1677.8,517.9,364.7,5167.5,4991.9,2684.7,807.6,4191.5,6050.1,2894.4,2920.0,1618.1,3244.1,1099.9,4043.9,980.7,2993.7,1396.0,4347.2,7494.4,5322.3,1830.2,141.0
2026-08-21 21:15:00,776.9,410.0,1232.0,409.2,792.2,362.8,26.6,10.7,373.6,94.0,263.4,1507.8,4078.8,4166.4,1209.8,1345.6,281.3,13.1,1118.3,1650.3,510.6,365.3,5176.2,5059.7,2680.9,806.5,4183.9,6008.7,2896.8,2918.5,1617.2,3246.0,1095.8,4015.2,978.6,2992.0,1397.7,4345.0,7453.4,5324.1,1812.1,142.7
2026-08-21 21:30:00,771.9,485.5,1201.4,409.9,774.8,361.7,26.5,10.7,372.9,91.3,256.4,1516.6,4080.3,4112.7,1239.5,1343.3,260.7,13.1,1119.4,1650.5,510.7,367.4,5163.9,5059.6,2663.2,805.4,4184.4,5928.9,2892.7,2917.4,1608.3,3246.5,1096.5,3950.9,977.9,2991.1,1400.7,4342.7,7404.6,5333.7,1787.7,143.8
2026-08-21 21:45:00,758.9,502.2,1172.1,411.8,752.9,355.3,26.5,10.7,384.6,24.1,249.2,1514.0,4427.6,3398.3,1234.8,1344.9,253.0,13.1,1140.1,1650.1,508.4,370.1,5164.1,5037.8,2652.1,805.2,4175.5,5832.8,2891.1,2913.7,1597.7,3246.7,1089.3,3871.9,978.7,2990.5,1410.0,4333.1,7361.9,5339.0,1774.0,145.3
2026-08-21 22:00:00,737.4,430.2,1134.7,368.7,728.4,238.5,20.1,5.4,416.1,15.1,291.1,1434.2,4064.9,4112.5,1199.5,1325.4,168.4,32.9,1079.0,1661.6,490.0,383.3,5007.2,5024.1,2624.5,785.7,4348.1,5825.4,2895.6,2861.3,1546.0,3258.9,1098.7,4014.3,970.1,2917.2,1411.8,4223.0,7148.7,5297.2,1720.5,136.0
2026-08-21 22:15:00,728.3,421.3,1110.7,364.2,714.6,234.1,20.0,5.3,418.3,11.6,286.8,1417.6,4104.5,3741.1,1178.6,1326.6,161.2,32.9,1074.8,1660.9,486.3,366.4,4971.7,4975.8,2603.8,783.5,4335.9,5758.0,2893.3,2864.1,1547.6,3252.6,1094.2,3962.7,967.1,2917.4,1411.7,4221.9,7074.2,5288.9,1695.9,136.4
2026-08-21 22:30:00,718.9,424.1,1076.7,165.2,691.9,231.4,20.0,5.1,413.5,12.9,291.0,1407.7,3881.5,3206.6,1195.3,1327.3,161.1,32.9,1071.3,1664.7,480.4,369.5,4926.5,4980.8,2570.8,783.3,4331.1,5709.4,2883.3,2859.0,1539.8,3250.1,1085.2,3917.3,967.5,2916.3,1408.7,4207.6,7019.6,5270.8,1682.9,137.4
2026-08-21 22:45:00,720.6,418.7,1048.8,160.9,676.0,229.9,21.2,4.7,407.7,10.4,294.4,1409.6,4079.0,3179.1,1192.1,1326.2,140.8,32.9,1070.7,1667.4,476.6,373.5,4902.6,4983.5,2548.6,783.1,4312.7,5631.6,2879.3,2860.5,1542.6,3249.2,1079.3,3861.5,973.5,2915.1,1400.6,4166.0,6940.4,5274.1,1665.6,138.0
2026-08-21 23:00:00,706.9,336.7,1040.2,151.1,655.7,222.0,11.0,28.9,384.6,15.0,265.5,1402.5,3676.4,3110.5,1115.3,1290.3,164.6,23.2,1025.6,1635.2,446.1,396.6,4723.3,4834.5,2456.9,781.3,4134.1,5545.9,2856.4,2771.7,1524.7,3335.1,1060.0,3628.4,969.6,2574.0,1388.1,4183.0,6874.1,5220.2,1624.4,150.4
2026-08-21 23:15:00,704.2,323.7,1017.6,153.7,641.1,220.5,11.1,28.8,380.4,14.9,253.5,1409.1,3891.8,3110.7,1088.3,1285.5,165.3,23.2,1025.1,1636.9,443.8,379.4,4706.6,4820.3,2420.7,781.2,4116.9,5459.9,2851.9,2773.2,1517.0,3321.0,1052.8,3561.8,970.3,2570.6,1374.5,4170.3,6789.2,5219.9,1603.5,150.9
2026-08-21 23:30:00,709.4,320.5,997.4,156.9,631.3,218.9,12.4,28.8,372.8,17.3,245.7,1412.8,3931.4,3112.5,1102.3,1285.9,164.8,23.2,1021.6,1652.3,440.7,385.5,4677.8,4823.5,2392.3,781.0,4111.4,5385.8,2840.1,2771.2,1513.9,3317.5,1044.9,3495.8,970.9,2568.1,1359.2,4144.9,6719.0,5212.1,1582.2,151.9
2026-08-21 23:45:00,698.8,317.6,982.2,162.5,624.1,212.0,13.7,28.8,364.5,14.9,237.4,1415.2,3955.0,3124.6,1082.7,1287.3,175.9,23.2,1021.4,1671.3,438.3,390.8,4632.9,4817.1,2349.0,780.8,4089.7,4829.1,2831.7,2776.7,1515.4,3308.3,1040.9,3411.3,967.6,2565.6,1348.4,4130.8,6638.9,5054.3,1552.9,157.2
