date,EE_buy,EE_sell,LT_buy,LT_sell,LV_buy,LV_sell,AT_buy,AT_sell,BE_buy,BE_sell,FR_buy,FR_sell,GER_buy,GER_sell,NL_buy,NL_sell,PL_buy,PL_sell,DK1_buy,DK1_sell,DK2_buy,DK2_sell,FI_buy,FI_sell,NO1_buy,NO1_sell,NO2_buy,NO2_sell,NO3_buy,NO3_sell,NO4_buy,NO4_sell,NO5_buy,NO5_sell,SE1_buy,SE1_sell,SE2_buy,SE2_sell,SE3_buy,SE3_sell,SE4_buy,SE4_sell
2026-07-24 00:00:00,627.5,145.5,902.8,501.8,587.3,528.4,38.0,78.4,312.0,8.0,123.5,1300.5,2072.7,2035.0,925.3,1053.4,0.0,107.2,955.3,1451.4,365.6,797.8,4825.2,3928.7,2084.3,1000.6,4568.9,6481.8,2363.9,1647.9,1513.4,3081.8,949.3,3021.8,903.5,2135.8,1271.1,3178.9,5789.2,5422.2,1452.6,128.4
2026-07-24 00:15:00,621.9,145.5,896.8,500.4,579.6,527.5,38.0,75.9,305.4,8.0,114.3,1310.8,2345.6,1961.4,1112.6,1235.7,0.0,106.8,953.7,1458.3,371.8,788.2,4827.1,3911.8,2062.5,993.5,4564.8,6448.9,2360.1,1650.4,1510.6,3064.2,943.2,2903.5,904.1,2131.5,1267.7,3177.0,5728.3,5437.4,1421.2,133.8
2026-07-24 00:30:00,616.1,146.7,894.7,502.1,573.7,526.2,38.0,76.2,303.2,8.0,97.3,1315.0,2348.8,1936.7,1183.3,1306.6,0.0,106.3,956.0,1463.1,371.7,786.9,4814.1,3899.3,2027.1,989.4,4548.4,6396.6,2347.2,1652.1,1509.2,3049.3,940.4,2776.4,903.3,2122.9,1264.2,3171.3,5673.5,5448.9,1401.9,136.0
2026-07-24 00:45:00,610.0,146.1,901.4,499.3,569.8,524.8,38.0,75.9,301.4,8.0,94.3,1335.1,2353.1,1897.7,1179.4,1294.3,0.0,81.1,966.2,1460.0,369.6,782.9,4788.0,3944.3,1999.8,981.5,4537.2,6074.6,2333.9,1652.9,1508.8,2994.0,934.0,2433.8,898.8,2108.6,1257.8,3183.0,5615.0,5457.1,1372.7,133.0
2026-07-24 01:00:00,597.6,147.1,896.2,492.1,563.8,523.2,38.0,62.0,328.0,13.0,85.5,1303.2,2319.7,1805.1,1136.8,1324.0,0.0,103.8,925.6,1467.2,365.8,791.1,4729.8,4086.2,1940.8,887.6,4324.6,6146.7,2303.3,1769.0,1482.0,2926.0,909.4,2519.1,896.6,2004.4,1245.4,3101.7,5511.1,5481.2,1327.6,133.7
2026-07-24 01:15:00,594.6,147.1,893.0,489.8,559.6,522.2,38.0,64.4,324.3,13.0,84.8,1307.5,2316.8,1767.8,1121.3,1309.5,0.0,103.6,926.5,1473.8,365.4,790.2,4710.1,4078.0,1918.6,885.7,4311.6,6127.1,2299.4,1769.0,1478.1,2888.6,907.6,2421.1,893.5,1989.1,1237.5,3080.9,5456.3,5492.2,1308.2,133.2
2026-07-24 01:30:00,594.3,147.2,889.7,491.7,556.5,522.2,38.0,65.4,327.4,13.1,82.4,1310.7,2321.4,1743.1,1106.5,1295.5,0.0,103.3,922.9,1500.8,364.7,789.3,4691.7,4064.3,1893.2,882.6,4303.8,6016.0,2296.2,1767.8,1474.3,2873.4,903.5,2398.0,890.2,1976.7,1229.6,3063.4,5413.7,5505.1,1290.5,135.1
2026-07-24 01:45:00,591.6,147.2,885.2,485.3,555.3,521.7,38.0,58.9,323.4,13.0,79.2,1329.6,2381.2,1705.8,1108.1,1295.7,0.0,103.6,927.2,1517.2,364.8,791.5,4674.2,4076.4,1871.3,881.5,4291.2,5845.6,2287.7,1768.7,1476.7,2843.9,900.0,2304.5,885.2,1966.5,1219.0,3057.9,5375.9,5519.0,1276.5,137.3
2026-07-24 02:00:00,589.4,147.7,884.9,284.0,553.2,520.1,38.0,70.5,327.7,14.1,126.2,1295.6,2289.7,1721.4,1103.5,1304.6,19.8,84.7,937.1,1541.2,362.2,799.4,4638.1,4087.4,1827.0,887.1,4277.3,5855.9,2269.4,1782.4,1453.8,2791.7,918.0,2330.3,881.5,1933.9,1211.9,3024.1,5380.1,5534.6,1262.4,131.8
2026-07-24 02:15:00,585.9,147.3,880.8,280.9,553.7,518.5,38.0,70.2,312.0,14.1,119.9,1297.5,2289.8,1698.9,1090.3,1303.7,19.8,65.3,910.1,1565.0,360.9,799.8,4625.4,4081.6,1814.8,884.9,4269.4,5767.4,2267.9,1785.3,1451.4,2780.4,914.4,2324.0,877.7,1934.7,1207.3,3006.4,5311.3,5537.0,1257.8,133.4
2026-07-24 02:30:00,584.9,146.3,876.4,277.8,554.5,511.7,38.0,68.1,324.3,14.1,148.2,1303.0,2293.2,1676.7,1091.1,1299.0,19.8,85.1,910.4,1583.2,359.6,800.2,4615.3,4088.5,1807.0,882.8,4263.9,5744.6,2263.3,1786.6,1451.1,2779.4,900.5,2317.5,875.1,1934.6,1208.5,2993.8,5290.2,5522.8,1249.6,139.5
2026-07-24 02:45:00,582.2,146.1,875.1,277.0,554.9,510.7,38.0,64.7,316.2,14.1,154.0,1306.4,2317.7,1657.7,1098.9,1298.8,19.8,85.1,909.3,1646.1,360.1,807.0,4600.9,4074.2,1793.7,880.9,4258.7,5731.7,2260.5,1788.2,1449.0,2766.6,897.3,2308.9,873.5,1939.1,1211.3,2968.3,5296.3,5503.1,1236.1,137.5
2026-07-24 03:00:00,572.4,146.1,915.8,239.0,556.1,463.2,39.1,58.1,316.2,17.7,79.7,1316.0,2266.3,1695.9,1041.2,1339.9,27.3,84.8,891.9,1631.5,354.5,790.0,4542.6,4068.7,1759.8,864.7,4250.6,5592.1,2246.6,1823.3,1438.3,2790.0,905.9,2349.0,873.2,1922.4,1216.9,2978.0,5231.5,5436.9,1235.1,144.3
2026-07-24 03:15:00,566.3,144.4,915.4,235.0,555.2,459.7,39.0,62.8,309.4,17.7,77.1,1316.1,2289.9,1677.0,1029.4,1334.2,27.3,64.8,905.7,1651.0,347.9,788.0,4523.8,4072.3,1750.2,862.4,4248.0,5531.9,2247.2,1830.3,1436.7,2778.2,899.9,2346.1,873.6,1924.8,1221.2,2962.4,5200.7,5411.3,1222.9,149.7
2026-07-24 03:30:00,576.9,138.9,919.3,231.0,551.7,459.3,39.0,61.1,321.4,17.7,72.6,1324.9,2320.0,1648.4,1022.6,1334.9,27.3,64.5,902.9,1660.3,346.3,781.9,4511.9,4068.1,1743.3,860.1,4245.1,5465.9,2243.7,1829.3,1431.4,2765.5,898.6,2341.2,872.8,1926.6,1221.3,2941.8,5167.2,5396.2,1219.5,154.7
2026-07-24 03:45:00,576.6,138.6,918.1,214.4,550.9,459.2,39.0,61.2,315.9,18.3,70.4,1333.8,2332.5,1616.6,1017.5,1338.8,27.3,64.6,899.4,1679.5,335.1,777.9,4510.2,4054.7,1738.0,859.1,4244.3,5432.1,2240.1,1830.8,1431.8,2764.0,900.0,2346.9,873.0,1926.8,1219.0,2919.9,5136.8,5398.8,1214.1,159.9
2026-07-24 04:00:00,584.6,142.9,928.3,238.3,548.1,373.7,38.0,72.2,343.5,5.8,125.1,1348.7,2343.8,1598.5,1013.8,1325.8,0.0,93.1,892.2,1702.0,348.5,772.6,4553.1,4154.8,1715.6,856.5,4192.5,5545.5,2237.4,1854.3,1424.8,2774.3,881.8,2319.3,870.1,1869.0,1213.5,2792.9,5098.5,5427.6,1208.8,198.2
2026-07-24 04:15:00,580.1,144.8,936.5,235.4,539.8,377.6,38.0,76.8,345.7,5.8,139.9,1347.6,2273.0,1573.0,1011.7,1332.2,0.0,93.3,888.5,1713.6,336.7,772.9,4560.2,4176.6,1716.8,855.2,4199.6,5496.9,2236.0,1855.6,1425.1,2775.8,883.3,2316.7,868.5,1863.1,1207.4,2791.6,5080.8,5449.8,1206.2,200.7
2026-07-24 04:30:00,575.0,140.0,947.2,234.6,534.0,387.0,38.0,72.9,328.8,5.8,147.2,1344.1,2274.8,1552.6,1016.3,1331.5,0.0,93.0,885.1,1725.0,335.0,771.2,4575.9,4194.3,1709.5,854.1,4197.2,5548.0,2235.4,1857.9,1424.5,2771.6,880.9,2319.7,872.3,1853.6,1203.9,2790.9,5068.8,5454.9,1197.8,202.6
2026-07-24 04:45:00,565.6,152.4,962.7,219.5,533.7,393.0,38.0,70.2,336.9,8.1,124.1,1352.3,2273.7,1532.3,1020.0,1364.7,0.0,93.2,870.2,1724.9,333.5,782.0,4614.6,4225.9,1708.8,851.7,4196.9,5571.9,2232.2,1860.6,1425.9,2770.8,880.3,2322.3,869.8,1838.4,1201.9,2803.9,5060.1,5461.6,1197.0,204.1
2026-07-24 05:00:00,591.0,105.0,960.9,292.4,546.8,377.1,38.0,84.3,317.4,12.3,87.5,1332.6,2335.2,1615.7,1006.4,1322.1,0.0,108.4,858.6,1763.2,344.1,769.7,4828.6,4287.9,1716.3,852.5,4113.1,5622.6,2199.0,1838.9,1431.1,2804.9,875.6,2361.1,870.0,1940.3,1203.1,2914.8,5118.9,5583.1,1176.4,206.3
2026-07-24 05:15:00,590.9,135.4,985.1,290.7,554.6,386.3,38.0,83.1,328.5,12.3,94.4,1329.7,2337.5,1592.0,1024.1,1340.0,0.0,131.1,857.6,1768.6,333.5,777.2,4853.6,4332.4,1731.4,852.1,4121.6,5650.7,2203.9,1843.2,1435.6,2804.8,878.9,2362.6,873.1,1923.3,1205.0,2920.3,5082.7,5558.0,1187.9,202.8
2026-07-24 05:30:00,595.1,150.3,995.6,292.0,563.8,411.1,38.0,75.4,333.2,12.4,93.3,1334.4,2362.0,1560.0,1034.7,1355.8,0.1,133.5,870.3,1772.6,332.9,757.3,4875.0,4388.2,1748.2,849.3,4124.0,5673.3,2215.1,1853.5,1436.5,2800.2,889.0,2375.4,876.3,1906.3,1208.6,2925.2,5106.8,5562.0,1188.2,193.8
2026-07-24 05:45:00,598.8,161.6,1005.8,295.7,572.2,445.5,38.0,77.1,337.4,12.5,105.1,1337.8,2223.6,2069.7,1044.3,1366.8,0.0,137.0,868.8,1779.1,332.4,763.0,4906.0,4438.6,1773.4,847.8,4130.2,5742.7,2223.1,1852.3,1439.4,2805.7,893.7,2366.2,880.8,1895.2,1213.3,2932.5,5140.2,5566.8,1219.5,193.3
2026-07-24 06:00:00,632.5,198.5,1015.9,298.5,591.9,416.8,29.0,60.2,341.0,16.7,102.3,1334.7,2539.3,2372.6,1063.9,1363.5,0.0,101.9,899.6,1808.1,346.3,732.0,4977.7,4406.3,1826.5,839.6,4261.1,6038.3,2271.3,1759.6,1478.0,2871.0,890.1,2448.6,893.3,1893.7,1140.4,2799.4,5243.3,5591.5,1271.6,171.3
2026-07-24 06:15:00,626.3,245.4,1013.6,292.6,599.4,455.9,29.0,63.0,340.4,16.7,113.8,1339.1,2022.4,2166.5,1091.5,1401.3,0.0,102.2,907.0,1812.3,346.6,726.4,5013.0,4452.4,1860.2,837.8,4265.7,6048.6,2247.1,1761.3,1478.4,2885.5,896.3,2469.7,902.8,1883.3,1150.5,2836.6,5307.0,5584.8,1304.7,173.2
2026-07-24 06:30:00,681.4,183.9,988.1,491.2,610.9,507.7,29.0,58.4,342.0,16.7,111.7,1340.0,2031.6,2321.6,1115.7,1396.1,0.0,66.7,910.8,1835.0,351.3,725.6,5038.5,4521.6,1890.2,835.1,4282.0,6005.9,2255.5,1764.7,1484.5,2878.7,901.9,2521.9,909.5,1871.3,1162.7,2871.4,5382.0,5561.2,1337.3,170.7
2026-07-24 06:45:00,653.9,203.5,952.3,490.7,620.1,552.5,29.0,57.6,344.4,17.2,120.4,1336.9,2039.6,2434.4,1135.2,1406.9,0.0,101.9,917.2,1840.3,350.1,718.6,5053.6,4579.2,1933.1,833.3,4287.4,6062.5,2279.3,1768.7,1490.5,2882.4,907.9,2535.5,916.9,1859.4,1173.8,2887.6,5466.1,5553.2,1362.0,175.2
2026-07-24 07:00:00,695.0,214.6,924.6,481.4,645.7,591.1,19.0,52.5,359.1,25.8,112.1,1344.1,2242.8,2374.1,1157.6,1462.3,0.0,102.3,987.4,1855.9,359.1,710.3,5087.7,4699.4,2008.4,817.9,4297.3,6175.8,2315.2,1724.9,1539.5,2868.9,940.8,2705.9,933.6,1914.5,1207.8,2928.5,5591.4,5535.5,1378.4,192.2
2026-07-24 07:15:00,644.9,290.0,894.6,488.4,659.8,643.1,19.0,60.3,356.7,28.6,118.2,1343.7,2262.7,2369.6,1193.5,1452.6,0.0,107.4,991.2,1863.2,367.6,700.4,5111.5,4796.3,2043.0,814.0,4304.3,6115.9,2329.9,1721.4,1545.5,2875.2,945.7,2589.4,940.5,1907.2,1219.5,2967.2,5647.8,5571.6,1393.4,199.4
2026-07-24 07:30:00,640.0,315.0,856.3,507.6,671.4,691.8,19.0,58.4,354.9,31.5,138.6,1340.2,2816.3,2354.0,1204.5,1455.2,42.2,106.9,1000.5,1874.0,365.0,692.4,5122.1,4852.0,2065.7,810.9,4313.9,6087.7,2344.5,1736.3,1550.0,2886.8,951.8,2610.8,946.4,1896.4,1232.5,2977.5,5689.5,5523.9,1417.0,199.3
2026-07-24 07:45:00,655.7,292.6,815.8,533.7,667.0,751.7,19.0,61.6,355.5,27.5,143.0,1331.6,2909.4,2015.5,1194.0,1432.3,22.7,100.9,1019.0,1868.7,371.3,686.0,5114.1,4829.4,2096.4,810.4,4312.8,6111.1,2357.9,1725.1,1560.5,2870.8,961.3,2639.8,950.1,1885.5,1247.0,2958.9,5734.0,5526.0,1435.6,204.3
2026-07-24 08:00:00,650.7,301.6,758.1,543.6,667.2,740.2,24.0,115.8,345.2,21.8,161.6,1324.0,2697.3,2475.3,1443.1,1513.0,23.2,132.8,1073.4,1949.4,351.4,731.5,5131.7,4815.7,2167.2,775.7,4339.1,6281.6,2449.5,1789.9,1588.9,2762.8,983.8,2941.7,948.2,1959.8,1265.8,3095.9,5769.3,5399.2,1431.6,204.1
2026-07-24 08:15:00,644.0,326.8,723.8,567.0,670.2,785.4,24.0,122.2,336.7,25.6,167.4,1327.0,3242.1,2350.2,1451.3,1544.1,43.5,132.6,1073.4,1941.3,356.8,732.7,5132.0,4871.6,2192.3,770.8,4337.0,6137.8,2464.1,1792.3,1593.8,2750.1,984.8,2763.0,951.2,1954.2,1275.7,3081.7,5793.9,5401.4,1426.6,212.2
2026-07-24 08:30:00,614.9,404.5,679.3,364.0,670.3,803.9,24.0,122.3,326.2,29.2,168.1,1345.1,3247.7,2270.1,1549.3,1670.4,43.7,142.3,1076.7,1931.9,357.4,734.1,5107.7,4990.8,2209.3,764.0,4336.6,5834.1,2411.3,1806.6,1611.6,2791.6,987.1,2727.5,954.3,1951.1,1280.9,3069.8,5824.5,5336.0,1428.9,221.6
2026-07-24 08:45:00,603.3,405.3,639.9,377.4,679.5,826.2,24.0,121.6,312.2,32.6,167.8,1352.0,3258.1,2331.9,1614.3,1625.9,0.0,142.7,1101.2,1914.4,371.6,734.7,5095.8,5019.3,2227.3,761.9,4347.0,5360.0,2433.2,1861.4,1614.8,2809.1,998.5,2750.0,959.7,1952.2,1287.6,3036.0,5867.5,5252.8,1430.6,233.5
2026-07-24 09:00:00,615.1,393.1,615.7,428.3,682.6,734.1,33.0,138.5,292.5,40.3,289.8,1400.2,3320.7,2808.4,1630.8,1500.3,24.2,254.4,1209.9,1974.5,359.0,701.7,5090.5,5060.1,2298.3,765.3,4311.8,5629.4,2484.3,1869.0,1624.9,2650.5,1019.3,2285.3,969.6,1943.8,1286.6,2930.2,5870.9,5242.8,1400.3,282.0
2026-07-24 09:15:00,611.0,429.2,603.3,439.5,684.9,753.0,33.0,144.0,259.8,32.9,299.9,1405.8,3322.4,2870.1,1603.9,1229.0,24.7,253.8,1239.3,1944.5,379.5,583.2,5077.7,5055.7,2317.9,765.9,4311.2,4958.3,2486.8,1873.2,1633.2,2642.3,1023.1,2244.0,974.6,1956.1,1294.0,2918.7,5885.6,5219.9,1364.7,295.6
2026-07-24 09:30:00,596.5,438.1,581.2,456.6,689.8,767.3,33.0,144.5,233.8,39.3,303.8,1420.7,3374.2,2885.8,1561.1,1076.7,25.2,287.8,1274.0,1845.3,394.5,213.7,5064.3,5033.5,2333.5,675.6,4268.8,4291.5,2467.9,1913.3,1628.8,2673.2,1023.9,2266.4,976.9,1972.2,1302.5,2890.4,5934.5,5188.8,1344.5,309.8
2026-07-24 09:45:00,590.9,437.8,555.0,478.8,690.6,705.9,33.0,145.2,200.3,56.7,299.1,1443.7,4847.2,2963.3,1512.4,1037.1,25.7,286.4,1276.5,1751.5,390.5,216.6,5048.3,5032.2,2347.8,672.7,4269.5,3827.3,2476.7,1913.6,1630.2,2651.0,1028.3,2104.5,977.7,1993.0,1317.9,2867.0,5963.1,5205.2,1341.4,332.4
2026-07-24 10:00:00,583.7,465.3,541.0,431.8,697.9,808.5,119.7,86.4,172.3,119.7,313.9,1517.4,4854.1,3372.2,1700.0,1046.2,181.5,157.8,1350.6,1622.3,393.6,250.5,5096.9,5130.7,2384.3,702.7,4322.8,3492.3,2497.7,1997.8,1645.7,2725.3,1013.5,1908.6,969.5,1872.8,1333.1,2627.9,6015.3,5285.5,1325.7,326.6
2026-07-24 10:15:00,583.4,471.7,528.0,445.1,695.6,741.3,105.0,86.6,148.5,134.4,297.3,1539.8,4853.7,3376.3,1662.4,1061.1,181.5,156.8,1354.8,1592.8,391.4,247.1,5102.4,5058.8,2390.8,703.6,4329.2,3136.1,2504.9,1953.9,1649.5,2810.3,1017.4,1660.8,969.3,1902.6,1345.3,2567.7,6005.9,5310.5,1325.9,357.5
2026-07-24 10:30:00,581.2,459.1,515.4,453.1,697.2,643.7,105.0,86.7,127.6,148.6,298.4,1570.5,4906.8,3350.6,1619.1,1083.8,181.5,155.7,1346.1,1578.1,390.6,245.5,5112.1,5047.2,2397.4,704.7,4337.9,2741.7,2503.1,1932.2,1646.8,2781.1,1009.4,1658.4,970.9,1921.8,1345.0,2548.2,6024.9,5362.7,1323.0,388.4
2026-07-24 10:45:00,579.1,448.4,499.5,456.3,702.6,599.1,105.0,86.9,108.2,160.3,311.5,1588.1,4910.7,3354.1,1585.4,1119.3,226.6,154.1,1362.8,1553.7,400.3,243.2,5111.4,5025.2,2402.7,705.7,4353.6,2701.5,2520.2,1912.8,1648.7,2763.8,1016.4,1532.7,977.7,1934.9,1337.4,2532.7,6004.0,5389.6,1316.4,418.7
2026-07-24 11:00:00,581.8,466.2,911.3,433.8,686.8,739.7,147.3,32.1,94.8,176.0,298.7,1650.8,5041.9,3623.2,1866.3,1251.2,211.8,137.1,1457.2,1593.9,378.1,269.2,5113.9,5184.5,2421.7,698.8,4389.1,2561.6,2498.9,1830.4,1650.1,2671.0,1029.4,1541.8,977.4,1916.7,1323.0,2490.4,5990.5,5484.3,1344.6,456.0
2026-07-24 11:15:00,587.8,459.0,893.9,433.0,687.2,694.7,138.7,32.3,88.0,197.9,301.7,1662.6,5042.6,3620.9,1836.0,1258.1,212.2,111.9,1453.2,1574.3,375.3,269.1,5105.1,5200.3,2427.8,699.9,4401.0,2519.8,2492.2,1816.2,1651.9,2575.5,1026.5,1449.2,979.0,1911.4,1309.1,2488.4,6007.7,5525.7,1329.0,485.4
2026-07-24 11:30:00,590.1,458.2,1107.9,428.4,691.3,661.2,142.7,32.5,88.0,220.5,302.8,1682.5,5052.2,3579.8,1810.2,1250.1,212.6,109.5,1443.6,1575.2,373.5,274.6,5089.0,5242.0,2432.0,701.8,4401.7,2518.5,2487.1,1811.8,1652.9,2614.8,1026.2,1453.9,978.0,1915.0,1300.1,2496.0,5983.0,5571.3,1324.7,515.0
2026-07-24 11:45:00,595.6,448.1,1113.5,419.4,694.6,602.6,123.2,32.6,85.9,220.9,311.0,1695.4,5050.2,3576.8,1782.2,1243.3,233.0,106.5,1440.6,1575.5,373.6,279.0,5071.3,5267.4,2435.9,703.5,4419.7,2519.3,2488.4,1809.0,1653.8,2596.4,1023.9,1474.3,979.9,1912.7,1294.8,2484.8,5961.5,5610.7,1319.6,541.1
2026-07-24 12:00:00,628.2,459.0,1095.2,415.4,696.6,684.2,151.3,37.0,94.5,203.9,325.9,1810.6,5462.3,3863.1,2014.6,1166.7,97.9,168.2,1537.4,1511.2,380.4,284.2,5076.5,5281.6,2442.7,711.6,4180.5,2359.5,2477.5,1814.4,1647.2,2650.0,1029.8,1333.8,975.7,1856.8,1290.0,2421.2,5948.2,5688.3,1249.8,576.4
2026-07-24 12:15:00,631.0,453.9,1101.5,413.8,703.9,642.5,178.6,37.0,95.3,222.0,331.2,1818.5,5500.3,3834.9,1985.3,1196.4,123.2,163.2,1535.9,1509.0,383.6,293.1,5056.3,5296.6,2445.1,712.5,4179.8,2357.1,2479.8,1814.2,1643.5,2563.7,1033.4,1344.6,973.1,1843.4,1286.9,2423.9,5927.3,5724.8,1241.7,594.8
2026-07-24 12:30:00,628.1,437.2,1102.0,404.8,704.7,574.1,182.7,36.9,95.6,230.8,332.2,1826.9,5517.8,3772.0,1954.0,1192.6,123.4,163.6,1527.5,1505.8,387.9,306.0,5035.4,5312.2,2448.4,720.8,4186.8,2355.3,2476.3,1812.5,1641.4,2570.4,1032.7,1346.3,975.1,1848.1,1283.5,2417.0,5912.5,5767.1,1233.2,614.6
2026-07-24 12:45:00,627.2,433.5,1100.2,391.4,710.7,546.2,173.5,36.8,94.4,228.1,329.8,1836.0,5567.1,3745.3,1939.2,1176.7,143.7,164.3,1572.8,1477.2,390.0,309.6,5012.5,5311.8,2458.0,720.2,4192.3,2354.4,2482.0,1811.0,1650.0,2551.8,1030.8,1365.8,972.7,1860.4,1278.8,2404.8,5895.0,5775.0,1238.5,623.5
2026-07-24 13:00:00,678.1,443.2,1096.0,384.8,708.9,522.2,133.4,53.2,71.6,230.3,410.1,1777.7,5458.2,3988.9,1919.6,1228.9,120.2,205.6,1425.8,1508.0,493.5,327.3,5012.0,5322.9,2455.0,721.8,4051.1,2341.8,2535.6,1598.2,1641.3,2553.5,1024.5,1642.7,969.3,1807.4,1301.6,2307.6,6008.1,6025.3,1221.5,647.2
2026-07-24 13:15:00,682.2,427.8,1108.6,385.2,708.5,512.6,118.1,53.1,70.7,228.7,407.3,1762.8,5498.2,3947.5,1894.4,1214.3,123.7,205.6,1461.9,1491.6,493.9,330.3,5002.6,5333.1,2457.3,723.2,4062.3,2339.7,2536.3,1596.6,1646.0,2565.2,1020.7,1651.2,970.9,1821.4,1299.1,2301.4,5990.3,6047.3,1227.2,661.2
2026-07-24 13:30:00,683.7,411.5,1112.5,390.7,717.2,498.7,118.1,53.1,70.2,224.8,404.0,1743.6,5530.2,3847.1,1893.1,1199.0,143.6,205.6,1475.5,1503.2,510.0,339.7,4993.6,5351.4,2460.6,722.5,4066.6,2339.7,2532.7,1592.6,1652.5,2525.9,1021.0,1656.4,972.5,1848.7,1299.8,2288.7,5997.8,6053.6,1232.5,673.8
2026-07-24 13:45:00,687.5,410.0,1115.4,393.8,713.3,487.0,118.1,53.0,69.2,222.9,401.1,1747.8,5554.9,3785.0,1875.9,1187.3,148.4,180.7,1482.6,1449.7,505.2,329.4,4990.2,5320.8,2459.6,723.2,4060.2,2334.4,2533.2,1591.3,1652.4,2499.4,1019.9,1654.0,970.0,1870.8,1300.3,2272.1,6002.5,6083.8,1232.6,688.3
2026-07-24 14:00:00,692.2,401.1,949.2,389.1,709.8,483.7,126.2,52.8,138.5,216.1,420.1,1924.5,5416.9,3782.0,1930.7,1180.3,168.3,156.1,1562.8,1413.4,557.8,339.2,5003.7,5304.1,2458.4,738.4,3857.9,2509.3,2536.5,1586.7,1656.3,2475.4,1028.9,1306.9,966.2,1771.9,1292.5,2177.6,6010.5,6120.0,1242.3,693.2
2026-07-24 14:15:00,689.0,366.3,971.1,384.0,713.6,481.0,126.2,52.5,137.4,221.9,417.0,1925.6,5422.8,3768.9,1923.7,1187.6,147.7,156.7,1587.6,1431.8,555.5,343.3,5004.6,5318.2,2463.1,739.1,3857.0,2509.3,2536.6,1583.4,1652.6,2468.3,1028.7,1307.7,961.6,1788.0,1293.2,2166.7,6006.0,6115.8,1244.4,700.1
2026-07-24 14:30:00,697.7,365.2,982.1,376.9,715.1,479.0,126.3,52.9,136.4,225.6,416.6,1922.6,5414.2,3742.4,1915.3,1191.1,122.0,166.8,1537.2,1462.4,551.8,357.1,5007.3,5340.3,2454.7,741.8,3855.0,2509.2,2532.3,1580.4,1648.4,2469.0,1026.2,1298.1,962.2,1797.0,1292.6,2163.1,6041.5,6137.9,1243.9,711.8
2026-07-24 14:45:00,696.2,362.1,994.7,368.9,712.5,477.1,126.2,53.3,135.2,226.2,411.3,1916.1,5411.5,3774.8,1911.9,1221.4,96.4,167.3,1528.1,1546.5,541.2,374.9,5011.9,5341.8,2455.1,742.8,3858.0,2509.2,2532.9,1577.0,1644.7,2463.7,1026.3,1298.9,961.4,1799.9,1288.7,2152.2,6060.3,6194.0,1249.4,722.1
2026-07-24 15:00:00,697.5,314.0,994.8,361.8,699.6,478.0,71.0,68.9,137.4,224.8,297.6,1901.7,5289.7,3614.6,1913.4,1178.5,70.7,174.5,1546.8,1479.6,491.9,361.6,5041.0,5278.6,2453.0,760.1,3673.3,2557.0,2537.8,1597.5,1646.8,2451.7,1085.1,1050.0,963.0,1859.0,1300.4,2103.4,5956.2,6087.4,1219.7,768.1
2026-07-24 15:15:00,695.3,331.3,1001.6,366.1,700.8,465.7,71.0,70.1,136.8,226.3,296.4,1894.2,5293.9,3624.8,1915.3,1183.1,69.4,174.5,1518.4,1609.4,485.7,366.2,5049.8,5304.5,2450.2,761.2,3668.9,2600.2,2535.9,1595.6,1642.7,2479.7,1085.5,1078.3,962.8,1861.9,1288.8,2140.0,5986.0,6092.7,1232.5,768.4
2026-07-24 15:30:00,700.5,320.0,1017.3,371.5,701.6,461.3,71.0,70.4,137.2,219.6,290.6,1879.5,5251.4,3739.2,1907.9,1215.3,18.0,187.3,1471.6,1727.8,462.9,381.9,5066.5,5305.1,2454.4,763.2,3637.5,2621.3,2529.2,1590.8,1636.0,2481.2,1081.1,1081.3,963.2,1867.6,1292.4,2131.0,5937.3,6133.2,1244.5,776.9
2026-07-24 15:45:00,704.9,305.5,1034.2,376.6,708.0,453.9,71.0,73.5,137.2,208.8,297.3,1866.0,5193.3,3735.8,1890.6,1238.7,0.0,191.0,1430.1,1810.0,463.4,387.3,5070.6,5341.2,2455.1,765.1,3628.5,2620.3,2529.3,1587.9,1635.6,2584.7,1081.1,1081.3,964.5,1861.3,1302.7,2124.7,6008.6,6139.2,1256.9,779.3
2026-07-24 16:00:00,630.5,279.5,810.2,356.9,710.7,670.8,44.0,134.1,94.4,204.4,274.1,1695.5,5081.8,3439.6,1575.9,1237.8,144.5,88.9,1316.5,1899.1,388.9,405.1,5066.0,5229.4,2445.5,779.9,3534.8,2285.3,2541.8,1600.6,1628.0,2449.9,1072.7,1030.8,974.6,1908.3,1321.3,2184.0,5965.6,6180.4,1280.9,779.4
2026-07-24 16:15:00,643.3,276.2,836.8,337.2,723.1,654.3,44.0,132.6,94.0,193.2,274.4,1674.6,5040.9,3417.4,1600.5,1255.8,143.8,83.4,1264.1,1994.2,380.6,415.7,5060.7,5222.2,2444.6,779.4,3532.6,2342.1,2544.2,1597.4,1619.5,2462.2,1069.8,1076.4,978.5,1929.8,1339.0,2182.4,6009.0,6175.5,1294.0,775.3
2026-07-24 16:30:00,645.5,263.4,652.3,329.8,731.1,633.6,44.0,118.8,94.4,173.9,287.6,1629.5,4869.5,3422.8,1653.0,1251.1,123.0,94.4,1263.3,2057.3,384.8,408.3,5066.7,5212.5,2454.8,778.9,3448.1,2395.7,2533.5,1592.3,1613.0,2470.6,1068.4,1155.7,982.6,1935.6,1362.4,2181.6,6055.9,6157.4,1303.3,766.3
2026-07-24 16:45:00,643.9,248.1,679.5,304.1,739.3,619.0,44.0,120.4,94.8,154.6,310.4,1618.8,4960.5,3388.9,1697.8,1261.4,109.2,98.4,1259.9,2124.5,387.5,408.2,5074.4,5225.9,2449.8,780.2,3439.3,2434.1,2490.4,1599.0,1616.8,2636.4,1013.5,1256.8,989.0,1933.9,1386.1,2208.7,6108.6,6141.6,1332.8,760.3
2026-07-24 17:00:00,674.7,240.1,670.4,274.7,742.1,594.1,77.0,236.6,87.1,154.7,264.6,1531.6,4840.4,2913.0,1472.0,1242.5,142.6,128.5,1290.9,2278.1,410.0,376.3,5064.2,5065.5,2400.4,768.2,3947.7,2732.0,2538.6,1822.3,1605.9,2878.5,1042.6,1496.2,999.6,2063.1,1390.7,2358.7,6133.9,6124.9,1364.6,748.7
2026-07-24 17:15:00,673.5,229.6,699.3,239.9,739.1,573.2,77.0,229.7,88.3,142.3,270.9,1514.9,4795.5,2842.6,1533.1,1280.0,143.2,130.6,1277.8,2318.5,409.6,379.2,5063.4,5062.3,2396.5,769.1,3921.3,3137.0,2497.2,1831.8,1602.4,2979.7,1039.5,1676.8,1002.8,2052.8,1406.2,2359.4,6176.3,6148.1,1394.0,737.6
2026-07-24 17:30:00,687.8,213.1,756.7,228.8,738.6,575.5,77.0,222.7,101.3,123.2,227.3,1484.3,3418.2,2814.3,1599.7,1280.1,143.8,128.0,1266.8,2512.3,408.7,520.2,5074.0,5103.3,2392.4,769.0,3899.8,3528.8,2492.2,1846.7,1600.1,3077.8,1032.0,1891.6,1002.1,2044.8,1409.9,2380.1,6223.4,6137.6,1397.9,724.1
2026-07-24 17:45:00,683.7,201.8,827.0,221.7,741.1,603.2,77.0,227.6,118.3,107.3,196.2,1503.6,3417.4,2766.9,1651.3,1270.9,124.3,128.4,1258.6,2538.3,410.2,836.5,5086.0,5232.1,2387.9,771.0,3905.7,4002.3,2496.6,1897.0,1597.6,3079.0,1029.9,2044.2,996.6,2015.6,1404.2,2399.3,6242.4,6131.8,1420.0,708.4
2026-07-24 18:00:00,688.2,173.5,894.2,241.5,743.0,493.7,42.0,172.3,106.1,85.7,269.7,1426.4,3413.7,2658.1,1380.9,1306.4,19.6,60.1,1114.9,2480.3,407.1,558.5,5099.0,5057.7,2363.7,731.4,4373.1,4468.0,2506.6,1967.8,1595.6,3127.8,1034.4,2413.6,986.4,2151.0,1424.0,2797.8,6265.0,6104.0,1429.9,689.4
2026-07-24 18:15:00,693.3,158.7,964.7,241.1,742.5,501.0,42.0,177.2,132.4,75.1,220.8,1401.8,3024.7,2584.2,1433.7,1575.1,0.0,65.5,1115.6,2484.2,414.3,874.0,5103.9,5165.5,2349.8,806.7,4417.4,4852.6,2504.8,1980.9,1592.2,3128.7,1027.6,2644.2,978.2,2120.2,1388.5,2805.7,6260.3,6111.0,1432.9,669.4
2026-07-24 18:30:00,677.1,182.1,1033.2,251.3,734.4,481.8,42.0,167.8,150.8,60.0,239.7,1376.7,3019.3,2764.2,1506.0,1799.9,0.0,69.6,1118.0,2439.7,414.3,861.4,5106.7,5235.4,2350.9,814.6,4430.6,5499.3,2497.2,1920.6,1590.4,3101.5,1004.2,2603.6,976.8,2085.4,1364.6,2826.1,6277.4,6181.4,1438.8,651.9
2026-07-24 18:45:00,685.8,150.3,1095.8,426.0,738.7,418.0,42.0,173.3,177.4,58.0,244.3,1373.6,2216.5,2503.8,1558.8,1917.6,0.0,67.8,1130.9,2395.2,418.6,854.1,5092.8,5278.8,2344.5,813.9,4433.1,5751.1,2495.7,1896.9,1589.7,3088.7,1001.9,2583.9,970.5,2046.6,1360.5,2818.0,6288.2,6215.4,1447.8,633.9
2026-07-24 19:00:00,701.5,135.5,1157.0,625.8,747.1,488.9,12.0,144.1,210.9,41.4,535.5,1319.6,3013.8,2689.7,1526.7,1749.7,155.9,7.0,1100.3,2290.8,429.7,774.1,5065.6,5265.8,2338.7,888.0,4518.9,5686.2,2522.1,1747.3,1591.0,3090.6,1011.8,3017.7,968.8,2019.9,1363.4,2888.7,6359.1,6303.7,1476.9,642.4
2026-07-24 19:15:00,697.9,131.9,1196.5,619.4,743.8,469.5,12.0,142.7,233.9,55.7,537.1,1299.7,1744.3,1676.6,1408.2,1574.7,156.7,16.3,1088.3,2240.3,414.1,770.1,5049.5,5296.3,2344.2,887.6,4525.8,5854.7,2519.3,1717.4,1592.7,3077.1,1008.4,2987.8,968.0,1983.3,1364.8,2881.6,6355.2,6424.4,1478.2,628.6
2026-07-24 19:30:00,702.2,136.2,1227.1,641.5,746.1,434.3,12.1,144.9,262.5,52.5,545.9,1310.5,1661.4,1622.8,1319.6,1405.1,157.7,15.2,1088.7,2180.5,420.6,775.6,5027.5,5321.8,2334.3,887.2,4532.4,5878.8,2512.0,1702.9,1599.6,3079.4,1005.7,2963.3,967.0,1950.2,1367.6,2874.7,6344.5,6525.8,1482.3,611.0
2026-07-24 19:45:00,703.5,137.5,1247.8,644.0,747.6,417.3,12.2,147.6,289.5,52.8,540.1,1298.7,1663.1,1793.7,1566.7,1603.0,133.5,4.3,1117.2,2149.0,400.7,777.7,5006.3,5375.5,2331.1,887.1,4531.6,6025.0,2511.9,1673.4,1593.2,3034.5,1004.5,2831.9,968.2,1925.4,1370.9,2871.4,6340.1,6557.9,1470.9,594.0
2026-07-24 20:00:00,706.8,254.8,1257.5,672.2,752.7,417.4,12.9,223.9,307.8,51.2,536.1,1397.2,1635.6,1516.3,1353.1,1541.2,166.2,21.6,1061.8,2102.1,397.9,770.8,4911.9,5422.1,2307.1,885.9,4642.4,5987.5,2531.9,1731.6,1583.4,3054.7,1003.6,2927.0,964.4,1857.3,1390.3,2813.3,6355.6,6487.8,1465.5,576.9
2026-07-24 20:15:00,708.2,246.4,1265.5,674.6,756.6,420.3,13.0,252.6,316.8,49.8,535.0,1385.6,1594.8,1676.6,1389.7,1511.4,165.7,11.5,1057.1,2078.4,399.5,771.0,4886.0,5442.1,2298.9,885.5,4640.1,5988.5,2528.8,1723.2,1581.5,3051.8,1001.8,2918.3,965.2,1843.2,1395.8,2803.3,6337.2,6505.2,1456.7,559.9
2026-07-24 20:30:00,716.2,224.2,1266.8,682.1,756.0,419.5,13.0,245.3,324.2,50.7,522.3,1370.5,1595.3,1692.4,1422.4,1509.4,165.3,11.4,1054.6,2005.6,399.3,778.4,4854.7,5464.0,2279.4,886.3,4650.6,6052.7,2522.2,1717.4,1585.2,3039.2,998.8,2842.6,961.2,1833.9,1403.5,2789.5,6315.3,6485.5,1455.8,569.2
2026-07-24 20:45:00,721.3,254.4,1263.6,687.9,759.6,414.9,12.9,248.1,332.8,49.8,520.2,1368.2,1639.7,1625.5,1452.7,1513.9,139.9,11.2,1055.1,1963.6,401.7,786.3,4819.6,5492.3,2275.7,886.3,4653.4,6063.2,2521.4,1704.5,1583.9,3022.9,998.3,2839.2,961.1,1829.0,1420.4,2777.3,6295.6,6450.0,1448.9,549.8
2026-07-24 21:00:00,713.9,226.9,1249.0,697.5,748.2,417.0,12.0,217.6,344.6,66.0,519.1,1360.8,1613.3,1656.7,1578.2,1506.1,139.5,13.9,1032.1,1897.1,388.3,805.0,4864.7,5714.0,2247.4,926.3,4609.4,6100.3,2539.6,1808.5,1572.9,3104.2,990.7,2767.1,955.9,1711.8,1368.2,2567.6,6276.8,6452.0,1460.6,529.5
2026-07-24 21:15:00,720.7,225.7,1239.1,687.0,748.9,416.3,12.0,217.1,345.8,64.5,505.4,1367.7,1522.9,1645.6,1629.5,1488.4,139.8,23.8,1017.5,1845.4,389.2,809.0,4889.9,5750.6,2240.4,927.0,4603.8,6075.2,2541.7,1807.7,1573.0,3102.7,987.9,2767.2,954.1,1708.6,1370.7,2562.7,6263.5,6414.2,1441.1,523.6
2026-07-24 21:30:00,714.2,219.2,1224.1,683.9,746.0,418.0,12.0,220.4,345.5,59.5,500.4,1369.1,1524.4,1594.5,1667.4,1455.1,140.1,24.0,1018.8,1789.1,389.2,799.9,4881.1,5784.3,2228.3,927.8,4608.4,6062.7,2536.9,1800.5,1577.9,3100.4,983.9,2755.0,950.8,1702.9,1387.0,2559.6,6229.9,6380.8,1440.0,515.9
2026-07-24 21:45:00,708.4,213.4,1203.3,679.5,735.0,417.5,12.0,225.9,342.9,56.7,493.7,1372.2,1528.5,1458.7,1669.9,1424.4,140.4,24.0,1019.1,1748.3,389.3,809.2,4855.5,5796.4,2223.9,928.7,4604.7,6009.5,2534.9,1786.8,1581.5,3095.2,982.5,2784.4,946.9,1694.8,1397.3,2548.6,6209.6,6363.6,1435.0,510.1
2026-07-24 22:00:00,694.0,194.8,1175.9,663.6,717.5,389.5,15.0,173.6,341.5,51.1,468.2,1269.7,1374.4,1555.2,1535.0,1494.3,211.0,16.0,993.5,1612.3,384.4,817.0,4813.4,5871.0,2226.4,869.9,4693.1,6054.1,2567.2,1705.5,1556.5,2998.2,972.1,2848.5,939.2,1728.7,1359.0,2527.9,6144.2,6371.9,1436.0,506.5
2026-07-24 22:15:00,685.8,191.0,1146.1,659.0,700.4,380.2,15.0,173.8,336.6,44.7,474.3,1291.7,1365.2,1359.5,1493.8,1459.4,210.3,16.3,989.9,1572.7,383.4,813.9,4768.1,5874.0,2226.4,866.4,4685.0,6022.6,2562.1,1674.4,1566.5,2984.2,972.6,2893.1,935.6,1716.0,1360.4,2527.2,6115.5,6291.3,1421.9,500.9
2026-07-24 22:30:00,673.3,146.8,1117.5,659.8,688.2,378.5,15.0,173.6,334.0,40.6,481.2,1288.0,1353.0,1326.1,1460.9,1448.8,189.7,16.7,988.2,1542.9,382.1,813.1,4737.8,5847.6,2204.3,864.2,4686.7,5839.8,2556.6,1671.6,1551.4,2985.4,968.9,3052.1,934.1,1701.5,1413.2,2510.6,6081.6,6256.1,1415.8,499.2
2026-07-24 22:45:00,666.2,190.8,1084.9,464.5,670.3,382.1,15.0,171.3,326.8,41.2,480.9,1300.5,1341.9,1266.5,1436.8,1445.8,189.2,17.1,984.9,1525.3,380.3,812.7,4690.6,5857.3,2192.0,863.6,4673.1,6062.0,2554.8,1655.7,1549.3,2936.1,966.9,2811.5,929.2,1685.7,1411.1,2477.4,6053.6,6270.6,1383.9,499.6
2026-07-24 23:00:00,658.8,172.8,1034.0,277.0,652.0,392.3,8.0,113.1,319.1,32.1,488.7,1288.9,1171.8,1246.4,1418.3,1452.8,90.6,59.8,958.3,1497.9,381.3,823.1,4548.9,5859.6,2155.3,875.0,4661.8,6092.1,2632.8,1819.1,1535.1,3024.0,950.8,2802.6,927.8,1575.4,1387.5,2300.8,5966.1,6194.7,1345.4,522.0
2026-07-24 23:15:00,652.2,166.2,1013.4,281.3,638.7,390.8,8.0,110.5,314.1,32.3,472.0,1301.7,1189.0,1172.5,1391.4,1451.7,70.0,60.0,951.9,1471.5,368.0,831.7,4500.2,5829.1,2124.0,874.7,4646.8,5944.0,2628.6,1830.0,1528.9,3016.1,948.3,2811.6,925.9,1557.7,1376.6,2289.9,5902.8,6160.6,1320.4,525.6
2026-07-24 23:30:00,643.5,157.5,989.4,243.7,628.1,380.4,8.0,110.7,309.0,33.8,476.3,1304.2,1203.8,1211.8,1356.7,1450.0,64.4,60.6,947.0,1471.1,366.0,836.5,4468.3,5763.1,2108.0,872.2,4638.1,5886.4,2617.9,1808.3,1527.6,3015.0,944.5,2851.8,920.7,1540.8,1357.3,2292.4,5836.8,6074.3,1302.1,529.4
2026-07-24 23:45:00,648.3,154.3,967.0,241.3,620.1,381.4,8.0,111.3,298.4,31.6,458.4,1304.9,1636.4,1625.9,1338.2,1450.1,63.8,60.9,955.6,1437.2,364.2,850.3,4455.4,5750.5,2077.2,870.3,4624.9,5789.7,2618.0,1807.6,1526.1,3017.0,941.1,2904.6,915.0,1525.8,1337.1,2267.6,5773.1,5983.2,1295.7,530.1
2026-07-25 00:00:00,632.6,171.6,942.2,448.0,620.9,271.7,5.0,51.2,311.1,19.3,172.5,1362.6,1060.6,1574.2,745.7,933.9,99.4,55.0,928.1,1411.4,358.6,804.2,4334.7,6038.8,2029.2,879.3,4232.1,5457.4,2521.7,1697.5,1474.2,2939.3,906.4,2757.9,910.4,1190.5,1306.8,2096.2,5756.3,5699.7,1253.8,504.4
2026-07-25 00:15:00,626.8,173.7,928.0,444.1,618.3,271.7,5.0,51.3,306.1,16.3,155.5,1355.3,1577.3,2148.2,932.5,1127.3,99.4,54.9,925.4,1383.5,358.1,779.9,4329.1,6039.9,2009.2,878.9,4225.3,5312.1,2516.4,1726.3,1469.5,2864.3,898.8,2850.5,905.8,1184.7,1302.4,2097.5,5707.0,5655.3,1238.4,496.1
2026-07-25 00:30:00,639.3,139.5,913.8,452.6,622.5,272.2,5.1,50.6,299.9,16.3,128.7,1336.3,2561.8,2237.8,1141.6,1340.5,99.4,54.7,920.1,1364.3,357.5,772.5,4428.5,6108.6,1976.0,878.5,4205.4,5282.4,2505.5,1724.9,1468.6,2840.8,892.4,2816.1,903.3,1178.8,1297.5,2097.2,5660.0,5676.4,1224.9,486.6
2026-07-25 00:45:00,631.5,139.9,902.7,453.1,626.2,273.2,5.0,50.0,296.2,16.3,137.8,1335.1,2552.4,2190.6,1308.4,1489.5,99.4,54.8,925.6,1356.2,357.4,759.7,4407.7,6089.6,1950.0,878.9,4199.1,5137.5,2506.6,1772.4,1469.8,2798.4,887.2,2895.7,897.7,1171.4,1292.3,2094.8,5634.4,5632.8,1211.6,498.6
2026-07-25 01:00:00,630.7,156.7,891.1,464.8,630.1,274.5,5.0,49.1,325.2,34.5,98.0,1369.9,1501.3,2137.3,1358.3,1646.3,93.0,55.1,887.3,1369.1,352.6,755.0,4476.8,6010.6,1902.6,864.8,4225.7,5237.5,2498.4,1900.7,1441.2,2751.2,885.1,2792.2,891.0,1148.0,1292.8,2133.8,5574.3,5643.2,1176.2,516.9
2026-07-25 01:15:00,634.9,140.9,882.5,488.1,616.9,274.7,5.0,48.9,319.2,30.5,95.8,1355.2,1493.4,1563.2,1345.4,1611.3,93.0,54.8,886.9,1347.9,350.5,740.0,4453.9,5984.3,1879.6,864.6,4218.6,5194.9,2491.9,1911.4,1439.0,2708.3,879.7,2790.3,887.9,1138.8,1289.4,2130.6,5538.2,5635.7,1168.5,515.8
2026-07-25 01:30:00,632.0,142.1,865.8,511.1,614.8,275.4,5.0,48.7,323.5,35.7,94.1,1365.1,2452.9,1491.5,1336.5,1637.3,93.0,54.5,880.4,1357.1,348.4,734.5,4435.6,5986.0,1855.7,864.3,4213.0,5162.4,2488.3,1922.7,1436.3,2671.2,876.5,2783.2,883.5,1129.6,1288.3,2131.9,5495.8,5566.2,1155.2,510.5
2026-07-25 01:45:00,628.1,142.4,848.2,533.1,608.6,276.0,5.0,49.8,319.2,36.3,77.0,1360.2,2458.7,1472.8,1332.3,1642.0,93.0,54.4,877.6,1344.6,346.1,728.9,4418.6,5979.3,1831.5,864.2,4205.2,5141.4,2479.1,1920.2,1450.9,2593.1,872.7,2766.7,881.2,1119.3,1285.0,2134.5,5459.3,5562.0,1145.2,507.4
2026-07-25 02:00:00,625.8,143.5,838.7,561.3,608.6,276.7,2.1,76.8,317.0,23.5,90.4,1386.4,2320.5,2066.8,1316.7,1653.6,136.9,33.0,881.6,1332.2,347.4,761.2,4459.6,6012.8,1795.9,783.0,4219.0,5221.0,2465.4,1937.3,1420.1,2619.7,858.9,2757.8,877.9,1116.1,1281.8,2170.4,5460.2,5454.6,1144.7,503.6
2026-07-25 02:15:00,621.3,144.0,832.6,581.9,605.2,277.2,2.0,76.9,310.5,21.9,84.8,1377.4,2316.8,2034.3,1304.9,1651.3,136.9,32.5,855.0,1310.3,334.4,760.4,4380.4,5940.4,1781.9,785.1,4214.0,5204.1,2462.5,1935.8,1417.7,2571.9,856.4,2751.1,876.0,1105.8,1280.4,2176.0,5446.8,5451.6,1142.3,504.0
2026-07-25 02:30:00,621.6,144.2,824.5,605.8,599.6,270.8,2.0,78.0,309.9,22.8,79.6,1366.1,2321.3,1401.7,1296.0,1661.5,137.0,32.1,852.8,1319.9,332.0,763.3,4370.8,5951.2,1768.6,787.0,4204.0,5184.4,2456.5,1928.8,1417.6,2541.2,854.1,2744.1,874.0,1095.5,1280.1,2182.8,5453.9,5445.9,1132.7,505.8
2026-07-25 02:45:00,612.6,145.0,817.1,628.7,595.1,271.5,2.1,79.0,307.9,22.2,79.2,1365.2,2336.6,1409.9,1288.6,1657.7,136.9,31.6,849.6,1324.8,329.3,770.1,4420.6,6022.1,1754.6,789.2,4199.9,5171.3,2451.4,1924.1,1417.4,2483.2,865.5,2748.2,873.6,1084.6,1278.2,2161.3,5416.5,5441.4,1123.6,502.1
2026-07-25 03:00:00,626.3,145.3,817.9,453.8,592.5,278.7,2.0,75.6,304.2,14.0,107.4,1324.3,2295.8,1326.2,1285.5,1655.6,101.8,32.6,832.7,1293.1,320.7,767.7,4333.8,5959.1,1729.7,686.0,4135.1,5173.0,2451.3,1906.3,1402.3,2668.8,840.1,2743.3,872.7,1079.8,1276.8,2212.2,5353.3,5400.0,1122.0,497.0
2026-07-25 03:15:00,595.8,146.5,812.5,465.1,585.9,280.2,2.0,75.2,290.2,17.5,88.6,1322.7,2294.1,1323.0,1279.4,1662.5,101.7,31.8,831.5,1295.7,318.4,773.4,4326.4,5931.9,1717.6,686.1,4118.9,5143.5,2450.5,1903.0,1406.5,2627.6,836.7,2741.7,867.0,1070.3,1274.7,2217.7,5327.7,5391.3,1112.0,492.7
2026-07-25 03:30:00,595.5,148.0,799.2,467.3,579.5,282.6,2.0,74.2,303.0,17.7,88.4,1323.6,2317.8,1306.3,1272.4,1673.1,101.8,31.1,835.8,1294.8,316.1,778.3,4320.0,5991.7,1706.8,686.2,4111.7,5131.5,2445.7,1897.8,1399.8,2547.8,833.3,2731.8,867.5,1062.3,1273.5,2223.3,5298.5,5382.7,1112.4,489.1
2026-07-25 03:45:00,591.7,149.8,789.7,478.2,580.2,279.7,2.0,74.3,300.6,17.2,79.0,1322.8,2315.8,1308.3,1268.3,1671.9,101.7,30.5,845.0,1278.1,314.1,786.0,4316.8,5996.8,1695.7,685.4,4113.2,5131.3,2442.7,1881.5,1394.5,2511.6,831.3,2729.3,865.1,1057.6,1271.4,2212.4,5263.0,5379.5,1104.8,484.6
2026-07-25 04:00:00,594.2,152.3,783.6,522.2,575.8,198.8,2.0,83.5,300.4,5.7,112.9,1345.1,2209.5,1360.7,1253.6,1654.1,99.5,52.6,835.7,1269.8,320.9,808.1,4363.5,5941.4,1661.8,695.4,3933.4,4992.4,2436.0,1820.8,1387.5,2668.4,821.5,2581.7,859.4,1065.1,1271.4,2210.2,5228.9,5307.7,1113.0,475.6
2026-07-25 04:15:00,585.6,154.9,778.3,526.1,573.0,205.3,2.0,83.5,308.6,5.1,100.8,1344.7,2212.1,1362.1,1253.0,1649.1,99.5,52.3,833.7,1267.5,309.7,815.6,4355.7,5924.0,1652.8,696.5,3927.3,4983.6,2434.2,1820.4,1386.1,2625.5,837.9,2591.2,857.5,1051.3,1269.8,2218.1,5196.1,5299.6,1105.8,473.7
2026-07-25 04:30:00,575.5,157.5,765.4,524.0,570.5,215.8,2.1,83.1,306.2,5.5,77.9,1344.4,2225.6,1358.9,1252.7,1645.3,99.5,52.1,832.4,1270.0,308.4,816.2,4270.0,5888.9,1646.7,698.5,3923.2,4969.4,2431.8,1819.1,1385.6,2546.8,835.4,2590.7,859.2,1031.1,1266.6,2229.4,5167.5,5289.6,1091.5,466.9
2026-07-25 04:45:00,568.3,160.8,754.7,527.8,571.3,223.5,2.0,83.9,308.6,5.9,71.3,1344.5,2206.3,1389.5,1252.6,1648.7,99.5,51.9,844.1,1274.4,312.1,840.0,4279.9,5902.8,1640.7,700.2,3919.3,4926.6,2431.6,1818.5,1372.5,2503.9,831.7,2587.0,856.4,1003.0,1261.6,2239.2,5144.9,5279.9,1083.5,459.1
2026-07-25 05:00:00,580.9,169.2,757.2,544.6,562.4,232.4,2.0,79.5,309.2,1.0,96.4,1363.1,2274.8,1474.0,1261.2,1634.7,64.3,30.6,853.2,1224.9,331.7,811.9,4245.1,5989.9,1633.2,713.6,3852.3,4691.1,2431.7,1753.7,1378.2,2460.9,809.2,2563.5,858.0,969.2,1257.9,2288.0,5108.2,5247.2,1066.2,442.1
2026-07-25 05:15:00,561.6,175.8,754.2,548.0,567.9,242.3,2.0,79.4,312.2,1.0,71.5,1363.0,2273.1,1460.9,1261.7,1631.5,64.4,30.6,853.1,1236.4,323.0,827.2,4256.2,5977.3,1630.7,714.4,3850.6,4622.9,2430.1,1758.0,1379.7,2447.0,807.0,2551.7,859.1,944.3,1258.1,2301.1,5093.6,5244.1,1059.1,435.2
2026-07-25 05:30:00,553.1,185.1,751.2,550.3,564.2,254.0,2.0,79.6,313.8,1.0,63.6,1364.0,2274.1,1464.9,1247.0,1626.3,64.4,30.5,851.7,1248.5,324.4,846.9,4313.2,6049.0,1641.0,716.3,3846.6,4594.4,2428.8,1761.5,1379.3,2465.5,804.9,2485.2,860.0,929.1,1263.7,2314.7,5092.5,5229.2,1049.3,428.1
2026-07-25 05:45:00,548.9,232.9,743.7,550.0,544.8,270.4,2.0,80.2,313.5,1.0,67.2,1365.0,2268.7,1541.2,1248.2,1635.4,64.3,30.4,850.3,1263.9,323.6,826.2,4276.3,6050.8,1649.4,718.0,3844.5,4577.9,2433.2,1764.3,1389.3,2397.4,804.1,2435.5,874.1,926.5,1273.9,2324.8,5099.4,5219.9,1051.9,422.6
2026-07-25 06:00:00,550.8,248.9,742.9,557.9,548.4,299.1,1.0,72.3,310.4,16.9,54.6,1354.5,2378.0,1597.0,1259.6,1667.6,100.3,21.3,892.5,1271.0,322.0,692.9,4258.0,5947.1,1664.4,737.4,3753.9,4406.9,2421.0,1697.2,1392.4,2645.5,812.9,2333.9,877.6,968.5,1212.1,2278.4,5141.4,5264.6,1059.9,387.7
2026-07-25 06:15:00,544.2,304.0,714.7,536.4,550.3,322.6,1.0,73.3,303.6,13.5,43.5,1358.1,2385.1,1621.4,1250.9,1642.8,100.9,21.3,889.4,1288.4,316.6,680.4,4247.3,5895.1,1669.1,736.7,3745.4,4216.8,2424.3,1706.7,1390.3,2651.8,812.7,2426.2,895.6,967.1,1219.4,2281.6,5145.8,5232.6,1064.5,385.6
2026-07-25 06:30:00,536.8,339.3,682.8,537.3,556.3,337.6,1.0,72.6,299.0,13.4,50.7,1360.2,2381.5,1685.2,1232.0,1639.9,101.3,21.2,889.3,1310.4,312.5,593.0,4272.0,5901.0,1681.9,734.1,3751.2,3939.1,2427.8,1713.9,1393.8,2619.0,814.9,2193.8,897.5,965.8,1219.7,2284.3,5150.9,5255.1,1076.8,379.5
2026-07-25 06:45:00,532.8,358.1,659.6,541.4,564.5,364.2,1.0,72.6,295.1,13.8,57.4,1362.4,2388.0,1788.6,1216.5,1665.3,146.8,20.9,891.5,1335.0,320.5,454.8,4287.5,5901.6,1698.0,732.9,3752.9,3359.5,2438.5,1705.5,1394.9,2616.2,826.7,2140.9,897.2,964.6,1210.4,2282.8,5165.0,5212.9,1083.5,379.3
2026-07-25 07:00:00,546.1,378.9,617.2,536.3,572.8,283.1,17.0,27.9,265.6,16.7,46.8,1384.2,2461.8,1920.9,1365.8,1668.0,72.9,56.3,865.4,1409.7,302.2,646.9,4314.8,5859.1,1722.6,837.5,3582.3,3726.0,2414.5,1475.3,1406.2,2795.6,839.3,2118.5,901.4,1027.1,1200.9,2179.2,5227.1,5263.5,1072.4,382.9
2026-07-25 07:15:00,544.3,399.2,585.7,543.6,582.6,276.1,17.1,28.1,255.3,20.2,45.4,1388.8,2471.7,1969.8,1343.7,1684.4,74.0,56.0,878.6,1409.4,310.4,500.5,4337.8,5883.8,1742.8,807.7,3578.6,3209.2,2418.6,1460.9,1408.0,2783.3,841.6,2018.5,905.3,1027.4,1192.0,2168.0,5252.4,5275.6,1082.3,392.4
2026-07-25 07:30:00,537.3,422.8,558.4,563.2,585.5,292.4,17.0,28.7,237.0,25.9,66.4,1393.1,2462.3,2047.9,1318.8,1455.9,120.2,55.5,880.9,1252.8,316.2,519.8,4363.5,5886.9,1754.9,806.3,3599.9,2890.0,2430.3,1439.7,1412.1,2768.1,846.3,1721.0,908.2,1027.7,1191.5,2168.4,5292.5,5284.3,1089.9,399.6
2026-07-25 07:45:00,527.2,449.3,542.4,578.0,589.5,312.5,17.0,42.7,205.6,34.1,73.3,1403.6,3258.9,2144.0,1274.8,1126.4,121.2,28.3,904.6,1295.1,328.9,537.2,4382.3,5881.6,1774.5,806.4,3590.6,2862.1,2444.0,1432.8,1420.1,2791.0,851.7,1503.8,913.4,1028.4,1198.9,2174.7,5376.1,5300.4,1115.4,407.8
2026-07-25 08:00:00,514.7,467.4,507.3,563.7,609.6,343.1,53.0,54.7,176.5,46.9,82.9,1430.7,2986.3,2409.5,1452.2,1058.9,131.5,67.9,939.8,1538.9,374.6,533.6,4449.1,5835.5,1828.7,826.4,3397.3,2735.5,2431.4,1386.7,1444.6,2706.9,846.9,1886.9,918.5,1027.7,1219.7,2150.1,5377.8,5380.5,1118.6,473.4
2026-07-25 08:15:00,504.9,496.3,492.0,602.8,616.3,375.1,53.0,58.0,145.3,49.8,88.6,1404.4,3757.5,2440.6,1400.6,1070.7,151.5,67.9,938.2,1377.3,374.2,536.0,4462.8,5820.0,1855.6,802.4,3395.2,2536.8,2486.4,1373.0,1446.5,2727.2,843.7,1503.3,921.7,1030.1,1230.2,2174.4,5438.7,5355.6,1131.7,484.5
2026-07-25 08:30:00,494.6,520.7,469.7,639.0,620.1,397.2,53.1,75.2,127.7,66.3,114.4,1415.4,3753.0,2436.3,1385.0,1103.5,131.6,67.9,951.5,1420.3,387.5,547.5,4478.7,5799.0,1875.8,802.8,3398.4,2202.3,2491.2,1350.8,1449.4,2711.2,854.3,1263.3,926.6,1032.7,1233.3,2183.4,5488.9,5366.0,1139.3,490.3
2026-07-25 08:45:00,490.0,549.6,447.3,670.8,624.2,434.3,53.1,79.8,113.3,83.2,154.8,1427.7,3736.1,2506.1,1462.6,1132.4,136.6,67.9,978.4,1397.8,407.3,551.9,4494.2,5772.4,1904.5,801.5,3474.2,2034.2,2502.3,1336.6,1451.9,2714.8,861.8,1210.7,929.5,1035.6,1232.4,2201.9,5544.6,5319.1,1159.6,513.3
2026-07-25 09:00:00,494.1,592.4,437.5,681.2,630.5,479.8,99.4,102.0,130.9,107.1,266.8,1473.7,3973.1,2801.2,1672.8,1194.8,142.8,197.5,1122.4,1316.1,428.1,548.9,4630.8,5674.0,1965.8,667.5,3438.8,2171.6,2476.8,1316.8,1471.8,2528.9,1114.3,1216.4,937.7,950.5,1237.7,2221.3,5627.7,5345.7,1153.1,480.6
2026-07-25 09:15:00,497.0,493.5,419.1,638.6,638.1,459.8,99.3,98.8,139.0,149.4,281.9,1497.1,3956.6,2879.8,1628.6,1174.1,211.6,165.4,1197.2,1252.3,453.7,529.3,4719.7,5578.2,1996.9,669.9,3543.8,2180.2,2480.5,1304.3,1477.4,2316.4,1118.2,1295.8,943.2,954.1,1238.3,2187.3,5676.2,5302.3,1163.1,485.2
2026-07-25 09:30:00,494.8,512.5,403.7,666.0,635.6,390.8,99.5,99.8,136.5,192.5,289.2,1523.6,4034.2,2937.4,1566.8,1195.7,215.5,140.4,1238.2,807.5,450.8,187.9,4760.8,5460.5,2010.9,672.0,3564.8,2191.2,2483.7,1302.9,1492.9,2342.4,1125.6,1307.0,943.5,958.0,1237.6,2209.7,5723.0,5278.3,1170.3,471.3
2026-07-25 09:45:00,490.8,555.1,382.3,696.6,639.7,411.3,111.3,98.4,129.3,238.0,285.5,1539.5,4191.0,2839.3,1522.1,1167.1,214.3,140.4,1303.6,811.4,496.9,138.3,4770.3,5431.3,2044.3,674.1,3567.0,2202.8,2494.2,1298.7,1495.6,2380.5,1129.3,1315.2,945.7,963.1,1239.7,2230.2,5776.8,5292.7,1177.2,481.5
2026-07-25 10:00:00,551.6,495.8,366.6,711.8,643.8,413.9,159.2,85.9,76.3,273.0,297.5,1508.2,4439.3,3080.3,1500.9,1186.4,167.8,58.9,1279.4,817.0,486.7,116.9,4832.3,5442.3,2091.0,656.3,3471.9,1848.3,2519.8,1289.2,1508.1,2502.7,1151.2,1303.4,940.4,661.0,1261.3,2055.4,5884.2,5324.4,1211.4,487.3
2026-07-25 10:15:00,572.1,503.1,356.6,737.7,644.7,354.2,157.9,76.7,74.0,263.8,310.1,1481.7,4929.3,3056.6,1439.4,1165.6,167.2,58.9,1312.6,715.7,488.4,124.0,4844.1,5449.7,2115.2,659.5,3476.6,1875.2,2526.4,1283.7,1516.0,2535.0,1153.8,1304.0,938.9,665.7,1258.2,2083.3,5919.4,5347.4,1217.7,498.4
2026-07-25 10:30:00,571.7,502.8,572.2,762.3,642.2,427.8,153.3,75.5,73.2,300.6,301.8,1474.7,4942.5,2681.0,1361.2,1205.8,166.7,58.9,1303.5,382.0,489.8,128.9,4843.6,5461.0,2126.4,661.7,3486.9,1888.3,2527.9,1280.8,1511.9,2545.9,1154.9,1304.1,937.2,671.0,1234.6,2115.3,5944.9,5373.0,1222.4,535.8
2026-07-25 10:45:00,568.7,516.1,562.5,787.2,639.5,350.2,144.8,75.1,72.4,332.3,309.7,1327.0,4995.3,2521.9,1309.6,1229.1,186.1,61.5,1360.7,234.9,487.4,129.7,4845.3,5472.6,2145.4,664.6,3490.8,1888.3,2532.8,1276.9,1513.1,2562.1,1155.7,1313.9,940.1,676.0,1242.3,2136.6,5962.2,5384.5,1222.7,529.0
2026-07-25 11:00:00,536.9,557.5,817.9,802.5,636.5,334.6,207.2,38.3,67.3,352.8,285.3,1369.5,4963.8,2151.4,1220.2,1357.4,193.0,55.8,1399.1,235.8,532.4,141.5,4914.8,5420.4,2175.3,674.6,3504.7,1859.6,2571.1,1319.1,1512.5,2403.8,1171.0,1374.0,939.3,618.5,1228.1,2095.4,5962.9,5377.5,1186.9,544.3
2026-07-25 11:15:00,537.9,549.5,817.4,816.7,634.8,336.9,210.5,38.8,66.1,382.4,287.1,1383.8,4994.6,2150.0,1161.8,1385.2,212.8,55.8,1401.0,243.6,530.0,149.0,4972.3,5388.6,2197.8,679.6,3509.8,1884.5,2570.9,1316.5,1514.0,2416.3,1162.7,1362.1,937.8,623.0,1214.9,2119.4,5972.9,5389.4,1158.6,558.6
2026-07-25 11:30:00,544.2,550.8,816.5,831.3,633.7,341.1,208.2,43.1,65.7,399.4,293.7,1400.8,4995.1,2149.1,1123.3,1283.2,212.6,55.8,1400.1,251.0,532.3,148.6,4966.2,5374.5,2206.2,683.8,3514.9,1914.1,2568.6,1314.2,1513.7,2420.0,1163.7,1347.4,936.9,626.3,1205.6,2144.3,5985.9,5402.1,1161.5,572.5
2026-07-25 11:45:00,513.9,546.1,818.1,844.5,635.9,345.0,223.7,48.9,64.9,406.5,296.7,1404.5,5008.3,2183.4,1102.6,1297.4,212.3,55.8,1436.4,256.3,537.3,151.8,4960.9,5352.1,2211.1,689.0,3519.8,1944.8,2570.1,1311.7,1515.9,2429.4,1165.9,1333.9,935.8,629.6,1220.8,2140.4,5993.0,5408.0,1159.0,561.8
2026-07-25 12:00:00,499.7,556.0,1057.6,856.7,639.7,346.9,206.1,54.0,54.8,417.6,477.3,1433.2,5136.0,2307.8,1134.8,1294.8,167.4,41.2,1478.4,262.5,627.7,161.2,4981.9,5348.1,2234.7,837.9,3592.5,2034.5,2576.6,1286.4,1502.4,2447.6,1171.1,1136.7,910.4,610.9,1186.5,1876.2,6000.6,5474.8,1148.4,609.6
2026-07-25 12:15:00,504.5,557.9,1058.5,862.1,643.3,346.8,197.6,49.6,54.4,427.1,480.0,1435.8,5148.1,2323.8,1110.5,1329.4,187.2,41.2,1476.0,267.0,624.3,163.2,5019.6,5337.4,2241.4,842.6,3581.9,2020.3,2577.6,1288.0,1501.1,2440.9,1171.6,1137.5,910.8,618.6,1183.3,1904.6,6006.5,5486.0,1154.3,621.4
2026-07-25 12:30:00,518.7,550.1,1060.3,870.9,642.6,342.7,203.4,50.9,54.0,440.8,491.5,1440.4,5180.7,2323.6,1115.0,1314.5,187.0,41.2,1479.0,271.8,619.1,163.4,5019.2,5319.8,2245.7,847.1,3584.5,2017.8,2572.2,1290.0,1500.9,2433.9,1170.3,1135.4,909.5,622.5,1180.6,1911.3,6020.9,5495.3,1141.5,612.8
2026-07-25 12:45:00,518.1,547.8,1065.0,877.5,642.8,340.3,190.9,51.2,54.0,391.5,490.1,1439.9,5203.7,2232.8,1102.9,1210.2,186.8,41.2,1492.1,296.4,616.2,164.9,5016.5,5313.9,2259.1,850.8,3588.8,2022.6,2576.2,1298.6,1507.4,2415.6,1166.4,1145.8,911.3,632.3,1226.6,1933.0,6033.9,5486.9,1131.9,615.3
2026-07-25 13:00:00,518.6,528.6,1102.5,881.8,653.9,327.5,204.0,50.7,54.2,424.7,409.5,1390.8,5195.4,2274.4,1066.8,1173.0,234.8,42.4,1488.1,317.5,614.8,169.7,5015.1,5309.5,2260.1,890.6,3591.9,2124.1,2596.6,1318.5,1496.1,2394.2,1164.9,1104.0,915.0,602.1,1222.7,1897.3,6147.1,5575.1,1118.7,597.9
2026-07-25 13:15:00,520.2,523.8,1109.8,876.9,655.2,314.6,219.8,48.4,54.2,385.6,407.9,1390.8,5238.5,2291.2,1056.6,1163.5,234.1,42.4,1497.1,321.7,615.4,167.0,5019.3,5315.5,2274.2,892.5,3593.2,2120.0,2597.1,1322.1,1495.3,2378.8,1166.9,1111.2,912.1,611.9,1221.1,1900.4,6161.3,5587.6,1105.8,596.5
2026-07-25 13:30:00,527.1,515.8,1115.4,870.6,654.5,297.5,206.7,48.3,53.8,341.2,401.5,1390.5,5219.1,2296.4,1048.1,1142.3,233.5,42.4,1498.4,325.3,619.5,165.0,5021.4,5295.8,2282.6,895.5,3595.8,2113.2,2592.7,1323.9,1496.9,2366.7,1166.9,1110.5,912.3,621.4,1219.4,1924.9,6167.2,5601.7,1107.2,596.2
2026-07-25 13:45:00,530.5,512.6,1126.9,866.5,654.1,275.9,221.7,48.1,54.2,332.9,396.5,1393.6,5206.5,2302.1,1022.4,1143.7,232.8,42.4,1506.9,322.4,626.0,164.2,5018.2,5269.4,2285.8,898.8,3589.8,1924.0,2594.9,1327.1,1499.8,2365.8,1164.0,1109.8,912.7,630.2,1218.1,1940.4,6176.7,5612.3,1096.5,592.0
2026-07-25 14:00:00,538.8,480.4,1130.9,858.6,648.3,247.5,205.4,48.8,54.4,409.2,387.9,1422.0,5142.2,2298.8,1044.3,1147.7,201.5,39.6,1581.4,328.1,608.4,137.3,5047.9,5364.8,2298.5,883.4,3452.1,2280.3,2572.2,1345.9,1497.7,2416.2,1165.7,1101.4,914.8,631.8,1208.8,1846.2,6180.1,5638.5,1050.6,600.5
2026-07-25 14:15:00,546.3,500.6,1147.5,840.2,653.0,238.8,225.7,48.5,54.0,400.0,379.9,1424.2,5156.0,2272.9,1044.7,1163.9,182.0,39.7,1573.8,303.9,610.2,134.0,5057.4,5369.7,2300.4,883.7,3454.6,2276.9,2574.2,1348.8,1503.9,2422.2,1163.3,1101.8,912.2,646.9,1209.9,1864.9,6193.2,5635.2,1046.7,590.2
2026-07-25 14:30:00,548.9,498.7,1162.5,818.5,652.3,230.1,231.3,48.3,54.4,389.9,379.3,1419.0,5108.1,2310.2,1041.8,1163.8,182.6,39.6,1545.9,315.5,609.7,144.7,5066.1,5370.2,2301.9,885.7,3452.9,2276.0,2571.1,1350.5,1498.0,2412.9,1158.5,1091.5,912.5,656.4,1212.1,1868.8,6167.0,5636.5,1050.5,603.5
2026-07-25 14:45:00,548.0,463.9,1177.7,793.7,655.1,223.4,220.9,47.9,54.8,388.2,377.8,1420.7,5046.0,2349.0,1035.3,1253.6,183.2,39.6,1549.4,320.4,603.7,144.8,5078.2,5382.5,2305.2,887.6,3454.9,2311.3,2574.2,1352.2,1497.4,2416.5,1161.4,1091.9,912.8,676.5,1214.2,1895.4,6170.4,5654.1,1067.7,586.9
2026-07-25 15:00:00,600.6,422.5,1116.5,760.5,636.8,306.0,162.8,23.4,53.2,283.6,286.3,1437.6,5031.4,2423.3,1024.5,1218.1,147.0,39.2,1353.9,376.6,579.5,144.7,5086.5,5467.9,2314.5,835.3,3625.7,2041.4,2537.6,1290.0,1495.2,2563.2,1157.7,1164.9,915.8,715.2,1206.7,1999.6,6079.3,5556.0,1065.1,625.4
2026-07-25 15:15:00,638.2,408.8,1142.6,721.3,642.2,296.0,162.2,22.9,53.6,276.0,284.2,1432.7,5007.0,2463.8,1046.7,1218.3,126.7,39.2,1307.2,382.5,568.6,143.1,5101.9,5474.8,2320.7,836.6,3619.5,2030.3,2539.8,1294.3,1496.3,2584.4,1153.9,1163.0,919.1,721.9,1211.3,2090.9,6056.0,5586.7,1077.8,617.1
2026-07-25 15:30:00,653.1,409.9,1165.7,677.2,647.3,282.6,161.3,22.2,55.2,268.1,278.7,1425.0,4992.1,2551.6,1054.3,1362.7,152.2,39.2,1300.0,378.3,568.7,145.4,5113.5,5482.9,2321.4,836.8,3622.8,2030.3,2537.4,1297.1,1492.7,2593.7,1156.4,1164.4,918.9,724.9,1216.3,2178.1,6080.7,5588.4,1102.7,609.8
2026-07-25 15:45:00,624.3,384.8,1184.5,619.8,652.8,269.6,165.4,21.7,56.0,329.2,276.5,1421.7,5009.1,2500.5,1084.4,1352.6,126.1,39.2,1297.5,380.6,566.6,158.7,5055.2,5417.0,2329.6,837.6,3624.7,2030.7,2541.3,1299.9,1490.2,2606.2,1151.3,1163.5,921.2,724.1,1221.3,2190.6,6072.5,5588.5,1118.0,619.1
2026-07-25 16:00:00,677.3,393.4,1001.5,574.5,658.9,317.5,141.3,60.5,84.8,269.6,318.3,1428.9,5116.7,2894.8,1101.8,1349.1,154.5,26.1,1331.3,451.6,579.4,157.2,5077.3,5474.7,2336.9,805.9,3725.1,2207.9,2488.6,1289.9,1490.2,2445.7,1131.9,1218.6,929.1,742.3,1201.5,2556.9,6139.1,5596.5,1150.7,596.8
2026-07-25 16:15:00,692.7,398.8,1026.2,523.2,669.8,306.2,141.0,64.6,85.2,277.3,319.1,1437.9,5104.3,2932.5,1159.3,1325.5,175.4,26.1,1276.8,440.3,561.2,153.1,5064.5,5479.9,2340.0,805.6,3729.7,2201.3,2493.5,1293.6,1489.3,2457.1,1136.2,1232.1,927.7,741.8,1209.3,2623.2,6162.1,5599.3,1167.9,615.6
2026-07-25 16:30:00,701.4,379.0,833.9,469.0,694.7,292.6,157.1,63.6,86.0,304.8,289.5,1568.3,5080.8,2957.5,1218.1,1287.2,131.3,26.1,1279.4,508.0,564.0,150.9,5070.2,5495.5,2358.3,805.3,3728.3,2189.8,2491.3,1297.7,1488.7,2436.1,1134.6,1246.4,928.8,742.4,1234.3,2646.6,6204.7,5610.0,1186.9,613.5
2026-07-25 16:45:00,711.6,369.2,866.0,414.1,704.0,307.3,167.5,62.5,86.8,288.1,289.2,1572.3,4995.3,3369.4,1285.8,1254.8,127.2,56.1,1260.2,1126.7,541.9,148.5,5074.1,5574.1,2365.7,805.1,3724.2,2178.2,2496.4,1302.5,1477.9,2431.3,1131.6,1253.8,934.6,774.3,1255.0,2748.5,6259.3,5605.5,1219.9,617.4
2026-07-25 17:00:00,677.2,343.2,696.8,373.0,713.7,412.5,74.4,49.8,108.8,249.6,388.0,1595.5,5112.1,3909.9,1405.7,1233.3,62.3,86.1,1394.1,1218.0,514.8,145.2,5051.7,5675.3,2353.6,818.4,3756.0,2187.6,2459.8,1290.3,1494.8,2365.7,1135.9,1440.7,934.2,982.4,1226.8,2920.2,6294.9,5640.9,1254.1,624.4
2026-07-25 17:15:00,657.5,326.4,747.4,347.5,705.8,448.5,73.1,56.2,119.3,287.5,402.7,1616.9,4111.7,3942.7,1511.0,1252.8,62.4,49.0,1378.0,1392.0,534.3,163.0,4968.1,5630.1,2360.0,818.4,3760.2,2182.4,2460.7,1298.6,1495.0,2365.2,1132.9,1443.8,939.6,983.5,1250.3,3027.7,6335.0,5672.6,1283.5,612.3
2026-07-25 17:30:00,674.7,344.2,814.3,383.6,706.9,426.8,83.6,51.6,125.8,249.1,409.5,1638.0,4015.8,4128.4,1598.2,1278.1,62.3,22.6,1337.9,1996.3,548.7,470.1,4980.9,5688.3,2356.2,818.1,3758.1,2241.1,2458.2,1307.1,1486.6,2533.0,1130.1,1412.1,938.0,985.0,1265.8,3184.7,6374.3,5669.2,1298.3,603.5
2026-07-25 17:45:00,671.2,332.2,879.7,353.2,701.8,464.7,88.0,50.6,115.9,209.3,409.2,1618.3,3936.4,4068.0,1649.2,1319.8,72.3,21.2,1232.5,2294.0,518.4,466.8,4997.6,5749.8,2352.6,863.6,3536.7,2318.8,2460.7,1325.5,1484.2,2949.9,1132.6,1246.6,940.0,988.1,1272.6,3235.8,6377.3,5763.8,1316.2,587.7
2026-07-25 18:00:00,673.8,313.7,921.3,337.0,692.8,511.2,35.5,55.7,127.8,193.7,351.7,1574.8,4134.3,3669.5,1376.6,1303.4,96.7,30.0,1204.0,2395.2,489.2,518.8,4943.3,5924.4,2342.3,840.4,3531.5,2252.4,2457.5,1435.7,1486.8,2808.6,915.0,1464.2,936.3,1302.7,1302.4,3432.7,6354.8,5803.4,1352.4,551.6
2026-07-25 18:15:00,679.6,288.1,978.9,311.7,697.8,486.8,31.2,58.3,113.2,159.2,332.3,1559.6,4133.3,3549.9,1405.3,1307.5,142.1,0.0,1188.7,2715.6,461.0,525.1,4950.1,5941.3,2342.7,902.6,3470.1,2571.2,2413.5,1452.8,1481.7,2847.5,907.4,1625.9,934.8,1307.6,1300.2,3454.0,6349.0,5805.8,1355.1,534.5
2026-07-25 18:30:00,681.1,263.2,1030.1,475.1,698.6,437.2,41.0,57.4,121.9,132.5,302.8,1542.0,3371.9,3453.0,1485.8,1479.5,117.5,0.0,1195.1,2703.5,469.9,522.6,4951.0,5940.2,2335.3,925.9,3453.1,2780.4,2408.8,1459.1,1480.8,2871.3,905.7,2024.4,934.5,1309.8,1298.4,3448.3,6378.7,5802.7,1369.3,516.5
2026-07-25 18:45:00,676.5,260.3,1070.8,474.6,691.7,440.4,41.0,55.9,148.1,114.1,300.7,1544.9,2323.5,3393.0,1547.0,1792.6,98.1,0.0,1202.7,2715.3,491.7,520.0,4942.5,5940.7,2335.8,926.5,3459.7,3439.8,2417.8,1458.9,1481.5,2830.4,893.5,2028.5,931.5,1309.9,1291.1,3461.1,6353.1,5827.9,1367.6,498.0
2026-07-25 19:00:00,679.9,276.9,1085.2,508.0,684.6,438.2,41.4,38.2,132.9,137.9,250.6,1568.4,3134.6,2932.6,1368.8,2082.2,177.5,0.0,1065.1,3213.0,487.8,516.9,4912.3,5957.6,2326.6,901.9,3763.9,4319.1,2410.6,1425.3,1482.3,2877.0,876.3,2225.1,928.1,1018.5,1274.0,3469.8,6405.2,5926.1,1380.2,493.2
2026-07-25 19:15:00,667.1,374.2,1106.4,308.0,678.7,455.6,43.2,38.7,163.8,128.5,249.3,1551.4,2042.1,3152.1,1433.7,2009.2,177.0,6.1,1072.2,3182.8,489.9,505.7,4901.2,5958.3,2334.3,902.3,3767.3,4814.5,2453.3,1426.7,1484.0,2841.0,876.2,2201.9,928.5,1024.5,1264.0,3475.1,6390.0,6038.0,1367.4,483.0
2026-07-25 19:30:00,670.8,374.5,1125.9,309.0,681.2,435.2,27.4,40.2,200.5,119.5,246.7,1528.2,1797.9,2806.6,1511.2,1974.2,176.5,24.3,1077.7,3059.2,493.6,500.3,4877.7,5916.5,2327.6,903.1,3817.8,5007.7,2449.5,1427.2,1486.8,2848.6,875.0,2272.6,927.8,1032.3,1254.7,3426.4,6373.2,6095.8,1371.2,479.5
2026-07-25 19:45:00,693.5,291.5,1139.8,509.8,691.1,409.3,12.0,54.6,231.1,159.9,245.6,1504.0,1807.6,2871.8,1564.8,1930.9,196.1,30.0,1108.9,3005.6,503.7,510.2,4855.8,5948.3,2321.9,905.7,3815.3,5165.4,2408.6,1428.6,1482.1,2851.6,869.6,2300.7,924.9,1037.7,1249.0,3312.3,6354.9,6048.3,1375.4,470.5
2026-07-25 20:00:00,715.6,221.6,1139.4,506.2,685.6,434.3,12.0,33.0,264.4,100.8,149.2,1528.1,1947.6,2379.3,1474.6,1965.3,213.7,0.0,1083.6,3053.8,484.1,516.6,4780.1,5938.1,2285.4,913.1,4136.5,5507.9,2461.3,1412.5,1480.8,2894.3,868.7,2581.1,923.1,868.5,1315.1,3437.3,6325.4,6096.3,1370.5,460.1
2026-07-25 20:15:00,715.6,221.6,1139.8,522.2,687.7,425.9,12.0,34.9,284.8,117.7,144.5,1520.0,1941.6,2390.1,1518.1,1933.1,231.9,30.0,1085.4,2966.6,483.9,521.0,4757.7,5969.7,2279.8,912.0,4132.2,5614.3,2461.3,1414.6,1479.7,2884.6,862.9,2683.9,922.7,875.2,1315.2,3354.5,6297.6,6069.4,1375.5,465.9
2026-07-25 20:30:00,697.3,343.2,1143.2,347.1,696.8,419.2,12.1,34.7,303.5,184.1,139.2,1509.1,1943.1,2427.3,1546.9,1886.9,230.1,30.0,1136.6,2837.8,483.6,509.7,4728.4,5927.8,2260.6,912.2,4138.7,5718.4,2456.5,1416.4,1485.4,2901.3,861.4,2790.0,922.3,838.3,1312.2,3300.6,6276.8,6121.8,1374.1,478.4
2026-07-25 20:45:00,697.9,332.8,1137.4,371.5,704.8,414.0,12.0,34.8,312.4,178.2,133.8,1481.5,1943.7,2420.8,1562.6,1874.5,228.3,0.0,1137.4,2896.2,484.1,520.4,4706.9,5947.2,2249.0,911.9,4132.6,5696.6,2425.9,1417.5,1478.4,2794.7,860.6,2826.5,922.9,827.9,1307.5,3294.3,6250.3,6069.2,1365.6,491.1
2026-07-25 21:00:00,716.2,221.2,1128.9,374.3,690.9,420.0,28.0,22.9,313.5,157.4,115.1,1450.5,1790.5,2444.5,1591.2,1971.2,181.5,30.0,1073.8,2529.4,473.9,553.3,4788.1,6028.4,2225.7,941.1,4143.1,5562.7,2438.0,1566.3,1472.9,2488.5,858.5,2828.2,918.0,863.8,1308.2,3297.3,6177.6,6190.6,1366.9,521.2
2026-07-25 21:15:00,701.3,267.6,1119.7,414.9,701.2,385.6,28.0,21.7,316.7,152.1,112.3,1456.1,1783.6,2383.4,1621.3,1948.8,179.4,0.0,1123.2,2493.4,473.1,548.9,4823.1,6025.0,2222.2,940.8,4136.6,5409.8,2385.6,1609.2,1471.8,2301.9,853.6,2912.7,912.3,859.6,1304.1,3430.2,6166.3,6107.9,1349.0,532.9
2026-07-25 21:30:00,702.4,230.9,1099.7,431.6,699.1,391.4,28.1,20.1,317.7,145.1,116.0,1466.8,1775.7,2140.8,1630.0,1921.5,177.3,30.0,1122.3,2448.3,475.8,545.0,4825.9,6021.2,2202.2,939.6,4133.5,5308.3,2379.7,1638.6,1479.9,2216.9,852.2,2974.8,911.5,824.1,1300.0,3452.5,6182.0,6101.8,1348.5,553.6
2026-07-25 21:45:00,705.0,236.1,1075.9,479.0,695.1,387.4,28.1,20.9,320.1,143.5,110.4,1465.9,1780.5,2053.6,1634.3,1900.3,175.2,0.0,1121.7,2411.1,470.5,545.8,4808.3,6037.6,2196.9,939.5,4126.5,5270.3,2378.3,1648.0,1480.6,2215.6,845.0,2990.0,909.4,816.3,1295.1,3435.7,6170.4,6031.7,1354.2,565.0
2026-07-25 22:00:00,701.6,241.1,1059.5,489.0,694.2,309.3,2.0,16.1,314.5,125.3,145.1,1565.7,1710.4,2098.6,1630.5,1940.5,53.4,0.0,1055.0,2399.6,465.5,600.6,4737.7,5950.7,2204.6,927.4,4085.8,5086.5,2347.6,1905.5,1464.3,2183.4,843.5,2947.6,905.7,782.9,1314.1,3394.7,6122.9,6016.0,1338.0,607.5
2026-07-25 22:15:00,693.4,247.5,1027.1,453.8,677.3,314.8,2.0,14.0,309.9,120.5,135.5,1564.5,1705.2,1944.3,1630.5,1918.2,52.3,0.0,1052.4,2339.9,461.0,596.3,4739.2,5963.1,2198.2,926.1,4080.8,5070.4,2344.9,1914.4,1465.6,2184.7,843.5,2947.5,902.6,783.4,1311.7,3387.0,6097.5,6043.5,1331.2,620.8
2026-07-25 22:30:00,692.7,169.9,990.1,622.9,669.1,320.5,2.0,13.1,312.5,122.4,169.5,1568.2,1709.6,1882.1,1635.3,1924.6,51.9,20.7,1048.8,2119.8,460.4,589.5,4771.5,5951.5,2181.4,923.1,4074.2,5044.7,2343.1,1921.4,1461.6,2173.6,839.4,2941.1,901.7,782.7,1306.9,3326.3,6061.2,5915.8,1318.6,551.2
2026-07-25 22:45:00,679.7,172.9,951.5,664.8,654.1,326.0,2.0,13.2,306.9,30.3,151.7,1563.1,1726.3,1918.7,1639.6,1906.8,51.9,21.8,1055.2,2059.1,460.9,583.9,4735.9,5954.9,2161.6,920.9,4072.1,5029.6,2343.8,1931.5,1460.7,2114.8,838.3,2933.0,898.8,767.5,1306.8,3235.6,6071.3,5893.9,1308.9,527.8
2026-07-25 23:00:00,690.2,176.6,922.6,712.0,639.9,151.9,53.0,6.4,295.8,81.8,157.1,1437.7,1561.5,1926.3,1605.1,1866.0,61.5,19.8,1064.7,1884.3,455.5,524.8,4675.1,5942.0,2142.0,928.0,4151.0,5186.2,2316.7,1946.3,1447.0,2041.8,832.0,2910.6,897.2,739.2,1314.1,3141.4,5964.4,5909.1,1272.8,546.4
2026-07-25 23:15:00,689.6,179.4,899.0,745.8,627.5,158.1,53.0,6.8,294.3,29.5,152.3,1439.8,1563.8,1837.7,1591.7,1844.8,61.5,41.5,1071.5,1849.1,440.9,527.4,4632.3,5789.8,2106.9,924.7,4140.1,5157.7,2316.5,1955.5,1442.3,2016.9,840.2,2897.8,893.7,738.2,1307.7,3099.5,5908.0,5868.3,1245.6,562.2
2026-07-25 23:30:00,712.1,182.0,876.0,779.2,614.0,164.6,53.0,8.0,283.3,30.4,159.5,1439.9,1564.9,1773.6,1567.7,1838.1,61.6,43.2,1059.4,1789.5,436.9,533.0,4593.5,5740.7,2091.5,921.7,4138.1,5144.3,2310.7,1960.4,1442.2,2004.2,835.1,2886.7,889.9,736.3,1295.0,3019.7,5853.0,5874.5,1227.0,574.0
2026-07-25 23:45:00,678.6,184.7,854.6,805.2,608.4,170.3,53.1,7.6,275.8,25.3,153.8,1440.3,1597.6,1808.0,1548.4,1819.9,61.5,44.8,1069.6,1724.2,434.5,539.0,4648.2,5808.2,2068.8,918.4,4121.9,5107.8,2313.4,1971.9,1441.8,1989.0,830.0,2876.4,885.2,734.7,1276.8,2951.2,5766.1,5855.6,1210.7,577.7
2026-07-26 00:00:00,628.4,186.8,810.1,659.6,603.7,425.8,8.0,69.5,327.4,9.6,276.5,1409.9,1359.5,2035.5,951.9,1096.9,34.4,133.4,1358.7,1629.3,447.0,394.7,4577.0,5818.0,2040.0,993.9,4147.1,6069.6,2484.9,1466.1,1404.9,1512.4,832.4,2137.1,871.1,825.4,1144.5,2876.1,5650.7,6001.2,1201.2,545.9
2026-07-26 00:15:00,624.3,180.8,798.3,681.3,599.0,426.3,8.0,69.2,326.6,16.3,264.9,1414.6,1360.2,2013.8,1132.1,1115.9,34.4,135.0,1353.3,1595.5,442.4,394.6,4557.2,5810.8,2021.6,990.7,4132.9,6036.3,2481.4,1467.1,1402.5,1501.0,827.6,2137.9,867.8,771.6,1142.8,2828.8,5596.4,5948.3,1186.4,546.2
2026-07-26 00:30:00,622.2,182.8,789.4,706.2,595.0,424.8,8.0,70.1,318.9,21.9,237.4,1415.5,1376.8,1930.4,1207.0,1127.4,34.4,136.0,1350.2,1562.4,441.3,407.8,4535.7,5795.4,2004.8,988.5,4123.1,6009.1,2521.0,1428.1,1400.0,1500.1,823.3,2138.8,862.5,768.0,1134.2,2754.4,5548.4,5952.3,1184.3,551.8
2026-07-26 00:45:00,619.6,166.6,781.6,723.7,592.2,424.3,8.0,68.9,293.4,21.9,231.5,1434.0,1423.8,1913.1,1307.3,1259.2,34.4,137.7,1346.8,1540.0,440.0,416.6,4510.8,5747.6,1974.8,985.2,4112.6,5972.3,2538.9,1403.7,1399.6,1518.0,821.1,2139.4,860.4,763.5,1126.1,2725.1,5499.9,5949.8,1182.3,552.4
2026-07-26 01:00:00,609.7,169.1,776.4,751.1,582.4,374.4,43.0,17.4,296.4,68.0,193.0,1429.8,1268.2,1749.2,1368.8,1262.6,25.5,127.3,1308.5,1506.5,431.3,423.1,4477.2,5636.3,1940.0,941.6,4107.3,5988.3,2503.2,1410.5,1377.0,1509.5,822.1,2111.1,860.3,778.1,1110.8,2681.4,5460.7,5943.2,1135.0,561.4
2026-07-26 01:15:00,606.9,153.1,768.4,765.6,574.5,374.4,43.0,13.1,289.0,68.0,185.8,1438.7,1288.1,1708.4,1354.8,1254.8,25.5,127.9,1305.6,1464.1,428.0,430.4,4480.7,5624.5,1916.3,939.6,4096.9,5957.8,2500.3,1410.9,1375.6,1504.1,820.3,2109.3,856.4,774.5,1103.6,2643.1,5431.9,5925.8,1123.5,561.2
2026-07-26 01:30:00,603.5,154.5,775.3,756.0,571.5,374.5,43.0,14.5,288.4,68.0,181.5,1433.8,1307.0,1668.1,1338.2,1240.9,25.5,128.0,1304.3,1446.3,425.0,436.7,4463.6,5592.3,1897.8,936.2,4093.0,5790.7,2499.3,1398.1,1381.0,1502.0,814.6,2108.3,849.9,772.3,1093.4,2645.0,5400.0,5922.9,1119.3,547.7
2026-07-26 01:45:00,599.4,149.3,768.5,770.7,568.7,374.6,43.0,12.2,288.9,68.0,177.5,1448.4,1544.3,1660.6,1327.5,1243.7,25.5,128.8,1302.6,1424.5,421.9,443.3,4446.3,5509.9,1874.9,933.3,4087.9,5690.3,2496.0,1393.1,1387.0,1498.5,812.9,2106.8,848.2,773.0,1086.3,2644.1,5367.9,5872.6,1092.5,546.7
2026-07-26 02:00:00,603.6,155.3,765.9,783.5,572.0,375.1,8.0,56.9,300.3,35.1,229.5,1372.4,1888.1,1558.4,1299.0,1181.8,0.0,174.3,1159.7,1411.8,422.5,456.6,4448.6,5483.8,1850.5,919.0,4119.0,5850.4,2507.9,1409.5,1372.3,1497.4,805.3,2100.3,845.2,774.2,1079.1,2621.7,5346.9,5860.4,1081.7,541.2
2026-07-26 02:15:00,601.3,150.5,762.7,786.1,573.3,375.0,8.0,56.4,287.9,39.4,229.1,1359.5,1888.8,1544.3,1288.6,1179.8,0.0,174.7,1133.1,1399.3,408.2,465.4,4432.2,5444.5,1840.4,917.9,4114.5,5882.7,2504.5,1407.7,1358.4,1493.1,804.4,2101.8,851.0,777.1,1075.0,2621.6,5326.0,5822.8,1074.7,537.4
2026-07-26 02:30:00,602.0,145.2,757.4,789.5,567.0,375.1,8.0,58.1,299.8,43.8,223.7,1366.6,1891.6,1569.5,1285.7,1181.3,0.0,174.9,1129.8,1391.4,404.0,475.2,4421.8,5405.2,1829.8,916.8,4112.4,5884.2,2503.3,1405.1,1358.4,1488.9,803.2,2101.8,848.3,781.9,1070.2,2621.0,5307.0,5796.3,1065.5,532.0
2026-07-26 02:45:00,594.9,140.9,752.1,791.6,562.7,375.1,8.0,57.4,298.9,45.9,225.2,1347.9,1902.8,1603.8,1283.2,1205.1,0.0,175.5,1128.1,1402.8,400.5,492.0,4394.6,5380.9,1818.8,916.7,4112.9,5872.2,2493.3,1394.9,1357.9,1484.4,798.3,2103.6,846.0,783.7,1067.3,2620.1,5287.4,5759.3,1063.6,525.9
2026-07-26 03:00:00,587.5,151.5,749.1,787.1,568.3,285.5,52.0,62.0,296.9,44.7,234.5,1400.1,1853.5,1572.7,1270.7,1159.8,0.0,202.1,1108.4,1361.3,393.4,488.3,4338.5,5470.0,1799.3,903.7,4120.8,5787.7,2456.0,1400.8,1338.5,1452.5,790.1,2011.2,843.6,788.8,1065.2,2630.2,5285.2,5736.1,1073.9,512.7
2026-07-26 03:15:00,580.6,150.4,744.5,786.0,560.4,285.5,52.0,61.2,285.3,45.8,233.9,1361.2,1853.6,1641.2,1259.4,1172.8,0.0,202.1,1108.3,1350.4,387.0,507.2,4326.6,5459.4,1793.5,904.6,4119.2,5780.8,2457.8,1401.2,1340.0,1445.2,790.2,2012.8,838.0,790.3,1062.4,2631.6,5261.2,5712.7,1078.3,503.4
2026-07-26 03:30:00,583.3,146.9,740.3,799.4,554.7,285.5,52.0,61.0,294.8,43.1,247.4,1358.4,1859.0,1699.1,1257.4,1173.3,0.0,201.9,1108.2,1330.7,388.2,507.7,4318.4,5443.5,1785.7,904.3,4118.7,5773.4,2454.4,1401.1,1334.8,1437.0,787.2,2013.1,836.0,789.7,1055.2,2631.5,5237.2,5678.5,1077.5,491.0
2026-07-26 03:45:00,578.8,143.1,731.6,804.7,549.6,285.5,52.0,58.7,292.0,42.5,239.7,1358.6,1866.3,1769.3,1255.7,1169.8,0.0,201.9,1107.6,1311.1,379.6,511.4,4310.1,5426.6,1777.3,904.0,4122.8,5769.7,2450.7,1400.2,1334.3,1429.8,786.6,2014.5,836.7,788.9,1051.0,2632.2,5203.6,5640.8,1067.9,477.8
2026-07-26 04:00:00,573.0,144.2,721.0,807.0,559.1,285.6,61.0,66.2,269.8,54.8,216.2,1422.3,1673.8,1919.2,1248.7,1188.8,0.1,198.9,797.4,1293.9,380.7,510.1,4233.0,5438.9,1755.0,906.1,3894.6,5613.2,2434.6,1374.4,1320.4,1401.3,784.2,1995.6,833.3,788.3,1044.5,2605.7,5158.8,5655.9,1061.8,462.2
2026-07-26 04:15:00,566.1,145.5,717.5,800.8,559.2,286.5,61.0,63.8,270.8,48.8,215.6,1414.8,1676.6,1945.1,1250.3,1161.5,0.0,197.9,797.4,1265.8,383.3,503.3,4224.4,5447.1,1744.4,904.7,3894.7,5597.5,2434.2,1374.1,1320.9,1393.6,783.2,1996.6,830.9,790.0,1040.6,2596.5,5128.5,5638.0,1053.6,445.5
2026-07-26 04:30:00,564.0,147.3,712.5,799.9,558.9,289.4,61.0,62.4,269.0,46.7,212.9,1404.3,1678.5,2147.1,1248.5,1159.6,0.0,196.6,797.1,1232.2,382.1,500.9,4227.8,5457.5,1740.2,900.3,3895.8,5486.0,2432.6,1374.4,1319.8,1382.4,780.3,1983.4,833.9,792.2,1037.5,2586.3,5102.0,5621.6,1038.8,428.6
2026-07-26 04:45:00,562.5,149.3,708.2,800.0,561.5,292.9,61.0,62.4,275.0,45.9,212.3,1397.8,1683.0,2220.6,1251.4,1153.8,0.0,195.5,797.1,1208.9,378.8,506.5,4229.2,5469.4,1732.1,817.3,3897.4,5299.4,2433.6,1376.8,1319.8,1370.3,777.4,1962.7,831.6,796.2,1033.7,2575.9,5077.5,5606.8,1023.3,416.8
2026-07-26 05:00:00,566.8,149.9,711.2,803.0,565.0,296.3,69.0,29.2,238.7,28.3,198.4,1415.3,1813.3,2541.6,1259.5,1159.7,14.7,212.4,801.7,1156.5,394.1,502.5,4238.7,5472.4,1714.1,813.9,3560.7,5217.9,2446.3,1372.9,1314.6,1367.2,769.8,1934.0,832.2,810.3,1035.8,2562.8,5040.9,5549.4,1002.5,390.2
2026-07-26 05:15:00,564.1,151.4,702.9,803.5,569.2,299.7,69.0,28.0,241.7,27.6,197.3,1416.3,1813.6,2340.5,1258.8,1158.6,14.7,214.4,804.1,1131.0,381.1,494.8,4246.0,5494.3,1709.2,811.7,3559.2,5122.4,2446.4,1374.9,1315.9,1352.2,771.0,1916.2,835.3,817.0,1029.6,2550.1,5031.0,5539.7,1009.6,371.3
2026-07-26 05:30:00,559.6,156.1,694.8,813.8,570.7,303.0,69.0,28.4,242.7,26.0,197.3,1415.7,1856.9,2323.3,1257.6,1015.6,14.7,218.0,807.2,1106.0,380.8,488.2,4258.3,5516.7,1718.0,809.2,3558.5,4981.7,2446.9,1374.2,1313.3,1338.5,769.4,1877.9,833.7,820.5,1031.4,2533.6,5037.8,5527.7,1007.3,352.4
2026-07-26 05:45:00,561.6,161.5,683.1,826.4,565.2,306.7,69.0,27.9,240.3,29.1,198.0,1384.8,2349.9,2407.0,1252.9,842.9,14.7,201.2,807.9,1100.1,381.2,491.5,4270.4,5543.3,1722.7,807.9,3558.7,4798.6,2450.5,1375.1,1313.2,1328.1,770.2,1716.8,836.6,823.9,1033.8,2521.4,5037.4,5517.2,1015.2,336.7
2026-07-26 06:00:00,565.1,179.5,673.7,819.0,562.5,315.7,73.0,26.7,246.9,16.6,286.7,1352.0,2403.6,2616.7,1317.4,768.3,14.7,198.9,807.1,1084.0,383.7,468.5,4319.6,5684.2,1719.8,809.7,3362.4,4405.1,2445.4,1384.4,1323.2,1330.0,767.6,1639.4,840.7,826.4,1048.3,2500.7,5028.7,5533.5,1017.1,316.4
2026-07-26 06:15:00,565.6,191.1,655.4,824.5,555.3,322.2,73.0,20.8,239.8,16.6,286.1,1358.4,2402.4,2623.9,1320.7,770.5,14.7,199.2,814.1,1085.0,382.8,446.8,4342.3,5726.2,1718.0,805.4,3411.5,3968.5,2448.9,1386.5,1320.5,1323.4,765.7,1419.2,843.8,831.4,1046.4,2477.3,5031.8,5550.2,1026.1,301.9
2026-07-26 06:30:00,563.1,202.4,630.3,844.9,547.7,329.4,73.1,18.8,234.9,16.6,278.2,1363.0,2410.8,2559.0,1311.7,776.1,14.7,179.3,817.9,1075.9,383.8,423.3,4366.8,5762.1,1723.1,804.9,3415.7,3554.9,2451.9,1388.1,1331.7,1320.6,771.5,1367.1,845.6,836.4,1047.6,2449.7,5026.5,5547.9,1021.5,286.8
2026-07-26 06:45:00,564.9,218.1,607.3,855.5,539.9,338.3,73.0,19.0,219.9,17.0,274.4,1367.8,2415.5,2546.4,1292.7,776.0,14.7,178.7,812.3,867.7,390.2,397.7,4383.5,5813.4,1735.7,803.1,3425.8,3123.4,2460.6,1390.6,1331.8,1314.4,772.4,1367.7,850.2,839.9,1053.3,2422.5,5030.0,5545.0,1031.9,272.9
2026-07-26 07:00:00,568.6,248.9,571.7,859.0,553.5,350.4,46.0,15.7,225.9,23.0,380.2,1377.3,2571.3,2721.9,1473.9,844.5,18.8,136.6,830.2,1072.6,402.1,358.5,4480.1,5970.0,1740.8,789.7,3427.0,2836.3,2442.6,1392.2,1332.7,1309.8,781.6,1411.2,855.1,837.6,1055.2,2360.5,5038.9,5544.2,1052.7,257.9
2026-07-26 07:15:00,572.8,268.3,542.0,885.2,553.0,353.2,46.0,16.3,213.2,27.0,385.7,1386.2,2578.0,2701.3,1469.7,855.2,18.7,135.3,833.1,856.8,402.5,326.0,4500.4,6009.5,1746.8,787.0,3423.4,2713.8,2447.5,1397.6,1334.2,1309.7,781.6,1409.9,860.0,846.1,1058.9,2328.4,5070.6,5560.6,1062.4,252.2
2026-07-26 07:30:00,571.0,271.8,514.6,882.9,552.8,358.3,46.0,16.8,199.9,32.1,383.8,1390.8,3128.5,3246.5,1464.4,857.6,18.7,114.1,834.0,855.2,407.3,304.8,4522.7,6039.8,1752.7,782.5,3420.3,2521.3,2447.7,1399.9,1336.3,1308.4,785.4,1410.2,863.7,851.3,1066.5,2290.2,5071.7,5577.9,1062.9,246.5
2026-07-26 07:45:00,572.2,294.4,496.9,907.9,560.6,362.6,46.0,17.7,189.8,39.7,381.3,1399.9,3134.5,2715.4,1467.9,872.7,29.2,97.6,858.7,857.1,423.9,274.6,4542.9,6059.8,1765.8,778.7,3419.8,2462.7,2450.3,1407.4,1341.7,1307.5,789.3,1408.7,867.6,858.3,1075.3,2254.6,5058.0,5596.4,1074.5,242.7
2026-07-26 08:00:00,578.3,293.3,461.3,890.5,586.7,374.5,73.0,16.5,184.2,74.1,411.4,1440.1,3362.1,3379.6,1728.5,891.8,40.7,191.9,865.9,752.5,404.0,265.5,4655.8,6057.2,1791.4,828.7,3541.3,2712.3,2483.6,1458.3,1359.9,1418.7,776.6,1346.8,872.4,898.7,1075.9,2113.2,5086.3,5660.0,1071.4,240.2
2026-07-26 08:15:00,579.2,307.6,441.0,929.7,591.7,390.8,73.4,32.0,178.2,90.8,425.1,1460.9,3574.8,3021.9,1736.2,929.6,56.0,182.1,863.0,774.2,415.5,238.3,4677.5,6108.9,1807.1,825.1,3546.6,2751.9,2485.4,1462.3,1362.3,1418.3,774.6,1355.6,877.2,900.0,1085.0,2080.7,5118.0,5641.0,1083.2,244.9
2026-07-26 08:30:00,573.7,302.5,420.4,953.1,598.7,404.3,74.8,35.8,169.4,88.0,447.8,1484.9,3579.2,2786.2,1750.4,931.1,87.1,139.3,862.3,815.1,416.5,210.1,4696.6,6125.3,1828.5,821.1,3558.5,2757.9,2483.8,1465.9,1365.6,1416.8,782.3,1355.8,881.6,901.9,1100.2,2034.1,5141.0,5672.0,1083.2,252.8
2026-07-26 08:45:00,571.8,300.9,407.0,902.8,607.2,392.2,78.6,39.5,158.4,102.3,421.9,1506.4,3582.8,2771.9,1753.4,923.3,68.1,139.3,861.5,819.5,451.2,188.5,4719.8,5986.4,1841.3,817.3,3565.1,2500.3,2478.3,1472.3,1368.7,1415.1,783.8,1317.0,890.4,898.9,1108.5,1995.9,5184.8,5685.0,1097.3,254.0
2026-07-26 09:00:00,587.5,321.1,357.6,917.5,622.7,396.5,129.7,11.2,156.4,76.1,430.0,1554.1,3855.0,2955.4,2079.2,1002.0,83.9,177.4,1037.3,934.3,425.3,166.5,4811.7,6079.5,1880.4,800.2,3616.3,3246.8,2419.6,1465.1,1394.4,1305.9,1030.6,1300.3,903.5,910.9,1152.0,1963.0,5210.0,5729.5,1108.0,264.1
2026-07-26 09:15:00,585.1,313.9,339.3,937.9,635.3,389.3,125.3,12.0,150.1,77.7,424.7,1532.5,3860.4,3201.2,2084.6,978.4,84.3,174.0,1037.3,929.5,435.5,140.3,4827.1,6029.5,1912.4,800.4,3628.5,2721.1,2407.9,1474.5,1400.4,1301.5,1031.7,1201.2,910.5,912.9,1165.8,1943.3,5247.4,5662.2,1120.1,276.1
2026-07-26 09:30:00,581.7,313.6,543.7,972.8,630.9,407.0,126.6,12.7,144.2,72.4,425.2,1534.2,3913.0,3454.9,2066.2,974.4,84.6,174.0,1048.3,908.0,449.8,122.6,4844.1,6103.6,1921.1,798.4,3838.1,2534.2,2404.7,1477.2,1398.5,1297.8,1033.3,1186.0,914.3,916.0,1181.3,1929.9,5293.0,5804.6,1119.4,286.7
2026-07-26 09:45:00,583.4,307.1,524.4,1001.0,644.0,408.4,121.9,13.3,147.8,78.1,423.0,1373.9,3920.8,3632.9,2109.9,972.6,64.9,177.9,1136.2,860.2,482.2,109.3,4856.5,6110.7,1946.1,796.0,3850.7,2527.6,2390.7,1491.5,1400.6,1296.5,1035.3,1023.1,918.3,918.8,1195.4,1919.3,5327.2,5837.0,1126.7,306.1
2026-07-26 10:00:00,580.3,321.5,522.0,1027.2,665.5,255.8,236.1,14.7,166.4,86.1,430.5,1399.7,4177.7,3781.7,2254.3,1029.3,45.9,152.2,1217.0,772.2,568.5,97.9,4953.1,6117.2,1980.5,672.2,3571.3,2002.2,2414.1,1487.0,1413.4,1285.1,1048.2,1460.6,919.9,948.9,1210.4,1834.6,5435.9,5864.6,1127.0,325.5
2026-07-26 10:15:00,577.5,321.3,517.6,1054.0,665.8,261.6,237.0,14.9,156.4,76.1,418.6,1404.8,5018.1,3866.4,2292.0,1008.3,45.8,179.5,1238.5,715.1,593.8,85.3,4962.7,6127.4,2007.8,670.7,3602.7,2000.4,2419.4,1491.3,1418.5,1282.3,1052.7,1494.2,924.0,950.3,1214.9,1834.6,5465.5,5853.5,1125.3,331.2
2026-07-26 10:30:00,574.6,320.1,515.6,1067.2,666.1,254.7,220.2,16.6,151.6,81.6,398.3,1408.9,5041.7,3937.9,2250.4,1030.6,45.6,187.8,1278.3,378.0,634.8,26.4,4961.7,6103.6,2020.0,670.5,3707.5,2001.5,2423.9,1487.4,1425.8,1279.2,1052.3,1574.7,926.3,952.9,1211.4,1829.1,5475.2,5864.4,1124.1,340.1
2026-07-26 10:45:00,576.4,321.5,513.4,1089.3,667.4,240.9,219.6,23.9,149.5,91.2,409.0,1413.8,5068.9,3831.2,2241.4,996.4,65.4,184.8,1302.7,376.6,637.5,30.0,4958.4,6058.7,2039.2,670.8,3708.3,2002.1,2430.0,1488.6,1416.4,1276.4,1056.2,1587.1,927.1,958.2,1198.6,1820.2,5491.3,5860.3,1132.0,351.5
2026-07-26 11:00:00,583.4,325.2,732.2,1113.0,674.8,249.8,276.5,11.0,143.5,107.1,376.0,1579.1,5154.6,4078.6,2279.9,1063.6,50.9,108.8,1435.9,322.9,632.5,35.0,5014.4,6015.8,2064.7,659.0,3909.0,2109.9,2369.0,1538.2,1424.3,1295.1,1060.7,1202.3,930.9,976.0,1180.8,1791.9,5486.9,5777.1,1110.8,369.7
2026-07-26 11:15:00,586.2,318.3,730.5,1124.4,668.6,244.1,278.0,10.9,142.2,105.1,412.4,1558.7,5164.8,3968.3,2225.0,1046.3,71.0,105.6,1455.0,295.9,631.6,37.9,5018.2,6010.8,2077.5,660.7,3910.5,2109.5,2368.5,1535.2,1424.9,1294.5,1058.4,1209.0,929.6,985.9,1164.6,1785.6,5485.0,5791.5,1107.5,379.7
2026-07-26 11:30:00,580.8,322.4,729.6,1120.6,663.0,234.5,279.3,11.1,142.4,110.5,423.5,1499.3,5175.7,3879.7,2206.2,1059.7,71.3,106.5,1445.8,286.4,631.6,38.8,5020.5,5994.2,2081.3,661.6,3917.0,2109.1,2366.2,1529.9,1426.9,1293.6,1060.7,1217.6,930.5,994.2,1154.1,1769.7,5484.1,5796.4,1103.6,388.3
2026-07-26 11:45:00,585.5,323.2,730.8,1138.8,657.6,237.6,279.3,11.3,141.9,146.2,423.6,1455.1,5204.9,3725.3,2203.4,1139.4,71.6,106.7,1452.8,343.7,628.6,38.3,5022.4,6011.9,2091.7,661.2,3918.6,2109.0,2370.5,1530.7,1429.7,1293.4,1064.7,1229.2,929.3,1004.3,1149.1,1760.6,5510.7,5830.6,1091.8,398.7
2026-07-26 12:00:00,589.5,321.1,767.8,1109.5,659.2,217.9,261.3,9.8,158.9,165.1,374.1,1708.4,5223.3,3696.4,2091.6,1113.8,74.6,111.9,1428.7,256.2,627.5,41.5,5012.0,5938.2,2104.4,626.4,3780.9,2378.1,2418.2,1578.8,1434.3,1343.9,1073.6,1037.8,930.4,1000.4,1151.0,1748.8,5499.3,5737.5,1080.1,394.7
2026-07-26 12:15:00,591.6,319.3,765.1,1112.0,660.6,216.0,241.3,9.9,158.5,176.9,377.4,1651.4,5236.8,3601.4,2076.9,1125.6,74.4,112.1,1432.2,255.6,622.1,43.9,5007.1,5935.3,2113.1,627.6,3775.3,2383.0,2419.8,1575.3,1433.5,1345.4,1072.2,1038.4,928.1,1011.3,1150.0,1738.9,5492.0,5736.8,1079.8,395.4
2026-07-26 12:30:00,594.8,317.0,766.7,1110.9,664.9,218.3,253.6,9.9,157.8,120.9,380.7,1647.6,5253.3,3391.7,2046.1,1136.1,74.3,112.4,1407.7,287.6,615.4,47.5,5005.8,5913.4,2109.8,630.0,3782.6,2396.6,2414.5,1561.2,1423.5,1346.8,1072.1,1038.4,928.8,1025.1,1148.6,1732.9,5483.7,5764.5,1076.7,402.5
2026-07-26 12:45:00,595.0,312.3,768.9,1113.5,665.6,217.1,254.6,9.9,192.9,103.1,381.1,1549.6,5282.0,3333.5,2049.0,1146.1,74.2,112.6,1430.8,280.4,612.0,54.5,4996.5,5910.1,2117.4,629.2,3778.6,2398.9,2415.2,1560.6,1427.4,1347.2,1065.1,1039.3,929.2,1040.3,1144.5,1725.6,5508.1,5780.9,1084.0,405.5
2026-07-26 13:00:00,588.0,310.5,766.5,1127.9,667.3,228.1,233.0,12.7,134.7,113.3,360.6,1475.0,5178.1,3498.1,2031.1,1178.1,123.9,48.9,1403.0,283.3,642.3,54.9,4995.5,5968.0,2122.8,612.0,3680.7,2734.5,2387.7,1536.4,1425.3,1353.5,1066.9,1043.3,931.3,1058.0,1145.5,1635.5,5593.6,5901.8,1097.1,403.3
2026-07-26 13:15:00,587.0,310.7,768.4,1115.0,676.1,225.8,249.4,9.6,170.2,106.3,356.6,1481.9,5212.7,3508.1,2039.5,1186.2,98.0,48.9,1380.7,276.2,640.2,52.6,4993.0,5974.6,2129.3,612.8,3679.8,2736.5,2392.7,1541.0,1425.7,1354.5,1073.0,1043.9,932.0,1066.2,1140.3,1624.3,5595.5,5895.2,1103.1,405.9
2026-07-26 13:30:00,586.2,303.6,771.5,1119.8,677.1,220.7,253.9,9.5,172.9,105.7,340.7,1493.4,5223.3,3577.4,2041.8,1178.8,97.1,48.9,1377.4,279.0,638.2,45.8,4998.0,5992.5,2135.0,615.5,3683.0,2736.2,2387.7,1537.5,1432.6,1355.8,1068.1,1043.8,928.5,1066.4,1137.3,1614.3,5595.1,5891.0,1104.0,399.4
2026-07-26 13:45:00,586.3,303.8,773.1,1104.5,677.0,221.1,247.4,9.2,172.9,106.6,307.5,1488.2,5226.9,3554.7,2036.4,1197.9,96.3,48.9,1391.8,293.9,639.7,34.0,4997.8,6011.4,2139.8,617.0,3677.5,2736.9,2387.2,1538.0,1432.0,1355.8,1066.3,1043.9,928.9,1054.8,1135.6,1605.2,5582.4,5906.0,1097.7,397.7
2026-07-26 14:00:00,593.0,308.2,757.6,1081.3,666.0,230.9,215.1,19.3,191.8,111.1,379.0,1498.9,5169.7,3548.2,2005.1,1203.7,123.2,14.9,1396.2,283.4,618.9,33.9,4997.7,6013.1,2144.8,674.1,3707.5,2549.2,2363.3,1503.7,1437.6,1355.2,1073.2,1103.1,923.3,1036.8,1148.0,1628.9,5623.8,6031.7,1101.9,396.1
2026-07-26 14:15:00,596.7,316.3,759.5,1050.0,669.7,242.3,214.2,18.9,191.8,119.8,378.4,1498.6,5170.3,3551.9,2015.1,1208.8,122.1,15.1,1395.3,277.6,616.3,33.9,5007.3,6052.0,2155.2,674.9,3704.6,2549.7,2367.2,1508.0,1436.2,1357.2,1070.8,1103.7,922.9,1020.0,1147.4,1613.6,5600.1,6035.1,1092.5,391.6
2026-07-26 14:30:00,600.5,318.3,542.6,991.2,676.8,236.1,214.3,18.6,191.8,122.2,382.2,1498.0,5164.8,3574.3,2000.9,1205.3,121.1,15.1,1392.5,270.2,614.7,32.9,5021.4,6013.5,2151.6,676.8,3705.2,2549.2,2364.4,1503.3,1430.1,1358.4,1068.8,1103.4,921.9,1004.7,1147.9,1591.1,5602.6,6007.0,1090.6,396.9
2026-07-26 14:45:00,605.6,332.5,557.7,998.0,686.1,235.0,203.8,18.3,189.0,119.8,373.8,1496.1,5154.9,3556.7,1994.7,1209.4,100.0,15.2,1388.7,267.8,614.4,32.9,5028.1,6047.6,2160.1,678.5,3711.5,2549.5,2369.1,1510.3,1434.2,1361.2,1072.6,1103.5,925.0,996.5,1148.0,1571.3,5629.2,6063.1,1089.9,394.3
2026-07-26 15:00:00,612.9,324.1,308.6,1035.9,682.2,231.0,209.9,20.1,136.3,125.5,363.9,1504.5,5078.0,3410.0,1972.9,1231.3,53.7,42.2,1400.1,286.0,624.8,34.9,4996.4,6001.2,2167.0,616.1,3760.6,2557.3,2387.5,1506.2,1441.1,1362.7,1074.3,1031.3,926.8,1004.9,1168.0,1498.8,5510.4,5951.4,1099.3,383.0
2026-07-26 15:15:00,620.8,315.1,336.7,979.8,687.7,221.3,199.2,19.8,134.1,136.2,369.1,1500.8,5052.4,3429.1,1969.9,1229.5,53.7,62.4,1382.6,273.8,614.7,35.8,5005.8,5974.6,2176.5,615.9,3759.6,2556.2,2388.7,1500.1,1445.7,1392.6,1072.6,1030.9,930.3,1000.3,1174.3,1473.2,5525.1,5931.9,1100.7,372.2
2026-07-26 15:30:00,624.5,304.1,368.9,916.2,696.9,205.0,206.4,19.4,96.3,197.7,363.8,1493.4,5042.2,3518.6,1965.4,1228.2,53.7,33.0,1364.1,259.4,617.1,35.2,5019.2,5945.4,2177.6,615.0,3769.5,2554.1,2388.0,1501.6,1448.4,1404.6,1081.2,1034.1,933.3,995.2,1182.5,1446.5,5547.5,5910.6,1112.5,359.1
2026-07-26 15:45:00,631.4,306.7,395.1,850.8,699.4,187.9,202.2,18.5,96.8,203.6,356.3,1485.0,5043.7,3597.8,1956.5,1213.6,53.7,33.2,1374.3,268.1,618.2,43.2,5026.2,6229.8,2193.0,614.2,3790.1,2558.4,2393.4,1503.4,1446.3,1405.6,1073.3,1035.3,936.9,969.5,1204.9,1431.3,5592.8,5898.8,1124.9,343.6
2026-07-26 16:00:00,645.5,287.0,423.8,788.4,705.6,282.6,183.5,16.8,129.9,166.0,324.9,1491.6,5079.7,3693.2,1878.5,1228.8,118.1,141.7,1333.4,282.8,624.1,40.1,5025.6,6293.2,2195.2,596.7,3621.2,2256.2,2439.8,1444.7,1453.9,1781.2,1058.8,1036.9,941.8,965.7,1226.7,1506.6,5627.1,5854.9,1177.2,319.8
2026-07-26 16:15:00,652.6,275.2,457.2,718.4,709.9,267.9,186.9,16.4,129.5,214.5,321.1,1481.5,5083.6,4147.7,1871.4,1219.4,138.6,139.5,1324.1,296.6,612.2,42.3,5033.5,6584.8,2206.0,599.4,3628.3,2255.2,2457.4,1438.1,1452.2,1760.0,1064.0,1036.7,944.5,1003.1,1243.2,1554.5,5680.9,5853.9,1194.7,300.2
2026-07-26 16:30:00,658.7,296.5,492.3,637.4,711.0,307.0,192.7,15.9,129.9,204.4,303.0,1475.0,5064.2,4866.8,1925.5,1206.6,119.1,136.1,1298.4,377.1,613.9,61.8,4888.6,6635.6,2220.0,616.0,3614.8,2250.6,2420.4,1462.8,1443.9,1788.0,1063.6,1036.8,948.0,1069.1,1208.4,1621.4,5729.4,5876.7,1212.8,315.7
2026-07-26 16:45:00,663.3,281.1,533.5,625.2,717.4,344.2,192.0,15.6,129.5,221.8,308.9,1469.1,5051.6,4955.0,1911.2,1279.2,114.5,136.9,1277.5,454.0,610.6,87.0,4899.4,6638.5,2228.9,613.0,3601.0,2245.6,2397.2,1508.5,1451.8,1880.3,1068.7,1060.0,944.6,1178.5,1212.8,1730.0,5796.2,5896.6,1238.7,295.8
2026-07-26 17:00:00,682.2,257.7,598.3,514.8,706.1,390.6,53.0,10.5,149.2,226.7,280.4,1492.0,4811.6,5116.9,1772.9,1234.1,90.0,74.8,1216.7,379.2,556.3,62.2,4928.8,6555.8,2228.3,684.2,3499.6,2132.4,2530.5,1401.7,1464.9,2320.6,1071.0,1031.8,954.3,1495.0,1249.9,1889.6,5880.3,5824.2,1269.2,267.1
2026-07-26 17:15:00,682.9,247.7,636.2,489.6,718.7,377.5,50.8,10.0,149.2,204.0,280.7,1484.8,4764.6,5048.4,1769.5,1363.1,90.0,58.2,1153.9,433.8,538.2,83.7,4840.3,6369.2,2241.1,684.7,3492.5,2129.3,2512.1,1426.6,1465.5,2346.2,1070.5,1155.9,949.1,1606.5,1261.5,2019.2,5951.9,5811.7,1292.6,248.9
2026-07-26 17:30:00,685.5,258.7,673.8,438.5,715.6,387.9,39.1,9.6,149.9,193.5,282.7,1481.1,4144.9,5059.9,1807.9,1359.4,90.0,53.4,1099.1,440.5,538.9,100.4,4817.8,6388.6,2241.6,686.1,3319.5,2150.7,2509.9,1420.4,1469.7,2492.9,1069.3,1316.1,949.4,1604.8,1273.6,2012.8,6027.7,5815.9,1313.9,227.2
2026-07-26 17:45:00,690.8,236.8,734.7,398.7,696.3,409.1,35.1,14.6,149.0,175.4,295.2,1465.5,4052.8,5219.2,1837.9,1365.0,90.0,49.9,1111.5,458.7,526.2,98.5,4745.9,6312.0,2250.1,686.6,3327.8,2368.9,2486.6,1435.3,1458.3,2508.1,1075.1,1342.5,954.2,1603.3,1286.6,2172.2,6060.5,5809.7,1326.6,204.5
2026-07-26 18:00:00,704.2,210.9,781.6,596.7,698.2,457.5,65.9,15.9,148.4,141.3,312.5,1652.1,4041.5,4812.6,1621.4,1381.7,171.8,25.0,1336.6,385.9,545.4,122.8,4863.7,6370.6,2257.7,716.5,3398.5,2223.2,2583.2,1364.5,1460.9,2438.5,867.2,1312.5,953.5,1632.0,1292.5,2410.1,6149.5,5812.1,1354.0,204.8
2026-07-26 18:15:00,706.2,194.5,862.6,589.9,700.7,437.1,53.9,15.5,147.3,120.3,320.7,1616.1,4030.4,4979.8,1649.6,1398.8,171.8,4.1,1321.2,389.6,542.2,119.5,4777.6,6312.3,2263.0,721.0,3387.9,2738.8,2588.9,1365.3,1467.2,2453.1,864.7,1423.2,951.8,1623.6,1303.8,2415.9,6187.7,5832.7,1378.4,197.6
2026-07-26 18:30:00,704.2,210.9,945.7,595.1,704.7,406.4,61.5,15.2,163.3,110.8,333.5,1625.2,3812.3,5313.7,1619.6,1369.4,171.8,3.1,1318.6,371.4,544.8,111.3,4777.5,6326.0,2263.4,722.9,3399.6,3331.8,2586.5,1349.5,1467.3,2493.4,869.8,1852.5,951.8,1609.1,1305.2,2352.4,6230.1,5901.8,1408.4,188.3
2026-07-26 18:45:00,707.8,211.9,1016.6,584.3,705.5,370.0,53.9,15.0,182.1,90.7,354.6,1637.0,2726.9,4715.7,1663.0,1341.9,171.8,22.2,1325.0,352.3,562.8,106.2,4780.8,6359.6,2269.3,734.0,3403.1,3673.7,2589.2,1346.1,1467.8,2513.7,866.8,1989.5,949.5,1590.6,1300.8,2374.8,6268.7,5845.5,1420.3,180.0
2026-07-26 19:00:00,684.3,304.7,1068.7,641.0,706.0,456.3,61.7,59.6,172.7,66.0,372.3,1584.7,2491.9,4632.5,1493.4,1241.8,91.6,39.9,1317.9,368.9,554.1,137.8,4778.0,6269.8,2265.8,722.1,3698.9,4193.0,2636.6,1354.7,1459.6,2502.8,867.7,1983.5,943.3,1615.5,1294.6,2436.3,6323.6,5927.5,1415.2,182.3
2026-07-26 19:15:00,708.1,182.7,1103.3,646.8,705.5,446.2,62.3,59.1,193.1,51.2,359.4,1562.9,1855.8,4747.3,1537.4,1198.1,91.6,39.6,1309.7,342.8,556.3,126.5,4780.8,6269.9,2279.5,723.1,3655.4,4739.8,2642.0,1350.2,1464.4,2531.6,873.0,2212.5,946.7,1590.3,1280.5,2407.9,6342.5,5895.9,1432.0,175.6
2026-07-26 19:30:00,713.2,213.5,1132.7,852.9,706.3,427.3,59.8,53.8,217.7,40.7,345.9,1555.0,1610.9,4495.2,1566.0,1174.6,91.6,39.1,1318.6,335.9,567.0,125.9,4771.9,6239.2,2270.2,799.0,3665.0,5160.9,2641.3,1348.3,1468.4,2541.7,871.4,2253.8,938.0,1562.2,1281.0,2425.2,6348.4,5852.3,1440.2,169.4
2026-07-26 19:45:00,688.5,286.1,1155.2,864.8,709.0,414.7,56.5,56.3,241.0,84.1,345.9,1547.5,1567.9,4415.1,1596.8,1147.3,91.6,18.7,1341.8,342.1,576.9,126.2,4762.2,6282.5,2274.0,804.1,3670.3,5687.6,2647.3,1343.6,1470.5,2547.2,870.2,2310.4,939.9,1530.5,1283.6,2451.2,6349.5,5860.7,1468.9,167.7
2026-07-26 20:00:00,689.9,289.5,1169.0,682.2,707.6,475.5,48.6,31.7,242.4,33.5,374.4,1483.3,1642.3,4196.4,1491.8,1088.2,134.3,13.7,1568.3,420.6,569.9,74.3,4673.0,6118.0,2263.1,797.9,4026.5,6511.8,2638.7,1378.1,1479.3,2649.6,870.7,2430.9,929.0,1517.9,1282.1,2435.9,6345.6,5823.9,1480.4,162.4
2026-07-26 20:15:00,692.9,281.0,1170.9,895.1,710.7,472.8,47.4,31.7,259.7,28.4,364.0,1461.7,1615.6,4154.9,1517.3,1063.3,153.7,13.7,1558.7,416.8,563.7,77.2,4656.7,6125.3,2268.3,795.4,4032.1,6517.2,2642.9,1376.2,1469.0,2650.2,866.6,2484.2,926.9,1494.1,1284.7,2456.1,6334.2,5823.8,1493.8,160.1
2026-07-26 20:30:00,733.8,167.8,1172.2,909.1,713.5,480.0,48.3,31.7,276.1,113.9,340.3,1442.4,1606.5,4153.8,1562.2,1059.0,153.0,13.7,1562.3,432.4,570.2,82.1,4637.3,6104.2,2254.6,795.3,4079.9,6695.4,2642.7,1372.4,1474.3,2671.8,868.6,2534.2,925.7,1475.5,1284.3,2462.9,6329.0,5806.9,1499.8,184.6
2026-07-26 20:45:00,734.9,168.9,1163.4,926.3,709.4,479.0,50.4,32.8,282.6,109.9,319.2,1461.3,1605.0,4121.1,1614.9,1056.5,152.4,13.7,1561.2,439.5,568.2,84.2,4622.5,6094.7,2261.0,792.8,4081.3,6667.1,2646.9,1368.7,1473.5,2670.8,868.1,2523.6,929.5,1462.9,1274.6,2470.4,6323.2,5777.6,1492.1,210.2
2026-07-26 21:00:00,692.1,310.0,1149.5,686.1,704.5,478.0,38.3,6.5,302.3,106.6,337.7,1417.6,1549.5,4349.5,1737.5,1076.6,240.0,14.7,1469.0,468.5,557.1,89.1,4704.0,6194.4,2251.0,791.1,4356.1,7007.8,2615.1,1361.7,1475.0,2757.4,861.1,2616.8,927.3,1361.7,1274.7,2437.1,6349.9,5861.9,1537.3,239.9
2026-07-26 21:15:00,723.3,157.3,1132.3,889.1,696.6,476.3,38.2,6.5,300.2,104.3,306.0,1407.8,1522.2,4290.2,1758.0,1039.6,228.9,14.7,1469.0,465.5,561.2,85.3,4738.6,6215.2,2252.0,792.5,4340.9,6993.1,2611.6,1358.5,1476.1,2760.1,855.7,2536.7,923.0,1360.7,1265.4,2451.0,6332.3,5829.9,1511.5,238.7
2026-07-26 21:30:00,718.0,154.0,1113.6,888.8,689.5,470.8,39.8,6.5,302.0,103.1,295.5,1410.9,1504.3,4297.4,1763.3,1014.5,227.9,14.7,1475.2,477.9,564.1,87.9,4747.8,6214.6,2240.0,792.3,4345.8,6834.4,2608.4,1355.4,1475.6,2761.9,853.7,2453.9,919.0,1361.1,1265.5,2469.5,6313.4,5743.0,1507.7,183.2
2026-07-26 21:45:00,714.7,148.7,1086.0,896.8,674.5,461.7,39.7,6.5,303.2,102.8,299.4,1408.7,1504.1,4366.7,1766.7,1000.9,231.9,14.7,1470.7,492.5,561.0,90.9,4731.8,6173.5,2240.7,791.8,4334.9,6468.6,2605.7,1353.9,1475.2,2767.1,849.0,2406.3,924.3,1363.7,1267.7,2471.3,6288.8,5736.5,1499.9,183.4
2026-07-26 22:00:00,693.7,183.7,1048.4,926.9,658.7,446.4,26.0,19.1,310.9,93.4,278.3,1398.6,1448.3,4216.6,1688.7,1077.1,69.0,26.8,1419.8,495.3,538.0,97.7,4675.8,6325.4,2247.1,796.5,4364.2,7151.6,2589.0,1354.2,1481.0,2710.7,842.6,2476.9,920.9,1329.7,1276.0,2443.5,6274.2,5464.3,1493.5,186.4
2026-07-26 22:15:00,693.1,183.1,1024.5,935.6,638.6,446.7,27.2,17.9,305.1,86.7,274.9,1400.7,1410.6,4255.7,1671.5,1031.7,59.0,27.2,1417.3,503.1,536.8,92.9,4632.1,6250.1,2252.9,793.3,4361.8,6749.7,2586.1,1352.2,1472.5,2692.6,837.1,2386.1,920.0,1332.6,1277.7,2469.7,6233.8,5467.9,1478.5,185.6
2026-07-26 22:30:00,685.2,175.2,1005.6,943.0,623.0,431.3,26.7,17.9,304.7,86.1,305.7,1394.3,1392.2,4304.5,1653.0,1029.4,59.0,47.5,1410.5,523.6,531.1,93.9,4600.1,6171.9,2227.8,787.2,4359.8,6040.2,2579.8,1350.6,1456.4,2656.1,836.7,2326.1,912.4,1331.8,1277.5,2497.3,6190.1,5451.9,1467.3,185.5
2026-07-26 22:45:00,676.7,166.7,991.5,949.7,610.0,430.7,26.3,17.9,302.9,13.1,301.4,1387.2,1390.7,4398.5,1649.3,1027.7,59.0,22.9,1409.0,549.9,527.9,94.5,4651.6,6173.3,2216.9,779.0,4346.4,5314.6,2581.5,1350.2,1454.4,2605.8,842.3,2283.8,910.8,1329.2,1272.2,2528.2,6146.0,5443.9,1447.6,186.2
2026-07-26 23:00:00,673.9,163.9,966.7,943.0,593.1,371.4,23.9,3.9,326.1,43.0,296.7,1426.0,1292.7,4481.1,1674.9,1090.0,146.2,31.3,1355.3,498.5,511.0,85.9,4450.0,5971.9,2178.1,770.1,4341.2,5482.8,2570.8,1364.7,1450.2,2575.0,832.3,2258.3,907.2,1289.8,1267.6,2435.6,6004.1,5385.8,1412.1,193.0
2026-07-26 23:15:00,666.1,156.1,950.0,945.2,578.5,371.9,23.2,3.9,333.9,1.1,288.2,1426.2,1598.4,4528.0,1658.9,1085.4,150.2,26.9,1353.7,521.6,495.7,89.5,4496.9,6004.3,2148.3,761.1,4320.3,4930.3,2570.7,1367.1,1444.3,2578.3,838.2,2202.9,901.5,1281.8,1257.3,2459.5,5950.0,5371.1,1387.4,191.3
2026-07-26 23:30:00,652.9,142.9,928.0,760.5,565.8,373.2,23.3,3.9,330.8,1.1,284.0,1408.0,2106.2,4789.4,1630.4,1095.3,128.8,35.7,1347.9,571.6,488.2,89.9,4504.3,5949.5,2136.4,758.4,4316.9,4841.2,2563.2,1366.2,1446.2,2541.9,832.3,2163.4,898.0,1272.4,1240.9,2469.1,5887.9,5371.2,1375.1,189.7
2026-07-26 23:45:00,648.0,138.0,910.4,756.6,561.6,374.6,25.2,3.9,322.2,1.1,275.9,1409.8,2780.7,4679.6,1623.6,1088.8,152.9,25.5,1346.6,599.9,487.4,104.2,4474.2,5884.7,2115.9,761.3,4296.7,4437.6,2566.4,1368.0,1434.3,2548.0,824.5,1964.8,887.8,1260.6,1222.2,2489.0,5816.2,5356.9,1361.5,188.2
2026-07-27 00:00:00,671.7,162.7,923.5,518.7,596.1,384.7,110.5,33.9,289.8,1.0,364.1,1363.3,2396.3,6382.9,1894.8,1143.2,93.2,102.1,1032.5,1000.3,405.1,454.6,4336.8,5536.6,2037.6,631.5,3996.9,2830.8,2536.5,1579.7,1404.1,2851.0,834.5,1899.8,904.0,1333.2,1214.5,2577.4,5766.7,5199.2,1423.1,163.5
2026-07-27 00:15:00,623.6,161.4,911.2,511.1,589.8,383.9,111.0,29.8,284.1,1.0,341.4,1362.2,2712.0,6438.3,1835.3,1152.1,93.3,102.7,1022.0,1075.0,403.6,457.6,4330.3,5509.9,2026.3,629.1,3986.4,2513.2,2533.1,1578.2,1400.4,2833.2,828.5,1532.8,899.1,1328.1,1225.8,2574.1,5706.6,5187.1,1404.0,166.7
2026-07-27 00:30:00,618.0,155.2,893.3,501.5,583.0,382.7,110.5,29.8,282.6,1.1,321.7,1362.9,2713.7,6446.7,1797.9,1161.9,93.2,103.1,1014.7,1164.0,405.1,466.9,4367.8,5560.5,2011.1,626.6,3969.3,2108.2,2520.9,1577.3,1397.7,2834.9,823.4,1348.4,890.2,1322.6,1231.0,2580.1,5655.6,5165.1,1387.4,161.7
2026-07-27 00:45:00,612.7,160.0,877.7,493.8,576.4,381.9,111.3,29.8,283.1,1.0,301.0,1375.1,2733.8,6447.2,1783.6,1178.9,93.2,103.5,1011.8,1250.1,408.2,476.0,4355.9,5548.7,1993.9,625.3,3956.1,1977.7,2513.0,1579.7,1398.7,2854.9,817.4,1352.1,892.4,1315.9,1233.6,2576.2,5659.7,5154.6,1367.5,169.1
2026-07-27 01:00:00,610.5,154.7,880.5,469.8,571.4,381.2,127.9,1.9,279.5,3.1,336.8,1370.9,2744.3,5998.5,1948.3,1257.7,104.2,46.9,993.5,1408.0,405.3,497.5,4338.1,5547.4,1944.1,609.0,4210.3,2393.1,2439.0,1640.4,1380.7,2809.6,793.3,1432.7,886.7,1429.3,1252.7,2597.4,5569.1,4799.8,1351.3,108.7
2026-07-27 01:15:00,657.5,156.5,879.4,475.0,566.5,380.9,128.7,1.9,277.6,3.0,314.5,1371.0,2745.1,5686.4,1915.6,1254.4,102.3,46.7,990.1,1486.4,406.5,504.6,4323.9,5586.5,1926.0,609.6,4200.5,2371.1,2434.6,1634.2,1378.3,2812.4,788.7,1434.3,883.1,1418.9,1251.2,2602.0,5534.9,4752.1,1329.6,113.2
2026-07-27 01:30:00,647.9,152.9,882.4,479.1,565.8,381.2,128.8,1.9,282.1,3.0,302.9,1368.6,2749.0,5652.8,1886.6,1249.0,100.6,46.8,987.8,1564.3,407.4,520.5,4318.6,5587.0,1910.0,609.4,4276.7,2342.4,2431.0,1630.7,1365.4,2808.5,784.4,1434.6,873.6,1400.0,1243.9,2614.7,5506.2,4735.4,1321.6,117.7
2026-07-27 01:45:00,652.2,152.2,881.8,484.2,575.7,381.5,128.6,1.9,310.2,3.0,285.4,1369.1,2784.1,5642.3,1888.0,1261.1,90.2,63.2,989.2,1643.8,411.8,538.2,4244.2,5524.4,1886.7,609.1,4312.8,2346.8,2423.5,1607.9,1365.7,2814.1,779.3,1419.0,868.7,1377.6,1240.5,2628.9,5466.1,4723.5,1305.9,122.8
2026-07-27 02:00:00,646.2,151.2,879.1,495.5,579.9,381.4,115.3,13.8,319.5,1.0,347.3,1380.4,2775.2,5493.0,2139.9,1281.4,89.1,71.1,1046.0,1995.5,404.3,568.0,4105.2,5397.2,1853.1,597.2,4418.5,2492.6,2388.2,1540.4,1362.6,2789.0,767.0,1451.1,870.2,1515.5,1240.9,2619.1,5479.4,4685.9,1277.6,130.7
2026-07-27 02:15:00,600.3,152.3,873.3,511.8,581.4,381.5,114.8,13.9,333.2,1.0,351.9,1379.3,3041.4,5446.7,2135.8,1282.1,89.1,70.7,1020.8,2050.6,395.1,585.0,4099.9,5390.3,1839.8,597.2,4409.9,2506.7,2429.0,1539.8,1362.5,2771.1,764.1,1432.0,870.7,1493.7,1230.3,2620.1,5455.1,4679.0,1266.4,137.3
2026-07-27 02:30:00,597.9,153.3,868.9,330.9,563.1,381.2,114.8,13.8,367.4,1.0,351.9,1381.1,4142.4,5421.6,2129.7,1280.6,89.1,70.8,1010.4,2129.0,378.8,609.3,4096.8,5401.5,1832.0,599.2,4335.7,2526.7,2383.5,1548.0,1351.1,2790.9,762.2,1457.8,873.9,1474.2,1226.4,2601.1,5412.2,4680.7,1245.0,144.3
2026-07-27 02:45:00,594.9,154.2,863.1,347.2,555.5,381.1,114.7,13.9,362.2,1.0,343.0,1381.7,4159.6,5404.2,2126.0,1285.5,89.1,70.5,1008.0,2199.8,382.8,625.4,4053.1,5369.4,1826.9,599.0,4400.1,2539.4,2380.9,1542.8,1361.3,2809.1,758.8,1446.0,868.1,1457.1,1221.8,2603.2,5389.1,4671.0,1228.7,149.3
2026-07-27 03:00:00,595.9,155.5,861.6,399.6,565.1,380.5,111.4,12.9,371.2,1.0,379.3,1380.3,4129.4,5323.5,2113.1,1266.7,132.3,57.5,997.5,2296.6,364.7,671.4,4004.9,5240.3,1806.6,674.9,4352.2,2768.6,2355.1,1599.5,1354.9,2824.8,754.1,1451.3,870.9,1524.2,1225.5,2636.9,5416.2,4634.2,1263.9,158.8
2026-07-27 03:15:00,588.9,156.1,862.8,394.9,563.2,379.9,107.1,12.9,365.3,1.0,367.2,1377.5,3578.0,5278.7,2106.0,1247.8,130.7,57.9,995.4,2226.6,371.3,682.5,4004.5,5271.0,1800.3,676.1,4371.4,2778.3,2355.5,1589.4,1355.9,2824.5,752.6,1443.7,870.9,1512.9,1216.6,2631.0,5396.2,4622.5,1244.1,166.1
2026-07-27 03:30:00,565.6,156.8,858.2,404.7,551.4,379.2,107.1,12.9,370.4,1.0,384.8,1374.9,3797.0,5258.9,2099.7,1235.9,129.0,57.8,991.4,2250.6,370.8,704.3,4009.5,5336.8,1793.6,677.2,4366.8,2787.4,2353.2,1588.4,1353.0,2811.7,751.1,1441.2,862.8,1503.1,1206.0,2643.7,5373.9,4620.2,1237.1,173.9
2026-07-27 03:45:00,577.4,157.4,853.0,412.5,553.4,378.5,107.1,12.9,347.6,1.0,373.5,1370.5,3842.8,5239.2,2101.5,1233.6,127.4,58.2,992.4,2271.1,367.9,725.5,4007.1,5354.9,1788.5,678.3,4365.4,2797.2,2351.8,1589.0,1340.9,2805.2,748.9,1445.4,859.6,1496.9,1200.5,2644.9,5351.1,4616.9,1229.1,181.3
2026-07-27 04:00:00,598.9,158.4,847.8,401.8,553.7,379.3,105.1,4.9,379.9,1.0,304.1,1370.1,2795.7,5337.6,2029.4,1191.9,79.7,85.5,1105.6,2355.5,354.1,753.1,4068.8,5117.6,1769.8,604.4,4330.0,2854.0,2355.9,1699.6,1344.4,2952.0,755.8,1460.1,868.4,1647.4,1198.4,2594.3,5431.3,4710.8,1165.6,186.8
2026-07-27 04:15:00,604.0,160.2,865.8,391.7,555.3,382.3,105.6,4.9,375.2,1.0,310.7,1367.3,2797.4,5292.0,2026.0,1160.5,79.7,86.3,1103.1,2385.0,353.1,769.5,4085.7,5134.1,1770.9,604.6,4330.2,2863.5,2357.0,1706.7,1344.0,2958.9,751.7,1460.1,860.1,1642.4,1189.7,2595.2,5390.6,4699.6,1159.7,197.6
2026-07-27 04:30:00,572.3,162.3,881.7,391.3,553.5,389.2,105.1,4.9,334.5,1.0,330.4,1363.3,2757.9,5241.4,2025.8,1148.5,79.7,86.8,1100.2,2396.3,353.7,785.2,4123.9,5182.1,1767.6,604.7,4330.5,2874.0,2358.0,1719.5,1344.6,2978.2,753.1,1462.1,856.0,1635.5,1193.0,2611.2,5380.2,4729.7,1158.6,214.5
2026-07-27 04:45:00,594.1,164.2,905.3,390.8,551.2,399.0,105.1,4.9,344.1,1.0,324.8,1361.8,2736.7,5210.8,2023.8,1151.8,79.7,87.9,1091.0,2525.5,337.5,805.9,4162.4,5189.4,1775.7,605.1,4173.5,2931.4,2359.0,1718.1,1346.1,2978.6,750.1,1462.3,859.5,1625.0,1198.3,2616.3,5384.1,4751.8,1164.0,237.1
2026-07-27 05:00:00,596.2,167.6,947.2,401.6,585.2,497.2,112.0,36.3,280.1,3.0,252.6,1302.0,2817.3,5187.6,1798.0,1087.4,111.2,147.7,930.6,2495.7,370.0,789.3,4391.7,4801.2,1788.2,607.3,4336.4,2946.0,2405.6,1469.1,1359.9,2862.8,752.5,1443.7,857.7,2023.8,1188.4,3218.5,5264.2,4614.0,1149.7,261.6
2026-07-27 05:15:00,626.4,168.0,971.8,410.4,592.4,505.5,110.2,36.3,289.9,3.0,246.6,1297.6,2819.9,5101.4,1754.2,1079.6,111.2,151.5,929.9,2601.2,360.9,812.4,4457.2,4810.0,1803.7,606.6,4183.2,3011.5,2410.6,1472.2,1365.8,2876.7,753.1,1461.8,863.2,2012.1,1193.3,3224.1,5260.0,4649.0,1156.3,269.0
2026-07-27 05:30:00,628.9,175.8,978.7,424.2,605.4,526.1,109.8,38.1,297.7,3.0,267.5,1295.1,2844.3,5033.1,1757.0,1068.1,111.2,154.6,928.0,2789.3,350.9,819.7,4513.0,4858.9,1819.6,605.7,4194.1,3094.1,2373.5,1475.5,1364.4,2912.2,756.2,1461.9,862.9,1999.6,1204.4,3234.7,5266.9,4667.7,1152.7,278.7
2026-07-27 05:45:00,636.9,181.0,986.3,437.2,615.5,542.2,110.4,38.1,298.3,3.0,263.2,1291.5,2875.7,5043.5,1744.3,1081.8,111.2,160.4,932.8,2894.2,353.1,830.1,4571.0,4933.9,1828.9,605.0,4203.4,3209.8,2385.5,1474.8,1368.7,2915.6,761.3,1490.8,865.1,1989.1,1209.8,3282.6,5307.2,4670.4,1159.1,295.0
2026-07-27 06:00:00,639.6,206.3,1004.4,675.8,646.1,554.4,81.0,8.8,319.8,3.0,236.8,1280.7,2104.0,5060.0,1537.2,1035.9,143.2,135.0,1050.2,2627.9,390.5,839.5,4661.1,4656.8,1896.1,688.7,4150.0,3111.7,2440.3,1490.5,1446.6,2801.1,803.5,1517.2,882.3,2405.2,1236.6,3481.9,5415.3,4938.8,1179.0,298.9
2026-07-27 06:15:00,673.4,196.4,1012.3,693.8,658.9,611.7,81.0,9.1,308.7,3.0,235.7,1276.6,1928.9,4995.5,1530.9,1031.0,143.2,141.4,1048.8,2687.6,383.0,855.8,4720.1,4704.6,1928.0,693.1,4159.6,3474.0,2454.7,1491.8,1448.9,2830.8,807.2,1856.6,887.0,2397.5,1244.6,3534.5,5470.0,4952.8,1205.7,311.3
2026-07-27 06:30:00,656.7,237.1,1010.5,709.9,668.5,626.9,81.0,10.1,309.2,3.0,278.9,1275.8,1986.5,5171.8,1538.6,1042.3,143.2,145.3,1051.2,2697.8,388.9,862.9,4767.7,4843.1,1960.7,690.8,4186.1,3625.1,2437.8,1497.7,1465.6,2858.1,822.7,1913.5,896.6,2395.1,1258.4,3524.6,5537.5,4949.7,1228.6,318.6
2026-07-27 06:45:00,660.4,245.3,1010.5,723.4,682.8,648.6,81.0,11.5,297.0,16.2,256.5,1270.6,2006.0,5247.6,1539.3,1068.7,143.2,129.9,1055.9,2737.9,390.6,867.1,4816.0,4923.5,1994.2,690.2,4198.2,3692.7,2443.7,1493.6,1470.3,2862.9,831.1,1970.0,904.7,2393.5,1279.4,3566.2,5610.7,4953.3,1261.7,331.8
2026-07-27 07:00:00,703.0,241.8,1019.3,709.1,713.4,634.4,84.0,24.7,295.3,3.8,215.9,1349.7,2053.4,4976.5,1373.8,1099.2,129.7,137.5,1103.8,2649.3,427.8,871.0,4950.7,4666.9,2060.2,730.6,4278.2,3717.1,2500.7,1507.0,1528.9,2842.1,860.8,2002.4,915.8,2638.5,1332.9,3744.2,5752.2,5053.1,1316.2,426.3
2026-07-27 07:15:00,728.5,225.0,1015.4,709.9,726.4,670.8,84.0,27.0,283.1,61.9,220.6,1350.4,2060.9,5016.3,1392.4,1101.2,129.7,151.7,1099.3,2691.5,422.9,868.6,4996.9,4739.0,2097.5,734.2,4292.7,3709.5,2490.9,1503.1,1534.6,2846.6,875.0,2010.5,923.1,2638.6,1345.8,3755.1,5806.5,5049.8,1341.3,444.5
2026-07-27 07:30:00,730.0,234.8,994.0,700.0,735.5,717.7,84.0,33.8,277.1,43.5,260.3,1349.8,2226.2,4960.1,1386.8,1111.9,129.8,133.6,1090.3,2745.2,413.9,874.7,5035.6,4772.4,2119.7,730.7,4304.4,3597.2,2482.7,1508.3,1539.8,2848.5,880.5,1946.5,929.3,2638.8,1354.2,3736.8,5844.2,5092.0,1354.6,441.3
2026-07-27 07:45:00,712.4,263.5,972.9,684.2,734.9,705.2,84.0,34.2,263.0,37.8,270.3,1360.9,2272.3,4935.5,1357.8,1144.5,129.7,136.8,1114.9,2784.5,419.3,873.8,5059.4,4876.0,2144.8,729.3,4308.8,3423.3,2499.7,1520.7,1548.7,2849.9,888.9,1929.7,934.0,2639.0,1359.4,3775.0,5875.1,5089.3,1366.9,462.4
2026-07-27 08:00:00,714.3,272.1,963.0,685.3,742.6,672.2,99.7,39.0,292.1,81.4,253.9,1350.7,2129.8,4962.5,1833.4,1190.9,210.2,131.1,1233.6,2807.2,432.8,788.1,5143.5,4804.7,2201.5,728.0,4376.5,3455.8,2565.2,1505.8,1570.5,2748.5,892.7,1826.9,935.7,2701.2,1375.2,3890.3,5870.8,5064.8,1350.7,484.8
2026-07-27 08:15:00,710.8,284.3,927.8,692.2,743.7,697.8,80.2,22.0,275.9,75.4,262.7,1361.2,2485.0,4846.3,1809.6,1183.9,210.2,112.1,1226.4,2807.4,436.4,786.1,5169.6,4838.6,2223.9,728.3,4379.1,3365.4,2532.0,1509.5,1572.2,2754.3,890.9,1678.0,942.1,2702.3,1371.5,3891.6,5877.2,5043.8,1356.2,506.7
2026-07-27 08:30:00,715.9,275.0,878.0,502.9,740.6,771.1,80.2,22.0,269.6,22.0,305.6,1375.2,2966.1,5033.3,1762.5,1174.0,210.2,87.8,1220.7,2933.5,427.9,803.8,5189.9,4817.6,2235.8,728.5,4332.2,3256.7,2556.4,1516.4,1576.1,2740.8,899.9,1615.3,947.2,2703.9,1373.3,3887.7,5879.0,5059.0,1345.5,521.8
2026-07-27 08:45:00,710.9,286.9,826.3,502.0,734.5,794.3,80.2,17.1,259.1,27.0,314.7,1389.9,3511.6,5298.4,1740.3,1189.9,210.2,107.8,1217.8,2878.3,448.0,811.9,5204.2,4857.8,2259.6,727.6,4388.5,2943.4,2591.9,1520.7,1579.6,2697.9,911.9,1463.8,955.2,2704.3,1375.9,3888.1,5884.5,5092.5,1345.9,557.9
2026-07-27 09:00:00,707.1,322.4,802.1,495.7,741.0,429.1,110.3,10.4,252.1,28.5,359.8,1311.2,3600.8,5111.5,1926.5,1173.3,223.9,103.6,1153.1,3135.6,425.6,807.1,5281.2,5083.1,2294.4,670.9,4528.3,3336.5,2584.6,1600.4,1594.7,2673.7,893.5,1500.6,965.0,2686.3,1373.9,3909.9,5893.1,4850.2,1335.4,558.8
2026-07-27 09:15:00,706.9,320.6,773.5,533.7,752.0,453.8,102.6,11.3,238.3,34.3,354.3,1332.2,3628.4,4804.4,1884.9,1200.6,225.8,95.5,1170.8,3127.2,425.4,802.8,5289.7,5045.5,2312.3,671.4,4600.9,3170.3,2548.9,1618.7,1600.9,2706.8,896.6,1359.3,970.0,2686.5,1374.2,3905.2,5909.8,4843.9,1328.8,603.6
2026-07-27 09:30:00,707.1,331.8,743.3,581.5,751.2,513.0,97.0,10.0,228.7,47.1,358.2,1346.0,4332.2,4772.8,1846.6,1231.5,224.8,97.1,1178.2,3050.3,424.6,808.0,5300.5,4821.0,2322.9,672.8,4741.3,3105.8,2596.2,1611.6,1599.2,2754.8,898.3,1359.2,971.9,2687.4,1370.9,3888.3,5937.8,4886.9,1326.0,641.1
2026-07-27 09:45:00,701.7,332.7,711.3,611.0,752.7,537.6,97.4,10.3,221.4,61.5,368.6,1366.4,4622.2,4775.7,1876.5,1241.7,223.9,100.6,1192.6,2941.3,437.4,810.7,5310.5,4646.8,2338.5,673.7,4813.4,3092.9,2604.5,1617.7,1601.4,2785.1,903.8,1322.9,971.9,2689.3,1367.4,3834.4,5938.5,4932.9,1315.2,683.6
2026-07-27 10:00:00,702.0,364.7,763.7,665.5,758.7,567.1,195.6,9.4,212.4,81.4,431.2,1506.0,4677.7,5126.7,2194.2,1249.6,224.2,125.2,1315.8,3048.9,491.7,824.5,5337.9,5029.1,2367.3,677.0,4803.2,3113.2,2593.1,1595.1,1597.6,2782.7,680.7,1302.0,968.4,2004.0,1354.9,3199.5,5920.2,4984.5,1294.0,734.5
2026-07-27 10:15:00,698.3,366.8,743.2,659.1,763.1,551.6,197.0,9.7,210.3,93.7,424.7,1522.9,4699.5,5177.8,2222.6,1247.7,229.8,46.0,1321.5,2967.3,503.2,803.7,5384.5,4649.3,2390.6,677.7,4813.3,3112.7,2600.2,1604.4,1602.8,2798.3,683.9,1275.5,963.8,2005.9,1355.6,3099.7,5920.5,5025.8,1284.8,772.0
2026-07-27 10:30:00,697.4,374.6,728.4,691.1,764.6,497.7,197.4,9.8,196.8,104.7,404.8,1540.9,5554.3,5125.4,2180.0,1269.4,239.5,46.9,1317.7,2877.1,496.0,812.2,5389.3,4423.9,2387.9,679.4,4818.4,3113.0,2556.6,1625.4,1610.7,2806.7,914.0,1278.2,961.7,2007.2,1352.8,2999.8,5905.0,5067.8,1281.4,810.6
2026-07-27 10:45:00,694.1,354.7,714.8,719.7,759.1,429.6,190.7,9.6,183.7,114.2,392.6,1565.6,5533.5,5166.4,2151.6,1242.4,218.9,52.8,1317.9,2798.0,516.5,791.3,5406.6,4292.2,2393.7,680.9,4813.6,3115.4,2566.2,1636.2,1599.9,2794.8,914.1,1274.3,963.9,2007.8,1352.4,2926.3,5918.4,5105.5,1294.9,845.4
2026-07-27 11:00:00,688.3,384.0,647.6,742.0,744.3,553.4,249.8,9.5,178.4,124.7,336.7,1715.4,5757.9,5394.5,2296.9,1227.0,123.5,185.3,1598.8,2533.1,517.0,650.4,5483.3,4355.6,2422.0,732.5,4657.0,2843.8,2542.1,1731.3,1602.3,2693.0,930.4,1296.7,959.1,1764.3,1350.3,2638.5,5879.8,5181.7,1261.7,887.3
2026-07-27 11:15:00,680.7,407.8,649.5,764.9,740.6,501.6,239.3,9.4,178.0,143.7,333.1,1737.0,5742.5,5472.1,2266.0,1234.3,124.1,195.6,1608.7,1818.3,517.3,386.9,5494.3,4307.3,2430.5,733.9,4659.4,2835.9,2546.9,1734.7,1601.9,2683.4,925.5,1291.8,958.9,1764.6,1347.6,2621.5,5871.4,5226.6,1262.5,911.2
2026-07-27 11:30:00,679.7,398.7,874.8,792.4,747.4,551.2,242.5,9.2,177.6,153.5,335.5,1760.9,5771.4,5432.1,2290.5,1221.8,124.5,186.9,1609.4,1611.8,516.5,429.4,5504.5,4318.1,2417.9,736.1,4740.9,2838.0,2554.3,1742.5,1600.8,2663.5,926.9,1287.2,959.3,1769.5,1340.2,2634.7,5858.0,5266.8,1258.5,932.3
2026-07-27 11:45:00,680.9,403.0,885.6,803.1,750.5,520.0,217.7,8.8,176.4,110.3,336.2,1776.2,5777.6,5244.2,2259.9,1166.4,136.2,167.7,1609.1,1624.5,522.4,437.5,5512.2,4188.0,2423.7,737.7,4745.8,2838.4,2552.3,1761.8,1603.2,2657.9,926.7,1216.2,960.5,1779.0,1331.4,2580.7,5854.0,5303.7,1263.3,955.5
2026-07-27 12:00:00,684.4,408.0,1108.7,800.5,753.4,570.8,136.0,7.7,187.0,183.3,270.1,1842.4,5708.0,5363.9,2046.2,1236.5,117.2,177.7,1763.0,1632.6,530.0,413.8,5539.3,4193.4,2438.9,741.9,4599.9,2839.6,2563.3,1765.4,1597.7,2604.1,927.7,1385.5,963.0,1846.3,1342.8,2290.3,5915.1,5381.2,1212.9,991.4
2026-07-27 12:15:00,687.5,408.8,1112.6,798.2,759.2,564.3,135.5,7.3,184.5,153.4,270.8,1855.3,5748.3,5322.8,2049.1,1246.9,121.8,148.1,1760.8,1643.1,528.5,406.0,5539.6,4138.6,2445.0,741.9,4603.7,2811.5,2564.6,1782.5,1596.4,2588.5,931.0,1336.9,963.3,1853.9,1329.9,2281.6,5907.4,5415.6,1207.3,1014.0
2026-07-27 12:30:00,683.8,410.6,1116.9,789.7,756.0,558.0,135.5,7.0,182.3,162.1,287.4,1868.7,5757.2,5329.4,2049.6,1256.8,122.9,147.6,1756.8,1649.2,526.4,441.2,5534.9,4075.9,2438.9,744.2,4606.2,2771.1,2559.4,1777.7,1584.7,2565.1,926.9,1330.1,963.0,1859.3,1321.7,2272.1,5906.2,5448.9,1199.2,1036.9
2026-07-27 12:45:00,683.2,410.8,1125.0,779.3,752.8,535.6,137.8,21.5,178.4,167.4,274.0,1888.3,5740.3,5328.2,2036.4,1193.9,123.7,147.3,1755.9,1663.3,522.4,436.4,5528.3,4066.7,2440.1,747.6,4612.2,2764.3,2564.3,1784.9,1588.4,2564.4,921.2,1331.1,959.1,1863.7,1320.1,2272.0,5936.8,5480.8,1201.9,1057.3
2026-07-27 13:00:00,680.6,419.8,1189.0,757.2,768.8,545.4,176.9,36.3,163.7,159.6,317.1,1573.2,5657.1,5487.3,2054.7,1283.7,99.1,174.9,1790.1,1814.0,566.0,444.6,5575.9,4060.3,2438.9,754.6,4686.7,2850.8,2537.1,1874.3,1549.4,2455.3,920.7,1418.4,953.6,1718.9,1320.8,2128.7,5906.2,5544.4,1191.7,1076.8
2026-07-27 13:15:00,688.9,431.0,1200.5,785.8,782.2,494.2,175.5,35.4,162.9,165.5,314.3,1580.1,5678.8,5432.5,2030.5,1312.9,98.6,175.7,1788.1,1782.3,553.1,423.5,5571.8,4047.9,2437.9,756.2,4695.0,2841.3,2540.2,1878.5,1547.6,2443.8,924.6,1418.4,950.3,1722.1,1324.5,2127.5,5906.1,5573.7,1183.5,1091.9
2026-07-27 13:30:00,690.2,430.2,1206.3,801.7,790.5,473.6,177.1,18.5,162.5,167.2,328.7,1582.5,5682.4,5207.8,2009.9,1312.0,98.0,176.5,1818.8,1656.3,557.3,421.7,5592.2,4039.1,2441.5,758.0,4758.4,2838.4,2537.3,1877.7,1547.1,2433.5,921.7,1407.9,948.0,1724.2,1326.5,2127.7,5904.0,5602.1,1177.9,1106.9
2026-07-27 13:45:00,690.2,428.0,1220.9,810.5,791.3,451.1,177.2,44.5,162.1,173.1,341.4,1589.8,5683.1,4993.6,1997.5,1295.0,96.9,152.4,1840.6,1653.4,546.2,436.8,5582.9,4030.9,2442.0,760.5,4753.0,2840.3,2541.3,1886.5,1547.5,2429.5,918.5,1382.8,947.6,1725.6,1329.2,2128.6,5919.6,5631.2,1181.5,1121.8
2026-07-27 14:00:00,692.1,427.9,1224.5,821.0,789.5,430.2,251.5,71.1,135.3,134.9,358.6,1681.9,5584.3,5145.6,2033.1,1231.3,129.6,113.8,1824.0,1483.2,545.8,514.5,5553.8,4086.2,2440.4,767.6,4623.7,2593.5,2514.7,1898.9,1552.7,2458.5,921.0,1502.6,945.8,1747.7,1327.9,2108.1,6039.2,5785.8,1179.9,1133.6
2026-07-27 14:15:00,703.8,421.0,1239.5,839.2,792.3,410.9,247.8,62.0,134.9,120.5,360.0,1690.9,5582.9,5129.9,2022.0,1225.7,129.6,114.7,1835.2,1502.9,539.4,498.5,5545.8,4084.2,2439.0,769.1,4581.4,2597.3,2517.6,1909.5,1556.3,2455.3,918.8,1466.5,944.4,1744.3,1329.9,2107.2,6044.0,5801.3,1182.5,1150.8
2026-07-27 14:30:00,699.1,405.0,1246.1,852.9,797.8,388.5,247.8,56.2,133.4,129.5,386.9,1691.3,5583.2,5138.2,2010.3,1221.5,129.6,135.1,1855.5,1512.4,538.1,476.9,5542.0,4085.7,2437.9,769.4,4578.6,2601.9,2515.0,1907.5,1552.6,2444.6,918.9,1459.7,944.4,1739.6,1331.1,2110.2,6042.7,5820.6,1177.0,1162.7
2026-07-27 14:45:00,751.3,398.4,1248.9,865.8,794.6,372.5,248.0,65.2,133.2,156.4,375.8,1689.1,5571.7,5216.7,2005.9,1223.5,129.7,135.0,1811.5,1502.9,536.7,478.4,5538.4,4104.3,2430.5,770.4,4577.4,2607.2,2516.6,1914.4,1549.6,2434.2,919.9,1451.8,943.9,1737.0,1332.4,2118.3,6026.0,5834.3,1180.2,1172.2
2026-07-27 15:00:00,750.9,396.6,1240.4,868.2,779.8,347.0,214.3,73.1,138.2,139.1,420.1,1626.3,5519.2,5187.1,1985.8,1232.1,128.2,125.5,1781.1,1107.5,511.7,503.0,5483.6,4060.8,2434.1,779.3,4648.5,2467.0,2488.1,1881.3,1548.9,2476.3,915.4,1575.5,939.3,1850.4,1335.9,2264.0,6098.8,5858.9,1201.2,1187.3
2026-07-27 15:15:00,799.7,375.2,1246.2,900.9,785.3,352.1,214.9,72.8,137.9,196.2,424.0,1619.4,5499.6,5227.7,1982.6,1219.6,128.3,126.1,1746.0,1088.8,499.3,486.2,5461.1,4071.7,2427.7,779.2,4629.8,2468.5,2492.1,1888.4,1549.5,2473.5,913.8,1556.2,938.5,1846.4,1339.8,2273.0,6087.9,5860.5,1206.4,1198.6
2026-07-27 15:30:00,805.9,361.3,1245.8,916.4,782.2,344.1,214.7,72.4,139.4,195.3,407.2,1601.4,5477.0,5451.5,1980.2,1216.8,128.3,146.5,1759.0,1233.1,499.3,470.2,5464.4,4068.1,2441.5,779.3,4572.0,2469.3,2490.7,1895.8,1552.5,2468.9,918.0,1524.0,937.1,1840.0,1346.2,2276.5,6072.8,5874.0,1208.5,1204.1
2026-07-27 15:45:00,806.6,349.2,1255.8,953.2,779.4,339.2,213.7,72.3,139.5,194.2,395.5,1600.2,5466.4,5337.4,1977.5,1215.6,128.3,146.9,1779.2,1684.5,499.0,473.3,5462.1,4062.5,2443.5,779.2,4571.0,2479.3,2492.9,1906.6,1544.9,2459.9,913.6,1510.1,939.0,1831.2,1355.2,2279.4,6076.2,5875.2,1216.2,1212.9
2026-07-27 16:00:00,790.3,324.9,1062.7,1024.5,784.8,326.7,130.7,52.2,155.2,120.7,336.0,1617.1,5472.6,5534.0,1865.1,1187.9,124.7,139.1,1805.8,1457.9,501.0,545.1,5438.3,4014.9,2458.0,787.8,4716.1,2877.2,2450.0,1922.5,1548.9,2509.4,903.4,1227.6,944.1,1800.1,1373.6,2452.1,6063.8,5757.5,1251.8,1217.4
2026-07-27 16:15:00,729.9,305.0,1072.2,1062.4,797.8,308.8,121.8,48.3,158.7,175.5,326.6,1610.1,5464.3,5764.4,1915.5,1173.5,124.7,138.4,1786.2,1602.7,504.7,560.3,5438.1,3995.7,2451.5,787.5,4717.9,2878.8,2481.0,1926.8,1543.5,2508.6,905.9,1326.6,949.4,1793.9,1383.7,2445.4,6046.1,5741.4,1258.8,1220.2
2026-07-27 16:30:00,744.6,285.7,867.5,1110.7,803.4,291.9,119.4,28.1,161.5,236.0,303.2,1595.6,5452.8,5878.2,1968.7,1158.8,124.7,157.2,1790.5,1665.5,510.0,549.4,5439.2,4012.8,2452.2,788.0,4723.6,2881.1,2478.8,1929.2,1528.9,2504.0,899.1,1328.9,952.9,1786.7,1395.9,2453.4,6088.7,5727.4,1260.3,1219.4
2026-07-27 16:45:00,735.2,267.2,898.5,1167.0,799.5,291.2,115.8,31.6,163.6,224.4,288.6,1592.7,5433.4,6060.6,2067.0,1149.0,124.8,158.7,1799.2,1665.7,525.1,590.6,5439.3,4098.8,2461.9,787.3,4636.4,2892.4,2466.3,1932.5,1529.5,2513.8,902.8,1331.4,960.0,1778.9,1406.4,2478.4,6142.7,5709.1,1272.9,1213.0
2026-07-27 17:00:00,751.3,244.2,903.8,1156.4,796.3,294.6,126.3,66.8,137.7,185.4,221.2,1485.2,5311.3,5885.5,2133.1,1165.4,121.6,143.4,1460.0,1820.5,556.2,722.3,5423.9,4044.8,2460.6,640.6,4681.4,3075.7,2472.2,1935.2,1567.2,2626.2,889.1,1263.6,971.1,1945.5,1416.1,2708.7,6212.7,5658.4,1293.1,1216.5
2026-07-27 17:15:00,754.9,233.7,926.3,1238.0,801.1,311.5,119.6,62.9,141.6,195.6,239.3,1474.4,5256.1,5836.7,2144.5,1225.3,121.6,163.4,1434.8,2441.4,570.9,772.3,5443.3,4197.9,2461.3,641.7,4670.3,3076.8,2458.0,1963.9,1565.2,2608.4,887.8,1326.7,975.6,1940.4,1429.1,2768.2,6251.9,5662.2,1306.0,1205.0
2026-07-27 17:30:00,754.3,216.7,951.1,1296.6,799.7,303.9,119.5,59.4,143.6,167.7,255.8,1470.2,4146.2,5763.4,2153.2,1279.3,121.6,143.4,1417.4,2895.2,557.8,846.6,5451.4,4360.0,2447.8,643.0,4626.5,3071.5,2453.1,1965.1,1564.8,2639.5,887.9,1328.8,974.5,1934.6,1429.6,2915.3,6301.5,5646.0,1316.4,1197.3
2026-07-27 17:45:00,748.1,202.8,971.0,1343.9,768.0,292.7,118.8,66.2,135.9,134.9,270.0,1461.5,3799.0,5652.8,2196.8,1275.7,121.6,193.3,1405.8,3170.6,550.9,843.2,5417.1,4747.7,2446.2,643.1,4628.8,3065.8,2454.9,1967.2,1554.1,2665.5,891.8,1328.9,975.0,1928.5,1427.6,3048.6,6357.7,5636.9,1338.4,1182.4
2026-07-27 18:00:00,757.6,185.6,932.5,1357.9,774.8,545.2,42.1,66.3,96.8,112.9,211.5,1453.2,3582.4,5184.4,1908.0,1297.7,0.0,178.3,1479.2,3088.3,507.4,878.5,5487.3,4375.4,2428.7,789.0,4534.9,2860.1,2439.8,2070.3,1555.5,2666.4,906.1,1412.6,969.4,2292.1,1432.8,3231.1,6326.2,5603.7,1374.6,1190.7
2026-07-27 18:15:00,762.6,176.7,951.9,1367.8,772.6,534.2,34.5,58.4,115.0,89.5,198.8,1413.8,3580.2,5038.3,1877.6,1271.5,0.0,169.1,1457.3,3164.8,488.0,858.2,5494.8,4417.4,2426.0,791.0,4419.4,2985.6,2396.1,2071.4,1561.1,2675.5,900.1,1449.7,970.8,2285.9,1432.7,3261.2,6354.0,5583.4,1375.0,1171.6
2026-07-27 18:30:00,766.8,167.7,973.5,1400.0,765.2,521.6,34.3,33.2,131.6,69.8,238.7,1377.1,3578.8,4920.1,1871.7,1268.4,0.1,179.7,1457.7,3339.3,461.9,846.8,5500.2,4518.8,2440.5,793.0,4377.2,3091.4,2391.7,2096.1,1561.8,2682.9,904.7,1957.5,973.6,2284.4,1431.4,3301.3,6386.2,5558.1,1387.2,1152.1
2026-07-27 18:45:00,772.7,160.6,996.2,1377.0,768.2,509.2,34.3,36.4,145.4,50.7,240.9,1351.9,3578.9,4748.3,1898.9,1297.8,0.0,195.4,1470.2,3434.4,480.6,840.8,5495.2,4618.1,2437.7,794.6,4388.7,3613.0,2392.3,2158.3,1561.0,2687.5,898.7,2057.0,974.7,2283.2,1427.8,3326.4,6416.3,5548.1,1381.6,1134.0
2026-07-27 19:00:00,770.6,156.4,1028.2,1402.9,775.7,506.1,12.0,19.6,212.1,39.9,257.9,1316.2,3517.9,4543.6,1694.5,1344.1,0.0,161.5,1412.8,3058.3,467.6,861.5,5461.1,4478.7,2414.5,736.6,4380.6,4070.1,2388.3,2325.9,1554.0,2708.5,900.5,2162.7,973.9,2658.4,1420.5,3424.1,6447.3,5536.7,1395.8,1113.3
2026-07-27 19:15:00,764.3,160.6,1058.8,1446.3,784.5,495.8,12.0,19.3,244.3,31.4,258.6,1293.1,3296.7,4324.7,1614.7,1313.2,0.0,171.3,1425.0,3053.8,474.4,845.6,5456.3,4523.8,2423.6,742.6,4428.9,4634.0,2391.5,2300.2,1554.2,2709.4,901.1,2336.7,975.7,2655.5,1424.0,3450.3,6451.5,5540.9,1394.7,1099.9
2026-07-27 19:30:00,771.7,160.0,1084.6,1418.9,791.6,485.8,12.0,18.8,280.2,39.8,261.6,1270.4,2262.5,4411.2,1566.6,1479.6,0.0,160.5,1431.7,3065.5,485.8,841.4,5428.4,4556.5,2416.3,825.5,4430.3,4627.1,2387.0,2294.4,1557.8,2713.4,883.5,2324.7,974.6,2653.0,1429.8,3467.1,6457.6,5518.6,1394.6,1088.1
2026-07-27 19:45:00,775.4,156.8,1100.7,1444.2,794.4,468.3,12.1,18.8,305.9,84.2,264.1,1255.5,2060.1,3999.8,1621.3,1599.3,0.1,174.5,1434.0,2987.5,487.3,837.4,5406.1,4547.2,2414.2,828.4,4430.1,4818.6,2389.5,2290.1,1553.9,2710.0,884.6,2386.3,971.7,2649.5,1442.9,3477.8,6467.6,5560.5,1397.0,1079.7
2026-07-27 20:00:00,768.1,157.8,1093.1,1408.5,791.6,461.7,12.0,52.3,330.2,22.6,562.3,1327.0,2050.2,3551.5,1396.9,1725.6,96.5,103.3,1296.3,2778.0,459.5,928.6,5313.8,4523.7,2399.9,843.4,4450.0,5090.2,2379.8,2259.5,1562.3,2695.2,878.8,2501.1,966.2,2598.4,1459.2,3409.7,6500.8,5685.1,1397.7,1099.5
2026-07-27 20:15:00,767.9,161.5,1104.0,1389.9,795.3,455.8,12.1,52.3,334.2,83.4,535.6,1314.5,2037.8,3415.5,1407.4,1710.5,96.5,92.9,1300.5,2716.3,461.7,926.5,5295.7,4514.6,2395.9,846.7,4446.6,5176.3,2374.9,2259.3,1549.5,2667.4,877.6,2558.9,964.6,2597.2,1471.8,3428.7,6490.9,5682.5,1399.1,1097.6
2026-07-27 20:30:00,772.3,165.8,1103.7,1354.4,796.9,450.3,12.0,52.3,345.4,81.2,521.2,1302.5,2033.9,3401.2,1448.3,1692.6,96.5,117.3,1311.7,2667.7,463.5,924.3,5272.4,4480.5,2389.8,850.6,4449.0,5194.0,2371.8,2264.7,1552.5,2655.9,877.9,2587.3,965.2,2595.7,1480.5,3443.5,6475.5,5700.3,1399.0,1094.6
2026-07-27 20:45:00,777.2,170.4,1102.1,1308.6,801.1,445.7,12.0,53.4,351.1,79.5,527.2,1290.8,2001.8,3390.4,1505.1,1704.7,96.6,116.3,1319.2,2597.7,468.1,922.4,5234.0,4447.1,2388.0,853.6,4449.5,5287.5,2375.1,2266.0,1549.6,2632.8,873.9,2648.8,968.0,2593.9,1470.6,3446.6,6455.7,5679.7,1391.9,1100.9
2026-07-27 21:00:00,764.1,176.4,1103.3,1390.9,793.1,444.6,12.0,56.8,348.3,79.9,524.3,1300.5,1919.9,3389.8,1646.6,1756.7,115.9,19.0,1266.0,2664.8,421.9,948.0,5292.5,4569.7,2361.6,884.1,4407.6,5251.4,2372.1,2367.2,1545.5,2675.7,873.3,2719.2,969.5,2359.1,1383.8,3355.2,6444.5,5656.6,1384.4,1090.5
2026-07-27 21:15:00,757.1,183.0,1091.5,1387.4,782.6,444.1,12.0,56.8,351.7,78.1,521.7,1294.6,1913.8,3283.3,1672.1,1728.9,115.9,19.0,1265.3,2567.7,444.8,946.6,5323.3,4467.2,2356.9,886.5,4403.9,5377.1,2367.4,2366.0,1545.3,2622.8,871.9,2775.9,965.1,2359.1,1368.2,3375.1,6416.8,5687.0,1377.2,1104.6
2026-07-27 21:30:00,755.1,190.1,1070.9,1335.0,777.1,443.7,12.0,56.8,354.8,76.9,535.9,1290.2,1902.8,3013.6,1677.7,1722.8,115.9,18.7,1274.1,2519.9,440.0,944.9,5311.5,4406.9,2332.7,888.0,4408.7,5398.4,2363.2,2404.6,1545.5,2557.2,868.4,2791.0,964.7,2359.3,1363.6,3403.3,6434.5,5710.1,1372.9,1107.1
2026-07-27 21:45:00,743.6,197.3,1040.3,1332.3,765.5,444.0,12.0,55.7,351.6,76.7,539.1,1285.9,1936.0,2942.5,1679.4,1724.5,115.9,28.5,1290.9,2481.7,424.5,943.3,5284.9,4269.5,2330.8,890.4,4395.8,5427.0,2371.9,2412.1,1541.4,2527.2,862.6,2823.2,965.1,2359.4,1362.5,3369.5,6405.4,5734.1,1375.5,1109.9
2026-07-27 22:00:00,700.3,204.6,997.6,1376.3,743.5,335.3,2.0,57.3,342.2,75.0,506.7,1263.6,1702.5,3021.2,1623.4,1741.8,70.4,66.0,1250.1,2439.4,427.1,974.1,5207.9,4621.1,2342.7,905.4,4411.8,5356.0,2372.0,2451.7,1537.3,2514.2,863.3,2776.3,958.0,1824.1,1357.2,3367.2,6312.1,5769.5,1356.1,1123.8
2026-07-27 22:15:00,692.6,206.4,965.6,1374.0,741.6,337.3,2.0,57.3,337.3,74.7,499.3,1258.6,1696.8,2930.0,1584.9,1714.7,70.4,66.1,1239.8,2408.1,418.5,975.5,5150.0,4454.1,2333.9,904.4,4403.9,5401.1,2371.9,2464.7,1539.3,2489.1,859.2,2798.3,954.2,1824.0,1369.8,3375.6,6274.9,5782.2,1344.2,1127.4
2026-07-27 22:30:00,693.3,208.1,934.4,1247.9,733.5,339.8,2.0,56.2,341.8,74.8,522.0,1264.0,1685.2,2820.4,1537.6,1708.0,70.4,86.2,1239.8,2384.0,410.3,974.7,5088.4,4267.1,2325.6,903.9,4400.3,5344.8,2365.6,2489.6,1524.2,2434.0,855.0,2819.0,950.3,1824.1,1365.1,3370.8,6246.9,5806.3,1330.4,1137.9
2026-07-27 22:45:00,686.1,210.0,902.1,1230.7,716.5,341.8,2.0,56.2,348.8,16.7,528.6,1254.0,1676.8,2863.4,1527.8,1704.0,70.4,86.3,1235.5,2341.2,404.7,974.2,5032.2,4083.3,2309.0,904.0,4384.6,5283.9,2366.1,2504.2,1521.3,2399.6,850.9,2836.4,943.0,1823.8,1364.4,3326.4,6226.0,5840.7,1327.4,1145.2
2026-07-27 23:00:00,657.1,215.5,906.2,1254.0,677.8,164.9,12.0,56.8,337.7,28.0,513.7,1263.7,1524.6,2819.4,1506.3,1697.4,65.5,131.3,1142.3,2285.3,396.1,994.0,4896.8,4339.3,2262.4,890.0,4299.5,5323.0,2360.2,2481.7,1504.6,2437.5,833.0,2761.3,939.2,1355.4,1352.4,3195.3,6128.3,5861.3,1286.2,1144.5
2026-07-27 23:15:00,669.7,216.6,877.2,1205.5,666.5,165.4,12.0,55.7,330.1,11.5,501.4,1282.1,1533.2,2857.4,1451.2,1705.9,65.5,151.2,1142.4,2241.9,378.3,991.2,4848.9,4162.5,2228.7,889.9,4284.2,5255.9,2360.4,2505.5,1505.2,2411.0,826.9,2759.8,935.5,1355.9,1337.6,3200.9,6070.1,5864.6,1261.8,1153.0
2026-07-27 23:30:00,665.1,216.0,857.4,1173.9,651.0,165.5,12.0,55.7,331.6,2.1,479.0,1273.5,1527.0,2876.9,1416.0,1708.1,65.5,151.6,1139.2,2222.0,378.8,986.7,4819.4,4013.5,2206.2,889.8,4279.9,5194.3,2351.8,2520.9,1501.2,2379.2,820.4,2775.4,933.1,1356.3,1319.0,3182.2,6016.0,5880.0,1251.6,1157.2
2026-07-27 23:45:00,657.5,217.7,845.1,1126.4,641.0,158.2,12.0,55.7,319.8,2.1,478.0,1286.5,1826.3,3070.7,1397.4,1698.6,65.5,116.9,1132.2,2221.2,382.6,991.7,4780.3,3966.2,2168.8,889.6,4261.2,5150.8,2344.8,2502.9,1497.4,2261.5,816.4,2766.1,926.6,1356.8,1285.6,3228.3,5929.5,5803.9,1228.8,1157.3
2026-07-28 00:00:00,626.2,269.8,821.9,1154.6,616.1,455.6,35.7,5.5,323.8,23.2,145.0,1237.6,1332.5,2282.4,690.0,1269.1,61.6,181.4,1119.6,2178.8,365.5,1002.4,4718.2,4174.7,2083.6,816.9,4327.2,4756.0,2238.4,2479.3,1497.0,2349.1,828.0,2753.3,968.0,1264.6,1258.5,3069.5,5829.7,5959.7,1198.3,1122.2
2026-07-28 00:15:00,637.9,264.2,811.2,1107.7,611.1,458.0,40.1,5.6,315.9,20.8,139.9,1231.7,1968.8,2297.2,888.3,1443.4,61.6,180.8,1118.8,2172.4,370.3,999.9,4695.5,4068.4,2059.8,818.0,4319.8,4669.9,2230.2,2484.0,1495.2,2326.4,821.6,2791.2,964.6,1263.6,1245.1,3100.1,5764.9,5958.0,1182.5,1120.4
2026-07-28 00:30:00,635.7,262.4,800.0,1103.7,608.9,458.6,38.9,3.0,311.9,16.1,115.8,1208.9,2133.2,2283.5,1118.3,1618.9,61.6,180.1,1131.3,2138.4,366.4,991.9,4695.5,4008.0,2028.8,817.9,4304.1,4616.2,2221.0,2489.7,1490.7,2303.2,818.8,2788.1,961.1,1263.1,1233.9,3143.1,5744.1,5943.8,1177.8,1114.2
2026-07-28 00:45:00,635.6,260.5,792.5,1056.5,603.7,447.1,42.6,3.1,312.6,16.1,109.1,1211.4,2519.0,2297.9,1293.9,1780.8,61.6,179.6,1135.2,2067.8,365.2,986.3,4677.6,3969.8,1999.3,802.2,4292.3,4605.0,2207.9,2495.6,1489.5,2278.5,808.6,2751.7,954.0,1261.7,1220.5,3196.8,5688.1,5860.2,1162.3,1116.7
2026-07-28 01:00:00,624.6,255.6,794.6,1101.4,591.2,463.0,39.7,13.0,313.4,10.4,115.1,1226.9,2065.5,2226.7,1356.2,1841.0,58.0,183.7,1046.7,2091.9,363.6,970.7,4605.6,4116.1,1948.3,805.3,4215.7,4558.5,2232.9,2400.8,1460.0,2191.7,814.1,2733.9,947.0,948.6,1209.3,3157.5,5609.7,5993.4,1134.8,1133.2
2026-07-28 01:15:00,625.9,246.7,788.2,1098.5,588.2,463.1,44.5,13.1,312.6,10.4,104.3,1228.1,2298.8,2239.5,1339.4,1802.0,57.9,183.2,1047.7,2085.8,366.7,960.7,4602.5,4067.1,1925.7,789.5,4203.7,4469.7,2184.4,2408.9,1454.2,2120.4,811.8,2764.1,941.4,949.8,1198.6,3192.2,5584.8,6004.1,1130.3,1129.8
2026-07-28 01:30:00,625.9,237.8,784.0,1059.6,586.1,464.5,51.5,13.0,316.1,10.4,112.8,1228.9,2308.7,2224.1,1334.3,1785.0,57.9,158.0,1050.1,2029.7,366.5,947.8,4593.5,4044.0,1903.1,789.7,4201.4,4419.6,2181.5,2411.9,1453.0,2106.5,803.8,2777.6,932.8,950.8,1191.5,3224.7,5593.1,5996.4,1122.0,1128.2
2026-07-28 01:45:00,626.7,228.7,778.0,1045.3,581.7,450.3,53.9,20.0,309.4,10.4,99.8,1231.4,2323.4,2210.1,1326.4,1786.9,57.9,176.9,1048.8,2027.3,364.1,939.1,4582.5,4039.5,1881.9,789.6,4192.4,4372.3,2177.5,2417.4,1452.9,2093.2,798.8,2784.0,927.3,952.0,1182.3,3265.9,5533.0,5892.6,1114.5,1124.7
2026-07-28 02:00:00,620.9,220.8,777.5,1056.0,580.9,465.8,47.6,13.0,316.5,1.0,118.8,1238.3,2340.9,2157.9,1337.8,1734.9,53.7,199.3,1087.0,2006.3,370.6,885.1,4570.9,4071.9,1845.6,800.1,4212.6,4500.6,2165.3,2444.0,1455.9,2076.0,791.0,2663.4,921.1,842.3,1165.9,3188.9,5556.9,5989.6,1112.6,1127.7
2026-07-28 02:15:00,619.6,215.1,774.9,1018.0,580.0,466.1,57.0,13.2,300.4,1.0,111.6,1240.4,2337.1,2124.0,1336.7,1720.1,53.7,154.4,1065.8,2004.9,359.2,876.7,4559.0,4038.9,1834.0,793.6,4205.3,4498.5,2162.6,2448.0,1443.0,2056.2,786.9,2648.2,922.1,844.1,1159.4,3206.0,5504.3,5945.4,1112.8,1134.3
2026-07-28 02:30:00,619.0,209.6,772.9,1007.8,578.0,451.2,54.9,13.0,315.0,1.0,109.1,1245.4,2341.3,2099.3,1354.2,1717.6,53.7,199.3,1067.9,1927.3,357.5,869.3,4549.8,4053.7,1821.5,778.0,4200.3,4495.0,2158.8,2446.4,1442.1,2050.6,785.9,2651.5,920.3,845.8,1156.6,3227.6,5488.7,5877.0,1106.4,1130.2
2026-07-28 02:45:00,614.4,203.8,772.6,950.5,577.1,451.1,56.5,13.0,304.7,1.0,105.6,1247.2,2369.9,2072.6,1356.7,1718.5,53.7,199.4,1065.5,1952.9,360.1,872.3,4532.2,4074.3,1813.0,767.6,4206.5,4502.6,2161.0,2449.4,1440.6,2041.2,782.1,2652.4,918.7,847.3,1154.6,3255.0,5490.4,5871.7,1102.2,1128.1
2026-07-28 03:00:00,605.3,196.7,773.9,1004.9,579.7,408.9,53.6,3.0,315.3,1.0,222.3,1253.4,2281.4,2115.3,1345.3,1683.9,53.6,209.0,1060.2,1908.9,355.0,878.8,4491.5,4084.5,1790.6,774.1,4183.4,4552.7,2155.2,2457.4,1433.3,2044.1,776.4,2642.0,918.2,779.2,1154.6,3208.8,5464.9,5885.8,1109.9,1124.5
2026-07-28 03:15:00,604.4,194.8,776.2,971.4,580.7,394.7,56.6,3.0,309.3,1.0,235.1,1254.3,2298.0,2073.8,1345.0,1672.2,53.6,209.3,1058.7,1906.5,356.7,870.7,4476.0,4104.8,1781.8,769.6,4180.2,4493.6,2153.7,2458.7,1435.0,2052.9,774.8,2647.9,917.3,781.8,1151.2,3212.0,5440.6,5845.3,1104.3,1123.0
2026-07-28 03:30:00,603.0,192.8,777.9,899.7,582.9,394.9,56.2,3.0,314.1,1.0,232.7,1256.2,2313.5,2028.7,1338.2,1669.0,53.6,209.3,1060.0,1903.2,359.3,860.9,4444.4,4126.1,1774.1,772.6,4181.3,4366.4,2151.0,2462.8,1432.4,2062.6,771.7,2656.9,910.8,783.7,1145.7,3211.7,5417.8,5829.2,1104.1,1116.3
2026-07-28 03:45:00,612.2,191.0,775.8,865.6,585.2,394.9,56.0,3.0,311.8,1.0,227.9,1256.4,2320.3,1997.8,1336.4,1669.4,53.6,209.7,1057.4,1899.5,360.5,852.7,4431.2,4146.7,1768.3,768.3,4189.9,4409.7,2152.2,2461.7,1430.3,2059.0,772.3,2653.4,909.1,785.7,1136.7,3218.5,5391.7,5819.6,1097.8,1112.0
2026-07-28 04:00:00,616.6,202.6,782.6,852.4,592.5,305.0,55.1,3.0,312.6,1.0,201.9,1264.1,2235.3,1959.4,1310.2,1649.1,52.8,160.3,856.5,1884.5,359.2,832.4,4419.1,4215.7,1749.4,782.4,4207.5,4020.4,2138.9,2458.6,1421.3,2098.7,774.7,2680.3,911.7,766.8,1126.9,3199.7,5371.0,5782.6,1110.3,1097.4
2026-07-28 04:15:00,617.1,203.1,790.8,839.9,597.3,307.7,54.9,3.0,312.6,1.0,208.3,1264.2,2236.0,1915.2,1285.1,1649.8,52.9,186.2,858.4,1860.5,359.7,823.1,4422.5,4241.1,1752.7,761.3,4214.2,4209.3,2139.4,2453.4,1421.6,2070.8,772.7,2679.5,905.5,769.3,1120.6,3202.5,5353.3,5778.8,1108.4,1091.6
2026-07-28 04:30:00,609.8,203.5,802.2,849.2,609.2,314.0,54.8,3.0,311.2,1.0,199.4,1264.5,2248.6,1887.3,1280.8,1644.5,52.8,186.8,854.2,1849.5,361.1,813.7,4442.7,4268.5,1744.2,745.8,4220.7,4389.1,2138.1,2451.4,1421.8,2034.6,770.5,2653.9,907.3,771.4,1122.4,3205.2,5342.1,5768.2,1102.0,1083.4
2026-07-28 04:45:00,616.7,207.0,821.9,918.3,626.2,322.0,54.3,5.5,317.6,1.0,211.5,1263.9,2261.0,1889.2,1283.8,1670.0,52.8,187.7,853.4,1832.6,353.8,803.5,4465.4,4311.2,1750.5,743.1,4275.6,4461.9,2137.7,2443.7,1422.5,2043.8,769.5,2670.2,911.9,773.1,1133.0,3215.5,5370.6,5743.5,1107.7,1067.3
2026-07-28 05:00:00,642.7,207.6,846.9,838.9,633.0,278.1,35.2,23.3,288.1,2.8,124.8,1262.4,2312.2,1962.4,1229.5,1632.3,55.8,173.5,862.3,1830.7,366.5,760.5,4623.2,4462.9,1744.9,762.3,4344.6,4101.2,2141.2,2417.7,1434.2,2069.0,767.5,2733.3,919.9,860.9,1111.7,3369.4,5322.7,5697.7,1091.7,1046.1
2026-07-28 05:15:00,637.8,208.3,866.5,846.3,650.6,287.0,24.3,23.3,298.4,2.8,108.6,1261.8,2315.9,1939.1,1236.6,1652.3,55.8,195.4,863.4,1780.7,365.3,745.7,4662.7,4487.8,1758.2,760.2,4372.8,4231.2,2145.2,2413.1,1438.4,2065.1,771.2,2758.1,926.2,861.9,1126.8,3353.5,5322.2,5692.7,1095.7,1037.5
2026-07-28 05:30:00,647.6,211.7,872.0,903.3,665.6,319.7,24.2,23.5,306.0,2.8,107.9,1260.6,2339.6,1925.0,1249.4,1680.4,55.8,222.3,862.5,1758.4,369.4,736.5,4700.7,4530.1,1773.4,757.1,4392.0,4535.0,2145.4,2401.9,1439.8,2093.9,774.8,2754.9,930.8,862.4,1140.5,3326.5,5351.0,5729.6,1095.9,1021.9
2026-07-28 05:45:00,650.7,207.4,872.1,922.9,678.4,352.4,22.3,21.1,311.5,2.8,97.8,1265.8,1979.8,2572.3,1251.5,1698.4,55.8,235.5,887.2,1743.9,381.0,736.4,4741.3,4596.2,1786.7,759.1,4403.2,4595.8,2148.4,2389.4,1443.9,2113.2,779.0,2779.9,937.7,862.4,1151.0,3312.1,5399.4,5738.8,1105.3,1006.5
2026-07-28 06:00:00,668.5,224.9,910.6,901.6,703.5,260.0,30.6,29.4,328.0,10.7,86.2,1268.9,2192.3,2599.5,1298.4,1723.8,73.1,178.8,936.3,1731.7,405.7,697.7,4819.5,4767.9,1855.2,712.2,4365.0,4617.6,2170.0,2372.9,1461.3,2152.8,775.4,3029.4,938.9,975.8,1340.8,3557.7,5493.0,5598.4,1112.8,974.7
2026-07-28 06:15:00,668.1,239.9,900.4,899.9,720.9,305.0,28.5,29.7,327.5,10.7,121.5,1263.6,2033.7,2753.7,1311.3,1743.2,73.1,183.7,910.7,1708.6,395.5,686.5,4861.8,4815.9,1886.6,757.5,4377.0,4644.3,2180.4,2361.0,1462.9,2215.7,777.6,3023.4,948.3,976.9,1353.7,3510.1,5548.3,5683.0,1127.4,973.6
2026-07-28 06:30:00,666.4,255.6,875.5,921.3,719.7,410.5,25.9,30.1,329.6,10.7,100.2,1264.1,1958.3,2890.7,1304.4,1769.1,73.1,167.5,913.5,1703.0,397.6,688.2,4891.0,4883.8,1922.1,756.1,4405.3,4761.2,2188.1,2354.7,1479.1,2259.7,795.5,3004.3,954.7,978.1,1370.3,3468.0,5612.6,5668.1,1137.7,959.6
2026-07-28 06:45:00,663.6,282.6,850.3,942.5,733.2,458.6,24.2,28.1,336.1,11.2,102.7,1286.1,1971.9,2988.8,1285.0,1739.7,73.2,171.8,916.4,1716.5,398.7,680.1,4918.6,4925.9,1959.4,756.5,4412.7,4779.5,2202.5,2349.5,1485.8,2292.8,800.6,3053.0,961.2,978.9,1388.1,3422.1,5635.8,5673.7,1154.0,957.7
2026-07-28 07:00:00,678.6,302.7,807.1,954.4,742.5,441.2,24.4,59.4,348.4,4.1,89.8,1294.1,2272.6,3018.1,1294.0,1803.0,90.6,308.7,988.5,1667.4,418.7,648.8,5038.2,4980.7,2031.1,708.1,4453.6,5111.0,2231.5,2435.3,1502.3,2295.9,828.1,3085.7,967.7,1072.2,1365.5,3250.9,5710.2,5591.7,1153.4,962.2
2026-07-28 07:15:00,681.7,326.2,781.8,990.7,749.7,477.5,26.7,66.8,344.4,4.4,94.0,1289.7,2322.3,3009.6,1281.9,1813.0,90.6,315.4,986.6,1653.8,416.3,631.3,5053.6,4993.3,2068.3,701.1,4467.7,5168.5,2242.5,2424.4,1508.6,2333.4,839.3,3114.8,973.5,1076.4,1382.4,3192.4,5754.4,5583.9,1162.0,976.2
2026-07-28 07:30:00,685.7,343.8,753.0,1049.7,740.4,455.6,27.2,71.7,330.5,4.6,110.3,1298.1,2371.0,2789.2,1261.6,1782.4,90.6,298.1,978.6,1686.0,410.9,618.9,5078.6,4974.2,2093.9,695.0,4484.1,4967.7,2253.1,2435.1,1513.9,2386.9,848.2,3157.2,980.3,1081.0,1394.7,3128.9,5799.8,5626.8,1167.3,996.0
2026-07-28 07:45:00,668.8,355.1,721.7,1094.7,737.2,454.9,27.7,68.7,307.3,5.3,116.3,1303.2,2520.7,2364.2,1231.8,1810.5,90.7,274.6,995.2,1681.6,411.8,592.0,5083.0,4932.4,2117.9,689.5,4491.2,4778.7,2270.6,2452.5,1523.1,2443.4,853.9,3169.6,985.2,1085.6,1403.2,3064.9,5841.9,5627.6,1177.5,1011.4
2026-07-28 08:00:00,652.0,375.1,660.7,1155.4,749.3,563.0,39.6,29.8,257.8,14.6,268.6,1270.7,2618.1,2964.4,1485.2,1842.8,99.6,351.6,1176.3,1797.8,430.1,551.9,5122.4,4882.4,2194.9,652.9,4425.9,4585.7,2298.5,2507.7,1550.0,2474.1,873.7,3171.1,982.3,958.3,1403.1,2937.7,5863.2,5614.0,1191.9,1024.7
2026-07-28 08:15:00,647.4,385.2,639.4,1173.4,750.9,536.1,43.6,30.8,232.0,25.8,285.9,1286.8,2778.7,2690.2,1438.0,1861.4,99.6,351.1,1170.3,1778.3,427.2,532.6,5129.1,4816.2,2216.8,651.8,4427.7,4351.3,2313.6,2502.1,1554.4,2446.7,874.6,3107.4,980.2,963.5,1400.7,2938.7,5885.7,5643.1,1194.1,1057.2
2026-07-28 08:30:00,638.9,410.8,616.4,1211.7,755.1,535.4,45.0,31.5,210.4,35.2,273.6,1308.0,3319.3,2604.2,1370.5,1750.2,99.6,349.5,1165.4,1797.0,425.0,518.3,5128.8,4816.1,2226.1,647.3,4423.9,4054.9,2317.1,2479.7,1557.4,2388.2,877.8,2759.6,985.7,968.0,1394.8,2957.9,5893.9,5584.1,1184.1,1056.5
2026-07-28 08:45:00,628.3,437.5,590.3,1220.5,753.1,558.9,46.6,29.8,184.2,44.1,329.5,1306.6,3332.9,2636.9,1298.5,1479.4,99.7,365.9,1186.5,1797.6,449.3,515.7,5125.7,4802.4,2248.5,643.8,4428.4,3775.9,2332.9,2472.5,1561.1,2212.3,904.7,2437.0,989.8,972.8,1381.8,2977.5,5891.5,5615.3,1183.4,1072.4
2026-07-28 09:00:00,631.3,444.2,559.9,1342.2,753.8,602.5,86.3,37.4,167.4,101.6,344.1,1376.8,3538.4,2887.9,1420.5,1297.8,106.8,315.3,1237.7,1573.6,430.6,531.1,5252.5,4699.5,2284.6,610.6,4327.1,3267.3,2341.7,2359.8,1569.8,2279.8,927.4,2694.7,993.0,840.1,1393.6,2932.0,5926.7,5619.2,1173.1,1049.5
2026-07-28 09:15:00,621.1,487.1,545.4,1290.8,746.5,616.3,87.1,38.1,143.3,124.4,369.5,1353.2,4105.6,3053.6,1344.6,1226.4,106.8,356.7,1242.2,1527.8,427.8,506.4,5260.0,4685.7,2298.6,601.4,4321.4,2944.6,2355.0,2350.5,1575.9,2165.1,929.8,2396.6,994.1,845.8,1387.4,2978.7,5919.1,5644.7,1168.3,1060.6
2026-07-28 09:30:00,612.5,454.6,534.8,1332.1,746.4,626.8,87.1,38.7,118.1,150.3,371.3,1377.8,4416.2,3131.4,1275.5,1263.3,106.8,327.7,1252.8,1541.3,424.3,488.9,5283.9,4690.2,2312.5,601.0,4329.4,2587.9,2358.6,2344.3,1582.4,2095.7,932.8,2134.0,993.9,851.6,1385.4,3022.5,5922.8,5669.5,1166.9,1068.9
2026-07-28 09:45:00,605.1,454.3,516.1,1252.6,747.4,642.9,87.1,39.2,92.3,175.9,396.7,1382.4,5272.3,3113.8,1224.7,1270.3,106.8,263.5,1298.8,1527.3,449.2,491.0,5295.2,4699.8,2326.5,602.3,4371.7,2179.9,2368.8,2338.6,1584.6,2059.9,937.3,1958.5,995.3,857.9,1389.0,3056.6,5931.0,5691.3,1163.5,1077.1
2026-07-28 10:00:00,602.3,517.0,510.7,1403.8,751.6,669.9,222.7,28.8,116.6,194.9,409.3,1430.5,5340.7,3717.4,1523.9,1377.3,111.5,267.2,1457.8,1506.2,466.4,511.4,5373.3,4624.2,2360.6,708.7,4679.9,2424.0,2372.8,2085.2,1587.0,2061.0,922.3,1768.5,992.0,779.2,1402.3,3017.2,5990.6,5703.2,1183.1,1082.9
2026-07-28 10:15:00,601.3,450.1,495.9,1304.5,751.9,673.8,222.8,28.9,115.6,244.4,382.9,1424.8,5382.1,3418.3,1486.0,1323.2,105.7,239.6,1490.0,1431.0,466.3,484.7,5381.0,4625.5,2373.5,709.6,4693.5,2412.3,2379.5,2070.6,1590.2,1993.1,925.6,1604.7,979.9,786.6,1403.0,3061.8,5984.0,5719.7,1181.8,1092.9
2026-07-28 10:30:00,599.5,433.0,701.3,1297.3,746.9,688.7,223.7,29.0,114.1,274.9,393.5,1429.9,5381.0,3450.6,1565.1,1300.7,109.6,239.0,1498.7,1422.7,493.7,476.8,5382.5,4634.5,2371.0,710.6,4700.0,2366.4,2382.2,2042.0,1596.8,1876.6,925.7,1514.3,978.5,793.7,1400.6,3096.7,5964.9,5744.3,1176.7,1078.4
2026-07-28 10:45:00,589.8,441.2,692.2,1315.0,741.2,585.9,223.8,29.0,124.9,314.2,400.3,1425.8,5369.9,3424.3,1528.9,1282.2,105.7,218.6,1529.9,1298.3,497.5,267.0,5397.0,4593.8,2374.4,710.4,4695.1,2366.5,2391.4,2042.9,1586.1,1791.6,923.0,1517.0,980.4,748.8,1398.8,3149.1,5954.3,5740.5,1173.5,1083.5
2026-07-28 11:00:00,590.7,445.2,676.5,1333.9,736.7,457.5,256.4,39.4,136.5,334.1,419.9,1513.5,5532.2,3830.6,1918.3,1334.1,7.5,290.1,1565.3,1316.4,503.3,454.0,5459.9,4604.6,2397.5,708.8,4653.0,2332.9,2429.5,2034.6,1622.5,1704.0,930.2,1536.9,976.3,591.4,1418.8,3025.7,5945.3,5746.5,1145.3,1060.0
2026-07-28 11:15:00,583.8,414.4,881.7,1355.4,735.6,379.7,256.4,39.5,131.3,351.1,408.1,1517.3,5542.1,3761.2,1862.9,1350.2,34.0,289.0,1573.0,1289.5,496.7,151.6,5455.2,4614.3,2394.1,709.8,4656.9,2332.5,2432.6,2037.3,1632.4,1680.3,924.7,1531.3,972.5,595.8,1415.4,3001.2,5933.6,5765.0,1148.0,1034.5
2026-07-28 11:30:00,593.9,407.6,1096.2,1378.7,734.6,373.0,261.6,39.4,130.7,339.7,416.5,1540.5,5595.1,3685.9,1813.8,1368.7,6.7,289.0,1604.1,974.9,491.5,155.2,5481.5,4606.0,2387.6,710.3,4648.4,2332.8,2430.4,2039.1,1632.4,1662.0,924.6,1509.7,965.9,600.1,1443.1,2974.4,5922.5,5781.1,1137.5,1035.2
2026-07-28 11:45:00,598.1,409.8,1099.3,1405.4,739.3,367.8,261.0,39.3,129.2,366.1,411.8,1584.5,5620.5,3554.5,1784.1,1376.6,26.3,289.0,1619.0,816.8,588.6,155.5,5472.8,4614.1,2389.4,711.2,4652.2,2333.6,2433.7,2041.2,1635.3,1663.4,926.7,1521.6,958.6,602.4,1499.8,3017.6,5919.0,5731.1,1125.1,994.2
2026-07-28 12:00:00,602.3,411.5,1140.1,1431.9,747.1,404.1,262.0,28.9,156.6,396.4,300.2,1681.7,5556.0,3807.7,1758.2,1381.9,141.6,188.8,1703.2,811.6,612.2,152.4,5475.6,4652.7,2402.8,605.9,4646.0,1491.0,2444.5,1940.5,1636.0,1683.3,954.3,2675.4,944.5,617.5,1317.1,2591.4,5939.9,5761.8,1124.6,978.6
2026-07-28 12:15:00,597.7,410.0,1138.5,1444.3,750.5,403.4,261.0,29.1,152.8,419.2,303.1,1674.0,5552.9,3717.7,1737.7,1392.5,135.9,188.8,1701.3,817.3,616.2,153.3,5459.0,4675.0,2406.9,606.2,4637.1,1492.6,2444.6,1943.0,1634.2,1662.1,955.6,2670.1,945.1,630.8,1352.6,2538.6,5936.5,5761.0,1131.8,979.6
2026-07-28 12:30:00,602.3,404.6,1137.1,1462.1,751.7,465.2,261.9,29.3,151.0,433.0,337.3,1662.1,5592.6,3606.5,1718.2,1377.8,135.8,189.0,1701.9,812.1,619.1,157.6,5469.4,4720.2,2393.2,605.4,4640.8,1493.4,2441.2,1945.6,1622.6,1659.3,952.7,2662.0,946.1,644.5,1346.9,2454.2,5939.8,5753.0,1130.8,978.6
2026-07-28 12:45:00,597.7,402.6,1137.6,1476.4,750.8,468.0,274.1,29.4,150.6,440.1,337.4,1642.1,5604.3,3523.8,1715.0,1381.2,135.8,189.0,1705.7,796.6,619.6,158.7,5460.6,4653.8,2397.8,604.7,4637.4,1495.1,2441.2,1943.9,1626.0,1657.8,946.9,2654.9,944.1,661.9,1336.5,2473.6,5918.4,5729.5,1135.8,977.9
2026-07-28 13:00:00,600.0,396.3,1150.2,1490.9,776.3,522.9,274.2,21.1,113.5,441.7,343.1,1614.6,5579.9,3737.8,1710.6,1376.4,44.9,268.3,1718.3,853.0,634.0,160.7,5450.4,4750.6,2409.0,685.0,4576.4,1508.2,2425.5,2003.0,1624.4,1678.5,943.6,2816.9,943.4,698.1,1286.8,2500.0,6015.9,5894.1,1149.2,986.1
2026-07-28 13:15:00,598.2,399.0,1146.1,1507.6,776.3,522.2,274.2,21.0,113.4,442.4,346.2,1604.3,5520.4,3587.6,1708.3,1367.2,44.8,268.3,1714.6,852.2,621.6,161.2,5460.7,4700.3,2407.3,683.4,4588.2,1509.8,2427.8,2003.6,1622.1,1679.1,946.8,2826.1,942.1,713.5,1275.8,2519.8,6027.6,5904.8,1151.8,985.4
2026-07-28 13:30:00,598.7,388.4,1147.3,1521.1,774.3,457.1,274.5,20.9,113.6,441.3,343.3,1598.5,5479.1,3441.7,1713.0,1359.2,44.8,268.3,1715.9,847.6,619.9,159.2,5440.0,4699.9,2411.0,683.1,4586.6,1511.4,2426.4,2004.9,1624.3,1680.9,944.9,2822.3,941.1,724.5,1270.3,2544.7,5991.2,5877.7,1152.8,981.6
2026-07-28 13:45:00,601.6,386.1,1156.8,1535.0,770.7,455.5,274.5,20.8,112.2,441.2,341.0,1610.6,5494.7,3429.4,1718.8,1350.5,25.0,268.6,1759.1,824.9,623.3,167.3,5423.5,4731.8,2414.2,681.7,4576.8,1512.3,2429.3,2006.0,1626.2,1683.1,939.6,2810.2,940.3,732.1,1272.1,2569.8,6025.6,5882.4,1157.8,976.7
2026-07-28 14:00:00,607.7,400.6,1160.4,1549.6,758.6,382.9,241.4,15.6,146.1,438.5,313.3,1621.9,5481.7,3433.3,1706.0,1356.6,0.0,321.4,1767.2,810.3,662.1,143.8,5393.1,4909.3,2425.1,678.7,4592.2,1587.9,2425.8,2016.4,1617.1,1677.4,941.7,2632.5,937.5,749.9,1305.6,2622.2,6064.5,5910.3,1146.7,966.8
2026-07-28 14:15:00,613.5,394.2,1166.9,1552.1,754.9,371.5,241.4,15.4,146.3,429.7,315.6,1617.6,5495.9,3581.4,1713.7,1358.4,0.0,316.2,1766.6,798.9,659.1,134.7,5385.5,4957.3,2428.0,678.0,4590.4,1589.4,2429.3,2017.2,1620.4,1682.4,937.4,2625.8,935.1,755.8,1314.2,2645.8,6082.8,5881.3,1148.0,958.6
2026-07-28 14:30:00,619.4,388.1,1174.6,1547.3,752.1,319.7,241.5,15.3,146.7,422.8,328.0,1635.8,5438.6,3623.1,1724.6,1350.5,4.7,336.3,1764.5,777.3,660.0,125.9,5379.4,4965.0,2425.5,676.6,4593.4,1584.8,2436.3,2017.4,1612.5,1688.2,940.2,2632.9,937.0,761.0,1325.0,2657.3,6068.9,5906.1,1147.5,952.9
2026-07-28 14:45:00,624.8,381.6,1179.1,1540.3,751.0,309.4,229.4,15.4,146.8,417.3,312.5,1648.3,5431.4,3604.0,1735.3,1345.9,4.7,336.4,1701.6,780.6,659.7,121.1,5377.2,5004.9,2424.6,676.3,4599.7,1587.0,2440.0,2018.1,1612.7,1694.1,940.5,2634.6,940.0,767.5,1335.5,2702.1,6071.7,5897.9,1155.8,944.4
2026-07-28 15:00:00,628.1,373.5,1149.0,1570.3,730.7,299.7,253.6,10.8,159.2,404.2,305.1,1673.7,5504.7,3663.6,1764.6,1312.2,125.1,208.9,1692.1,751.5,653.7,176.2,5388.5,4906.6,2438.3,686.7,4221.1,1586.8,2417.6,2020.5,1616.1,1649.2,942.1,2375.6,944.1,772.2,1354.6,2697.0,5989.7,5770.2,1166.7,923.7
2026-07-28 15:15:00,623.8,370.2,1165.2,1548.4,743.7,255.0,248.3,10.6,158.4,391.7,311.9,1668.4,5454.9,3782.2,1803.2,1325.1,125.3,204.5,1638.9,787.2,649.0,171.9,5364.0,4936.8,2438.4,687.1,4215.2,1583.2,2421.3,2019.4,1615.6,1663.4,934.2,2365.8,947.1,781.9,1363.4,2761.7,6005.0,5753.6,1166.3,914.5
2026-07-28 15:30:00,626.2,356.9,1177.2,1525.2,755.7,372.3,249.9,10.5,160.1,379.8,315.5,1659.1,5385.3,3822.0,1830.1,1318.5,125.9,204.4,1636.1,999.6,614.4,168.3,5318.0,5093.8,2450.5,688.3,4229.5,1582.6,2419.6,2018.8,1621.6,1677.5,942.6,2384.3,948.4,793.0,1366.9,2836.2,6021.3,5771.3,1185.7,898.7
2026-07-28 15:45:00,628.4,351.5,1192.9,1507.3,759.6,361.6,247.3,10.3,154.9,401.6,316.2,1652.5,5398.5,3866.1,1874.7,1301.3,125.1,228.8,1611.9,1201.0,617.5,514.7,5311.5,5121.1,2454.7,689.1,4236.7,1592.4,2419.4,2018.5,1619.3,1705.4,937.6,2377.6,949.6,855.8,1365.8,3036.5,6043.8,5767.8,1184.7,888.5
2026-07-28 16:00:00,633.6,339.0,1176.5,1527.7,753.3,363.0,174.7,25.9,125.1,395.1,264.3,1635.4,5281.3,3312.9,1526.0,1297.9,106.3,236.3,1503.3,1117.8,501.2,436.2,5287.4,5100.9,2455.0,603.5,3853.9,1899.1,2414.8,2064.8,1632.8,1736.2,921.6,1692.5,952.9,833.5,1331.7,3421.3,6119.3,5814.5,1223.2,927.7
2026-07-28 16:15:00,653.9,318.2,986.8,1489.4,760.6,346.8,171.3,25.3,121.1,370.7,265.1,1631.0,5228.5,3342.2,1565.3,1283.0,106.2,239.2,1470.5,1203.1,502.0,520.1,5299.6,5099.0,2440.7,603.6,3737.4,1923.8,2412.6,2072.0,1630.8,1711.4,924.6,1598.3,953.3,850.7,1327.7,3368.9,6164.6,5788.3,1236.6,913.9
2026-07-28 16:30:00,655.2,308.1,1021.2,1441.7,769.4,330.1,171.3,24.8,121.5,353.2,268.8,1612.7,5201.1,3361.4,1609.5,1417.1,106.2,287.6,1463.4,1205.6,482.0,534.8,5241.6,5117.2,2443.6,603.4,3740.1,1973.1,2408.7,2103.1,1609.4,1744.6,918.4,1666.7,954.0,862.6,1328.3,3476.2,6219.3,5755.2,1250.1,893.4
2026-07-28 16:45:00,663.6,294.2,1051.5,1382.4,776.0,389.7,171.3,24.2,122.3,324.2,269.1,1601.2,4988.4,3972.3,1668.4,1416.3,106.2,319.5,1475.5,1233.9,487.2,527.5,5236.9,5125.8,2448.8,604.6,3729.3,2003.6,2366.6,2125.9,1613.1,1773.9,922.0,2007.2,956.3,871.6,1331.5,3622.2,6288.1,5721.1,1264.3,910.7
2026-07-28 17:00:00,686.9,317.7,842.9,1329.0,763.0,425.3,94.0,61.1,126.2,265.1,197.7,1506.6,4256.3,2897.4,1485.9,1370.0,105.9,253.8,1484.3,1299.7,535.4,645.1,5225.6,5190.4,2435.7,601.5,4187.5,2481.4,2414.1,2302.8,1614.6,1855.9,927.2,1614.8,956.7,991.2,1260.1,3730.3,6321.8,5669.4,1306.2,861.4
2026-07-28 17:15:00,698.0,298.0,875.9,1261.9,768.5,398.1,94.0,60.3,117.7,233.1,194.0,1496.4,4239.2,2810.0,1562.6,1393.0,105.7,284.3,1415.8,1308.0,513.3,646.7,5217.3,5203.6,2432.5,600.4,4175.0,2669.2,2363.5,2319.7,1611.7,1970.5,931.3,2029.0,957.6,1000.4,1264.7,3804.6,6385.1,5664.1,1324.0,867.8
2026-07-28 17:30:00,710.6,266.1,693.6,1186.6,774.6,400.2,105.2,59.7,119.0,192.0,200.1,1461.1,3946.7,2793.6,1567.8,1296.9,105.7,252.9,1405.5,1473.7,521.0,636.9,5213.2,5234.9,2420.9,600.3,4162.6,3155.3,2369.2,2330.9,1614.7,1998.2,925.5,2163.8,954.7,1024.3,1267.8,3818.4,6437.9,5637.2,1338.3,843.6
2026-07-28 17:45:00,712.8,268.7,725.8,1119.3,774.9,398.4,98.2,58.8,118.7,155.1,222.0,1425.5,3370.2,2724.3,1648.9,1400.2,105.7,306.0,1393.5,1526.9,523.8,643.2,5209.6,5272.9,2420.5,603.4,4178.8,3624.5,2373.2,2336.6,1603.7,2112.4,913.6,2350.0,946.9,1028.4,1271.5,3905.7,6500.3,5585.0,1358.7,826.9
2026-07-28 18:00:00,709.5,229.7,763.2,1074.0,775.5,452.6,37.5,71.3,110.3,120.1,237.1,1382.1,3302.9,2348.8,1389.4,1565.2,104.1,101.7,1235.4,1508.8,523.7,829.4,5194.5,5332.4,2411.1,652.8,4579.2,4091.1,2375.9,2432.6,1600.7,2165.4,909.6,2855.2,947.4,1117.1,1529.0,4146.6,6585.8,5505.5,1399.8,802.1
2026-07-28 18:15:00,729.1,251.6,829.3,1111.4,777.4,412.8,37.4,73.0,140.9,107.8,245.2,1357.4,2989.1,2237.6,1370.5,1772.7,104.1,100.5,1199.0,1533.1,524.5,823.1,5197.5,5343.0,2402.0,665.5,4586.4,4375.9,2370.1,2424.5,1606.6,2268.1,900.9,3225.2,946.9,1124.3,1534.0,4246.2,6630.4,5459.3,1419.9,762.8
2026-07-28 18:30:00,739.2,228.9,895.9,1207.9,770.4,445.9,55.8,74.8,166.3,85.8,276.3,1347.5,2122.2,2128.0,1363.7,1763.7,104.1,136.6,1203.6,1518.5,533.7,800.0,5195.1,5332.0,2415.5,665.3,4604.3,4977.8,2361.4,2411.2,1597.5,2392.8,895.9,3252.7,946.2,1131.8,1540.8,4192.2,6682.8,5446.6,1436.8,726.1
2026-07-28 18:45:00,740.6,211.9,973.9,1203.1,758.2,416.6,60.0,74.3,192.4,58.9,293.9,1315.0,1797.7,2016.2,1405.3,1684.7,104.1,133.9,1217.7,1516.2,552.5,793.9,5193.1,5337.7,2416.4,664.6,4612.0,5871.1,2416.7,2333.7,1610.6,2646.7,889.8,2668.6,945.6,1139.0,1548.8,4106.2,6685.1,5494.1,1450.4,700.0
2026-07-28 19:00:00,753.7,189.0,1039.1,1081.9,781.9,320.7,121.1,103.7,219.4,41.5,456.0,1289.4,1722.5,1948.4,1391.4,1571.7,126.7,52.5,1197.3,1598.0,564.4,748.5,5138.6,5668.9,2410.2,633.5,4649.3,5685.8,2375.6,2185.1,1592.7,2582.0,896.4,3238.0,947.8,1320.8,1604.0,4361.1,6717.5,5384.3,1515.7,628.6
2026-07-28 19:15:00,763.9,182.6,1085.9,1061.2,775.9,315.2,120.7,98.4,256.5,32.0,461.4,1266.2,1701.6,1817.9,1207.4,1272.5,126.7,51.5,1177.2,1583.6,573.0,731.8,5131.4,5777.7,2416.2,638.5,4650.1,5974.6,2372.0,2155.9,1595.0,2583.4,897.4,3193.4,950.4,1328.9,1607.4,4372.5,6692.8,5383.9,1527.3,610.0
2026-07-28 19:30:00,747.9,181.9,1129.4,1060.7,767.7,295.5,113.9,98.1,293.3,43.2,473.3,1242.5,1709.0,1918.2,1294.9,1247.5,140.3,44.4,1178.0,1572.0,576.1,729.4,5114.3,5753.2,2412.6,641.5,4650.5,6224.3,2371.1,2083.1,1596.1,2703.9,896.2,3032.7,943.8,1337.4,1605.3,4326.4,6674.5,5363.9,1529.6,577.0
2026-07-28 19:45:00,744.4,178.4,1164.6,1021.9,761.9,319.4,108.7,97.8,325.9,84.8,487.9,1221.0,1712.6,1972.1,1373.3,1293.7,141.9,45.5,1172.3,1620.7,589.2,736.0,5094.7,5768.3,2408.5,637.9,4646.4,6332.3,2365.3,2072.0,1592.7,2676.8,893.8,2922.6,945.0,1344.4,1601.3,4312.6,6672.7,5451.4,1514.7,542.1
2026-07-28 20:00:00,736.2,170.2,1160.7,1002.1,778.9,425.4,107.0,204.9,329.9,35.4,446.2,1249.3,1744.9,1997.7,1255.3,1227.7,215.0,24.0,1298.8,1547.2,610.4,720.9,5015.3,5719.7,2390.3,651.2,4673.3,6228.9,2387.8,2060.3,1592.9,2780.2,896.4,3124.6,941.2,1317.7,1587.4,4254.5,6673.8,5362.5,1530.5,504.0
2026-07-28 20:15:00,735.0,169.0,1170.8,987.1,765.9,445.5,106.2,203.6,337.8,75.8,438.7,1234.2,1732.9,1995.3,1273.2,1185.8,155.8,24.7,1277.2,1548.8,607.1,718.7,4991.5,5685.7,2381.2,652.8,4665.5,6259.7,2380.5,2043.2,1582.8,2746.6,894.7,3078.9,938.7,1335.1,1575.1,4224.3,6661.4,5329.2,1514.6,482.6
2026-07-28 20:30:00,732.4,166.4,1168.9,969.7,770.8,446.0,106.4,208.4,342.0,73.2,404.3,1225.2,1733.2,1876.1,1292.9,1161.9,156.7,15.0,1259.9,1561.8,605.1,716.9,4967.9,5668.9,2376.2,655.0,4667.3,6332.4,2379.6,2027.7,1584.5,2733.0,896.8,3010.4,936.7,1357.6,1572.7,4201.4,6644.2,5344.8,1515.4,487.8
2026-07-28 20:45:00,732.3,166.3,1159.0,959.6,766.6,443.7,100.9,204.5,343.9,70.9,393.5,1230.7,1728.8,1907.9,1304.3,1154.7,192.6,14.4,1242.6,1581.7,592.3,716.6,4937.4,5655.7,2378.0,655.6,4659.5,6347.7,2375.9,1990.9,1581.2,2700.0,894.3,3005.5,937.9,1391.1,1576.0,4157.2,6631.6,5366.2,1517.3,470.8
2026-07-28 21:00:00,724.2,192.4,1138.5,952.2,762.9,454.0,46.9,80.4,348.3,69.6,286.0,1248.3,1693.5,1780.6,1470.0,1160.2,256.6,14.6,1237.2,1622.0,597.2,717.2,4980.1,5790.0,2342.3,692.5,4623.4,6377.7,2448.5,1867.5,1567.6,2702.5,892.8,2904.1,946.1,1385.4,1522.8,4200.1,6614.3,5392.8,1534.2,448.9
2026-07-28 21:15:00,719.2,180.2,1119.3,961.1,760.4,452.4,46.9,77.8,349.8,67.8,282.4,1251.4,1689.9,1788.6,1531.0,1142.1,256.5,24.2,1235.5,1583.4,593.9,713.1,5006.0,5773.8,2341.9,689.9,4609.4,6351.4,2443.6,1858.8,1565.8,2693.0,888.6,2915.1,942.4,1428.0,1529.6,4178.5,6592.9,5376.8,1534.6,430.3
2026-07-28 21:30:00,713.5,189.0,1093.6,966.3,754.4,444.6,47.0,77.8,352.6,66.5,284.0,1248.6,1697.7,1803.1,1540.7,1139.4,281.4,25.9,1232.1,1561.6,590.7,708.5,4992.4,5768.0,2320.4,685.8,4603.0,6321.2,2438.7,1853.6,1578.4,2688.4,886.8,2919.0,943.6,1478.1,1533.9,4102.8,6571.7,5370.3,1536.9,394.0
2026-07-28 21:45:00,708.0,167.9,1058.7,978.2,747.3,425.6,47.4,94.0,347.8,66.1,282.8,1249.8,1715.7,1705.8,1530.0,1124.9,281.3,23.5,1250.1,1543.6,585.5,708.8,4967.0,5714.6,2314.7,684.2,4589.4,6296.5,2425.4,1839.3,1579.7,2676.4,879.5,2918.6,948.1,1536.8,1536.6,4067.9,6545.5,5332.0,1533.8,384.2
2026-07-28 22:00:00,683.8,168.7,1025.0,900.1,732.3,245.6,48.0,170.6,353.9,64.2,303.1,1235.0,1561.4,1407.9,1337.4,1165.1,44.9,70.4,1062.6,1380.3,540.8,716.5,4856.9,5766.0,2317.3,689.6,4581.2,6413.8,2471.5,1869.4,1570.3,2694.4,876.3,2942.7,950.1,1502.6,1588.8,4017.3,6506.7,5192.9,1504.8,400.0
2026-07-28 22:15:00,691.9,166.1,997.2,903.3,717.2,242.5,48.1,170.6,347.3,13.8,296.4,1224.9,1585.9,1426.2,1325.7,1137.7,44.9,70.2,1058.0,1346.3,536.7,709.8,4808.2,5790.2,2298.8,685.6,4571.9,6331.7,2429.9,1891.0,1575.9,2444.5,874.7,2959.7,949.3,1560.9,1586.9,4009.2,6471.3,5185.6,1483.4,387.3
2026-07-28 22:30:00,689.3,166.5,970.6,893.3,718.5,243.4,47.8,170.6,345.3,13.7,321.1,1215.3,1604.6,1444.0,1297.9,1138.0,50.0,69.8,1051.7,1334.7,534.3,708.1,4756.4,5739.2,2290.6,679.0,4567.2,6107.4,2420.1,1911.3,1560.6,2333.6,866.5,3148.4,962.4,1478.9,1582.2,3996.7,6442.1,5185.7,1466.6,380.2
2026-07-28 22:45:00,703.9,168.3,942.0,883.0,706.1,243.8,47.9,170.6,336.4,7.4,304.6,1215.5,1605.4,1531.8,1268.9,1134.1,50.0,69.3,1042.8,1325.8,535.9,701.8,4703.6,5738.9,2275.1,683.9,4546.3,5939.4,2418.0,1912.3,1558.6,2283.1,864.6,3270.8,955.9,1511.6,1576.8,3825.7,6451.3,5171.0,1448.5,381.3
2026-07-28 23:00:00,677.7,169.6,941.3,876.4,679.1,154.3,44.7,26.7,339.1,11.1,380.7,1211.5,1502.6,1465.3,1181.6,1137.2,0.0,129.0,990.3,1280.6,502.0,705.9,4561.9,5712.4,2216.7,678.7,4486.1,6029.8,2433.4,1949.6,1551.3,2246.3,853.3,3114.4,955.8,1445.5,1521.0,3760.6,6372.1,5154.3,1422.1,346.7
2026-07-28 23:15:00,676.6,169.4,918.6,853.7,663.4,151.5,44.6,26.6,342.4,11.3,408.6,1211.7,1492.8,1544.0,1188.4,1117.2,0.0,123.7,995.6,1272.5,504.9,709.3,4545.7,5711.9,2181.2,676.9,4468.0,5894.8,2428.7,1943.7,1548.1,2229.7,845.9,3187.6,952.2,1471.8,1503.9,3684.1,6310.6,5075.3,1401.6,347.9
2026-07-28 23:30:00,667.2,163.2,899.7,805.9,647.8,152.0,42.3,26.6,341.4,3.1,357.5,1211.9,2006.3,1623.2,1139.9,1118.4,0.0,113.9,999.0,1268.2,504.0,706.3,4599.7,5674.0,2154.7,674.7,4460.2,5847.8,2417.6,1936.0,1546.7,2215.2,838.5,3191.7,944.4,1492.4,1478.2,3671.0,6256.9,5070.9,1390.3,338.1
2026-07-28 23:45:00,657.6,153.6,881.1,722.9,638.8,152.5,39.8,26.7,325.7,3.1,332.4,1212.1,2458.4,1742.4,1093.8,1119.9,0.0,124.3,993.2,1271.9,498.4,703.8,4574.3,5653.2,2132.2,680.2,4443.2,5785.0,2411.8,1931.9,1542.9,2192.7,834.1,3202.5,934.1,1497.8,1443.8,3592.8,6183.5,5054.4,1361.9,331.6
