date,EE_buy,EE_sell,LT_buy,LT_sell,LV_buy,LV_sell,AT_buy,AT_sell,BE_buy,BE_sell,FR_buy,FR_sell,GER_buy,GER_sell,NL_buy,NL_sell,PL_buy,PL_sell,DK1_buy,DK1_sell,DK2_buy,DK2_sell,FI_buy,FI_sell,NO1_buy,NO1_sell,NO2_buy,NO2_sell,NO3_buy,NO3_sell,NO4_buy,NO4_sell,NO5_buy,NO5_sell,SE1_buy,SE1_sell,SE2_buy,SE2_sell,SE3_buy,SE3_sell,SE4_buy,SE4_sell
2026-10-04 00:00:00,715.4,261.9,944.8,223.8,621.9,268.4,11.0,16.2,262.1,28.7,63.6,1902.1,4396.0,562.5,1154.4,927.2,72.0,35.2,918.6,1250.6,436.0,697.2,4831.4,5176.7,2623.6,1540.9,4531.8,5628.0,2431.3,2351.5,1669.3,2265.3,994.6,3154.6,855.2,2216.1,1573.3,4499.5,6745.1,4630.7,1547.2,558.9
2026-10-04 00:15:00,708.4,259.0,959.8,229.0,615.0,267.2,11.0,15.6,256.8,28.7,58.7,1911.6,4391.5,553.9,1275.1,962.8,72.5,33.7,917.9,1259.4,433.9,696.5,4833.2,5134.2,2593.1,1543.8,4523.4,5601.4,2423.3,2344.7,1666.4,2280.6,989.6,3132.4,863.4,2256.6,1568.6,4497.0,6700.2,4597.2,1532.9,551.5
2026-10-04 00:30:00,720.6,251.3,940.8,230.1,614.6,266.6,11.0,15.1,259.1,25.1,56.4,1903.3,4547.4,547.3,1313.7,953.2,35.8,35.5,920.4,1204.6,433.8,682.9,4836.0,5089.8,2590.1,1547.9,4514.5,5590.5,2414.4,2326.3,1665.3,2262.9,983.2,3125.6,859.5,2298.2,1566.0,4552.6,6671.4,4499.3,1532.3,543.9
2026-10-04 00:45:00,733.3,249.1,921.7,224.9,613.6,266.6,11.0,15.1,252.0,21.7,48.2,1905.0,4602.6,545.9,1289.7,947.3,35.6,35.8,922.1,1172.9,437.4,688.6,4825.6,5034.5,2574.4,1550.8,4505.0,5566.8,2408.3,2310.1,1663.7,2186.4,977.1,3120.5,845.9,2338.3,1556.6,4477.0,6598.1,4512.1,1512.3,533.3
2026-10-04 01:00:00,698.4,254.2,983.1,225.4,589.6,266.6,19.0,17.5,285.3,25.8,62.9,1891.0,4200.3,583.0,1229.7,961.6,1.0,46.6,913.9,1163.2,441.1,697.6,4772.2,4985.1,2526.5,1546.0,4484.5,5495.8,2390.4,2292.0,1647.4,2138.6,967.8,3054.2,843.1,2360.5,1589.8,4486.5,6514.9,4458.5,1501.0,521.7
2026-10-04 01:15:00,695.2,255.8,989.3,223.2,585.7,266.3,19.0,14.9,282.9,25.8,54.3,1892.2,4215.6,572.8,1213.0,965.5,1.0,46.3,909.4,1161.3,441.8,702.8,4781.4,4933.9,2510.8,1543.1,4482.0,5484.6,2387.4,2295.1,1641.5,2140.1,963.2,3039.7,837.7,2392.6,1583.0,4473.1,6479.5,4437.5,1493.6,516.4
2026-10-04 01:30:00,694.2,260.2,983.9,222.9,587.2,257.4,19.0,14.8,286.8,25.8,55.7,1905.6,4188.7,565.9,1196.9,976.4,0.9,46.5,907.0,1161.3,442.1,708.6,4771.4,4876.5,2496.4,1541.4,4480.3,5481.0,2383.7,2287.9,1638.4,2213.9,958.8,3027.6,851.1,2421.0,1585.2,4461.9,6445.9,4385.8,1494.6,509.3
2026-10-04 01:45:00,689.2,258.6,967.1,214.2,591.0,249.7,19.0,14.8,283.7,25.8,48.3,1898.9,4251.1,562.1,1191.1,965.5,0.9,46.2,909.2,1139.5,445.9,702.9,4765.6,4839.1,2481.7,1539.6,4476.8,5467.1,2379.6,2292.0,1646.0,2188.6,953.1,3013.9,848.8,2444.4,1599.6,4448.4,6424.2,4410.3,1484.0,508.9
2026-10-04 02:00:00,732.6,262.2,972.6,195.9,589.6,305.6,19.0,11.7,269.5,26.3,50.3,1892.1,4189.3,491.2,1161.9,962.5,45.5,36.7,901.2,1144.2,454.4,719.7,4614.2,4742.5,2458.6,1434.5,4465.1,5490.1,2367.9,2284.5,1626.5,2097.9,948.2,3088.3,850.3,2514.4,1606.1,4476.5,6398.7,4348.5,1481.2,485.9
2026-10-04 02:15:00,732.4,269.5,969.9,184.1,588.2,305.8,19.0,11.3,265.1,25.5,53.1,1884.1,4205.3,489.3,1160.9,945.1,30.0,37.0,903.5,1109.5,452.5,703.6,4604.0,4697.7,2449.3,1433.7,4464.9,5484.7,2365.6,2298.1,1624.3,2127.9,944.3,3071.8,846.1,2536.8,1610.4,4456.7,6383.3,4357.4,1472.3,481.3
2026-10-04 02:30:00,730.0,264.9,970.2,185.9,587.8,306.1,19.0,11.2,266.3,26.3,40.9,1891.4,4623.9,487.3,1149.9,948.1,49.8,37.0,902.3,1100.3,447.2,703.8,4598.5,4643.4,2440.9,1433.9,4464.6,5481.4,2361.8,2294.3,1621.2,2136.2,942.4,3065.6,834.5,2554.6,1605.3,4429.6,6376.9,4346.8,1471.2,481.6
2026-10-04 02:45:00,726.1,268.1,975.7,179.6,583.0,306.1,19.0,11.3,266.0,26.3,34.4,1898.7,4628.1,487.1,1142.3,950.0,49.5,37.4,900.9,1087.6,452.1,698.8,4604.9,4579.7,2432.4,1434.1,4463.6,5480.4,2360.5,2303.4,1619.2,2253.6,939.6,3048.7,833.4,2557.1,1604.5,4430.0,6358.9,4318.7,1476.7,474.2
2026-10-04 03:00:00,712.7,278.9,983.1,180.6,596.9,309.7,11.0,11.4,279.2,25.4,53.1,1912.9,4599.5,475.6,1126.1,965.2,28.3,33.3,876.5,1101.7,415.4,713.1,4583.7,4537.9,2413.2,1438.7,4478.0,5383.2,2354.6,2231.9,1612.2,2216.8,936.2,3146.8,835.0,2569.4,1529.0,4305.8,6411.9,4474.3,1459.6,461.3
2026-10-04 03:15:00,719.5,280.8,982.2,180.1,597.3,314.6,11.0,11.3,272.3,25.4,51.5,1910.7,4587.2,473.0,1119.9,965.9,29.2,33.9,880.9,1086.8,413.3,706.8,4589.9,4484.9,2409.3,1436.4,4480.6,5387.1,2353.3,2247.7,1611.1,2331.9,936.1,3133.8,835.3,2566.7,1527.0,4284.7,6386.7,4446.2,1459.7,456.2
2026-10-04 03:30:00,718.8,279.9,985.0,174.7,596.6,322.3,11.1,11.8,273.2,23.2,50.6,1906.5,4576.0,469.8,1124.7,965.1,30.2,34.3,880.0,1085.1,411.0,703.0,4589.2,4420.3,2406.6,1434.7,4479.8,5380.3,2350.1,2307.1,1610.2,2399.0,935.4,3100.7,837.0,2566.1,1521.0,4295.9,6373.3,4442.4,1457.6,448.7
2026-10-04 03:45:00,719.1,276.2,983.7,179.6,598.6,322.2,11.0,11.4,274.4,24.0,49.3,1902.2,4199.1,468.7,1118.9,954.4,30.3,35.0,880.7,1063.4,414.1,696.8,4581.5,4362.0,2407.2,1433.5,4478.9,5385.0,2349.6,2309.1,1608.9,2500.8,931.3,3092.3,837.2,2567.1,1523.2,4272.8,6363.1,4433.6,1460.5,444.4
2026-10-04 04:00:00,795.2,271.0,922.4,172.0,664.7,412.7,21.7,11.2,264.9,20.1,77.2,1914.0,4142.5,575.7,1125.6,954.8,24.1,41.5,862.8,1043.3,415.8,684.2,4635.8,4297.1,2403.5,1450.4,4413.3,5376.0,2344.5,2204.7,1606.8,2571.2,929.1,3142.9,853.7,2592.7,1536.7,4336.5,6337.3,4374.5,1445.1,436.7
2026-10-04 04:15:00,783.8,273.1,932.8,169.7,667.0,414.1,19.4,11.2,311.0,16.9,72.3,1913.0,4107.3,572.9,1125.9,953.1,24.1,39.7,864.1,1034.1,409.3,681.8,4629.4,4248.0,2403.5,1448.6,4414.4,5385.9,2344.6,2182.0,1607.3,2672.5,928.7,3150.0,843.7,2593.5,1535.6,4309.5,6326.1,4363.2,1444.2,434.8
2026-10-04 04:30:00,767.9,274.4,937.9,167.9,670.8,415.2,19.0,11.2,308.4,20.1,67.0,1907.8,4155.1,570.8,1083.7,957.9,24.1,42.3,865.1,1036.6,408.2,680.2,4638.4,4198.3,2409.5,1445.5,4415.5,5397.3,2343.2,2181.7,1607.4,2789.8,926.7,3146.7,845.2,2591.5,1536.4,4326.1,6331.2,4351.8,1446.3,425.3
2026-10-04 04:45:00,761.3,275.8,941.0,170.7,676.3,416.4,19.0,11.2,267.6,20.1,60.8,1899.6,4129.4,568.1,1078.7,952.3,24.2,42.7,866.8,1024.2,406.9,673.4,4644.0,4165.3,2407.1,1442.3,4418.3,5403.4,2342.2,2197.3,1608.0,2901.6,925.0,3133.6,848.3,2587.5,1535.8,4320.9,6327.4,4343.6,1448.1,426.3
2026-10-04 05:00:00,724.6,273.7,965.3,168.1,677.4,433.8,18.0,2.2,265.1,21.4,24.9,1915.6,4187.0,475.2,1105.8,952.8,22.9,82.0,862.0,1026.6,398.4,669.4,4691.2,4148.4,2419.2,1369.8,4475.4,5505.5,2336.2,2236.5,1606.8,2825.5,927.2,3134.0,864.0,2641.9,1545.9,4394.0,6247.0,4289.8,1467.0,422.1
2026-10-04 05:15:00,732.4,274.4,979.7,169.0,675.6,435.1,18.0,2.2,263.3,23.0,24.8,1897.1,4208.9,472.8,1105.5,951.8,22.9,102.6,861.8,1009.1,393.2,664.1,4658.2,4110.3,2424.1,1374.8,4479.7,5522.7,2338.8,2193.1,1597.6,2941.3,928.2,3151.9,853.3,2637.2,1545.6,4383.5,6279.0,4279.8,1466.3,418.7
2026-10-04 05:30:00,737.7,276.7,962.1,170.6,682.7,436.5,18.0,2.2,266.7,23.6,50.2,1897.0,4210.4,470.3,1065.6,964.9,22.9,103.4,865.2,1005.9,393.0,661.5,4617.2,4079.2,2432.6,1370.5,4484.1,5533.3,2337.7,2207.2,1596.9,2976.1,926.2,3147.8,866.4,2634.7,1544.9,4374.0,6293.1,4266.5,1475.4,413.5
2026-10-04 05:45:00,727.8,279.8,969.5,179.0,680.9,437.6,18.0,2.2,269.7,23.6,58.3,1893.0,4213.8,468.4,1067.7,974.8,40.6,86.5,869.1,1001.3,394.7,660.8,4611.4,4091.4,2444.2,1368.2,4490.3,5552.5,2342.0,2186.0,1601.0,3030.1,926.2,3164.5,856.5,2634.1,1533.8,4356.7,6320.3,4253.9,1474.6,408.1
2026-10-04 06:00:00,729.3,277.3,1017.1,188.4,639.1,572.2,37.8,2.2,284.1,21.0,49.3,1893.4,4295.6,585.5,1142.8,976.7,0.0,104.6,888.9,803.4,416.5,648.3,4619.1,4089.2,2473.0,1416.0,4478.3,5552.7,2347.0,2233.5,1625.0,2804.2,924.3,3107.2,864.7,2675.9,1466.4,4515.7,6451.8,4221.7,1529.0,405.1
2026-10-04 06:15:00,723.5,280.2,1019.4,207.8,647.8,571.1,37.8,2.1,281.5,20.1,52.3,1889.3,4287.8,595.6,1155.1,979.1,0.0,102.8,895.3,810.3,415.8,647.9,4615.8,4074.5,2490.9,1412.8,4491.5,5584.1,2353.7,2214.6,1626.2,2898.1,934.6,3134.7,868.0,2675.1,1463.9,4502.9,6481.3,4210.4,1538.4,401.8
2026-10-04 06:30:00,728.8,288.9,999.3,220.3,653.5,559.8,38.1,2.1,283.3,21.7,70.7,1885.6,4272.8,593.4,1118.9,979.2,0.0,122.8,901.6,816.0,421.6,637.8,4595.8,4086.8,2502.4,1410.0,4498.1,5602.4,2354.9,2202.6,1611.7,2936.3,935.7,3146.7,870.7,2675.9,1473.3,4501.0,6502.7,4189.6,1543.3,391.6
2026-10-04 06:45:00,730.4,303.3,1011.7,247.7,661.4,564.8,38.6,3.0,285.9,21.7,72.6,1883.2,4261.3,595.0,1129.7,995.9,18.2,121.9,908.2,820.3,424.6,653.1,4611.1,4088.3,2523.2,1409.4,4504.5,5620.9,2365.9,2210.8,1615.2,2935.6,939.9,3162.2,872.6,2676.7,1476.9,4532.3,6536.5,4174.9,1552.1,387.2
2026-10-04 07:00:00,730.2,363.6,1056.7,248.8,675.8,575.3,21.2,8.2,301.8,21.7,21.4,1869.8,4380.4,491.9,1192.0,1003.3,53.4,161.3,961.7,669.4,433.1,644.0,4701.4,4037.9,2568.8,1339.7,4614.3,5701.1,2371.9,2262.7,1651.5,2918.8,948.5,3223.4,885.2,2841.9,1483.3,4608.6,6570.7,4133.6,1567.1,381.9
2026-10-04 07:15:00,742.7,383.1,1066.0,259.5,682.8,590.6,21.2,4.7,297.3,65.5,26.0,1867.4,4376.7,493.0,1211.5,1017.7,53.3,158.5,969.6,662.2,438.5,643.7,4702.1,4017.1,2587.7,1339.5,4619.9,5720.5,2380.0,2256.5,1645.5,2964.1,954.6,3242.8,889.2,2841.5,1485.7,4592.2,6614.9,4128.0,1576.5,382.1
2026-10-04 07:30:00,758.5,380.3,1072.1,267.9,687.2,611.5,23.5,6.9,296.2,115.1,32.0,1868.2,4341.8,520.8,1223.8,1011.1,53.1,169.3,977.6,644.5,443.5,633.6,4726.0,4020.4,2611.0,1363.6,4629.2,5729.9,2382.1,2256.8,1643.4,2974.5,960.1,3248.9,888.1,2837.0,1480.3,4627.2,6660.2,4178.2,1589.6,386.6
2026-10-04 07:45:00,755.5,435.7,1065.0,275.1,690.8,648.7,21.9,6.8,302.9,20.3,30.8,1876.7,4362.0,552.3,1238.8,1011.9,33.0,175.8,985.0,635.0,449.5,641.3,4743.4,4004.4,2636.2,1395.0,4637.0,5733.4,2396.2,2269.9,1650.4,2983.5,965.8,3252.2,889.0,2829.2,1481.0,4628.5,6698.0,4157.7,1600.5,387.9
2026-10-04 08:00:00,750.0,402.2,1060.7,379.8,696.7,582.0,26.0,9.8,299.3,15.2,44.0,1887.0,4634.3,646.8,1244.8,1053.6,79.2,140.2,1042.5,678.0,444.9,642.4,4860.3,3962.4,2687.6,1387.0,4627.9,5679.8,2415.2,2299.0,1683.8,3021.9,982.8,3374.8,891.0,2874.4,1489.3,4776.3,6811.7,4184.4,1618.2,473.7
2026-10-04 08:15:00,761.4,430.9,1041.3,385.1,698.7,615.8,25.1,10.8,279.2,15.7,43.5,1884.9,4624.9,676.7,1240.9,1046.2,79.4,142.0,1039.8,681.2,441.6,633.7,4880.7,3943.7,2712.8,1387.1,4635.1,5699.0,2426.2,2307.2,1678.3,3041.2,988.2,3393.3,888.0,2851.4,1487.0,4796.0,6860.4,4142.0,1623.6,439.6
2026-10-04 08:30:00,767.6,481.6,983.0,399.5,701.7,660.3,24.5,12.1,259.3,27.0,50.8,1906.0,4591.3,738.0,1238.5,1099.1,79.6,149.8,1037.1,707.2,437.0,643.6,4880.4,3924.9,2738.1,1387.3,4645.9,5725.8,2435.6,2316.1,1677.6,3049.0,996.1,3416.2,889.9,2820.8,1486.4,4792.1,6904.9,4077.7,1625.5,468.2
2026-10-04 08:45:00,767.6,510.9,979.6,396.1,704.0,686.7,24.5,12.3,228.3,32.3,51.1,1898.1,5273.5,801.4,1375.4,1277.8,59.8,147.7,1053.7,669.2,447.7,633.8,4907.8,3911.5,2747.7,1389.5,4654.2,5733.0,2447.6,2329.6,1681.2,3093.5,1003.2,3424.4,895.7,2782.5,1486.7,4790.7,6942.5,4130.3,1634.5,413.3
2026-10-04 09:00:00,765.6,559.3,953.1,386.6,706.1,752.3,12.0,58.2,211.1,62.5,83.7,1953.5,4635.8,899.5,1378.3,1432.5,10.0,196.5,1053.2,751.8,454.7,629.2,4937.3,3936.8,2823.3,1421.5,4708.8,5753.9,2477.3,2376.2,1711.2,3181.0,1032.0,3551.7,909.8,2730.9,1492.7,4704.9,6973.5,4157.8,1632.0,392.2
2026-10-04 09:15:00,759.1,582.6,904.9,394.2,703.2,796.8,16.1,54.0,177.1,81.5,86.4,1973.6,5167.9,1388.1,1313.1,1456.3,10.0,175.5,1046.1,753.5,456.4,602.6,4945.2,3920.8,2837.2,1424.0,4717.3,5593.3,2487.1,2425.3,1710.7,3213.1,1033.7,3542.5,910.2,2678.4,1493.4,4671.9,6985.9,4140.6,1624.9,397.7
2026-10-04 09:30:00,747.8,592.4,849.0,386.2,702.3,835.0,16.2,54.0,151.7,115.3,91.2,1993.6,5545.4,888.8,1300.1,1520.5,10.0,173.4,1035.2,776.6,460.6,623.5,4923.6,3908.5,2866.0,1427.4,4710.6,5043.5,2493.1,2429.9,1711.7,3225.8,1040.6,3549.9,910.5,2626.9,1494.5,4668.3,7003.0,4122.6,1607.0,400.4
2026-10-04 09:45:00,743.5,605.5,767.7,406.6,703.1,874.5,16.3,55.6,122.0,140.2,91.7,2012.6,5565.8,794.5,1257.4,1540.8,10.0,165.0,1044.2,755.0,480.3,326.5,4937.2,3883.9,2874.5,1406.6,4707.8,4322.8,2500.7,2435.0,1712.4,3244.8,1027.9,3535.1,922.6,2574.9,1497.3,4649.9,7027.6,4102.3,1597.8,407.0
2026-10-04 10:00:00,726.0,626.9,931.9,391.8,698.5,913.7,52.0,72.2,92.8,161.1,92.6,2008.7,6587.1,743.2,1136.6,1445.0,30.9,231.2,1184.8,821.0,493.8,657.5,4960.4,3857.9,2885.9,1445.1,4866.0,4332.6,2509.3,2465.2,1735.7,3169.4,1055.5,3418.3,921.5,2785.4,1506.1,4773.4,6976.5,4044.3,1574.6,421.3
2026-10-04 10:15:00,724.8,635.6,880.7,415.1,694.1,949.3,52.6,83.8,91.2,211.3,94.7,2019.3,6635.8,832.9,1080.2,1327.6,30.9,229.3,1206.9,826.7,495.8,342.6,4965.7,3833.9,2899.0,1393.8,4856.8,3764.0,2516.2,2462.2,1742.6,3177.8,1045.0,3416.4,924.1,2744.6,1506.7,4766.1,6983.3,4048.4,1563.2,430.7
2026-10-04 10:30:00,716.7,642.8,863.3,475.3,690.4,975.0,53.1,73.5,89.7,228.8,97.8,2040.7,6633.1,900.0,1066.1,1304.4,30.9,243.2,1205.2,847.9,497.4,303.2,4968.7,3813.6,2902.9,1375.1,4847.4,3204.5,2517.7,2452.0,1738.9,3171.5,1045.1,3398.7,922.7,2709.3,1509.9,4720.4,6980.4,4078.1,1543.5,434.5
2026-10-04 10:45:00,709.9,641.7,844.7,494.3,685.1,1008.3,53.6,74.2,87.5,278.6,99.0,2072.6,6512.6,977.8,996.2,1355.8,30.9,223.3,1222.2,859.9,514.5,318.1,4973.6,3755.4,2909.2,1346.9,4831.0,2910.0,2524.7,2453.0,1744.7,3168.5,1048.5,3335.0,912.8,2681.4,1502.1,4668.5,6990.7,4090.7,1532.2,438.6
2026-10-04 11:00:00,718.3,598.9,832.3,462.6,677.2,960.7,5.2,70.2,87.1,313.2,173.5,2107.4,6669.2,1094.2,1130.5,1300.2,86.4,203.3,1131.2,910.7,496.8,327.9,4980.1,3748.5,2915.1,1369.1,4587.7,2711.6,2519.7,2421.0,1742.8,3014.4,1308.5,2977.4,910.5,3020.1,1506.5,4712.4,7001.8,4007.0,1509.9,455.6
2026-10-04 11:15:00,716.8,599.8,812.1,502.5,671.1,978.9,6.1,70.6,86.6,346.7,174.4,2120.9,6918.8,1149.2,1101.2,1359.4,85.3,184.6,1133.3,902.1,498.2,319.3,4982.5,3688.5,2917.1,1371.0,4585.4,2461.4,2522.0,2415.4,1743.6,3008.5,1292.0,2483.9,912.2,3001.7,1504.6,4713.4,6974.3,4039.1,1501.3,459.5
2026-10-04 11:30:00,706.2,600.3,816.0,557.6,670.2,995.0,7.2,70.9,86.4,352.1,176.3,2139.2,6926.3,1193.8,1049.0,1439.7,84.1,180.2,1135.4,936.4,499.2,326.6,4992.5,3624.0,2912.3,1356.2,4634.7,2314.5,2521.9,2297.8,1744.1,2978.9,1294.9,2033.9,909.4,2983.8,1499.3,4720.5,6972.7,4076.8,1493.6,463.7
2026-10-04 11:45:00,712.5,606.4,800.7,607.5,670.1,1011.5,22.6,71.2,85.3,346.8,177.9,2139.8,7198.8,1211.2,1004.2,1469.7,83.0,199.5,1138.3,951.1,505.5,333.9,4986.5,3586.9,2910.0,1357.4,4647.9,2252.9,2527.3,2218.8,1744.6,2956.2,1297.8,1743.2,910.4,2965.4,1487.8,4732.5,6979.9,4108.1,1482.7,462.6
2026-10-04 12:00:00,714.1,605.1,782.9,644.4,698.9,932.8,3.7,52.9,95.9,411.0,174.5,2114.7,7230.3,1322.3,1294.3,1498.1,45.8,331.6,1324.1,812.1,513.9,270.6,4943.7,3619.6,2906.3,1278.3,4612.6,2178.9,2527.0,2253.2,1732.7,3111.8,1302.3,1732.0,906.0,2385.5,1470.9,4681.6,6995.7,4149.1,1471.4,480.2
2026-10-04 12:15:00,730.9,604.3,775.4,655.7,696.9,925.1,7.8,43.3,94.3,454.7,172.6,2131.9,7316.9,1309.0,1271.2,1526.9,44.2,330.3,1316.6,834.3,505.2,278.3,4963.9,3586.8,2901.5,1281.1,4613.4,2034.4,2539.8,2188.0,1733.0,3099.0,1285.6,1661.6,904.3,2372.0,1459.1,4709.3,7003.3,4179.8,1461.6,485.1
2026-10-04 12:30:00,721.3,602.4,784.9,686.9,695.3,918.5,23.9,41.1,93.2,465.1,177.5,2140.1,7342.6,1309.5,1244.6,1542.6,42.8,332.4,1329.6,841.8,505.3,284.5,4954.0,3575.0,2917.3,1283.9,4629.6,2035.5,2535.6,2178.7,1733.4,3106.2,1325.5,1612.2,905.2,2359.7,1449.0,4742.2,7043.8,4213.3,1458.1,480.2
2026-10-04 12:45:00,714.2,595.7,779.7,708.6,695.9,906.3,24.0,41.0,93.0,468.0,203.9,2148.4,7407.3,1296.4,1216.3,1580.0,41.3,333.1,1333.1,852.5,509.3,298.5,4956.4,3569.0,2913.4,1286.0,4628.6,1978.3,2540.4,2151.2,1739.0,3109.0,1323.6,1612.3,903.6,2348.4,1439.6,4738.3,7032.5,4246.5,1458.8,484.7
2026-10-04 13:00:00,727.2,619.7,841.6,733.8,714.1,978.2,23.9,44.1,90.3,454.3,266.3,2157.9,7236.9,1334.9,1415.6,1512.5,39.8,302.3,1430.9,803.7,513.7,277.5,4933.5,3571.6,2906.1,1259.3,4520.4,1858.7,2544.1,2133.9,1739.7,3077.4,1341.8,1542.9,900.1,2252.1,1433.8,4677.6,7093.9,4398.7,1477.5,485.9
2026-10-04 13:15:00,724.2,612.8,860.4,754.6,718.5,972.4,24.2,43.5,88.7,449.3,279.0,2154.7,7455.9,1316.0,1410.5,1512.6,39.8,303.8,1440.8,791.9,503.9,266.1,4929.9,3586.6,2906.4,1261.6,4527.6,1877.6,2545.4,2131.3,1739.7,3080.4,1342.4,1511.3,901.2,2247.6,1430.0,4707.8,7110.7,4400.4,1464.7,488.3
2026-10-04 13:30:00,751.0,606.1,866.1,777.0,720.3,955.0,24.1,43.1,89.7,449.4,283.9,2161.7,7459.4,1301.1,1403.1,1490.6,39.8,300.6,1590.7,776.2,504.4,259.2,4929.3,3601.6,2905.2,1265.6,4525.3,1894.2,2543.6,2126.8,1741.0,3089.0,1345.8,1472.9,897.8,2244.2,1430.7,4729.6,7131.0,4435.3,1466.0,491.1
2026-10-04 13:45:00,748.0,599.2,872.2,799.4,725.0,932.7,24.0,42.5,90.6,447.5,273.1,2165.3,7453.9,1289.1,1389.7,1506.1,39.8,289.5,1570.1,781.9,507.6,259.9,4930.1,3619.2,2907.6,1268.7,4522.9,1909.8,2545.3,2128.7,1740.1,3085.2,1343.6,1448.1,898.5,2244.5,1436.1,4745.2,7124.7,4460.3,1467.0,490.8
2026-10-04 14:00:00,768.8,584.4,892.2,857.1,730.6,959.6,23.9,52.9,89.2,432.9,227.1,2152.7,7328.9,1254.8,1113.2,1526.5,44.8,298.3,1431.3,769.4,499.4,249.9,4977.6,3609.8,2909.2,1318.0,4561.4,2164.3,2542.5,2135.5,1751.7,3013.5,1321.0,1458.5,931.6,2483.4,1445.1,4912.8,7098.7,4497.0,1424.0,496.3
2026-10-04 14:15:00,739.6,563.2,896.2,854.9,733.6,939.7,15.9,53.3,89.1,422.3,217.8,2151.6,7136.4,1214.9,1111.6,1527.0,44.2,276.9,1272.3,780.5,489.5,245.1,4978.3,3630.7,2911.1,1322.0,4563.6,2186.2,2544.6,2158.3,1753.2,3013.2,1319.3,1468.0,932.0,2490.0,1454.2,4964.4,7092.0,4546.0,1430.1,483.9
2026-10-04 14:30:00,746.7,548.7,919.6,833.5,739.1,914.4,5.5,52.7,90.2,406.0,217.0,2147.9,7131.3,1175.3,1116.7,1503.7,43.5,283.6,1277.9,785.1,485.8,240.6,4987.3,3652.1,2914.7,1326.0,4560.6,2200.7,2545.9,2175.5,1751.4,2994.0,1322.7,1496.1,931.2,2499.9,1460.1,4988.8,7106.2,4557.2,1436.0,480.3
2026-10-04 14:45:00,758.2,549.1,943.6,804.3,744.4,888.3,3.8,51.7,91.5,404.0,213.5,2150.6,6848.3,1139.2,1130.2,1477.3,42.8,278.7,1288.6,806.7,489.1,232.9,5000.9,3672.5,2920.4,1330.3,4568.2,2215.1,2550.5,2218.1,1752.4,3001.3,1326.5,1665.1,931.8,2512.1,1466.4,5013.7,7122.2,4565.6,1445.1,474.9
2026-10-04 15:00:00,767.9,515.9,973.8,767.3,722.4,909.3,13.7,56.5,95.7,364.1,207.9,2146.7,6714.5,1171.0,964.7,1422.4,22.1,247.1,1116.2,863.3,488.8,224.9,5047.4,3637.2,2927.9,1305.5,4455.1,2158.6,2561.9,2244.7,1762.7,3018.8,1066.0,1776.7,939.7,2581.3,1488.4,5049.7,7102.4,4579.7,1466.9,473.1
2026-10-04 15:15:00,779.1,503.1,1012.6,734.3,729.0,869.7,12.4,54.8,96.9,345.6,164.2,2140.2,6649.1,1147.9,1021.0,1424.8,22.2,234.6,1095.9,863.3,477.2,217.7,5066.5,3663.3,2935.3,1308.9,4461.8,2324.1,2563.8,2289.7,1767.1,3032.6,1062.0,1891.1,942.8,2597.5,1492.2,5084.0,7091.9,4592.7,1486.7,463.7
2026-10-04 15:30:00,792.1,488.5,868.0,695.9,738.2,820.7,12.0,52.3,98.1,311.5,152.1,2130.8,6427.3,1088.0,1051.6,1381.7,22.3,227.9,1094.7,866.9,477.8,200.3,5088.5,3669.2,2923.4,1314.2,4449.6,2681.7,2562.1,2382.6,1769.1,3065.3,1083.1,2051.6,944.9,2613.7,1497.1,5122.1,7119.8,4581.3,1513.6,460.4
2026-10-04 15:45:00,796.1,482.2,906.4,668.4,749.4,771.0,12.0,56.5,98.5,302.0,147.7,2140.8,6372.0,985.2,1087.0,1344.2,22.4,235.1,1092.9,897.4,477.2,224.4,5104.6,3679.4,2930.8,1329.3,4391.3,2892.0,2566.5,2543.8,1767.9,3115.9,1078.5,2400.8,947.5,2629.6,1499.8,5162.4,7155.0,4584.9,1537.3,452.5
2026-10-04 16:00:00,804.4,461.1,911.4,684.0,745.1,865.7,35.4,21.5,82.4,258.1,145.3,2106.8,6542.2,1059.4,951.3,1424.4,12.4,207.3,1064.0,1137.2,498.1,245.8,5227.9,3768.6,2955.3,1387.2,4578.8,3371.6,2577.6,2623.8,1792.2,3037.6,1069.9,3075.8,951.6,2784.2,1507.5,5117.9,7294.5,4652.4,1601.0,437.3
2026-10-04 16:15:00,813.7,441.2,960.8,658.3,756.3,798.9,30.0,21.7,83.6,242.1,144.8,2120.1,6566.3,950.4,1042.0,1392.9,32.9,176.6,1080.4,1160.3,483.8,255.9,5251.9,3791.6,2968.4,1400.8,4593.4,3648.6,2581.1,2641.4,1794.0,3103.5,1073.5,3554.9,955.3,2803.8,1514.2,5168.1,7349.8,4666.8,1637.2,427.3
2026-10-04 16:30:00,821.3,441.1,1039.4,635.3,766.3,751.5,30.0,21.9,85.6,240.5,142.0,2095.9,6186.5,1073.4,1143.3,1424.4,13.3,170.8,1081.0,1171.3,495.1,663.0,5267.9,3888.4,2978.3,1408.6,4603.3,4400.8,2581.9,2565.1,1793.9,3055.5,1090.8,3626.8,958.3,2824.9,1521.8,5253.3,7431.9,4693.6,1672.8,418.4
2026-10-04 16:45:00,830.1,439.9,1120.5,625.4,778.3,727.9,30.0,24.8,87.2,208.1,142.2,2082.0,5595.3,1596.2,1251.9,1555.0,13.7,128.3,1094.4,1233.2,501.0,713.9,5283.6,3943.8,2992.2,1461.7,4612.5,5121.9,2584.1,2564.1,1795.5,3046.7,1089.5,3625.9,959.8,2846.7,1538.0,5304.9,7529.1,4743.3,1717.7,407.1
2026-10-04 17:00:00,841.4,452.7,1194.3,714.9,793.5,819.9,13.3,79.7,114.2,114.9,146.2,1978.6,5853.9,1186.8,1427.5,1559.3,102.2,37.5,1194.3,1575.1,539.2,677.3,5472.6,4003.3,3035.6,1510.2,4647.0,5764.4,2583.9,2684.4,1820.7,3036.6,1102.6,3579.1,968.7,3060.2,1558.9,5187.7,7707.0,4842.0,1782.0,425.6
2026-10-04 17:15:00,853.4,437.7,1238.9,720.6,807.8,806.3,12.0,75.4,141.9,86.5,151.2,1958.9,4842.2,893.2,1521.7,1508.2,139.1,37.3,1173.4,1627.8,530.5,680.7,5486.2,4067.1,3049.4,1489.5,4655.9,5801.4,2587.3,2606.6,1822.8,2997.5,1105.2,3635.6,970.2,3089.7,1574.7,5258.3,7804.8,4890.2,1817.8,425.3
2026-10-04 17:30:00,872.7,428.5,1274.7,725.6,805.6,813.0,12.0,80.0,173.6,52.3,199.3,1927.1,4148.2,812.1,1516.4,1348.7,116.5,36.6,1190.5,1639.8,541.2,682.9,5500.9,4119.8,3064.4,1495.5,4666.1,5824.8,2583.6,2541.5,1824.2,2959.0,1105.7,3668.5,976.0,3121.6,1601.8,5282.7,7896.4,4950.6,1854.7,423.9
2026-10-04 17:45:00,888.7,428.5,1302.4,738.3,819.1,813.2,12.0,74.5,222.4,46.6,199.1,1909.0,3922.6,732.3,1493.6,1158.4,123.7,36.3,1186.0,1655.5,547.8,694.6,5526.9,4144.3,3075.9,1524.1,4677.6,5830.4,2584.5,2513.5,1825.4,2902.5,1111.3,3680.6,981.0,3156.3,1618.5,5240.1,7980.4,5091.7,1903.7,425.0
2026-10-04 18:00:00,909.2,439.6,1336.0,752.2,830.0,816.9,1.3,31.2,273.1,35.6,176.6,1869.2,4460.2,710.7,1479.7,972.2,162.0,37.2,1199.3,1781.5,567.6,679.4,5634.0,4297.8,3099.4,1599.6,4479.8,5869.2,2585.6,2669.4,1821.8,3100.3,1126.4,3548.4,979.5,2831.5,1628.5,5239.5,8111.7,5331.5,1943.2,437.5
2026-10-04 18:15:00,921.1,438.8,1356.4,798.3,839.2,814.2,1.9,31.0,311.2,48.1,198.3,1854.0,4068.6,754.1,1703.2,1092.9,168.1,36.7,1183.6,1812.3,561.8,676.0,5635.1,4338.7,3126.6,1551.5,4493.2,5934.8,2589.7,2576.3,1818.0,3044.7,1122.8,3625.3,981.4,2865.5,1639.8,5245.6,8157.5,5309.3,1953.4,453.0
2026-10-04 18:30:00,924.2,428.6,1377.7,826.5,857.0,807.5,1.9,32.4,338.4,36.3,214.5,1833.7,3948.9,750.2,1727.7,1061.4,222.1,35.9,1181.7,1847.2,563.6,659.8,5619.1,4407.3,3131.8,1553.0,4511.4,5950.8,2587.7,2565.2,1852.2,2915.9,1125.4,3639.3,983.5,2898.0,1647.3,5269.5,8198.5,5343.8,1968.7,463.0
2026-10-04 18:45:00,923.5,427.9,1357.4,852.5,866.2,797.3,1.3,33.6,349.4,91.1,245.2,1842.0,3794.1,787.5,1775.4,1101.5,216.4,35.5,1171.6,1870.6,562.0,663.8,5596.7,4480.1,3158.4,1553.6,4518.1,5964.9,2592.5,2568.4,1851.9,2739.3,1122.2,3655.7,984.1,2928.0,1661.3,5301.8,8227.4,5309.3,1981.9,473.2
2026-10-04 19:00:00,922.4,411.7,1352.8,917.1,863.5,760.2,13.4,87.3,332.5,84.6,495.3,1861.3,4056.2,734.3,1837.0,1197.1,159.1,35.5,1122.3,1973.3,566.0,669.7,5561.7,4546.7,3201.6,1530.2,4560.3,5973.9,2592.3,2605.1,1832.6,3004.9,1129.2,3695.6,983.3,2560.2,1654.2,5079.4,8247.2,5572.8,1977.4,504.7
2026-10-04 19:15:00,918.3,400.4,1343.9,935.0,862.5,751.1,12.0,90.0,336.4,90.5,491.1,1855.3,4050.1,812.2,1851.6,1216.0,166.4,35.4,1104.6,2008.8,560.7,668.3,5557.8,4619.4,3211.5,1529.4,4566.1,5991.5,2597.3,2561.8,1837.5,2970.2,1132.4,3726.6,982.9,2589.6,1652.9,5045.8,8260.1,5481.3,1989.8,530.6
2026-10-04 19:30:00,916.2,381.8,1329.8,921.2,858.5,745.3,12.0,90.7,338.9,88.3,489.1,1849.3,3989.2,835.8,1806.1,1227.6,164.2,35.4,1094.6,2046.8,553.7,670.5,5559.8,4639.5,3198.6,1529.4,4564.7,5979.3,2596.1,2564.8,1860.7,2902.3,1130.5,3719.6,984.9,2617.6,1648.1,5023.6,8262.5,5405.6,1986.4,552.4
2026-10-04 19:45:00,907.9,309.3,1344.8,913.9,855.2,745.4,13.3,90.1,338.0,83.6,490.9,1838.8,3973.4,839.0,1789.4,1236.8,154.3,35.3,1089.5,2069.4,551.6,671.0,5636.3,4748.6,3195.2,1530.4,4560.4,5961.0,2599.3,2610.6,1859.4,2770.9,1127.4,3699.7,981.3,2644.0,1639.7,5070.4,8237.3,5351.0,1969.8,551.2
2026-10-04 20:00:00,895.3,327.9,1288.7,828.1,831.8,447.8,12.6,68.4,362.2,89.0,522.1,1828.9,3587.4,948.4,1795.0,1198.1,213.5,36.3,1051.1,1843.2,527.4,701.7,5532.7,4756.7,3206.2,1588.1,4512.0,5905.5,2598.5,2599.4,1826.2,2994.9,1118.9,3659.6,972.9,2509.4,1613.8,4829.0,8091.4,5314.3,1919.0,569.7
2026-10-04 20:15:00,878.2,309.6,1275.3,786.4,824.9,446.7,12.0,68.5,353.8,89.0,487.6,1834.9,3581.4,874.9,1785.7,1209.5,205.5,36.2,1042.2,1882.0,520.5,714.3,5491.8,4790.4,3199.3,1590.5,4501.8,5884.9,2600.3,2590.5,1854.3,2843.7,1111.3,3658.3,967.0,2535.1,1606.3,4803.6,8030.3,5305.4,1891.9,581.4
2026-10-04 20:30:00,884.2,303.0,1282.4,796.8,836.6,447.2,12.2,68.5,351.8,96.1,465.3,1845.3,3569.4,843.7,1769.7,1189.3,205.9,36.0,1041.6,1914.1,516.7,717.5,5454.6,4855.6,3189.1,1589.2,4491.8,5853.8,2597.1,2603.2,1855.9,2510.2,1108.4,3656.2,961.7,2562.9,1591.0,4859.0,7971.6,5319.5,1871.1,590.6
2026-10-04 20:45:00,867.7,300.6,1249.5,786.0,824.9,447.0,12.5,67.1,349.5,99.7,459.9,1838.3,4009.8,767.4,1751.2,1198.4,214.8,35.8,1036.0,1938.1,516.4,713.3,5469.0,4932.0,3160.9,1584.6,4485.3,5815.4,2596.9,2620.0,1854.4,2110.1,1103.2,3646.8,960.0,2593.8,1584.1,4892.1,7919.0,5331.5,1847.8,598.4
2026-10-04 21:00:00,852.6,297.2,1203.1,787.7,812.2,357.6,1.1,51.4,352.2,100.3,191.8,1806.9,3630.8,805.7,1685.4,1164.6,162.2,36.5,990.1,2008.9,489.3,713.0,5501.3,5014.9,3119.1,1685.8,4453.3,5877.2,2571.8,2625.1,1834.3,2245.4,1097.2,3367.1,944.5,2559.5,1549.9,4864.3,7807.6,5266.1,1801.9,545.5
2026-10-04 21:15:00,840.9,292.4,1162.8,778.0,798.7,358.1,1.3,51.1,348.0,99.0,171.8,1807.8,3649.2,813.8,1657.3,1121.6,162.8,36.7,977.7,2011.0,484.2,717.9,5412.8,4925.6,3098.4,1630.2,4435.8,5866.6,2569.2,2627.4,1831.2,2006.8,1085.6,3376.7,939.2,2591.8,1542.3,4834.9,7712.9,5262.9,1774.2,551.4
2026-10-04 21:30:00,827.1,287.6,1117.0,707.6,781.5,352.4,1.1,51.1,344.4,104.2,156.8,1819.6,3762.3,774.9,1671.9,1130.4,150.6,36.7,964.4,2050.7,479.6,729.1,5444.8,4944.7,3076.0,1594.1,4424.2,5855.4,2562.8,2639.0,1835.5,2004.5,1082.4,3371.2,940.1,2614.4,1535.5,4839.9,7672.3,5226.6,1753.2,556.8
2026-10-04 21:45:00,812.1,283.2,1071.9,626.3,764.1,353.3,1.1,51.1,340.4,40.1,151.4,1854.5,4649.0,769.1,1643.8,1141.5,144.2,35.0,962.2,2100.4,479.7,748.6,5438.8,4996.3,3057.5,1591.4,4401.3,5813.5,2559.4,2653.3,1836.5,1948.3,1077.2,3353.9,934.6,2627.8,1530.8,4845.5,7603.1,5247.8,1740.6,561.8
2026-10-04 22:00:00,800.6,263.4,1007.5,627.3,744.5,353.6,1.2,47.9,306.3,32.7,92.8,1818.2,3515.7,816.8,1559.6,1156.4,68.7,46.0,897.6,2203.3,452.4,748.5,5396.0,5136.2,3010.0,1670.3,4495.7,5686.9,2536.5,2670.5,1808.4,1962.2,1032.1,3241.3,937.0,2521.4,1514.6,4789.3,7519.5,5205.4,1684.3,551.5
2026-10-04 22:15:00,785.9,260.2,1202.0,608.1,727.0,352.6,1.5,48.0,304.9,39.0,76.3,1821.9,4352.5,759.6,1528.4,1162.4,77.5,46.2,894.6,2246.9,446.9,767.5,5384.8,5129.6,2980.8,1641.1,4478.8,5663.1,2531.0,2678.6,1804.9,1961.7,1025.6,3229.0,945.3,2525.8,1503.5,4846.0,7430.5,5172.2,1657.2,553.7
2026-10-04 22:30:00,774.8,256.4,1184.0,569.2,712.4,351.5,1.1,48.0,305.8,17.6,69.8,1822.3,4498.4,763.2,1528.1,1173.3,87.3,46.8,881.0,2289.4,441.3,786.2,5370.2,5097.7,2950.7,1641.1,4457.9,5618.2,2521.6,2686.2,1801.9,1938.9,1018.3,3202.5,940.1,2451.6,1491.9,4841.6,7346.0,5104.5,1646.3,556.6
2026-10-04 22:45:00,765.6,232.8,1168.1,554.4,697.8,350.3,3.9,47.2,307.6,17.6,68.9,1832.3,4493.1,778.4,1506.6,1174.8,87.1,47.1,874.9,2322.6,436.6,793.7,5326.9,5155.5,2922.3,1583.8,4435.0,5606.7,2516.7,2690.5,1801.0,1941.0,1008.4,3200.7,935.3,2434.7,1480.6,4828.2,7275.4,4978.6,1635.5,557.6
2026-10-04 23:00:00,788.4,239.0,1162.5,549.9,684.4,347.9,12.1,35.9,312.1,20.2,106.1,1833.0,4303.4,792.4,1407.5,1135.6,29.6,45.6,846.6,2096.3,422.9,759.7,5349.9,5215.3,2841.9,1641.6,4454.5,5620.5,2482.1,2637.9,1767.1,1944.0,988.7,3093.9,928.3,2292.1,1466.3,4704.3,7169.2,5120.4,1631.2,557.4
2026-10-04 23:15:00,782.4,226.2,1152.6,544.2,674.8,340.9,14.7,33.6,304.8,17.9,101.7,1819.7,4277.9,800.8,1377.7,1099.8,36.2,45.8,842.1,2105.7,422.2,753.0,5234.2,5119.0,2810.4,1646.3,4431.8,5576.2,2475.1,2643.8,1763.8,1942.5,982.1,3064.8,923.8,2286.1,1449.7,4677.6,7134.5,5075.4,1623.4,565.4
2026-10-04 23:30:00,774.0,231.6,1146.4,520.2,663.9,334.0,15.3,32.4,303.3,18.0,105.8,1815.8,4357.2,806.5,1400.2,1088.7,36.4,46.1,835.5,2115.7,422.4,758.7,5315.9,5212.8,2775.4,1646.1,4416.9,5503.8,2462.0,2643.8,1757.9,1945.0,971.5,3032.2,919.2,2276.4,1430.0,4631.7,7093.9,4994.0,1616.3,571.1
2026-10-04 23:45:00,766.5,222.5,1141.1,506.6,654.1,334.1,15.2,32.4,297.6,9.9,101.8,1819.5,4398.5,828.5,1389.0,1041.8,18.2,46.3,826.7,2152.5,423.5,747.1,5296.6,5257.0,2743.4,1556.3,4389.7,5395.2,2455.1,2645.2,1753.2,1948.0,960.5,3044.6,913.4,2158.5,1406.4,4610.0,7113.1,5005.4,1598.1,577.2
2026-10-05 00:00:00,820.7,219.6,1125.5,550.6,710.3,376.3,23.4,20.9,259.0,10.2,103.9,1807.0,4214.5,760.8,1217.7,848.4,148.7,53.9,795.1,2496.3,442.1,892.9,5094.2,5206.7,2684.9,1770.6,4314.7,4583.7,2445.9,2433.9,1723.6,1959.4,920.2,2467.1,923.8,2162.9,1491.1,4779.3,6987.9,5567.8,1451.3,686.2
2026-10-05 00:15:00,818.0,217.3,1115.6,536.8,708.0,377.5,23.4,20.7,256.4,13.6,88.6,1808.8,4191.0,766.8,1253.5,921.8,149.5,54.2,788.6,2525.5,442.4,910.6,5079.8,5203.7,2643.9,1771.4,4304.5,4755.6,2436.9,2416.6,1719.9,1962.9,912.6,2441.2,918.8,2149.0,1489.8,4762.7,6991.3,5559.6,1454.4,699.4
2026-10-05 00:30:00,829.0,215.0,1108.9,535.1,701.0,378.8,23.5,17.5,259.1,23.9,80.8,1829.7,4163.9,732.1,1218.2,952.4,142.6,54.1,787.7,2534.4,442.7,922.7,5104.5,5229.4,2627.7,1769.6,4288.4,4732.6,2427.4,2402.9,1718.9,1967.0,905.3,2428.4,920.3,2141.6,1490.2,4751.1,6909.2,5465.0,1457.2,711.3
2026-10-05 00:45:00,826.9,212.4,1100.1,521.6,696.2,379.2,23.4,17.7,253.9,25.4,70.7,1841.8,4315.1,771.2,1212.3,958.3,142.8,54.3,792.9,2532.8,445.6,935.2,5072.0,5212.8,2599.6,1767.4,4277.0,4701.6,2419.7,2390.8,1716.7,1967.8,894.8,2407.7,904.5,2132.0,1485.6,4729.1,6881.7,5425.1,1455.3,718.5
2026-10-05 01:00:00,843.9,216.4,1097.8,529.0,692.5,378.8,11.5,21.7,290.9,12.5,67.3,1833.6,4139.1,899.3,1169.5,957.6,109.3,67.4,883.9,2506.0,440.0,938.3,5135.7,5344.5,2545.9,1784.3,4293.4,4480.7,2400.7,2345.2,1695.4,1961.5,885.5,2396.8,916.1,2056.9,1466.0,4679.3,6836.6,5391.6,1437.7,734.4
2026-10-05 01:15:00,844.2,221.1,1093.3,512.4,684.0,378.0,11.8,21.6,303.8,7.0,63.8,1827.4,4129.2,950.9,1169.8,942.4,117.0,53.4,884.8,2532.4,444.2,942.5,5128.9,5354.8,2528.7,1753.0,4281.7,4438.7,2398.4,2346.3,1690.7,1961.4,878.2,2395.1,899.1,2046.2,1457.4,4648.1,6812.3,5362.5,1441.6,753.6
2026-10-05 01:30:00,841.0,208.5,1089.6,515.0,680.0,377.1,11.4,21.6,370.8,16.4,67.1,1856.6,4702.5,994.3,1188.0,970.1,111.5,67.8,882.5,2543.4,443.6,962.4,5121.3,5325.6,2509.1,1724.9,4271.6,4359.9,2393.0,2349.9,1688.3,1961.0,872.7,2392.8,909.7,2037.8,1456.9,4613.3,6800.0,5390.1,1424.9,765.6
2026-10-05 01:45:00,839.0,211.5,1084.4,504.2,679.0,376.7,11.7,21.2,370.4,15.1,62.0,1865.5,4772.5,932.9,1195.0,975.8,111.6,68.1,885.6,2550.1,446.3,967.8,5111.4,5364.4,2491.0,1724.8,4257.8,4312.9,2392.4,2355.7,1693.8,1961.6,866.2,2378.5,909.9,2031.1,1460.3,4579.1,6790.3,5405.0,1425.5,770.0
2026-10-05 02:00:00,795.7,229.3,1175.4,497.1,637.4,373.1,11.8,21.6,369.5,10.1,64.1,1850.7,4791.6,1038.8,1209.9,970.5,131.6,67.8,871.2,2501.8,432.8,975.3,5108.7,5357.0,2478.1,1723.2,3874.6,4183.2,2334.8,2359.5,1673.3,1967.5,856.0,2363.9,906.9,1943.6,1457.4,4501.8,6787.3,5411.0,1416.5,758.7
2026-10-05 02:15:00,795.4,221.4,1171.7,497.4,634.9,374.2,11.6,21.1,366.0,6.8,59.3,1847.4,4807.2,1063.7,1205.0,972.0,131.6,68.5,872.2,2471.0,435.7,656.6,5080.7,5300.0,2469.0,1721.6,3863.6,4249.1,2333.9,2364.3,1672.3,1968.2,853.0,2356.5,904.3,1938.8,1453.8,4457.2,6764.0,5411.8,1390.2,762.8
2026-10-05 02:30:00,792.3,209.0,1165.5,501.0,635.8,374.6,11.7,21.1,370.9,11.2,56.4,1861.2,4806.5,1077.8,1192.5,992.5,131.7,68.9,869.9,2431.8,435.0,889.2,5097.2,5327.6,2457.8,1720.2,3856.7,4208.1,2331.7,2367.3,1670.7,1969.0,848.5,2347.9,892.9,1940.7,1442.5,4411.3,6740.6,5412.3,1388.8,756.4
2026-10-05 02:45:00,784.6,209.8,1160.1,486.8,637.0,376.1,14.5,21.1,373.3,10.1,49.4,1857.6,4687.3,1171.7,1205.1,994.2,131.8,69.5,868.3,2429.2,430.6,688.0,5160.5,5413.9,2448.4,1705.2,3852.2,4227.6,2331.6,2370.9,1670.0,1970.0,845.7,2346.9,894.6,1945.5,1445.9,4356.5,6730.1,5410.4,1400.5,760.6
2026-10-05 03:00:00,786.8,210.8,1162.2,491.0,640.2,377.4,31.4,18.7,374.0,8.1,53.9,1868.0,4828.4,1340.2,1237.6,949.3,147.6,54.9,852.7,2317.5,424.3,704.6,5146.8,5417.2,2429.0,1758.8,3777.1,4080.0,2326.5,2279.9,1683.6,1973.5,841.3,2352.9,894.6,1914.3,1423.3,4278.4,6816.9,5584.0,1390.1,781.7
2026-10-05 03:15:00,790.0,213.0,1171.2,503.7,646.5,381.0,33.7,18.1,363.3,10.2,48.8,1879.3,5022.1,1364.6,1226.2,981.4,146.7,55.2,850.0,2311.5,419.9,722.9,5148.4,5429.9,2425.9,1756.9,3776.3,4085.8,2327.1,2280.4,1682.1,1974.8,840.0,2351.2,895.6,1932.9,1423.1,4251.4,6823.4,5586.9,1392.5,772.8
2026-10-05 03:30:00,794.7,222.8,1185.1,516.7,650.9,381.2,34.3,19.3,364.0,11.3,50.0,1882.6,5816.1,1383.4,1226.3,972.8,165.8,55.2,846.6,2291.5,416.5,744.6,5159.0,5429.9,2419.8,1749.3,3773.1,4108.8,2327.1,2283.1,1674.8,1976.4,838.8,2350.1,895.6,1942.2,1425.2,4223.0,6798.5,5570.3,1388.3,794.5
2026-10-05 03:45:00,795.9,242.7,1198.7,517.8,659.7,383.8,34.1,19.3,368.7,11.4,48.6,1874.5,5806.7,1393.3,1214.6,966.3,165.0,55.5,844.5,2274.8,416.8,761.7,5110.6,5379.9,2416.0,1746.8,3772.6,4098.4,2327.0,2284.4,1676.0,1977.5,834.0,2344.8,898.4,1951.4,1422.4,4200.2,6810.3,5575.6,1386.1,808.2
2026-10-05 04:00:00,807.8,221.8,1209.2,512.7,667.6,441.1,14.1,24.3,400.1,12.6,62.9,1878.5,5876.6,1405.9,1239.2,981.1,148.9,69.5,846.3,2520.0,408.7,795.2,5135.6,5433.2,2415.0,1696.3,4040.1,4101.2,2326.8,2303.5,1692.2,1973.8,831.5,2314.0,916.1,2060.4,1442.4,4143.5,6797.4,5584.8,1357.4,820.3
2026-10-05 04:15:00,814.8,236.2,1229.9,541.8,684.2,441.9,14.5,24.4,400.1,9.9,58.8,1872.8,5854.0,1441.3,1248.7,978.0,156.1,70.7,844.2,2504.8,406.7,808.5,5161.3,5438.1,2418.7,1696.3,4044.4,4096.2,2331.0,2305.8,1688.7,1975.4,830.5,2320.3,906.3,2069.7,1442.3,4123.5,6811.0,5601.4,1357.9,816.2
2026-10-05 04:30:00,830.3,260.8,1259.5,581.0,703.3,442.3,11.8,25.2,403.8,5.0,57.6,1867.8,5016.1,1482.5,1204.8,958.0,140.8,51.6,842.6,2454.9,407.8,725.6,5106.5,5368.8,2423.6,1695.2,4046.1,4125.8,2332.9,2315.3,1682.9,1976.4,830.3,2321.7,911.0,2069.8,1455.7,4107.7,6819.7,5663.2,1362.0,835.7
2026-10-05 04:45:00,848.0,267.7,1306.4,658.9,724.9,443.7,11.5,25.2,414.7,5.0,51.7,1865.7,4948.8,1505.4,1202.7,970.3,140.9,52.1,838.3,2467.3,408.5,792.1,5128.5,5446.5,2430.2,1694.1,4052.9,4115.8,2335.0,2313.6,1683.5,1977.1,830.7,2336.0,913.7,2064.5,1450.3,4094.0,6847.9,5656.8,1374.0,839.5
2026-10-05 05:00:00,853.7,236.0,1080.4,581.3,742.7,442.7,16.1,37.1,432.7,9.6,78.8,1818.6,4904.6,1468.8,1204.8,1017.0,111.6,51.9,844.9,2525.7,420.0,787.8,5359.7,5275.6,2466.7,1651.0,3937.1,4174.3,2350.8,2383.2,1696.1,2049.9,838.4,2334.1,935.6,2216.7,1460.6,4197.2,6811.3,5488.4,1403.7,839.9
2026-10-05 05:15:00,874.4,243.8,1144.5,600.0,772.6,442.7,12.8,38.8,437.8,8.4,80.3,1816.4,4881.4,1668.6,1191.7,1014.6,156.9,53.3,852.1,2401.2,423.5,810.2,5351.4,5403.2,2502.7,1640.2,3956.6,4041.8,2361.2,2389.7,1702.0,2051.1,844.2,2361.0,930.9,2290.9,1475.1,4182.7,6930.0,5527.0,1435.0,822.4
2026-10-05 05:30:00,887.6,301.0,1206.8,796.1,795.5,442.6,12.4,39.3,424.3,5.1,82.8,1812.6,4889.9,1716.9,1124.7,994.8,130.2,53.8,861.2,2497.7,427.7,825.5,5396.1,5398.9,2530.9,1656.5,3974.1,4090.5,2369.1,2389.9,1703.6,2052.8,850.3,2372.8,939.4,2289.5,1495.1,4173.7,7058.3,5538.0,1480.2,823.4
2026-10-05 05:45:00,902.4,308.8,1258.7,813.1,815.6,441.2,12.1,39.5,361.1,7.7,87.7,1808.2,4299.8,1920.9,1134.3,1000.1,127.2,55.0,871.4,2525.1,432.4,871.5,5444.0,5407.6,2576.5,1738.7,3993.3,4325.0,2388.3,2407.9,1708.3,2055.6,862.3,2367.9,938.4,2292.2,1517.0,4170.4,7182.7,5604.0,1514.7,851.5
2026-10-05 06:00:00,927.4,267.4,1323.8,730.9,850.5,600.4,38.7,26.1,383.3,12.6,101.5,1760.3,4575.8,1919.2,1235.8,1042.7,232.8,49.5,859.5,2724.1,462.5,922.9,5619.2,5412.1,2755.1,1602.6,3824.2,4110.9,2432.6,2332.6,1774.4,2086.6,889.9,2598.2,980.1,2394.2,1541.6,4695.4,7576.5,5549.0,1643.3,876.4
2026-10-05 06:15:00,947.1,316.3,1346.3,849.3,873.6,602.4,37.8,27.3,394.7,50.8,107.7,1761.3,4563.3,2621.7,1239.4,1061.9,231.1,52.0,869.0,2746.7,466.2,906.4,5628.8,5462.4,2823.7,1739.9,3850.0,4372.9,2461.0,2343.6,1783.0,2088.6,914.6,2594.0,982.3,2406.2,1581.7,4696.0,7754.5,5534.8,1702.7,879.0
2026-10-05 06:30:00,964.8,329.4,1343.6,959.6,879.8,607.5,37.1,28.9,414.2,102.6,120.8,1756.6,3884.7,2439.3,1220.9,1039.7,193.0,51.9,882.9,2729.4,480.0,898.4,5666.6,5495.8,2898.2,1741.9,3885.7,4444.4,2480.8,2351.1,1786.7,2092.4,933.1,2643.3,1006.5,2424.1,1628.9,4701.9,7939.1,5598.1,1750.4,879.7
2026-10-05 06:45:00,971.1,336.5,1362.8,1083.1,894.7,628.7,37.0,43.2,435.2,112.2,130.9,1730.9,3198.2,2233.9,1233.2,1046.0,198.3,52.9,897.9,2724.8,489.4,895.1,5689.4,5461.7,2970.6,1750.4,3911.4,4501.7,2515.9,2352.5,1780.8,2161.8,949.0,2688.6,1007.2,2447.8,1658.1,4717.9,8074.2,5581.3,1805.2,875.8
2026-10-05 07:00:00,967.2,394.3,1398.0,1239.2,914.9,661.4,37.0,38.8,461.7,14.9,166.0,1787.1,3431.4,2061.2,1337.3,1148.0,170.3,54.6,944.6,2835.9,507.4,810.0,5817.2,5354.4,3174.3,1776.5,4353.5,5169.2,2583.5,2337.2,1837.6,2322.0,961.0,2754.8,1024.4,2611.4,1703.6,4848.4,8375.2,5560.8,1904.9,894.3
2026-10-05 07:15:00,981.0,402.2,1402.6,1255.5,928.0,676.8,37.2,37.6,482.3,56.0,170.2,1788.3,3441.3,2101.3,1340.2,1192.9,137.2,57.2,949.8,2837.6,516.4,820.4,5843.3,5321.7,3230.2,1866.0,4385.5,5223.3,2603.8,2316.2,1847.5,2445.4,979.2,2763.7,1032.0,2638.4,1717.5,4840.6,8427.9,5620.6,1943.7,920.9
2026-10-05 07:30:00,986.9,402.6,1395.3,1232.8,941.9,695.3,37.0,39.1,502.9,104.9,198.6,1783.8,3447.6,2352.2,1368.9,1267.2,149.1,58.1,954.1,2909.5,518.8,846.8,5854.6,5280.9,3273.1,1866.0,4409.2,5269.9,2618.6,2301.7,1844.9,2555.5,987.9,2791.7,1035.1,2661.1,1726.4,4826.9,8498.8,5678.3,1952.1,928.3
2026-10-05 07:45:00,989.1,425.2,1382.9,1246.2,948.6,728.1,37.8,37.8,522.9,122.8,179.3,1782.4,3470.3,2507.3,1413.2,1285.7,146.3,60.6,967.5,2847.3,535.0,845.9,5862.2,5251.5,3312.2,1881.4,4412.6,5287.2,2641.2,2308.6,1856.0,2623.7,998.6,2813.7,1039.4,2679.2,1733.0,4816.0,8552.6,5642.6,1969.5,957.8
2026-10-05 08:00:00,996.5,412.4,1336.8,1236.9,945.5,621.9,34.0,30.9,533.5,95.1,192.9,1764.2,3749.2,2729.4,1599.9,1390.7,0.0,72.1,1047.3,2989.4,504.6,869.3,5923.8,5099.9,3367.5,2000.5,4435.2,6246.6,2658.6,2507.7,1892.1,2215.1,1014.0,2944.2,1032.0,2672.3,1795.2,4852.7,8665.2,5699.9,1974.3,950.7
2026-10-05 08:15:00,999.4,417.8,1300.6,1233.9,952.9,640.4,34.1,31.3,536.3,91.5,218.1,1765.4,3778.1,2666.2,1590.3,1334.5,20.4,68.4,1042.9,2874.1,500.1,840.6,5935.9,5071.5,3378.7,2007.3,4436.6,6257.9,2669.0,2503.6,1893.5,2274.3,1019.7,2972.5,1029.1,2678.6,1797.4,4826.2,8676.0,5692.5,1971.9,975.5
2026-10-05 08:30:00,1006.6,434.1,1255.1,1221.1,950.9,655.3,34.8,12.6,553.6,27.3,233.1,1777.6,3829.9,2558.2,1597.0,1303.6,19.4,67.7,1035.7,2713.8,495.0,840.5,5973.1,5034.0,3389.1,2012.4,4434.8,6274.4,2668.9,2505.3,1895.1,2381.4,1028.0,2967.1,1035.2,2679.7,1796.7,4812.1,8681.9,5653.1,1964.6,954.5
2026-10-05 08:45:00,1002.4,452.0,1204.2,1217.6,934.7,689.0,39.7,13.1,534.5,21.1,236.0,1792.4,5159.1,3158.1,1581.1,1246.2,33.8,88.3,1044.7,2509.9,502.7,815.1,5963.3,5011.8,3381.3,2006.8,4439.7,6280.6,2676.5,2495.5,1898.8,2400.4,1036.4,2983.3,1040.0,2674.8,1800.7,4792.3,8672.8,5587.9,1959.8,953.1
2026-10-05 09:00:00,988.5,449.1,1164.3,1073.4,923.9,786.3,54.0,45.9,490.3,105.4,259.5,1737.8,4224.3,3489.3,1495.4,1262.6,25.7,184.8,1004.4,2468.7,511.2,829.6,5908.6,5016.9,3393.6,2000.5,4514.7,6071.4,2681.6,2499.4,1911.2,2374.0,1039.1,3165.3,1048.0,2670.8,1788.4,4934.8,8702.3,5570.7,1921.7,880.2
2026-10-05 09:15:00,985.4,470.4,1122.9,1074.4,915.4,808.7,54.0,41.1,457.4,90.9,264.7,1756.0,5146.8,2990.0,1609.1,1460.9,26.6,154.7,1011.1,2438.7,505.2,803.6,5898.1,4996.6,3406.5,2000.5,4511.4,6039.7,2682.4,2515.2,1910.1,2332.8,1037.8,3163.0,1045.5,2649.5,1785.9,4929.3,8682.3,5545.6,1908.9,891.6
2026-10-05 09:30:00,977.6,473.1,1081.5,1069.2,911.1,826.1,54.1,40.8,419.1,27.7,282.8,1784.6,5181.4,2983.6,1669.1,1571.5,83.3,70.2,996.5,2482.3,505.1,814.1,5892.5,4976.6,3407.7,1992.2,4510.5,5696.1,2680.7,2546.4,1909.9,2328.0,1041.9,3142.0,1042.7,2619.3,1784.2,4922.5,8688.2,5552.3,1899.6,889.4
2026-10-05 09:45:00,990.2,460.7,977.4,1099.8,910.6,829.2,66.1,41.0,381.9,25.3,279.2,1806.7,5244.8,2849.5,1581.8,1626.2,86.4,69.8,994.3,2487.5,507.9,817.1,5892.7,4956.3,3390.4,1953.9,4582.0,5042.8,2684.7,2540.2,1911.4,2294.8,1024.6,3124.7,1051.8,2579.4,1788.2,4915.6,8708.2,5567.9,1888.0,899.7
2026-10-05 10:00:00,970.2,484.5,909.1,912.0,899.8,815.6,54.0,54.1,352.8,45.3,268.7,1814.6,5337.7,3055.3,1425.6,1548.3,43.2,107.3,1219.6,2611.0,515.8,838.2,5872.4,4901.7,3368.3,1978.1,4777.9,4859.1,2674.9,2664.5,1776.9,2165.8,815.1,2912.1,1031.4,2537.1,1656.0,4800.5,8601.2,5548.6,1874.5,897.1
2026-10-05 10:15:00,973.9,484.0,876.7,956.8,895.4,804.8,55.1,46.7,312.3,54.4,249.6,1835.9,6087.7,3146.4,1328.9,1422.6,38.3,109.3,1226.1,2621.8,511.1,862.9,5870.1,4896.5,3357.9,1967.2,4777.2,4397.5,2677.9,2657.4,1792.8,2128.6,804.0,2937.3,1025.3,2493.8,1650.9,4791.7,8579.4,5538.2,1856.3,907.4
2026-10-05 10:30:00,979.9,459.4,846.5,1007.6,893.1,798.7,55.5,49.5,282.6,74.8,249.5,1876.0,6952.8,3236.7,1258.4,1397.1,2.3,114.5,1231.0,2648.2,510.5,797.9,5950.2,4963.5,3346.5,1856.8,4774.4,3727.4,2673.7,2611.0,1790.6,2025.8,1056.1,3226.0,1021.2,2459.7,1642.6,4829.1,8553.2,5550.9,1833.0,914.7
2026-10-05 10:45:00,980.6,439.5,821.5,1061.4,906.8,769.0,57.8,50.7,253.7,67.5,224.7,1894.7,6999.1,3268.6,1199.7,1420.5,22.6,111.7,1243.4,2341.8,507.6,787.6,5949.3,4935.8,3337.0,1645.2,4764.4,3367.4,2674.9,2596.4,1798.6,2016.9,1048.3,3032.9,1008.2,2433.2,1626.5,4834.5,8563.9,5554.3,1814.0,922.8
2026-10-05 11:00:00,963.9,443.5,824.0,1109.8,878.9,673.4,44.0,56.0,226.4,105.6,206.1,1920.8,7088.8,3633.5,1363.4,1510.9,11.3,199.3,1229.3,2351.7,481.4,854.1,6021.5,4903.9,3325.1,1742.1,4566.6,2977.0,2657.2,2644.9,1882.0,2232.1,1069.7,2761.6,1004.3,2346.3,1640.5,4764.5,8509.5,5569.4,1785.9,944.6
2026-10-05 11:15:00,961.1,450.2,823.7,1146.4,876.3,672.9,44.0,50.0,219.2,74.9,204.1,1935.5,7093.9,3556.1,1298.1,1541.8,10.5,200.2,1246.9,2188.2,488.0,850.9,6012.5,4929.1,3316.1,1568.1,4564.3,2772.8,2656.3,2554.9,1891.2,2112.9,1046.5,2428.6,1002.0,2336.8,1666.4,4824.7,8471.0,5582.0,1769.5,963.0
2026-10-05 11:30:00,979.8,440.8,831.3,1189.0,890.3,662.5,44.0,54.4,193.5,80.1,213.6,1959.6,7064.4,3430.5,1253.8,1563.6,9.7,212.3,1259.6,2197.8,493.0,872.6,5999.9,4910.8,3310.3,1424.2,4563.8,2453.3,2652.4,2523.0,1906.0,2050.2,1043.1,2164.3,1002.2,2330.3,1656.6,4869.6,8455.4,5593.4,1764.2,976.1
2026-10-05 11:45:00,984.2,436.4,842.1,1183.4,904.9,600.0,44.0,55.7,160.1,82.3,223.7,1974.1,7153.1,3334.9,1217.1,1581.0,8.8,158.9,1267.1,2208.9,494.3,873.7,5980.9,4926.7,3317.8,1424.6,4564.3,2431.0,2653.9,2506.5,1907.1,2039.1,1039.7,2121.1,1001.2,2327.2,1642.1,4926.0,8499.0,5602.0,1757.2,986.5
2026-10-05 12:00:00,980.8,456.2,856.7,1214.2,888.2,733.2,88.3,48.5,118.2,152.4,222.1,1998.9,7130.1,3845.5,1379.4,1570.0,3.0,184.7,1224.1,2316.5,498.1,872.7,5929.8,4924.0,3308.8,1456.2,4309.7,2213.6,2637.0,2546.0,1885.4,2054.1,1052.8,2071.5,1000.4,2239.0,1602.5,4799.8,8587.3,5757.1,1737.1,1019.8
2026-10-05 12:15:00,998.5,442.7,870.4,1209.1,898.3,717.8,87.7,52.3,108.0,127.4,242.2,2011.0,7134.2,3736.0,1363.2,1538.4,2.6,167.3,1261.3,2308.8,499.5,867.9,5910.4,4942.3,3302.7,1412.0,4308.9,2111.5,2636.2,2495.0,1891.0,2013.8,1032.8,2065.6,1002.3,2241.7,1602.0,4885.3,8578.7,5773.7,1732.7,1026.4
2026-10-05 12:30:00,987.8,433.6,882.9,1244.9,917.9,676.8,104.2,52.6,107.6,135.3,236.4,2025.3,7152.5,3777.8,1337.6,1560.8,2.3,165.9,1266.3,2324.1,500.7,871.3,5891.8,4941.0,3297.3,1412.1,4311.7,2115.3,2631.3,2482.1,1899.6,2009.2,1030.7,1860.7,1000.7,2245.9,1606.7,4910.9,8616.9,5785.7,1740.1,1033.6
2026-10-05 12:45:00,990.2,433.2,895.4,1249.7,920.4,646.4,105.3,53.6,107.2,142.9,294.2,2031.8,7209.8,3774.6,1321.8,1540.7,1.9,135.5,1426.8,2151.0,495.5,857.0,5875.1,4978.0,3288.0,1411.7,4306.6,2126.2,2633.2,2480.2,1905.3,2006.7,1027.4,1860.5,1002.2,2250.8,1621.9,4993.7,8627.1,5705.8,1753.7,1039.5
2026-10-05 13:00:00,987.5,429.2,918.1,1230.3,921.5,654.7,44.5,42.9,86.0,251.5,349.9,2047.0,7399.2,3945.0,1625.0,1550.5,33.4,107.2,1527.9,1764.1,578.8,783.7,5841.2,5044.4,3256.3,1398.0,4165.6,2254.4,2626.7,2287.8,1897.2,2004.4,997.6,1987.7,992.6,2185.2,1629.8,4825.5,8569.3,5800.9,1802.5,1043.4
2026-10-05 13:15:00,985.7,425.2,924.7,1102.1,929.8,599.4,44.5,42.6,85.6,249.6,336.0,2050.7,7362.6,3968.1,1607.7,1546.9,32.7,132.4,1517.4,1692.0,583.4,767.9,5828.7,5033.4,3259.6,1397.8,4163.8,2254.8,2625.3,2353.8,1897.9,2000.5,998.8,2010.5,996.1,2203.0,1644.7,4866.8,8607.5,5724.7,1804.6,1044.3
2026-10-05 13:30:00,982.7,425.4,938.6,1090.8,929.0,591.7,44.5,43.1,86.0,190.2,329.7,2056.2,7351.5,3978.5,1593.2,1567.6,32.1,128.6,1516.5,1694.7,585.0,753.2,5814.4,5096.8,3254.2,1397.5,4164.2,2254.4,2622.1,2293.4,1900.0,2001.7,1000.8,2006.3,996.2,2220.9,1650.7,4906.7,8574.1,5733.7,1809.1,1046.2
2026-10-05 13:45:00,976.1,425.0,944.0,1079.0,926.2,588.7,44.6,43.5,85.6,171.7,324.7,2056.8,7275.8,3990.4,1629.7,1575.5,31.8,128.8,1516.3,1679.6,585.1,753.6,5811.0,5150.5,3255.2,1397.4,4157.2,2254.4,2623.6,2291.7,1899.5,2002.3,994.8,2009.5,996.1,2243.1,1653.9,4972.6,8594.5,5741.5,1810.1,1047.4
2026-10-05 14:00:00,985.7,427.4,1068.2,1189.0,936.4,606.1,84.9,48.7,96.2,145.3,343.6,2054.2,7252.3,4139.9,1612.4,1536.4,5.0,192.4,1407.2,2195.0,522.3,814.3,5830.1,5263.5,3264.8,1412.2,4184.6,2279.4,2623.6,2225.1,1901.4,2016.2,1005.5,2029.7,994.6,2283.5,1650.4,4966.1,8489.5,5630.5,1779.1,1038.1
2026-10-05 14:15:00,984.1,420.3,1094.4,1143.7,935.9,585.3,84.5,48.9,96.2,143.2,332.0,2053.5,7175.8,4159.8,1598.2,1564.7,5.0,184.5,1402.2,2492.7,514.5,811.7,5828.1,5289.9,3262.5,1411.7,4176.8,2278.5,2625.5,2347.5,1900.0,2025.8,1006.4,2047.4,996.0,2320.3,1653.7,4991.1,8447.9,5629.7,1773.7,1040.1
2026-10-05 14:30:00,987.4,410.0,1118.9,1067.5,937.9,584.0,86.5,53.0,95.8,122.5,335.7,2048.7,7129.5,4120.4,1608.9,1558.8,5.0,184.5,1238.7,2553.1,513.1,836.9,5815.3,5334.0,3263.1,1412.2,4171.2,2276.3,2624.3,2363.1,1898.2,2036.5,1003.5,2055.1,998.0,2366.0,1646.2,5042.8,8413.8,5633.4,1768.9,1038.4
2026-10-05 14:45:00,983.2,387.7,1140.2,961.6,937.5,577.3,84.0,70.5,109.5,129.8,312.7,2045.1,7047.7,4241.1,1643.3,1562.2,5.0,185.0,1213.9,2613.7,509.1,859.6,5811.6,5393.5,3270.1,1411.6,4171.5,2309.1,2626.1,2383.0,1900.3,2037.9,1007.1,2060.7,996.5,2419.2,1636.3,5052.0,8392.1,5611.0,1769.0,1044.0
2026-10-05 15:00:00,978.1,409.6,1165.4,1048.3,981.8,476.1,64.3,67.7,119.5,131.1,200.6,2028.2,6896.8,4141.8,1410.1,1508.0,5.0,183.2,1493.6,2564.9,520.4,868.4,5868.0,5471.8,3271.0,1412.2,4339.6,2251.0,2633.5,2350.8,1928.2,2019.2,1035.2,2037.8,1024.1,2394.9,1625.8,5194.4,8413.8,5618.7,1776.9,1016.3
2026-10-05 15:15:00,973.9,399.0,1190.1,938.6,982.5,471.0,64.0,69.6,137.1,147.4,191.5,2021.1,6808.8,4140.4,1427.5,1521.9,5.0,205.1,1333.8,2677.5,512.2,876.5,5880.3,5529.1,3278.2,1411.7,4340.7,2250.1,2634.6,2372.8,1931.1,2003.5,1035.5,2247.0,1028.4,2461.3,1615.1,5141.2,8396.8,5625.5,1780.6,1016.6
2026-10-05 15:30:00,973.4,337.1,1215.1,871.2,982.5,462.6,64.3,67.5,148.7,116.9,191.4,2005.2,6788.3,4264.9,1477.1,1473.8,5.0,216.0,1297.5,2845.6,507.2,880.8,5884.6,5581.8,3283.0,1415.8,4330.4,2415.9,2634.2,2397.9,1935.4,1991.0,1057.4,2252.3,1028.7,2528.7,1609.2,5250.8,8405.7,5519.4,1776.3,1011.9
2026-10-05 15:45:00,970.9,330.0,1238.9,896.7,990.1,454.6,64.1,77.1,156.8,116.7,168.6,1993.6,5672.3,4151.5,1522.6,1472.8,5.0,221.4,1296.1,2837.8,501.7,882.7,5905.1,5528.7,3281.9,1491.9,4321.6,2757.0,2637.8,2416.6,1931.1,1979.3,1061.7,2297.3,1030.9,2595.6,1607.7,5306.2,8421.9,5443.2,1771.0,1008.7
2026-10-05 16:00:00,972.7,330.3,1274.2,1080.4,995.1,545.2,18.2,81.2,209.1,57.5,231.1,1964.9,5735.4,3660.5,1485.1,1520.7,135.7,71.1,1165.8,2780.1,530.2,792.9,5985.9,5521.9,3309.0,1439.8,4318.3,2910.5,2644.8,2449.7,1937.2,1966.6,1042.6,2077.9,1054.4,2478.9,1620.9,5119.8,8461.7,5610.0,1777.2,1013.8
2026-10-05 16:15:00,976.9,331.5,1303.6,1063.7,1003.2,540.6,1.1,80.6,221.6,69.5,208.4,1946.4,5619.7,3914.4,1504.4,1477.8,164.6,11.4,1161.8,3050.1,520.9,837.2,6006.6,5565.4,3310.0,1445.7,4310.4,3294.8,2645.9,2469.7,1933.1,1962.9,1053.6,2400.8,1057.6,2518.4,1626.7,5438.8,8480.3,5271.8,1773.9,1007.2
2026-10-05 16:30:00,972.2,327.3,1333.3,998.5,1011.4,538.3,1.0,83.0,227.3,49.2,210.6,1921.0,5289.9,3703.6,1593.1,1532.2,156.3,54.0,1168.4,2914.9,521.2,850.1,6051.7,5666.1,3320.8,1448.1,4321.2,3846.0,2642.2,2472.6,1930.6,1955.1,1073.5,2619.7,1060.3,2533.5,1635.2,5465.0,8516.2,5319.5,1787.0,1004.4
2026-10-05 16:45:00,976.4,266.6,1353.6,978.0,1009.7,534.6,1.0,82.9,242.5,92.5,204.8,1904.2,5128.4,3511.0,1743.1,1660.7,156.7,25.7,1174.0,2909.7,513.6,988.8,6085.0,5746.3,3331.2,1478.9,4313.9,3972.5,2641.5,2473.8,1929.3,1947.3,1077.7,2757.3,1063.4,2554.4,1647.4,5489.8,8572.2,5362.5,1804.3,998.7
2026-10-05 17:00:00,1007.2,240.8,1266.4,935.6,954.5,558.1,46.9,46.2,255.2,54.4,154.7,1885.5,5099.3,3038.3,1681.2,1684.3,114.4,80.1,1155.1,2998.0,564.4,1022.4,6192.8,5870.9,3336.6,1503.3,4367.0,4188.4,2635.9,2435.0,1925.1,1943.2,1053.9,3303.8,1064.7,2310.1,1658.1,5555.4,8729.2,5540.5,1838.6,1016.5
2026-10-05 17:15:00,1002.4,240.8,1293.1,943.7,955.6,557.5,37.0,50.8,281.0,38.9,158.7,1863.1,5089.6,2935.8,1787.5,1639.4,113.1,79.7,1152.5,2997.7,561.9,1042.3,6198.1,5989.0,3343.0,1562.9,4282.0,4507.2,2637.3,2408.6,1923.8,1949.2,1054.0,3327.2,1065.0,2204.0,1668.0,5560.8,8762.0,5601.5,1840.1,1021.5
2026-10-05 17:30:00,1011.8,241.2,1309.1,951.7,956.9,558.1,37.0,50.4,320.1,29.8,171.7,1811.4,5095.3,2708.8,1760.6,1475.6,86.6,81.1,1150.9,2989.1,565.8,1061.9,6217.6,5985.8,3344.8,1736.7,4281.3,5111.4,2633.4,2400.6,1924.2,1954.9,1055.2,3308.9,1066.6,2206.2,1681.5,5550.4,8796.6,5621.0,1855.8,1026.9
2026-10-05 17:45:00,1020.1,253.9,1327.9,990.8,956.1,561.8,37.0,47.8,355.5,35.1,201.9,1788.0,4656.1,2575.8,1715.8,1288.5,82.1,66.4,1151.5,2988.6,560.3,1060.8,6240.1,5921.3,3344.7,1807.9,4278.6,5492.6,2631.8,2391.1,1924.4,1959.9,1060.0,3318.5,1068.8,2209.4,1687.3,5568.0,8850.6,5662.3,1871.4,1032.8
2026-10-05 18:00:00,1021.7,248.4,1345.8,1011.1,961.7,565.3,22.3,13.5,385.2,8.9,206.5,1766.1,5433.5,2384.2,1696.2,1149.6,110.6,64.8,1187.9,3162.1,610.7,1048.4,6507.5,6098.4,3341.6,1852.5,4359.9,5932.9,2630.6,2380.1,1928.4,1935.2,1062.7,3268.0,1071.0,2403.1,1678.1,5555.9,8870.7,5515.9,1875.6,1068.8
2026-10-05 18:15:00,1033.2,249.8,1367.9,1037.5,965.0,574.4,21.0,14.4,406.7,48.1,202.4,1745.2,4178.3,2322.2,1897.1,1286.0,109.2,64.2,1176.4,3178.9,595.9,1071.8,6538.3,6116.5,3356.6,1878.3,4361.7,5993.9,2631.2,2379.4,1929.1,1937.7,1062.6,3264.5,1074.6,2405.7,1678.8,5582.6,8870.5,5457.2,1864.9,1081.5
2026-10-05 18:30:00,1025.4,263.7,1385.2,1044.0,977.3,575.8,24.0,14.5,422.0,43.4,245.7,1734.7,4124.4,2424.7,1926.9,1273.5,118.7,63.3,1177.4,3147.5,588.9,1072.3,6561.4,6170.5,3349.1,1878.2,4370.2,5997.4,2627.4,2378.9,1929.2,1939.9,1065.3,3262.8,1076.0,2409.8,1665.5,5603.8,8881.9,5437.5,1869.8,1098.2
2026-10-05 18:45:00,1023.1,323.8,1385.8,983.8,979.7,576.6,21.0,18.2,429.8,79.9,249.9,1720.2,4142.7,2533.4,1932.4,1312.2,113.2,62.8,1172.9,3113.9,591.1,1070.4,6564.5,6255.9,3365.1,1879.1,4374.9,6011.9,2630.7,2378.2,1930.7,1940.8,1062.2,3267.2,1075.0,2414.5,1666.1,5630.8,8882.0,5421.5,1867.7,1105.5
2026-10-05 19:00:00,1022.1,337.1,1369.0,938.2,978.7,561.4,5.0,53.8,429.3,5.4,622.8,1802.3,4130.7,2403.3,2002.9,1345.6,101.1,92.1,1186.4,3237.1,551.2,1135.7,6505.7,6412.3,3369.9,1874.1,4423.4,6027.9,2637.1,2421.0,1934.9,1950.1,1072.4,3285.5,1071.9,2174.1,1647.4,5610.1,8825.9,5302.6,1860.8,1114.6
2026-10-05 19:15:00,1015.7,341.9,1356.2,937.4,974.5,534.1,3.3,54.8,426.4,10.9,619.4,1792.0,4113.8,2587.2,1976.9,1357.5,100.7,93.2,1182.1,3278.0,548.3,1140.0,6484.3,6461.2,3376.2,1874.2,4423.4,6030.5,2640.0,2423.7,1934.9,1947.8,1073.9,3289.2,1069.0,2172.3,1638.3,5599.1,8811.4,5282.0,1855.5,1129.8
2026-10-05 19:30:00,1010.9,346.5,1337.2,904.7,966.3,530.1,3.3,54.1,419.8,83.9,610.3,1792.9,4084.8,2758.2,1913.6,1428.6,84.0,94.0,1184.0,3032.4,575.0,1121.8,6464.3,6529.3,3367.8,1874.2,4429.6,6026.6,2637.6,2429.2,1937.5,1945.1,1074.1,3285.4,1064.9,2168.0,1633.8,5621.9,8799.9,5282.9,1868.1,1099.5
2026-10-05 19:45:00,1001.9,351.3,1314.6,863.6,956.3,524.9,3.3,53.1,419.4,77.3,614.3,1789.9,4099.7,2493.5,1898.0,1426.3,84.6,93.4,1177.9,3001.9,557.8,1115.2,6436.7,6577.6,3362.6,1873.1,4421.1,6013.8,2641.6,2437.9,1936.8,1949.6,1074.7,3282.3,1060.0,2161.2,1630.9,5584.2,8784.6,5263.6,1855.2,1105.4
2026-10-05 20:00:00,995.1,307.0,1274.1,842.8,939.9,525.3,12.5,33.3,461.6,89.5,295.0,1748.2,3962.4,2570.0,1698.1,1431.9,58.0,98.7,1067.7,2976.7,588.6,1080.7,6246.2,6674.0,3352.8,1837.2,4284.2,5886.9,2635.6,2477.7,1922.5,1820.4,1072.1,3261.8,1051.8,1958.7,1655.1,5674.8,8608.0,5100.0,1796.6,1118.0
2026-10-05 20:15:00,996.1,276.1,1245.3,839.2,926.2,518.3,12.5,30.0,461.1,0.8,313.6,1750.0,4004.3,2384.7,1702.8,1318.5,61.9,98.5,1059.6,2965.4,582.6,1082.7,6206.0,6625.0,3337.4,1804.2,4267.5,5883.4,2634.0,2481.3,1918.8,1821.8,1066.9,3259.1,1048.2,1948.5,1649.7,5599.6,8535.5,5056.9,1770.0,1120.8
2026-10-05 20:30:00,980.2,248.3,1208.1,816.1,928.8,518.7,13.1,30.0,455.7,5.9,292.8,1743.1,3990.0,2367.2,1705.6,1329.9,53.4,99.2,1054.6,2973.3,576.3,1092.1,6177.5,6574.4,3328.4,1792.9,4261.0,5837.3,2629.8,2495.8,1916.1,1822.9,1066.7,3252.5,1043.8,1945.9,1636.9,5468.0,8456.4,5079.7,1745.6,1127.0
2026-10-05 20:45:00,951.0,250.9,1172.9,747.2,912.0,522.8,13.9,30.0,447.8,1.1,285.4,1738.5,4015.8,2381.3,1699.3,1307.5,55.6,100.5,1051.4,2966.4,570.5,1093.7,6126.8,6480.3,3295.2,1792.8,4250.9,5818.7,2624.9,2511.3,1923.7,1824.5,1062.7,3229.8,1040.5,1947.4,1625.4,5409.5,8382.3,5005.8,1719.4,1133.8
2026-10-05 21:00:00,944.3,261.0,1126.6,750.6,891.1,472.6,10.0,41.1,434.8,63.7,209.7,1719.9,3838.0,2451.2,1658.1,1260.8,3.2,105.7,1045.7,2891.4,552.9,1099.9,6101.9,6483.7,3235.3,1808.9,4314.9,5610.9,2605.6,2586.0,1894.8,1834.5,1049.6,3136.3,1037.9,1906.6,1649.8,5577.1,8221.3,4789.8,1695.1,1153.4
2026-10-05 21:15:00,926.4,255.6,1092.8,755.7,882.2,477.0,10.5,41.0,425.0,9.7,203.0,1721.6,4556.2,2455.4,1650.7,1246.3,19.5,104.1,1039.5,2878.4,547.3,1101.8,6118.6,6416.4,3211.1,1808.8,4296.2,5588.6,2602.1,2597.5,1891.5,1830.4,1042.3,3121.1,1034.5,1915.6,1631.2,5419.6,8126.6,4797.5,1661.7,1155.0
2026-10-05 21:30:00,902.9,258.1,1052.3,747.1,875.0,479.0,10.6,41.0,418.1,60.8,188.1,1738.0,4842.4,2469.7,1668.6,1252.8,19.9,124.4,1034.1,2869.2,532.4,1102.5,6111.0,6327.3,3185.0,1762.8,4287.0,5525.5,2593.0,2607.4,1889.6,1834.1,1038.3,3114.4,1026.7,1918.9,1612.5,5272.7,8024.4,4798.7,1637.2,1156.8
2026-10-05 21:45:00,883.2,260.3,1020.5,743.3,855.2,480.0,14.6,40.7,414.3,5.6,181.7,1745.3,4876.4,2510.4,1653.4,1211.3,19.9,124.8,1029.0,2854.3,525.5,1092.7,6091.8,6242.0,3161.6,1755.0,4262.9,5405.7,2589.9,2635.6,1886.6,1843.2,1026.4,3081.9,1019.8,1915.7,1590.0,5154.1,7971.4,4799.4,1604.1,1158.1
2026-10-05 22:00:00,862.2,237.0,1006.3,713.2,822.8,481.0,11.5,8.7,389.3,30.4,128.0,1735.5,4651.6,2318.5,1576.8,1205.2,100.9,33.4,1048.5,2793.3,504.5,1109.8,5921.8,6159.7,3103.8,1769.8,4323.2,5246.4,2565.7,2724.2,1853.2,1835.6,1011.2,2953.6,1005.9,1780.3,1498.0,5135.9,7778.1,4666.5,1541.6,1141.9
2026-10-05 22:15:00,847.4,220.7,986.1,711.8,807.6,481.2,14.0,7.1,385.5,25.7,120.0,1740.0,4660.1,2285.3,1568.9,1195.0,101.3,33.9,1044.1,2774.9,488.1,1101.0,5856.9,6037.0,3071.2,1755.3,4298.9,5152.9,2559.6,2746.0,1849.6,1833.7,1000.5,2933.3,997.5,1780.8,1558.9,4904.5,7672.4,4782.6,1510.7,1143.3
2026-10-05 22:30:00,832.6,210.6,962.8,713.8,800.1,480.5,14.8,7.2,380.5,28.7,108.3,1742.7,4693.1,2245.6,1577.1,1184.7,101.6,36.2,1042.0,2760.6,482.8,1098.3,5791.8,5916.3,3036.7,1651.4,4273.4,5114.2,2549.0,2740.0,1845.8,1834.4,993.0,2947.2,989.3,1782.2,1540.7,4645.8,7592.4,4789.6,1495.7,1145.3
2026-10-05 22:45:00,817.9,204.9,941.1,713.6,780.7,479.8,15.7,7.2,376.1,23.4,106.8,1735.8,4719.9,2253.4,1597.7,1181.1,92.2,47.1,1052.1,2742.2,476.0,1087.3,5739.0,5811.6,3003.7,1661.5,4249.0,4997.2,2542.8,2753.4,1845.9,1832.1,984.6,2922.2,983.1,1781.3,1526.0,4474.9,7526.7,4804.0,1472.6,1141.6
2026-10-05 23:00:00,802.1,193.7,1136.8,671.1,763.1,478.3,24.2,6.0,366.3,11.8,140.2,1756.9,4510.8,2291.0,1425.4,1137.3,85.1,53.1,999.5,2694.2,453.5,1086.9,5526.6,5803.6,2897.5,1788.4,4195.2,4750.6,2502.6,2748.6,1811.5,1857.3,963.8,2809.6,976.0,1795.8,1511.0,3938.0,7336.5,5058.5,1439.3,1133.5
2026-10-05 23:15:00,791.4,195.5,1121.7,670.2,752.1,476.1,25.6,5.6,358.4,5.0,155.8,1741.0,4511.3,2217.1,1427.4,1108.7,85.1,56.6,1020.8,2656.5,453.0,1084.1,5495.2,5774.9,2856.5,1798.2,4176.9,4642.5,2493.2,2751.7,1811.0,1786.6,956.4,2797.6,970.4,1796.7,1499.1,3805.2,7257.3,5092.4,1418.4,1135.7
2026-10-05 23:30:00,783.2,195.1,1094.0,668.2,740.7,475.4,25.6,4.8,354.5,5.0,152.9,1741.4,4513.9,2201.1,1428.0,1109.9,85.1,56.5,1029.2,2631.8,452.8,1080.1,5453.5,5719.8,2816.5,1753.8,4162.4,4626.9,2480.7,2749.3,1799.5,1770.9,946.4,2787.7,968.4,1781.3,1490.3,3774.6,7180.5,5091.4,1408.2,1133.1
2026-10-05 23:45:00,778.9,167.2,1081.1,674.7,730.4,475.5,26.4,6.2,346.4,5.0,144.0,1745.5,4526.5,2194.0,1463.7,1111.0,85.1,56.3,1046.6,2607.7,457.8,1072.6,5415.6,5615.8,2778.8,1762.8,4143.9,4607.8,2470.8,2751.6,1820.8,1772.1,939.5,2773.3,963.9,1782.2,1481.5,3776.2,7117.7,5132.1,1392.0,1129.0
2026-10-06 00:00:00,806.5,185.3,864.0,762.4,751.5,294.4,21.4,31.1,358.7,15.0,98.0,1765.0,4202.1,2592.7,1275.4,1005.1,62.7,107.2,1156.7,2462.8,468.5,1028.6,5380.8,5307.0,2760.6,1812.3,4387.6,5473.4,2401.8,2785.5,1794.4,1529.1,959.8,2697.1,982.3,1983.7,1582.1,3869.0,7038.5,5247.3,1406.0,1133.4
2026-10-06 00:15:00,806.2,135.3,856.8,765.2,741.8,295.3,21.0,31.6,337.3,15.0,95.3,1767.6,4037.2,2589.9,1296.7,1026.9,63.1,106.8,1165.7,2425.5,477.4,1028.0,5347.6,5253.8,2731.1,1816.8,4374.4,5436.5,2392.9,2787.6,1788.8,1525.6,949.9,2678.4,980.0,1984.5,1586.2,3883.5,6979.9,5267.2,1389.7,1128.7
2026-10-06 00:30:00,830.0,135.4,847.8,768.9,731.3,296.7,21.4,30.4,339.2,15.0,83.0,1772.4,4034.4,2549.7,1277.7,1034.5,44.5,106.6,1172.3,2394.6,487.5,978.1,5333.4,5189.5,2713.2,1810.4,4360.1,5577.3,2383.9,2788.2,1787.5,1521.9,944.4,2667.1,978.7,1985.8,1582.2,3895.4,6915.7,5216.0,1384.0,1130.2
2026-10-06 00:45:00,765.4,133.5,842.4,773.6,724.8,298.4,21.4,29.6,334.4,15.0,64.4,1774.8,4045.4,2518.2,1330.7,1033.8,44.6,126.4,1178.0,2360.5,485.9,975.9,5341.2,5110.6,2685.9,1816.8,4350.9,5432.3,2371.7,2793.8,1784.0,1518.3,934.6,2638.8,969.9,1986.7,1572.6,3903.5,6922.9,5223.3,1374.5,1124.8
2026-10-06 01:00:00,796.7,133.5,847.8,770.6,722.5,298.2,22.4,20.6,366.2,5.0,82.2,1769.9,3958.5,2341.8,1253.1,1022.7,12.5,154.6,1068.6,2218.5,474.8,1023.7,5367.1,4866.8,2639.9,1814.3,4242.4,5460.0,2346.2,2800.1,1756.8,1514.1,920.3,2648.9,972.9,1959.6,1554.2,3935.3,6947.2,5642.4,1366.7,1112.5
2026-10-06 01:15:00,792.1,133.6,1065.5,767.1,715.9,298.3,22.0,21.1,392.1,5.0,69.7,1771.9,3992.0,2296.8,1247.0,1024.1,12.5,154.3,1074.0,2182.1,479.8,1022.1,5345.8,4963.8,2623.8,1820.9,4234.1,5431.5,2342.0,2804.8,1752.9,1514.7,914.4,2636.2,966.1,1960.6,1544.7,3937.6,6919.6,5670.7,1359.2,1112.3
2026-10-06 01:30:00,787.0,133.6,1059.2,764.0,710.2,297.5,22.1,21.0,402.5,5.1,68.4,1776.0,4029.4,2231.6,1241.3,1014.7,22.5,154.0,1079.0,2116.9,486.0,971.2,5330.3,4892.7,2602.0,1814.3,4232.8,5418.9,2337.2,2805.0,1751.0,1515.3,909.1,2625.1,969.1,1960.8,1540.4,3935.1,6899.8,5680.8,1351.6,1107.5
2026-10-06 01:45:00,766.4,133.6,1063.8,761.8,705.1,293.7,22.0,21.0,435.5,11.5,60.6,1798.9,5124.2,2018.7,1243.7,1042.7,12.5,153.6,1078.6,2086.5,482.2,1016.9,5314.0,4895.8,2584.4,1820.8,4228.3,5395.5,2332.2,2807.3,1754.9,1515.8,903.3,2610.5,966.0,1959.7,1538.2,3931.8,6897.6,5638.2,1348.0,1108.3
2026-10-06 02:00:00,761.2,175.2,1368.5,773.7,647.5,293.3,21.4,29.6,456.7,16.1,120.6,1810.0,5640.4,2129.6,1286.5,1011.8,88.9,132.7,1153.6,1831.8,480.0,990.4,5242.4,4973.2,2553.9,1826.1,4284.0,5307.2,2317.1,2818.2,1738.3,1543.7,896.8,2636.3,964.9,1967.8,1530.6,3920.8,6878.9,5668.2,1344.4,1096.4
2026-10-06 02:15:00,749.0,161.2,1370.0,774.5,644.2,292.5,21.0,30.0,449.8,15.1,116.0,1816.9,5777.3,2066.4,1283.3,1003.6,88.9,132.4,1155.5,1804.7,487.6,983.9,5286.0,5019.9,2547.0,1833.6,4279.0,5294.7,2314.8,2823.9,1736.5,1545.4,893.5,2621.6,963.2,1968.7,1526.4,3917.2,6903.8,5665.3,1345.2,1093.9
2026-10-06 02:30:00,732.2,145.2,1369.7,770.9,644.2,295.0,21.0,30.2,453.8,17.6,114.0,1824.9,5746.2,2022.7,1293.1,1004.6,89.0,132.0,1155.4,1748.8,482.7,977.8,5270.2,4994.4,2536.5,1827.3,4274.3,5286.3,2311.0,2826.6,1734.4,1547.7,889.4,2612.9,957.2,1969.0,1521.0,3920.2,6841.6,5557.6,1337.4,1089.8
2026-10-06 02:45:00,730.5,142.3,1373.6,775.4,645.1,296.5,23.8,29.7,458.5,18.9,103.8,1830.2,5843.4,2005.1,1300.7,1012.1,88.9,131.6,1158.3,1717.1,478.8,971.9,5291.8,5028.0,2527.2,1833.7,4271.5,5276.3,2309.5,2827.8,1732.6,1549.8,887.1,2601.2,957.9,1969.3,1520.9,3922.6,6831.0,5514.7,1337.8,1088.2
2026-10-06 03:00:00,751.2,134.0,1373.0,740.8,629.8,346.2,21.1,27.4,461.1,16.5,141.3,1841.9,5168.8,1949.8,1296.7,1018.1,90.4,131.3,982.2,1653.8,480.6,994.2,5322.4,5092.2,2511.4,1830.7,4344.9,5249.9,2298.9,2842.6,1730.4,1537.2,880.3,2603.6,957.9,1943.0,1523.3,3924.2,6699.8,5369.2,1340.8,1075.2
2026-10-06 03:15:00,733.6,133.9,1380.4,736.7,635.6,346.4,24.1,26.5,453.0,17.4,138.1,1854.3,5194.5,1884.2,1294.5,1017.7,90.5,130.6,990.5,1611.6,488.0,988.0,5334.3,5145.3,2507.5,1836.7,4342.4,5240.2,2298.0,2846.5,1729.8,1538.0,879.4,2597.6,957.6,1943.6,1523.0,3924.7,6688.6,5333.1,1331.1,1068.5
2026-10-06 03:30:00,733.9,136.9,1377.8,731.8,637.4,345.4,23.9,28.4,456.5,18.1,138.4,1859.2,5146.9,1851.7,1255.9,1014.5,90.7,130.1,989.4,1564.9,489.6,982.4,5347.7,5194.6,2502.1,1831.7,4340.9,5244.6,2294.6,2849.3,1728.6,1538.2,880.8,2589.6,958.6,1944.1,1524.9,3927.0,6680.4,5265.4,1335.4,1064.8
2026-10-06 03:45:00,736.9,150.9,1375.3,731.7,650.3,344.9,21.0,28.8,460.3,21.0,138.5,1860.7,5189.6,1840.6,1246.0,1023.6,90.8,129.4,994.9,1532.1,483.9,976.9,5363.5,5233.9,2495.0,1838.0,4342.8,5239.2,2296.8,2854.1,1728.9,1538.0,877.1,2579.0,959.2,1944.9,1527.9,3915.9,6679.5,5242.8,1328.7,1055.4
2026-10-06 04:00:00,756.9,148.3,1396.4,728.9,657.0,400.1,32.7,9.5,453.4,16.6,114.3,1843.3,4559.7,1712.5,1178.3,1029.2,102.8,78.7,984.6,1496.4,496.4,969.3,5433.0,5281.5,2498.7,1829.3,4191.8,5304.8,2299.0,2844.4,1731.9,1537.2,874.9,2513.8,969.6,1929.4,1540.3,3900.1,6707.9,5361.0,1331.6,1041.0
2026-10-06 04:15:00,762.6,134.3,1198.3,714.6,670.6,398.2,32.7,9.5,450.8,24.2,108.8,1815.6,4459.2,1651.5,1148.2,1041.8,92.9,78.1,983.8,1474.0,482.1,961.1,5468.6,5283.2,2505.4,1835.7,4193.2,5316.0,2299.9,2851.4,1740.1,1534.7,877.0,2503.0,965.5,1930.3,1539.4,3927.7,6717.3,5225.9,1340.0,1031.7
2026-10-06 04:30:00,774.2,134.1,1234.8,706.5,686.5,397.3,30.1,10.7,388.7,15.8,104.9,1834.0,4431.4,1613.9,1108.2,1026.0,92.7,57.5,984.8,1433.5,479.1,950.6,5518.9,5295.0,2511.1,1829.1,4200.3,5333.7,2301.7,2857.6,1734.8,1532.0,874.0,2499.0,969.7,1929.0,1540.6,3950.4,6731.9,5348.3,1338.7,1027.3
2026-10-06 04:45:00,791.3,141.3,1281.3,705.1,703.2,396.4,30.5,10.2,379.1,17.2,97.4,1829.7,4463.7,1606.8,1074.8,1021.0,92.4,56.9,986.5,1413.7,476.7,953.3,5576.3,5303.9,2518.3,1835.5,4203.6,5347.3,2304.2,2857.9,1734.6,1529.0,874.8,2492.0,973.7,1929.2,1541.7,3953.7,6739.6,5460.3,1348.2,1016.0
2026-10-06 05:00:00,827.7,134.1,1045.4,743.7,734.6,483.4,3.3,57.3,388.7,17.0,86.8,1798.7,4549.8,1617.8,1162.8,1008.6,0.0,114.4,893.1,1351.6,479.2,768.2,5922.6,5427.7,2558.0,1816.7,4315.2,5336.5,2308.3,2879.9,1747.8,1538.0,885.3,2573.4,980.4,1950.5,1553.7,3978.1,6851.2,5448.9,1384.1,985.6
2026-10-06 05:15:00,854.7,133.8,1107.3,749.9,762.2,482.6,1.4,57.3,393.2,17.0,88.9,1822.5,4398.8,1559.1,1106.4,1008.6,0.0,84.2,887.5,1342.4,463.0,921.2,5864.7,5550.0,2597.9,1823.1,4329.5,5395.4,2316.4,2881.5,1754.6,1536.6,891.5,2571.8,987.2,1953.7,1572.4,3983.6,6950.8,5443.2,1410.5,976.2
2026-10-06 05:30:00,875.3,178.4,1157.3,775.4,787.3,480.8,1.0,57.4,402.5,21.0,90.1,1831.8,4212.1,1513.8,1067.6,1013.2,0.0,84.2,893.9,1330.1,464.2,906.4,5811.7,5693.6,2637.6,1816.7,4350.5,5481.2,2323.5,2886.6,1756.2,1535.1,902.2,2564.6,997.2,1959.8,1603.9,3981.1,7078.5,5429.4,1449.7,964.0
2026-10-06 05:45:00,894.7,222.1,1203.9,783.5,813.1,482.0,1.4,57.4,415.7,32.0,94.7,1832.6,4110.1,1435.1,1003.1,1048.9,27.6,69.5,887.1,1356.6,434.3,905.0,5875.8,5916.4,2688.0,1822.0,4366.6,5560.0,2336.6,2880.5,1761.0,1534.1,913.6,2569.8,1008.7,1941.7,1643.5,3981.5,7220.0,5425.1,1494.6,954.4
2026-10-06 06:00:00,926.0,247.1,1255.5,898.7,842.2,587.8,5.1,26.3,434.3,25.4,91.0,1810.0,4642.3,1440.3,1052.3,1070.9,154.3,0.3,987.7,1421.4,461.6,902.0,5965.0,6084.8,2881.2,1834.4,4361.8,5865.8,2392.0,2867.9,1746.0,1663.9,935.7,2530.6,1034.1,2039.2,1722.4,4669.5,7627.5,4624.2,1621.9,973.6
2026-10-06 06:15:00,945.0,256.3,1282.5,897.1,869.3,589.5,4.2,26.3,448.2,38.0,99.2,1796.2,4153.1,1448.7,1120.4,1159.7,155.8,0.5,1004.8,1402.6,460.7,857.4,5934.9,6138.6,2961.5,1858.7,4393.4,5942.2,2410.4,2860.7,1752.1,1675.9,956.7,2578.5,1046.5,2040.0,1766.5,4733.5,7839.5,4849.6,1692.4,975.8
2026-10-06 06:30:00,960.5,258.0,1264.6,910.1,890.1,593.2,3.3,26.3,466.7,30.3,109.7,1778.4,4290.1,2183.6,1109.2,1140.0,155.1,0.4,1027.3,1381.8,477.5,837.0,6147.8,6384.0,3040.0,1856.6,4438.0,6048.6,2431.6,2865.4,1759.9,1674.1,981.5,2632.0,1057.5,2039.2,1803.5,4788.5,7966.2,5014.4,1749.7,961.0
2026-10-06 06:45:00,975.5,291.5,1286.6,965.9,911.8,596.4,4.1,31.5,494.9,35.2,122.4,1781.7,3556.0,1778.1,1144.5,1142.6,135.3,25.3,1041.5,1428.5,497.5,816.6,6145.4,6388.7,3117.4,1863.2,4476.8,6141.6,2462.6,2866.6,1765.8,1672.9,997.1,2682.6,1064.5,2026.1,1818.8,4815.3,8127.1,5223.4,1800.1,956.1
2026-10-06 07:00:00,981.4,292.8,1322.2,986.9,925.9,641.9,2.2,30.5,527.0,17.3,149.9,1834.7,3842.4,1850.7,1209.8,1154.7,141.9,15.7,1162.0,1431.7,528.8,800.9,6079.0,6307.2,3321.1,1809.3,4629.0,6107.3,2526.6,2893.8,1766.4,1667.4,1019.9,3006.1,1080.1,2108.9,1729.5,5461.2,8467.2,4854.6,1904.6,960.6
2026-10-06 07:15:00,995.9,309.1,1333.8,1006.6,946.0,643.9,3.1,31.6,549.0,24.9,137.6,1836.2,3817.2,1873.9,1257.1,1208.7,127.8,46.6,1155.6,1433.9,514.4,780.1,6098.6,6349.1,3378.1,1814.4,4658.4,6084.8,2551.3,2891.5,1774.2,1665.3,1038.3,3052.0,1078.8,2110.1,1728.3,5466.7,8534.7,4933.5,1928.4,985.3
2026-10-06 07:30:00,999.1,325.2,1330.5,1071.8,956.7,647.5,2.2,33.1,563.9,24.7,157.2,1838.8,3793.1,1966.4,1310.2,1205.4,169.2,15.0,1176.6,1432.1,511.7,764.1,6107.3,6252.1,3415.3,1812.5,4668.2,6249.9,2564.0,2895.2,1781.2,1663.1,1050.6,3080.0,1081.6,2147.9,1729.5,5454.0,8585.1,5026.8,1942.0,986.9
2026-10-06 07:45:00,993.3,387.5,1318.8,1039.8,962.8,653.5,2.2,32.6,583.4,24.0,156.2,1848.9,3755.1,1963.5,1343.4,1228.7,170.3,15.0,1196.0,1411.2,511.6,740.3,5898.3,6038.3,3453.2,1848.7,4629.0,6258.2,2585.7,2895.9,1794.0,1661.5,1055.4,3094.8,1083.5,2199.3,1739.4,5622.0,8649.2,4630.2,1964.0,976.4
2026-10-06 08:00:00,976.0,477.0,1299.3,1277.4,965.6,565.9,7.0,53.5,584.9,111.8,201.6,1804.6,4174.4,2026.1,1569.0,1417.7,25.5,81.4,1191.2,1484.2,514.2,743.1,5959.7,5825.1,3508.6,1836.9,4628.0,6287.6,2617.2,2860.7,1857.7,1933.3,1070.6,3197.9,1064.6,2239.4,1951.2,4645.7,8547.4,5775.9,1974.3,943.6
2026-10-06 08:15:00,977.3,476.3,1267.7,1471.2,968.1,635.3,4.8,54.4,590.8,87.0,205.1,1777.0,4414.1,2016.8,1590.0,1316.7,26.4,80.3,1189.5,1435.4,512.9,676.3,5923.6,6055.0,3519.2,1843.1,4628.8,6254.6,2627.8,2890.0,1906.2,1728.3,1072.8,3229.8,1073.5,2241.1,1960.0,4639.5,8595.0,5629.2,1990.5,902.7
2026-10-06 08:30:00,1002.5,476.5,1241.9,1434.6,961.4,658.7,4.1,52.4,610.5,37.2,210.7,1794.6,4474.0,2047.5,1585.8,1292.3,35.8,78.1,1185.8,1454.1,510.4,656.6,5915.0,6058.3,3520.0,1836.2,4627.2,6240.2,2629.9,2891.7,1908.5,1733.2,1081.8,3264.1,1074.3,2242.8,1960.5,4549.9,8568.1,5670.3,1988.8,900.8
2026-10-06 08:45:00,1018.5,489.6,1190.0,1430.3,955.0,681.9,4.1,58.5,604.8,29.4,212.5,1785.5,4709.4,1839.7,1559.9,1205.7,57.8,96.9,1225.7,1320.7,520.7,589.1,6110.5,6149.9,3513.9,1842.0,4627.6,6215.5,2637.9,2888.8,1911.7,1738.9,1090.0,3296.4,1081.0,2249.7,1954.0,4534.5,8530.0,5574.6,1974.6,895.3
2026-10-06 09:00:00,1000.6,506.9,1148.2,1320.1,946.3,681.5,13.3,81.8,574.6,116.3,188.1,1822.8,4921.9,2197.6,1502.6,1310.9,119.4,97.6,1419.4,1390.7,525.4,587.9,5993.6,6183.5,3512.7,1883.9,4807.6,6297.6,2619.3,2932.3,1915.1,1699.5,1090.8,3275.8,1082.8,2253.2,1943.6,4463.9,8374.0,5594.0,1913.9,929.1
2026-10-06 09:15:00,948.9,524.3,1107.1,1216.3,940.7,671.4,12.4,82.8,555.2,37.7,194.4,1799.2,5291.5,1649.4,1453.4,1233.8,61.5,129.3,1410.4,1363.7,521.6,526.2,5981.6,6183.9,3491.8,1871.9,4798.1,6282.4,2623.9,2927.8,1916.1,1698.1,1088.4,3281.8,1081.8,2232.3,1935.6,4516.8,8313.1,5555.0,1886.7,933.1
2026-10-06 09:30:00,980.6,555.9,1069.4,1076.1,930.7,690.4,12.5,83.8,539.4,32.3,194.7,1821.0,5560.3,1646.8,1454.4,1278.7,35.0,184.8,1414.9,1290.9,519.2,490.3,5975.8,6187.6,3479.9,1862.1,4788.1,6273.4,2618.7,2928.5,1915.3,1706.1,1088.3,3281.2,1082.7,2217.8,1925.2,4519.7,8271.3,5548.5,1862.6,941.5
2026-10-06 09:45:00,964.9,578.6,1028.9,1036.2,927.9,666.5,12.3,87.5,503.1,17.7,201.3,1819.2,5627.7,1680.9,1404.8,1264.3,36.4,186.6,1422.1,1243.0,559.5,455.7,5960.0,6192.1,3461.3,1831.6,4772.2,6131.9,2621.5,2927.9,1916.0,1714.8,1076.8,3272.7,1088.0,2212.9,1927.8,4525.7,8331.3,5573.5,1842.5,929.7
2026-10-06 10:00:00,922.9,608.7,992.3,1280.8,915.0,690.4,56.3,58.9,468.6,49.8,186.5,1925.8,5451.1,1726.5,1401.7,1335.5,163.4,94.1,1411.6,1299.5,547.8,475.9,5927.1,6223.4,3418.1,1876.3,4817.4,6165.1,2624.5,2941.4,1912.3,1761.8,1083.3,3280.8,1080.9,2204.4,1773.1,4509.8,8138.8,5160.7,1804.9,950.9
2026-10-06 10:15:00,892.2,623.8,974.2,1251.1,902.5,712.0,56.7,53.3,429.7,25.7,184.5,1912.3,5655.4,1668.4,1348.4,1350.7,164.4,30.0,1400.8,1279.1,541.2,434.2,5916.6,6242.0,3406.8,1863.0,4802.5,6155.2,2624.8,2939.9,1918.0,1766.9,1074.6,3272.9,1077.6,2211.1,1771.3,4523.8,8090.7,5033.7,1777.9,955.4
2026-10-06 10:30:00,884.7,644.7,954.2,1126.2,893.9,737.0,57.7,54.0,394.4,34.6,180.6,1977.2,5691.3,1674.0,1371.5,1306.0,150.4,40.2,1391.1,1304.0,533.7,419.7,5906.0,6247.8,3389.5,1850.1,4785.2,6132.5,2620.9,2939.5,1908.8,1770.3,1071.5,3270.5,1071.0,2222.0,1767.5,4538.8,8004.6,5023.3,1752.5,950.0
2026-10-06 10:45:00,871.4,665.2,923.8,1095.1,885.5,695.9,59.2,58.8,352.2,36.8,185.9,2038.7,5804.4,1589.1,1431.9,1282.2,162.5,30.0,1392.0,1278.4,550.0,403.3,5902.7,6254.6,3377.1,1855.1,4823.0,6042.0,2622.6,2939.4,1905.7,1770.1,1067.2,3265.3,1064.6,2239.7,1758.9,4457.9,7951.2,5045.2,1725.1,927.2
2026-10-06 11:00:00,862.3,687.2,1027.9,1181.5,907.3,746.1,5.2,50.4,315.9,33.6,199.8,2033.5,6022.6,1791.1,1438.9,1302.1,20.9,151.6,1404.1,1289.7,529.7,396.2,5941.9,6346.5,3354.1,1789.7,4802.6,5963.5,2618.7,2940.3,1938.2,1760.6,1076.5,3141.3,1060.1,2175.0,1899.0,4446.4,7876.6,5104.5,1722.3,950.9
2026-10-06 11:15:00,857.0,707.2,1014.6,1213.7,918.2,706.1,5.2,50.4,285.8,39.3,198.1,2067.1,6155.9,1859.8,1385.6,1371.2,20.9,156.9,1425.2,1268.2,526.5,362.0,5930.1,6357.2,3336.6,1604.5,4843.5,5447.3,2615.5,2941.1,1893.6,1774.3,1062.9,3138.6,1055.8,2122.9,1891.0,4389.8,7837.9,5040.9,1697.7,928.3
2026-10-06 11:30:00,848.3,762.2,1011.8,1167.7,924.8,717.5,7.6,50.0,269.6,32.1,204.3,2079.4,6729.7,1852.7,1350.9,1415.2,20.9,150.8,1415.4,1255.8,536.8,267.1,5922.3,6370.7,3325.2,1521.2,4826.4,5038.8,2611.4,2941.2,1894.0,1784.4,1086.8,3172.8,1051.9,2145.8,1885.9,4251.2,7806.5,5044.7,1675.2,923.7
2026-10-06 11:45:00,846.1,807.5,1007.9,1169.5,933.4,725.0,23.3,50.8,247.2,47.3,204.3,2092.1,6971.3,1867.7,1376.2,1432.9,11.8,158.1,1413.6,1233.1,548.0,263.3,5916.7,6380.9,3308.0,1519.1,4809.7,4800.5,2612.3,2942.6,1897.9,1789.9,1080.2,3148.0,1049.1,2081.0,1880.6,4197.9,7801.1,4992.4,1660.0,919.6
2026-10-06 12:00:00,851.6,824.9,1008.0,1233.7,983.6,552.3,7.7,61.6,259.6,45.5,187.7,2123.2,6923.8,2001.3,1263.8,1336.5,28.3,154.8,1416.9,1197.6,527.1,306.7,5852.7,6338.3,3288.3,1595.6,4579.8,4314.7,2597.5,2951.9,1891.3,1775.9,1086.8,3188.9,1046.1,2321.4,1880.9,4014.2,7861.4,5099.9,1578.4,907.6
2026-10-06 12:15:00,847.5,827.6,1003.5,1216.4,987.5,554.5,16.6,52.9,227.5,51.7,187.4,2140.4,8183.5,2009.7,1283.5,1344.7,21.3,165.6,1425.7,1188.2,526.9,291.4,5861.6,6348.0,3271.6,1601.0,4568.6,4365.4,2598.8,2953.8,1892.7,1775.5,1072.4,3175.7,1045.8,2321.4,1879.4,4013.6,7868.0,5108.8,1562.9,901.1
2026-10-06 12:30:00,837.3,765.0,1000.4,1232.2,989.0,556.3,23.4,61.6,214.0,65.1,208.1,2159.9,8033.1,2025.8,1285.3,1365.5,20.3,162.9,1429.6,1173.9,529.1,287.0,5845.9,6399.3,3263.9,1593.7,4569.4,4267.5,2595.5,2953.8,1892.5,1784.8,1067.1,3161.7,1046.1,2311.5,1881.4,4025.8,7899.4,5102.2,1558.5,892.6
2026-10-06 12:45:00,833.3,735.3,992.3,1239.4,990.8,557.4,23.4,61.4,208.6,56.2,234.6,2163.8,8064.2,2034.9,1304.2,1353.5,21.3,162.9,1430.9,1180.3,536.3,303.5,5834.9,6401.3,3254.0,1600.0,4560.8,4236.9,2595.1,2954.0,1899.6,1786.8,1063.9,3162.1,1049.3,2319.0,1886.7,4047.4,7914.5,5101.4,1555.9,888.4
2026-10-06 13:00:00,823.6,717.7,984.2,1193.3,953.0,562.8,23.4,54.9,219.4,56.1,212.4,2183.8,7973.9,1926.0,1330.0,1348.3,136.5,66.9,1547.1,1063.9,525.7,292.4,5822.7,6425.3,3213.6,1519.1,4687.1,4222.6,2591.9,2889.4,1894.8,1787.2,1049.4,3123.9,1046.1,2318.9,1743.4,3930.3,7819.6,5020.0,1560.2,874.5
2026-10-06 13:15:00,824.9,719.0,981.7,1166.3,949.2,575.4,23.2,54.1,212.7,56.2,203.7,2183.8,8008.3,1912.3,1345.4,1313.9,136.5,67.4,1541.0,1053.8,515.8,284.0,5829.5,6421.5,3210.4,1506.2,4690.7,4143.1,2593.2,2888.5,1894.8,1799.2,1048.8,3122.3,1050.1,2327.1,1747.7,3932.3,7888.5,5075.4,1564.9,891.5
2026-10-06 13:30:00,828.4,721.3,985.7,1141.8,945.2,573.1,23.2,53.7,213.4,58.9,197.5,2185.0,8191.7,1892.0,1337.5,1324.2,148.7,67.9,1545.1,1047.9,518.4,272.4,5844.4,6432.0,3202.3,1499.9,4693.0,4091.3,2590.7,2886.8,1894.7,1811.2,1052.4,3117.7,1049.5,2330.4,1748.1,3909.1,7802.4,5036.2,1568.9,873.7
2026-10-06 13:45:00,829.1,716.4,998.7,1136.3,940.8,616.7,7.0,53.2,216.1,61.1,193.0,2188.6,8193.8,1862.8,1332.1,1324.6,157.9,43.3,1549.1,1045.3,528.2,268.7,5853.7,6427.2,3201.3,1505.9,4684.0,4112.6,2593.4,2888.9,1895.1,1817.4,1044.8,3127.9,1046.2,2339.5,1745.1,3869.0,7797.7,5036.3,1572.4,875.6
2026-10-06 14:00:00,836.6,702.7,911.1,1148.4,942.3,565.6,23.0,57.9,206.8,69.9,183.2,2178.0,7804.2,1806.6,1286.8,1350.2,133.7,53.7,1517.1,1122.7,535.9,258.2,5860.4,6552.2,3202.2,1587.2,4561.8,4244.9,2586.6,2864.0,1908.2,1818.5,1053.4,3023.5,1040.8,2076.4,1746.8,4119.3,7669.9,4930.0,1591.0,845.2
2026-10-06 14:15:00,838.0,695.7,926.2,1147.6,917.6,557.2,6.9,57.3,213.7,73.5,179.9,2171.5,7598.8,1777.4,1305.8,1361.8,154.5,40.9,1510.0,1124.5,523.6,232.9,5693.8,6381.8,3205.5,1591.8,4565.0,4396.0,2587.8,2864.5,1911.1,1816.7,1050.2,3023.3,1039.2,2078.0,1742.3,4122.6,7639.0,4902.0,1602.6,859.4
2026-10-06 14:30:00,846.9,671.8,922.5,1109.1,895.6,617.8,5.5,58.0,227.0,71.8,161.2,2158.4,7620.5,1750.0,1213.9,1348.6,154.5,46.4,1498.1,1100.7,525.6,219.2,5700.2,6385.1,3207.3,1582.8,4563.6,4627.8,2587.4,2864.6,1909.0,1825.1,1056.3,3044.5,1038.6,2078.2,1737.5,4112.2,7649.1,4911.3,1622.1,863.3
2026-10-06 14:45:00,858.4,656.1,930.2,1202.4,895.9,593.6,3.8,56.3,235.2,72.0,157.6,2137.7,7419.8,1768.7,1201.8,1332.0,133.7,38.9,1503.9,1098.1,532.2,222.9,5704.6,6370.7,3210.9,1612.5,4567.9,5124.1,2591.4,2866.3,1909.7,1823.7,1034.7,3033.7,1038.8,2080.2,1733.2,4173.8,7668.2,4883.4,1635.2,850.7
2026-10-06 15:00:00,862.2,646.0,937.8,1320.1,877.4,588.3,3.9,68.4,257.7,76.4,155.3,2070.7,7566.5,1619.0,1317.0,1316.3,174.7,38.6,1251.9,1120.0,533.9,275.3,5803.9,6391.0,3222.4,1641.8,4403.9,5081.0,2593.5,2867.9,1930.1,1850.3,1059.5,3079.3,1041.7,2190.1,1741.2,4173.6,7802.5,4877.9,1662.7,841.6
2026-10-06 15:15:00,869.2,609.6,975.0,1380.8,881.3,592.1,2.1,69.1,278.3,78.8,151.7,2057.0,7383.5,1650.9,1191.0,1315.4,160.1,37.3,1234.0,1097.0,516.2,261.7,5818.4,6381.2,3224.8,1650.2,4399.5,5670.1,2594.7,2871.0,1932.6,1848.0,1038.3,3068.4,1044.4,2190.6,1742.1,4259.8,7798.3,4847.7,1689.0,828.3
2026-10-06 15:30:00,878.6,591.6,1016.1,1404.3,867.5,594.3,1.3,62.3,281.5,62.4,137.7,2016.2,6448.0,1566.8,1070.7,1263.6,180.3,36.2,1237.5,1063.9,523.9,244.7,5827.1,6535.9,3239.9,1647.5,4416.7,5927.4,2592.9,2868.3,1935.9,1862.3,1053.4,3071.5,1045.1,2190.3,1746.0,4198.7,7836.7,4858.6,1715.1,813.9
2026-10-06 15:45:00,892.2,536.1,1036.5,1408.3,857.9,571.7,1.1,73.3,275.7,82.7,132.0,2008.4,5838.4,1498.9,987.2,1240.4,185.8,35.3,1244.7,1078.2,532.6,274.6,5854.2,6523.6,3257.1,1653.7,4342.4,5891.1,2597.8,2853.2,1925.5,1930.4,1052.0,3059.2,1046.9,2192.1,1751.4,4271.2,7827.0,4845.6,1738.7,802.5
2026-10-06 16:00:00,920.1,506.0,1078.9,1398.5,845.0,717.2,53.2,62.8,282.6,77.6,154.0,1945.9,6254.8,1514.2,1215.2,1478.5,154.3,17.7,1177.9,1075.6,557.9,252.4,5939.1,6638.1,3293.0,1870.9,4681.1,6059.5,2618.9,2810.2,1886.9,2052.9,1061.0,3042.9,1055.5,2147.9,1904.0,4271.8,7930.0,4891.0,1766.0,787.7
2026-10-06 16:15:00,1006.6,470.6,1123.3,1437.5,841.4,697.1,35.9,59.7,294.3,80.8,152.8,1925.3,5779.2,1514.6,1240.3,1440.0,219.6,15.5,1171.1,1061.7,539.8,247.2,5888.4,6155.1,3315.0,1878.4,4706.7,6222.4,2621.0,2782.1,1862.6,2151.4,1071.8,3055.4,1059.4,2057.3,1740.1,4649.3,7952.5,4916.5,1800.9,774.4
2026-10-06 16:30:00,1022.7,486.7,1163.5,1409.2,847.7,661.3,32.9,67.9,307.4,68.8,165.4,1880.0,5469.6,1550.0,1326.1,1411.0,221.1,15.3,1188.6,1045.6,550.3,250.6,5986.6,6212.9,3327.1,1920.0,4728.8,6471.1,2618.2,2779.3,1849.6,2378.2,1086.6,3118.9,1076.6,2033.6,1755.4,4570.3,8051.7,4884.6,1837.1,760.9
2026-10-06 16:45:00,1032.4,493.4,1210.7,1404.8,856.4,612.8,32.9,72.6,319.1,55.9,177.8,1862.3,4956.5,1769.8,1407.0,1403.2,179.4,33.7,1200.1,1138.4,548.8,279.2,6001.9,6208.1,3339.7,1945.1,4738.7,6702.6,2619.7,2777.7,1851.9,2432.8,1075.6,3194.2,1080.9,2032.2,1757.3,4577.9,8154.4,4839.3,1875.8,745.7
2026-10-06 17:00:00,1054.4,508.4,1256.9,1367.8,869.5,675.3,42.5,59.4,330.0,34.8,216.0,1819.5,5985.7,1487.7,1541.2,1380.4,219.8,35.1,1308.2,1093.6,596.4,252.1,6142.1,6239.9,3357.8,1866.9,4803.7,6797.9,2621.0,2720.4,1853.9,2460.5,1095.6,3263.2,1085.7,2068.6,1774.0,4662.7,8354.0,4881.7,1952.9,766.2
2026-10-06 17:15:00,1063.1,517.1,1292.9,1350.2,876.2,662.4,38.0,53.5,355.0,40.4,208.2,1804.3,5133.0,1333.7,1687.5,1370.9,207.6,35.1,1298.9,1200.7,596.6,256.4,6158.9,6236.6,3369.2,1951.4,4820.6,7149.1,2620.8,2723.4,1851.2,2571.0,1094.6,3397.2,1092.9,2067.1,1782.1,4528.4,8432.2,4860.6,1982.6,754.8
2026-10-06 17:30:00,982.3,436.3,1329.3,1328.8,885.4,645.6,39.1,47.9,391.4,31.3,217.4,1784.0,4210.4,1191.0,1767.2,1360.1,225.0,35.1,1297.4,1204.6,608.7,256.7,6185.1,6352.8,3376.4,1941.1,4836.4,7354.8,2615.5,2718.6,1851.5,2580.9,1094.3,3476.8,1081.8,2182.2,1956.7,4304.6,8512.9,4845.1,2017.2,744.8
2026-10-06 17:45:00,1006.5,460.5,1358.5,1365.8,893.0,677.6,39.4,47.5,418.8,39.1,221.0,1828.9,4358.1,1179.3,1850.2,1450.9,154.4,35.1,1305.0,1272.2,613.8,316.7,6224.9,6574.8,3397.3,1949.0,4851.0,7406.1,2616.8,2712.4,1852.2,2575.3,1095.4,3501.8,1081.8,2181.5,1960.8,3935.9,8599.4,4895.6,2045.2,733.3
2026-10-06 18:00:00,1020.0,468.0,1384.4,1468.6,899.3,931.9,21.0,36.4,457.9,40.8,296.1,1839.1,4589.3,1068.1,1936.6,1425.2,214.4,35.1,1308.8,1278.2,648.0,333.5,6535.1,6725.4,3408.3,1941.1,4795.7,7521.9,2618.1,2695.8,1815.4,2513.4,1100.1,3527.8,1081.2,2545.3,1970.4,3510.9,8704.4,5040.7,2076.1,720.7
2026-10-06 18:15:00,1025.9,472.9,1398.4,1441.5,906.9,926.4,19.7,38.7,472.8,56.9,299.8,1814.7,4547.0,1197.0,1956.7,1455.4,212.9,35.1,1287.0,1296.6,627.4,331.2,6560.5,7166.1,3425.4,1948.4,4807.9,7579.9,2622.6,2689.4,1813.0,2330.1,1100.2,3585.5,1082.3,2547.1,1973.7,3203.3,8712.0,5113.3,2081.2,715.5
2026-10-06 18:30:00,1026.4,474.4,1430.3,1616.7,911.9,936.6,19.7,57.8,478.1,132.4,322.1,1823.7,4399.2,1379.2,1941.2,1571.7,186.8,35.1,1290.5,1376.5,619.8,357.0,6583.9,6825.2,3445.8,1942.2,4827.3,7563.9,2619.5,2686.4,1811.9,2546.1,1103.3,3529.0,1083.6,2546.5,1972.1,3505.4,8761.8,5028.3,2102.7,718.0
2026-10-06 18:45:00,1023.3,476.3,1429.1,1575.3,910.9,939.5,19.7,57.8,477.4,129.4,320.7,1855.3,4402.9,1344.4,1953.7,1570.4,156.0,35.0,1279.1,1374.1,622.4,377.3,6591.6,7170.8,3462.6,1948.6,4839.3,7615.3,2624.2,2678.0,1816.1,2446.5,1101.5,3571.0,1082.2,2546.5,1981.6,3253.3,8780.0,5082.2,2107.7,710.1
2026-10-06 19:00:00,1022.9,519.9,1426.7,1677.8,910.3,876.3,18.6,34.0,496.2,129.5,343.4,1871.5,4439.1,1357.4,1993.6,1558.8,224.9,35.2,1254.9,1392.3,605.4,389.3,6532.7,6626.4,3504.5,1920.8,4875.0,7539.3,2622.5,2663.2,1830.0,3002.0,1116.2,3509.0,1085.5,2257.5,1979.2,3725.5,8786.2,5200.0,2139.4,746.5
2026-10-06 19:15:00,1018.4,518.4,1411.3,1670.0,904.3,884.3,18.6,34.0,495.8,131.4,342.6,1880.9,4417.0,1244.3,1977.9,1578.2,224.9,35.2,1256.1,1374.2,602.1,376.3,6514.4,6657.0,3512.8,1927.0,4897.0,7564.1,2626.6,2656.0,1830.5,2996.1,1120.2,3522.2,1088.3,2257.9,1982.7,3627.1,8804.1,5206.9,2148.8,739.1
2026-10-06 19:30:00,1014.6,506.6,1392.8,1652.0,895.5,883.5,18.6,35.6,492.4,132.6,348.6,1910.3,4408.6,1320.7,1935.2,1556.9,215.4,35.2,1254.2,1372.8,598.0,374.1,6486.3,6667.0,3514.9,1920.9,4911.1,7601.7,2624.4,2648.5,1832.1,2972.9,1122.5,3542.9,1086.1,2292.2,1982.7,3468.8,8788.4,5174.8,2155.2,733.6
2026-10-06 19:45:00,1004.4,498.4,1367.3,1636.2,883.7,869.7,18.6,36.7,490.9,130.2,348.1,1894.7,4452.2,1504.5,1927.6,1529.0,255.9,35.1,1252.8,1359.2,603.8,340.5,6449.6,6624.3,3517.4,1926.1,4909.6,7582.2,2628.5,2645.0,1829.9,3004.1,1122.0,3529.3,1084.8,2259.0,1979.3,3761.9,8748.2,5124.2,2143.9,728.2
2026-10-06 20:00:00,990.6,462.6,1328.7,1624.1,864.9,830.0,27.2,90.2,471.2,121.5,239.6,1945.5,4110.1,1436.2,1719.6,1498.7,211.5,45.1,1279.0,1244.8,589.8,335.4,6354.6,6550.7,3506.4,1961.9,5022.7,7562.3,2636.1,2615.8,1826.8,2999.7,1128.1,3584.7,1072.0,2266.7,1961.3,3712.7,8615.8,4978.1,2118.1,679.5
2026-10-06 20:15:00,980.7,451.7,1299.4,1609.9,854.0,819.1,27.7,77.4,481.0,25.9,232.7,1926.1,4213.8,1312.8,1713.2,1379.6,240.4,45.0,1272.8,1206.0,588.5,299.2,6308.4,6532.3,3492.7,1967.8,5017.0,7544.6,2633.4,2612.4,1826.1,2986.7,1125.9,3580.4,1070.0,2267.7,1951.3,3820.8,8550.5,4847.9,2093.5,674.1
2026-10-06 20:30:00,967.1,439.1,1264.3,1398.2,838.0,817.1,27.7,71.9,473.9,26.0,210.9,1912.3,4245.7,1241.0,1694.4,1335.3,221.8,45.0,1282.2,1200.5,584.2,301.2,6260.3,6718.3,3491.4,1959.7,5021.4,7628.0,2627.4,2606.6,1828.4,2883.6,1122.2,3636.0,1067.0,2268.8,1943.3,3287.2,8476.9,4907.4,2073.5,671.1
2026-10-06 20:45:00,953.8,425.8,1226.8,1365.1,826.4,819.1,27.7,70.5,467.6,25.9,205.3,1910.8,4237.4,1149.2,1666.5,1318.4,223.0,45.0,1285.8,1185.1,589.7,289.9,6209.4,6396.3,3474.0,1965.6,5022.8,7554.2,2623.1,2606.5,1823.6,2979.9,1119.2,3581.5,1063.6,2269.8,1932.4,3827.0,8396.2,4872.7,2047.1,667.8
2026-10-06 21:00:00,935.5,404.5,1173.7,1052.5,810.8,724.7,27.5,62.8,460.5,35.1,208.3,1826.2,4034.3,1028.8,1599.4,1327.0,156.7,45.1,1183.9,1122.1,589.5,356.3,6160.3,6541.4,3423.1,1943.8,4979.7,7639.8,2619.6,2572.7,1810.4,2872.2,1109.0,3678.9,1061.4,2245.6,1827.7,3269.9,8278.6,4781.8,1979.6,660.7
2026-10-06 21:15:00,917.8,383.8,1139.8,1046.6,795.2,702.5,27.6,57.2,453.1,29.0,202.7,1832.1,4013.2,1020.0,1580.2,1302.9,206.7,45.0,1177.1,1085.6,580.0,349.7,6181.3,6328.6,3404.9,1948.6,4969.4,7552.7,2612.8,2570.8,1808.3,2967.3,1098.2,3614.8,1054.9,2243.2,1813.1,3855.9,8186.5,4748.1,1955.2,653.8
2026-10-06 21:30:00,898.1,365.1,1100.0,1025.0,777.0,702.9,27.0,56.7,444.7,39.5,189.3,1845.1,4004.4,1036.3,1606.1,1306.4,189.9,45.1,1169.5,1095.9,565.2,342.5,6160.6,6317.3,3386.8,1940.4,4962.6,7535.8,2605.4,2568.0,1807.8,2975.0,1094.5,3601.1,1046.7,2222.4,1800.7,3922.2,8097.0,4588.5,1942.8,649.3
2026-10-06 21:45:00,876.6,347.6,1063.3,1017.5,759.9,702.7,29.4,57.1,436.1,28.5,183.9,1842.7,4170.6,1040.7,1582.4,1275.3,235.0,45.0,1191.8,1074.9,572.8,323.8,6137.7,5967.3,3363.1,1945.3,4949.2,7444.6,2599.8,2571.4,1805.4,2971.6,1083.8,3550.2,1051.6,2107.1,1786.4,4360.3,8016.3,4563.2,1919.4,643.9
2026-10-06 22:00:00,852.3,321.3,1024.8,997.6,740.3,542.9,12.0,47.4,399.1,29.8,111.0,1796.6,3903.3,1073.1,1488.0,1316.7,202.2,0.0,1086.8,1032.9,509.0,394.4,6039.5,5891.3,3312.9,1975.8,4902.7,7263.0,2586.0,2521.4,1770.1,2910.3,1082.4,3555.5,1032.5,2065.4,1772.5,4406.0,7894.3,4493.3,1898.0,625.6
2026-10-06 22:15:00,855.3,312.3,996.4,993.2,723.2,543.2,14.7,46.4,397.3,29.8,105.6,1810.5,4004.8,1075.8,1460.3,1334.1,214.0,0.0,1079.2,1083.3,497.6,398.9,6004.8,5859.6,3279.3,1969.1,4880.6,7155.5,2579.1,2521.5,1763.9,2900.7,1088.8,3525.8,1028.4,2064.7,1758.4,4396.0,7804.9,4454.6,1867.2,617.8
2026-10-06 22:30:00,861.2,317.2,973.3,978.5,704.5,542.5,14.7,48.8,390.7,33.9,95.5,1818.7,4815.0,1108.3,1468.7,1364.7,195.5,0.2,1070.8,1094.9,493.3,420.3,5963.2,5798.4,3252.2,1910.1,4861.9,7090.6,2567.7,2517.3,1761.7,2885.6,1078.9,3489.4,1021.5,2063.9,1746.5,4387.8,7721.0,4445.3,1847.1,613.5
2026-10-06 22:45:00,845.5,301.5,957.2,965.9,687.3,539.8,15.3,48.5,384.9,33.5,94.0,1819.3,4932.1,1137.7,1434.4,1367.7,197.3,0.2,1084.1,1083.5,499.6,421.2,5938.2,5739.0,3226.0,1878.3,4836.4,7065.7,2560.7,2515.0,1758.7,2868.3,1066.6,3472.5,1016.7,2063.7,1735.6,4437.1,7727.8,4402.7,1823.0,606.4
2026-10-06 23:00:00,836.2,286.2,932.4,952.1,669.7,487.7,14.9,36.5,381.4,30.9,115.4,1831.6,4497.4,998.1,1348.3,1300.8,163.1,0.3,1038.2,892.7,472.7,446.0,5826.7,5576.1,3148.9,1954.1,4828.0,7048.6,2532.9,2520.2,1729.4,2870.5,1024.4,3346.6,1021.7,2058.3,1722.2,4385.1,7540.4,4334.2,1784.3,599.2
2026-10-06 23:15:00,829.3,279.3,921.0,911.8,655.5,486.9,14.8,31.3,371.6,32.2,108.9,1838.4,5061.6,1000.0,1306.8,1310.5,173.4,0.3,1032.5,898.4,471.1,449.6,5829.6,5582.1,3107.0,1958.6,4799.0,6986.2,2521.4,2521.1,1723.7,2858.9,1014.2,3321.6,1016.8,2058.6,1710.2,4370.4,7507.9,4290.2,1759.6,594.1
2026-10-06 23:30:00,827.0,279.0,907.4,915.4,641.0,482.4,14.8,28.7,367.7,37.3,111.7,1847.8,5125.5,1008.8,1295.9,1326.7,177.2,0.4,1030.4,887.7,470.1,460.8,5819.0,5581.6,3066.5,1945.4,4782.8,6927.1,2506.9,2518.9,1713.8,2831.5,1003.1,3290.3,1010.1,2058.2,1698.9,4351.5,7461.9,4260.1,1746.0,583.2
2026-10-06 23:45:00,825.4,278.4,896.6,907.3,629.2,483.1,14.7,38.7,423.1,40.3,104.9,1858.9,5340.6,1014.5,1294.7,1350.8,175.8,0.4,1029.3,884.7,478.9,456.5,5797.6,5584.1,3030.9,1877.2,4763.0,6864.2,2497.5,2526.4,1711.7,2800.0,995.3,3255.2,1003.3,2058.0,1687.1,4329.0,7393.6,4279.5,1721.5,572.4
2026-10-07 00:00:00,808.6,248.6,897.2,801.0,605.3,498.7,16.0,29.7,276.3,32.3,105.5,1951.0,4860.2,1405.8,1169.4,1143.1,176.8,61.0,1056.3,792.7,481.2,553.3,5723.8,5770.3,2922.9,1848.9,4695.1,6359.7,2446.0,2565.8,1661.8,3073.4,998.6,3561.0,1040.0,1766.7,1750.6,4088.4,7419.5,4263.9,1703.7,526.5
2026-10-07 00:15:00,791.5,230.5,892.1,791.5,603.2,497.8,16.2,32.0,269.8,23.1,101.7,1953.4,4852.8,861.6,1189.2,1170.4,175.4,61.0,1053.0,771.1,485.8,553.9,5633.7,5699.0,2888.5,1846.6,4688.0,6364.6,2437.7,2563.1,1656.3,3069.3,988.3,3556.0,1033.7,1760.0,1747.6,4081.3,7432.2,4237.9,1701.7,515.3
2026-10-07 00:30:00,786.1,218.0,883.9,784.9,599.1,496.8,16.0,22.3,272.2,9.4,100.2,1930.1,4856.9,865.1,1174.5,1152.9,176.2,61.0,1064.3,759.0,487.1,556.5,5620.5,5692.9,2864.3,1843.8,4678.4,6343.0,2427.8,2563.2,1655.8,3062.7,981.2,3538.9,1028.7,1753.7,1744.0,4075.3,7369.1,4211.4,1689.3,504.5
2026-10-07 00:45:00,779.2,219.0,880.7,777.5,596.1,479.3,16.0,21.9,265.3,12.7,81.7,1933.6,5150.3,867.1,1176.1,1150.2,186.8,61.1,1080.3,753.7,495.9,555.7,5621.6,5703.0,2844.0,1841.5,4671.2,6237.5,2417.1,2567.4,1651.9,3053.2,972.0,3476.4,1018.4,1748.6,1735.6,4066.0,7333.9,4185.5,1690.9,489.5
2026-10-07 01:00:00,785.1,213.8,990.2,766.2,606.0,477.7,16.0,19.4,300.7,8.4,84.3,1942.2,4807.7,840.6,1136.4,1170.9,192.5,60.7,1068.8,754.0,501.9,563.2,5647.9,5784.6,2799.0,1779.4,4679.2,6182.7,2407.0,2560.6,1627.1,3041.4,958.3,3404.7,1020.2,1729.3,1743.9,4063.2,7253.1,4121.4,1673.5,480.1
2026-10-07 01:15:00,863.5,295.2,985.7,751.6,602.9,475.0,16.0,20.7,300.8,8.6,83.8,1938.2,5034.6,857.6,1128.2,1164.2,193.4,60.7,1065.1,751.6,498.3,565.8,5656.1,5875.5,2781.6,1774.6,4674.0,5907.3,2405.0,2563.9,1624.2,3031.5,955.0,3267.7,1012.4,1725.1,1737.1,4057.0,7236.4,4093.3,1670.5,470.4
2026-10-07 01:30:00,858.1,286.8,979.8,739.2,601.6,473.3,16.0,20.8,304.5,8.0,82.4,1947.2,5080.7,878.1,1121.0,1162.9,174.2,60.8,1070.8,746.2,504.0,562.7,5631.3,5918.0,2769.4,1772.4,4674.7,5685.8,2401.4,2558.5,1623.7,3026.2,952.4,3165.3,1016.0,1719.3,1735.9,4046.2,7203.8,4070.8,1659.6,459.9
2026-10-07 01:45:00,831.6,261.3,975.1,727.5,607.4,468.8,18.7,18.7,317.9,9.2,76.6,1948.4,5105.0,864.6,1109.7,1162.6,174.9,60.8,1082.6,734.4,512.7,562.5,5610.8,5938.7,2753.8,1770.8,4671.5,5627.2,2398.4,2557.8,1626.7,3013.6,947.3,3141.6,1013.7,1711.9,1738.3,4032.9,7165.3,4044.6,1658.3,450.9
2026-10-07 02:00:00,773.2,208.7,974.0,741.7,637.4,466.7,1.0,33.4,330.4,14.0,161.9,1862.8,5044.3,844.4,1123.6,1140.9,115.8,63.9,1052.1,727.0,508.3,568.2,5426.2,5859.8,2722.7,1772.6,4658.8,5610.5,2392.6,2513.2,1608.7,3000.6,942.2,3140.4,1014.5,1720.3,1740.1,4005.5,7048.4,3877.5,1656.9,434.5
2026-10-07 02:15:00,773.2,208.3,971.5,726.3,636.5,455.6,2.9,35.2,400.1,14.0,152.1,1864.9,5116.3,848.7,1103.5,1144.6,116.5,64.0,1068.0,721.8,503.2,563.9,5417.1,5899.7,2716.1,1771.2,4656.4,5603.4,2390.6,2510.1,1607.1,2990.5,939.2,3142.6,1011.9,1709.5,1740.0,3994.1,7037.3,3850.7,1660.2,429.4
2026-10-07 02:30:00,769.8,202.7,971.7,712.6,637.7,451.7,3.7,35.7,403.0,14.1,152.7,1857.1,5210.3,854.2,1129.8,1157.6,117.4,64.0,1090.7,721.0,504.7,563.5,5644.6,6156.7,2708.0,1769.7,4653.8,5596.5,2388.2,2504.5,1606.8,2988.0,936.4,3143.6,1005.5,1695.1,1738.4,3982.4,7024.1,3825.8,1654.1,426.7
2026-10-07 02:45:00,772.0,199.7,976.8,698.6,641.2,445.9,3.7,36.4,407.0,15.6,153.5,1859.3,5278.9,862.3,1139.7,1161.3,118.2,64.0,1080.2,719.8,501.6,565.0,5364.9,5911.5,2701.0,1767.5,4652.8,5609.6,2386.4,2495.2,1604.6,2997.3,933.8,3154.2,1007.2,1677.4,1738.8,3970.2,7004.5,3815.1,1657.7,420.4
2026-10-07 03:00:00,846.0,264.7,984.9,678.0,648.0,587.9,14.0,22.0,411.1,1.6,93.5,1889.0,5231.9,967.7,1127.4,1154.6,167.7,61.0,1082.3,763.9,489.9,560.0,5348.8,5908.8,2685.6,1703.8,4657.8,5588.9,2383.4,2452.6,1607.3,3039.4,926.3,3250.0,1008.3,1631.0,1745.6,3966.0,7040.3,3790.5,1668.4,440.5
2026-10-07 03:15:00,847.3,266.1,994.3,669.9,654.2,587.2,16.7,22.4,405.1,6.3,91.4,1870.4,6026.0,972.9,1141.9,1179.1,168.0,61.0,1069.4,765.8,475.4,561.5,5330.1,5886.8,2681.5,1740.4,4659.0,5772.6,2390.5,2427.7,1605.3,3022.3,925.7,3409.2,1010.1,1614.1,1750.7,3937.1,7016.3,3769.2,1660.4,430.9
2026-10-07 03:30:00,850.9,264.9,1004.8,656.7,660.0,587.0,16.7,22.9,409.6,3.8,92.7,1871.8,6059.2,982.4,1129.5,1176.2,168.1,61.0,1070.9,763.9,477.4,563.3,5327.8,5873.5,2680.4,1732.8,4656.8,5757.6,2379.8,2422.7,1606.8,3029.4,924.3,3392.8,1011.3,1601.9,1750.4,3975.5,6977.8,3741.9,1664.7,425.2
2026-10-07 03:45:00,842.4,261.4,1015.1,648.5,660.4,587.9,16.8,22.7,414.0,5.5,91.4,1871.9,5995.8,997.5,1124.4,1176.8,168.7,61.1,1070.3,764.5,471.3,563.6,5333.2,5841.6,2682.9,1737.1,4660.0,5778.4,2388.2,2408.3,1606.2,3020.9,921.9,3411.9,1012.0,1594.9,1742.4,4036.8,6962.9,3715.1,1662.0,425.0
2026-10-07 04:00:00,851.4,273.6,937.9,630.7,615.5,646.6,10.8,19.0,408.3,4.0,193.2,1863.7,5979.6,975.6,1134.5,1158.4,188.2,60.9,1055.0,849.1,465.1,577.5,5481.0,5793.1,2668.7,1724.3,4676.3,5801.0,2396.2,2329.8,1608.4,2971.7,919.3,3316.7,1004.2,1751.5,1748.8,4276.1,6977.6,3670.4,1682.6,421.4
2026-10-07 04:15:00,859.2,281.3,963.3,616.5,628.1,651.0,8.0,19.3,399.4,6.8,207.7,1854.0,5825.9,975.2,1132.0,1157.0,188.2,61.0,1032.5,856.5,451.4,581.0,5494.4,5781.2,2680.8,1723.7,4680.0,5901.3,2399.0,2314.4,1616.4,2986.0,921.6,3372.8,1006.9,1752.0,1752.4,4292.8,6985.8,3638.9,1697.3,413.0
2026-10-07 04:30:00,810.5,232.6,1000.0,607.1,642.7,652.2,8.0,20.6,400.6,4.0,215.2,1853.1,5688.1,979.0,1039.5,1154.8,207.9,61.0,998.0,849.9,450.4,583.5,5534.9,5876.9,2687.1,1722.7,4681.7,6035.6,2397.9,2299.6,1611.4,2988.1,921.2,3443.6,1012.5,1752.9,1756.9,4279.4,7018.2,3606.1,1701.8,410.8
2026-10-07 04:45:00,817.1,231.1,1041.2,597.4,659.1,652.9,8.0,21.2,381.8,4.0,179.6,1862.9,5504.1,983.3,1030.1,1157.0,205.6,60.9,994.0,861.3,452.8,589.1,5581.3,5974.8,2697.5,1721.2,4687.5,6127.5,2399.5,2284.0,1610.1,2992.2,922.4,3495.9,1017.1,1763.3,1760.3,4266.3,7053.3,3571.9,1720.9,407.9
2026-10-07 05:00:00,837.2,272.2,1119.0,600.5,692.3,721.3,1.0,27.8,339.0,10.6,125.0,1823.5,5921.5,937.6,1061.2,1196.5,146.7,61.5,1026.3,1035.6,473.2,598.3,5957.2,5955.5,2753.2,1697.8,4655.2,5845.4,2408.4,2216.5,1627.6,3034.4,934.7,3468.7,1019.4,2014.5,1752.8,4253.2,7169.1,3574.9,1762.8,422.4
2026-10-07 05:15:00,863.9,299.0,1175.2,587.5,712.2,732.2,1.0,29.5,336.4,10.0,100.9,1836.6,4875.6,940.5,1050.2,1192.3,188.4,61.8,1039.2,1033.0,475.3,605.2,6015.8,5892.5,2794.1,1686.4,4671.2,5794.8,2411.4,2222.6,1632.8,3072.1,942.1,3433.2,1026.9,2048.8,1764.7,4373.7,7256.5,3548.1,1798.4,410.2
2026-10-07 05:30:00,894.3,330.5,1227.0,577.5,730.8,749.6,1.0,35.4,348.8,8.0,131.0,1832.4,4877.0,933.6,1009.3,1195.8,185.3,61.9,1051.1,1038.5,483.8,599.3,6082.8,5859.5,2832.4,1699.8,4692.6,6330.9,2414.2,2203.9,1639.5,3096.7,948.3,3687.5,1035.8,2158.5,1781.1,4370.8,7392.6,3537.5,1840.1,405.4
2026-10-07 05:45:00,920.6,354.9,1269.7,568.2,756.2,751.3,1.0,35.3,360.3,15.6,138.2,1828.4,4346.0,934.2,1015.9,1221.4,193.8,62.3,1060.0,1054.7,487.4,604.8,6140.2,5833.1,2881.9,1809.9,4712.4,6852.4,2422.0,2186.3,1641.5,3126.5,960.8,3961.2,1043.7,2156.8,1801.4,4348.9,7540.9,3602.6,1883.4,398.6
2026-10-07 06:00:00,947.7,375.1,1328.1,656.6,795.5,830.5,12.0,26.8,379.7,2.0,179.9,1878.6,4878.2,1139.5,1081.0,1239.8,254.3,61.0,1464.0,1108.8,528.4,557.7,6390.2,6065.3,3042.5,1738.0,4698.8,7135.9,2478.3,2127.7,1692.6,3153.7,960.1,4304.4,1046.6,2398.2,1713.6,4290.5,7909.8,3636.7,2025.4,378.3
2026-10-07 06:15:00,966.6,403.5,1351.9,638.1,818.5,844.5,12.0,28.0,388.8,43.6,171.7,1874.3,4629.5,1229.5,1093.0,1262.3,222.9,61.3,1454.9,1195.9,530.6,567.0,6247.7,6118.7,3118.8,1736.3,4745.8,7280.2,2500.1,2128.3,1700.5,3151.6,965.6,4364.2,1060.1,2403.0,1745.6,4238.4,8092.5,3637.7,2090.3,371.7
2026-10-07 06:30:00,980.3,416.5,1368.7,817.4,829.4,856.4,12.1,28.1,407.0,79.8,193.1,1872.0,4302.5,1920.5,1073.4,1254.9,226.9,61.5,1470.0,1196.0,543.8,569.2,6216.9,6148.2,3191.6,1758.7,4795.8,7375.2,2519.0,2120.5,1709.9,3166.2,989.2,4413.4,1078.9,2401.5,1782.5,4282.9,8288.7,3728.9,2147.4,361.9
2026-10-07 06:45:00,978.7,416.1,1368.4,799.5,846.7,872.7,12.0,33.4,436.2,80.7,214.4,1871.2,4219.4,2191.5,1087.0,1329.3,230.9,61.7,1473.9,1218.7,555.2,566.7,6212.6,6215.2,3272.6,1756.5,4840.9,7488.5,2552.4,2103.9,1717.2,3161.2,974.6,4453.0,1090.5,2417.6,1811.5,4298.9,8458.9,3877.3,2206.0,362.4
2026-10-07 07:00:00,984.4,424.9,1389.9,775.7,867.9,822.1,2.0,35.3,471.1,75.3,513.8,1905.0,4369.3,2092.5,1174.0,1355.8,265.7,62.4,1584.3,1273.7,594.3,568.5,6308.0,6464.0,3487.0,1738.5,4511.1,7810.5,2628.3,2053.0,1722.8,3160.2,1038.1,4354.7,1089.5,2788.8,1845.3,4028.3,8804.1,3675.3,2324.2,407.6
2026-10-07 07:15:00,978.5,432.1,1396.8,759.5,887.3,860.4,2.0,37.4,488.6,79.7,522.8,1903.4,3958.7,1824.9,1219.9,1404.7,261.4,62.9,1590.9,1257.6,599.4,583.0,6304.0,6434.5,3545.7,1742.3,4541.0,7887.4,2652.1,2051.0,1732.7,3155.9,1058.4,4410.6,1089.1,2790.2,1861.0,4049.2,8886.0,3771.5,2362.5,392.1
2026-10-07 07:30:00,970.1,444.4,1370.6,745.2,901.9,932.1,2.1,36.3,500.2,82.1,541.7,1897.1,3959.2,1916.4,1281.4,1393.1,258.4,63.2,1613.5,1260.8,603.9,584.1,6315.5,6382.9,3584.6,1744.0,4555.6,7929.7,2667.2,2039.7,1739.8,3300.2,1074.5,4426.7,1089.1,2790.7,1864.9,4007.3,8943.8,3796.8,2382.1,357.3
2026-10-07 07:45:00,965.7,462.6,1326.2,735.2,924.9,933.7,2.0,37.1,517.0,73.6,522.8,1896.5,4178.4,1988.1,1314.2,1346.0,256.5,63.3,1653.6,1260.6,616.6,566.3,6301.7,6415.4,3629.2,1785.0,4562.1,7937.1,2691.6,2014.9,1752.4,3302.7,1087.0,4473.3,1088.7,2790.8,1865.9,4034.9,8999.9,3747.6,2405.7,347.4
2026-10-07 08:00:00,937.6,538.0,1267.3,516.4,905.0,918.7,2.0,56.5,536.9,96.8,522.6,1960.0,4613.6,2052.6,1548.6,1502.2,203.3,76.0,1686.7,1187.8,619.5,560.0,6208.6,6293.6,3691.8,1793.4,5039.4,7900.1,2807.3,2089.2,1807.1,3204.3,1080.5,4027.5,1075.7,2638.2,1875.0,4415.4,9008.1,3769.4,2406.2,359.2
2026-10-07 08:15:00,950.6,516.5,1209.1,695.9,905.3,963.8,2.0,56.4,543.5,94.0,526.3,1943.2,4590.1,2060.5,1562.8,1451.6,240.4,53.8,1692.6,1186.2,619.2,540.8,6215.3,6263.8,3710.1,1780.6,5039.9,7899.6,2816.0,2085.5,1810.9,3197.7,1088.2,4037.6,1076.3,2631.8,1869.7,4345.6,8993.5,3757.1,2411.6,322.3
2026-10-07 08:30:00,942.4,583.6,1149.7,669.2,903.1,966.6,2.0,52.2,541.6,82.4,552.8,1942.0,5387.4,2612.3,1559.1,1400.4,225.1,53.8,1708.1,1203.7,618.9,540.1,6207.1,6246.8,3702.5,1766.1,5041.3,7895.5,2816.7,2188.0,1812.3,3214.1,1096.0,3970.1,1077.5,2621.3,1866.2,4292.9,8987.2,3684.5,2415.4,308.0
2026-10-07 08:45:00,922.5,625.4,1066.5,650.3,895.9,957.6,9.1,55.5,531.5,51.7,566.9,1949.2,5400.6,1842.6,1529.8,1367.8,218.6,59.2,1722.5,1177.7,637.6,528.9,6193.6,6230.4,3701.8,1687.0,5043.9,7877.0,2826.1,2275.7,1813.7,3213.1,1099.5,3895.3,1085.0,2606.0,1863.2,4263.0,8968.6,3575.3,2405.9,298.1
2026-10-07 09:00:00,890.4,612.9,956.7,516.8,874.6,970.8,44.0,54.7,495.2,117.4,279.4,1878.0,5203.2,1850.0,1472.2,1550.3,152.8,160.2,1343.1,1290.8,583.0,542.3,6122.4,6092.3,3689.9,1763.2,4997.2,7648.1,2867.7,2082.6,1793.7,3287.2,1092.8,4300.3,1083.4,2590.3,1856.2,4228.7,8807.6,3656.1,2340.5,282.1
2026-10-07 09:15:00,871.3,636.8,891.7,494.1,884.5,979.0,44.0,56.8,467.4,26.1,282.3,1876.6,5261.5,1840.2,1440.9,1482.6,152.8,74.0,1341.2,1297.9,580.7,527.2,6102.3,6121.4,3669.1,1704.7,4983.2,7641.0,2870.7,2137.8,1794.9,3293.5,1089.1,4256.3,1080.5,2571.4,1855.0,4164.9,8748.8,3610.9,2325.5,274.0
2026-10-07 09:30:00,855.7,686.9,841.2,302.4,885.4,978.3,44.1,65.5,441.4,32.0,282.4,1880.5,5271.1,1962.4,1416.4,1443.0,152.8,129.7,1343.5,1257.1,579.4,530.8,6087.1,6161.7,3657.3,1674.2,4977.7,7627.1,2868.0,2202.3,1794.9,3299.4,1087.2,4201.0,1082.7,2558.5,1853.4,4104.5,8705.7,3497.8,2310.2,264.8
2026-10-07 09:45:00,829.8,728.9,795.3,311.6,877.7,971.8,44.2,59.5,417.1,10.0,297.4,1865.6,5498.1,2032.7,1432.2,1439.4,152.8,152.8,1397.7,1239.1,600.4,511.3,6066.6,6206.4,3631.8,1600.3,4961.9,7140.7,2869.4,2336.0,1811.2,3243.3,1071.7,3883.5,1087.7,2550.7,1847.8,4166.1,8659.2,3468.2,2312.4,257.9
2026-10-07 10:00:00,814.9,697.4,730.1,520.4,869.6,986.2,54.2,151.8,359.7,44.0,250.9,1838.6,5663.5,2045.0,1349.8,1513.7,7.0,161.5,1528.0,1039.5,593.3,584.1,5980.1,6175.6,3614.1,1598.6,5006.1,7538.3,2897.8,2188.6,1727.5,3188.0,1075.6,4125.1,1071.6,2532.7,1854.4,4169.1,8577.3,3519.4,2288.2,269.1
2026-10-07 10:15:00,803.6,706.1,688.9,541.0,856.4,976.8,54.3,136.1,324.8,33.4,251.5,1836.0,5702.8,1992.0,1271.3,1541.6,7.0,180.7,1526.8,1020.4,593.6,548.5,5932.6,6121.0,3588.5,1599.1,4993.4,7012.1,2896.6,2243.4,1737.2,3111.3,1068.4,3856.5,1069.7,2535.3,1851.2,4214.4,8517.4,3486.6,2283.8,270.6
2026-10-07 10:30:00,792.2,724.5,649.3,363.3,848.6,995.6,55.4,138.2,286.8,36.0,255.7,1841.3,5882.4,1990.9,1228.9,1436.2,0.0,208.8,1536.8,1037.7,589.1,554.2,5918.7,6112.5,3573.4,1602.4,4969.9,6876.5,2891.1,2272.4,1744.8,3108.4,1064.5,3787.6,1068.0,2537.1,1846.5,4210.6,8465.8,3455.2,2269.4,270.9
2026-10-07 10:45:00,786.8,736.5,610.1,382.2,839.0,996.4,55.7,136.6,252.6,41.0,253.7,1850.5,5752.8,1909.0,1304.7,1475.3,0.0,179.4,1556.1,1046.1,596.8,560.3,5903.8,6087.8,3556.5,1596.9,4947.9,6348.0,2893.0,2285.5,1729.7,3094.4,1055.9,3767.6,1063.5,2538.2,1838.4,4243.7,8455.7,3377.1,2253.7,271.9
2026-10-07 11:00:00,777.1,747.1,692.3,399.7,835.8,956.2,72.5,170.2,277.5,13.2,279.0,1838.0,5793.6,2034.0,1322.9,1476.2,43.8,183.5,1548.4,1055.1,569.5,546.0,5825.8,6043.1,3518.9,1497.7,4919.4,6449.1,2899.3,2217.9,1846.5,3207.0,1072.7,3800.1,1057.7,2455.9,1812.9,4189.5,8339.4,3322.1,2229.6,219.1
2026-10-07 11:15:00,784.5,746.3,674.8,401.7,821.0,967.3,73.7,172.5,250.8,24.2,267.7,1844.9,5880.8,2062.3,1273.5,1526.0,36.8,168.7,1568.7,1050.6,557.0,551.2,5808.2,6037.5,3503.9,1486.5,4906.5,5796.0,2895.7,2243.5,1844.8,3206.7,1056.8,3745.7,1059.8,2459.2,1809.8,4173.3,8290.6,3321.2,2214.5,221.3
2026-10-07 11:30:00,784.7,746.8,659.8,398.7,822.7,985.7,75.5,174.3,230.8,5.2,261.3,1849.2,7158.8,2103.6,1219.1,1612.3,36.8,170.3,1579.4,1067.8,552.3,557.0,5795.7,6021.8,3486.1,1449.4,4885.2,5208.7,2892.4,2264.8,1842.8,3206.7,1056.7,3715.6,1059.4,2462.9,1806.8,4141.3,8271.0,3312.7,2194.1,221.4
2026-10-07 11:45:00,827.6,751.0,659.8,403.0,828.4,987.9,76.7,173.6,201.0,16.3,254.8,1873.9,7206.9,2021.0,1177.3,1611.9,36.9,176.7,1580.4,1085.4,556.3,576.8,5759.9,5989.0,3466.0,1405.0,4889.6,4604.5,2881.2,2309.0,1833.9,3208.2,1050.8,3668.8,1060.6,2466.8,1802.9,4121.5,8279.0,3322.0,2182.8,223.0
2026-10-07 12:00:00,860.9,784.0,658.5,406.3,885.3,1022.6,62.6,184.4,202.1,48.9,269.9,2013.9,7423.6,2392.3,1216.9,1558.1,36.8,178.9,1636.0,1105.7,583.3,463.2,5728.2,5976.5,3445.9,1380.1,4991.5,4181.7,2895.8,2145.1,1858.6,3201.0,1061.3,3766.6,1125.2,2457.1,1889.9,4112.8,8227.6,3275.5,2165.9,188.8
2026-10-07 12:15:00,893.1,781.1,658.3,408.8,885.9,1023.1,69.1,186.7,178.7,23.3,265.6,2022.9,7600.7,2399.7,1238.8,1587.8,36.7,173.7,1638.1,1118.5,566.5,428.0,5691.5,5964.8,3430.4,1380.3,5022.0,3974.5,2893.9,2145.9,1858.9,3200.8,1049.3,3747.2,1125.5,2459.3,1887.8,4083.6,8255.9,3273.1,2150.5,189.9
2026-10-07 12:30:00,851.5,778.6,655.5,406.5,881.7,1019.0,73.2,189.5,183.2,27.7,263.5,2029.0,7682.5,2364.1,1227.5,1596.7,71.2,162.1,1649.0,1130.1,562.9,420.3,5681.2,5947.2,3424.3,1379.0,5023.9,3896.5,2886.8,2142.0,1855.8,3199.1,1044.2,3736.3,1122.8,2459.9,1884.6,4055.1,8279.4,3276.9,2145.9,190.2
2026-10-07 12:45:00,811.0,771.7,648.2,397.4,885.0,1009.5,77.7,188.9,201.0,28.0,288.2,2005.4,7675.0,2371.3,1208.4,1598.1,71.3,162.1,1646.5,1106.0,574.6,448.4,5673.3,5933.2,3417.4,1350.8,5018.1,3727.2,2887.3,2138.2,1861.2,3202.9,1036.8,3700.2,1124.1,2460.8,1880.6,4026.2,8287.4,3271.8,2148.4,189.9
2026-10-07 13:00:00,857.7,753.5,648.5,392.1,888.2,999.9,57.9,218.7,190.1,23.0,308.1,1899.8,7876.5,2434.1,1176.2,1667.4,36.6,170.9,1584.1,1154.7,566.7,407.1,5671.3,6004.4,3393.4,1353.7,5050.2,3839.9,2898.3,2132.0,1859.3,3176.6,1050.1,3679.9,1119.0,2478.4,1876.7,4063.7,8341.9,3370.7,2192.2,215.5
2026-10-07 13:15:00,859.5,749.6,657.9,381.6,895.7,985.0,45.4,218.6,206.3,20.5,336.1,1899.9,7932.9,2473.6,1182.1,1641.4,36.5,171.1,1593.7,1094.7,566.5,458.8,5660.2,5991.7,3387.0,1353.4,5050.8,3836.5,2899.2,2129.5,1860.4,3177.1,1047.9,3679.4,1120.2,2474.8,1874.7,4034.0,8350.9,3364.2,2196.0,215.1
2026-10-07 13:30:00,820.2,737.4,675.6,367.5,899.0,965.7,65.6,215.3,219.7,22.1,355.2,1903.1,7699.8,2447.2,1192.6,1625.3,36.4,183.7,1594.8,1028.3,566.6,515.4,5653.3,5990.2,3380.2,1345.3,5049.4,3759.5,2897.1,2121.3,1859.7,3174.3,1051.5,3617.4,1119.3,2471.2,1866.5,4002.0,8294.9,3354.8,2204.7,214.5
2026-10-07 13:45:00,811.8,721.1,702.8,350.8,896.3,949.1,62.6,215.1,223.0,15.3,343.6,1907.2,7839.3,2484.6,1201.3,1649.6,36.4,144.2,1595.7,1138.2,574.1,522.3,5651.9,6028.6,3374.0,1344.9,5051.5,3736.9,2897.8,2118.5,1859.6,3174.0,1044.0,3588.6,1115.7,2466.3,1858.1,3971.7,8276.9,3345.1,2198.1,213.9
2026-10-07 14:00:00,810.3,699.8,665.0,354.2,838.7,926.1,38.5,216.4,214.7,34.4,304.0,1918.2,7571.9,2453.7,1173.2,1677.5,84.1,137.2,1491.0,1167.0,583.4,287.6,5652.4,5916.0,3388.1,1376.4,4969.6,3696.1,2913.7,2201.2,1862.9,3124.9,1052.5,3692.7,1146.6,2606.8,1851.9,4023.7,8273.6,3306.3,2158.9,212.2
2026-10-07 14:15:00,793.6,685.0,709.3,331.3,842.3,851.5,28.5,215.5,191.7,28.5,305.7,1921.9,7282.8,2447.4,1197.2,1683.1,84.2,136.4,1496.9,1136.1,570.5,415.8,5666.5,5984.6,3386.0,1372.3,4979.1,3797.0,2909.8,2200.8,1867.2,3133.5,1052.9,3722.7,1145.3,2593.9,1851.2,3986.9,8293.0,3303.8,2161.6,210.5
2026-10-07 14:30:00,808.6,656.8,761.1,308.3,837.3,813.2,27.5,214.1,223.2,15.0,307.3,1922.8,7045.0,2437.6,1233.4,1614.8,94.5,131.9,1482.6,1203.1,578.2,481.0,5665.2,6003.8,3391.3,1396.0,4974.5,4084.1,2908.1,2251.4,1863.5,3141.9,1054.5,3695.5,1145.6,2575.9,1853.6,3947.9,8298.9,3296.3,2170.8,211.6
2026-10-07 14:45:00,816.0,637.3,812.4,279.1,867.0,756.5,24.7,217.4,245.8,14.7,306.2,1927.8,6916.9,2437.1,1261.2,1568.9,110.9,131.5,1444.1,1209.3,577.7,623.3,5675.3,6044.1,3397.7,1396.0,4932.1,4406.2,2907.3,2317.1,1861.8,3161.1,1057.5,3707.2,1145.7,2552.5,1858.0,3974.9,8313.3,3304.1,2165.4,210.2
2026-10-07 15:00:00,840.8,591.4,866.9,241.9,859.2,707.8,40.1,132.0,302.6,4.0,273.8,1983.8,6916.6,2368.1,1334.3,1499.1,69.8,118.0,1448.7,1237.3,550.0,475.8,5698.9,5948.1,3415.2,1559.6,4482.8,4216.2,2961.5,2174.9,1841.2,3118.4,1063.6,3810.3,1149.2,2641.1,1869.0,4240.6,8233.0,3158.7,2190.0,213.2
2026-10-07 15:15:00,845.6,566.1,930.4,205.3,865.7,665.1,37.8,137.1,311.9,4.0,238.1,1985.7,6237.7,2320.7,1401.0,1461.5,91.9,118.1,1430.0,1255.4,528.7,660.9,5699.7,5955.3,3423.9,1612.3,4491.9,4929.3,2963.8,2262.7,1847.1,3152.9,1066.7,3811.2,1152.3,2606.7,1878.4,4241.6,8260.9,3185.4,2185.7,212.1
2026-10-07 15:30:00,847.8,524.8,990.4,170.9,836.8,618.7,36.8,133.3,347.5,3.4,219.2,1983.1,5300.4,2247.3,1462.2,1389.3,110.1,118.1,1433.0,1257.9,529.0,665.8,5711.6,5983.1,3438.2,1629.4,4508.4,5712.0,2967.5,2329.0,1834.0,3172.8,1078.2,3876.8,1151.0,2570.0,1884.5,4234.5,8262.3,3292.7,2201.3,212.8
2026-10-07 15:45:00,856.2,472.5,1064.7,197.4,837.1,558.4,36.0,141.3,329.0,3.1,198.4,1988.7,5415.2,2216.9,1540.1,1406.5,107.3,118.0,1395.6,1305.6,533.4,699.0,5665.1,5954.9,3454.8,1647.1,4516.0,6263.5,2971.5,2384.6,1832.3,3260.3,1080.3,4045.0,1154.3,2529.0,1895.2,4304.5,8282.5,3285.9,2207.1,212.0
2026-10-07 16:00:00,890.8,573.2,1143.2,181.0,841.3,830.5,20.4,42.0,371.4,2.4,281.9,1955.3,5707.2,1931.9,1595.7,1366.1,275.2,62.3,1375.1,1458.8,575.5,653.6,5797.8,5879.5,3487.7,1657.9,4229.0,6258.9,3026.1,2278.1,1840.8,3233.1,1086.1,4117.0,1165.5,2561.0,1916.6,4529.8,8311.6,3182.1,2210.4,231.1
2026-10-07 16:15:00,901.7,536.8,1217.7,188.5,848.7,758.3,11.1,39.3,382.7,2.0,263.5,1950.9,5497.2,1878.8,1486.3,1300.4,276.3,62.0,1334.2,1467.4,567.7,654.0,5752.7,5877.0,3510.1,1661.5,4254.0,6554.3,3026.3,2351.0,1837.5,3288.0,1093.5,4188.6,1170.3,2529.0,1929.1,4583.4,8350.6,3287.0,2220.8,231.3
2026-10-07 16:30:00,892.0,524.1,1294.3,573.5,856.5,711.5,11.0,53.7,409.3,1.7,280.2,1942.1,5288.9,1919.1,1409.1,1256.8,256.5,61.5,1335.9,1475.7,578.8,677.7,5768.8,5818.3,3523.9,1687.2,4277.8,7229.5,3026.4,2341.4,1837.4,3424.7,1086.8,4396.2,1176.3,2507.3,1940.1,4464.6,8435.4,3392.5,2247.0,238.3
2026-10-07 16:45:00,906.0,498.5,1358.2,562.4,866.2,660.5,11.0,61.5,428.5,1.3,290.8,1934.1,5129.0,2571.5,1537.3,1256.4,265.1,61.0,1324.7,1512.2,581.4,715.2,5782.8,5765.7,3539.3,1682.8,4281.8,7503.2,3026.1,2329.2,1824.9,3525.9,1067.5,4490.8,1180.0,2495.0,1948.9,4472.3,8534.8,3446.9,2255.8,238.2
2026-10-07 17:00:00,931.6,464.9,1414.3,673.1,881.5,903.1,93.9,48.6,441.0,4.1,261.2,1924.8,4933.2,1718.4,1897.8,1465.5,145.7,88.4,1698.4,1811.4,634.6,701.0,5760.2,5803.3,3540.3,1677.3,4539.3,7496.5,3060.5,2208.1,1845.6,3329.2,1083.4,4332.1,1190.9,3279.7,1968.3,4378.0,8726.6,3328.2,2314.5,241.9
2026-10-07 17:15:00,950.2,455.5,1458.4,676.6,899.0,922.8,86.0,45.1,430.4,27.0,288.5,1917.4,4620.2,1711.0,2028.3,1475.6,126.3,88.2,1666.2,1922.0,602.3,719.0,5757.1,5779.6,3551.4,1679.0,4541.7,7644.5,3059.0,2081.9,1846.8,3343.2,1086.3,4486.7,1193.5,3277.9,1968.0,4368.1,8761.8,3450.9,2312.6,246.6
2026-10-07 17:30:00,965.4,540.9,1484.1,675.5,911.5,914.5,86.0,46.2,448.4,80.1,275.8,1907.5,4647.9,1673.3,2086.9,1477.0,127.0,88.3,1637.0,1970.8,610.9,727.9,5769.5,5787.1,3563.7,1680.8,4538.5,7725.7,3059.0,1964.9,1848.6,3340.6,1088.0,4608.7,1192.6,3277.8,1982.2,4421.9,8821.1,3534.1,2322.4,252.4
2026-10-07 17:45:00,974.3,589.1,1493.6,681.7,913.9,910.4,86.1,61.8,461.1,80.5,290.3,1898.9,4403.4,1673.3,2189.2,1512.1,111.8,88.1,1633.4,1999.5,622.1,767.4,5783.3,5765.6,3578.2,1685.4,4538.1,7746.2,3058.8,1996.7,1846.5,3352.1,1093.2,4603.6,1194.4,3280.9,1992.5,4402.7,8897.6,3644.2,2319.5,258.9
2026-10-07 18:00:00,992.2,600.0,1536.4,686.1,924.7,1051.3,56.7,63.3,464.0,76.2,561.2,1963.5,4521.9,1570.7,2254.8,1552.4,133.9,88.9,1660.2,2048.0,630.0,781.9,5870.2,5796.9,3587.0,1754.6,4855.9,7766.1,3069.6,2342.9,1862.2,3322.8,1100.2,4319.8,1198.4,3439.0,1879.0,4474.7,9030.0,3472.2,2318.1,280.2
2026-10-07 18:15:00,996.6,608.5,1554.5,696.6,931.6,1051.9,56.7,80.9,468.3,79.3,550.1,1975.1,4465.3,1658.6,2224.6,1587.8,88.3,88.8,1610.3,2066.6,608.2,803.9,5897.4,5793.1,3597.4,1762.9,4862.7,7768.8,3071.5,2339.7,1857.3,3346.6,1097.9,4353.9,1199.4,3447.8,1890.7,4465.9,9038.2,3499.1,2305.4,292.5
2026-10-07 18:30:00,995.6,604.3,1565.4,699.8,935.9,1051.6,63.5,80.9,469.0,73.4,538.2,1966.9,4323.9,1821.7,2159.3,1615.7,99.8,88.6,1609.7,2094.5,615.8,820.1,5912.6,5802.2,3616.3,1766.0,4866.9,7770.2,3072.4,2344.4,1856.8,3308.1,1103.8,4324.8,1199.9,3457.7,1892.8,4456.4,9056.8,3671.0,2289.2,308.3
2026-10-07 18:45:00,992.8,593.7,1567.3,699.2,937.6,1063.4,63.8,60.5,472.9,63.3,570.8,1966.0,4245.8,1851.4,2170.4,1656.5,102.5,88.5,1601.6,2106.8,617.6,831.6,5918.7,5749.7,3635.7,1766.5,4871.1,7770.6,3079.0,2350.1,1857.7,3330.0,1103.1,4322.3,1201.8,3468.8,1900.4,4453.0,9085.7,3707.4,2285.0,318.6
2026-10-07 19:00:00,991.8,598.3,1551.3,694.0,935.9,1046.6,11.5,79.4,457.6,83.0,533.9,2016.8,4229.4,1986.4,2229.9,1790.4,94.9,95.5,1522.3,2136.2,578.0,932.1,5890.0,5746.4,3651.0,1755.3,4972.5,8127.9,3092.1,2282.9,1875.5,3315.1,1117.6,4385.4,1203.7,3439.0,1879.5,4439.3,9047.2,3773.6,2281.3,362.3
2026-10-07 19:15:00,986.2,592.4,1548.6,694.1,934.7,1043.9,7.7,60.5,469.5,79.4,552.0,2000.1,4163.9,2076.0,2190.3,1759.3,78.4,95.4,1532.0,2087.0,579.6,945.4,5880.1,5760.4,3652.6,1751.8,4976.8,8128.3,3096.9,2346.0,1877.2,3326.7,1121.1,4345.8,1202.8,3452.5,1878.7,4429.0,9066.6,3677.0,2277.4,375.8
2026-10-07 19:30:00,983.3,549.1,1530.0,696.6,926.5,1029.5,7.5,75.2,459.9,79.0,562.4,2005.2,4098.1,2093.4,2081.5,1779.3,78.0,95.3,1520.1,2102.3,582.7,967.6,5861.1,5728.0,3652.1,1747.6,4978.4,8129.1,3096.9,2363.8,1881.3,3346.1,1122.8,4337.3,1200.9,3466.9,1875.5,4407.8,9037.8,3595.7,2269.1,384.9
2026-10-07 19:45:00,981.4,543.1,1511.7,695.3,923.5,1027.2,6.5,62.1,457.2,80.9,554.6,2009.9,4204.2,2121.6,2064.1,1792.6,61.0,95.2,1538.3,2108.5,580.3,988.5,5829.3,5713.5,3648.9,1745.5,4965.9,8119.3,3099.7,2385.2,1885.4,3344.7,1121.7,4326.1,1198.2,3481.9,1868.0,4386.3,9002.3,3534.8,2250.9,391.5
2026-10-07 20:00:00,975.3,541.7,1469.4,591.6,905.5,930.3,1.9,64.7,446.0,86.2,226.1,1874.7,3917.2,2112.8,1912.6,1856.3,203.1,60.2,1219.1,1751.4,576.2,1037.8,5647.2,5668.2,3616.9,1726.5,5029.2,7970.7,3099.0,2327.6,1861.6,3313.0,1133.2,4250.2,1192.0,3239.3,1858.6,4268.7,8818.9,3718.2,2188.7,377.2
2026-10-07 20:15:00,968.1,538.8,1440.9,594.4,891.1,927.8,1.6,64.3,438.3,8.0,214.5,1862.9,3908.4,2042.7,1875.4,1815.3,203.1,60.2,1224.3,1667.7,571.1,1056.7,5618.9,5657.4,3601.4,1723.9,5013.7,7950.3,3097.7,2360.3,1860.0,3316.4,1131.8,4224.7,1190.1,3247.0,1849.8,4248.7,8767.0,3617.8,2164.6,387.2
2026-10-07 20:30:00,962.5,535.5,1406.6,597.1,878.1,909.3,1.6,63.7,433.7,18.5,194.4,1879.4,4533.0,2122.6,1848.4,1859.4,203.9,60.2,1209.8,1656.6,562.1,1079.6,5592.7,5622.7,3586.2,1709.3,5004.5,7914.8,3094.2,2368.5,1864.2,3320.2,1131.7,4206.7,1188.1,3250.2,1842.4,4226.9,8692.3,3604.1,2153.1,395.9
2026-10-07 20:45:00,964.6,520.2,1381.8,597.4,864.6,892.1,2.2,63.2,423.7,9.6,194.9,1878.4,4494.3,2198.7,1826.9,1857.4,194.4,60.1,1222.6,1648.0,572.3,1097.7,5560.1,5625.1,3572.7,1688.0,4997.7,7516.3,3090.2,2444.3,1856.6,3309.3,1128.7,3983.5,1185.9,3248.0,1838.7,4209.1,8606.9,3513.9,2122.0,411.0
2026-10-07 21:00:00,947.0,528.8,1327.8,584.1,847.2,612.6,30.5,5.3,420.1,0.0,156.4,1873.0,4335.0,2346.8,1768.4,1881.0,109.8,67.2,1232.9,1573.3,558.8,1089.8,5626.4,5438.4,3511.8,1707.7,4918.7,7480.7,3073.5,2337.3,1851.7,3280.3,1120.7,4287.2,1189.3,3493.7,1831.2,4317.5,8484.5,3474.1,2070.4,421.9
2026-10-07 21:15:00,935.8,422.7,1293.6,514.3,827.1,592.2,30.5,4.2,419.9,0.0,158.0,1879.2,4723.5,2411.9,1742.9,1837.3,110.3,67.6,1233.4,1572.0,556.0,1106.4,5633.2,5424.2,3487.6,1682.2,4903.8,7001.6,3063.6,2585.8,1849.1,3308.4,1108.2,3846.5,1179.7,3483.9,1824.6,4316.1,8389.2,3481.8,2043.6,432.2
2026-10-07 21:30:00,909.6,423.9,1252.1,113.4,808.1,590.9,30.5,4.2,407.9,0.0,142.8,1888.2,4738.0,2291.7,1748.6,1858.9,109.4,75.4,1217.7,1572.8,551.5,1123.9,5628.7,5376.5,3461.8,1675.8,4890.5,6911.9,3042.5,2591.7,1850.2,3386.8,1104.9,3782.7,1174.0,3473.3,1818.5,4288.2,8291.6,3495.3,2013.6,440.6
2026-10-07 21:45:00,890.9,417.1,1213.9,116.6,781.9,594.8,33.8,3.9,394.1,6.9,139.5,1906.4,4765.8,2148.1,1718.3,1883.5,109.4,111.0,1221.8,1565.4,552.9,1120.7,5610.9,5329.9,3441.6,1670.2,4867.9,6886.5,3038.1,2582.5,1847.5,3362.6,1093.9,3770.6,1169.7,3460.4,1808.7,4256.5,8213.0,3506.2,1980.5,450.5
2026-10-07 22:00:00,870.4,420.6,1175.3,122.2,765.6,445.0,77.0,6.4,363.6,0.0,121.9,2029.8,4494.6,2424.4,1642.4,1801.6,147.1,60.7,1040.4,1558.3,517.2,1154.3,5489.3,5245.9,3366.8,1683.9,4631.4,6905.4,3082.0,2604.2,1809.8,3255.5,1091.4,3870.4,1161.2,3470.3,1795.7,4178.6,8052.2,3478.1,1916.3,449.1
2026-10-07 22:15:00,853.6,412.7,1144.6,131.7,745.1,444.5,77.0,4.3,352.0,1.3,117.7,2045.6,4509.4,2474.3,1643.2,1825.2,148.2,60.7,1029.3,1532.1,509.1,1143.2,5451.8,5198.0,3331.7,1684.7,4609.3,6904.3,3074.8,2588.6,1800.8,3252.8,1081.2,3878.8,1157.1,3458.0,1784.6,4145.7,7948.1,3488.3,1885.4,460.3
2026-10-07 22:30:00,836.5,409.9,1117.9,147.2,723.9,441.8,80.2,2.3,346.2,10.2,113.7,2051.0,4537.3,2540.7,1644.6,1842.8,168.3,60.8,1021.3,1514.0,501.6,1147.1,5405.6,5174.8,3306.6,1687.3,4583.4,6721.1,3065.6,2599.6,1797.2,3251.2,1070.7,3740.2,1149.4,3446.7,1773.4,4117.7,7860.0,3502.9,1855.6,469.9
2026-10-07 22:45:00,822.6,404.7,1103.2,163.2,706.5,440.9,80.2,2.3,341.7,8.5,107.8,2050.3,4664.0,2361.0,1610.9,1828.4,143.9,60.8,1026.8,1490.7,515.0,1148.5,5332.9,5121.0,3271.2,1637.7,4553.8,6449.8,3058.1,2596.7,1793.4,3303.6,1060.9,3548.3,1143.2,3436.6,1761.1,4088.7,7785.6,3405.0,1823.8,480.3
2026-10-07 23:00:00,817.6,405.6,1074.3,182.1,704.0,439.4,91.7,13.5,326.8,16.0,220.2,2065.4,4542.2,2564.1,1506.7,1802.4,166.3,61.5,987.7,1427.3,517.4,1141.0,5180.1,5104.4,3189.4,1616.3,4284.5,5669.9,2963.4,2481.1,1776.3,3209.2,1039.3,3486.4,1136.2,3486.3,1744.7,4024.9,7628.7,3411.8,1764.8,479.0
2026-10-07 23:15:00,805.3,398.2,1059.6,200.9,688.3,440.2,93.7,14.7,324.9,16.0,211.6,2040.4,4668.5,2578.1,1527.8,1796.0,166.3,61.6,999.0,1413.8,517.2,868.0,5169.9,5038.5,3145.6,1611.1,4250.8,5114.3,2953.7,2469.1,1768.3,3273.4,1044.6,3476.9,1130.1,3472.5,1728.3,4000.5,7548.2,3417.8,1741.9,486.8
2026-10-07 23:30:00,797.4,396.5,1042.3,220.2,674.7,442.3,94.2,10.9,307.5,16.0,213.8,2062.9,4677.1,2414.5,1570.3,1812.8,168.3,61.7,1001.0,1399.1,515.2,805.9,5131.0,4989.8,3100.8,1514.6,4222.6,4771.8,2948.1,2462.6,1752.1,3261.4,1034.4,3488.9,1122.8,3456.3,1708.6,3973.4,7475.5,3443.9,1718.6,492.8
2026-10-07 23:45:00,787.7,399.0,1030.7,241.1,663.9,441.5,94.2,0.9,305.9,16.0,202.1,2042.7,4697.2,2237.4,1570.0,1825.7,165.6,61.8,1004.0,1316.5,526.7,657.8,5108.5,4936.9,3064.3,1483.5,4190.8,4126.0,2941.3,2411.9,1749.6,3226.1,1020.9,3460.0,1115.0,3437.6,1687.5,3943.7,7354.5,3439.6,1686.7,493.0
2026-10-08 00:00:00,785.4,477.8,982.4,458.3,649.0,238.5,38.0,25.2,287.5,92.2,385.6,2022.9,4452.3,2277.3,1255.3,1751.0,11.1,149.1,961.4,1331.1,439.8,1130.2,5154.6,4773.6,2996.5,1290.3,4145.2,4944.5,2921.8,2467.5,1747.8,3352.1,1035.2,3820.2,1081.2,2837.2,1681.5,4292.6,7122.3,3490.6,1636.1,522.5
2026-10-08 00:15:00,774.7,394.8,969.9,476.4,644.8,238.6,38.4,23.4,281.7,62.3,414.8,2030.6,4601.9,2266.5,1287.2,1666.8,11.1,124.8,990.2,1284.8,441.0,901.4,5151.2,4725.1,2962.4,1417.2,4126.7,4990.4,2914.6,2487.0,1743.0,3408.6,1025.3,3646.0,1074.8,2826.2,1666.8,4308.5,7052.0,3558.4,1618.6,546.6
2026-10-08 00:30:00,772.9,377.6,957.8,299.3,639.3,238.5,38.4,24.4,291.2,38.1,478.2,2039.3,4576.3,2225.6,1377.2,1637.2,11.1,125.3,998.8,1259.1,440.5,552.4,5118.2,4685.4,2933.7,1201.2,4108.7,4642.7,2908.2,2512.1,1743.6,3415.8,1017.1,3637.9,1069.4,2817.3,1653.7,4283.9,6979.0,3555.2,1609.1,541.0
2026-10-08 00:45:00,777.9,372.8,948.7,332.3,635.7,238.9,38.4,25.7,316.7,38.1,490.9,2045.3,4576.0,2199.4,1463.3,1620.4,11.1,125.5,1002.2,1188.5,448.8,535.7,5106.8,4632.1,2904.9,1194.2,4095.1,4416.2,2900.2,2549.1,1739.3,3421.4,1008.3,3590.0,1059.4,2810.2,1638.9,4260.2,6942.9,3575.8,1599.0,525.1
2026-10-08 01:00:00,792.3,375.4,934.6,361.3,620.7,242.4,45.4,27.3,271.4,39.0,436.2,1990.9,4629.1,2320.6,1496.5,1645.8,0.0,125.0,984.6,1203.1,440.7,543.6,5051.0,4571.3,2907.2,1309.7,3886.0,4815.7,2883.7,2412.0,1712.1,3255.7,993.2,3281.3,1061.5,3107.7,1557.5,4137.6,6857.5,3599.5,1566.6,522.9
2026-10-08 01:15:00,790.6,370.9,927.0,381.5,615.1,247.2,45.4,31.2,264.8,16.4,437.5,1995.3,4633.8,2349.1,1474.7,1643.8,0.1,144.2,986.4,1137.4,440.9,526.5,5057.5,4518.1,2892.8,1275.7,3940.2,4673.3,2879.1,2457.2,1708.9,3329.1,989.8,3230.5,1054.3,3095.7,1547.2,4145.0,6827.0,3611.1,1558.3,519.9
2026-10-08 01:30:00,791.7,354.0,917.9,402.7,610.5,254.3,45.4,30.9,265.1,17.9,446.9,1997.0,4621.4,2407.1,1455.9,1656.1,0.1,143.4,989.7,1030.9,441.2,509.8,5027.8,4479.0,2871.5,1257.2,3930.2,4500.5,2874.8,2473.0,1707.4,3378.3,980.4,3183.5,1059.1,3084.4,1544.1,4135.4,6801.2,3627.1,1560.6,520.8
2026-10-08 01:45:00,787.0,353.9,911.6,413.8,608.7,260.3,46.9,31.4,297.0,13.6,472.6,2001.1,4685.9,2465.9,1434.4,1652.0,0.1,142.7,993.5,1013.9,451.0,500.1,5032.1,4486.8,2855.5,1240.9,3920.8,4340.9,2869.1,2517.0,1710.9,3375.6,976.3,2798.7,1058.3,3071.4,1545.8,4143.2,6841.8,3654.4,1559.2,522.9
2026-10-08 02:00:00,778.3,359.1,1000.3,447.9,642.4,265.8,47.4,34.5,261.2,4.5,503.3,1992.6,4645.4,2526.1,1477.0,1665.4,0.0,153.1,980.6,972.1,433.7,476.1,4921.8,4450.7,2779.8,1224.9,3800.3,4191.3,2858.1,2341.9,1714.6,3296.3,964.9,2617.7,1056.2,3258.2,1539.7,4098.2,6748.6,3713.8,1545.9,525.4
2026-10-08 02:15:00,765.3,356.8,999.4,461.3,651.5,273.4,47.0,35.3,278.7,4.5,511.3,1998.1,5251.5,2554.7,1453.4,1660.9,0.0,150.2,985.6,971.8,432.2,469.5,4908.7,4403.4,2772.0,1229.7,3780.7,4091.1,2854.3,2394.9,1697.6,3330.9,961.9,2570.8,1055.1,3242.9,1540.6,4095.0,6727.9,3724.6,1551.0,523.4
2026-10-08 02:30:00,779.2,356.7,993.3,489.7,659.5,280.7,49.8,36.2,358.2,4.5,515.8,2004.5,6109.8,2593.1,1428.0,1658.6,0.0,150.7,988.2,985.4,430.7,459.1,4903.4,4387.4,2771.2,1232.0,3822.7,4174.1,2850.5,2433.2,1697.9,3349.1,957.6,2640.3,1048.2,3225.5,1546.3,4091.2,6717.2,3745.0,1544.6,524.8
2026-10-08 02:45:00,777.5,356.9,991.3,514.7,659.2,288.1,49.7,36.6,355.7,4.6,536.4,2010.9,6302.9,2662.2,1392.9,1666.2,0.0,149.7,991.3,1007.6,434.2,457.3,4911.1,4348.0,2759.4,1234.8,3816.9,4323.8,2847.8,2460.1,1696.3,3355.7,955.5,2706.8,1049.8,3206.5,1552.1,4089.5,6687.8,3779.1,1546.1,523.3
2026-10-08 03:00:00,777.4,358.3,997.5,553.0,663.3,351.5,41.0,30.6,430.4,4.5,674.4,2024.6,6358.0,2868.9,1383.9,1650.5,0.0,201.3,968.8,1185.4,419.2,450.0,4891.4,4439.6,2785.1,1197.9,3887.6,4225.7,2849.8,2369.8,1720.5,3336.5,947.1,2646.1,1051.0,3357.8,1564.2,4121.8,6796.7,3940.3,1554.9,512.8
2026-10-08 03:15:00,778.5,368.5,1001.1,567.0,669.7,359.5,44.0,30.5,427.1,4.5,677.8,2029.4,6465.4,2886.3,1427.7,1650.8,0.0,201.9,969.9,1241.8,418.0,432.3,4890.1,4443.4,2782.8,1202.1,3883.8,4054.7,2849.2,2458.6,1718.4,3358.8,946.6,2565.1,1053.3,3337.3,1572.3,4127.2,6877.1,3957.3,1545.9,509.7
2026-10-08 03:30:00,774.8,364.6,1005.4,591.5,676.7,366.6,43.7,31.4,423.1,7.5,668.2,2033.1,6441.1,2894.6,1407.6,1653.4,0.0,202.4,970.9,1268.5,416.8,417.9,4919.2,4412.8,2777.4,1208.2,3874.6,4055.0,2846.8,2506.7,1717.2,3370.3,945.3,2629.8,1053.7,3317.7,1573.0,4128.0,6853.9,3972.9,1556.3,509.2
2026-10-08 03:45:00,767.5,368.3,1007.1,620.3,687.9,371.1,43.7,31.6,426.2,8.5,672.2,2036.2,6315.6,2929.2,1453.7,1657.6,0.0,202.6,969.9,1278.3,425.6,410.9,4929.7,4381.2,2780.3,1216.0,3875.9,4140.4,2848.3,2588.6,1703.8,3383.5,943.8,2715.5,1054.9,3297.8,1571.4,4149.2,6850.2,4007.6,1550.5,508.1
2026-10-08 04:00:00,788.8,378.7,1034.1,654.9,703.5,376.3,44.7,21.3,343.5,0.0,719.4,2047.0,6533.3,3267.0,1431.4,1647.0,0.0,188.8,976.0,1314.5,416.1,383.3,5060.2,4311.2,2781.8,1247.3,3923.2,4210.7,2849.1,2499.7,1704.7,3282.3,945.9,2649.8,1061.4,3687.8,1584.7,4225.4,6849.3,4035.7,1535.3,512.6
2026-10-08 04:15:00,797.9,388.4,1055.2,677.8,703.3,379.2,44.7,21.9,375.5,0.0,715.9,2048.7,6458.0,3309.9,1470.0,1650.9,0.0,188.5,973.6,1344.3,404.8,377.1,5083.2,4287.7,2789.4,1252.4,3924.8,4189.4,2852.7,2547.7,1726.8,3322.8,946.9,2653.5,1064.7,3671.5,1587.4,4249.5,6803.4,4043.2,1547.0,508.3
2026-10-08 04:30:00,811.7,383.7,1081.3,701.6,714.0,383.0,42.0,21.4,381.3,0.0,708.4,2049.1,6223.5,3379.5,1407.5,1654.8,0.0,168.4,969.6,1386.8,402.6,358.1,5139.1,4276.7,2793.0,1258.6,3929.7,4076.3,2852.8,2673.5,1722.6,3344.4,948.2,2583.4,1069.0,3651.0,1596.1,4250.6,6780.9,4091.3,1586.2,506.1
2026-10-08 04:45:00,833.0,391.4,1121.2,722.5,730.6,387.5,42.0,19.8,389.0,0.0,681.0,2049.6,6326.7,3475.8,1434.7,1654.8,0.0,168.1,958.4,1416.9,402.1,348.7,5201.7,4293.9,2808.6,1266.3,3940.0,4221.7,2853.5,2697.0,1722.8,3362.6,947.6,2563.6,1074.9,3638.9,1612.1,4254.5,6771.9,4232.0,1597.7,502.2
2026-10-08 05:00:00,858.3,392.2,1107.6,745.7,719.2,392.0,41.4,16.2,366.1,13.8,510.1,2057.1,6602.6,3643.9,1423.8,1666.4,0.0,179.0,964.7,1881.2,420.7,346.2,5544.1,4398.1,2869.6,1275.6,3772.9,4293.2,2851.4,2611.7,1727.2,3259.6,958.7,2757.4,1085.2,4063.4,1646.2,4360.2,6729.3,4154.1,1648.7,502.0
2026-10-08 05:15:00,880.6,396.5,1163.1,760.0,746.3,392.8,41.4,17.5,345.1,3.6,553.7,2054.2,6456.9,3705.1,1419.0,1657.1,16.1,155.3,963.1,1908.0,416.1,337.0,5632.3,4395.6,2909.2,1277.0,3794.2,4408.3,2867.9,2530.9,1744.8,3361.7,966.4,3115.1,1094.9,4052.3,1678.8,4363.2,6833.2,4173.2,1679.8,474.7
2026-10-08 05:30:00,909.7,401.0,1207.6,772.0,765.9,395.4,41.4,17.3,343.0,0.0,550.7,2054.9,4869.9,3800.6,1409.0,1651.7,16.9,139.3,964.9,1930.3,423.3,303.2,5705.2,4375.1,2947.1,1284.0,3816.5,4258.1,2875.0,2467.4,1747.3,3433.5,978.6,3367.3,1105.0,4041.7,1713.9,4362.2,6953.8,4206.8,1690.1,461.3
2026-10-08 05:45:00,930.2,415.7,1249.9,990.8,788.0,398.1,41.4,17.9,315.4,0.0,547.5,2049.4,4788.4,3855.4,1367.9,1671.7,17.7,138.3,965.1,1967.3,441.2,288.7,5773.2,4386.5,2997.2,1288.9,3845.8,4505.2,2888.8,2482.4,1753.0,3449.5,992.1,3380.1,1113.2,4031.3,1745.6,4361.7,7076.2,4223.3,1731.6,460.3
2026-10-08 06:00:00,943.7,514.0,1285.3,1024.8,817.2,494.6,14.8,38.0,365.0,8.5,268.8,1991.5,5174.8,4002.9,1418.3,1670.8,143.3,91.3,1075.5,2413.5,482.6,283.7,5943.4,4511.9,3114.0,1299.6,4005.5,4428.9,2923.0,2538.9,1792.4,3548.7,1037.4,3750.4,1143.6,4110.6,1804.7,4465.0,7474.6,4188.5,1905.7,471.8
2026-10-08 06:15:00,949.7,538.5,1308.4,1039.1,840.2,503.9,12.0,37.7,349.1,11.8,227.5,1990.2,4975.0,4092.6,1444.2,1681.8,143.5,111.4,1065.2,2643.1,460.8,437.3,5964.4,4499.8,3178.3,1300.9,3965.5,4830.3,2943.9,2539.1,1800.2,3572.4,1061.8,4198.0,1157.0,4098.3,1843.9,4467.5,7625.8,4238.3,1964.2,471.4
2026-10-08 06:30:00,944.2,554.8,1315.1,1046.4,853.9,515.2,12.0,40.3,368.8,3.0,291.7,1977.0,5061.6,4227.0,1334.8,1689.8,143.6,112.1,1068.0,2833.9,470.8,751.2,5979.7,4526.4,3257.4,1671.3,4005.9,5416.3,2962.8,2524.1,1790.4,3582.7,1071.6,4207.4,1171.6,4088.9,1883.8,4468.4,7822.1,4285.6,2018.1,477.1
2026-10-08 06:45:00,950.2,566.5,1324.0,1053.7,872.1,523.4,12.1,44.1,381.1,24.6,241.8,1976.3,4984.4,4839.6,1207.6,1683.4,143.8,122.6,1078.5,2785.7,486.8,737.6,6014.6,4571.9,3339.3,1677.9,4043.6,5937.7,2993.1,2543.3,1794.3,3603.7,1086.3,4272.8,1182.2,4081.4,1915.4,4476.3,7979.6,4292.7,2080.5,479.1
2026-10-08 07:00:00,964.6,589.3,1344.2,1332.5,888.7,682.1,2.0,34.3,432.4,93.6,278.2,2032.6,5322.7,6089.6,1195.0,1712.5,161.2,62.4,1170.4,2807.4,536.7,739.3,6144.4,4659.4,3537.0,1601.6,4197.2,7067.7,3136.5,2635.7,1815.3,3670.0,1113.4,4329.4,1201.0,4086.7,2032.9,4527.1,8280.7,4478.7,2186.0,472.9
2026-10-08 07:15:00,972.7,606.9,1351.3,1129.1,890.6,694.1,2.0,32.5,452.2,93.1,288.9,2034.6,5355.6,6228.7,1381.7,1892.3,161.2,71.5,1169.1,2782.3,537.1,697.2,6190.8,4700.3,3598.6,1606.6,4231.2,7172.1,3159.1,2652.6,1821.5,3685.3,1133.5,4379.8,1199.3,4076.4,2047.7,4536.8,8386.3,4490.0,2226.9,486.9
2026-10-08 07:30:00,973.3,654.7,1333.1,1119.0,899.3,732.7,2.2,34.5,445.7,94.9,283.5,2026.5,5382.6,6367.4,1425.8,1950.5,161.1,70.1,1171.5,2833.7,543.8,677.3,6219.5,4724.1,3639.7,1637.2,4255.2,7187.1,3172.6,2662.4,1825.7,3697.5,1145.6,4397.3,1202.4,4063.4,2050.1,4545.5,8460.9,4500.7,2244.3,491.4
2026-10-08 07:45:00,979.7,627.9,1294.3,1126.5,909.9,762.3,2.0,34.7,460.3,108.3,275.4,2023.7,5412.2,6334.9,1469.2,1998.1,168.0,71.4,1188.9,2755.2,569.8,654.7,6243.1,4723.2,3683.1,1621.2,4267.6,7172.3,3196.7,2687.1,1829.2,3723.4,1152.7,4418.7,1202.1,4049.5,2052.8,4551.9,8522.2,4533.9,2270.4,480.4
2026-10-08 08:00:00,971.9,673.5,1235.7,1113.5,907.8,652.0,42.9,23.9,497.0,167.1,266.6,2039.1,5207.1,6281.7,1668.8,2046.9,0.0,162.0,1219.1,3129.7,566.0,681.3,6264.4,4753.8,3757.4,1882.0,4602.5,7546.8,3217.3,2754.8,1862.0,3575.1,1167.8,4296.0,1186.1,4005.5,2046.9,4542.6,8549.6,4716.6,2281.1,510.8
2026-10-08 08:15:00,968.4,675.5,1175.6,1094.2,908.6,702.0,42.8,12.3,503.8,174.2,268.8,2034.6,5480.2,6534.1,1693.1,2039.5,0.0,134.6,1206.9,3134.2,568.2,652.4,6284.0,4747.1,3785.7,1885.9,4602.1,7590.5,3225.3,2790.8,1865.1,3572.4,1171.0,4286.9,1189.1,3985.3,2041.1,4550.2,8568.4,4747.7,2297.3,459.6
2026-10-08 08:30:00,970.5,673.3,1098.4,1075.6,899.4,750.9,42.8,8.8,508.6,169.3,287.7,2032.3,5480.8,6653.6,1696.0,2046.8,53.2,147.1,1194.3,3122.1,570.3,628.5,6301.0,4718.1,3803.9,1970.6,4599.5,7591.1,3227.4,2815.7,1867.4,3570.0,1178.7,4280.6,1194.1,3962.5,2039.0,4559.1,8578.4,4654.0,2299.9,445.3
2026-10-08 08:45:00,954.0,685.6,1011.3,1051.4,893.8,802.0,43.6,7.6,508.2,143.5,302.8,2040.7,5517.0,6495.0,1700.3,1992.0,1.7,148.2,1202.0,3124.7,597.9,610.2,6292.3,4697.3,3823.5,1987.7,4602.8,7623.0,3234.7,2845.9,1869.3,3567.5,1184.9,4281.1,1198.4,3936.6,2037.6,4567.9,8588.9,4574.0,2308.4,436.9
2026-10-08 09:00:00,937.1,728.2,914.2,1026.0,882.8,759.1,99.0,18.3,501.1,123.6,337.6,1952.3,5570.6,6807.1,1660.4,2000.1,169.3,92.3,1342.2,2982.8,570.4,601.0,6236.0,4541.3,3844.3,1915.7,4655.1,7288.3,3246.2,2997.3,1862.2,3596.5,1183.1,4114.0,1194.7,3899.5,2036.4,4574.7,8597.1,4614.1,2299.6,410.1
2026-10-08 09:15:00,928.9,733.3,840.1,978.6,879.7,803.0,99.1,17.2,489.9,110.6,368.7,1961.6,5659.8,6774.2,1600.7,1923.7,172.0,98.2,1328.7,2954.3,568.3,568.7,6235.6,4474.8,3858.6,1916.0,4642.1,7075.2,3247.0,3022.7,1861.5,3594.4,1179.8,4110.5,1194.4,3870.8,2034.1,4579.7,8598.8,4490.6,2298.6,392.8
2026-10-08 09:30:00,918.0,722.3,749.8,774.5,871.9,844.8,100.5,17.9,474.7,53.4,378.7,1975.5,5676.4,6455.7,1555.9,1925.6,147.7,95.8,1320.5,2965.7,566.3,561.3,6244.0,4412.0,3860.9,1830.2,4645.8,6880.6,3247.5,3043.4,1858.9,3592.7,1176.6,4110.8,1198.6,3846.0,2030.0,4588.3,8599.2,4483.7,2293.0,365.4
2026-10-08 09:45:00,908.8,713.8,707.0,764.1,864.6,885.7,100.7,18.7,481.2,8.3,354.4,1994.1,5797.2,5196.8,1479.6,1940.4,150.5,106.5,1386.3,2841.0,591.8,536.1,6264.8,4359.4,3872.2,1740.8,4631.3,6229.4,3247.4,3081.7,1859.7,3591.4,1159.2,4092.0,1217.6,3837.5,2028.7,4596.6,8596.4,4426.2,2293.5,356.8
2026-10-08 10:00:00,897.2,736.1,664.7,645.5,858.2,888.1,186.4,23.6,448.9,40.4,364.6,2006.1,5720.9,5587.0,1352.5,1829.3,152.4,58.9,1231.6,2528.7,608.5,534.4,6264.0,4295.3,3882.0,1837.0,4740.3,6077.9,3251.1,3162.0,1830.2,3586.4,1201.0,3952.6,1197.7,3822.4,2017.0,4604.5,8620.8,4398.6,2320.2,343.0
2026-10-08 10:15:00,886.6,722.2,625.1,677.4,849.1,921.7,186.7,22.8,425.8,1.6,438.4,2018.2,5819.9,5416.1,1490.7,1847.7,147.1,59.2,1229.0,2406.4,609.6,511.8,6272.0,4219.2,3885.6,1824.1,4729.6,5366.0,3248.6,3178.8,1833.7,3585.5,1174.6,3913.3,1202.0,3816.8,2021.1,4621.7,8649.2,4303.7,2319.7,315.3
2026-10-08 10:30:00,875.8,731.6,582.3,695.7,841.5,944.0,187.2,26.1,431.0,1.9,449.1,2046.2,5835.6,5473.8,1561.9,1903.7,128.5,78.5,1202.8,2365.3,688.4,122.2,6201.0,4096.8,3890.5,1655.5,4796.3,4864.6,3245.4,3172.0,1829.7,3585.4,1145.6,3909.8,1208.2,3810.5,2015.8,4638.7,8626.4,4251.0,2321.1,306.8
2026-10-08 10:45:00,863.9,738.6,552.4,721.4,831.8,968.9,198.8,25.4,454.7,5.7,468.0,2065.8,5870.0,5586.3,1550.6,1953.1,149.1,57.6,1190.0,2266.8,721.2,133.6,6204.7,4071.4,3892.2,1444.2,4776.6,4388.3,3248.4,3171.9,1826.7,3584.2,1159.3,3919.7,1204.1,3805.7,2011.7,4655.1,8628.8,4230.8,2341.2,296.2
2026-10-08 11:00:00,852.1,755.1,521.3,729.2,815.0,900.4,193.5,35.6,403.3,45.4,451.5,2092.4,5924.8,5862.7,1650.9,1990.9,24.7,133.3,1344.9,2412.1,660.8,146.5,6272.6,4123.4,4032.5,1555.0,4773.9,4097.2,3233.2,3173.9,1835.7,3602.3,1175.1,3971.2,1201.6,3799.9,2005.3,4649.7,8658.6,4175.4,2357.8,267.1
2026-10-08 11:15:00,848.7,755.4,501.8,754.5,806.3,909.9,193.7,36.3,393.6,53.6,482.3,2103.8,5992.3,5838.7,1622.8,2025.6,23.6,137.6,1332.5,2330.9,644.0,126.6,6174.5,4027.4,4038.6,1560.5,4748.8,3955.7,3230.7,3175.5,1834.9,3601.0,1139.6,3914.0,1204.0,3797.9,2001.8,4669.5,8644.8,4165.7,2369.2,253.8
2026-10-08 11:30:00,851.1,743.2,488.4,776.2,805.9,927.1,205.4,37.1,368.1,58.0,446.3,2122.7,5969.7,6149.4,1595.3,2067.6,22.6,187.5,1321.2,2376.0,635.5,138.6,6156.6,4016.1,4041.0,1480.4,4720.9,3573.0,3223.2,3175.3,1837.7,3599.8,1153.2,3698.2,1204.8,3795.7,1994.3,4687.6,8641.3,4149.2,2366.2,241.8
2026-10-08 11:45:00,861.3,741.8,484.4,789.3,809.0,936.6,205.1,35.8,360.1,19.9,448.5,2133.7,6108.0,6077.9,1580.4,2094.3,21.5,221.0,1320.8,2429.3,632.5,171.9,6157.8,4006.1,4050.6,1480.9,4697.6,3387.6,3219.3,3171.3,1838.7,3598.6,1145.6,3442.9,1205.4,3793.4,1983.5,4705.9,8644.8,4137.7,2372.6,236.5
2026-10-08 12:00:00,868.9,733.7,504.7,798.3,821.5,840.0,130.8,16.3,367.4,25.8,414.6,2143.9,6393.4,6168.1,1808.6,2089.2,20.5,216.1,1417.2,2112.1,606.7,136.5,6180.1,3909.9,4050.0,1472.5,4709.7,3279.1,3177.9,2993.1,1810.9,3609.8,1136.9,3163.8,1203.9,3814.0,1971.7,4656.3,8636.9,4087.1,2370.4,226.4
2026-10-08 12:15:00,864.0,727.2,507.6,810.1,819.7,837.3,143.4,15.7,352.0,29.5,414.2,2151.8,6506.6,6359.5,1720.0,2112.8,20.1,212.6,1415.7,2131.4,580.2,175.0,6174.5,3908.6,4048.4,1472.6,4693.9,3121.4,3175.4,2965.8,1811.0,3609.4,1124.8,3047.2,1203.3,3812.9,1961.2,4680.1,8618.1,4079.8,2369.1,229.6
2026-10-08 12:30:00,861.1,726.1,511.1,813.2,817.8,831.4,143.9,17.9,376.9,30.2,415.0,2161.5,6777.4,6613.5,1697.6,2119.7,19.6,212.2,1414.4,2170.4,572.8,216.2,6158.9,3901.6,4047.4,1474.0,4691.3,3082.8,3169.5,2947.8,1808.7,3609.2,1118.6,2862.5,1202.5,3811.7,1953.8,4704.8,8650.8,4072.3,2382.5,232.1
2026-10-08 12:45:00,852.0,728.7,510.9,814.3,817.0,825.2,144.6,15.7,405.8,31.0,426.8,2160.0,7678.5,6697.1,1681.0,2139.0,19.2,175.8,1409.1,2279.1,575.5,261.7,6142.0,3895.6,4049.7,1474.3,4683.0,3109.3,3171.5,2950.8,1813.6,3609.3,1114.5,2882.4,1203.6,3810.3,1949.8,4728.6,8681.5,4065.8,2387.5,226.4
2026-10-08 13:00:00,838.8,734.1,604.8,811.0,839.3,814.1,114.2,17.6,402.1,20.1,489.1,2170.4,7348.6,6700.2,1968.6,2094.7,54.6,89.1,1263.3,2247.4,556.2,278.7,6100.1,3848.3,4013.0,1501.0,4815.3,3109.3,3104.1,2899.8,1802.2,3616.0,1099.5,2860.7,1196.3,3802.7,1945.2,4727.9,8741.0,4120.3,2405.7,218.0
2026-10-08 13:15:00,841.4,741.1,623.4,798.1,844.1,801.3,111.3,16.4,404.4,20.1,478.0,2170.9,7434.8,6594.6,1944.1,2081.4,56.2,107.7,1257.3,2301.3,547.4,318.3,6095.3,3847.0,4015.8,1501.2,4816.9,3121.3,3101.3,2899.0,1801.9,3614.9,1100.2,2844.9,1198.4,3802.0,1945.5,4753.6,8795.7,4113.8,2410.4,212.4
2026-10-08 13:30:00,843.8,738.9,643.3,783.6,852.7,784.3,105.4,13.6,401.7,20.1,470.1,2179.6,7519.0,6625.6,2011.1,2090.5,75.4,101.5,1250.0,2361.2,540.0,365.3,6137.3,3855.8,4013.3,1497.0,4807.4,3109.4,3096.5,2901.8,1801.1,3613.9,1098.2,2760.8,1201.4,3801.3,1948.4,4780.4,8832.6,4109.2,2422.8,209.4
2026-10-08 13:45:00,866.3,737.3,669.1,759.6,851.7,770.3,105.3,10.9,391.8,20.1,461.2,2180.4,7554.5,6627.8,2040.8,2081.2,77.7,89.1,1266.1,2353.0,528.5,406.5,6134.5,3870.6,4014.4,1497.3,4812.1,3086.2,3097.3,2919.3,1813.3,3612.8,1092.5,2669.8,1199.2,3800.7,1958.7,4808.4,8822.3,4103.8,2417.4,207.6
2026-10-08 14:00:00,868.7,730.1,723.4,755.6,852.2,736.7,88.8,20.2,364.3,36.3,465.3,2174.6,7200.0,6627.4,1976.4,2058.9,61.1,95.8,1439.7,2387.7,539.5,475.5,6088.7,3852.4,4024.8,1510.9,4636.4,2961.3,3088.5,2977.3,1831.5,3812.1,1095.2,2988.0,1196.1,3726.5,1972.1,4845.6,8906.6,4069.2,2417.7,207.0
2026-10-08 14:15:00,874.3,726.9,773.2,721.7,860.8,698.2,74.6,27.1,370.9,36.4,466.5,2171.6,7396.3,6906.1,1998.3,2056.8,60.6,101.5,1435.6,2398.8,528.3,523.6,6082.8,3860.7,4026.6,1512.4,4639.8,2992.5,3091.1,2979.6,1836.1,3819.1,1095.2,3044.8,1194.9,3726.2,1978.6,4881.0,8896.9,4068.5,2416.0,210.0
2026-10-08 14:30:00,865.1,725.0,837.7,707.0,866.4,654.2,74.5,28.5,359.1,23.9,471.9,2165.3,7118.8,6936.8,2007.5,2051.6,60.0,101.5,1425.7,2404.1,527.3,575.2,6074.2,3877.6,4028.5,1512.5,4627.8,2997.1,3090.0,2988.5,1832.5,3811.0,1093.3,3028.2,1195.5,3725.3,1980.2,4915.8,8828.1,4065.7,2413.0,214.3
2026-10-08 14:45:00,873.8,711.7,893.0,688.9,872.2,606.3,74.3,29.1,352.4,24.5,471.5,2161.6,7333.3,7059.8,2022.5,2045.5,71.8,81.8,1415.5,2415.2,543.2,632.7,6072.4,3897.2,4034.1,1513.0,4632.4,2994.4,3092.1,2993.6,1832.7,3810.5,1098.0,2973.0,1194.5,3724.5,1980.9,4956.2,8807.4,4064.2,2408.9,220.3
2026-10-08 15:00:00,876.3,691.1,945.4,677.5,864.4,640.4,94.8,29.3,335.7,46.7,492.2,2151.1,7371.9,7111.3,1762.6,1983.5,185.5,0.4,1298.0,2489.5,539.6,684.6,6156.6,4005.4,4008.4,1507.6,4594.7,2992.0,3083.5,2962.1,1832.5,3788.3,1100.7,3100.4,1198.8,3740.0,1990.2,5028.3,8720.4,3984.3,2410.2,231.8
2026-10-08 15:15:00,879.4,673.6,995.7,668.7,870.4,584.3,94.2,27.9,338.6,36.9,505.6,2143.2,7141.8,7187.0,1762.3,2010.8,191.6,0.4,1285.1,2491.3,514.9,721.6,6119.1,4039.2,4011.7,1508.4,4592.8,3178.4,3080.1,2939.5,1835.0,3804.9,1103.4,3180.2,1199.9,3739.5,1991.5,5063.9,8677.1,3990.6,2443.4,243.1
2026-10-08 15:30:00,887.4,652.0,1061.4,679.6,869.7,528.3,92.9,27.5,324.7,32.1,520.7,2141.3,7111.6,7217.6,1812.5,1984.7,178.0,0.4,1249.8,2521.9,526.5,751.8,6072.8,4072.5,4017.4,1510.4,4605.6,3253.8,3080.9,2936.4,1838.8,3809.1,1115.3,3215.5,1199.9,3738.6,1992.8,5102.2,8667.4,3999.5,2436.5,254.4
2026-10-08 15:45:00,899.2,657.0,1116.9,706.6,874.7,469.1,92.0,31.5,297.7,29.6,512.1,2129.9,6058.1,7222.7,1836.4,1935.8,176.8,0.4,1254.9,2527.4,531.1,786.8,6066.2,4120.1,4029.8,1518.4,4617.9,3302.3,3093.6,2959.2,1837.1,3800.4,1114.3,3277.6,1200.8,3737.5,1990.8,5137.6,8673.5,4005.1,2426.4,265.8
2026-10-08 16:00:00,905.8,601.7,1086.1,732.9,856.5,503.4,75.0,35.4,347.5,2.3,438.0,2103.3,6231.0,7199.6,1635.9,1944.9,0.0,104.3,1195.7,2819.1,543.6,824.7,6119.4,4291.3,4062.0,1505.6,4745.3,3620.5,3087.2,2654.0,1848.8,3772.1,1119.1,3286.0,1207.8,3722.7,1995.5,5225.0,8673.4,4065.2,2335.4,299.6
2026-10-08 16:15:00,922.6,582.1,1155.9,750.9,864.2,456.9,72.0,37.1,330.8,19.6,419.5,2088.8,6011.8,7109.7,1660.4,1927.1,0.7,81.5,1154.0,2816.9,539.4,849.6,6157.7,4440.2,4075.4,1506.4,4764.6,3611.1,3093.3,2671.6,1846.3,3763.8,1125.6,3231.8,1210.4,3722.4,1994.2,5279.4,8672.7,4048.1,2301.3,308.7
2026-10-08 16:30:00,929.9,591.3,1198.5,788.4,872.6,417.8,72.0,43.4,325.7,15.0,365.7,2068.3,6047.5,7046.6,1727.2,1867.2,1.8,82.1,1171.2,2806.8,536.7,869.8,6153.0,4490.9,4074.7,1505.6,4767.1,3784.1,3095.9,2691.1,1846.4,3757.9,1135.3,3343.2,1213.6,3721.2,1987.4,5323.4,8683.2,4089.6,2264.7,323.6
2026-10-08 16:45:00,937.3,596.2,1233.4,823.1,876.5,405.8,72.0,45.1,342.5,12.3,322.4,2052.4,5337.4,6738.3,1880.1,1812.6,0.0,94.6,1195.2,2876.0,557.7,918.8,6146.3,4612.8,4090.5,1503.6,4750.8,3974.2,3098.4,2713.8,1850.3,3754.9,1125.1,3511.6,1216.5,3721.3,1977.7,5367.9,8713.2,4113.3,2252.0,341.7
2026-10-08 17:00:00,951.3,571.8,1268.7,955.5,892.0,575.4,56.0,75.9,396.7,20.5,309.5,2011.3,5568.9,6428.0,1803.2,1786.6,216.1,40.0,1504.0,3493.5,617.9,951.3,6181.9,4664.2,3966.4,1544.1,4674.0,4360.6,3099.5,2686.8,1853.7,3760.9,1144.6,3463.4,1223.3,3646.0,1975.1,5391.9,8764.0,4209.1,2233.2,478.2
2026-10-08 17:15:00,974.3,583.0,1298.9,1011.1,896.5,578.8,56.1,76.3,407.9,15.0,308.3,1985.1,5444.1,6510.5,1909.6,1715.4,188.2,40.2,1514.3,3701.2,570.0,959.0,6204.9,4680.9,3965.5,1561.8,4681.5,4568.2,3098.8,2605.9,1853.6,3751.5,1148.6,3909.3,1225.0,3646.3,1967.2,5428.3,8809.5,4275.6,2221.2,496.8
2026-10-08 17:30:00,979.8,648.8,1306.8,1256.1,909.0,581.2,56.0,77.7,433.0,11.0,302.2,1948.2,5423.6,6398.4,1909.6,1680.1,190.9,40.1,1535.1,3932.1,580.3,1473.0,6198.8,4728.4,3959.3,1666.5,4690.9,4769.7,3097.2,2742.3,1863.2,3737.2,1155.3,3903.6,1226.0,3646.7,1971.5,5490.6,8848.5,4263.9,2211.4,514.7
2026-10-08 17:45:00,993.3,655.0,1326.5,1306.4,901.5,590.8,56.0,92.4,410.8,23.6,279.5,1916.9,5425.1,6456.3,1879.7,1656.5,194.6,40.1,1551.8,3984.5,580.7,1493.0,6221.9,4778.7,3971.7,1924.0,4698.3,5214.6,3097.9,2741.8,1862.0,3720.1,1161.5,3821.6,1227.7,3647.1,1982.0,5516.7,8894.4,4351.8,2203.2,535.1
2026-10-08 18:00:00,1004.5,678.2,1361.8,1395.9,915.0,672.3,73.3,64.1,439.2,10.5,274.6,1886.3,5561.1,7169.0,1855.0,1629.8,235.2,40.0,1740.3,3742.7,647.1,1503.9,6319.8,4835.9,3971.5,1652.0,4777.6,5417.7,3115.1,2772.8,1880.3,3731.2,1161.5,3825.9,1232.7,3635.2,2010.8,5610.0,8935.1,4481.3,2169.5,607.8
2026-10-08 18:15:00,1005.4,646.6,1387.9,1426.3,920.5,666.6,72.1,73.8,427.7,30.6,278.9,1857.9,5181.9,7073.1,2038.9,1755.9,234.2,40.1,1722.3,3742.1,630.9,1506.7,6319.4,4842.4,3971.2,1651.8,4789.7,6102.0,3122.3,2724.3,1877.2,3728.8,1148.0,3868.1,1234.3,3635.9,2016.3,5639.2,8942.4,4520.4,2154.6,632.5
2026-10-08 18:30:00,1008.9,658.0,1398.2,1461.5,922.5,657.4,72.2,84.0,403.4,94.5,309.1,1849.8,4792.3,7095.1,2029.0,1833.7,233.4,40.1,1706.7,3637.6,652.4,1511.7,6243.4,4765.9,3971.8,1651.9,4803.0,5951.2,3126.0,2618.8,1876.9,3712.4,1159.8,3967.6,1238.7,3636.3,2015.3,5670.3,8956.3,4642.0,2140.5,647.5
2026-10-08 18:45:00,1008.8,607.6,1393.4,1495.0,914.3,657.9,72.0,84.6,403.0,141.0,222.4,1827.5,4001.3,6587.8,2053.3,1849.8,222.9,40.0,1702.1,3441.5,640.6,1514.2,6244.8,4800.3,3993.7,1653.0,4810.6,5523.4,3132.8,2572.9,1881.3,3707.0,1163.8,4001.6,1238.7,3636.7,2009.2,5700.1,8969.0,4669.5,2125.1,666.1
2026-10-08 19:00:00,1006.9,628.7,1381.6,1526.1,911.7,658.7,62.3,90.2,402.0,135.5,386.6,2010.8,4025.5,6420.9,2036.1,1876.8,211.2,70.4,1641.5,3614.1,607.7,1531.4,6282.2,4834.6,3993.9,1624.6,4827.3,6346.2,3137.5,2665.6,1891.0,3738.4,1181.5,3881.9,1233.3,3431.9,1985.3,5764.9,8915.7,4863.6,2105.9,663.1
2026-10-08 19:15:00,1004.3,600.4,1366.6,1538.9,904.4,659.6,62.3,90.0,395.0,176.6,333.8,2000.8,3986.3,6460.1,2027.9,1879.3,222.4,70.2,1633.2,3591.7,601.1,1532.6,6168.1,4792.1,3987.9,1625.7,4831.9,6131.4,3143.0,2494.3,1891.8,3706.9,1188.4,3991.5,1233.8,3432.6,1968.0,5791.9,8907.2,4842.1,2091.3,679.7
2026-10-08 19:30:00,992.6,553.0,1348.0,1558.5,894.9,658.6,64.0,70.4,392.5,177.5,285.9,2004.2,3989.2,6498.6,1994.8,1870.8,220.9,70.2,1624.0,3576.8,607.5,1534.2,6137.6,4828.5,3983.5,1626.7,4834.3,5392.5,3142.3,2374.0,1898.1,3696.2,1193.3,4062.6,1230.4,3433.4,1958.8,5816.4,8882.1,4725.5,2081.8,698.8
2026-10-08 19:45:00,980.7,538.5,1326.7,1565.7,885.5,646.1,64.0,71.5,388.9,179.2,291.0,1989.9,3960.7,6450.4,1989.7,1922.0,221.9,70.2,1615.0,3590.9,598.8,1533.9,6119.7,4891.1,3968.1,1624.9,4832.7,5086.2,3134.4,2306.2,1895.8,3685.3,1193.4,4087.7,1227.6,3435.8,1947.6,5806.5,8830.5,4655.6,2058.9,712.8
2026-10-08 20:00:00,963.1,524.2,1288.8,1488.8,869.7,439.6,59.4,53.3,385.6,141.7,352.4,1899.9,3662.6,6384.1,1778.8,1743.4,160.8,95.3,1605.8,3294.5,610.8,1520.2,5950.4,4789.0,3929.5,1583.9,4792.5,4610.1,3131.3,2379.2,1878.8,3712.5,1198.3,4082.7,1211.9,3239.1,1865.4,5719.9,8665.7,4703.7,1982.1,745.4
2026-10-08 20:15:00,954.2,519.4,1261.1,1487.5,856.6,439.3,59.4,36.0,395.6,106.2,386.3,1899.0,3966.5,6534.9,1769.7,1712.0,176.2,95.6,1612.6,3309.7,585.2,1223.2,5917.1,4806.4,3910.2,1583.2,4787.1,4606.0,3133.5,2217.3,1884.2,3687.8,1196.9,4110.3,1209.2,3241.0,1852.6,5732.1,8593.4,4715.3,1947.2,767.9
2026-10-08 20:30:00,946.6,511.9,1230.2,1286.4,840.5,440.2,59.4,36.0,376.2,106.6,349.4,1882.7,4456.7,6879.0,1818.0,1655.2,176.5,95.9,1604.1,3338.1,558.6,1219.4,5868.5,4813.9,3887.4,1584.8,4781.6,4734.8,3129.3,2117.4,1887.7,3681.0,1196.8,4209.2,1206.3,3246.4,1840.5,5762.6,8505.6,4738.2,1923.7,790.9
2026-10-08 20:45:00,932.2,506.3,1197.6,1282.2,829.7,439.1,60.5,35.6,371.0,118.9,325.2,1880.7,5078.1,7374.4,1819.0,1691.2,176.9,96.2,1603.8,3245.4,556.6,1144.8,5854.4,4860.5,3872.3,1583.1,4778.5,4594.1,3127.0,1999.6,1885.4,3662.4,1192.7,4097.8,1203.7,3249.0,1826.6,5705.7,8416.1,4738.4,1897.9,810.8
2026-10-08 21:00:00,916.3,522.4,1152.4,1262.7,812.8,348.9,88.2,18.6,379.8,92.4,343.0,1856.7,4906.6,7125.1,1728.8,1590.7,23.5,151.8,1563.5,3274.6,540.0,1051.8,5807.5,4797.3,3797.2,1561.0,4813.1,4569.7,3109.1,2144.2,1862.4,3660.0,1190.1,4147.7,1206.3,2975.2,1720.8,5675.6,8316.6,4868.4,1849.9,832.7
2026-10-08 21:15:00,899.8,516.5,1114.7,1255.7,794.5,348.8,88.2,18.6,368.8,45.0,321.6,1858.9,4925.6,5891.4,1704.7,1577.1,51.1,151.6,1562.2,3350.1,524.4,1228.8,5818.3,4830.6,3767.0,1559.8,4801.8,4510.9,3104.0,2110.3,1868.9,3638.6,1184.1,3920.7,1198.8,2980.1,1704.7,5645.6,8251.7,4917.3,1811.8,840.3
2026-10-08 21:30:00,882.8,520.4,1073.2,1229.3,780.4,348.3,88.2,18.6,355.9,38.8,283.5,1866.7,4922.1,5853.2,1733.3,1570.1,23.0,151.2,1555.3,3058.4,521.7,1047.6,5824.2,4873.4,3742.8,1557.0,4801.7,4213.8,3109.6,2045.7,1870.9,3629.2,1184.1,3516.3,1191.8,2985.1,1689.2,5644.1,8179.1,4845.5,1788.4,857.8
2026-10-08 21:45:00,867.3,517.1,1041.0,1220.7,772.9,347.7,91.5,18.7,353.4,27.6,269.1,1863.9,4932.4,5913.3,1729.2,1546.7,2.7,169.9,1556.9,2946.3,571.0,1047.6,5894.0,4851.2,3719.5,1557.1,4787.2,3925.3,3106.8,2125.0,1871.9,3569.9,1173.9,2983.4,1184.9,2989.9,1679.0,5705.1,8107.8,4722.5,1795.1,861.9
2026-10-08 22:00:00,850.8,512.8,987.0,1203.9,771.2,338.9,29.0,5.5,391.3,16.0,314.4,1892.8,4807.1,5672.2,1619.2,1480.6,122.2,107.7,1622.0,2895.6,549.3,1042.0,5799.9,4713.4,3650.0,1573.0,5003.5,3811.0,3094.0,2331.7,1833.3,3606.7,1198.8,3499.7,1167.3,2423.5,1679.1,5924.8,7996.5,4773.0,1763.0,828.9
2026-10-08 22:15:00,838.7,502.9,989.8,1197.3,769.2,338.8,30.5,2.1,353.4,16.0,302.9,1896.8,4833.1,5649.6,1602.7,1462.6,94.6,109.0,1609.4,2900.8,518.3,1036.3,5778.0,4712.2,3611.9,1566.4,4993.0,3523.4,3087.7,2288.0,1842.7,3481.3,1189.0,3280.3,1157.5,2433.8,1667.3,5971.0,7921.3,4719.1,1730.1,855.0
2026-10-08 22:30:00,823.6,508.4,1189.3,1193.9,750.8,338.6,32.2,2.1,331.9,55.0,251.0,1891.8,4919.4,5637.0,1613.5,1454.2,94.6,120.2,1614.3,2899.2,530.9,1042.4,5744.3,4742.0,3573.7,1569.3,4985.5,3332.2,3077.3,2198.7,1845.3,3410.0,1197.0,2755.3,1145.9,2441.8,1655.6,6007.6,7857.1,4699.8,1706.2,882.5
2026-10-08 22:45:00,811.8,495.4,1173.2,1185.7,733.1,338.6,32.2,2.1,326.5,57.4,228.3,1896.1,4999.4,5611.4,1597.5,1445.6,94.6,106.6,1608.7,2895.1,532.4,1044.2,5707.2,4769.8,3544.3,1566.8,4967.0,3267.1,3072.0,2148.5,1862.3,3164.9,1187.3,2632.0,1135.4,2450.2,1642.9,6014.1,7792.3,4703.3,1676.4,912.5
2026-10-08 23:00:00,808.4,531.2,1153.8,1171.1,714.5,337.2,17.7,12.4,321.9,81.7,268.2,1889.6,4803.0,5626.3,1487.2,1326.7,2.6,189.9,1565.5,2834.3,501.4,1038.4,5540.2,4614.3,3466.2,1562.8,4841.7,3224.9,3041.8,2169.6,1861.0,3368.1,1172.1,2663.6,1124.9,1710.1,1628.0,5832.8,7665.2,4831.2,1628.5,944.6
2026-10-08 23:15:00,797.5,528.3,1141.1,1167.8,701.5,334.4,18.2,2.2,318.3,81.3,261.9,1893.2,4835.1,5557.9,1451.4,1318.5,7.1,190.0,1562.0,2817.2,513.5,1041.0,5554.0,4656.7,3426.5,1566.2,4863.3,3232.9,3032.6,2145.2,1876.6,3300.5,1162.6,2637.7,1108.2,1719.5,1617.9,5785.5,7623.6,4789.8,1623.2,971.1
2026-10-08 23:30:00,824.0,518.3,1346.4,1165.7,682.9,340.1,18.2,2.2,312.5,87.6,263.0,1892.2,4816.5,5529.5,1505.5,1317.8,0.0,195.9,1558.0,2726.6,529.5,1043.6,5511.6,4702.9,3386.2,1566.2,4851.6,3206.9,3019.9,2133.5,1870.6,3119.5,1153.4,2603.5,1092.3,1729.0,1608.2,5880.5,7558.4,4798.2,1604.4,994.9
2026-10-08 23:45:00,868.1,522.3,1549.9,1163.2,672.7,343.2,18.2,1.4,307.1,78.8,250.2,1893.2,4885.9,5523.1,1492.1,1314.9,0.0,216.4,1546.2,2569.7,525.4,1046.2,5470.3,4754.7,3346.7,1566.2,4829.8,3180.3,3012.0,2136.4,1861.2,2989.8,1144.7,2556.4,1078.8,1744.3,1600.7,5915.3,7528.6,4854.8,1596.8,1023.6
