date,EE_buy,EE_sell,LT_buy,LT_sell,LV_buy,LV_sell,AT_buy,AT_sell,BE_buy,BE_sell,FR_buy,FR_sell,GER_buy,GER_sell,NL_buy,NL_sell,PL_buy,PL_sell,DK1_buy,DK1_sell,DK2_buy,DK2_sell,FI_buy,FI_sell,NO1_buy,NO1_sell,NO2_buy,NO2_sell,NO3_buy,NO3_sell,NO4_buy,NO4_sell,NO5_buy,NO5_sell,SE1_buy,SE1_sell,SE2_buy,SE2_sell,SE3_buy,SE3_sell,SE4_buy,SE4_sell
2026-07-27 00:00:00,671.7,162.7,923.5,518.7,596.1,384.7,110.5,33.9,289.8,1.0,364.1,1363.3,2396.3,6382.9,1894.8,1143.2,93.2,102.1,1032.5,1000.3,405.1,454.6,4336.8,5536.6,2037.6,631.5,3996.9,2830.8,2536.5,1579.7,1404.1,2851.0,834.5,1899.8,904.0,1333.2,1214.5,2577.4,5766.7,5199.2,1423.1,163.5
2026-07-27 00:15:00,623.6,161.4,911.2,511.1,589.8,383.9,111.0,29.8,284.1,1.0,341.4,1362.2,2712.0,6438.3,1835.3,1152.1,93.3,102.7,1022.0,1075.0,403.6,457.6,4330.3,5509.9,2026.3,629.1,3986.4,2513.2,2533.1,1578.2,1400.4,2833.2,828.5,1532.8,899.1,1328.1,1225.8,2574.1,5706.6,5187.1,1404.0,166.7
2026-07-27 00:30:00,618.0,155.2,893.3,501.5,583.0,382.7,110.5,29.8,282.6,1.1,321.7,1362.9,2713.7,6446.7,1797.9,1161.9,93.2,103.1,1014.7,1164.0,405.1,466.9,4367.8,5560.5,2011.1,626.6,3969.3,2108.2,2520.9,1577.3,1397.7,2834.9,823.4,1348.4,890.2,1322.6,1231.0,2580.1,5655.6,5165.1,1387.4,161.7
2026-07-27 00:45:00,612.7,160.0,877.7,493.8,576.4,381.9,111.3,29.8,283.1,1.0,301.0,1375.1,2733.8,6447.2,1783.6,1178.9,93.2,103.5,1011.8,1250.1,408.2,476.0,4355.9,5548.7,1993.9,625.3,3956.1,1977.7,2513.0,1579.7,1398.7,2854.9,817.4,1352.1,892.4,1315.9,1233.6,2576.2,5659.7,5154.6,1367.5,169.1
2026-07-27 01:00:00,610.5,154.7,880.5,469.8,571.4,381.2,127.9,1.9,279.5,3.1,336.8,1370.9,2744.3,5998.5,1948.3,1257.7,104.2,46.9,993.5,1408.0,405.3,497.5,4338.1,5547.4,1944.1,609.0,4210.3,2393.1,2439.0,1640.4,1380.7,2809.6,793.3,1432.7,886.7,1429.3,1252.7,2597.4,5569.1,4799.8,1351.3,108.7
2026-07-27 01:15:00,657.5,156.5,879.4,475.0,566.5,380.9,128.7,1.9,277.6,3.0,314.5,1371.0,2745.1,5686.4,1915.6,1254.4,102.3,46.7,990.1,1486.4,406.5,504.6,4323.9,5586.5,1926.0,609.6,4200.5,2371.1,2434.6,1634.2,1378.3,2812.4,788.7,1434.3,883.1,1418.9,1251.2,2602.0,5534.9,4752.1,1329.6,113.2
2026-07-27 01:30:00,647.9,152.9,882.4,479.1,565.8,381.2,128.8,1.9,282.1,3.0,302.9,1368.6,2749.0,5652.8,1886.6,1249.0,100.6,46.8,987.8,1564.3,407.4,520.5,4318.6,5587.0,1910.0,609.4,4276.7,2342.4,2431.0,1630.7,1365.4,2808.5,784.4,1434.6,873.6,1400.0,1243.9,2614.7,5506.2,4735.4,1321.6,117.7
2026-07-27 01:45:00,652.2,152.2,881.8,484.2,575.7,381.5,128.6,1.9,310.2,3.0,285.4,1369.1,2784.1,5642.3,1888.0,1261.1,90.2,63.2,989.2,1643.8,411.8,538.2,4244.2,5524.4,1886.7,609.1,4312.8,2346.8,2423.5,1607.9,1365.7,2814.1,779.3,1419.0,868.7,1377.6,1240.5,2628.9,5466.1,4723.5,1305.9,122.8
2026-07-27 02:00:00,646.2,151.2,879.1,495.5,579.9,381.4,115.3,13.8,319.5,1.0,347.3,1380.4,2775.2,5493.0,2139.9,1281.4,89.1,71.1,1046.0,1995.5,404.3,568.0,4105.2,5397.2,1853.1,597.2,4418.5,2492.6,2388.2,1540.4,1362.6,2789.0,767.0,1451.1,870.2,1515.5,1240.9,2619.1,5479.4,4685.9,1277.6,130.7
2026-07-27 02:15:00,600.3,152.3,873.3,511.8,581.4,381.5,114.8,13.9,333.2,1.0,351.9,1379.3,3041.4,5446.7,2135.8,1282.1,89.1,70.7,1020.8,2050.6,395.1,585.0,4099.9,5390.3,1839.8,597.2,4409.9,2506.7,2429.0,1539.8,1362.5,2771.1,764.1,1432.0,870.7,1493.7,1230.3,2620.1,5455.1,4679.0,1266.4,137.3
2026-07-27 02:30:00,597.9,153.3,868.9,330.9,563.1,381.2,114.8,13.8,367.4,1.0,351.9,1381.1,4142.4,5421.6,2129.7,1280.6,89.1,70.8,1010.4,2129.0,378.8,609.3,4096.8,5401.5,1832.0,599.2,4335.7,2526.7,2383.5,1548.0,1351.1,2790.9,762.2,1457.8,873.9,1474.2,1226.4,2601.1,5412.2,4680.7,1245.0,144.3
2026-07-27 02:45:00,594.9,154.2,863.1,347.2,555.5,381.1,114.7,13.9,362.2,1.0,343.0,1381.7,4159.6,5404.2,2126.0,1285.5,89.1,70.5,1008.0,2199.8,382.8,625.4,4053.1,5369.4,1826.9,599.0,4400.1,2539.4,2380.9,1542.8,1361.3,2809.1,758.8,1446.0,868.1,1457.1,1221.8,2603.2,5389.1,4671.0,1228.7,149.3
2026-07-27 03:00:00,595.9,155.5,861.6,399.6,565.1,380.5,111.4,12.9,371.2,1.0,379.3,1380.3,4129.4,5323.5,2113.1,1266.7,132.3,57.5,997.5,2296.6,364.7,671.4,4004.9,5240.3,1806.6,674.9,4352.2,2768.6,2355.1,1599.5,1354.9,2824.8,754.1,1451.3,870.9,1524.2,1225.5,2636.9,5416.2,4634.2,1263.9,158.8
2026-07-27 03:15:00,588.9,156.1,862.8,394.9,563.2,379.9,107.1,12.9,365.3,1.0,367.2,1377.5,3578.0,5278.7,2106.0,1247.8,130.7,57.9,995.4,2226.6,371.3,682.5,4004.5,5271.0,1800.3,676.1,4371.4,2778.3,2355.5,1589.4,1355.9,2824.5,752.6,1443.7,870.9,1512.9,1216.6,2631.0,5396.2,4622.5,1244.1,166.1
2026-07-27 03:30:00,565.6,156.8,858.2,404.7,551.4,379.2,107.1,12.9,370.4,1.0,384.8,1374.9,3797.0,5258.9,2099.7,1235.9,129.0,57.8,991.4,2250.6,370.8,704.3,4009.5,5336.8,1793.6,677.2,4366.8,2787.4,2353.2,1588.4,1353.0,2811.7,751.1,1441.2,862.8,1503.1,1206.0,2643.7,5373.9,4620.2,1237.1,173.9
2026-07-27 03:45:00,577.4,157.4,853.0,412.5,553.4,378.5,107.1,12.9,347.6,1.0,373.5,1370.5,3842.8,5239.2,2101.5,1233.6,127.4,58.2,992.4,2271.1,367.9,725.5,4007.1,5354.9,1788.5,678.3,4365.4,2797.2,2351.8,1589.0,1340.9,2805.2,748.9,1445.4,859.6,1496.9,1200.5,2644.9,5351.1,4616.9,1229.1,181.3
2026-07-27 04:00:00,598.9,158.4,847.8,401.8,553.7,379.3,105.1,4.9,379.9,1.0,304.1,1370.1,2795.7,5337.6,2029.4,1191.9,79.7,85.5,1105.6,2355.5,354.1,753.1,4068.8,5117.6,1769.8,604.4,4330.0,2854.0,2355.9,1699.6,1344.4,2952.0,755.8,1460.1,868.4,1647.4,1198.4,2594.3,5431.3,4710.8,1165.6,186.8
2026-07-27 04:15:00,604.0,160.2,865.8,391.7,555.3,382.3,105.6,4.9,375.2,1.0,310.7,1367.3,2797.4,5292.0,2026.0,1160.5,79.7,86.3,1103.1,2385.0,353.1,769.5,4085.7,5134.1,1770.9,604.6,4330.2,2863.5,2357.0,1706.7,1344.0,2958.9,751.7,1460.1,860.1,1642.4,1189.7,2595.2,5390.6,4699.6,1159.7,197.6
2026-07-27 04:30:00,572.3,162.3,881.7,391.3,553.5,389.2,105.1,4.9,334.5,1.0,330.4,1363.3,2757.9,5241.4,2025.8,1148.5,79.7,86.8,1100.2,2396.3,353.7,785.2,4123.9,5182.1,1767.6,604.7,4330.5,2874.0,2358.0,1719.5,1344.6,2978.2,753.1,1462.1,856.0,1635.5,1193.0,2611.2,5380.2,4729.7,1158.6,214.5
2026-07-27 04:45:00,594.1,164.2,905.3,390.8,551.2,399.0,105.1,4.9,344.1,1.0,324.8,1361.8,2736.7,5210.8,2023.8,1151.8,79.7,87.9,1091.0,2525.5,337.5,805.9,4162.4,5189.4,1775.7,605.1,4173.5,2931.4,2359.0,1718.1,1346.1,2978.6,750.1,1462.3,859.5,1625.0,1198.3,2616.3,5384.1,4751.8,1164.0,237.1
2026-07-27 05:00:00,596.2,167.6,947.2,401.6,585.2,497.2,112.0,36.3,280.1,3.0,252.6,1302.0,2817.3,5187.6,1798.0,1087.4,111.2,147.7,930.6,2495.7,370.0,789.3,4391.7,4801.2,1788.2,607.3,4336.4,2946.0,2405.6,1469.1,1359.9,2862.8,752.5,1443.7,857.7,2023.8,1188.4,3218.5,5264.2,4614.0,1149.7,261.6
2026-07-27 05:15:00,626.4,168.0,971.8,410.4,592.4,505.5,110.2,36.3,289.9,3.0,246.6,1297.6,2819.9,5101.4,1754.2,1079.6,111.2,151.5,929.9,2601.2,360.9,812.4,4457.2,4810.0,1803.7,606.6,4183.2,3011.5,2410.6,1472.2,1365.8,2876.7,753.1,1461.8,863.2,2012.1,1193.3,3224.1,5260.0,4649.0,1156.3,269.0
2026-07-27 05:30:00,628.9,175.8,978.7,424.2,605.4,526.1,109.8,38.1,297.7,3.0,267.5,1295.1,2844.3,5033.1,1757.0,1068.1,111.2,154.6,928.0,2789.3,350.9,819.7,4513.0,4858.9,1819.6,605.7,4194.1,3094.1,2373.5,1475.5,1364.4,2912.2,756.2,1461.9,862.9,1999.6,1204.4,3234.7,5266.9,4667.7,1152.7,278.7
2026-07-27 05:45:00,636.9,181.0,986.3,437.2,615.5,542.2,110.4,38.1,298.3,3.0,263.2,1291.5,2875.7,5043.5,1744.3,1081.8,111.2,160.4,932.8,2894.2,353.1,830.1,4571.0,4933.9,1828.9,605.0,4203.4,3209.8,2385.5,1474.8,1368.7,2915.6,761.3,1490.8,865.1,1989.1,1209.8,3282.6,5307.2,4670.4,1159.1,295.0
2026-07-27 06:00:00,639.6,206.3,1004.4,675.8,646.1,554.4,81.0,8.8,319.8,3.0,236.8,1280.7,2104.0,5060.0,1537.2,1035.9,143.2,135.0,1050.2,2627.9,390.5,839.5,4661.1,4656.8,1896.1,688.7,4150.0,3111.7,2440.3,1490.5,1446.6,2801.1,803.5,1517.2,882.3,2405.2,1236.6,3481.9,5415.3,4938.8,1179.0,298.9
2026-07-27 06:15:00,673.4,196.4,1012.3,693.8,658.9,611.7,81.0,9.1,308.7,3.0,235.7,1276.6,1928.9,4995.5,1530.9,1031.0,143.2,141.4,1048.8,2687.6,383.0,855.8,4720.1,4704.6,1928.0,693.1,4159.6,3474.0,2454.7,1491.8,1448.9,2830.8,807.2,1856.6,887.0,2397.5,1244.6,3534.5,5470.0,4952.8,1205.7,311.3
2026-07-27 06:30:00,656.7,237.1,1010.5,709.9,668.5,626.9,81.0,10.1,309.2,3.0,278.9,1275.8,1986.5,5171.8,1538.6,1042.3,143.2,145.3,1051.2,2697.8,388.9,862.9,4767.7,4843.1,1960.7,690.8,4186.1,3625.1,2437.8,1497.7,1465.6,2858.1,822.7,1913.5,896.6,2395.1,1258.4,3524.6,5537.5,4949.7,1228.6,318.6
2026-07-27 06:45:00,660.4,245.3,1010.5,723.4,682.8,648.6,81.0,11.5,297.0,16.2,256.5,1270.6,2006.0,5247.6,1539.3,1068.7,143.2,129.9,1055.9,2737.9,390.6,867.1,4816.0,4923.5,1994.2,690.2,4198.2,3692.7,2443.7,1493.6,1470.3,2862.9,831.1,1970.0,904.7,2393.5,1279.4,3566.2,5610.7,4953.3,1261.7,331.8
2026-07-27 07:00:00,703.0,241.8,1019.3,709.1,713.4,634.4,84.0,24.7,295.3,3.8,215.9,1349.7,2053.4,4976.5,1373.8,1099.2,129.7,137.5,1103.8,2649.3,427.8,871.0,4950.7,4666.9,2060.2,730.6,4278.2,3717.1,2500.7,1507.0,1528.9,2842.1,860.8,2002.4,915.8,2638.5,1332.9,3744.2,5752.2,5053.1,1316.2,426.3
2026-07-27 07:15:00,728.5,225.0,1015.4,709.9,726.4,670.8,84.0,27.0,283.1,61.9,220.6,1350.4,2060.9,5016.3,1392.4,1101.2,129.7,151.7,1099.3,2691.5,422.9,868.6,4996.9,4739.0,2097.5,734.2,4292.7,3709.5,2490.9,1503.1,1534.6,2846.6,875.0,2010.5,923.1,2638.6,1345.8,3755.1,5806.5,5049.8,1341.3,444.5
2026-07-27 07:30:00,730.0,234.8,994.0,700.0,735.5,717.7,84.0,33.8,277.1,43.5,260.3,1349.8,2226.2,4960.1,1386.8,1111.9,129.8,133.6,1090.3,2745.2,413.9,874.7,5035.6,4772.4,2119.7,730.7,4304.4,3597.2,2482.7,1508.3,1539.8,2848.5,880.5,1946.5,929.3,2638.8,1354.2,3736.8,5844.2,5092.0,1354.6,441.3
2026-07-27 07:45:00,712.4,263.5,972.9,684.2,734.9,705.2,84.0,34.2,263.0,37.8,270.3,1360.9,2272.3,4935.5,1357.8,1144.5,129.7,136.8,1114.9,2784.5,419.3,873.8,5059.4,4876.0,2144.8,729.3,4308.8,3423.3,2499.7,1520.7,1548.7,2849.9,888.9,1929.7,934.0,2639.0,1359.4,3775.0,5875.1,5089.3,1366.9,462.4
2026-07-27 08:00:00,714.3,272.1,963.0,685.3,742.6,672.2,99.7,39.0,292.1,81.4,253.9,1350.7,2129.8,4962.5,1833.4,1190.9,210.2,131.1,1233.6,2807.2,432.8,788.1,5143.5,4804.7,2201.5,728.0,4376.5,3455.8,2565.2,1505.8,1570.5,2748.5,892.7,1826.9,935.7,2701.2,1375.2,3890.3,5870.8,5064.8,1350.7,484.8
2026-07-27 08:15:00,710.8,284.3,927.8,692.2,743.7,697.8,80.2,22.0,275.9,75.4,262.7,1361.2,2485.0,4846.3,1809.6,1183.9,210.2,112.1,1226.4,2807.4,436.4,786.1,5169.6,4838.6,2223.9,728.3,4379.1,3365.4,2532.0,1509.5,1572.2,2754.3,890.9,1678.0,942.1,2702.3,1371.5,3891.6,5877.2,5043.8,1356.2,506.7
2026-07-27 08:30:00,715.9,275.0,878.0,502.9,740.6,771.1,80.2,22.0,269.6,22.0,305.6,1375.2,2966.1,5033.3,1762.5,1174.0,210.2,87.8,1220.7,2933.5,427.9,803.8,5189.9,4817.6,2235.8,728.5,4332.2,3256.7,2556.4,1516.4,1576.1,2740.8,899.9,1615.3,947.2,2703.9,1373.3,3887.7,5879.0,5059.0,1345.5,521.8
2026-07-27 08:45:00,710.9,286.9,826.3,502.0,734.5,794.3,80.2,17.1,259.1,27.0,314.7,1389.9,3511.6,5298.4,1740.3,1189.9,210.2,107.8,1217.8,2878.3,448.0,811.9,5204.2,4857.8,2259.6,727.6,4388.5,2943.4,2591.9,1520.7,1579.6,2697.9,911.9,1463.8,955.2,2704.3,1375.9,3888.1,5884.5,5092.5,1345.9,557.9
2026-07-27 09:00:00,707.1,322.4,802.1,495.7,741.0,429.1,110.3,10.4,252.1,28.5,359.8,1311.2,3600.8,5111.5,1926.5,1173.3,223.9,103.6,1153.1,3135.6,425.6,807.1,5281.2,5083.1,2294.4,670.9,4528.3,3336.5,2584.6,1600.4,1594.7,2673.7,893.5,1500.6,965.0,2686.3,1373.9,3909.9,5893.1,4850.2,1335.4,558.8
2026-07-27 09:15:00,706.9,320.6,773.5,533.7,752.0,453.8,102.6,11.3,238.3,34.3,354.3,1332.2,3628.4,4804.4,1884.9,1200.6,225.8,95.5,1170.8,3127.2,425.4,802.8,5289.7,5045.5,2312.3,671.4,4600.9,3170.3,2548.9,1618.7,1600.9,2706.8,896.6,1359.3,970.0,2686.5,1374.2,3905.2,5909.8,4843.9,1328.8,603.6
2026-07-27 09:30:00,707.1,331.8,743.3,581.5,751.2,513.0,97.0,10.0,228.7,47.1,358.2,1346.0,4332.2,4772.8,1846.6,1231.5,224.8,97.1,1178.2,3050.3,424.6,808.0,5300.5,4821.0,2322.9,672.8,4741.3,3105.8,2596.2,1611.6,1599.2,2754.8,898.3,1359.2,971.9,2687.4,1370.9,3888.3,5937.8,4886.9,1326.0,641.1
2026-07-27 09:45:00,701.7,332.7,711.3,611.0,752.7,537.6,97.4,10.3,221.4,61.5,368.6,1366.4,4622.2,4775.7,1876.5,1241.7,223.9,100.6,1192.6,2941.3,437.4,810.7,5310.5,4646.8,2338.5,673.7,4813.4,3092.9,2604.5,1617.7,1601.4,2785.1,903.8,1322.9,971.9,2689.3,1367.4,3834.4,5938.5,4932.9,1315.2,683.6
2026-07-27 10:00:00,702.0,364.7,763.7,665.5,758.7,567.1,195.6,9.4,212.4,81.4,431.2,1506.0,4677.7,5126.7,2194.2,1249.6,224.2,125.2,1315.8,3048.9,491.7,824.5,5337.9,5029.1,2367.3,677.0,4803.2,3113.2,2593.1,1595.1,1597.6,2782.7,680.7,1302.0,968.4,2004.0,1354.9,3199.5,5920.2,4984.5,1294.0,734.5
2026-07-27 10:15:00,698.3,366.8,743.2,659.1,763.1,551.6,197.0,9.7,210.3,93.7,424.7,1522.9,4699.5,5177.8,2222.6,1247.7,229.8,46.0,1321.5,2967.3,503.2,803.7,5384.5,4649.3,2390.6,677.7,4813.3,3112.7,2600.2,1604.4,1602.8,2798.3,683.9,1275.5,963.8,2005.9,1355.6,3099.7,5920.5,5025.8,1284.8,772.0
2026-07-27 10:30:00,697.4,374.6,728.4,691.1,764.6,497.7,197.4,9.8,196.8,104.7,404.8,1540.9,5554.3,5125.4,2180.0,1269.4,239.5,46.9,1317.7,2877.1,496.0,812.2,5389.3,4423.9,2387.9,679.4,4818.4,3113.0,2556.6,1625.4,1610.7,2806.7,914.0,1278.2,961.7,2007.2,1352.8,2999.8,5905.0,5067.8,1281.4,810.6
2026-07-27 10:45:00,694.1,354.7,714.8,719.7,759.1,429.6,190.7,9.6,183.7,114.2,392.6,1565.6,5533.5,5166.4,2151.6,1242.4,218.9,52.8,1317.9,2798.0,516.5,791.3,5406.6,4292.2,2393.7,680.9,4813.6,3115.4,2566.2,1636.2,1599.9,2794.8,914.1,1274.3,963.9,2007.8,1352.4,2926.3,5918.4,5105.5,1294.9,845.4
2026-07-27 11:00:00,688.3,384.0,647.6,742.0,744.3,553.4,249.8,9.5,178.4,124.7,336.7,1715.4,5757.9,5394.5,2296.9,1227.0,123.5,185.3,1598.8,2533.1,517.0,650.4,5483.3,4355.6,2422.0,732.5,4657.0,2843.8,2542.1,1731.3,1602.3,2693.0,930.4,1296.7,959.1,1764.3,1350.3,2638.5,5879.8,5181.7,1261.7,887.3
2026-07-27 11:15:00,680.7,407.8,649.5,764.9,740.6,501.6,239.3,9.4,178.0,143.7,333.1,1737.0,5742.5,5472.1,2266.0,1234.3,124.1,195.6,1608.7,1818.3,517.3,386.9,5494.3,4307.3,2430.5,733.9,4659.4,2835.9,2546.9,1734.7,1601.9,2683.4,925.5,1291.8,958.9,1764.6,1347.6,2621.5,5871.4,5226.6,1262.5,911.2
2026-07-27 11:30:00,679.7,398.7,874.8,792.4,747.4,551.2,242.5,9.2,177.6,153.5,335.5,1760.9,5771.4,5432.1,2290.5,1221.8,124.5,186.9,1609.4,1611.8,516.5,429.4,5504.5,4318.1,2417.9,736.1,4740.9,2838.0,2554.3,1742.5,1600.8,2663.5,926.9,1287.2,959.3,1769.5,1340.2,2634.7,5858.0,5266.8,1258.5,932.3
2026-07-27 11:45:00,680.9,403.0,885.6,803.1,750.5,520.0,217.7,8.8,176.4,110.3,336.2,1776.2,5777.6,5244.2,2259.9,1166.4,136.2,167.7,1609.1,1624.5,522.4,437.5,5512.2,4188.0,2423.7,737.7,4745.8,2838.4,2552.3,1761.8,1603.2,2657.9,926.7,1216.2,960.5,1779.0,1331.4,2580.7,5854.0,5303.7,1263.3,955.5
2026-07-27 12:00:00,684.4,408.0,1108.7,800.5,753.4,570.8,136.0,7.7,187.0,183.3,270.1,1842.4,5708.0,5363.9,2046.2,1236.5,117.2,177.7,1763.0,1632.6,530.0,413.8,5539.3,4193.4,2438.9,741.9,4599.9,2839.6,2563.3,1765.4,1597.7,2604.1,927.7,1385.5,963.0,1846.3,1342.8,2290.3,5915.1,5381.2,1212.9,991.4
2026-07-27 12:15:00,687.5,408.8,1112.6,798.2,759.2,564.3,135.5,7.3,184.5,153.4,270.8,1855.3,5748.3,5322.8,2049.1,1246.9,121.8,148.1,1760.8,1643.1,528.5,406.0,5539.6,4138.6,2445.0,741.9,4603.7,2811.5,2564.6,1782.5,1596.4,2588.5,931.0,1336.9,963.3,1853.9,1329.9,2281.6,5907.4,5415.6,1207.3,1014.0
2026-07-27 12:30:00,683.8,410.6,1116.9,789.7,756.0,558.0,135.5,7.0,182.3,162.1,287.4,1868.7,5757.2,5329.4,2049.6,1256.8,122.9,147.6,1756.8,1649.2,526.4,441.2,5534.9,4075.9,2438.9,744.2,4606.2,2771.1,2559.4,1777.7,1584.7,2565.1,926.9,1330.1,963.0,1859.3,1321.7,2272.1,5906.2,5448.9,1199.2,1036.9
2026-07-27 12:45:00,683.2,410.8,1125.0,779.3,752.8,535.6,137.8,21.5,178.4,167.4,274.0,1888.3,5740.3,5328.2,2036.4,1193.9,123.7,147.3,1755.9,1663.3,522.4,436.4,5528.3,4066.7,2440.1,747.6,4612.2,2764.3,2564.3,1784.9,1588.4,2564.4,921.2,1331.1,959.1,1863.7,1320.1,2272.0,5936.8,5480.8,1201.9,1057.3
2026-07-27 13:00:00,680.6,419.8,1189.0,757.2,768.8,545.4,176.9,36.3,163.7,159.6,317.1,1573.2,5657.1,5487.3,2054.7,1283.7,99.1,174.9,1790.1,1814.0,566.0,444.6,5575.9,4060.3,2438.9,754.6,4686.7,2850.8,2537.1,1874.3,1549.4,2455.3,920.7,1418.4,953.6,1718.9,1320.8,2128.7,5906.2,5544.4,1191.7,1076.8
2026-07-27 13:15:00,688.9,431.0,1200.5,785.8,782.2,494.2,175.5,35.4,162.9,165.5,314.3,1580.1,5678.8,5432.5,2030.5,1312.9,98.6,175.7,1788.1,1782.3,553.1,423.5,5571.8,4047.9,2437.9,756.2,4695.0,2841.3,2540.2,1878.5,1547.6,2443.8,924.6,1418.4,950.3,1722.1,1324.5,2127.5,5906.1,5573.7,1183.5,1091.9
2026-07-27 13:30:00,690.2,430.2,1206.3,801.7,790.5,473.6,177.1,18.5,162.5,167.2,328.7,1582.5,5682.4,5207.8,2009.9,1312.0,98.0,176.5,1818.8,1656.3,557.3,421.7,5592.2,4039.1,2441.5,758.0,4758.4,2838.4,2537.3,1877.7,1547.1,2433.5,921.7,1407.9,948.0,1724.2,1326.5,2127.7,5904.0,5602.1,1177.9,1106.9
2026-07-27 13:45:00,690.2,428.0,1220.9,810.5,791.3,451.1,177.2,44.5,162.1,173.1,341.4,1589.8,5683.1,4993.6,1997.5,1295.0,96.9,152.4,1840.6,1653.4,546.2,436.8,5582.9,4030.9,2442.0,760.5,4753.0,2840.3,2541.3,1886.5,1547.5,2429.5,918.5,1382.8,947.6,1725.6,1329.2,2128.6,5919.6,5631.2,1181.5,1121.8
2026-07-27 14:00:00,692.1,427.9,1224.5,821.0,789.5,430.2,251.5,71.1,135.3,134.9,358.6,1681.9,5584.3,5145.6,2033.1,1231.3,129.6,113.8,1824.0,1483.2,545.8,514.5,5553.8,4086.2,2440.4,767.6,4623.7,2593.5,2514.7,1898.9,1552.7,2458.5,921.0,1502.6,945.8,1747.7,1327.9,2108.1,6039.2,5785.8,1179.9,1133.6
2026-07-27 14:15:00,703.8,421.0,1239.5,839.2,792.3,410.9,247.8,62.0,134.9,120.5,360.0,1690.9,5582.9,5129.9,2022.0,1225.7,129.6,114.7,1835.2,1502.9,539.4,498.5,5545.8,4084.2,2439.0,769.1,4581.4,2597.3,2517.6,1909.5,1556.3,2455.3,918.8,1466.5,944.4,1744.3,1329.9,2107.2,6044.0,5801.3,1182.5,1150.8
2026-07-27 14:30:00,699.1,405.0,1246.1,852.9,797.8,388.5,247.8,56.2,133.4,129.5,386.9,1691.3,5583.2,5138.2,2010.3,1221.5,129.6,135.1,1855.5,1512.4,538.1,476.9,5542.0,4085.7,2437.9,769.4,4578.6,2601.9,2515.0,1907.5,1552.6,2444.6,918.9,1459.7,944.4,1739.6,1331.1,2110.2,6042.7,5820.6,1177.0,1162.7
2026-07-27 14:45:00,751.3,398.4,1248.9,865.8,794.6,372.5,248.0,65.2,133.2,156.4,375.8,1689.1,5571.7,5216.7,2005.9,1223.5,129.7,135.0,1811.5,1502.9,536.7,478.4,5538.4,4104.3,2430.5,770.4,4577.4,2607.2,2516.6,1914.4,1549.6,2434.2,919.9,1451.8,943.9,1737.0,1332.4,2118.3,6026.0,5834.3,1180.2,1172.2
2026-07-27 15:00:00,750.9,396.6,1240.4,868.2,779.8,347.0,214.3,73.1,138.2,139.1,420.1,1626.3,5519.2,5187.1,1985.8,1232.1,128.2,125.5,1781.1,1107.5,511.7,503.0,5483.6,4060.8,2434.1,779.3,4648.5,2467.0,2488.1,1881.3,1548.9,2476.3,915.4,1575.5,939.3,1850.4,1335.9,2264.0,6098.8,5858.9,1201.2,1187.3
2026-07-27 15:15:00,799.7,375.2,1246.2,900.9,785.3,352.1,214.9,72.8,137.9,196.2,424.0,1619.4,5499.6,5227.7,1982.6,1219.6,128.3,126.1,1746.0,1088.8,499.3,486.2,5461.1,4071.7,2427.7,779.2,4629.8,2468.5,2492.1,1888.4,1549.5,2473.5,913.8,1556.2,938.5,1846.4,1339.8,2273.0,6087.9,5860.5,1206.4,1198.6
2026-07-27 15:30:00,805.9,361.3,1245.8,916.4,782.2,344.1,214.7,72.4,139.4,195.3,407.2,1601.4,5477.0,5451.5,1980.2,1216.8,128.3,146.5,1759.0,1233.1,499.3,470.2,5464.4,4068.1,2441.5,779.3,4572.0,2469.3,2490.7,1895.8,1552.5,2468.9,918.0,1524.0,937.1,1840.0,1346.2,2276.5,6072.8,5874.0,1208.5,1204.1
2026-07-27 15:45:00,806.6,349.2,1255.8,953.2,779.4,339.2,213.7,72.3,139.5,194.2,395.5,1600.2,5466.4,5337.4,1977.5,1215.6,128.3,146.9,1779.2,1684.5,499.0,473.3,5462.1,4062.5,2443.5,779.2,4571.0,2479.3,2492.9,1906.6,1544.9,2459.9,913.6,1510.1,939.0,1831.2,1355.2,2279.4,6076.2,5875.2,1216.2,1212.9
2026-07-27 16:00:00,790.3,324.9,1062.7,1024.5,784.8,326.7,130.7,52.2,155.2,120.7,336.0,1617.1,5472.6,5534.0,1865.1,1187.9,124.7,139.1,1805.8,1457.9,501.0,545.1,5438.3,4014.9,2458.0,787.8,4716.1,2877.2,2450.0,1922.5,1548.9,2509.4,903.4,1227.6,944.1,1800.1,1373.6,2452.1,6063.8,5757.5,1251.8,1217.4
2026-07-27 16:15:00,729.9,305.0,1072.2,1062.4,797.8,308.8,121.8,48.3,158.7,175.5,326.6,1610.1,5464.3,5764.4,1915.5,1173.5,124.7,138.4,1786.2,1602.7,504.7,560.3,5438.1,3995.7,2451.5,787.5,4717.9,2878.8,2481.0,1926.8,1543.5,2508.6,905.9,1326.6,949.4,1793.9,1383.7,2445.4,6046.1,5741.4,1258.8,1220.2
2026-07-27 16:30:00,744.6,285.7,867.5,1110.7,803.4,291.9,119.4,28.1,161.5,236.0,303.2,1595.6,5452.8,5878.2,1968.7,1158.8,124.7,157.2,1790.5,1665.5,510.0,549.4,5439.2,4012.8,2452.2,788.0,4723.6,2881.1,2478.8,1929.2,1528.9,2504.0,899.1,1328.9,952.9,1786.7,1395.9,2453.4,6088.7,5727.4,1260.3,1219.4
2026-07-27 16:45:00,735.2,267.2,898.5,1167.0,799.5,291.2,115.8,31.6,163.6,224.4,288.6,1592.7,5433.4,6060.6,2067.0,1149.0,124.8,158.7,1799.2,1665.7,525.1,590.6,5439.3,4098.8,2461.9,787.3,4636.4,2892.4,2466.3,1932.5,1529.5,2513.8,902.8,1331.4,960.0,1778.9,1406.4,2478.4,6142.7,5709.1,1272.9,1213.0
2026-07-27 17:00:00,751.3,244.2,903.8,1156.4,796.3,294.6,126.3,66.8,137.7,185.4,221.2,1485.2,5311.3,5885.5,2133.1,1165.4,121.6,143.4,1460.0,1820.5,556.2,722.3,5423.9,4044.8,2460.6,640.6,4681.4,3075.7,2472.2,1935.2,1567.2,2626.2,889.1,1263.6,971.1,1945.5,1416.1,2708.7,6212.7,5658.4,1293.1,1216.5
2026-07-27 17:15:00,754.9,233.7,926.3,1238.0,801.1,311.5,119.6,62.9,141.6,195.6,239.3,1474.4,5256.1,5836.7,2144.5,1225.3,121.6,163.4,1434.8,2441.4,570.9,772.3,5443.3,4197.9,2461.3,641.7,4670.3,3076.8,2458.0,1963.9,1565.2,2608.4,887.8,1326.7,975.6,1940.4,1429.1,2768.2,6251.9,5662.2,1306.0,1205.0
2026-07-27 17:30:00,754.3,216.7,951.1,1296.6,799.7,303.9,119.5,59.4,143.6,167.7,255.8,1470.2,4146.2,5763.4,2153.2,1279.3,121.6,143.4,1417.4,2895.2,557.8,846.6,5451.4,4360.0,2447.8,643.0,4626.5,3071.5,2453.1,1965.1,1564.8,2639.5,887.9,1328.8,974.5,1934.6,1429.6,2915.3,6301.5,5646.0,1316.4,1197.3
2026-07-27 17:45:00,748.1,202.8,971.0,1343.9,768.0,292.7,118.8,66.2,135.9,134.9,270.0,1461.5,3799.0,5652.8,2196.8,1275.7,121.6,193.3,1405.8,3170.6,550.9,843.2,5417.1,4747.7,2446.2,643.1,4628.8,3065.8,2454.9,1967.2,1554.1,2665.5,891.8,1328.9,975.0,1928.5,1427.6,3048.6,6357.7,5636.9,1338.4,1182.4
2026-07-27 18:00:00,757.6,185.6,932.5,1357.9,774.8,545.2,42.1,66.3,96.8,112.9,211.5,1453.2,3582.4,5184.4,1908.0,1297.7,0.0,178.3,1479.2,3088.3,507.4,878.5,5487.3,4375.4,2428.7,789.0,4534.9,2860.1,2439.8,2070.3,1555.5,2666.4,906.1,1412.6,969.4,2292.1,1432.8,3231.1,6326.2,5603.7,1374.6,1190.7
2026-07-27 18:15:00,762.6,176.7,951.9,1367.8,772.6,534.2,34.5,58.4,115.0,89.5,198.8,1413.8,3580.2,5038.3,1877.6,1271.5,0.0,169.1,1457.3,3164.8,488.0,858.2,5494.8,4417.4,2426.0,791.0,4419.4,2985.6,2396.1,2071.4,1561.1,2675.5,900.1,1449.7,970.8,2285.9,1432.7,3261.2,6354.0,5583.4,1375.0,1171.6
2026-07-27 18:30:00,766.8,167.7,973.5,1400.0,765.2,521.6,34.3,33.2,131.6,69.8,238.7,1377.1,3578.8,4920.1,1871.7,1268.4,0.1,179.7,1457.7,3339.3,461.9,846.8,5500.2,4518.8,2440.5,793.0,4377.2,3091.4,2391.7,2096.1,1561.8,2682.9,904.7,1957.5,973.6,2284.4,1431.4,3301.3,6386.2,5558.1,1387.2,1152.1
2026-07-27 18:45:00,772.7,160.6,996.2,1377.0,768.2,509.2,34.3,36.4,145.4,50.7,240.9,1351.9,3578.9,4748.3,1898.9,1297.8,0.0,195.4,1470.2,3434.4,480.6,840.8,5495.2,4618.1,2437.7,794.6,4388.7,3613.0,2392.3,2158.3,1561.0,2687.5,898.7,2057.0,974.7,2283.2,1427.8,3326.4,6416.3,5548.1,1381.6,1134.0
2026-07-27 19:00:00,770.6,156.4,1028.2,1402.9,775.7,506.1,12.0,19.6,212.1,39.9,257.9,1316.2,3517.9,4543.6,1694.5,1344.1,0.0,161.5,1412.8,3058.3,467.6,861.5,5461.1,4478.7,2414.5,736.6,4380.6,4070.1,2388.3,2325.9,1554.0,2708.5,900.5,2162.7,973.9,2658.4,1420.5,3424.1,6447.3,5536.7,1395.8,1113.3
2026-07-27 19:15:00,764.3,160.6,1058.8,1446.3,784.5,495.8,12.0,19.3,244.3,31.4,258.6,1293.1,3296.7,4324.7,1614.7,1313.2,0.0,171.3,1425.0,3053.8,474.4,845.6,5456.3,4523.8,2423.6,742.6,4428.9,4634.0,2391.5,2300.2,1554.2,2709.4,901.1,2336.7,975.7,2655.5,1424.0,3450.3,6451.5,5540.9,1394.7,1099.9
2026-07-27 19:30:00,771.7,160.0,1084.6,1418.9,791.6,485.8,12.0,18.8,280.2,39.8,261.6,1270.4,2262.5,4411.2,1566.6,1479.6,0.0,160.5,1431.7,3065.5,485.8,841.4,5428.4,4556.5,2416.3,825.5,4430.3,4627.1,2387.0,2294.4,1557.8,2713.4,883.5,2324.7,974.6,2653.0,1429.8,3467.1,6457.6,5518.6,1394.6,1088.1
2026-07-27 19:45:00,775.4,156.8,1100.7,1444.2,794.4,468.3,12.1,18.8,305.9,84.2,264.1,1255.5,2060.1,3999.8,1621.3,1599.3,0.1,174.5,1434.0,2987.5,487.3,837.4,5406.1,4547.2,2414.2,828.4,4430.1,4818.6,2389.5,2290.1,1553.9,2710.0,884.6,2386.3,971.7,2649.5,1442.9,3477.8,6467.6,5560.5,1397.0,1079.7
2026-07-27 20:00:00,768.1,157.8,1093.1,1408.5,791.6,461.7,12.0,52.3,330.2,22.6,562.3,1327.0,2050.2,3551.5,1396.9,1725.6,96.5,103.3,1296.3,2778.0,459.5,928.6,5313.8,4523.7,2399.9,843.4,4450.0,5090.2,2379.8,2259.5,1562.3,2695.2,878.8,2501.1,966.2,2598.4,1459.2,3409.7,6500.8,5685.1,1397.7,1099.5
2026-07-27 20:15:00,767.9,161.5,1104.0,1389.9,795.3,455.8,12.1,52.3,334.2,83.4,535.6,1314.5,2037.8,3415.5,1407.4,1710.5,96.5,92.9,1300.5,2716.3,461.7,926.5,5295.7,4514.6,2395.9,846.7,4446.6,5176.3,2374.9,2259.3,1549.5,2667.4,877.6,2558.9,964.6,2597.2,1471.8,3428.7,6490.9,5682.5,1399.1,1097.6
2026-07-27 20:30:00,772.3,165.8,1103.7,1354.4,796.9,450.3,12.0,52.3,345.4,81.2,521.2,1302.5,2033.9,3401.2,1448.3,1692.6,96.5,117.3,1311.7,2667.7,463.5,924.3,5272.4,4480.5,2389.8,850.6,4449.0,5194.0,2371.8,2264.7,1552.5,2655.9,877.9,2587.3,965.2,2595.7,1480.5,3443.5,6475.5,5700.3,1399.0,1094.6
2026-07-27 20:45:00,777.2,170.4,1102.1,1308.6,801.1,445.7,12.0,53.4,351.1,79.5,527.2,1290.8,2001.8,3390.4,1505.1,1704.7,96.6,116.3,1319.2,2597.7,468.1,922.4,5234.0,4447.1,2388.0,853.6,4449.5,5287.5,2375.1,2266.0,1549.6,2632.8,873.9,2648.8,968.0,2593.9,1470.6,3446.6,6455.7,5679.7,1391.9,1100.9
2026-07-27 21:00:00,764.1,176.4,1103.3,1390.9,793.1,444.6,12.0,56.8,348.3,79.9,524.3,1300.5,1919.9,3389.8,1646.6,1756.7,115.9,19.0,1266.0,2664.8,421.9,948.0,5292.5,4569.7,2361.6,884.1,4407.6,5251.4,2372.1,2367.2,1545.5,2675.7,873.3,2719.2,969.5,2359.1,1383.8,3355.2,6444.5,5656.6,1384.4,1090.5
2026-07-27 21:15:00,757.1,183.0,1091.5,1387.4,782.6,444.1,12.0,56.8,351.7,78.1,521.7,1294.6,1913.8,3283.3,1672.1,1728.9,115.9,19.0,1265.3,2567.7,444.8,946.6,5323.3,4467.2,2356.9,886.5,4403.9,5377.1,2367.4,2366.0,1545.3,2622.8,871.9,2775.9,965.1,2359.1,1368.2,3375.1,6416.8,5687.0,1377.2,1104.6
2026-07-27 21:30:00,755.1,190.1,1070.9,1335.0,777.1,443.7,12.0,56.8,354.8,76.9,535.9,1290.2,1902.8,3013.6,1677.7,1722.8,115.9,18.7,1274.1,2519.9,440.0,944.9,5311.5,4406.9,2332.7,888.0,4408.7,5398.4,2363.2,2404.6,1545.5,2557.2,868.4,2791.0,964.7,2359.3,1363.6,3403.3,6434.5,5710.1,1372.9,1107.1
2026-07-27 21:45:00,743.6,197.3,1040.3,1332.3,765.5,444.0,12.0,55.7,351.6,76.7,539.1,1285.9,1936.0,2942.5,1679.4,1724.5,115.9,28.5,1290.9,2481.7,424.5,943.3,5284.9,4269.5,2330.8,890.4,4395.8,5427.0,2371.9,2412.1,1541.4,2527.2,862.6,2823.2,965.1,2359.4,1362.5,3369.5,6405.4,5734.1,1375.5,1109.9
2026-07-27 22:00:00,700.3,204.6,997.6,1376.3,743.5,335.3,2.0,57.3,342.2,75.0,506.7,1263.6,1702.5,3021.2,1623.4,1741.8,70.4,66.0,1250.1,2439.4,427.1,974.1,5207.9,4621.1,2342.7,905.4,4411.8,5356.0,2372.0,2451.7,1537.3,2514.2,863.3,2776.3,958.0,1824.1,1357.2,3367.2,6312.1,5769.5,1356.1,1123.8
2026-07-27 22:15:00,692.6,206.4,965.6,1374.0,741.6,337.3,2.0,57.3,337.3,74.7,499.3,1258.6,1696.8,2930.0,1584.9,1714.7,70.4,66.1,1239.8,2408.1,418.5,975.5,5150.0,4454.1,2333.9,904.4,4403.9,5401.1,2371.9,2464.7,1539.3,2489.1,859.2,2798.3,954.2,1824.0,1369.8,3375.6,6274.9,5782.2,1344.2,1127.4
2026-07-27 22:30:00,693.3,208.1,934.4,1247.9,733.5,339.8,2.0,56.2,341.8,74.8,522.0,1264.0,1685.2,2820.4,1537.6,1708.0,70.4,86.2,1239.8,2384.0,410.3,974.7,5088.4,4267.1,2325.6,903.9,4400.3,5344.8,2365.6,2489.6,1524.2,2434.0,855.0,2819.0,950.3,1824.1,1365.1,3370.8,6246.9,5806.3,1330.4,1137.9
2026-07-27 22:45:00,686.1,210.0,902.1,1230.7,716.5,341.8,2.0,56.2,348.8,16.7,528.6,1254.0,1676.8,2863.4,1527.8,1704.0,70.4,86.3,1235.5,2341.2,404.7,974.2,5032.2,4083.3,2309.0,904.0,4384.6,5283.9,2366.1,2504.2,1521.3,2399.6,850.9,2836.4,943.0,1823.8,1364.4,3326.4,6226.0,5840.7,1327.4,1145.2
2026-07-27 23:00:00,657.1,215.5,906.2,1254.0,677.8,164.9,12.0,56.8,337.7,28.0,513.7,1263.7,1524.6,2819.4,1506.3,1697.4,65.5,131.3,1142.3,2285.3,396.1,994.0,4896.8,4339.3,2262.4,890.0,4299.5,5323.0,2360.2,2481.7,1504.6,2437.5,833.0,2761.3,939.2,1355.4,1352.4,3195.3,6128.3,5861.3,1286.2,1144.5
2026-07-27 23:15:00,669.7,216.6,877.2,1205.5,666.5,165.4,12.0,55.7,330.1,11.5,501.4,1282.1,1533.2,2857.4,1451.2,1705.9,65.5,151.2,1142.4,2241.9,378.3,991.2,4848.9,4162.5,2228.7,889.9,4284.2,5255.9,2360.4,2505.5,1505.2,2411.0,826.9,2759.8,935.5,1355.9,1337.6,3200.9,6070.1,5864.6,1261.8,1153.0
2026-07-27 23:30:00,665.1,216.0,857.4,1173.9,651.0,165.5,12.0,55.7,331.6,2.1,479.0,1273.5,1527.0,2876.9,1416.0,1708.1,65.5,151.6,1139.2,2222.0,378.8,986.7,4819.4,4013.5,2206.2,889.8,4279.9,5194.3,2351.8,2520.9,1501.2,2379.2,820.4,2775.4,933.1,1356.3,1319.0,3182.2,6016.0,5880.0,1251.6,1157.2
2026-07-27 23:45:00,657.5,217.7,845.1,1126.4,641.0,158.2,12.0,55.7,319.8,2.1,478.0,1286.5,1826.3,3070.7,1397.4,1698.6,65.5,116.9,1132.2,2221.2,382.6,991.7,4780.3,3966.2,2168.8,889.6,4261.2,5150.8,2344.8,2502.9,1497.4,2261.5,816.4,2766.1,926.6,1356.8,1285.6,3228.3,5929.5,5803.9,1228.8,1157.3
2026-07-28 00:00:00,626.2,269.8,821.9,1154.6,616.1,455.6,35.7,5.5,323.8,23.2,145.0,1237.6,1332.5,2282.4,690.0,1269.1,61.6,181.4,1119.6,2178.8,365.5,1002.4,4718.2,4174.7,2083.6,816.9,4327.2,4756.0,2238.4,2479.3,1497.0,2349.1,828.0,2753.3,968.0,1264.6,1258.5,3069.5,5829.7,5959.7,1198.3,1122.2
2026-07-28 00:15:00,637.9,264.2,811.2,1107.7,611.1,458.0,40.1,5.6,315.9,20.8,139.9,1231.7,1968.8,2297.2,888.3,1443.4,61.6,180.8,1118.8,2172.4,370.3,999.9,4695.5,4068.4,2059.8,818.0,4319.8,4669.9,2230.2,2484.0,1495.2,2326.4,821.6,2791.2,964.6,1263.6,1245.1,3100.1,5764.9,5958.0,1182.5,1120.4
2026-07-28 00:30:00,635.7,262.4,800.0,1103.7,608.9,458.6,38.9,3.0,311.9,16.1,115.8,1208.9,2133.2,2283.5,1118.3,1618.9,61.6,180.1,1131.3,2138.4,366.4,991.9,4695.5,4008.0,2028.8,817.9,4304.1,4616.2,2221.0,2489.7,1490.7,2303.2,818.8,2788.1,961.1,1263.1,1233.9,3143.1,5744.1,5943.8,1177.8,1114.2
2026-07-28 00:45:00,635.6,260.5,792.5,1056.5,603.7,447.1,42.6,3.1,312.6,16.1,109.1,1211.4,2519.0,2297.9,1293.9,1780.8,61.6,179.6,1135.2,2067.8,365.2,986.3,4677.6,3969.8,1999.3,802.2,4292.3,4605.0,2207.9,2495.6,1489.5,2278.5,808.6,2751.7,954.0,1261.7,1220.5,3196.8,5688.1,5860.2,1162.3,1116.7
2026-07-28 01:00:00,624.6,255.6,794.6,1101.4,591.2,463.0,39.7,13.0,313.4,10.4,115.1,1226.9,2065.5,2226.7,1356.2,1841.0,58.0,183.7,1046.7,2091.9,363.6,970.7,4605.6,4116.1,1948.3,805.3,4215.7,4558.5,2232.9,2400.8,1460.0,2191.7,814.1,2733.9,947.0,948.6,1209.3,3157.5,5609.7,5993.4,1134.8,1133.2
2026-07-28 01:15:00,625.9,246.7,788.2,1098.5,588.2,463.1,44.5,13.1,312.6,10.4,104.3,1228.1,2298.8,2239.5,1339.4,1802.0,57.9,183.2,1047.7,2085.8,366.7,960.7,4602.5,4067.1,1925.7,789.5,4203.7,4469.7,2184.4,2408.9,1454.2,2120.4,811.8,2764.1,941.4,949.8,1198.6,3192.2,5584.8,6004.1,1130.3,1129.8
2026-07-28 01:30:00,625.9,237.8,784.0,1059.6,586.1,464.5,51.5,13.0,316.1,10.4,112.8,1228.9,2308.7,2224.1,1334.3,1785.0,57.9,158.0,1050.1,2029.7,366.5,947.8,4593.5,4044.0,1903.1,789.7,4201.4,4419.6,2181.5,2411.9,1453.0,2106.5,803.8,2777.6,932.8,950.8,1191.5,3224.7,5593.1,5996.4,1122.0,1128.2
2026-07-28 01:45:00,626.7,228.7,778.0,1045.3,581.7,450.3,53.9,20.0,309.4,10.4,99.8,1231.4,2323.4,2210.1,1326.4,1786.9,57.9,176.9,1048.8,2027.3,364.1,939.1,4582.5,4039.5,1881.9,789.6,4192.4,4372.3,2177.5,2417.4,1452.9,2093.2,798.8,2784.0,927.3,952.0,1182.3,3265.9,5533.0,5892.6,1114.5,1124.7
2026-07-28 02:00:00,620.9,220.8,777.5,1056.0,580.9,465.8,47.6,13.0,316.5,1.0,118.8,1238.3,2340.9,2157.9,1337.8,1734.9,53.7,199.3,1087.0,2006.3,370.6,885.1,4570.9,4071.9,1845.6,800.1,4212.6,4500.6,2165.3,2444.0,1455.9,2076.0,791.0,2663.4,921.1,842.3,1165.9,3188.9,5556.9,5989.6,1112.6,1127.7
2026-07-28 02:15:00,619.6,215.1,774.9,1018.0,580.0,466.1,57.0,13.2,300.4,1.0,111.6,1240.4,2337.1,2124.0,1336.7,1720.1,53.7,154.4,1065.8,2004.9,359.2,876.7,4559.0,4038.9,1834.0,793.6,4205.3,4498.5,2162.6,2448.0,1443.0,2056.2,786.9,2648.2,922.1,844.1,1159.4,3206.0,5504.3,5945.4,1112.8,1134.3
2026-07-28 02:30:00,619.0,209.6,772.9,1007.8,578.0,451.2,54.9,13.0,315.0,1.0,109.1,1245.4,2341.3,2099.3,1354.2,1717.6,53.7,199.3,1067.9,1927.3,357.5,869.3,4549.8,4053.7,1821.5,778.0,4200.3,4495.0,2158.8,2446.4,1442.1,2050.6,785.9,2651.5,920.3,845.8,1156.6,3227.6,5488.7,5877.0,1106.4,1130.2
2026-07-28 02:45:00,614.4,203.8,772.6,950.5,577.1,451.1,56.5,13.0,304.7,1.0,105.6,1247.2,2369.9,2072.6,1356.7,1718.5,53.7,199.4,1065.5,1952.9,360.1,872.3,4532.2,4074.3,1813.0,767.6,4206.5,4502.6,2161.0,2449.4,1440.6,2041.2,782.1,2652.4,918.7,847.3,1154.6,3255.0,5490.4,5871.7,1102.2,1128.1
2026-07-28 03:00:00,605.3,196.7,773.9,1004.9,579.7,408.9,53.6,3.0,315.3,1.0,222.3,1253.4,2281.4,2115.3,1345.3,1683.9,53.6,209.0,1060.2,1908.9,355.0,878.8,4491.5,4084.5,1790.6,774.1,4183.4,4552.7,2155.2,2457.4,1433.3,2044.1,776.4,2642.0,918.2,779.2,1154.6,3208.8,5464.9,5885.8,1109.9,1124.5
2026-07-28 03:15:00,604.4,194.8,776.2,971.4,580.7,394.7,56.6,3.0,309.3,1.0,235.1,1254.3,2298.0,2073.8,1345.0,1672.2,53.6,209.3,1058.7,1906.5,356.7,870.7,4476.0,4104.8,1781.8,769.6,4180.2,4493.6,2153.7,2458.7,1435.0,2052.9,774.8,2647.9,917.3,781.8,1151.2,3212.0,5440.6,5845.3,1104.3,1123.0
2026-07-28 03:30:00,603.0,192.8,777.9,899.7,582.9,394.9,56.2,3.0,314.1,1.0,232.7,1256.2,2313.5,2028.7,1338.2,1669.0,53.6,209.3,1060.0,1903.2,359.3,860.9,4444.4,4126.1,1774.1,772.6,4181.3,4366.4,2151.0,2462.8,1432.4,2062.6,771.7,2656.9,910.8,783.7,1145.7,3211.7,5417.8,5829.2,1104.1,1116.3
2026-07-28 03:45:00,612.2,191.0,775.8,865.6,585.2,394.9,56.0,3.0,311.8,1.0,227.9,1256.4,2320.3,1997.8,1336.4,1669.4,53.6,209.7,1057.4,1899.5,360.5,852.7,4431.2,4146.7,1768.3,768.3,4189.9,4409.7,2152.2,2461.7,1430.3,2059.0,772.3,2653.4,909.1,785.7,1136.7,3218.5,5391.7,5819.6,1097.8,1112.0
2026-07-28 04:00:00,616.6,202.6,782.6,852.4,592.5,305.0,55.1,3.0,312.6,1.0,201.9,1264.1,2235.3,1959.4,1310.2,1649.1,52.8,160.3,856.5,1884.5,359.2,832.4,4419.1,4215.7,1749.4,782.4,4207.5,4020.4,2138.9,2458.6,1421.3,2098.7,774.7,2680.3,911.7,766.8,1126.9,3199.7,5371.0,5782.6,1110.3,1097.4
2026-07-28 04:15:00,617.1,203.1,790.8,839.9,597.3,307.7,54.9,3.0,312.6,1.0,208.3,1264.2,2236.0,1915.2,1285.1,1649.8,52.9,186.2,858.4,1860.5,359.7,823.1,4422.5,4241.1,1752.7,761.3,4214.2,4209.3,2139.4,2453.4,1421.6,2070.8,772.7,2679.5,905.5,769.3,1120.6,3202.5,5353.3,5778.8,1108.4,1091.6
2026-07-28 04:30:00,609.8,203.5,802.2,849.2,609.2,314.0,54.8,3.0,311.2,1.0,199.4,1264.5,2248.6,1887.3,1280.8,1644.5,52.8,186.8,854.2,1849.5,361.1,813.7,4442.7,4268.5,1744.2,745.8,4220.7,4389.1,2138.1,2451.4,1421.8,2034.6,770.5,2653.9,907.3,771.4,1122.4,3205.2,5342.1,5768.2,1102.0,1083.4
2026-07-28 04:45:00,616.7,207.0,821.9,918.3,626.2,322.0,54.3,5.5,317.6,1.0,211.5,1263.9,2261.0,1889.2,1283.8,1670.0,52.8,187.7,853.4,1832.6,353.8,803.5,4465.4,4311.2,1750.5,743.1,4275.6,4461.9,2137.7,2443.7,1422.5,2043.8,769.5,2670.2,911.9,773.1,1133.0,3215.5,5370.6,5743.5,1107.7,1067.3
2026-07-28 05:00:00,642.7,207.6,846.9,838.9,633.0,278.1,35.2,23.3,288.1,2.8,124.8,1262.4,2312.2,1962.4,1229.5,1632.3,55.8,173.5,862.3,1830.7,366.5,760.5,4623.2,4462.9,1744.9,762.3,4344.6,4101.2,2141.2,2417.7,1434.2,2069.0,767.5,2733.3,919.9,860.9,1111.7,3369.4,5322.7,5697.7,1091.7,1046.1
2026-07-28 05:15:00,637.8,208.3,866.5,846.3,650.6,287.0,24.3,23.3,298.4,2.8,108.6,1261.8,2315.9,1939.1,1236.6,1652.3,55.8,195.4,863.4,1780.7,365.3,745.7,4662.7,4487.8,1758.2,760.2,4372.8,4231.2,2145.2,2413.1,1438.4,2065.1,771.2,2758.1,926.2,861.9,1126.8,3353.5,5322.2,5692.7,1095.7,1037.5
2026-07-28 05:30:00,647.6,211.7,872.0,903.3,665.6,319.7,24.2,23.5,306.0,2.8,107.9,1260.6,2339.6,1925.0,1249.4,1680.4,55.8,222.3,862.5,1758.4,369.4,736.5,4700.7,4530.1,1773.4,757.1,4392.0,4535.0,2145.4,2401.9,1439.8,2093.9,774.8,2754.9,930.8,862.4,1140.5,3326.5,5351.0,5729.6,1095.9,1021.9
2026-07-28 05:45:00,650.7,207.4,872.1,922.9,678.4,352.4,22.3,21.1,311.5,2.8,97.8,1265.8,1979.8,2572.3,1251.5,1698.4,55.8,235.5,887.2,1743.9,381.0,736.4,4741.3,4596.2,1786.7,759.1,4403.2,4595.8,2148.4,2389.4,1443.9,2113.2,779.0,2779.9,937.7,862.4,1151.0,3312.1,5399.4,5738.8,1105.3,1006.5
2026-07-28 06:00:00,668.5,224.9,910.6,901.6,703.5,260.0,30.6,29.4,328.0,10.7,86.2,1268.9,2192.3,2599.5,1298.4,1723.8,73.1,178.8,936.3,1731.7,405.7,697.7,4819.5,4767.9,1855.2,712.2,4365.0,4617.6,2170.0,2372.9,1461.3,2152.8,775.4,3029.4,938.9,975.8,1340.8,3557.7,5493.0,5598.4,1112.8,974.7
2026-07-28 06:15:00,668.1,239.9,900.4,899.9,720.9,305.0,28.5,29.7,327.5,10.7,121.5,1263.6,2033.7,2753.7,1311.3,1743.2,73.1,183.7,910.7,1708.6,395.5,686.5,4861.8,4815.9,1886.6,757.5,4377.0,4644.3,2180.4,2361.0,1462.9,2215.7,777.6,3023.4,948.3,976.9,1353.7,3510.1,5548.3,5683.0,1127.4,973.6
2026-07-28 06:30:00,666.4,255.6,875.5,921.3,719.7,410.5,25.9,30.1,329.6,10.7,100.2,1264.1,1958.3,2890.7,1304.4,1769.1,73.1,167.5,913.5,1703.0,397.6,688.2,4891.0,4883.8,1922.1,756.1,4405.3,4761.2,2188.1,2354.7,1479.1,2259.7,795.5,3004.3,954.7,978.1,1370.3,3468.0,5612.6,5668.1,1137.7,959.6
2026-07-28 06:45:00,663.6,282.6,850.3,942.5,733.2,458.6,24.2,28.1,336.1,11.2,102.7,1286.1,1971.9,2988.8,1285.0,1739.7,73.2,171.8,916.4,1716.5,398.7,680.1,4918.6,4925.9,1959.4,756.5,4412.7,4779.5,2202.5,2349.5,1485.8,2292.8,800.6,3053.0,961.2,978.9,1388.1,3422.1,5635.8,5673.7,1154.0,957.7
2026-07-28 07:00:00,678.6,302.7,807.1,954.4,742.5,441.2,24.4,59.4,348.4,4.1,89.8,1294.1,2272.6,3018.1,1294.0,1803.0,90.6,308.7,988.5,1667.4,418.7,648.8,5038.2,4980.7,2031.1,708.1,4453.6,5111.0,2231.5,2435.3,1502.3,2295.9,828.1,3085.7,967.7,1072.2,1365.5,3250.9,5710.2,5591.7,1153.4,962.2
2026-07-28 07:15:00,681.7,326.2,781.8,990.7,749.7,477.5,26.7,66.8,344.4,4.4,94.0,1289.7,2322.3,3009.6,1281.9,1813.0,90.6,315.4,986.6,1653.8,416.3,631.3,5053.6,4993.3,2068.3,701.1,4467.7,5168.5,2242.5,2424.4,1508.6,2333.4,839.3,3114.8,973.5,1076.4,1382.4,3192.4,5754.4,5583.9,1162.0,976.2
2026-07-28 07:30:00,685.7,343.8,753.0,1049.7,740.4,455.6,27.2,71.7,330.5,4.6,110.3,1298.1,2371.0,2789.2,1261.6,1782.4,90.6,298.1,978.6,1686.0,410.9,618.9,5078.6,4974.2,2093.9,695.0,4484.1,4967.7,2253.1,2435.1,1513.9,2386.9,848.2,3157.2,980.3,1081.0,1394.7,3128.9,5799.8,5626.8,1167.3,996.0
2026-07-28 07:45:00,668.8,355.1,721.7,1094.7,737.2,454.9,27.7,68.7,307.3,5.3,116.3,1303.2,2520.7,2364.2,1231.8,1810.5,90.7,274.6,995.2,1681.6,411.8,592.0,5083.0,4932.4,2117.9,689.5,4491.2,4778.7,2270.6,2452.5,1523.1,2443.4,853.9,3169.6,985.2,1085.6,1403.2,3064.9,5841.9,5627.6,1177.5,1011.4
2026-07-28 08:00:00,652.0,375.1,660.7,1155.4,749.3,563.0,39.6,29.8,257.8,14.6,268.6,1270.7,2618.1,2964.4,1485.2,1842.8,99.6,351.6,1176.3,1797.8,430.1,551.9,5122.4,4882.4,2194.9,652.9,4425.9,4585.7,2298.5,2507.7,1550.0,2474.1,873.7,3171.1,982.3,958.3,1403.1,2937.7,5863.2,5614.0,1191.9,1024.7
2026-07-28 08:15:00,647.4,385.2,639.4,1173.4,750.9,536.1,43.6,30.8,232.0,25.8,285.9,1286.8,2778.7,2690.2,1438.0,1861.4,99.6,351.1,1170.3,1778.3,427.2,532.6,5129.1,4816.2,2216.8,651.8,4427.7,4351.3,2313.6,2502.1,1554.4,2446.7,874.6,3107.4,980.2,963.5,1400.7,2938.7,5885.7,5643.1,1194.1,1057.2
2026-07-28 08:30:00,638.9,410.8,616.4,1211.7,755.1,535.4,45.0,31.5,210.4,35.2,273.6,1308.0,3319.3,2604.2,1370.5,1750.2,99.6,349.5,1165.4,1797.0,425.0,518.3,5128.8,4816.1,2226.1,647.3,4423.9,4054.9,2317.1,2479.7,1557.4,2388.2,877.8,2759.6,985.7,968.0,1394.8,2957.9,5893.9,5584.1,1184.1,1056.5
2026-07-28 08:45:00,628.3,437.5,590.3,1220.5,753.1,558.9,46.6,29.8,184.2,44.1,329.5,1306.6,3332.9,2636.9,1298.5,1479.4,99.7,365.9,1186.5,1797.6,449.3,515.7,5125.7,4802.4,2248.5,643.8,4428.4,3775.9,2332.9,2472.5,1561.1,2212.3,904.7,2437.0,989.8,972.8,1381.8,2977.5,5891.5,5615.3,1183.4,1072.4
2026-07-28 09:00:00,631.3,444.2,559.9,1342.2,753.8,602.5,86.3,37.4,167.4,101.6,344.1,1376.8,3538.4,2887.9,1420.5,1297.8,106.8,315.3,1237.7,1573.6,430.6,531.1,5252.5,4699.5,2284.6,610.6,4327.1,3267.3,2341.7,2359.8,1569.8,2279.8,927.4,2694.7,993.0,840.1,1393.6,2932.0,5926.7,5619.2,1173.1,1049.5
2026-07-28 09:15:00,621.1,487.1,545.4,1290.8,746.5,616.3,87.1,38.1,143.3,124.4,369.5,1353.2,4105.6,3053.6,1344.6,1226.4,106.8,356.7,1242.2,1527.8,427.8,506.4,5260.0,4685.7,2298.6,601.4,4321.4,2944.6,2355.0,2350.5,1575.9,2165.1,929.8,2396.6,994.1,845.8,1387.4,2978.7,5919.1,5644.7,1168.3,1060.6
2026-07-28 09:30:00,612.5,454.6,534.8,1332.1,746.4,626.8,87.1,38.7,118.1,150.3,371.3,1377.8,4416.2,3131.4,1275.5,1263.3,106.8,327.7,1252.8,1541.3,424.3,488.9,5283.9,4690.2,2312.5,601.0,4329.4,2587.9,2358.6,2344.3,1582.4,2095.7,932.8,2134.0,993.9,851.6,1385.4,3022.5,5922.8,5669.5,1166.9,1068.9
2026-07-28 09:45:00,605.1,454.3,516.1,1252.6,747.4,642.9,87.1,39.2,92.3,175.9,396.7,1382.4,5272.3,3113.8,1224.7,1270.3,106.8,263.5,1298.8,1527.3,449.2,491.0,5295.2,4699.8,2326.5,602.3,4371.7,2179.9,2368.8,2338.6,1584.6,2059.9,937.3,1958.5,995.3,857.9,1389.0,3056.6,5931.0,5691.3,1163.5,1077.1
2026-07-28 10:00:00,602.3,517.0,510.7,1403.8,751.6,669.9,222.7,28.8,116.6,194.9,409.3,1430.5,5340.7,3717.4,1523.9,1377.3,111.5,267.2,1457.8,1506.2,466.4,511.4,5373.3,4624.2,2360.6,708.7,4679.9,2424.0,2372.8,2085.2,1587.0,2061.0,922.3,1768.5,992.0,779.2,1402.3,3017.2,5990.6,5703.2,1183.1,1082.9
2026-07-28 10:15:00,601.3,450.1,495.9,1304.5,751.9,673.8,222.8,28.9,115.6,244.4,382.9,1424.8,5382.1,3418.3,1486.0,1323.2,105.7,239.6,1490.0,1431.0,466.3,484.7,5381.0,4625.5,2373.5,709.6,4693.5,2412.3,2379.5,2070.6,1590.2,1993.1,925.6,1604.7,979.9,786.6,1403.0,3061.8,5984.0,5719.7,1181.8,1092.9
2026-07-28 10:30:00,599.5,433.0,701.3,1297.3,746.9,688.7,223.7,29.0,114.1,274.9,393.5,1429.9,5381.0,3450.6,1565.1,1300.7,109.6,239.0,1498.7,1422.7,493.7,476.8,5382.5,4634.5,2371.0,710.6,4700.0,2366.4,2382.2,2042.0,1596.8,1876.6,925.7,1514.3,978.5,793.7,1400.6,3096.7,5964.9,5744.3,1176.7,1078.4
2026-07-28 10:45:00,589.8,441.2,692.2,1315.0,741.2,585.9,223.8,29.0,124.9,314.2,400.3,1425.8,5369.9,3424.3,1528.9,1282.2,105.7,218.6,1529.9,1298.3,497.5,267.0,5397.0,4593.8,2374.4,710.4,4695.1,2366.5,2391.4,2042.9,1586.1,1791.6,923.0,1517.0,980.4,748.8,1398.8,3149.1,5954.3,5740.5,1173.5,1083.5
2026-07-28 11:00:00,590.7,445.2,676.5,1333.9,736.7,457.5,256.4,39.4,136.5,334.1,419.9,1513.5,5532.2,3830.6,1918.3,1334.1,7.5,290.1,1565.3,1316.4,503.3,454.0,5459.9,4604.6,2397.5,708.8,4653.0,2332.9,2429.5,2034.6,1622.5,1704.0,930.2,1536.9,976.3,591.4,1418.8,3025.7,5945.3,5746.5,1145.3,1060.0
2026-07-28 11:15:00,583.8,414.4,881.7,1355.4,735.6,379.7,256.4,39.5,131.3,351.1,408.1,1517.3,5542.1,3761.2,1862.9,1350.2,34.0,289.0,1573.0,1289.5,496.7,151.6,5455.2,4614.3,2394.1,709.8,4656.9,2332.5,2432.6,2037.3,1632.4,1680.3,924.7,1531.3,972.5,595.8,1415.4,3001.2,5933.6,5765.0,1148.0,1034.5
2026-07-28 11:30:00,593.9,407.6,1096.2,1378.7,734.6,373.0,261.6,39.4,130.7,339.7,416.5,1540.5,5595.1,3685.9,1813.8,1368.7,6.7,289.0,1604.1,974.9,491.5,155.2,5481.5,4606.0,2387.6,710.3,4648.4,2332.8,2430.4,2039.1,1632.4,1662.0,924.6,1509.7,965.9,600.1,1443.1,2974.4,5922.5,5781.1,1137.5,1035.2
2026-07-28 11:45:00,598.1,409.8,1099.3,1405.4,739.3,367.8,261.0,39.3,129.2,366.1,411.8,1584.5,5620.5,3554.5,1784.1,1376.6,26.3,289.0,1619.0,816.8,588.6,155.5,5472.8,4614.1,2389.4,711.2,4652.2,2333.6,2433.7,2041.2,1635.3,1663.4,926.7,1521.6,958.6,602.4,1499.8,3017.6,5919.0,5731.1,1125.1,994.2
2026-07-28 12:00:00,602.3,411.5,1140.1,1431.9,747.1,404.1,262.0,28.9,156.6,396.4,300.2,1681.7,5556.0,3807.7,1758.2,1381.9,141.6,188.8,1703.2,811.6,612.2,152.4,5475.6,4652.7,2402.8,605.9,4646.0,1491.0,2444.5,1940.5,1636.0,1683.3,954.3,2675.4,944.5,617.5,1317.1,2591.4,5939.9,5761.8,1124.6,978.6
2026-07-28 12:15:00,597.7,410.0,1138.5,1444.3,750.5,403.4,261.0,29.1,152.8,419.2,303.1,1674.0,5552.9,3717.7,1737.7,1392.5,135.9,188.8,1701.3,817.3,616.2,153.3,5459.0,4675.0,2406.9,606.2,4637.1,1492.6,2444.6,1943.0,1634.2,1662.1,955.6,2670.1,945.1,630.8,1352.6,2538.6,5936.5,5761.0,1131.8,979.6
2026-07-28 12:30:00,602.3,404.6,1137.1,1462.1,751.7,465.2,261.9,29.3,151.0,433.0,337.3,1662.1,5592.6,3606.5,1718.2,1377.8,135.8,189.0,1701.9,812.1,619.1,157.6,5469.4,4720.2,2393.2,605.4,4640.8,1493.4,2441.2,1945.6,1622.6,1659.3,952.7,2662.0,946.1,644.5,1346.9,2454.2,5939.8,5753.0,1130.8,978.6
2026-07-28 12:45:00,597.7,402.6,1137.6,1476.4,750.8,468.0,274.1,29.4,150.6,440.1,337.4,1642.1,5604.3,3523.8,1715.0,1381.2,135.8,189.0,1705.7,796.6,619.6,158.7,5460.6,4653.8,2397.8,604.7,4637.4,1495.1,2441.2,1943.9,1626.0,1657.8,946.9,2654.9,944.1,661.9,1336.5,2473.6,5918.4,5729.5,1135.8,977.9
2026-07-28 13:00:00,600.0,396.3,1150.2,1490.9,776.3,522.9,274.2,21.1,113.5,441.7,343.1,1614.6,5579.9,3737.8,1710.6,1376.4,44.9,268.3,1718.3,853.0,634.0,160.7,5450.4,4750.6,2409.0,685.0,4576.4,1508.2,2425.5,2003.0,1624.4,1678.5,943.6,2816.9,943.4,698.1,1286.8,2500.0,6015.9,5894.1,1149.2,986.1
2026-07-28 13:15:00,598.2,399.0,1146.1,1507.6,776.3,522.2,274.2,21.0,113.4,442.4,346.2,1604.3,5520.4,3587.6,1708.3,1367.2,44.8,268.3,1714.6,852.2,621.6,161.2,5460.7,4700.3,2407.3,683.4,4588.2,1509.8,2427.8,2003.6,1622.1,1679.1,946.8,2826.1,942.1,713.5,1275.8,2519.8,6027.6,5904.8,1151.8,985.4
2026-07-28 13:30:00,598.7,388.4,1147.3,1521.1,774.3,457.1,274.5,20.9,113.6,441.3,343.3,1598.5,5479.1,3441.7,1713.0,1359.2,44.8,268.3,1715.9,847.6,619.9,159.2,5440.0,4699.9,2411.0,683.1,4586.6,1511.4,2426.4,2004.9,1624.3,1680.9,944.9,2822.3,941.1,724.5,1270.3,2544.7,5991.2,5877.7,1152.8,981.6
2026-07-28 13:45:00,601.6,386.1,1156.8,1535.0,770.7,455.5,274.5,20.8,112.2,441.2,341.0,1610.6,5494.7,3429.4,1718.8,1350.5,25.0,268.6,1759.1,824.9,623.3,167.3,5423.5,4731.8,2414.2,681.7,4576.8,1512.3,2429.3,2006.0,1626.2,1683.1,939.6,2810.2,940.3,732.1,1272.1,2569.8,6025.6,5882.4,1157.8,976.7
2026-07-28 14:00:00,607.7,400.6,1160.4,1549.6,758.6,382.9,241.4,15.6,146.1,438.5,313.3,1621.9,5481.7,3433.3,1706.0,1356.6,0.0,321.4,1767.2,810.3,662.1,143.8,5393.1,4909.3,2425.1,678.7,4592.2,1587.9,2425.8,2016.4,1617.1,1677.4,941.7,2632.5,937.5,749.9,1305.6,2622.2,6064.5,5910.3,1146.7,966.8
2026-07-28 14:15:00,613.5,394.2,1166.9,1552.1,754.9,371.5,241.4,15.4,146.3,429.7,315.6,1617.6,5495.9,3581.4,1713.7,1358.4,0.0,316.2,1766.6,798.9,659.1,134.7,5385.5,4957.3,2428.0,678.0,4590.4,1589.4,2429.3,2017.2,1620.4,1682.4,937.4,2625.8,935.1,755.8,1314.2,2645.8,6082.8,5881.3,1148.0,958.6
2026-07-28 14:30:00,619.4,388.1,1174.6,1547.3,752.1,319.7,241.5,15.3,146.7,422.8,328.0,1635.8,5438.6,3623.1,1724.6,1350.5,4.7,336.3,1764.5,777.3,660.0,125.9,5379.4,4965.0,2425.5,676.6,4593.4,1584.8,2436.3,2017.4,1612.5,1688.2,940.2,2632.9,937.0,761.0,1325.0,2657.3,6068.9,5906.1,1147.5,952.9
2026-07-28 14:45:00,624.8,381.6,1179.1,1540.3,751.0,309.4,229.4,15.4,146.8,417.3,312.5,1648.3,5431.4,3604.0,1735.3,1345.9,4.7,336.4,1701.6,780.6,659.7,121.1,5377.2,5004.9,2424.6,676.3,4599.7,1587.0,2440.0,2018.1,1612.7,1694.1,940.5,2634.6,940.0,767.5,1335.5,2702.1,6071.7,5897.9,1155.8,944.4
2026-07-28 15:00:00,628.1,373.5,1149.0,1570.3,730.7,299.7,253.6,10.8,159.2,404.2,305.1,1673.7,5504.7,3663.6,1764.6,1312.2,125.1,208.9,1692.1,751.5,653.7,176.2,5388.5,4906.6,2438.3,686.7,4221.1,1586.8,2417.6,2020.5,1616.1,1649.2,942.1,2375.6,944.1,772.2,1354.6,2697.0,5989.7,5770.2,1166.7,923.7
2026-07-28 15:15:00,623.8,370.2,1165.2,1548.4,743.7,255.0,248.3,10.6,158.4,391.7,311.9,1668.4,5454.9,3782.2,1803.2,1325.1,125.3,204.5,1638.9,787.2,649.0,171.9,5364.0,4936.8,2438.4,687.1,4215.2,1583.2,2421.3,2019.4,1615.6,1663.4,934.2,2365.8,947.1,781.9,1363.4,2761.7,6005.0,5753.6,1166.3,914.5
2026-07-28 15:30:00,626.2,356.9,1177.2,1525.2,755.7,372.3,249.9,10.5,160.1,379.8,315.5,1659.1,5385.3,3822.0,1830.1,1318.5,125.9,204.4,1636.1,999.6,614.4,168.3,5318.0,5093.8,2450.5,688.3,4229.5,1582.6,2419.6,2018.8,1621.6,1677.5,942.6,2384.3,948.4,793.0,1366.9,2836.2,6021.3,5771.3,1185.7,898.7
2026-07-28 15:45:00,628.4,351.5,1192.9,1507.3,759.6,361.6,247.3,10.3,154.9,401.6,316.2,1652.5,5398.5,3866.1,1874.7,1301.3,125.1,228.8,1611.9,1201.0,617.5,514.7,5311.5,5121.1,2454.7,689.1,4236.7,1592.4,2419.4,2018.5,1619.3,1705.4,937.6,2377.6,949.6,855.8,1365.8,3036.5,6043.8,5767.8,1184.7,888.5
2026-07-28 16:00:00,633.6,339.0,1176.5,1527.7,753.3,363.0,174.7,25.9,125.1,395.1,264.3,1635.4,5281.3,3312.9,1526.0,1297.9,106.3,236.3,1503.3,1117.8,501.2,436.2,5287.4,5100.9,2455.0,603.5,3853.9,1899.1,2414.8,2064.8,1632.8,1736.2,921.6,1692.5,952.9,833.5,1331.7,3421.3,6119.3,5814.5,1223.2,927.7
2026-07-28 16:15:00,653.9,318.2,986.8,1489.4,760.6,346.8,171.3,25.3,121.1,370.7,265.1,1631.0,5228.5,3342.2,1565.3,1283.0,106.2,239.2,1470.5,1203.1,502.0,520.1,5299.6,5099.0,2440.7,603.6,3737.4,1923.8,2412.6,2072.0,1630.8,1711.4,924.6,1598.3,953.3,850.7,1327.7,3368.9,6164.6,5788.3,1236.6,913.9
2026-07-28 16:30:00,655.2,308.1,1021.2,1441.7,769.4,330.1,171.3,24.8,121.5,353.2,268.8,1612.7,5201.1,3361.4,1609.5,1417.1,106.2,287.6,1463.4,1205.6,482.0,534.8,5241.6,5117.2,2443.6,603.4,3740.1,1973.1,2408.7,2103.1,1609.4,1744.6,918.4,1666.7,954.0,862.6,1328.3,3476.2,6219.3,5755.2,1250.1,893.4
2026-07-28 16:45:00,663.6,294.2,1051.5,1382.4,776.0,389.7,171.3,24.2,122.3,324.2,269.1,1601.2,4988.4,3972.3,1668.4,1416.3,106.2,319.5,1475.5,1233.9,487.2,527.5,5236.9,5125.8,2448.8,604.6,3729.3,2003.6,2366.6,2125.9,1613.1,1773.9,922.0,2007.2,956.3,871.6,1331.5,3622.2,6288.1,5721.1,1264.3,910.7
2026-07-28 17:00:00,686.9,317.7,842.9,1329.0,763.0,425.3,94.0,61.1,126.2,265.1,197.7,1506.6,4256.3,2897.4,1485.9,1370.0,105.9,253.8,1484.3,1299.7,535.4,645.1,5225.6,5190.4,2435.7,601.5,4187.5,2481.4,2414.1,2302.8,1614.6,1855.9,927.2,1614.8,956.7,991.2,1260.1,3730.3,6321.8,5669.4,1306.2,861.4
2026-07-28 17:15:00,698.0,298.0,875.9,1261.9,768.5,398.1,94.0,60.3,117.7,233.1,194.0,1496.4,4239.2,2810.0,1562.6,1393.0,105.7,284.3,1415.8,1308.0,513.3,646.7,5217.3,5203.6,2432.5,600.4,4175.0,2669.2,2363.5,2319.7,1611.7,1970.5,931.3,2029.0,957.6,1000.4,1264.7,3804.6,6385.1,5664.1,1324.0,867.8
2026-07-28 17:30:00,710.6,266.1,693.6,1186.6,774.6,400.2,105.2,59.7,119.0,192.0,200.1,1461.1,3946.7,2793.6,1567.8,1296.9,105.7,252.9,1405.5,1473.7,521.0,636.9,5213.2,5234.9,2420.9,600.3,4162.6,3155.3,2369.2,2330.9,1614.7,1998.2,925.5,2163.8,954.7,1024.3,1267.8,3818.4,6437.9,5637.2,1338.3,843.6
2026-07-28 17:45:00,712.8,268.7,725.8,1119.3,774.9,398.4,98.2,58.8,118.7,155.1,222.0,1425.5,3370.2,2724.3,1648.9,1400.2,105.7,306.0,1393.5,1526.9,523.8,643.2,5209.6,5272.9,2420.5,603.4,4178.8,3624.5,2373.2,2336.6,1603.7,2112.4,913.6,2350.0,946.9,1028.4,1271.5,3905.7,6500.3,5585.0,1358.7,826.9
2026-07-28 18:00:00,709.5,229.7,763.2,1074.0,775.5,452.6,37.5,71.3,110.3,120.1,237.1,1382.1,3302.9,2348.8,1389.4,1565.2,104.1,101.7,1235.4,1508.8,523.7,829.4,5194.5,5332.4,2411.1,652.8,4579.2,4091.1,2375.9,2432.6,1600.7,2165.4,909.6,2855.2,947.4,1117.1,1529.0,4146.6,6585.8,5505.5,1399.8,802.1
2026-07-28 18:15:00,729.1,251.6,829.3,1111.4,777.4,412.8,37.4,73.0,140.9,107.8,245.2,1357.4,2989.1,2237.6,1370.5,1772.7,104.1,100.5,1199.0,1533.1,524.5,823.1,5197.5,5343.0,2402.0,665.5,4586.4,4375.9,2370.1,2424.5,1606.6,2268.1,900.9,3225.2,946.9,1124.3,1534.0,4246.2,6630.4,5459.3,1419.9,762.8
2026-07-28 18:30:00,739.2,228.9,895.9,1207.9,770.4,445.9,55.8,74.8,166.3,85.8,276.3,1347.5,2122.2,2128.0,1363.7,1763.7,104.1,136.6,1203.6,1518.5,533.7,800.0,5195.1,5332.0,2415.5,665.3,4604.3,4977.8,2361.4,2411.2,1597.5,2392.8,895.9,3252.7,946.2,1131.8,1540.8,4192.2,6682.8,5446.6,1436.8,726.1
2026-07-28 18:45:00,740.6,211.9,973.9,1203.1,758.2,416.6,60.0,74.3,192.4,58.9,293.9,1315.0,1797.7,2016.2,1405.3,1684.7,104.1,133.9,1217.7,1516.2,552.5,793.9,5193.1,5337.7,2416.4,664.6,4612.0,5871.1,2416.7,2333.7,1610.6,2646.7,889.8,2668.6,945.6,1139.0,1548.8,4106.2,6685.1,5494.1,1450.4,700.0
2026-07-28 19:00:00,753.7,189.0,1039.1,1081.9,781.9,320.7,121.1,103.7,219.4,41.5,456.0,1289.4,1722.5,1948.4,1391.4,1571.7,126.7,52.5,1197.3,1598.0,564.4,748.5,5138.6,5668.9,2410.2,633.5,4649.3,5685.8,2375.6,2185.1,1592.7,2582.0,896.4,3238.0,947.8,1320.8,1604.0,4361.1,6717.5,5384.3,1515.7,628.6
2026-07-28 19:15:00,763.9,182.6,1085.9,1061.2,775.9,315.2,120.7,98.4,256.5,32.0,461.4,1266.2,1701.6,1817.9,1207.4,1272.5,126.7,51.5,1177.2,1583.6,573.0,731.8,5131.4,5777.7,2416.2,638.5,4650.1,5974.6,2372.0,2155.9,1595.0,2583.4,897.4,3193.4,950.4,1328.9,1607.4,4372.5,6692.8,5383.9,1527.3,610.0
2026-07-28 19:30:00,747.9,181.9,1129.4,1060.7,767.7,295.5,113.9,98.1,293.3,43.2,473.3,1242.5,1709.0,1918.2,1294.9,1247.5,140.3,44.4,1178.0,1572.0,576.1,729.4,5114.3,5753.2,2412.6,641.5,4650.5,6224.3,2371.1,2083.1,1596.1,2703.9,896.2,3032.7,943.8,1337.4,1605.3,4326.4,6674.5,5363.9,1529.6,577.0
2026-07-28 19:45:00,744.4,178.4,1164.6,1021.9,761.9,319.4,108.7,97.8,325.9,84.8,487.9,1221.0,1712.6,1972.1,1373.3,1293.7,141.9,45.5,1172.3,1620.7,589.2,736.0,5094.7,5768.3,2408.5,637.9,4646.4,6332.3,2365.3,2072.0,1592.7,2676.8,893.8,2922.6,945.0,1344.4,1601.3,4312.6,6672.7,5451.4,1514.7,542.1
2026-07-28 20:00:00,736.2,170.2,1160.7,1002.1,778.9,425.4,107.0,204.9,329.9,35.4,446.2,1249.3,1744.9,1997.7,1255.3,1227.7,215.0,24.0,1298.8,1547.2,610.4,720.9,5015.3,5719.7,2390.3,651.2,4673.3,6228.9,2387.8,2060.3,1592.9,2780.2,896.4,3124.6,941.2,1317.7,1587.4,4254.5,6673.8,5362.5,1530.5,504.0
2026-07-28 20:15:00,735.0,169.0,1170.8,987.1,765.9,445.5,106.2,203.6,337.8,75.8,438.7,1234.2,1732.9,1995.3,1273.2,1185.8,155.8,24.7,1277.2,1548.8,607.1,718.7,4991.5,5685.7,2381.2,652.8,4665.5,6259.7,2380.5,2043.2,1582.8,2746.6,894.7,3078.9,938.7,1335.1,1575.1,4224.3,6661.4,5329.2,1514.6,482.6
2026-07-28 20:30:00,732.4,166.4,1168.9,969.7,770.8,446.0,106.4,208.4,342.0,73.2,404.3,1225.2,1733.2,1876.1,1292.9,1161.9,156.7,15.0,1259.9,1561.8,605.1,716.9,4967.9,5668.9,2376.2,655.0,4667.3,6332.4,2379.6,2027.7,1584.5,2733.0,896.8,3010.4,936.7,1357.6,1572.7,4201.4,6644.2,5344.8,1515.4,487.8
2026-07-28 20:45:00,732.3,166.3,1159.0,959.6,766.6,443.7,100.9,204.5,343.9,70.9,393.5,1230.7,1728.8,1907.9,1304.3,1154.7,192.6,14.4,1242.6,1581.7,592.3,716.6,4937.4,5655.7,2378.0,655.6,4659.5,6347.7,2375.9,1990.9,1581.2,2700.0,894.3,3005.5,937.9,1391.1,1576.0,4157.2,6631.6,5366.2,1517.3,470.8
2026-07-28 21:00:00,724.2,192.4,1138.5,952.2,762.9,454.0,46.9,80.4,348.3,69.6,286.0,1248.3,1693.5,1780.6,1470.0,1160.2,256.6,14.6,1237.2,1622.0,597.2,717.2,4980.1,5790.0,2342.3,692.5,4623.4,6377.7,2448.5,1867.5,1567.6,2702.5,892.8,2904.1,946.1,1385.4,1522.8,4200.1,6614.3,5392.8,1534.2,448.9
2026-07-28 21:15:00,719.2,180.2,1119.3,961.1,760.4,452.4,46.9,77.8,349.8,67.8,282.4,1251.4,1689.9,1788.6,1531.0,1142.1,256.5,24.2,1235.5,1583.4,593.9,713.1,5006.0,5773.8,2341.9,689.9,4609.4,6351.4,2443.6,1858.8,1565.8,2693.0,888.6,2915.1,942.4,1428.0,1529.6,4178.5,6592.9,5376.8,1534.6,430.3
2026-07-28 21:30:00,713.5,189.0,1093.6,966.3,754.4,444.6,47.0,77.8,352.6,66.5,284.0,1248.6,1697.7,1803.1,1540.7,1139.4,281.4,25.9,1232.1,1561.6,590.7,708.5,4992.4,5768.0,2320.4,685.8,4603.0,6321.2,2438.7,1853.6,1578.4,2688.4,886.8,2919.0,943.6,1478.1,1533.9,4102.8,6571.7,5370.3,1536.9,394.0
2026-07-28 21:45:00,708.0,167.9,1058.7,978.2,747.3,425.6,47.4,94.0,347.8,66.1,282.8,1249.8,1715.7,1705.8,1530.0,1124.9,281.3,23.5,1250.1,1543.6,585.5,708.8,4967.0,5714.6,2314.7,684.2,4589.4,6296.5,2425.4,1839.3,1579.7,2676.4,879.5,2918.6,948.1,1536.8,1536.6,4067.9,6545.5,5332.0,1533.8,384.2
2026-07-28 22:00:00,683.8,168.7,1025.0,900.1,732.3,245.6,48.0,170.6,353.9,64.2,303.1,1235.0,1561.4,1407.9,1337.4,1165.1,44.9,70.4,1062.6,1380.3,540.8,716.5,4856.9,5766.0,2317.3,689.6,4581.2,6413.8,2471.5,1869.4,1570.3,2694.4,876.3,2942.7,950.1,1502.6,1588.8,4017.3,6506.7,5192.9,1504.8,400.0
2026-07-28 22:15:00,691.9,166.1,997.2,903.3,717.2,242.5,48.1,170.6,347.3,13.8,296.4,1224.9,1585.9,1426.2,1325.7,1137.7,44.9,70.2,1058.0,1346.3,536.7,709.8,4808.2,5790.2,2298.8,685.6,4571.9,6331.7,2429.9,1891.0,1575.9,2444.5,874.7,2959.7,949.3,1560.9,1586.9,4009.2,6471.3,5185.6,1483.4,387.3
2026-07-28 22:30:00,689.3,166.5,970.6,893.3,718.5,243.4,47.8,170.6,345.3,13.7,321.1,1215.3,1604.6,1444.0,1297.9,1138.0,50.0,69.8,1051.7,1334.7,534.3,708.1,4756.4,5739.2,2290.6,679.0,4567.2,6107.4,2420.1,1911.3,1560.6,2333.6,866.5,3148.4,962.4,1478.9,1582.2,3996.7,6442.1,5185.7,1466.6,380.2
2026-07-28 22:45:00,703.9,168.3,942.0,883.0,706.1,243.8,47.9,170.6,336.4,7.4,304.6,1215.5,1605.4,1531.8,1268.9,1134.1,50.0,69.3,1042.8,1325.8,535.9,701.8,4703.6,5738.9,2275.1,683.9,4546.3,5939.4,2418.0,1912.3,1558.6,2283.1,864.6,3270.8,955.9,1511.6,1576.8,3825.7,6451.3,5171.0,1448.5,381.3
2026-07-28 23:00:00,677.7,169.6,941.3,876.4,679.1,154.3,44.7,26.7,339.1,11.1,380.7,1211.5,1502.6,1465.3,1181.6,1137.2,0.0,129.0,990.3,1280.6,502.0,705.9,4561.9,5712.4,2216.7,678.7,4486.1,6029.8,2433.4,1949.6,1551.3,2246.3,853.3,3114.4,955.8,1445.5,1521.0,3760.6,6372.1,5154.3,1422.1,346.7
2026-07-28 23:15:00,676.6,169.4,918.6,853.7,663.4,151.5,44.6,26.6,342.4,11.3,408.6,1211.7,1492.8,1544.0,1188.4,1117.2,0.0,123.7,995.6,1272.5,504.9,709.3,4545.7,5711.9,2181.2,676.9,4468.0,5894.8,2428.7,1943.7,1548.1,2229.7,845.9,3187.6,952.2,1471.8,1503.9,3684.1,6310.6,5075.3,1401.6,347.9
2026-07-28 23:30:00,667.2,163.2,899.7,805.9,647.8,152.0,42.3,26.6,341.4,3.1,357.5,1211.9,2006.3,1623.2,1139.9,1118.4,0.0,113.9,999.0,1268.2,504.0,706.3,4599.7,5674.0,2154.7,674.7,4460.2,5847.8,2417.6,1936.0,1546.7,2215.2,838.5,3191.7,944.4,1492.4,1478.2,3671.0,6256.9,5070.9,1390.3,338.1
2026-07-28 23:45:00,657.6,153.6,881.1,722.9,638.8,152.5,39.8,26.7,325.7,3.1,332.4,1212.1,2458.4,1742.4,1093.8,1119.9,0.0,124.3,993.2,1271.9,498.4,703.8,4574.3,5653.2,2132.2,680.2,4443.2,5785.0,2411.8,1931.9,1542.9,2192.7,834.1,3202.5,934.1,1497.8,1443.8,3592.8,6183.5,5054.4,1361.9,331.6
2026-07-29 00:00:00,660.7,171.0,874.2,802.4,641.5,86.2,24.5,33.2,328.9,7.5,285.4,1236.2,1794.3,1767.7,892.7,900.4,3.9,97.4,994.6,1595.3,386.8,891.0,4729.5,5479.1,2047.2,661.4,4523.4,5206.5,2659.9,1999.8,1482.6,2604.8,833.9,3678.5,942.6,1591.2,1219.9,3571.9,6061.6,4944.1,1325.4,285.7
2026-07-29 00:15:00,652.8,170.4,865.4,781.0,631.8,82.8,30.6,33.2,332.1,7.5,293.3,1236.2,1794.0,1738.6,911.7,898.2,3.5,97.3,987.2,1561.6,386.8,886.5,4723.5,5436.3,2024.3,659.6,4514.8,5167.0,2653.8,2006.1,1479.1,2686.7,823.0,3669.1,941.2,1604.7,1229.9,3546.4,6008.2,4865.6,1306.6,282.4
2026-07-29 00:30:00,648.1,169.4,856.4,737.3,622.8,82.5,35.8,33.2,317.1,7.5,210.8,1236.4,2096.0,1783.6,883.7,913.5,3.1,97.0,975.2,1538.8,381.1,905.1,4704.6,5384.2,1990.7,659.0,4499.9,5132.1,2645.1,2003.4,1473.7,2759.4,819.1,3649.0,940.5,1615.9,1236.0,3512.4,5960.4,4841.5,1299.4,273.3
2026-07-29 00:45:00,646.2,168.9,846.0,719.4,616.7,82.5,37.3,31.9,315.9,7.5,187.1,1238.1,2491.5,1913.2,862.5,912.8,27.8,96.9,984.0,1540.6,391.2,930.0,4685.9,5372.6,1962.4,658.8,4490.1,5102.5,2636.5,2004.0,1472.8,2762.9,809.3,3625.6,936.2,1629.2,1237.3,3489.2,5964.8,4828.9,1283.9,276.1
2026-07-29 01:00:00,637.6,167.6,859.2,672.0,616.6,82.6,42.9,24.4,326.7,3.5,154.9,1263.7,2251.2,1885.6,821.7,924.4,2.3,99.7,936.6,1489.6,380.1,932.0,4658.7,5398.7,1912.7,679.1,4437.5,4997.2,2635.4,1998.0,1440.3,2743.2,805.2,3558.2,932.6,1607.0,1239.6,3423.5,5840.2,4847.2,1257.4,294.0
2026-07-29 01:15:00,635.1,163.8,849.4,687.7,609.5,83.1,43.0,24.4,324.6,2.5,188.4,1257.8,2379.0,1970.0,810.8,910.8,1.7,99.5,936.4,1459.8,386.9,935.5,4648.5,5380.1,1893.5,678.5,4431.0,4976.3,2629.3,2000.2,1434.7,2739.6,803.4,3546.2,929.8,1615.9,1235.6,3396.0,5805.8,4842.0,1249.2,291.7
2026-07-29 01:30:00,635.7,159.7,839.0,682.1,604.8,83.4,43.8,24.4,327.4,2.5,168.7,1258.5,2378.3,2014.6,796.3,912.9,26.1,99.4,933.7,1429.8,387.8,937.2,4640.2,5355.0,1874.1,679.2,4429.6,4962.1,2623.8,1998.6,1432.0,2736.1,798.5,3532.1,926.7,1620.9,1230.1,3360.9,5767.2,4817.0,1240.8,293.8
2026-07-29 01:45:00,633.3,155.8,828.4,675.8,600.2,83.8,42.9,24.4,323.3,2.5,155.6,1259.8,2390.9,2030.2,782.4,907.2,25.5,99.4,937.9,1393.6,389.3,939.2,4631.8,5334.1,1853.5,679.5,4419.5,4936.7,2619.9,2002.3,1431.0,2734.8,794.6,3517.7,924.0,1621.3,1219.1,3327.1,5734.9,4805.7,1232.8,292.1
2026-07-29 02:00:00,626.2,152.1,840.6,710.0,600.8,83.6,56.1,8.9,310.4,1.0,111.4,1280.0,2398.3,1919.2,820.1,901.8,14.4,62.4,972.0,1363.5,393.0,938.7,4490.1,5314.5,1809.1,683.2,4223.6,4800.1,2619.2,2004.6,1408.4,2712.9,794.3,3420.1,919.3,1654.8,1209.2,3250.9,5865.1,4891.6,1229.2,299.0
2026-07-29 02:15:00,628.6,148.8,838.2,770.1,598.7,83.1,53.0,8.9,292.8,1.0,103.4,1281.9,2393.1,1908.3,809.7,902.2,14.4,62.9,945.2,1328.9,382.2,924.2,4483.6,5304.2,1792.7,683.9,4217.1,4780.2,2615.1,2009.4,1405.1,2709.2,791.0,3407.7,916.4,1651.1,1204.0,3206.1,5835.0,4879.4,1229.9,299.6
2026-07-29 02:30:00,622.8,145.6,837.8,744.1,596.1,82.4,52.7,8.9,311.0,1.0,127.1,1284.8,2399.6,1891.5,799.8,901.5,14.4,63.1,951.1,1285.2,381.0,917.7,4467.9,5267.3,1785.7,684.7,4215.8,4431.2,2610.4,2011.6,1404.5,2706.6,788.0,3381.3,915.0,1643.8,1205.8,3156.6,5783.4,4868.7,1223.7,297.4
2026-07-29 02:45:00,617.4,142.8,837.8,740.0,594.6,83.8,52.8,8.9,302.3,1.0,105.6,1286.0,2408.8,1957.3,792.0,901.2,14.4,63.6,948.3,1272.6,379.6,913.9,4460.3,5288.1,1767.1,685.4,4211.8,4218.4,2606.3,2013.2,1404.2,2707.6,780.9,3303.1,914.9,1636.5,1213.0,3112.8,5756.0,4862.5,1219.1,293.0
2026-07-29 03:00:00,614.0,140.1,815.3,702.5,592.6,80.7,59.0,5.4,306.5,1.0,73.2,1328.2,2431.7,1973.9,833.0,902.3,15.7,65.6,920.4,1213.9,372.0,889.0,4388.1,5239.9,1735.9,697.1,4125.0,4359.5,2592.9,2001.9,1392.1,2680.1,763.2,3344.9,910.5,1804.6,1224.7,3093.7,5621.7,4718.3,1223.4,291.0
2026-07-29 03:15:00,612.0,137.5,817.4,749.9,588.8,80.1,58.4,5.4,300.5,1.0,72.4,1328.8,2440.1,1991.8,837.8,905.0,15.7,65.2,913.6,1179.1,366.4,873.2,4385.6,5259.8,1723.4,696.9,4125.4,4359.0,2588.2,2002.4,1394.7,2680.8,762.1,3338.6,910.6,1792.4,1233.5,3042.8,5587.0,4713.0,1216.5,298.5
2026-07-29 03:30:00,606.3,135.1,822.4,755.3,590.4,81.2,56.2,5.5,304.8,1.0,64.7,1331.4,2439.1,1964.8,841.6,906.4,15.7,64.6,908.8,1149.4,362.8,855.2,4392.4,5259.4,1718.1,696.6,4123.2,4311.3,2584.4,2009.4,1391.3,2676.4,757.6,3327.0,906.5,1781.6,1232.9,2988.8,5559.4,4745.4,1216.3,292.9
2026-07-29 03:45:00,603.4,133.1,824.1,745.0,588.6,80.2,55.7,5.4,305.6,1.1,64.3,1333.0,2434.0,1955.1,836.2,906.5,15.7,64.1,903.8,1124.5,360.6,837.4,4384.4,5309.7,1713.9,696.3,4123.8,4282.9,2584.2,2014.3,1388.7,2676.8,757.9,3306.2,903.9,1767.7,1227.8,2942.9,5560.8,4741.6,1206.1,287.5
2026-07-29 04:00:00,625.0,130.9,795.4,713.1,600.1,76.6,30.9,22.9,305.4,6.1,61.7,1335.7,2379.4,2066.9,773.6,909.4,13.0,61.4,892.1,1089.5,359.4,817.9,4397.9,5140.2,1694.3,757.2,4123.0,4233.0,2575.6,1844.8,1380.7,2690.1,759.9,3239.8,904.3,2008.2,1220.2,3108.5,5490.2,4682.3,1209.5,285.3
2026-07-29 04:15:00,619.0,128.9,807.7,724.1,596.4,81.5,28.5,22.9,307.0,7.4,60.4,1343.1,2377.9,2030.9,754.0,918.2,13.0,60.7,882.2,1065.8,352.2,801.1,4425.9,5213.4,1694.0,757.4,4123.5,4516.0,2575.9,1833.0,1380.8,2638.5,758.1,3257.9,899.6,1987.9,1215.0,3067.0,5470.1,4714.2,1207.1,285.9
2026-07-29 04:30:00,598.8,131.2,822.6,713.7,598.0,97.6,27.3,22.9,308.8,6.1,72.1,1332.3,2385.0,1980.6,753.1,918.9,13.0,84.9,875.9,1046.2,349.7,784.4,4443.4,5256.8,1687.7,756.7,4125.4,4590.4,2568.1,1838.1,1379.4,2626.5,757.2,3200.3,902.8,1967.3,1221.0,3031.1,5460.3,4713.8,1197.0,283.1
2026-07-29 04:45:00,581.9,136.6,843.6,723.2,601.9,126.9,25.1,22.9,315.6,6.1,80.3,1332.3,2380.6,1955.3,754.0,921.4,13.0,84.1,868.8,1028.8,347.4,770.9,4481.7,5362.8,1686.6,758.3,4125.2,4747.9,2568.5,1842.8,1379.9,2658.2,755.8,3042.3,908.9,1941.7,1236.7,2996.4,5453.7,4714.0,1199.9,279.8
2026-07-29 05:00:00,619.6,152.8,907.2,643.4,634.6,279.6,22.5,41.2,303.6,3.1,75.2,1302.5,2450.9,2028.6,780.2,928.9,0.0,53.7,891.2,1017.7,374.5,753.1,4586.4,5042.6,1678.8,725.6,4270.1,4539.2,2566.1,2045.8,1379.2,2611.4,748.0,3355.1,915.7,2192.9,1252.7,3172.6,5395.2,4660.1,1194.1,272.2
2026-07-29 05:15:00,613.4,152.8,922.3,709.9,652.9,309.4,20.5,41.2,315.7,3.1,104.1,1294.2,2450.9,2023.7,781.4,931.4,0.0,76.5,890.9,1009.5,375.2,748.1,4637.1,5144.0,1694.6,725.6,4271.8,4671.6,2572.6,2038.5,1383.4,2617.4,751.3,3372.0,921.8,2156.7,1261.0,3133.2,5402.6,4685.1,1202.6,266.5
2026-07-29 05:30:00,601.4,167.7,923.8,704.6,665.7,361.7,17.5,41.3,321.0,3.1,81.5,1303.7,2456.2,1985.2,765.9,945.5,0.0,115.3,878.6,995.4,377.1,730.2,4661.0,5238.9,1700.4,725.0,4330.4,4733.9,2576.1,2044.8,1384.3,2618.4,756.5,3380.1,923.7,2116.0,1259.6,3131.9,5426.8,4675.5,1202.1,263.6
2026-07-29 05:45:00,594.5,185.5,919.7,716.8,673.5,412.2,16.5,41.5,327.8,3.1,83.0,1312.0,1998.1,2005.5,769.1,989.7,0.0,84.6,877.9,991.5,373.1,726.6,4705.7,5383.8,1728.3,722.3,4290.1,4708.2,2580.6,2057.7,1390.8,2611.9,761.3,3396.2,921.4,2073.7,1245.9,3102.8,5455.3,4669.1,1216.7,258.7
2026-07-29 06:00:00,636.2,202.2,894.9,732.2,694.3,651.8,22.3,48.0,328.7,7.8,99.2,1287.0,2259.1,2653.7,783.0,991.9,0.0,164.5,909.9,996.2,363.8,696.9,4810.5,4786.1,1792.9,718.7,4297.2,4760.5,2593.4,1974.3,1430.0,2703.2,789.5,3338.8,904.9,2454.9,1253.2,3481.4,5608.3,4705.0,1232.9,248.5
2026-07-29 06:15:00,636.8,237.0,879.8,731.1,707.8,710.8,17.5,48.1,325.7,7.8,102.0,1276.1,2271.0,2897.1,786.0,1020.4,0.0,157.5,916.2,1011.8,353.5,704.6,4868.3,4911.4,1824.0,718.9,4299.5,4871.3,2606.8,1958.8,1435.2,2719.6,801.8,3292.5,908.5,2414.3,1235.4,3462.4,5670.8,4720.8,1254.6,250.3
2026-07-29 06:30:00,631.9,262.4,845.0,713.4,719.1,756.2,21.7,48.5,326.1,7.8,113.5,1285.4,2305.2,2958.3,789.4,1039.7,0.0,146.1,922.7,1013.4,352.5,697.4,4803.4,4996.6,1855.0,719.1,4317.0,4837.1,2606.9,1970.4,1442.2,2725.5,815.9,3384.2,906.0,2378.3,1226.5,3446.5,5741.7,4725.6,1275.5,240.9
2026-07-29 06:45:00,624.8,288.3,819.0,710.4,723.3,818.2,26.0,48.9,325.8,8.3,110.7,1279.4,2312.2,3112.7,771.1,1079.8,0.0,147.9,929.5,1023.9,351.7,706.6,4812.8,5106.9,1890.5,718.7,4319.1,4859.5,2631.9,1968.5,1447.5,2741.0,820.1,3420.7,909.3,2346.6,1228.9,3412.1,5805.8,4772.1,1307.7,237.8
2026-07-29 07:00:00,629.4,319.3,777.3,666.7,730.6,874.6,21.9,18.8,361.0,8.3,120.0,1286.6,2514.6,3155.6,839.8,1103.4,12.6,110.4,993.1,1004.3,377.5,704.1,4833.5,5049.5,1969.0,726.9,4390.9,5070.2,2650.1,1974.5,1496.9,2716.1,836.2,3395.5,924.9,2524.9,1243.0,3386.8,5850.8,4780.2,1352.8,276.1
2026-07-29 07:15:00,631.6,358.2,748.7,665.1,736.8,936.2,24.3,19.4,350.6,8.5,123.5,1291.5,2523.3,2885.5,826.4,1124.4,12.6,111.3,994.6,988.9,374.2,693.0,4860.3,5134.3,2003.5,724.1,4395.2,5118.6,2665.5,1970.8,1505.2,2732.5,848.0,3411.6,929.4,2500.3,1251.9,3392.3,5918.1,4792.6,1368.7,279.2
2026-07-29 07:30:00,631.2,385.2,718.0,672.4,735.1,995.3,26.3,21.4,338.3,8.7,135.5,1325.0,2652.7,2345.8,811.8,1138.3,12.6,65.4,1012.1,995.1,373.8,674.6,4876.0,5220.0,2026.9,722.5,4399.6,5058.6,2675.2,1988.5,1511.7,2738.2,858.1,3504.2,930.3,2477.5,1269.8,3392.6,5968.6,4741.7,1386.1,278.7
2026-07-29 07:45:00,619.3,417.7,692.5,673.0,747.3,1048.4,29.6,22.0,324.6,9.2,140.6,1318.1,3015.2,2285.7,1042.8,1395.4,12.6,52.1,1073.3,992.3,389.0,673.8,4889.5,5297.8,2058.2,694.9,4392.7,4933.8,2692.8,1991.0,1520.8,2752.3,863.6,3562.4,934.2,2450.2,1292.5,3373.4,6017.2,4722.3,1404.3,280.2
2026-07-29 08:00:00,607.1,447.7,649.1,676.5,750.8,1030.4,53.5,26.0,299.6,15.2,177.5,1327.8,2848.6,2807.4,1319.4,1389.3,115.6,67.2,1298.4,1062.6,389.0,681.8,4846.0,5208.5,2118.0,736.1,4374.3,5194.2,2705.1,1969.6,1560.0,2828.1,879.2,3190.0,933.0,2480.7,1317.7,3338.4,6047.1,4792.2,1407.6,238.6
2026-07-29 08:15:00,599.7,476.7,622.0,714.5,752.5,1062.8,55.7,26.9,279.4,21.9,179.6,1330.3,3382.8,2451.4,1444.2,1571.3,115.6,54.0,1280.9,1036.8,383.0,669.6,4865.4,5256.3,2144.6,742.6,4369.2,4804.4,2716.1,1981.1,1563.6,2826.1,880.3,3368.2,926.6,2458.8,1332.7,3333.7,6100.8,4753.1,1418.6,245.1
2026-07-29 08:30:00,588.7,503.3,593.4,753.7,748.6,1030.7,51.9,27.8,256.6,28.1,176.4,1346.5,3389.6,2295.6,1464.5,1694.0,115.6,56.6,1273.2,1067.5,386.4,663.1,4864.9,5273.0,2153.0,741.9,4360.6,4305.5,2718.3,1984.6,1567.5,2833.3,890.4,3199.5,929.4,2434.6,1343.0,3322.0,6123.3,4717.9,1419.0,253.1
2026-07-29 08:45:00,575.7,524.8,562.0,793.4,743.7,1018.0,61.6,27.4,224.6,35.0,181.6,1350.4,3381.9,2235.5,1414.4,1708.6,115.6,73.4,1337.2,1119.6,419.9,226.1,4861.3,5272.2,2175.8,732.7,4323.8,3879.0,2732.1,1991.7,1569.3,2831.6,905.2,2963.6,943.7,2411.3,1345.7,3286.9,6159.5,4731.9,1426.5,263.1
2026-07-29 09:00:00,577.1,553.4,530.6,827.9,747.3,1105.9,51.9,32.1,169.6,49.6,294.3,1389.7,3414.6,2499.8,1333.3,1631.0,0.0,162.5,1295.5,1186.7,419.5,716.7,4923.4,5414.3,2214.9,710.6,4185.4,3328.4,2714.0,2033.6,1590.9,2835.2,911.0,3012.5,942.9,2066.5,1332.9,3229.9,6172.2,4792.9,1417.0,238.8
2026-07-29 09:15:00,571.2,572.7,507.9,863.9,747.5,1082.5,63.2,35.4,149.7,71.0,292.3,1399.3,4049.5,3071.1,1261.2,1220.7,0.0,180.2,1309.6,1143.0,441.0,227.9,4910.3,5355.6,2230.3,711.8,4180.9,3119.1,2718.7,2017.5,1595.5,2830.6,927.1,2592.8,950.9,2049.2,1330.0,3214.6,6189.7,4807.1,1414.2,250.0
2026-07-29 09:30:00,563.4,590.0,494.8,903.9,742.7,1014.8,67.5,33.6,125.1,95.9,277.1,1408.4,4058.7,2487.8,1194.1,1078.7,0.0,177.1,1311.1,973.5,448.4,231.5,4901.4,5358.7,2247.1,709.8,4283.7,2772.4,2719.2,2010.1,1595.8,2827.6,932.8,2417.0,951.7,2036.4,1330.1,3191.3,6207.7,4837.9,1416.5,257.4
2026-07-29 09:45:00,553.0,581.9,469.9,947.5,741.0,959.2,67.6,34.0,96.6,122.9,278.0,1417.3,4542.1,2516.4,1130.7,1112.5,0.0,207.2,1369.1,1006.9,459.9,247.0,4897.9,5349.3,2266.8,710.6,4305.2,2508.1,2725.4,2005.7,1598.4,2807.1,934.7,2075.7,953.5,2027.0,1333.5,3169.4,6216.1,4874.0,1414.9,268.6
2026-07-29 10:00:00,549.5,620.9,473.1,986.6,739.0,988.6,96.9,38.2,139.2,172.0,278.0,1597.2,5214.8,2917.7,1248.5,1324.9,0.0,275.9,1457.1,937.9,571.1,257.8,4937.4,5162.7,2299.1,720.3,4628.2,2609.9,2740.5,1898.3,1615.4,2769.7,919.5,2025.4,950.4,1856.3,1338.4,3233.7,6200.4,4943.8,1396.9,274.3
2026-07-29 10:15:00,543.7,629.6,460.8,1019.8,742.6,940.3,98.5,38.5,138.8,224.2,275.2,1614.5,5218.5,2926.9,1171.4,1360.7,0.0,273.9,1445.3,908.5,570.3,227.8,4952.5,5171.6,2311.7,727.9,4686.8,2572.1,2743.6,1882.6,1620.4,2756.2,927.6,1669.5,949.3,1854.8,1339.3,3227.9,6187.0,4972.5,1394.2,284.4
2026-07-29 10:30:00,540.6,636.6,674.6,1045.3,745.1,1030.0,98.8,38.7,138.0,262.9,281.0,1642.3,5221.4,2882.6,1121.2,1378.5,0.0,236.8,1450.7,927.5,572.3,231.7,5044.8,5211.8,2318.1,729.3,4688.9,2556.7,2739.3,1879.0,1618.7,2766.8,926.8,1470.3,948.0,1853.8,1336.7,3251.3,6173.1,5016.8,1391.4,291.6
2026-07-29 10:45:00,537.3,637.3,670.2,1068.1,744.4,999.1,95.2,39.0,136.8,292.0,282.4,1639.0,5242.8,2881.1,1078.4,1379.1,7.9,182.3,1508.2,940.7,578.9,233.6,5058.8,5192.7,2320.5,729.3,4688.9,2492.6,2745.5,1873.3,1619.2,2764.6,918.0,1316.8,947.9,1855.1,1327.8,3233.9,6170.5,5047.7,1392.7,301.1
2026-07-29 11:00:00,544.5,661.5,646.9,1098.9,737.2,1049.5,187.6,11.7,143.9,345.1,289.9,1861.1,5410.5,3136.3,1562.3,1395.0,125.6,242.3,1523.7,1066.9,576.9,235.1,5040.9,5332.5,2339.4,741.6,4761.0,2756.3,2762.5,1612.9,1616.3,2757.2,929.6,1368.9,945.9,1559.1,1317.2,2768.2,6186.6,5107.4,1382.0,307.9
2026-07-29 11:15:00,545.8,660.8,638.9,1097.4,736.8,975.4,188.1,11.7,143.1,350.0,292.6,1865.1,5409.5,3112.0,1529.2,1405.5,133.2,148.4,1535.5,1041.8,576.5,227.5,4984.2,5206.1,2343.6,742.2,4750.4,2756.3,2765.2,1612.8,1617.8,2761.5,919.2,1348.8,947.0,1564.5,1306.6,2777.5,6156.2,5139.1,1373.2,316.4
2026-07-29 11:30:00,550.5,651.1,636.6,1101.7,740.5,830.6,185.3,11.7,143.8,239.5,298.8,1878.9,5428.9,3061.4,1491.6,1398.0,138.8,121.8,1638.4,1070.2,605.3,225.6,4988.6,5092.6,2347.0,743.9,4741.1,2758.2,2760.7,1611.3,1618.7,2763.0,920.2,1336.0,946.9,1568.9,1298.3,2750.4,6139.8,5171.6,1374.6,323.9
2026-07-29 11:45:00,556.1,637.8,647.5,1087.0,749.0,703.9,186.9,11.6,143.2,268.9,307.9,1884.4,5457.6,3062.1,1445.7,1382.6,159.1,96.8,1617.9,1066.1,603.7,224.6,4988.4,5003.1,2354.6,745.9,4739.5,2761.0,2766.1,1612.2,1622.4,2764.5,922.8,1342.5,952.8,1576.6,1286.7,2758.8,6176.9,5189.4,1371.0,330.1
2026-07-29 12:00:00,558.3,650.7,722.0,1099.8,753.6,720.4,152.7,11.6,171.9,298.2,316.2,2024.5,5570.5,3203.0,1427.1,1402.8,166.1,10.3,1934.2,1032.7,622.6,218.3,5193.2,5079.6,2363.3,778.3,4644.6,2724.2,2790.9,1642.1,1616.8,2769.5,933.7,1356.7,978.9,1200.9,1382.0,2338.4,6156.5,5253.8,1365.8,335.0
2026-07-29 12:15:00,560.2,649.2,733.2,1082.8,755.1,661.9,161.5,11.6,171.5,323.4,344.0,2021.4,5630.1,3135.0,1414.4,1390.5,157.4,10.3,1984.1,795.9,620.9,217.0,5191.4,5056.1,2366.6,783.3,4639.8,2718.7,2793.3,1645.0,1616.0,2767.6,934.9,1356.3,983.6,1210.1,1373.5,2345.3,6139.0,5274.0,1357.2,338.9
2026-07-29 12:30:00,560.4,650.4,740.1,1079.0,755.0,616.3,164.8,11.6,171.5,333.1,345.9,1983.1,5623.7,3088.0,1380.3,1382.7,157.3,10.3,1975.3,815.7,618.3,217.8,5180.1,5049.2,2364.4,790.3,4642.1,2711.1,2786.7,1638.7,1615.6,2764.6,937.1,1356.7,984.3,1217.7,1370.9,2363.0,6118.0,5267.4,1355.9,345.6
2026-07-29 12:45:00,560.0,638.8,753.9,1063.7,763.7,618.8,164.4,11.6,171.1,338.8,339.9,1990.2,5676.4,2976.9,1356.8,1391.9,157.3,10.3,1968.3,819.6,616.5,211.5,5167.5,5045.5,2369.5,795.1,4636.8,2707.8,2788.7,1641.7,1618.8,2765.8,933.2,1348.5,983.2,1224.2,1373.4,2392.4,6112.6,5280.4,1351.4,346.6
2026-07-29 13:00:00,576.7,629.3,781.7,1039.1,764.1,538.9,179.9,11.6,150.7,348.5,426.4,1936.8,5640.1,3098.3,1267.3,1399.4,93.6,61.4,1937.4,833.5,580.5,207.0,5055.6,4958.6,2374.6,796.9,4610.4,2619.4,2802.4,1558.8,1612.7,2745.7,934.4,1424.9,981.7,1164.5,1373.5,2342.0,6281.1,5466.2,1397.2,344.1
2026-07-29 13:15:00,577.0,629.0,789.0,1027.6,763.9,566.3,179.7,11.6,150.3,356.9,424.9,1941.5,5625.1,3098.2,1251.5,1401.8,93.2,61.4,1939.9,847.7,583.2,197.3,5053.4,4970.1,2377.7,800.6,4614.7,2619.4,2805.1,1557.7,1610.5,2742.7,933.9,1428.7,978.1,1166.7,1378.1,2360.4,6242.1,5451.8,1388.8,346.1
2026-07-29 13:30:00,582.1,628.9,801.5,1001.0,763.0,531.1,179.5,11.5,150.7,351.1,419.3,1947.9,5637.2,2990.1,1247.9,1399.5,92.8,61.4,1936.5,857.9,581.8,190.3,5048.7,4973.4,2383.7,804.6,4609.7,2619.3,2801.4,1556.8,1613.2,2742.3,937.2,1425.4,976.7,1169.0,1380.6,2376.9,6223.8,5473.1,1378.5,353.0
2026-07-29 13:45:00,581.8,620.8,819.8,974.1,763.4,541.6,178.9,11.5,150.7,355.2,418.0,1953.1,5653.2,2870.1,1244.1,1399.0,72.4,61.4,1905.0,866.8,583.0,182.1,5031.7,4983.7,2389.0,808.0,4604.6,2615.7,2802.2,1554.4,1615.8,2742.5,931.9,1419.3,973.4,1169.7,1384.1,2394.5,6264.6,5506.1,1374.6,351.1
2026-07-29 14:00:00,624.9,610.4,797.9,959.6,748.2,551.3,175.6,29.3,108.9,353.3,374.1,2060.6,5550.2,2931.4,1179.6,1404.6,176.9,29.7,1830.1,780.6,550.5,178.5,5030.2,5031.7,2399.5,798.0,4611.2,2606.2,2804.5,1552.4,1622.2,2749.7,936.3,1415.8,976.4,1326.5,1389.3,2504.1,6255.9,5539.1,1317.0,356.2
2026-07-29 14:15:00,626.7,627.2,824.7,946.6,744.6,555.3,187.1,29.2,108.6,350.3,373.3,2063.4,5543.7,2980.6,1190.2,1387.1,180.1,26.1,1847.3,787.6,551.3,172.4,5019.0,5106.4,2404.5,800.0,4609.7,2604.1,2808.0,1550.9,1626.2,2750.8,931.0,1415.2,971.9,1325.4,1393.6,2527.8,6260.9,5559.7,1315.2,350.8
2026-07-29 14:30:00,627.7,598.4,851.3,907.9,753.1,575.7,179.6,28.8,108.5,348.7,381.6,2050.3,5525.3,3170.6,1205.4,1381.8,132.5,30.3,1845.1,789.0,551.7,173.9,5004.0,5092.8,2399.7,800.0,4609.8,2601.0,2806.8,1550.2,1618.3,2743.4,932.0,1413.0,973.8,1328.3,1399.5,2519.1,6250.7,5563.5,1309.8,356.5
2026-07-29 14:45:00,629.6,629.6,871.7,855.2,757.0,633.1,169.2,28.5,108.5,342.1,373.4,2060.0,5465.4,3243.2,1213.8,1397.7,120.4,52.4,1839.3,851.6,548.3,177.2,4994.6,5135.0,2404.2,801.4,4615.4,2617.6,2809.1,1549.9,1619.9,2743.6,933.6,1492.8,975.2,1334.0,1406.8,2543.6,6257.9,5569.1,1309.3,357.1
2026-07-29 15:00:00,650.1,599.5,874.0,818.4,749.1,609.2,192.0,10.6,150.8,317.6,325.9,1968.9,5276.8,2998.9,1393.4,1363.9,235.8,74.4,1693.6,841.6,538.0,167.9,4980.5,5078.7,2422.9,817.1,4694.9,2624.9,2817.0,1623.8,1620.5,2768.3,929.3,1475.2,981.0,1634.3,1417.9,2832.1,6159.8,5464.3,1322.1,355.0
2026-07-29 15:15:00,653.5,601.8,899.7,782.4,757.9,685.2,192.0,10.2,151.2,304.4,321.6,1960.2,5332.4,3178.5,1428.5,1397.2,235.8,73.9,1643.8,949.9,534.9,166.9,4987.1,5103.3,2426.6,818.5,4694.3,2623.8,2818.3,1645.7,1619.5,2770.5,930.8,1571.6,982.7,1645.6,1427.8,2856.7,6160.8,5455.1,1319.7,344.4
2026-07-29 15:30:00,662.4,572.7,697.4,735.9,765.6,651.3,186.3,9.6,152.5,291.2,330.3,1956.3,5256.6,3238.1,1493.3,1399.5,235.8,78.2,1614.1,1317.5,533.3,163.3,4998.8,5049.6,2429.2,821.3,4698.5,2623.1,2813.6,1647.0,1624.5,2779.4,932.8,1591.3,981.8,1652.9,1425.5,2832.0,6161.8,5450.2,1318.5,347.3
2026-07-29 15:45:00,665.8,575.7,716.3,702.3,762.4,780.5,184.4,9.3,152.0,319.2,323.6,1949.0,5203.7,3241.3,1545.0,1396.2,235.8,92.7,1521.7,1469.8,513.9,166.4,5030.9,5275.2,2433.9,823.3,4693.1,2647.8,2817.8,1711.8,1620.8,2768.7,930.5,1610.6,978.6,1660.0,1423.1,2905.9,6182.1,5442.4,1315.0,337.5
2026-07-29 16:00:00,598.8,516.7,701.7,661.6,759.3,608.0,98.0,11.3,121.3,296.0,308.3,1827.4,5270.1,2981.3,1327.3,1384.3,118.3,83.9,1382.9,1425.4,474.6,179.3,5064.7,5002.7,2443.5,779.9,4626.5,2678.2,2809.4,1877.2,1612.3,2742.7,914.5,1418.9,1016.0,2054.4,1455.4,3320.9,6228.4,5439.6,1351.1,329.7
2026-07-29 16:15:00,609.5,521.7,720.6,616.8,763.4,649.1,92.9,10.8,117.4,289.4,317.4,1810.7,5227.9,3003.6,1313.3,1406.2,120.0,85.2,1251.9,1474.4,473.3,172.8,5104.5,5086.4,2435.9,782.4,4629.1,2730.6,2808.3,1913.3,1608.5,2733.1,920.0,1591.8,1016.9,2054.8,1456.0,3357.7,6263.5,5429.6,1356.6,320.4
2026-07-29 16:30:00,618.0,502.0,765.2,580.2,762.5,710.5,99.6,10.4,117.7,261.5,323.5,1809.2,5223.0,3030.8,1391.1,1405.3,101.7,84.4,1245.8,1463.0,472.5,165.3,5107.6,5198.9,2440.4,787.2,4631.8,2780.3,2804.0,1945.0,1603.9,2728.2,912.9,1702.1,1013.7,2048.1,1462.5,3417.2,6295.7,5398.7,1366.7,306.2
2026-07-29 16:45:00,625.0,483.1,798.9,554.0,758.5,676.1,100.0,10.1,118.5,232.5,315.1,1809.8,5201.4,2993.4,1479.0,1390.4,103.4,98.1,1253.2,1513.6,469.8,186.0,5120.1,5366.9,2437.0,790.5,4627.8,2909.5,2762.8,1992.9,1608.9,2739.2,911.8,2161.4,1016.3,2035.9,1471.7,3455.1,6345.8,5374.1,1379.6,292.1
2026-07-29 17:00:00,652.8,427.5,825.7,511.9,774.6,552.8,90.3,50.0,125.6,188.8,197.1,1546.7,4590.0,2629.0,1359.0,1499.7,114.8,67.4,1364.7,1596.0,463.3,215.6,5138.5,5104.6,2438.7,797.2,4344.1,2739.7,2796.5,2276.1,1602.4,2748.6,934.9,2467.2,1020.3,2359.3,1463.5,3791.7,6359.6,5320.9,1415.5,285.0
2026-07-29 17:15:00,674.8,418.2,848.2,477.2,783.8,618.8,90.0,49.4,129.2,157.9,199.6,1530.1,4104.3,2575.1,1489.4,1492.2,96.0,68.0,1321.8,1592.2,457.7,220.3,5149.9,5244.4,2440.6,797.5,4318.8,2983.6,2795.1,2322.5,1601.1,2745.7,928.8,2818.3,1022.0,2341.7,1476.8,3865.4,6410.8,5278.5,1433.9,266.0
2026-07-29 17:30:00,684.5,390.2,881.3,449.1,779.5,590.6,99.9,48.7,144.5,130.9,198.7,1532.4,3531.9,2481.3,1591.8,1576.1,72.3,68.8,1329.5,1754.3,398.7,461.0,5165.4,5450.5,2433.1,805.3,4217.0,3381.6,2746.6,2426.0,1602.8,2749.4,924.3,2873.9,1014.1,2326.0,1488.5,3920.9,6453.3,5247.9,1455.1,245.1
2026-07-29 17:45:00,688.4,356.9,941.8,448.2,772.5,558.5,95.2,48.0,121.6,161.7,220.2,1517.4,3449.3,2391.7,1670.1,1693.3,73.6,71.9,1334.3,1823.4,399.4,473.5,5156.9,5521.9,2429.4,803.3,4237.0,4086.5,2749.9,2428.9,1601.8,2727.6,913.0,2878.1,1014.5,2311.7,1482.9,3916.2,6490.3,5334.2,1471.8,221.3
2026-07-29 18:00:00,710.0,308.9,1008.8,434.8,772.6,557.3,98.7,30.1,181.7,69.1,294.0,1453.4,3467.4,2149.9,1557.0,1809.1,253.6,7.3,1207.3,1657.5,504.0,177.2,5238.3,5141.3,2411.1,913.5,4598.3,4526.1,2770.8,2346.7,1597.5,2701.1,891.8,2949.3,985.7,2746.3,1384.3,4020.3,6552.2,5623.6,1495.9,243.6
2026-07-29 18:15:00,719.3,285.2,1065.2,603.0,774.9,513.2,99.6,29.4,156.8,97.0,297.6,1420.4,3461.9,1960.6,1610.4,1981.0,254.3,9.7,1152.9,1652.2,429.8,396.4,5278.2,5186.2,2408.7,913.6,4602.8,5190.8,2771.3,2364.0,1593.1,2716.1,876.3,2932.9,983.4,2734.4,1385.8,4099.4,6575.7,5614.8,1518.6,224.7
2026-07-29 18:30:00,696.8,278.4,1110.7,766.4,778.8,449.9,94.7,31.3,182.1,76.5,335.2,1389.6,2306.4,1719.5,1608.3,1932.7,254.9,11.0,1162.5,1628.5,432.7,390.2,5293.3,5345.8,2404.7,906.2,4616.1,5423.2,2764.5,2391.7,1591.1,2731.0,879.7,2933.4,977.9,2723.6,1381.7,4115.8,6608.4,5518.3,1553.2,212.7
2026-07-29 18:45:00,702.3,293.3,1149.0,566.6,777.8,424.8,92.2,30.7,209.3,86.6,335.1,1405.3,2262.0,1523.8,1523.9,1760.8,250.5,23.3,1168.2,1675.8,439.1,404.7,5305.0,5280.3,2401.8,910.2,4625.4,5847.5,2764.9,2378.8,1591.7,2734.6,873.1,3047.4,976.1,2713.9,1371.9,4114.6,6631.4,5585.8,1576.2,204.1
2026-07-29 19:00:00,746.4,222.5,1191.0,788.4,779.8,698.0,119.1,63.0,300.1,43.3,350.2,1316.7,2071.1,1613.8,1619.8,1632.7,68.9,60.0,1189.5,1588.8,431.2,381.4,5313.1,4987.3,2404.8,965.0,4557.3,5890.3,2715.7,2300.1,1593.0,2861.4,878.7,3260.6,977.0,2635.8,1357.6,4138.2,6616.4,5665.0,1611.6,210.3
2026-07-29 19:15:00,751.0,210.1,1220.5,781.9,778.7,680.8,102.0,60.0,338.2,58.8,403.1,1294.3,2053.5,1587.4,1508.1,1423.8,133.6,62.0,1139.1,1570.0,412.4,376.0,5308.0,4973.5,2398.9,966.7,4571.1,5972.1,2739.9,2274.1,1593.4,2859.7,876.4,3311.2,973.9,2625.7,1343.5,4167.4,6630.5,5662.6,1622.1,205.2
2026-07-29 19:30:00,725.2,293.2,1254.9,761.4,776.9,651.3,101.6,59.7,376.4,62.8,379.6,1307.1,2056.6,1643.3,1639.5,1542.4,133.9,63.9,1145.6,1560.8,414.1,469.3,5291.1,4965.5,2385.0,959.6,4576.9,5915.2,2722.8,2300.2,1597.1,2860.0,879.2,3264.7,971.9,2615.9,1333.1,4199.1,6637.3,5687.8,1637.6,230.8
2026-07-29 19:45:00,732.7,314.1,1270.8,752.0,776.1,625.3,96.8,62.3,408.8,99.6,384.4,1306.6,2058.6,1623.3,1696.2,1558.2,134.1,80.1,1136.7,1578.6,428.2,503.9,5276.3,4918.3,2392.3,967.5,4578.6,5995.3,2732.5,2256.9,1593.0,2852.7,875.7,3321.4,974.1,2602.9,1326.2,4224.5,6647.0,5645.1,1650.3,223.3
2026-07-29 20:00:00,740.7,306.7,1288.4,746.8,774.3,619.5,102.8,39.2,437.7,104.9,380.0,1388.7,2053.3,1850.5,1556.9,1438.8,204.8,34.5,1241.6,1522.7,437.9,476.7,5190.5,5054.3,2379.1,987.5,4488.3,6017.4,2714.7,2355.2,1587.1,2856.7,881.0,3275.4,963.8,2435.2,1345.1,4006.5,6662.2,5650.5,1638.8,228.1
2026-07-29 20:15:00,746.8,326.0,1299.3,747.0,782.9,614.4,88.7,42.3,447.3,106.7,383.3,1368.6,1988.0,1834.6,1591.9,1384.2,204.5,49.9,1166.4,1513.6,436.6,480.9,5159.3,4958.0,2376.0,989.6,4491.0,6030.2,2713.9,2305.6,1586.7,2857.4,876.0,3288.5,962.0,2424.1,1337.6,4081.3,6648.9,5624.4,1630.6,229.5
2026-07-29 20:30:00,750.8,316.8,1293.9,748.1,783.4,619.1,88.8,43.5,353.1,104.7,378.2,1368.7,1996.4,1587.1,1516.9,1328.4,204.3,44.9,1169.2,1479.5,437.6,493.7,5129.1,4871.6,2359.4,989.8,4494.3,5983.2,2708.0,2267.0,1586.7,2854.4,886.4,3278.1,965.3,2417.6,1330.9,4138.7,6627.5,5629.5,1625.4,258.4
2026-07-29 20:45:00,752.7,320.8,1277.9,747.1,782.4,614.9,87.4,43.3,358.6,96.8,376.7,1341.2,2020.2,1551.7,1559.9,1312.5,263.9,34.9,1208.2,1491.4,447.1,505.7,5096.5,4777.2,2363.6,990.5,4497.4,5974.3,2708.2,2240.0,1584.8,2851.7,878.6,3270.8,965.6,2415.0,1321.1,4143.4,6605.4,5645.8,1620.5,236.9
2026-07-29 21:00:00,752.8,267.8,1265.8,726.6,773.7,559.1,48.6,95.5,368.3,97.7,403.9,1333.3,1996.8,1530.1,1635.8,1362.3,254.9,33.9,1227.9,1405.8,428.6,542.1,5154.8,5249.6,2346.3,1024.2,4619.3,6034.9,2684.0,2142.6,1578.1,2860.0,874.5,3323.2,989.3,2123.0,1244.1,3939.7,6585.0,5667.7,1612.7,248.9
2026-07-29 21:15:00,750.9,267.9,1249.7,726.7,770.7,556.4,48.6,94.6,371.2,81.1,389.5,1331.7,1991.9,1804.5,1671.3,1334.8,255.0,32.4,1217.6,1352.8,427.1,474.0,5180.6,5174.3,2341.5,1025.1,4610.0,5984.1,2681.4,2158.2,1575.9,2854.9,870.0,3290.2,986.5,2125.4,1234.8,4005.9,6545.1,5659.5,1595.1,228.8
2026-07-29 21:30:00,743.0,266.0,1223.8,728.6,765.1,556.0,50.1,94.6,370.7,79.3,400.5,1319.1,1979.1,1745.7,1635.5,1301.6,255.1,32.8,1216.5,1338.9,426.3,485.4,5184.5,5126.6,2330.0,1026.7,4605.9,5914.4,2676.1,2136.3,1575.4,2851.3,870.5,3257.0,987.7,2128.0,1220.7,4033.3,6517.7,5680.2,1599.0,235.6
2026-07-29 21:45:00,732.9,247.9,1197.4,726.9,755.6,544.5,48.3,91.9,368.4,29.0,404.4,1301.1,2106.6,1799.4,1612.0,1289.0,280.1,27.7,1232.7,1302.3,428.8,507.9,5159.4,5026.1,2327.6,984.3,4591.6,5880.1,2677.0,2129.9,1575.9,2848.6,860.7,3240.7,982.3,2131.9,1215.6,4045.2,6500.0,5699.5,1591.9,240.4
2026-07-29 22:00:00,712.9,227.9,1158.7,467.3,729.1,436.9,58.6,59.0,362.3,68.9,328.6,1229.6,2036.0,1629.7,1564.6,1334.0,87.7,43.2,1364.2,1324.4,409.4,558.9,5090.2,5216.3,2326.6,995.5,4570.9,5678.1,2678.9,2199.5,1564.0,2847.6,858.7,3267.8,976.6,1857.2,1275.2,4122.8,6461.7,5636.4,1549.3,229.6
2026-07-29 22:15:00,706.1,221.1,1134.0,466.4,719.2,421.1,61.3,59.0,355.9,28.5,314.6,1230.0,2092.0,1627.8,1526.4,1330.1,87.6,50.4,1357.8,1291.7,407.7,581.6,5040.2,5085.1,2312.3,994.5,4563.6,5610.6,2676.3,2198.1,1564.0,2852.9,854.5,3229.1,969.8,1860.0,1268.9,4163.6,6415.4,5655.6,1541.1,232.7
2026-07-29 22:30:00,702.3,217.3,1112.2,450.4,705.0,410.6,61.3,59.0,355.7,28.4,338.2,1225.4,2099.7,1698.3,1483.7,1342.2,67.6,48.9,1359.3,1281.4,405.2,610.3,4999.3,5003.9,2296.5,994.6,4554.7,5561.1,2669.3,2193.1,1557.7,2847.3,848.0,3198.2,965.5,1861.6,1267.2,4168.6,6374.0,5613.7,1524.7,237.2
2026-07-29 22:45:00,699.0,184.9,1084.8,442.2,706.1,397.1,61.3,59.0,363.2,22.4,321.9,1225.3,2110.9,1796.0,1471.0,1359.8,92.6,38.4,1358.7,1254.4,403.1,621.8,4942.8,4944.3,2285.2,994.8,4536.8,5539.9,2668.2,2177.0,1554.2,2841.9,844.7,3196.5,962.4,1862.0,1273.1,4166.2,6339.4,5573.9,1506.1,242.4
2026-07-29 23:00:00,688.8,186.0,1060.3,422.4,679.5,303.4,50.2,32.6,331.3,17.1,427.6,1224.9,1968.4,1705.0,1373.0,1398.5,189.5,24.7,1389.5,1239.6,387.5,670.9,4771.4,5128.7,2232.9,1021.8,4440.7,5326.9,2655.5,2223.3,1537.4,2795.8,831.6,3056.1,952.8,1612.0,1282.9,4179.7,6230.0,5549.1,1460.6,209.9
2026-07-29 23:15:00,689.4,186.0,1039.1,418.1,664.7,303.4,49.0,35.0,338.0,11.0,396.1,1225.7,1964.1,1670.6,1324.2,1403.2,169.6,19.7,1382.8,1219.4,376.0,693.9,4733.1,5080.4,2212.1,1021.7,4424.7,5298.6,2651.9,2226.4,1533.3,2792.2,820.0,3035.4,954.1,1615.0,1282.3,4211.6,6186.3,5362.3,1426.6,213.9
2026-07-29 23:30:00,672.1,200.1,1011.9,242.9,632.9,317.1,51.2,32.3,324.9,11.0,387.2,1226.2,2282.2,1738.2,1259.2,1425.1,169.6,24.4,1383.9,1210.9,374.8,712.7,4709.8,5009.8,2184.7,1021.5,4421.3,5280.0,2640.7,2212.5,1532.5,2791.5,813.8,3020.7,949.5,1614.2,1268.2,4198.9,6136.8,5322.0,1398.5,223.0
2026-07-29 23:45:00,666.4,191.4,1000.0,237.9,624.4,315.7,51.2,37.6,320.8,11.0,402.3,1227.3,2996.6,1757.2,1255.0,1431.3,169.7,24.4,1400.2,1186.0,389.4,763.2,4671.9,4937.5,2143.9,1022.5,4398.5,5226.9,2635.6,2225.7,1529.7,2771.5,808.6,2995.7,944.6,1612.1,1241.4,4208.9,6062.7,5263.8,1373.5,223.2
2026-07-30 00:00:00,659.2,198.2,977.7,282.3,606.2,290.6,51.8,6.3,308.0,6.8,288.1,1234.5,2145.4,1929.9,1157.7,1615.2,168.4,49.6,1149.8,1038.9,400.5,822.5,4543.3,4839.0,2057.0,953.1,4360.4,5202.0,2630.1,2209.5,1519.8,2667.5,784.7,2954.9,932.8,1658.9,1260.1,4263.6,6022.1,5311.4,1346.6,318.6
2026-07-30 00:15:00,642.7,197.2,963.3,263.2,600.8,289.9,50.3,4.2,303.3,6.8,273.9,1235.6,2142.9,1930.6,1194.7,1658.3,167.4,50.4,1126.8,1019.2,389.7,821.7,4540.1,4712.9,2034.4,953.9,4358.0,5183.7,2619.4,2199.7,1519.3,2660.7,782.4,2944.5,939.9,1665.1,1266.2,4229.0,5961.4,5336.5,1328.2,329.7
2026-07-30 00:30:00,640.7,196.4,953.3,253.6,600.6,289.3,52.5,4.2,301.1,6.8,247.3,1236.6,2131.6,1940.1,1193.7,1656.4,166.3,50.6,1140.2,1011.3,398.3,841.9,4529.8,4685.5,2002.6,954.6,4341.3,5146.9,2610.0,2200.1,1514.1,2653.2,777.4,2923.7,947.1,1670.6,1275.4,4231.6,5946.5,5313.7,1319.8,334.3
2026-07-30 00:45:00,640.7,195.4,942.5,237.4,594.6,288.7,54.1,17.6,295.1,6.8,215.1,1246.4,2290.3,1491.9,1177.8,1678.7,165.4,50.4,1136.0,1029.8,396.8,865.9,4519.4,4670.6,1975.9,954.4,4332.4,5119.0,2596.1,2201.0,1512.7,2648.0,771.7,2902.9,942.8,1674.2,1274.2,4245.8,5912.3,5307.3,1300.0,332.5
2026-07-30 01:00:00,637.3,194.7,955.9,198.2,594.0,337.7,54.6,16.7,319.1,1.0,182.8,1251.7,2362.5,1532.6,1159.0,1512.8,183.9,62.7,1020.9,995.3,384.1,860.4,4477.5,4797.8,1927.2,960.6,4232.1,4987.6,2568.5,2195.9,1486.3,2620.5,753.0,2795.6,934.4,1471.0,1262.0,4175.0,5774.6,5321.1,1290.3,329.5
2026-07-30 01:15:00,631.7,194.6,952.0,191.4,591.0,337.6,54.4,18.4,313.4,1.0,172.8,1252.9,2441.2,1537.2,1131.8,1508.7,183.4,62.7,1018.2,993.7,387.0,860.3,4459.9,4712.6,1906.3,959.2,4223.9,4966.2,2563.9,2199.9,1481.0,2608.3,749.8,2783.0,929.6,1475.6,1256.3,4172.9,5749.1,5305.8,1282.5,338.4
2026-07-30 01:30:00,630.9,194.6,950.8,185.0,588.7,337.5,54.3,17.1,310.5,1.0,162.0,1254.4,2436.2,1550.9,1111.7,1510.3,157.9,62.4,1011.8,981.0,380.5,859.2,4449.1,4690.5,1881.5,959.0,4219.0,4947.3,2560.6,2200.9,1478.6,2602.2,743.1,2766.6,922.1,1480.8,1252.1,4174.7,5747.4,5292.5,1271.3,334.4
2026-07-30 01:45:00,633.4,194.2,946.8,179.2,583.7,337.3,53.8,19.2,309.3,1.0,136.2,1258.2,2432.6,1599.5,1085.3,1513.7,182.4,62.4,1015.8,960.7,387.8,856.0,4434.3,4652.3,1861.2,957.5,4210.0,4927.3,2556.4,2201.9,1478.9,2594.0,738.4,2755.6,912.5,1486.1,1238.2,4172.6,5714.1,5290.0,1261.8,334.6
2026-07-30 02:00:00,632.9,193.8,948.3,175.3,578.0,337.0,63.9,2.8,297.1,3.7,185.9,1285.0,2392.5,1653.1,952.3,1351.2,233.8,18.2,984.6,955.5,371.5,848.1,4439.3,4765.2,1828.2,953.9,4109.5,4828.5,2522.3,2190.1,1456.8,2520.6,740.1,2754.7,913.5,1408.6,1223.1,4103.0,5668.5,5291.9,1253.0,346.8
2026-07-30 02:15:00,623.3,192.5,946.1,169.8,576.3,337.6,63.9,2.8,277.9,3.7,180.1,1289.3,2361.4,1685.9,928.5,1342.7,233.5,18.2,983.9,938.5,360.1,840.4,4432.1,4741.4,1814.9,949.3,4105.5,4821.5,2519.7,2188.0,1454.3,2514.3,738.3,2750.7,904.5,1415.3,1211.2,4095.6,5691.4,5291.2,1250.8,349.1
2026-07-30 02:30:00,622.1,191.4,946.1,166.1,573.7,338.7,63.8,2.8,296.6,3.7,165.1,1288.1,2349.6,1734.7,918.4,1330.6,233.2,18.2,984.2,921.4,362.2,831.4,4415.5,4723.3,1806.8,948.0,4104.1,4818.1,2515.9,2184.8,1453.0,2507.6,737.4,2748.8,901.0,1422.4,1203.8,4085.1,5709.8,5288.2,1242.6,354.5
2026-07-30 02:45:00,618.1,189.5,944.8,161.2,570.8,339.4,63.7,2.8,289.8,3.7,141.6,1291.4,2376.0,1815.2,912.9,1333.4,232.9,18.2,983.5,896.2,363.3,831.7,4403.5,4680.4,1793.8,947.0,4103.0,4495.9,2514.7,2182.6,1452.6,2498.7,733.8,2741.4,896.5,1429.2,1200.7,4061.7,5676.1,5291.6,1237.1,359.7
2026-07-30 03:00:00,622.6,188.6,942.5,157.1,570.5,339.9,62.1,2.8,305.7,1.0,164.2,1329.6,2515.8,1858.3,892.1,1309.0,205.0,19.9,954.9,883.1,356.3,794.6,4409.1,4747.6,1771.4,970.7,4111.6,4424.5,2515.9,2178.7,1438.9,2488.3,731.3,2771.8,895.2,1397.1,1198.8,4005.1,5761.1,5403.2,1239.2,368.1
2026-07-30 03:15:00,618.3,186.7,945.6,156.2,566.6,340.0,61.9,2.8,299.1,1.0,164.7,1323.7,2505.9,1889.2,874.0,1300.6,204.7,19.9,953.4,863.6,352.5,781.3,4405.3,4735.5,1761.9,970.0,4110.7,4284.0,2514.2,2174.7,1441.2,2487.9,729.7,2767.6,892.9,1403.8,1198.9,3987.0,5775.0,5405.5,1231.9,372.7
2026-07-30 03:30:00,615.0,185.0,946.7,153.4,600.2,340.1,62.0,2.8,302.0,1.0,159.3,1324.9,2509.2,1942.2,860.8,1296.3,204.4,19.8,953.9,844.1,348.9,768.8,4406.1,4753.2,1755.9,966.7,4104.3,4201.7,2512.6,2174.8,1437.3,2476.8,729.4,2767.3,887.3,1410.1,1199.1,3964.9,5730.7,5401.7,1232.0,377.6
2026-07-30 03:45:00,608.8,183.4,941.6,158.1,572.7,340.2,62.3,2.8,299.2,1.0,164.1,1326.3,2492.5,2010.3,870.6,1293.3,204.1,19.8,950.0,825.8,344.1,754.8,4410.3,4679.4,1751.5,968.1,4108.1,4312.4,2514.3,2174.0,1436.0,2467.4,729.4,2768.3,887.1,1415.4,1199.2,3937.1,5691.1,5405.8,1225.1,383.2
2026-07-30 04:00:00,616.5,181.9,952.0,145.7,607.1,396.4,64.0,2.8,297.3,2.0,129.8,1347.2,2517.4,2190.4,829.0,1278.0,167.9,52.9,951.6,738.7,351.7,733.3,4432.5,4685.5,1729.3,976.8,4181.0,3788.8,2500.2,2174.4,1424.2,2434.0,724.6,2802.5,866.6,1379.6,1201.0,3847.1,5587.8,5395.1,1220.2,395.9
2026-07-30 04:15:00,614.0,181.6,964.5,147.0,597.8,398.3,61.9,2.8,298.0,2.0,128.6,1344.3,2486.3,2229.9,837.7,1267.2,166.5,53.0,950.4,788.2,346.7,719.9,4454.9,4688.2,1727.0,975.5,4183.2,3562.5,2500.9,2170.0,1423.3,2429.5,738.2,2823.2,863.9,1383.8,1206.5,3830.5,5560.0,5397.8,1218.5,399.2
2026-07-30 04:30:00,604.4,182.1,983.1,139.3,612.6,403.7,61.7,2.8,300.2,2.1,127.3,1348.1,2488.5,2276.2,830.5,1262.1,165.2,53.0,950.5,774.2,341.9,704.5,4487.8,4741.0,1719.5,972.3,4185.6,3753.0,2500.6,2170.5,1423.0,2427.7,737.5,2822.6,864.9,1389.7,1216.1,3820.7,5554.2,5392.1,1213.2,400.9
2026-07-30 04:45:00,604.4,182.8,1000.4,149.4,579.7,413.7,62.7,2.8,310.6,2.0,120.6,1340.4,2471.3,2349.1,830.2,1257.5,163.8,53.0,956.0,762.1,340.7,690.5,4510.5,4732.0,1717.0,971.2,4187.2,3780.0,2501.0,2164.2,1422.6,2424.1,722.9,2811.8,867.5,1397.6,1229.0,3804.2,5513.7,5388.7,1217.2,402.5
2026-07-30 05:00:00,633.7,184.1,1026.9,193.8,590.4,370.5,55.5,27.5,312.0,16.6,114.4,1364.9,2704.1,2602.8,818.2,1232.6,196.9,7.6,963.7,736.4,350.2,675.1,4573.0,4715.2,1718.0,928.5,4178.3,3712.7,2502.2,2161.8,1424.3,2432.2,735.2,2716.6,871.5,1525.6,1242.6,3936.8,5439.8,5242.0,1207.3,396.3
2026-07-30 05:15:00,625.0,186.3,1044.2,192.2,601.8,382.5,52.7,27.5,322.6,16.5,116.2,1364.6,2674.8,2613.5,812.8,1222.6,175.3,8.8,972.8,722.7,352.2,670.2,4623.1,4721.2,1730.7,926.2,4182.1,3962.9,2509.0,2156.4,1427.6,2441.8,738.0,2722.1,874.3,1542.0,1252.2,3908.1,5433.4,5242.6,1211.0,394.2
2026-07-30 05:30:00,616.0,190.8,1054.3,189.8,613.2,411.0,53.8,27.6,329.6,16.6,108.2,1372.6,2665.9,2641.1,812.1,1221.3,173.6,11.6,969.8,704.8,348.4,657.5,4670.0,4752.7,1738.0,924.7,4191.2,4643.5,2512.3,2153.3,1427.8,2449.1,740.7,2744.2,873.7,1548.9,1255.0,3892.3,5444.0,5223.5,1213.5,394.6
2026-07-30 05:45:00,608.1,198.2,1055.2,193.5,629.3,434.1,55.1,27.7,335.2,16.5,107.8,1375.5,2406.7,2703.0,812.6,1223.7,171.9,14.4,956.1,709.6,341.5,665.8,4721.9,4859.1,1765.9,923.7,4202.3,4896.3,2517.7,2145.2,1430.8,2456.6,728.9,2749.9,874.3,1548.4,1245.9,3900.1,5454.7,5211.8,1247.2,391.7
2026-07-30 06:00:00,635.3,210.1,1081.4,355.7,665.6,340.3,47.3,9.5,352.0,10.9,171.6,1376.3,2683.3,3096.6,948.2,1357.8,215.2,27.0,1025.9,687.1,386.0,641.2,4797.3,4742.8,1824.3,914.4,4200.9,4844.5,2550.0,2181.8,1458.0,2475.4,739.7,2867.8,880.5,1831.3,1327.4,4133.6,5628.2,5155.8,1259.9,373.0
2026-07-30 06:15:00,641.5,233.8,1075.0,359.3,680.6,371.3,41.4,24.2,352.1,13.2,175.4,1366.3,2684.3,3505.1,953.9,1350.4,220.1,29.8,985.9,688.1,365.3,634.5,4865.9,4860.0,1858.6,913.3,4213.9,4885.3,2562.2,2180.9,1458.2,2499.0,745.2,2890.4,886.1,1830.7,1322.9,4104.7,5677.8,5153.7,1278.6,366.7
2026-07-30 06:30:00,629.7,254.4,1048.2,345.5,697.1,375.3,45.3,25.5,353.4,12.8,171.0,1371.4,2695.4,3564.8,960.3,1361.8,220.0,32.2,988.2,715.6,363.7,620.9,4914.3,4974.4,1889.7,911.4,4235.4,4931.6,2571.3,2179.5,1465.8,2515.5,749.5,2911.0,891.3,1827.0,1326.6,4110.4,5705.8,5127.4,1298.7,349.3
2026-07-30 06:45:00,624.4,278.3,1005.5,353.0,700.3,418.3,46.0,24.3,355.8,11.4,183.9,1366.1,2697.7,3707.2,972.4,1370.7,240.0,34.6,991.6,756.7,361.6,614.9,4965.9,5049.7,1925.7,910.3,4244.4,4972.0,2590.5,2171.6,1471.7,2538.2,754.1,2940.7,898.4,1820.0,1324.9,4095.8,5756.6,5158.0,1320.1,327.2
2026-07-30 07:00:00,666.4,301.2,992.2,354.6,731.5,331.0,53.7,28.0,360.0,22.5,201.5,1354.1,2875.4,3350.2,988.2,1404.3,212.4,39.0,1030.5,834.2,378.3,595.1,5028.3,4934.8,2035.3,919.6,4281.6,5028.2,2637.0,2207.7,1516.5,2556.5,794.3,3246.4,909.2,2143.2,1256.3,4166.8,5894.3,5094.3,1371.2,307.4
2026-07-30 07:15:00,662.1,339.9,952.9,363.2,742.3,395.3,52.9,47.7,345.3,14.6,208.9,1344.7,2926.3,3274.7,991.9,1395.1,214.1,41.9,1005.3,805.0,366.6,578.6,5055.2,4965.9,2070.6,922.9,4288.5,5062.0,2658.0,2204.3,1522.4,2576.5,783.7,3258.5,918.4,2137.7,1259.9,4153.1,5916.3,5073.1,1385.8,287.3
2026-07-30 07:30:00,643.1,372.5,911.3,402.8,734.4,469.6,51.8,47.1,331.4,13.6,229.9,1340.2,3140.0,2728.4,1044.9,1459.4,235.9,43.7,1012.9,850.8,369.8,569.3,5092.4,4970.2,2094.9,911.8,4298.1,4826.5,2668.9,2202.6,1527.2,2591.5,792.3,3276.2,924.0,2137.4,1263.8,4126.3,5940.9,5060.2,1391.6,266.2
2026-07-30 07:45:00,636.5,400.0,865.9,432.0,733.9,532.1,54.0,54.3,320.6,16.4,253.1,1347.0,3247.4,2785.8,1153.3,1619.3,237.6,44.7,1053.8,865.2,501.5,391.1,5114.2,4949.9,2128.5,909.9,4294.7,4217.3,2685.5,2194.3,1535.3,2610.3,799.8,3267.9,926.6,2140.0,1268.5,4101.1,5974.6,5031.0,1395.9,247.1
2026-07-30 08:00:00,625.1,425.0,810.7,471.2,736.7,499.5,70.3,54.4,303.9,10.0,255.0,1318.8,3120.9,3097.3,1454.7,1682.5,199.2,66.9,1224.9,1047.9,375.4,560.9,5155.6,5059.9,2190.1,868.4,4391.5,4612.0,2728.8,2175.4,1569.5,2726.8,817.8,3363.4,925.2,2117.3,1325.3,4201.8,6063.0,5016.0,1394.9,252.5
2026-07-30 08:15:00,616.6,453.4,757.6,500.9,740.2,554.6,70.1,66.1,286.4,15.5,266.7,1316.7,3549.7,3025.7,1576.7,1759.6,201.1,66.5,1190.1,1054.3,370.1,553.7,5160.3,4976.5,2214.8,868.1,4382.3,4187.0,2742.1,2164.0,1572.8,2745.6,820.6,3188.4,933.1,2125.4,1331.5,4171.8,6099.6,5000.1,1387.6,242.6
2026-07-30 08:30:00,610.3,476.0,689.1,534.9,743.5,556.9,70.9,64.8,276.7,20.9,285.4,1305.7,3557.1,2959.9,1612.3,1530.4,203.0,65.1,1197.4,1045.2,500.2,367.1,5156.9,4865.6,2226.3,867.4,4376.8,3622.8,2747.6,2155.4,1576.6,2761.9,845.3,3117.8,940.1,2133.7,1338.7,4157.0,6117.7,5034.5,1381.8,241.4
2026-07-30 08:45:00,594.2,495.2,649.7,587.9,741.0,594.2,72.3,64.5,254.5,26.8,297.8,1312.6,3573.4,2948.3,1576.6,1299.7,185.0,62.0,1232.8,1053.0,505.7,379.5,5155.7,4795.6,2255.5,873.1,4381.1,3190.9,2757.0,2148.1,1578.7,2776.9,857.3,2925.8,941.3,2144.3,1347.1,4157.8,6191.3,5010.7,1398.5,243.8
2026-07-30 09:00:00,582.8,532.9,597.9,446.2,737.7,709.1,97.8,52.4,225.0,35.2,303.9,1328.4,3628.7,3257.9,1690.7,1273.3,149.8,118.0,1261.7,1375.5,371.1,557.1,5150.9,4988.0,2315.7,831.1,4305.6,3209.7,2608.4,2038.6,1595.8,2759.6,871.8,2959.6,942.2,1597.4,1376.2,3929.4,6148.6,4964.7,1393.8,216.7
2026-07-30 09:15:00,586.8,549.2,573.3,492.5,742.1,663.9,103.9,58.9,211.2,51.7,303.1,1330.7,3707.9,3271.5,1632.4,1282.8,149.8,135.8,1254.1,1309.0,482.6,352.4,5157.6,4901.6,2335.1,828.2,4331.1,2796.4,2614.4,2029.3,1601.8,2783.2,875.4,2776.9,945.9,1608.7,1381.7,3918.3,6166.3,4998.8,1394.6,223.9
2026-07-30 09:30:00,591.7,544.9,551.9,532.4,743.4,625.2,96.0,62.8,195.8,69.2,299.4,1333.5,4917.7,3488.0,1568.4,1324.0,149.8,142.9,1247.1,1189.9,488.4,354.0,5156.8,4843.0,2348.3,742.6,4368.2,2418.5,2618.7,1967.0,1599.9,2803.8,879.3,2677.8,948.6,1616.0,1386.5,3922.9,6202.3,5039.8,1386.7,235.6
2026-07-30 09:45:00,585.4,527.0,524.7,563.7,749.9,577.5,85.4,69.9,173.0,86.5,301.2,1348.7,5354.5,3223.8,1506.7,1348.0,149.8,109.4,1295.5,1248.2,505.1,357.2,5155.4,4809.2,2365.0,742.3,4378.7,2067.1,2629.9,1955.4,1603.4,2823.1,879.9,2417.2,950.0,1618.6,1385.4,3934.7,6213.7,5066.3,1370.1,244.8
2026-07-30 10:00:00,569.9,587.6,523.6,621.9,745.5,757.7,67.7,34.0,184.1,111.7,382.7,1515.6,5450.2,3757.8,1798.0,1384.7,185.2,109.8,1291.0,1195.7,530.6,354.5,5210.0,4985.8,2392.9,754.4,4670.2,2107.1,2657.1,1797.9,1613.1,2826.2,858.9,2332.2,942.0,1324.2,1389.5,3538.7,6189.9,5119.7,1345.6,256.9
2026-07-30 10:15:00,575.3,570.6,501.6,658.4,748.3,658.6,67.7,34.5,165.4,109.6,378.8,1532.3,5453.6,3802.4,1732.0,1402.7,184.9,105.1,1301.0,1174.3,527.0,343.0,5212.1,4927.1,2405.4,758.7,4684.4,2102.3,2665.5,1783.9,1617.7,2845.4,863.1,2145.4,941.9,1336.0,1388.8,3541.2,6214.1,5157.4,1318.6,267.9
2026-07-30 10:30:00,572.8,564.8,482.7,682.4,755.0,629.8,72.3,34.8,157.5,123.7,365.1,1543.3,5462.2,3799.5,1792.9,1513.1,209.4,116.3,1296.7,1233.3,520.6,354.8,5209.9,4883.3,2413.1,763.0,4732.0,2101.6,2846.1,1773.7,1616.9,2883.8,862.3,2084.0,943.0,1357.1,1383.3,3565.7,6202.8,5186.4,1298.4,286.7
2026-07-30 10:45:00,569.3,534.8,467.5,676.8,745.3,612.9,81.7,35.1,161.9,135.8,349.4,1547.6,5479.4,3837.5,1765.6,1527.6,234.0,88.9,1375.5,1239.0,526.9,340.7,5198.1,4913.5,2419.9,767.2,4699.2,2080.0,2854.3,1769.2,1617.0,2890.3,860.5,2050.5,948.5,1381.4,1384.7,3470.7,6198.3,5224.1,1286.9,311.0
2026-07-30 11:00:00,608.0,585.1,677.0,665.6,725.8,659.6,163.0,12.5,168.8,118.0,445.8,1585.0,5488.8,4211.3,1961.5,1547.1,166.5,165.5,1464.6,1333.7,486.1,371.5,5198.9,4955.4,2447.6,897.0,4563.6,2203.7,2858.5,1602.5,1624.3,2858.7,864.1,2030.9,951.6,1252.9,1378.9,3437.3,6218.7,5285.8,1259.5,343.7
2026-07-30 11:15:00,612.4,574.5,665.7,665.0,729.7,627.4,144.3,12.9,184.7,88.7,448.4,1571.0,5508.4,4277.8,1969.1,1561.3,166.5,87.6,1480.7,1302.2,480.0,352.4,5189.2,4928.8,2455.2,900.0,4567.3,2206.1,2862.9,1597.3,1624.8,2868.8,861.8,2039.2,954.0,1276.5,1375.0,3439.3,6221.4,5318.3,1249.0,366.7
2026-07-30 11:30:00,609.5,577.5,870.6,673.4,734.5,554.6,147.0,13.3,215.8,88.8,463.7,1592.0,5527.2,4303.5,1950.9,1464.2,198.2,30.0,1486.4,1338.2,486.6,330.6,5191.2,4967.5,2456.9,902.8,4563.9,2208.6,2858.4,1594.9,1625.3,2866.1,862.6,2032.4,953.9,1296.6,1370.3,3439.3,6196.7,5351.1,1231.8,391.1
2026-07-30 11:45:00,616.0,551.4,877.0,692.1,740.4,570.0,148.5,13.6,222.6,84.7,469.0,1609.5,5553.6,4389.3,1938.6,1420.4,198.1,30.0,1525.3,1342.1,498.1,348.6,5182.4,5001.1,2464.3,904.7,4598.1,2234.6,2862.5,1592.1,1629.6,2853.3,866.9,2054.8,953.5,1313.6,1361.1,3179.4,6180.3,5382.7,1216.4,407.3
2026-07-30 12:00:00,616.7,587.0,893.8,709.3,751.2,508.3,213.5,13.8,171.8,70.6,440.0,1762.8,5662.7,4665.4,1931.8,1433.0,217.9,66.9,1690.0,1343.5,536.3,316.3,5312.6,4937.8,2462.1,815.6,4572.9,1908.9,2863.8,1645.4,1616.1,2800.4,899.5,2353.6,950.9,1256.0,1417.7,3243.7,6204.5,5402.7,1188.3,434.1
2026-07-30 12:15:00,613.4,559.2,895.0,711.1,757.4,517.8,214.2,14.0,180.6,61.1,458.9,1776.8,5733.8,4791.4,1933.6,1431.7,219.5,66.9,1693.0,1338.2,530.2,304.8,5285.9,4942.4,2463.2,817.0,4567.4,1911.6,2863.7,1643.0,1614.7,2805.4,898.8,2347.1,950.2,1262.6,1410.9,3188.7,6197.1,5427.8,1178.7,455.0
2026-07-30 12:30:00,582.8,542.8,895.2,705.2,755.4,577.1,214.2,14.1,113.8,69.9,459.4,1795.4,5718.4,4923.0,1936.1,1429.2,220.6,66.9,1695.3,1330.4,524.2,282.9,5265.0,4960.5,2463.7,817.5,4568.0,1916.3,2857.7,1638.7,1614.1,2650.0,899.6,2342.8,959.5,1261.8,1414.5,2931.6,6225.1,5438.8,1176.4,457.8
2026-07-30 12:45:00,584.4,540.7,898.6,704.7,750.3,533.0,214.0,14.2,116.2,34.9,470.9,1806.3,5756.5,5051.3,1939.0,1424.2,221.2,66.9,1696.5,1344.5,519.8,201.3,5219.8,4948.3,2467.6,818.7,4562.9,1921.5,2860.8,1636.6,1616.1,2633.9,896.5,2336.2,957.6,1150.1,1420.9,2905.2,6198.0,5467.7,1167.4,470.6
2026-07-30 13:00:00,581.5,539.8,912.6,705.2,751.6,617.8,193.7,14.3,213.2,6.9,464.9,1822.7,5639.1,4995.1,2005.1,1374.9,194.9,121.7,1536.2,1346.6,480.8,216.1,5217.7,5043.8,2468.7,790.7,4648.4,1793.9,2863.0,1638.2,1615.1,2804.3,894.6,2594.6,948.9,1178.8,1419.2,2872.1,6287.4,5612.9,1188.4,495.0
2026-07-30 13:15:00,578.6,536.8,911.7,706.3,755.2,519.9,196.7,14.3,146.4,40.2,466.2,1829.3,5651.4,5060.3,2025.0,1398.5,195.2,134.3,1535.8,1365.1,475.9,192.3,5200.6,5046.5,2470.7,791.9,4651.3,1796.5,2865.3,1636.2,1613.1,2796.2,894.6,2600.3,958.7,1162.1,1419.4,2853.8,6301.4,5631.5,1186.4,505.7
2026-07-30 13:30:00,588.4,533.7,919.0,689.8,752.0,517.7,196.6,14.2,161.7,35.5,465.1,1840.8,5659.7,5119.3,2025.5,1417.8,195.5,121.0,1503.0,1401.2,472.9,193.7,5195.1,5046.8,2475.4,793.5,4646.8,1786.5,2860.5,1630.4,1616.3,2735.7,896.9,2613.5,957.4,1054.2,1425.1,2826.8,6292.0,5635.9,1183.7,522.4
2026-07-30 13:45:00,626.5,530.9,935.5,677.1,746.5,615.3,196.6,14.1,169.3,32.1,465.5,1848.2,5678.3,5175.6,2051.7,1394.5,195.7,112.1,1493.0,1462.4,470.7,193.7,5186.0,5117.0,2473.7,794.7,4638.9,1794.4,2861.5,1625.5,1619.0,2812.0,893.7,2597.6,948.9,1150.6,1418.5,2805.3,6273.5,5639.0,1190.9,526.2
2026-07-30 14:00:00,638.3,490.5,914.3,681.6,729.2,566.5,198.2,14.0,180.6,32.0,412.4,1781.3,5572.3,5065.8,1960.0,1343.9,111.5,167.1,1644.0,1452.7,466.8,223.0,5091.9,5212.3,2481.6,806.7,4611.2,1700.1,2856.4,1617.2,1620.2,2855.4,899.7,2675.2,955.0,1167.9,1417.3,2783.6,6291.0,5656.4,1129.8,549.7
2026-07-30 14:15:00,642.9,499.9,925.4,675.4,727.6,588.6,197.9,13.8,174.1,41.9,413.7,1790.5,5579.7,5108.5,1981.7,1352.4,111.9,167.3,1651.9,1583.5,466.2,323.2,5076.5,5252.5,2482.4,807.0,4609.2,1717.7,2859.4,1619.8,1623.8,2887.3,897.2,2655.7,940.6,1222.2,1418.1,3001.1,6282.9,5649.6,1130.4,561.8
2026-07-30 14:30:00,644.6,495.8,941.3,666.2,727.8,573.3,196.7,13.4,169.0,41.9,412.1,1789.9,5615.3,5166.8,2015.4,1421.4,67.2,184.8,1625.9,1712.7,437.7,336.2,5066.7,5284.9,2478.2,808.2,4607.0,1708.7,2855.7,1619.5,1616.4,2881.4,896.9,2655.4,937.8,1215.2,1421.9,3028.8,6285.4,5642.0,1145.0,569.6
2026-07-30 14:45:00,647.5,543.5,956.2,652.2,736.0,560.0,196.7,13.0,161.5,42.5,417.7,1791.5,5587.1,5226.1,2035.6,1393.7,67.6,207.9,1564.6,1759.0,412.9,353.6,5056.9,5311.2,2479.8,806.6,4613.2,1722.4,2859.0,1618.1,1617.4,2884.0,900.7,2659.0,937.8,1205.9,1432.7,3030.8,6292.4,5632.7,1158.2,579.2
2026-07-30 15:00:00,646.2,498.5,935.6,629.7,730.2,551.8,206.0,34.9,141.8,21.9,406.5,1587.9,5478.2,5077.3,1748.2,1347.2,98.8,119.4,1359.9,1871.2,350.2,364.2,4999.1,5474.9,2470.0,786.9,4405.1,1504.8,2858.1,1594.8,1620.6,2945.5,896.3,2893.6,940.0,1253.6,1437.6,3014.8,6187.2,5481.8,1187.2,595.0
2026-07-30 15:15:00,653.4,499.2,957.4,613.0,737.7,536.9,207.4,29.3,131.9,68.2,389.2,1585.5,5478.3,5093.6,1767.2,1320.6,79.1,149.2,1307.7,1920.6,350.4,373.9,5007.8,5486.8,2474.5,785.5,4400.1,1502.2,2858.5,1595.4,1618.9,2946.8,897.2,2893.2,941.6,1247.5,1449.0,3015.3,6202.7,5451.4,1202.0,602.8
2026-07-30 15:30:00,655.4,497.1,764.1,587.5,748.8,513.5,206.2,12.0,131.1,75.2,385.0,1580.3,5474.2,5153.7,1702.5,1212.3,54.3,149.1,1313.3,1931.2,355.7,369.4,4998.7,5478.1,2481.6,783.7,4408.8,1518.8,2854.5,1595.0,1622.4,2949.2,899.8,2895.3,941.6,1245.3,1447.8,2963.1,6223.9,5434.1,1213.8,603.5
2026-07-30 15:45:00,612.1,493.7,782.9,558.9,738.1,534.3,205.7,11.6,128.3,84.6,379.8,1575.5,5474.7,5175.3,1706.3,1254.8,54.5,132.9,1318.7,1968.9,361.1,364.4,4999.3,5569.1,2487.4,784.2,4405.7,1645.4,2858.6,1617.6,1619.8,2931.9,897.4,2831.7,949.7,1247.6,1446.0,2910.1,6244.0,5422.3,1225.2,604.5
2026-07-30 16:00:00,615.2,439.1,549.3,507.0,741.5,585.6,112.0,27.0,107.9,99.6,342.4,1565.3,5524.1,4820.2,1541.4,1165.6,128.0,121.7,1348.8,1961.4,412.3,398.6,5021.1,5453.0,2493.5,816.1,4155.3,1722.3,2852.0,1513.8,1610.8,2963.4,883.6,2546.1,985.8,1442.1,1451.0,2932.4,6255.1,5395.8,1252.9,619.1
2026-07-30 16:15:00,632.3,445.4,582.1,480.3,740.6,591.9,112.0,27.4,102.5,109.8,308.7,1566.0,5494.5,4743.2,1570.4,1148.6,128.0,119.6,1335.3,1967.9,420.6,388.1,5024.0,5494.7,2495.6,813.5,4074.9,1914.7,2852.6,1543.2,1608.3,2961.6,888.8,2479.7,990.1,1451.0,1446.6,2922.1,6294.0,5399.3,1272.5,612.9
2026-07-30 16:30:00,641.8,432.1,617.6,443.3,740.9,722.1,111.7,10.6,99.4,113.5,304.8,1534.0,5495.0,5115.7,1611.4,1138.6,114.2,104.0,1344.5,2090.1,421.4,383.3,5004.8,5542.6,2501.2,813.5,4071.1,2235.2,2850.2,1533.8,1605.8,2909.9,883.6,2588.2,994.7,1456.4,1448.5,2887.9,6299.8,5398.2,1298.6,600.9
2026-07-30 16:45:00,656.2,429.4,650.5,399.5,746.7,684.7,100.0,9.9,92.9,118.4,308.3,1522.2,5149.1,5249.5,1664.5,1179.3,114.3,133.4,1361.6,2134.2,419.5,383.2,5013.9,5645.6,2500.8,813.1,4046.6,2819.0,2851.8,1504.7,1609.6,2911.6,881.2,2720.5,996.2,1460.3,1449.7,2858.6,6317.4,5447.4,1321.8,586.0
2026-07-30 17:00:00,688.9,388.3,679.9,371.4,775.5,528.5,107.9,23.6,95.3,156.1,297.3,1511.2,4160.8,4232.3,1540.0,1156.1,178.9,58.2,1308.4,2216.8,387.1,374.4,5042.1,5639.1,2482.6,999.2,3965.4,2753.0,2841.5,1687.8,1601.9,2968.1,896.2,2616.7,1002.6,1812.7,1456.1,3032.3,6454.3,5261.1,1397.5,596.6
2026-07-30 17:15:00,701.2,363.4,713.1,329.6,762.7,635.0,107.7,22.5,94.9,136.1,291.5,1501.5,3788.6,4037.5,1599.8,1125.2,154.5,56.2,1255.8,2206.5,374.7,372.1,5055.5,5716.4,2479.4,1000.4,3961.0,3236.6,2838.9,1678.4,1599.7,2982.8,889.8,2774.3,1003.9,1811.4,1457.6,2970.9,6463.0,5313.9,1422.2,582.5
2026-07-30 17:30:00,705.6,357.3,777.0,298.0,770.4,583.2,107.2,21.6,95.3,123.1,296.3,1474.3,3694.3,3891.0,1632.8,1224.3,155.1,47.1,1249.9,2364.5,372.3,674.5,5054.3,5838.8,2474.0,999.6,3956.9,3952.0,2832.0,1663.6,1601.5,2987.6,888.1,2807.2,992.3,1809.2,1463.8,2921.1,6496.1,5355.1,1444.6,565.1
2026-07-30 17:45:00,710.3,335.2,840.6,265.9,764.3,550.7,97.0,20.8,102.7,120.4,301.0,1459.3,3673.6,3659.8,1677.9,1394.2,155.8,59.0,1239.0,2456.5,374.9,690.8,5068.2,6018.8,2465.9,990.6,4011.5,4769.2,2833.7,1689.3,1598.9,2989.0,893.6,2859.9,992.9,1801.2,1461.2,2940.2,6560.8,5319.6,1473.1,540.4
2026-07-30 18:00:00,728.1,304.4,936.0,490.6,772.3,605.3,68.3,93.1,132.7,88.9,371.7,1410.4,3521.7,3269.8,1644.1,1592.4,334.2,6.6,1251.4,2110.0,425.0,560.2,5142.2,5778.4,2446.2,949.5,4475.7,4754.1,2828.2,1783.6,1599.0,2983.7,853.1,3109.2,989.7,2238.5,1351.2,2943.8,6627.8,5211.1,1516.6,539.0
2026-07-30 18:15:00,732.5,282.6,1024.9,482.6,773.0,560.6,62.3,96.5,157.3,75.3,368.8,1390.3,3494.8,3138.0,1660.2,1696.9,309.2,18.6,1205.1,2139.7,422.2,667.4,5152.4,5832.5,2443.0,961.7,4471.7,5406.4,2829.2,1772.4,1594.1,2978.8,848.6,3111.4,987.1,2228.9,1353.5,2924.5,6654.3,5443.3,1534.5,522.0
2026-07-30 18:30:00,721.6,266.4,1107.9,675.6,776.8,505.0,62.5,78.7,177.1,59.2,398.9,1369.3,2879.6,3012.3,1604.8,1779.4,329.2,43.5,1228.1,2100.2,423.7,689.1,5162.5,5906.6,2445.1,956.7,4480.6,5649.8,2821.7,1785.0,1591.7,2931.8,850.5,3290.4,984.5,2214.8,1354.7,2924.7,6680.6,5427.5,1549.1,508.0
2026-07-30 18:45:00,713.3,306.5,1171.4,494.5,771.1,503.0,62.3,82.1,197.7,40.2,419.2,1345.9,2032.8,2926.2,1511.8,1720.1,329.2,20.0,1246.5,2119.5,452.3,731.3,5164.7,6071.8,2441.1,952.4,4480.8,5905.3,2819.5,1784.6,1592.0,2870.3,844.7,3349.8,981.8,2197.0,1354.8,2944.1,6714.3,5403.9,1559.3,527.3
2026-07-30 19:00:00,736.6,220.9,1223.3,702.6,775.3,499.5,65.7,46.5,243.3,32.7,463.4,1313.1,2306.0,2644.4,1470.3,1690.9,211.6,34.8,1265.4,1903.3,458.6,759.4,5159.4,5759.4,2425.0,943.5,4535.6,6062.4,2803.3,2125.7,1584.7,3450.3,861.3,3412.1,983.2,1641.1,1355.1,3081.3,6755.6,5591.4,1581.6,483.5
2026-07-30 19:15:00,738.0,206.9,1252.4,722.5,774.7,507.0,68.2,46.2,269.2,25.2,448.8,1292.6,2091.0,2452.2,1455.5,1596.4,229.7,59.6,1220.4,1866.6,458.8,775.6,5149.5,5731.4,2418.6,940.2,4539.9,6078.6,2803.3,2101.9,1581.2,3537.4,859.3,3369.9,979.5,1626.2,1353.5,3067.4,6769.9,5545.5,1582.3,531.1
2026-07-30 19:30:00,720.6,279.8,1293.7,730.8,796.0,447.0,68.2,46.8,302.5,82.3,454.1,1277.0,2097.4,2403.5,1443.1,1543.1,227.8,60.3,1224.2,1835.5,461.7,799.2,5134.3,5777.3,2412.5,937.1,4541.1,6096.0,2798.0,2091.2,1581.0,3537.0,859.1,3351.9,978.2,1615.1,1350.7,3050.6,6776.4,5602.8,1591.4,509.9
2026-07-30 19:45:00,725.4,288.4,1316.1,741.4,782.5,441.2,70.7,47.6,325.9,58.3,471.7,1255.2,2104.4,2384.9,1502.8,1545.5,220.8,60.5,1226.5,1862.2,478.9,835.8,5117.0,5729.8,2406.9,933.6,4533.0,6087.7,2798.7,2093.3,1575.0,3533.5,856.2,3352.8,975.8,1608.7,1346.9,3032.5,6785.2,5597.8,1594.2,511.7
2026-07-30 20:00:00,732.9,248.3,1336.5,693.3,788.0,435.4,52.0,80.3,330.0,15.4,418.7,1355.2,1936.1,2363.3,1276.5,1535.7,145.4,36.0,1522.5,1774.1,464.7,844.6,5044.7,5852.1,2396.1,945.7,4521.7,5902.8,2763.9,2176.5,1578.8,3477.0,856.6,3393.1,970.9,1521.7,1342.3,3222.9,6797.8,5715.7,1597.5,476.8
2026-07-30 20:15:00,741.1,248.5,1335.2,714.8,797.6,431.9,54.5,83.9,339.0,13.4,412.8,1340.7,1920.5,2246.6,1325.3,1497.4,142.3,60.9,1489.5,1744.0,462.0,864.0,5018.3,5827.7,2390.4,945.2,4516.2,5872.6,2763.3,2146.6,1577.2,3451.4,852.9,3354.5,968.4,1517.3,1335.4,3158.0,6791.4,5818.6,1583.7,482.6
2026-07-30 20:30:00,755.3,213.2,1329.6,762.8,803.5,432.3,54.5,83.8,350.0,13.1,387.2,1334.8,1911.8,2101.1,1329.9,1494.2,139.3,36.9,1481.8,1729.0,450.8,879.5,4988.7,5800.9,2383.7,945.0,4517.0,5883.3,2757.6,2128.9,1578.5,3448.8,856.2,3331.7,965.2,1506.5,1326.4,3164.9,6776.9,5811.4,1589.3,496.0
2026-07-30 20:45:00,753.2,180.2,1315.2,787.4,801.8,421.0,54.5,68.5,350.7,57.1,365.6,1325.2,1900.1,2086.3,1327.9,1494.1,136.2,25.5,1427.4,1738.2,444.5,919.1,4943.6,5741.6,2377.9,944.9,4519.2,5875.0,2755.0,2123.9,1576.4,3455.3,853.8,3299.9,962.8,1490.7,1316.9,3184.0,6761.5,5826.1,1577.6,499.4
2026-07-30 21:00:00,742.7,240.7,1290.9,633.3,769.6,406.2,62.0,105.5,398.9,9.6,386.2,1320.0,1705.0,1960.6,1358.0,1478.4,272.0,22.3,1408.7,1680.2,425.6,919.2,5021.7,6137.7,2350.5,948.5,4656.3,5819.2,2727.3,2189.7,1571.0,3424.4,850.0,3364.8,957.1,1395.2,1272.4,3083.8,6726.9,5757.3,1599.0,487.6
2026-07-30 21:15:00,736.2,234.2,1281.8,659.3,782.3,383.8,62.0,93.1,404.6,9.5,351.3,1314.4,1699.8,1787.6,1371.1,1454.4,269.1,11.8,1402.5,1648.9,427.7,900.2,5045.6,6127.8,2344.7,949.0,4647.5,5746.5,2730.3,2175.1,1570.5,3425.3,843.9,3424.6,953.7,1379.7,1267.5,3108.5,6706.0,5697.9,1598.1,498.9
2026-07-30 21:30:00,732.3,181.9,1257.8,699.1,786.6,372.7,62.0,93.7,398.3,9.4,355.8,1323.6,1703.1,1606.4,1364.3,1431.3,266.1,21.2,1385.9,1625.5,428.6,856.7,5005.2,6109.6,2330.4,948.5,4649.8,5770.9,2724.8,2165.2,1570.1,3419.3,843.2,3387.3,951.0,1367.5,1266.8,3137.3,6691.0,5653.0,1598.2,504.2
2026-07-30 21:45:00,737.3,183.9,1226.7,745.0,782.4,372.8,62.0,97.5,409.4,9.4,388.3,1325.1,1743.6,1398.9,1383.1,1418.9,243.2,20.3,1381.3,1590.0,425.0,823.8,4977.5,6124.7,2322.9,948.8,4636.1,5718.0,2721.6,2161.2,1571.2,3436.2,836.4,3410.3,947.9,1359.1,1271.1,3180.2,6695.1,5563.8,1595.9,507.3
2026-07-30 22:00:00,730.2,187.1,1208.6,762.5,761.9,233.1,52.0,17.0,371.3,45.9,268.2,1244.7,1800.7,1343.8,1324.0,1439.4,89.6,54.9,1369.5,1583.0,426.6,811.5,4875.8,6397.3,2313.8,946.7,4352.6,5520.2,2690.0,2217.7,1558.2,3350.6,824.7,3217.4,944.5,1161.7,1281.6,2995.3,6638.4,5525.7,1576.8,487.9
2026-07-30 22:15:00,753.0,190.7,1169.0,791.2,763.2,238.0,52.0,32.1,369.0,61.0,239.2,1243.3,1847.1,1302.6,1308.5,1429.0,89.4,54.1,1362.0,1560.7,434.6,789.5,4815.7,6219.0,2304.5,948.2,4346.1,5514.1,2687.1,2170.3,1558.5,3364.1,812.8,3218.2,941.0,1157.0,1282.2,3018.4,6634.1,5536.8,1565.1,494.3
2026-07-30 22:30:00,727.0,194.2,1123.6,640.0,745.4,243.8,52.0,17.1,366.0,53.5,271.0,1235.1,1861.4,1304.4,1268.1,1419.4,94.2,53.4,1354.9,1558.3,427.4,759.0,4766.9,6207.9,2283.7,949.8,4343.9,5495.8,2681.4,2164.5,1552.8,3346.2,807.2,3204.0,935.4,1152.1,1277.0,3069.3,6592.7,5494.3,1548.3,503.6
2026-07-30 22:45:00,718.7,197.7,1075.8,574.7,729.0,241.8,52.0,33.8,359.4,25.1,293.6,1235.2,2211.5,1590.8,1245.7,1414.9,94.0,43.0,1347.0,1529.7,430.0,719.7,4705.7,6191.9,2270.8,940.6,4330.2,5473.2,2675.1,2164.1,1550.5,3236.8,807.8,3202.7,928.5,1145.9,1264.7,3099.9,6570.9,5516.9,1526.9,509.0
2026-07-30 23:00:00,701.4,201.9,1043.1,584.1,697.9,248.5,52.0,17.7,351.8,3.5,304.3,1232.6,1864.0,1541.4,1209.5,1397.9,182.3,16.6,1020.7,1454.5,400.4,701.0,4572.6,6207.8,2210.6,932.9,4334.1,5468.0,2619.0,2112.7,1525.4,3025.9,806.7,3112.2,924.3,822.9,1247.7,3070.5,6458.0,5527.4,1474.6,529.9
2026-07-30 23:15:00,695.9,191.1,1013.7,544.6,680.2,250.7,52.0,17.7,346.9,3.5,290.5,1240.4,2495.0,1200.2,1191.2,1385.7,163.0,16.4,1015.2,1438.0,393.1,663.0,4531.5,6228.5,2189.3,933.3,4320.8,5429.1,2613.4,2115.9,1522.8,2770.1,798.5,3100.6,918.9,815.6,1231.8,3104.5,6384.9,5509.2,1445.1,523.7
2026-07-30 23:30:00,683.3,193.9,983.9,572.0,662.9,252.9,52.0,17.7,337.1,3.5,279.5,1243.6,2496.5,1186.1,1165.6,1392.4,138.9,26.3,1017.7,1433.1,395.7,634.4,4492.6,6241.4,2167.0,936.6,4319.3,5399.2,2602.6,2118.2,1520.8,2602.5,793.6,3088.2,913.2,808.2,1218.7,2993.0,6334.5,5526.4,1425.4,526.0
2026-07-30 23:45:00,698.2,196.8,953.9,593.3,653.2,255.0,52.1,17.7,323.2,3.5,270.4,1243.1,2487.7,1139.1,1141.4,1380.3,139.5,26.1,1013.5,1397.5,390.4,605.9,4457.2,6119.2,2136.0,937.0,4305.2,5356.7,2595.6,2121.4,1518.4,2525.4,787.5,3071.6,913.5,762.4,1212.9,3033.7,6256.3,5533.8,1395.8,516.7
2026-07-31 00:00:00,662.4,338.7,899.3,646.3,663.9,113.7,55.0,25.1,284.9,8.9,247.1,1255.2,2007.9,1579.3,972.9,1152.8,151.9,20.0,1009.2,1317.1,390.0,728.5,4333.5,6286.7,2051.2,933.2,4285.7,4902.1,2657.6,2205.1,1504.7,2773.6,785.4,3465.6,945.6,708.4,1190.7,2556.1,6145.7,5508.4,1350.3,507.3
2026-07-31 00:15:00,656.3,316.6,886.9,668.2,654.2,114.6,55.0,25.1,278.7,6.8,235.9,1252.0,1998.0,1263.6,984.3,1190.4,166.2,20.4,986.0,1291.4,385.8,683.0,4321.1,6273.1,2030.4,935.2,4282.8,4873.1,2649.3,2208.6,1499.8,2629.1,775.7,3445.0,941.8,708.3,1170.7,2530.1,6063.9,5521.9,1337.0,478.4
2026-07-31 00:30:00,649.9,250.2,873.2,685.7,641.2,115.4,56.9,25.1,275.9,6.8,202.7,1251.6,2001.9,1160.7,991.2,1178.1,179.0,20.6,985.2,1260.1,387.7,652.9,4310.9,6248.1,1997.4,938.9,4264.8,4824.7,2637.5,2212.5,1496.5,2538.4,776.6,3423.9,938.6,707.0,1153.9,2552.0,5999.7,5515.6,1332.7,457.5
2026-07-31 00:45:00,641.2,246.6,861.5,697.0,627.6,116.0,56.8,25.1,274.1,6.9,201.5,1251.7,2020.5,1150.5,974.1,1177.2,180.0,20.4,990.9,1273.6,386.8,638.0,4298.6,6090.7,1966.8,930.1,4258.6,4822.7,2626.5,2218.8,1504.0,2562.2,774.6,3377.8,934.5,689.8,1148.9,2568.7,5940.6,5517.2,1327.2,436.9
2026-07-31 01:00:00,629.7,252.7,1086.8,726.2,620.1,116.6,53.0,17.6,320.6,2.7,206.1,1244.2,1964.2,1182.6,926.7,1178.2,163.1,16.1,943.0,1232.8,386.2,621.7,4287.3,6205.8,1928.4,920.9,4280.7,4855.1,2559.0,2187.3,1475.3,2623.2,776.8,3134.4,916.4,649.7,1146.8,2582.2,5872.3,5529.1,1321.8,394.1
2026-07-31 01:15:00,625.5,257.7,1078.4,722.6,612.5,117.2,53.0,17.6,317.7,1.9,214.0,1244.0,1995.2,1163.7,898.5,1158.6,164.3,15.9,938.4,1218.5,385.9,595.7,4274.7,6079.1,1902.7,924.0,4273.6,4864.1,2552.0,2191.8,1465.8,2608.3,759.3,3059.1,914.9,641.3,1147.1,2617.0,5822.5,5539.9,1308.7,393.2
2026-07-31 01:30:00,624.2,261.5,847.3,726.5,609.3,118.1,53.0,17.6,319.3,1.9,191.5,1244.3,2045.2,1144.4,872.5,1140.1,165.5,15.7,949.1,1205.9,386.4,565.0,4264.3,6014.9,1882.2,925.9,4271.2,4878.1,2546.4,2193.4,1473.9,2384.7,758.6,3010.8,911.0,635.5,1144.2,2633.5,5780.3,5525.2,1292.7,382.2
2026-07-31 01:45:00,625.1,218.5,840.4,730.1,604.9,118.8,53.0,17.6,315.0,1.9,179.7,1244.9,2423.7,1126.7,850.1,1135.6,166.6,15.7,953.3,1201.0,384.7,544.5,4254.9,5995.0,1857.9,929.0,4263.8,4885.9,2540.7,2202.4,1480.1,2363.9,758.8,2956.9,908.3,637.3,1144.8,2647.1,5739.7,5526.0,1282.4,381.8
2026-07-31 02:00:00,624.4,270.6,838.8,714.0,609.5,119.3,62.0,15.6,340.9,1.0,218.8,1247.8,2001.2,1122.4,918.3,1148.6,105.0,45.8,939.2,1196.3,389.7,527.1,4295.3,5982.0,1830.0,933.4,4262.8,4873.5,2500.0,2138.2,1461.4,2494.1,767.6,2931.6,913.2,603.5,1151.1,2758.7,5763.0,5533.2,1314.7,391.8
2026-07-31 02:15:00,622.4,274.3,835.1,713.6,606.5,119.8,62.0,15.6,322.2,1.0,212.2,1249.9,2077.8,1108.4,902.3,1144.8,105.5,45.6,939.5,1188.3,388.3,516.2,4286.3,5954.1,1819.1,929.1,4257.9,4874.5,2495.2,2145.0,1457.2,2471.1,767.8,2911.2,911.8,605.7,1152.3,2808.4,5739.4,5520.4,1305.9,356.5
2026-07-31 02:30:00,620.2,254.3,831.0,712.5,600.8,120.1,62.0,15.6,337.8,1.0,200.4,1249.3,2342.9,1087.2,892.1,1145.5,106.1,45.6,936.7,1180.5,386.5,509.3,4279.0,5935.1,1808.9,926.4,4214.0,4836.3,2493.7,2151.1,1456.0,2449.8,766.7,2892.1,910.7,607.9,1151.1,2826.8,5718.4,5517.0,1295.3,336.5
2026-07-31 02:45:00,622.9,227.6,830.1,711.8,598.8,120.1,62.0,15.6,333.9,1.0,226.6,1250.2,2293.4,1071.7,870.9,1145.8,106.6,45.5,930.5,1172.7,385.5,504.0,4270.2,5920.9,1799.9,924.3,4205.1,4832.6,2494.1,2159.4,1452.9,2456.1,763.1,2871.0,908.3,610.0,1145.5,2875.0,5693.7,5481.7,1289.2,316.4
2026-07-31 03:00:00,675.9,230.8,829.2,743.8,602.5,120.1,52.0,17.9,337.7,1.0,254.5,1267.5,2476.9,1076.0,863.0,1137.5,130.2,40.6,922.5,1171.8,367.0,504.2,4232.1,5911.8,1790.0,912.9,4148.7,5050.9,2505.5,2058.3,1441.3,2460.8,757.6,2757.1,907.5,607.3,1139.6,2879.4,5651.9,5500.2,1266.1,298.1
2026-07-31 03:15:00,676.7,243.2,829.2,741.1,596.7,120.2,52.0,17.9,328.4,1.0,221.5,1268.2,2418.6,1068.2,861.3,1139.4,132.5,40.4,912.6,1164.7,365.3,497.8,4230.7,5904.3,1784.7,910.8,4147.9,5052.4,2505.7,2063.0,1434.9,2476.7,755.0,2745.1,904.3,610.4,1134.2,2854.8,5628.0,5500.3,1262.2,274.4
2026-07-31 03:30:00,684.8,287.8,829.8,737.2,597.2,120.3,52.0,17.9,335.0,1.0,222.9,1270.2,2480.7,1060.0,839.2,1138.2,134.8,40.4,911.3,1154.6,363.2,492.5,4232.1,5897.1,1783.8,907.7,4145.8,5050.4,2502.9,2066.7,1436.3,2502.7,755.1,2741.2,901.0,614.1,1131.0,2831.3,5604.0,5527.7,1265.0,252.4
2026-07-31 03:45:00,673.2,289.5,826.8,730.6,602.0,120.4,52.0,17.9,336.7,1.0,227.2,1270.0,2151.9,1049.8,826.3,1139.6,137.0,40.4,907.2,1136.5,360.2,487.5,4236.9,5888.9,1776.0,904.6,4145.8,5051.2,2500.4,2070.9,1436.1,2568.7,755.6,2729.4,896.4,620.1,1128.7,2807.0,5615.4,5516.8,1260.5,232.0
2026-07-31 04:00:00,687.2,290.7,833.8,739.2,602.7,121.1,52.0,38.6,330.7,1.0,304.9,1286.9,2215.2,1054.5,836.9,1137.4,214.2,4.2,899.1,1311.3,354.2,477.9,4204.4,5871.7,1764.3,894.6,4141.5,4943.5,2448.3,2076.7,1424.5,2537.5,752.5,2761.3,890.4,660.8,1129.7,2799.6,5637.3,5602.5,1264.1,198.8
2026-07-31 04:15:00,682.4,291.1,843.8,740.3,613.0,122.9,52.0,38.6,333.6,1.0,304.5,1290.5,1967.9,1051.0,809.4,1133.6,216.8,4.3,896.9,1295.7,351.3,468.9,4221.2,5849.1,1766.0,894.4,4138.6,4938.1,2447.7,2077.5,1424.8,2555.6,752.2,2762.0,884.4,666.0,1130.1,2802.2,5621.1,5585.3,1262.6,183.9
2026-07-31 04:30:00,683.2,293.2,856.3,737.7,625.1,129.7,52.0,38.6,333.5,1.0,293.4,1287.8,1974.6,1046.0,760.4,1134.6,244.5,4.3,886.8,1280.1,349.1,465.0,4244.6,5823.4,1760.8,893.4,4138.2,4937.7,2445.9,2077.5,1425.1,2570.1,751.1,2754.0,879.3,675.5,1133.9,2812.3,5609.5,5620.8,1256.0,172.3
2026-07-31 04:45:00,601.1,295.5,878.9,740.6,643.9,138.3,52.1,38.6,339.3,1.0,303.6,1290.5,1993.2,1044.5,755.0,1159.6,247.1,4.4,878.3,1273.5,347.0,475.1,4268.0,5793.0,1761.6,892.2,4137.9,4934.4,2447.9,2077.2,1424.9,2562.2,749.6,2757.9,873.8,680.5,1137.7,2823.3,5600.4,5621.6,1256.7,158.3
2026-07-31 05:00:00,634.8,298.1,904.1,718.1,631.6,199.4,52.0,8.6,327.3,2.0,211.7,1274.2,2081.8,1029.4,794.5,1136.4,255.2,5.5,891.4,1271.4,347.6,458.8,4444.8,5783.5,1759.6,884.6,4098.4,4924.6,2384.9,2096.2,1424.1,2570.9,750.3,2696.7,867.7,757.6,1142.9,2861.5,5479.1,5508.5,1245.5,150.9
2026-07-31 05:15:00,633.6,302.9,919.8,717.0,644.9,205.5,52.1,8.7,332.4,2.0,177.9,1271.3,2086.7,1040.2,790.3,1136.3,234.2,6.6,890.3,1253.7,347.2,464.1,4497.2,5760.9,1774.7,884.7,4098.9,4915.8,2388.6,2091.8,1427.4,2649.3,751.9,2727.5,864.6,766.3,1145.9,2856.3,5478.5,5538.3,1251.5,165.0
2026-07-31 05:30:00,633.3,336.0,915.7,716.5,655.1,212.4,52.0,8.6,338.9,2.0,198.3,1271.6,2093.5,1055.4,759.3,1158.6,233.1,9.0,882.3,1255.0,349.5,482.2,4524.8,5753.2,1784.4,884.5,4101.9,4910.1,2391.2,2088.2,1429.5,2784.3,753.9,2752.9,861.3,796.5,1150.7,2835.1,5505.5,5530.6,1254.6,165.8
2026-07-31 05:45:00,636.1,320.1,904.2,723.4,652.1,248.6,52.0,8.7,344.4,2.0,221.2,1272.6,1399.8,1463.4,763.4,1146.3,232.1,10.8,880.8,1228.7,350.1,469.7,4566.9,5807.5,1806.4,887.0,4106.6,4903.0,2401.0,2080.4,1431.5,2815.4,757.1,2798.3,855.7,824.4,1145.6,2818.5,5542.3,5536.5,1275.1,163.9
2026-07-31 06:00:00,662.5,335.1,929.8,770.6,695.0,468.5,47.1,93.5,348.8,3.4,178.9,1342.8,2159.0,1844.6,841.7,1098.2,199.4,13.8,983.5,1177.7,385.6,465.6,4688.7,5801.0,1866.6,953.2,4153.4,4891.7,2441.1,2141.5,1452.7,2786.8,765.1,2904.2,874.2,804.4,1157.6,2893.6,5641.5,5501.9,1299.0,169.5
2026-07-31 06:15:00,664.9,346.2,907.4,769.8,699.5,533.4,42.6,94.4,349.3,4.8,193.7,1344.3,1817.0,1573.4,849.5,1126.1,226.0,13.7,950.4,1166.8,372.3,462.9,4723.1,5837.0,1900.0,954.4,4162.5,4885.6,2464.4,2152.4,1456.0,2790.9,773.0,2967.3,874.3,868.7,1160.4,2852.9,5701.4,5533.4,1321.8,175.8
2026-07-31 06:30:00,666.1,359.3,884.0,792.3,707.7,567.6,47.9,96.5,351.4,7.6,186.0,1349.0,1825.0,1642.6,815.5,1159.7,222.6,25.1,965.1,1159.8,376.0,456.7,4759.9,5798.5,1926.1,953.9,4180.7,4886.7,2472.3,2152.6,1464.1,3046.5,777.3,3018.1,881.9,865.6,1174.0,2829.7,5817.8,5523.3,1350.4,180.2
2026-07-31 06:45:00,660.2,378.2,859.1,814.7,709.7,605.1,48.0,95.8,356.0,7.1,189.4,1364.7,1836.2,1651.9,826.2,1144.6,224.1,29.9,972.8,1181.9,381.6,452.2,4790.3,5759.6,1962.6,950.1,4187.4,4876.8,2488.2,2143.1,1472.1,3090.4,786.0,3098.4,894.9,870.0,1179.9,2909.9,5888.8,5524.9,1372.3,181.0
2026-07-31 07:00:00,685.8,424.6,785.1,818.4,722.0,676.0,38.5,45.7,376.0,8.1,207.7,1281.6,2033.3,1562.5,899.6,1224.4,195.2,32.2,1018.7,1069.4,398.2,434.1,4849.8,5851.3,2052.6,948.8,4220.9,4825.4,2559.3,2240.6,1506.9,3153.0,808.9,3315.1,916.9,905.5,1203.2,2779.8,6053.4,5534.6,1393.6,173.2
2026-07-31 07:15:00,676.3,448.7,761.7,824.9,723.4,719.0,47.0,47.3,368.1,7.8,210.6,1303.0,2000.4,1586.2,904.2,1230.6,196.1,34.4,1020.6,1070.6,387.3,418.7,4866.0,5841.3,2088.1,978.9,4224.0,4828.2,2576.2,2239.8,1514.4,3249.9,815.0,3337.7,929.3,913.7,1215.5,2758.6,6113.5,5551.4,1403.8,178.3
2026-07-31 07:30:00,664.3,465.1,726.6,850.7,721.1,747.6,46.5,48.0,360.8,6.3,222.6,1297.5,2033.0,1531.9,868.9,1168.5,241.9,30.7,1026.1,1084.3,388.1,407.8,4876.3,5835.1,2113.3,974.4,4229.1,4851.4,2591.9,2244.5,1533.0,3340.3,822.7,3363.8,938.3,922.4,1228.3,2728.4,6152.9,5565.2,1417.8,180.3
2026-07-31 07:45:00,647.6,473.5,693.7,824.6,725.3,783.3,47.8,51.4,356.8,8.3,254.3,1299.8,2721.3,1631.3,1122.4,1420.7,242.8,21.4,1043.0,1087.1,406.0,411.6,4896.4,5835.9,2139.7,971.0,4222.8,4869.0,2611.2,2244.4,1543.8,3340.6,827.6,3389.2,942.1,933.2,1244.4,2693.8,6202.2,5587.8,1438.1,183.2
2026-07-31 08:00:00,641.8,479.0,672.7,796.5,731.5,761.8,52.5,62.4,352.8,14.1,321.2,1259.8,2966.3,1524.5,1467.6,1573.0,247.4,19.0,1079.3,1073.9,404.8,406.4,4947.3,5833.6,2197.8,864.9,4243.3,4909.4,2681.2,2282.1,1574.7,3454.7,851.7,3623.3,935.8,946.0,1264.5,2641.3,6186.3,5551.0,1449.5,228.4
2026-07-31 08:15:00,623.7,499.5,644.2,792.9,751.6,782.7,57.4,63.3,341.1,15.1,328.5,1268.3,3253.8,1548.7,1621.7,1742.1,247.8,30.7,1055.2,1055.3,397.9,391.4,4963.1,5870.6,2220.2,864.2,4240.6,4921.5,2690.6,2286.7,1578.6,3401.8,855.6,3640.5,931.1,960.2,1276.0,2616.8,6205.8,5576.1,1460.6,238.7
2026-07-31 08:30:00,610.8,504.0,608.8,797.2,741.3,819.4,61.0,62.0,329.1,13.8,345.7,1264.8,3259.2,1551.9,1672.1,1710.6,248.2,39.3,1084.7,1083.4,405.3,381.4,4966.8,5909.3,2232.1,861.9,4237.3,4918.2,2695.5,2296.1,1583.4,3226.5,862.4,3656.8,927.5,967.8,1282.3,2595.2,6206.2,5602.9,1456.0,246.4
2026-07-31 08:45:00,599.7,517.6,576.3,785.8,746.0,842.5,61.1,77.7,319.0,17.7,362.2,1269.8,3259.9,1599.5,1672.9,1534.8,228.4,48.3,1135.6,1054.3,423.7,220.2,4965.7,5955.0,2254.1,860.5,4245.5,4280.8,2708.1,2301.4,1586.6,3191.3,864.5,3658.3,930.3,977.1,1281.9,2460.2,6228.0,5643.7,1458.0,259.8
2026-07-31 09:00:00,604.7,570.3,486.9,740.1,741.2,801.7,75.6,60.5,315.9,32.0,340.7,1336.6,3491.8,1793.2,1646.6,1503.5,57.5,175.4,1165.0,1254.9,408.3,400.0,5015.3,5840.6,2299.5,858.3,4360.0,5009.0,2700.3,2294.3,1605.2,3250.0,874.4,3601.8,939.6,961.2,1271.1,2514.6,6208.9,5648.5,1432.0,225.6
2026-07-31 09:15:00,593.1,581.8,464.8,761.0,747.5,811.8,75.7,58.8,296.6,31.3,341.9,1346.7,3508.1,1845.8,1591.4,1509.8,56.6,173.3,1169.9,1195.3,409.0,381.6,5023.0,5888.9,2320.1,857.1,4355.7,4401.5,2707.3,2268.6,1601.3,3174.7,877.4,3574.3,943.7,969.4,1265.6,2367.1,6218.7,5684.6,1419.8,235.5
2026-07-31 09:30:00,597.3,583.4,448.0,779.3,749.8,828.9,75.8,59.7,262.8,36.7,347.4,1349.2,3521.6,1854.1,1591.0,1384.1,35.6,168.8,1186.5,1210.4,409.9,352.7,5026.6,5938.7,2343.2,830.0,4310.3,3769.4,2706.9,2275.0,1611.5,2984.7,891.8,3547.0,945.4,974.7,1261.1,2355.8,6221.9,5722.9,1398.2,245.7
2026-07-31 09:45:00,589.0,572.3,426.8,804.0,749.9,748.4,73.6,77.8,232.6,47.1,347.4,1369.3,4684.8,1891.2,1541.5,1256.5,54.7,166.1,1234.6,1228.6,531.6,171.0,5025.7,5961.6,2354.0,744.0,4303.0,3437.4,2716.2,2283.3,1615.0,2936.3,893.0,3294.0,954.3,975.9,1263.1,2333.3,6226.5,5761.7,1386.9,256.3
2026-07-31 10:00:00,583.1,582.1,649.4,751.5,752.2,749.2,102.4,43.0,182.1,66.8,390.7,1377.8,4102.8,2272.0,1457.5,1242.0,90.4,182.1,1243.6,1303.2,414.4,409.7,5101.6,6041.1,2377.4,854.4,4173.8,3415.2,2659.6,2226.3,1625.4,2955.5,901.8,3113.0,948.7,996.5,1254.3,2262.8,6209.6,5804.2,1365.4,273.1
2026-07-31 10:15:00,579.9,587.9,635.8,755.0,754.9,687.7,102.4,43.8,162.4,91.8,407.7,1384.7,4747.6,2251.6,1411.6,1275.5,90.2,184.9,1254.6,1251.8,503.0,193.4,5100.5,6028.2,2391.1,854.9,4281.4,3247.2,2669.3,2236.0,1631.8,2926.6,901.2,2815.2,955.7,994.4,1252.8,2246.3,6200.4,5825.5,1361.2,284.0
2026-07-31 10:30:00,573.5,589.1,842.5,752.2,754.7,724.9,102.5,44.2,146.4,102.4,393.1,1396.6,4754.3,2227.8,1400.3,1268.6,89.8,176.5,1281.0,1111.2,510.2,196.7,5091.4,6073.8,2397.7,767.8,4295.5,2915.9,2663.1,2237.9,1629.9,2918.0,902.8,2586.5,957.7,996.5,1251.2,2233.4,6182.0,5854.8,1346.3,297.5
2026-07-31 10:45:00,563.6,623.5,828.4,748.4,743.8,618.4,103.0,44.7,130.0,116.9,393.0,1404.7,4762.7,2240.4,1357.9,1267.9,109.4,173.5,1359.4,972.1,521.6,185.8,5088.7,6080.9,2397.0,765.2,4416.5,2618.0,2665.3,2225.4,1630.7,2907.3,896.2,2356.3,961.7,958.6,1260.0,2220.4,6170.8,5882.6,1332.7,307.5
2026-07-31 11:00:00,560.3,584.8,806.3,746.8,738.8,647.4,88.5,26.4,124.0,132.0,286.8,1452.4,5443.2,2601.0,1328.8,1307.5,15.9,244.6,1382.1,973.6,506.7,188.9,5239.9,6206.5,2420.1,768.5,4535.9,2729.9,2587.1,1886.4,1631.9,2910.6,876.1,2238.8,965.1,999.1,1269.7,2199.1,6185.6,5929.4,1318.7,324.8
2026-07-31 11:15:00,567.0,585.7,796.8,755.2,735.9,563.4,88.6,26.7,105.8,146.9,303.3,1451.0,5460.0,2612.8,1288.0,1297.3,15.9,197.0,1380.2,968.0,513.6,174.7,5243.0,6241.0,2424.5,767.1,4606.8,2533.3,2588.3,1848.8,1634.7,2899.5,876.5,1881.3,967.2,1005.9,1272.7,2196.6,6174.2,5947.8,1310.8,334.9
2026-07-31 11:30:00,573.6,612.0,779.6,769.9,740.1,474.7,92.1,27.0,104.2,183.8,306.2,1455.1,5482.0,2573.7,1254.1,1338.8,15.9,194.2,1378.9,966.7,502.1,171.2,5248.9,6227.5,2420.8,768.5,4605.0,2521.9,2585.8,1884.2,1633.7,2886.0,875.4,1631.9,967.4,983.7,1273.0,2193.7,6156.6,5964.8,1297.1,346.9
2026-07-31 11:45:00,582.9,590.5,782.9,776.8,745.2,440.6,93.1,27.3,103.0,201.1,306.4,1468.1,5488.2,2556.5,1232.2,1340.6,15.9,191.7,1377.7,949.2,504.3,159.4,5248.6,6253.0,2426.2,770.0,4614.9,2460.8,2586.8,1851.8,1633.7,2874.7,877.7,1566.0,968.0,974.9,1265.4,2195.1,6140.3,5979.7,1285.3,355.3
2026-07-31 12:00:00,595.0,560.1,808.5,842.1,748.7,579.2,87.3,15.6,110.2,222.2,351.1,1511.3,5469.8,2784.0,1239.2,1339.2,187.8,55.0,1487.1,955.0,501.3,180.8,5344.6,6293.8,2428.2,747.5,4516.5,2448.0,2561.5,1819.5,1632.1,2863.9,880.2,1605.1,965.5,985.9,1263.9,2182.3,6131.9,5992.1,1263.9,361.2
2026-07-31 12:15:00,604.0,555.1,812.2,843.6,754.5,581.8,86.2,15.8,108.6,266.0,353.4,1520.5,5525.0,2833.8,1220.7,1345.1,188.0,35.6,1480.7,948.5,498.2,179.2,5333.7,6264.4,2427.3,750.2,4508.1,2449.2,2563.3,1816.7,1632.1,2845.5,884.5,1589.5,965.6,1004.5,1250.4,2168.4,6119.5,6000.8,1256.9,363.7
2026-07-31 12:30:00,610.0,549.2,819.6,843.1,754.1,579.7,87.4,15.9,106.9,276.3,358.7,1531.6,5541.4,2876.3,1190.7,1355.4,188.2,33.5,1479.2,945.2,497.8,186.3,5321.6,6241.6,2431.5,753.5,4511.1,2449.8,2558.4,1822.9,1630.0,2804.6,884.2,1590.8,964.9,1022.1,1243.9,2154.0,6113.9,6007.7,1252.4,371.5
2026-07-31 12:45:00,612.4,543.2,822.5,844.3,749.5,583.5,92.4,16.0,106.6,275.7,342.6,1535.6,5554.6,2904.6,1182.8,1358.8,188.4,33.2,1481.1,940.0,497.2,186.3,5308.0,6219.5,2438.0,754.9,4514.2,2448.6,2562.0,1784.5,1633.4,2790.9,883.3,1544.7,964.8,1037.2,1237.4,2142.7,6117.7,6015.0,1251.3,377.5
2026-07-31 13:00:00,606.5,537.1,827.7,829.3,750.4,563.0,110.5,25.8,90.2,282.1,416.8,1566.1,5479.5,2917.9,1191.9,1362.8,66.4,135.3,1475.5,954.3,503.6,194.0,5288.7,6226.3,2420.0,689.6,4592.8,2456.7,2552.2,1814.7,1629.5,2796.9,881.4,1584.2,972.6,1053.2,1234.4,2102.6,6262.7,6166.8,1299.4,386.7
2026-07-31 13:15:00,609.4,535.3,833.0,822.0,752.9,554.2,110.4,25.8,89.8,287.2,402.3,1573.4,5479.2,2951.7,1175.9,1378.6,49.1,137.1,1473.9,950.7,503.9,194.8,5279.3,6237.4,2418.4,692.7,4600.6,2456.5,2554.3,1815.4,1628.0,2819.1,877.0,1580.8,969.0,1055.6,1227.4,2085.6,6293.8,6191.5,1299.1,390.6
2026-07-31 13:30:00,613.2,497.3,842.3,808.4,749.5,552.7,110.4,25.7,89.0,286.3,406.4,1583.8,5474.4,2977.6,1158.2,1363.4,49.1,136.1,1473.9,944.3,502.6,193.2,5273.4,6236.1,2425.7,693.7,4600.5,2456.2,2551.8,1815.9,1632.9,2818.6,878.1,1562.6,968.9,1110.3,1227.5,2070.0,6250.4,6194.5,1299.8,390.9
2026-07-31 13:45:00,669.1,487.9,853.4,806.0,746.3,645.5,110.4,25.4,88.2,289.2,394.3,1594.8,5463.6,2999.1,1145.0,1376.4,49.1,132.9,1470.5,933.9,501.8,190.6,5271.8,6275.7,2428.0,696.6,4593.0,2442.0,2556.3,1816.5,1630.4,2817.8,875.3,1555.7,967.5,1092.7,1226.7,2060.4,6264.7,6204.7,1292.2,387.0
2026-07-31 14:00:00,645.9,477.5,863.8,855.9,741.7,539.4,104.5,15.1,100.0,308.3,384.5,1588.1,5388.4,2923.8,984.1,1389.9,125.3,122.7,1464.2,920.8,494.4,188.3,5231.3,6304.3,2430.4,716.8,4580.6,2440.8,2554.7,1824.1,1627.2,2823.7,876.9,1506.7,960.3,1079.6,1224.2,2056.2,6260.0,6190.2,1245.3,383.9
2026-07-31 14:15:00,693.0,462.2,879.5,839.9,745.8,604.2,109.3,14.6,99.2,315.2,383.8,1596.4,5384.1,2984.3,975.5,1390.3,125.5,139.1,1463.8,911.1,496.6,183.3,5228.8,6328.2,2433.6,718.8,4580.7,2442.2,2557.0,1824.5,1623.9,2825.1,876.9,1522.1,954.7,1060.7,1223.8,2065.4,6263.9,6185.8,1240.4,384.1
2026-07-31 14:30:00,746.5,451.7,681.4,821.5,754.2,558.7,109.3,14.2,99.2,319.1,380.7,1599.5,5349.1,3088.3,960.7,1405.8,105.7,139.1,1458.6,904.4,486.1,175.9,5228.9,6292.5,2431.8,721.4,4572.1,2455.9,2551.1,1826.2,1623.3,2824.6,874.8,1566.4,954.3,1048.2,1223.1,2074.7,6262.5,6174.0,1242.2,380.5
2026-07-31 14:45:00,754.3,449.7,702.8,795.3,753.9,576.9,106.8,13.7,96.2,320.4,369.1,1606.8,5324.7,3145.3,957.0,1433.5,105.9,139.1,1453.8,909.9,485.2,166.7,5232.9,6301.6,2442.0,722.4,4581.4,2457.3,2554.6,1869.5,1622.6,2831.4,878.1,1603.4,942.2,1043.8,1220.0,2089.2,6270.2,6160.1,1238.1,377.2
2026-07-31 15:00:00,757.5,429.9,483.5,775.2,744.0,431.3,111.6,46.2,94.4,310.9,283.6,1565.1,5218.7,2945.6,956.5,1408.5,245.4,46.7,1314.9,887.6,480.8,165.0,5147.8,6194.9,2439.2,749.2,4495.1,2452.1,2550.6,1908.9,1619.7,2835.9,875.8,1515.9,954.9,1002.4,1213.4,2110.4,6182.4,6022.5,1261.5,367.0
2026-07-31 15:15:00,767.9,408.9,507.7,737.3,757.6,519.8,112.0,40.3,94.0,306.3,283.8,1566.3,5190.9,2978.7,947.8,1439.5,245.1,46.7,1281.6,881.3,482.6,163.3,5159.0,6266.9,2444.1,749.7,4489.8,2474.9,2551.4,1962.8,1619.3,2847.2,875.4,1565.1,954.3,1019.5,1213.2,2112.9,6195.5,6003.3,1276.0,357.5
2026-07-31 15:30:00,769.0,394.8,538.0,705.5,759.3,503.1,109.8,31.8,93.8,284.5,296.4,1528.3,5165.0,3051.2,953.1,1465.3,244.7,46.7,1279.0,865.4,484.4,158.4,5173.3,6249.0,2450.9,751.0,4494.0,2544.9,2545.8,2068.6,1617.1,2984.0,875.0,1982.4,941.8,1019.7,1205.9,2119.2,6205.4,5969.7,1280.8,346.1
2026-07-31 15:45:00,727.8,379.7,568.9,658.5,759.8,464.7,108.8,32.8,92.8,278.6,303.5,1533.1,5153.7,3089.4,970.2,1465.4,244.4,30.4,1270.5,973.2,488.7,152.2,5171.4,6218.3,2457.5,753.3,4312.7,2739.3,2548.2,2088.6,1615.9,3143.1,875.0,2254.4,941.3,1018.6,1206.4,2136.0,6226.8,5941.5,1289.5,340.1
2026-07-31 16:00:00,675.5,360.8,623.1,647.2,756.2,449.4,119.5,12.4,90.4,259.1,335.6,1527.2,5146.5,2845.3,944.4,1430.9,344.8,47.2,1150.5,958.4,478.1,145.1,5127.6,6282.6,2445.7,760.6,4458.1,2450.9,2555.5,2446.8,1606.6,2984.8,867.0,2169.3,953.2,1108.8,1209.2,2174.4,6204.9,5920.5,1327.1,313.9
2026-07-31 16:15:00,690.3,343.8,655.7,616.2,763.5,415.3,118.6,12.0,90.1,239.8,334.8,1522.9,5164.5,2859.5,983.1,1400.0,343.9,47.1,1122.7,947.1,481.1,146.9,5139.7,6205.2,2453.3,759.8,4302.6,2697.8,2556.1,2451.8,1601.9,3215.1,867.6,2383.1,954.3,1108.6,1218.9,2300.3,6244.9,5888.1,1343.9,300.4
2026-07-31 16:30:00,697.3,357.4,692.2,606.3,775.2,389.6,118.6,11.7,91.7,219.9,341.0,1505.7,4167.5,2952.7,1032.1,1401.4,323.0,44.6,1123.1,1129.5,487.1,140.1,5129.8,6123.6,2450.8,764.4,4293.9,2950.8,2550.8,2467.7,1603.7,3500.5,865.5,2755.9,955.1,1104.4,1228.7,2307.3,6294.5,5842.7,1367.8,280.2
2026-07-31 16:45:00,701.2,353.7,727.9,585.4,795.9,380.4,118.6,11.2,91.4,201.2,343.8,1501.0,3320.3,2954.8,1095.1,1416.1,322.2,35.3,1123.1,1222.9,413.0,371.0,5144.9,6167.6,2450.4,852.8,4280.0,3247.5,2551.8,2433.8,1607.1,3598.0,868.0,3053.9,959.9,1099.8,1241.1,2300.4,6350.6,5813.2,1398.2,260.7
2026-07-31 17:00:00,712.8,296.1,736.0,455.8,789.6,281.4,84.3,37.7,136.5,174.8,277.3,1486.9,3839.6,2491.6,1241.5,1513.6,345.1,28.8,1200.9,1047.3,510.8,87.1,5073.3,5893.7,2429.0,888.6,4236.0,3297.2,2586.2,2521.9,1603.1,3392.1,894.9,3330.5,963.2,1830.5,1258.9,2874.9,6426.9,5732.3,1458.2,234.3
2026-07-31 17:15:00,718.5,314.5,782.1,455.7,784.9,281.6,84.3,37.0,138.5,147.7,292.5,1477.6,3334.5,2449.8,1306.9,1639.5,345.5,29.5,1128.5,1110.8,419.2,312.9,5080.3,5838.2,2426.4,889.6,4237.8,3951.0,2587.3,2514.0,1601.0,3474.2,897.2,3356.1,965.6,1832.5,1272.8,2859.9,6474.7,5698.5,1492.3,214.8
2026-07-31 17:30:00,717.6,300.2,844.5,435.0,785.7,326.3,84.3,36.2,139.4,132.6,302.0,1459.9,3302.2,2453.7,1332.4,1880.1,345.8,32.1,1103.8,1093.8,423.6,311.3,5103.8,5972.4,2415.4,892.2,4246.6,4620.1,2581.4,2626.8,1603.8,3472.0,899.4,3286.7,968.1,1839.4,1290.6,2905.7,6527.1,5649.4,1516.0,193.4
2026-07-31 17:45:00,715.4,282.7,917.3,417.5,776.4,254.7,84.3,37.8,156.5,116.0,305.9,1439.6,2752.8,2443.0,1399.4,2032.2,346.2,33.1,1108.7,1147.7,426.5,327.0,5121.9,6180.2,2418.9,892.5,4269.8,4873.5,2578.1,2669.2,1603.6,3415.0,903.1,3259.7,964.6,1849.8,1300.3,3068.3,6567.0,5618.7,1547.8,179.2
2026-07-31 18:00:00,734.6,249.6,985.3,524.0,811.0,440.9,56.3,66.4,149.4,100.3,281.8,1404.7,3249.7,2288.1,1487.2,2078.4,240.0,33.6,1204.6,981.6,466.3,304.2,5165.5,5552.6,2393.1,909.1,4357.0,4867.3,2626.9,2472.0,1604.0,3566.2,897.0,3404.1,969.2,1957.3,1319.6,3478.5,6620.2,5533.6,1560.7,199.8
2026-07-31 18:15:00,732.7,240.6,1051.5,533.1,791.4,450.5,56.3,68.8,173.2,82.3,280.8,1377.1,2709.7,2243.9,1537.5,2054.6,215.1,33.9,1119.4,986.7,458.1,294.1,5164.7,5630.2,2392.4,909.5,4372.4,5004.2,2627.7,2570.7,1599.9,3533.0,899.1,3365.5,968.7,1974.4,1329.5,3442.0,6669.8,5522.3,1575.7,180.6
2026-07-31 18:30:00,735.5,225.7,1119.6,535.8,783.5,417.6,56.3,55.9,191.9,63.0,303.2,1356.9,1790.1,2284.1,1478.4,1910.0,215.3,38.2,1126.0,962.6,465.3,283.7,5172.0,5751.2,2392.1,906.1,4396.1,5024.0,2621.1,2614.6,1598.3,3472.8,900.9,3345.4,963.2,1992.3,1335.1,3578.3,6701.9,5468.0,1601.8,171.3
2026-07-31 18:45:00,733.0,215.1,1173.8,601.2,776.8,403.0,56.3,52.9,215.9,44.8,323.3,1339.4,1784.6,2271.9,1424.1,1703.9,215.5,33.7,1147.9,996.0,481.0,294.5,5171.8,5819.4,2391.2,908.7,4412.9,5042.9,2621.4,2607.9,1596.8,3446.3,903.7,3347.9,958.2,2007.1,1333.7,3621.6,6708.1,5423.2,1608.1,164.3
2026-07-31 19:00:00,722.7,219.7,1192.5,600.8,797.6,430.6,61.7,35.8,247.0,32.5,430.0,1333.9,1911.0,2272.1,1406.3,1608.8,242.0,20.4,1214.8,947.6,509.2,277.6,5144.2,5718.9,2362.7,849.9,4563.1,5275.3,2690.1,2552.0,1588.4,3399.3,891.0,3455.1,960.7,2107.3,1324.0,3607.0,6692.9,5435.0,1632.5,174.7
2026-07-31 19:15:00,716.8,229.7,1227.5,599.1,807.3,420.2,64.3,35.3,274.4,25.9,428.1,1314.4,1894.7,2273.3,1313.5,1402.4,242.0,36.6,1148.5,918.9,496.3,266.1,5151.3,5679.6,2354.0,845.8,4574.8,5287.7,2688.4,2543.6,1588.3,3412.3,889.9,3454.8,958.4,2124.6,1319.4,3591.6,6699.2,5548.0,1642.6,169.0
2026-07-31 19:30:00,747.0,203.2,1255.6,652.0,792.6,443.2,64.2,36.5,297.6,19.1,410.2,1295.8,1896.1,2355.9,1352.2,1403.0,262.0,36.6,1139.8,901.8,494.2,264.4,5140.0,5637.8,2346.9,840.1,4581.3,5295.8,2681.8,2535.6,1591.0,3408.9,888.6,3453.8,955.3,2142.9,1314.3,3563.9,6697.1,5602.2,1647.2,163.7
2026-07-31 19:45:00,749.7,201.4,1273.7,671.8,798.2,447.1,64.2,67.0,319.3,12.8,407.3,1277.9,1892.0,2342.4,1373.6,1400.2,262.0,36.6,1140.2,938.3,497.7,295.5,5128.0,5601.3,2338.3,836.4,4580.8,5295.3,2680.1,2530.5,1588.9,3405.8,888.3,3453.0,958.8,2162.3,1309.0,3562.2,6691.7,5601.2,1644.3,162.7
2026-07-31 20:00:00,738.9,244.9,1282.0,644.8,806.8,419.0,82.4,71.5,333.9,5.5,326.7,1425.4,1806.4,2168.2,1148.0,1401.1,192.1,16.0,1481.6,845.3,507.6,268.3,5053.7,5603.1,2329.0,851.0,4557.7,5291.4,2708.0,2522.8,1571.2,3436.1,901.5,3456.6,959.3,2150.8,1302.5,3447.1,6729.5,5580.0,1624.2,156.3
2026-07-31 20:15:00,743.4,242.8,1281.2,655.6,805.3,412.5,84.2,71.2,345.7,2.5,313.3,1414.0,1802.3,2088.4,1195.7,1369.1,192.2,32.3,1430.0,830.3,498.2,266.8,5046.3,5586.4,2320.8,851.4,4554.6,5284.8,2707.1,2518.3,1567.5,3432.1,899.2,3451.8,960.0,2163.1,1300.6,3444.7,6717.5,5546.3,1609.5,154.9
2026-07-31 20:30:00,744.6,236.0,1277.4,661.2,805.0,410.8,84.2,71.4,353.3,2.2,277.7,1402.6,1801.5,2048.8,1224.1,1366.9,192.3,32.3,1425.4,816.5,496.9,267.0,5021.8,5559.2,2308.1,852.2,4555.9,5279.9,2700.7,2510.4,1573.8,3442.7,885.6,3433.3,956.7,2170.2,1300.4,3421.6,6685.9,5502.7,1604.4,154.2
2026-07-31 20:45:00,743.3,216.4,1264.9,667.4,803.6,409.0,84.3,87.7,361.3,2.0,275.9,1398.8,1806.0,2065.7,1284.8,1370.9,192.4,32.0,1415.1,834.0,480.5,271.7,5006.0,5547.6,2305.0,851.7,4557.8,5282.2,2700.6,2505.5,1567.7,3431.8,883.2,3431.4,953.7,2167.5,1302.7,3409.8,6668.3,5468.3,1594.2,152.8
2026-07-31 21:00:00,734.0,349.6,1246.6,457.7,784.0,438.3,52.0,168.1,367.2,6.7,310.4,1370.8,1706.1,2028.6,1367.0,1343.1,255.1,26.4,1078.6,812.4,483.4,268.8,5079.4,5494.6,2284.5,867.7,4552.7,5276.4,2711.1,2495.9,1557.5,3483.5,880.4,3406.8,947.4,2202.0,1279.8,3388.6,6630.8,5549.9,1578.5,140.3
2026-07-31 21:15:00,739.9,229.9,1241.3,630.8,799.3,400.8,52.0,168.0,367.0,6.5,287.9,1368.3,1709.2,1800.5,1390.3,1322.4,255.2,26.4,1073.5,778.5,478.2,271.3,5111.4,5496.7,2277.9,835.6,4545.6,5284.3,2710.6,2495.8,1555.9,3490.5,877.8,3413.6,942.4,2196.4,1280.0,3424.0,6622.1,5518.6,1572.8,142.1
2026-07-31 21:30:00,734.1,218.1,1230.1,615.9,795.8,407.0,52.0,155.3,358.9,52.6,289.9,1376.8,1703.0,1711.7,1407.7,1319.0,255.3,10.1,1065.6,787.6,477.0,278.0,5109.8,5489.8,2263.5,835.4,4548.3,5279.4,2705.5,2490.6,1557.1,3494.9,874.1,3404.0,939.4,2183.5,1272.4,3418.9,6591.7,5479.7,1576.4,145.8
2026-07-31 21:45:00,726.7,203.1,1212.0,603.6,787.5,400.5,52.2,152.8,358.7,43.7,298.7,1379.4,1689.4,1725.0,1382.9,1316.7,260.4,10.1,1094.9,769.4,480.9,285.5,5087.8,5478.4,2261.3,834.3,4542.6,5274.1,2704.9,2486.7,1556.9,3491.3,872.5,3402.7,936.9,2171.7,1259.6,3402.2,6573.5,5450.7,1578.9,150.0
2026-07-31 22:00:00,726.7,225.7,1212.0,588.9,772.3,384.7,52.0,87.7,343.9,93.8,221.9,1260.5,1670.2,1592.2,1233.8,1321.7,184.5,21.8,1032.8,764.5,429.4,297.5,4989.5,5521.8,2263.6,830.4,4570.6,5387.2,2726.0,2455.6,1544.3,3389.1,863.6,3277.7,935.0,2138.9,1263.1,3448.5,6572.8,5410.9,1551.1,146.8
2026-07-31 22:15:00,719.8,205.6,1170.7,566.6,746.5,386.6,52.0,87.8,338.3,53.6,204.3,1260.4,1643.8,1470.7,1208.4,1317.5,184.7,21.8,1029.4,754.7,437.5,292.7,4942.1,5487.7,2258.3,828.9,4561.2,5378.9,2723.8,2448.2,1547.4,3383.5,860.9,3273.8,931.2,2131.7,1250.7,3432.1,6503.3,5282.1,1536.5,149.0
2026-07-31 22:30:00,715.4,193.0,1126.0,547.3,731.0,383.9,52.1,87.7,338.1,53.7,223.5,1260.4,1658.2,1361.2,1227.3,1285.4,164.9,21.9,1042.9,754.5,441.0,293.4,4891.8,5460.8,2236.2,824.7,4559.2,5380.8,2718.8,2427.6,1537.1,3362.2,859.1,3261.3,933.3,2126.5,1247.1,3418.0,6510.3,5229.4,1537.0,150.7
2026-07-31 22:45:00,710.7,192.4,1085.5,517.0,721.4,380.8,52.0,87.7,342.0,15.6,212.1,1252.3,1772.0,1331.2,1199.5,1272.6,165.1,21.9,1047.3,752.6,446.7,293.5,4842.0,5386.6,2222.8,821.0,4545.7,5371.6,2719.9,2431.0,1535.0,3372.9,856.7,3244.6,930.1,2115.0,1254.6,3349.0,6441.6,5219.3,1525.0,151.2
2026-07-31 23:00:00,671.6,193.3,1022.4,478.1,683.9,183.5,72.0,39.2,326.4,10.0,203.2,1257.8,1576.5,1294.5,1132.2,1211.1,238.2,17.0,1004.6,736.5,408.3,301.1,4664.8,5397.5,2184.8,816.6,4400.7,5370.5,2710.9,2355.0,1524.8,3255.9,856.3,3170.5,929.4,2140.3,1256.7,3329.7,6336.6,5225.9,1490.4,152.4
2026-07-31 23:15:00,680.7,191.7,987.6,457.8,670.6,183.5,72.0,39.2,322.1,10.0,193.8,1259.6,1613.5,1241.0,1101.6,1188.0,238.4,22.0,1007.6,689.8,415.7,306.0,4634.3,5369.4,2157.6,813.8,4386.2,5366.4,2703.8,2356.2,1518.4,3240.0,855.6,3131.5,926.9,2142.3,1254.5,3323.5,6312.4,5175.1,1471.2,149.6
2026-07-31 23:30:00,682.2,190.6,953.1,440.5,659.9,183.4,72.0,39.2,315.5,10.0,189.1,1260.1,1945.2,1216.5,1120.3,1194.5,218.5,15.9,1005.2,688.7,412.3,307.9,4606.4,5325.7,2138.4,812.0,4382.0,5363.7,2694.2,2314.6,1519.6,3240.4,852.2,3129.4,921.2,2141.4,1243.0,3240.2,6253.0,5175.1,1449.4,155.6
2026-07-31 23:45:00,709.5,189.6,915.8,423.0,650.5,182.6,72.1,39.2,303.6,10.0,174.4,1270.9,1980.6,1188.4,1081.9,1197.0,243.6,5.8,1024.2,683.6,409.1,315.1,4581.1,5186.1,2111.7,810.1,4367.8,5358.4,2689.4,2303.9,1517.7,3277.4,850.3,3098.7,913.2,2131.2,1226.9,3141.2,6152.9,5208.4,1426.2,154.5
