date,EE_buy,EE_sell,LT_buy,LT_sell,LV_buy,LV_sell,AT_buy,AT_sell,BE_buy,BE_sell,FR_buy,FR_sell,GER_buy,GER_sell,NL_buy,NL_sell,PL_buy,PL_sell,DK1_buy,DK1_sell,DK2_buy,DK2_sell,FI_buy,FI_sell,NO1_buy,NO1_sell,NO2_buy,NO2_sell,NO3_buy,NO3_sell,NO4_buy,NO4_sell,NO5_buy,NO5_sell,SE1_buy,SE1_sell,SE2_buy,SE2_sell,SE3_buy,SE3_sell,SE4_buy,SE4_sell
2026-10-02 00:00:00,834.5,316.4,1021.1,952.9,648.1,304.2,31.0,27.2,298.6,15.7,146.8,1741.2,4129.6,1582.2,1127.3,1017.0,0.0,226.1,1114.5,1103.5,482.5,957.4,5070.3,4765.7,2610.2,1584.9,4552.8,4237.2,2410.2,2188.4,1726.7,1486.3,1001.2,3673.3,899.0,2611.9,1494.7,4608.9,7046.6,4752.5,1543.9,611.5
2026-10-02 00:15:00,887.8,305.2,1011.2,907.8,640.3,304.1,31.0,31.4,290.7,14.5,135.7,1743.5,4142.1,1564.0,1168.5,1073.8,0.0,210.1,1120.1,1087.3,489.6,928.4,5058.0,4731.8,2571.3,1582.7,4547.0,4227.6,2398.1,2184.9,1719.5,1719.1,1007.1,3643.5,905.0,2588.7,1501.8,4567.3,7027.0,4733.7,1543.5,603.0
2026-10-02 00:30:00,877.5,304.0,1001.0,886.3,629.2,303.8,31.0,25.2,295.1,12.6,130.2,1747.3,4139.0,1527.2,1150.0,1048.0,0.0,224.3,1127.3,1067.9,486.6,909.1,5076.1,4708.8,2544.1,1581.2,4536.0,4208.8,2385.2,2178.9,1717.8,1791.6,1001.5,3619.1,900.9,2567.6,1506.1,4529.9,6958.9,4717.3,1538.6,594.7
2026-10-02 00:45:00,870.6,303.2,994.9,872.2,623.8,303.9,31.0,23.8,289.4,16.2,109.3,1749.4,4143.1,1356.3,1127.1,1053.5,0.0,244.0,1121.7,1054.6,486.7,897.7,5055.6,4660.9,2518.3,1579.7,4525.2,4210.4,2372.7,2174.1,1714.0,1938.8,991.6,3570.4,888.3,2546.9,1509.8,4495.6,6952.9,4697.7,1545.2,586.0
2026-10-02 01:00:00,847.4,301.5,989.1,884.9,679.7,302.9,28.0,20.2,326.9,5.1,161.1,1755.5,4002.3,1374.1,1108.3,1037.1,0.0,245.8,1206.5,1037.7,479.1,872.3,5104.9,4584.4,2454.6,1579.1,4474.0,4199.4,2360.5,2039.3,1683.7,2396.3,976.4,3460.6,882.6,2481.4,1501.8,4480.4,6958.9,4774.3,1508.3,618.4
2026-10-02 01:15:00,816.4,299.5,984.7,885.7,676.5,294.6,28.1,19.4,342.9,6.3,151.1,1757.0,4048.3,1316.6,1089.5,1037.2,0.0,230.6,1211.2,1019.6,478.7,853.7,5113.0,4551.7,2432.2,1579.0,4465.3,4193.3,2354.3,2044.2,1680.1,2541.5,971.2,3425.7,883.2,2461.5,1495.8,4440.9,6945.9,4747.9,1508.4,607.6
2026-10-02 01:30:00,834.6,297.7,981.9,888.2,678.4,294.6,28.0,20.6,353.3,7.1,138.1,1757.9,4099.0,1279.5,1081.9,1037.6,0.0,220.8,1212.5,1002.6,489.8,836.8,5110.1,4495.5,2412.2,1577.8,4458.9,4189.6,2348.4,2036.4,1662.9,2680.0,962.5,3398.7,882.1,2443.9,1494.4,4397.0,6903.7,4724.5,1506.4,596.2
2026-10-02 01:45:00,831.0,294.8,979.4,897.7,675.2,296.6,28.0,20.4,381.4,6.1,120.2,1760.6,4255.7,1189.0,1120.3,1037.0,0.0,220.5,1208.2,987.7,492.4,821.8,5108.6,4439.6,2391.7,1577.2,4453.5,4082.8,2342.5,2044.6,1668.0,2785.7,957.9,3368.6,875.3,2428.5,1495.2,4358.3,6863.4,4709.6,1499.7,585.4
2026-10-02 02:00:00,838.5,292.3,978.4,879.4,667.4,300.5,27.0,17.8,408.6,6.9,159.0,1761.8,4187.5,1106.6,1082.6,1009.9,0.0,207.7,1141.9,970.3,487.8,814.0,5043.1,4417.2,2359.8,1600.3,4634.8,4240.9,2352.3,2004.2,1655.0,2709.4,945.8,3330.8,881.8,2464.1,1437.8,4330.2,6815.6,4689.1,1507.4,551.6
2026-10-02 02:15:00,829.8,289.8,984.5,872.3,665.9,299.9,27.0,16.7,404.2,7.1,135.6,1763.8,4228.4,1118.8,1120.4,1010.2,0.0,204.8,1148.8,958.5,485.6,796.4,5016.4,4374.5,2345.4,1600.9,4628.0,4226.8,2349.6,2010.7,1652.7,2807.5,941.4,3306.3,881.1,2452.3,1437.2,4298.2,6790.2,4668.2,1508.1,541.4
2026-10-02 02:30:00,798.1,287.4,990.5,876.6,665.5,301.4,27.0,15.6,406.6,9.4,122.9,1766.6,4290.1,1075.1,1086.4,1010.3,0.0,204.3,1142.9,936.5,478.1,782.0,5000.8,4370.4,2331.0,1596.4,4621.4,4210.4,2346.9,2015.7,1643.2,2843.4,938.9,3291.5,875.3,2441.3,1432.9,4264.9,6780.3,4638.0,1506.7,538.1
2026-10-02 02:45:00,791.3,285.2,994.4,867.6,663.0,302.6,29.7,14.7,410.6,8.7,111.5,1770.1,4406.8,1070.3,1034.2,1015.1,0.0,218.6,1136.5,927.8,477.0,769.7,4996.5,4342.1,2318.0,1592.3,4620.1,4184.7,2338.8,2028.0,1637.3,2850.7,934.8,3267.7,877.5,2431.5,1438.0,4328.1,6770.0,4624.3,1509.5,522.0
2026-10-02 03:00:00,781.9,282.7,897.6,867.5,613.1,301.7,33.0,13.1,417.7,2.4,199.0,1773.3,4316.9,1145.7,1098.6,1016.4,0.1,213.7,1102.2,923.8,464.9,764.1,4791.7,4266.6,2294.2,1560.6,4528.7,4023.7,2330.6,1933.0,1645.2,2812.4,927.7,3270.1,881.2,2453.6,1404.7,4155.6,6620.6,4487.6,1522.9,511.0
2026-10-02 03:15:00,760.1,280.4,903.4,867.4,616.2,301.2,35.7,11.7,410.4,2.4,177.7,1775.1,4327.2,1134.6,1096.3,1016.8,0.1,222.8,1094.9,916.7,468.2,756.0,4774.9,4259.3,2285.3,1559.3,4528.3,4020.0,2328.7,1934.1,1639.1,2851.1,924.0,3257.3,881.7,2447.2,1405.0,4125.6,6603.5,4462.4,1524.4,512.1
2026-10-02 03:30:00,760.9,277.9,909.7,832.2,616.3,308.5,34.9,11.9,411.9,3.4,153.9,1777.0,4751.7,1128.4,1096.9,1011.0,0.0,237.1,1082.3,903.2,457.4,747.7,4769.2,4227.6,2276.5,1556.1,4526.1,4046.9,2326.6,1964.5,1639.2,2906.8,922.2,3223.4,882.5,2439.9,1404.8,4161.2,6598.0,4446.2,1531.6,510.3
2026-10-02 03:45:00,729.8,276.6,923.7,812.2,618.9,308.5,35.7,11.5,414.8,4.1,153.2,1778.0,4956.5,1117.8,1091.4,1011.7,0.0,236.4,1078.0,899.1,448.3,739.0,4764.3,4215.8,2270.7,1553.8,4524.2,4088.8,2320.9,1985.7,1639.3,2918.7,920.6,3191.1,882.3,2432.2,1411.2,4179.0,6577.4,4432.3,1531.8,500.7
2026-10-02 04:00:00,757.8,275.6,948.0,797.4,625.2,308.1,24.7,1.1,417.7,7.2,115.4,1790.2,5386.9,1226.4,1030.1,1045.2,0.0,203.6,1033.6,903.7,442.6,735.6,4841.2,4162.7,2270.9,1512.5,4525.6,4165.1,2370.5,1972.2,1660.3,2751.0,917.5,3353.6,891.6,2579.1,1427.1,4382.9,6606.7,4398.2,1565.0,489.6
2026-10-02 04:15:00,765.8,272.9,1003.3,798.0,635.8,307.6,24.7,1.0,417.4,3.4,107.9,1788.3,5288.6,1204.0,1040.4,1032.8,0.0,180.9,1027.8,896.6,435.6,721.9,4858.1,4159.2,2271.6,1509.4,4528.6,4174.8,2366.6,1997.8,1650.4,2885.0,915.5,3329.9,887.2,2571.1,1428.8,4401.0,6612.7,4382.6,1578.4,483.8
2026-10-02 04:30:00,770.9,270.0,1032.1,810.3,649.6,307.1,22.0,1.9,357.5,0.0,101.7,1788.2,4292.8,1181.6,1001.6,1029.9,0.0,160.6,1019.6,891.5,437.4,704.3,4894.6,4152.6,2275.8,1504.9,4533.2,4180.8,2366.9,2062.0,1645.2,2901.9,915.1,3297.1,894.6,2567.2,1427.5,4487.8,6609.2,4369.6,1580.1,471.5
2026-10-02 04:45:00,783.4,266.8,1072.5,844.4,666.2,306.6,22.0,1.9,337.4,1.2,95.9,1793.4,4198.6,1186.7,993.0,1030.3,0.0,160.1,1016.5,893.3,435.7,694.9,4922.3,4137.6,2282.2,1503.1,4537.8,4185.9,2370.4,2211.4,1647.8,2959.2,912.7,3210.5,901.1,2565.9,1420.5,4512.8,6624.5,4356.5,1598.8,459.1
2026-10-02 05:00:00,844.8,264.0,1161.0,809.2,706.3,545.9,34.7,46.5,341.9,7.4,63.8,1764.8,4274.3,1274.7,1025.5,1064.9,0.0,198.3,995.9,1016.8,436.3,701.0,5380.8,4234.3,2316.0,1478.2,4492.0,4144.9,2428.0,1956.6,1687.5,2812.5,921.2,3457.4,914.9,3318.1,1422.0,4508.3,6778.4,4402.0,1638.6,467.8
2026-10-02 05:15:00,853.0,262.5,1220.4,816.5,730.1,545.3,32.0,47.7,353.5,1.8,67.7,1764.9,4096.5,1247.4,1018.4,1074.7,0.0,206.2,994.3,1026.8,432.2,701.9,5423.2,4247.1,2347.8,1483.5,4506.4,4167.9,2433.9,1986.1,1675.9,2956.9,929.7,3469.8,919.9,3317.7,1430.2,4563.6,6827.3,4394.5,1677.8,458.7
2026-10-02 05:30:00,876.4,260.5,1269.2,835.2,749.5,544.5,32.0,47.8,354.4,13.0,78.2,1760.9,4099.4,1256.0,973.9,1086.8,0.0,206.6,977.0,1032.5,429.8,685.3,5428.0,4239.0,2380.4,1480.5,4523.5,4189.4,2444.1,2105.9,1675.4,3044.3,936.3,3440.1,930.0,3315.3,1452.2,4638.8,6939.2,4383.8,1714.5,449.1
2026-10-02 05:45:00,896.8,259.0,1296.7,825.0,772.0,543.6,32.0,47.8,367.0,18.0,84.7,1759.0,4098.9,1278.5,979.0,1093.9,0.0,207.6,986.2,1035.2,432.6,678.5,5437.5,4273.7,2419.2,1479.3,4536.4,4207.4,2449.7,2210.2,1679.1,3165.7,947.2,3426.0,939.2,3312.2,1485.7,4680.2,7078.4,4391.8,1760.2,440.8
2026-10-02 06:00:00,920.5,258.7,1342.2,835.2,807.6,734.3,16.1,45.7,387.4,22.7,132.8,1729.7,4525.4,1327.7,1030.8,1182.7,0.0,224.6,1080.1,1390.8,449.9,714.8,5627.4,4415.6,2567.3,1451.5,4663.5,4669.0,2529.7,1981.6,1722.4,3127.0,963.2,4027.3,963.8,3745.4,1563.2,4559.3,7429.2,4440.3,1829.8,431.6
2026-10-02 06:15:00,932.4,258.2,1337.7,825.6,825.4,738.5,16.0,45.7,398.6,29.6,124.6,1729.1,4262.7,1991.5,1049.2,1226.8,0.0,245.7,1073.8,1410.1,453.5,713.7,5556.0,4422.5,2638.2,1450.7,4693.5,4713.5,2549.2,1992.4,1727.7,3139.0,988.8,4129.4,972.2,3745.1,1609.6,4597.0,7615.9,4628.3,1898.0,426.9
2026-10-02 06:30:00,932.4,259.2,1317.7,1034.8,844.5,741.7,16.0,46.8,416.4,26.6,126.0,1725.3,4244.5,2083.2,1047.7,1201.8,0.1,229.2,1086.8,1398.8,458.9,710.4,5588.8,4437.9,2708.2,1524.9,4731.8,4773.8,2570.0,1996.1,1735.5,3205.0,1010.7,4205.6,983.1,3749.2,1652.8,4610.6,7794.0,4621.8,1935.7,422.3
2026-10-02 06:45:00,934.6,272.7,1317.2,1046.3,851.3,764.9,16.0,49.3,427.0,50.0,129.2,1722.6,3403.5,1433.7,1086.9,1219.8,0.0,194.5,1107.3,1396.0,468.8,709.7,5616.4,4499.0,2785.7,1527.1,4757.2,4820.5,2598.2,2063.3,1741.1,3236.7,1027.5,4285.5,995.5,3757.1,1683.2,4636.6,7972.6,4625.5,1995.5,413.9
2026-10-02 07:00:00,932.0,268.7,1311.0,1170.9,869.8,851.8,6.0,50.3,481.1,49.2,224.7,1824.2,3320.4,1583.1,1222.8,1228.0,0.0,284.8,1260.2,1373.1,531.6,690.3,5732.3,4485.8,2977.7,1491.5,4946.8,5414.1,2679.4,1970.7,1807.9,3267.4,1056.5,4610.5,1015.0,3879.8,1807.1,4664.3,8285.2,4662.6,2131.8,419.2
2026-10-02 07:15:00,936.5,297.7,1292.3,1213.4,882.9,888.3,6.0,56.6,501.5,50.1,201.0,1825.0,3307.6,1651.7,1255.8,1263.0,0.1,295.1,1255.6,1379.3,532.1,694.7,5760.2,4480.8,3033.9,1511.5,4977.5,5483.2,2699.7,2001.9,1813.8,3281.7,1074.5,4644.0,1021.0,3887.1,1817.4,4668.9,8389.6,4663.6,2162.2,417.3
2026-10-02 07:30:00,941.2,323.9,1244.8,1222.1,887.7,930.2,6.0,74.8,512.2,50.1,205.6,1821.3,3319.9,1712.2,1280.4,1265.9,27.5,277.2,1258.5,1376.1,539.1,699.0,5785.4,4472.3,3072.1,1547.3,4997.6,5528.5,2714.2,2002.4,1819.9,3290.5,1088.9,4674.5,1027.7,3892.9,1823.0,4666.9,8461.8,4659.4,2184.0,442.1
2026-10-02 07:45:00,933.4,356.5,1174.9,1240.3,887.7,981.9,6.1,73.3,523.5,50.2,203.9,1860.0,3326.8,1730.5,1279.6,1275.9,27.6,166.5,1267.4,1377.1,553.4,703.3,5805.1,4454.9,3111.2,1585.9,5011.3,5582.4,2740.2,1970.9,1831.7,3293.7,1097.4,4720.3,1031.2,3892.7,1825.7,4652.1,8523.9,4650.2,2214.5,463.4
2026-10-02 08:00:00,925.7,398.2,1090.9,1250.9,883.9,962.7,1.0,68.8,516.5,120.9,239.1,1760.8,4352.4,1622.9,1432.6,1358.5,0.0,121.4,1302.0,1328.6,564.0,706.5,5846.6,4300.2,3187.7,1511.4,4951.2,5465.4,2860.3,2208.4,1850.9,3389.4,1109.6,4756.8,1025.3,3685.5,1823.3,4744.4,8559.6,4674.2,2228.6,425.7
2026-10-02 08:15:00,912.6,426.1,1006.4,1237.2,884.9,1018.5,1.0,66.9,541.9,51.0,241.7,1749.1,4362.2,1615.7,1400.0,1288.1,0.0,129.4,1308.5,1314.5,573.0,701.1,5860.4,4243.0,3204.8,1511.2,4957.7,5481.8,2870.4,2215.3,1855.7,3390.0,1111.6,4762.7,1018.9,3675.3,1822.6,4732.1,8565.5,4654.6,2242.9,419.1
2026-10-02 08:30:00,917.4,454.9,907.2,1218.6,881.1,1066.5,1.0,52.6,530.8,51.3,246.5,1774.9,4362.1,1600.5,1373.2,1280.8,0.0,160.1,1302.2,1317.4,576.1,704.0,5866.0,4198.8,3218.8,1510.4,4954.3,5483.7,2872.8,2313.4,1849.0,3414.5,1119.6,4741.0,1021.0,3661.7,1824.5,4697.3,8568.4,4587.6,2239.5,388.0
2026-10-02 08:45:00,902.3,486.9,818.3,1211.6,873.7,1127.3,1.0,50.8,520.3,51.9,245.2,1790.0,4628.3,1509.9,1322.5,1270.0,0.0,310.0,1321.2,1317.0,581.4,703.2,5866.6,4147.0,3227.3,1526.3,4956.7,5493.5,2878.6,2257.8,1847.2,3398.0,1127.1,4771.0,1032.2,3642.5,1828.0,4661.7,8560.7,4571.1,2240.2,383.7
2026-10-02 09:00:00,871.6,524.4,740.1,909.2,857.0,1153.1,53.0,30.3,495.0,119.4,284.8,1789.9,4391.0,1826.6,1161.2,1394.6,40.5,305.5,1460.7,1277.3,610.0,719.4,5764.1,4106.6,3257.3,1611.2,4893.7,5340.6,2960.6,2208.8,1844.0,3387.1,1121.6,4827.2,1042.9,3652.7,1837.1,4743.0,8493.6,4609.8,2245.7,336.7
2026-10-02 09:15:00,863.7,545.9,675.5,877.7,852.6,1201.4,53.0,23.4,459.8,30.8,282.4,1765.3,4751.6,1504.6,1092.5,1392.0,44.3,301.6,1457.3,1270.1,616.8,711.7,5751.1,4052.3,3257.2,1610.5,4893.5,5345.2,2959.8,2260.5,1834.6,3398.2,1122.2,4812.0,1041.9,3633.8,1841.0,4693.9,8471.3,4557.4,2249.9,316.9
2026-10-02 09:30:00,846.5,574.4,625.9,842.6,845.5,1250.0,53.1,28.1,428.7,50.8,285.7,1793.9,4996.0,1436.5,1060.6,1445.0,21.8,215.0,1436.4,1287.0,618.0,714.2,5745.7,4019.8,3269.6,1609.3,4891.2,5356.5,2958.1,2309.0,1820.5,3408.2,1125.6,4804.7,1041.8,3628.8,1836.3,4664.5,8455.6,4493.8,2241.0,299.1
2026-10-02 09:45:00,831.9,609.1,577.0,796.4,838.5,1296.1,64.1,27.2,397.8,48.9,289.8,1811.4,5324.4,1485.2,988.4,1459.2,25.7,302.2,1457.2,1263.7,626.8,692.9,5754.0,3965.6,3265.2,1608.0,4882.0,5345.3,2959.1,2351.7,1819.9,3417.1,1113.8,4777.4,1045.1,3620.6,1829.5,4650.5,8448.7,4444.1,2235.1,278.1
2026-10-02 10:00:00,820.5,638.1,566.8,680.3,823.0,1266.3,103.0,27.6,350.6,48.3,353.9,1853.8,5101.2,1391.5,843.8,1508.9,160.7,191.2,1268.4,1134.9,631.4,690.1,5716.3,3932.0,3265.2,1512.2,4903.9,5139.3,3008.4,2411.6,1841.9,3336.2,1127.8,4687.3,1036.1,3767.8,1820.9,4795.6,8417.7,4522.1,2259.7,252.3
2026-10-02 10:15:00,807.5,653.2,535.4,703.4,816.0,1296.2,104.1,15.8,304.2,49.7,334.5,1872.9,5211.6,1443.9,781.6,1541.5,160.7,196.5,1274.1,1136.1,641.8,684.9,5694.3,3895.0,3265.8,1511.0,4898.2,5151.3,3006.5,2379.2,1847.6,3340.8,1122.1,4698.7,1035.3,3760.8,1810.4,4775.9,8394.8,4454.8,2257.2,240.2
2026-10-02 10:30:00,794.6,666.4,505.4,752.3,811.5,1313.0,103.0,20.0,273.7,73.4,326.5,1907.5,5215.7,1507.7,761.8,1613.2,154.4,207.7,1262.0,1157.3,635.3,676.8,5686.1,3877.6,3263.2,1509.4,4887.3,5177.5,3002.9,2302.2,1838.0,3334.0,1116.2,4734.1,1037.7,3754.9,1798.7,4748.5,8353.6,4299.6,2256.0,228.4
2026-10-02 10:45:00,781.2,677.9,482.6,765.9,800.8,1329.3,105.3,20.1,244.0,97.3,305.5,1938.9,5363.2,1595.1,698.4,1684.4,135.2,206.1,1253.6,1178.1,635.6,681.7,5689.3,3867.6,3261.6,1506.4,4869.0,5111.2,3006.3,2271.4,1834.7,3331.6,1108.0,4713.8,1031.8,3749.9,1785.8,4698.5,8316.4,4228.9,2247.1,216.8
2026-10-02 11:00:00,766.7,707.3,540.5,772.5,786.0,1293.7,97.0,30.5,222.4,115.2,269.8,1983.8,5144.7,1522.4,643.8,1689.3,25.3,326.9,1231.2,1092.8,605.1,684.2,5636.8,3906.7,3266.7,1472.7,4733.9,4805.1,3018.2,2484.0,1818.4,3294.4,1105.5,4327.4,1022.2,3664.1,1792.2,4667.5,8261.2,4369.7,2232.5,202.7
2026-10-02 11:15:00,758.2,714.8,523.3,785.6,775.8,1273.7,97.0,30.0,200.2,128.2,267.4,1969.3,5249.3,1342.6,595.2,1730.3,36.6,325.7,1210.8,1116.6,592.4,677.8,5625.5,3895.5,3266.1,1471.9,4726.2,4803.0,3016.3,2457.7,1817.1,3295.2,1087.7,4332.1,1025.5,3660.4,1778.0,4658.6,8235.1,4280.0,2216.0,196.3
2026-10-02 11:30:00,757.7,719.0,512.5,784.1,774.3,1271.9,97.0,28.1,186.9,138.5,263.9,2015.8,5791.8,1248.3,596.3,1813.4,26.0,334.4,1204.6,1148.1,584.8,678.5,5609.9,3898.8,3263.5,1472.0,4704.2,4782.3,3012.1,2404.7,1819.5,3285.2,1080.4,4353.8,1024.6,3657.3,1766.2,4625.1,8215.5,4232.1,2224.5,193.4
2026-10-02 11:45:00,756.5,722.9,506.7,800.1,776.0,1273.1,109.0,28.5,166.9,143.0,264.9,2028.9,6061.0,1258.7,658.0,1800.2,35.3,336.3,1205.4,1179.9,587.1,668.6,5594.4,3903.4,3262.0,1470.4,4691.8,4320.7,3013.3,2329.0,1818.1,3254.5,1077.1,4353.2,1021.5,3654.5,1753.8,4609.8,8212.5,4224.9,2214.8,194.3
2026-10-02 12:00:00,768.7,727.1,509.7,804.4,806.1,1183.3,89.7,49.7,128.6,84.0,233.0,2035.8,6182.9,1438.7,634.5,1709.7,165.1,235.4,1193.3,1218.8,575.8,667.8,5503.5,3947.6,3256.8,1351.2,4415.2,3880.5,2948.6,2382.0,1800.0,3283.9,1079.7,4320.1,1022.2,3536.2,1740.9,4543.6,8189.4,4133.8,2202.7,187.8
2026-10-02 12:15:00,801.0,726.8,513.7,815.4,810.3,1155.2,105.7,49.8,115.6,94.7,235.4,2083.9,6737.7,1426.2,668.9,1738.7,167.0,179.1,1185.2,1236.0,576.4,678.4,5484.0,3936.9,3249.9,1349.3,4402.6,3796.8,2947.5,2313.3,1799.6,3271.2,1068.4,4333.4,1021.1,3532.4,1733.4,4514.8,8180.7,4117.5,2193.6,190.4
2026-10-02 12:30:00,793.7,709.1,515.5,822.2,810.1,1121.5,105.7,50.0,112.4,100.6,228.3,2100.3,6828.3,1302.3,599.8,1769.7,167.5,187.5,1153.6,1248.5,578.6,697.6,5478.6,3941.4,3249.6,1350.1,4438.6,3900.6,2948.6,2256.0,1809.3,3267.6,1063.4,4335.4,1019.3,3527.9,1726.9,4502.0,8180.7,4105.6,2187.7,193.2
2026-10-02 12:45:00,824.5,720.7,511.7,829.1,810.6,1045.2,105.7,51.9,112.7,110.2,250.0,2153.2,7126.2,1346.2,656.2,1786.0,166.4,199.3,1156.0,1270.5,583.7,665.0,5427.5,3946.3,3245.7,1348.1,4429.0,3712.7,2951.2,2270.6,1805.2,3267.7,1058.5,4297.2,1018.7,3523.3,1724.2,4498.7,8188.5,4099.9,2179.9,195.7
2026-10-02 13:00:00,771.0,700.2,526.1,841.7,822.2,1063.4,70.7,24.2,112.3,109.1,308.0,2163.9,6727.4,1397.7,653.3,1637.6,27.3,256.5,1134.1,1230.1,554.1,292.0,5385.0,3970.5,3229.1,1326.8,4403.8,3719.6,2956.1,2283.5,1802.2,3249.3,1080.7,3769.3,1013.5,3513.1,1720.3,4514.9,8229.7,4204.7,2175.7,203.0
2026-10-02 13:15:00,855.3,709.4,536.0,828.8,829.4,1062.8,70.7,25.9,109.1,112.5,319.7,2175.5,7001.0,1370.5,643.8,1617.3,50.2,229.7,1130.8,1241.9,553.9,270.4,5322.9,3985.6,3223.0,1313.5,4406.9,3514.6,2956.7,2294.9,1803.6,3248.0,1083.3,3590.6,1013.6,3507.0,1717.2,4521.5,8215.2,4202.6,2157.2,205.1
2026-10-02 13:30:00,865.9,700.4,549.1,812.4,831.6,1061.7,70.6,25.7,110.9,117.3,312.3,2179.0,7020.7,1403.3,652.5,1621.6,51.0,300.4,1127.9,1248.6,553.9,269.0,5297.8,4006.3,3219.0,1306.1,4396.2,3467.6,2953.2,2294.0,1804.3,3250.3,1082.4,3526.5,1012.6,3500.9,1713.8,4520.5,8207.5,4193.9,2149.3,207.8
2026-10-02 13:45:00,884.4,687.8,567.6,792.0,829.0,1050.1,70.6,25.4,108.0,117.9,309.8,2186.0,7030.8,1450.6,679.3,1613.6,42.3,299.3,1151.0,1201.1,562.2,258.0,5287.6,4022.7,3214.4,1299.6,4386.5,3261.0,2952.8,2343.5,1790.8,3254.4,1074.6,3487.3,1009.9,3493.5,1710.1,4522.6,8187.8,4162.2,2134.3,209.8
2026-10-02 14:00:00,901.7,644.1,507.2,806.4,831.5,1116.5,54.3,14.8,118.6,134.1,251.0,2172.4,6827.4,1459.8,704.7,1681.6,55.2,347.2,1120.3,1273.6,552.4,272.7,5385.8,4078.9,3203.8,1340.4,4367.8,3357.5,2955.6,2181.3,1791.2,3299.4,1077.0,3343.2,1003.0,3515.1,1702.3,4458.7,8159.4,4155.1,2115.7,216.0
2026-10-02 14:15:00,910.3,622.7,537.9,769.0,836.8,1091.8,54.4,15.6,121.4,136.9,248.0,2171.3,6671.4,1376.2,717.9,1657.2,52.2,317.2,1124.4,1240.3,545.2,265.3,5339.0,4087.8,3199.0,1340.6,4368.1,3358.3,2955.1,2188.6,1790.9,3285.8,1075.2,3335.0,1000.0,3509.9,1699.5,4473.4,8139.6,4154.6,2087.5,218.6
2026-10-02 14:30:00,923.3,604.1,567.9,725.0,840.6,1141.1,54.3,15.1,130.3,127.1,251.9,2157.3,6821.3,1365.8,695.4,1613.5,49.1,299.6,1123.6,1256.8,545.6,259.5,5303.5,4101.6,3195.8,1335.8,4356.7,3574.6,2949.2,2192.8,1790.0,3294.5,1048.7,3460.4,996.9,3506.3,1699.4,4469.3,8126.2,4147.9,2079.2,220.5
2026-10-02 14:45:00,893.8,575.1,601.0,663.5,842.1,1098.9,53.5,14.3,133.5,121.8,248.6,2148.9,6664.9,1380.1,718.9,1598.0,29.2,299.6,1112.6,1249.0,545.6,250.3,5321.9,4140.0,3198.8,1345.8,4358.9,3728.4,2950.6,2337.9,1792.4,3347.3,1054.3,3640.0,999.8,3504.3,1700.2,4475.4,8104.1,4151.6,2070.3,221.8
2026-10-02 15:00:00,838.4,530.8,616.9,628.4,806.1,1099.2,68.7,20.7,137.8,122.9,217.7,2126.3,6748.9,1403.6,740.0,1691.6,29.4,226.9,1096.4,1254.0,549.4,273.7,5387.9,4094.5,3198.6,1302.5,3941.6,3623.7,2974.7,2165.7,1804.7,3303.7,1058.1,3630.3,1004.8,3734.0,1703.9,4504.2,7964.8,4044.2,2044.4,220.4
2026-10-02 15:15:00,846.5,505.7,694.8,590.5,812.0,1045.4,67.4,17.9,154.4,116.5,193.8,2114.5,6567.5,1438.2,775.3,1677.6,29.5,225.7,1102.3,1238.8,540.6,389.6,5319.6,4114.7,3200.6,1301.9,3938.3,3843.0,2974.9,2206.5,1801.4,3321.6,1064.9,3915.9,1004.2,3735.4,1709.4,4530.6,7942.9,4041.8,2042.2,217.6
2026-10-02 15:30:00,851.4,468.7,771.2,541.9,817.6,988.9,67.3,15.5,171.7,101.0,188.9,2074.7,6508.5,1330.3,774.1,1641.4,29.7,222.8,1108.6,1210.8,536.8,693.9,5304.8,4127.8,3204.9,1306.3,3943.6,4354.2,2973.6,2402.1,1807.8,3325.0,1078.2,3852.5,1004.8,3737.7,1717.3,4558.9,7939.1,4177.2,2040.1,214.6
2026-10-02 15:45:00,828.8,437.6,848.2,490.6,821.4,921.8,67.2,12.8,177.3,91.0,184.8,2048.2,5772.9,1295.3,789.7,1592.8,29.7,133.6,1102.5,1185.2,528.9,684.2,5304.8,4141.9,3210.9,1321.6,3862.3,4547.4,2973.9,2509.7,1803.9,3337.7,1083.3,3786.0,1001.5,3743.1,1726.6,4553.1,7954.8,4261.9,2041.2,211.6
2026-10-02 16:00:00,842.9,389.2,950.2,710.4,832.8,933.4,39.9,12.5,193.8,77.3,191.1,1978.1,5899.8,1316.2,902.7,1553.1,0.0,127.8,1145.7,1477.4,557.4,690.7,5428.3,4253.9,3214.0,1463.7,4241.4,5259.1,2980.5,2358.1,1814.5,3302.9,1088.9,3851.8,1009.0,3934.1,1743.1,4670.5,8031.1,4053.2,2043.4,210.1
2026-10-02 16:15:00,854.5,354.4,1022.8,666.2,841.7,854.0,39.8,11.4,196.8,105.5,193.5,1981.5,5614.1,1400.0,923.0,1509.0,14.8,87.1,1145.7,1446.5,549.5,672.3,5413.6,4279.5,3220.5,1468.6,4246.6,5634.3,2982.0,2463.4,1803.6,3309.8,1100.7,3807.3,1008.2,3945.5,1750.3,4686.6,8031.5,4164.3,2048.4,216.2
2026-10-02 16:30:00,868.4,320.5,1115.6,861.2,857.8,780.7,39.5,8.5,214.6,104.1,192.5,1957.8,5017.9,1474.8,949.8,1462.8,14.8,189.7,1164.5,1423.3,549.9,660.7,5420.9,4316.6,3227.3,1468.7,4251.7,5639.9,2979.2,2482.9,1803.4,3308.9,1112.5,3812.6,1014.3,3961.0,1755.9,4678.3,8063.7,4181.0,2062.6,219.4
2026-10-02 16:45:00,873.9,320.3,1192.6,839.8,861.0,730.0,39.5,12.8,229.9,87.4,202.3,1898.5,4810.2,1600.9,1029.5,1440.1,14.8,224.0,1163.0,1424.4,550.2,676.7,5436.4,4368.4,3237.5,1469.4,4248.7,5682.1,2974.5,2421.7,1809.1,3303.8,1115.7,3875.6,1012.3,3978.6,1760.7,4669.9,8118.6,4315.5,2084.1,220.8
2026-10-02 17:00:00,897.1,355.1,1258.7,963.7,871.8,858.5,12.0,57.5,252.9,67.0,217.9,1878.7,5228.7,1548.3,1302.7,1361.9,124.4,56.6,1283.2,1514.4,571.7,655.8,5463.3,4708.6,3222.8,1393.0,4461.2,5679.3,3045.8,2259.4,1809.0,3313.2,1119.8,4018.5,1019.4,3882.2,1765.1,4427.6,8215.0,4390.3,2080.2,254.9
2026-10-02 17:15:00,904.4,374.4,1313.9,943.3,884.0,825.8,12.0,54.7,274.3,65.8,220.7,1881.4,5064.2,1514.4,1361.8,1341.5,124.4,78.9,1284.0,1531.7,571.0,677.7,5464.1,4809.0,3221.3,1392.8,4458.8,5719.7,3053.6,2098.7,1819.1,3273.5,1121.6,4119.2,1022.1,3907.5,1765.7,4408.9,8262.3,4511.8,2098.3,255.4
2026-10-02 17:30:00,920.8,419.8,1362.3,945.5,892.6,802.5,12.0,55.7,302.4,42.2,242.3,1806.0,4093.0,1427.0,1427.9,1279.8,124.4,96.6,1301.4,1499.1,586.1,664.1,5468.9,4867.3,3222.1,1394.0,4460.1,5736.1,3049.3,2043.8,1820.4,3268.7,1117.3,4148.1,1022.2,3933.1,1765.5,4395.4,8293.5,4582.4,2116.2,258.7
2026-10-02 17:45:00,939.5,395.3,1391.5,965.3,905.4,784.3,12.1,58.1,336.8,47.1,230.4,1811.5,4070.5,1485.6,1554.7,1272.2,137.3,77.5,1307.4,1511.1,587.7,667.3,5470.6,4946.6,3224.3,1397.6,4466.3,5934.9,3048.6,1874.0,1820.5,3270.0,1122.8,4378.2,1022.7,3958.9,1779.9,4243.1,8324.3,4573.2,2129.0,290.4
2026-10-02 18:00:00,943.9,400.4,1414.7,1016.0,910.4,822.0,2.0,48.0,356.3,52.7,224.7,1853.1,3925.3,1400.2,1711.0,1345.1,194.2,0.1,1328.0,1531.0,612.0,696.7,5631.1,4965.3,3220.3,1399.8,4809.5,6142.2,3053.1,2018.6,1826.4,3339.4,1124.1,4287.9,1018.4,3734.2,1762.3,4337.8,8315.6,4645.1,2137.7,283.8
2026-10-02 18:15:00,954.1,404.4,1430.8,1075.4,916.9,808.9,2.0,48.8,380.8,50.9,231.3,1813.4,3914.3,1355.9,1782.9,1347.9,171.2,0.1,1322.6,1530.8,608.3,677.1,5642.9,5013.9,3229.7,1401.9,4808.9,6164.7,3052.7,1958.1,1818.0,3308.4,1122.7,4328.5,1015.5,3759.8,1760.8,4328.2,8345.8,4596.0,2145.2,287.8
2026-10-02 18:30:00,958.9,386.3,1442.0,1125.9,924.7,807.1,2.0,62.0,386.0,56.3,246.7,1820.1,3812.3,1377.6,1796.7,1302.6,157.9,0.1,1328.7,1539.3,612.6,675.1,5629.9,5054.3,3223.2,1403.0,4817.3,6168.9,3051.0,1998.0,1818.8,3327.6,1127.2,4313.4,1016.8,3783.6,1758.8,4250.0,8341.8,4537.2,2141.0,298.4
2026-10-02 18:45:00,955.9,310.5,1440.0,1170.4,924.2,813.4,2.0,69.4,390.3,131.0,249.9,1805.5,3698.2,1400.2,1843.1,1331.1,148.0,23.4,1319.1,1565.3,610.6,676.3,5614.1,5022.6,3230.3,1405.2,4817.1,6166.4,3050.9,2037.9,1818.0,3328.1,1125.2,4296.0,1016.1,3805.2,1766.7,4228.3,8342.8,4554.5,2129.4,328.4
2026-10-02 19:00:00,959.7,299.8,1424.8,1217.0,926.3,766.0,26.0,62.4,407.8,133.8,282.8,1812.2,3742.8,1841.6,1898.8,1459.5,146.8,14.3,1258.8,1560.6,606.5,801.9,5522.0,5080.5,3227.6,1407.9,4731.6,6345.5,3042.0,2119.7,1800.9,3423.6,1136.6,4366.6,1012.7,3541.3,1757.8,4009.3,8298.0,4564.1,2124.1,305.0
2026-10-02 19:15:00,958.8,226.6,1410.3,1261.3,920.0,765.9,26.0,63.6,409.8,51.3,258.5,1812.8,3732.8,1738.7,1906.9,1433.1,145.8,15.1,1245.3,1576.6,593.4,799.0,5505.3,5084.8,3223.2,1410.0,4729.7,6343.8,3042.4,2117.9,1802.1,3429.4,1138.0,4369.8,1014.1,3546.2,1754.5,4004.5,8280.4,4526.8,2125.9,355.9
2026-10-02 19:30:00,981.7,220.3,1377.9,1323.8,928.9,734.6,26.0,66.1,416.4,51.3,262.4,1830.2,3725.7,1807.9,1870.4,1381.4,144.9,25.8,1233.0,1593.5,591.7,788.5,5479.6,5097.2,3216.7,1412.9,4722.5,6336.7,3038.8,2105.8,1800.0,3425.3,1138.9,4374.1,1014.0,3562.6,1752.8,3959.8,8257.4,4423.1,2116.9,349.4
2026-10-02 19:45:00,969.8,224.2,1360.8,1348.1,919.5,737.8,26.0,66.1,418.8,51.3,267.6,1817.6,3710.1,1371.2,1854.0,1386.8,143.8,24.8,1223.4,1609.0,584.7,784.9,5441.2,5158.7,3203.7,1414.0,4711.0,6321.9,3051.4,2077.0,1809.1,3371.2,1137.7,4385.9,1012.5,3577.5,1756.1,3873.6,8207.5,4314.2,2108.7,322.6
2026-10-02 20:00:00,947.0,227.9,1336.4,1097.4,895.9,727.6,1.0,88.0,420.5,25.9,248.4,1862.8,3384.5,1480.7,1661.4,1337.2,137.0,30.1,1179.9,1384.0,555.5,657.7,5296.4,5171.9,3167.0,1423.8,4769.5,6113.0,3021.3,2130.8,1790.4,3398.3,1141.5,4458.7,995.2,3214.5,1754.6,3901.5,8056.0,4455.3,2073.6,326.3
2026-10-02 20:15:00,940.0,231.8,1308.8,1087.8,888.3,729.3,1.1,71.3,413.3,32.0,234.7,1888.7,3418.6,1636.6,1653.4,1345.4,171.9,29.7,1169.2,1413.0,551.0,666.4,5344.5,5213.6,3146.6,1425.8,4743.8,6051.8,3018.1,2134.2,1793.0,3389.9,1136.6,4422.7,991.5,3223.3,1753.9,3894.9,7981.2,4336.2,2052.8,330.1
2026-10-02 20:30:00,921.9,235.7,1273.9,938.4,860.2,731.1,1.0,68.2,407.0,40.8,214.4,1878.8,3451.5,1516.2,1636.5,1288.7,171.8,26.4,1161.2,1445.7,547.9,674.7,5330.1,5241.9,3125.7,1426.0,4722.0,5937.4,3012.6,2128.3,1802.6,3305.0,1134.6,4346.8,984.7,3226.7,1750.7,3849.8,7904.4,4476.5,2029.3,335.1
2026-10-02 20:45:00,912.4,239.8,1243.8,962.9,849.0,731.9,1.0,66.3,397.6,35.7,207.9,1884.2,3506.4,1483.0,1609.9,1292.9,171.8,25.2,1167.6,1453.5,548.4,670.7,5326.9,5281.8,3100.2,1424.3,4708.3,5758.9,3008.7,2195.6,1801.0,3242.3,1127.2,4177.6,983.5,3228.6,1750.2,3888.3,7828.1,4363.3,2004.8,340.3
2026-10-02 21:00:00,876.7,248.6,1191.6,992.0,822.0,543.2,1.0,60.6,391.9,30.7,210.0,1800.8,3456.2,1463.6,1540.1,1248.1,54.2,78.7,1083.2,1459.5,517.2,649.1,5296.8,5187.5,3037.1,1423.2,4730.8,5553.2,2897.0,2126.5,1772.5,3242.5,1114.4,4150.7,976.5,2926.2,1643.7,3998.0,7696.8,4444.2,1982.1,347.3
2026-10-02 21:15:00,872.9,248.5,1161.0,997.6,810.0,543.8,1.1,60.2,371.5,45.3,203.4,1830.1,3279.4,1386.7,1518.3,1259.2,54.6,96.8,1073.7,1483.5,512.4,664.3,5310.4,5197.8,3007.9,1423.1,4711.3,5427.0,2892.3,2156.3,1769.6,3193.2,1102.9,4039.4,966.9,2918.4,1634.8,4016.9,7611.6,4319.0,1956.6,347.1
2026-10-02 21:30:00,868.0,253.0,1128.1,981.3,802.0,544.4,1.0,58.9,370.6,37.7,192.1,1840.0,3909.3,1869.4,1535.2,1267.7,55.1,95.4,1065.9,1505.3,509.0,666.8,5294.6,5214.9,2982.7,1421.9,4697.8,5320.3,2885.1,2160.6,1769.9,3172.4,1099.5,3959.3,962.6,2908.6,1621.0,4011.8,7534.5,4305.1,1942.4,350.1
2026-10-02 21:45:00,852.1,257.5,1094.7,991.7,787.0,544.9,1.0,58.8,369.3,35.8,173.5,1845.8,4135.2,2124.4,1514.2,1261.3,49.8,83.6,1072.0,1514.8,509.7,669.1,5288.1,5211.8,2959.9,1421.1,4682.2,5263.7,2880.1,2103.0,1769.7,3149.7,1089.0,3937.8,952.9,2894.5,1604.2,3943.5,7453.3,4315.4,1918.5,352.7
2026-10-02 22:00:00,824.2,261.8,1056.2,1008.4,762.3,306.6,1.0,28.6,359.1,27.0,108.2,1817.0,3918.1,2103.1,1433.8,1241.1,6.1,90.0,999.4,1547.3,489.2,651.8,5088.7,5189.3,2900.8,1418.8,4532.9,5105.2,2852.4,2249.5,1709.5,3119.5,1089.3,3731.5,943.0,2705.5,1579.0,3887.9,7333.9,4329.2,1879.9,337.5
2026-10-02 22:15:00,808.0,264.3,1034.2,983.5,748.3,306.4,1.0,28.7,357.3,29.8,101.8,1827.8,4521.8,1833.9,1417.9,1250.3,35.0,69.1,995.7,1574.5,485.6,645.6,5041.4,5180.8,2873.3,1416.1,4513.3,5056.3,2848.2,2180.8,1702.7,3088.5,1079.2,3723.4,934.1,2688.2,1561.6,3849.9,7252.5,4330.6,1856.3,338.7
2026-10-02 22:30:00,793.7,267.3,1009.7,985.1,731.1,305.8,1.0,28.6,353.0,33.8,92.9,1813.3,4591.1,1836.5,1439.2,1255.3,7.4,68.6,986.0,1598.5,481.8,657.1,5037.2,5180.6,2841.1,1415.7,4496.5,5003.1,2838.8,2124.5,1697.8,3064.8,1075.9,3709.2,924.6,2673.3,1550.3,3804.6,7173.4,4334.8,1842.5,340.7
2026-10-02 22:45:00,787.1,269.5,985.2,972.3,714.9,298.8,3.7,28.6,347.1,36.2,91.0,1820.4,4822.6,1317.7,1411.1,1257.8,7.9,57.8,986.9,1617.1,482.8,654.6,5041.9,5181.9,2814.8,1367.2,4481.8,4977.0,2834.6,2099.4,1694.7,3052.7,1067.9,3703.9,918.3,2656.9,1550.6,3732.5,7121.1,4351.8,1819.8,341.7
2026-10-02 23:00:00,771.1,285.4,963.4,970.5,702.6,296.4,9.1,28.6,344.2,24.4,82.8,1775.3,4492.4,1788.1,1329.0,1169.9,8.5,49.4,946.0,1565.8,463.8,643.7,4898.0,5301.8,2735.1,1306.8,4321.4,4836.5,2780.8,2175.9,1669.0,2947.9,1032.1,3466.1,912.0,2589.4,1539.1,3600.6,7044.8,4359.9,1789.4,331.7
2026-10-02 23:15:00,760.8,318.1,947.3,956.8,690.1,297.4,11.7,27.9,338.4,29.3,76.1,1784.8,4445.5,1265.6,1300.8,1171.6,9.6,82.8,946.1,1585.5,465.9,638.5,4884.9,5304.7,2702.6,1307.3,4305.5,4785.8,2775.1,2125.2,1667.0,2929.9,1023.0,3447.7,908.3,2573.6,1543.2,3553.6,6990.9,4355.4,1769.5,334.3
2026-10-02 23:30:00,756.4,274.6,927.1,950.6,675.2,297.8,11.7,27.8,331.8,38.7,76.0,1793.9,4454.5,1277.2,1313.7,1167.4,10.6,111.4,942.2,1609.1,464.7,650.1,4897.1,5323.2,2669.0,1306.9,4296.0,4736.8,2764.0,2133.4,1657.3,2923.5,1019.5,3408.0,904.0,2556.4,1541.1,3530.2,6933.6,4357.7,1759.6,336.4
2026-10-02 23:45:00,754.9,276.0,910.7,940.2,664.4,297.6,11.7,27.9,322.8,33.5,71.5,1797.8,4624.8,1295.7,1321.8,1192.7,11.7,121.6,945.8,1625.5,467.8,642.2,4886.5,5300.3,2639.3,1301.4,4281.1,4698.3,2759.2,2111.7,1655.4,2914.3,1012.8,3389.8,899.5,2535.9,1537.8,3496.7,6881.5,4379.8,1740.4,333.6
2026-10-03 00:00:00,728.7,229.4,1134.8,888.9,677.4,360.8,19.0,15.4,271.4,85.8,121.7,1917.4,4270.4,1161.0,1046.3,1016.2,41.9,59.9,939.0,1344.2,460.1,632.0,4568.4,4892.6,2577.0,1490.0,4588.2,5291.5,2635.2,2260.5,1672.0,2956.8,1026.0,3060.1,883.0,2746.8,1507.6,4023.2,6779.1,4309.3,1693.3,330.1
2026-10-03 00:15:00,728.3,225.7,1123.8,897.1,671.0,359.8,19.4,12.6,276.8,20.2,114.4,1917.9,4271.6,1095.1,1081.0,1002.4,43.1,78.0,948.4,1357.1,460.3,633.5,4549.8,4888.8,2536.4,1491.7,4573.1,5777.8,2628.3,2243.1,1669.5,2958.6,1018.7,3059.3,896.2,2717.7,1504.9,4009.6,6708.2,4318.7,1678.3,334.3
2026-10-03 00:30:00,729.7,223.2,1139.0,897.0,666.3,358.2,19.4,12.6,277.3,17.1,117.8,1923.0,4165.9,997.9,1171.5,1099.3,44.4,78.0,959.0,1361.1,460.4,624.2,4538.4,4877.1,2519.1,1491.5,4526.2,5720.2,2619.4,2223.8,1667.2,2956.2,1014.0,3051.5,892.2,2692.7,1496.0,3994.5,6662.4,4313.5,1680.3,340.1
2026-10-03 00:45:00,710.4,221.7,1127.6,873.2,662.8,356.6,19.4,12.6,270.2,17.1,110.8,1927.8,4257.8,989.9,1236.1,1192.1,45.6,78.1,961.9,1338.3,461.8,622.0,4533.1,4882.8,2494.6,1492.8,4514.8,5691.0,2610.4,2221.2,1662.7,2956.1,1006.5,3028.5,876.6,2671.3,1481.9,3989.1,6620.5,4317.8,1666.0,340.3
2026-10-03 01:00:00,710.3,220.1,1126.3,864.8,666.6,354.5,19.4,12.6,303.5,5.6,108.3,1915.8,4121.6,958.4,1244.5,1222.1,46.9,54.8,931.3,1361.8,466.4,607.5,4538.2,4915.0,2447.3,1490.4,4438.5,5578.5,2507.3,2259.4,1640.3,2930.1,1004.4,3030.7,871.8,2557.4,1486.5,3986.4,6529.8,4309.5,1629.1,346.7
2026-10-03 01:15:00,704.6,218.0,1135.5,853.5,664.0,353.0,19.4,12.6,298.4,0.9,111.1,1917.2,4123.4,970.0,1224.9,1200.6,47.2,54.7,931.3,1363.7,465.6,602.0,4528.1,4897.3,2425.1,1490.8,4426.4,5548.6,2494.2,2268.0,1634.3,2932.3,1000.2,3004.6,868.8,2541.8,1475.2,3985.2,6494.7,4310.5,1622.9,344.2
2026-10-03 01:30:00,707.1,217.1,1131.5,840.5,667.7,341.5,19.4,12.6,301.6,0.0,109.6,1917.0,4288.4,935.2,1217.5,1106.9,47.5,54.6,926.4,1376.8,464.8,593.1,4515.9,4900.6,2407.5,1491.2,4416.4,5523.6,2489.1,2278.8,1631.7,2937.0,992.5,2980.4,867.8,2524.6,1474.4,3992.3,6464.7,4304.0,1615.9,345.2
2026-10-03 01:45:00,700.0,217.2,1130.5,830.6,664.0,341.8,19.4,12.6,296.3,0.0,92.4,1923.4,4455.6,930.3,1204.5,1033.1,47.8,54.5,923.5,1395.6,469.0,598.4,4504.3,4881.5,2386.3,1491.6,4406.6,5494.9,2485.4,2305.5,1638.4,2954.0,986.6,2948.7,864.5,2505.6,1481.3,4000.7,6444.8,4302.5,1617.6,346.6
2026-10-03 02:00:00,698.8,216.4,1131.6,819.0,639.4,341.8,1.0,15.0,289.2,3.1,201.0,1905.2,4182.2,905.0,1190.9,939.2,0.7,54.9,884.7,1411.5,457.4,597.7,4477.5,4843.5,2351.0,1496.5,4406.8,5439.0,2387.5,2291.4,1666.6,2955.8,970.8,2854.4,873.9,2451.9,1478.6,3951.5,6442.1,4330.7,1594.4,383.7
2026-10-03 02:15:00,698.8,215.6,1131.5,795.9,635.5,341.8,1.4,14.6,284.9,0.8,206.8,1910.3,4156.1,909.1,1178.6,943.9,0.8,54.7,884.3,1423.0,453.8,592.9,4480.2,4836.8,2339.5,1498.8,4396.4,5417.0,2385.9,2291.3,1667.3,2958.8,968.6,2844.7,871.1,2435.5,1477.4,3957.1,6403.3,4337.3,1600.4,389.4
2026-10-03 02:30:00,735.0,214.4,1127.2,780.8,632.5,341.6,1.4,14.6,285.2,2.4,197.6,1918.4,4121.7,921.8,1168.9,942.5,0.6,54.4,882.6,1434.3,452.4,597.0,4474.5,4827.0,2329.3,1501.2,4390.0,5400.8,2383.8,2290.0,1663.7,2957.2,964.2,2833.7,859.3,2421.9,1467.0,3960.3,6379.0,4356.5,1589.5,399.0
2026-10-03 02:45:00,732.8,212.7,1128.4,764.0,630.4,341.8,1.4,15.0,286.5,4.0,189.7,1936.7,4292.3,929.9,1158.7,944.5,60.4,54.2,881.4,1438.0,456.2,599.4,4465.2,4817.1,2318.7,1503.6,4384.3,5385.3,2382.2,2289.9,1661.4,2959.1,961.8,2824.5,857.9,2409.6,1461.8,3965.0,6356.6,4369.9,1598.8,403.9
2026-10-03 03:00:00,704.1,213.5,1195.0,749.7,610.2,396.7,1.0,19.4,287.5,1.3,98.4,1925.6,4241.2,937.2,1157.6,920.0,67.0,53.5,874.4,1610.4,467.1,596.2,4320.7,4797.6,2312.7,1522.3,4424.3,5368.3,2360.0,2279.3,1653.9,2910.1,951.3,2798.0,858.9,2456.1,1452.6,3977.0,6532.1,4437.2,1623.4,376.2
2026-10-03 03:15:00,683.1,214.4,1218.4,725.1,619.9,400.3,1.4,19.0,281.6,0.0,93.3,1929.4,4432.9,935.9,1154.0,924.3,6.9,53.6,873.1,1610.9,466.5,594.7,4317.1,4798.3,2306.4,1524.5,4419.2,5355.9,2371.4,2291.1,1652.7,2911.6,951.4,2793.5,857.7,2449.3,1457.8,3980.2,6498.3,4441.7,1628.9,381.4
2026-10-03 03:30:00,689.1,214.5,1232.0,704.0,621.5,407.5,1.4,19.0,286.1,0.0,97.7,1927.4,4414.5,952.5,1154.5,923.0,6.7,53.8,871.3,1616.9,464.9,591.1,4318.8,4786.1,2301.8,1527.6,4416.3,5346.3,2369.8,2288.5,1654.0,2914.7,953.9,2792.4,860.6,2444.8,1445.3,3974.5,6464.7,4442.3,1635.1,383.0
2026-10-03 03:45:00,687.6,215.6,1236.5,679.0,624.1,409.7,1.4,19.0,285.3,0.5,97.1,1942.4,4547.8,951.0,1142.4,927.2,6.7,53.9,866.7,1625.4,467.2,593.1,4302.6,4789.5,2296.7,1528.8,4412.4,5335.7,2362.2,2279.9,1653.8,2916.7,950.7,2785.9,860.8,2441.9,1441.8,3982.0,6457.0,4444.3,1625.3,384.9
2026-10-03 04:00:00,703.1,218.0,1031.8,655.9,630.7,359.7,15.4,13.0,292.1,0.0,145.0,1968.5,4364.9,1023.2,1187.4,942.2,0.0,70.7,852.5,1500.3,469.9,585.5,4360.4,4817.9,2275.6,1476.9,4381.3,5367.9,2367.3,2384.4,1655.3,2899.6,937.6,2743.4,876.2,2363.7,1448.1,3952.7,6407.9,4437.3,1587.8,379.0
2026-10-03 04:15:00,697.0,219.3,1042.5,630.2,637.2,359.5,15.4,13.0,301.0,0.0,143.3,1968.2,4449.2,1023.7,1213.9,938.3,0.0,90.3,863.7,1506.4,467.5,589.9,4367.3,4802.9,2272.0,1479.6,4376.2,5358.0,2370.1,2378.2,1657.1,2897.7,935.4,2742.1,863.2,2362.6,1437.0,3966.6,6396.2,4448.8,1582.5,382.5
2026-10-03 04:30:00,709.7,219.9,1052.4,602.3,643.2,359.5,18.1,13.0,286.1,0.0,138.7,1965.7,4511.3,1021.8,1186.6,942.3,0.0,90.4,862.3,1512.1,465.6,587.6,4370.4,4796.9,2273.9,1484.2,4372.4,5349.8,2367.6,2380.5,1656.3,2895.8,930.9,2733.3,866.8,2362.0,1435.5,3990.4,6392.2,4444.5,1575.6,376.4
2026-10-03 04:45:00,711.7,220.9,1045.3,583.7,651.4,359.1,15.4,13.2,307.2,0.0,137.6,1972.6,4409.4,1014.3,1122.1,939.8,0.1,90.0,862.6,1516.9,463.3,588.1,4382.7,4784.8,2270.0,1488.1,4371.2,5342.9,2366.2,2375.8,1655.9,2892.2,923.6,2723.0,870.2,2361.3,1433.0,4014.7,6397.5,4456.8,1580.4,375.8
2026-10-03 05:00:00,721.5,220.5,1098.2,648.2,649.0,629.4,12.4,21.7,295.7,0.8,65.9,1969.1,4285.7,1037.6,1158.5,935.6,24.5,108.6,839.5,1517.5,453.2,602.6,4483.1,4722.7,2277.9,1518.0,4401.9,5347.8,2364.6,2383.5,1640.9,2730.8,923.4,2748.0,891.8,2505.4,1444.0,4160.9,6349.9,4330.8,1600.1,372.9
2026-10-03 05:15:00,736.6,222.8,1100.4,634.3,653.9,629.3,12.5,22.1,295.9,0.3,89.7,1968.9,4198.0,1026.0,1154.9,935.5,24.6,107.5,838.6,1517.0,445.5,601.4,4486.9,4716.6,2283.8,1523.9,4404.4,5348.8,2365.8,2381.8,1644.0,2727.9,922.1,2747.5,886.0,2504.1,1444.0,4191.2,6360.4,4334.7,1622.1,367.3
2026-10-03 05:30:00,740.8,223.9,1083.4,646.1,663.4,629.3,12.4,23.3,299.2,0.0,91.9,1964.6,4225.5,1015.6,1097.1,935.3,44.7,108.6,834.3,1548.6,444.2,597.2,4488.1,4696.9,2292.0,1529.8,4406.7,5351.4,2369.9,2382.4,1643.2,2725.0,924.9,2752.6,901.8,2502.7,1455.4,4215.8,6394.3,4338.6,1629.6,361.9
2026-10-03 05:45:00,744.6,225.1,1097.9,625.3,675.4,628.9,12.4,22.6,303.2,0.0,103.4,1965.7,4133.0,1063.2,1102.9,937.3,44.7,94.9,830.9,1542.6,444.1,593.3,4487.1,4676.8,2301.2,1534.6,4410.6,5356.8,2374.4,2383.1,1644.4,2720.3,925.7,2756.7,895.4,2501.0,1451.1,4237.9,6404.1,4340.7,1641.0,357.1
2026-10-03 06:00:00,745.8,247.4,1053.8,590.5,689.3,689.9,32.8,5.0,309.3,19.3,134.7,1953.0,4388.7,954.3,1151.7,973.5,49.7,104.4,847.5,1584.4,444.7,604.8,4542.0,4687.8,2346.8,1662.6,4420.1,5203.3,2385.1,2482.4,1680.9,2682.1,919.1,2791.4,901.2,2471.5,1467.0,4303.2,6482.5,4356.2,1696.0,359.5
2026-10-03 06:15:00,749.9,278.5,1069.1,554.1,695.0,689.5,32.8,5.1,308.9,24.4,131.9,1951.1,4218.3,962.3,1155.6,970.0,49.8,104.2,846.3,1609.1,442.4,599.2,4556.9,4681.4,2364.3,1667.6,4428.1,5217.0,2392.4,2485.7,1682.9,2681.9,934.7,2813.8,908.5,2469.2,1472.6,4339.5,6513.4,4369.3,1714.3,353.6
2026-10-03 06:30:00,754.5,327.8,1049.4,547.3,710.5,688.3,32.8,5.0,316.4,25.0,142.6,1935.2,4244.3,982.2,1127.7,976.5,49.8,104.5,849.5,1627.6,445.0,595.5,4569.0,4657.8,2386.1,1674.6,4440.0,5236.8,2395.5,2486.2,1686.1,2686.8,940.7,2828.2,913.6,2467.0,1481.2,4376.0,6551.1,4367.2,1719.6,343.5
2026-10-03 06:45:00,757.6,331.1,1058.0,541.4,725.8,707.6,32.8,5.0,327.9,22.0,141.6,1922.3,4133.9,1027.7,1142.7,982.3,69.9,104.5,853.2,1652.3,448.1,594.8,4583.3,4648.8,2409.0,1680.6,4451.3,5257.8,2408.5,2495.7,1688.2,2687.8,947.1,2843.7,915.7,2464.5,1487.9,4416.3,6588.5,4408.3,1733.1,338.4
2026-10-03 07:00:00,761.7,332.8,1061.6,575.4,734.3,651.4,21.1,30.0,338.4,11.4,73.1,1853.9,4345.3,983.7,1199.2,1018.4,133.9,97.4,910.7,1653.4,466.3,613.5,4654.6,4632.8,2458.6,1512.2,4456.9,5354.2,2424.5,2490.3,1710.4,2694.7,963.3,3019.7,891.4,2569.9,1501.1,4510.3,6675.2,4404.3,1759.8,334.7
2026-10-03 07:15:00,754.1,348.6,1074.0,563.0,736.7,690.4,21.0,27.7,343.2,15.2,92.3,1843.1,4280.1,1034.8,1237.2,1058.3,133.9,126.0,899.9,1664.8,470.3,608.5,4683.1,4626.3,2482.3,1516.2,4469.4,5377.8,2433.1,2495.5,1713.3,2696.5,971.0,3037.4,895.8,2567.8,1497.3,4537.9,6714.5,4417.5,1767.0,328.4
2026-10-03 07:30:00,757.6,368.2,1031.4,583.4,737.0,732.4,21.0,27.0,338.2,89.8,107.1,1841.3,4308.5,1125.3,1272.5,1092.5,133.9,127.5,904.7,1680.6,474.1,622.5,4701.2,4607.5,2506.1,1520.1,4482.2,5402.2,2438.8,2496.9,1716.3,2700.5,978.4,3055.2,899.4,2565.6,1502.7,4570.3,6757.4,4423.5,1776.8,321.8
2026-10-03 07:45:00,760.6,289.1,978.9,604.6,735.1,781.1,21.1,28.8,339.5,13.1,102.6,1843.0,4333.4,1249.1,1303.5,1048.5,114.0,126.5,915.9,1699.4,487.7,624.2,4724.0,4591.0,2545.6,1524.0,4490.0,5428.7,2454.6,2507.1,1725.6,2708.1,985.1,3080.0,903.8,2563.6,1508.9,4599.4,6803.0,4438.1,1792.4,315.3
2026-10-03 08:00:00,767.9,310.2,889.4,569.3,733.5,687.5,23.8,52.2,354.7,9.8,130.1,1832.4,4451.7,1449.7,1325.1,1096.1,137.7,46.1,1002.2,1814.8,479.2,627.3,4823.3,4651.6,2608.6,1443.4,4484.1,5337.1,2478.3,2550.9,1750.9,2803.2,979.6,3240.7,900.8,2510.4,1512.8,4465.9,6869.9,4486.6,1819.9,302.5
2026-10-03 08:15:00,763.9,331.0,851.5,572.8,736.8,741.1,23.8,53.7,337.7,9.3,127.0,1820.5,4554.8,1490.4,1330.4,1061.0,137.8,45.4,1004.4,1818.7,478.9,603.1,4851.4,4643.4,2634.6,1444.5,4496.0,5361.5,2488.9,2558.3,1757.4,2809.8,988.3,3262.1,907.5,2508.6,1524.5,4480.4,6912.0,4478.5,1829.3,297.8
2026-10-03 08:30:00,770.8,349.1,785.6,588.4,736.2,785.1,23.8,53.8,322.1,12.6,133.9,1825.5,4541.8,1287.6,1305.1,1053.1,138.1,33.4,1005.1,1819.9,477.5,604.3,4871.6,4631.7,2671.9,1450.2,4506.1,5387.1,2493.9,2560.3,1758.8,2802.3,1013.4,3303.0,911.2,2506.8,1531.2,4511.9,6951.3,4464.5,1832.7,291.8
2026-10-03 08:45:00,763.4,365.9,727.8,612.5,734.2,831.8,31.0,54.4,298.5,14.4,132.8,1834.1,4685.9,1209.9,1437.2,1221.9,118.8,31.0,1030.7,1804.8,492.1,588.5,4894.6,4599.6,2699.5,1450.4,4525.6,5420.4,2503.1,2565.9,1763.5,2811.4,1026.1,3329.6,924.9,2505.4,1536.3,4506.8,6993.2,4443.5,1842.3,290.7
2026-10-03 09:00:00,756.5,385.5,639.4,633.0,735.2,679.2,9.1,49.2,274.0,34.1,180.1,1871.8,4598.2,1623.7,1424.0,1422.0,93.3,49.9,1097.7,1921.3,486.3,612.4,4954.8,4714.7,2765.6,1407.2,4548.6,5503.5,2527.6,2528.9,1775.0,2958.0,1016.5,3356.3,927.5,2366.0,1543.3,4547.1,6975.8,4432.9,1848.6,275.8
2026-10-03 09:15:00,748.6,418.9,613.3,620.8,730.8,719.7,9.2,50.0,239.4,35.0,194.4,1881.9,4593.7,1395.5,1358.1,1451.3,93.2,52.5,1093.7,1912.2,486.8,582.6,4967.3,4733.6,2791.2,1411.1,4555.2,5521.9,2534.2,2534.2,1772.9,2938.4,1020.3,3370.7,939.4,2364.7,1553.5,4512.6,7004.4,4447.4,1840.8,268.0
2026-10-03 09:30:00,818.3,430.9,560.4,603.2,728.1,742.0,12.1,49.8,210.6,48.1,174.4,1908.6,4687.5,1338.7,1331.9,1499.6,93.2,52.9,1073.9,1919.9,486.6,580.8,4979.2,4741.3,2822.0,1411.6,4558.7,5231.5,2535.6,2534.0,1772.7,2931.4,1022.5,3389.4,942.2,2363.8,1557.2,4514.2,7015.7,4534.6,1834.3,258.7
2026-10-03 09:45:00,785.6,439.4,522.3,599.7,724.7,764.5,9.3,50.8,183.0,59.9,174.1,1911.4,5455.7,1289.6,1263.6,1533.8,93.2,52.6,1080.7,1945.1,501.8,266.2,5005.9,4741.4,2829.7,1345.4,4627.4,4681.1,2542.8,2521.4,1782.5,2929.7,1007.3,3405.0,958.1,2362.2,1559.8,4500.5,7030.6,4525.8,1835.2,252.9
2026-10-03 10:00:00,718.1,459.5,493.9,599.0,719.8,722.5,14.3,18.9,152.4,85.8,168.2,2041.8,5584.4,1372.6,1178.4,1657.2,20.8,184.2,1185.6,1981.6,492.8,609.6,5047.7,4639.1,2908.2,1454.7,4591.7,4625.3,2541.6,2477.3,1783.6,2983.0,1056.5,3333.2,960.4,2330.2,1570.0,4584.8,7022.9,4508.1,1827.6,257.0
2026-10-03 10:15:00,714.3,467.3,471.8,629.5,714.9,728.7,16.5,19.6,133.5,103.1,185.2,2055.7,5637.2,1355.5,1089.9,1725.3,20.9,182.9,1197.4,2010.3,491.4,366.3,5048.7,4637.7,2921.5,1409.8,4594.3,4081.2,2543.0,2444.8,1787.2,2957.2,1039.6,3340.2,961.9,2329.5,1567.9,4572.5,7024.7,4518.3,1823.8,253.9
2026-10-03 10:30:00,764.2,466.4,656.3,648.5,712.4,737.8,14.7,18.5,107.4,135.3,167.8,2076.6,5627.8,1466.0,1041.6,1648.2,21.0,195.0,1192.5,2069.3,495.7,224.7,5060.9,4656.6,2923.6,1384.4,4595.9,3424.3,2537.1,2469.5,1784.2,3016.2,1039.1,3319.1,962.7,2328.9,1564.6,4640.7,7014.7,4538.9,1807.7,254.2
2026-10-03 10:45:00,783.1,468.6,664.6,652.7,708.9,745.1,16.5,19.2,97.6,170.4,181.5,2088.6,6745.4,1494.1,965.0,1538.8,20.9,168.6,1203.6,2098.5,514.4,237.1,5059.5,4651.1,2926.8,1382.4,4610.1,3113.7,2539.9,2443.9,1780.7,2979.2,1035.3,3310.8,952.8,2329.1,1549.1,4603.4,6994.1,4573.1,1799.8,251.6
2026-10-03 11:00:00,750.2,479.7,643.6,650.4,723.4,746.1,5.8,28.8,123.4,202.3,233.3,2012.3,7138.8,1565.9,903.9,1445.2,36.0,172.2,1279.1,2187.7,509.3,252.7,5091.3,4617.2,2925.2,1398.0,4711.2,3159.5,2532.1,2426.1,1770.7,2930.1,1279.2,3446.1,950.7,2290.3,1543.7,4562.0,6942.7,4628.0,1770.2,229.6
2026-10-03 11:15:00,767.1,475.0,652.3,664.8,720.0,747.2,6.7,29.2,121.4,215.5,228.0,2021.9,7130.8,1620.0,833.9,1472.4,36.0,156.9,1272.9,1879.8,511.0,205.5,5087.6,4629.4,2922.1,1342.5,4722.7,2754.9,2531.5,2354.6,1781.0,2881.5,1259.4,3224.6,955.4,2290.0,1533.9,4599.2,6925.7,4665.7,1745.9,231.5
2026-10-03 11:30:00,739.9,478.0,640.3,671.3,719.2,740.4,6.7,27.7,125.3,222.5,230.5,2035.9,7164.6,1668.0,782.4,1511.5,36.0,151.8,1257.1,1904.3,513.4,211.1,5106.1,4636.7,2912.4,1342.0,4728.2,2573.2,2527.2,2195.7,1780.1,2836.3,1259.4,2785.7,956.7,2290.4,1529.1,4588.9,6918.0,4699.4,1738.2,231.6
2026-10-03 11:45:00,744.5,478.2,639.5,658.8,721.7,732.6,15.7,27.6,120.9,240.1,224.6,2040.7,7415.7,1703.4,765.8,1525.5,36.0,165.6,1246.0,1932.8,522.3,226.5,5110.6,4654.5,2911.9,1339.3,4755.6,2446.9,2532.9,2152.1,1781.8,2785.9,1258.7,2394.2,951.3,2290.7,1522.5,4628.9,6943.9,4736.0,1721.2,237.4
2026-10-03 12:00:00,707.8,485.1,723.0,663.9,740.2,727.0,8.2,28.9,102.9,255.5,235.0,2050.8,7378.5,1806.6,955.1,1456.4,112.7,160.0,1326.9,1800.1,523.5,168.8,5108.7,4668.9,2922.9,1343.0,4821.9,2542.8,2548.4,2107.0,1767.9,2888.3,1270.4,2034.1,950.6,2266.0,1627.4,4614.8,6939.7,4807.1,1677.3,249.0
2026-10-03 12:15:00,730.8,482.9,727.6,654.8,741.3,717.9,8.2,27.9,101.0,273.3,234.1,2054.7,7490.2,1823.2,945.2,1466.3,112.8,159.0,1318.9,1821.8,521.5,179.6,5106.6,4674.3,2923.1,1343.0,4830.2,2520.8,2547.9,2085.4,1750.7,2903.9,1250.8,2033.0,947.7,2268.9,1617.1,4642.1,6938.3,4837.5,1672.4,254.0
2026-10-03 12:30:00,755.8,483.8,733.2,655.3,740.1,715.6,17.5,27.8,100.3,286.6,222.6,2061.9,7550.2,1823.2,926.7,1488.0,112.8,157.6,1305.6,1849.6,521.1,193.7,5114.0,4700.2,2916.7,1344.0,4835.2,2507.2,2543.4,2057.7,1762.9,2825.7,1250.4,1965.0,944.7,2271.0,1603.7,4654.9,6951.4,4860.4,1661.6,260.7
2026-10-03 12:45:00,710.0,476.2,742.8,651.3,741.1,710.2,24.3,27.7,99.5,252.0,270.8,2065.4,7551.6,1831.6,907.4,1508.0,113.0,136.5,1309.3,1848.9,528.6,196.2,5108.9,4719.9,2913.8,1343.8,4845.3,2497.5,2546.3,2039.0,1769.5,2693.9,1246.3,1963.3,940.7,2273.1,1584.8,4697.8,6986.3,4884.4,1655.1,265.4
2026-10-03 13:00:00,731.2,471.8,753.2,620.9,763.0,702.6,26.2,27.6,135.2,254.6,363.3,2082.0,7464.8,1880.0,1170.0,1489.7,116.8,132.8,1257.4,1798.8,528.2,196.6,5116.7,4718.4,2898.6,1360.3,4851.5,2491.0,2547.4,2056.3,1754.4,2818.3,1241.1,1799.7,915.5,2235.7,1561.2,4668.5,6971.0,5022.7,1657.0,277.1
2026-10-03 13:15:00,737.2,459.9,769.3,582.9,767.8,690.9,24.6,27.3,136.5,253.4,354.2,2089.8,7661.2,1864.7,1189.3,1444.8,116.8,137.3,1251.9,1801.7,526.3,193.2,5122.4,4733.9,2895.8,1359.1,4854.9,2482.8,2548.8,2072.6,1754.9,2822.8,1241.8,1626.0,913.0,2238.9,1544.7,4688.3,6979.4,5009.1,1656.9,272.1
2026-10-03 13:30:00,748.9,453.6,781.9,566.7,772.2,676.3,24.6,26.9,134.4,253.2,350.9,2090.6,7663.5,1855.0,1186.1,1489.7,116.9,125.0,1249.5,1784.8,530.6,188.7,5119.8,4746.6,2892.5,1359.2,4855.4,2476.9,2542.7,2087.7,1756.4,2734.6,1241.5,1604.2,909.9,2241.4,1536.0,4722.7,7018.5,5021.3,1649.7,275.6
2026-10-03 13:45:00,749.5,439.4,799.0,543.9,785.5,663.4,24.6,26.3,133.2,250.9,335.0,2089.9,7668.2,1834.5,1183.4,1495.5,116.9,125.2,1246.8,1784.2,538.8,189.0,5123.6,4763.1,2893.2,1359.0,4852.2,2471.9,2543.1,2106.2,1753.7,2665.0,1235.9,1616.3,908.3,2244.1,1534.8,4764.1,7003.0,5037.8,1643.0,276.8
2026-10-03 14:00:00,752.7,424.8,831.1,542.7,794.5,751.2,25.0,24.6,120.7,242.4,271.0,2107.6,7419.8,1707.7,1189.5,1504.5,106.1,157.1,1251.5,1801.4,539.3,191.2,5165.0,4743.1,2885.6,1376.7,4901.7,2482.5,2542.8,2244.5,1762.6,2621.8,1241.4,1656.2,905.3,2232.6,1537.3,4753.6,6969.3,5053.6,1594.4,289.6
2026-10-03 14:15:00,799.2,412.1,858.5,513.3,799.7,737.7,24.9,24.0,120.1,262.4,267.8,2107.7,7072.1,1689.9,1189.9,1500.4,106.1,139.2,1241.5,1792.2,532.0,190.9,5157.1,4757.1,2884.2,1376.4,4900.2,2483.8,2544.8,2262.9,1758.1,2641.4,1241.8,1749.7,902.4,2237.3,1537.9,4786.4,6996.0,5061.2,1604.3,287.7
2026-10-03 14:30:00,814.7,395.3,887.8,494.0,805.1,709.1,8.7,23.3,118.2,268.1,274.6,2104.9,7072.4,1656.6,1159.3,1478.9,106.1,138.4,1222.6,1776.3,526.3,193.2,5164.3,4773.8,2887.0,1376.2,4892.1,2487.3,2540.7,2290.8,1753.6,2662.1,1243.9,1970.3,901.6,2242.4,1533.9,4772.5,6903.3,5072.4,1614.6,277.1
2026-10-03 14:45:00,824.7,386.4,921.1,486.5,810.3,663.4,6.0,22.5,117.0,290.7,229.5,2101.6,7007.9,1627.2,1190.0,1472.7,106.1,139.8,1217.3,1757.6,527.3,183.4,5174.9,4781.0,2886.6,1377.2,4882.7,2491.2,2541.4,2325.1,1758.8,2653.9,1244.5,2183.9,901.8,2246.9,1525.3,4768.9,6916.9,5065.7,1610.8,276.1
2026-10-03 15:00:00,779.4,363.9,874.3,474.6,780.8,628.0,25.0,12.6,103.5,207.7,191.1,2110.7,6990.1,1698.8,1020.4,1401.5,106.0,73.4,1133.7,1920.6,516.6,231.7,5262.5,4744.1,2895.2,1392.6,4939.2,2314.2,2528.6,2465.1,1771.7,2657.3,1249.4,2188.4,903.0,2244.4,1517.8,4769.0,6863.2,4951.5,1630.7,278.3
2026-10-03 15:15:00,781.3,348.2,932.4,438.0,790.7,606.8,23.4,16.4,103.2,219.7,198.5,2104.5,6834.3,1675.5,1046.0,1378.6,105.9,55.2,1136.9,1881.3,489.2,214.8,5276.0,4773.0,2895.3,1400.7,4936.8,2387.0,2521.7,2503.5,1765.5,2705.9,1246.0,2511.2,901.9,2249.1,1513.5,4826.3,6850.8,4931.6,1631.9,273.1
2026-10-03 15:30:00,800.4,323.6,781.5,398.1,798.0,557.0,22.8,16.6,104.6,189.0,196.8,2092.6,6743.6,1621.9,1075.9,1322.7,105.9,54.0,1142.4,1844.6,487.2,197.8,5300.4,4765.2,2900.9,1408.7,4947.1,2656.2,2520.0,2535.6,1767.7,2746.6,1266.5,2975.9,903.7,2255.0,1517.7,4832.9,6859.4,4911.1,1644.7,267.7
2026-10-03 15:45:00,798.3,308.7,840.5,358.6,796.9,509.0,22.0,26.8,105.0,184.5,180.6,2090.1,6806.3,1531.2,1147.3,1285.5,105.9,71.3,1148.6,1888.6,486.0,199.5,5334.0,4788.0,2909.8,1446.7,4944.5,2873.3,2525.6,2580.8,1766.6,2817.2,1266.3,3428.1,906.9,2260.6,1524.9,4874.4,6872.6,4890.1,1662.1,268.5
2026-10-03 16:00:00,810.3,282.4,927.1,334.4,774.7,605.1,29.7,28.2,98.2,96.1,173.3,2131.5,6805.5,1553.1,991.8,1331.5,138.3,39.8,1065.9,1746.3,491.3,200.0,5444.3,4815.5,2919.8,1441.5,4918.2,3441.6,2544.3,2620.3,1776.3,2835.6,1006.8,3210.0,914.1,2264.6,1551.4,4830.3,6978.4,4960.0,1681.6,282.2
2026-10-03 16:15:00,811.8,258.0,969.6,318.4,777.8,580.9,13.0,31.4,108.4,104.5,175.2,2121.9,5840.4,1449.0,1057.9,1271.4,236.4,39.2,1075.8,1933.6,489.7,309.5,5469.3,4865.9,2932.2,1473.0,4866.0,4107.0,2549.7,2641.0,1777.0,2871.2,1012.3,3218.5,915.7,2274.7,1555.6,4883.8,7019.3,4939.8,1708.6,281.4
2026-10-03 16:30:00,820.8,262.3,1043.7,495.3,787.9,517.3,13.0,29.9,129.2,86.2,175.6,2108.2,4735.7,1505.6,1160.6,1328.9,230.3,38.3,1088.4,1879.2,495.9,619.8,5491.9,4876.3,2940.8,1498.7,4871.0,4827.9,2549.8,2683.2,1777.0,2889.1,1033.5,3230.9,918.1,2284.5,1571.5,4931.8,7092.3,4931.3,1727.7,276.5
2026-10-03 16:45:00,829.0,269.7,1112.3,493.4,794.1,514.8,13.0,40.1,142.1,77.7,161.9,2103.5,4651.9,1553.8,1268.2,1512.3,215.4,37.4,1096.2,1864.0,498.4,653.5,5514.8,4881.8,2948.5,1492.3,4877.4,5684.6,2557.6,2609.1,1788.4,2906.6,1021.5,3369.6,920.2,2295.5,1586.4,4877.0,7180.6,5136.0,1760.3,272.3
2026-10-03 17:00:00,855.6,293.0,1176.0,574.5,825.2,671.6,2.0,47.0,213.8,50.8,187.1,2032.5,5088.7,1365.0,1438.8,1570.5,227.5,36.7,1048.1,1794.9,529.1,616.4,5639.8,4940.9,2969.6,1494.0,4664.1,5957.8,2565.2,2742.8,1746.2,3037.8,1034.2,3374.4,923.5,2285.0,1627.1,4913.6,7348.2,4963.0,1806.2,284.7
2026-10-03 17:15:00,865.7,327.7,1219.6,606.8,825.2,681.7,2.0,45.8,248.4,40.4,187.4,2026.6,4861.4,1290.9,1548.2,1519.6,227.7,36.5,1042.2,1785.5,515.9,622.5,5656.9,4968.0,2983.8,1492.7,4676.4,5999.6,2571.1,2730.1,1748.2,3030.2,1038.2,3408.0,923.5,2298.6,1642.8,4950.7,7439.1,4999.5,1828.1,288.7
2026-10-03 17:30:00,885.3,345.6,1256.1,629.7,829.0,691.6,2.2,45.1,292.0,29.2,201.6,2015.5,4368.9,1948.7,1530.6,1433.0,213.0,36.2,1061.6,1726.0,524.0,616.7,5675.1,5005.9,2994.9,1492.5,4685.8,6015.1,2572.1,2702.9,1750.9,2992.9,1042.6,3428.7,925.2,2312.1,1669.5,4917.2,7522.6,5111.9,1855.9,292.2
2026-10-03 17:45:00,893.6,378.3,1278.8,632.7,835.0,702.8,2.0,48.9,319.7,18.9,220.6,2002.0,3424.9,1306.0,1482.6,1246.7,222.5,35.9,1064.9,1725.5,529.2,652.5,5700.2,5006.9,3004.8,1491.3,4697.2,6040.3,2580.2,2685.8,1752.9,2987.1,1051.7,3459.5,925.7,2326.0,1691.6,4938.2,7595.1,5159.1,1891.5,304.0
2026-10-03 18:00:00,905.2,381.7,1298.8,640.7,840.9,792.4,1.0,48.3,324.3,48.9,216.9,1976.8,3618.9,1084.0,1454.8,1209.6,242.5,35.0,1123.1,1750.5,558.7,646.8,5740.0,5067.3,3010.5,1479.8,4655.1,5985.8,2585.2,2700.6,1762.2,2971.6,1059.0,3400.5,928.4,2320.6,1949.3,5377.9,7725.6,5250.0,1907.9,319.1
2026-10-03 18:15:00,908.4,387.3,1313.2,639.3,846.2,798.6,1.0,48.3,343.0,60.0,237.7,1963.4,3640.4,1098.0,1675.0,1345.6,249.0,35.0,1113.6,1710.5,545.9,637.8,5781.3,5079.9,3024.8,1476.5,4663.9,6040.9,2592.3,2680.2,1758.0,2977.0,1061.7,3452.4,929.8,2336.1,1961.1,5363.2,7759.0,5252.7,1915.0,332.9
2026-10-03 18:30:00,912.3,389.3,1323.9,652.1,855.8,789.6,1.0,48.4,354.9,99.0,270.3,1975.9,3570.9,1421.9,1687.0,1316.3,268.6,35.0,1119.1,1680.8,547.5,627.6,5805.5,5094.8,3019.4,1473.2,4679.8,6097.9,2593.4,2651.2,1760.5,2989.1,1069.4,3504.5,929.3,2348.1,1968.1,5361.9,7780.0,5246.7,1927.9,352.8
2026-10-03 18:45:00,909.1,366.1,1327.9,662.4,862.5,783.5,1.1,53.1,364.0,100.9,301.7,1968.3,3558.5,1478.1,1704.6,1359.1,278.4,35.0,1088.4,1681.7,548.6,637.6,5794.3,5115.6,3036.4,1471.1,4683.2,6169.8,2598.9,2623.5,1764.9,2998.4,1069.4,3572.6,925.9,2358.8,1983.7,5335.3,7806.7,5242.5,1918.3,365.1
2026-10-03 19:00:00,900.8,357.9,1315.5,664.9,859.7,718.4,12.0,38.2,378.1,81.1,230.1,1953.1,3656.9,1407.9,1793.2,1421.7,221.7,50.1,1051.4,1690.8,537.4,627.2,5670.7,5160.5,3043.7,1456.3,4669.5,5987.1,2605.9,2670.8,1773.9,3004.7,1075.8,3591.9,926.0,2337.0,1897.1,5077.1,7815.4,5350.5,1919.6,437.7
2026-10-03 19:15:00,893.6,361.2,1304.2,663.0,857.9,718.4,12.0,54.9,378.1,82.5,240.1,1947.3,3653.8,1401.0,1790.4,1422.0,221.4,50.1,1048.9,1661.5,537.3,627.2,5647.9,5186.4,3045.2,1452.2,4682.2,5988.9,2610.1,2627.7,1776.3,2958.0,1078.7,3601.1,923.0,2350.0,1891.6,5063.1,7818.5,5295.3,1920.7,465.7
2026-10-03 19:30:00,888.2,358.0,1290.8,666.4,850.7,712.6,12.0,55.0,376.8,82.5,249.8,1943.5,3563.9,1406.3,1728.1,1433.4,219.7,50.0,1047.5,1639.7,532.3,618.6,5612.9,5219.3,3026.9,1446.1,4683.2,5959.5,2611.0,2614.3,1780.5,2916.6,1082.7,3582.6,919.3,2362.5,1885.3,5026.1,7815.9,5248.1,1922.0,484.5
2026-10-03 19:45:00,882.8,357.5,1278.6,648.2,847.0,707.1,12.0,37.7,375.1,84.4,249.9,1939.9,3608.7,1400.2,1714.0,1439.7,220.1,50.0,1031.9,1628.7,529.5,625.1,5571.9,5243.5,3018.9,1442.0,4682.5,5963.5,2613.7,2574.2,1786.0,2877.9,1075.6,3593.4,918.3,2372.4,1868.7,4976.2,7780.3,5214.2,1915.0,479.7
2026-10-03 20:00:00,871.5,365.0,1255.6,563.9,829.8,693.2,12.1,64.6,384.3,90.1,263.7,1992.5,3459.3,1251.4,1677.2,1406.2,195.4,50.0,1037.1,1577.7,517.9,651.5,5401.6,5330.9,3005.4,1436.4,4717.5,6012.7,2599.4,2497.9,1773.1,2842.2,1071.1,3529.2,912.2,2147.6,1838.8,4810.4,7622.9,5126.0,1874.9,462.6
2026-10-03 20:15:00,856.8,306.9,1233.4,557.8,829.2,693.5,12.0,46.1,377.5,90.1,229.1,1999.2,3448.5,1143.6,1657.2,1383.0,175.4,50.0,1027.5,1567.4,514.4,666.9,5360.4,5332.7,2987.3,1417.3,4705.1,6006.1,2596.3,2458.2,1769.1,2815.9,1064.4,3540.5,912.8,2159.8,1828.6,4749.0,7566.3,5121.4,1853.8,475.8
2026-10-03 20:30:00,841.9,363.5,1216.4,327.9,794.7,703.8,12.0,45.8,365.2,92.0,193.7,1992.0,3414.2,1030.1,1637.0,1381.9,176.2,50.0,1046.6,1558.4,511.1,682.2,5320.7,5330.0,2967.9,1457.5,4701.6,6033.2,2590.8,2431.2,1772.9,2831.4,1061.3,3568.8,909.3,2170.9,1819.6,4718.9,7576.0,5259.3,1834.2,489.2
2026-10-03 20:45:00,828.2,330.0,1207.3,310.0,779.7,704.6,12.0,44.0,363.0,95.9,170.6,1992.9,3575.8,943.3,1620.4,1377.1,161.3,50.0,1052.8,1540.4,512.4,685.9,5282.5,5281.5,2937.5,1407.4,4702.0,5986.9,2587.8,2411.9,1764.7,2790.7,1056.3,3532.9,906.1,2180.7,1818.8,4691.6,7475.7,5251.4,1811.0,502.1
2026-10-03 21:00:00,823.7,329.0,1166.5,306.9,762.3,567.6,1.0,24.6,364.9,97.5,135.6,1952.2,3148.1,1088.5,1569.5,1323.5,131.9,51.2,1011.6,1458.7,476.0,701.2,5283.8,5263.8,2893.0,1404.7,4669.4,5951.9,2568.6,2414.3,1752.6,2842.3,1045.0,3469.4,906.6,2216.4,1820.5,4785.1,7327.8,5001.6,1770.0,518.7
2026-10-03 21:15:00,808.5,315.5,1150.5,299.5,750.6,545.6,1.0,23.1,359.7,30.5,116.5,1956.4,3230.4,914.7,1548.0,1329.4,132.1,51.3,1006.6,1437.0,472.8,706.7,5317.5,5256.8,2877.5,1378.0,4662.9,5950.9,2566.4,2416.6,1745.7,2829.7,1039.9,3466.3,903.3,2224.8,1819.9,4776.4,7260.6,4943.5,1744.6,534.5
2026-10-03 21:30:00,797.1,274.8,1121.1,292.2,742.5,544.7,1.0,23.1,356.1,38.6,94.4,1970.9,3367.8,1100.5,1575.0,1336.3,124.7,53.4,1005.3,1429.4,469.0,715.1,5313.7,5241.8,2856.6,1374.3,4657.2,5929.6,2558.1,2441.9,1745.1,2761.1,1039.1,3443.5,898.5,2233.5,1819.2,4784.7,7240.8,4920.7,1730.9,550.5
2026-10-03 21:45:00,789.1,255.9,1110.1,291.6,742.1,544.8,1.1,24.1,350.5,21.2,91.2,1993.8,3600.0,891.2,1565.7,1338.0,104.6,65.3,1011.1,1416.9,470.7,725.9,5295.7,5225.7,2836.8,1371.7,4647.8,5900.3,2554.4,2468.2,1749.0,2601.9,1032.4,3420.4,895.7,2239.6,1813.2,4786.9,7206.6,4883.0,1715.2,566.6
2026-10-03 22:00:00,775.6,277.8,1076.5,296.2,710.5,455.6,16.0,14.9,344.9,0.0,133.5,1953.2,3290.0,845.0,1486.3,1290.2,74.7,52.4,954.9,1377.1,452.9,737.1,5189.2,5186.7,2803.4,1365.1,4683.2,5911.6,2540.8,2410.3,1714.5,2650.2,1033.0,3470.3,898.5,2188.4,1831.3,4795.0,7082.9,4845.6,1686.6,557.9
2026-10-03 22:15:00,762.8,254.6,1054.3,282.8,711.0,457.7,16.0,15.0,341.9,0.0,110.2,1954.1,4221.8,1636.4,1482.1,1295.3,75.4,52.6,965.2,1371.8,449.2,742.9,5146.9,5158.7,2783.4,1363.8,4675.2,5889.9,2538.2,2427.0,1712.5,2601.1,1023.1,3443.9,891.8,2194.5,1818.7,4797.1,7039.3,4807.1,1669.1,560.2
2026-10-03 22:30:00,749.2,253.2,1062.1,263.4,694.6,456.4,16.0,14.1,340.8,0.0,104.7,1948.5,4290.5,1633.6,1508.4,1293.3,75.9,52.9,963.8,1362.8,446.4,752.3,5104.2,5138.9,2759.7,1362.3,4663.7,5862.5,2531.6,2423.9,1714.2,2501.5,1015.6,3427.7,891.2,2203.9,1807.7,4786.6,6990.2,4772.6,1662.4,561.7
2026-10-03 22:45:00,737.5,251.6,1044.5,244.9,692.8,445.3,18.7,14.5,333.0,6.2,93.6,1957.8,4863.5,833.4,1493.6,1311.9,76.2,53.1,965.7,1360.7,448.9,766.8,5059.4,5123.2,2739.0,1360.9,4655.2,5834.5,2529.1,2424.8,1710.2,2271.5,1007.3,3417.9,884.9,2217.8,1798.6,4773.7,6937.4,4747.6,1641.6,563.1
2026-10-03 23:00:00,737.3,249.2,1040.9,238.1,689.5,444.4,22.0,12.6,328.6,5.6,141.6,1955.8,4715.2,732.4,1422.0,1289.5,87.4,59.2,939.0,1589.3,439.5,732.8,4911.3,5074.6,2673.0,1367.9,4668.6,5747.3,2501.3,2369.9,1690.1,2360.1,987.3,3366.8,879.8,2218.1,1758.9,4737.3,6864.4,4667.2,1612.5,566.7
2026-10-03 23:15:00,747.9,248.2,1034.2,230.3,684.0,451.6,24.7,11.6,325.1,5.6,135.3,1957.9,4773.6,735.6,1399.0,1277.9,77.8,59.3,937.0,1581.6,438.7,736.4,4880.9,5058.9,2649.9,1366.7,4660.6,5722.5,2498.3,2370.5,1688.9,2266.1,978.6,3349.3,877.5,2246.6,1752.8,4730.8,6826.2,4638.2,1593.9,562.1
2026-10-03 23:30:00,742.2,247.9,1015.4,221.4,669.2,451.9,24.7,11.8,321.2,8.0,133.1,1958.4,4845.8,737.5,1410.4,1270.6,78.5,59.2,933.2,1558.0,438.0,742.2,4857.1,5046.2,2627.9,1365.4,4656.1,5701.0,2489.0,2368.1,1684.0,2132.6,972.9,3335.4,875.8,2277.2,1750.0,4716.2,6775.2,4594.7,1581.6,559.6
2026-10-03 23:45:00,809.9,247.6,988.2,219.9,657.9,452.5,24.7,10.9,312.3,2.4,126.5,1961.5,4860.3,734.4,1386.8,1255.8,58.3,59.2,936.2,1552.4,442.5,742.9,4832.4,5043.0,2603.6,1364.1,4645.6,5677.5,2483.9,2369.5,1680.0,2133.3,967.7,3315.7,872.4,2311.1,1749.0,4692.6,6752.3,4573.4,1568.8,550.8
2026-10-04 00:00:00,715.4,261.9,944.8,223.8,621.9,268.4,11.0,16.2,262.1,28.7,63.6,1902.1,4396.0,562.5,1154.4,927.2,72.0,35.2,918.6,1250.6,436.0,697.2,4831.4,5176.7,2623.6,1540.9,4531.8,5628.0,2431.3,2351.5,1669.3,2265.3,994.6,3154.6,855.2,2216.1,1573.3,4499.5,6745.1,4630.7,1547.2,558.9
2026-10-04 00:15:00,708.4,259.0,959.8,229.0,615.0,267.2,11.0,15.6,256.8,28.7,58.7,1911.6,4391.5,553.9,1275.1,962.8,72.5,33.7,917.9,1259.4,433.9,696.5,4833.2,5134.2,2593.1,1543.8,4523.4,5601.4,2423.3,2344.7,1666.4,2280.6,989.6,3132.4,863.4,2256.6,1568.6,4497.0,6700.2,4597.2,1532.9,551.5
2026-10-04 00:30:00,720.6,251.3,940.8,230.1,614.6,266.6,11.0,15.1,259.1,25.1,56.4,1903.3,4547.4,547.3,1313.7,953.2,35.8,35.5,920.4,1204.6,433.8,682.9,4836.0,5089.8,2590.1,1547.9,4514.5,5590.5,2414.4,2326.3,1665.3,2262.9,983.2,3125.6,859.5,2298.2,1566.0,4552.6,6671.4,4499.3,1532.3,543.9
2026-10-04 00:45:00,733.3,249.1,921.7,224.9,613.6,266.6,11.0,15.1,252.0,21.7,48.2,1905.0,4602.6,545.9,1289.7,947.3,35.6,35.8,922.1,1172.9,437.4,688.6,4825.6,5034.5,2574.4,1550.8,4505.0,5566.8,2408.3,2310.1,1663.7,2186.4,977.1,3120.5,845.9,2338.3,1556.6,4477.0,6598.1,4512.1,1512.3,533.3
2026-10-04 01:00:00,698.4,254.2,983.1,225.4,589.6,266.6,19.0,17.5,285.3,25.8,62.9,1891.0,4200.3,583.0,1229.7,961.6,1.0,46.6,913.9,1163.2,441.1,697.6,4772.2,4985.1,2526.5,1546.0,4484.5,5495.8,2390.4,2292.0,1647.4,2138.6,967.8,3054.2,843.1,2360.5,1589.8,4486.5,6514.9,4458.5,1501.0,521.7
2026-10-04 01:15:00,695.2,255.8,989.3,223.2,585.7,266.3,19.0,14.9,282.9,25.8,54.3,1892.2,4215.6,572.8,1213.0,965.5,1.0,46.3,909.4,1161.3,441.8,702.8,4781.4,4933.9,2510.8,1543.1,4482.0,5484.6,2387.4,2295.1,1641.5,2140.1,963.2,3039.7,837.7,2392.6,1583.0,4473.1,6479.5,4437.5,1493.6,516.4
2026-10-04 01:30:00,694.2,260.2,983.9,222.9,587.2,257.4,19.0,14.8,286.8,25.8,55.7,1905.6,4188.7,565.9,1196.9,976.4,0.9,46.5,907.0,1161.3,442.1,708.6,4771.4,4876.5,2496.4,1541.4,4480.3,5481.0,2383.7,2287.9,1638.4,2213.9,958.8,3027.6,851.1,2421.0,1585.2,4461.9,6445.9,4385.8,1494.6,509.3
2026-10-04 01:45:00,689.2,258.6,967.1,214.2,591.0,249.7,19.0,14.8,283.7,25.8,48.3,1898.9,4251.1,562.1,1191.1,965.5,0.9,46.2,909.2,1139.5,445.9,702.9,4765.6,4839.1,2481.7,1539.6,4476.8,5467.1,2379.6,2292.0,1646.0,2188.6,953.1,3013.9,848.8,2444.4,1599.6,4448.4,6424.2,4410.3,1484.0,508.9
2026-10-04 02:00:00,732.6,262.2,972.6,195.9,589.6,305.6,19.0,11.7,269.5,26.3,50.3,1892.1,4189.3,491.2,1161.9,962.5,45.5,36.7,901.2,1144.2,454.4,719.7,4614.2,4742.5,2458.6,1434.5,4465.1,5490.1,2367.9,2284.5,1626.5,2097.9,948.2,3088.3,850.3,2514.4,1606.1,4476.5,6398.7,4348.5,1481.2,485.9
2026-10-04 02:15:00,732.4,269.5,969.9,184.1,588.2,305.8,19.0,11.3,265.1,25.5,53.1,1884.1,4205.3,489.3,1160.9,945.1,30.0,37.0,903.5,1109.5,452.5,703.6,4604.0,4697.7,2449.3,1433.7,4464.9,5484.7,2365.6,2298.1,1624.3,2127.9,944.3,3071.8,846.1,2536.8,1610.4,4456.7,6383.3,4357.4,1472.3,481.3
2026-10-04 02:30:00,730.0,264.9,970.2,185.9,587.8,306.1,19.0,11.2,266.3,26.3,40.9,1891.4,4623.9,487.3,1149.9,948.1,49.8,37.0,902.3,1100.3,447.2,703.8,4598.5,4643.4,2440.9,1433.9,4464.6,5481.4,2361.8,2294.3,1621.2,2136.2,942.4,3065.6,834.5,2554.6,1605.3,4429.6,6376.9,4346.8,1471.2,481.6
2026-10-04 02:45:00,726.1,268.1,975.7,179.6,583.0,306.1,19.0,11.3,266.0,26.3,34.4,1898.7,4628.1,487.1,1142.3,950.0,49.5,37.4,900.9,1087.6,452.1,698.8,4604.9,4579.7,2432.4,1434.1,4463.6,5480.4,2360.5,2303.4,1619.2,2253.6,939.6,3048.7,833.4,2557.1,1604.5,4430.0,6358.9,4318.7,1476.7,474.2
2026-10-04 03:00:00,712.7,278.9,983.1,180.6,596.9,309.7,11.0,11.4,279.2,25.4,53.1,1912.9,4599.5,475.6,1126.1,965.2,28.3,33.3,876.5,1101.7,415.4,713.1,4583.7,4537.9,2413.2,1438.7,4478.0,5383.2,2354.6,2231.9,1612.2,2216.8,936.2,3146.8,835.0,2569.4,1529.0,4305.8,6411.9,4474.3,1459.6,461.3
2026-10-04 03:15:00,719.5,280.8,982.2,180.1,597.3,314.6,11.0,11.3,272.3,25.4,51.5,1910.7,4587.2,473.0,1119.9,965.9,29.2,33.9,880.9,1086.8,413.3,706.8,4589.9,4484.9,2409.3,1436.4,4480.6,5387.1,2353.3,2247.7,1611.1,2331.9,936.1,3133.8,835.3,2566.7,1527.0,4284.7,6386.7,4446.2,1459.7,456.2
2026-10-04 03:30:00,718.8,279.9,985.0,174.7,596.6,322.3,11.1,11.8,273.2,23.2,50.6,1906.5,4576.0,469.8,1124.7,965.1,30.2,34.3,880.0,1085.1,411.0,703.0,4589.2,4420.3,2406.6,1434.7,4479.8,5380.3,2350.1,2307.1,1610.2,2399.0,935.4,3100.7,837.0,2566.1,1521.0,4295.9,6373.3,4442.4,1457.6,448.7
2026-10-04 03:45:00,719.1,276.2,983.7,179.6,598.6,322.2,11.0,11.4,274.4,24.0,49.3,1902.2,4199.1,468.7,1118.9,954.4,30.3,35.0,880.7,1063.4,414.1,696.8,4581.5,4362.0,2407.2,1433.5,4478.9,5385.0,2349.6,2309.1,1608.9,2500.8,931.3,3092.3,837.2,2567.1,1523.2,4272.8,6363.1,4433.6,1460.5,444.4
2026-10-04 04:00:00,795.2,271.0,922.4,172.0,664.7,412.7,21.7,11.2,264.9,20.1,77.2,1914.0,4142.5,575.7,1125.6,954.8,24.1,41.5,862.8,1043.3,415.8,684.2,4635.8,4297.1,2403.5,1450.4,4413.3,5376.0,2344.5,2204.7,1606.8,2571.2,929.1,3142.9,853.7,2592.7,1536.7,4336.5,6337.3,4374.5,1445.1,436.7
2026-10-04 04:15:00,783.8,273.1,932.8,169.7,667.0,414.1,19.4,11.2,311.0,16.9,72.3,1913.0,4107.3,572.9,1125.9,953.1,24.1,39.7,864.1,1034.1,409.3,681.8,4629.4,4248.0,2403.5,1448.6,4414.4,5385.9,2344.6,2182.0,1607.3,2672.5,928.7,3150.0,843.7,2593.5,1535.6,4309.5,6326.1,4363.2,1444.2,434.8
2026-10-04 04:30:00,767.9,274.4,937.9,167.9,670.8,415.2,19.0,11.2,308.4,20.1,67.0,1907.8,4155.1,570.8,1083.7,957.9,24.1,42.3,865.1,1036.6,408.2,680.2,4638.4,4198.3,2409.5,1445.5,4415.5,5397.3,2343.2,2181.7,1607.4,2789.8,926.7,3146.7,845.2,2591.5,1536.4,4326.1,6331.2,4351.8,1446.3,425.3
2026-10-04 04:45:00,761.3,275.8,941.0,170.7,676.3,416.4,19.0,11.2,267.6,20.1,60.8,1899.6,4129.4,568.1,1078.7,952.3,24.2,42.7,866.8,1024.2,406.9,673.4,4644.0,4165.3,2407.1,1442.3,4418.3,5403.4,2342.2,2197.3,1608.0,2901.6,925.0,3133.6,848.3,2587.5,1535.8,4320.9,6327.4,4343.6,1448.1,426.3
2026-10-04 05:00:00,724.6,273.7,965.3,168.1,677.4,433.8,18.0,2.2,265.1,21.4,24.9,1915.6,4187.0,475.2,1105.8,952.8,22.9,82.0,862.0,1026.6,398.4,669.4,4691.2,4148.4,2419.2,1369.8,4475.4,5505.5,2336.2,2236.5,1606.8,2825.5,927.2,3134.0,864.0,2641.9,1545.9,4394.0,6247.0,4289.8,1467.0,422.1
2026-10-04 05:15:00,732.4,274.4,979.7,169.0,675.6,435.1,18.0,2.2,263.3,23.0,24.8,1897.1,4208.9,472.8,1105.5,951.8,22.9,102.6,861.8,1009.1,393.2,664.1,4658.2,4110.3,2424.1,1374.8,4479.7,5522.7,2338.8,2193.1,1597.6,2941.3,928.2,3151.9,853.3,2637.2,1545.6,4383.5,6279.0,4279.8,1466.3,418.7
2026-10-04 05:30:00,737.7,276.7,962.1,170.6,682.7,436.5,18.0,2.2,266.7,23.6,50.2,1897.0,4210.4,470.3,1065.6,964.9,22.9,103.4,865.2,1005.9,393.0,661.5,4617.2,4079.2,2432.6,1370.5,4484.1,5533.3,2337.7,2207.2,1596.9,2976.1,926.2,3147.8,866.4,2634.7,1544.9,4374.0,6293.1,4266.5,1475.4,413.5
2026-10-04 05:45:00,727.8,279.8,969.5,179.0,680.9,437.6,18.0,2.2,269.7,23.6,58.3,1893.0,4213.8,468.4,1067.7,974.8,40.6,86.5,869.1,1001.3,394.7,660.8,4611.4,4091.4,2444.2,1368.2,4490.3,5552.5,2342.0,2186.0,1601.0,3030.1,926.2,3164.5,856.5,2634.1,1533.8,4356.7,6320.3,4253.9,1474.6,408.1
2026-10-04 06:00:00,729.3,277.3,1017.1,188.4,639.1,572.2,37.8,2.2,284.1,21.0,49.3,1893.4,4295.6,585.5,1142.8,976.7,0.0,104.6,888.9,803.4,416.5,648.3,4619.1,4089.2,2473.0,1416.0,4478.3,5552.7,2347.0,2233.5,1625.0,2804.2,924.3,3107.2,864.7,2675.9,1466.4,4515.7,6451.8,4221.7,1529.0,405.1
2026-10-04 06:15:00,723.5,280.2,1019.4,207.8,647.8,571.1,37.8,2.1,281.5,20.1,52.3,1889.3,4287.8,595.6,1155.1,979.1,0.0,102.8,895.3,810.3,415.8,647.9,4615.8,4074.5,2490.9,1412.8,4491.5,5584.1,2353.7,2214.6,1626.2,2898.1,934.6,3134.7,868.0,2675.1,1463.9,4502.9,6481.3,4210.4,1538.4,401.8
2026-10-04 06:30:00,728.8,288.9,999.3,220.3,653.5,559.8,38.1,2.1,283.3,21.7,70.7,1885.6,4272.8,593.4,1118.9,979.2,0.0,122.8,901.6,816.0,421.6,637.8,4595.8,4086.8,2502.4,1410.0,4498.1,5602.4,2354.9,2202.6,1611.7,2936.3,935.7,3146.7,870.7,2675.9,1473.3,4501.0,6502.7,4189.6,1543.3,391.6
2026-10-04 06:45:00,730.4,303.3,1011.7,247.7,661.4,564.8,38.6,3.0,285.9,21.7,72.6,1883.2,4261.3,595.0,1129.7,995.9,18.2,121.9,908.2,820.3,424.6,653.1,4611.1,4088.3,2523.2,1409.4,4504.5,5620.9,2365.9,2210.8,1615.2,2935.6,939.9,3162.2,872.6,2676.7,1476.9,4532.3,6536.5,4174.9,1552.1,387.2
2026-10-04 07:00:00,730.2,363.6,1056.7,248.8,675.8,575.3,21.2,8.2,301.8,21.7,21.4,1869.8,4380.4,491.9,1192.0,1003.3,53.4,161.3,961.7,669.4,433.1,644.0,4701.4,4037.9,2568.8,1339.7,4614.3,5701.1,2371.9,2262.7,1651.5,2918.8,948.5,3223.4,885.2,2841.9,1483.3,4608.6,6570.7,4133.6,1567.1,381.9
2026-10-04 07:15:00,742.7,383.1,1066.0,259.5,682.8,590.6,21.2,4.7,297.3,65.5,26.0,1867.4,4376.7,493.0,1211.5,1017.7,53.3,158.5,969.6,662.2,438.5,643.7,4702.1,4017.1,2587.7,1339.5,4619.9,5720.5,2380.0,2256.5,1645.5,2964.1,954.6,3242.8,889.2,2841.5,1485.7,4592.2,6614.9,4128.0,1576.5,382.1
2026-10-04 07:30:00,758.5,380.3,1072.1,267.9,687.2,611.5,23.5,6.9,296.2,115.1,32.0,1868.2,4341.8,520.8,1223.8,1011.1,53.1,169.3,977.6,644.5,443.5,633.6,4726.0,4020.4,2611.0,1363.6,4629.2,5729.9,2382.1,2256.8,1643.4,2974.5,960.1,3248.9,888.1,2837.0,1480.3,4627.2,6660.2,4178.2,1589.6,386.6
2026-10-04 07:45:00,755.5,435.7,1065.0,275.1,690.8,648.7,21.9,6.8,302.9,20.3,30.8,1876.7,4362.0,552.3,1238.8,1011.9,33.0,175.8,985.0,635.0,449.5,641.3,4743.4,4004.4,2636.2,1395.0,4637.0,5733.4,2396.2,2269.9,1650.4,2983.5,965.8,3252.2,889.0,2829.2,1481.0,4628.5,6698.0,4157.7,1600.5,387.9
2026-10-04 08:00:00,750.0,402.2,1060.7,379.8,696.7,582.0,26.0,9.8,299.3,15.2,44.0,1887.0,4634.3,646.8,1244.8,1053.6,79.2,140.2,1042.5,678.0,444.9,642.4,4860.3,3962.4,2687.6,1387.0,4627.9,5679.8,2415.2,2299.0,1683.8,3021.9,982.8,3374.8,891.0,2874.4,1489.3,4776.3,6811.7,4184.4,1618.2,473.7
2026-10-04 08:15:00,761.4,430.9,1041.3,385.1,698.7,615.8,25.1,10.8,279.2,15.7,43.5,1884.9,4624.9,676.7,1240.9,1046.2,79.4,142.0,1039.8,681.2,441.6,633.7,4880.7,3943.7,2712.8,1387.1,4635.1,5699.0,2426.2,2307.2,1678.3,3041.2,988.2,3393.3,888.0,2851.4,1487.0,4796.0,6860.4,4142.0,1623.6,439.6
2026-10-04 08:30:00,767.6,481.6,983.0,399.5,701.7,660.3,24.5,12.1,259.3,27.0,50.8,1906.0,4591.3,738.0,1238.5,1099.1,79.6,149.8,1037.1,707.2,437.0,643.6,4880.4,3924.9,2738.1,1387.3,4645.9,5725.8,2435.6,2316.1,1677.6,3049.0,996.1,3416.2,889.9,2820.8,1486.4,4792.1,6904.9,4077.7,1625.5,468.2
2026-10-04 08:45:00,767.6,510.9,979.6,396.1,704.0,686.7,24.5,12.3,228.3,32.3,51.1,1898.1,5273.5,801.4,1375.4,1277.8,59.8,147.7,1053.7,669.2,447.7,633.8,4907.8,3911.5,2747.7,1389.5,4654.2,5733.0,2447.6,2329.6,1681.2,3093.5,1003.2,3424.4,895.7,2782.5,1486.7,4790.7,6942.5,4130.3,1634.5,413.3
2026-10-04 09:00:00,765.6,559.3,953.1,386.6,706.1,752.3,12.0,58.2,211.1,62.5,83.7,1953.5,4635.8,899.5,1378.3,1432.5,10.0,196.5,1053.2,751.8,454.7,629.2,4937.3,3936.8,2823.3,1421.5,4708.8,5753.9,2477.3,2376.2,1711.2,3181.0,1032.0,3551.7,909.8,2730.9,1492.7,4704.9,6973.5,4157.8,1632.0,392.2
2026-10-04 09:15:00,759.1,582.6,904.9,394.2,703.2,796.8,16.1,54.0,177.1,81.5,86.4,1973.6,5167.9,1388.1,1313.1,1456.3,10.0,175.5,1046.1,753.5,456.4,602.6,4945.2,3920.8,2837.2,1424.0,4717.3,5593.3,2487.1,2425.3,1710.7,3213.1,1033.7,3542.5,910.2,2678.4,1493.4,4671.9,6985.9,4140.6,1624.9,397.7
2026-10-04 09:30:00,747.8,592.4,849.0,386.2,702.3,835.0,16.2,54.0,151.7,115.3,91.2,1993.6,5545.4,888.8,1300.1,1520.5,10.0,173.4,1035.2,776.6,460.6,623.5,4923.6,3908.5,2866.0,1427.4,4710.6,5043.5,2493.1,2429.9,1711.7,3225.8,1040.6,3549.9,910.5,2626.9,1494.5,4668.3,7003.0,4122.6,1607.0,400.4
2026-10-04 09:45:00,743.5,605.5,767.7,406.6,703.1,874.5,16.3,55.6,122.0,140.2,91.7,2012.6,5565.8,794.5,1257.4,1540.8,10.0,165.0,1044.2,755.0,480.3,326.5,4937.2,3883.9,2874.5,1406.6,4707.8,4322.8,2500.7,2435.0,1712.4,3244.8,1027.9,3535.1,922.6,2574.9,1497.3,4649.9,7027.6,4102.3,1597.8,407.0
2026-10-04 10:00:00,726.0,626.9,931.9,391.8,698.5,913.7,52.0,72.2,92.8,161.1,92.6,2008.7,6587.1,743.2,1136.6,1445.0,30.9,231.2,1184.8,821.0,493.8,657.5,4960.4,3857.9,2885.9,1445.1,4866.0,4332.6,2509.3,2465.2,1735.7,3169.4,1055.5,3418.3,921.5,2785.4,1506.1,4773.4,6976.5,4044.3,1574.6,421.3
2026-10-04 10:15:00,724.8,635.6,880.7,415.1,694.1,949.3,52.6,83.8,91.2,211.3,94.7,2019.3,6635.8,832.9,1080.2,1327.6,30.9,229.3,1206.9,826.7,495.8,342.6,4965.7,3833.9,2899.0,1393.8,4856.8,3764.0,2516.2,2462.2,1742.6,3177.8,1045.0,3416.4,924.1,2744.6,1506.7,4766.1,6983.3,4048.4,1563.2,430.7
2026-10-04 10:30:00,716.7,642.8,863.3,475.3,690.4,975.0,53.1,73.5,89.7,228.8,97.8,2040.7,6633.1,900.0,1066.1,1304.4,30.9,243.2,1205.2,847.9,497.4,303.2,4968.7,3813.6,2902.9,1375.1,4847.4,3204.5,2517.7,2452.0,1738.9,3171.5,1045.1,3398.7,922.7,2709.3,1509.9,4720.4,6980.4,4078.1,1543.5,434.5
2026-10-04 10:45:00,709.9,641.7,844.7,494.3,685.1,1008.3,53.6,74.2,87.5,278.6,99.0,2072.6,6512.6,977.8,996.2,1355.8,30.9,223.3,1222.2,859.9,514.5,318.1,4973.6,3755.4,2909.2,1346.9,4831.0,2910.0,2524.7,2453.0,1744.7,3168.5,1048.5,3335.0,912.8,2681.4,1502.1,4668.5,6990.7,4090.7,1532.2,438.6
2026-10-04 11:00:00,718.3,598.9,832.3,462.6,677.2,960.7,5.2,70.2,87.1,313.2,173.5,2107.4,6669.2,1094.2,1130.5,1300.2,86.4,203.3,1131.2,910.7,496.8,327.9,4980.1,3748.5,2915.1,1369.1,4587.7,2711.6,2519.7,2421.0,1742.8,3014.4,1308.5,2977.4,910.5,3020.1,1506.5,4712.4,7001.8,4007.0,1509.9,455.6
2026-10-04 11:15:00,716.8,599.8,812.1,502.5,671.1,978.9,6.1,70.6,86.6,346.7,174.4,2120.9,6918.8,1149.2,1101.2,1359.4,85.3,184.6,1133.3,902.1,498.2,319.3,4982.5,3688.5,2917.1,1371.0,4585.4,2461.4,2522.0,2415.4,1743.6,3008.5,1292.0,2483.9,912.2,3001.7,1504.6,4713.4,6974.3,4039.1,1501.3,459.5
2026-10-04 11:30:00,706.2,600.3,816.0,557.6,670.2,995.0,7.2,70.9,86.4,352.1,176.3,2139.2,6926.3,1193.8,1049.0,1439.7,84.1,180.2,1135.4,936.4,499.2,326.6,4992.5,3624.0,2912.3,1356.2,4634.7,2314.5,2521.9,2297.8,1744.1,2978.9,1294.9,2033.9,909.4,2983.8,1499.3,4720.5,6972.7,4076.8,1493.6,463.7
2026-10-04 11:45:00,712.5,606.4,800.7,607.5,670.1,1011.5,22.6,71.2,85.3,346.8,177.9,2139.8,7198.8,1211.2,1004.2,1469.7,83.0,199.5,1138.3,951.1,505.5,333.9,4986.5,3586.9,2910.0,1357.4,4647.9,2252.9,2527.3,2218.8,1744.6,2956.2,1297.8,1743.2,910.4,2965.4,1487.8,4732.5,6979.9,4108.1,1482.7,462.6
2026-10-04 12:00:00,714.1,605.1,782.9,644.4,698.9,932.8,3.7,52.9,95.9,411.0,174.5,2114.7,7230.3,1322.3,1294.3,1498.1,45.8,331.6,1324.1,812.1,513.9,270.6,4943.7,3619.6,2906.3,1278.3,4612.6,2178.9,2527.0,2253.2,1732.7,3111.8,1302.3,1732.0,906.0,2385.5,1470.9,4681.6,6995.7,4149.1,1471.4,480.2
2026-10-04 12:15:00,730.9,604.3,775.4,655.7,696.9,925.1,7.8,43.3,94.3,454.7,172.6,2131.9,7316.9,1309.0,1271.2,1526.9,44.2,330.3,1316.6,834.3,505.2,278.3,4963.9,3586.8,2901.5,1281.1,4613.4,2034.4,2539.8,2188.0,1733.0,3099.0,1285.6,1661.6,904.3,2372.0,1459.1,4709.3,7003.3,4179.8,1461.6,485.1
2026-10-04 12:30:00,721.3,602.4,784.9,686.9,695.3,918.5,23.9,41.1,93.2,465.1,177.5,2140.1,7342.6,1309.5,1244.6,1542.6,42.8,332.4,1329.6,841.8,505.3,284.5,4954.0,3575.0,2917.3,1283.9,4629.6,2035.5,2535.6,2178.7,1733.4,3106.2,1325.5,1612.2,905.2,2359.7,1449.0,4742.2,7043.8,4213.3,1458.1,480.2
2026-10-04 12:45:00,714.2,595.7,779.7,708.6,695.9,906.3,24.0,41.0,93.0,468.0,203.9,2148.4,7407.3,1296.4,1216.3,1580.0,41.3,333.1,1333.1,852.5,509.3,298.5,4956.4,3569.0,2913.4,1286.0,4628.6,1978.3,2540.4,2151.2,1739.0,3109.0,1323.6,1612.3,903.6,2348.4,1439.6,4738.3,7032.5,4246.5,1458.8,484.7
2026-10-04 13:00:00,727.2,619.7,841.6,733.8,714.1,978.2,23.9,44.1,90.3,454.3,266.3,2157.9,7236.9,1334.9,1415.6,1512.5,39.8,302.3,1430.9,803.7,513.7,277.5,4933.5,3571.6,2906.1,1259.3,4520.4,1858.7,2544.1,2133.9,1739.7,3077.4,1341.8,1542.9,900.1,2252.1,1433.8,4677.6,7093.9,4398.7,1477.5,485.9
2026-10-04 13:15:00,724.2,612.8,860.4,754.6,718.5,972.4,24.2,43.5,88.7,449.3,279.0,2154.7,7455.9,1316.0,1410.5,1512.6,39.8,303.8,1440.8,791.9,503.9,266.1,4929.9,3586.6,2906.4,1261.6,4527.6,1877.6,2545.4,2131.3,1739.7,3080.4,1342.4,1511.3,901.2,2247.6,1430.0,4707.8,7110.7,4400.4,1464.7,488.3
2026-10-04 13:30:00,751.0,606.1,866.1,777.0,720.3,955.0,24.1,43.1,89.7,449.4,283.9,2161.7,7459.4,1301.1,1403.1,1490.6,39.8,300.6,1590.7,776.2,504.4,259.2,4929.3,3601.6,2905.2,1265.6,4525.3,1894.2,2543.6,2126.8,1741.0,3089.0,1345.8,1472.9,897.8,2244.2,1430.7,4729.6,7131.0,4435.3,1466.0,491.1
2026-10-04 13:45:00,748.0,599.2,872.2,799.4,725.0,932.7,24.0,42.5,90.6,447.5,273.1,2165.3,7453.9,1289.1,1389.7,1506.1,39.8,289.5,1570.1,781.9,507.6,259.9,4930.1,3619.2,2907.6,1268.7,4522.9,1909.8,2545.3,2128.7,1740.1,3085.2,1343.6,1448.1,898.5,2244.5,1436.1,4745.2,7124.7,4460.3,1467.0,490.8
2026-10-04 14:00:00,768.8,584.4,892.2,857.1,730.6,959.6,23.9,52.9,89.2,432.9,227.1,2152.7,7328.9,1254.8,1113.2,1526.5,44.8,298.3,1431.3,769.4,499.4,249.9,4977.6,3609.8,2909.2,1318.0,4561.4,2164.3,2542.5,2135.5,1751.7,3013.5,1321.0,1458.5,931.6,2483.4,1445.1,4912.8,7098.7,4497.0,1424.0,496.3
2026-10-04 14:15:00,739.6,563.2,896.2,854.9,733.6,939.7,15.9,53.3,89.1,422.3,217.8,2151.6,7136.4,1214.9,1111.6,1527.0,44.2,276.9,1272.3,780.5,489.5,245.1,4978.3,3630.7,2911.1,1322.0,4563.6,2186.2,2544.6,2158.3,1753.2,3013.2,1319.3,1468.0,932.0,2490.0,1454.2,4964.4,7092.0,4546.0,1430.1,483.9
2026-10-04 14:30:00,746.7,548.7,919.6,833.5,739.1,914.4,5.5,52.7,90.2,406.0,217.0,2147.9,7131.3,1175.3,1116.7,1503.7,43.5,283.6,1277.9,785.1,485.8,240.6,4987.3,3652.1,2914.7,1326.0,4560.6,2200.7,2545.9,2175.5,1751.4,2994.0,1322.7,1496.1,931.2,2499.9,1460.1,4988.8,7106.2,4557.2,1436.0,480.3
2026-10-04 14:45:00,758.2,549.1,943.6,804.3,744.4,888.3,3.8,51.7,91.5,404.0,213.5,2150.6,6848.3,1139.2,1130.2,1477.3,42.8,278.7,1288.6,806.7,489.1,232.9,5000.9,3672.5,2920.4,1330.3,4568.2,2215.1,2550.5,2218.1,1752.4,3001.3,1326.5,1665.1,931.8,2512.1,1466.4,5013.7,7122.2,4565.6,1445.1,474.9
2026-10-04 15:00:00,767.9,515.9,973.8,767.3,722.4,909.3,13.7,56.5,95.7,364.1,207.9,2146.7,6714.5,1171.0,964.7,1422.4,22.1,247.1,1116.2,863.3,488.8,224.9,5047.4,3637.2,2927.9,1305.5,4455.1,2158.6,2561.9,2244.7,1762.7,3018.8,1066.0,1776.7,939.7,2581.3,1488.4,5049.7,7102.4,4579.7,1466.9,473.1
2026-10-04 15:15:00,779.1,503.1,1012.6,734.3,729.0,869.7,12.4,54.8,96.9,345.6,164.2,2140.2,6649.1,1147.9,1021.0,1424.8,22.2,234.6,1095.9,863.3,477.2,217.7,5066.5,3663.3,2935.3,1308.9,4461.8,2324.1,2563.8,2289.7,1767.1,3032.6,1062.0,1891.1,942.8,2597.5,1492.2,5084.0,7091.9,4592.7,1486.7,463.7
2026-10-04 15:30:00,792.1,488.5,868.0,695.9,738.2,820.7,12.0,52.3,98.1,311.5,152.1,2130.8,6427.3,1088.0,1051.6,1381.7,22.3,227.9,1094.7,866.9,477.8,200.3,5088.5,3669.2,2923.4,1314.2,4449.6,2681.7,2562.1,2382.6,1769.1,3065.3,1083.1,2051.6,944.9,2613.7,1497.1,5122.1,7119.8,4581.3,1513.6,460.4
2026-10-04 15:45:00,796.1,482.2,906.4,668.4,749.4,771.0,12.0,56.5,98.5,302.0,147.7,2140.8,6372.0,985.2,1087.0,1344.2,22.4,235.1,1092.9,897.4,477.2,224.4,5104.6,3679.4,2930.8,1329.3,4391.3,2892.0,2566.5,2543.8,1767.9,3115.9,1078.5,2400.8,947.5,2629.6,1499.8,5162.4,7155.0,4584.9,1537.3,452.5
2026-10-04 16:00:00,804.4,461.1,911.4,684.0,745.1,865.7,35.4,21.5,82.4,258.1,145.3,2106.8,6542.2,1059.4,951.3,1424.4,12.4,207.3,1064.0,1137.2,498.1,245.8,5227.9,3768.6,2955.3,1387.2,4578.8,3371.6,2577.6,2623.8,1792.2,3037.6,1069.9,3075.8,951.6,2784.2,1507.5,5117.9,7294.5,4652.4,1601.0,437.3
2026-10-04 16:15:00,813.7,441.2,960.8,658.3,756.3,798.9,30.0,21.7,83.6,242.1,144.8,2120.1,6566.3,950.4,1042.0,1392.9,32.9,176.6,1080.4,1160.3,483.8,255.9,5251.9,3791.6,2968.4,1400.8,4593.4,3648.6,2581.1,2641.4,1794.0,3103.5,1073.5,3554.9,955.3,2803.8,1514.2,5168.1,7349.8,4666.8,1637.2,427.3
2026-10-04 16:30:00,821.3,441.1,1039.4,635.3,766.3,751.5,30.0,21.9,85.6,240.5,142.0,2095.9,6186.5,1073.4,1143.3,1424.4,13.3,170.8,1081.0,1171.3,495.1,663.0,5267.9,3888.4,2978.3,1408.6,4603.3,4400.8,2581.9,2565.1,1793.9,3055.5,1090.8,3626.8,958.3,2824.9,1521.8,5253.3,7431.9,4693.6,1672.8,418.4
2026-10-04 16:45:00,830.1,439.9,1120.5,625.4,778.3,727.9,30.0,24.8,87.2,208.1,142.2,2082.0,5595.3,1596.2,1251.9,1555.0,13.7,128.3,1094.4,1233.2,501.0,713.9,5283.6,3943.8,2992.2,1461.7,4612.5,5121.9,2584.1,2564.1,1795.5,3046.7,1089.5,3625.9,959.8,2846.7,1538.0,5304.9,7529.1,4743.3,1717.7,407.1
2026-10-04 17:00:00,841.4,452.7,1194.3,714.9,793.5,819.9,13.3,79.7,114.2,114.9,146.2,1978.6,5853.9,1186.8,1427.5,1559.3,102.2,37.5,1194.3,1575.1,539.2,677.3,5472.6,4003.3,3035.6,1510.2,4647.0,5764.4,2583.9,2684.4,1820.7,3036.6,1102.6,3579.1,968.7,3060.2,1558.9,5187.7,7707.0,4842.0,1782.0,425.6
2026-10-04 17:15:00,853.4,437.7,1238.9,720.6,807.8,806.3,12.0,75.4,141.9,86.5,151.2,1958.9,4842.2,893.2,1521.7,1508.2,139.1,37.3,1173.4,1627.8,530.5,680.7,5486.2,4067.1,3049.4,1489.5,4655.9,5801.4,2587.3,2606.6,1822.8,2997.5,1105.2,3635.6,970.2,3089.7,1574.7,5258.3,7804.8,4890.2,1817.8,425.3
2026-10-04 17:30:00,872.7,428.5,1274.7,725.6,805.6,813.0,12.0,80.0,173.6,52.3,199.3,1927.1,4148.2,812.1,1516.4,1348.7,116.5,36.6,1190.5,1639.8,541.2,682.9,5500.9,4119.8,3064.4,1495.5,4666.1,5824.8,2583.6,2541.5,1824.2,2959.0,1105.7,3668.5,976.0,3121.6,1601.8,5282.7,7896.4,4950.6,1854.7,423.9
2026-10-04 17:45:00,888.7,428.5,1302.4,738.3,819.1,813.2,12.0,74.5,222.4,46.6,199.1,1909.0,3922.6,732.3,1493.6,1158.4,123.7,36.3,1186.0,1655.5,547.8,694.6,5526.9,4144.3,3075.9,1524.1,4677.6,5830.4,2584.5,2513.5,1825.4,2902.5,1111.3,3680.6,981.0,3156.3,1618.5,5240.1,7980.4,5091.7,1903.7,425.0
2026-10-04 18:00:00,909.2,439.6,1336.0,752.2,830.0,816.9,1.3,31.2,273.1,35.6,176.6,1869.2,4460.2,710.7,1479.7,972.2,162.0,37.2,1199.3,1781.5,567.6,679.4,5634.0,4297.8,3099.4,1599.6,4479.8,5869.2,2585.6,2669.4,1821.8,3100.3,1126.4,3548.4,979.5,2831.5,1628.5,5239.5,8111.7,5331.5,1943.2,437.5
2026-10-04 18:15:00,921.1,438.8,1356.4,798.3,839.2,814.2,1.9,31.0,311.2,48.1,198.3,1854.0,4068.6,754.1,1703.2,1092.9,168.1,36.7,1183.6,1812.3,561.8,676.0,5635.1,4338.7,3126.6,1551.5,4493.2,5934.8,2589.7,2576.3,1818.0,3044.7,1122.8,3625.3,981.4,2865.5,1639.8,5245.6,8157.5,5309.3,1953.4,453.0
2026-10-04 18:30:00,924.2,428.6,1377.7,826.5,857.0,807.5,1.9,32.4,338.4,36.3,214.5,1833.7,3948.9,750.2,1727.7,1061.4,222.1,35.9,1181.7,1847.2,563.6,659.8,5619.1,4407.3,3131.8,1553.0,4511.4,5950.8,2587.7,2565.2,1852.2,2915.9,1125.4,3639.3,983.5,2898.0,1647.3,5269.5,8198.5,5343.8,1968.7,463.0
2026-10-04 18:45:00,923.5,427.9,1357.4,852.5,866.2,797.3,1.3,33.6,349.4,91.1,245.2,1842.0,3794.1,787.5,1775.4,1101.5,216.4,35.5,1171.6,1870.6,562.0,663.8,5596.7,4480.1,3158.4,1553.6,4518.1,5964.9,2592.5,2568.4,1851.9,2739.3,1122.2,3655.7,984.1,2928.0,1661.3,5301.8,8227.4,5309.3,1981.9,473.2
2026-10-04 19:00:00,922.4,411.7,1352.8,917.1,863.5,760.2,13.4,87.3,332.5,84.6,495.3,1861.3,4056.2,734.3,1837.0,1197.1,159.1,35.5,1122.3,1973.3,566.0,669.7,5561.7,4546.7,3201.6,1530.2,4560.3,5973.9,2592.3,2605.1,1832.6,3004.9,1129.2,3695.6,983.3,2560.2,1654.2,5079.4,8247.2,5572.8,1977.4,504.7
2026-10-04 19:15:00,918.3,400.4,1343.9,935.0,862.5,751.1,12.0,90.0,336.4,90.5,491.1,1855.3,4050.1,812.2,1851.6,1216.0,166.4,35.4,1104.6,2008.8,560.7,668.3,5557.8,4619.4,3211.5,1529.4,4566.1,5991.5,2597.3,2561.8,1837.5,2970.2,1132.4,3726.6,982.9,2589.6,1652.9,5045.8,8260.1,5481.3,1989.8,530.6
2026-10-04 19:30:00,916.2,381.8,1329.8,921.2,858.5,745.3,12.0,90.7,338.9,88.3,489.1,1849.3,3989.2,835.8,1806.1,1227.6,164.2,35.4,1094.6,2046.8,553.7,670.5,5559.8,4639.5,3198.6,1529.4,4564.7,5979.3,2596.1,2564.8,1860.7,2902.3,1130.5,3719.6,984.9,2617.6,1648.1,5023.6,8262.5,5405.6,1986.4,552.4
2026-10-04 19:45:00,907.9,309.3,1344.8,913.9,855.2,745.4,13.3,90.1,338.0,83.6,490.9,1838.8,3973.4,839.0,1789.4,1236.8,154.3,35.3,1089.5,2069.4,551.6,671.0,5636.3,4748.6,3195.2,1530.4,4560.4,5961.0,2599.3,2610.6,1859.4,2770.9,1127.4,3699.7,981.3,2644.0,1639.7,5070.4,8237.3,5351.0,1969.8,551.2
2026-10-04 20:00:00,895.3,327.9,1288.7,828.1,831.8,447.8,12.6,68.4,362.2,89.0,522.1,1828.9,3587.4,948.4,1795.0,1198.1,213.5,36.3,1051.1,1843.2,527.4,701.7,5532.7,4756.7,3206.2,1588.1,4512.0,5905.5,2598.5,2599.4,1826.2,2994.9,1118.9,3659.6,972.9,2509.4,1613.8,4829.0,8091.4,5314.3,1919.0,569.7
2026-10-04 20:15:00,878.2,309.6,1275.3,786.4,824.9,446.7,12.0,68.5,353.8,89.0,487.6,1834.9,3581.4,874.9,1785.7,1209.5,205.5,36.2,1042.2,1882.0,520.5,714.3,5491.8,4790.4,3199.3,1590.5,4501.8,5884.9,2600.3,2590.5,1854.3,2843.7,1111.3,3658.3,967.0,2535.1,1606.3,4803.6,8030.3,5305.4,1891.9,581.4
2026-10-04 20:30:00,884.2,303.0,1282.4,796.8,836.6,447.2,12.2,68.5,351.8,96.1,465.3,1845.3,3569.4,843.7,1769.7,1189.3,205.9,36.0,1041.6,1914.1,516.7,717.5,5454.6,4855.6,3189.1,1589.2,4491.8,5853.8,2597.1,2603.2,1855.9,2510.2,1108.4,3656.2,961.7,2562.9,1591.0,4859.0,7971.6,5319.5,1871.1,590.6
2026-10-04 20:45:00,867.7,300.6,1249.5,786.0,824.9,447.0,12.5,67.1,349.5,99.7,459.9,1838.3,4009.8,767.4,1751.2,1198.4,214.8,35.8,1036.0,1938.1,516.4,713.3,5469.0,4932.0,3160.9,1584.6,4485.3,5815.4,2596.9,2620.0,1854.4,2110.1,1103.2,3646.8,960.0,2593.8,1584.1,4892.1,7919.0,5331.5,1847.8,598.4
2026-10-04 21:00:00,852.6,297.2,1203.1,787.7,812.2,357.6,1.1,51.4,352.2,100.3,191.8,1806.9,3630.8,805.7,1685.4,1164.6,162.2,36.5,990.1,2008.9,489.3,713.0,5501.3,5014.9,3119.1,1685.8,4453.3,5877.2,2571.8,2625.1,1834.3,2245.4,1097.2,3367.1,944.5,2559.5,1549.9,4864.3,7807.6,5266.1,1801.9,545.5
2026-10-04 21:15:00,840.9,292.4,1162.8,778.0,798.7,358.1,1.3,51.1,348.0,99.0,171.8,1807.8,3649.2,813.8,1657.3,1121.6,162.8,36.7,977.7,2011.0,484.2,717.9,5412.8,4925.6,3098.4,1630.2,4435.8,5866.6,2569.2,2627.4,1831.2,2006.8,1085.6,3376.7,939.2,2591.8,1542.3,4834.9,7712.9,5262.9,1774.2,551.4
2026-10-04 21:30:00,827.1,287.6,1117.0,707.6,781.5,352.4,1.1,51.1,344.4,104.2,156.8,1819.6,3762.3,774.9,1671.9,1130.4,150.6,36.7,964.4,2050.7,479.6,729.1,5444.8,4944.7,3076.0,1594.1,4424.2,5855.4,2562.8,2639.0,1835.5,2004.5,1082.4,3371.2,940.1,2614.4,1535.5,4839.9,7672.3,5226.6,1753.2,556.8
2026-10-04 21:45:00,812.1,283.2,1071.9,626.3,764.1,353.3,1.1,51.1,340.4,40.1,151.4,1854.5,4649.0,769.1,1643.8,1141.5,144.2,35.0,962.2,2100.4,479.7,748.6,5438.8,4996.3,3057.5,1591.4,4401.3,5813.5,2559.4,2653.3,1836.5,1948.3,1077.2,3353.9,934.6,2627.8,1530.8,4845.5,7603.1,5247.8,1740.6,561.8
2026-10-04 22:00:00,800.6,263.4,1007.5,627.3,744.5,353.6,1.2,47.9,306.3,32.7,92.8,1818.2,3515.7,816.8,1559.6,1156.4,68.7,46.0,897.6,2203.3,452.4,748.5,5396.0,5136.2,3010.0,1670.3,4495.7,5686.9,2536.5,2670.5,1808.4,1962.2,1032.1,3241.3,937.0,2521.4,1514.6,4789.3,7519.5,5205.4,1684.3,551.5
2026-10-04 22:15:00,785.9,260.2,1202.0,608.1,727.0,352.6,1.5,48.0,304.9,39.0,76.3,1821.9,4352.5,759.6,1528.4,1162.4,77.5,46.2,894.6,2246.9,446.9,767.5,5384.8,5129.6,2980.8,1641.1,4478.8,5663.1,2531.0,2678.6,1804.9,1961.7,1025.6,3229.0,945.3,2525.8,1503.5,4846.0,7430.5,5172.2,1657.2,553.7
2026-10-04 22:30:00,774.8,256.4,1184.0,569.2,712.4,351.5,1.1,48.0,305.8,17.6,69.8,1822.3,4498.4,763.2,1528.1,1173.3,87.3,46.8,881.0,2289.4,441.3,786.2,5370.2,5097.7,2950.7,1641.1,4457.9,5618.2,2521.6,2686.2,1801.9,1938.9,1018.3,3202.5,940.1,2451.6,1491.9,4841.6,7346.0,5104.5,1646.3,556.6
2026-10-04 22:45:00,765.6,232.8,1168.1,554.4,697.8,350.3,3.9,47.2,307.6,17.6,68.9,1832.3,4493.1,778.4,1506.6,1174.8,87.1,47.1,874.9,2322.6,436.6,793.7,5326.9,5155.5,2922.3,1583.8,4435.0,5606.7,2516.7,2690.5,1801.0,1941.0,1008.4,3200.7,935.3,2434.7,1480.6,4828.2,7275.4,4978.6,1635.5,557.6
2026-10-04 23:00:00,788.4,239.0,1162.5,549.9,684.4,347.9,12.1,35.9,312.1,20.2,106.1,1833.0,4303.4,792.4,1407.5,1135.6,29.6,45.6,846.6,2096.3,422.9,759.7,5349.9,5215.3,2841.9,1641.6,4454.5,5620.5,2482.1,2637.9,1767.1,1944.0,988.7,3093.9,928.3,2292.1,1466.3,4704.3,7169.2,5120.4,1631.2,557.4
2026-10-04 23:15:00,782.4,226.2,1152.6,544.2,674.8,340.9,14.7,33.6,304.8,17.9,101.7,1819.7,4277.9,800.8,1377.7,1099.8,36.2,45.8,842.1,2105.7,422.2,753.0,5234.2,5119.0,2810.4,1646.3,4431.8,5576.2,2475.1,2643.8,1763.8,1942.5,982.1,3064.8,923.8,2286.1,1449.7,4677.6,7134.5,5075.4,1623.4,565.4
2026-10-04 23:30:00,774.0,231.6,1146.4,520.2,663.9,334.0,15.3,32.4,303.3,18.0,105.8,1815.8,4357.2,806.5,1400.2,1088.7,36.4,46.1,835.5,2115.7,422.4,758.7,5315.9,5212.8,2775.4,1646.1,4416.9,5503.8,2462.0,2643.8,1757.9,1945.0,971.5,3032.2,919.2,2276.4,1430.0,4631.7,7093.9,4994.0,1616.3,571.1
2026-10-04 23:45:00,766.5,222.5,1141.1,506.6,654.1,334.1,15.2,32.4,297.6,9.9,101.8,1819.5,4398.5,828.5,1389.0,1041.8,18.2,46.3,826.7,2152.5,423.5,747.1,5296.6,5257.0,2743.4,1556.3,4389.7,5395.2,2455.1,2645.2,1753.2,1948.0,960.5,3044.6,913.4,2158.5,1406.4,4610.0,7113.1,5005.4,1598.1,577.2
2026-10-05 00:00:00,820.7,219.6,1125.5,550.6,710.3,376.3,23.4,20.9,259.0,10.2,103.9,1807.0,4214.5,760.8,1217.7,848.4,148.7,53.9,795.1,2496.3,442.1,892.9,5094.2,5206.7,2684.9,1770.6,4314.7,4583.7,2445.9,2433.9,1723.6,1959.4,920.2,2467.1,923.8,2162.9,1491.1,4779.3,6987.9,5567.8,1451.3,686.2
2026-10-05 00:15:00,818.0,217.3,1115.6,536.8,708.0,377.5,23.4,20.7,256.4,13.6,88.6,1808.8,4191.0,766.8,1253.5,921.8,149.5,54.2,788.6,2525.5,442.4,910.6,5079.8,5203.7,2643.9,1771.4,4304.5,4755.6,2436.9,2416.6,1719.9,1962.9,912.6,2441.2,918.8,2149.0,1489.8,4762.7,6991.3,5559.6,1454.4,699.4
2026-10-05 00:30:00,829.0,215.0,1108.9,535.1,701.0,378.8,23.5,17.5,259.1,23.9,80.8,1829.7,4163.9,732.1,1218.2,952.4,142.6,54.1,787.7,2534.4,442.7,922.7,5104.5,5229.4,2627.7,1769.6,4288.4,4732.6,2427.4,2402.9,1718.9,1967.0,905.3,2428.4,920.3,2141.6,1490.2,4751.1,6909.2,5465.0,1457.2,711.3
2026-10-05 00:45:00,826.9,212.4,1100.1,521.6,696.2,379.2,23.4,17.7,253.9,25.4,70.7,1841.8,4315.1,771.2,1212.3,958.3,142.8,54.3,792.9,2532.8,445.6,935.2,5072.0,5212.8,2599.6,1767.4,4277.0,4701.6,2419.7,2390.8,1716.7,1967.8,894.8,2407.7,904.5,2132.0,1485.6,4729.1,6881.7,5425.1,1455.3,718.5
2026-10-05 01:00:00,843.9,216.4,1097.8,529.0,692.5,378.8,11.5,21.7,290.9,12.5,67.3,1833.6,4139.1,899.3,1169.5,957.6,109.3,67.4,883.9,2506.0,440.0,938.3,5135.7,5344.5,2545.9,1784.3,4293.4,4480.7,2400.7,2345.2,1695.4,1961.5,885.5,2396.8,916.1,2056.9,1466.0,4679.3,6836.6,5391.6,1437.7,734.4
2026-10-05 01:15:00,844.2,221.1,1093.3,512.4,684.0,378.0,11.8,21.6,303.8,7.0,63.8,1827.4,4129.2,950.9,1169.8,942.4,117.0,53.4,884.8,2532.4,444.2,942.5,5128.9,5354.8,2528.7,1753.0,4281.7,4438.7,2398.4,2346.3,1690.7,1961.4,878.2,2395.1,899.1,2046.2,1457.4,4648.1,6812.3,5362.5,1441.6,753.6
2026-10-05 01:30:00,841.0,208.5,1089.6,515.0,680.0,377.1,11.4,21.6,370.8,16.4,67.1,1856.6,4702.5,994.3,1188.0,970.1,111.5,67.8,882.5,2543.4,443.6,962.4,5121.3,5325.6,2509.1,1724.9,4271.6,4359.9,2393.0,2349.9,1688.3,1961.0,872.7,2392.8,909.7,2037.8,1456.9,4613.3,6800.0,5390.1,1424.9,765.6
2026-10-05 01:45:00,839.0,211.5,1084.4,504.2,679.0,376.7,11.7,21.2,370.4,15.1,62.0,1865.5,4772.5,932.9,1195.0,975.8,111.6,68.1,885.6,2550.1,446.3,967.8,5111.4,5364.4,2491.0,1724.8,4257.8,4312.9,2392.4,2355.7,1693.8,1961.6,866.2,2378.5,909.9,2031.1,1460.3,4579.1,6790.3,5405.0,1425.5,770.0
2026-10-05 02:00:00,795.7,229.3,1175.4,497.1,637.4,373.1,11.8,21.6,369.5,10.1,64.1,1850.7,4791.6,1038.8,1209.9,970.5,131.6,67.8,871.2,2501.8,432.8,975.3,5108.7,5357.0,2478.1,1723.2,3874.6,4183.2,2334.8,2359.5,1673.3,1967.5,856.0,2363.9,906.9,1943.6,1457.4,4501.8,6787.3,5411.0,1416.5,758.7
2026-10-05 02:15:00,795.4,221.4,1171.7,497.4,634.9,374.2,11.6,21.1,366.0,6.8,59.3,1847.4,4807.2,1063.7,1205.0,972.0,131.6,68.5,872.2,2471.0,435.7,656.6,5080.7,5300.0,2469.0,1721.6,3863.6,4249.1,2333.9,2364.3,1672.3,1968.2,853.0,2356.5,904.3,1938.8,1453.8,4457.2,6764.0,5411.8,1390.2,762.8
2026-10-05 02:30:00,792.3,209.0,1165.5,501.0,635.8,374.6,11.7,21.1,370.9,11.2,56.4,1861.2,4806.5,1077.8,1192.5,992.5,131.7,68.9,869.9,2431.8,435.0,889.2,5097.2,5327.6,2457.8,1720.2,3856.7,4208.1,2331.7,2367.3,1670.7,1969.0,848.5,2347.9,892.9,1940.7,1442.5,4411.3,6740.6,5412.3,1388.8,756.4
2026-10-05 02:45:00,784.6,209.8,1160.1,486.8,637.0,376.1,14.5,21.1,373.3,10.1,49.4,1857.6,4687.3,1171.7,1205.1,994.2,131.8,69.5,868.3,2429.2,430.6,688.0,5160.5,5413.9,2448.4,1705.2,3852.2,4227.6,2331.6,2370.9,1670.0,1970.0,845.7,2346.9,894.6,1945.5,1445.9,4356.5,6730.1,5410.4,1400.5,760.6
2026-10-05 03:00:00,786.8,210.8,1162.2,491.0,640.2,377.4,31.4,18.7,374.0,8.1,53.9,1868.0,4828.4,1340.2,1237.6,949.3,147.6,54.9,852.7,2317.5,424.3,704.6,5146.8,5417.2,2429.0,1758.8,3777.1,4080.0,2326.5,2279.9,1683.6,1973.5,841.3,2352.9,894.6,1914.3,1423.3,4278.4,6816.9,5584.0,1390.1,781.7
2026-10-05 03:15:00,790.0,213.0,1171.2,503.7,646.5,381.0,33.7,18.1,363.3,10.2,48.8,1879.3,5022.1,1364.6,1226.2,981.4,146.7,55.2,850.0,2311.5,419.9,722.9,5148.4,5429.9,2425.9,1756.9,3776.3,4085.8,2327.1,2280.4,1682.1,1974.8,840.0,2351.2,895.6,1932.9,1423.1,4251.4,6823.4,5586.9,1392.5,772.8
2026-10-05 03:30:00,794.7,222.8,1185.1,516.7,650.9,381.2,34.3,19.3,364.0,11.3,50.0,1882.6,5816.1,1383.4,1226.3,972.8,165.8,55.2,846.6,2291.5,416.5,744.6,5159.0,5429.9,2419.8,1749.3,3773.1,4108.8,2327.1,2283.1,1674.8,1976.4,838.8,2350.1,895.6,1942.2,1425.2,4223.0,6798.5,5570.3,1388.3,794.5
2026-10-05 03:45:00,795.9,242.7,1198.7,517.8,659.7,383.8,34.1,19.3,368.7,11.4,48.6,1874.5,5806.7,1393.3,1214.6,966.3,165.0,55.5,844.5,2274.8,416.8,761.7,5110.6,5379.9,2416.0,1746.8,3772.6,4098.4,2327.0,2284.4,1676.0,1977.5,834.0,2344.8,898.4,1951.4,1422.4,4200.2,6810.3,5575.6,1386.1,808.2
2026-10-05 04:00:00,807.8,221.8,1209.2,512.7,667.6,441.1,14.1,24.3,400.1,12.6,62.9,1878.5,5876.6,1405.9,1239.2,981.1,148.9,69.5,846.3,2520.0,408.7,795.2,5135.6,5433.2,2415.0,1696.3,4040.1,4101.2,2326.8,2303.5,1692.2,1973.8,831.5,2314.0,916.1,2060.4,1442.4,4143.5,6797.4,5584.8,1357.4,820.3
2026-10-05 04:15:00,814.8,236.2,1229.9,541.8,684.2,441.9,14.5,24.4,400.1,9.9,58.8,1872.8,5854.0,1441.3,1248.7,978.0,156.1,70.7,844.2,2504.8,406.7,808.5,5161.3,5438.1,2418.7,1696.3,4044.4,4096.2,2331.0,2305.8,1688.7,1975.4,830.5,2320.3,906.3,2069.7,1442.3,4123.5,6811.0,5601.4,1357.9,816.2
2026-10-05 04:30:00,830.3,260.8,1259.5,581.0,703.3,442.3,11.8,25.2,403.8,5.0,57.6,1867.8,5016.1,1482.5,1204.8,958.0,140.8,51.6,842.6,2454.9,407.8,725.6,5106.5,5368.8,2423.6,1695.2,4046.1,4125.8,2332.9,2315.3,1682.9,1976.4,830.3,2321.7,911.0,2069.8,1455.7,4107.7,6819.7,5663.2,1362.0,835.7
2026-10-05 04:45:00,848.0,267.7,1306.4,658.9,724.9,443.7,11.5,25.2,414.7,5.0,51.7,1865.7,4948.8,1505.4,1202.7,970.3,140.9,52.1,838.3,2467.3,408.5,792.1,5128.5,5446.5,2430.2,1694.1,4052.9,4115.8,2335.0,2313.6,1683.5,1977.1,830.7,2336.0,913.7,2064.5,1450.3,4094.0,6847.9,5656.8,1374.0,839.5
2026-10-05 05:00:00,853.7,236.0,1080.4,581.3,742.7,442.7,16.1,37.1,432.7,9.6,78.8,1818.6,4904.6,1468.8,1204.8,1017.0,111.6,51.9,844.9,2525.7,420.0,787.8,5359.7,5275.6,2466.7,1651.0,3937.1,4174.3,2350.8,2383.2,1696.1,2049.9,838.4,2334.1,935.6,2216.7,1460.6,4197.2,6811.3,5488.4,1403.7,839.9
2026-10-05 05:15:00,874.4,243.8,1144.5,600.0,772.6,442.7,12.8,38.8,437.8,8.4,80.3,1816.4,4881.4,1668.6,1191.7,1014.6,156.9,53.3,852.1,2401.2,423.5,810.2,5351.4,5403.2,2502.7,1640.2,3956.6,4041.8,2361.2,2389.7,1702.0,2051.1,844.2,2361.0,930.9,2290.9,1475.1,4182.7,6930.0,5527.0,1435.0,822.4
2026-10-05 05:30:00,887.6,301.0,1206.8,796.1,795.5,442.6,12.4,39.3,424.3,5.1,82.8,1812.6,4889.9,1716.9,1124.7,994.8,130.2,53.8,861.2,2497.7,427.7,825.5,5396.1,5398.9,2530.9,1656.5,3974.1,4090.5,2369.1,2389.9,1703.6,2052.8,850.3,2372.8,939.4,2289.5,1495.1,4173.7,7058.3,5538.0,1480.2,823.4
2026-10-05 05:45:00,902.4,308.8,1258.7,813.1,815.6,441.2,12.1,39.5,361.1,7.7,87.7,1808.2,4299.8,1920.9,1134.3,1000.1,127.2,55.0,871.4,2525.1,432.4,871.5,5444.0,5407.6,2576.5,1738.7,3993.3,4325.0,2388.3,2407.9,1708.3,2055.6,862.3,2367.9,938.4,2292.2,1517.0,4170.4,7182.7,5604.0,1514.7,851.5
2026-10-05 06:00:00,927.4,267.4,1323.8,730.9,850.5,600.4,38.7,26.1,383.3,12.6,101.5,1760.3,4575.8,1919.2,1235.8,1042.7,232.8,49.5,859.5,2724.1,462.5,922.9,5619.2,5412.1,2755.1,1602.6,3824.2,4110.9,2432.6,2332.6,1774.4,2086.6,889.9,2598.2,980.1,2394.2,1541.6,4695.4,7576.5,5549.0,1643.3,876.4
2026-10-05 06:15:00,947.1,316.3,1346.3,849.3,873.6,602.4,37.8,27.3,394.7,50.8,107.7,1761.3,4563.3,2621.7,1239.4,1061.9,231.1,52.0,869.0,2746.7,466.2,906.4,5628.8,5462.4,2823.7,1739.9,3850.0,4372.9,2461.0,2343.6,1783.0,2088.6,914.6,2594.0,982.3,2406.2,1581.7,4696.0,7754.5,5534.8,1702.7,879.0
2026-10-05 06:30:00,964.8,329.4,1343.6,959.6,879.8,607.5,37.1,28.9,414.2,102.6,120.8,1756.6,3884.7,2439.3,1220.9,1039.7,193.0,51.9,882.9,2729.4,480.0,898.4,5666.6,5495.8,2898.2,1741.9,3885.7,4444.4,2480.8,2351.1,1786.7,2092.4,933.1,2643.3,1006.5,2424.1,1628.9,4701.9,7939.1,5598.1,1750.4,879.7
2026-10-05 06:45:00,971.1,336.5,1362.8,1083.1,894.7,628.7,37.0,43.2,435.2,112.2,130.9,1730.9,3198.2,2233.9,1233.2,1046.0,198.3,52.9,897.9,2724.8,489.4,895.1,5689.4,5461.7,2970.6,1750.4,3911.4,4501.7,2515.9,2352.5,1780.8,2161.8,949.0,2688.6,1007.2,2447.8,1658.1,4717.9,8074.2,5581.3,1805.2,875.8
2026-10-05 07:00:00,967.2,394.3,1398.0,1239.2,914.9,661.4,37.0,38.8,461.7,14.9,166.0,1787.1,3431.4,2061.2,1337.3,1148.0,170.3,54.6,944.6,2835.9,507.4,810.0,5817.2,5354.4,3174.3,1776.5,4353.5,5169.2,2583.5,2337.2,1837.6,2322.0,961.0,2754.8,1024.4,2611.4,1703.6,4848.4,8375.2,5560.8,1904.9,894.3
2026-10-05 07:15:00,981.0,402.2,1402.6,1255.5,928.0,676.8,37.2,37.6,482.3,56.0,170.2,1788.3,3441.3,2101.3,1340.2,1192.9,137.2,57.2,949.8,2837.6,516.4,820.4,5843.3,5321.7,3230.2,1866.0,4385.5,5223.3,2603.8,2316.2,1847.5,2445.4,979.2,2763.7,1032.0,2638.4,1717.5,4840.6,8427.9,5620.6,1943.7,920.9
2026-10-05 07:30:00,986.9,402.6,1395.3,1232.8,941.9,695.3,37.0,39.1,502.9,104.9,198.6,1783.8,3447.6,2352.2,1368.9,1267.2,149.1,58.1,954.1,2909.5,518.8,846.8,5854.6,5280.9,3273.1,1866.0,4409.2,5269.9,2618.6,2301.7,1844.9,2555.5,987.9,2791.7,1035.1,2661.1,1726.4,4826.9,8498.8,5678.3,1952.1,928.3
2026-10-05 07:45:00,989.1,425.2,1382.9,1246.2,948.6,728.1,37.8,37.8,522.9,122.8,179.3,1782.4,3470.3,2507.3,1413.2,1285.7,146.3,60.6,967.5,2847.3,535.0,845.9,5862.2,5251.5,3312.2,1881.4,4412.6,5287.2,2641.2,2308.6,1856.0,2623.7,998.6,2813.7,1039.4,2679.2,1733.0,4816.0,8552.6,5642.6,1969.5,957.8
2026-10-05 08:00:00,996.5,412.4,1336.8,1236.9,945.5,621.9,34.0,30.9,533.5,95.1,192.9,1764.2,3749.2,2729.4,1599.9,1390.7,0.0,72.1,1047.3,2989.4,504.6,869.3,5923.8,5099.9,3367.5,2000.5,4435.2,6246.6,2658.6,2507.7,1892.1,2215.1,1014.0,2944.2,1032.0,2672.3,1795.2,4852.7,8665.2,5699.9,1974.3,950.7
2026-10-05 08:15:00,999.4,417.8,1300.6,1233.9,952.9,640.4,34.1,31.3,536.3,91.5,218.1,1765.4,3778.1,2666.2,1590.3,1334.5,20.4,68.4,1042.9,2874.1,500.1,840.6,5935.9,5071.5,3378.7,2007.3,4436.6,6257.9,2669.0,2503.6,1893.5,2274.3,1019.7,2972.5,1029.1,2678.6,1797.4,4826.2,8676.0,5692.5,1971.9,975.5
2026-10-05 08:30:00,1006.6,434.1,1255.1,1221.1,950.9,655.3,34.8,12.6,553.6,27.3,233.1,1777.6,3829.9,2558.2,1597.0,1303.6,19.4,67.7,1035.7,2713.8,495.0,840.5,5973.1,5034.0,3389.1,2012.4,4434.8,6274.4,2668.9,2505.3,1895.1,2381.4,1028.0,2967.1,1035.2,2679.7,1796.7,4812.1,8681.9,5653.1,1964.6,954.5
2026-10-05 08:45:00,1002.4,452.0,1204.2,1217.6,934.7,689.0,39.7,13.1,534.5,21.1,236.0,1792.4,5159.1,3158.1,1581.1,1246.2,33.8,88.3,1044.7,2509.9,502.7,815.1,5963.3,5011.8,3381.3,2006.8,4439.7,6280.6,2676.5,2495.5,1898.8,2400.4,1036.4,2983.3,1040.0,2674.8,1800.7,4792.3,8672.8,5587.9,1959.8,953.1
2026-10-05 09:00:00,988.5,449.1,1164.3,1073.4,923.9,786.3,54.0,45.9,490.3,105.4,259.5,1737.8,4224.3,3489.3,1495.4,1262.6,25.7,184.8,1004.4,2468.7,511.2,829.6,5908.6,5016.9,3393.6,2000.5,4514.7,6071.4,2681.6,2499.4,1911.2,2374.0,1039.1,3165.3,1048.0,2670.8,1788.4,4934.8,8702.3,5570.7,1921.7,880.2
2026-10-05 09:15:00,985.4,470.4,1122.9,1074.4,915.4,808.7,54.0,41.1,457.4,90.9,264.7,1756.0,5146.8,2990.0,1609.1,1460.9,26.6,154.7,1011.1,2438.7,505.2,803.6,5898.1,4996.6,3406.5,2000.5,4511.4,6039.7,2682.4,2515.2,1910.1,2332.8,1037.8,3163.0,1045.5,2649.5,1785.9,4929.3,8682.3,5545.6,1908.9,891.6
2026-10-05 09:30:00,977.6,473.1,1081.5,1069.2,911.1,826.1,54.1,40.8,419.1,27.7,282.8,1784.6,5181.4,2983.6,1669.1,1571.5,83.3,70.2,996.5,2482.3,505.1,814.1,5892.5,4976.6,3407.7,1992.2,4510.5,5696.1,2680.7,2546.4,1909.9,2328.0,1041.9,3142.0,1042.7,2619.3,1784.2,4922.5,8688.2,5552.3,1899.6,889.4
2026-10-05 09:45:00,990.2,460.7,977.4,1099.8,910.6,829.2,66.1,41.0,381.9,25.3,279.2,1806.7,5244.8,2849.5,1581.8,1626.2,86.4,69.8,994.3,2487.5,507.9,817.1,5892.7,4956.3,3390.4,1953.9,4582.0,5042.8,2684.7,2540.2,1911.4,2294.8,1024.6,3124.7,1051.8,2579.4,1788.2,4915.6,8708.2,5567.9,1888.0,899.7
2026-10-05 10:00:00,970.2,484.5,909.1,912.0,899.8,815.6,54.0,54.1,352.8,45.3,268.7,1814.6,5337.7,3055.3,1425.6,1548.3,43.2,107.3,1219.6,2611.0,515.8,838.2,5872.4,4901.7,3368.3,1978.1,4777.9,4859.1,2674.9,2664.5,1776.9,2165.8,815.1,2912.1,1031.4,2537.1,1656.0,4800.5,8601.2,5548.6,1874.5,897.1
2026-10-05 10:15:00,973.9,484.0,876.7,956.8,895.4,804.8,55.1,46.7,312.3,54.4,249.6,1835.9,6087.7,3146.4,1328.9,1422.6,38.3,109.3,1226.1,2621.8,511.1,862.9,5870.1,4896.5,3357.9,1967.2,4777.2,4397.5,2677.9,2657.4,1792.8,2128.6,804.0,2937.3,1025.3,2493.8,1650.9,4791.7,8579.4,5538.2,1856.3,907.4
2026-10-05 10:30:00,979.9,459.4,846.5,1007.6,893.1,798.7,55.5,49.5,282.6,74.8,249.5,1876.0,6952.8,3236.7,1258.4,1397.1,2.3,114.5,1231.0,2648.2,510.5,797.9,5950.2,4963.5,3346.5,1856.8,4774.4,3727.4,2673.7,2611.0,1790.6,2025.8,1056.1,3226.0,1021.2,2459.7,1642.6,4829.1,8553.2,5550.9,1833.0,914.7
2026-10-05 10:45:00,980.6,439.5,821.5,1061.4,906.8,769.0,57.8,50.7,253.7,67.5,224.7,1894.7,6999.1,3268.6,1199.7,1420.5,22.6,111.7,1243.4,2341.8,507.6,787.6,5949.3,4935.8,3337.0,1645.2,4764.4,3367.4,2674.9,2596.4,1798.6,2016.9,1048.3,3032.9,1008.2,2433.2,1626.5,4834.5,8563.9,5554.3,1814.0,922.8
2026-10-05 11:00:00,963.9,443.5,824.0,1109.8,878.9,673.4,44.0,56.0,226.4,105.6,206.1,1920.8,7088.8,3633.5,1363.4,1510.9,11.3,199.3,1229.3,2351.7,481.4,854.1,6021.5,4903.9,3325.1,1742.1,4566.6,2977.0,2657.2,2644.9,1882.0,2232.1,1069.7,2761.6,1004.3,2346.3,1640.5,4764.5,8509.5,5569.4,1785.9,944.6
2026-10-05 11:15:00,961.1,450.2,823.7,1146.4,876.3,672.9,44.0,50.0,219.2,74.9,204.1,1935.5,7093.9,3556.1,1298.1,1541.8,10.5,200.2,1246.9,2188.2,488.0,850.9,6012.5,4929.1,3316.1,1568.1,4564.3,2772.8,2656.3,2554.9,1891.2,2112.9,1046.5,2428.6,1002.0,2336.8,1666.4,4824.7,8471.0,5582.0,1769.5,963.0
2026-10-05 11:30:00,979.8,440.8,831.3,1189.0,890.3,662.5,44.0,54.4,193.5,80.1,213.6,1959.6,7064.4,3430.5,1253.8,1563.6,9.7,212.3,1259.6,2197.8,493.0,872.6,5999.9,4910.8,3310.3,1424.2,4563.8,2453.3,2652.4,2523.0,1906.0,2050.2,1043.1,2164.3,1002.2,2330.3,1656.6,4869.6,8455.4,5593.4,1764.2,976.1
2026-10-05 11:45:00,984.2,436.4,842.1,1183.4,904.9,600.0,44.0,55.7,160.1,82.3,223.7,1974.1,7153.1,3334.9,1217.1,1581.0,8.8,158.9,1267.1,2208.9,494.3,873.7,5980.9,4926.7,3317.8,1424.6,4564.3,2431.0,2653.9,2506.5,1907.1,2039.1,1039.7,2121.1,1001.2,2327.2,1642.1,4926.0,8499.0,5602.0,1757.2,986.5
2026-10-05 12:00:00,980.8,456.2,856.7,1214.2,888.2,733.2,88.3,48.5,118.2,152.4,222.1,1998.9,7130.1,3845.5,1379.4,1570.0,3.0,184.7,1224.1,2316.5,498.1,872.7,5929.8,4924.0,3308.8,1456.2,4309.7,2213.6,2637.0,2546.0,1885.4,2054.1,1052.8,2071.5,1000.4,2239.0,1602.5,4799.8,8587.3,5757.1,1737.1,1019.8
2026-10-05 12:15:00,998.5,442.7,870.4,1209.1,898.3,717.8,87.7,52.3,108.0,127.4,242.2,2011.0,7134.2,3736.0,1363.2,1538.4,2.6,167.3,1261.3,2308.8,499.5,867.9,5910.4,4942.3,3302.7,1412.0,4308.9,2111.5,2636.2,2495.0,1891.0,2013.8,1032.8,2065.6,1002.3,2241.7,1602.0,4885.3,8578.7,5773.7,1732.7,1026.4
2026-10-05 12:30:00,987.8,433.6,882.9,1244.9,917.9,676.8,104.2,52.6,107.6,135.3,236.4,2025.3,7152.5,3777.8,1337.6,1560.8,2.3,165.9,1266.3,2324.1,500.7,871.3,5891.8,4941.0,3297.3,1412.1,4311.7,2115.3,2631.3,2482.1,1899.6,2009.2,1030.7,1860.7,1000.7,2245.9,1606.7,4910.9,8616.9,5785.7,1740.1,1033.6
2026-10-05 12:45:00,990.2,433.2,895.4,1249.7,920.4,646.4,105.3,53.6,107.2,142.9,294.2,2031.8,7209.8,3774.6,1321.8,1540.7,1.9,135.5,1426.8,2151.0,495.5,857.0,5875.1,4978.0,3288.0,1411.7,4306.6,2126.2,2633.2,2480.2,1905.3,2006.7,1027.4,1860.5,1002.2,2250.8,1621.9,4993.7,8627.1,5705.8,1753.7,1039.5
2026-10-05 13:00:00,987.5,429.2,918.1,1230.3,921.5,654.7,44.5,42.9,86.0,251.5,349.9,2047.0,7399.2,3945.0,1625.0,1550.5,33.4,107.2,1527.9,1764.1,578.8,783.7,5841.2,5044.4,3256.3,1398.0,4165.6,2254.4,2626.7,2287.8,1897.2,2004.4,997.6,1987.7,992.6,2185.2,1629.8,4825.5,8569.3,5800.9,1802.5,1043.4
2026-10-05 13:15:00,985.7,425.2,924.7,1102.1,929.8,599.4,44.5,42.6,85.6,249.6,336.0,2050.7,7362.6,3968.1,1607.7,1546.9,32.7,132.4,1517.4,1692.0,583.4,767.9,5828.7,5033.4,3259.6,1397.8,4163.8,2254.8,2625.3,2353.8,1897.9,2000.5,998.8,2010.5,996.1,2203.0,1644.7,4866.8,8607.5,5724.7,1804.6,1044.3
2026-10-05 13:30:00,982.7,425.4,938.6,1090.8,929.0,591.7,44.5,43.1,86.0,190.2,329.7,2056.2,7351.5,3978.5,1593.2,1567.6,32.1,128.6,1516.5,1694.7,585.0,753.2,5814.4,5096.8,3254.2,1397.5,4164.2,2254.4,2622.1,2293.4,1900.0,2001.7,1000.8,2006.3,996.2,2220.9,1650.7,4906.7,8574.1,5733.7,1809.1,1046.2
2026-10-05 13:45:00,976.1,425.0,944.0,1079.0,926.2,588.7,44.6,43.5,85.6,171.7,324.7,2056.8,7275.8,3990.4,1629.7,1575.5,31.8,128.8,1516.3,1679.6,585.1,753.6,5811.0,5150.5,3255.2,1397.4,4157.2,2254.4,2623.6,2291.7,1899.5,2002.3,994.8,2009.5,996.1,2243.1,1653.9,4972.6,8594.5,5741.5,1810.1,1047.4
2026-10-05 14:00:00,985.7,427.4,1068.2,1189.0,936.4,606.1,84.9,48.7,96.2,145.3,343.6,2054.2,7252.3,4139.9,1612.4,1536.4,5.0,192.4,1407.2,2195.0,522.3,814.3,5830.1,5263.5,3264.8,1412.2,4184.6,2279.4,2623.6,2225.1,1901.4,2016.2,1005.5,2029.7,994.6,2283.5,1650.4,4966.1,8489.5,5630.5,1779.1,1038.1
2026-10-05 14:15:00,984.1,420.3,1094.4,1143.7,935.9,585.3,84.5,48.9,96.2,143.2,332.0,2053.5,7175.8,4159.8,1598.2,1564.7,5.0,184.5,1402.2,2492.7,514.5,811.7,5828.1,5289.9,3262.5,1411.7,4176.8,2278.5,2625.5,2347.5,1900.0,2025.8,1006.4,2047.4,996.0,2320.3,1653.7,4991.1,8447.9,5629.7,1773.7,1040.1
2026-10-05 14:30:00,987.4,410.0,1118.9,1067.5,937.9,584.0,86.5,53.0,95.8,122.5,335.7,2048.7,7129.5,4120.4,1608.9,1558.8,5.0,184.5,1238.7,2553.1,513.1,836.9,5815.3,5334.0,3263.1,1412.2,4171.2,2276.3,2624.3,2363.1,1898.2,2036.5,1003.5,2055.1,998.0,2366.0,1646.2,5042.8,8413.8,5633.4,1768.9,1038.4
2026-10-05 14:45:00,983.2,387.7,1140.2,961.6,937.5,577.3,84.0,70.5,109.5,129.8,312.7,2045.1,7047.7,4241.1,1643.3,1562.2,5.0,185.0,1213.9,2613.7,509.1,859.6,5811.6,5393.5,3270.1,1411.6,4171.5,2309.1,2626.1,2383.0,1900.3,2037.9,1007.1,2060.7,996.5,2419.2,1636.3,5052.0,8392.1,5611.0,1769.0,1044.0
2026-10-05 15:00:00,978.1,409.6,1165.4,1048.3,981.8,476.1,64.3,67.7,119.5,131.1,200.6,2028.2,6896.8,4141.8,1410.1,1508.0,5.0,183.2,1493.6,2564.9,520.4,868.4,5868.0,5471.8,3271.0,1412.2,4339.6,2251.0,2633.5,2350.8,1928.2,2019.2,1035.2,2037.8,1024.1,2394.9,1625.8,5194.4,8413.8,5618.7,1776.9,1016.3
2026-10-05 15:15:00,973.9,399.0,1190.1,938.6,982.5,471.0,64.0,69.6,137.1,147.4,191.5,2021.1,6808.8,4140.4,1427.5,1521.9,5.0,205.1,1333.8,2677.5,512.2,876.5,5880.3,5529.1,3278.2,1411.7,4340.7,2250.1,2634.6,2372.8,1931.1,2003.5,1035.5,2247.0,1028.4,2461.3,1615.1,5141.2,8396.8,5625.5,1780.6,1016.6
2026-10-05 15:30:00,973.4,337.1,1215.1,871.2,982.5,462.6,64.3,67.5,148.7,116.9,191.4,2005.2,6788.3,4264.9,1477.1,1473.8,5.0,216.0,1297.5,2845.6,507.2,880.8,5884.6,5581.8,3283.0,1415.8,4330.4,2415.9,2634.2,2397.9,1935.4,1991.0,1057.4,2252.3,1028.7,2528.7,1609.2,5250.8,8405.7,5519.4,1776.3,1011.9
2026-10-05 15:45:00,970.9,330.0,1238.9,896.7,990.1,454.6,64.1,77.1,156.8,116.7,168.6,1993.6,5672.3,4151.5,1522.6,1472.8,5.0,221.4,1296.1,2837.8,501.7,882.7,5905.1,5528.7,3281.9,1491.9,4321.6,2757.0,2637.8,2416.6,1931.1,1979.3,1061.7,2297.3,1030.9,2595.6,1607.7,5306.2,8421.9,5443.2,1771.0,1008.7
2026-10-05 16:00:00,972.7,330.3,1274.2,1080.4,995.1,545.2,18.2,81.2,209.1,57.5,231.1,1964.9,5735.4,3660.5,1485.1,1520.7,135.7,71.1,1165.8,2780.1,530.2,792.9,5985.9,5521.9,3309.0,1439.8,4318.3,2910.5,2644.8,2449.7,1937.2,1966.6,1042.6,2077.9,1054.4,2478.9,1620.9,5119.8,8461.7,5610.0,1777.2,1013.8
2026-10-05 16:15:00,976.9,331.5,1303.6,1063.7,1003.2,540.6,1.1,80.6,221.6,69.5,208.4,1946.4,5619.7,3914.4,1504.4,1477.8,164.6,11.4,1161.8,3050.1,520.9,837.2,6006.6,5565.4,3310.0,1445.7,4310.4,3294.8,2645.9,2469.7,1933.1,1962.9,1053.6,2400.8,1057.6,2518.4,1626.7,5438.8,8480.3,5271.8,1773.9,1007.2
2026-10-05 16:30:00,972.2,327.3,1333.3,998.5,1011.4,538.3,1.0,83.0,227.3,49.2,210.6,1921.0,5289.9,3703.6,1593.1,1532.2,156.3,54.0,1168.4,2914.9,521.2,850.1,6051.7,5666.1,3320.8,1448.1,4321.2,3846.0,2642.2,2472.6,1930.6,1955.1,1073.5,2619.7,1060.3,2533.5,1635.2,5465.0,8516.2,5319.5,1787.0,1004.4
2026-10-05 16:45:00,976.4,266.6,1353.6,978.0,1009.7,534.6,1.0,82.9,242.5,92.5,204.8,1904.2,5128.4,3511.0,1743.1,1660.7,156.7,25.7,1174.0,2909.7,513.6,988.8,6085.0,5746.3,3331.2,1478.9,4313.9,3972.5,2641.5,2473.8,1929.3,1947.3,1077.7,2757.3,1063.4,2554.4,1647.4,5489.8,8572.2,5362.5,1804.3,998.7
2026-10-05 17:00:00,1007.2,240.8,1266.4,935.6,954.5,558.1,46.9,46.2,255.2,54.4,154.7,1885.5,5099.3,3038.3,1681.2,1684.3,114.4,80.1,1155.1,2998.0,564.4,1022.4,6192.8,5870.9,3336.6,1503.3,4367.0,4188.4,2635.9,2435.0,1925.1,1943.2,1053.9,3303.8,1064.7,2310.1,1658.1,5555.4,8729.2,5540.5,1838.6,1016.5
2026-10-05 17:15:00,1002.4,240.8,1293.1,943.7,955.6,557.5,37.0,50.8,281.0,38.9,158.7,1863.1,5089.6,2935.8,1787.5,1639.4,113.1,79.7,1152.5,2997.7,561.9,1042.3,6198.1,5989.0,3343.0,1562.9,4282.0,4507.2,2637.3,2408.6,1923.8,1949.2,1054.0,3327.2,1065.0,2204.0,1668.0,5560.8,8762.0,5601.5,1840.1,1021.5
2026-10-05 17:30:00,1011.8,241.2,1309.1,951.7,956.9,558.1,37.0,50.4,320.1,29.8,171.7,1811.4,5095.3,2708.8,1760.6,1475.6,86.6,81.1,1150.9,2989.1,565.8,1061.9,6217.6,5985.8,3344.8,1736.7,4281.3,5111.4,2633.4,2400.6,1924.2,1954.9,1055.2,3308.9,1066.6,2206.2,1681.5,5550.4,8796.6,5621.0,1855.8,1026.9
2026-10-05 17:45:00,1020.1,253.9,1327.9,990.8,956.1,561.8,37.0,47.8,355.5,35.1,201.9,1788.0,4656.1,2575.8,1715.8,1288.5,82.1,66.4,1151.5,2988.6,560.3,1060.8,6240.1,5921.3,3344.7,1807.9,4278.6,5492.6,2631.8,2391.1,1924.4,1959.9,1060.0,3318.5,1068.8,2209.4,1687.3,5568.0,8850.6,5662.3,1871.4,1032.8
2026-10-05 18:00:00,1021.7,248.4,1345.8,1011.1,961.7,565.3,22.3,13.5,385.2,8.9,206.5,1766.1,5433.5,2384.2,1696.2,1149.6,110.6,64.8,1187.9,3162.1,610.7,1048.4,6507.5,6098.4,3341.6,1852.5,4359.9,5932.9,2630.6,2380.1,1928.4,1935.2,1062.7,3268.0,1071.0,2403.1,1678.1,5555.9,8870.7,5515.9,1875.6,1068.8
2026-10-05 18:15:00,1033.2,249.8,1367.9,1037.5,965.0,574.4,21.0,14.4,406.7,48.1,202.4,1745.2,4178.3,2322.2,1897.1,1286.0,109.2,64.2,1176.4,3178.9,595.9,1071.8,6538.3,6116.5,3356.6,1878.3,4361.7,5993.9,2631.2,2379.4,1929.1,1937.7,1062.6,3264.5,1074.6,2405.7,1678.8,5582.6,8870.5,5457.2,1864.9,1081.5
2026-10-05 18:30:00,1025.4,263.7,1385.2,1044.0,977.3,575.8,24.0,14.5,422.0,43.4,245.7,1734.7,4124.4,2424.7,1926.9,1273.5,118.7,63.3,1177.4,3147.5,588.9,1072.3,6561.4,6170.5,3349.1,1878.2,4370.2,5997.4,2627.4,2378.9,1929.2,1939.9,1065.3,3262.8,1076.0,2409.8,1665.5,5603.8,8881.9,5437.5,1869.8,1098.2
2026-10-05 18:45:00,1023.1,323.8,1385.8,983.8,979.7,576.6,21.0,18.2,429.8,79.9,249.9,1720.2,4142.7,2533.4,1932.4,1312.2,113.2,62.8,1172.9,3113.9,591.1,1070.4,6564.5,6255.9,3365.1,1879.1,4374.9,6011.9,2630.7,2378.2,1930.7,1940.8,1062.2,3267.2,1075.0,2414.5,1666.1,5630.8,8882.0,5421.5,1867.7,1105.5
2026-10-05 19:00:00,1022.1,337.1,1369.0,938.2,978.7,561.4,5.0,53.8,429.3,5.4,622.8,1802.3,4130.7,2403.3,2002.9,1345.6,101.1,92.1,1186.4,3237.1,551.2,1135.7,6505.7,6412.3,3369.9,1874.1,4423.4,6027.9,2637.1,2421.0,1934.9,1950.1,1072.4,3285.5,1071.9,2174.1,1647.4,5610.1,8825.9,5302.6,1860.8,1114.6
2026-10-05 19:15:00,1015.7,341.9,1356.2,937.4,974.5,534.1,3.3,54.8,426.4,10.9,619.4,1792.0,4113.8,2587.2,1976.9,1357.5,100.7,93.2,1182.1,3278.0,548.3,1140.0,6484.3,6461.2,3376.2,1874.2,4423.4,6030.5,2640.0,2423.7,1934.9,1947.8,1073.9,3289.2,1069.0,2172.3,1638.3,5599.1,8811.4,5282.0,1855.5,1129.8
2026-10-05 19:30:00,1010.9,346.5,1337.2,904.7,966.3,530.1,3.3,54.1,419.8,83.9,610.3,1792.9,4084.8,2758.2,1913.6,1428.6,84.0,94.0,1184.0,3032.4,575.0,1121.8,6464.3,6529.3,3367.8,1874.2,4429.6,6026.6,2637.6,2429.2,1937.5,1945.1,1074.1,3285.4,1064.9,2168.0,1633.8,5621.9,8799.9,5282.9,1868.1,1099.5
2026-10-05 19:45:00,1001.9,351.3,1314.6,863.6,956.3,524.9,3.3,53.1,419.4,77.3,614.3,1789.9,4099.7,2493.5,1898.0,1426.3,84.6,93.4,1177.9,3001.9,557.8,1115.2,6436.7,6577.6,3362.6,1873.1,4421.1,6013.8,2641.6,2437.9,1936.8,1949.6,1074.7,3282.3,1060.0,2161.2,1630.9,5584.2,8784.6,5263.6,1855.2,1105.4
2026-10-05 20:00:00,995.1,307.0,1274.1,842.8,939.9,525.3,12.5,33.3,461.6,89.5,295.0,1748.2,3962.4,2570.0,1698.1,1431.9,58.0,98.7,1067.7,2976.7,588.6,1080.7,6246.2,6674.0,3352.8,1837.2,4284.2,5886.9,2635.6,2477.7,1922.5,1820.4,1072.1,3261.8,1051.8,1958.7,1655.1,5674.8,8608.0,5100.0,1796.6,1118.0
2026-10-05 20:15:00,996.1,276.1,1245.3,839.2,926.2,518.3,12.5,30.0,461.1,0.8,313.6,1750.0,4004.3,2384.7,1702.8,1318.5,61.9,98.5,1059.6,2965.4,582.6,1082.7,6206.0,6625.0,3337.4,1804.2,4267.5,5883.4,2634.0,2481.3,1918.8,1821.8,1066.9,3259.1,1048.2,1948.5,1649.7,5599.6,8535.5,5056.9,1770.0,1120.8
2026-10-05 20:30:00,980.2,248.3,1208.1,816.1,928.8,518.7,13.1,30.0,455.7,5.9,292.8,1743.1,3990.0,2367.2,1705.6,1329.9,53.4,99.2,1054.6,2973.3,576.3,1092.1,6177.5,6574.4,3328.4,1792.9,4261.0,5837.3,2629.8,2495.8,1916.1,1822.9,1066.7,3252.5,1043.8,1945.9,1636.9,5468.0,8456.4,5079.7,1745.6,1127.0
2026-10-05 20:45:00,951.0,250.9,1172.9,747.2,912.0,522.8,13.9,30.0,447.8,1.1,285.4,1738.5,4015.8,2381.3,1699.3,1307.5,55.6,100.5,1051.4,2966.4,570.5,1093.7,6126.8,6480.3,3295.2,1792.8,4250.9,5818.7,2624.9,2511.3,1923.7,1824.5,1062.7,3229.8,1040.5,1947.4,1625.4,5409.5,8382.3,5005.8,1719.4,1133.8
2026-10-05 21:00:00,944.3,261.0,1126.6,750.6,891.1,472.6,10.0,41.1,434.8,63.7,209.7,1719.9,3838.0,2451.2,1658.1,1260.8,3.2,105.7,1045.7,2891.4,552.9,1099.9,6101.9,6483.7,3235.3,1808.9,4314.9,5610.9,2605.6,2586.0,1894.8,1834.5,1049.6,3136.3,1037.9,1906.6,1649.8,5577.1,8221.3,4789.8,1695.1,1153.4
2026-10-05 21:15:00,926.4,255.6,1092.8,755.7,882.2,477.0,10.5,41.0,425.0,9.7,203.0,1721.6,4556.2,2455.4,1650.7,1246.3,19.5,104.1,1039.5,2878.4,547.3,1101.8,6118.6,6416.4,3211.1,1808.8,4296.2,5588.6,2602.1,2597.5,1891.5,1830.4,1042.3,3121.1,1034.5,1915.6,1631.2,5419.6,8126.6,4797.5,1661.7,1155.0
2026-10-05 21:30:00,902.9,258.1,1052.3,747.1,875.0,479.0,10.6,41.0,418.1,60.8,188.1,1738.0,4842.4,2469.7,1668.6,1252.8,19.9,124.4,1034.1,2869.2,532.4,1102.5,6111.0,6327.3,3185.0,1762.8,4287.0,5525.5,2593.0,2607.4,1889.6,1834.1,1038.3,3114.4,1026.7,1918.9,1612.5,5272.7,8024.4,4798.7,1637.2,1156.8
2026-10-05 21:45:00,883.2,260.3,1020.5,743.3,855.2,480.0,14.6,40.7,414.3,5.6,181.7,1745.3,4876.4,2510.4,1653.4,1211.3,19.9,124.8,1029.0,2854.3,525.5,1092.7,6091.8,6242.0,3161.6,1755.0,4262.9,5405.7,2589.9,2635.6,1886.6,1843.2,1026.4,3081.9,1019.8,1915.7,1590.0,5154.1,7971.4,4799.4,1604.1,1158.1
2026-10-05 22:00:00,862.2,237.0,1006.3,713.2,822.8,481.0,11.5,8.7,389.3,30.4,128.0,1735.5,4651.6,2318.5,1576.8,1205.2,100.9,33.4,1048.5,2793.3,504.5,1109.8,5921.8,6159.7,3103.8,1769.8,4323.2,5246.4,2565.7,2724.2,1853.2,1835.6,1011.2,2953.6,1005.9,1780.3,1498.0,5135.9,7778.1,4666.5,1541.6,1141.9
2026-10-05 22:15:00,847.4,220.7,986.1,711.8,807.6,481.2,14.0,7.1,385.5,25.7,120.0,1740.0,4660.1,2285.3,1568.9,1195.0,101.3,33.9,1044.1,2774.9,488.1,1101.0,5856.9,6037.0,3071.2,1755.3,4298.9,5152.9,2559.6,2746.0,1849.6,1833.7,1000.5,2933.3,997.5,1780.8,1558.9,4904.5,7672.4,4782.6,1510.7,1143.3
2026-10-05 22:30:00,832.6,210.6,962.8,713.8,800.1,480.5,14.8,7.2,380.5,28.7,108.3,1742.7,4693.1,2245.6,1577.1,1184.7,101.6,36.2,1042.0,2760.6,482.8,1098.3,5791.8,5916.3,3036.7,1651.4,4273.4,5114.2,2549.0,2740.0,1845.8,1834.4,993.0,2947.2,989.3,1782.2,1540.7,4645.8,7592.4,4789.6,1495.7,1145.3
2026-10-05 22:45:00,817.9,204.9,941.1,713.6,780.7,479.8,15.7,7.2,376.1,23.4,106.8,1735.8,4719.9,2253.4,1597.7,1181.1,92.2,47.1,1052.1,2742.2,476.0,1087.3,5739.0,5811.6,3003.7,1661.5,4249.0,4997.2,2542.8,2753.4,1845.9,1832.1,984.6,2922.2,983.1,1781.3,1526.0,4474.9,7526.7,4804.0,1472.6,1141.6
2026-10-05 23:00:00,802.1,193.7,1136.8,671.1,763.1,478.3,24.2,6.0,366.3,11.8,140.2,1756.9,4510.8,2291.0,1425.4,1137.3,85.1,53.1,999.5,2694.2,453.5,1086.9,5526.6,5803.6,2897.5,1788.4,4195.2,4750.6,2502.6,2748.6,1811.5,1857.3,963.8,2809.6,976.0,1795.8,1511.0,3938.0,7336.5,5058.5,1439.3,1133.5
2026-10-05 23:15:00,791.4,195.5,1121.7,670.2,752.1,476.1,25.6,5.6,358.4,5.0,155.8,1741.0,4511.3,2217.1,1427.4,1108.7,85.1,56.6,1020.8,2656.5,453.0,1084.1,5495.2,5774.9,2856.5,1798.2,4176.9,4642.5,2493.2,2751.7,1811.0,1786.6,956.4,2797.6,970.4,1796.7,1499.1,3805.2,7257.3,5092.4,1418.4,1135.7
2026-10-05 23:30:00,783.2,195.1,1094.0,668.2,740.7,475.4,25.6,4.8,354.5,5.0,152.9,1741.4,4513.9,2201.1,1428.0,1109.9,85.1,56.5,1029.2,2631.8,452.8,1080.1,5453.5,5719.8,2816.5,1753.8,4162.4,4626.9,2480.7,2749.3,1799.5,1770.9,946.4,2787.7,968.4,1781.3,1490.3,3774.6,7180.5,5091.4,1408.2,1133.1
2026-10-05 23:45:00,778.9,167.2,1081.1,674.7,730.4,475.5,26.4,6.2,346.4,5.0,144.0,1745.5,4526.5,2194.0,1463.7,1111.0,85.1,56.3,1046.6,2607.7,457.8,1072.6,5415.6,5615.8,2778.8,1762.8,4143.9,4607.8,2470.8,2751.6,1820.8,1772.1,939.5,2773.3,963.9,1782.2,1481.5,3776.2,7117.7,5132.1,1392.0,1129.0
2026-10-06 00:00:00,806.5,185.3,864.0,762.4,751.5,294.4,21.4,31.1,358.7,15.0,98.0,1765.0,4202.1,2592.7,1275.4,1005.1,62.7,107.2,1156.7,2462.8,468.5,1028.6,5380.8,5307.0,2760.6,1812.3,4387.6,5473.4,2401.8,2785.5,1794.4,1529.1,959.8,2697.1,982.3,1983.7,1582.1,3869.0,7038.5,5247.3,1406.0,1133.4
2026-10-06 00:15:00,806.2,135.3,856.8,765.2,741.8,295.3,21.0,31.6,337.3,15.0,95.3,1767.6,4037.2,2589.9,1296.7,1026.9,63.1,106.8,1165.7,2425.5,477.4,1028.0,5347.6,5253.8,2731.1,1816.8,4374.4,5436.5,2392.9,2787.6,1788.8,1525.6,949.9,2678.4,980.0,1984.5,1586.2,3883.5,6979.9,5267.2,1389.7,1128.7
2026-10-06 00:30:00,830.0,135.4,847.8,768.9,731.3,296.7,21.4,30.4,339.2,15.0,83.0,1772.4,4034.4,2549.7,1277.7,1034.5,44.5,106.6,1172.3,2394.6,487.5,978.1,5333.4,5189.5,2713.2,1810.4,4360.1,5577.3,2383.9,2788.2,1787.5,1521.9,944.4,2667.1,978.7,1985.8,1582.2,3895.4,6915.7,5216.0,1384.0,1130.2
2026-10-06 00:45:00,765.4,133.5,842.4,773.6,724.8,298.4,21.4,29.6,334.4,15.0,64.4,1774.8,4045.4,2518.2,1330.7,1033.8,44.6,126.4,1178.0,2360.5,485.9,975.9,5341.2,5110.6,2685.9,1816.8,4350.9,5432.3,2371.7,2793.8,1784.0,1518.3,934.6,2638.8,969.9,1986.7,1572.6,3903.5,6922.9,5223.3,1374.5,1124.8
2026-10-06 01:00:00,796.7,133.5,847.8,770.6,722.5,298.2,22.4,20.6,366.2,5.0,82.2,1769.9,3958.5,2341.8,1253.1,1022.7,12.5,154.6,1068.6,2218.5,474.8,1023.7,5367.1,4866.8,2639.9,1814.3,4242.4,5460.0,2346.2,2800.1,1756.8,1514.1,920.3,2648.9,972.9,1959.6,1554.2,3935.3,6947.2,5642.4,1366.7,1112.5
2026-10-06 01:15:00,792.1,133.6,1065.5,767.1,715.9,298.3,22.0,21.1,392.1,5.0,69.7,1771.9,3992.0,2296.8,1247.0,1024.1,12.5,154.3,1074.0,2182.1,479.8,1022.1,5345.8,4963.8,2623.8,1820.9,4234.1,5431.5,2342.0,2804.8,1752.9,1514.7,914.4,2636.2,966.1,1960.6,1544.7,3937.6,6919.6,5670.7,1359.2,1112.3
2026-10-06 01:30:00,787.0,133.6,1059.2,764.0,710.2,297.5,22.1,21.0,402.5,5.1,68.4,1776.0,4029.4,2231.6,1241.3,1014.7,22.5,154.0,1079.0,2116.9,486.0,971.2,5330.3,4892.7,2602.0,1814.3,4232.8,5418.9,2337.2,2805.0,1751.0,1515.3,909.1,2625.1,969.1,1960.8,1540.4,3935.1,6899.8,5680.8,1351.6,1107.5
2026-10-06 01:45:00,766.4,133.6,1063.8,761.8,705.1,293.7,22.0,21.0,435.5,11.5,60.6,1798.9,5124.2,2018.7,1243.7,1042.7,12.5,153.6,1078.6,2086.5,482.2,1016.9,5314.0,4895.8,2584.4,1820.8,4228.3,5395.5,2332.2,2807.3,1754.9,1515.8,903.3,2610.5,966.0,1959.7,1538.2,3931.8,6897.6,5638.2,1348.0,1108.3
2026-10-06 02:00:00,761.2,175.2,1368.5,773.7,647.5,293.3,21.4,29.6,456.7,16.1,120.6,1810.0,5640.4,2129.6,1286.5,1011.8,88.9,132.7,1153.6,1831.8,480.0,990.4,5242.4,4973.2,2553.9,1826.1,4284.0,5307.2,2317.1,2818.2,1738.3,1543.7,896.8,2636.3,964.9,1967.8,1530.6,3920.8,6878.9,5668.2,1344.4,1096.4
2026-10-06 02:15:00,749.0,161.2,1370.0,774.5,644.2,292.5,21.0,30.0,449.8,15.1,116.0,1816.9,5777.3,2066.4,1283.3,1003.6,88.9,132.4,1155.5,1804.7,487.6,983.9,5286.0,5019.9,2547.0,1833.6,4279.0,5294.7,2314.8,2823.9,1736.5,1545.4,893.5,2621.6,963.2,1968.7,1526.4,3917.2,6903.8,5665.3,1345.2,1093.9
2026-10-06 02:30:00,732.2,145.2,1369.7,770.9,644.2,295.0,21.0,30.2,453.8,17.6,114.0,1824.9,5746.2,2022.7,1293.1,1004.6,89.0,132.0,1155.4,1748.8,482.7,977.8,5270.2,4994.4,2536.5,1827.3,4274.3,5286.3,2311.0,2826.6,1734.4,1547.7,889.4,2612.9,957.2,1969.0,1521.0,3920.2,6841.6,5557.6,1337.4,1089.8
2026-10-06 02:45:00,730.5,142.3,1373.6,775.4,645.1,296.5,23.8,29.7,458.5,18.9,103.8,1830.2,5843.4,2005.1,1300.7,1012.1,88.9,131.6,1158.3,1717.1,478.8,971.9,5291.8,5028.0,2527.2,1833.7,4271.5,5276.3,2309.5,2827.8,1732.6,1549.8,887.1,2601.2,957.9,1969.3,1520.9,3922.6,6831.0,5514.7,1337.8,1088.2
2026-10-06 03:00:00,751.2,134.0,1373.0,740.8,629.8,346.2,21.1,27.4,461.1,16.5,141.3,1841.9,5168.8,1949.8,1296.7,1018.1,90.4,131.3,982.2,1653.8,480.6,994.2,5322.4,5092.2,2511.4,1830.7,4344.9,5249.9,2298.9,2842.6,1730.4,1537.2,880.3,2603.6,957.9,1943.0,1523.3,3924.2,6699.8,5369.2,1340.8,1075.2
2026-10-06 03:15:00,733.6,133.9,1380.4,736.7,635.6,346.4,24.1,26.5,453.0,17.4,138.1,1854.3,5194.5,1884.2,1294.5,1017.7,90.5,130.6,990.5,1611.6,488.0,988.0,5334.3,5145.3,2507.5,1836.7,4342.4,5240.2,2298.0,2846.5,1729.8,1538.0,879.4,2597.6,957.6,1943.6,1523.0,3924.7,6688.6,5333.1,1331.1,1068.5
2026-10-06 03:30:00,733.9,136.9,1377.8,731.8,637.4,345.4,23.9,28.4,456.5,18.1,138.4,1859.2,5146.9,1851.7,1255.9,1014.5,90.7,130.1,989.4,1564.9,489.6,982.4,5347.7,5194.6,2502.1,1831.7,4340.9,5244.6,2294.6,2849.3,1728.6,1538.2,880.8,2589.6,958.6,1944.1,1524.9,3927.0,6680.4,5265.4,1335.4,1064.8
2026-10-06 03:45:00,736.9,150.9,1375.3,731.7,650.3,344.9,21.0,28.8,460.3,21.0,138.5,1860.7,5189.6,1840.6,1246.0,1023.6,90.8,129.4,994.9,1532.1,483.9,976.9,5363.5,5233.9,2495.0,1838.0,4342.8,5239.2,2296.8,2854.1,1728.9,1538.0,877.1,2579.0,959.2,1944.9,1527.9,3915.9,6679.5,5242.8,1328.7,1055.4
2026-10-06 04:00:00,756.9,148.3,1396.4,728.9,657.0,400.1,32.7,9.5,453.4,16.6,114.3,1843.3,4559.7,1712.5,1178.3,1029.2,102.8,78.7,984.6,1496.4,496.4,969.3,5433.0,5281.5,2498.7,1829.3,4191.8,5304.8,2299.0,2844.4,1731.9,1537.2,874.9,2513.8,969.6,1929.4,1540.3,3900.1,6707.9,5361.0,1331.6,1041.0
2026-10-06 04:15:00,762.6,134.3,1198.3,714.6,670.6,398.2,32.7,9.5,450.8,24.2,108.8,1815.6,4459.2,1651.5,1148.2,1041.8,92.9,78.1,983.8,1474.0,482.1,961.1,5468.6,5283.2,2505.4,1835.7,4193.2,5316.0,2299.9,2851.4,1740.1,1534.7,877.0,2503.0,965.5,1930.3,1539.4,3927.7,6717.3,5225.9,1340.0,1031.7
2026-10-06 04:30:00,774.2,134.1,1234.8,706.5,686.5,397.3,30.1,10.7,388.7,15.8,104.9,1834.0,4431.4,1613.9,1108.2,1026.0,92.7,57.5,984.8,1433.5,479.1,950.6,5518.9,5295.0,2511.1,1829.1,4200.3,5333.7,2301.7,2857.6,1734.8,1532.0,874.0,2499.0,969.7,1929.0,1540.6,3950.4,6731.9,5348.3,1338.7,1027.3
2026-10-06 04:45:00,791.3,141.3,1281.3,705.1,703.2,396.4,30.5,10.2,379.1,17.2,97.4,1829.7,4463.7,1606.8,1074.8,1021.0,92.4,56.9,986.5,1413.7,476.7,953.3,5576.3,5303.9,2518.3,1835.5,4203.6,5347.3,2304.2,2857.9,1734.6,1529.0,874.8,2492.0,973.7,1929.2,1541.7,3953.7,6739.6,5460.3,1348.2,1016.0
2026-10-06 05:00:00,827.7,134.1,1045.4,743.7,734.6,483.4,3.3,57.3,388.7,17.0,86.8,1798.7,4549.8,1617.8,1162.8,1008.6,0.0,114.4,893.1,1351.6,479.2,768.2,5922.6,5427.7,2558.0,1816.7,4315.2,5336.5,2308.3,2879.9,1747.8,1538.0,885.3,2573.4,980.4,1950.5,1553.7,3978.1,6851.2,5448.9,1384.1,985.6
2026-10-06 05:15:00,854.7,133.8,1107.3,749.9,762.2,482.6,1.4,57.3,393.2,17.0,88.9,1822.5,4398.8,1559.1,1106.4,1008.6,0.0,84.2,887.5,1342.4,463.0,921.2,5864.7,5550.0,2597.9,1823.1,4329.5,5395.4,2316.4,2881.5,1754.6,1536.6,891.5,2571.8,987.2,1953.7,1572.4,3983.6,6950.8,5443.2,1410.5,976.2
2026-10-06 05:30:00,875.3,178.4,1157.3,775.4,787.3,480.8,1.0,57.4,402.5,21.0,90.1,1831.8,4212.1,1513.8,1067.6,1013.2,0.0,84.2,893.9,1330.1,464.2,906.4,5811.7,5693.6,2637.6,1816.7,4350.5,5481.2,2323.5,2886.6,1756.2,1535.1,902.2,2564.6,997.2,1959.8,1603.9,3981.1,7078.5,5429.4,1449.7,964.0
2026-10-06 05:45:00,894.7,222.1,1203.9,783.5,813.1,482.0,1.4,57.4,415.7,32.0,94.7,1832.6,4110.1,1435.1,1003.1,1048.9,27.6,69.5,887.1,1356.6,434.3,905.0,5875.8,5916.4,2688.0,1822.0,4366.6,5560.0,2336.6,2880.5,1761.0,1534.1,913.6,2569.8,1008.7,1941.7,1643.5,3981.5,7220.0,5425.1,1494.6,954.4
2026-10-06 06:00:00,926.0,247.1,1255.5,898.7,842.2,587.8,5.1,26.3,434.3,25.4,91.0,1810.0,4642.3,1440.3,1052.3,1070.9,154.3,0.3,987.7,1421.4,461.6,902.0,5965.0,6084.8,2881.2,1834.4,4361.8,5865.8,2392.0,2867.9,1746.0,1663.9,935.7,2530.6,1034.1,2039.2,1722.4,4669.5,7627.5,4624.2,1621.9,973.6
2026-10-06 06:15:00,945.0,256.3,1282.5,897.1,869.3,589.5,4.2,26.3,448.2,38.0,99.2,1796.2,4153.1,1448.7,1120.4,1159.7,155.8,0.5,1004.8,1402.6,460.7,857.4,5934.9,6138.6,2961.5,1858.7,4393.4,5942.2,2410.4,2860.7,1752.1,1675.9,956.7,2578.5,1046.5,2040.0,1766.5,4733.5,7839.5,4849.6,1692.4,975.8
2026-10-06 06:30:00,960.5,258.0,1264.6,910.1,890.1,593.2,3.3,26.3,466.7,30.3,109.7,1778.4,4290.1,2183.6,1109.2,1140.0,155.1,0.4,1027.3,1381.8,477.5,837.0,6147.8,6384.0,3040.0,1856.6,4438.0,6048.6,2431.6,2865.4,1759.9,1674.1,981.5,2632.0,1057.5,2039.2,1803.5,4788.5,7966.2,5014.4,1749.7,961.0
2026-10-06 06:45:00,975.5,291.5,1286.6,965.9,911.8,596.4,4.1,31.5,494.9,35.2,122.4,1781.7,3556.0,1778.1,1144.5,1142.6,135.3,25.3,1041.5,1428.5,497.5,816.6,6145.4,6388.7,3117.4,1863.2,4476.8,6141.6,2462.6,2866.6,1765.8,1672.9,997.1,2682.6,1064.5,2026.1,1818.8,4815.3,8127.1,5223.4,1800.1,956.1
2026-10-06 07:00:00,981.4,292.8,1322.2,986.9,925.9,641.9,2.2,30.5,527.0,17.3,149.9,1834.7,3842.4,1850.7,1209.8,1154.7,141.9,15.7,1162.0,1431.7,528.8,800.9,6079.0,6307.2,3321.1,1809.3,4629.0,6107.3,2526.6,2893.8,1766.4,1667.4,1019.9,3006.1,1080.1,2108.9,1729.5,5461.2,8467.2,4854.6,1904.6,960.6
2026-10-06 07:15:00,995.9,309.1,1333.8,1006.6,946.0,643.9,3.1,31.6,549.0,24.9,137.6,1836.2,3817.2,1873.9,1257.1,1208.7,127.8,46.6,1155.6,1433.9,514.4,780.1,6098.6,6349.1,3378.1,1814.4,4658.4,6084.8,2551.3,2891.5,1774.2,1665.3,1038.3,3052.0,1078.8,2110.1,1728.3,5466.7,8534.7,4933.5,1928.4,985.3
2026-10-06 07:30:00,999.1,325.2,1330.5,1071.8,956.7,647.5,2.2,33.1,563.9,24.7,157.2,1838.8,3793.1,1966.4,1310.2,1205.4,169.2,15.0,1176.6,1432.1,511.7,764.1,6107.3,6252.1,3415.3,1812.5,4668.2,6249.9,2564.0,2895.2,1781.2,1663.1,1050.6,3080.0,1081.6,2147.9,1729.5,5454.0,8585.1,5026.8,1942.0,986.9
2026-10-06 07:45:00,993.3,387.5,1318.8,1039.8,962.8,653.5,2.2,32.6,583.4,24.0,156.2,1848.9,3755.1,1963.5,1343.4,1228.7,170.3,15.0,1196.0,1411.2,511.6,740.3,5898.3,6038.3,3453.2,1848.7,4629.0,6258.2,2585.7,2895.9,1794.0,1661.5,1055.4,3094.8,1083.5,2199.3,1739.4,5622.0,8649.2,4630.2,1964.0,976.4
2026-10-06 08:00:00,976.0,477.0,1299.3,1277.4,965.6,565.9,7.0,53.5,584.9,111.8,201.6,1804.6,4174.4,2026.1,1569.0,1417.7,25.5,81.4,1191.2,1484.2,514.2,743.1,5959.7,5825.1,3508.6,1836.9,4628.0,6287.6,2617.2,2860.7,1857.7,1933.3,1070.6,3197.9,1064.6,2239.4,1951.2,4645.7,8547.4,5775.9,1974.3,943.6
2026-10-06 08:15:00,977.3,476.3,1267.7,1471.2,968.1,635.3,4.8,54.4,590.8,87.0,205.1,1777.0,4414.1,2016.8,1590.0,1316.7,26.4,80.3,1189.5,1435.4,512.9,676.3,5923.6,6055.0,3519.2,1843.1,4628.8,6254.6,2627.8,2890.0,1906.2,1728.3,1072.8,3229.8,1073.5,2241.1,1960.0,4639.5,8595.0,5629.2,1990.5,902.7
2026-10-06 08:30:00,1002.5,476.5,1241.9,1434.6,961.4,658.7,4.1,52.4,610.5,37.2,210.7,1794.6,4474.0,2047.5,1585.8,1292.3,35.8,78.1,1185.8,1454.1,510.4,656.6,5915.0,6058.3,3520.0,1836.2,4627.2,6240.2,2629.9,2891.7,1908.5,1733.2,1081.8,3264.1,1074.3,2242.8,1960.5,4549.9,8568.1,5670.3,1988.8,900.8
2026-10-06 08:45:00,1018.5,489.6,1190.0,1430.3,955.0,681.9,4.1,58.5,604.8,29.4,212.5,1785.5,4709.4,1839.7,1559.9,1205.7,57.8,96.9,1225.7,1320.7,520.7,589.1,6110.5,6149.9,3513.9,1842.0,4627.6,6215.5,2637.9,2888.8,1911.7,1738.9,1090.0,3296.4,1081.0,2249.7,1954.0,4534.5,8530.0,5574.6,1974.6,895.3
2026-10-06 09:00:00,1000.6,506.9,1148.2,1320.1,946.3,681.5,13.3,81.8,574.6,116.3,188.1,1822.8,4921.9,2197.6,1502.6,1310.9,119.4,97.6,1419.4,1390.7,525.4,587.9,5993.6,6183.5,3512.7,1883.9,4807.6,6297.6,2619.3,2932.3,1915.1,1699.5,1090.8,3275.8,1082.8,2253.2,1943.6,4463.9,8374.0,5594.0,1913.9,929.1
2026-10-06 09:15:00,948.9,524.3,1107.1,1216.3,940.7,671.4,12.4,82.8,555.2,37.7,194.4,1799.2,5291.5,1649.4,1453.4,1233.8,61.5,129.3,1410.4,1363.7,521.6,526.2,5981.6,6183.9,3491.8,1871.9,4798.1,6282.4,2623.9,2927.8,1916.1,1698.1,1088.4,3281.8,1081.8,2232.3,1935.6,4516.8,8313.1,5555.0,1886.7,933.1
2026-10-06 09:30:00,980.6,555.9,1069.4,1076.1,930.7,690.4,12.5,83.8,539.4,32.3,194.7,1821.0,5560.3,1646.8,1454.4,1278.7,35.0,184.8,1414.9,1290.9,519.2,490.3,5975.8,6187.6,3479.9,1862.1,4788.1,6273.4,2618.7,2928.5,1915.3,1706.1,1088.3,3281.2,1082.7,2217.8,1925.2,4519.7,8271.3,5548.5,1862.6,941.5
2026-10-06 09:45:00,964.9,578.6,1028.9,1036.2,927.9,666.5,12.3,87.5,503.1,17.7,201.3,1819.2,5627.7,1680.9,1404.8,1264.3,36.4,186.6,1422.1,1243.0,559.5,455.7,5960.0,6192.1,3461.3,1831.6,4772.2,6131.9,2621.5,2927.9,1916.0,1714.8,1076.8,3272.7,1088.0,2212.9,1927.8,4525.7,8331.3,5573.5,1842.5,929.7
2026-10-06 10:00:00,922.9,608.7,992.3,1280.8,915.0,690.4,56.3,58.9,468.6,49.8,186.5,1925.8,5451.1,1726.5,1401.7,1335.5,163.4,94.1,1411.6,1299.5,547.8,475.9,5927.1,6223.4,3418.1,1876.3,4817.4,6165.1,2624.5,2941.4,1912.3,1761.8,1083.3,3280.8,1080.9,2204.4,1773.1,4509.8,8138.8,5160.7,1804.9,950.9
2026-10-06 10:15:00,892.2,623.8,974.2,1251.1,902.5,712.0,56.7,53.3,429.7,25.7,184.5,1912.3,5655.4,1668.4,1348.4,1350.7,164.4,30.0,1400.8,1279.1,541.2,434.2,5916.6,6242.0,3406.8,1863.0,4802.5,6155.2,2624.8,2939.9,1918.0,1766.9,1074.6,3272.9,1077.6,2211.1,1771.3,4523.8,8090.7,5033.7,1777.9,955.4
2026-10-06 10:30:00,884.7,644.7,954.2,1126.2,893.9,737.0,57.7,54.0,394.4,34.6,180.6,1977.2,5691.3,1674.0,1371.5,1306.0,150.4,40.2,1391.1,1304.0,533.7,419.7,5906.0,6247.8,3389.5,1850.1,4785.2,6132.5,2620.9,2939.5,1908.8,1770.3,1071.5,3270.5,1071.0,2222.0,1767.5,4538.8,8004.6,5023.3,1752.5,950.0
2026-10-06 10:45:00,871.4,665.2,923.8,1095.1,885.5,695.9,59.2,58.8,352.2,36.8,185.9,2038.7,5804.4,1589.1,1431.9,1282.2,162.5,30.0,1392.0,1278.4,550.0,403.3,5902.7,6254.6,3377.1,1855.1,4823.0,6042.0,2622.6,2939.4,1905.7,1770.1,1067.2,3265.3,1064.6,2239.7,1758.9,4457.9,7951.2,5045.2,1725.1,927.2
2026-10-06 11:00:00,862.3,687.2,1027.9,1181.5,907.3,746.1,5.2,50.4,315.9,33.6,199.8,2033.5,6022.6,1791.1,1438.9,1302.1,20.9,151.6,1404.1,1289.7,529.7,396.2,5941.9,6346.5,3354.1,1789.7,4802.6,5963.5,2618.7,2940.3,1938.2,1760.6,1076.5,3141.3,1060.1,2175.0,1899.0,4446.4,7876.6,5104.5,1722.3,950.9
2026-10-06 11:15:00,857.0,707.2,1014.6,1213.7,918.2,706.1,5.2,50.4,285.8,39.3,198.1,2067.1,6155.9,1859.8,1385.6,1371.2,20.9,156.9,1425.2,1268.2,526.5,362.0,5930.1,6357.2,3336.6,1604.5,4843.5,5447.3,2615.5,2941.1,1893.6,1774.3,1062.9,3138.6,1055.8,2122.9,1891.0,4389.8,7837.9,5040.9,1697.7,928.3
2026-10-06 11:30:00,848.3,762.2,1011.8,1167.7,924.8,717.5,7.6,50.0,269.6,32.1,204.3,2079.4,6729.7,1852.7,1350.9,1415.2,20.9,150.8,1415.4,1255.8,536.8,267.1,5922.3,6370.7,3325.2,1521.2,4826.4,5038.8,2611.4,2941.2,1894.0,1784.4,1086.8,3172.8,1051.9,2145.8,1885.9,4251.2,7806.5,5044.7,1675.2,923.7
2026-10-06 11:45:00,846.1,807.5,1007.9,1169.5,933.4,725.0,23.3,50.8,247.2,47.3,204.3,2092.1,6971.3,1867.7,1376.2,1432.9,11.8,158.1,1413.6,1233.1,548.0,263.3,5916.7,6380.9,3308.0,1519.1,4809.7,4800.5,2612.3,2942.6,1897.9,1789.9,1080.2,3148.0,1049.1,2081.0,1880.6,4197.9,7801.1,4992.4,1660.0,919.6
2026-10-06 12:00:00,851.6,824.9,1008.0,1233.7,983.6,552.3,7.7,61.6,259.6,45.5,187.7,2123.2,6923.8,2001.3,1263.8,1336.5,28.3,154.8,1416.9,1197.6,527.1,306.7,5852.7,6338.3,3288.3,1595.6,4579.8,4314.7,2597.5,2951.9,1891.3,1775.9,1086.8,3188.9,1046.1,2321.4,1880.9,4014.2,7861.4,5099.9,1578.4,907.6
2026-10-06 12:15:00,847.5,827.6,1003.5,1216.4,987.5,554.5,16.6,52.9,227.5,51.7,187.4,2140.4,8183.5,2009.7,1283.5,1344.7,21.3,165.6,1425.7,1188.2,526.9,291.4,5861.6,6348.0,3271.6,1601.0,4568.6,4365.4,2598.8,2953.8,1892.7,1775.5,1072.4,3175.7,1045.8,2321.4,1879.4,4013.6,7868.0,5108.8,1562.9,901.1
2026-10-06 12:30:00,837.3,765.0,1000.4,1232.2,989.0,556.3,23.4,61.6,214.0,65.1,208.1,2159.9,8033.1,2025.8,1285.3,1365.5,20.3,162.9,1429.6,1173.9,529.1,287.0,5845.9,6399.3,3263.9,1593.7,4569.4,4267.5,2595.5,2953.8,1892.5,1784.8,1067.1,3161.7,1046.1,2311.5,1881.4,4025.8,7899.4,5102.2,1558.5,892.6
2026-10-06 12:45:00,833.3,735.3,992.3,1239.4,990.8,557.4,23.4,61.4,208.6,56.2,234.6,2163.8,8064.2,2034.9,1304.2,1353.5,21.3,162.9,1430.9,1180.3,536.3,303.5,5834.9,6401.3,3254.0,1600.0,4560.8,4236.9,2595.1,2954.0,1899.6,1786.8,1063.9,3162.1,1049.3,2319.0,1886.7,4047.4,7914.5,5101.4,1555.9,888.4
2026-10-06 13:00:00,823.6,717.7,984.2,1193.3,953.0,562.8,23.4,54.9,219.4,56.1,212.4,2183.8,7973.9,1926.0,1330.0,1348.3,136.5,66.9,1547.1,1063.9,525.7,292.4,5822.7,6425.3,3213.6,1519.1,4687.1,4222.6,2591.9,2889.4,1894.8,1787.2,1049.4,3123.9,1046.1,2318.9,1743.4,3930.3,7819.6,5020.0,1560.2,874.5
2026-10-06 13:15:00,824.9,719.0,981.7,1166.3,949.2,575.4,23.2,54.1,212.7,56.2,203.7,2183.8,8008.3,1912.3,1345.4,1313.9,136.5,67.4,1541.0,1053.8,515.8,284.0,5829.5,6421.5,3210.4,1506.2,4690.7,4143.1,2593.2,2888.5,1894.8,1799.2,1048.8,3122.3,1050.1,2327.1,1747.7,3932.3,7888.5,5075.4,1564.9,891.5
2026-10-06 13:30:00,828.4,721.3,985.7,1141.8,945.2,573.1,23.2,53.7,213.4,58.9,197.5,2185.0,8191.7,1892.0,1337.5,1324.2,148.7,67.9,1545.1,1047.9,518.4,272.4,5844.4,6432.0,3202.3,1499.9,4693.0,4091.3,2590.7,2886.8,1894.7,1811.2,1052.4,3117.7,1049.5,2330.4,1748.1,3909.1,7802.4,5036.2,1568.9,873.7
2026-10-06 13:45:00,829.1,716.4,998.7,1136.3,940.8,616.7,7.0,53.2,216.1,61.1,193.0,2188.6,8193.8,1862.8,1332.1,1324.6,157.9,43.3,1549.1,1045.3,528.2,268.7,5853.7,6427.2,3201.3,1505.9,4684.0,4112.6,2593.4,2888.9,1895.1,1817.4,1044.8,3127.9,1046.2,2339.5,1745.1,3869.0,7797.7,5036.3,1572.4,875.6
2026-10-06 14:00:00,836.6,702.7,911.1,1148.4,942.3,565.6,23.0,57.9,206.8,69.9,183.2,2178.0,7804.2,1806.6,1286.8,1350.2,133.7,53.7,1517.1,1122.7,535.9,258.2,5860.4,6552.2,3202.2,1587.2,4561.8,4244.9,2586.6,2864.0,1908.2,1818.5,1053.4,3023.5,1040.8,2076.4,1746.8,4119.3,7669.9,4930.0,1591.0,845.2
2026-10-06 14:15:00,838.0,695.7,926.2,1147.6,917.6,557.2,6.9,57.3,213.7,73.5,179.9,2171.5,7598.8,1777.4,1305.8,1361.8,154.5,40.9,1510.0,1124.5,523.6,232.9,5693.8,6381.8,3205.5,1591.8,4565.0,4396.0,2587.8,2864.5,1911.1,1816.7,1050.2,3023.3,1039.2,2078.0,1742.3,4122.6,7639.0,4902.0,1602.6,859.4
2026-10-06 14:30:00,846.9,671.8,922.5,1109.1,895.6,617.8,5.5,58.0,227.0,71.8,161.2,2158.4,7620.5,1750.0,1213.9,1348.6,154.5,46.4,1498.1,1100.7,525.6,219.2,5700.2,6385.1,3207.3,1582.8,4563.6,4627.8,2587.4,2864.6,1909.0,1825.1,1056.3,3044.5,1038.6,2078.2,1737.5,4112.2,7649.1,4911.3,1622.1,863.3
2026-10-06 14:45:00,858.4,656.1,930.2,1202.4,895.9,593.6,3.8,56.3,235.2,72.0,157.6,2137.7,7419.8,1768.7,1201.8,1332.0,133.7,38.9,1503.9,1098.1,532.2,222.9,5704.6,6370.7,3210.9,1612.5,4567.9,5124.1,2591.4,2866.3,1909.7,1823.7,1034.7,3033.7,1038.8,2080.2,1733.2,4173.8,7668.2,4883.4,1635.2,850.7
2026-10-06 15:00:00,862.2,646.0,937.8,1320.1,877.4,588.3,3.9,68.4,257.7,76.4,155.3,2070.7,7566.5,1619.0,1317.0,1316.3,174.7,38.6,1251.9,1120.0,533.9,275.3,5803.9,6391.0,3222.4,1641.8,4403.9,5081.0,2593.5,2867.9,1930.1,1850.3,1059.5,3079.3,1041.7,2190.1,1741.2,4173.6,7802.5,4877.9,1662.7,841.6
2026-10-06 15:15:00,869.2,609.6,975.0,1380.8,881.3,592.1,2.1,69.1,278.3,78.8,151.7,2057.0,7383.5,1650.9,1191.0,1315.4,160.1,37.3,1234.0,1097.0,516.2,261.7,5818.4,6381.2,3224.8,1650.2,4399.5,5670.1,2594.7,2871.0,1932.6,1848.0,1038.3,3068.4,1044.4,2190.6,1742.1,4259.8,7798.3,4847.7,1689.0,828.3
2026-10-06 15:30:00,878.6,591.6,1016.1,1404.3,867.5,594.3,1.3,62.3,281.5,62.4,137.7,2016.2,6448.0,1566.8,1070.7,1263.6,180.3,36.2,1237.5,1063.9,523.9,244.7,5827.1,6535.9,3239.9,1647.5,4416.7,5927.4,2592.9,2868.3,1935.9,1862.3,1053.4,3071.5,1045.1,2190.3,1746.0,4198.7,7836.7,4858.6,1715.1,813.9
2026-10-06 15:45:00,892.2,536.1,1036.5,1408.3,857.9,571.7,1.1,73.3,275.7,82.7,132.0,2008.4,5838.4,1498.9,987.2,1240.4,185.8,35.3,1244.7,1078.2,532.6,274.6,5854.2,6523.6,3257.1,1653.7,4342.4,5891.1,2597.8,2853.2,1925.5,1930.4,1052.0,3059.2,1046.9,2192.1,1751.4,4271.2,7827.0,4845.6,1738.7,802.5
2026-10-06 16:00:00,920.1,506.0,1078.9,1398.5,845.0,717.2,53.2,62.8,282.6,77.6,154.0,1945.9,6254.8,1514.2,1215.2,1478.5,154.3,17.7,1177.9,1075.6,557.9,252.4,5939.1,6638.1,3293.0,1870.9,4681.1,6059.5,2618.9,2810.2,1886.9,2052.9,1061.0,3042.9,1055.5,2147.9,1904.0,4271.8,7930.0,4891.0,1766.0,787.7
2026-10-06 16:15:00,1006.6,470.6,1123.3,1437.5,841.4,697.1,35.9,59.7,294.3,80.8,152.8,1925.3,5779.2,1514.6,1240.3,1440.0,219.6,15.5,1171.1,1061.7,539.8,247.2,5888.4,6155.1,3315.0,1878.4,4706.7,6222.4,2621.0,2782.1,1862.6,2151.4,1071.8,3055.4,1059.4,2057.3,1740.1,4649.3,7952.5,4916.5,1800.9,774.4
2026-10-06 16:30:00,1022.7,486.7,1163.5,1409.2,847.7,661.3,32.9,67.9,307.4,68.8,165.4,1880.0,5469.6,1550.0,1326.1,1411.0,221.1,15.3,1188.6,1045.6,550.3,250.6,5986.6,6212.9,3327.1,1920.0,4728.8,6471.1,2618.2,2779.3,1849.6,2378.2,1086.6,3118.9,1076.6,2033.6,1755.4,4570.3,8051.7,4884.6,1837.1,760.9
2026-10-06 16:45:00,1032.4,493.4,1210.7,1404.8,856.4,612.8,32.9,72.6,319.1,55.9,177.8,1862.3,4956.5,1769.8,1407.0,1403.2,179.4,33.7,1200.1,1138.4,548.8,279.2,6001.9,6208.1,3339.7,1945.1,4738.7,6702.6,2619.7,2777.7,1851.9,2432.8,1075.6,3194.2,1080.9,2032.2,1757.3,4577.9,8154.4,4839.3,1875.8,745.7
2026-10-06 17:00:00,1054.4,508.4,1256.9,1367.8,869.5,675.3,42.5,59.4,330.0,34.8,216.0,1819.5,5985.7,1487.7,1541.2,1380.4,219.8,35.1,1308.2,1093.6,596.4,252.1,6142.1,6239.9,3357.8,1866.9,4803.7,6797.9,2621.0,2720.4,1853.9,2460.5,1095.6,3263.2,1085.7,2068.6,1774.0,4662.7,8354.0,4881.7,1952.9,766.2
2026-10-06 17:15:00,1063.1,517.1,1292.9,1350.2,876.2,662.4,38.0,53.5,355.0,40.4,208.2,1804.3,5133.0,1333.7,1687.5,1370.9,207.6,35.1,1298.9,1200.7,596.6,256.4,6158.9,6236.6,3369.2,1951.4,4820.6,7149.1,2620.8,2723.4,1851.2,2571.0,1094.6,3397.2,1092.9,2067.1,1782.1,4528.4,8432.2,4860.6,1982.6,754.8
2026-10-06 17:30:00,982.3,436.3,1329.3,1328.8,885.4,645.6,39.1,47.9,391.4,31.3,217.4,1784.0,4210.4,1191.0,1767.2,1360.1,225.0,35.1,1297.4,1204.6,608.7,256.7,6185.1,6352.8,3376.4,1941.1,4836.4,7354.8,2615.5,2718.6,1851.5,2580.9,1094.3,3476.8,1081.8,2182.2,1956.7,4304.6,8512.9,4845.1,2017.2,744.8
2026-10-06 17:45:00,1006.5,460.5,1358.5,1365.8,893.0,677.6,39.4,47.5,418.8,39.1,221.0,1828.9,4358.1,1179.3,1850.2,1450.9,154.4,35.1,1305.0,1272.2,613.8,316.7,6224.9,6574.8,3397.3,1949.0,4851.0,7406.1,2616.8,2712.4,1852.2,2575.3,1095.4,3501.8,1081.8,2181.5,1960.8,3935.9,8599.4,4895.6,2045.2,733.3
2026-10-06 18:00:00,1020.0,468.0,1384.4,1468.6,899.3,931.9,21.0,36.4,457.9,40.8,296.1,1839.1,4589.3,1068.1,1936.6,1425.2,214.4,35.1,1308.8,1278.2,648.0,333.5,6535.1,6725.4,3408.3,1941.1,4795.7,7521.9,2618.1,2695.8,1815.4,2513.4,1100.1,3527.8,1081.2,2545.3,1970.4,3510.9,8704.4,5040.7,2076.1,720.7
2026-10-06 18:15:00,1025.9,472.9,1398.4,1441.5,906.9,926.4,19.7,38.7,472.8,56.9,299.8,1814.7,4547.0,1197.0,1956.7,1455.4,212.9,35.1,1287.0,1296.6,627.4,331.2,6560.5,7166.1,3425.4,1948.4,4807.9,7579.9,2622.6,2689.4,1813.0,2330.1,1100.2,3585.5,1082.3,2547.1,1973.7,3203.3,8712.0,5113.3,2081.2,715.5
2026-10-06 18:30:00,1026.4,474.4,1430.3,1616.7,911.9,936.6,19.7,57.8,478.1,132.4,322.1,1823.7,4399.2,1379.2,1941.2,1571.7,186.8,35.1,1290.5,1376.5,619.8,357.0,6583.9,6825.2,3445.8,1942.2,4827.3,7563.9,2619.5,2686.4,1811.9,2546.1,1103.3,3529.0,1083.6,2546.5,1972.1,3505.4,8761.8,5028.3,2102.7,718.0
2026-10-06 18:45:00,1023.3,476.3,1429.1,1575.3,910.9,939.5,19.7,57.8,477.4,129.4,320.7,1855.3,4402.9,1344.4,1953.7,1570.4,156.0,35.0,1279.1,1374.1,622.4,377.3,6591.6,7170.8,3462.6,1948.6,4839.3,7615.3,2624.2,2678.0,1816.1,2446.5,1101.5,3571.0,1082.2,2546.5,1981.6,3253.3,8780.0,5082.2,2107.7,710.1
2026-10-06 19:00:00,1022.9,519.9,1426.7,1677.8,910.3,876.3,18.6,34.0,496.2,129.5,343.4,1871.5,4439.1,1357.4,1993.6,1558.8,224.9,35.2,1254.9,1392.3,605.4,389.3,6532.7,6626.4,3504.5,1920.8,4875.0,7539.3,2622.5,2663.2,1830.0,3002.0,1116.2,3509.0,1085.5,2257.5,1979.2,3725.5,8786.2,5200.0,2139.4,746.5
2026-10-06 19:15:00,1018.4,518.4,1411.3,1670.0,904.3,884.3,18.6,34.0,495.8,131.4,342.6,1880.9,4417.0,1244.3,1977.9,1578.2,224.9,35.2,1256.1,1374.2,602.1,376.3,6514.4,6657.0,3512.8,1927.0,4897.0,7564.1,2626.6,2656.0,1830.5,2996.1,1120.2,3522.2,1088.3,2257.9,1982.7,3627.1,8804.1,5206.9,2148.8,739.1
2026-10-06 19:30:00,1014.6,506.6,1392.8,1652.0,895.5,883.5,18.6,35.6,492.4,132.6,348.6,1910.3,4408.6,1320.7,1935.2,1556.9,215.4,35.2,1254.2,1372.8,598.0,374.1,6486.3,6667.0,3514.9,1920.9,4911.1,7601.7,2624.4,2648.5,1832.1,2972.9,1122.5,3542.9,1086.1,2292.2,1982.7,3468.8,8788.4,5174.8,2155.2,733.6
2026-10-06 19:45:00,1004.4,498.4,1367.3,1636.2,883.7,869.7,18.6,36.7,490.9,130.2,348.1,1894.7,4452.2,1504.5,1927.6,1529.0,255.9,35.1,1252.8,1359.2,603.8,340.5,6449.6,6624.3,3517.4,1926.1,4909.6,7582.2,2628.5,2645.0,1829.9,3004.1,1122.0,3529.3,1084.8,2259.0,1979.3,3761.9,8748.2,5124.2,2143.9,728.2
2026-10-06 20:00:00,990.6,462.6,1328.7,1624.1,864.9,830.0,27.2,90.2,471.2,121.5,239.6,1945.5,4110.1,1436.2,1719.6,1498.7,211.5,45.1,1279.0,1244.8,589.8,335.4,6354.6,6550.7,3506.4,1961.9,5022.7,7562.3,2636.1,2615.8,1826.8,2999.7,1128.1,3584.7,1072.0,2266.7,1961.3,3712.7,8615.8,4978.1,2118.1,679.5
2026-10-06 20:15:00,980.7,451.7,1299.4,1609.9,854.0,819.1,27.7,77.4,481.0,25.9,232.7,1926.1,4213.8,1312.8,1713.2,1379.6,240.4,45.0,1272.8,1206.0,588.5,299.2,6308.4,6532.3,3492.7,1967.8,5017.0,7544.6,2633.4,2612.4,1826.1,2986.7,1125.9,3580.4,1070.0,2267.7,1951.3,3820.8,8550.5,4847.9,2093.5,674.1
2026-10-06 20:30:00,967.1,439.1,1264.3,1398.2,838.0,817.1,27.7,71.9,473.9,26.0,210.9,1912.3,4245.7,1241.0,1694.4,1335.3,221.8,45.0,1282.2,1200.5,584.2,301.2,6260.3,6718.3,3491.4,1959.7,5021.4,7628.0,2627.4,2606.6,1828.4,2883.6,1122.2,3636.0,1067.0,2268.8,1943.3,3287.2,8476.9,4907.4,2073.5,671.1
2026-10-06 20:45:00,953.8,425.8,1226.8,1365.1,826.4,819.1,27.7,70.5,467.6,25.9,205.3,1910.8,4237.4,1149.2,1666.5,1318.4,223.0,45.0,1285.8,1185.1,589.7,289.9,6209.4,6396.3,3474.0,1965.6,5022.8,7554.2,2623.1,2606.5,1823.6,2979.9,1119.2,3581.5,1063.6,2269.8,1932.4,3827.0,8396.2,4872.7,2047.1,667.8
2026-10-06 21:00:00,935.5,404.5,1173.7,1052.5,810.8,724.7,27.5,62.8,460.5,35.1,208.3,1826.2,4034.3,1028.8,1599.4,1327.0,156.7,45.1,1183.9,1122.1,589.5,356.3,6160.3,6541.4,3423.1,1943.8,4979.7,7639.8,2619.6,2572.7,1810.4,2872.2,1109.0,3678.9,1061.4,2245.6,1827.7,3269.9,8278.6,4781.8,1979.6,660.7
2026-10-06 21:15:00,917.8,383.8,1139.8,1046.6,795.2,702.5,27.6,57.2,453.1,29.0,202.7,1832.1,4013.2,1020.0,1580.2,1302.9,206.7,45.0,1177.1,1085.6,580.0,349.7,6181.3,6328.6,3404.9,1948.6,4969.4,7552.7,2612.8,2570.8,1808.3,2967.3,1098.2,3614.8,1054.9,2243.2,1813.1,3855.9,8186.5,4748.1,1955.2,653.8
2026-10-06 21:30:00,898.1,365.1,1100.0,1025.0,777.0,702.9,27.0,56.7,444.7,39.5,189.3,1845.1,4004.4,1036.3,1606.1,1306.4,189.9,45.1,1169.5,1095.9,565.2,342.5,6160.6,6317.3,3386.8,1940.4,4962.6,7535.8,2605.4,2568.0,1807.8,2975.0,1094.5,3601.1,1046.7,2222.4,1800.7,3922.2,8097.0,4588.5,1942.8,649.3
2026-10-06 21:45:00,876.6,347.6,1063.3,1017.5,759.9,702.7,29.4,57.1,436.1,28.5,183.9,1842.7,4170.6,1040.7,1582.4,1275.3,235.0,45.0,1191.8,1074.9,572.8,323.8,6137.7,5967.3,3363.1,1945.3,4949.2,7444.6,2599.8,2571.4,1805.4,2971.6,1083.8,3550.2,1051.6,2107.1,1786.4,4360.3,8016.3,4563.2,1919.4,643.9
2026-10-06 22:00:00,852.3,321.3,1024.8,997.6,740.3,542.9,12.0,47.4,399.1,29.8,111.0,1796.6,3903.3,1073.1,1488.0,1316.7,202.2,0.0,1086.8,1032.9,509.0,394.4,6039.5,5891.3,3312.9,1975.8,4902.7,7263.0,2586.0,2521.4,1770.1,2910.3,1082.4,3555.5,1032.5,2065.4,1772.5,4406.0,7894.3,4493.3,1898.0,625.6
2026-10-06 22:15:00,855.3,312.3,996.4,993.2,723.2,543.2,14.7,46.4,397.3,29.8,105.6,1810.5,4004.8,1075.8,1460.3,1334.1,214.0,0.0,1079.2,1083.3,497.6,398.9,6004.8,5859.6,3279.3,1969.1,4880.6,7155.5,2579.1,2521.5,1763.9,2900.7,1088.8,3525.8,1028.4,2064.7,1758.4,4396.0,7804.9,4454.6,1867.2,617.8
2026-10-06 22:30:00,861.2,317.2,973.3,978.5,704.5,542.5,14.7,48.8,390.7,33.9,95.5,1818.7,4815.0,1108.3,1468.7,1364.7,195.5,0.2,1070.8,1094.9,493.3,420.3,5963.2,5798.4,3252.2,1910.1,4861.9,7090.6,2567.7,2517.3,1761.7,2885.6,1078.9,3489.4,1021.5,2063.9,1746.5,4387.8,7721.0,4445.3,1847.1,613.5
2026-10-06 22:45:00,845.5,301.5,957.2,965.9,687.3,539.8,15.3,48.5,384.9,33.5,94.0,1819.3,4932.1,1137.7,1434.4,1367.7,197.3,0.2,1084.1,1083.5,499.6,421.2,5938.2,5739.0,3226.0,1878.3,4836.4,7065.7,2560.7,2515.0,1758.7,2868.3,1066.6,3472.5,1016.7,2063.7,1735.6,4437.1,7727.8,4402.7,1823.0,606.4
2026-10-06 23:00:00,836.2,286.2,932.4,952.1,669.7,487.7,14.9,36.5,381.4,30.9,115.4,1831.6,4497.4,998.1,1348.3,1300.8,163.1,0.3,1038.2,892.7,472.7,446.0,5826.7,5576.1,3148.9,1954.1,4828.0,7048.6,2532.9,2520.2,1729.4,2870.5,1024.4,3346.6,1021.7,2058.3,1722.2,4385.1,7540.4,4334.2,1784.3,599.2
2026-10-06 23:15:00,829.3,279.3,921.0,911.8,655.5,486.9,14.8,31.3,371.6,32.2,108.9,1838.4,5061.6,1000.0,1306.8,1310.5,173.4,0.3,1032.5,898.4,471.1,449.6,5829.6,5582.1,3107.0,1958.6,4799.0,6986.2,2521.4,2521.1,1723.7,2858.9,1014.2,3321.6,1016.8,2058.6,1710.2,4370.4,7507.9,4290.2,1759.6,594.1
2026-10-06 23:30:00,827.0,279.0,907.4,915.4,641.0,482.4,14.8,28.7,367.7,37.3,111.7,1847.8,5125.5,1008.8,1295.9,1326.7,177.2,0.4,1030.4,887.7,470.1,460.8,5819.0,5581.6,3066.5,1945.4,4782.8,6927.1,2506.9,2518.9,1713.8,2831.5,1003.1,3290.3,1010.1,2058.2,1698.9,4351.5,7461.9,4260.1,1746.0,583.2
2026-10-06 23:45:00,825.4,278.4,896.6,907.3,629.2,483.1,14.7,38.7,423.1,40.3,104.9,1858.9,5340.6,1014.5,1294.7,1350.8,175.8,0.4,1029.3,884.7,478.9,456.5,5797.6,5584.1,3030.9,1877.2,4763.0,6864.2,2497.5,2526.4,1711.7,2800.0,995.3,3255.2,1003.3,2058.0,1687.1,4329.0,7393.6,4279.5,1721.5,572.4
